time,mode,soc,shadow_esh,thresholds,pre_peak
2026-01-01T12:00:00Z,GRID_PASS,100.0,0.0,"B1 logic. V: 1.000, SOC: 100.0%",0
2026-01-01T12:00:05Z,GRID_PASS,100.0,0.0,"B1 logic. V: 0.973, SOC: 100.0%",0
2026-01-01T12:00:10Z,GRID_PASS,100.0,0.0,"B1 logic. V: 0.973, SOC: 100.0%",0
2026-01-01T12:00:15Z,GRID_PASS,100.0,0.0,"B1 logic. V: 0.973, SOC: 100.0%",0
2026-01-01T12:00:20Z,GRID_PASS,100.0,0.0,"B1 logic. V: 0.973, SOC: 100.0%",0
2026-01-01T12:00:25Z,GRID_PASS,100.0,0.0,"B1 logic. V: 0.973, SOC: 100.0%",0
2026-01-01T12:00:30Z,GRID_PASS,100.0,0.0,"B1 logic. V: 0.973, SOC: 100.0%",0
2026-01-01T12:00:35Z,GRID_PASS,100.0,0.0,"B1 logic. V: 0.973, SOC: 100.0%",0
2026-01-01T12:00:40Z,GRID_PASS,100.0,0.0,"B1 logic. V: 0.973, SOC: 100.0%",0
2026-01-01T12:00:45Z,GRID_PASS,100.0,0.0,"B1 logic. V: 0.973, SOC: 100.0%",0
2026-01-01T12:00:50Z,GRID_PASS,100.0,0.0,"B1 logic. V: 0.973, SOC: 100.0%",0
2026-01-01T12:00:55Z,GRID_PASS,100.0,0.0,"B1 logic. V: 0.973, SOC: 100.0%",0
2026-01-01T12:01:00Z,GRID_PASS,100.0,0.0,"B1 logic. V: 0.973, SOC: 100.0%",0
2026-01-01T12:01:05Z,GRID_PASS,100.0,0.0,"B1 logic. V: 0.973, SOC: 100.0%",0
2026-01-01T12:01:10Z,GRID_PASS,100.0,0.0,"B1 logic. V: 0.973, SOC: 100.0%",0
2026-01-01T12:01:15Z,GRID_PASS,100.0,0.0,"B1 logic. V: 0.973, SOC: 100.0%",0
2026-01-01T12:01:20Z,GRID_PASS,100.0,0.0,"B1 logic. V: 0.973, SOC: 100.0%",0
2026-01-01T12:01:25Z,GRID_PASS,100.0,0.0,"B1 logic. V: 0.973, SOC: 100.0%",0
2026-01-01T12:01:30Z,GRID_PASS,100.0,0.0,"B1 logic. V: 0.973, SOC: 100.0%",0
2026-01-01T12:01:35Z,GRID_PASS,100.0,0.0,"B1 logic. V: 0.973, SOC: 100.0%",0
2026-01-01T12:01:40Z,GRID_PASS,100.0,0.0,"B1 logic. V: 0.973, SOC: 100.0%",0
2026-01-01T12:01:45Z,GRID_PASS,100.0,0.0,"B1 logic. V: 0.973, SOC: 100.0%",0
2026-01-01T12:01:50Z,GRID_PASS,100.0,0.0,"B1 logic. V: 0.973, SOC: 100.0%",0
2026-01-01T12:01:55Z,GRID_PASS,100.0,0.0,"B1 logic. V: 0.973, SOC: 100.0%",0
2026-01-01T12:02:00Z,GRID_PASS,100.0,0.0,"B1 logic. V: 0.973, SOC: 100.0%",0
2026-01-01T12:02:05Z,GRID_PASS,100.0,0.0,"B1 logic. V: 0.973, SOC: 100.0%",0
2026-01-01T12:02:10Z,GRID_PASS,100.0,0.0,"B1 logic. V: 0.973, SOC: 100.0%",0
2026-01-01T12:02:15Z,GRID_PASS,100.0,0.0,"B1 logic. V: 0.973, SOC: 100.0%",0
2026-01-01T12:02:20Z,GRID_PASS,100.0,0.0,"B1 logic. V: 0.973, SOC: 100.0%",0
2026-01-01T12:02:25Z,GRID_PASS,100.0,0.0,"B1 logic. V: 0.973, SOC: 100.0%",0
2026-01-01T12:02:30Z,GRID_PASS,100.0,0.0,"B1 logic. V: 0.973, SOC: 100.0%",0
2026-01-01T12:02:35Z,GRID_PASS,100.0,0.0,"B1 logic. V: 0.973, SOC: 100.0%",0
2026-01-01T12:02:40Z,GRID_PASS,100.0,0.0,"B1 logic. V: 0.973, SOC: 100.0%",0
2026-01-01T12:02:45Z,GRID_PASS,100.0,0.0,"B1 logic. V: 0.973, SOC: 100.0%",0
2026-01-01T12:02:50Z,GRID_PASS,100.0,0.0,"B1 logic. V: 0.973, SOC: 100.0%",0
2026-01-01T12:02:55Z,GRID_PASS,100.0,0.0,"B1 logic. V: 0.973, SOC: 100.0%",0
2026-01-01T12:03:00Z,GRID_PASS,100.0,0.0,"B1 logic. V: 0.973, SOC: 100.0%",0
2026-01-01T12:03:05Z,GRID_PASS,100.0,0.0,"B1 logic. V: 0.973, SOC: 100.0%",0
2026-01-01T12:03:10Z,GRID_PASS,100.0,0.0,"B1 logic. V: 0.973, SOC: 100.0%",0
2026-01-01T12:03:15Z,GRID_PASS,100.0,0.0,"B1 logic. V: 0.973, SOC: 100.0%",0
2026-01-01T12:03:20Z,GRID_PASS,100.0,0.0,"B1 logic. V: 0.973, SOC: 100.0%",0
2026-01-01T12:03:25Z,GRID_PASS,100.0,0.0,"B1 logic. V: 0.973, SOC: 100.0%",0
2026-01-01T12:03:30Z,GRID_PASS,100.0,0.0,"B1 logic. V: 0.973, SOC: 100.0%",0
2026-01-01T12:03:35Z,GRID_PASS,100.0,0.0,"B1 logic. V: 0.973, SOC: 100.0%",0
2026-01-01T12:03:40Z,GRID_PASS,100.0,0.0,"B1 logic. V: 0.973, SOC: 100.0%",0
2026-01-01T12:03:45Z,GRID_PASS,100.0,0.0,"B1 logic. V: 0.973, SOC: 100.0%",0
2026-01-01T12:03:50Z,GRID_PASS,100.0,0.0,"B1 logic. V: 0.973, SOC: 100.0%",0
2026-01-01T12:03:55Z,GRID_PASS,100.0,0.0,"B1 logic. V: 0.973, SOC: 100.0%",0
2026-01-01T12:04:00Z,GRID_PASS,100.0,0.0,"B1 logic. V: 0.973, SOC: 100.0%",0
2026-01-01T12:04:05Z,GRID_PASS,100.0,0.0,"B1 logic. V: 0.973, SOC: 100.0%",0
2026-01-01T12:04:10Z,GRID_PASS,100.0,0.0,"B1 logic. V: 0.973, SOC: 100.0%",0
2026-01-01T12:04:15Z,GRID_PASS,100.0,0.0,"B1 logic. V: 0.973, SOC: 100.0%",0
2026-01-01T12:04:20Z,GRID_PASS,100.0,0.0,"B1 logic. V: 0.973, SOC: 100.0%",0
2026-01-01T12:04:25Z,GRID_PASS,100.0,0.0,"B1 logic. V: 0.973, SOC: 100.0%",0
2026-01-01T12:04:30Z,GRID_PASS,100.0,0.0,"B1 logic. V: 0.973, SOC: 100.0%",0
2026-01-01T12:04:35Z,GRID_PASS,100.0,0.0,"B1 logic. V: 0.973, SOC: 100.0%",0
2026-01-01T12:04:40Z,GRID_PASS,100.0,0.0,"B1 logic. V: 0.973, SOC: 100.0%",0
2026-01-01T12:04:45Z,GRID_PASS,100.0,0.0,"B1 logic. V: 0.973, SOC: 100.0%",0
2026-01-01T12:04:50Z,GRID_PASS,100.0,0.0,"B1 logic. V: 0.973, SOC: 100.0%",0
2026-01-01T12:04:55Z,GRID_PASS,100.0,0.0,"B1 logic. V: 0.973, SOC: 100.0%",0
2026-01-01T12:05:00Z,GRID_PASS,100.0,0.0,"B1 logic. V: 0.973, SOC: 100.0%",0
2026-01-01T12:05:05Z,GRID_PASS,100.0,0.0,"B1 logic. V: 0.973, SOC: 100.0%",0
2026-01-01T12:05:10Z,GRID_PASS,100.0,0.0,"B1 logic. V: 0.973, SOC: 100.0%",0
2026-01-01T12:05:15Z,GRID_PASS,100.0,0.0,"B1 logic. V: 0.973, SOC: 100.0%",0
2026-01-01T12:05:20Z,GRID_PASS,100.0,0.0,"B1 logic. V: 0.973, SOC: 100.0%",0
2026-01-01T12:05:25Z,GRID_PASS,100.0,0.0,"B1 logic. V: 0.973, SOC: 100.0%",0
2026-01-01T12:05:30Z,GRID_PASS,100.0,0.0,"B1 logic. V: 0.973, SOC: 100.0%",0
2026-01-01T12:05:35Z,GRID_PASS,100.0,0.0,"B1 logic. V: 0.973, SOC: 100.0%",0
2026-01-01T12:05:40Z,GRID_PASS,100.0,0.0,"B1 logic. V: 0.973, SOC: 100.0%",0
2026-01-01T12:05:45Z,GRID_PASS,100.0,0.0,"B1 logic. V: 0.973, SOC: 100.0%",0
2026-01-01T12:05:50Z,GRID_PASS,100.0,0.0,"B1 logic. V: 0.973, SOC: 100.0%",0
2026-01-01T12:05:55Z,GRID_PASS,100.0,0.0,"B1 logic. V: 0.973, SOC: 100.0%",0
2026-01-01T12:06:00Z,GRID_PASS,100.0,0.0,"B1 logic. V: 0.973, SOC: 100.0%",0
2026-01-01T12:06:05Z,GRID_PASS,100.0,0.0,"B1 logic. V: 0.973, SOC: 100.0%",0
2026-01-01T12:06:10Z,GRID_PASS,100.0,0.0,"B1 logic. V: 0.973, SOC: 100.0%",0
2026-01-01T12:06:15Z,GRID_PASS,100.0,0.0,"B1 logic. V: 0.973, SOC: 100.0%",0
2026-01-01T12:06:20Z,GRID_PASS,100.0,0.0,"B1 logic. V: 0.973, SOC: 100.0%",0
2026-01-01T12:06:25Z,GRID_PASS,100.0,0.0,"B1 logic. V: 0.973, SOC: 100.0%",0
2026-01-01T12:06:30Z,GRID_PASS,100.0,0.0,"B1 logic. V: 0.973, SOC: 100.0%",0
2026-01-01T12:06:35Z,GRID_PASS,100.0,0.0,"B1 logic. V: 0.973, SOC: 100.0%",0
2026-01-01T12:06:40Z,GRID_PASS,100.0,0.0,"B1 logic. V: 0.973, SOC: 100.0%",0
2026-01-01T12:06:45Z,GRID_PASS,100.0,0.0,"B1 logic. V: 0.973, SOC: 100.0%",0
2026-01-01T12:06:50Z,GRID_PASS,100.0,0.0,"B1 logic. V: 0.973, SOC: 100.0%",0
2026-01-01T12:06:55Z,GRID_PASS,100.0,0.0,"B1 logic. V: 0.973, SOC: 100.0%",0
2026-01-01T12:07:00Z,GRID_PASS,100.0,0.0,"B1 logic. V: 0.973, SOC: 100.0%",0
2026-01-01T12:07:05Z,GRID_PASS,100.0,0.0,"B1 logic. V: 0.973, SOC: 100.0%",0
2026-01-01T12:07:10Z,GRID_PASS,100.0,0.0,"B1 logic. V: 0.973, SOC: 100.0%",0
2026-01-01T12:07:15Z,GRID_PASS,100.0,0.0,"B1 logic. V: 0.973, SOC: 100.0%",0
2026-01-01T12:07:20Z,GRID_PASS,100.0,0.0,"B1 logic. V: 0.973, SOC: 100.0%",0
2026-01-01T12:07:25Z,GRID_PASS,100.0,0.0,"B1 logic. V: 0.973, SOC: 100.0%",0
2026-01-01T12:07:30Z,GRID_PASS,100.0,0.0,"B1 logic. V: 0.973, SOC: 100.0%",0
2026-01-01T12:07:35Z,GRID_PASS,100.0,0.0,"B1 logic. V: 0.973, SOC: 100.0%",0
2026-01-01T12:07:40Z,GRID_PASS,100.0,0.0,"B1 logic. V: 0.973, SOC: 100.0%",0
2026-01-01T12:07:45Z,GRID_PASS,100.0,0.0,"B1 logic. V: 0.973, SOC: 100.0%",0
2026-01-01T12:07:50Z,GRID_PASS,100.0,0.0,"B1 logic. V: 0.973, SOC: 100.0%",0
2026-01-01T12:07:55Z,GRID_PASS,100.0,0.0,"B1 logic. V: 0.973, SOC: 100.0%",0
2026-01-01T12:08:00Z,GRID_PASS,100.0,0.0,"B1 logic. V: 0.973, SOC: 100.0%",0
2026-01-01T12:08:05Z,GRID_PASS,100.0,0.0,"B1 logic. V: 0.973, SOC: 100.0%",0
2026-01-01T12:08:10Z,GRID_PASS,100.0,0.0,"B1 logic. V: 0.973, SOC: 100.0%",0
2026-01-01T12:08:15Z,GRID_PASS,100.0,0.0,"B1 logic. V: 0.973, SOC: 100.0%",0
2026-01-01T12:08:20Z,GRID_PASS,100.0,0.0,"B1 logic. V: 0.973, SOC: 100.0%",0
2026-01-01T12:08:25Z,GRID_PASS,100.0,0.0,"B1 logic. V: 0.973, SOC: 100.0%",0
2026-01-01T12:08:30Z,GRID_PASS,100.0,0.0,"B1 logic. V: 0.973, SOC: 100.0%",0
2026-01-01T12:08:35Z,GRID_PASS,100.0,0.0,"B1 logic. V: 0.973, SOC: 100.0%",0
2026-01-01T12:08:40Z,GRID_PASS,100.0,0.0,"B1 logic. V: 0.973, SOC: 100.0%",0
2026-01-01T12:08:45Z,GRID_PASS,100.0,0.0,"B1 logic. V: 0.973, SOC: 100.0%",0
2026-01-01T12:08:50Z,GRID_PASS,100.0,0.0,"B1 logic. V: 0.973, SOC: 100.0%",0
2026-01-01T12:08:55Z,GRID_PASS,100.0,0.0,"B1 logic. V: 0.973, SOC: 100.0%",0
2026-01-01T12:09:00Z,GRID_PASS,100.0,0.0,"B1 logic. V: 0.973, SOC: 100.0%",0
2026-01-01T12:09:05Z,GRID_PASS,100.0,0.0,"B1 logic. V: 0.973, SOC: 100.0%",0
2026-01-01T12:09:10Z,GRID_PASS,100.0,0.0,"B1 logic. V: 0.973, SOC: 100.0%",0
2026-01-01T12:09:15Z,GRID_PASS,100.0,0.0,"B1 logic. V: 0.973, SOC: 100.0%",0
2026-01-01T12:09:20Z,GRID_PASS,100.0,0.0,"B1 logic. V: 0.973, SOC: 100.0%",0
2026-01-01T12:09:25Z,GRID_PASS,100.0,0.0,"B1 logic. V: 0.973, SOC: 100.0%",0
2026-01-01T12:09:30Z,GRID_PASS,100.0,0.0,"B1 logic. V: 0.973, SOC: 100.0%",0
2026-01-01T12:09:35Z,GRID_PASS,100.0,0.0,"B1 logic. V: 0.973, SOC: 100.0%",0
2026-01-01T12:09:40Z,GRID_PASS,100.0,0.0,"B1 logic. V: 0.973, SOC: 100.0%",0
2026-01-01T12:09:45Z,GRID_PASS,100.0,0.0,"B1 logic. V: 0.973, SOC: 100.0%",0
2026-01-01T12:09:50Z,GRID_PASS,100.0,0.0,"B1 logic. V: 0.973, SOC: 100.0%",0
2026-01-01T12:09:55Z,GRID_PASS,100.0,0.0,"B1 logic. V: 0.973, SOC: 100.0%",0
2026-01-01T12:10:00Z,GRID_PASS,100.0,0.0,"B1 logic. V: 0.973, SOC: 100.0%",0
2026-01-01T12:10:05Z,GRID_PASS,100.0,0.0,"B1 logic. V: 0.973, SOC: 100.0%",0
2026-01-01T12:10:10Z,GRID_PASS,100.0,0.0,"B1 logic. V: 0.973, SOC: 100.0%",0
2026-01-01T12:10:15Z,GRID_PASS,100.0,0.0,"B1 logic. V: 0.973, SOC: 100.0%",0
2026-01-01T12:10:20Z,GRID_PASS,100.0,0.0,"B1 logic. V: 0.973, SOC: 100.0%",0
2026-01-01T12:10:25Z,GRID_PASS,100.0,0.0,"B1 logic. V: 0.973, SOC: 100.0%",0
2026-01-01T12:10:30Z,GRID_PASS,100.0,0.0,"B1 logic. V: 0.973, SOC: 100.0%",0
2026-01-01T12:10:35Z,GRID_PASS,100.0,0.0,"B1 logic. V: 0.973, SOC: 100.0%",0
2026-01-01T12:10:40Z,GRID_PASS,100.0,0.0,"B1 logic. V: 0.973, SOC: 100.0%",0
2026-01-01T12:10:45Z,GRID_PASS,100.0,0.0,"B1 logic. V: 0.973, SOC: 100.0%",0
2026-01-01T12:10:50Z,GRID_PASS,100.0,0.0,"B1 logic. V: 0.973, SOC: 100.0%",0
2026-01-01T12:10:55Z,GRID_PASS,100.0,0.0,"B1 logic. V: 0.973, SOC: 100.0%",0
2026-01-01T12:11:00Z,GRID_PASS,100.0,0.0,"B1 logic. V: 0.973, SOC: 100.0%",0
2026-01-01T12:11:05Z,GRID_PASS,100.0,0.0,"B1 logic. V: 0.973, SOC: 100.0%",0
2026-01-01T12:11:10Z,GRID_PASS,100.0,0.0,"B1 logic. V: 0.973, SOC: 100.0%",0
2026-01-01T12:11:15Z,GRID_PASS,100.0,0.0,"B1 logic. V: 0.973, SOC: 100.0%",0
2026-01-01T12:11:20Z,GRID_PASS,100.0,0.0,"B1 logic. V: 0.973, SOC: 100.0%",0
2026-01-01T12:11:25Z,GRID_PASS,100.0,0.0,"B1 logic. V: 0.973, SOC: 100.0%",0
2026-01-01T12:11:30Z,GRID_PASS,100.0,0.0,"B1 logic. V: 0.973, SOC: 100.0%",0
2026-01-01T12:11:35Z,GRID_PASS,100.0,0.0,"B1 logic. V: 0.973, SOC: 100.0%",0
2026-01-01T12:11:40Z,GRID_PASS,100.0,0.0,"B1 logic. V: 0.973, SOC: 100.0%",0
2026-01-01T12:11:45Z,GRID_PASS,100.0,0.0,"B1 logic. V: 0.973, SOC: 100.0%",0
2026-01-01T12:11:50Z,GRID_PASS,100.0,0.0,"B1 logic. V: 0.973, SOC: 100.0%",0
2026-01-01T12:11:55Z,GRID_PASS,100.0,0.0,"B1 logic. V: 0.973, SOC: 100.0%",0
2026-01-01T12:12:00Z,GRID_PASS,100.0,0.0,"B1 logic. V: 0.973, SOC: 100.0%",0
2026-01-01T12:12:05Z,GRID_PASS,100.0,0.0,"B1 logic. V: 0.973, SOC: 100.0%",0
2026-01-01T12:12:10Z,GRID_PASS,100.0,0.0,"B1 logic. V: 0.973, SOC: 100.0%",0
2026-01-01T12:12:15Z,GRID_PASS,100.0,0.0,"B1 logic. V: 0.973, SOC: 100.0%",0
2026-01-01T12:12:20Z,GRID_PASS,100.0,0.0,"B1 logic. V: 0.973, SOC: 100.0%",0
2026-01-01T12:12:25Z,GRID_PASS,100.0,0.0,"B1 logic. V: 0.973, SOC: 100.0%",0
2026-01-01T12:12:30Z,GRID_PASS,100.0,0.0,"B1 logic. V: 0.973, SOC: 100.0%",0
2026-01-01T12:12:35Z,GRID_PASS,100.0,0.0,"B1 logic. V: 0.973, SOC: 100.0%",0
2026-01-01T12:12:40Z,GRID_PASS,100.0,0.0,"B1 logic. V: 0.973, SOC: 100.0%",0
2026-01-01T12:12:45Z,GRID_PASS,100.0,0.0,"B1 logic. V: 0.973, SOC: 100.0%",0
2026-01-01T12:12:50Z,GRID_PASS,100.0,0.0,"B1 logic. V: 0.973, SOC: 100.0%",0
2026-01-01T12:12:55Z,GRID_PASS,100.0,0.0,"B1 logic. V: 0.973, SOC: 100.0%",0
2026-01-01T12:13:00Z,GRID_PASS,100.0,0.0,"B1 logic. V: 0.973, SOC: 100.0%",0
2026-01-01T12:13:05Z,GRID_PASS,100.0,0.0,"B1 logic. V: 0.973, SOC: 100.0%",0
2026-01-01T12:13:10Z,GRID_PASS,100.0,0.0,"B1 logic. V: 0.973, SOC: 100.0%",0
2026-01-01T12:13:15Z,GRID_PASS,100.0,0.0,"B1 logic. V: 0.973, SOC: 100.0%",0
2026-01-01T12:13:20Z,GRID_PASS,100.0,0.0,"B1 logic. V: 0.973, SOC: 100.0%",0
2026-01-01T12:13:25Z,GRID_PASS,100.0,0.0,"B1 logic. V: 0.973, SOC: 100.0%",0
2026-01-01T12:13:30Z,GRID_PASS,100.0,0.0,"B1 logic. V: 0.973, SOC: 100.0%",0
2026-01-01T12:13:35Z,GRID_PASS,100.0,0.0,"B1 logic. V: 0.973, SOC: 100.0%",0
2026-01-01T12:13:40Z,GRID_PASS,100.0,0.0,"B1 logic. V: 0.973, SOC: 100.0%",0
2026-01-01T12:13:45Z,GRID_PASS,100.0,0.0,"B1 logic. V: 0.973, SOC: 100.0%",0
2026-01-01T12:13:50Z,GRID_PASS,100.0,0.0,"B1 logic. V: 0.973, SOC: 100.0%",0
2026-01-01T12:13:55Z,GRID_PASS,100.0,0.0,"B1 logic. V: 0.973, SOC: 100.0%",0
2026-01-01T12:14:00Z,GRID_PASS,100.0,0.0,"B1 logic. V: 0.973, SOC: 100.0%",0
2026-01-01T12:14:05Z,GRID_PASS,100.0,0.0,"B1 logic. V: 0.973, SOC: 100.0%",0
2026-01-01T12:14:10Z,GRID_PASS,100.0,0.0,"B1 logic. V: 0.973, SOC: 100.0%",0
2026-01-01T12:14:15Z,GRID_PASS,100.0,0.0,"B1 logic. V: 0.973, SOC: 100.0%",0
2026-01-01T12:14:20Z,GRID_PASS,100.0,0.0,"B1 logic. V: 0.973, SOC: 100.0%",0
2026-01-01T12:14:25Z,GRID_PASS,100.0,0.0,"B1 logic. V: 0.973, SOC: 100.0%",0
2026-01-01T12:14:30Z,GRID_PASS,100.0,0.0,"B1 logic. V: 0.973, SOC: 100.0%",0
2026-01-01T12:14:35Z,GRID_PASS,100.0,0.0,"B1 logic. V: 0.973, SOC: 100.0%",0
2026-01-01T12:14:40Z,GRID_PASS,100.0,0.0,"B1 logic. V: 0.973, SOC: 100.0%",0
2026-01-01T12:14:45Z,GRID_PASS,100.0,0.0,"B1 logic. V: 0.973, SOC: 100.0%",0
2026-01-01T12:14:50Z,GRID_PASS,100.0,0.0,"B1 logic. V: 0.973, SOC: 100.0%",0
2026-01-01T12:14:55Z,GRID_PASS,100.0,0.0,"B1 logic. V: 0.973, SOC: 100.0%",0
2026-01-01T12:15:00Z,GRID_PASS,100.0,0.0,"B1 logic. V: 0.973, SOC: 100.0%",0
2026-01-01T12:15:05Z,GRID_PASS,100.0,0.0,"B1 logic. V: 0.973, SOC: 100.0%",0
2026-01-01T12:15:10Z,GRID_PASS,100.0,0.0,"B1 logic. V: 0.973, SOC: 100.0%",0
2026-01-01T12:15:15Z,GRID_PASS,100.0,0.0,"B1 logic. V: 0.973, SOC: 100.0%",0
2026-01-01T12:15:20Z,GRID_PASS,100.0,0.0,"B1 logic. V: 0.973, SOC: 100.0%",0
2026-01-01T12:15:25Z,GRID_PASS,100.0,0.0,"B1 logic. V: 0.973, SOC: 100.0%",0
2026-01-01T12:15:30Z,GRID_PASS,100.0,0.0,"B1 logic. V: 0.973, SOC: 100.0%",0
2026-01-01T12:15:35Z,GRID_PASS,100.0,0.0,"B1 logic. V: 0.973, SOC: 100.0%",0
2026-01-01T12:15:40Z,GRID_PASS,100.0,0.0,"B1 logic. V: 0.973, SOC: 100.0%",0
2026-01-01T12:15:45Z,GRID_PASS,100.0,0.0,"B1 logic. V: 0.973, SOC: 100.0%",0
2026-01-01T12:15:50Z,GRID_PASS,100.0,0.0,"B1 logic. V: 0.973, SOC: 100.0%",0
2026-01-01T12:15:55Z,GRID_PASS,100.0,0.0,"B1 logic. V: 0.973, SOC: 100.0%",0
2026-01-01T12:16:00Z,GRID_PASS,100.0,0.0,"B1 logic. V: 0.973, SOC: 100.0%",0
2026-01-01T12:16:05Z,GRID_PASS,100.0,0.0,"B1 logic. V: 0.973, SOC: 100.0%",0
2026-01-01T12:16:10Z,GRID_PASS,100.0,0.0,"B1 logic. V: 0.973, SOC: 100.0%",0
2026-01-01T12:16:15Z,GRID_PASS,100.0,0.0,"B1 logic. V: 0.973, SOC: 100.0%",0
2026-01-01T12:16:20Z,GRID_PASS,100.0,0.0,"B1 logic. V: 0.973, SOC: 100.0%",0
2026-01-01T12:16:25Z,GRID_PASS,100.0,0.0,"B1 logic. V: 0.973, SOC: 100.0%",0
2026-01-01T12:16:30Z,GRID_PASS,100.0,0.0,"B1 logic. V: 0.973, SOC: 100.0%",0
2026-01-01T12:16:35Z,GRID_PASS,100.0,0.0,"B1 logic. V: 0.973, SOC: 100.0%",0
2026-01-01T12:16:40Z,GRID_PASS,100.0,0.0,"B1 logic. V: 0.973, SOC: 100.0%",0
2026-01-01T12:16:45Z,GRID_PASS,100.0,0.0,"B1 logic. V: 0.973, SOC: 100.0%",0
2026-01-01T12:16:50Z,GRID_PASS,100.0,0.0,"B1 logic. V: 0.973, SOC: 100.0%",0
2026-01-01T12:16:55Z,GRID_PASS,100.0,0.0,"B1 logic. V: 0.973, SOC: 100.0%",0
2026-01-01T12:17:00Z,GRID_PASS,100.0,0.0,"B1 logic. V: 0.973, SOC: 100.0%",0
2026-01-01T12:17:05Z,GRID_PASS,100.0,0.0,"B1 logic. V: 0.973, SOC: 100.0%",0
2026-01-01T12:17:10Z,GRID_PASS,100.0,0.0,"B1 logic. V: 0.973, SOC: 100.0%",0
2026-01-01T12:17:15Z,GRID_PASS,100.0,0.0,"B1 logic. V: 0.973, SOC: 100.0%",0
2026-01-01T12:17:20Z,GRID_PASS,100.0,0.0,"B1 logic. V: 0.973, SOC: 100.0%",0
2026-01-01T12:17:25Z,GRID_PASS,100.0,0.0,"B1 logic. V: 0.973, SOC: 100.0%",0
2026-01-01T12:17:30Z,GRID_PASS,100.0,0.0,"B1 logic. V: 0.973, SOC: 100.0%",0
2026-01-01T12:17:35Z,GRID_PASS,100.0,0.0,"B1 logic. V: 0.973, SOC: 100.0%",0
2026-01-01T12:17:40Z,GRID_PASS,100.0,0.0,"B1 logic. V: 0.973, SOC: 100.0%",0
2026-01-01T12:17:45Z,GRID_PASS,100.0,0.0,"B1 logic. V: 0.973, SOC: 100.0%",0
2026-01-01T12:17:50Z,GRID_PASS,100.0,0.0,"B1 logic. V: 0.973, SOC: 100.0%",0
2026-01-01T12:17:55Z,GRID_PASS,100.0,0.0,"B1 logic. V: 0.973, SOC: 100.0%",0
2026-01-01T12:18:00Z,GRID_PASS,100.0,0.0,"B1 logic. V: 0.973, SOC: 100.0%",0
2026-01-01T12:18:05Z,GRID_PASS,100.0,0.0,"B1 logic. V: 0.973, SOC: 100.0%",0
2026-01-01T12:18:10Z,GRID_PASS,100.0,0.0,"B1 logic. V: 0.973, SOC: 100.0%",0
2026-01-01T12:18:15Z,GRID_PASS,100.0,0.0,"B1 logic. V: 0.973, SOC: 100.0%",0
2026-01-01T12:18:20Z,GRID_PASS,100.0,0.0,"B1 logic. V: 0.973, SOC: 100.0%",0
2026-01-01T12:18:25Z,GRID_PASS,100.0,0.0,"B1 logic. V: 0.973, SOC: 100.0%",0
2026-01-01T12:18:30Z,GRID_PASS,100.0,0.0,"B1 logic. V: 0.973, SOC: 100.0%",0
2026-01-01T12:18:35Z,GRID_PASS,100.0,0.0,"B1 logic. V: 0.973, SOC: 100.0%",0
2026-01-01T12:18:40Z,GRID_PASS,100.0,0.0,"B1 logic. V: 0.973, SOC: 100.0%",0
2026-01-01T12:18:45Z,GRID_PASS,100.0,0.0,"B1 logic. V: 0.973, SOC: 100.0%",0
2026-01-01T12:18:50Z,GRID_PASS,100.0,0.0,"B1 logic. V: 0.973, SOC: 100.0%",0
2026-01-01T12:18:55Z,GRID_PASS,100.0,0.0,"B1 logic. V: 0.973, SOC: 100.0%",0
2026-01-01T12:19:00Z,GRID_PASS,100.0,0.0,"B1 logic. V: 0.973, SOC: 100.0%",0
2026-01-01T12:19:05Z,GRID_PASS,100.0,0.0,"B1 logic. V: 0.973, SOC: 100.0%",0
2026-01-01T12:19:10Z,GRID_PASS,100.0,0.0,"B1 logic. V: 0.973, SOC: 100.0%",0
2026-01-01T12:19:15Z,GRID_PASS,100.0,0.0,"B1 logic. V: 0.973, SOC: 100.0%",0
2026-01-01T12:19:20Z,GRID_PASS,100.0,0.0,"B1 logic. V: 0.973, SOC: 100.0%",0
2026-01-01T12:19:25Z,GRID_PASS,100.0,0.0,"B1 logic. V: 0.973, SOC: 100.0%",0
2026-01-01T12:19:30Z,GRID_PASS,100.0,0.0,"B1 logic. V: 0.973, SOC: 100.0%",0
2026-01-01T12:19:35Z,GRID_PASS,100.0,0.0,"B1 logic. V: 0.973, SOC: 100.0%",0
2026-01-01T12:19:40Z,GRID_PASS,100.0,0.0,"B1 logic. V: 0.973, SOC: 100.0%",0
2026-01-01T12:19:45Z,GRID_PASS,100.0,0.0,"B1 logic. V: 0.973, SOC: 100.0%",0
2026-01-01T12:19:50Z,GRID_PASS,100.0,0.0,"B1 logic. V: 0.973, SOC: 100.0%",0
2026-01-01T12:19:55Z,GRID_PASS,100.0,0.0,"B1 logic. V: 0.973, SOC: 100.0%",0
2026-01-01T12:20:00Z,GRID_PASS,100.0,0.0,"B1 logic. V: 0.973, SOC: 100.0%",0
2026-01-01T12:20:05Z,GRID_PASS,100.0,0.0,"B1 logic. V: 0.973, SOC: 100.0%",0
2026-01-01T12:20:10Z,GRID_PASS,100.0,0.0,"B1 logic. V: 0.973, SOC: 100.0%",0
2026-01-01T12:20:15Z,GRID_PASS,100.0,0.0,"B1 logic. V: 0.973, SOC: 100.0%",0
2026-01-01T12:20:20Z,GRID_PASS,100.0,0.0,"B1 logic. V: 0.973, SOC: 100.0%",0
2026-01-01T12:20:25Z,GRID_PASS,100.0,0.0,"B1 logic. V: 0.973, SOC: 100.0%",0
2026-01-01T12:20:30Z,GRID_PASS,100.0,0.0,"B1 logic. V: 0.973, SOC: 100.0%",0
2026-01-01T12:20:35Z,GRID_PASS,100.0,0.0,"B1 logic. V: 0.973, SOC: 100.0%",0
2026-01-01T12:20:40Z,GRID_PASS,100.0,0.0,"B1 logic. V: 0.973, SOC: 100.0%",0
2026-01-01T12:20:45Z,GRID_PASS,100.0,0.0,"B1 logic. V: 0.973, SOC: 100.0%",0
2026-01-01T12:20:50Z,GRID_PASS,100.0,0.0,"B1 logic. V: 0.973, SOC: 100.0%",0
2026-01-01T12:20:55Z,GRID_PASS,100.0,0.0,"B1 logic. V: 0.973, SOC: 100.0%",0
2026-01-01T12:21:00Z,GRID_PASS,100.0,0.0,"B1 logic. V: 0.973, SOC: 100.0%",0
2026-01-01T12:21:05Z,GRID_PASS,100.0,0.0,"B1 logic. V: 0.973, SOC: 100.0%",0
2026-01-01T12:21:10Z,GRID_PASS,100.0,0.0,"B1 logic. V: 0.973, SOC: 100.0%",0
2026-01-01T12:21:15Z,GRID_PASS,100.0,0.0,"B1 logic. V: 0.973, SOC: 100.0%",0
2026-01-01T12:21:20Z,GRID_PASS,100.0,0.0,"B1 logic. V: 0.973, SOC: 100.0%",0
2026-01-01T12:21:25Z,GRID_PASS,100.0,0.0,"B1 logic. V: 0.973, SOC: 100.0%",0
2026-01-01T12:21:30Z,GRID_PASS,100.0,0.0,"B1 logic. V: 0.973, SOC: 100.0%",0
2026-01-01T12:21:35Z,GRID_PASS,100.0,0.0,"B1 logic. V: 0.973, SOC: 100.0%",0
2026-01-01T12:21:40Z,GRID_PASS,100.0,0.0,"B1 logic. V: 0.973, SOC: 100.0%",0
2026-01-01T12:21:45Z,GRID_PASS,100.0,0.0,"B1 logic. V: 0.973, SOC: 100.0%",0
2026-01-01T12:21:50Z,GRID_PASS,100.0,0.0,"B1 logic. V: 0.973, SOC: 100.0%",0
2026-01-01T12:21:55Z,GRID_PASS,100.0,0.0,"B1 logic. V: 0.973, SOC: 100.0%",0
2026-01-01T12:22:00Z,GRID_PASS,100.0,0.0,"B1 logic. V: 0.973, SOC: 100.0%",0
2026-01-01T12:22:05Z,GRID_PASS,100.0,0.0,"B1 logic. V: 0.973, SOC: 100.0%",0
2026-01-01T12:22:10Z,GRID_PASS,100.0,0.0,"B1 logic. V: 0.973, SOC: 100.0%",0
2026-01-01T12:22:15Z,GRID_PASS,100.0,0.0,"B1 logic. V: 0.973, SOC: 100.0%",0
2026-01-01T12:22:20Z,GRID_PASS,100.0,0.0,"B1 logic. V: 0.973, SOC: 100.0%",0
2026-01-01T12:22:25Z,GRID_PASS,100.0,0.0,"B1 logic. V: 0.973, SOC: 100.0%",0
2026-01-01T12:22:30Z,GRID_PASS,100.0,0.0,"B1 logic. V: 0.973, SOC: 100.0%",0
2026-01-01T12:22:35Z,GRID_PASS,100.0,0.0,"B1 logic. V: 0.973, SOC: 100.0%",0
2026-01-01T12:22:40Z,GRID_PASS,100.0,0.0,"B1 logic. V: 0.973, SOC: 100.0%",0
2026-01-01T12:22:45Z,GRID_PASS,100.0,0.0,"B1 logic. V: 0.973, SOC: 100.0%",0
2026-01-01T12:22:50Z,GRID_PASS,100.0,0.0,"B1 logic. V: 0.973, SOC: 100.0%",0
2026-01-01T12:22:55Z,GRID_PASS,100.0,0.0,"B1 logic. V: 0.973, SOC: 100.0%",0
2026-01-01T12:23:00Z,GRID_PASS,100.0,0.0,"B1 logic. V: 0.973, SOC: 100.0%",0
2026-01-01T12:23:05Z,GRID_PASS,100.0,0.0,"B1 logic. V: 0.973, SOC: 100.0%",0
2026-01-01T12:23:10Z,GRID_PASS,100.0,0.0,"B1 logic. V: 0.973, SOC: 100.0%",0
2026-01-01T12:23:15Z,GRID_PASS,100.0,0.0,"B1 logic. V: 0.973, SOC: 100.0%",0
2026-01-01T12:23:20Z,GRID_PASS,100.0,0.0,"B1 logic. V: 0.973, SOC: 100.0%",0
2026-01-01T12:23:25Z,GRID_PASS,100.0,0.0,"B1 logic. V: 0.973, SOC: 100.0%",0
2026-01-01T12:23:30Z,GRID_PASS,100.0,0.0,"B1 logic. V: 0.973, SOC: 100.0%",0
2026-01-01T12:23:35Z,GRID_PASS,100.0,0.0,"B1 logic. V: 0.973, SOC: 100.0%",0
2026-01-01T12:23:40Z,GRID_PASS,100.0,0.0,"B1 logic. V: 0.973, SOC: 100.0%",0
2026-01-01T12:23:45Z,GRID_PASS,100.0,0.0,"B1 logic. V: 0.973, SOC: 100.0%",0
2026-01-01T12:23:50Z,GRID_PASS,100.0,0.0,"B1 logic. V: 0.973, SOC: 100.0%",0
2026-01-01T12:23:55Z,GRID_PASS,100.0,0.0,"B1 logic. V: 0.973, SOC: 100.0%",0
2026-01-01T12:24:00Z,GRID_PASS,100.0,0.0,"B1 logic. V: 0.973, SOC: 100.0%",0
2026-01-01T12:24:05Z,GRID_PASS,100.0,0.0,"B1 logic. V: 0.973, SOC: 100.0%",0
2026-01-01T12:24:10Z,GRID_PASS,100.0,0.0,"B1 logic. V: 0.973, SOC: 100.0%",0
2026-01-01T12:24:15Z,GRID_PASS,100.0,0.0,"B1 logic. V: 0.973, SOC: 100.0%",0
2026-01-01T12:24:20Z,GRID_PASS,100.0,0.0,"B1 logic. V: 0.973, SOC: 100.0%",0
2026-01-01T12:24:25Z,GRID_PASS,100.0,0.0,"B1 logic. V: 0.973, SOC: 100.0%",0
2026-01-01T12:24:30Z,GRID_PASS,100.0,0.0,"B1 logic. V: 0.973, SOC: 100.0%",0
2026-01-01T12:24:35Z,GRID_PASS,100.0,0.0,"B1 logic. V: 0.973, SOC: 100.0%",0
2026-01-01T12:24:40Z,GRID_PASS,100.0,0.0,"B1 logic. V: 0.973, SOC: 100.0%",0
2026-01-01T12:24:45Z,GRID_PASS,100.0,0.0,"B1 logic. V: 0.973, SOC: 100.0%",0
2026-01-01T12:24:50Z,GRID_PASS,100.0,0.0,"B1 logic. V: 0.973, SOC: 100.0%",0
2026-01-01T12:24:55Z,GRID_PASS,100.0,0.0,"B1 logic. V: 0.973, SOC: 100.0%",0
2026-01-01T12:25:00Z,GRID_PASS,100.0,0.0,"B1 logic. V: 0.973, SOC: 100.0%",0
2026-01-01T12:25:05Z,GRID_PASS,100.0,0.0,"B1 logic. V: 0.973, SOC: 100.0%",0
2026-01-01T12:25:10Z,GRID_PASS,100.0,0.0,"B1 logic. V: 0.973, SOC: 100.0%",0
2026-01-01T12:25:15Z,GRID_PASS,100.0,0.0,"B1 logic. V: 0.973, SOC: 100.0%",0
2026-01-01T12:25:20Z,GRID_PASS,100.0,0.0,"B1 logic. V: 0.973, SOC: 100.0%",0
2026-01-01T12:25:25Z,GRID_PASS,100.0,0.0,"B1 logic. V: 0.973, SOC: 100.0%",0
2026-01-01T12:25:30Z,GRID_PASS,100.0,0.0,"B1 logic. V: 0.973, SOC: 100.0%",0
2026-01-01T12:25:35Z,GRID_PASS,100.0,0.0,"B1 logic. V: 0.973, SOC: 100.0%",0
2026-01-01T12:25:40Z,GRID_PASS,100.0,0.0,"B1 logic. V: 0.973, SOC: 100.0%",0
2026-01-01T12:25:45Z,GRID_PASS,100.0,0.0,"B1 logic. V: 0.973, SOC: 100.0%",0
2026-01-01T12:25:50Z,GRID_PASS,100.0,0.0,"B1 logic. V: 0.973, SOC: 100.0%",0
2026-01-01T12:25:55Z,GRID_PASS,100.0,0.0,"B1 logic. V: 0.973, SOC: 100.0%",0
2026-01-01T12:26:00Z,GRID_PASS,100.0,0.0,"B1 logic. V: 0.973, SOC: 100.0%",0
2026-01-01T12:26:05Z,GRID_PASS,100.0,0.0,"B1 logic. V: 0.973, SOC: 100.0%",0
2026-01-01T12:26:10Z,GRID_PASS,100.0,0.0,"B1 logic. V: 0.973, SOC: 100.0%",0
2026-01-01T12:26:15Z,GRID_PASS,100.0,0.0,"B1 logic. V: 0.973, SOC: 100.0%",0
2026-01-01T12:26:20Z,GRID_PASS,100.0,0.0,"B1 logic. V: 0.973, SOC: 100.0%",0
2026-01-01T12:26:25Z,GRID_PASS,100.0,0.0,"B1 logic. V: 0.973, SOC: 100.0%",0
2026-01-01T12:26:30Z,GRID_PASS,100.0,0.0,"B1 logic. V: 0.973, SOC: 100.0%",0
2026-01-01T12:26:35Z,GRID_PASS,100.0,0.0,"B1 logic. V: 0.973, SOC: 100.0%",0
2026-01-01T12:26:40Z,GRID_PASS,100.0,0.0,"B1 logic. V: 0.973, SOC: 100.0%",0
2026-01-01T12:26:45Z,GRID_PASS,100.0,0.0,"B1 logic. V: 0.973, SOC: 100.0%",0
2026-01-01T12:26:50Z,GRID_PASS,100.0,0.0,"B1 logic. V: 0.973, SOC: 100.0%",0
2026-01-01T12:26:55Z,GRID_PASS,100.0,0.0,"B1 logic. V: 0.973, SOC: 100.0%",0
2026-01-01T12:27:00Z,GRID_PASS,100.0,0.0,"B1 logic. V: 0.973, SOC: 100.0%",0
2026-01-01T12:27:05Z,GRID_PASS,100.0,0.0,"B1 logic. V: 0.973, SOC: 100.0%",0
2026-01-01T12:27:10Z,GRID_PASS,100.0,0.0,"B1 logic. V: 0.973, SOC: 100.0%",0
2026-01-01T12:27:15Z,GRID_PASS,100.0,0.0,"B1 logic. V: 0.973, SOC: 100.0%",0
2026-01-01T12:27:20Z,GRID_PASS,100.0,0.0,"B1 logic. V: 0.973, SOC: 100.0%",0
2026-01-01T12:27:25Z,GRID_PASS,100.0,0.0,"B1 logic. V: 0.973, SOC: 100.0%",0
2026-01-01T12:27:30Z,GRID_PASS,100.0,0.0,"B1 logic. V: 0.973, SOC: 100.0%",0
2026-01-01T12:27:35Z,GRID_PASS,100.0,0.0,"B1 logic. V: 0.973, SOC: 100.0%",0
2026-01-01T12:27:40Z,GRID_PASS,100.0,0.0,"B1 logic. V: 0.973, SOC: 100.0%",0
2026-01-01T12:27:45Z,GRID_PASS,100.0,0.0,"B1 logic. V: 0.973, SOC: 100.0%",0
2026-01-01T12:27:50Z,GRID_PASS,100.0,0.0,"B1 logic. V: 0.973, SOC: 100.0%",0
2026-01-01T12:27:55Z,GRID_PASS,100.0,0.0,"B1 logic. V: 0.973, SOC: 100.0%",0
2026-01-01T12:28:00Z,GRID_PASS,100.0,0.0,"B1 logic. V: 0.973, SOC: 100.0%",0
2026-01-01T12:28:05Z,GRID_PASS,100.0,0.0,"B1 logic. V: 0.973, SOC: 100.0%",0
2026-01-01T12:28:10Z,GRID_PASS,100.0,0.0,"B1 logic. V: 0.973, SOC: 100.0%",0
2026-01-01T12:28:15Z,GRID_PASS,100.0,0.0,"B1 logic. V: 0.973, SOC: 100.0%",0
2026-01-01T12:28:20Z,GRID_PASS,100.0,0.0,"B1 logic. V: 0.973, SOC: 100.0%",0
2026-01-01T12:28:25Z,GRID_PASS,100.0,0.0,"B1 logic. V: 0.973, SOC: 100.0%",0
2026-01-01T12:28:30Z,GRID_PASS,100.0,0.0,"B1 logic. V: 0.973, SOC: 100.0%",0
2026-01-01T12:28:35Z,GRID_PASS,100.0,0.0,"B1 logic. V: 0.973, SOC: 100.0%",0
2026-01-01T12:28:40Z,GRID_PASS,100.0,0.0,"B1 logic. V: 0.973, SOC: 100.0%",0
2026-01-01T12:28:45Z,GRID_PASS,100.0,0.0,"B1 logic. V: 0.973, SOC: 100.0%",0
2026-01-01T12:28:50Z,GRID_PASS,100.0,0.0,"B1 logic. V: 0.973, SOC: 100.0%",0
2026-01-01T12:28:55Z,GRID_PASS,100.0,0.0,"B1 logic. V: 0.973, SOC: 100.0%",0
2026-01-01T12:29:00Z,GRID_PASS,100.0,0.0,"B1 logic. V: 0.973, SOC: 100.0%",0
2026-01-01T12:29:05Z,GRID_PASS,100.0,0.0,"B1 logic. V: 0.973, SOC: 100.0%",0
2026-01-01T12:29:10Z,GRID_PASS,100.0,0.0,"B1 logic. V: 0.973, SOC: 100.0%",0
2026-01-01T12:29:15Z,GRID_PASS,100.0,0.0,"B1 logic. V: 0.973, SOC: 100.0%",0
2026-01-01T12:29:20Z,GRID_PASS,100.0,0.0,"B1 logic. V: 0.973, SOC: 100.0%",0
2026-01-01T12:29:25Z,GRID_PASS,100.0,0.0,"B1 logic. V: 0.973, SOC: 100.0%",0
2026-01-01T12:29:30Z,GRID_PASS,100.0,0.0,"B1 logic. V: 0.973, SOC: 100.0%",0
2026-01-01T12:29:35Z,GRID_PASS,100.0,0.0,"B1 logic. V: 0.973, SOC: 100.0%",0
2026-01-01T12:29:40Z,GRID_PASS,100.0,0.0,"B1 logic. V: 0.973, SOC: 100.0%",0
2026-01-01T12:29:45Z,GRID_PASS,100.0,0.0,"B1 logic. V: 0.973, SOC: 100.0%",0
2026-01-01T12:29:50Z,GRID_PASS,100.0,0.0,"B1 logic. V: 0.973, SOC: 100.0%",0
2026-01-01T12:29:55Z,GRID_PASS,100.0,0.0,"B1 logic. V: 0.973, SOC: 100.0%",0
2026-01-01T12:30:00Z,GRID_PASS,100.0,0.0,"B1 logic. V: 0.973, SOC: 100.0%",0
2026-01-01T12:30:05Z,GRID_PASS,100.0,0.0,"B1 logic. V: 0.973, SOC: 100.0%",0
2026-01-01T12:30:10Z,GRID_PASS,100.0,0.0,"B1 logic. V: 0.973, SOC: 100.0%",0
2026-01-01T12:30:15Z,GRID_PASS,100.0,0.0,"B1 logic. V: 0.973, SOC: 100.0%",0
2026-01-01T12:30:20Z,GRID_PASS,100.0,0.0,"B1 logic. V: 0.973, SOC: 100.0%",0
2026-01-01T12:30:25Z,GRID_PASS,100.0,0.0,"B1 logic. V: 0.973, SOC: 100.0%",0
2026-01-01T12:30:30Z,GRID_PASS,100.0,0.0,"B1 logic. V: 0.973, SOC: 100.0%",0
2026-01-01T12:30:35Z,GRID_PASS,100.0,0.0,"B1 logic. V: 0.973, SOC: 100.0%",0
2026-01-01T12:30:40Z,GRID_PASS,100.0,0.0,"B1 logic. V: 0.973, SOC: 100.0%",0
2026-01-01T12:30:45Z,GRID_PASS,100.0,0.0,"B1 logic. V: 0.973, SOC: 100.0%",0
2026-01-01T12:30:50Z,GRID_PASS,100.0,0.0,"B1 logic. V: 0.973, SOC: 100.0%",0
2026-01-01T12:30:55Z,GRID_PASS,100.0,0.0,"B1 logic. V: 0.973, SOC: 100.0%",0
2026-01-01T12:31:00Z,GRID_PASS,100.0,0.0,"B1 logic. V: 0.973, SOC: 100.0%",0
2026-01-01T12:31:05Z,GRID_PASS,100.0,0.0,"B1 logic. V: 0.973, SOC: 100.0%",0
2026-01-01T12:31:10Z,GRID_PASS,100.0,0.0,"B1 logic. V: 0.973, SOC: 100.0%",0
2026-01-01T12:31:15Z,GRID_PASS,100.0,0.0,"B1 logic. V: 0.973, SOC: 100.0%",0
2026-01-01T12:31:20Z,GRID_PASS,100.0,0.0,"B1 logic. V: 0.973, SOC: 100.0%",0
2026-01-01T12:31:25Z,GRID_PASS,100.0,0.0,"B1 logic. V: 0.973, SOC: 100.0%",0
2026-01-01T12:31:30Z,GRID_PASS,100.0,0.0,"B1 logic. V: 0.973, SOC: 100.0%",0
2026-01-01T12:31:35Z,GRID_PASS,100.0,0.0,"B1 logic. V: 0.973, SOC: 100.0%",0
2026-01-01T12:31:40Z,GRID_PASS,100.0,0.0,"B1 logic. V: 0.973, SOC: 100.0%",0
2026-01-01T12:31:45Z,GRID_PASS,100.0,0.0,"B1 logic. V: 0.973, SOC: 100.0%",0
2026-01-01T12:31:50Z,GRID_PASS,100.0,0.0,"B1 logic. V: 0.973, SOC: 100.0%",0
2026-01-01T12:31:55Z,GRID_PASS,100.0,0.0,"B1 logic. V: 0.973, SOC: 100.0%",0
2026-01-01T12:32:00Z,GRID_PASS,100.0,0.0,"B1 logic. V: 0.973, SOC: 100.0%",0
2026-01-01T12:32:05Z,GRID_PASS,100.0,0.0,"B1 logic. V: 0.973, SOC: 100.0%",0
2026-01-01T12:32:10Z,GRID_PASS,100.0,0.0,"B1 logic. V: 0.973, SOC: 100.0%",0
2026-01-01T12:32:15Z,GRID_PASS,100.0,0.0,"B1 logic. V: 0.973, SOC: 100.0%",0
2026-01-01T12:32:20Z,GRID_PASS,100.0,0.0,"B1 logic. V: 0.973, SOC: 100.0%",0
2026-01-01T12:32:25Z,GRID_PASS,100.0,0.0,"B1 logic. V: 0.973, SOC: 100.0%",0
2026-01-01T12:32:30Z,GRID_PASS,100.0,0.0,"B1 logic. V: 0.973, SOC: 100.0%",0
2026-01-01T12:32:35Z,GRID_PASS,100.0,0.0,"B1 logic. V: 0.973, SOC: 100.0%",0
2026-01-01T12:32:40Z,GRID_PASS,100.0,0.0,"B1 logic. V: 0.973, SOC: 100.0%",0
2026-01-01T12:32:45Z,GRID_PASS,100.0,0.0,"B1 logic. V: 0.973, SOC: 100.0%",0
2026-01-01T12:32:50Z,GRID_PASS,100.0,0.0,"B1 logic. V: 0.973, SOC: 100.0%",0
2026-01-01T12:32:55Z,GRID_PASS,100.0,0.0,"B1 logic. V: 0.973, SOC: 100.0%",0
2026-01-01T12:33:00Z,GRID_PASS,100.0,0.0,"B1 logic. V: 0.973, SOC: 100.0%",0
2026-01-01T12:33:05Z,GRID_PASS,100.0,0.0,"B1 logic. V: 0.973, SOC: 100.0%",0
2026-01-01T12:33:10Z,GRID_PASS,100.0,0.0,"B1 logic. V: 0.973, SOC: 100.0%",0
2026-01-01T12:33:15Z,GRID_PASS,100.0,0.0,"B1 logic. V: 0.973, SOC: 100.0%",0
2026-01-01T12:33:20Z,GRID_PASS,100.0,0.0,"B1 logic. V: 0.973, SOC: 100.0%",0
2026-01-01T12:33:25Z,GRID_PASS,100.0,0.0,"B1 logic. V: 0.973, SOC: 100.0%",0
2026-01-01T12:33:30Z,GRID_PASS,100.0,0.0,"B1 logic. V: 0.973, SOC: 100.0%",0
2026-01-01T12:33:35Z,GRID_PASS,100.0,0.0,"B1 logic. V: 0.973, SOC: 100.0%",0
2026-01-01T12:33:40Z,GRID_PASS,100.0,0.0,"B1 logic. V: 0.973, SOC: 100.0%",0
2026-01-01T12:33:45Z,GRID_PASS,100.0,0.0,"B1 logic. V: 0.973, SOC: 100.0%",0
2026-01-01T12:33:50Z,GRID_PASS,100.0,0.0,"B1 logic. V: 0.973, SOC: 100.0%",0
2026-01-01T12:33:55Z,GRID_PASS,100.0,0.0,"B1 logic. V: 0.973, SOC: 100.0%",0
2026-01-01T12:34:00Z,GRID_PASS,100.0,0.0,"B1 logic. V: 0.973, SOC: 100.0%",0
2026-01-01T12:34:05Z,GRID_PASS,100.0,0.0,"B1 logic. V: 0.973, SOC: 100.0%",0
2026-01-01T12:34:10Z,GRID_PASS,100.0,0.0,"B1 logic. V: 0.973, SOC: 100.0%",0
2026-01-01T12:34:15Z,GRID_PASS,100.0,0.0,"B1 logic. V: 0.973, SOC: 100.0%",0
2026-01-01T12:34:20Z,GRID_PASS,100.0,0.0,"B1 logic. V: 0.973, SOC: 100.0%",0
2026-01-01T12:34:25Z,GRID_PASS,100.0,0.0,"B1 logic. V: 0.973, SOC: 100.0%",0
2026-01-01T12:34:30Z,GRID_PASS,100.0,0.0,"B1 logic. V: 0.973, SOC: 100.0%",0
2026-01-01T12:34:35Z,GRID_PASS,100.0,0.0,"B1 logic. V: 0.973, SOC: 100.0%",0
2026-01-01T12:34:40Z,GRID_PASS,100.0,0.0,"B1 logic. V: 0.973, SOC: 100.0%",0
2026-01-01T12:34:45Z,GRID_PASS,100.0,0.0,"B1 logic. V: 0.973, SOC: 100.0%",0
2026-01-01T12:34:50Z,GRID_PASS,100.0,0.0,"B1 logic. V: 0.973, SOC: 100.0%",0
2026-01-01T12:34:55Z,GRID_PASS,100.0,0.0,"B1 logic. V: 0.973, SOC: 100.0%",0
2026-01-01T12:35:00Z,GRID_PASS,100.0,0.0,"B1 logic. V: 0.973, SOC: 100.0%",0
2026-01-01T12:35:05Z,GRID_PASS,100.0,0.0,"B1 logic. V: 0.973, SOC: 100.0%",0
2026-01-01T12:35:10Z,GRID_PASS,100.0,0.0,"B1 logic. V: 0.973, SOC: 100.0%",0
2026-01-01T12:35:15Z,GRID_PASS,100.0,0.0,"B1 logic. V: 0.973, SOC: 100.0%",0
2026-01-01T12:35:20Z,GRID_PASS,100.0,0.0,"B1 logic. V: 0.973, SOC: 100.0%",0
2026-01-01T12:35:25Z,GRID_PASS,100.0,0.0,"B1 logic. V: 0.973, SOC: 100.0%",0
2026-01-01T12:35:30Z,GRID_PASS,100.0,0.0,"B1 logic. V: 0.973, SOC: 100.0%",0
2026-01-01T12:35:35Z,GRID_PASS,100.0,0.0,"B1 logic. V: 0.973, SOC: 100.0%",0
2026-01-01T12:35:40Z,GRID_PASS,100.0,0.0,"B1 logic. V: 0.973, SOC: 100.0%",0
2026-01-01T12:35:45Z,GRID_PASS,100.0,0.0,"B1 logic. V: 0.973, SOC: 100.0%",0
2026-01-01T12:35:50Z,GRID_PASS,100.0,0.0,"B1 logic. V: 0.973, SOC: 100.0%",0
2026-01-01T12:35:55Z,GRID_PASS,100.0,0.0,"B1 logic. V: 0.973, SOC: 100.0%",0
2026-01-01T12:36:00Z,GRID_PASS,100.0,0.0,"B1 logic. V: 0.973, SOC: 100.0%",0
2026-01-01T12:36:05Z,GRID_PASS,100.0,0.0,"B1 logic. V: 0.973, SOC: 100.0%",0
2026-01-01T12:36:10Z,GRID_PASS,100.0,0.0,"B1 logic. V: 0.973, SOC: 100.0%",0
2026-01-01T12:36:15Z,GRID_PASS,100.0,0.0,"B1 logic. V: 0.973, SOC: 100.0%",0
2026-01-01T12:36:20Z,GRID_PASS,100.0,0.0,"B1 logic. V: 0.973, SOC: 100.0%",0
2026-01-01T12:36:25Z,GRID_PASS,100.0,0.0,"B1 logic. V: 0.973, SOC: 100.0%",0
2026-01-01T12:36:30Z,GRID_PASS,100.0,0.0,"B1 logic. V: 0.973, SOC: 100.0%",0
2026-01-01T12:36:35Z,GRID_PASS,100.0,0.0,"B1 logic. V: 0.973, SOC: 100.0%",0
2026-01-01T12:36:40Z,GRID_PASS,100.0,0.0,"B1 logic. V: 0.973, SOC: 100.0%",0
2026-01-01T12:36:45Z,GRID_PASS,100.0,0.0,"B1 logic. V: 0.973, SOC: 100.0%",0
2026-01-01T12:36:50Z,GRID_PASS,100.0,0.0,"B1 logic. V: 0.973, SOC: 100.0%",0
2026-01-01T12:36:55Z,GRID_PASS,100.0,0.0,"B1 logic. V: 0.973, SOC: 100.0%",0
2026-01-01T12:37:00Z,GRID_PASS,100.0,0.0,"B1 logic. V: 0.973, SOC: 100.0%",0
2026-01-01T12:37:05Z,GRID_PASS,100.0,0.0,"B1 logic. V: 0.973, SOC: 100.0%",0
2026-01-01T12:37:10Z,GRID_PASS,100.0,0.0,"B1 logic. V: 0.973, SOC: 100.0%",0
2026-01-01T12:37:15Z,GRID_PASS,100.0,0.0,"B1 logic. V: 0.973, SOC: 100.0%",0
2026-01-01T12:37:20Z,GRID_PASS,100.0,0.0,"B1 logic. V: 0.973, SOC: 100.0%",0
2026-01-01T12:37:25Z,GRID_PASS,100.0,0.0,"B1 logic. V: 0.973, SOC: 100.0%",0
2026-01-01T12:37:30Z,GRID_PASS,100.0,0.0,"B1 logic. V: 0.973, SOC: 100.0%",0
2026-01-01T12:37:35Z,GRID_PASS,100.0,0.0,"B1 logic. V: 0.973, SOC: 100.0%",0
2026-01-01T12:37:40Z,GRID_PASS,100.0,0.0,"B1 logic. V: 0.973, SOC: 100.0%",0
2026-01-01T12:37:45Z,GRID_PASS,100.0,0.0,"B1 logic. V: 0.973, SOC: 100.0%",0
2026-01-01T12:37:50Z,GRID_PASS,100.0,0.0,"B1 logic. V: 0.973, SOC: 100.0%",0
2026-01-01T12:37:55Z,GRID_PASS,100.0,0.0,"B1 logic. V: 0.973, SOC: 100.0%",0
2026-01-01T12:38:00Z,GRID_PASS,100.0,0.0,"B1 logic. V: 0.973, SOC: 100.0%",0
2026-01-01T12:38:05Z,GRID_PASS,100.0,0.0,"B1 logic. V: 0.973, SOC: 100.0%",0
2026-01-01T12:38:10Z,GRID_PASS,100.0,0.0,"B1 logic. V: 0.973, SOC: 100.0%",0
2026-01-01T12:38:15Z,GRID_PASS,100.0,0.0,"B1 logic. V: 0.973, SOC: 100.0%",0
2026-01-01T12:38:20Z,GRID_PASS,100.0,0.0,"B1 logic. V: 0.973, SOC: 100.0%",0
2026-01-01T12:38:25Z,GRID_PASS,100.0,0.0,"B1 logic. V: 0.973, SOC: 100.0%",0
2026-01-01T12:38:30Z,GRID_PASS,100.0,0.0,"B1 logic. V: 0.973, SOC: 100.0%",0
2026-01-01T12:38:35Z,GRID_PASS,100.0,0.0,"B1 logic. V: 0.973, SOC: 100.0%",0
2026-01-01T12:38:40Z,GRID_PASS,100.0,0.0,"B1 logic. V: 0.973, SOC: 100.0%",0
2026-01-01T12:38:45Z,GRID_PASS,100.0,0.0,"B1 logic. V: 0.973, SOC: 100.0%",0
2026-01-01T12:38:50Z,GRID_PASS,100.0,0.0,"B1 logic. V: 0.973, SOC: 100.0%",0
2026-01-01T12:38:55Z,GRID_PASS,100.0,0.0,"B1 logic. V: 0.973, SOC: 100.0%",0
2026-01-01T12:39:00Z,GRID_PASS,100.0,0.0,"B1 logic. V: 0.973, SOC: 100.0%",0
2026-01-01T12:39:05Z,GRID_PASS,100.0,0.0,"B1 logic. V: 0.973, SOC: 100.0%",0
2026-01-01T12:39:10Z,GRID_PASS,100.0,0.0,"B1 logic. V: 0.973, SOC: 100.0%",0
2026-01-01T12:39:15Z,GRID_PASS,100.0,0.0,"B1 logic. V: 0.973, SOC: 100.0%",0
2026-01-01T12:39:20Z,GRID_PASS,100.0,0.0,"B1 logic. V: 0.973, SOC: 100.0%",0
2026-01-01T12:39:25Z,GRID_PASS,100.0,0.0,"B1 logic. V: 0.973, SOC: 100.0%",0
2026-01-01T12:39:30Z,GRID_PASS,100.0,0.0,"B1 logic. V: 0.973, SOC: 100.0%",0
2026-01-01T12:39:35Z,GRID_PASS,100.0,0.0,"B1 logic. V: 0.973, SOC: 100.0%",0
2026-01-01T12:39:40Z,GRID_PASS,100.0,0.0,"B1 logic. V: 0.973, SOC: 100.0%",0
2026-01-01T12:39:45Z,GRID_PASS,100.0,0.0,"B1 logic. V: 0.973, SOC: 100.0%",0
2026-01-01T12:39:50Z,GRID_PASS,100.0,0.0,"B1 logic. V: 0.973, SOC: 100.0%",0
2026-01-01T12:39:55Z,GRID_PASS,100.0,0.0,"B1 logic. V: 0.973, SOC: 100.0%",0
2026-01-01T12:40:00Z,GRID_PASS,100.0,0.0,"B1 logic. V: 0.973, SOC: 100.0%",0
2026-01-01T12:40:05Z,GRID_PASS,100.0,0.0,"B1 logic. V: 0.973, SOC: 100.0%",0
2026-01-01T12:40:10Z,GRID_PASS,100.0,0.0,"B1 logic. V: 0.973, SOC: 100.0%",0
2026-01-01T12:40:15Z,GRID_PASS,100.0,0.0,"B1 logic. V: 0.973, SOC: 100.0%",0
2026-01-01T12:40:20Z,GRID_PASS,100.0,0.0,"B1 logic. V: 0.973, SOC: 100.0%",0
2026-01-01T12:40:25Z,GRID_PASS,100.0,0.0,"B1 logic. V: 0.973, SOC: 100.0%",0
2026-01-01T12:40:30Z,GRID_PASS,100.0,0.0,"B1 logic. V: 0.973, SOC: 100.0%",0
2026-01-01T12:40:35Z,GRID_PASS,100.0,0.0,"B1 logic. V: 0.973, SOC: 100.0%",0
2026-01-01T12:40:40Z,GRID_PASS,100.0,0.0,"B1 logic. V: 0.973, SOC: 100.0%",0
2026-01-01T12:40:45Z,GRID_PASS,100.0,0.0,"B1 logic. V: 0.973, SOC: 100.0%",0
2026-01-01T12:40:50Z,GRID_PASS,100.0,0.0,"B1 logic. V: 0.973, SOC: 100.0%",0
2026-01-01T12:40:55Z,GRID_PASS,100.0,0.0,"B1 logic. V: 0.973, SOC: 100.0%",0
2026-01-01T12:41:00Z,GRID_PASS,100.0,0.0,"B1 logic. V: 0.973, SOC: 100.0%",0
2026-01-01T12:41:05Z,GRID_PASS,100.0,0.0,"B1 logic. V: 0.973, SOC: 100.0%",0
2026-01-01T12:41:10Z,GRID_PASS,100.0,0.0,"B1 logic. V: 0.973, SOC: 100.0%",0
2026-01-01T12:41:15Z,GRID_PASS,100.0,0.0,"B1 logic. V: 0.973, SOC: 100.0%",0
2026-01-01T12:41:20Z,GRID_PASS,100.0,0.0,"B1 logic. V: 0.973, SOC: 100.0%",0
2026-01-01T12:41:25Z,GRID_PASS,100.0,0.0,"B1 logic. V: 0.973, SOC: 100.0%",0
2026-01-01T12:41:30Z,GRID_PASS,100.0,0.0,"B1 logic. V: 0.973, SOC: 100.0%",0
2026-01-01T12:41:35Z,GRID_PASS,100.0,0.0,"B1 logic. V: 0.973, SOC: 100.0%",0
2026-01-01T12:41:40Z,GRID_PASS,100.0,0.0,"B1 logic. V: 0.973, SOC: 100.0%",0
2026-01-01T12:41:45Z,GRID_PASS,100.0,0.0,"B1 logic. V: 0.973, SOC: 100.0%",0
2026-01-01T12:41:50Z,GRID_PASS,100.0,0.0,"B1 logic. V: 0.973, SOC: 100.0%",0
2026-01-01T12:41:55Z,GRID_PASS,100.0,0.0,"B1 logic. V: 0.973, SOC: 100.0%",0
2026-01-01T12:42:00Z,GRID_PASS,100.0,0.0,"B1 logic. V: 0.973, SOC: 100.0%",0
2026-01-01T12:42:05Z,GRID_PASS,100.0,0.0,"B1 logic. V: 0.973, SOC: 100.0%",0
2026-01-01T12:42:10Z,GRID_PASS,100.0,0.0,"B1 logic. V: 0.973, SOC: 100.0%",0
2026-01-01T12:42:15Z,GRID_PASS,100.0,0.0,"B1 logic. V: 0.973, SOC: 100.0%",0
2026-01-01T12:42:20Z,GRID_PASS,100.0,0.0,"B1 logic. V: 0.973, SOC: 100.0%",0
2026-01-01T12:42:25Z,GRID_PASS,100.0,0.0,"B1 logic. V: 0.973, SOC: 100.0%",0
2026-01-01T12:42:30Z,GRID_PASS,100.0,0.0,"B1 logic. V: 0.973, SOC: 100.0%",0
2026-01-01T12:42:35Z,GRID_PASS,100.0,0.0,"B1 logic. V: 0.973, SOC: 100.0%",0
2026-01-01T12:42:40Z,GRID_PASS,100.0,0.0,"B1 logic. V: 0.973, SOC: 100.0%",0
2026-01-01T12:42:45Z,GRID_PASS,100.0,0.0,"B1 logic. V: 0.973, SOC: 100.0%",0
2026-01-01T12:42:50Z,GRID_PASS,100.0,0.0,"B1 logic. V: 0.973, SOC: 100.0%",0
2026-01-01T12:42:55Z,GRID_PASS,100.0,0.0,"B1 logic. V: 0.973, SOC: 100.0%",0
2026-01-01T12:43:00Z,GRID_PASS,100.0,0.0,"B1 logic. V: 0.973, SOC: 100.0%",0
2026-01-01T12:43:05Z,GRID_PASS,100.0,0.0,"B1 logic. V: 0.973, SOC: 100.0%",0
2026-01-01T12:43:10Z,GRID_PASS,100.0,0.0,"B1 logic. V: 0.973, SOC: 100.0%",0
2026-01-01T12:43:15Z,GRID_PASS,100.0,0.0,"B1 logic. V: 0.973, SOC: 100.0%",0
2026-01-01T12:43:20Z,GRID_PASS,100.0,0.0,"B1 logic. V: 0.973, SOC: 100.0%",0
2026-01-01T12:43:25Z,GRID_PASS,100.0,0.0,"B1 logic. V: 0.973, SOC: 100.0%",0
2026-01-01T12:43:30Z,GRID_PASS,100.0,0.0,"B1 logic. V: 0.973, SOC: 100.0%",0
2026-01-01T12:43:35Z,GRID_PASS,100.0,0.0,"B1 logic. V: 0.973, SOC: 100.0%",0
2026-01-01T12:43:40Z,GRID_PASS,100.0,0.0,"B1 logic. V: 0.973, SOC: 100.0%",0
2026-01-01T12:43:45Z,GRID_PASS,100.0,0.0,"B1 logic. V: 0.973, SOC: 100.0%",0
2026-01-01T12:43:50Z,GRID_PASS,100.0,0.0,"B1 logic. V: 0.973, SOC: 100.0%",0
2026-01-01T12:43:55Z,GRID_PASS,100.0,0.0,"B1 logic. V: 0.973, SOC: 100.0%",0
2026-01-01T12:44:00Z,GRID_PASS,100.0,0.0,"B1 logic. V: 0.973, SOC: 100.0%",0
2026-01-01T12:44:05Z,GRID_PASS,100.0,0.0,"B1 logic. V: 0.973, SOC: 100.0%",0
2026-01-01T12:44:10Z,GRID_PASS,100.0,0.0,"B1 logic. V: 0.973, SOC: 100.0%",0
2026-01-01T12:44:15Z,GRID_PASS,100.0,0.0,"B1 logic. V: 0.973, SOC: 100.0%",0
2026-01-01T12:44:20Z,GRID_PASS,100.0,0.0,"B1 logic. V: 0.973, SOC: 100.0%",0
2026-01-01T12:44:25Z,GRID_PASS,100.0,0.0,"B1 logic. V: 0.973, SOC: 100.0%",0
2026-01-01T12:44:30Z,GRID_PASS,100.0,0.0,"B1 logic. V: 0.973, SOC: 100.0%",0
2026-01-01T12:44:35Z,GRID_PASS,100.0,0.0,"B1 logic. V: 0.973, SOC: 100.0%",0
2026-01-01T12:44:40Z,GRID_PASS,100.0,0.0,"B1 logic. V: 0.973, SOC: 100.0%",0
2026-01-01T12:44:45Z,GRID_PASS,100.0,0.0,"B1 logic. V: 0.973, SOC: 100.0%",0
2026-01-01T12:44:50Z,GRID_PASS,100.0,0.0,"B1 logic. V: 0.973, SOC: 100.0%",0
2026-01-01T12:44:55Z,GRID_PASS,100.0,0.0,"B1 logic. V: 0.973, SOC: 100.0%",0
2026-01-01T12:45:00Z,GRID_PASS,100.0,0.0,"B1 logic. V: 0.973, SOC: 100.0%",0
2026-01-01T12:45:05Z,GRID_PASS,100.0,0.0,"B1 logic. V: 0.973, SOC: 100.0%",0
2026-01-01T12:45:10Z,GRID_PASS,100.0,0.0,"B1 logic. V: 0.973, SOC: 100.0%",0
2026-01-01T12:45:15Z,GRID_PASS,100.0,0.0,"B1 logic. V: 0.973, SOC: 100.0%",0
2026-01-01T12:45:20Z,GRID_PASS,100.0,0.0,"B1 logic. V: 0.973, SOC: 100.0%",0
2026-01-01T12:45:25Z,GRID_PASS,100.0,0.0,"B1 logic. V: 0.973, SOC: 100.0%",0
2026-01-01T12:45:30Z,GRID_PASS,100.0,0.0,"B1 logic. V: 0.973, SOC: 100.0%",0
2026-01-01T12:45:35Z,GRID_PASS,100.0,0.0,"B1 logic. V: 0.973, SOC: 100.0%",0
2026-01-01T12:45:40Z,GRID_PASS,100.0,0.0,"B1 logic. V: 0.973, SOC: 100.0%",0
2026-01-01T12:45:45Z,GRID_PASS,100.0,0.0,"B1 logic. V: 0.973, SOC: 100.0%",0
2026-01-01T12:45:50Z,GRID_PASS,100.0,0.0,"B1 logic. V: 0.973, SOC: 100.0%",0
2026-01-01T12:45:55Z,GRID_PASS,100.0,0.0,"B1 logic. V: 0.973, SOC: 100.0%",0
2026-01-01T12:46:00Z,GRID_PASS,100.0,0.0,"B1 logic. V: 0.973, SOC: 100.0%",0
2026-01-01T12:46:05Z,GRID_PASS,100.0,0.0,"B1 logic. V: 0.973, SOC: 100.0%",0
2026-01-01T12:46:10Z,GRID_PASS,100.0,0.0,"B1 logic. V: 0.973, SOC: 100.0%",0
2026-01-01T12:46:15Z,GRID_PASS,100.0,0.0,"B1 logic. V: 0.973, SOC: 100.0%",0
2026-01-01T12:46:20Z,GRID_PASS,100.0,0.0,"B1 logic. V: 0.973, SOC: 100.0%",0
2026-01-01T12:46:25Z,GRID_PASS,100.0,0.0,"B1 logic. V: 0.973, SOC: 100.0%",0
2026-01-01T12:46:30Z,GRID_PASS,100.0,0.0,"B1 logic. V: 0.973, SOC: 100.0%",0
2026-01-01T12:46:35Z,GRID_PASS,100.0,0.0,"B1 logic. V: 0.973, SOC: 100.0%",0
2026-01-01T12:46:40Z,GRID_PASS,100.0,0.0,"B1 logic. V: 0.973, SOC: 100.0%",0
2026-01-01T12:46:45Z,GRID_PASS,100.0,0.0,"B1 logic. V: 0.973, SOC: 100.0%",0
2026-01-01T12:46:50Z,GRID_PASS,100.0,0.0,"B1 logic. V: 0.973, SOC: 100.0%",0
2026-01-01T12:46:55Z,GRID_PASS,100.0,0.0,"B1 logic. V: 0.973, SOC: 100.0%",0
2026-01-01T12:47:00Z,GRID_PASS,100.0,0.0,"B1 logic. V: 0.973, SOC: 100.0%",0
2026-01-01T12:47:05Z,GRID_PASS,100.0,0.0,"B1 logic. V: 0.973, SOC: 100.0%",0
2026-01-01T12:47:10Z,GRID_PASS,100.0,0.0,"B1 logic. V: 0.973, SOC: 100.0%",0
2026-01-01T12:47:15Z,GRID_PASS,100.0,0.0,"B1 logic. V: 0.973, SOC: 100.0%",0
2026-01-01T12:47:20Z,GRID_PASS,100.0,0.0,"B1 logic. V: 0.973, SOC: 100.0%",0
2026-01-01T12:47:25Z,GRID_PASS,100.0,0.0,"B1 logic. V: 0.973, SOC: 100.0%",0
2026-01-01T12:47:30Z,GRID_PASS,100.0,0.0,"B1 logic. V: 0.973, SOC: 100.0%",0
2026-01-01T12:47:35Z,GRID_PASS,100.0,0.0,"B1 logic. V: 0.973, SOC: 100.0%",0
2026-01-01T12:47:40Z,GRID_PASS,100.0,0.0,"B1 logic. V: 0.973, SOC: 100.0%",0
2026-01-01T12:47:45Z,GRID_PASS,100.0,0.0,"B1 logic. V: 0.973, SOC: 100.0%",0
2026-01-01T12:47:50Z,GRID_PASS,100.0,0.0,"B1 logic. V: 0.973, SOC: 100.0%",0
2026-01-01T12:47:55Z,GRID_PASS,100.0,0.0,"B1 logic. V: 0.973, SOC: 100.0%",0
2026-01-01T12:48:00Z,GRID_PASS,100.0,0.0,"B1 logic. V: 0.973, SOC: 100.0%",0
2026-01-01T12:48:05Z,GRID_PASS,100.0,0.0,"B1 logic. V: 0.973, SOC: 100.0%",0
2026-01-01T12:48:10Z,GRID_PASS,100.0,0.0,"B1 logic. V: 0.973, SOC: 100.0%",0
2026-01-01T12:48:15Z,GRID_PASS,100.0,0.0,"B1 logic. V: 0.973, SOC: 100.0%",0
2026-01-01T12:48:20Z,GRID_PASS,100.0,0.0,"B1 logic. V: 0.973, SOC: 100.0%",0
2026-01-01T12:48:25Z,GRID_PASS,100.0,0.0,"B1 logic. V: 0.973, SOC: 100.0%",0
2026-01-01T12:48:30Z,GRID_PASS,100.0,0.0,"B1 logic. V: 0.973, SOC: 100.0%",0
2026-01-01T12:48:35Z,GRID_PASS,100.0,0.0,"B1 logic. V: 0.973, SOC: 100.0%",0
2026-01-01T12:48:40Z,GRID_PASS,100.0,0.0,"B1 logic. V: 0.973, SOC: 100.0%",0
2026-01-01T12:48:45Z,GRID_PASS,100.0,0.0,"B1 logic. V: 0.973, SOC: 100.0%",0
2026-01-01T12:48:50Z,GRID_PASS,100.0,0.0,"B1 logic. V: 0.973, SOC: 100.0%",0
2026-01-01T12:48:55Z,GRID_PASS,100.0,0.0,"B1 logic. V: 0.973, SOC: 100.0%",0
2026-01-01T12:49:00Z,GRID_PASS,100.0,0.0,"B1 logic. V: 0.973, SOC: 100.0%",0
2026-01-01T12:49:05Z,GRID_PASS,100.0,0.0,"B1 logic. V: 0.973, SOC: 100.0%",0
2026-01-01T12:49:10Z,GRID_PASS,100.0,0.0,"B1 logic. V: 0.973, SOC: 100.0%",0
2026-01-01T12:49:15Z,GRID_PASS,100.0,0.0,"B1 logic. V: 0.973, SOC: 100.0%",0
2026-01-01T12:49:20Z,GRID_PASS,100.0,0.0,"B1 logic. V: 0.973, SOC: 100.0%",0
2026-01-01T12:49:25Z,GRID_PASS,100.0,0.0,"B1 logic. V: 0.973, SOC: 100.0%",0
2026-01-01T12:49:30Z,GRID_PASS,100.0,0.0,"B1 logic. V: 0.973, SOC: 100.0%",0
2026-01-01T12:49:35Z,GRID_PASS,100.0,0.0,"B1 logic. V: 0.973, SOC: 100.0%",0
2026-01-01T12:49:40Z,GRID_PASS,100.0,0.0,"B1 logic. V: 0.973, SOC: 100.0%",0
2026-01-01T12:49:45Z,GRID_PASS,100.0,0.0,"B1 logic. V: 0.973, SOC: 100.0%",0
2026-01-01T12:49:50Z,GRID_PASS,100.0,0.0,"B1 logic. V: 0.973, SOC: 100.0%",0
2026-01-01T12:49:55Z,GRID_PASS,100.0,0.0,"B1 logic. V: 0.973, SOC: 100.0%",0
2026-01-01T12:50:00Z,GRID_PASS,100.0,0.0,"B1 logic. V: 0.973, SOC: 100.0%",0
2026-01-01T12:50:05Z,GRID_PASS,100.0,0.0,"B1 logic. V: 0.973, SOC: 100.0%",0
2026-01-01T12:50:10Z,GRID_PASS,100.0,0.0,"B1 logic. V: 0.973, SOC: 100.0%",0
2026-01-01T12:50:15Z,GRID_PASS,100.0,0.0,"B1 logic. V: 0.973, SOC: 100.0%",0
2026-01-01T12:50:20Z,GRID_PASS,100.0,0.0,"B1 logic. V: 0.973, SOC: 100.0%",0
2026-01-01T12:50:25Z,GRID_PASS,100.0,0.0,"B1 logic. V: 0.973, SOC: 100.0%",0
2026-01-01T12:50:30Z,GRID_PASS,100.0,0.0,"B1 logic. V: 0.973, SOC: 100.0%",0
2026-01-01T12:50:35Z,GRID_PASS,100.0,0.0,"B1 logic. V: 0.973, SOC: 100.0%",0
2026-01-01T12:50:40Z,GRID_PASS,100.0,0.0,"B1 logic. V: 0.973, SOC: 100.0%",0
2026-01-01T12:50:45Z,GRID_PASS,100.0,0.0,"B1 logic. V: 0.973, SOC: 100.0%",0
2026-01-01T12:50:50Z,GRID_PASS,100.0,0.0,"B1 logic. V: 0.973, SOC: 100.0%",0
2026-01-01T12:50:55Z,GRID_PASS,100.0,0.0,"B1 logic. V: 0.973, SOC: 100.0%",0
2026-01-01T12:51:00Z,GRID_PASS,100.0,0.0,"B1 logic. V: 0.973, SOC: 100.0%",0
2026-01-01T12:51:05Z,GRID_PASS,100.0,0.0,"B1 logic. V: 0.973, SOC: 100.0%",0
2026-01-01T12:51:10Z,GRID_PASS,100.0,0.0,"B1 logic. V: 0.973, SOC: 100.0%",0
2026-01-01T12:51:15Z,GRID_PASS,100.0,0.0,"B1 logic. V: 0.973, SOC: 100.0%",0
2026-01-01T12:51:20Z,GRID_PASS,100.0,0.0,"B1 logic. V: 0.973, SOC: 100.0%",0
2026-01-01T12:51:25Z,GRID_PASS,100.0,0.0,"B1 logic. V: 0.973, SOC: 100.0%",0
2026-01-01T12:51:30Z,GRID_PASS,100.0,0.0,"B1 logic. V: 0.973, SOC: 100.0%",0
2026-01-01T12:51:35Z,GRID_PASS,100.0,0.0,"B1 logic. V: 0.973, SOC: 100.0%",0
2026-01-01T12:51:40Z,GRID_PASS,100.0,0.0,"B1 logic. V: 0.973, SOC: 100.0%",0
2026-01-01T12:51:45Z,GRID_PASS,100.0,0.0,"B1 logic. V: 0.973, SOC: 100.0%",0
2026-01-01T12:51:50Z,GRID_PASS,100.0,0.0,"B1 logic. V: 0.973, SOC: 100.0%",0
2026-01-01T12:51:55Z,GRID_PASS,100.0,0.0,"B1 logic. V: 0.973, SOC: 100.0%",0
2026-01-01T12:52:00Z,GRID_PASS,100.0,0.0,"B1 logic. V: 0.973, SOC: 100.0%",0
2026-01-01T12:52:05Z,GRID_PASS,100.0,0.0,"B1 logic. V: 0.973, SOC: 100.0%",0
2026-01-01T12:52:10Z,GRID_PASS,100.0,0.0,"B1 logic. V: 0.973, SOC: 100.0%",0
2026-01-01T12:52:15Z,GRID_PASS,100.0,0.0,"B1 logic. V: 0.973, SOC: 100.0%",0
2026-01-01T12:52:20Z,GRID_PASS,100.0,0.0,"B1 logic. V: 0.973, SOC: 100.0%",0
2026-01-01T12:52:25Z,GRID_PASS,100.0,0.0,"B1 logic. V: 0.973, SOC: 100.0%",0
2026-01-01T12:52:30Z,GRID_PASS,100.0,0.0,"B1 logic. V: 0.973, SOC: 100.0%",0
2026-01-01T12:52:35Z,GRID_PASS,100.0,0.0,"B1 logic. V: 0.973, SOC: 100.0%",0
2026-01-01T12:52:40Z,GRID_PASS,100.0,0.0,"B1 logic. V: 0.973, SOC: 100.0%",0
2026-01-01T12:52:45Z,GRID_PASS,100.0,0.0,"B1 logic. V: 0.973, SOC: 100.0%",0
2026-01-01T12:52:50Z,GRID_PASS,100.0,0.0,"B1 logic. V: 0.973, SOC: 100.0%",0
2026-01-01T12:52:55Z,GRID_PASS,100.0,0.0,"B1 logic. V: 0.973, SOC: 100.0%",0
2026-01-01T12:53:00Z,GRID_PASS,100.0,0.0,"B1 logic. V: 0.973, SOC: 100.0%",0
2026-01-01T12:53:05Z,GRID_PASS,100.0,0.0,"B1 logic. V: 0.973, SOC: 100.0%",0
2026-01-01T12:53:10Z,GRID_PASS,100.0,0.0,"B1 logic. V: 0.973, SOC: 100.0%",0
2026-01-01T12:53:15Z,GRID_PASS,100.0,0.0,"B1 logic. V: 0.973, SOC: 100.0%",0
2026-01-01T12:53:20Z,GRID_PASS,100.0,0.0,"B1 logic. V: 0.973, SOC: 100.0%",0
2026-01-01T12:53:25Z,GRID_PASS,100.0,0.0,"B1 logic. V: 0.973, SOC: 100.0%",0
2026-01-01T12:53:30Z,GRID_PASS,100.0,0.0,"B1 logic. V: 0.973, SOC: 100.0%",0
2026-01-01T12:53:35Z,GRID_PASS,100.0,0.0,"B1 logic. V: 0.973, SOC: 100.0%",0
2026-01-01T12:53:40Z,GRID_PASS,100.0,0.0,"B1 logic. V: 0.973, SOC: 100.0%",0
2026-01-01T12:53:45Z,GRID_PASS,100.0,0.0,"B1 logic. V: 0.973, SOC: 100.0%",0
2026-01-01T12:53:50Z,GRID_PASS,100.0,0.0,"B1 logic. V: 0.973, SOC: 100.0%",0
2026-01-01T12:53:55Z,GRID_PASS,100.0,0.0,"B1 logic. V: 0.973, SOC: 100.0%",0
2026-01-01T12:54:00Z,GRID_PASS,100.0,0.0,"B1 logic. V: 0.973, SOC: 100.0%",0
2026-01-01T12:54:05Z,GRID_PASS,100.0,0.0,"B1 logic. V: 0.973, SOC: 100.0%",0
2026-01-01T12:54:10Z,GRID_PASS,100.0,0.0,"B1 logic. V: 0.973, SOC: 100.0%",0
2026-01-01T12:54:15Z,GRID_PASS,100.0,0.0,"B1 logic. V: 0.973, SOC: 100.0%",0
2026-01-01T12:54:20Z,GRID_PASS,100.0,0.0,"B1 logic. V: 0.973, SOC: 100.0%",0
2026-01-01T12:54:25Z,GRID_PASS,100.0,0.0,"B1 logic. V: 0.973, SOC: 100.0%",0
2026-01-01T12:54:30Z,GRID_PASS,100.0,0.0,"B1 logic. V: 0.973, SOC: 100.0%",0
2026-01-01T12:54:35Z,GRID_PASS,100.0,0.0,"B1 logic. V: 0.973, SOC: 100.0%",0
2026-01-01T12:54:40Z,GRID_PASS,100.0,0.0,"B1 logic. V: 0.973, SOC: 100.0%",0
2026-01-01T12:54:45Z,GRID_PASS,100.0,0.0,"B1 logic. V: 0.973, SOC: 100.0%",0
2026-01-01T12:54:50Z,GRID_PASS,100.0,0.0,"B1 logic. V: 0.973, SOC: 100.0%",0
2026-01-01T12:54:55Z,GRID_PASS,100.0,0.0,"B1 logic. V: 0.973, SOC: 100.0%",0
2026-01-01T12:55:00Z,GRID_PASS,100.0,0.0,"B1 logic. V: 0.973, SOC: 100.0%",0
2026-01-01T12:55:05Z,GRID_PASS,100.0,0.0,"B1 logic. V: 0.973, SOC: 100.0%",0
2026-01-01T12:55:10Z,GRID_PASS,100.0,0.0,"B1 logic. V: 0.973, SOC: 100.0%",0
2026-01-01T12:55:15Z,GRID_PASS,100.0,0.0,"B1 logic. V: 0.973, SOC: 100.0%",0
2026-01-01T12:55:20Z,GRID_PASS,100.0,0.0,"B1 logic. V: 0.973, SOC: 100.0%",0
2026-01-01T12:55:25Z,GRID_PASS,100.0,0.0,"B1 logic. V: 0.973, SOC: 100.0%",0
2026-01-01T12:55:30Z,GRID_PASS,100.0,0.0,"B1 logic. V: 0.973, SOC: 100.0%",0
2026-01-01T12:55:35Z,GRID_PASS,100.0,0.0,"B1 logic. V: 0.973, SOC: 100.0%",0
2026-01-01T12:55:40Z,GRID_PASS,100.0,0.0,"B1 logic. V: 0.973, SOC: 100.0%",0
2026-01-01T12:55:45Z,GRID_PASS,100.0,0.0,"B1 logic. V: 0.973, SOC: 100.0%",0
2026-01-01T12:55:50Z,GRID_PASS,100.0,0.0,"B1 logic. V: 0.973, SOC: 100.0%",0
2026-01-01T12:55:55Z,GRID_PASS,100.0,0.0,"B1 logic. V: 0.973, SOC: 100.0%",0
2026-01-01T12:56:00Z,GRID_PASS,100.0,0.0,"B1 logic. V: 0.973, SOC: 100.0%",0
2026-01-01T12:56:05Z,GRID_PASS,100.0,0.0,"B1 logic. V: 0.973, SOC: 100.0%",0
2026-01-01T12:56:10Z,GRID_PASS,100.0,0.0,"B1 logic. V: 0.973, SOC: 100.0%",0
2026-01-01T12:56:15Z,GRID_PASS,100.0,0.0,"B1 logic. V: 0.973, SOC: 100.0%",0
2026-01-01T12:56:20Z,GRID_PASS,100.0,0.0,"B1 logic. V: 0.973, SOC: 100.0%",0
2026-01-01T12:56:25Z,GRID_PASS,100.0,0.0,"B1 logic. V: 0.973, SOC: 100.0%",0
2026-01-01T12:56:30Z,GRID_PASS,100.0,0.0,"B1 logic. V: 0.973, SOC: 100.0%",0
2026-01-01T12:56:35Z,GRID_PASS,100.0,0.0,"B1 logic. V: 0.973, SOC: 100.0%",0
2026-01-01T12:56:40Z,GRID_PASS,100.0,0.0,"B1 logic. V: 0.973, SOC: 100.0%",0
2026-01-01T12:56:45Z,GRID_PASS,100.0,0.0,"B1 logic. V: 0.973, SOC: 100.0%",0
2026-01-01T12:56:50Z,GRID_PASS,100.0,0.0,"B1 logic. V: 0.973, SOC: 100.0%",0
2026-01-01T12:56:55Z,GRID_PASS,100.0,0.0,"B1 logic. V: 0.973, SOC: 100.0%",0
2026-01-01T12:57:00Z,GRID_PASS,100.0,0.0,"B1 logic. V: 0.973, SOC: 100.0%",0
2026-01-01T12:57:05Z,GRID_PASS,100.0,0.0,"B1 logic. V: 0.973, SOC: 100.0%",0
2026-01-01T12:57:10Z,GRID_PASS,100.0,0.0,"B1 logic. V: 0.973, SOC: 100.0%",0
2026-01-01T12:57:15Z,GRID_PASS,100.0,0.0,"B1 logic. V: 0.973, SOC: 100.0%",0
2026-01-01T12:57:20Z,GRID_PASS,100.0,0.0,"B1 logic. V: 0.973, SOC: 100.0%",0
2026-01-01T12:57:25Z,GRID_PASS,100.0,0.0,"B1 logic. V: 0.973, SOC: 100.0%",0
2026-01-01T12:57:30Z,GRID_PASS,100.0,0.0,"B1 logic. V: 0.973, SOC: 100.0%",0
2026-01-01T12:57:35Z,GRID_PASS,100.0,0.0,"B1 logic. V: 0.973, SOC: 100.0%",0
2026-01-01T12:57:40Z,GRID_PASS,100.0,0.0,"B1 logic. V: 0.973, SOC: 100.0%",0
2026-01-01T12:57:45Z,GRID_PASS,100.0,0.0,"B1 logic. V: 0.973, SOC: 100.0%",0
2026-01-01T12:57:50Z,GRID_PASS,100.0,0.0,"B1 logic. V: 0.973, SOC: 100.0%",0
2026-01-01T12:57:55Z,GRID_PASS,100.0,0.0,"B1 logic. V: 0.973, SOC: 100.0%",0
2026-01-01T12:58:00Z,GRID_PASS,100.0,0.0,"B1 logic. V: 0.973, SOC: 100.0%",0
2026-01-01T12:58:05Z,GRID_PASS,100.0,0.0,"B1 logic. V: 0.973, SOC: 100.0%",0
2026-01-01T12:58:10Z,GRID_PASS,100.0,0.0,"B1 logic. V: 0.973, SOC: 100.0%",0
2026-01-01T12:58:15Z,GRID_PASS,100.0,0.0,"B1 logic. V: 0.973, SOC: 100.0%",0
2026-01-01T12:58:20Z,GRID_PASS,100.0,0.0,"B1 logic. V: 0.973, SOC: 100.0%",0
2026-01-01T12:58:25Z,GRID_PASS,100.0,0.0,"B1 logic. V: 0.973, SOC: 100.0%",0
2026-01-01T12:58:30Z,GRID_PASS,100.0,0.0,"B1 logic. V: 0.973, SOC: 100.0%",0
2026-01-01T12:58:35Z,GRID_PASS,100.0,0.0,"B1 logic. V: 0.973, SOC: 100.0%",0
2026-01-01T12:58:40Z,GRID_PASS,100.0,0.0,"B1 logic. V: 0.973, SOC: 100.0%",0
2026-01-01T12:58:45Z,GRID_PASS,100.0,0.0,"B1 logic. V: 0.973, SOC: 100.0%",0
2026-01-01T12:58:50Z,GRID_PASS,100.0,0.0,"B1 logic. V: 0.973, SOC: 100.0%",0
2026-01-01T12:58:55Z,GRID_PASS,100.0,0.0,"B1 logic. V: 0.973, SOC: 100.0%",0
2026-01-01T12:59:00Z,GRID_PASS,100.0,0.0,"B1 logic. V: 0.973, SOC: 100.0%",0
2026-01-01T12:59:05Z,GRID_PASS,100.0,0.0,"B1 logic. V: 0.973, SOC: 100.0%",0
2026-01-01T12:59:10Z,GRID_PASS,100.0,0.0,"B1 logic. V: 0.973, SOC: 100.0%",0
2026-01-01T12:59:15Z,GRID_PASS,100.0,0.0,"B1 logic. V: 0.973, SOC: 100.0%",0
2026-01-01T12:59:20Z,GRID_PASS,100.0,0.0,"B1 logic. V: 0.973, SOC: 100.0%",0
2026-01-01T12:59:25Z,GRID_PASS,100.0,0.0,"B1 logic. V: 0.973, SOC: 100.0%",0
2026-01-01T12:59:30Z,GRID_PASS,100.0,0.0,"B1 logic. V: 0.973, SOC: 100.0%",0
2026-01-01T12:59:35Z,GRID_PASS,100.0,0.0,"B1 logic. V: 0.973, SOC: 100.0%",0
2026-01-01T12:59:40Z,GRID_PASS,100.0,0.0,"B1 logic. V: 0.973, SOC: 100.0%",0
2026-01-01T12:59:45Z,GRID_PASS,100.0,0.0,"B1 logic. V: 0.973, SOC: 100.0%",0
2026-01-01T12:59:50Z,GRID_PASS,100.0,0.0,"B1 logic. V: 0.973, SOC: 100.0%",0
2026-01-01T12:59:55Z,GRID_PASS,100.0,0.0,"B1 logic. V: 0.973, SOC: 100.0%",0
2026-01-01T13:00:00Z,GRID_PASS,100.0,0.0,"B1 logic. V: 0.973, SOC: 100.0%",0
2026-01-01T13:00:05Z,GRID_PASS,100.0,0.0,"B1 logic. V: 0.973, SOC: 100.0%",0
2026-01-01T13:00:10Z,GRID_PASS,100.0,0.0,"B1 logic. V: 0.973, SOC: 100.0%",0
2026-01-01T13:00:15Z,GRID_PASS,100.0,0.0,"B1 logic. V: 0.973, SOC: 100.0%",0
2026-01-01T13:00:20Z,GRID_PASS,100.0,0.0,"B1 logic. V: 0.973, SOC: 100.0%",0
2026-01-01T13:00:25Z,GRID_PASS,100.0,0.0,"B1 logic. V: 0.973, SOC: 100.0%",0
2026-01-01T13:00:30Z,GRID_PASS,100.0,0.0,"B1 logic. V: 0.973, SOC: 100.0%",0
2026-01-01T13:00:35Z,GRID_PASS,100.0,0.0,"B1 logic. V: 0.973, SOC: 100.0%",0
2026-01-01T13:00:40Z,GRID_PASS,100.0,0.0,"B1 logic. V: 0.973, SOC: 100.0%",0
2026-01-01T13:00:45Z,GRID_PASS,100.0,0.0,"B1 logic. V: 0.973, SOC: 100.0%",0
2026-01-01T13:00:50Z,GRID_PASS,100.0,0.0,"B1 logic. V: 0.973, SOC: 100.0%",0
2026-01-01T13:00:55Z,GRID_PASS,100.0,0.0,"B1 logic. V: 0.973, SOC: 100.0%",0
2026-01-01T13:01:00Z,GRID_PASS,100.0,0.0,"B1 logic. V: 0.973, SOC: 100.0%",0
2026-01-01T13:01:05Z,GRID_PASS,100.0,0.0,"B1 logic. V: 0.973, SOC: 100.0%",0
2026-01-01T13:01:10Z,GRID_PASS,100.0,0.0,"B1 logic. V: 0.973, SOC: 100.0%",0
2026-01-01T13:01:15Z,GRID_PASS,100.0,0.0,"B1 logic. V: 0.973, SOC: 100.0%",0
2026-01-01T13:01:20Z,GRID_PASS,100.0,0.0,"B1 logic. V: 0.973, SOC: 100.0%",0
2026-01-01T13:01:25Z,GRID_PASS,100.0,0.0,"B1 logic. V: 0.973, SOC: 100.0%",0
2026-01-01T13:01:30Z,GRID_PASS,100.0,0.0,"B1 logic. V: 0.973, SOC: 100.0%",0
2026-01-01T13:01:35Z,GRID_PASS,100.0,0.0,"B1 logic. V: 0.973, SOC: 100.0%",0
2026-01-01T13:01:40Z,GRID_PASS,100.0,0.0,"B1 logic. V: 0.973, SOC: 100.0%",0
2026-01-01T13:01:45Z,GRID_PASS,100.0,0.0,"B1 logic. V: 0.973, SOC: 100.0%",0
2026-01-01T13:01:50Z,GRID_PASS,100.0,0.0,"B1 logic. V: 0.973, SOC: 100.0%",0
2026-01-01T13:01:55Z,GRID_PASS,100.0,0.0,"B1 logic. V: 0.973, SOC: 100.0%",0
2026-01-01T13:02:00Z,GRID_PASS,100.0,0.0,"B1 logic. V: 0.973, SOC: 100.0%",0
2026-01-01T13:02:05Z,GRID_PASS,100.0,0.0,"B1 logic. V: 0.973, SOC: 100.0%",0
2026-01-01T13:02:10Z,GRID_PASS,100.0,0.0,"B1 logic. V: 0.973, SOC: 100.0%",0
2026-01-01T13:02:15Z,GRID_PASS,100.0,0.0,"B1 logic. V: 0.973, SOC: 100.0%",0
2026-01-01T13:02:20Z,GRID_PASS,100.0,0.0,"B1 logic. V: 0.973, SOC: 100.0%",0
2026-01-01T13:02:25Z,GRID_PASS,100.0,0.0,"B1 logic. V: 0.973, SOC: 100.0%",0
2026-01-01T13:02:30Z,GRID_PASS,100.0,0.0,"B1 logic. V: 0.973, SOC: 100.0%",0
2026-01-01T13:02:35Z,GRID_PASS,100.0,0.0,"B1 logic. V: 0.973, SOC: 100.0%",0
2026-01-01T13:02:40Z,GRID_PASS,100.0,0.0,"B1 logic. V: 0.973, SOC: 100.0%",0
2026-01-01T13:02:45Z,GRID_PASS,100.0,0.0,"B1 logic. V: 0.973, SOC: 100.0%",0
2026-01-01T13:02:50Z,GRID_PASS,100.0,0.0,"B1 logic. V: 0.973, SOC: 100.0%",0
2026-01-01T13:02:55Z,GRID_PASS,100.0,0.0,"B1 logic. V: 0.973, SOC: 100.0%",0
2026-01-01T13:03:00Z,GRID_PASS,100.0,0.0,"B1 logic. V: 0.973, SOC: 100.0%",0
2026-01-01T13:03:05Z,GRID_PASS,100.0,0.0,"B1 logic. V: 0.973, SOC: 100.0%",0
2026-01-01T13:03:10Z,GRID_PASS,100.0,0.0,"B1 logic. V: 0.973, SOC: 100.0%",0
2026-01-01T13:03:15Z,GRID_PASS,100.0,0.0,"B1 logic. V: 0.973, SOC: 100.0%",0
2026-01-01T13:03:20Z,GRID_PASS,100.0,0.0,"B1 logic. V: 0.973, SOC: 100.0%",0
2026-01-01T13:03:25Z,GRID_PASS,100.0,0.0,"B1 logic. V: 0.973, SOC: 100.0%",0
2026-01-01T13:03:30Z,GRID_PASS,100.0,0.0,"B1 logic. V: 0.973, SOC: 100.0%",0
2026-01-01T13:03:35Z,GRID_PASS,100.0,0.0,"B1 logic. V: 0.973, SOC: 100.0%",0
2026-01-01T13:03:40Z,GRID_PASS,100.0,0.0,"B1 logic. V: 0.973, SOC: 100.0%",0
2026-01-01T13:03:45Z,GRID_PASS,100.0,0.0,"B1 logic. V: 0.973, SOC: 100.0%",0
2026-01-01T13:03:50Z,GRID_PASS,100.0,0.0,"B1 logic. V: 0.973, SOC: 100.0%",0
2026-01-01T13:03:55Z,GRID_PASS,100.0,0.0,"B1 logic. V: 0.973, SOC: 100.0%",0
2026-01-01T13:04:00Z,GRID_PASS,100.0,0.0,"B1 logic. V: 0.973, SOC: 100.0%",0
2026-01-01T13:04:05Z,GRID_PASS,100.0,0.0,"B1 logic. V: 0.973, SOC: 100.0%",0
2026-01-01T13:04:10Z,GRID_PASS,100.0,0.0,"B1 logic. V: 0.973, SOC: 100.0%",0
2026-01-01T13:04:15Z,GRID_PASS,100.0,0.0,"B1 logic. V: 0.973, SOC: 100.0%",0
2026-01-01T13:04:20Z,GRID_PASS,100.0,0.0,"B1 logic. V: 0.973, SOC: 100.0%",0
2026-01-01T13:04:25Z,GRID_PASS,100.0,0.0,"B1 logic. V: 0.973, SOC: 100.0%",0
2026-01-01T13:04:30Z,GRID_PASS,100.0,0.0,"B1 logic. V: 0.973, SOC: 100.0%",0
2026-01-01T13:04:35Z,GRID_PASS,100.0,0.0,"B1 logic. V: 0.973, SOC: 100.0%",0
2026-01-01T13:04:40Z,GRID_PASS,100.0,0.0,"B1 logic. V: 0.973, SOC: 100.0%",0
2026-01-01T13:04:45Z,GRID_PASS,100.0,0.0,"B1 logic. V: 0.973, SOC: 100.0%",0
2026-01-01T13:04:50Z,GRID_PASS,100.0,0.0,"B1 logic. V: 0.973, SOC: 100.0%",0
2026-01-01T13:04:55Z,GRID_PASS,100.0,0.0,"B1 logic. V: 0.973, SOC: 100.0%",0
2026-01-01T13:05:00Z,GRID_PASS,100.0,0.0,"B1 logic. V: 0.973, SOC: 100.0%",0
2026-01-01T13:05:05Z,GRID_PASS,100.0,0.0,"B1 logic. V: 0.973, SOC: 100.0%",0
2026-01-01T13:05:10Z,GRID_PASS,100.0,0.0,"B1 logic. V: 0.973, SOC: 100.0%",0
2026-01-01T13:05:15Z,GRID_PASS,100.0,0.0,"B1 logic. V: 0.973, SOC: 100.0%",0
2026-01-01T13:05:20Z,GRID_PASS,100.0,0.0,"B1 logic. V: 0.973, SOC: 100.0%",0
2026-01-01T13:05:25Z,GRID_PASS,100.0,0.0,"B1 logic. V: 0.973, SOC: 100.0%",0
2026-01-01T13:05:30Z,GRID_PASS,100.0,0.0,"B1 logic. V: 0.973, SOC: 100.0%",0
2026-01-01T13:05:35Z,GRID_PASS,100.0,0.0,"B1 logic. V: 0.973, SOC: 100.0%",0
2026-01-01T13:05:40Z,GRID_PASS,100.0,0.0,"B1 logic. V: 0.973, SOC: 100.0%",0
2026-01-01T13:05:45Z,GRID_PASS,100.0,0.0,"B1 logic. V: 0.973, SOC: 100.0%",0
2026-01-01T13:05:50Z,GRID_PASS,100.0,0.0,"B1 logic. V: 0.973, SOC: 100.0%",0
2026-01-01T13:05:55Z,GRID_PASS,100.0,0.0,"B1 logic. V: 0.973, SOC: 100.0%",0
2026-01-01T13:06:00Z,GRID_PASS,100.0,0.0,"B1 logic. V: 0.973, SOC: 100.0%",0
2026-01-01T13:06:05Z,GRID_PASS,100.0,0.0,"B1 logic. V: 0.973, SOC: 100.0%",0
2026-01-01T13:06:10Z,GRID_PASS,100.0,0.0,"B1 logic. V: 0.973, SOC: 100.0%",0
2026-01-01T13:06:15Z,GRID_PASS,100.0,0.0,"B1 logic. V: 0.973, SOC: 100.0%",0
2026-01-01T13:06:20Z,GRID_PASS,100.0,0.0,"B1 logic. V: 0.973, SOC: 100.0%",0
2026-01-01T13:06:25Z,GRID_PASS,100.0,0.0,"B1 logic. V: 0.973, SOC: 100.0%",0
2026-01-01T13:06:30Z,GRID_PASS,100.0,0.0,"B1 logic. V: 0.973, SOC: 100.0%",0
2026-01-01T13:06:35Z,GRID_PASS,100.0,0.0,"B1 logic. V: 0.973, SOC: 100.0%",0
2026-01-01T13:06:40Z,GRID_PASS,100.0,0.0,"B1 logic. V: 0.973, SOC: 100.0%",0
2026-01-01T13:06:45Z,GRID_PASS,100.0,0.0,"B1 logic. V: 0.973, SOC: 100.0%",0
2026-01-01T13:06:50Z,GRID_PASS,100.0,0.0,"B1 logic. V: 0.973, SOC: 100.0%",0
2026-01-01T13:06:55Z,GRID_PASS,100.0,0.0,"B1 logic. V: 0.973, SOC: 100.0%",0
2026-01-01T13:07:00Z,GRID_PASS,100.0,0.0,"B1 logic. V: 0.973, SOC: 100.0%",0
2026-01-01T13:07:05Z,GRID_PASS,100.0,0.0,"B1 logic. V: 0.973, SOC: 100.0%",0
2026-01-01T13:07:10Z,GRID_PASS,100.0,0.0,"B1 logic. V: 0.973, SOC: 100.0%",0
2026-01-01T13:07:15Z,GRID_PASS,100.0,0.0,"B1 logic. V: 0.973, SOC: 100.0%",0
2026-01-01T13:07:20Z,GRID_PASS,100.0,0.0,"B1 logic. V: 0.973, SOC: 100.0%",0
2026-01-01T13:07:25Z,GRID_PASS,100.0,0.0,"B1 logic. V: 0.973, SOC: 100.0%",0
2026-01-01T13:07:30Z,GRID_PASS,100.0,0.0,"B1 logic. V: 0.973, SOC: 100.0%",0
2026-01-01T13:07:35Z,GRID_PASS,100.0,0.0,"B1 logic. V: 0.973, SOC: 100.0%",0
2026-01-01T13:07:40Z,GRID_PASS,100.0,0.0,"B1 logic. V: 0.973, SOC: 100.0%",0
2026-01-01T13:07:45Z,GRID_PASS,100.0,0.0,"B1 logic. V: 0.973, SOC: 100.0%",0
2026-01-01T13:07:50Z,GRID_PASS,100.0,0.0,"B1 logic. V: 0.973, SOC: 100.0%",0
2026-01-01T13:07:55Z,GRID_PASS,100.0,0.0,"B1 logic. V: 0.973, SOC: 100.0%",0
2026-01-01T13:08:00Z,GRID_PASS,100.0,0.0,"B1 logic. V: 0.973, SOC: 100.0%",0
2026-01-01T13:08:05Z,GRID_PASS,100.0,0.0,"B1 logic. V: 0.973, SOC: 100.0%",0
2026-01-01T13:08:10Z,GRID_PASS,100.0,0.0,"B1 logic. V: 0.973, SOC: 100.0%",0
2026-01-01T13:08:15Z,GRID_PASS,100.0,0.0,"B1 logic. V: 0.973, SOC: 100.0%",0
2026-01-01T13:08:20Z,GRID_PASS,100.0,0.0,"B1 logic. V: 0.973, SOC: 100.0%",0
2026-01-01T13:08:25Z,GRID_PASS,100.0,0.0,"B1 logic. V: 0.973, SOC: 100.0%",0
2026-01-01T13:08:30Z,GRID_PASS,100.0,0.0,"B1 logic. V: 0.973, SOC: 100.0%",0
2026-01-01T13:08:35Z,GRID_PASS,100.0,0.0,"B1 logic. V: 0.973, SOC: 100.0%",0
2026-01-01T13:08:40Z,GRID_PASS,100.0,0.0,"B1 logic. V: 0.973, SOC: 100.0%",0
2026-01-01T13:08:45Z,GRID_PASS,100.0,0.0,"B1 logic. V: 0.973, SOC: 100.0%",0
2026-01-01T13:08:50Z,GRID_PASS,100.0,0.0,"B1 logic. V: 0.973, SOC: 100.0%",0
2026-01-01T13:08:55Z,GRID_PASS,100.0,0.0,"B1 logic. V: 0.973, SOC: 100.0%",0
2026-01-01T13:09:00Z,GRID_PASS,100.0,0.0,"B1 logic. V: 0.973, SOC: 100.0%",0
2026-01-01T13:09:05Z,GRID_PASS,100.0,0.0,"B1 logic. V: 0.973, SOC: 100.0%",0
2026-01-01T13:09:10Z,GRID_PASS,100.0,0.0,"B1 logic. V: 0.973, SOC: 100.0%",0
2026-01-01T13:09:15Z,GRID_PASS,100.0,0.0,"B1 logic. V: 0.973, SOC: 100.0%",0
2026-01-01T13:09:20Z,GRID_PASS,100.0,0.0,"B1 logic. V: 0.973, SOC: 100.0%",0
2026-01-01T13:09:25Z,GRID_PASS,100.0,0.0,"B1 logic. V: 0.973, SOC: 100.0%",0
2026-01-01T13:09:30Z,GRID_PASS,100.0,0.0,"B1 logic. V: 0.973, SOC: 100.0%",0
2026-01-01T13:09:35Z,GRID_PASS,100.0,0.0,"B1 logic. V: 0.973, SOC: 100.0%",0
2026-01-01T13:09:40Z,GRID_PASS,100.0,0.0,"B1 logic. V: 0.973, SOC: 100.0%",0
2026-01-01T13:09:45Z,GRID_PASS,100.0,0.0,"B1 logic. V: 0.973, SOC: 100.0%",0
2026-01-01T13:09:50Z,GRID_PASS,100.0,0.0,"B1 logic. V: 0.973, SOC: 100.0%",0
2026-01-01T13:09:55Z,GRID_PASS,100.0,0.0,"B1 logic. V: 0.973, SOC: 100.0%",0
2026-01-01T13:10:00Z,GRID_PASS,100.0,0.0,"B1 logic. V: 0.973, SOC: 100.0%",0
2026-01-01T13:10:05Z,GRID_PASS,100.0,0.0,"B1 logic. V: 0.973, SOC: 100.0%",0
2026-01-01T13:10:10Z,GRID_PASS,100.0,0.0,"B1 logic. V: 0.973, SOC: 100.0%",0
2026-01-01T13:10:15Z,GRID_PASS,100.0,0.0,"B1 logic. V: 0.973, SOC: 100.0%",0
2026-01-01T13:10:20Z,GRID_PASS,100.0,0.0,"B1 logic. V: 0.973, SOC: 100.0%",0
2026-01-01T13:10:25Z,GRID_PASS,100.0,0.0,"B1 logic. V: 0.973, SOC: 100.0%",0
2026-01-01T13:10:30Z,GRID_PASS,100.0,0.0,"B1 logic. V: 0.973, SOC: 100.0%",0
2026-01-01T13:10:35Z,GRID_PASS,100.0,0.0,"B1 logic. V: 0.973, SOC: 100.0%",0
2026-01-01T13:10:40Z,GRID_PASS,100.0,0.0,"B1 logic. V: 0.973, SOC: 100.0%",0
2026-01-01T13:10:45Z,GRID_PASS,100.0,0.0,"B1 logic. V: 0.973, SOC: 100.0%",0
2026-01-01T13:10:50Z,GRID_PASS,100.0,0.0,"B1 logic. V: 0.973, SOC: 100.0%",0
2026-01-01T13:10:55Z,GRID_PASS,100.0,0.0,"B1 logic. V: 0.973, SOC: 100.0%",0
2026-01-01T13:11:00Z,GRID_PASS,100.0,0.0,"B1 logic. V: 0.973, SOC: 100.0%",0
2026-01-01T13:11:05Z,GRID_PASS,100.0,0.0,"B1 logic. V: 0.973, SOC: 100.0%",0
2026-01-01T13:11:10Z,GRID_PASS,100.0,0.0,"B1 logic. V: 0.973, SOC: 100.0%",0
2026-01-01T13:11:15Z,GRID_PASS,100.0,0.0,"B1 logic. V: 0.973, SOC: 100.0%",0
2026-01-01T13:11:20Z,GRID_PASS,100.0,0.0,"B1 logic. V: 0.973, SOC: 100.0%",0
2026-01-01T13:11:25Z,GRID_PASS,100.0,0.0,"B1 logic. V: 0.973, SOC: 100.0%",0
2026-01-01T13:11:30Z,GRID_PASS,100.0,0.0,"B1 logic. V: 0.973, SOC: 100.0%",0
2026-01-01T13:11:35Z,GRID_PASS,100.0,0.0,"B1 logic. V: 0.973, SOC: 100.0%",0
2026-01-01T13:11:40Z,GRID_PASS,100.0,0.0,"B1 logic. V: 0.973, SOC: 100.0%",0
2026-01-01T13:11:45Z,GRID_PASS,100.0,0.0,"B1 logic. V: 0.973, SOC: 100.0%",0
2026-01-01T13:11:50Z,GRID_PASS,100.0,0.0,"B1 logic. V: 0.973, SOC: 100.0%",0
2026-01-01T13:11:55Z,GRID_PASS,100.0,0.0,"B1 logic. V: 0.973, SOC: 100.0%",0
2026-01-01T13:12:00Z,GRID_PASS,100.0,0.0,"B1 logic. V: 0.973, SOC: 100.0%",0
2026-01-01T13:12:05Z,GRID_PASS,100.0,0.0,"B1 logic. V: 0.973, SOC: 100.0%",0
2026-01-01T13:12:10Z,GRID_PASS,100.0,0.0,"B1 logic. V: 0.973, SOC: 100.0%",0
2026-01-01T13:12:15Z,GRID_PASS,100.0,0.0,"B1 logic. V: 0.973, SOC: 100.0%",0
2026-01-01T13:12:20Z,GRID_PASS,100.0,0.0,"B1 logic. V: 0.973, SOC: 100.0%",0
2026-01-01T13:12:25Z,GRID_PASS,100.0,0.0,"B1 logic. V: 0.973, SOC: 100.0%",0
2026-01-01T13:12:30Z,GRID_PASS,100.0,0.0,"B1 logic. V: 0.973, SOC: 100.0%",0
2026-01-01T13:12:35Z,GRID_PASS,100.0,0.0,"B1 logic. V: 0.973, SOC: 100.0%",0
2026-01-01T13:12:40Z,GRID_PASS,100.0,0.0,"B1 logic. V: 0.973, SOC: 100.0%",0
2026-01-01T13:12:45Z,GRID_PASS,100.0,0.0,"B1 logic. V: 0.973, SOC: 100.0%",0
2026-01-01T13:12:50Z,GRID_PASS,100.0,0.0,"B1 logic. V: 0.973, SOC: 100.0%",0
2026-01-01T13:12:55Z,GRID_PASS,100.0,0.0,"B1 logic. V: 0.973, SOC: 100.0%",0
2026-01-01T13:13:00Z,GRID_PASS,100.0,0.0,"B1 logic. V: 0.973, SOC: 100.0%",0
2026-01-01T13:13:05Z,GRID_PASS,100.0,0.0,"B1 logic. V: 0.973, SOC: 100.0%",0
2026-01-01T13:13:10Z,GRID_PASS,100.0,0.0,"B1 logic. V: 0.973, SOC: 100.0%",0
2026-01-01T13:13:15Z,GRID_PASS,100.0,0.0,"B1 logic. V: 0.973, SOC: 100.0%",0
2026-01-01T13:13:20Z,GRID_PASS,100.0,0.0,"B1 logic. V: 0.973, SOC: 100.0%",0
2026-01-01T13:13:25Z,GRID_PASS,100.0,0.0,"B1 logic. V: 0.973, SOC: 100.0%",0
2026-01-01T13:13:30Z,GRID_PASS,100.0,0.0,"B1 logic. V: 0.973, SOC: 100.0%",0
2026-01-01T13:13:35Z,GRID_PASS,100.0,0.0,"B1 logic. V: 0.973, SOC: 100.0%",0
2026-01-01T13:13:40Z,GRID_PASS,100.0,0.0,"B1 logic. V: 0.973, SOC: 100.0%",0
2026-01-01T13:13:45Z,GRID_PASS,100.0,0.0,"B1 logic. V: 0.973, SOC: 100.0%",0
2026-01-01T13:13:50Z,GRID_PASS,100.0,0.0,"B1 logic. V: 0.973, SOC: 100.0%",0
2026-01-01T13:13:55Z,GRID_PASS,100.0,0.0,"B1 logic. V: 0.973, SOC: 100.0%",0
2026-01-01T13:14:00Z,GRID_PASS,100.0,0.0,"B1 logic. V: 0.973, SOC: 100.0%",0
2026-01-01T13:14:05Z,GRID_PASS,100.0,0.0,"B1 logic. V: 0.973, SOC: 100.0%",0
2026-01-01T13:14:10Z,GRID_PASS,100.0,0.0,"B1 logic. V: 0.973, SOC: 100.0%",0
2026-01-01T13:14:15Z,GRID_PASS,100.0,0.0,"B1 logic. V: 0.973, SOC: 100.0%",0
2026-01-01T13:14:20Z,GRID_PASS,100.0,0.0,"B1 logic. V: 0.973, SOC: 100.0%",0
2026-01-01T13:14:25Z,GRID_PASS,100.0,0.0,"B1 logic. V: 0.973, SOC: 100.0%",0
2026-01-01T13:14:30Z,GRID_PASS,100.0,0.0,"B1 logic. V: 0.973, SOC: 100.0%",0
2026-01-01T13:14:35Z,GRID_PASS,100.0,0.0,"B1 logic. V: 0.973, SOC: 100.0%",0
2026-01-01T13:14:40Z,GRID_PASS,100.0,0.0,"B1 logic. V: 0.973, SOC: 100.0%",0
2026-01-01T13:14:45Z,GRID_PASS,100.0,0.0,"B1 logic. V: 0.973, SOC: 100.0%",0
2026-01-01T13:14:50Z,GRID_PASS,100.0,0.0,"B1 logic. V: 0.973, SOC: 100.0%",0
2026-01-01T13:14:55Z,GRID_PASS,100.0,0.0,"B1 logic. V: 0.973, SOC: 100.0%",0
2026-01-01T13:15:00Z,GRID_PASS,100.0,0.0,"B1 logic. V: 0.973, SOC: 100.0%",0
2026-01-01T13:15:05Z,GRID_PASS,100.0,0.0,"B1 logic. V: 0.973, SOC: 100.0%",0
2026-01-01T13:15:10Z,GRID_PASS,100.0,0.0,"B1 logic. V: 0.973, SOC: 100.0%",0
2026-01-01T13:15:15Z,GRID_PASS,100.0,0.0,"B1 logic. V: 0.973, SOC: 100.0%",0
2026-01-01T13:15:20Z,GRID_PASS,100.0,0.0,"B1 logic. V: 0.973, SOC: 100.0%",0
2026-01-01T13:15:25Z,GRID_PASS,100.0,0.0,"B1 logic. V: 0.973, SOC: 100.0%",0
2026-01-01T13:15:30Z,GRID_PASS,100.0,0.0,"B1 logic. V: 0.973, SOC: 100.0%",0
2026-01-01T13:15:35Z,GRID_PASS,100.0,0.0,"B1 logic. V: 0.973, SOC: 100.0%",0
2026-01-01T13:15:40Z,GRID_PASS,100.0,0.0,"B1 logic. V: 0.973, SOC: 100.0%",0
2026-01-01T13:15:45Z,GRID_PASS,100.0,0.0,"B1 logic. V: 0.973, SOC: 100.0%",0
2026-01-01T13:15:50Z,GRID_PASS,100.0,0.0,"B1 logic. V: 0.973, SOC: 100.0%",0
2026-01-01T13:15:55Z,GRID_PASS,100.0,0.0,"B1 logic. V: 0.973, SOC: 100.0%",0
2026-01-01T13:16:00Z,GRID_PASS,100.0,0.0,"B1 logic. V: 0.973, SOC: 100.0%",0
2026-01-01T13:16:05Z,GRID_PASS,100.0,0.0,"B1 logic. V: 0.973, SOC: 100.0%",0
2026-01-01T13:16:10Z,GRID_PASS,100.0,0.0,"B1 logic. V: 0.973, SOC: 100.0%",0
2026-01-01T13:16:15Z,GRID_PASS,100.0,0.0,"B1 logic. V: 0.973, SOC: 100.0%",0
2026-01-01T13:16:20Z,GRID_PASS,100.0,0.0,"B1 logic. V: 0.973, SOC: 100.0%",0
2026-01-01T13:16:25Z,GRID_PASS,100.0,0.0,"B1 logic. V: 0.973, SOC: 100.0%",0
2026-01-01T13:16:30Z,GRID_PASS,100.0,0.0,"B1 logic. V: 0.973, SOC: 100.0%",0
2026-01-01T13:16:35Z,GRID_PASS,100.0,0.0,"B1 logic. V: 0.973, SOC: 100.0%",0
2026-01-01T13:16:40Z,GRID_PASS,100.0,0.0,"B1 logic. V: 0.973, SOC: 100.0%",0
2026-01-01T13:16:45Z,GRID_PASS,100.0,0.0,"B1 logic. V: 0.973, SOC: 100.0%",0
2026-01-01T13:16:50Z,GRID_PASS,100.0,0.0,"B1 logic. V: 0.973, SOC: 100.0%",0
2026-01-01T13:16:55Z,GRID_PASS,100.0,0.0,"B1 logic. V: 0.973, SOC: 100.0%",0
2026-01-01T13:17:00Z,GRID_PASS,100.0,0.0,"B1 logic. V: 0.973, SOC: 100.0%",0
2026-01-01T13:17:05Z,GRID_PASS,100.0,0.0,"B1 logic. V: 0.973, SOC: 100.0%",0
2026-01-01T13:17:10Z,GRID_PASS,100.0,0.0,"B1 logic. V: 0.973, SOC: 100.0%",0
2026-01-01T13:17:15Z,GRID_PASS,100.0,0.0,"B1 logic. V: 0.973, SOC: 100.0%",0
2026-01-01T13:17:20Z,GRID_PASS,100.0,0.0,"B1 logic. V: 0.973, SOC: 100.0%",0
2026-01-01T13:17:25Z,GRID_PASS,100.0,0.0,"B1 logic. V: 0.973, SOC: 100.0%",0
2026-01-01T13:17:30Z,GRID_PASS,100.0,0.0,"B1 logic. V: 0.973, SOC: 100.0%",0
2026-01-01T13:17:35Z,GRID_PASS,100.0,0.0,"B1 logic. V: 0.973, SOC: 100.0%",0
2026-01-01T13:17:40Z,GRID_PASS,100.0,0.0,"B1 logic. V: 0.973, SOC: 100.0%",0
2026-01-01T13:17:45Z,GRID_PASS,100.0,0.0,"B1 logic. V: 0.973, SOC: 100.0%",0
2026-01-01T13:17:50Z,GRID_PASS,100.0,0.0,"B1 logic. V: 0.973, SOC: 100.0%",0
2026-01-01T13:17:55Z,GRID_PASS,100.0,0.0,"B1 logic. V: 0.973, SOC: 100.0%",0
2026-01-01T13:18:00Z,GRID_PASS,100.0,0.0,"B1 logic. V: 0.973, SOC: 100.0%",0
2026-01-01T13:18:05Z,GRID_PASS,100.0,0.0,"B1 logic. V: 0.973, SOC: 100.0%",0
2026-01-01T13:18:10Z,GRID_PASS,100.0,0.0,"B1 logic. V: 0.973, SOC: 100.0%",0
2026-01-01T13:18:15Z,GRID_PASS,100.0,0.0,"B1 logic. V: 0.973, SOC: 100.0%",0
2026-01-01T13:18:20Z,GRID_PASS,100.0,0.0,"B1 logic. V: 0.973, SOC: 100.0%",0
2026-01-01T13:18:25Z,GRID_PASS,100.0,0.0,"B1 logic. V: 0.973, SOC: 100.0%",0
2026-01-01T13:18:30Z,GRID_PASS,100.0,0.0,"B1 logic. V: 0.973, SOC: 100.0%",0
2026-01-01T13:18:35Z,GRID_PASS,100.0,0.0,"B1 logic. V: 0.973, SOC: 100.0%",0
2026-01-01T13:18:40Z,GRID_PASS,100.0,0.0,"B1 logic. V: 0.973, SOC: 100.0%",0
2026-01-01T13:18:45Z,GRID_PASS,100.0,0.0,"B1 logic. V: 0.973, SOC: 100.0%",0
2026-01-01T13:18:50Z,GRID_PASS,100.0,0.0,"B1 logic. V: 0.973, SOC: 100.0%",0
2026-01-01T13:18:55Z,GRID_PASS,100.0,0.0,"B1 logic. V: 0.973, SOC: 100.0%",0
2026-01-01T13:19:00Z,GRID_PASS,100.0,0.0,"B1 logic. V: 0.973, SOC: 100.0%",0
2026-01-01T13:19:05Z,GRID_PASS,100.0,0.0,"B1 logic. V: 0.973, SOC: 100.0%",0
2026-01-01T13:19:10Z,GRID_PASS,100.0,0.0,"B1 logic. V: 0.973, SOC: 100.0%",0
2026-01-01T13:19:15Z,GRID_PASS,100.0,0.0,"B1 logic. V: 0.973, SOC: 100.0%",0
2026-01-01T13:19:20Z,GRID_PASS,100.0,0.0,"B1 logic. V: 0.973, SOC: 100.0%",0
2026-01-01T13:19:25Z,GRID_PASS,100.0,0.0,"B1 logic. V: 0.973, SOC: 100.0%",0
2026-01-01T13:19:30Z,GRID_PASS,100.0,0.0,"B1 logic. V: 0.973, SOC: 100.0%",0
2026-01-01T13:19:35Z,GRID_PASS,100.0,0.0,"B1 logic. V: 0.973, SOC: 100.0%",0
2026-01-01T13:19:40Z,GRID_PASS,100.0,0.0,"B1 logic. V: 0.973, SOC: 100.0%",0
2026-01-01T13:19:45Z,GRID_PASS,100.0,0.0,"B1 logic. V: 0.973, SOC: 100.0%",0
2026-01-01T13:19:50Z,GRID_PASS,100.0,0.0,"B1 logic. V: 0.973, SOC: 100.0%",0
2026-01-01T13:19:55Z,GRID_PASS,100.0,0.0,"B1 logic. V: 0.973, SOC: 100.0%",0
2026-01-01T13:20:00Z,GRID_PASS,100.0,0.0,"B1 logic. V: 0.973, SOC: 100.0%",0
2026-01-01T13:20:05Z,GRID_PASS,100.0,0.0,"B1 logic. V: 0.973, SOC: 100.0%",0
2026-01-01T13:20:10Z,GRID_PASS,100.0,0.0,"B1 logic. V: 0.973, SOC: 100.0%",0
2026-01-01T13:20:15Z,GRID_PASS,100.0,0.0,"B1 logic. V: 0.973, SOC: 100.0%",0
2026-01-01T13:20:20Z,GRID_PASS,100.0,0.0,"B1 logic. V: 0.973, SOC: 100.0%",0
2026-01-01T13:20:25Z,GRID_PASS,100.0,0.0,"B1 logic. V: 0.973, SOC: 100.0%",0
2026-01-01T13:20:30Z,GRID_PASS,100.0,0.0,"B1 logic. V: 0.973, SOC: 100.0%",0
2026-01-01T13:20:35Z,GRID_PASS,100.0,0.0,"B1 logic. V: 0.973, SOC: 100.0%",0
2026-01-01T13:20:40Z,GRID_PASS,100.0,0.0,"B1 logic. V: 0.973, SOC: 100.0%",0
2026-01-01T13:20:45Z,GRID_PASS,100.0,0.0,"B1 logic. V: 0.973, SOC: 100.0%",0
2026-01-01T13:20:50Z,GRID_PASS,100.0,0.0,"B1 logic. V: 0.973, SOC: 100.0%",0
2026-01-01T13:20:55Z,GRID_PASS,100.0,0.0,"B1 logic. V: 0.973, SOC: 100.0%",0
2026-01-01T13:21:00Z,GRID_PASS,100.0,0.0,"B1 logic. V: 0.973, SOC: 100.0%",0
2026-01-01T13:21:05Z,GRID_PASS,100.0,0.0,"B1 logic. V: 0.973, SOC: 100.0%",0
2026-01-01T13:21:10Z,GRID_PASS,100.0,0.0,"B1 logic. V: 0.973, SOC: 100.0%",0
2026-01-01T13:21:15Z,GRID_PASS,100.0,0.0,"B1 logic. V: 0.973, SOC: 100.0%",0
2026-01-01T13:21:20Z,GRID_PASS,100.0,0.0,"B1 logic. V: 0.973, SOC: 100.0%",0
2026-01-01T13:21:25Z,GRID_PASS,100.0,0.0,"B1 logic. V: 0.973, SOC: 100.0%",0
2026-01-01T13:21:30Z,GRID_PASS,100.0,0.0,"B1 logic. V: 0.973, SOC: 100.0%",0
2026-01-01T13:21:35Z,GRID_PASS,100.0,0.0,"B1 logic. V: 0.973, SOC: 100.0%",0
2026-01-01T13:21:40Z,GRID_PASS,100.0,0.0,"B1 logic. V: 0.973, SOC: 100.0%",0
2026-01-01T13:21:45Z,GRID_PASS,100.0,0.0,"B1 logic. V: 0.973, SOC: 100.0%",0
2026-01-01T13:21:50Z,GRID_PASS,100.0,0.0,"B1 logic. V: 0.973, SOC: 100.0%",0
2026-01-01T13:21:55Z,GRID_PASS,100.0,0.0,"B1 logic. V: 0.973, SOC: 100.0%",0
2026-01-01T13:22:00Z,GRID_PASS,100.0,0.0,"B1 logic. V: 0.973, SOC: 100.0%",0
2026-01-01T13:22:05Z,GRID_PASS,100.0,0.0,"B1 logic. V: 0.973, SOC: 100.0%",0
2026-01-01T13:22:10Z,GRID_PASS,100.0,0.0,"B1 logic. V: 0.973, SOC: 100.0%",0
2026-01-01T13:22:15Z,GRID_PASS,100.0,0.0,"B1 logic. V: 0.973, SOC: 100.0%",0
2026-01-01T13:22:20Z,GRID_PASS,100.0,0.0,"B1 logic. V: 0.973, SOC: 100.0%",0
2026-01-01T13:22:25Z,GRID_PASS,100.0,0.0,"B1 logic. V: 0.973, SOC: 100.0%",0
2026-01-01T13:22:30Z,GRID_PASS,100.0,0.0,"B1 logic. V: 0.973, SOC: 100.0%",0
2026-01-01T13:22:35Z,GRID_PASS,100.0,0.0,"B1 logic. V: 0.973, SOC: 100.0%",0
2026-01-01T13:22:40Z,GRID_PASS,100.0,0.0,"B1 logic. V: 0.973, SOC: 100.0%",0
2026-01-01T13:22:45Z,GRID_PASS,100.0,0.0,"B1 logic. V: 0.973, SOC: 100.0%",0
2026-01-01T13:22:50Z,GRID_PASS,100.0,0.0,"B1 logic. V: 0.973, SOC: 100.0%",0
2026-01-01T13:22:55Z,GRID_PASS,100.0,0.0,"B1 logic. V: 0.973, SOC: 100.0%",0
2026-01-01T13:23:00Z,GRID_PASS,100.0,0.0,"B1 logic. V: 0.973, SOC: 100.0%",0
2026-01-01T13:23:05Z,GRID_PASS,100.0,0.0,"B1 logic. V: 0.973, SOC: 100.0%",0
2026-01-01T13:23:10Z,GRID_PASS,100.0,0.0,"B1 logic. V: 0.973, SOC: 100.0%",0
2026-01-01T13:23:15Z,GRID_PASS,100.0,0.0,"B1 logic. V: 0.973, SOC: 100.0%",0
2026-01-01T13:23:20Z,GRID_PASS,100.0,0.0,"B1 logic. V: 0.973, SOC: 100.0%",0
2026-01-01T13:23:25Z,GRID_PASS,100.0,0.0,"B1 logic. V: 0.973, SOC: 100.0%",0
2026-01-01T13:23:30Z,GRID_PASS,100.0,0.0,"B1 logic. V: 0.973, SOC: 100.0%",0
2026-01-01T13:23:35Z,GRID_PASS,100.0,0.0,"B1 logic. V: 0.973, SOC: 100.0%",0
2026-01-01T13:23:40Z,GRID_PASS,100.0,0.0,"B1 logic. V: 0.973, SOC: 100.0%",0
2026-01-01T13:23:45Z,GRID_PASS,100.0,0.0,"B1 logic. V: 0.973, SOC: 100.0%",0
2026-01-01T13:23:50Z,GRID_PASS,100.0,0.0,"B1 logic. V: 0.973, SOC: 100.0%",0
2026-01-01T13:23:55Z,GRID_PASS,100.0,0.0,"B1 logic. V: 0.973, SOC: 100.0%",0
2026-01-01T13:24:00Z,GRID_PASS,100.0,0.0,"B1 logic. V: 0.973, SOC: 100.0%",0
2026-01-01T13:24:05Z,GRID_PASS,100.0,0.0,"B1 logic. V: 0.973, SOC: 100.0%",0
2026-01-01T13:24:10Z,GRID_PASS,100.0,0.0,"B1 logic. V: 0.973, SOC: 100.0%",0
2026-01-01T13:24:15Z,GRID_PASS,100.0,0.0,"B1 logic. V: 0.973, SOC: 100.0%",0
2026-01-01T13:24:20Z,GRID_PASS,100.0,0.0,"B1 logic. V: 0.973, SOC: 100.0%",0
2026-01-01T13:24:25Z,GRID_PASS,100.0,0.0,"B1 logic. V: 0.973, SOC: 100.0%",0
2026-01-01T13:24:30Z,GRID_PASS,100.0,0.0,"B1 logic. V: 0.973, SOC: 100.0%",0
2026-01-01T13:24:35Z,GRID_PASS,100.0,0.0,"B1 logic. V: 0.973, SOC: 100.0%",0
2026-01-01T13:24:40Z,GRID_PASS,100.0,0.0,"B1 logic. V: 0.973, SOC: 100.0%",0
2026-01-01T13:24:45Z,GRID_PASS,100.0,0.0,"B1 logic. V: 0.973, SOC: 100.0%",0
2026-01-01T13:24:50Z,GRID_PASS,100.0,0.0,"B1 logic. V: 0.973, SOC: 100.0%",0
2026-01-01T13:24:55Z,GRID_PASS,100.0,0.0,"B1 logic. V: 0.973, SOC: 100.0%",0
2026-01-01T13:25:00Z,GRID_PASS,100.0,0.0,"B1 logic. V: 0.973, SOC: 100.0%",0
2026-01-01T13:25:05Z,GRID_PASS,100.0,0.0,"B1 logic. V: 0.973, SOC: 100.0%",0
2026-01-01T13:25:10Z,GRID_PASS,100.0,0.0,"B1 logic. V: 0.973, SOC: 100.0%",0
2026-01-01T13:25:15Z,GRID_PASS,100.0,0.0,"B1 logic. V: 0.973, SOC: 100.0%",0
2026-01-01T13:25:20Z,GRID_PASS,100.0,0.0,"B1 logic. V: 0.973, SOC: 100.0%",0
2026-01-01T13:25:25Z,GRID_PASS,100.0,0.0,"B1 logic. V: 0.973, SOC: 100.0%",0
2026-01-01T13:25:30Z,GRID_PASS,100.0,0.0,"B1 logic. V: 0.973, SOC: 100.0%",0
2026-01-01T13:25:35Z,GRID_PASS,100.0,0.0,"B1 logic. V: 0.973, SOC: 100.0%",0
2026-01-01T13:25:40Z,GRID_PASS,100.0,0.0,"B1 logic. V: 0.973, SOC: 100.0%",0
2026-01-01T13:25:45Z,GRID_PASS,100.0,0.0,"B1 logic. V: 0.973, SOC: 100.0%",0
2026-01-01T13:25:50Z,GRID_PASS,100.0,0.0,"B1 logic. V: 0.973, SOC: 100.0%",0
2026-01-01T13:25:55Z,GRID_PASS,100.0,0.0,"B1 logic. V: 0.973, SOC: 100.0%",0
2026-01-01T13:26:00Z,GRID_PASS,100.0,0.0,"B1 logic. V: 0.973, SOC: 100.0%",0
2026-01-01T13:26:05Z,GRID_PASS,100.0,0.0,"B1 logic. V: 0.973, SOC: 100.0%",0
2026-01-01T13:26:10Z,GRID_PASS,100.0,0.0,"B1 logic. V: 0.973, SOC: 100.0%",0
2026-01-01T13:26:15Z,GRID_PASS,100.0,0.0,"B1 logic. V: 0.973, SOC: 100.0%",0
2026-01-01T13:26:20Z,GRID_PASS,100.0,0.0,"B1 logic. V: 0.973, SOC: 100.0%",0
2026-01-01T13:26:25Z,GRID_PASS,100.0,0.0,"B1 logic. V: 0.973, SOC: 100.0%",0
2026-01-01T13:26:30Z,GRID_PASS,100.0,0.0,"B1 logic. V: 0.973, SOC: 100.0%",0
2026-01-01T13:26:35Z,GRID_PASS,100.0,0.0,"B1 logic. V: 0.973, SOC: 100.0%",0
2026-01-01T13:26:40Z,GRID_PASS,100.0,0.0,"B1 logic. V: 0.973, SOC: 100.0%",0
2026-01-01T13:26:45Z,GRID_PASS,100.0,0.0,"B1 logic. V: 0.973, SOC: 100.0%",0
2026-01-01T13:26:50Z,GRID_PASS,100.0,0.0,"B1 logic. V: 0.973, SOC: 100.0%",0
2026-01-01T13:26:55Z,GRID_PASS,100.0,0.0,"B1 logic. V: 0.973, SOC: 100.0%",0
2026-01-01T13:27:00Z,GRID_PASS,100.0,0.0,"B1 logic. V: 0.973, SOC: 100.0%",0
2026-01-01T13:27:05Z,GRID_PASS,100.0,0.0,"B1 logic. V: 0.973, SOC: 100.0%",0
2026-01-01T13:27:10Z,GRID_PASS,100.0,0.0,"B1 logic. V: 0.973, SOC: 100.0%",0
2026-01-01T13:27:15Z,GRID_PASS,100.0,0.0,"B1 logic. V: 0.973, SOC: 100.0%",0
2026-01-01T13:27:20Z,GRID_PASS,100.0,0.0,"B1 logic. V: 0.973, SOC: 100.0%",0
2026-01-01T13:27:25Z,GRID_PASS,100.0,0.0,"B1 logic. V: 0.973, SOC: 100.0%",0
2026-01-01T13:27:30Z,GRID_PASS,100.0,0.0,"B1 logic. V: 0.973, SOC: 100.0%",0
2026-01-01T13:27:35Z,GRID_PASS,100.0,0.0,"B1 logic. V: 0.973, SOC: 100.0%",0
2026-01-01T13:27:40Z,GRID_PASS,100.0,0.0,"B1 logic. V: 0.973, SOC: 100.0%",0
2026-01-01T13:27:45Z,GRID_PASS,100.0,0.0,"B1 logic. V: 0.973, SOC: 100.0%",0
2026-01-01T13:27:50Z,GRID_PASS,100.0,0.0,"B1 logic. V: 0.973, SOC: 100.0%",0
2026-01-01T13:27:55Z,GRID_PASS,100.0,0.0,"B1 logic. V: 0.973, SOC: 100.0%",0
2026-01-01T13:28:00Z,GRID_PASS,100.0,0.0,"B1 logic. V: 0.973, SOC: 100.0%",0
2026-01-01T13:28:05Z,GRID_PASS,100.0,0.0,"B1 logic. V: 0.973, SOC: 100.0%",0
2026-01-01T13:28:10Z,GRID_PASS,100.0,0.0,"B1 logic. V: 0.973, SOC: 100.0%",0
2026-01-01T13:28:15Z,GRID_PASS,100.0,0.0,"B1 logic. V: 0.973, SOC: 100.0%",0
2026-01-01T13:28:20Z,GRID_PASS,100.0,0.0,"B1 logic. V: 0.973, SOC: 100.0%",0
2026-01-01T13:28:25Z,GRID_PASS,100.0,0.0,"B1 logic. V: 0.973, SOC: 100.0%",0
2026-01-01T13:28:30Z,GRID_PASS,100.0,0.0,"B1 logic. V: 0.973, SOC: 100.0%",0
2026-01-01T13:28:35Z,GRID_PASS,100.0,0.0,"B1 logic. V: 0.973, SOC: 100.0%",0
2026-01-01T13:28:40Z,GRID_PASS,100.0,0.0,"B1 logic. V: 0.973, SOC: 100.0%",0
2026-01-01T13:28:45Z,GRID_PASS,100.0,0.0,"B1 logic. V: 0.973, SOC: 100.0%",0
2026-01-01T13:28:50Z,GRID_PASS,100.0,0.0,"B1 logic. V: 0.973, SOC: 100.0%",0
2026-01-01T13:28:55Z,GRID_PASS,100.0,0.0,"B1 logic. V: 0.973, SOC: 100.0%",0
2026-01-01T13:29:00Z,GRID_PASS,100.0,0.0,"B1 logic. V: 0.973, SOC: 100.0%",0
2026-01-01T13:29:05Z,GRID_PASS,100.0,0.0,"B1 logic. V: 0.973, SOC: 100.0%",0
2026-01-01T13:29:10Z,GRID_PASS,100.0,0.0,"B1 logic. V: 0.973, SOC: 100.0%",0
2026-01-01T13:29:15Z,GRID_PASS,100.0,0.0,"B1 logic. V: 0.973, SOC: 100.0%",0
2026-01-01T13:29:20Z,GRID_PASS,100.0,0.0,"B1 logic. V: 0.973, SOC: 100.0%",0
2026-01-01T13:29:25Z,GRID_PASS,100.0,0.0,"B1 logic. V: 0.973, SOC: 100.0%",0
2026-01-01T13:29:30Z,GRID_PASS,100.0,0.0,"B1 logic. V: 0.973, SOC: 100.0%",0
2026-01-01T13:29:35Z,GRID_PASS,100.0,0.0,"B1 logic. V: 0.973, SOC: 100.0%",0
2026-01-01T13:29:40Z,GRID_PASS,100.0,0.0,"B1 logic. V: 0.973, SOC: 100.0%",0
2026-01-01T13:29:45Z,GRID_PASS,100.0,0.0,"B1 logic. V: 0.973, SOC: 100.0%",0
2026-01-01T13:29:50Z,GRID_PASS,100.0,0.0,"B1 logic. V: 0.973, SOC: 100.0%",0
2026-01-01T13:29:55Z,GRID_PASS,100.0,0.0,"B1 logic. V: 0.973, SOC: 100.0%",0
2026-01-01T13:30:00Z,GRID_PASS,100.0,0.0,"B1 logic. V: 0.973, SOC: 100.0%",0
2026-01-01T13:30:05Z,GRID_PASS,100.0,0.0,"B1 logic. V: 0.973, SOC: 100.0%",0
2026-01-01T13:30:10Z,GRID_PASS,100.0,0.0,"B1 logic. V: 0.973, SOC: 100.0%",0
2026-01-01T13:30:15Z,GRID_PASS,100.0,0.0,"B1 logic. V: 0.973, SOC: 100.0%",0
2026-01-01T13:30:20Z,GRID_PASS,100.0,0.0,"B1 logic. V: 0.973, SOC: 100.0%",0
2026-01-01T13:30:25Z,GRID_PASS,100.0,0.0,"B1 logic. V: 0.973, SOC: 100.0%",0
2026-01-01T13:30:30Z,GRID_PASS,100.0,0.0,"B1 logic. V: 0.973, SOC: 100.0%",0
2026-01-01T13:30:35Z,GRID_PASS,100.0,0.0,"B1 logic. V: 0.973, SOC: 100.0%",0
2026-01-01T13:30:40Z,GRID_PASS,100.0,0.0,"B1 logic. V: 0.973, SOC: 100.0%",0
2026-01-01T13:30:45Z,GRID_PASS,100.0,0.0,"B1 logic. V: 0.973, SOC: 100.0%",0
2026-01-01T13:30:50Z,GRID_PASS,100.0,0.0,"B1 logic. V: 0.973, SOC: 100.0%",0
2026-01-01T13:30:55Z,GRID_PASS,100.0,0.0,"B1 logic. V: 0.973, SOC: 100.0%",0
2026-01-01T13:31:00Z,GRID_PASS,100.0,0.0,"B1 logic. V: 0.973, SOC: 100.0%",0
2026-01-01T13:31:05Z,GRID_PASS,100.0,0.0,"B1 logic. V: 0.973, SOC: 100.0%",0
2026-01-01T13:31:10Z,GRID_PASS,100.0,0.0,"B1 logic. V: 0.973, SOC: 100.0%",0
2026-01-01T13:31:15Z,GRID_PASS,100.0,0.0,"B1 logic. V: 0.973, SOC: 100.0%",0
2026-01-01T13:31:20Z,GRID_PASS,100.0,0.0,"B1 logic. V: 0.973, SOC: 100.0%",0
2026-01-01T13:31:25Z,GRID_PASS,100.0,0.0,"B1 logic. V: 0.973, SOC: 100.0%",0
2026-01-01T13:31:30Z,GRID_PASS,100.0,0.0,"B1 logic. V: 0.973, SOC: 100.0%",0
2026-01-01T13:31:35Z,GRID_PASS,100.0,0.0,"B1 logic. V: 0.973, SOC: 100.0%",0
2026-01-01T13:31:40Z,GRID_PASS,100.0,0.0,"B1 logic. V: 0.973, SOC: 100.0%",0
2026-01-01T13:31:45Z,GRID_PASS,100.0,0.0,"B1 logic. V: 0.973, SOC: 100.0%",0
2026-01-01T13:31:50Z,GRID_PASS,100.0,0.0,"B1 logic. V: 0.973, SOC: 100.0%",0
2026-01-01T13:31:55Z,GRID_PASS,100.0,0.0,"B1 logic. V: 0.973, SOC: 100.0%",0
2026-01-01T13:32:00Z,GRID_PASS,100.0,0.0,"B1 logic. V: 0.973, SOC: 100.0%",0
2026-01-01T13:32:05Z,GRID_PASS,100.0,0.0,"B1 logic. V: 0.973, SOC: 100.0%",0
2026-01-01T13:32:10Z,GRID_PASS,100.0,0.0,"B1 logic. V: 0.973, SOC: 100.0%",0
2026-01-01T13:32:15Z,GRID_PASS,100.0,0.0,"B1 logic. V: 0.973, SOC: 100.0%",0
2026-01-01T13:32:20Z,GRID_PASS,100.0,0.0,"B1 logic. V: 0.973, SOC: 100.0%",0
2026-01-01T13:32:25Z,GRID_PASS,100.0,0.0,"B1 logic. V: 0.973, SOC: 100.0%",0
2026-01-01T13:32:30Z,GRID_PASS,100.0,0.0,"B1 logic. V: 0.973, SOC: 100.0%",0
2026-01-01T13:32:35Z,GRID_PASS,100.0,0.0,"B1 logic. V: 0.973, SOC: 100.0%",0
2026-01-01T13:32:40Z,GRID_PASS,100.0,0.0,"B1 logic. V: 0.973, SOC: 100.0%",0
2026-01-01T13:32:45Z,GRID_PASS,100.0,0.0,"B1 logic. V: 0.973, SOC: 100.0%",0
2026-01-01T13:32:50Z,GRID_PASS,100.0,0.0,"B1 logic. V: 0.973, SOC: 100.0%",0
2026-01-01T13:32:55Z,GRID_PASS,100.0,0.0,"B1 logic. V: 0.973, SOC: 100.0%",0
2026-01-01T13:33:00Z,GRID_PASS,100.0,0.0,"B1 logic. V: 0.973, SOC: 100.0%",0
2026-01-01T13:33:05Z,GRID_PASS,100.0,0.0,"B1 logic. V: 0.973, SOC: 100.0%",0
2026-01-01T13:33:10Z,GRID_PASS,100.0,0.0,"B1 logic. V: 0.973, SOC: 100.0%",0
2026-01-01T13:33:15Z,GRID_PASS,100.0,0.0,"B1 logic. V: 0.973, SOC: 100.0%",0
2026-01-01T13:33:20Z,GRID_PASS,100.0,0.0,"B1 logic. V: 0.973, SOC: 100.0%",0
2026-01-01T13:33:25Z,GRID_PASS,100.0,0.0,"B1 logic. V: 0.973, SOC: 100.0%",0
2026-01-01T13:33:30Z,GRID_PASS,100.0,0.0,"B1 logic. V: 0.973, SOC: 100.0%",0
2026-01-01T13:33:35Z,GRID_PASS,100.0,0.0,"B1 logic. V: 0.973, SOC: 100.0%",0
2026-01-01T13:33:40Z,GRID_PASS,100.0,0.0,"B1 logic. V: 0.973, SOC: 100.0%",0
2026-01-01T13:33:45Z,GRID_PASS,100.0,0.0,"B1 logic. V: 0.973, SOC: 100.0%",0
2026-01-01T13:33:50Z,GRID_PASS,100.0,0.0,"B1 logic. V: 0.973, SOC: 100.0%",0
2026-01-01T13:33:55Z,GRID_PASS,100.0,0.0,"B1 logic. V: 0.973, SOC: 100.0%",0
2026-01-01T13:34:00Z,GRID_PASS,100.0,0.0,"B1 logic. V: 0.973, SOC: 100.0%",0
2026-01-01T13:34:05Z,GRID_PASS,100.0,0.0,"B1 logic. V: 0.973, SOC: 100.0%",0
2026-01-01T13:34:10Z,GRID_PASS,100.0,0.0,"B1 logic. V: 0.973, SOC: 100.0%",0
2026-01-01T13:34:15Z,GRID_PASS,100.0,0.0,"B1 logic. V: 0.973, SOC: 100.0%",0
2026-01-01T13:34:20Z,GRID_PASS,100.0,0.0,"B1 logic. V: 0.973, SOC: 100.0%",0
2026-01-01T13:34:25Z,GRID_PASS,100.0,0.0,"B1 logic. V: 0.973, SOC: 100.0%",0
2026-01-01T13:34:30Z,GRID_PASS,100.0,0.0,"B1 logic. V: 0.973, SOC: 100.0%",0
2026-01-01T13:34:35Z,GRID_PASS,100.0,0.0,"B1 logic. V: 0.973, SOC: 100.0%",0
2026-01-01T13:34:40Z,GRID_PASS,100.0,0.0,"B1 logic. V: 0.973, SOC: 100.0%",0
2026-01-01T13:34:45Z,GRID_PASS,100.0,0.0,"B1 logic. V: 0.973, SOC: 100.0%",0
2026-01-01T13:34:50Z,GRID_PASS,100.0,0.0,"B1 logic. V: 0.973, SOC: 100.0%",0
2026-01-01T13:34:55Z,GRID_PASS,100.0,0.0,"B1 logic. V: 0.973, SOC: 100.0%",0
2026-01-01T13:35:00Z,GRID_PASS,100.0,0.0,"B1 logic. V: 0.973, SOC: 100.0%",0
2026-01-01T13:35:05Z,GRID_PASS,100.0,0.0,"B1 logic. V: 0.973, SOC: 100.0%",0
2026-01-01T13:35:10Z,GRID_PASS,100.0,0.0,"B1 logic. V: 0.973, SOC: 100.0%",0
2026-01-01T13:35:15Z,GRID_PASS,100.0,0.0,"B1 logic. V: 0.973, SOC: 100.0%",0
2026-01-01T13:35:20Z,GRID_PASS,100.0,0.0,"B1 logic. V: 0.973, SOC: 100.0%",0
2026-01-01T13:35:25Z,GRID_PASS,100.0,0.0,"B1 logic. V: 0.973, SOC: 100.0%",0
2026-01-01T13:35:30Z,GRID_PASS,100.0,0.0,"B1 logic. V: 0.973, SOC: 100.0%",0
2026-01-01T13:35:35Z,GRID_PASS,100.0,0.0,"B1 logic. V: 0.973, SOC: 100.0%",0
2026-01-01T13:35:40Z,GRID_PASS,100.0,0.0,"B1 logic. V: 0.973, SOC: 100.0%",0
2026-01-01T13:35:45Z,GRID_PASS,100.0,0.0,"B1 logic. V: 0.973, SOC: 100.0%",0
2026-01-01T13:35:50Z,GRID_PASS,100.0,0.0,"B1 logic. V: 0.973, SOC: 100.0%",0
2026-01-01T13:35:55Z,GRID_PASS,100.0,0.0,"B1 logic. V: 0.973, SOC: 100.0%",0
2026-01-01T13:36:00Z,GRID_PASS,100.0,0.0,"B1 logic. V: 0.973, SOC: 100.0%",0
2026-01-01T13:36:05Z,GRID_PASS,100.0,0.0,"B1 logic. V: 0.973, SOC: 100.0%",0
2026-01-01T13:36:10Z,GRID_PASS,100.0,0.0,"B1 logic. V: 0.973, SOC: 100.0%",0
2026-01-01T13:36:15Z,GRID_PASS,100.0,0.0,"B1 logic. V: 0.973, SOC: 100.0%",0
2026-01-01T13:36:20Z,GRID_PASS,100.0,0.0,"B1 logic. V: 0.973, SOC: 100.0%",0
2026-01-01T13:36:25Z,GRID_PASS,100.0,0.0,"B1 logic. V: 0.973, SOC: 100.0%",0
2026-01-01T13:36:30Z,GRID_PASS,100.0,0.0,"B1 logic. V: 0.973, SOC: 100.0%",0
2026-01-01T13:36:35Z,GRID_PASS,100.0,0.0,"B1 logic. V: 0.973, SOC: 100.0%",0
2026-01-01T13:36:40Z,GRID_PASS,100.0,0.0,"B1 logic. V: 0.973, SOC: 100.0%",0
2026-01-01T13:36:45Z,GRID_PASS,100.0,0.0,"B1 logic. V: 0.973, SOC: 100.0%",0
2026-01-01T13:36:50Z,GRID_PASS,100.0,0.0,"B1 logic. V: 0.973, SOC: 100.0%",0
2026-01-01T13:36:55Z,GRID_PASS,100.0,0.0,"B1 logic. V: 0.973, SOC: 100.0%",0
2026-01-01T13:37:00Z,GRID_PASS,100.0,0.0,"B1 logic. V: 0.973, SOC: 100.0%",0
2026-01-01T13:37:05Z,GRID_PASS,100.0,0.0,"B1 logic. V: 0.973, SOC: 100.0%",0
2026-01-01T13:37:10Z,GRID_PASS,100.0,0.0,"B1 logic. V: 0.973, SOC: 100.0%",0
2026-01-01T13:37:15Z,GRID_PASS,100.0,0.0,"B1 logic. V: 0.973, SOC: 100.0%",0
2026-01-01T13:37:20Z,GRID_PASS,100.0,0.0,"B1 logic. V: 0.973, SOC: 100.0%",0
2026-01-01T13:37:25Z,GRID_PASS,100.0,0.0,"B1 logic. V: 0.973, SOC: 100.0%",0
2026-01-01T13:37:30Z,GRID_PASS,100.0,0.0,"B1 logic. V: 0.973, SOC: 100.0%",0
2026-01-01T13:37:35Z,GRID_PASS,100.0,0.0,"B1 logic. V: 0.973, SOC: 100.0%",0
2026-01-01T13:37:40Z,GRID_PASS,100.0,0.0,"B1 logic. V: 0.973, SOC: 100.0%",0
2026-01-01T13:37:45Z,GRID_PASS,100.0,0.0,"B1 logic. V: 0.973, SOC: 100.0%",0
2026-01-01T13:37:50Z,GRID_PASS,100.0,0.0,"B1 logic. V: 0.973, SOC: 100.0%",0
2026-01-01T13:37:55Z,GRID_PASS,100.0,0.0,"B1 logic. V: 0.973, SOC: 100.0%",0
2026-01-01T13:38:00Z,GRID_PASS,100.0,0.0,"B1 logic. V: 0.973, SOC: 100.0%",0
2026-01-01T13:38:05Z,GRID_PASS,100.0,0.0,"B1 logic. V: 0.973, SOC: 100.0%",0
2026-01-01T13:38:10Z,GRID_PASS,100.0,0.0,"B1 logic. V: 0.973, SOC: 100.0%",0
2026-01-01T13:38:15Z,GRID_PASS,100.0,0.0,"B1 logic. V: 0.973, SOC: 100.0%",0
2026-01-01T13:38:20Z,GRID_PASS,100.0,0.0,"B1 logic. V: 0.973, SOC: 100.0%",0
2026-01-01T13:38:25Z,GRID_PASS,100.0,0.0,"B1 logic. V: 0.973, SOC: 100.0%",0
2026-01-01T13:38:30Z,GRID_PASS,100.0,0.0,"B1 logic. V: 0.973, SOC: 100.0%",0
2026-01-01T13:38:35Z,GRID_PASS,100.0,0.0,"B1 logic. V: 0.973, SOC: 100.0%",0
2026-01-01T13:38:40Z,GRID_PASS,100.0,0.0,"B1 logic. V: 0.973, SOC: 100.0%",0
2026-01-01T13:38:45Z,GRID_PASS,100.0,0.0,"B1 logic. V: 0.973, SOC: 100.0%",0
2026-01-01T13:38:50Z,GRID_PASS,100.0,0.0,"B1 logic. V: 0.973, SOC: 100.0%",0
2026-01-01T13:38:55Z,GRID_PASS,100.0,0.0,"B1 logic. V: 0.973, SOC: 100.0%",0
2026-01-01T13:39:00Z,GRID_PASS,100.0,0.0,"B1 logic. V: 0.973, SOC: 100.0%",0
2026-01-01T13:39:05Z,GRID_PASS,100.0,0.0,"B1 logic. V: 0.973, SOC: 100.0%",0
2026-01-01T13:39:10Z,GRID_PASS,100.0,0.0,"B1 logic. V: 0.973, SOC: 100.0%",0
2026-01-01T13:39:15Z,GRID_PASS,100.0,0.0,"B1 logic. V: 0.973, SOC: 100.0%",0
2026-01-01T13:39:20Z,GRID_PASS,100.0,0.0,"B1 logic. V: 0.973, SOC: 100.0%",0
2026-01-01T13:39:25Z,GRID_PASS,100.0,0.0,"B1 logic. V: 0.973, SOC: 100.0%",0
2026-01-01T13:39:30Z,GRID_PASS,100.0,0.0,"B1 logic. V: 0.973, SOC: 100.0%",0
2026-01-01T13:39:35Z,GRID_PASS,100.0,0.0,"B1 logic. V: 0.973, SOC: 100.0%",0
2026-01-01T13:39:40Z,GRID_PASS,100.0,0.0,"B1 logic. V: 0.973, SOC: 100.0%",0
2026-01-01T13:39:45Z,GRID_PASS,100.0,0.0,"B1 logic. V: 0.973, SOC: 100.0%",0
2026-01-01T13:39:50Z,GRID_PASS,100.0,0.0,"B1 logic. V: 0.973, SOC: 100.0%",0
2026-01-01T13:39:55Z,GRID_PASS,100.0,0.0,"B1 logic. V: 0.973, SOC: 100.0%",0
2026-01-01T13:40:00Z,GRID_PASS,100.0,0.0,"B1 logic. V: 0.973, SOC: 100.0%",0
2026-01-01T13:40:05Z,GRID_PASS,100.0,0.0,"B1 logic. V: 0.973, SOC: 100.0%",0
2026-01-01T13:40:10Z,GRID_PASS,100.0,0.0,"B1 logic. V: 0.973, SOC: 100.0%",0
2026-01-01T13:40:15Z,GRID_PASS,100.0,0.0,"B1 logic. V: 0.973, SOC: 100.0%",0
2026-01-01T13:40:20Z,GRID_PASS,100.0,0.0,"B1 logic. V: 0.973, SOC: 100.0%",0
2026-01-01T13:40:25Z,GRID_PASS,100.0,0.0,"B1 logic. V: 0.973, SOC: 100.0%",0
2026-01-01T13:40:30Z,GRID_PASS,100.0,0.0,"B1 logic. V: 0.973, SOC: 100.0%",0
2026-01-01T13:40:35Z,GRID_PASS,100.0,0.0,"B1 logic. V: 0.973, SOC: 100.0%",0
2026-01-01T13:40:40Z,GRID_PASS,100.0,0.0,"B1 logic. V: 0.973, SOC: 100.0%",0
2026-01-01T13:40:45Z,GRID_PASS,100.0,0.0,"B1 logic. V: 0.973, SOC: 100.0%",0
2026-01-01T13:40:50Z,GRID_PASS,100.0,0.0,"B1 logic. V: 0.973, SOC: 100.0%",0
2026-01-01T13:40:55Z,GRID_PASS,100.0,0.0,"B1 logic. V: 0.973, SOC: 100.0%",0
2026-01-01T13:41:00Z,GRID_PASS,100.0,0.0,"B1 logic. V: 0.973, SOC: 100.0%",0
2026-01-01T13:41:05Z,GRID_PASS,100.0,0.0,"B1 logic. V: 0.973, SOC: 100.0%",0
2026-01-01T13:41:10Z,GRID_PASS,100.0,0.0,"B1 logic. V: 0.973, SOC: 100.0%",0
2026-01-01T13:41:15Z,GRID_PASS,100.0,0.0,"B1 logic. V: 0.973, SOC: 100.0%",0
2026-01-01T13:41:20Z,GRID_PASS,100.0,0.0,"B1 logic. V: 0.973, SOC: 100.0%",0
2026-01-01T13:41:25Z,GRID_PASS,100.0,0.0,"B1 logic. V: 0.973, SOC: 100.0%",0
2026-01-01T13:41:30Z,GRID_PASS,100.0,0.0,"B1 logic. V: 0.973, SOC: 100.0%",0
2026-01-01T13:41:35Z,GRID_PASS,100.0,0.0,"B1 logic. V: 0.973, SOC: 100.0%",0
2026-01-01T13:41:40Z,GRID_PASS,100.0,0.0,"B1 logic. V: 0.973, SOC: 100.0%",0
2026-01-01T13:41:45Z,GRID_PASS,100.0,0.0,"B1 logic. V: 0.973, SOC: 100.0%",0
2026-01-01T13:41:50Z,GRID_PASS,100.0,0.0,"B1 logic. V: 0.973, SOC: 100.0%",0
2026-01-01T13:41:55Z,GRID_PASS,100.0,0.0,"B1 logic. V: 0.973, SOC: 100.0%",0
2026-01-01T13:42:00Z,GRID_PASS,100.0,0.0,"B1 logic. V: 0.973, SOC: 100.0%",0
2026-01-01T13:42:05Z,GRID_PASS,100.0,0.0,"B1 logic. V: 0.973, SOC: 100.0%",0
2026-01-01T13:42:10Z,GRID_PASS,100.0,0.0,"B1 logic. V: 0.973, SOC: 100.0%",0
2026-01-01T13:42:15Z,GRID_PASS,100.0,0.0,"B1 logic. V: 0.973, SOC: 100.0%",0
2026-01-01T13:42:20Z,GRID_PASS,100.0,0.0,"B1 logic. V: 0.973, SOC: 100.0%",0
2026-01-01T13:42:25Z,GRID_PASS,100.0,0.0,"B1 logic. V: 0.973, SOC: 100.0%",0
2026-01-01T13:42:30Z,GRID_PASS,100.0,0.0,"B1 logic. V: 0.973, SOC: 100.0%",0
2026-01-01T13:42:35Z,GRID_PASS,100.0,0.0,"B1 logic. V: 0.973, SOC: 100.0%",0
2026-01-01T13:42:40Z,GRID_PASS,100.0,0.0,"B1 logic. V: 0.973, SOC: 100.0%",0
2026-01-01T13:42:45Z,GRID_PASS,100.0,0.0,"B1 logic. V: 0.973, SOC: 100.0%",0
2026-01-01T13:42:50Z,GRID_PASS,100.0,0.0,"B1 logic. V: 0.973, SOC: 100.0%",0
2026-01-01T13:42:55Z,GRID_PASS,100.0,0.0,"B1 logic. V: 0.973, SOC: 100.0%",0
2026-01-01T13:43:00Z,GRID_PASS,100.0,0.0,"B1 logic. V: 0.973, SOC: 100.0%",0
2026-01-01T13:43:05Z,GRID_PASS,100.0,0.0,"B1 logic. V: 0.973, SOC: 100.0%",0
2026-01-01T13:43:10Z,GRID_PASS,100.0,0.0,"B1 logic. V: 0.973, SOC: 100.0%",0
2026-01-01T13:43:15Z,GRID_PASS,100.0,0.0,"B1 logic. V: 0.973, SOC: 100.0%",0
2026-01-01T13:43:20Z,GRID_PASS,100.0,0.0,"B1 logic. V: 0.973, SOC: 100.0%",0
2026-01-01T13:43:25Z,GRID_PASS,100.0,0.0,"B1 logic. V: 0.973, SOC: 100.0%",0
2026-01-01T13:43:30Z,GRID_PASS,100.0,0.0,"B1 logic. V: 0.973, SOC: 100.0%",0
2026-01-01T13:43:35Z,GRID_PASS,100.0,0.0,"B1 logic. V: 0.973, SOC: 100.0%",0
2026-01-01T13:43:40Z,GRID_PASS,100.0,0.0,"B1 logic. V: 0.973, SOC: 100.0%",0
2026-01-01T13:43:45Z,GRID_PASS,100.0,0.0,"B1 logic. V: 0.973, SOC: 100.0%",0
2026-01-01T13:43:50Z,GRID_PASS,100.0,0.0,"B1 logic. V: 0.973, SOC: 100.0%",0
2026-01-01T13:43:55Z,GRID_PASS,100.0,0.0,"B1 logic. V: 0.973, SOC: 100.0%",0
2026-01-01T13:44:00Z,GRID_PASS,100.0,0.0,"B1 logic. V: 0.973, SOC: 100.0%",0
2026-01-01T13:44:05Z,GRID_PASS,100.0,0.0,"B1 logic. V: 0.973, SOC: 100.0%",0
2026-01-01T13:44:10Z,GRID_PASS,100.0,0.0,"B1 logic. V: 0.973, SOC: 100.0%",0
2026-01-01T13:44:15Z,GRID_PASS,100.0,0.0,"B1 logic. V: 0.973, SOC: 100.0%",0
2026-01-01T13:44:20Z,GRID_PASS,100.0,0.0,"B1 logic. V: 0.973, SOC: 100.0%",0
2026-01-01T13:44:25Z,GRID_PASS,100.0,0.0,"B1 logic. V: 0.973, SOC: 100.0%",0
2026-01-01T13:44:30Z,GRID_PASS,100.0,0.0,"B1 logic. V: 0.973, SOC: 100.0%",0
2026-01-01T13:44:35Z,GRID_PASS,100.0,0.0,"B1 logic. V: 0.973, SOC: 100.0%",0
2026-01-01T13:44:40Z,GRID_PASS,100.0,0.0,"B1 logic. V: 0.973, SOC: 100.0%",0
2026-01-01T13:44:45Z,GRID_PASS,100.0,0.0,"B1 logic. V: 0.973, SOC: 100.0%",0
2026-01-01T13:44:50Z,GRID_PASS,100.0,0.0,"B1 logic. V: 0.973, SOC: 100.0%",0
2026-01-01T13:44:55Z,GRID_PASS,100.0,0.0,"B1 logic. V: 0.973, SOC: 100.0%",0
2026-01-01T13:45:00Z,GRID_PASS,100.0,0.0,"B1 logic. V: 0.973, SOC: 100.0%",0
2026-01-01T13:45:05Z,GRID_PASS,100.0,0.0,"B1 logic. V: 0.973, SOC: 100.0%",0
2026-01-01T13:45:10Z,GRID_PASS,100.0,0.0,"B1 logic. V: 0.973, SOC: 100.0%",0
2026-01-01T13:45:15Z,GRID_PASS,100.0,0.0,"B1 logic. V: 0.973, SOC: 100.0%",0
2026-01-01T13:45:20Z,GRID_PASS,100.0,0.0,"B1 logic. V: 0.973, SOC: 100.0%",0
2026-01-01T13:45:25Z,GRID_PASS,100.0,0.0,"B1 logic. V: 0.973, SOC: 100.0%",0
2026-01-01T13:45:30Z,GRID_PASS,100.0,0.0,"B1 logic. V: 0.973, SOC: 100.0%",0
2026-01-01T13:45:35Z,GRID_PASS,100.0,0.0,"B1 logic. V: 0.973, SOC: 100.0%",0
2026-01-01T13:45:40Z,GRID_PASS,100.0,0.0,"B1 logic. V: 0.973, SOC: 100.0%",0
2026-01-01T13:45:45Z,GRID_PASS,100.0,0.0,"B1 logic. V: 0.973, SOC: 100.0%",0
2026-01-01T13:45:50Z,GRID_PASS,100.0,0.0,"B1 logic. V: 0.973, SOC: 100.0%",0
2026-01-01T13:45:55Z,GRID_PASS,100.0,0.0,"B1 logic. V: 0.973, SOC: 100.0%",0
2026-01-01T13:46:00Z,GRID_PASS,100.0,0.0,"B1 logic. V: 0.973, SOC: 100.0%",0
2026-01-01T13:46:05Z,GRID_PASS,100.0,0.0,"B1 logic. V: 0.973, SOC: 100.0%",0
2026-01-01T13:46:10Z,GRID_PASS,100.0,0.0,"B1 logic. V: 0.973, SOC: 100.0%",0
2026-01-01T13:46:15Z,GRID_PASS,100.0,0.0,"B1 logic. V: 0.973, SOC: 100.0%",0
2026-01-01T13:46:20Z,GRID_PASS,100.0,0.0,"B1 logic. V: 0.973, SOC: 100.0%",0
2026-01-01T13:46:25Z,GRID_PASS,100.0,0.0,"B1 logic. V: 0.973, SOC: 100.0%",0
2026-01-01T13:46:30Z,GRID_PASS,100.0,0.0,"B1 logic. V: 0.973, SOC: 100.0%",0
2026-01-01T13:46:35Z,GRID_PASS,100.0,0.0,"B1 logic. V: 0.973, SOC: 100.0%",0
2026-01-01T13:46:40Z,GRID_PASS,100.0,0.0,"B1 logic. V: 0.973, SOC: 100.0%",0
2026-01-01T13:46:45Z,GRID_PASS,100.0,0.0,"B1 logic. V: 0.973, SOC: 100.0%",0
2026-01-01T13:46:50Z,GRID_PASS,100.0,0.0,"B1 logic. V: 0.973, SOC: 100.0%",0
2026-01-01T13:46:55Z,GRID_PASS,100.0,0.0,"B1 logic. V: 0.973, SOC: 100.0%",0
2026-01-01T13:47:00Z,GRID_PASS,100.0,0.0,"B1 logic. V: 0.973, SOC: 100.0%",0
2026-01-01T13:47:05Z,GRID_PASS,100.0,0.0,"B1 logic. V: 0.973, SOC: 100.0%",0
2026-01-01T13:47:10Z,GRID_PASS,100.0,0.0,"B1 logic. V: 0.973, SOC: 100.0%",0
2026-01-01T13:47:15Z,GRID_PASS,100.0,0.0,"B1 logic. V: 0.973, SOC: 100.0%",0
2026-01-01T13:47:20Z,GRID_PASS,100.0,0.0,"B1 logic. V: 0.973, SOC: 100.0%",0
2026-01-01T13:47:25Z,GRID_PASS,100.0,0.0,"B1 logic. V: 0.973, SOC: 100.0%",0
2026-01-01T13:47:30Z,GRID_PASS,100.0,0.0,"B1 logic. V: 0.973, SOC: 100.0%",0
2026-01-01T13:47:35Z,GRID_PASS,100.0,0.0,"B1 logic. V: 0.973, SOC: 100.0%",0
2026-01-01T13:47:40Z,GRID_PASS,100.0,0.0,"B1 logic. V: 0.973, SOC: 100.0%",0
2026-01-01T13:47:45Z,GRID_PASS,100.0,0.0,"B1 logic. V: 0.973, SOC: 100.0%",0
2026-01-01T13:47:50Z,GRID_PASS,100.0,0.0,"B1 logic. V: 0.973, SOC: 100.0%",0
2026-01-01T13:47:55Z,GRID_PASS,100.0,0.0,"B1 logic. V: 0.973, SOC: 100.0%",0
2026-01-01T13:48:00Z,GRID_PASS,100.0,0.0,"B1 logic. V: 0.973, SOC: 100.0%",0
2026-01-01T13:48:05Z,GRID_PASS,100.0,0.0,"B1 logic. V: 0.973, SOC: 100.0%",0
2026-01-01T13:48:10Z,GRID_PASS,100.0,0.0,"B1 logic. V: 0.973, SOC: 100.0%",0
2026-01-01T13:48:15Z,GRID_PASS,100.0,0.0,"B1 logic. V: 0.973, SOC: 100.0%",0
2026-01-01T13:48:20Z,GRID_PASS,100.0,0.0,"B1 logic. V: 0.973, SOC: 100.0%",0
2026-01-01T13:48:25Z,GRID_PASS,100.0,0.0,"B1 logic. V: 0.973, SOC: 100.0%",0
2026-01-01T13:48:30Z,GRID_PASS,100.0,0.0,"B1 logic. V: 0.973, SOC: 100.0%",0
2026-01-01T13:48:35Z,GRID_PASS,100.0,0.0,"B1 logic. V: 0.973, SOC: 100.0%",0
2026-01-01T13:48:40Z,GRID_PASS,100.0,0.0,"B1 logic. V: 0.973, SOC: 100.0%",0
2026-01-01T13:48:45Z,GRID_PASS,100.0,0.0,"B1 logic. V: 0.973, SOC: 100.0%",0
2026-01-01T13:48:50Z,GRID_PASS,100.0,0.0,"B1 logic. V: 0.973, SOC: 100.0%",0
2026-01-01T13:48:55Z,GRID_PASS,100.0,0.0,"B1 logic. V: 0.973, SOC: 100.0%",0
2026-01-01T13:49:00Z,GRID_PASS,100.0,0.0,"B1 logic. V: 0.973, SOC: 100.0%",0
2026-01-01T13:49:05Z,GRID_PASS,100.0,0.0,"B1 logic. V: 0.973, SOC: 100.0%",0
2026-01-01T13:49:10Z,GRID_PASS,100.0,0.0,"B1 logic. V: 0.973, SOC: 100.0%",0
2026-01-01T13:49:15Z,GRID_PASS,100.0,0.0,"B1 logic. V: 0.973, SOC: 100.0%",0
2026-01-01T13:49:20Z,GRID_PASS,100.0,0.0,"B1 logic. V: 0.973, SOC: 100.0%",0
2026-01-01T13:49:25Z,GRID_PASS,100.0,0.0,"B1 logic. V: 0.973, SOC: 100.0%",0
2026-01-01T13:49:30Z,GRID_PASS,100.0,0.0,"B1 logic. V: 0.973, SOC: 100.0%",0
2026-01-01T13:49:35Z,GRID_PASS,100.0,0.0,"B1 logic. V: 0.973, SOC: 100.0%",0
2026-01-01T13:49:40Z,GRID_PASS,100.0,0.0,"B1 logic. V: 0.973, SOC: 100.0%",0
2026-01-01T13:49:45Z,GRID_PASS,100.0,0.0,"B1 logic. V: 0.973, SOC: 100.0%",0
2026-01-01T13:49:50Z,GRID_PASS,100.0,0.0,"B1 logic. V: 0.973, SOC: 100.0%",0
2026-01-01T13:49:55Z,GRID_PASS,100.0,0.0,"B1 logic. V: 0.973, SOC: 100.0%",0
2026-01-01T13:50:00Z,GRID_PASS,100.0,0.0,"B1 logic. V: 0.973, SOC: 100.0%",0
2026-01-01T13:50:05Z,GRID_PASS,100.0,0.0,"B1 logic. V: 0.973, SOC: 100.0%",0
2026-01-01T13:50:10Z,GRID_PASS,100.0,0.0,"B1 logic. V: 0.973, SOC: 100.0%",0
2026-01-01T13:50:15Z,GRID_PASS,100.0,0.0,"B1 logic. V: 0.973, SOC: 100.0%",0
2026-01-01T13:50:20Z,GRID_PASS,100.0,0.0,"B1 logic. V: 0.973, SOC: 100.0%",0
2026-01-01T13:50:25Z,GRID_PASS,100.0,0.0,"B1 logic. V: 0.973, SOC: 100.0%",0
2026-01-01T13:50:30Z,GRID_PASS,100.0,0.0,"B1 logic. V: 0.973, SOC: 100.0%",0
2026-01-01T13:50:35Z,GRID_PASS,100.0,0.0,"B1 logic. V: 0.973, SOC: 100.0%",0
2026-01-01T13:50:40Z,GRID_PASS,100.0,0.0,"B1 logic. V: 0.973, SOC: 100.0%",0
2026-01-01T13:50:45Z,GRID_PASS,100.0,0.0,"B1 logic. V: 0.973, SOC: 100.0%",0
2026-01-01T13:50:50Z,GRID_PASS,100.0,0.0,"B1 logic. V: 0.973, SOC: 100.0%",0
2026-01-01T13:50:55Z,GRID_PASS,100.0,0.0,"B1 logic. V: 0.973, SOC: 100.0%",0
2026-01-01T13:51:00Z,GRID_PASS,100.0,0.0,"B1 logic. V: 0.973, SOC: 100.0%",0
2026-01-01T13:51:05Z,GRID_PASS,100.0,0.0,"B1 logic. V: 0.973, SOC: 100.0%",0
2026-01-01T13:51:10Z,GRID_PASS,100.0,0.0,"B1 logic. V: 0.973, SOC: 100.0%",0
2026-01-01T13:51:15Z,GRID_PASS,100.0,0.0,"B1 logic. V: 0.973, SOC: 100.0%",0
2026-01-01T13:51:20Z,GRID_PASS,100.0,0.0,"B1 logic. V: 0.973, SOC: 100.0%",0
2026-01-01T13:51:25Z,GRID_PASS,100.0,0.0,"B1 logic. V: 0.973, SOC: 100.0%",0
2026-01-01T13:51:30Z,GRID_PASS,100.0,0.0,"B1 logic. V: 0.973, SOC: 100.0%",0
2026-01-01T13:51:35Z,GRID_PASS,100.0,0.0,"B1 logic. V: 0.973, SOC: 100.0%",0
2026-01-01T13:51:40Z,GRID_PASS,100.0,0.0,"B1 logic. V: 0.973, SOC: 100.0%",0
2026-01-01T13:51:45Z,GRID_PASS,100.0,0.0,"B1 logic. V: 0.973, SOC: 100.0%",0
2026-01-01T13:51:50Z,GRID_PASS,100.0,0.0,"B1 logic. V: 0.973, SOC: 100.0%",0
2026-01-01T13:51:55Z,GRID_PASS,100.0,0.0,"B1 logic. V: 0.973, SOC: 100.0%",0
2026-01-01T13:52:00Z,GRID_PASS,100.0,0.0,"B1 logic. V: 0.973, SOC: 100.0%",0
2026-01-01T13:52:05Z,GRID_PASS,100.0,0.0,"B1 logic. V: 0.973, SOC: 100.0%",0
2026-01-01T13:52:10Z,GRID_PASS,100.0,0.0,"B1 logic. V: 0.973, SOC: 100.0%",0
2026-01-01T13:52:15Z,GRID_PASS,100.0,0.0,"B1 logic. V: 0.973, SOC: 100.0%",0
2026-01-01T13:52:20Z,GRID_PASS,100.0,0.0,"B1 logic. V: 0.973, SOC: 100.0%",0
2026-01-01T13:52:25Z,GRID_PASS,100.0,0.0,"B1 logic. V: 0.973, SOC: 100.0%",0
2026-01-01T13:52:30Z,GRID_PASS,100.0,0.0,"B1 logic. V: 0.973, SOC: 100.0%",0
2026-01-01T13:52:35Z,GRID_PASS,100.0,0.0,"B1 logic. V: 0.973, SOC: 100.0%",0
2026-01-01T13:52:40Z,GRID_PASS,100.0,0.0,"B1 logic. V: 0.973, SOC: 100.0%",0
2026-01-01T13:52:45Z,GRID_PASS,100.0,0.0,"B1 logic. V: 0.973, SOC: 100.0%",0
2026-01-01T13:52:50Z,GRID_PASS,100.0,0.0,"B1 logic. V: 0.973, SOC: 100.0%",0
2026-01-01T13:52:55Z,GRID_PASS,100.0,0.0,"B1 logic. V: 0.973, SOC: 100.0%",0
2026-01-01T13:53:00Z,GRID_PASS,100.0,0.0,"B1 logic. V: 0.973, SOC: 100.0%",0
2026-01-01T13:53:05Z,GRID_PASS,100.0,0.0,"B1 logic. V: 0.973, SOC: 100.0%",0
2026-01-01T13:53:10Z,GRID_PASS,100.0,0.0,"B1 logic. V: 0.973, SOC: 100.0%",0
2026-01-01T13:53:15Z,GRID_PASS,100.0,0.0,"B1 logic. V: 0.973, SOC: 100.0%",0
2026-01-01T13:53:20Z,GRID_PASS,100.0,0.0,"B1 logic. V: 0.973, SOC: 100.0%",0
2026-01-01T13:53:25Z,GRID_PASS,100.0,0.0,"B1 logic. V: 0.973, SOC: 100.0%",0
2026-01-01T13:53:30Z,GRID_PASS,100.0,0.0,"B1 logic. V: 0.973, SOC: 100.0%",0
2026-01-01T13:53:35Z,GRID_PASS,100.0,0.0,"B1 logic. V: 0.973, SOC: 100.0%",0
2026-01-01T13:53:40Z,GRID_PASS,100.0,0.0,"B1 logic. V: 0.973, SOC: 100.0%",0
2026-01-01T13:53:45Z,GRID_PASS,100.0,0.0,"B1 logic. V: 0.973, SOC: 100.0%",0
2026-01-01T13:53:50Z,GRID_PASS,100.0,0.0,"B1 logic. V: 0.973, SOC: 100.0%",0
2026-01-01T13:53:55Z,GRID_PASS,100.0,0.0,"B1 logic. V: 0.973, SOC: 100.0%",0
2026-01-01T13:54:00Z,GRID_PASS,100.0,0.0,"B1 logic. V: 0.973, SOC: 100.0%",0
2026-01-01T13:54:05Z,GRID_PASS,100.0,0.0,"B1 logic. V: 0.973, SOC: 100.0%",0
2026-01-01T13:54:10Z,GRID_PASS,100.0,0.0,"B1 logic. V: 0.973, SOC: 100.0%",0
2026-01-01T13:54:15Z,GRID_PASS,100.0,0.0,"B1 logic. V: 0.973, SOC: 100.0%",0
2026-01-01T13:54:20Z,GRID_PASS,100.0,0.0,"B1 logic. V: 0.973, SOC: 100.0%",0
2026-01-01T13:54:25Z,GRID_PASS,100.0,0.0,"B1 logic. V: 0.973, SOC: 100.0%",0
2026-01-01T13:54:30Z,GRID_PASS,100.0,0.0,"B1 logic. V: 0.973, SOC: 100.0%",0
2026-01-01T13:54:35Z,GRID_PASS,100.0,0.0,"B1 logic. V: 0.973, SOC: 100.0%",0
2026-01-01T13:54:40Z,GRID_PASS,100.0,0.0,"B1 logic. V: 0.973, SOC: 100.0%",0
2026-01-01T13:54:45Z,GRID_PASS,100.0,0.0,"B1 logic. V: 0.973, SOC: 100.0%",0
2026-01-01T13:54:50Z,GRID_PASS,100.0,0.0,"B1 logic. V: 0.973, SOC: 100.0%",0
2026-01-01T13:54:55Z,GRID_PASS,100.0,0.0,"B1 logic. V: 0.973, SOC: 100.0%",0
2026-01-01T13:55:00Z,GRID_PASS,100.0,0.0,"B1 logic. V: 0.973, SOC: 100.0%",0
2026-01-01T13:55:05Z,GRID_PASS,100.0,0.0,"B1 logic. V: 0.973, SOC: 100.0%",0
2026-01-01T13:55:10Z,GRID_PASS,100.0,0.0,"B1 logic. V: 0.973, SOC: 100.0%",0
2026-01-01T13:55:15Z,GRID_PASS,100.0,0.0,"B1 logic. V: 0.973, SOC: 100.0%",0
2026-01-01T13:55:20Z,GRID_PASS,100.0,0.0,"B1 logic. V: 0.973, SOC: 100.0%",0
2026-01-01T13:55:25Z,GRID_PASS,100.0,0.0,"B1 logic. V: 0.973, SOC: 100.0%",0
2026-01-01T13:55:30Z,GRID_PASS,100.0,0.0,"B1 logic. V: 0.973, SOC: 100.0%",0
2026-01-01T13:55:35Z,GRID_PASS,100.0,0.0,"B1 logic. V: 0.973, SOC: 100.0%",0
2026-01-01T13:55:40Z,GRID_PASS,100.0,0.0,"B1 logic. V: 0.973, SOC: 100.0%",0
2026-01-01T13:55:45Z,GRID_PASS,100.0,0.0,"B1 logic. V: 0.973, SOC: 100.0%",0
2026-01-01T13:55:50Z,GRID_PASS,100.0,0.0,"B1 logic. V: 0.973, SOC: 100.0%",0
2026-01-01T13:55:55Z,GRID_PASS,100.0,0.0,"B1 logic. V: 0.973, SOC: 100.0%",0
2026-01-01T13:56:00Z,GRID_PASS,100.0,0.0,"B1 logic. V: 0.973, SOC: 100.0%",0
2026-01-01T13:56:05Z,GRID_PASS,100.0,0.0,"B1 logic. V: 0.973, SOC: 100.0%",0
2026-01-01T13:56:10Z,GRID_PASS,100.0,0.0,"B1 logic. V: 0.973, SOC: 100.0%",0
2026-01-01T13:56:15Z,GRID_PASS,100.0,0.0,"B1 logic. V: 0.973, SOC: 100.0%",0
2026-01-01T13:56:20Z,GRID_PASS,100.0,0.0,"B1 logic. V: 0.973, SOC: 100.0%",0
2026-01-01T13:56:25Z,GRID_PASS,100.0,0.0,"B1 logic. V: 0.973, SOC: 100.0%",0
2026-01-01T13:56:30Z,GRID_PASS,100.0,0.0,"B1 logic. V: 0.973, SOC: 100.0%",0
2026-01-01T13:56:35Z,GRID_PASS,100.0,0.0,"B1 logic. V: 0.973, SOC: 100.0%",0
2026-01-01T13:56:40Z,GRID_PASS,100.0,0.0,"B1 logic. V: 0.973, SOC: 100.0%",0
2026-01-01T13:56:45Z,GRID_PASS,100.0,0.0,"B1 logic. V: 0.973, SOC: 100.0%",0
2026-01-01T13:56:50Z,GRID_PASS,100.0,0.0,"B1 logic. V: 0.973, SOC: 100.0%",0
2026-01-01T13:56:55Z,GRID_PASS,100.0,0.0,"B1 logic. V: 0.973, SOC: 100.0%",0
2026-01-01T13:57:00Z,GRID_PASS,100.0,0.0,"B1 logic. V: 0.973, SOC: 100.0%",0
2026-01-01T13:57:05Z,GRID_PASS,100.0,0.0,"B1 logic. V: 0.973, SOC: 100.0%",0
2026-01-01T13:57:10Z,GRID_PASS,100.0,0.0,"B1 logic. V: 0.973, SOC: 100.0%",0
2026-01-01T13:57:15Z,GRID_PASS,100.0,0.0,"B1 logic. V: 0.973, SOC: 100.0%",0
2026-01-01T13:57:20Z,GRID_PASS,100.0,0.0,"B1 logic. V: 0.973, SOC: 100.0%",0
2026-01-01T13:57:25Z,GRID_PASS,100.0,0.0,"B1 logic. V: 0.973, SOC: 100.0%",0
2026-01-01T13:57:30Z,GRID_PASS,100.0,0.0,"B1 logic. V: 0.973, SOC: 100.0%",0
2026-01-01T13:57:35Z,GRID_PASS,100.0,0.0,"B1 logic. V: 0.973, SOC: 100.0%",0
2026-01-01T13:57:40Z,GRID_PASS,100.0,0.0,"B1 logic. V: 0.973, SOC: 100.0%",0
2026-01-01T13:57:45Z,GRID_PASS,100.0,0.0,"B1 logic. V: 0.973, SOC: 100.0%",0
2026-01-01T13:57:50Z,GRID_PASS,100.0,0.0,"B1 logic. V: 0.973, SOC: 100.0%",0
2026-01-01T13:57:55Z,GRID_PASS,100.0,0.0,"B1 logic. V: 0.973, SOC: 100.0%",0
2026-01-01T13:58:00Z,GRID_PASS,100.0,0.0,"B1 logic. V: 0.973, SOC: 100.0%",0
2026-01-01T13:58:05Z,GRID_PASS,100.0,0.0,"B1 logic. V: 0.973, SOC: 100.0%",0
2026-01-01T13:58:10Z,GRID_PASS,100.0,0.0,"B1 logic. V: 0.973, SOC: 100.0%",0
2026-01-01T13:58:15Z,GRID_PASS,100.0,0.0,"B1 logic. V: 0.973, SOC: 100.0%",0
2026-01-01T13:58:20Z,GRID_PASS,100.0,0.0,"B1 logic. V: 0.973, SOC: 100.0%",0
2026-01-01T13:58:25Z,GRID_PASS,100.0,0.0,"B1 logic. V: 0.973, SOC: 100.0%",0
2026-01-01T13:58:30Z,GRID_PASS,100.0,0.0,"B1 logic. V: 0.973, SOC: 100.0%",0
2026-01-01T13:58:35Z,GRID_PASS,100.0,0.0,"B1 logic. V: 0.973, SOC: 100.0%",0
2026-01-01T13:58:40Z,GRID_PASS,100.0,0.0,"B1 logic. V: 0.973, SOC: 100.0%",0
2026-01-01T13:58:45Z,GRID_PASS,100.0,0.0,"B1 logic. V: 0.973, SOC: 100.0%",0
2026-01-01T13:58:50Z,GRID_PASS,100.0,0.0,"B1 logic. V: 0.973, SOC: 100.0%",0
2026-01-01T13:58:55Z,GRID_PASS,100.0,0.0,"B1 logic. V: 0.973, SOC: 100.0%",0
2026-01-01T13:59:00Z,GRID_PASS,100.0,0.0,"B1 logic. V: 0.973, SOC: 100.0%",0
2026-01-01T13:59:05Z,GRID_PASS,100.0,0.0,"B1 logic. V: 0.973, SOC: 100.0%",0
2026-01-01T13:59:10Z,GRID_PASS,100.0,0.0,"B1 logic. V: 0.973, SOC: 100.0%",0
2026-01-01T13:59:15Z,GRID_PASS,100.0,0.0,"B1 logic. V: 0.973, SOC: 100.0%",0
2026-01-01T13:59:20Z,GRID_PASS,100.0,0.0,"B1 logic. V: 0.973, SOC: 100.0%",0
2026-01-01T13:59:25Z,GRID_PASS,100.0,0.0,"B1 logic. V: 0.973, SOC: 100.0%",0
2026-01-01T13:59:30Z,GRID_PASS,100.0,0.0,"B1 logic. V: 0.973, SOC: 100.0%",0
2026-01-01T13:59:35Z,GRID_PASS,100.0,0.0,"B1 logic. V: 0.973, SOC: 100.0%",0
2026-01-01T13:59:40Z,GRID_PASS,100.0,0.0,"B1 logic. V: 0.973, SOC: 100.0%",0
2026-01-01T13:59:45Z,GRID_PASS,100.0,0.0,"B1 logic. V: 0.973, SOC: 100.0%",0
2026-01-01T13:59:50Z,GRID_PASS,100.0,0.0,"B1 logic. V: 0.973, SOC: 100.0%",0
2026-01-01T13:59:55Z,GRID_PASS,100.0,0.0,"B1 logic. V: 0.973, SOC: 100.0%",0
2026-01-01T14:00:00Z,GRID_PASS,100.0,0.0,"B1 logic. V: 0.973, SOC: 100.0%",0
2026-01-01T14:00:05Z,GRID_PASS,100.0,0.0,"B1 logic. V: 0.973, SOC: 100.0%",0
2026-01-01T14:00:10Z,GRID_PASS,100.0,0.0,"B1 logic. V: 0.973, SOC: 100.0%",0
2026-01-01T14:00:15Z,GRID_PASS,100.0,0.0,"B1 logic. V: 0.973, SOC: 100.0%",0
2026-01-01T14:00:20Z,GRID_PASS,100.0,0.0,"B1 logic. V: 0.973, SOC: 100.0%",0
2026-01-01T14:00:25Z,GRID_PASS,100.0,0.0,"B1 logic. V: 0.973, SOC: 100.0%",0
2026-01-01T14:00:30Z,GRID_PASS,100.0,0.0,"B1 logic. V: 0.973, SOC: 100.0%",0
2026-01-01T14:00:35Z,GRID_PASS,100.0,0.0,"B1 logic. V: 0.973, SOC: 100.0%",0
2026-01-01T14:00:40Z,GRID_PASS,100.0,0.0,"B1 logic. V: 0.973, SOC: 100.0%",0
2026-01-01T14:00:45Z,GRID_PASS,100.0,0.0,"B1 logic. V: 0.973, SOC: 100.0%",0
2026-01-01T14:00:50Z,GRID_PASS,100.0,0.0,"B1 logic. V: 0.973, SOC: 100.0%",0
2026-01-01T14:00:55Z,GRID_PASS,100.0,0.0,"B1 logic. V: 0.973, SOC: 100.0%",0
2026-01-01T14:01:00Z,GRID_PASS,100.0,0.0,"B1 logic. V: 0.973, SOC: 100.0%",0
2026-01-01T14:01:05Z,GRID_PASS,100.0,0.0,"B1 logic. V: 0.973, SOC: 100.0%",0
2026-01-01T14:01:10Z,GRID_PASS,100.0,0.0,"B1 logic. V: 0.973, SOC: 100.0%",0
2026-01-01T14:01:15Z,GRID_PASS,100.0,0.0,"B1 logic. V: 0.973, SOC: 100.0%",0
2026-01-01T14:01:20Z,GRID_PASS,100.0,0.0,"B1 logic. V: 0.973, SOC: 100.0%",0
2026-01-01T14:01:25Z,GRID_PASS,100.0,0.0,"B1 logic. V: 0.973, SOC: 100.0%",0
2026-01-01T14:01:30Z,GRID_PASS,100.0,0.0,"B1 logic. V: 0.973, SOC: 100.0%",0
2026-01-01T14:01:35Z,GRID_PASS,100.0,0.0,"B1 logic. V: 0.973, SOC: 100.0%",0
2026-01-01T14:01:40Z,GRID_PASS,100.0,0.0,"B1 logic. V: 0.973, SOC: 100.0%",0
2026-01-01T14:01:45Z,GRID_PASS,100.0,0.0,"B1 logic. V: 0.973, SOC: 100.0%",0
2026-01-01T14:01:50Z,GRID_PASS,100.0,0.0,"B1 logic. V: 0.973, SOC: 100.0%",0
2026-01-01T14:01:55Z,GRID_PASS,100.0,0.0,"B1 logic. V: 0.973, SOC: 100.0%",0
2026-01-01T14:02:00Z,GRID_PASS,100.0,0.0,"B1 logic. V: 0.973, SOC: 100.0%",0
2026-01-01T14:02:05Z,GRID_PASS,100.0,0.0,"B1 logic. V: 0.973, SOC: 100.0%",0
2026-01-01T14:02:10Z,GRID_PASS,100.0,0.0,"B1 logic. V: 0.973, SOC: 100.0%",0
2026-01-01T14:02:15Z,GRID_PASS,100.0,0.0,"B1 logic. V: 0.973, SOC: 100.0%",0
2026-01-01T14:02:20Z,GRID_PASS,100.0,0.0,"B1 logic. V: 0.973, SOC: 100.0%",0
2026-01-01T14:02:25Z,GRID_PASS,100.0,0.0,"B1 logic. V: 0.973, SOC: 100.0%",0
2026-01-01T14:02:30Z,GRID_PASS,100.0,0.0,"B1 logic. V: 0.973, SOC: 100.0%",0
2026-01-01T14:02:35Z,GRID_PASS,100.0,0.0,"B1 logic. V: 0.973, SOC: 100.0%",0
2026-01-01T14:02:40Z,GRID_PASS,100.0,0.0,"B1 logic. V: 0.973, SOC: 100.0%",0
2026-01-01T14:02:45Z,GRID_PASS,100.0,0.0,"B1 logic. V: 0.973, SOC: 100.0%",0
2026-01-01T14:02:50Z,GRID_PASS,100.0,0.0,"B1 logic. V: 0.973, SOC: 100.0%",0
2026-01-01T14:02:55Z,GRID_PASS,100.0,0.0,"B1 logic. V: 0.973, SOC: 100.0%",0
2026-01-01T14:03:00Z,GRID_PASS,100.0,0.0,"B1 logic. V: 0.973, SOC: 100.0%",0
2026-01-01T14:03:05Z,GRID_PASS,100.0,0.0,"B1 logic. V: 0.973, SOC: 100.0%",0
2026-01-01T14:03:10Z,GRID_PASS,100.0,0.0,"B1 logic. V: 0.973, SOC: 100.0%",0
2026-01-01T14:03:15Z,GRID_PASS,100.0,0.0,"B1 logic. V: 0.973, SOC: 100.0%",0
2026-01-01T14:03:20Z,GRID_PASS,100.0,0.0,"B1 logic. V: 0.973, SOC: 100.0%",0
2026-01-01T14:03:25Z,GRID_PASS,100.0,0.0,"B1 logic. V: 0.973, SOC: 100.0%",0
2026-01-01T14:03:30Z,GRID_PASS,100.0,0.0,"B1 logic. V: 0.973, SOC: 100.0%",0
2026-01-01T14:03:35Z,GRID_PASS,100.0,0.0,"B1 logic. V: 0.973, SOC: 100.0%",0
2026-01-01T14:03:40Z,GRID_PASS,100.0,0.0,"B1 logic. V: 0.973, SOC: 100.0%",0
2026-01-01T14:03:45Z,GRID_PASS,100.0,0.0,"B1 logic. V: 0.973, SOC: 100.0%",0
2026-01-01T14:03:50Z,GRID_PASS,100.0,0.0,"B1 logic. V: 0.973, SOC: 100.0%",0
2026-01-01T14:03:55Z,GRID_PASS,100.0,0.0,"B1 logic. V: 0.973, SOC: 100.0%",0
2026-01-01T14:04:00Z,GRID_PASS,100.0,0.0,"B1 logic. V: 0.973, SOC: 100.0%",0
2026-01-01T14:04:05Z,GRID_PASS,100.0,0.0,"B1 logic. V: 0.973, SOC: 100.0%",0
2026-01-01T14:04:10Z,GRID_PASS,100.0,0.0,"B1 logic. V: 0.973, SOC: 100.0%",0
2026-01-01T14:04:15Z,GRID_PASS,100.0,0.0,"B1 logic. V: 0.973, SOC: 100.0%",0
2026-01-01T14:04:20Z,GRID_PASS,100.0,0.0,"B1 logic. V: 0.973, SOC: 100.0%",0
2026-01-01T14:04:25Z,GRID_PASS,100.0,0.0,"B1 logic. V: 0.973, SOC: 100.0%",0
2026-01-01T14:04:30Z,GRID_PASS,100.0,0.0,"B1 logic. V: 0.973, SOC: 100.0%",0
2026-01-01T14:04:35Z,GRID_PASS,100.0,0.0,"B1 logic. V: 0.973, SOC: 100.0%",0
2026-01-01T14:04:40Z,GRID_PASS,100.0,0.0,"B1 logic. V: 0.973, SOC: 100.0%",0
2026-01-01T14:04:45Z,GRID_PASS,100.0,0.0,"B1 logic. V: 0.973, SOC: 100.0%",0
2026-01-01T14:04:50Z,GRID_PASS,100.0,0.0,"B1 logic. V: 0.973, SOC: 100.0%",0
2026-01-01T14:04:55Z,GRID_PASS,100.0,0.0,"B1 logic. V: 0.973, SOC: 100.0%",0
2026-01-01T14:05:00Z,GRID_PASS,100.0,0.0,"B1 logic. V: 0.973, SOC: 100.0%",0
2026-01-01T14:05:05Z,GRID_PASS,100.0,0.0,"B1 logic. V: 0.973, SOC: 100.0%",0
2026-01-01T14:05:10Z,GRID_PASS,100.0,0.0,"B1 logic. V: 0.973, SOC: 100.0%",0
2026-01-01T14:05:15Z,GRID_PASS,100.0,0.0,"B1 logic. V: 0.973, SOC: 100.0%",0
2026-01-01T14:05:20Z,GRID_PASS,100.0,0.0,"B1 logic. V: 0.973, SOC: 100.0%",0
2026-01-01T14:05:25Z,GRID_PASS,100.0,0.0,"B1 logic. V: 0.973, SOC: 100.0%",0
2026-01-01T14:05:30Z,GRID_PASS,100.0,0.0,"B1 logic. V: 0.973, SOC: 100.0%",0
2026-01-01T14:05:35Z,GRID_PASS,100.0,0.0,"B1 logic. V: 0.973, SOC: 100.0%",0
2026-01-01T14:05:40Z,GRID_PASS,100.0,0.0,"B1 logic. V: 0.973, SOC: 100.0%",0
2026-01-01T14:05:45Z,GRID_PASS,100.0,0.0,"B1 logic. V: 0.973, SOC: 100.0%",0
2026-01-01T14:05:50Z,GRID_PASS,100.0,0.0,"B1 logic. V: 0.973, SOC: 100.0%",0
2026-01-01T14:05:55Z,GRID_PASS,100.0,0.0,"B1 logic. V: 0.973, SOC: 100.0%",0
2026-01-01T14:06:00Z,GRID_PASS,100.0,0.0,"B1 logic. V: 0.973, SOC: 100.0%",0
2026-01-01T14:06:05Z,GRID_PASS,100.0,0.0,"B1 logic. V: 0.973, SOC: 100.0%",0
2026-01-01T14:06:10Z,GRID_PASS,100.0,0.0,"B1 logic. V: 0.973, SOC: 100.0%",0
2026-01-01T14:06:15Z,GRID_PASS,100.0,0.0,"B1 logic. V: 0.973, SOC: 100.0%",0
2026-01-01T14:06:20Z,GRID_PASS,100.0,0.0,"B1 logic. V: 0.973, SOC: 100.0%",0
2026-01-01T14:06:25Z,GRID_PASS,100.0,0.0,"B1 logic. V: 0.973, SOC: 100.0%",0
2026-01-01T14:06:30Z,GRID_PASS,100.0,0.0,"B1 logic. V: 0.973, SOC: 100.0%",0
2026-01-01T14:06:35Z,GRID_PASS,100.0,0.0,"B1 logic. V: 0.973, SOC: 100.0%",0
2026-01-01T14:06:40Z,GRID_PASS,100.0,0.0,"B1 logic. V: 0.973, SOC: 100.0%",0
2026-01-01T14:06:45Z,GRID_PASS,100.0,0.0,"B1 logic. V: 0.973, SOC: 100.0%",0
2026-01-01T14:06:50Z,GRID_PASS,100.0,0.0,"B1 logic. V: 0.973, SOC: 100.0%",0
2026-01-01T14:06:55Z,GRID_PASS,100.0,0.0,"B1 logic. V: 0.973, SOC: 100.0%",0
2026-01-01T14:07:00Z,GRID_PASS,100.0,0.0,"B1 logic. V: 0.973, SOC: 100.0%",0
2026-01-01T14:07:05Z,GRID_PASS,100.0,0.0,"B1 logic. V: 0.973, SOC: 100.0%",0
2026-01-01T14:07:10Z,GRID_PASS,100.0,0.0,"B1 logic. V: 0.973, SOC: 100.0%",0
2026-01-01T14:07:15Z,GRID_PASS,100.0,0.0,"B1 logic. V: 0.973, SOC: 100.0%",0
2026-01-01T14:07:20Z,GRID_PASS,100.0,0.0,"B1 logic. V: 0.973, SOC: 100.0%",0
2026-01-01T14:07:25Z,GRID_PASS,100.0,0.0,"B1 logic. V: 0.973, SOC: 100.0%",0
2026-01-01T14:07:30Z,GRID_PASS,100.0,0.0,"B1 logic. V: 0.973, SOC: 100.0%",0
2026-01-01T14:07:35Z,GRID_PASS,100.0,0.0,"B1 logic. V: 0.973, SOC: 100.0%",0
2026-01-01T14:07:40Z,GRID_PASS,100.0,0.0,"B1 logic. V: 0.973, SOC: 100.0%",0
2026-01-01T14:07:45Z,GRID_PASS,100.0,0.0,"B1 logic. V: 0.973, SOC: 100.0%",0
2026-01-01T14:07:50Z,GRID_PASS,100.0,0.0,"B1 logic. V: 0.973, SOC: 100.0%",0
2026-01-01T14:07:55Z,GRID_PASS,100.0,0.0,"B1 logic. V: 0.973, SOC: 100.0%",0
2026-01-01T14:08:00Z,GRID_PASS,100.0,0.0,"B1 logic. V: 0.973, SOC: 100.0%",0
2026-01-01T14:08:05Z,GRID_PASS,100.0,0.0,"B1 logic. V: 0.973, SOC: 100.0%",0
2026-01-01T14:08:10Z,GRID_PASS,100.0,0.0,"B1 logic. V: 0.973, SOC: 100.0%",0
2026-01-01T14:08:15Z,GRID_PASS,100.0,0.0,"B1 logic. V: 0.973, SOC: 100.0%",0
2026-01-01T14:08:20Z,GRID_PASS,100.0,0.0,"B1 logic. V: 0.973, SOC: 100.0%",0
2026-01-01T14:08:25Z,GRID_PASS,100.0,0.0,"B1 logic. V: 0.973, SOC: 100.0%",0
2026-01-01T14:08:30Z,GRID_PASS,100.0,0.0,"B1 logic. V: 0.973, SOC: 100.0%",0
2026-01-01T14:08:35Z,GRID_PASS,100.0,0.0,"B1 logic. V: 0.973, SOC: 100.0%",0
2026-01-01T14:08:40Z,GRID_PASS,100.0,0.0,"B1 logic. V: 0.973, SOC: 100.0%",0
2026-01-01T14:08:45Z,GRID_PASS,100.0,0.0,"B1 logic. V: 0.973, SOC: 100.0%",0
2026-01-01T14:08:50Z,GRID_PASS,100.0,0.0,"B1 logic. V: 0.973, SOC: 100.0%",0
2026-01-01T14:08:55Z,GRID_PASS,100.0,0.0,"B1 logic. V: 0.973, SOC: 100.0%",0
2026-01-01T14:09:00Z,GRID_PASS,100.0,0.0,"B1 logic. V: 0.973, SOC: 100.0%",0
2026-01-01T14:09:05Z,GRID_PASS,100.0,0.0,"B1 logic. V: 0.973, SOC: 100.0%",0
2026-01-01T14:09:10Z,GRID_PASS,100.0,0.0,"B1 logic. V: 0.973, SOC: 100.0%",0
2026-01-01T14:09:15Z,GRID_PASS,100.0,0.0,"B1 logic. V: 0.973, SOC: 100.0%",0
2026-01-01T14:09:20Z,GRID_PASS,100.0,0.0,"B1 logic. V: 0.973, SOC: 100.0%",0
2026-01-01T14:09:25Z,GRID_PASS,100.0,0.0,"B1 logic. V: 0.973, SOC: 100.0%",0
2026-01-01T14:09:30Z,GRID_PASS,100.0,0.0,"B1 logic. V: 0.973, SOC: 100.0%",0
2026-01-01T14:09:35Z,GRID_PASS,100.0,0.0,"B1 logic. V: 0.973, SOC: 100.0%",0
2026-01-01T14:09:40Z,GRID_PASS,100.0,0.0,"B1 logic. V: 0.973, SOC: 100.0%",0
2026-01-01T14:09:45Z,GRID_PASS,100.0,0.0,"B1 logic. V: 0.973, SOC: 100.0%",0
2026-01-01T14:09:50Z,GRID_PASS,100.0,0.0,"B1 logic. V: 0.973, SOC: 100.0%",0
2026-01-01T14:09:55Z,GRID_PASS,100.0,0.0,"B1 logic. V: 0.973, SOC: 100.0%",0
2026-01-01T14:10:00Z,GRID_PASS,100.0,0.0,"B1 logic. V: 0.973, SOC: 100.0%",0
2026-01-01T14:10:05Z,GRID_PASS,100.0,0.0,"B1 logic. V: 0.973, SOC: 100.0%",0
2026-01-01T14:10:10Z,GRID_PASS,100.0,0.0,"B1 logic. V: 0.973, SOC: 100.0%",0
2026-01-01T14:10:15Z,GRID_PASS,100.0,0.0,"B1 logic. V: 0.973, SOC: 100.0%",0
2026-01-01T14:10:20Z,GRID_PASS,100.0,0.0,"B1 logic. V: 0.973, SOC: 100.0%",0
2026-01-01T14:10:25Z,GRID_PASS,100.0,0.0,"B1 logic. V: 0.973, SOC: 100.0%",0
2026-01-01T14:10:30Z,GRID_PASS,100.0,0.0,"B1 logic. V: 0.973, SOC: 100.0%",0
2026-01-01T14:10:35Z,GRID_PASS,100.0,0.0,"B1 logic. V: 0.973, SOC: 100.0%",0
2026-01-01T14:10:40Z,GRID_PASS,100.0,0.0,"B1 logic. V: 0.973, SOC: 100.0%",0
2026-01-01T14:10:45Z,GRID_PASS,100.0,0.0,"B1 logic. V: 0.973, SOC: 100.0%",0
2026-01-01T14:10:50Z,GRID_PASS,100.0,0.0,"B1 logic. V: 0.973, SOC: 100.0%",0
2026-01-01T14:10:55Z,GRID_PASS,100.0,0.0,"B1 logic. V: 0.973, SOC: 100.0%",0
2026-01-01T14:11:00Z,GRID_PASS,100.0,0.0,"B1 logic. V: 0.973, SOC: 100.0%",0
2026-01-01T14:11:05Z,GRID_PASS,100.0,0.0,"B1 logic. V: 0.973, SOC: 100.0%",0
2026-01-01T14:11:10Z,GRID_PASS,100.0,0.0,"B1 logic. V: 0.973, SOC: 100.0%",0
2026-01-01T14:11:15Z,GRID_PASS,100.0,0.0,"B1 logic. V: 0.973, SOC: 100.0%",0
2026-01-01T14:11:20Z,GRID_PASS,100.0,0.0,"B1 logic. V: 0.973, SOC: 100.0%",0
2026-01-01T14:11:25Z,GRID_PASS,100.0,0.0,"B1 logic. V: 0.973, SOC: 100.0%",0
2026-01-01T14:11:30Z,GRID_PASS,100.0,0.0,"B1 logic. V: 0.973, SOC: 100.0%",0
2026-01-01T14:11:35Z,GRID_PASS,100.0,0.0,"B1 logic. V: 0.973, SOC: 100.0%",0
2026-01-01T14:11:40Z,GRID_PASS,100.0,0.0,"B1 logic. V: 0.973, SOC: 100.0%",0
2026-01-01T14:11:45Z,GRID_PASS,100.0,0.0,"B1 logic. V: 0.973, SOC: 100.0%",0
2026-01-01T14:11:50Z,GRID_PASS,100.0,0.0,"B1 logic. V: 0.973, SOC: 100.0%",0
2026-01-01T14:11:55Z,GRID_PASS,100.0,0.0,"B1 logic. V: 0.973, SOC: 100.0%",0
2026-01-01T14:12:00Z,GRID_PASS,100.0,0.0,"B1 logic. V: 0.973, SOC: 100.0%",0
2026-01-01T14:12:05Z,GRID_PASS,100.0,0.0,"B1 logic. V: 0.973, SOC: 100.0%",0
2026-01-01T14:12:10Z,GRID_PASS,100.0,0.0,"B1 logic. V: 0.973, SOC: 100.0%",0
2026-01-01T14:12:15Z,GRID_PASS,100.0,0.0,"B1 logic. V: 0.973, SOC: 100.0%",0
2026-01-01T14:12:20Z,GRID_PASS,100.0,0.0,"B1 logic. V: 0.973, SOC: 100.0%",0
2026-01-01T14:12:25Z,GRID_PASS,100.0,0.0,"B1 logic. V: 0.973, SOC: 100.0%",0
2026-01-01T14:12:30Z,GRID_PASS,100.0,0.0,"B1 logic. V: 0.973, SOC: 100.0%",0
2026-01-01T14:12:35Z,GRID_PASS,100.0,0.0,"B1 logic. V: 0.973, SOC: 100.0%",0
2026-01-01T14:12:40Z,GRID_PASS,100.0,0.0,"B1 logic. V: 0.973, SOC: 100.0%",0
2026-01-01T14:12:45Z,GRID_PASS,100.0,0.0,"B1 logic. V: 0.973, SOC: 100.0%",0
2026-01-01T14:12:50Z,GRID_PASS,100.0,0.0,"B1 logic. V: 0.973, SOC: 100.0%",0
2026-01-01T14:12:55Z,GRID_PASS,100.0,0.0,"B1 logic. V: 0.973, SOC: 100.0%",0
2026-01-01T14:13:00Z,GRID_PASS,100.0,0.0,"B1 logic. V: 0.973, SOC: 100.0%",0
2026-01-01T14:13:05Z,GRID_PASS,100.0,0.0,"B1 logic. V: 0.973, SOC: 100.0%",0
2026-01-01T14:13:10Z,GRID_PASS,100.0,0.0,"B1 logic. V: 0.973, SOC: 100.0%",0
2026-01-01T14:13:15Z,GRID_PASS,100.0,0.0,"B1 logic. V: 0.973, SOC: 100.0%",0
2026-01-01T14:13:20Z,GRID_PASS,100.0,0.0,"B1 logic. V: 0.973, SOC: 100.0%",0
2026-01-01T14:13:25Z,GRID_PASS,100.0,0.0,"B1 logic. V: 0.973, SOC: 100.0%",0
2026-01-01T14:13:30Z,GRID_PASS,100.0,0.0,"B1 logic. V: 0.973, SOC: 100.0%",0
2026-01-01T14:13:35Z,GRID_PASS,100.0,0.0,"B1 logic. V: 0.973, SOC: 100.0%",0
2026-01-01T14:13:40Z,GRID_PASS,100.0,0.0,"B1 logic. V: 0.973, SOC: 100.0%",0
2026-01-01T14:13:45Z,GRID_PASS,100.0,0.0,"B1 logic. V: 0.973, SOC: 100.0%",0
2026-01-01T14:13:50Z,GRID_PASS,100.0,0.0,"B1 logic. V: 0.973, SOC: 100.0%",0
2026-01-01T14:13:55Z,GRID_PASS,100.0,0.0,"B1 logic. V: 0.973, SOC: 100.0%",0
2026-01-01T14:14:00Z,GRID_PASS,100.0,0.0,"B1 logic. V: 0.973, SOC: 100.0%",0
2026-01-01T14:14:05Z,GRID_PASS,100.0,0.0,"B1 logic. V: 0.973, SOC: 100.0%",0
2026-01-01T14:14:10Z,GRID_PASS,100.0,0.0,"B1 logic. V: 0.973, SOC: 100.0%",0
2026-01-01T14:14:15Z,GRID_PASS,100.0,0.0,"B1 logic. V: 0.973, SOC: 100.0%",0
2026-01-01T14:14:20Z,GRID_PASS,100.0,0.0,"B1 logic. V: 0.973, SOC: 100.0%",0
2026-01-01T14:14:25Z,GRID_PASS,100.0,0.0,"B1 logic. V: 0.973, SOC: 100.0%",0
2026-01-01T14:14:30Z,GRID_PASS,100.0,0.0,"B1 logic. V: 0.973, SOC: 100.0%",0
2026-01-01T14:14:35Z,GRID_PASS,100.0,0.0,"B1 logic. V: 0.973, SOC: 100.0%",0
2026-01-01T14:14:40Z,GRID_PASS,100.0,0.0,"B1 logic. V: 0.973, SOC: 100.0%",0
2026-01-01T14:14:45Z,GRID_PASS,100.0,0.0,"B1 logic. V: 0.973, SOC: 100.0%",0
2026-01-01T14:14:50Z,GRID_PASS,100.0,0.0,"B1 logic. V: 0.973, SOC: 100.0%",0
2026-01-01T14:14:55Z,GRID_PASS,100.0,0.0,"B1 logic. V: 0.973, SOC: 100.0%",0
2026-01-01T14:15:00Z,GRID_PASS,100.0,0.0,"B1 logic. V: 0.973, SOC: 100.0%",0
2026-01-01T14:15:05Z,GRID_PASS,100.0,0.0,"B1 logic. V: 0.973, SOC: 100.0%",0
2026-01-01T14:15:10Z,GRID_PASS,100.0,0.0,"B1 logic. V: 0.973, SOC: 100.0%",0
2026-01-01T14:15:15Z,GRID_PASS,100.0,0.0,"B1 logic. V: 0.973, SOC: 100.0%",0
2026-01-01T14:15:20Z,GRID_PASS,100.0,0.0,"B1 logic. V: 0.973, SOC: 100.0%",0
2026-01-01T14:15:25Z,GRID_PASS,100.0,0.0,"B1 logic. V: 0.973, SOC: 100.0%",0
2026-01-01T14:15:30Z,GRID_PASS,100.0,0.0,"B1 logic. V: 0.973, SOC: 100.0%",0
2026-01-01T14:15:35Z,GRID_PASS,100.0,0.0,"B1 logic. V: 0.973, SOC: 100.0%",0
2026-01-01T14:15:40Z,GRID_PASS,100.0,0.0,"B1 logic. V: 0.973, SOC: 100.0%",0
2026-01-01T14:15:45Z,GRID_PASS,100.0,0.0,"B1 logic. V: 0.973, SOC: 100.0%",0
2026-01-01T14:15:50Z,GRID_PASS,100.0,0.0,"B1 logic. V: 0.973, SOC: 100.0%",0
2026-01-01T14:15:55Z,GRID_PASS,100.0,0.0,"B1 logic. V: 0.973, SOC: 100.0%",0
2026-01-01T14:16:00Z,GRID_PASS,100.0,0.0,"B1 logic. V: 0.973, SOC: 100.0%",0
2026-01-01T14:16:05Z,GRID_PASS,100.0,0.0,"B1 logic. V: 0.973, SOC: 100.0%",0
2026-01-01T14:16:10Z,GRID_PASS,100.0,0.0,"B1 logic. V: 0.973, SOC: 100.0%",0
2026-01-01T14:16:15Z,GRID_PASS,100.0,0.0,"B1 logic. V: 0.973, SOC: 100.0%",0
2026-01-01T14:16:20Z,GRID_PASS,100.0,0.0,"B1 logic. V: 0.973, SOC: 100.0%",0
2026-01-01T14:16:25Z,GRID_PASS,100.0,0.0,"B1 logic. V: 0.973, SOC: 100.0%",0
2026-01-01T14:16:30Z,GRID_PASS,100.0,0.0,"B1 logic. V: 0.973, SOC: 100.0%",0
2026-01-01T14:16:35Z,GRID_PASS,100.0,0.0,"B1 logic. V: 0.973, SOC: 100.0%",0
2026-01-01T14:16:40Z,GRID_PASS,100.0,0.0,"B1 logic. V: 0.973, SOC: 100.0%",0
2026-01-01T14:16:45Z,GRID_PASS,100.0,0.0,"B1 logic. V: 0.973, SOC: 100.0%",0
2026-01-01T14:16:50Z,GRID_PASS,100.0,0.0,"B1 logic. V: 0.973, SOC: 100.0%",0
2026-01-01T14:16:55Z,GRID_PASS,100.0,0.0,"B1 logic. V: 0.973, SOC: 100.0%",0
2026-01-01T14:17:00Z,GRID_PASS,100.0,0.0,"B1 logic. V: 0.973, SOC: 100.0%",0
2026-01-01T14:17:05Z,GRID_PASS,100.0,0.0,"B1 logic. V: 0.973, SOC: 100.0%",0
2026-01-01T14:17:10Z,GRID_PASS,100.0,0.0,"B1 logic. V: 0.973, SOC: 100.0%",0
2026-01-01T14:17:15Z,GRID_PASS,100.0,0.0,"B1 logic. V: 0.973, SOC: 100.0%",0
2026-01-01T14:17:20Z,GRID_PASS,100.0,0.0,"B1 logic. V: 0.973, SOC: 100.0%",0
2026-01-01T14:17:25Z,GRID_PASS,100.0,0.0,"B1 logic. V: 0.973, SOC: 100.0%",0
2026-01-01T14:17:30Z,GRID_PASS,100.0,0.0,"B1 logic. V: 0.973, SOC: 100.0%",0
2026-01-01T14:17:35Z,GRID_PASS,100.0,0.0,"B1 logic. V: 0.973, SOC: 100.0%",0
2026-01-01T14:17:40Z,GRID_PASS,100.0,0.0,"B1 logic. V: 0.973, SOC: 100.0%",0
2026-01-01T14:17:45Z,GRID_PASS,100.0,0.0,"B1 logic. V: 0.973, SOC: 100.0%",0
2026-01-01T14:17:50Z,GRID_PASS,100.0,0.0,"B1 logic. V: 0.973, SOC: 100.0%",0
2026-01-01T14:17:55Z,GRID_PASS,100.0,0.0,"B1 logic. V: 0.973, SOC: 100.0%",0
2026-01-01T14:18:00Z,GRID_PASS,100.0,0.0,"B1 logic. V: 0.973, SOC: 100.0%",0
2026-01-01T14:18:05Z,GRID_PASS,100.0,0.0,"B1 logic. V: 0.973, SOC: 100.0%",0
2026-01-01T14:18:10Z,GRID_PASS,100.0,0.0,"B1 logic. V: 0.973, SOC: 100.0%",0
2026-01-01T14:18:15Z,GRID_PASS,100.0,0.0,"B1 logic. V: 0.973, SOC: 100.0%",0
2026-01-01T14:18:20Z,GRID_PASS,100.0,0.0,"B1 logic. V: 0.973, SOC: 100.0%",0
2026-01-01T14:18:25Z,GRID_PASS,100.0,0.0,"B1 logic. V: 0.973, SOC: 100.0%",0
2026-01-01T14:18:30Z,GRID_PASS,100.0,0.0,"B1 logic. V: 0.973, SOC: 100.0%",0
2026-01-01T14:18:35Z,GRID_PASS,100.0,0.0,"B1 logic. V: 0.973, SOC: 100.0%",0
2026-01-01T14:18:40Z,GRID_PASS,100.0,0.0,"B1 logic. V: 0.973, SOC: 100.0%",0
2026-01-01T14:18:45Z,GRID_PASS,100.0,0.0,"B1 logic. V: 0.973, SOC: 100.0%",0
2026-01-01T14:18:50Z,GRID_PASS,100.0,0.0,"B1 logic. V: 0.973, SOC: 100.0%",0
2026-01-01T14:18:55Z,GRID_PASS,100.0,0.0,"B1 logic. V: 0.973, SOC: 100.0%",0
2026-01-01T14:19:00Z,GRID_PASS,100.0,0.0,"B1 logic. V: 0.973, SOC: 100.0%",0
2026-01-01T14:19:05Z,GRID_PASS,100.0,0.0,"B1 logic. V: 0.973, SOC: 100.0%",0
2026-01-01T14:19:10Z,GRID_PASS,100.0,0.0,"B1 logic. V: 0.973, SOC: 100.0%",0
2026-01-01T14:19:15Z,GRID_PASS,100.0,0.0,"B1 logic. V: 0.973, SOC: 100.0%",0
2026-01-01T14:19:20Z,GRID_PASS,100.0,0.0,"B1 logic. V: 0.973, SOC: 100.0%",0
2026-01-01T14:19:25Z,GRID_PASS,100.0,0.0,"B1 logic. V: 0.973, SOC: 100.0%",0
2026-01-01T14:19:30Z,GRID_PASS,100.0,0.0,"B1 logic. V: 0.973, SOC: 100.0%",0
2026-01-01T14:19:35Z,GRID_PASS,100.0,0.0,"B1 logic. V: 0.973, SOC: 100.0%",0
2026-01-01T14:19:40Z,GRID_PASS,100.0,0.0,"B1 logic. V: 0.973, SOC: 100.0%",0
2026-01-01T14:19:45Z,GRID_PASS,100.0,0.0,"B1 logic. V: 0.973, SOC: 100.0%",0
2026-01-01T14:19:50Z,GRID_PASS,100.0,0.0,"B1 logic. V: 0.973, SOC: 100.0%",0
2026-01-01T14:19:55Z,GRID_PASS,100.0,0.0,"B1 logic. V: 0.973, SOC: 100.0%",0
2026-01-01T14:20:00Z,GRID_PASS,100.0,0.0,"B1 logic. V: 0.973, SOC: 100.0%",0
2026-01-01T14:20:05Z,GRID_PASS,100.0,0.0,"B1 logic. V: 0.973, SOC: 100.0%",0
2026-01-01T14:20:10Z,GRID_PASS,100.0,0.0,"B1 logic. V: 0.973, SOC: 100.0%",0
2026-01-01T14:20:15Z,GRID_PASS,100.0,0.0,"B1 logic. V: 0.973, SOC: 100.0%",0
2026-01-01T14:20:20Z,GRID_PASS,100.0,0.0,"B1 logic. V: 0.973, SOC: 100.0%",0
2026-01-01T14:20:25Z,GRID_PASS,100.0,0.0,"B1 logic. V: 0.973, SOC: 100.0%",0
2026-01-01T14:20:30Z,GRID_PASS,100.0,0.0,"B1 logic. V: 0.973, SOC: 100.0%",0
2026-01-01T14:20:35Z,GRID_PASS,100.0,0.0,"B1 logic. V: 0.973, SOC: 100.0%",0
2026-01-01T14:20:40Z,GRID_PASS,100.0,0.0,"B1 logic. V: 0.973, SOC: 100.0%",0
2026-01-01T14:20:45Z,GRID_PASS,100.0,0.0,"B1 logic. V: 0.973, SOC: 100.0%",0
2026-01-01T14:20:50Z,GRID_PASS,100.0,0.0,"B1 logic. V: 0.973, SOC: 100.0%",0
2026-01-01T14:20:55Z,GRID_PASS,100.0,0.0,"B1 logic. V: 0.973, SOC: 100.0%",0
2026-01-01T14:21:00Z,GRID_PASS,100.0,0.0,"B1 logic. V: 0.973, SOC: 100.0%",0
2026-01-01T14:21:05Z,GRID_PASS,100.0,0.0,"B1 logic. V: 0.973, SOC: 100.0%",0
2026-01-01T14:21:10Z,GRID_PASS,100.0,0.0,"B1 logic. V: 0.973, SOC: 100.0%",0
2026-01-01T14:21:15Z,GRID_PASS,100.0,0.0,"B1 logic. V: 0.973, SOC: 100.0%",0
2026-01-01T14:21:20Z,GRID_PASS,100.0,0.0,"B1 logic. V: 0.973, SOC: 100.0%",0
2026-01-01T14:21:25Z,GRID_PASS,100.0,0.0,"B1 logic. V: 0.973, SOC: 100.0%",0
2026-01-01T14:21:30Z,GRID_PASS,100.0,0.0,"B1 logic. V: 0.973, SOC: 100.0%",0
2026-01-01T14:21:35Z,GRID_PASS,100.0,0.0,"B1 logic. V: 0.973, SOC: 100.0%",0
2026-01-01T14:21:40Z,GRID_PASS,100.0,0.0,"B1 logic. V: 0.973, SOC: 100.0%",0
2026-01-01T14:21:45Z,GRID_PASS,100.0,0.0,"B1 logic. V: 0.973, SOC: 100.0%",0
2026-01-01T14:21:50Z,GRID_PASS,100.0,0.0,"B1 logic. V: 0.973, SOC: 100.0%",0
2026-01-01T14:21:55Z,GRID_PASS,100.0,0.0,"B1 logic. V: 0.973, SOC: 100.0%",0
2026-01-01T14:22:00Z,GRID_PASS,100.0,0.0,"B1 logic. V: 0.973, SOC: 100.0%",0
2026-01-01T14:22:05Z,GRID_PASS,100.0,0.0,"B1 logic. V: 0.973, SOC: 100.0%",0
2026-01-01T14:22:10Z,GRID_PASS,100.0,0.0,"B1 logic. V: 0.973, SOC: 100.0%",0
2026-01-01T14:22:15Z,GRID_PASS,100.0,0.0,"B1 logic. V: 0.973, SOC: 100.0%",0
2026-01-01T14:22:20Z,GRID_PASS,100.0,0.0,"B1 logic. V: 0.973, SOC: 100.0%",0
2026-01-01T14:22:25Z,GRID_PASS,100.0,0.0,"B1 logic. V: 0.973, SOC: 100.0%",0
2026-01-01T14:22:30Z,GRID_PASS,100.0,0.0,"B1 logic. V: 0.973, SOC: 100.0%",0
2026-01-01T14:22:35Z,GRID_PASS,100.0,0.0,"B1 logic. V: 0.973, SOC: 100.0%",0
2026-01-01T14:22:40Z,GRID_PASS,100.0,0.0,"B1 logic. V: 0.973, SOC: 100.0%",0
2026-01-01T14:22:45Z,GRID_PASS,100.0,0.0,"B1 logic. V: 0.973, SOC: 100.0%",0
2026-01-01T14:22:50Z,GRID_PASS,100.0,0.0,"B1 logic. V: 0.973, SOC: 100.0%",0
2026-01-01T14:22:55Z,GRID_PASS,100.0,0.0,"B1 logic. V: 0.973, SOC: 100.0%",0
2026-01-01T14:23:00Z,GRID_PASS,100.0,0.0,"B1 logic. V: 0.973, SOC: 100.0%",0
2026-01-01T14:23:05Z,GRID_PASS,100.0,0.0,"B1 logic. V: 0.973, SOC: 100.0%",0
2026-01-01T14:23:10Z,GRID_PASS,100.0,0.0,"B1 logic. V: 0.973, SOC: 100.0%",0
2026-01-01T14:23:15Z,GRID_PASS,100.0,0.0,"B1 logic. V: 0.973, SOC: 100.0%",0
2026-01-01T14:23:20Z,GRID_PASS,100.0,0.0,"B1 logic. V: 0.973, SOC: 100.0%",0
2026-01-01T14:23:25Z,GRID_PASS,100.0,0.0,"B1 logic. V: 0.973, SOC: 100.0%",0
2026-01-01T14:23:30Z,GRID_PASS,100.0,0.0,"B1 logic. V: 0.973, SOC: 100.0%",0
2026-01-01T14:23:35Z,GRID_PASS,100.0,0.0,"B1 logic. V: 0.973, SOC: 100.0%",0
2026-01-01T14:23:40Z,GRID_PASS,100.0,0.0,"B1 logic. V: 0.973, SOC: 100.0%",0
2026-01-01T14:23:45Z,GRID_PASS,100.0,0.0,"B1 logic. V: 0.973, SOC: 100.0%",0
2026-01-01T14:23:50Z,GRID_PASS,100.0,0.0,"B1 logic. V: 0.973, SOC: 100.0%",0
2026-01-01T14:23:55Z,GRID_PASS,100.0,0.0,"B1 logic. V: 0.973, SOC: 100.0%",0
2026-01-01T14:24:00Z,GRID_PASS,100.0,0.0,"B1 logic. V: 0.973, SOC: 100.0%",0
2026-01-01T14:24:05Z,GRID_PASS,100.0,0.0,"B1 logic. V: 0.973, SOC: 100.0%",0
2026-01-01T14:24:10Z,GRID_PASS,100.0,0.0,"B1 logic. V: 0.973, SOC: 100.0%",0
2026-01-01T14:24:15Z,GRID_PASS,100.0,0.0,"B1 logic. V: 0.973, SOC: 100.0%",0
2026-01-01T14:24:20Z,GRID_PASS,100.0,0.0,"B1 logic. V: 0.973, SOC: 100.0%",0
2026-01-01T14:24:25Z,GRID_PASS,100.0,0.0,"B1 logic. V: 0.973, SOC: 100.0%",0
2026-01-01T14:24:30Z,GRID_PASS,100.0,0.0,"B1 logic. V: 0.973, SOC: 100.0%",0
2026-01-01T14:24:35Z,GRID_PASS,100.0,0.0,"B1 logic. V: 0.973, SOC: 100.0%",0
2026-01-01T14:24:40Z,GRID_PASS,100.0,0.0,"B1 logic. V: 0.973, SOC: 100.0%",0
2026-01-01T14:24:45Z,GRID_PASS,100.0,0.0,"B1 logic. V: 0.973, SOC: 100.0%",0
2026-01-01T14:24:50Z,GRID_PASS,100.0,0.0,"B1 logic. V: 0.973, SOC: 100.0%",0
2026-01-01T14:24:55Z,GRID_PASS,100.0,0.0,"B1 logic. V: 0.973, SOC: 100.0%",0
2026-01-01T14:25:00Z,GRID_PASS,100.0,0.0,"B1 logic. V: 0.973, SOC: 100.0%",0
2026-01-01T14:25:05Z,GRID_PASS,100.0,0.0,"B1 logic. V: 0.973, SOC: 100.0%",0
2026-01-01T14:25:10Z,GRID_PASS,100.0,0.0,"B1 logic. V: 0.973, SOC: 100.0%",0
2026-01-01T14:25:15Z,GRID_PASS,100.0,0.0,"B1 logic. V: 0.973, SOC: 100.0%",0
2026-01-01T14:25:20Z,GRID_PASS,100.0,0.0,"B1 logic. V: 0.973, SOC: 100.0%",0
2026-01-01T14:25:25Z,GRID_PASS,100.0,0.0,"B1 logic. V: 0.973, SOC: 100.0%",0
2026-01-01T14:25:30Z,GRID_PASS,100.0,0.0,"B1 logic. V: 0.973, SOC: 100.0%",0
2026-01-01T14:25:35Z,GRID_PASS,100.0,0.0,"B1 logic. V: 0.973, SOC: 100.0%",0
2026-01-01T14:25:40Z,GRID_PASS,100.0,0.0,"B1 logic. V: 0.973, SOC: 100.0%",0
2026-01-01T14:25:45Z,GRID_PASS,100.0,0.0,"B1 logic. V: 0.973, SOC: 100.0%",0
2026-01-01T14:25:50Z,GRID_PASS,100.0,0.0,"B1 logic. V: 0.973, SOC: 100.0%",0
2026-01-01T14:25:55Z,GRID_PASS,100.0,0.0,"B1 logic. V: 0.973, SOC: 100.0%",0
2026-01-01T14:26:00Z,GRID_PASS,100.0,0.0,"B1 logic. V: 0.973, SOC: 100.0%",0
2026-01-01T14:26:05Z,GRID_PASS,100.0,0.0,"B1 logic. V: 0.973, SOC: 100.0%",0
2026-01-01T14:26:10Z,GRID_PASS,100.0,0.0,"B1 logic. V: 0.973, SOC: 100.0%",0
2026-01-01T14:26:15Z,GRID_PASS,100.0,0.0,"B1 logic. V: 0.973, SOC: 100.0%",0
2026-01-01T14:26:20Z,GRID_PASS,100.0,0.0,"B1 logic. V: 0.973, SOC: 100.0%",0
2026-01-01T14:26:25Z,GRID_PASS,100.0,0.0,"B1 logic. V: 0.973, SOC: 100.0%",0
2026-01-01T14:26:30Z,GRID_PASS,100.0,0.0,"B1 logic. V: 0.973, SOC: 100.0%",0
2026-01-01T14:26:35Z,GRID_PASS,100.0,0.0,"B1 logic. V: 0.973, SOC: 100.0%",0
2026-01-01T14:26:40Z,GRID_PASS,100.0,0.0,"B1 logic. V: 0.973, SOC: 100.0%",0
2026-01-01T14:26:45Z,GRID_PASS,100.0,0.0,"B1 logic. V: 0.973, SOC: 100.0%",0
2026-01-01T14:26:50Z,GRID_PASS,100.0,0.0,"B1 logic. V: 0.973, SOC: 100.0%",0
2026-01-01T14:26:55Z,GRID_PASS,100.0,0.0,"B1 logic. V: 0.973, SOC: 100.0%",0
2026-01-01T14:27:00Z,GRID_PASS,100.0,0.0,"B1 logic. V: 0.973, SOC: 100.0%",0
2026-01-01T14:27:05Z,GRID_PASS,100.0,0.0,"B1 logic. V: 0.973, SOC: 100.0%",0
2026-01-01T14:27:10Z,GRID_PASS,100.0,0.0,"B1 logic. V: 0.973, SOC: 100.0%",0
2026-01-01T14:27:15Z,GRID_PASS,100.0,0.0,"B1 logic. V: 0.973, SOC: 100.0%",0
2026-01-01T14:27:20Z,GRID_PASS,100.0,0.0,"B1 logic. V: 0.973, SOC: 100.0%",0
2026-01-01T14:27:25Z,GRID_PASS,100.0,0.0,"B1 logic. V: 0.973, SOC: 100.0%",0
2026-01-01T14:27:30Z,GRID_PASS,100.0,0.0,"B1 logic. V: 0.973, SOC: 100.0%",0
2026-01-01T14:27:35Z,GRID_PASS,100.0,0.0,"B1 logic. V: 0.973, SOC: 100.0%",0
2026-01-01T14:27:40Z,GRID_PASS,100.0,0.0,"B1 logic. V: 0.973, SOC: 100.0%",0
2026-01-01T14:27:45Z,GRID_PASS,100.0,0.0,"B1 logic. V: 0.973, SOC: 100.0%",0
2026-01-01T14:27:50Z,GRID_PASS,100.0,0.0,"B1 logic. V: 0.973, SOC: 100.0%",0
2026-01-01T14:27:55Z,GRID_PASS,100.0,0.0,"B1 logic. V: 0.973, SOC: 100.0%",0
2026-01-01T14:28:00Z,GRID_PASS,100.0,0.0,"B1 logic. V: 0.973, SOC: 100.0%",0
2026-01-01T14:28:05Z,GRID_PASS,100.0,0.0,"B1 logic. V: 0.973, SOC: 100.0%",0
2026-01-01T14:28:10Z,GRID_PASS,100.0,0.0,"B1 logic. V: 0.973, SOC: 100.0%",0
2026-01-01T14:28:15Z,GRID_PASS,100.0,0.0,"B1 logic. V: 0.973, SOC: 100.0%",0
2026-01-01T14:28:20Z,GRID_PASS,100.0,0.0,"B1 logic. V: 0.973, SOC: 100.0%",0
2026-01-01T14:28:25Z,GRID_PASS,100.0,0.0,"B1 logic. V: 0.973, SOC: 100.0%",0
2026-01-01T14:28:30Z,GRID_PASS,100.0,0.0,"B1 logic. V: 0.973, SOC: 100.0%",0
2026-01-01T14:28:35Z,GRID_PASS,100.0,0.0,"B1 logic. V: 0.973, SOC: 100.0%",0
2026-01-01T14:28:40Z,GRID_PASS,100.0,0.0,"B1 logic. V: 0.973, SOC: 100.0%",0
2026-01-01T14:28:45Z,GRID_PASS,100.0,0.0,"B1 logic. V: 0.973, SOC: 100.0%",0
2026-01-01T14:28:50Z,GRID_PASS,100.0,0.0,"B1 logic. V: 0.973, SOC: 100.0%",0
2026-01-01T14:28:55Z,GRID_PASS,100.0,0.0,"B1 logic. V: 0.973, SOC: 100.0%",0
2026-01-01T14:29:00Z,GRID_PASS,100.0,0.0,"B1 logic. V: 0.973, SOC: 100.0%",0
2026-01-01T14:29:05Z,GRID_PASS,100.0,0.0,"B1 logic. V: 0.973, SOC: 100.0%",0
2026-01-01T14:29:10Z,GRID_PASS,100.0,0.0,"B1 logic. V: 0.973, SOC: 100.0%",0
2026-01-01T14:29:15Z,GRID_PASS,100.0,0.0,"B1 logic. V: 0.973, SOC: 100.0%",0
2026-01-01T14:29:20Z,GRID_PASS,100.0,0.0,"B1 logic. V: 0.973, SOC: 100.0%",0
2026-01-01T14:29:25Z,GRID_PASS,100.0,0.0,"B1 logic. V: 0.973, SOC: 100.0%",0
2026-01-01T14:29:30Z,GRID_PASS,100.0,0.0,"B1 logic. V: 0.973, SOC: 100.0%",0
2026-01-01T14:29:35Z,GRID_PASS,100.0,0.0,"B1 logic. V: 0.973, SOC: 100.0%",0
2026-01-01T14:29:40Z,GRID_PASS,100.0,0.0,"B1 logic. V: 0.973, SOC: 100.0%",0
2026-01-01T14:29:45Z,GRID_PASS,100.0,0.0,"B1 logic. V: 0.973, SOC: 100.0%",0
2026-01-01T14:29:50Z,GRID_PASS,100.0,0.0,"B1 logic. V: 0.973, SOC: 100.0%",0
2026-01-01T14:29:55Z,GRID_PASS,100.0,0.0,"B1 logic. V: 0.973, SOC: 100.0%",0
2026-01-01T14:30:00Z,GRID_PASS,100.0,0.0,"B1 logic. V: 0.973, SOC: 100.0%",0
2026-01-01T14:30:05Z,GRID_PASS,100.0,0.0,"B1 logic. V: 0.973, SOC: 100.0%",0
2026-01-01T14:30:10Z,GRID_PASS,100.0,0.0,"B1 logic. V: 0.973, SOC: 100.0%",0
2026-01-01T14:30:15Z,GRID_PASS,100.0,0.0,"B1 logic. V: 0.973, SOC: 100.0%",0
2026-01-01T14:30:20Z,GRID_PASS,100.0,0.0,"B1 logic. V: 0.973, SOC: 100.0%",0
2026-01-01T14:30:25Z,GRID_PASS,100.0,0.0,"B1 logic. V: 0.973, SOC: 100.0%",0
2026-01-01T14:30:30Z,GRID_PASS,100.0,0.0,"B1 logic. V: 0.973, SOC: 100.0%",0
2026-01-01T14:30:35Z,GRID_PASS,100.0,0.0,"B1 logic. V: 0.973, SOC: 100.0%",0
2026-01-01T14:30:40Z,GRID_PASS,100.0,0.0,"B1 logic. V: 0.973, SOC: 100.0%",0
2026-01-01T14:30:45Z,GRID_PASS,100.0,0.0,"B1 logic. V: 0.973, SOC: 100.0%",0
2026-01-01T14:30:50Z,GRID_PASS,100.0,0.0,"B1 logic. V: 0.973, SOC: 100.0%",0
2026-01-01T14:30:55Z,GRID_PASS,100.0,0.0,"B1 logic. V: 0.973, SOC: 100.0%",0
2026-01-01T14:31:00Z,GRID_PASS,100.0,0.0,"B1 logic. V: 0.973, SOC: 100.0%",0
2026-01-01T14:31:05Z,GRID_PASS,100.0,0.0,"B1 logic. V: 0.973, SOC: 100.0%",0
2026-01-01T14:31:10Z,GRID_PASS,100.0,0.0,"B1 logic. V: 0.973, SOC: 100.0%",0
2026-01-01T14:31:15Z,GRID_PASS,100.0,0.0,"B1 logic. V: 0.973, SOC: 100.0%",0
2026-01-01T14:31:20Z,GRID_PASS,100.0,0.0,"B1 logic. V: 0.973, SOC: 100.0%",0
2026-01-01T14:31:25Z,GRID_PASS,100.0,0.0,"B1 logic. V: 0.973, SOC: 100.0%",0
2026-01-01T14:31:30Z,GRID_PASS,100.0,0.0,"B1 logic. V: 0.973, SOC: 100.0%",0
2026-01-01T14:31:35Z,GRID_PASS,100.0,0.0,"B1 logic. V: 0.973, SOC: 100.0%",0
2026-01-01T14:31:40Z,GRID_PASS,100.0,0.0,"B1 logic. V: 0.973, SOC: 100.0%",0
2026-01-01T14:31:45Z,GRID_PASS,100.0,0.0,"B1 logic. V: 0.973, SOC: 100.0%",0
2026-01-01T14:31:50Z,GRID_PASS,100.0,0.0,"B1 logic. V: 0.973, SOC: 100.0%",0
2026-01-01T14:31:55Z,GRID_PASS,100.0,0.0,"B1 logic. V: 0.973, SOC: 100.0%",0
2026-01-01T14:32:00Z,GRID_PASS,100.0,0.0,"B1 logic. V: 0.973, SOC: 100.0%",0
2026-01-01T14:32:05Z,GRID_PASS,100.0,0.0,"B1 logic. V: 0.972, SOC: 100.0%",0
2026-01-01T14:32:10Z,GRID_PASS,100.0,0.0,"B1 logic. V: 0.972, SOC: 100.0%",0
2026-01-01T14:32:15Z,GRID_PASS,100.0,0.0,"B1 logic. V: 0.972, SOC: 100.0%",0
2026-01-01T14:32:20Z,GRID_PASS,100.0,0.0,"B1 logic. V: 0.972, SOC: 100.0%",0
2026-01-01T14:32:25Z,GRID_PASS,100.0,0.0,"B1 logic. V: 0.972, SOC: 100.0%",0
2026-01-01T14:32:30Z,GRID_PASS,100.0,0.0,"B1 logic. V: 0.972, SOC: 100.0%",0
2026-01-01T14:32:35Z,GRID_PASS,100.0,0.0,"B1 logic. V: 0.972, SOC: 100.0%",0
2026-01-01T14:32:40Z,GRID_PASS,100.0,0.0,"B1 logic. V: 0.972, SOC: 100.0%",0
2026-01-01T14:32:45Z,GRID_PASS,100.0,0.0,"B1 logic. V: 0.972, SOC: 100.0%",0
2026-01-01T14:32:50Z,GRID_PASS,100.0,0.0,"B1 logic. V: 0.972, SOC: 100.0%",0
2026-01-01T14:32:55Z,GRID_PASS,100.0,0.0,"B1 logic. V: 0.972, SOC: 100.0%",0
2026-01-01T14:33:00Z,GRID_PASS,100.0,0.0,"B1 logic. V: 0.972, SOC: 100.0%",0
2026-01-01T14:33:05Z,GRID_PASS,100.0,0.0,"B1 logic. V: 0.972, SOC: 100.0%",0
2026-01-01T14:33:10Z,GRID_PASS,100.0,0.0,"B1 logic. V: 0.972, SOC: 100.0%",0
2026-01-01T14:33:15Z,GRID_PASS,100.0,0.0,"B1 logic. V: 0.972, SOC: 100.0%",0
2026-01-01T14:33:20Z,GRID_PASS,100.0,0.0,"B1 logic. V: 0.972, SOC: 100.0%",0
2026-01-01T14:33:25Z,GRID_PASS,100.0,0.0,"B1 logic. V: 0.972, SOC: 100.0%",0
2026-01-01T14:33:30Z,GRID_PASS,100.0,0.0,"B1 logic. V: 0.972, SOC: 100.0%",0
2026-01-01T14:33:35Z,GRID_PASS,100.0,0.0,"B1 logic. V: 0.972, SOC: 100.0%",0
2026-01-01T14:33:40Z,GRID_PASS,100.0,0.0,"B1 logic. V: 0.972, SOC: 100.0%",0
2026-01-01T14:33:45Z,GRID_PASS,100.0,0.0,"B1 logic. V: 0.972, SOC: 100.0%",0
2026-01-01T14:33:50Z,GRID_PASS,100.0,0.0,"B1 logic. V: 0.972, SOC: 100.0%",0
2026-01-01T14:33:55Z,GRID_PASS,100.0,0.0,"B1 logic. V: 0.972, SOC: 100.0%",0
2026-01-01T14:34:00Z,GRID_PASS,100.0,0.0,"B1 logic. V: 0.972, SOC: 100.0%",0
2026-01-01T14:34:05Z,GRID_PASS,100.0,0.0,"B1 logic. V: 0.972, SOC: 100.0%",0
2026-01-01T14:34:10Z,GRID_PASS,100.0,0.0,"B1 logic. V: 0.972, SOC: 100.0%",0
2026-01-01T14:34:15Z,GRID_PASS,100.0,0.0,"B1 logic. V: 0.972, SOC: 100.0%",0
2026-01-01T14:34:20Z,GRID_PASS,100.0,0.0,"B1 logic. V: 0.972, SOC: 100.0%",0
2026-01-01T14:34:25Z,GRID_PASS,100.0,0.0,"B1 logic. V: 0.972, SOC: 100.0%",0
2026-01-01T14:34:30Z,GRID_PASS,100.0,0.0,"B1 logic. V: 0.972, SOC: 100.0%",0
2026-01-01T14:34:35Z,GRID_PASS,100.0,0.0,"B1 logic. V: 0.972, SOC: 100.0%",0
2026-01-01T14:34:40Z,GRID_PASS,100.0,0.0,"B1 logic. V: 0.972, SOC: 100.0%",0
2026-01-01T14:34:45Z,GRID_PASS,100.0,0.0,"B1 logic. V: 0.972, SOC: 100.0%",0
2026-01-01T14:34:50Z,GRID_PASS,100.0,0.0,"B1 logic. V: 0.972, SOC: 100.0%",0
2026-01-01T14:34:55Z,GRID_PASS,100.0,0.0,"B1 logic. V: 0.972, SOC: 100.0%",0
2026-01-01T14:35:00Z,GRID_PASS,100.0,0.0,"B1 logic. V: 0.972, SOC: 100.0%",0
2026-01-01T14:35:05Z,GRID_PASS,100.0,0.0,"B1 logic. V: 0.972, SOC: 100.0%",0
2026-01-01T14:35:10Z,GRID_PASS,100.0,0.0,"B1 logic. V: 0.972, SOC: 100.0%",0
2026-01-01T14:35:15Z,GRID_PASS,100.0,0.0,"B1 logic. V: 0.972, SOC: 100.0%",0
2026-01-01T14:35:20Z,GRID_PASS,100.0,0.0,"B1 logic. V: 0.972, SOC: 100.0%",0
2026-01-01T14:35:25Z,GRID_PASS,100.0,0.0,"B1 logic. V: 0.972, SOC: 100.0%",0
2026-01-01T14:35:30Z,GRID_PASS,100.0,0.0,"B1 logic. V: 0.972, SOC: 100.0%",0
2026-01-01T14:35:35Z,GRID_PASS,100.0,0.0,"B1 logic. V: 0.972, SOC: 100.0%",0
2026-01-01T14:35:40Z,GRID_PASS,100.0,0.0,"B1 logic. V: 0.972, SOC: 100.0%",0
2026-01-01T14:35:45Z,GRID_PASS,100.0,0.0,"B1 logic. V: 0.972, SOC: 100.0%",0
2026-01-01T14:35:50Z,GRID_PASS,100.0,0.0,"B1 logic. V: 0.972, SOC: 100.0%",0
2026-01-01T14:35:55Z,GRID_PASS,100.0,0.0,"B1 logic. V: 0.972, SOC: 100.0%",0
2026-01-01T14:36:00Z,GRID_PASS,100.0,0.0,"B1 logic. V: 0.972, SOC: 100.0%",0
2026-01-01T14:36:05Z,GRID_PASS,100.0,0.0,"B1 logic. V: 0.972, SOC: 100.0%",0
2026-01-01T14:36:10Z,GRID_PASS,100.0,0.0,"B1 logic. V: 0.972, SOC: 100.0%",0
2026-01-01T14:36:15Z,GRID_PASS,100.0,0.0,"B1 logic. V: 0.972, SOC: 100.0%",0
2026-01-01T14:36:20Z,GRID_PASS,100.0,0.0,"B1 logic. V: 0.972, SOC: 100.0%",0
2026-01-01T14:36:25Z,GRID_PASS,100.0,0.0,"B1 logic. V: 0.972, SOC: 100.0%",0
2026-01-01T14:36:30Z,GRID_PASS,100.0,0.0,"B1 logic. V: 0.972, SOC: 100.0%",0
2026-01-01T14:36:35Z,GRID_PASS,100.0,0.0,"B1 logic. V: 0.972, SOC: 100.0%",0
2026-01-01T14:36:40Z,GRID_PASS,100.0,0.0,"B1 logic. V: 0.972, SOC: 100.0%",0
2026-01-01T14:36:45Z,GRID_PASS,100.0,0.0,"B1 logic. V: 0.972, SOC: 100.0%",0
2026-01-01T14:36:50Z,GRID_PASS,100.0,0.0,"B1 logic. V: 0.972, SOC: 100.0%",0
2026-01-01T14:36:55Z,GRID_PASS,100.0,0.0,"B1 logic. V: 0.972, SOC: 100.0%",0
2026-01-01T14:37:00Z,GRID_PASS,100.0,0.0,"B1 logic. V: 0.972, SOC: 100.0%",0
2026-01-01T14:37:05Z,GRID_PASS,100.0,0.0,"B1 logic. V: 0.972, SOC: 100.0%",0
2026-01-01T14:37:10Z,GRID_PASS,100.0,0.0,"B1 logic. V: 0.972, SOC: 100.0%",0
2026-01-01T14:37:15Z,GRID_PASS,100.0,0.0,"B1 logic. V: 0.972, SOC: 100.0%",0
2026-01-01T14:37:20Z,GRID_PASS,100.0,0.0,"B1 logic. V: 0.972, SOC: 100.0%",0
2026-01-01T14:37:25Z,GRID_PASS,100.0,0.0,"B1 logic. V: 0.972, SOC: 100.0%",0
2026-01-01T14:37:30Z,GRID_PASS,100.0,0.0,"B1 logic. V: 0.972, SOC: 100.0%",0
2026-01-01T14:37:35Z,GRID_PASS,100.0,0.0,"B1 logic. V: 0.972, SOC: 100.0%",0
2026-01-01T14:37:40Z,GRID_PASS,100.0,0.0,"B1 logic. V: 0.972, SOC: 100.0%",0
2026-01-01T14:37:45Z,GRID_PASS,100.0,0.0,"B1 logic. V: 0.972, SOC: 100.0%",0
2026-01-01T14:37:50Z,GRID_PASS,100.0,0.0,"B1 logic. V: 0.972, SOC: 100.0%",0
2026-01-01T14:37:55Z,GRID_PASS,100.0,0.0,"B1 logic. V: 0.972, SOC: 100.0%",0
2026-01-01T14:38:00Z,GRID_PASS,100.0,0.0,"B1 logic. V: 0.972, SOC: 100.0%",0
2026-01-01T14:38:05Z,GRID_PASS,100.0,0.0,"B1 logic. V: 0.972, SOC: 100.0%",0
2026-01-01T14:38:10Z,GRID_PASS,100.0,0.0,"B1 logic. V: 0.972, SOC: 100.0%",0
2026-01-01T14:38:15Z,GRID_PASS,100.0,0.0,"B1 logic. V: 0.972, SOC: 100.0%",0
2026-01-01T14:38:20Z,GRID_PASS,100.0,0.0,"B1 logic. V: 0.972, SOC: 100.0%",0
2026-01-01T14:38:25Z,GRID_PASS,100.0,0.0,"B1 logic. V: 0.972, SOC: 100.0%",0
2026-01-01T14:38:30Z,GRID_PASS,100.0,0.0,"B1 logic. V: 0.972, SOC: 100.0%",0
2026-01-01T14:38:35Z,GRID_PASS,100.0,0.0,"B1 logic. V: 0.972, SOC: 100.0%",0
2026-01-01T14:38:40Z,GRID_PASS,100.0,0.0,"B1 logic. V: 0.972, SOC: 100.0%",0
2026-01-01T14:38:45Z,GRID_PASS,100.0,0.0,"B1 logic. V: 0.972, SOC: 100.0%",0
2026-01-01T14:38:50Z,GRID_PASS,100.0,0.0,"B1 logic. V: 0.972, SOC: 100.0%",0
2026-01-01T14:38:55Z,GRID_PASS,100.0,0.0,"B1 logic. V: 0.972, SOC: 100.0%",0
2026-01-01T14:39:00Z,GRID_PASS,100.0,0.0,"B1 logic. V: 0.972, SOC: 100.0%",0
2026-01-01T14:39:05Z,GRID_PASS,100.0,0.0,"B1 logic. V: 0.972, SOC: 100.0%",0
2026-01-01T14:39:10Z,GRID_PASS,100.0,0.0,"B1 logic. V: 0.972, SOC: 100.0%",0
2026-01-01T14:39:15Z,GRID_PASS,100.0,0.0,"B1 logic. V: 0.972, SOC: 100.0%",0
2026-01-01T14:39:20Z,GRID_PASS,100.0,0.0,"B1 logic. V: 0.972, SOC: 100.0%",0
2026-01-01T14:39:25Z,GRID_PASS,100.0,0.0,"B1 logic. V: 0.972, SOC: 100.0%",0
2026-01-01T14:39:30Z,GRID_PASS,100.0,0.0,"B1 logic. V: 0.972, SOC: 100.0%",0
2026-01-01T14:39:35Z,GRID_PASS,100.0,0.0,"B1 logic. V: 0.972, SOC: 100.0%",0
2026-01-01T14:39:40Z,GRID_PASS,100.0,0.0,"B1 logic. V: 0.972, SOC: 100.0%",0
2026-01-01T14:39:45Z,GRID_PASS,100.0,0.0,"B1 logic. V: 0.972, SOC: 100.0%",0
2026-01-01T14:39:50Z,GRID_PASS,100.0,0.0,"B1 logic. V: 0.972, SOC: 100.0%",0
2026-01-01T14:39:55Z,GRID_PASS,100.0,0.0,"B1 logic. V: 0.972, SOC: 100.0%",0
2026-01-01T14:40:00Z,GRID_PASS,100.0,0.0,"B1 logic. V: 0.972, SOC: 100.0%",0
2026-01-01T14:40:05Z,GRID_PASS,100.0,0.0,"B1 logic. V: 0.972, SOC: 100.0%",0
2026-01-01T14:40:10Z,GRID_PASS,100.0,0.0,"B1 logic. V: 0.972, SOC: 100.0%",0
2026-01-01T14:40:15Z,GRID_PASS,100.0,0.0,"B1 logic. V: 0.972, SOC: 100.0%",0
2026-01-01T14:40:20Z,GRID_PASS,100.0,0.0,"B1 logic. V: 0.972, SOC: 100.0%",0
2026-01-01T14:40:25Z,GRID_PASS,100.0,0.0,"B1 logic. V: 0.972, SOC: 100.0%",0
2026-01-01T14:40:30Z,GRID_PASS,100.0,0.0,"B1 logic. V: 0.972, SOC: 100.0%",0
2026-01-01T14:40:35Z,GRID_PASS,100.0,0.0,"B1 logic. V: 0.972, SOC: 100.0%",0
2026-01-01T14:40:40Z,GRID_PASS,100.0,0.0,"B1 logic. V: 0.972, SOC: 100.0%",0
2026-01-01T14:40:45Z,GRID_PASS,100.0,0.0,"B1 logic. V: 0.972, SOC: 100.0%",0
2026-01-01T14:40:50Z,GRID_PASS,100.0,0.0,"B1 logic. V: 0.972, SOC: 100.0%",0
2026-01-01T14:40:55Z,GRID_PASS,100.0,0.0,"B1 logic. V: 0.972, SOC: 100.0%",0
2026-01-01T14:41:00Z,GRID_PASS,100.0,0.0,"B1 logic. V: 0.972, SOC: 100.0%",0
2026-01-01T14:41:05Z,GRID_PASS,100.0,0.0,"B1 logic. V: 0.972, SOC: 100.0%",0
2026-01-01T14:41:10Z,GRID_PASS,100.0,0.0,"B1 logic. V: 0.972, SOC: 100.0%",0
2026-01-01T14:41:15Z,GRID_PASS,100.0,0.0,"B1 logic. V: 0.972, SOC: 100.0%",0
2026-01-01T14:41:20Z,GRID_PASS,100.0,0.0,"B1 logic. V: 0.972, SOC: 100.0%",0
2026-01-01T14:41:25Z,GRID_PASS,100.0,0.0,"B1 logic. V: 0.972, SOC: 100.0%",0
2026-01-01T14:41:30Z,GRID_PASS,100.0,0.0,"B1 logic. V: 0.972, SOC: 100.0%",0
2026-01-01T14:41:35Z,GRID_PASS,100.0,0.0,"B1 logic. V: 0.972, SOC: 100.0%",0
2026-01-01T14:41:40Z,GRID_PASS,100.0,0.0,"B1 logic. V: 0.972, SOC: 100.0%",0
2026-01-01T14:41:45Z,GRID_PASS,100.0,0.0,"B1 logic. V: 0.972, SOC: 100.0%",0
2026-01-01T14:41:50Z,GRID_PASS,100.0,0.0,"B1 logic. V: 0.972, SOC: 100.0%",0
2026-01-01T14:41:55Z,GRID_PASS,100.0,0.0,"B1 logic. V: 0.972, SOC: 100.0%",0
2026-01-01T14:42:00Z,GRID_PASS,100.0,0.0,"B1 logic. V: 0.972, SOC: 100.0%",0
2026-01-01T14:42:05Z,GRID_PASS,100.0,0.0,"B1 logic. V: 0.972, SOC: 100.0%",0
2026-01-01T14:42:10Z,GRID_PASS,100.0,0.0,"B1 logic. V: 0.972, SOC: 100.0%",0
2026-01-01T14:42:15Z,GRID_PASS,100.0,0.0,"B1 logic. V: 0.972, SOC: 100.0%",0
2026-01-01T14:42:20Z,GRID_PASS,100.0,0.0,"B1 logic. V: 0.972, SOC: 100.0%",0
2026-01-01T14:42:25Z,GRID_PASS,100.0,0.0,"B1 logic. V: 0.972, SOC: 100.0%",0
2026-01-01T14:42:30Z,GRID_PASS,100.0,0.0,"B1 logic. V: 0.972, SOC: 100.0%",0
2026-01-01T14:42:35Z,GRID_PASS,100.0,0.0,"B1 logic. V: 0.972, SOC: 100.0%",0
2026-01-01T14:42:40Z,GRID_PASS,100.0,0.0,"B1 logic. V: 0.972, SOC: 100.0%",0
2026-01-01T14:42:45Z,GRID_PASS,100.0,0.0,"B1 logic. V: 0.972, SOC: 100.0%",0
2026-01-01T14:42:50Z,GRID_PASS,100.0,0.0,"B1 logic. V: 0.972, SOC: 100.0%",0
2026-01-01T14:42:55Z,GRID_PASS,100.0,0.0,"B1 logic. V: 0.972, SOC: 100.0%",0
2026-01-01T14:43:00Z,GRID_PASS,100.0,0.0,"B1 logic. V: 0.972, SOC: 100.0%",0
2026-01-01T14:43:05Z,GRID_PASS,100.0,0.0,"B1 logic. V: 0.972, SOC: 100.0%",0
2026-01-01T14:43:10Z,GRID_PASS,100.0,0.0,"B1 logic. V: 0.972, SOC: 100.0%",0
2026-01-01T14:43:15Z,GRID_PASS,100.0,0.0,"B1 logic. V: 0.972, SOC: 100.0%",0
2026-01-01T14:43:20Z,GRID_PASS,100.0,0.0,"B1 logic. V: 0.972, SOC: 100.0%",0
2026-01-01T14:43:25Z,GRID_PASS,100.0,0.0,"B1 logic. V: 0.972, SOC: 100.0%",0
2026-01-01T14:43:30Z,GRID_PASS,100.0,0.0,"B1 logic. V: 0.972, SOC: 100.0%",0
2026-01-01T14:43:35Z,GRID_PASS,100.0,0.0,"B1 logic. V: 0.972, SOC: 100.0%",0
2026-01-01T14:43:40Z,GRID_PASS,100.0,0.0,"B1 logic. V: 0.972, SOC: 100.0%",0
2026-01-01T14:43:45Z,GRID_PASS,100.0,0.0,"B1 logic. V: 0.972, SOC: 100.0%",0
2026-01-01T14:43:50Z,GRID_PASS,100.0,0.0,"B1 logic. V: 0.972, SOC: 100.0%",0
2026-01-01T14:43:55Z,GRID_PASS,100.0,0.0,"B1 logic. V: 0.972, SOC: 100.0%",0
2026-01-01T14:44:00Z,GRID_PASS,100.0,0.0,"B1 logic. V: 0.972, SOC: 100.0%",0
2026-01-01T14:44:05Z,GRID_PASS,100.0,0.0,"B1 logic. V: 0.972, SOC: 100.0%",0
2026-01-01T14:44:10Z,GRID_PASS,100.0,0.0,"B1 logic. V: 0.972, SOC: 100.0%",0
2026-01-01T14:44:15Z,GRID_PASS,100.0,0.0,"B1 logic. V: 0.972, SOC: 100.0%",0
2026-01-01T14:44:20Z,GRID_PASS,100.0,0.0,"B1 logic. V: 0.972, SOC: 100.0%",0
2026-01-01T14:44:25Z,GRID_PASS,100.0,0.0,"B1 logic. V: 0.972, SOC: 100.0%",0
2026-01-01T14:44:30Z,GRID_PASS,100.0,0.0,"B1 logic. V: 0.972, SOC: 100.0%",0
2026-01-01T14:44:35Z,GRID_PASS,100.0,0.0,"B1 logic. V: 0.972, SOC: 100.0%",0
2026-01-01T14:44:40Z,GRID_PASS,100.0,0.0,"B1 logic. V: 0.972, SOC: 100.0%",0
2026-01-01T14:44:45Z,GRID_PASS,100.0,0.0,"B1 logic. V: 0.972, SOC: 100.0%",0
2026-01-01T14:44:50Z,GRID_PASS,100.0,0.0,"B1 logic. V: 0.972, SOC: 100.0%",0
2026-01-01T14:44:55Z,GRID_PASS,100.0,0.0,"B1 logic. V: 0.972, SOC: 100.0%",0
2026-01-01T14:45:00Z,GRID_PASS,100.0,0.0,"B1 logic. V: 0.972, SOC: 100.0%",0
2026-01-01T14:45:05Z,GRID_PASS,100.0,0.0,"B1 logic. V: 0.972, SOC: 100.0%",0
2026-01-01T14:45:10Z,GRID_PASS,100.0,0.0,"B1 logic. V: 0.972, SOC: 100.0%",0
2026-01-01T14:45:15Z,GRID_PASS,100.0,0.0,"B1 logic. V: 0.972, SOC: 100.0%",0
2026-01-01T14:45:20Z,GRID_PASS,100.0,0.0,"B1 logic. V: 0.972, SOC: 100.0%",0
2026-01-01T14:45:25Z,GRID_PASS,100.0,0.0,"B1 logic. V: 0.972, SOC: 100.0%",0
2026-01-01T14:45:30Z,GRID_PASS,100.0,0.0,"B1 logic. V: 0.972, SOC: 100.0%",0
2026-01-01T14:45:35Z,GRID_PASS,100.0,0.0,"B1 logic. V: 0.972, SOC: 100.0%",0
2026-01-01T14:45:40Z,GRID_PASS,100.0,0.0,"B1 logic. V: 0.972, SOC: 100.0%",0
2026-01-01T14:45:45Z,GRID_PASS,100.0,0.0,"B1 logic. V: 0.972, SOC: 100.0%",0
2026-01-01T14:45:50Z,GRID_PASS,100.0,0.0,"B1 logic. V: 0.972, SOC: 100.0%",0
2026-01-01T14:45:55Z,GRID_PASS,100.0,0.0,"B1 logic. V: 0.972, SOC: 100.0%",0
2026-01-01T14:46:00Z,GRID_PASS,100.0,0.0,"B1 logic. V: 0.972, SOC: 100.0%",0
2026-01-01T14:46:05Z,GRID_PASS,100.0,0.0,"B1 logic. V: 0.972, SOC: 100.0%",0
2026-01-01T14:46:10Z,GRID_PASS,100.0,0.0,"B1 logic. V: 0.972, SOC: 100.0%",0
2026-01-01T14:46:15Z,GRID_PASS,100.0,0.0,"B1 logic. V: 0.972, SOC: 100.0%",0
2026-01-01T14:46:20Z,GRID_PASS,100.0,0.0,"B1 logic. V: 0.972, SOC: 100.0%",0
2026-01-01T14:46:25Z,GRID_PASS,100.0,0.0,"B1 logic. V: 0.972, SOC: 100.0%",0
2026-01-01T14:46:30Z,GRID_PASS,100.0,0.0,"B1 logic. V: 0.972, SOC: 100.0%",0
2026-01-01T14:46:35Z,GRID_PASS,100.0,0.0,"B1 logic. V: 0.972, SOC: 100.0%",0
2026-01-01T14:46:40Z,GRID_PASS,100.0,0.0,"B1 logic. V: 0.972, SOC: 100.0%",0
2026-01-01T14:46:45Z,GRID_PASS,100.0,0.0,"B1 logic. V: 0.972, SOC: 100.0%",0
2026-01-01T14:46:50Z,GRID_PASS,100.0,0.0,"B1 logic. V: 0.972, SOC: 100.0%",0
2026-01-01T14:46:55Z,GRID_PASS,100.0,0.0,"B1 logic. V: 0.972, SOC: 100.0%",0
2026-01-01T14:47:00Z,GRID_PASS,100.0,0.0,"B1 logic. V: 0.972, SOC: 100.0%",0
2026-01-01T14:47:05Z,GRID_PASS,100.0,0.0,"B1 logic. V: 0.972, SOC: 100.0%",0
2026-01-01T14:47:10Z,GRID_PASS,100.0,0.0,"B1 logic. V: 0.972, SOC: 100.0%",0
2026-01-01T14:47:15Z,GRID_PASS,100.0,0.0,"B1 logic. V: 0.972, SOC: 100.0%",0
2026-01-01T14:47:20Z,GRID_PASS,100.0,0.0,"B1 logic. V: 0.972, SOC: 100.0%",0
2026-01-01T14:47:25Z,GRID_PASS,100.0,0.0,"B1 logic. V: 0.972, SOC: 100.0%",0
2026-01-01T14:47:30Z,GRID_PASS,100.0,0.0,"B1 logic. V: 0.972, SOC: 100.0%",0
2026-01-01T14:47:35Z,GRID_PASS,100.0,0.0,"B1 logic. V: 0.972, SOC: 100.0%",0
2026-01-01T14:47:40Z,GRID_PASS,100.0,0.0,"B1 logic. V: 0.972, SOC: 100.0%",0
2026-01-01T14:47:45Z,GRID_PASS,100.0,0.0,"B1 logic. V: 0.972, SOC: 100.0%",0
2026-01-01T14:47:50Z,GRID_PASS,100.0,0.0,"B1 logic. V: 0.972, SOC: 100.0%",0
2026-01-01T14:47:55Z,GRID_PASS,100.0,0.0,"B1 logic. V: 0.972, SOC: 100.0%",0
2026-01-01T14:48:00Z,GRID_PASS,100.0,0.0,"B1 logic. V: 0.972, SOC: 100.0%",0
2026-01-01T14:48:05Z,GRID_PASS,100.0,0.0,"B1 logic. V: 0.972, SOC: 100.0%",0
2026-01-01T14:48:10Z,GRID_PASS,100.0,0.0,"B1 logic. V: 0.972, SOC: 100.0%",0
2026-01-01T14:48:15Z,GRID_PASS,100.0,0.0,"B1 logic. V: 0.972, SOC: 100.0%",0
2026-01-01T14:48:20Z,GRID_PASS,100.0,0.0,"B1 logic. V: 0.972, SOC: 100.0%",0
2026-01-01T14:48:25Z,GRID_PASS,100.0,0.0,"B1 logic. V: 0.972, SOC: 100.0%",0
2026-01-01T14:48:30Z,GRID_PASS,100.0,0.0,"B1 logic. V: 0.972, SOC: 100.0%",0
2026-01-01T14:48:35Z,GRID_PASS,100.0,0.0,"B1 logic. V: 0.972, SOC: 100.0%",0
2026-01-01T14:48:40Z,GRID_PASS,100.0,0.0,"B1 logic. V: 0.972, SOC: 100.0%",0
2026-01-01T14:48:45Z,GRID_PASS,100.0,0.0,"B1 logic. V: 0.972, SOC: 100.0%",0
2026-01-01T14:48:50Z,GRID_PASS,100.0,0.0,"B1 logic. V: 0.972, SOC: 100.0%",0
2026-01-01T14:48:55Z,GRID_PASS,100.0,0.0,"B1 logic. V: 0.972, SOC: 100.0%",0
2026-01-01T14:49:00Z,GRID_PASS,100.0,0.0,"B1 logic. V: 0.972, SOC: 100.0%",0
2026-01-01T14:49:05Z,GRID_PASS,100.0,0.0,"B1 logic. V: 0.972, SOC: 100.0%",0
2026-01-01T14:49:10Z,GRID_PASS,100.0,0.0,"B1 logic. V: 0.972, SOC: 100.0%",0
2026-01-01T14:49:15Z,GRID_PASS,100.0,0.0,"B1 logic. V: 0.972, SOC: 100.0%",0
2026-01-01T14:49:20Z,GRID_PASS,100.0,0.0,"B1 logic. V: 0.972, SOC: 100.0%",0
2026-01-01T14:49:25Z,GRID_PASS,100.0,0.0,"B1 logic. V: 0.972, SOC: 100.0%",0
2026-01-01T14:49:30Z,GRID_PASS,100.0,0.0,"B1 logic. V: 0.972, SOC: 100.0%",0
2026-01-01T14:49:35Z,GRID_PASS,100.0,0.0,"B1 logic. V: 0.972, SOC: 100.0%",0
2026-01-01T14:49:40Z,GRID_PASS,100.0,0.0,"B1 logic. V: 0.972, SOC: 100.0%",0
2026-01-01T14:49:45Z,GRID_PASS,100.0,0.0,"B1 logic. V: 0.972, SOC: 100.0%",0
2026-01-01T14:49:50Z,GRID_PASS,100.0,0.0,"B1 logic. V: 0.972, SOC: 100.0%",0
2026-01-01T14:49:55Z,GRID_PASS,100.0,0.0,"B1 logic. V: 0.972, SOC: 100.0%",0
2026-01-01T14:50:00Z,GRID_PASS,100.0,0.0,"B1 logic. V: 0.972, SOC: 100.0%",0
2026-01-01T14:50:05Z,GRID_PASS,100.0,0.0,"B1 logic. V: 0.972, SOC: 100.0%",0
2026-01-01T14:50:10Z,GRID_PASS,100.0,0.0,"B1 logic. V: 0.972, SOC: 100.0%",0
2026-01-01T14:50:15Z,GRID_PASS,100.0,0.0,"B1 logic. V: 0.972, SOC: 100.0%",0
2026-01-01T14:50:20Z,GRID_PASS,100.0,0.0,"B1 logic. V: 0.972, SOC: 100.0%",0
2026-01-01T14:50:25Z,GRID_PASS,100.0,0.0,"B1 logic. V: 0.972, SOC: 100.0%",0
2026-01-01T14:50:30Z,GRID_PASS,100.0,0.0,"B1 logic. V: 0.972, SOC: 100.0%",0
2026-01-01T14:50:35Z,GRID_PASS,100.0,0.0,"B1 logic. V: 0.972, SOC: 100.0%",0
2026-01-01T14:50:40Z,GRID_PASS,100.0,0.0,"B1 logic. V: 0.972, SOC: 100.0%",0
2026-01-01T14:50:45Z,GRID_PASS,100.0,0.0,"B1 logic. V: 0.972, SOC: 100.0%",0
2026-01-01T14:50:50Z,GRID_PASS,100.0,0.0,"B1 logic. V: 0.972, SOC: 100.0%",0
2026-01-01T14:50:55Z,GRID_PASS,100.0,0.0,"B1 logic. V: 0.972, SOC: 100.0%",0
2026-01-01T14:51:00Z,GRID_PASS,100.0,0.0,"B1 logic. V: 0.972, SOC: 100.0%",0
2026-01-01T14:51:05Z,GRID_PASS,100.0,0.0,"B1 logic. V: 0.972, SOC: 100.0%",0
2026-01-01T14:51:10Z,GRID_PASS,100.0,0.0,"B1 logic. V: 0.972, SOC: 100.0%",0
2026-01-01T14:51:15Z,GRID_PASS,100.0,0.0,"B1 logic. V: 0.972, SOC: 100.0%",0
2026-01-01T14:51:20Z,GRID_PASS,100.0,0.0,"B1 logic. V: 0.972, SOC: 100.0%",0
2026-01-01T14:51:25Z,GRID_PASS,100.0,0.0,"B1 logic. V: 0.972, SOC: 100.0%",0
2026-01-01T14:51:30Z,GRID_PASS,100.0,0.0,"B1 logic. V: 0.972, SOC: 100.0%",0
2026-01-01T14:51:35Z,GRID_PASS,100.0,0.0,"B1 logic. V: 0.972, SOC: 100.0%",0
2026-01-01T14:51:40Z,GRID_PASS,100.0,0.0,"B1 logic. V: 0.972, SOC: 100.0%",0
2026-01-01T14:51:45Z,GRID_PASS,100.0,0.0,"B1 logic. V: 0.972, SOC: 100.0%",0
2026-01-01T14:51:50Z,GRID_PASS,100.0,0.0,"B1 logic. V: 0.972, SOC: 100.0%",0
2026-01-01T14:51:55Z,GRID_PASS,100.0,0.0,"B1 logic. V: 0.972, SOC: 100.0%",0
2026-01-01T14:52:00Z,GRID_PASS,100.0,0.0,"B1 logic. V: 0.972, SOC: 100.0%",0
2026-01-01T14:52:05Z,GRID_PASS,100.0,0.0,"B1 logic. V: 0.972, SOC: 100.0%",0
2026-01-01T14:52:10Z,GRID_PASS,100.0,0.0,"B1 logic. V: 0.972, SOC: 100.0%",0
2026-01-01T14:52:15Z,GRID_PASS,100.0,0.0,"B1 logic. V: 0.972, SOC: 100.0%",0
2026-01-01T14:52:20Z,GRID_PASS,100.0,0.0,"B1 logic. V: 0.972, SOC: 100.0%",0
2026-01-01T14:52:25Z,GRID_PASS,100.0,0.0,"B1 logic. V: 0.972, SOC: 100.0%",0
2026-01-01T14:52:30Z,GRID_PASS,100.0,0.0,"B1 logic. V: 0.972, SOC: 100.0%",0
2026-01-01T14:52:35Z,GRID_PASS,100.0,0.0,"B1 logic. V: 0.972, SOC: 100.0%",0
2026-01-01T14:52:40Z,GRID_PASS,100.0,0.0,"B1 logic. V: 0.972, SOC: 100.0%",0
2026-01-01T14:52:45Z,GRID_PASS,100.0,0.0,"B1 logic. V: 0.972, SOC: 100.0%",0
2026-01-01T14:52:50Z,GRID_PASS,100.0,0.0,"B1 logic. V: 0.972, SOC: 100.0%",0
2026-01-01T14:52:55Z,GRID_PASS,100.0,0.0,"B1 logic. V: 0.972, SOC: 100.0%",0
2026-01-01T14:53:00Z,GRID_PASS,100.0,0.0,"B1 logic. V: 0.972, SOC: 100.0%",0
2026-01-01T14:53:05Z,GRID_PASS,100.0,0.0,"B1 logic. V: 0.972, SOC: 100.0%",0
2026-01-01T14:53:10Z,GRID_PASS,100.0,0.0,"B1 logic. V: 0.972, SOC: 100.0%",0
2026-01-01T14:53:15Z,GRID_PASS,100.0,0.0,"B1 logic. V: 0.972, SOC: 100.0%",0
2026-01-01T14:53:20Z,GRID_PASS,100.0,0.0,"B1 logic. V: 0.972, SOC: 100.0%",0
2026-01-01T14:53:25Z,GRID_PASS,100.0,0.0,"B1 logic. V: 0.972, SOC: 100.0%",0
2026-01-01T14:53:30Z,GRID_PASS,100.0,0.0,"B1 logic. V: 0.972, SOC: 100.0%",0
2026-01-01T14:53:35Z,GRID_PASS,100.0,0.0,"B1 logic. V: 0.972, SOC: 100.0%",0
2026-01-01T14:53:40Z,GRID_PASS,100.0,0.0,"B1 logic. V: 0.972, SOC: 100.0%",0
2026-01-01T14:53:45Z,GRID_PASS,100.0,0.0,"B1 logic. V: 0.972, SOC: 100.0%",0
2026-01-01T14:53:50Z,GRID_PASS,100.0,0.0,"B1 logic. V: 0.972, SOC: 100.0%",0
2026-01-01T14:53:55Z,GRID_PASS,100.0,0.0,"B1 logic. V: 0.972, SOC: 100.0%",0
2026-01-01T14:54:00Z,GRID_PASS,100.0,0.0,"B1 logic. V: 0.972, SOC: 100.0%",0
2026-01-01T14:54:05Z,GRID_PASS,100.0,0.0,"B1 logic. V: 0.972, SOC: 100.0%",0
2026-01-01T14:54:10Z,GRID_PASS,100.0,0.0,"B1 logic. V: 0.972, SOC: 100.0%",0
2026-01-01T14:54:15Z,GRID_PASS,100.0,0.0,"B1 logic. V: 0.972, SOC: 100.0%",0
2026-01-01T14:54:20Z,GRID_PASS,100.0,0.0,"B1 logic. V: 0.972, SOC: 100.0%",0
2026-01-01T14:54:25Z,GRID_PASS,100.0,0.0,"B1 logic. V: 0.972, SOC: 100.0%",0
2026-01-01T14:54:30Z,GRID_PASS,100.0,0.0,"B1 logic. V: 0.972, SOC: 100.0%",0
2026-01-01T14:54:35Z,GRID_PASS,100.0,0.0,"B1 logic. V: 0.972, SOC: 100.0%",0
2026-01-01T14:54:40Z,GRID_PASS,100.0,0.0,"B1 logic. V: 0.972, SOC: 100.0%",0
2026-01-01T14:54:45Z,GRID_PASS,100.0,0.0,"B1 logic. V: 0.972, SOC: 100.0%",0
2026-01-01T14:54:50Z,GRID_PASS,100.0,0.0,"B1 logic. V: 0.972, SOC: 100.0%",0
2026-01-01T14:54:55Z,GRID_PASS,100.0,0.0,"B1 logic. V: 0.972, SOC: 100.0%",0
2026-01-01T14:55:00Z,GRID_PASS,100.0,0.0,"B1 logic. V: 0.972, SOC: 100.0%",0
2026-01-01T14:55:05Z,GRID_PASS,100.0,0.0,"B1 logic. V: 0.972, SOC: 100.0%",0
2026-01-01T14:55:10Z,GRID_PASS,100.0,0.0,"B1 logic. V: 0.972, SOC: 100.0%",0
2026-01-01T14:55:15Z,GRID_PASS,100.0,0.0,"B1 logic. V: 0.972, SOC: 100.0%",0
2026-01-01T14:55:20Z,GRID_PASS,100.0,0.0,"B1 logic. V: 0.972, SOC: 100.0%",0
2026-01-01T14:55:25Z,GRID_PASS,100.0,0.0,"B1 logic. V: 0.972, SOC: 100.0%",0
2026-01-01T14:55:30Z,GRID_PASS,100.0,0.0,"B1 logic. V: 0.972, SOC: 100.0%",0
2026-01-01T14:55:35Z,GRID_PASS,100.0,0.0,"B1 logic. V: 0.972, SOC: 100.0%",0
2026-01-01T14:55:40Z,GRID_PASS,100.0,0.0,"B1 logic. V: 0.972, SOC: 100.0%",0
2026-01-01T14:55:45Z,GRID_PASS,100.0,0.0,"B1 logic. V: 0.972, SOC: 100.0%",0
2026-01-01T14:55:50Z,GRID_PASS,100.0,0.0,"B1 logic. V: 0.972, SOC: 100.0%",0
2026-01-01T14:55:55Z,GRID_PASS,100.0,0.0,"B1 logic. V: 0.972, SOC: 100.0%",0
2026-01-01T14:56:00Z,GRID_PASS,100.0,0.0,"B1 logic. V: 0.972, SOC: 100.0%",0
2026-01-01T14:56:05Z,GRID_PASS,100.0,0.0,"B1 logic. V: 0.972, SOC: 100.0%",0
2026-01-01T14:56:10Z,GRID_PASS,100.0,0.0,"B1 logic. V: 0.972, SOC: 100.0%",0
2026-01-01T14:56:15Z,GRID_PASS,100.0,0.0,"B1 logic. V: 0.972, SOC: 100.0%",0
2026-01-01T14:56:20Z,GRID_PASS,100.0,0.0,"B1 logic. V: 0.972, SOC: 100.0%",0
2026-01-01T14:56:25Z,GRID_PASS,100.0,0.0,"B1 logic. V: 0.972, SOC: 100.0%",0
2026-01-01T14:56:30Z,GRID_PASS,100.0,0.0,"B1 logic. V: 0.972, SOC: 100.0%",0
2026-01-01T14:56:35Z,GRID_PASS,100.0,0.0,"B1 logic. V: 0.972, SOC: 100.0%",0
2026-01-01T14:56:40Z,GRID_PASS,100.0,0.0,"B1 logic. V: 0.972, SOC: 100.0%",0
2026-01-01T14:56:45Z,GRID_PASS,100.0,0.0,"B1 logic. V: 0.972, SOC: 100.0%",0
2026-01-01T14:56:50Z,GRID_PASS,100.0,0.0,"B1 logic. V: 0.972, SOC: 100.0%",0
2026-01-01T14:56:55Z,GRID_PASS,100.0,0.0,"B1 logic. V: 0.972, SOC: 100.0%",0
2026-01-01T14:57:00Z,GRID_PASS,100.0,0.0,"B1 logic. V: 0.972, SOC: 100.0%",0
2026-01-01T14:57:05Z,GRID_PASS,100.0,0.0,"B1 logic. V: 0.972, SOC: 100.0%",0
2026-01-01T14:57:10Z,GRID_PASS,100.0,0.0,"B1 logic. V: 0.972, SOC: 100.0%",0
2026-01-01T14:57:15Z,GRID_PASS,100.0,0.0,"B1 logic. V: 0.972, SOC: 100.0%",0
2026-01-01T14:57:20Z,GRID_PASS,100.0,0.0,"B1 logic. V: 0.972, SOC: 100.0%",0
2026-01-01T14:57:25Z,GRID_PASS,100.0,0.0,"B1 logic. V: 0.972, SOC: 100.0%",0
2026-01-01T14:57:30Z,GRID_PASS,100.0,0.0,"B1 logic. V: 0.972, SOC: 100.0%",0
2026-01-01T14:57:35Z,GRID_PASS,100.0,0.0,"B1 logic. V: 0.972, SOC: 100.0%",0
2026-01-01T14:57:40Z,GRID_PASS,100.0,0.0,"B1 logic. V: 0.972, SOC: 100.0%",0
2026-01-01T14:57:45Z,GRID_PASS,100.0,0.0,"B1 logic. V: 0.972, SOC: 100.0%",0
2026-01-01T14:57:50Z,GRID_PASS,100.0,0.0,"B1 logic. V: 0.972, SOC: 100.0%",0
2026-01-01T14:57:55Z,GRID_PASS,100.0,0.0,"B1 logic. V: 0.972, SOC: 100.0%",0
2026-01-01T14:58:00Z,GRID_PASS,100.0,0.0,"B1 logic. V: 0.972, SOC: 100.0%",0
2026-01-01T14:58:05Z,GRID_PASS,100.0,0.0,"B1 logic. V: 0.972, SOC: 100.0%",0
2026-01-01T14:58:10Z,GRID_PASS,100.0,0.0,"B1 logic. V: 0.972, SOC: 100.0%",0
2026-01-01T14:58:15Z,GRID_PASS,100.0,0.0,"B1 logic. V: 0.972, SOC: 100.0%",0
2026-01-01T14:58:20Z,GRID_PASS,100.0,0.0,"B1 logic. V: 0.972, SOC: 100.0%",0
2026-01-01T14:58:25Z,GRID_PASS,100.0,0.0,"B1 logic. V: 0.972, SOC: 100.0%",0
2026-01-01T14:58:30Z,GRID_PASS,100.0,0.0,"B1 logic. V: 0.972, SOC: 100.0%",0
2026-01-01T14:58:35Z,GRID_PASS,100.0,0.0,"B1 logic. V: 0.972, SOC: 100.0%",0
2026-01-01T14:58:40Z,GRID_PASS,100.0,0.0,"B1 logic. V: 0.972, SOC: 100.0%",0
2026-01-01T14:58:45Z,GRID_PASS,100.0,0.0,"B1 logic. V: 0.972, SOC: 100.0%",0
2026-01-01T14:58:50Z,GRID_PASS,100.0,0.0,"B1 logic. V: 0.972, SOC: 100.0%",0
2026-01-01T14:58:55Z,GRID_PASS,100.0,0.0,"B1 logic. V: 0.972, SOC: 100.0%",0
2026-01-01T14:59:00Z,GRID_PASS,100.0,0.0,"B1 logic. V: 0.972, SOC: 100.0%",0
2026-01-01T14:59:05Z,GRID_PASS,100.0,0.0,"B1 logic. V: 0.972, SOC: 100.0%",0
2026-01-01T14:59:10Z,GRID_PASS,100.0,0.0,"B1 logic. V: 0.972, SOC: 100.0%",0
2026-01-01T14:59:15Z,GRID_PASS,100.0,0.0,"B1 logic. V: 0.972, SOC: 100.0%",0
2026-01-01T14:59:20Z,GRID_PASS,100.0,0.0,"B1 logic. V: 0.972, SOC: 100.0%",0
2026-01-01T14:59:25Z,GRID_PASS,100.0,0.0,"B1 logic. V: 0.972, SOC: 100.0%",0
2026-01-01T14:59:30Z,GRID_PASS,100.0,0.0,"B1 logic. V: 0.972, SOC: 100.0%",0
2026-01-01T14:59:35Z,GRID_PASS,100.0,0.0,"B1 logic. V: 0.972, SOC: 100.0%",0
2026-01-01T14:59:40Z,GRID_PASS,100.0,0.0,"B1 logic. V: 0.972, SOC: 100.0%",0
2026-01-01T14:59:45Z,GRID_PASS,100.0,0.0,"B1 logic. V: 0.972, SOC: 100.0%",0
2026-01-01T14:59:50Z,GRID_PASS,100.0,0.0,"B1 logic. V: 0.972, SOC: 100.0%",0
2026-01-01T14:59:55Z,GRID_PASS,100.0,0.0,"B1 logic. V: 0.972, SOC: 100.0%",0
2026-01-01T15:00:00Z,GRID_PASS,100.0,0.0,"B1 logic. V: 0.972, SOC: 100.0%",0
2026-01-01T15:00:05Z,GRID_PASS,100.0,0.0,"B1 logic. V: 0.972, SOC: 100.0%",0
2026-01-01T15:00:10Z,GRID_PASS,100.0,0.0,"B1 logic. V: 0.972, SOC: 100.0%",0
2026-01-01T15:00:15Z,GRID_PASS,100.0,0.0,"B1 logic. V: 0.972, SOC: 100.0%",0
2026-01-01T15:00:20Z,GRID_PASS,100.0,0.0,"B1 logic. V: 0.972, SOC: 100.0%",0
2026-01-01T15:00:25Z,GRID_PASS,100.0,0.0,"B1 logic. V: 0.972, SOC: 100.0%",0
2026-01-01T15:00:30Z,GRID_PASS,100.0,0.0,"B1 logic. V: 0.972, SOC: 100.0%",0
2026-01-01T15:00:35Z,GRID_PASS,100.0,0.0,"B1 logic. V: 0.972, SOC: 100.0%",0
2026-01-01T15:00:40Z,GRID_PASS,100.0,0.0,"B1 logic. V: 0.972, SOC: 100.0%",0
2026-01-01T15:00:45Z,GRID_PASS,100.0,0.0,"B1 logic. V: 0.972, SOC: 100.0%",0
2026-01-01T15:00:50Z,GRID_PASS,100.0,0.0,"B1 logic. V: 0.972, SOC: 100.0%",0
2026-01-01T15:00:55Z,GRID_PASS,100.0,0.0,"B1 logic. V: 0.972, SOC: 100.0%",0
2026-01-01T15:01:00Z,GRID_PASS,100.0,0.0,"B1 logic. V: 0.972, SOC: 100.0%",0
2026-01-01T15:01:05Z,GRID_PASS,100.0,0.0,"B1 logic. V: 0.972, SOC: 100.0%",0
2026-01-01T15:01:10Z,GRID_PASS,100.0,0.0,"B1 logic. V: 0.972, SOC: 100.0%",0
2026-01-01T15:01:15Z,GRID_PASS,100.0,0.0,"B1 logic. V: 0.972, SOC: 100.0%",0
2026-01-01T15:01:20Z,GRID_PASS,100.0,0.0,"B1 logic. V: 0.972, SOC: 100.0%",0
2026-01-01T15:01:25Z,GRID_PASS,100.0,0.0,"B1 logic. V: 0.972, SOC: 100.0%",0
2026-01-01T15:01:30Z,GRID_PASS,100.0,0.0,"B1 logic. V: 0.972, SOC: 100.0%",0
2026-01-01T15:01:35Z,GRID_PASS,100.0,0.0,"B1 logic. V: 0.972, SOC: 100.0%",0
2026-01-01T15:01:40Z,GRID_PASS,100.0,0.0,"B1 logic. V: 0.972, SOC: 100.0%",0
2026-01-01T15:01:45Z,GRID_PASS,100.0,0.0,"B1 logic. V: 0.972, SOC: 100.0%",0
2026-01-01T15:01:50Z,GRID_PASS,100.0,0.0,"B1 logic. V: 0.972, SOC: 100.0%",0
2026-01-01T15:01:55Z,GRID_PASS,100.0,0.0,"B1 logic. V: 0.972, SOC: 100.0%",0
2026-01-01T15:02:00Z,GRID_PASS,100.0,0.0,"B1 logic. V: 0.972, SOC: 100.0%",0
2026-01-01T15:02:05Z,GRID_PASS,100.0,0.0,"B1 logic. V: 0.972, SOC: 100.0%",0
2026-01-01T15:02:10Z,GRID_PASS,100.0,0.0,"B1 logic. V: 0.972, SOC: 100.0%",0
2026-01-01T15:02:15Z,GRID_PASS,100.0,0.0,"B1 logic. V: 0.972, SOC: 100.0%",0
2026-01-01T15:02:20Z,GRID_PASS,100.0,0.0,"B1 logic. V: 0.972, SOC: 100.0%",0
2026-01-01T15:02:25Z,GRID_PASS,100.0,0.0,"B1 logic. V: 0.972, SOC: 100.0%",0
2026-01-01T15:02:30Z,GRID_PASS,100.0,0.0,"B1 logic. V: 0.972, SOC: 100.0%",0
2026-01-01T15:02:35Z,GRID_PASS,100.0,0.0,"B1 logic. V: 0.972, SOC: 100.0%",0
2026-01-01T15:02:40Z,GRID_PASS,100.0,0.0,"B1 logic. V: 0.972, SOC: 100.0%",0
2026-01-01T15:02:45Z,GRID_PASS,100.0,0.0,"B1 logic. V: 0.972, SOC: 100.0%",0
2026-01-01T15:02:50Z,GRID_PASS,100.0,0.0,"B1 logic. V: 0.972, SOC: 100.0%",0
2026-01-01T15:02:55Z,GRID_PASS,100.0,0.0,"B1 logic. V: 0.972, SOC: 100.0%",0
2026-01-01T15:03:00Z,GRID_PASS,100.0,0.0,"B1 logic. V: 0.972, SOC: 100.0%",0
2026-01-01T15:03:05Z,GRID_PASS,100.0,0.0,"B1 logic. V: 0.972, SOC: 100.0%",0
2026-01-01T15:03:10Z,GRID_PASS,100.0,0.0,"B1 logic. V: 0.972, SOC: 100.0%",0
2026-01-01T15:03:15Z,GRID_PASS,100.0,0.0,"B1 logic. V: 0.972, SOC: 100.0%",0
2026-01-01T15:03:20Z,GRID_PASS,100.0,0.0,"B1 logic. V: 0.972, SOC: 100.0%",0
2026-01-01T15:03:25Z,GRID_PASS,100.0,0.0,"B1 logic. V: 0.972, SOC: 100.0%",0
2026-01-01T15:03:30Z,GRID_PASS,100.0,0.0,"B1 logic. V: 0.972, SOC: 100.0%",0
2026-01-01T15:03:35Z,GRID_PASS,100.0,0.0,"B1 logic. V: 0.972, SOC: 100.0%",0
2026-01-01T15:03:40Z,GRID_PASS,100.0,0.0,"B1 logic. V: 0.972, SOC: 100.0%",0
2026-01-01T15:03:45Z,GRID_PASS,100.0,0.0,"B1 logic. V: 0.972, SOC: 100.0%",0
2026-01-01T15:03:50Z,GRID_PASS,100.0,0.0,"B1 logic. V: 0.972, SOC: 100.0%",0
2026-01-01T15:03:55Z,GRID_PASS,100.0,0.0,"B1 logic. V: 0.972, SOC: 100.0%",0
2026-01-01T15:04:00Z,GRID_PASS,100.0,0.0,"B1 logic. V: 0.972, SOC: 100.0%",0
2026-01-01T15:04:05Z,GRID_PASS,100.0,0.0,"B1 logic. V: 0.972, SOC: 100.0%",0
2026-01-01T15:04:10Z,GRID_PASS,100.0,0.0,"B1 logic. V: 0.972, SOC: 100.0%",0
2026-01-01T15:04:15Z,GRID_PASS,100.0,0.0,"B1 logic. V: 0.972, SOC: 100.0%",0
2026-01-01T15:04:20Z,GRID_PASS,100.0,0.0,"B1 logic. V: 0.972, SOC: 100.0%",0
2026-01-01T15:04:25Z,GRID_PASS,100.0,0.0,"B1 logic. V: 0.972, SOC: 100.0%",0
2026-01-01T15:04:30Z,GRID_PASS,100.0,0.0,"B1 logic. V: 0.972, SOC: 100.0%",0
2026-01-01T15:04:35Z,GRID_PASS,100.0,0.0,"B1 logic. V: 0.972, SOC: 100.0%",0
2026-01-01T15:04:40Z,GRID_PASS,100.0,0.0,"B1 logic. V: 0.972, SOC: 100.0%",0
2026-01-01T15:04:45Z,GRID_PASS,100.0,0.0,"B1 logic. V: 0.972, SOC: 100.0%",0
2026-01-01T15:04:50Z,GRID_PASS,100.0,0.0,"B1 logic. V: 0.972, SOC: 100.0%",0
2026-01-01T15:04:55Z,GRID_PASS,100.0,0.0,"B1 logic. V: 0.972, SOC: 100.0%",0
2026-01-01T15:05:00Z,GRID_PASS,100.0,0.0,"B1 logic. V: 0.972, SOC: 100.0%",0
2026-01-01T15:05:05Z,GRID_PASS,100.0,0.0,"B1 logic. V: 0.972, SOC: 100.0%",0
2026-01-01T15:05:10Z,GRID_PASS,100.0,0.0,"B1 logic. V: 0.972, SOC: 100.0%",0
2026-01-01T15:05:15Z,GRID_PASS,100.0,0.0,"B1 logic. V: 0.972, SOC: 100.0%",0
2026-01-01T15:05:20Z,GRID_PASS,100.0,0.0,"B1 logic. V: 0.972, SOC: 100.0%",0
2026-01-01T15:05:25Z,GRID_PASS,100.0,0.0,"B1 logic. V: 0.972, SOC: 100.0%",0
2026-01-01T15:05:30Z,GRID_PASS,100.0,0.0,"B1 logic. V: 0.972, SOC: 100.0%",0
2026-01-01T15:05:35Z,GRID_PASS,100.0,0.0,"B1 logic. V: 0.972, SOC: 100.0%",0
2026-01-01T15:05:40Z,GRID_PASS,100.0,0.0,"B1 logic. V: 0.972, SOC: 100.0%",0
2026-01-01T15:05:45Z,GRID_PASS,100.0,0.0,"B1 logic. V: 0.972, SOC: 100.0%",0
2026-01-01T15:05:50Z,GRID_PASS,100.0,0.0,"B1 logic. V: 0.972, SOC: 100.0%",0
2026-01-01T15:05:55Z,GRID_PASS,100.0,0.0,"B1 logic. V: 0.972, SOC: 100.0%",0
2026-01-01T15:06:00Z,GRID_PASS,100.0,0.0,"B1 logic. V: 0.972, SOC: 100.0%",0
2026-01-01T15:06:05Z,GRID_PASS,100.0,0.0,"B1 logic. V: 0.972, SOC: 100.0%",0
2026-01-01T15:06:10Z,GRID_PASS,100.0,0.0,"B1 logic. V: 0.972, SOC: 100.0%",0
2026-01-01T15:06:15Z,GRID_PASS,100.0,0.0,"B1 logic. V: 0.972, SOC: 100.0%",0
2026-01-01T15:06:20Z,GRID_PASS,100.0,0.0,"B1 logic. V: 0.972, SOC: 100.0%",0
2026-01-01T15:06:25Z,GRID_PASS,100.0,0.0,"B1 logic. V: 0.972, SOC: 100.0%",0
2026-01-01T15:06:30Z,GRID_PASS,100.0,0.0,"B1 logic. V: 0.972, SOC: 100.0%",0
2026-01-01T15:06:35Z,GRID_PASS,100.0,0.0,"B1 logic. V: 0.972, SOC: 100.0%",0
2026-01-01T15:06:40Z,GRID_PASS,100.0,0.0,"B1 logic. V: 0.972, SOC: 100.0%",0
2026-01-01T15:06:45Z,GRID_PASS,100.0,0.0,"B1 logic. V: 0.972, SOC: 100.0%",0
2026-01-01T15:06:50Z,GRID_PASS,100.0,0.0,"B1 logic. V: 0.972, SOC: 100.0%",0
2026-01-01T15:06:55Z,GRID_PASS,100.0,0.0,"B1 logic. V: 0.972, SOC: 100.0%",0
2026-01-01T15:07:00Z,GRID_PASS,100.0,0.0,"B1 logic. V: 0.972, SOC: 100.0%",0
2026-01-01T15:07:05Z,GRID_PASS,100.0,0.0,"B1 logic. V: 0.972, SOC: 100.0%",0
2026-01-01T15:07:10Z,GRID_PASS,100.0,0.0,"B1 logic. V: 0.972, SOC: 100.0%",0
2026-01-01T15:07:15Z,GRID_PASS,100.0,0.0,"B1 logic. V: 0.972, SOC: 100.0%",0
2026-01-01T15:07:20Z,GRID_PASS,100.0,0.0,"B1 logic. V: 0.972, SOC: 100.0%",0
2026-01-01T15:07:25Z,GRID_PASS,100.0,0.0,"B1 logic. V: 0.972, SOC: 100.0%",0
2026-01-01T15:07:30Z,GRID_PASS,100.0,0.0,"B1 logic. V: 0.972, SOC: 100.0%",0
2026-01-01T15:07:35Z,GRID_PASS,100.0,0.0,"B1 logic. V: 0.972, SOC: 100.0%",0
2026-01-01T15:07:40Z,GRID_PASS,100.0,0.0,"B1 logic. V: 0.972, SOC: 100.0%",0
2026-01-01T15:07:45Z,GRID_PASS,100.0,0.0,"B1 logic. V: 0.972, SOC: 100.0%",0
2026-01-01T15:07:50Z,GRID_PASS,100.0,0.0,"B1 logic. V: 0.972, SOC: 100.0%",0
2026-01-01T15:07:55Z,GRID_PASS,100.0,0.0,"B1 logic. V: 0.972, SOC: 100.0%",0
2026-01-01T15:08:00Z,GRID_PASS,100.0,0.0,"B1 logic. V: 0.972, SOC: 100.0%",0
2026-01-01T15:08:05Z,GRID_PASS,100.0,0.0,"B1 logic. V: 0.972, SOC: 100.0%",0
2026-01-01T15:08:10Z,GRID_PASS,100.0,0.0,"B1 logic. V: 0.972, SOC: 100.0%",0
2026-01-01T15:08:15Z,GRID_PASS,100.0,0.0,"B1 logic. V: 0.972, SOC: 100.0%",0
2026-01-01T15:08:20Z,GRID_PASS,100.0,0.0,"B1 logic. V: 0.972, SOC: 100.0%",0
2026-01-01T15:08:25Z,GRID_PASS,100.0,0.0,"B1 logic. V: 0.972, SOC: 100.0%",0
2026-01-01T15:08:30Z,GRID_PASS,100.0,0.0,"B1 logic. V: 0.972, SOC: 100.0%",0
2026-01-01T15:08:35Z,GRID_PASS,100.0,0.0,"B1 logic. V: 0.972, SOC: 100.0%",0
2026-01-01T15:08:40Z,GRID_PASS,100.0,0.0,"B1 logic. V: 0.972, SOC: 100.0%",0
2026-01-01T15:08:45Z,GRID_PASS,100.0,0.0,"B1 logic. V: 0.972, SOC: 100.0%",0
2026-01-01T15:08:50Z,GRID_PASS,100.0,0.0,"B1 logic. V: 0.972, SOC: 100.0%",0
2026-01-01T15:08:55Z,GRID_PASS,100.0,0.0,"B1 logic. V: 0.972, SOC: 100.0%",0
2026-01-01T15:09:00Z,GRID_PASS,100.0,0.0,"B1 logic. V: 0.972, SOC: 100.0%",0
2026-01-01T15:09:05Z,GRID_PASS,100.0,0.0,"B1 logic. V: 0.971, SOC: 100.0%",0
2026-01-01T15:09:10Z,GRID_PASS,100.0,0.0,"B1 logic. V: 0.971, SOC: 100.0%",0
2026-01-01T15:09:15Z,GRID_PASS,100.0,0.0,"B1 logic. V: 0.971, SOC: 100.0%",0
2026-01-01T15:09:20Z,GRID_PASS,100.0,0.0,"B1 logic. V: 0.971, SOC: 100.0%",0
2026-01-01T15:09:25Z,GRID_PASS,100.0,0.0,"B1 logic. V: 0.971, SOC: 100.0%",0
2026-01-01T15:09:30Z,GRID_PASS,100.0,0.0,"B1 logic. V: 0.971, SOC: 100.0%",0
2026-01-01T15:09:35Z,GRID_PASS,100.0,0.0,"B1 logic. V: 0.971, SOC: 100.0%",0
2026-01-01T15:09:40Z,GRID_PASS,100.0,0.0,"B1 logic. V: 0.971, SOC: 100.0%",0
2026-01-01T15:09:45Z,GRID_PASS,100.0,0.0,"B1 logic. V: 0.971, SOC: 100.0%",0
2026-01-01T15:09:50Z,GRID_PASS,100.0,0.0,"B1 logic. V: 0.971, SOC: 100.0%",0
2026-01-01T15:09:55Z,GRID_PASS,100.0,0.0,"B1 logic. V: 0.971, SOC: 100.0%",0
2026-01-01T15:10:00Z,GRID_PASS,100.0,0.0,"B1 logic. V: 0.971, SOC: 100.0%",0
2026-01-01T15:10:05Z,GRID_PASS,100.0,0.0,"B1 logic. V: 0.971, SOC: 100.0%",0
2026-01-01T15:10:10Z,GRID_PASS,100.0,0.0,"B1 logic. V: 0.971, SOC: 100.0%",0
2026-01-01T15:10:15Z,GRID_PASS,100.0,0.0,"B1 logic. V: 0.971, SOC: 100.0%",0
2026-01-01T15:10:20Z,GRID_PASS,100.0,0.0,"B1 logic. V: 0.971, SOC: 100.0%",0
2026-01-01T15:10:25Z,GRID_PASS,100.0,0.0,"B1 logic. V: 0.971, SOC: 100.0%",0
2026-01-01T15:10:30Z,GRID_PASS,100.0,0.0,"B1 logic. V: 0.971, SOC: 100.0%",0
2026-01-01T15:10:35Z,GRID_PASS,100.0,0.0,"B1 logic. V: 0.971, SOC: 100.0%",0
2026-01-01T15:10:40Z,GRID_PASS,100.0,0.0,"B1 logic. V: 0.971, SOC: 100.0%",0
2026-01-01T15:10:45Z,GRID_PASS,100.0,0.0,"B1 logic. V: 0.971, SOC: 100.0%",0
2026-01-01T15:10:50Z,GRID_PASS,100.0,0.0,"B1 logic. V: 0.971, SOC: 100.0%",0
2026-01-01T15:10:55Z,GRID_PASS,100.0,0.0,"B1 logic. V: 0.971, SOC: 100.0%",0
2026-01-01T15:11:00Z,GRID_PASS,100.0,0.0,"B1 logic. V: 0.971, SOC: 100.0%",0
2026-01-01T15:11:05Z,GRID_PASS,100.0,0.0,"B1 logic. V: 0.971, SOC: 100.0%",0
2026-01-01T15:11:10Z,GRID_PASS,100.0,0.0,"B1 logic. V: 0.971, SOC: 100.0%",0
2026-01-01T15:11:15Z,GRID_PASS,100.0,0.0,"B1 logic. V: 0.971, SOC: 100.0%",0
2026-01-01T15:11:20Z,GRID_PASS,100.0,0.0,"B1 logic. V: 0.971, SOC: 100.0%",0
2026-01-01T15:11:25Z,GRID_PASS,100.0,0.0,"B1 logic. V: 0.971, SOC: 100.0%",0
2026-01-01T15:11:30Z,GRID_PASS,100.0,0.0,"B1 logic. V: 0.971, SOC: 100.0%",0
2026-01-01T15:11:35Z,GRID_PASS,100.0,0.0,"B1 logic. V: 0.971, SOC: 100.0%",0
2026-01-01T15:11:40Z,GRID_PASS,100.0,0.0,"B1 logic. V: 0.971, SOC: 100.0%",0
2026-01-01T15:11:45Z,GRID_PASS,100.0,0.0,"B1 logic. V: 0.971, SOC: 100.0%",0
2026-01-01T15:11:50Z,GRID_PASS,100.0,0.0,"B1 logic. V: 0.971, SOC: 100.0%",0
2026-01-01T15:11:55Z,GRID_PASS,100.0,0.0,"B1 logic. V: 0.971, SOC: 100.0%",0
2026-01-01T15:12:00Z,GRID_PASS,100.0,0.0,"B1 logic. V: 0.971, SOC: 100.0%",0
2026-01-01T15:12:05Z,GRID_PASS,100.0,0.0,"B1 logic. V: 0.971, SOC: 100.0%",0
2026-01-01T15:12:10Z,GRID_PASS,100.0,0.0,"B1 logic. V: 0.971, SOC: 100.0%",0
2026-01-01T15:12:15Z,GRID_PASS,100.0,0.0,"B1 logic. V: 0.971, SOC: 100.0%",0
2026-01-01T15:12:20Z,GRID_PASS,100.0,0.0,"B1 logic. V: 0.971, SOC: 100.0%",0
2026-01-01T15:12:25Z,GRID_PASS,100.0,0.0,"B1 logic. V: 0.971, SOC: 100.0%",0
2026-01-01T15:12:30Z,GRID_PASS,100.0,0.0,"B1 logic. V: 0.971, SOC: 100.0%",0
2026-01-01T15:12:35Z,GRID_PASS,100.0,0.0,"B1 logic. V: 0.971, SOC: 100.0%",0
2026-01-01T15:12:40Z,GRID_PASS,100.0,0.0,"B1 logic. V: 0.971, SOC: 100.0%",0
2026-01-01T15:12:45Z,GRID_PASS,100.0,0.0,"B1 logic. V: 0.971, SOC: 100.0%",0
2026-01-01T15:12:50Z,GRID_PASS,100.0,0.0,"B1 logic. V: 0.971, SOC: 100.0%",0
2026-01-01T15:12:55Z,GRID_PASS,100.0,0.0,"B1 logic. V: 0.971, SOC: 100.0%",0
2026-01-01T15:13:00Z,GRID_PASS,100.0,0.0,"B1 logic. V: 0.971, SOC: 100.0%",0
2026-01-01T15:13:05Z,GRID_PASS,100.0,0.0,"B1 logic. V: 0.971, SOC: 100.0%",0
2026-01-01T15:13:10Z,GRID_PASS,100.0,0.0,"B1 logic. V: 0.971, SOC: 100.0%",0
2026-01-01T15:13:15Z,GRID_PASS,100.0,0.0,"B1 logic. V: 0.971, SOC: 100.0%",0
2026-01-01T15:13:20Z,GRID_PASS,100.0,0.0,"B1 logic. V: 0.971, SOC: 100.0%",0
2026-01-01T15:13:25Z,GRID_PASS,100.0,0.0,"B1 logic. V: 0.971, SOC: 100.0%",0
2026-01-01T15:13:30Z,GRID_PASS,100.0,0.0,"B1 logic. V: 0.971, SOC: 100.0%",0
2026-01-01T15:13:35Z,GRID_PASS,100.0,0.0,"B1 logic. V: 0.971, SOC: 100.0%",0
2026-01-01T15:13:40Z,GRID_PASS,100.0,0.0,"B1 logic. V: 0.971, SOC: 100.0%",0
2026-01-01T15:13:45Z,GRID_PASS,100.0,0.0,"B1 logic. V: 0.971, SOC: 100.0%",0
2026-01-01T15:13:50Z,GRID_PASS,100.0,0.0,"B1 logic. V: 0.971, SOC: 100.0%",0
2026-01-01T15:13:55Z,GRID_PASS,100.0,0.0,"B1 logic. V: 0.971, SOC: 100.0%",0
2026-01-01T15:14:00Z,GRID_PASS,100.0,0.0,"B1 logic. V: 0.971, SOC: 100.0%",0
2026-01-01T15:14:05Z,GRID_PASS,100.0,0.0,"B1 logic. V: 0.971, SOC: 100.0%",0
2026-01-01T15:14:10Z,GRID_PASS,100.0,0.0,"B1 logic. V: 0.971, SOC: 100.0%",0
2026-01-01T15:14:15Z,GRID_PASS,100.0,0.0,"B1 logic. V: 0.971, SOC: 100.0%",0
2026-01-01T15:14:20Z,GRID_PASS,100.0,0.0,"B1 logic. V: 0.971, SOC: 100.0%",0
2026-01-01T15:14:25Z,GRID_PASS,100.0,0.0,"B1 logic. V: 0.971, SOC: 100.0%",0
2026-01-01T15:14:30Z,GRID_PASS,100.0,0.0,"B1 logic. V: 0.971, SOC: 100.0%",0
2026-01-01T15:14:35Z,GRID_PASS,100.0,0.0,"B1 logic. V: 0.971, SOC: 100.0%",0
2026-01-01T15:14:40Z,GRID_PASS,100.0,0.0,"B1 logic. V: 0.971, SOC: 100.0%",0
2026-01-01T15:14:45Z,GRID_PASS,100.0,0.0,"B1 logic. V: 0.971, SOC: 100.0%",0
2026-01-01T15:14:50Z,GRID_PASS,100.0,0.0,"B1 logic. V: 0.971, SOC: 100.0%",0
2026-01-01T15:14:55Z,GRID_PASS,100.0,0.0,"B1 logic. V: 0.971, SOC: 100.0%",0
2026-01-01T15:15:00Z,GRID_PASS,100.0,0.0,"B1 logic. V: 0.971, SOC: 100.0%",0
2026-01-01T15:15:05Z,GRID_PASS,100.0,0.0,"B1 logic. V: 0.971, SOC: 100.0%",0
2026-01-01T15:15:10Z,GRID_PASS,100.0,0.0,"B1 logic. V: 0.971, SOC: 100.0%",0
2026-01-01T15:15:15Z,GRID_PASS,100.0,0.0,"B1 logic. V: 0.971, SOC: 100.0%",0
2026-01-01T15:15:20Z,GRID_PASS,100.0,0.0,"B1 logic. V: 0.971, SOC: 100.0%",0
2026-01-01T15:15:25Z,GRID_PASS,100.0,0.0,"B1 logic. V: 0.971, SOC: 100.0%",0
2026-01-01T15:15:30Z,GRID_PASS,100.0,0.0,"B1 logic. V: 0.971, SOC: 100.0%",0
2026-01-01T15:15:35Z,GRID_PASS,100.0,0.0,"B1 logic. V: 0.971, SOC: 100.0%",0
2026-01-01T15:15:40Z,GRID_PASS,100.0,0.0,"B1 logic. V: 0.971, SOC: 100.0%",0
2026-01-01T15:15:45Z,GRID_PASS,100.0,0.0,"B1 logic. V: 0.971, SOC: 100.0%",0
2026-01-01T15:15:50Z,GRID_PASS,100.0,0.0,"B1 logic. V: 0.971, SOC: 100.0%",0
2026-01-01T15:15:55Z,GRID_PASS,100.0,0.0,"B1 logic. V: 0.971, SOC: 100.0%",0
2026-01-01T15:16:00Z,GRID_PASS,100.0,0.0,"B1 logic. V: 0.971, SOC: 100.0%",0
2026-01-01T15:16:05Z,GRID_PASS,100.0,0.0,"B1 logic. V: 0.971, SOC: 100.0%",0
2026-01-01T15:16:10Z,GRID_PASS,100.0,0.0,"B1 logic. V: 0.971, SOC: 100.0%",0
2026-01-01T15:16:15Z,GRID_PASS,100.0,0.0,"B1 logic. V: 0.971, SOC: 100.0%",0
2026-01-01T15:16:20Z,GRID_PASS,100.0,0.0,"B1 logic. V: 0.971, SOC: 100.0%",0
2026-01-01T15:16:25Z,GRID_PASS,100.0,0.0,"B1 logic. V: 0.971, SOC: 100.0%",0
2026-01-01T15:16:30Z,GRID_PASS,100.0,0.0,"B1 logic. V: 0.971, SOC: 100.0%",0
2026-01-01T15:16:35Z,GRID_PASS,100.0,0.0,"B1 logic. V: 0.971, SOC: 100.0%",0
2026-01-01T15:16:40Z,GRID_PASS,100.0,0.0,"B1 logic. V: 0.971, SOC: 100.0%",0
2026-01-01T15:16:45Z,GRID_PASS,100.0,0.0,"B1 logic. V: 0.971, SOC: 100.0%",0
2026-01-01T15:16:50Z,GRID_PASS,100.0,0.0,"B1 logic. V: 0.971, SOC: 100.0%",0
2026-01-01T15:16:55Z,GRID_PASS,100.0,0.0,"B1 logic. V: 0.971, SOC: 100.0%",0
2026-01-01T15:17:00Z,GRID_PASS,100.0,0.0,"B1 logic. V: 0.971, SOC: 100.0%",0
2026-01-01T15:17:05Z,GRID_PASS,100.0,0.0,"B1 logic. V: 0.971, SOC: 100.0%",0
2026-01-01T15:17:10Z,GRID_PASS,100.0,0.0,"B1 logic. V: 0.971, SOC: 100.0%",0
2026-01-01T15:17:15Z,GRID_PASS,100.0,0.0,"B1 logic. V: 0.971, SOC: 100.0%",0
2026-01-01T15:17:20Z,GRID_PASS,100.0,0.0,"B1 logic. V: 0.971, SOC: 100.0%",0
2026-01-01T15:17:25Z,GRID_PASS,100.0,0.0,"B1 logic. V: 0.971, SOC: 100.0%",0
2026-01-01T15:17:30Z,GRID_PASS,100.0,0.0,"B1 logic. V: 0.971, SOC: 100.0%",0
2026-01-01T15:17:35Z,GRID_PASS,100.0,0.0,"B1 logic. V: 0.971, SOC: 100.0%",0
2026-01-01T15:17:40Z,GRID_PASS,100.0,0.0,"B1 logic. V: 0.971, SOC: 100.0%",0
2026-01-01T15:17:45Z,GRID_PASS,100.0,0.0,"B1 logic. V: 0.971, SOC: 100.0%",0
2026-01-01T15:17:50Z,GRID_PASS,100.0,0.0,"B1 logic. V: 0.971, SOC: 100.0%",0
2026-01-01T15:17:55Z,GRID_PASS,100.0,0.0,"B1 logic. V: 0.971, SOC: 100.0%",0
2026-01-01T15:18:00Z,GRID_PASS,100.0,0.0,"B1 logic. V: 0.971, SOC: 100.0%",0
2026-01-01T15:18:05Z,GRID_PASS,100.0,0.0,"B1 logic. V: 0.971, SOC: 100.0%",0
2026-01-01T15:18:10Z,GRID_PASS,100.0,0.0,"B1 logic. V: 0.971, SOC: 100.0%",0
2026-01-01T15:18:15Z,GRID_PASS,100.0,0.0,"B1 logic. V: 0.971, SOC: 100.0%",0
2026-01-01T15:18:20Z,GRID_PASS,100.0,0.0,"B1 logic. V: 0.971, SOC: 100.0%",0
2026-01-01T15:18:25Z,GRID_PASS,100.0,0.0,"B1 logic. V: 0.971, SOC: 100.0%",0
2026-01-01T15:18:30Z,GRID_PASS,100.0,0.0,"B1 logic. V: 0.971, SOC: 100.0%",0
2026-01-01T15:18:35Z,GRID_PASS,100.0,0.0,"B1 logic. V: 0.971, SOC: 100.0%",0
2026-01-01T15:18:40Z,GRID_PASS,100.0,0.0,"B1 logic. V: 0.971, SOC: 100.0%",0
2026-01-01T15:18:45Z,GRID_PASS,100.0,0.0,"B1 logic. V: 0.971, SOC: 100.0%",0
2026-01-01T15:18:50Z,GRID_PASS,100.0,0.0,"B1 logic. V: 0.971, SOC: 100.0%",0
2026-01-01T15:18:55Z,GRID_PASS,100.0,0.0,"B1 logic. V: 0.971, SOC: 100.0%",0
2026-01-01T15:19:00Z,GRID_PASS,100.0,0.0,"B1 logic. V: 0.971, SOC: 100.0%",0
2026-01-01T15:19:05Z,GRID_PASS,100.0,0.0,"B1 logic. V: 0.971, SOC: 100.0%",0
2026-01-01T15:19:10Z,GRID_PASS,100.0,0.0,"B1 logic. V: 0.971, SOC: 100.0%",0
2026-01-01T15:19:15Z,GRID_PASS,100.0,0.0,"B1 logic. V: 0.971, SOC: 100.0%",0
2026-01-01T15:19:20Z,GRID_PASS,100.0,0.0,"B1 logic. V: 0.971, SOC: 100.0%",0
2026-01-01T15:19:25Z,GRID_PASS,100.0,0.0,"B1 logic. V: 0.971, SOC: 100.0%",0
2026-01-01T15:19:30Z,GRID_PASS,100.0,0.0,"B1 logic. V: 0.971, SOC: 100.0%",0
2026-01-01T15:19:35Z,GRID_PASS,100.0,0.0,"B1 logic. V: 0.971, SOC: 100.0%",0
2026-01-01T15:19:40Z,GRID_PASS,100.0,0.0,"B1 logic. V: 0.971, SOC: 100.0%",0
2026-01-01T15:19:45Z,GRID_PASS,100.0,0.0,"B1 logic. V: 0.971, SOC: 100.0%",0
2026-01-01T15:19:50Z,GRID_PASS,100.0,0.0,"B1 logic. V: 0.971, SOC: 100.0%",0
2026-01-01T15:19:55Z,GRID_PASS,100.0,0.0,"B1 logic. V: 0.971, SOC: 100.0%",0
2026-01-01T15:20:00Z,GRID_PASS,100.0,0.0,"B1 logic. V: 0.971, SOC: 100.0%",0
2026-01-01T15:20:05Z,GRID_PASS,100.0,0.0,"B1 logic. V: 0.971, SOC: 100.0%",0
2026-01-01T15:20:10Z,GRID_PASS,100.0,0.0,"B1 logic. V: 0.971, SOC: 100.0%",0
2026-01-01T15:20:15Z,GRID_PASS,100.0,0.0,"B1 logic. V: 0.971, SOC: 100.0%",0
2026-01-01T15:20:20Z,GRID_PASS,100.0,0.0,"B1 logic. V: 0.971, SOC: 100.0%",0
2026-01-01T15:20:25Z,GRID_PASS,100.0,0.0,"B1 logic. V: 0.971, SOC: 100.0%",0
2026-01-01T15:20:30Z,GRID_PASS,100.0,0.0,"B1 logic. V: 0.971, SOC: 100.0%",0
2026-01-01T15:20:35Z,GRID_PASS,100.0,0.0,"B1 logic. V: 0.971, SOC: 100.0%",0
2026-01-01T15:20:40Z,GRID_PASS,100.0,0.0,"B1 logic. V: 0.971, SOC: 100.0%",0
2026-01-01T15:20:45Z,GRID_PASS,100.0,0.0,"B1 logic. V: 0.971, SOC: 100.0%",0
2026-01-01T15:20:50Z,GRID_PASS,100.0,0.0,"B1 logic. V: 0.971, SOC: 100.0%",0
2026-01-01T15:20:55Z,GRID_PASS,100.0,0.0,"B1 logic. V: 0.971, SOC: 100.0%",0
2026-01-01T15:21:00Z,GRID_PASS,100.0,0.0,"B1 logic. V: 0.971, SOC: 100.0%",0
2026-01-01T15:21:05Z,GRID_PASS,100.0,0.0,"B1 logic. V: 0.971, SOC: 100.0%",0
2026-01-01T15:21:10Z,GRID_PASS,100.0,0.0,"B1 logic. V: 0.971, SOC: 100.0%",0
2026-01-01T15:21:15Z,GRID_PASS,100.0,0.0,"B1 logic. V: 0.971, SOC: 100.0%",0
2026-01-01T15:21:20Z,GRID_PASS,100.0,0.0,"B1 logic. V: 0.971, SOC: 100.0%",0
2026-01-01T15:21:25Z,GRID_PASS,100.0,0.0,"B1 logic. V: 0.971, SOC: 100.0%",0
2026-01-01T15:21:30Z,GRID_PASS,100.0,0.0,"B1 logic. V: 0.971, SOC: 100.0%",0
2026-01-01T15:21:35Z,GRID_PASS,100.0,0.0,"B1 logic. V: 0.971, SOC: 100.0%",0
2026-01-01T15:21:40Z,GRID_PASS,100.0,0.0,"B1 logic. V: 0.971, SOC: 100.0%",0
2026-01-01T15:21:45Z,GRID_PASS,100.0,0.0,"B1 logic. V: 0.971, SOC: 100.0%",0
2026-01-01T15:21:50Z,GRID_PASS,100.0,0.0,"B1 logic. V: 0.971, SOC: 100.0%",0
2026-01-01T15:21:55Z,GRID_PASS,100.0,0.0,"B1 logic. V: 0.971, SOC: 100.0%",0
2026-01-01T15:22:00Z,GRID_PASS,100.0,0.0,"B1 logic. V: 0.971, SOC: 100.0%",0
2026-01-01T15:22:05Z,GRID_PASS,100.0,0.0,"B1 logic. V: 0.971, SOC: 100.0%",0
2026-01-01T15:22:10Z,GRID_PASS,100.0,0.0,"B1 logic. V: 0.971, SOC: 100.0%",0
2026-01-01T15:22:15Z,GRID_PASS,100.0,0.0,"B1 logic. V: 0.971, SOC: 100.0%",0
2026-01-01T15:22:20Z,GRID_PASS,100.0,0.0,"B1 logic. V: 0.971, SOC: 100.0%",0
2026-01-01T15:22:25Z,GRID_PASS,100.0,0.0,"B1 logic. V: 0.971, SOC: 100.0%",0
2026-01-01T15:22:30Z,GRID_PASS,100.0,0.0,"B1 logic. V: 0.971, SOC: 100.0%",0
2026-01-01T15:22:35Z,GRID_PASS,100.0,0.0,"B1 logic. V: 0.971, SOC: 100.0%",0
2026-01-01T15:22:40Z,GRID_PASS,100.0,0.0,"B1 logic. V: 0.971, SOC: 100.0%",0
2026-01-01T15:22:45Z,GRID_PASS,100.0,0.0,"B1 logic. V: 0.971, SOC: 100.0%",0
2026-01-01T15:22:50Z,GRID_PASS,100.0,0.0,"B1 logic. V: 0.971, SOC: 100.0%",0
2026-01-01T15:22:55Z,GRID_PASS,100.0,0.0,"B1 logic. V: 0.971, SOC: 100.0%",0
2026-01-01T15:23:00Z,GRID_PASS,100.0,0.0,"B1 logic. V: 0.971, SOC: 100.0%",0
2026-01-01T15:23:05Z,GRID_PASS,100.0,0.0,"B1 logic. V: 0.971, SOC: 100.0%",0
2026-01-01T15:23:10Z,GRID_PASS,100.0,0.0,"B1 logic. V: 0.971, SOC: 100.0%",0
2026-01-01T15:23:15Z,GRID_PASS,100.0,0.0,"B1 logic. V: 0.971, SOC: 100.0%",0
2026-01-01T15:23:20Z,GRID_PASS,100.0,0.0,"B1 logic. V: 0.971, SOC: 100.0%",0
2026-01-01T15:23:25Z,GRID_PASS,100.0,0.0,"B1 logic. V: 0.971, SOC: 100.0%",0
2026-01-01T15:23:30Z,GRID_PASS,100.0,0.0,"B1 logic. V: 0.971, SOC: 100.0%",0
2026-01-01T15:23:35Z,GRID_PASS,100.0,0.0,"B1 logic. V: 0.971, SOC: 100.0%",0
2026-01-01T15:23:40Z,GRID_PASS,100.0,0.0,"B1 logic. V: 0.971, SOC: 100.0%",0
2026-01-01T15:23:45Z,GRID_PASS,100.0,0.0,"B1 logic. V: 0.971, SOC: 100.0%",0
2026-01-01T15:23:50Z,GRID_PASS,100.0,0.0,"B1 logic. V: 0.971, SOC: 100.0%",0
2026-01-01T15:23:55Z,GRID_PASS,100.0,0.0,"B1 logic. V: 0.971, SOC: 100.0%",0
2026-01-01T15:24:00Z,GRID_PASS,100.0,0.0,"B1 logic. V: 0.971, SOC: 100.0%",0
2026-01-01T15:24:05Z,GRID_PASS,100.0,0.0,"B1 logic. V: 0.971, SOC: 100.0%",0
2026-01-01T15:24:10Z,GRID_PASS,100.0,0.0,"B1 logic. V: 0.971, SOC: 100.0%",0
2026-01-01T15:24:15Z,GRID_PASS,100.0,0.0,"B1 logic. V: 0.971, SOC: 100.0%",0
2026-01-01T15:24:20Z,GRID_PASS,100.0,0.0,"B1 logic. V: 0.971, SOC: 100.0%",0
2026-01-01T15:24:25Z,GRID_PASS,100.0,0.0,"B1 logic. V: 0.971, SOC: 100.0%",0
2026-01-01T15:24:30Z,GRID_PASS,100.0,0.0,"B1 logic. V: 0.971, SOC: 100.0%",0
2026-01-01T15:24:35Z,GRID_PASS,100.0,0.0,"B1 logic. V: 0.971, SOC: 100.0%",0
2026-01-01T15:24:40Z,GRID_PASS,100.0,0.0,"B1 logic. V: 0.971, SOC: 100.0%",0
2026-01-01T15:24:45Z,GRID_PASS,100.0,0.0,"B1 logic. V: 0.971, SOC: 100.0%",0
2026-01-01T15:24:50Z,GRID_PASS,100.0,0.0,"B1 logic. V: 0.971, SOC: 100.0%",0
2026-01-01T15:24:55Z,GRID_PASS,100.0,0.0,"B1 logic. V: 0.971, SOC: 100.0%",0
2026-01-01T15:25:00Z,GRID_PASS,100.0,0.0,"B1 logic. V: 0.971, SOC: 100.0%",0
2026-01-01T15:25:05Z,GRID_PASS,100.0,0.0,"B1 logic. V: 0.971, SOC: 100.0%",0
2026-01-01T15:25:10Z,GRID_PASS,100.0,0.0,"B1 logic. V: 0.971, SOC: 100.0%",0
2026-01-01T15:25:15Z,GRID_PASS,100.0,0.0,"B1 logic. V: 0.971, SOC: 100.0%",0
2026-01-01T15:25:20Z,GRID_PASS,100.0,0.0,"B1 logic. V: 0.971, SOC: 100.0%",0
2026-01-01T15:25:25Z,GRID_PASS,100.0,0.0,"B1 logic. V: 0.971, SOC: 100.0%",0
2026-01-01T15:25:30Z,GRID_PASS,100.0,0.0,"B1 logic. V: 0.971, SOC: 100.0%",0
2026-01-01T15:25:35Z,GRID_PASS,100.0,0.0,"B1 logic. V: 0.971, SOC: 100.0%",0
2026-01-01T15:25:40Z,GRID_PASS,100.0,0.0,"B1 logic. V: 0.971, SOC: 100.0%",0
2026-01-01T15:25:45Z,GRID_PASS,100.0,0.0,"B1 logic. V: 0.971, SOC: 100.0%",0
2026-01-01T15:25:50Z,GRID_PASS,100.0,0.0,"B1 logic. V: 0.971, SOC: 100.0%",0
2026-01-01T15:25:55Z,GRID_PASS,100.0,0.0,"B1 logic. V: 0.971, SOC: 100.0%",0
2026-01-01T15:26:00Z,GRID_PASS,100.0,0.0,"B1 logic. V: 0.971, SOC: 100.0%",0
2026-01-01T15:26:05Z,GRID_PASS,100.0,0.0,"B1 logic. V: 0.971, SOC: 100.0%",0
2026-01-01T15:26:10Z,GRID_PASS,100.0,0.0,"B1 logic. V: 0.971, SOC: 100.0%",0
2026-01-01T15:26:15Z,GRID_PASS,100.0,0.0,"B1 logic. V: 0.971, SOC: 100.0%",0
2026-01-01T15:26:20Z,GRID_PASS,100.0,0.0,"B1 logic. V: 0.971, SOC: 100.0%",0
2026-01-01T15:26:25Z,GRID_PASS,100.0,0.0,"B1 logic. V: 0.971, SOC: 100.0%",0
2026-01-01T15:26:30Z,GRID_PASS,100.0,0.0,"B1 logic. V: 0.971, SOC: 100.0%",0
2026-01-01T15:26:35Z,GRID_PASS,100.0,0.0,"B1 logic. V: 0.971, SOC: 100.0%",0
2026-01-01T15:26:40Z,GRID_PASS,100.0,0.0,"B1 logic. V: 0.971, SOC: 100.0%",0
2026-01-01T15:26:45Z,GRID_PASS,100.0,0.0,"B1 logic. V: 0.971, SOC: 100.0%",0
2026-01-01T15:26:50Z,GRID_PASS,100.0,0.0,"B1 logic. V: 0.971, SOC: 100.0%",0
2026-01-01T15:26:55Z,GRID_PASS,100.0,0.0,"B1 logic. V: 0.971, SOC: 100.0%",0
2026-01-01T15:27:00Z,GRID_PASS,100.0,0.0,"B1 logic. V: 0.971, SOC: 100.0%",0
2026-01-01T15:27:05Z,GRID_PASS,100.0,0.0,"B1 logic. V: 0.971, SOC: 100.0%",0
2026-01-01T15:27:10Z,GRID_PASS,100.0,0.0,"B1 logic. V: 0.971, SOC: 100.0%",0
2026-01-01T15:27:15Z,GRID_PASS,100.0,0.0,"B1 logic. V: 0.971, SOC: 100.0%",0
2026-01-01T15:27:20Z,GRID_PASS,100.0,0.0,"B1 logic. V: 0.971, SOC: 100.0%",0
2026-01-01T15:27:25Z,GRID_PASS,100.0,0.0,"B1 logic. V: 0.971, SOC: 100.0%",0
2026-01-01T15:27:30Z,GRID_PASS,100.0,0.0,"B1 logic. V: 0.971, SOC: 100.0%",0
2026-01-01T15:27:35Z,GRID_PASS,100.0,0.0,"B1 logic. V: 0.971, SOC: 100.0%",0
2026-01-01T15:27:40Z,GRID_PASS,100.0,0.0,"B1 logic. V: 0.971, SOC: 100.0%",0
2026-01-01T15:27:45Z,GRID_PASS,100.0,0.0,"B1 logic. V: 0.971, SOC: 100.0%",0
2026-01-01T15:27:50Z,GRID_PASS,100.0,0.0,"B1 logic. V: 0.971, SOC: 100.0%",0
2026-01-01T15:27:55Z,GRID_PASS,100.0,0.0,"B1 logic. V: 0.971, SOC: 100.0%",0
2026-01-01T15:28:00Z,GRID_PASS,100.0,0.0,"B1 logic. V: 0.971, SOC: 100.0%",0
2026-01-01T15:28:05Z,GRID_PASS,100.0,0.0,"B1 logic. V: 0.971, SOC: 100.0%",0
2026-01-01T15:28:10Z,GRID_PASS,100.0,0.0,"B1 logic. V: 0.971, SOC: 100.0%",0
2026-01-01T15:28:15Z,GRID_PASS,100.0,0.0,"B1 logic. V: 0.971, SOC: 100.0%",0
2026-01-01T15:28:20Z,GRID_PASS,100.0,0.0,"B1 logic. V: 0.971, SOC: 100.0%",0
2026-01-01T15:28:25Z,GRID_PASS,100.0,0.0,"B1 logic. V: 0.971, SOC: 100.0%",0
2026-01-01T15:28:30Z,GRID_PASS,100.0,0.0,"B1 logic. V: 0.971, SOC: 100.0%",0
2026-01-01T15:28:35Z,GRID_PASS,100.0,0.0,"B1 logic. V: 0.971, SOC: 100.0%",0
2026-01-01T15:28:40Z,GRID_PASS,100.0,0.0,"B1 logic. V: 0.971, SOC: 100.0%",0
2026-01-01T15:28:45Z,GRID_PASS,100.0,0.0,"B1 logic. V: 0.971, SOC: 100.0%",0
2026-01-01T15:28:50Z,GRID_PASS,100.0,0.0,"B1 logic. V: 0.971, SOC: 100.0%",0
2026-01-01T15:28:55Z,GRID_PASS,100.0,0.0,"B1 logic. V: 0.971, SOC: 100.0%",0
2026-01-01T15:29:00Z,GRID_PASS,100.0,0.0,"B1 logic. V: 0.971, SOC: 100.0%",0
2026-01-01T15:29:05Z,GRID_PASS,100.0,0.0,"B1 logic. V: 0.971, SOC: 100.0%",0
2026-01-01T15:29:10Z,GRID_PASS,100.0,0.0,"B1 logic. V: 0.971, SOC: 100.0%",0
2026-01-01T15:29:15Z,GRID_PASS,100.0,0.0,"B1 logic. V: 0.971, SOC: 100.0%",0
2026-01-01T15:29:20Z,GRID_PASS,100.0,0.0,"B1 logic. V: 0.971, SOC: 100.0%",0
2026-01-01T15:29:25Z,GRID_PASS,100.0,0.0,"B1 logic. V: 0.971, SOC: 100.0%",0
2026-01-01T15:29:30Z,GRID_PASS,100.0,0.0,"B1 logic. V: 0.971, SOC: 100.0%",0
2026-01-01T15:29:35Z,GRID_PASS,100.0,0.0,"B1 logic. V: 0.971, SOC: 100.0%",0
2026-01-01T15:29:40Z,GRID_PASS,100.0,0.0,"B1 logic. V: 0.971, SOC: 100.0%",0
2026-01-01T15:29:45Z,GRID_PASS,100.0,0.0,"B1 logic. V: 0.971, SOC: 100.0%",0
2026-01-01T15:29:50Z,GRID_PASS,100.0,0.0,"B1 logic. V: 0.971, SOC: 100.0%",0
2026-01-01T15:29:55Z,GRID_PASS,100.0,0.0,"B1 logic. V: 0.971, SOC: 100.0%",0
2026-01-01T15:30:00Z,GRID_PASS,100.0,0.0,"B1 logic. V: 0.971, SOC: 100.0%",0
2026-01-01T15:30:05Z,GRID_PASS,100.0,0.0,"B1 logic. V: 0.970, SOC: 100.0%",0
2026-01-01T15:30:10Z,GRID_PASS,100.0,0.0,"B1 logic. V: 0.970, SOC: 100.0%",0
2026-01-01T15:30:15Z,GRID_PASS,100.0,0.0,"B1 logic. V: 0.970, SOC: 100.0%",0
2026-01-01T15:30:20Z,GRID_PASS,100.0,0.0,"B1 logic. V: 0.970, SOC: 100.0%",0
2026-01-01T15:30:25Z,GRID_PASS,100.0,0.0,"B1 logic. V: 0.970, SOC: 100.0%",0
2026-01-01T15:30:30Z,GRID_PASS,100.0,0.0,"B1 logic. V: 0.970, SOC: 100.0%",0
2026-01-01T15:30:35Z,GRID_PASS,100.0,0.0,"B1 logic. V: 0.970, SOC: 100.0%",0
2026-01-01T15:30:40Z,GRID_PASS,100.0,0.0,"B1 logic. V: 0.970, SOC: 100.0%",0
2026-01-01T15:30:45Z,GRID_PASS,100.0,0.0,"B1 logic. V: 0.970, SOC: 100.0%",0
2026-01-01T15:30:50Z,GRID_PASS,100.0,0.0,"B1 logic. V: 0.970, SOC: 100.0%",0
2026-01-01T15:30:55Z,GRID_PASS,100.0,0.0,"B1 logic. V: 0.970, SOC: 100.0%",0
2026-01-01T15:31:00Z,GRID_PASS,100.0,0.0,"B1 logic. V: 0.970, SOC: 100.0%",0
2026-01-01T15:31:05Z,GRID_PASS,100.0,0.0,"B1 logic. V: 0.970, SOC: 100.0%",0
2026-01-01T15:31:10Z,GRID_PASS,100.0,0.0,"B1 logic. V: 0.970, SOC: 100.0%",0
2026-01-01T15:31:15Z,GRID_PASS,100.0,0.0,"B1 logic. V: 0.970, SOC: 100.0%",0
2026-01-01T15:31:20Z,GRID_PASS,100.0,0.0,"B1 logic. V: 0.970, SOC: 100.0%",0
2026-01-01T15:31:25Z,GRID_PASS,100.0,0.0,"B1 logic. V: 0.970, SOC: 100.0%",0
2026-01-01T15:31:30Z,GRID_PASS,100.0,0.0,"B1 logic. V: 0.970, SOC: 100.0%",0
2026-01-01T15:31:35Z,GRID_PASS,100.0,0.0,"B1 logic. V: 0.970, SOC: 100.0%",0
2026-01-01T15:31:40Z,GRID_PASS,100.0,0.0,"B1 logic. V: 0.970, SOC: 100.0%",0
2026-01-01T15:31:45Z,GRID_PASS,100.0,0.0,"B1 logic. V: 0.970, SOC: 100.0%",0
2026-01-01T15:31:50Z,GRID_PASS,100.0,0.0,"B1 logic. V: 0.970, SOC: 100.0%",0
2026-01-01T15:31:55Z,GRID_PASS,100.0,0.0,"B1 logic. V: 0.970, SOC: 100.0%",0
2026-01-01T15:32:00Z,GRID_PASS,100.0,0.0,"B1 logic. V: 0.970, SOC: 100.0%",0
2026-01-01T15:32:05Z,GRID_PASS,100.0,0.0,"B1 logic. V: 0.970, SOC: 100.0%",0
2026-01-01T15:32:10Z,GRID_PASS,100.0,0.0,"B1 logic. V: 0.970, SOC: 100.0%",0
2026-01-01T15:32:15Z,GRID_PASS,100.0,0.0,"B1 logic. V: 0.970, SOC: 100.0%",0
2026-01-01T15:32:20Z,GRID_PASS,100.0,0.0,"B1 logic. V: 0.970, SOC: 100.0%",0
2026-01-01T15:32:25Z,GRID_PASS,100.0,0.0,"B1 logic. V: 0.970, SOC: 100.0%",0
2026-01-01T15:32:30Z,GRID_PASS,100.0,0.0,"B1 logic. V: 0.970, SOC: 100.0%",0
2026-01-01T15:32:35Z,GRID_PASS,100.0,0.0,"B1 logic. V: 0.970, SOC: 100.0%",0
2026-01-01T15:32:40Z,GRID_PASS,100.0,0.0,"B1 logic. V: 0.970, SOC: 100.0%",0
2026-01-01T15:32:45Z,GRID_PASS,100.0,0.0,"B1 logic. V: 0.970, SOC: 100.0%",0
2026-01-01T15:32:50Z,GRID_PASS,100.0,0.0,"B1 logic. V: 0.970, SOC: 100.0%",0
2026-01-01T15:32:55Z,GRID_PASS,100.0,0.0,"B1 logic. V: 0.970, SOC: 100.0%",0
2026-01-01T15:33:00Z,GRID_PASS,100.0,0.0,"B1 logic. V: 0.970, SOC: 100.0%",0
2026-01-01T15:33:05Z,GRID_PASS,100.0,0.0,"B1 logic. V: 0.970, SOC: 100.0%",0
2026-01-01T15:33:10Z,GRID_PASS,100.0,0.0,"B1 logic. V: 0.970, SOC: 100.0%",0
2026-01-01T15:33:15Z,GRID_PASS,100.0,0.0,"B1 logic. V: 0.970, SOC: 100.0%",0
2026-01-01T15:33:20Z,GRID_PASS,100.0,0.0,"B1 logic. V: 0.970, SOC: 100.0%",0
2026-01-01T15:33:25Z,GRID_PASS,100.0,0.0,"B1 logic. V: 0.970, SOC: 100.0%",0
2026-01-01T15:33:30Z,GRID_PASS,100.0,0.0,"B1 logic. V: 0.970, SOC: 100.0%",0
2026-01-01T15:33:35Z,GRID_PASS,100.0,0.0,"B1 logic. V: 0.970, SOC: 100.0%",0
2026-01-01T15:33:40Z,GRID_PASS,100.0,0.0,"B1 logic. V: 0.970, SOC: 100.0%",0
2026-01-01T15:33:45Z,GRID_PASS,100.0,0.0,"B1 logic. V: 0.970, SOC: 100.0%",0
2026-01-01T15:33:50Z,GRID_PASS,100.0,0.0,"B1 logic. V: 0.970, SOC: 100.0%",0
2026-01-01T15:33:55Z,GRID_PASS,100.0,0.0,"B1 logic. V: 0.970, SOC: 100.0%",0
2026-01-01T15:34:00Z,GRID_PASS,100.0,0.0,"B1 logic. V: 0.970, SOC: 100.0%",0
2026-01-01T15:34:05Z,GRID_PASS,100.0,0.0,"B1 logic. V: 0.970, SOC: 100.0%",0
2026-01-01T15:34:10Z,GRID_PASS,100.0,0.0,"B1 logic. V: 0.970, SOC: 100.0%",0
2026-01-01T15:34:15Z,GRID_PASS,100.0,0.0,"B1 logic. V: 0.970, SOC: 100.0%",0
2026-01-01T15:34:20Z,GRID_PASS,100.0,0.0,"B1 logic. V: 0.970, SOC: 100.0%",0
2026-01-01T15:34:25Z,GRID_PASS,100.0,0.0,"B1 logic. V: 0.970, SOC: 100.0%",0
2026-01-01T15:34:30Z,GRID_PASS,100.0,0.0,"B1 logic. V: 0.970, SOC: 100.0%",0
2026-01-01T15:34:35Z,GRID_PASS,100.0,0.0,"B1 logic. V: 0.970, SOC: 100.0%",0
2026-01-01T15:34:40Z,GRID_PASS,100.0,0.0,"B1 logic. V: 0.970, SOC: 100.0%",0
2026-01-01T15:34:45Z,GRID_PASS,100.0,0.0,"B1 logic. V: 0.970, SOC: 100.0%",0
2026-01-01T15:34:50Z,GRID_PASS,100.0,0.0,"B1 logic. V: 0.970, SOC: 100.0%",0
2026-01-01T15:34:55Z,GRID_PASS,100.0,0.0,"B1 logic. V: 0.970, SOC: 100.0%",0
2026-01-01T15:35:00Z,GRID_PASS,100.0,0.0,"B1 logic. V: 0.970, SOC: 100.0%",0
2026-01-01T15:35:05Z,GRID_PASS,100.0,0.0,"B1 logic. V: 0.970, SOC: 100.0%",0
2026-01-01T15:35:10Z,GRID_PASS,100.0,0.0,"B1 logic. V: 0.970, SOC: 100.0%",0
2026-01-01T15:35:15Z,GRID_PASS,100.0,0.0,"B1 logic. V: 0.970, SOC: 100.0%",0
2026-01-01T15:35:20Z,GRID_PASS,100.0,0.0,"B1 logic. V: 0.970, SOC: 100.0%",0
2026-01-01T15:35:25Z,GRID_PASS,100.0,0.0,"B1 logic. V: 0.970, SOC: 100.0%",0
2026-01-01T15:35:30Z,GRID_PASS,100.0,0.0,"B1 logic. V: 0.970, SOC: 100.0%",0
2026-01-01T15:35:35Z,GRID_PASS,100.0,0.0,"B1 logic. V: 0.970, SOC: 100.0%",0
2026-01-01T15:35:40Z,GRID_PASS,100.0,0.0,"B1 logic. V: 0.970, SOC: 100.0%",0
2026-01-01T15:35:45Z,GRID_PASS,100.0,0.0,"B1 logic. V: 0.970, SOC: 100.0%",0
2026-01-01T15:35:50Z,GRID_PASS,100.0,0.0,"B1 logic. V: 0.970, SOC: 100.0%",0
2026-01-01T15:35:55Z,GRID_PASS,100.0,0.0,"B1 logic. V: 0.970, SOC: 100.0%",0
2026-01-01T15:36:00Z,GRID_PASS,100.0,0.0,"B1 logic. V: 0.970, SOC: 100.0%",0
2026-01-01T15:36:05Z,GRID_PASS,100.0,0.0,"B1 logic. V: 0.970, SOC: 100.0%",0
2026-01-01T15:36:10Z,GRID_PASS,100.0,0.0,"B1 logic. V: 0.970, SOC: 100.0%",0
2026-01-01T15:36:15Z,GRID_PASS,100.0,0.0,"B1 logic. V: 0.970, SOC: 100.0%",0
2026-01-01T15:36:20Z,GRID_PASS,100.0,0.0,"B1 logic. V: 0.970, SOC: 100.0%",0
2026-01-01T15:36:25Z,GRID_PASS,100.0,0.0,"B1 logic. V: 0.970, SOC: 100.0%",0
2026-01-01T15:36:30Z,GRID_PASS,100.0,0.0,"B1 logic. V: 0.970, SOC: 100.0%",0
2026-01-01T15:36:35Z,GRID_PASS,100.0,0.0,"B1 logic. V: 0.970, SOC: 100.0%",0
2026-01-01T15:36:40Z,GRID_PASS,100.0,0.0,"B1 logic. V: 0.970, SOC: 100.0%",0
2026-01-01T15:36:45Z,GRID_PASS,100.0,0.0,"B1 logic. V: 0.970, SOC: 100.0%",0
2026-01-01T15:36:50Z,GRID_PASS,100.0,0.0,"B1 logic. V: 0.970, SOC: 100.0%",0
2026-01-01T15:36:55Z,GRID_PASS,100.0,0.0,"B1 logic. V: 0.970, SOC: 100.0%",0
2026-01-01T15:37:00Z,GRID_PASS,100.0,0.0,"B1 logic. V: 0.970, SOC: 100.0%",0
2026-01-01T15:37:05Z,GRID_PASS,100.0,0.0,"B1 logic. V: 0.970, SOC: 100.0%",0
2026-01-01T15:37:10Z,GRID_PASS,100.0,0.0,"B1 logic. V: 0.970, SOC: 100.0%",0
2026-01-01T15:37:15Z,GRID_PASS,100.0,0.0,"B1 logic. V: 0.970, SOC: 100.0%",0
2026-01-01T15:37:20Z,GRID_PASS,100.0,0.0,"B1 logic. V: 0.970, SOC: 100.0%",0
2026-01-01T15:37:25Z,GRID_PASS,100.0,0.0,"B1 logic. V: 0.970, SOC: 100.0%",0
2026-01-01T15:37:30Z,GRID_PASS,100.0,0.0,"B1 logic. V: 0.970, SOC: 100.0%",0
2026-01-01T15:37:35Z,GRID_PASS,100.0,0.0,"B1 logic. V: 0.970, SOC: 100.0%",0
2026-01-01T15:37:40Z,GRID_PASS,100.0,0.0,"B1 logic. V: 0.970, SOC: 100.0%",0
2026-01-01T15:37:45Z,GRID_PASS,100.0,0.0,"B1 logic. V: 0.970, SOC: 100.0%",0
2026-01-01T15:37:50Z,GRID_PASS,100.0,0.0,"B1 logic. V: 0.970, SOC: 100.0%",0
2026-01-01T15:37:55Z,GRID_PASS,100.0,0.0,"B1 logic. V: 0.970, SOC: 100.0%",0
2026-01-01T15:38:00Z,GRID_PASS,100.0,0.0,"B1 logic. V: 0.970, SOC: 100.0%",0
2026-01-01T15:38:05Z,GRID_PASS,100.0,0.0,"B1 logic. V: 0.970, SOC: 100.0%",0
2026-01-01T15:38:10Z,GRID_PASS,100.0,0.0,"B1 logic. V: 0.970, SOC: 100.0%",0
2026-01-01T15:38:15Z,GRID_PASS,100.0,0.0,"B1 logic. V: 0.970, SOC: 100.0%",0
2026-01-01T15:38:20Z,GRID_PASS,100.0,0.0,"B1 logic. V: 0.970, SOC: 100.0%",0
2026-01-01T15:38:25Z,GRID_PASS,100.0,0.0,"B1 logic. V: 0.970, SOC: 100.0%",0
2026-01-01T15:38:30Z,GRID_PASS,100.0,0.0,"B1 logic. V: 0.970, SOC: 100.0%",0
2026-01-01T15:38:35Z,GRID_PASS,100.0,0.0,"B1 logic. V: 0.970, SOC: 100.0%",0
2026-01-01T15:38:40Z,GRID_PASS,100.0,0.0,"B1 logic. V: 0.970, SOC: 100.0%",0
2026-01-01T15:38:45Z,GRID_PASS,100.0,0.0,"B1 logic. V: 0.970, SOC: 100.0%",0
2026-01-01T15:38:50Z,GRID_PASS,100.0,0.0,"B1 logic. V: 0.970, SOC: 100.0%",0
2026-01-01T15:38:55Z,GRID_PASS,100.0,0.0,"B1 logic. V: 0.970, SOC: 100.0%",0
2026-01-01T15:39:00Z,GRID_PASS,100.0,0.0,"B1 logic. V: 0.970, SOC: 100.0%",0
2026-01-01T15:39:05Z,GRID_PASS,100.0,0.0,"B1 logic. V: 0.970, SOC: 100.0%",0
2026-01-01T15:39:10Z,GRID_PASS,100.0,0.0,"B1 logic. V: 0.970, SOC: 100.0%",0
2026-01-01T15:39:15Z,GRID_PASS,100.0,0.0,"B1 logic. V: 0.970, SOC: 100.0%",0
2026-01-01T15:39:20Z,GRID_PASS,100.0,0.0,"B1 logic. V: 0.970, SOC: 100.0%",0
2026-01-01T15:39:25Z,GRID_PASS,100.0,0.0,"B1 logic. V: 0.970, SOC: 100.0%",0
2026-01-01T15:39:30Z,GRID_PASS,100.0,0.0,"B1 logic. V: 0.970, SOC: 100.0%",0
2026-01-01T15:39:35Z,GRID_PASS,100.0,0.0,"B1 logic. V: 0.970, SOC: 100.0%",0
2026-01-01T15:39:40Z,GRID_PASS,100.0,0.0,"B1 logic. V: 0.970, SOC: 100.0%",0
2026-01-01T15:39:45Z,GRID_PASS,100.0,0.0,"B1 logic. V: 0.970, SOC: 100.0%",0
2026-01-01T15:39:50Z,GRID_PASS,100.0,0.0,"B1 logic. V: 0.970, SOC: 100.0%",0
2026-01-01T15:39:55Z,GRID_PASS,100.0,0.0,"B1 logic. V: 0.970, SOC: 100.0%",0
2026-01-01T15:40:00Z,GRID_PASS,100.0,0.0,"B1 logic. V: 0.970, SOC: 100.0%",0
2026-01-01T15:40:05Z,GRID_PASS,100.0,0.0,"B1 logic. V: 0.970, SOC: 100.0%",0
2026-01-01T15:40:10Z,GRID_PASS,100.0,0.0,"B1 logic. V: 0.970, SOC: 100.0%",0
2026-01-01T15:40:15Z,GRID_PASS,100.0,0.0,"B1 logic. V: 0.970, SOC: 100.0%",0
2026-01-01T15:40:20Z,GRID_PASS,100.0,0.0,"B1 logic. V: 0.970, SOC: 100.0%",0
2026-01-01T15:40:25Z,GRID_PASS,100.0,0.0,"B1 logic. V: 0.970, SOC: 100.0%",0
2026-01-01T15:40:30Z,GRID_PASS,100.0,0.0,"B1 logic. V: 0.970, SOC: 100.0%",0
2026-01-01T15:40:35Z,GRID_PASS,100.0,0.0,"B1 logic. V: 0.970, SOC: 100.0%",0
2026-01-01T15:40:40Z,GRID_PASS,100.0,0.0,"B1 logic. V: 0.970, SOC: 100.0%",0
2026-01-01T15:40:45Z,GRID_PASS,100.0,0.0,"B1 logic. V: 0.970, SOC: 100.0%",0
2026-01-01T15:40:50Z,GRID_PASS,100.0,0.0,"B1 logic. V: 0.970, SOC: 100.0%",0
2026-01-01T15:40:55Z,GRID_PASS,100.0,0.0,"B1 logic. V: 0.970, SOC: 100.0%",0
2026-01-01T15:41:00Z,GRID_PASS,100.0,0.0,"B1 logic. V: 0.970, SOC: 100.0%",0
2026-01-01T15:41:05Z,GRID_PASS,100.0,0.0,"B1 logic. V: 0.970, SOC: 100.0%",0
2026-01-01T15:41:10Z,GRID_PASS,100.0,0.0,"B1 logic. V: 0.970, SOC: 100.0%",0
2026-01-01T15:41:15Z,GRID_PASS,100.0,0.0,"B1 logic. V: 0.970, SOC: 100.0%",0
2026-01-01T15:41:20Z,GRID_PASS,100.0,0.0,"B1 logic. V: 0.970, SOC: 100.0%",0
2026-01-01T15:41:25Z,GRID_PASS,100.0,0.0,"B1 logic. V: 0.970, SOC: 100.0%",0
2026-01-01T15:41:30Z,GRID_PASS,100.0,0.0,"B1 logic. V: 0.970, SOC: 100.0%",0
2026-01-01T15:41:35Z,GRID_PASS,100.0,0.0,"B1 logic. V: 0.970, SOC: 100.0%",0
2026-01-01T15:41:40Z,GRID_PASS,100.0,0.0,"B1 logic. V: 0.970, SOC: 100.0%",0
2026-01-01T15:41:45Z,GRID_PASS,100.0,0.0,"B1 logic. V: 0.970, SOC: 100.0%",0
2026-01-01T15:41:50Z,GRID_PASS,100.0,0.0,"B1 logic. V: 0.970, SOC: 100.0%",0
2026-01-01T15:41:55Z,GRID_PASS,100.0,0.0,"B1 logic. V: 0.970, SOC: 100.0%",0
2026-01-01T15:42:00Z,GRID_PASS,100.0,0.0,"B1 logic. V: 0.970, SOC: 100.0%",0
2026-01-01T15:42:05Z,GRID_PASS,100.0,0.0,"B1 logic. V: 0.970, SOC: 100.0%",0
2026-01-01T15:42:10Z,GRID_PASS,100.0,0.0,"B1 logic. V: 0.970, SOC: 100.0%",0
2026-01-01T15:42:15Z,GRID_PASS,100.0,0.0,"B1 logic. V: 0.970, SOC: 100.0%",0
2026-01-01T15:42:20Z,GRID_PASS,100.0,0.0,"B1 logic. V: 0.970, SOC: 100.0%",0
2026-01-01T15:42:25Z,GRID_PASS,100.0,0.0,"B1 logic. V: 0.970, SOC: 100.0%",0
2026-01-01T15:42:30Z,GRID_PASS,100.0,0.0,"B1 logic. V: 0.970, SOC: 100.0%",0
2026-01-01T15:42:35Z,GRID_PASS,100.0,0.0,"B1 logic. V: 0.970, SOC: 100.0%",0
2026-01-01T15:42:40Z,GRID_PASS,100.0,0.0,"B1 logic. V: 0.970, SOC: 100.0%",0
2026-01-01T15:42:45Z,GRID_PASS,100.0,0.0,"B1 logic. V: 0.970, SOC: 100.0%",0
2026-01-01T15:42:50Z,GRID_PASS,100.0,0.0,"B1 logic. V: 0.970, SOC: 100.0%",0
2026-01-01T15:42:55Z,GRID_PASS,100.0,0.0,"B1 logic. V: 0.970, SOC: 100.0%",0
2026-01-01T15:43:00Z,GRID_PASS,100.0,0.0,"B1 logic. V: 0.970, SOC: 100.0%",0
2026-01-01T15:43:05Z,GRID_PASS,100.0,0.0,"B1 logic. V: 0.970, SOC: 100.0%",0
2026-01-01T15:43:10Z,GRID_PASS,100.0,0.0,"B1 logic. V: 0.970, SOC: 100.0%",0
2026-01-01T15:43:15Z,GRID_PASS,100.0,0.0,"B1 logic. V: 0.970, SOC: 100.0%",0
2026-01-01T15:43:20Z,GRID_PASS,100.0,0.0,"B1 logic. V: 0.970, SOC: 100.0%",0
2026-01-01T15:43:25Z,GRID_PASS,100.0,0.0,"B1 logic. V: 0.970, SOC: 100.0%",0
2026-01-01T15:43:30Z,GRID_PASS,100.0,0.0,"B1 logic. V: 0.970, SOC: 100.0%",0
2026-01-01T15:43:35Z,GRID_PASS,100.0,0.0,"B1 logic. V: 0.970, SOC: 100.0%",0
2026-01-01T15:43:40Z,GRID_PASS,100.0,0.0,"B1 logic. V: 0.970, SOC: 100.0%",0
2026-01-01T15:43:45Z,GRID_PASS,100.0,0.0,"B1 logic. V: 0.970, SOC: 100.0%",0
2026-01-01T15:43:50Z,GRID_PASS,100.0,0.0,"B1 logic. V: 0.970, SOC: 100.0%",0
2026-01-01T15:43:55Z,GRID_PASS,100.0,0.0,"B1 logic. V: 0.970, SOC: 100.0%",0
2026-01-01T15:44:00Z,GRID_PASS,100.0,0.0,"B1 logic. V: 0.970, SOC: 100.0%",0
2026-01-01T15:44:05Z,GRID_PASS,100.0,0.0,"B1 logic. V: 0.970, SOC: 100.0%",0
2026-01-01T15:44:10Z,GRID_PASS,100.0,0.0,"B1 logic. V: 0.970, SOC: 100.0%",0
2026-01-01T15:44:15Z,GRID_PASS,100.0,0.0,"B1 logic. V: 0.970, SOC: 100.0%",0
2026-01-01T15:44:20Z,GRID_PASS,100.0,0.0,"B1 logic. V: 0.970, SOC: 100.0%",0
2026-01-01T15:44:25Z,GRID_PASS,100.0,0.0,"B1 logic. V: 0.970, SOC: 100.0%",0
2026-01-01T15:44:30Z,GRID_PASS,100.0,0.0,"B1 logic. V: 0.970, SOC: 100.0%",0
2026-01-01T15:44:35Z,GRID_PASS,100.0,0.0,"B1 logic. V: 0.970, SOC: 100.0%",0
2026-01-01T15:44:40Z,GRID_PASS,100.0,0.0,"B1 logic. V: 0.970, SOC: 100.0%",0
2026-01-01T15:44:45Z,GRID_PASS,100.0,0.0,"B1 logic. V: 0.970, SOC: 100.0%",0
2026-01-01T15:44:50Z,GRID_PASS,100.0,0.0,"B1 logic. V: 0.970, SOC: 100.0%",0
2026-01-01T15:44:55Z,GRID_PASS,100.0,0.0,"B1 logic. V: 0.970, SOC: 100.0%",0
2026-01-01T15:45:00Z,GRID_PASS,100.0,0.0,"B1 logic. V: 0.970, SOC: 100.0%",0
2026-01-01T15:45:05Z,GRID_PASS,100.0,0.0,"B1 logic. V: 0.969, SOC: 100.0%",0
2026-01-01T15:45:10Z,GRID_PASS,100.0,0.0,"B1 logic. V: 0.969, SOC: 100.0%",0
2026-01-01T15:45:15Z,GRID_PASS,100.0,0.0,"B1 logic. V: 0.969, SOC: 100.0%",0
2026-01-01T15:45:20Z,GRID_PASS,100.0,0.0,"B1 logic. V: 0.969, SOC: 100.0%",0
2026-01-01T15:45:25Z,GRID_PASS,100.0,0.0,"B1 logic. V: 0.969, SOC: 100.0%",0
2026-01-01T15:45:30Z,GRID_PASS,100.0,0.0,"B1 logic. V: 0.969, SOC: 100.0%",0
2026-01-01T15:45:35Z,GRID_PASS,100.0,0.0,"B1 logic. V: 0.969, SOC: 100.0%",0
2026-01-01T15:45:40Z,GRID_PASS,100.0,0.0,"B1 logic. V: 0.969, SOC: 100.0%",0
2026-01-01T15:45:45Z,GRID_PASS,100.0,0.0,"B1 logic. V: 0.969, SOC: 100.0%",0
2026-01-01T15:45:50Z,GRID_PASS,100.0,0.0,"B1 logic. V: 0.969, SOC: 100.0%",0
2026-01-01T15:45:55Z,GRID_PASS,100.0,0.0,"B1 logic. V: 0.969, SOC: 100.0%",0
2026-01-01T15:46:00Z,GRID_PASS,100.0,0.0,"B1 logic. V: 0.969, SOC: 100.0%",0
2026-01-01T15:46:05Z,GRID_PASS,100.0,0.0,"B1 logic. V: 0.969, SOC: 100.0%",0
2026-01-01T15:46:10Z,GRID_PASS,100.0,0.0,"B1 logic. V: 0.969, SOC: 100.0%",0
2026-01-01T15:46:15Z,GRID_PASS,100.0,0.0,"B1 logic. V: 0.969, SOC: 100.0%",0
2026-01-01T15:46:20Z,GRID_PASS,100.0,0.0,"B1 logic. V: 0.969, SOC: 100.0%",0
2026-01-01T15:46:25Z,GRID_PASS,100.0,0.0,"B1 logic. V: 0.969, SOC: 100.0%",0
2026-01-01T15:46:30Z,GRID_PASS,100.0,0.0,"B1 logic. V: 0.969, SOC: 100.0%",0
2026-01-01T15:46:35Z,GRID_PASS,100.0,0.0,"B1 logic. V: 0.969, SOC: 100.0%",0
2026-01-01T15:46:40Z,GRID_PASS,100.0,0.0,"B1 logic. V: 0.969, SOC: 100.0%",0
2026-01-01T15:46:45Z,GRID_PASS,100.0,0.0,"B1 logic. V: 0.969, SOC: 100.0%",0
2026-01-01T15:46:50Z,GRID_PASS,100.0,0.0,"B1 logic. V: 0.969, SOC: 100.0%",0
2026-01-01T15:46:55Z,GRID_PASS,100.0,0.0,"B1 logic. V: 0.969, SOC: 100.0%",0
2026-01-01T15:47:00Z,GRID_PASS,100.0,0.0,"B1 logic. V: 0.969, SOC: 100.0%",0
2026-01-01T15:47:05Z,GRID_PASS,100.0,0.0,"B1 logic. V: 0.969, SOC: 100.0%",0
2026-01-01T15:47:10Z,GRID_PASS,100.0,0.0,"B1 logic. V: 0.969, SOC: 100.0%",0
2026-01-01T15:47:15Z,GRID_PASS,100.0,0.0,"B1 logic. V: 0.969, SOC: 100.0%",0
2026-01-01T15:47:20Z,GRID_PASS,100.0,0.0,"B1 logic. V: 0.969, SOC: 100.0%",0
2026-01-01T15:47:25Z,GRID_PASS,100.0,0.0,"B1 logic. V: 0.969, SOC: 100.0%",0
2026-01-01T15:47:30Z,GRID_PASS,100.0,0.0,"B1 logic. V: 0.969, SOC: 100.0%",0
2026-01-01T15:47:35Z,GRID_PASS,100.0,0.0,"B1 logic. V: 0.969, SOC: 100.0%",0
2026-01-01T15:47:40Z,GRID_PASS,100.0,0.0,"B1 logic. V: 0.969, SOC: 100.0%",0
2026-01-01T15:47:45Z,GRID_PASS,100.0,0.0,"B1 logic. V: 0.969, SOC: 100.0%",0
2026-01-01T15:47:50Z,GRID_PASS,100.0,0.0,"B1 logic. V: 0.969, SOC: 100.0%",0
2026-01-01T15:47:55Z,GRID_PASS,100.0,0.0,"B1 logic. V: 0.969, SOC: 100.0%",0
2026-01-01T15:48:00Z,GRID_PASS,100.0,0.0,"B1 logic. V: 0.969, SOC: 100.0%",0
2026-01-01T15:48:05Z,GRID_PASS,100.0,0.0,"B1 logic. V: 0.969, SOC: 100.0%",0
2026-01-01T15:48:10Z,GRID_PASS,100.0,0.0,"B1 logic. V: 0.969, SOC: 100.0%",0
2026-01-01T15:48:15Z,GRID_PASS,100.0,0.0,"B1 logic. V: 0.969, SOC: 100.0%",0
2026-01-01T15:48:20Z,GRID_PASS,100.0,0.0,"B1 logic. V: 0.969, SOC: 100.0%",0
2026-01-01T15:48:25Z,GRID_PASS,100.0,0.0,"B1 logic. V: 0.969, SOC: 100.0%",0
2026-01-01T15:48:30Z,GRID_PASS,100.0,0.0,"B1 logic. V: 0.969, SOC: 100.0%",0
2026-01-01T15:48:35Z,GRID_PASS,100.0,0.0,"B1 logic. V: 0.969, SOC: 100.0%",0
2026-01-01T15:48:40Z,GRID_PASS,100.0,0.0,"B1 logic. V: 0.969, SOC: 100.0%",0
2026-01-01T15:48:45Z,GRID_PASS,100.0,0.0,"B1 logic. V: 0.969, SOC: 100.0%",0
2026-01-01T15:48:50Z,GRID_PASS,100.0,0.0,"B1 logic. V: 0.969, SOC: 100.0%",0
2026-01-01T15:48:55Z,GRID_PASS,100.0,0.0,"B1 logic. V: 0.969, SOC: 100.0%",0
2026-01-01T15:49:00Z,GRID_PASS,100.0,0.0,"B1 logic. V: 0.969, SOC: 100.0%",0
2026-01-01T15:49:05Z,GRID_PASS,100.0,0.0,"B1 logic. V: 0.969, SOC: 100.0%",0
2026-01-01T15:49:10Z,GRID_PASS,100.0,0.0,"B1 logic. V: 0.969, SOC: 100.0%",0
2026-01-01T15:49:15Z,GRID_PASS,100.0,0.0,"B1 logic. V: 0.969, SOC: 100.0%",0
2026-01-01T15:49:20Z,GRID_PASS,100.0,0.0,"B1 logic. V: 0.969, SOC: 100.0%",0
2026-01-01T15:49:25Z,GRID_PASS,100.0,0.0,"B1 logic. V: 0.969, SOC: 100.0%",0
2026-01-01T15:49:30Z,GRID_PASS,100.0,0.0,"B1 logic. V: 0.969, SOC: 100.0%",0
2026-01-01T15:49:35Z,GRID_PASS,100.0,0.0,"B1 logic. V: 0.969, SOC: 100.0%",0
2026-01-01T15:49:40Z,GRID_PASS,100.0,0.0,"B1 logic. V: 0.969, SOC: 100.0%",0
2026-01-01T15:49:45Z,GRID_PASS,100.0,0.0,"B1 logic. V: 0.969, SOC: 100.0%",0
2026-01-01T15:49:50Z,GRID_PASS,100.0,0.0,"B1 logic. V: 0.969, SOC: 100.0%",0
2026-01-01T15:49:55Z,GRID_PASS,100.0,0.0,"B1 logic. V: 0.969, SOC: 100.0%",0
2026-01-01T15:50:00Z,GRID_PASS,100.0,0.0,"B1 logic. V: 0.969, SOC: 100.0%",0
2026-01-01T15:50:05Z,GRID_PASS,100.0,0.0,"B1 logic. V: 0.969, SOC: 100.0%",0
2026-01-01T15:50:10Z,GRID_PASS,100.0,0.0,"B1 logic. V: 0.969, SOC: 100.0%",0
2026-01-01T15:50:15Z,GRID_PASS,100.0,0.0,"B1 logic. V: 0.969, SOC: 100.0%",0
2026-01-01T15:50:20Z,GRID_PASS,100.0,0.0,"B1 logic. V: 0.969, SOC: 100.0%",0
2026-01-01T15:50:25Z,GRID_PASS,100.0,0.0,"B1 logic. V: 0.969, SOC: 100.0%",0
2026-01-01T15:50:30Z,GRID_PASS,100.0,0.0,"B1 logic. V: 0.969, SOC: 100.0%",0
2026-01-01T15:50:35Z,GRID_PASS,100.0,0.0,"B1 logic. V: 0.969, SOC: 100.0%",0
2026-01-01T15:50:40Z,GRID_PASS,100.0,0.0,"B1 logic. V: 0.969, SOC: 100.0%",0
2026-01-01T15:50:45Z,GRID_PASS,100.0,0.0,"B1 logic. V: 0.969, SOC: 100.0%",0
2026-01-01T15:50:50Z,GRID_PASS,100.0,0.0,"B1 logic. V: 0.969, SOC: 100.0%",0
2026-01-01T15:50:55Z,GRID_PASS,100.0,0.0,"B1 logic. V: 0.969, SOC: 100.0%",0
2026-01-01T15:51:00Z,GRID_PASS,100.0,0.0,"B1 logic. V: 0.969, SOC: 100.0%",0
2026-01-01T15:51:05Z,GRID_PASS,100.0,0.0,"B1 logic. V: 0.969, SOC: 100.0%",0
2026-01-01T15:51:10Z,GRID_PASS,100.0,0.0,"B1 logic. V: 0.969, SOC: 100.0%",0
2026-01-01T15:51:15Z,GRID_PASS,100.0,0.0,"B1 logic. V: 0.969, SOC: 100.0%",0
2026-01-01T15:51:20Z,GRID_PASS,100.0,0.0,"B1 logic. V: 0.969, SOC: 100.0%",0
2026-01-01T15:51:25Z,GRID_PASS,100.0,0.0,"B1 logic. V: 0.969, SOC: 100.0%",0
2026-01-01T15:51:30Z,GRID_PASS,100.0,0.0,"B1 logic. V: 0.969, SOC: 100.0%",0
2026-01-01T15:51:35Z,GRID_PASS,100.0,0.0,"B1 logic. V: 0.969, SOC: 100.0%",0
2026-01-01T15:51:40Z,GRID_PASS,100.0,0.0,"B1 logic. V: 0.969, SOC: 100.0%",0
2026-01-01T15:51:45Z,GRID_PASS,100.0,0.0,"B1 logic. V: 0.969, SOC: 100.0%",0
2026-01-01T15:51:50Z,GRID_PASS,100.0,0.0,"B1 logic. V: 0.969, SOC: 100.0%",0
2026-01-01T15:51:55Z,GRID_PASS,100.0,0.0,"B1 logic. V: 0.969, SOC: 100.0%",0
2026-01-01T15:52:00Z,GRID_PASS,100.0,0.0,"B1 logic. V: 0.969, SOC: 100.0%",0
2026-01-01T15:52:05Z,GRID_PASS,100.0,0.0,"B1 logic. V: 0.969, SOC: 100.0%",0
2026-01-01T15:52:10Z,GRID_PASS,100.0,0.0,"B1 logic. V: 0.969, SOC: 100.0%",0
2026-01-01T15:52:15Z,GRID_PASS,100.0,0.0,"B1 logic. V: 0.969, SOC: 100.0%",0
2026-01-01T15:52:20Z,GRID_PASS,100.0,0.0,"B1 logic. V: 0.969, SOC: 100.0%",0
2026-01-01T15:52:25Z,GRID_PASS,100.0,0.0,"B1 logic. V: 0.969, SOC: 100.0%",0
2026-01-01T15:52:30Z,GRID_PASS,100.0,0.0,"B1 logic. V: 0.969, SOC: 100.0%",0
2026-01-01T15:52:35Z,GRID_PASS,100.0,0.0,"B1 logic. V: 0.969, SOC: 100.0%",0
2026-01-01T15:52:40Z,GRID_PASS,100.0,0.0,"B1 logic. V: 0.969, SOC: 100.0%",0
2026-01-01T15:52:45Z,GRID_PASS,100.0,0.0,"B1 logic. V: 0.969, SOC: 100.0%",0
2026-01-01T15:52:50Z,GRID_PASS,100.0,0.0,"B1 logic. V: 0.969, SOC: 100.0%",0
2026-01-01T15:52:55Z,GRID_PASS,100.0,0.0,"B1 logic. V: 0.969, SOC: 100.0%",0
2026-01-01T15:53:00Z,GRID_PASS,100.0,0.0,"B1 logic. V: 0.969, SOC: 100.0%",0
2026-01-01T15:53:05Z,GRID_PASS,100.0,0.0,"B1 logic. V: 0.969, SOC: 100.0%",0
2026-01-01T15:53:10Z,GRID_PASS,100.0,0.0,"B1 logic. V: 0.969, SOC: 100.0%",0
2026-01-01T15:53:15Z,GRID_PASS,100.0,0.0,"B1 logic. V: 0.969, SOC: 100.0%",0
2026-01-01T15:53:20Z,GRID_PASS,100.0,0.0,"B1 logic. V: 0.969, SOC: 100.0%",0
2026-01-01T15:53:25Z,GRID_PASS,100.0,0.0,"B1 logic. V: 0.969, SOC: 100.0%",0
2026-01-01T15:53:30Z,GRID_PASS,100.0,0.0,"B1 logic. V: 0.969, SOC: 100.0%",0
2026-01-01T15:53:35Z,GRID_PASS,100.0,0.0,"B1 logic. V: 0.969, SOC: 100.0%",0
2026-01-01T15:53:40Z,GRID_PASS,100.0,0.0,"B1 logic. V: 0.969, SOC: 100.0%",0
2026-01-01T15:53:45Z,GRID_PASS,100.0,0.0,"B1 logic. V: 0.969, SOC: 100.0%",0
2026-01-01T15:53:50Z,GRID_PASS,100.0,0.0,"B1 logic. V: 0.969, SOC: 100.0%",0
2026-01-01T15:53:55Z,GRID_PASS,100.0,0.0,"B1 logic. V: 0.969, SOC: 100.0%",0
2026-01-01T15:54:00Z,GRID_PASS,100.0,0.0,"B1 logic. V: 0.969, SOC: 100.0%",0
2026-01-01T15:54:05Z,GRID_PASS,100.0,0.0,"B1 logic. V: 0.969, SOC: 100.0%",0
2026-01-01T15:54:10Z,GRID_PASS,100.0,0.0,"B1 logic. V: 0.969, SOC: 100.0%",0
2026-01-01T15:54:15Z,GRID_PASS,100.0,0.0,"B1 logic. V: 0.969, SOC: 100.0%",0
2026-01-01T15:54:20Z,GRID_PASS,100.0,0.0,"B1 logic. V: 0.969, SOC: 100.0%",0
2026-01-01T15:54:25Z,GRID_PASS,100.0,0.0,"B1 logic. V: 0.969, SOC: 100.0%",0
2026-01-01T15:54:30Z,GRID_PASS,100.0,0.0,"B1 logic. V: 0.969, SOC: 100.0%",0
2026-01-01T15:54:35Z,GRID_PASS,100.0,0.0,"B1 logic. V: 0.969, SOC: 100.0%",0
2026-01-01T15:54:40Z,GRID_PASS,100.0,0.0,"B1 logic. V: 0.969, SOC: 100.0%",0
2026-01-01T15:54:45Z,GRID_PASS,100.0,0.0,"B1 logic. V: 0.969, SOC: 100.0%",0
2026-01-01T15:54:50Z,GRID_PASS,100.0,0.0,"B1 logic. V: 0.969, SOC: 100.0%",0
2026-01-01T15:54:55Z,GRID_PASS,100.0,0.0,"B1 logic. V: 0.969, SOC: 100.0%",0
2026-01-01T15:55:00Z,GRID_PASS,100.0,0.0,"B1 logic. V: 0.969, SOC: 100.0%",0
2026-01-01T15:55:05Z,GRID_PASS,100.0,0.0,"B1 logic. V: 0.969, SOC: 100.0%",0
2026-01-01T15:55:10Z,GRID_PASS,100.0,0.0,"B1 logic. V: 0.969, SOC: 100.0%",0
2026-01-01T15:55:15Z,GRID_PASS,100.0,0.0,"B1 logic. V: 0.969, SOC: 100.0%",0
2026-01-01T15:55:20Z,GRID_PASS,100.0,0.0,"B1 logic. V: 0.969, SOC: 100.0%",0
2026-01-01T15:55:25Z,GRID_PASS,100.0,0.0,"B1 logic. V: 0.969, SOC: 100.0%",0
2026-01-01T15:55:30Z,GRID_PASS,100.0,0.0,"B1 logic. V: 0.969, SOC: 100.0%",0
2026-01-01T15:55:35Z,GRID_PASS,100.0,0.0,"B1 logic. V: 0.969, SOC: 100.0%",0
2026-01-01T15:55:40Z,GRID_PASS,100.0,0.0,"B1 logic. V: 0.969, SOC: 100.0%",0
2026-01-01T15:55:45Z,GRID_PASS,100.0,0.0,"B1 logic. V: 0.969, SOC: 100.0%",0
2026-01-01T15:55:50Z,GRID_PASS,100.0,0.0,"B1 logic. V: 0.969, SOC: 100.0%",0
2026-01-01T15:55:55Z,GRID_PASS,100.0,0.0,"B1 logic. V: 0.969, SOC: 100.0%",0
2026-01-01T15:56:00Z,GRID_PASS,100.0,0.0,"B1 logic. V: 0.969, SOC: 100.0%",0
2026-01-01T15:56:05Z,GRID_PASS,100.0,0.0,"B1 logic. V: 0.969, SOC: 100.0%",0
2026-01-01T15:56:10Z,GRID_PASS,100.0,0.0,"B1 logic. V: 0.969, SOC: 100.0%",0
2026-01-01T15:56:15Z,GRID_PASS,100.0,0.0,"B1 logic. V: 0.969, SOC: 100.0%",0
2026-01-01T15:56:20Z,GRID_PASS,100.0,0.0,"B1 logic. V: 0.969, SOC: 100.0%",0
2026-01-01T15:56:25Z,GRID_PASS,100.0,0.0,"B1 logic. V: 0.969, SOC: 100.0%",0
2026-01-01T15:56:30Z,GRID_PASS,100.0,0.0,"B1 logic. V: 0.969, SOC: 100.0%",0
2026-01-01T15:56:35Z,GRID_PASS,100.0,0.0,"B1 logic. V: 0.969, SOC: 100.0%",0
2026-01-01T15:56:40Z,GRID_PASS,100.0,0.0,"B1 logic. V: 0.969, SOC: 100.0%",0
2026-01-01T15:56:45Z,GRID_PASS,100.0,0.0,"B1 logic. V: 0.969, SOC: 100.0%",0
2026-01-01T15:56:50Z,GRID_PASS,100.0,0.0,"B1 logic. V: 0.969, SOC: 100.0%",0
2026-01-01T15:56:55Z,GRID_PASS,100.0,0.0,"B1 logic. V: 0.969, SOC: 100.0%",0
2026-01-01T15:57:00Z,GRID_PASS,100.0,0.0,"B1 logic. V: 0.969, SOC: 100.0%",0
2026-01-01T15:57:05Z,GRID_PASS,100.0,0.0,"B1 logic. V: 0.968, SOC: 100.0%",0
2026-01-01T15:57:10Z,GRID_PASS,100.0,0.0,"B1 logic. V: 0.968, SOC: 100.0%",0
2026-01-01T15:57:15Z,GRID_PASS,100.0,0.0,"B1 logic. V: 0.968, SOC: 100.0%",0
2026-01-01T15:57:20Z,GRID_PASS,100.0,0.0,"B1 logic. V: 0.968, SOC: 100.0%",0
2026-01-01T15:57:25Z,GRID_PASS,100.0,0.0,"B1 logic. V: 0.968, SOC: 100.0%",0
2026-01-01T15:57:30Z,GRID_PASS,100.0,0.0,"B1 logic. V: 0.968, SOC: 100.0%",0
2026-01-01T15:57:35Z,GRID_PASS,100.0,0.0,"B1 logic. V: 0.968, SOC: 100.0%",0
2026-01-01T15:57:40Z,GRID_PASS,100.0,0.0,"B1 logic. V: 0.968, SOC: 100.0%",0
2026-01-01T15:57:45Z,GRID_PASS,100.0,0.0,"B1 logic. V: 0.968, SOC: 100.0%",0
2026-01-01T15:57:50Z,GRID_PASS,100.0,0.0,"B1 logic. V: 0.968, SOC: 100.0%",0
2026-01-01T15:57:55Z,GRID_PASS,100.0,0.0,"B1 logic. V: 0.968, SOC: 100.0%",0
2026-01-01T15:58:00Z,GRID_PASS,100.0,0.0,"B1 logic. V: 0.968, SOC: 100.0%",0
2026-01-01T15:58:05Z,GRID_PASS,100.0,0.0,"B1 logic. V: 0.968, SOC: 100.0%",0
2026-01-01T15:58:10Z,GRID_PASS,100.0,0.0,"B1 logic. V: 0.968, SOC: 100.0%",0
2026-01-01T15:58:15Z,GRID_PASS,100.0,0.0,"B1 logic. V: 0.968, SOC: 100.0%",0
2026-01-01T15:58:20Z,GRID_PASS,100.0,0.0,"B1 logic. V: 0.968, SOC: 100.0%",0
2026-01-01T15:58:25Z,GRID_PASS,100.0,0.0,"B1 logic. V: 0.968, SOC: 100.0%",0
2026-01-01T15:58:30Z,GRID_PASS,100.0,0.0,"B1 logic. V: 0.968, SOC: 100.0%",0
2026-01-01T15:58:35Z,GRID_PASS,100.0,0.0,"B1 logic. V: 0.968, SOC: 100.0%",0
2026-01-01T15:58:40Z,GRID_PASS,100.0,0.0,"B1 logic. V: 0.968, SOC: 100.0%",0
2026-01-01T15:58:45Z,GRID_PASS,100.0,0.0,"B1 logic. V: 0.968, SOC: 100.0%",0
2026-01-01T15:58:50Z,GRID_PASS,100.0,0.0,"B1 logic. V: 0.968, SOC: 100.0%",0
2026-01-01T15:58:55Z,GRID_PASS,100.0,0.0,"B1 logic. V: 0.968, SOC: 100.0%",0
2026-01-01T15:59:00Z,GRID_PASS,100.0,0.0,"B1 logic. V: 0.968, SOC: 100.0%",0
2026-01-01T15:59:05Z,GRID_PASS,100.0,0.0,"B1 logic. V: 0.968, SOC: 100.0%",0
2026-01-01T15:59:10Z,GRID_PASS,100.0,0.0,"B1 logic. V: 0.968, SOC: 100.0%",0
2026-01-01T15:59:15Z,GRID_PASS,100.0,0.0,"B1 logic. V: 0.968, SOC: 100.0%",0
2026-01-01T15:59:20Z,GRID_PASS,100.0,0.0,"B1 logic. V: 0.968, SOC: 100.0%",0
2026-01-01T15:59:25Z,GRID_PASS,100.0,0.0,"B1 logic. V: 0.968, SOC: 100.0%",0
2026-01-01T15:59:30Z,GRID_PASS,100.0,0.0,"B1 logic. V: 0.968, SOC: 100.0%",0
2026-01-01T15:59:35Z,GRID_PASS,100.0,0.0,"B1 logic. V: 0.968, SOC: 100.0%",0
2026-01-01T15:59:40Z,GRID_PASS,100.0,0.0,"B1 logic. V: 0.968, SOC: 100.0%",0
2026-01-01T15:59:45Z,GRID_PASS,100.0,0.0,"B1 logic. V: 0.968, SOC: 100.0%",0
2026-01-01T15:59:50Z,GRID_PASS,100.0,0.0,"B1 logic. V: 0.968, SOC: 100.0%",0
2026-01-01T15:59:55Z,GRID_PASS,100.0,0.0,"B1 logic. V: 0.968, SOC: 100.0%",0
2026-01-01T16:00:00Z,GRID_PASS,100.0,0.0,"B1 logic. V: 0.968, SOC: 100.0%",1
2026-01-01T16:00:05Z,GRID_PASS,100.0,0.0,"B1 logic. V: 0.968, SOC: 100.0%",1
2026-01-01T16:00:10Z,GRID_PASS,100.0,0.0,"B1 logic. V: 0.968, SOC: 100.0%",1
2026-01-01T16:00:15Z,GRID_PASS,100.0,0.0,"B1 logic. V: 0.968, SOC: 100.0%",1
2026-01-01T16:00:20Z,GRID_PASS,100.0,0.0,"B1 logic. V: 0.968, SOC: 100.0%",1
2026-01-01T16:00:25Z,GRID_PASS,100.0,0.0,"B1 logic. V: 0.968, SOC: 100.0%",1
2026-01-01T16:00:30Z,GRID_PASS,100.0,0.0,"B1 logic. V: 0.968, SOC: 100.0%",1
2026-01-01T16:00:35Z,GRID_PASS,100.0,0.0,"B1 logic. V: 0.968, SOC: 100.0%",1
2026-01-01T16:00:40Z,GRID_PASS,100.0,0.0,"B1 logic. V: 0.968, SOC: 100.0%",1
2026-01-01T16:00:45Z,GRID_PASS,100.0,0.0,"B1 logic. V: 0.968, SOC: 100.0%",1
2026-01-01T16:00:50Z,GRID_PASS,100.0,0.0,"B1 logic. V: 0.968, SOC: 100.0%",1
2026-01-01T16:00:55Z,GRID_PASS,100.0,0.0,"B1 logic. V: 0.968, SOC: 100.0%",1
2026-01-01T16:01:00Z,GRID_PASS,100.0,0.0,"B1 logic. V: 0.968, SOC: 100.0%",1
2026-01-01T16:01:05Z,GRID_PASS,100.0,0.0,"B1 logic. V: 0.968, SOC: 100.0%",1
2026-01-01T16:01:10Z,GRID_PASS,100.0,0.0,"B1 logic. V: 0.968, SOC: 100.0%",1
2026-01-01T16:01:15Z,GRID_PASS,100.0,0.0,"B1 logic. V: 0.968, SOC: 100.0%",1
2026-01-01T16:01:20Z,GRID_PASS,100.0,0.0,"B1 logic. V: 0.968, SOC: 100.0%",1
2026-01-01T16:01:25Z,GRID_PASS,100.0,0.0,"B1 logic. V: 0.968, SOC: 100.0%",1
2026-01-01T16:01:30Z,GRID_PASS,100.0,0.0,"B1 logic. V: 0.968, SOC: 100.0%",1
2026-01-01T16:01:35Z,GRID_PASS,100.0,0.0,"B1 logic. V: 0.968, SOC: 100.0%",1
2026-01-01T16:01:40Z,GRID_PASS,100.0,0.0,"B1 logic. V: 0.968, SOC: 100.0%",1
2026-01-01T16:01:45Z,GRID_PASS,100.0,0.0,"B1 logic. V: 0.968, SOC: 100.0%",1
2026-01-01T16:01:50Z,GRID_PASS,100.0,0.0,"B1 logic. V: 0.968, SOC: 100.0%",1
2026-01-01T16:01:55Z,GRID_PASS,100.0,0.0,"B1 logic. V: 0.968, SOC: 100.0%",1
2026-01-01T16:02:00Z,GRID_PASS,100.0,0.0,"B1 logic. V: 0.968, SOC: 100.0%",1
2026-01-01T16:02:05Z,GRID_PASS,100.0,0.0,"B1 logic. V: 0.968, SOC: 100.0%",1
2026-01-01T16:02:10Z,GRID_PASS,100.0,0.0,"B1 logic. V: 0.968, SOC: 100.0%",1
2026-01-01T16:02:15Z,GRID_PASS,100.0,0.0,"B1 logic. V: 0.968, SOC: 100.0%",1
2026-01-01T16:02:20Z,GRID_PASS,100.0,0.0,"B1 logic. V: 0.968, SOC: 100.0%",1
2026-01-01T16:02:25Z,GRID_PASS,100.0,0.0,"B1 logic. V: 0.968, SOC: 100.0%",1
2026-01-01T16:02:30Z,GRID_PASS,100.0,0.0,"B1 logic. V: 0.968, SOC: 100.0%",1
2026-01-01T16:02:35Z,GRID_PASS,100.0,0.0,"B1 logic. V: 0.968, SOC: 100.0%",1
2026-01-01T16:02:40Z,GRID_PASS,100.0,0.0,"B1 logic. V: 0.968, SOC: 100.0%",1
2026-01-01T16:02:45Z,GRID_PASS,100.0,0.0,"B1 logic. V: 0.968, SOC: 100.0%",1
2026-01-01T16:02:50Z,GRID_PASS,100.0,0.0,"B1 logic. V: 0.968, SOC: 100.0%",1
2026-01-01T16:02:55Z,GRID_PASS,100.0,0.0,"B1 logic. V: 0.968, SOC: 100.0%",1
2026-01-01T16:03:00Z,GRID_PASS,100.0,0.0,"B1 logic. V: 0.968, SOC: 100.0%",1
2026-01-01T16:03:05Z,GRID_PASS,100.0,0.0,"B1 logic. V: 0.968, SOC: 100.0%",1
2026-01-01T16:03:10Z,GRID_PASS,100.0,0.0,"B1 logic. V: 0.968, SOC: 100.0%",1
2026-01-01T16:03:15Z,GRID_PASS,100.0,0.0,"B1 logic. V: 0.968, SOC: 100.0%",1
2026-01-01T16:03:20Z,GRID_PASS,100.0,0.0,"B1 logic. V: 0.968, SOC: 100.0%",1
2026-01-01T16:03:25Z,GRID_PASS,100.0,0.0,"B1 logic. V: 0.968, SOC: 100.0%",1
2026-01-01T16:03:30Z,GRID_PASS,100.0,0.0,"B1 logic. V: 0.968, SOC: 100.0%",1
2026-01-01T16:03:35Z,GRID_PASS,100.0,0.0,"B1 logic. V: 0.968, SOC: 100.0%",1
2026-01-01T16:03:40Z,GRID_PASS,100.0,0.0,"B1 logic. V: 0.968, SOC: 100.0%",1
2026-01-01T16:03:45Z,GRID_PASS,100.0,0.0,"B1 logic. V: 0.968, SOC: 100.0%",1
2026-01-01T16:03:50Z,GRID_PASS,100.0,0.0,"B1 logic. V: 0.968, SOC: 100.0%",1
2026-01-01T16:03:55Z,GRID_PASS,100.0,0.0,"B1 logic. V: 0.968, SOC: 100.0%",1
2026-01-01T16:04:00Z,GRID_PASS,100.0,0.0,"B1 logic. V: 0.968, SOC: 100.0%",1
2026-01-01T16:04:05Z,GRID_PASS,100.0,0.0,"B1 logic. V: 0.968, SOC: 100.0%",1
2026-01-01T16:04:10Z,GRID_PASS,100.0,0.0,"B1 logic. V: 0.968, SOC: 100.0%",1
2026-01-01T16:04:15Z,GRID_PASS,100.0,0.0,"B1 logic. V: 0.968, SOC: 100.0%",1
2026-01-01T16:04:20Z,GRID_PASS,100.0,0.0,"B1 logic. V: 0.968, SOC: 100.0%",1
2026-01-01T16:04:25Z,GRID_PASS,100.0,0.0,"B1 logic. V: 0.968, SOC: 100.0%",1
2026-01-01T16:04:30Z,GRID_PASS,100.0,0.0,"B1 logic. V: 0.968, SOC: 100.0%",1
2026-01-01T16:04:35Z,GRID_PASS,100.0,0.0,"B1 logic. V: 0.968, SOC: 100.0%",1
2026-01-01T16:04:40Z,GRID_PASS,100.0,0.0,"B1 logic. V: 0.968, SOC: 100.0%",1
2026-01-01T16:04:45Z,GRID_PASS,100.0,0.0,"B1 logic. V: 0.968, SOC: 100.0%",1
2026-01-01T16:04:50Z,GRID_PASS,100.0,0.0,"B1 logic. V: 0.968, SOC: 100.0%",1
2026-01-01T16:04:55Z,GRID_PASS,100.0,0.0,"B1 logic. V: 0.968, SOC: 100.0%",1
2026-01-01T16:05:00Z,GRID_PASS,100.0,0.0,"B1 logic. V: 0.968, SOC: 100.0%",1
2026-01-01T16:05:05Z,GRID_PASS,100.0,0.0,"B1 logic. V: 0.968, SOC: 100.0%",1
2026-01-01T16:05:10Z,GRID_PASS,100.0,0.0,"B1 logic. V: 0.968, SOC: 100.0%",1
2026-01-01T16:05:15Z,GRID_PASS,100.0,0.0,"B1 logic. V: 0.968, SOC: 100.0%",1
2026-01-01T16:05:20Z,GRID_PASS,100.0,0.0,"B1 logic. V: 0.968, SOC: 100.0%",1
2026-01-01T16:05:25Z,GRID_PASS,100.0,0.0,"B1 logic. V: 0.968, SOC: 100.0%",1
2026-01-01T16:05:30Z,GRID_PASS,100.0,0.0,"B1 logic. V: 0.968, SOC: 100.0%",1
2026-01-01T16:05:35Z,GRID_PASS,100.0,0.0,"B1 logic. V: 0.968, SOC: 100.0%",1
2026-01-01T16:05:40Z,GRID_PASS,100.0,0.0,"B1 logic. V: 0.968, SOC: 100.0%",1
2026-01-01T16:05:45Z,GRID_PASS,100.0,0.0,"B1 logic. V: 0.968, SOC: 100.0%",1
2026-01-01T16:05:50Z,GRID_PASS,100.0,0.0,"B1 logic. V: 0.968, SOC: 100.0%",1
2026-01-01T16:05:55Z,GRID_PASS,100.0,0.0,"B1 logic. V: 0.968, SOC: 100.0%",1
2026-01-01T16:06:00Z,GRID_PASS,100.0,0.0,"B1 logic. V: 0.968, SOC: 100.0%",1
2026-01-01T16:06:05Z,GRID_PASS,100.0,0.0,"B1 logic. V: 0.968, SOC: 100.0%",1
2026-01-01T16:06:10Z,GRID_PASS,100.0,0.0,"B1 logic. V: 0.968, SOC: 100.0%",1
2026-01-01T16:06:15Z,GRID_PASS,100.0,0.0,"B1 logic. V: 0.968, SOC: 100.0%",1
2026-01-01T16:06:20Z,GRID_PASS,100.0,0.0,"B1 logic. V: 0.968, SOC: 100.0%",1
2026-01-01T16:06:25Z,GRID_PASS,100.0,0.0,"B1 logic. V: 0.968, SOC: 100.0%",1
2026-01-01T16:06:30Z,GRID_PASS,100.0,0.0,"B1 logic. V: 0.968, SOC: 100.0%",1
2026-01-01T16:06:35Z,GRID_PASS,100.0,0.0,"B1 logic. V: 0.968, SOC: 100.0%",1
2026-01-01T16:06:40Z,GRID_PASS,100.0,0.0,"B1 logic. V: 0.968, SOC: 100.0%",1
2026-01-01T16:06:45Z,GRID_PASS,100.0,0.0,"B1 logic. V: 0.968, SOC: 100.0%",1
2026-01-01T16:06:50Z,GRID_PASS,100.0,0.0,"B1 logic. V: 0.968, SOC: 100.0%",1
2026-01-01T16:06:55Z,GRID_PASS,100.0,0.0,"B1 logic. V: 0.968, SOC: 100.0%",1
2026-01-01T16:07:00Z,GRID_PASS,100.0,0.0,"B1 logic. V: 0.968, SOC: 100.0%",1
2026-01-01T16:07:05Z,GRID_PASS,100.0,0.0,"B1 logic. V: 0.968, SOC: 100.0%",1
2026-01-01T16:07:10Z,GRID_PASS,100.0,0.0,"B1 logic. V: 0.968, SOC: 100.0%",1
2026-01-01T16:07:15Z,GRID_PASS,100.0,0.0,"B1 logic. V: 0.968, SOC: 100.0%",1
2026-01-01T16:07:20Z,GRID_PASS,100.0,0.0,"B1 logic. V: 0.968, SOC: 100.0%",1
2026-01-01T16:07:25Z,GRID_PASS,100.0,0.0,"B1 logic. V: 0.968, SOC: 100.0%",1
2026-01-01T16:07:30Z,GRID_PASS,100.0,0.0,"B1 logic. V: 0.968, SOC: 100.0%",1
2026-01-01T16:07:35Z,GRID_PASS,100.0,0.0,"B1 logic. V: 0.968, SOC: 100.0%",1
2026-01-01T16:07:40Z,GRID_PASS,100.0,0.0,"B1 logic. V: 0.968, SOC: 100.0%",1
2026-01-01T16:07:45Z,GRID_PASS,100.0,0.0,"B1 logic. V: 0.968, SOC: 100.0%",1
2026-01-01T16:07:50Z,GRID_PASS,100.0,0.0,"B1 logic. V: 0.968, SOC: 100.0%",1
2026-01-01T16:07:55Z,GRID_PASS,100.0,0.0,"B1 logic. V: 0.968, SOC: 100.0%",1
2026-01-01T16:08:00Z,GRID_PASS,100.0,0.0,"B1 logic. V: 0.968, SOC: 100.0%",1
2026-01-01T16:08:05Z,GRID_PASS,100.0,0.0,"B1 logic. V: 0.967, SOC: 100.0%",1
2026-01-01T16:08:10Z,GRID_PASS,100.0,0.0,"B1 logic. V: 0.967, SOC: 100.0%",1
2026-01-01T16:08:15Z,GRID_PASS,100.0,0.0,"B1 logic. V: 0.967, SOC: 100.0%",1
2026-01-01T16:08:20Z,GRID_PASS,100.0,0.0,"B1 logic. V: 0.967, SOC: 100.0%",1
2026-01-01T16:08:25Z,GRID_PASS,100.0,0.0,"B1 logic. V: 0.967, SOC: 100.0%",1
2026-01-01T16:08:30Z,GRID_PASS,100.0,0.0,"B1 logic. V: 0.967, SOC: 100.0%",1
2026-01-01T16:08:35Z,GRID_PASS,100.0,0.0,"B1 logic. V: 0.967, SOC: 100.0%",1
2026-01-01T16:08:40Z,GRID_PASS,100.0,0.0,"B1 logic. V: 0.967, SOC: 100.0%",1
2026-01-01T16:08:45Z,GRID_PASS,100.0,0.0,"B1 logic. V: 0.967, SOC: 100.0%",1
2026-01-01T16:08:50Z,GRID_PASS,100.0,0.0,"B1 logic. V: 0.967, SOC: 100.0%",1
2026-01-01T16:08:55Z,GRID_PASS,100.0,0.0,"B1 logic. V: 0.967, SOC: 100.0%",1
2026-01-01T16:09:00Z,GRID_PASS,100.0,0.0,"B1 logic. V: 0.967, SOC: 100.0%",1
2026-01-01T16:09:05Z,GRID_PASS,100.0,0.0,"B1 logic. V: 0.967, SOC: 100.0%",1
2026-01-01T16:09:10Z,GRID_PASS,100.0,0.0,"B1 logic. V: 0.967, SOC: 100.0%",1
2026-01-01T16:09:15Z,GRID_PASS,100.0,0.0,"B1 logic. V: 0.967, SOC: 100.0%",1
2026-01-01T16:09:20Z,GRID_PASS,100.0,0.0,"B1 logic. V: 0.967, SOC: 100.0%",1
2026-01-01T16:09:25Z,GRID_PASS,100.0,0.0,"B1 logic. V: 0.967, SOC: 100.0%",1
2026-01-01T16:09:30Z,GRID_PASS,100.0,0.0,"B1 logic. V: 0.967, SOC: 100.0%",1
2026-01-01T16:09:35Z,GRID_PASS,100.0,0.0,"B1 logic. V: 0.967, SOC: 100.0%",1
2026-01-01T16:09:40Z,GRID_PASS,100.0,0.0,"B1 logic. V: 0.967, SOC: 100.0%",1
2026-01-01T16:09:45Z,GRID_PASS,100.0,0.0,"B1 logic. V: 0.967, SOC: 100.0%",1
2026-01-01T16:09:50Z,GRID_PASS,100.0,0.0,"B1 logic. V: 0.967, SOC: 100.0%",1
2026-01-01T16:09:55Z,GRID_PASS,100.0,0.0,"B1 logic. V: 0.967, SOC: 100.0%",1
2026-01-01T16:10:00Z,GRID_PASS,100.0,0.0,"B1 logic. V: 0.967, SOC: 100.0%",1
2026-01-01T16:10:05Z,GRID_PASS,100.0,0.0,"B1 logic. V: 0.967, SOC: 100.0%",1
2026-01-01T16:10:10Z,GRID_PASS,100.0,0.0,"B1 logic. V: 0.967, SOC: 100.0%",1
2026-01-01T16:10:15Z,GRID_PASS,100.0,0.0,"B1 logic. V: 0.967, SOC: 100.0%",1
2026-01-01T16:10:20Z,GRID_PASS,100.0,0.0,"B1 logic. V: 0.967, SOC: 100.0%",1
2026-01-01T16:10:25Z,GRID_PASS,100.0,0.0,"B1 logic. V: 0.967, SOC: 100.0%",1
2026-01-01T16:10:30Z,GRID_PASS,100.0,0.0,"B1 logic. V: 0.967, SOC: 100.0%",1
2026-01-01T16:10:35Z,GRID_PASS,100.0,0.0,"B1 logic. V: 0.967, SOC: 100.0%",1
2026-01-01T16:10:40Z,GRID_PASS,100.0,0.0,"B1 logic. V: 0.967, SOC: 100.0%",1
2026-01-01T16:10:45Z,GRID_PASS,100.0,0.0,"B1 logic. V: 0.967, SOC: 100.0%",1
2026-01-01T16:10:50Z,GRID_PASS,100.0,0.0,"B1 logic. V: 0.967, SOC: 100.0%",1
2026-01-01T16:10:55Z,GRID_PASS,100.0,0.0,"B1 logic. V: 0.967, SOC: 100.0%",1
2026-01-01T16:11:00Z,GRID_PASS,100.0,0.0,"B1 logic. V: 0.967, SOC: 100.0%",1
2026-01-01T16:11:05Z,GRID_PASS,100.0,0.0,"B1 logic. V: 0.967, SOC: 100.0%",1
2026-01-01T16:11:10Z,GRID_PASS,100.0,0.0,"B1 logic. V: 0.967, SOC: 100.0%",1
2026-01-01T16:11:15Z,GRID_PASS,100.0,0.0,"B1 logic. V: 0.967, SOC: 100.0%",1
2026-01-01T16:11:20Z,GRID_PASS,100.0,0.0,"B1 logic. V: 0.967, SOC: 100.0%",1
2026-01-01T16:11:25Z,GRID_PASS,100.0,0.0,"B1 logic. V: 0.967, SOC: 100.0%",1
2026-01-01T16:11:30Z,GRID_PASS,100.0,0.0,"B1 logic. V: 0.967, SOC: 100.0%",1
2026-01-01T16:11:35Z,GRID_PASS,100.0,0.0,"B1 logic. V: 0.967, SOC: 100.0%",1
2026-01-01T16:11:40Z,GRID_PASS,100.0,0.0,"B1 logic. V: 0.967, SOC: 100.0%",1
2026-01-01T16:11:45Z,GRID_PASS,100.0,0.0,"B1 logic. V: 0.967, SOC: 100.0%",1
2026-01-01T16:11:50Z,GRID_PASS,100.0,0.0,"B1 logic. V: 0.967, SOC: 100.0%",1
2026-01-01T16:11:55Z,GRID_PASS,100.0,0.0,"B1 logic. V: 0.967, SOC: 100.0%",1
2026-01-01T16:12:00Z,GRID_PASS,100.0,0.0,"B1 logic. V: 0.967, SOC: 100.0%",1
2026-01-01T16:12:05Z,GRID_PASS,100.0,0.0,"B1 logic. V: 0.967, SOC: 100.0%",1
2026-01-01T16:12:10Z,GRID_PASS,100.0,0.0,"B1 logic. V: 0.967, SOC: 100.0%",1
2026-01-01T16:12:15Z,GRID_PASS,100.0,0.0,"B1 logic. V: 0.967, SOC: 100.0%",1
2026-01-01T16:12:20Z,GRID_PASS,100.0,0.0,"B1 logic. V: 0.967, SOC: 100.0%",1
2026-01-01T16:12:25Z,GRID_PASS,100.0,0.0,"B1 logic. V: 0.967, SOC: 100.0%",1
2026-01-01T16:12:30Z,GRID_PASS,100.0,0.0,"B1 logic. V: 0.967, SOC: 100.0%",1
2026-01-01T16:12:35Z,GRID_PASS,100.0,0.0,"B1 logic. V: 0.967, SOC: 100.0%",1
2026-01-01T16:12:40Z,GRID_PASS,100.0,0.0,"B1 logic. V: 0.967, SOC: 100.0%",1
2026-01-01T16:12:45Z,GRID_PASS,100.0,0.0,"B1 logic. V: 0.967, SOC: 100.0%",1
2026-01-01T16:12:50Z,GRID_PASS,100.0,0.0,"B1 logic. V: 0.967, SOC: 100.0%",1
2026-01-01T16:12:55Z,GRID_PASS,100.0,0.0,"B1 logic. V: 0.967, SOC: 100.0%",1
2026-01-01T16:13:00Z,GRID_PASS,100.0,0.0,"B1 logic. V: 0.967, SOC: 100.0%",1
2026-01-01T16:13:05Z,GRID_PASS,100.0,0.0,"B1 logic. V: 0.967, SOC: 100.0%",1
2026-01-01T16:13:10Z,GRID_PASS,100.0,0.0,"B1 logic. V: 0.967, SOC: 100.0%",1
2026-01-01T16:13:15Z,GRID_PASS,100.0,0.0,"B1 logic. V: 0.967, SOC: 100.0%",1
2026-01-01T16:13:20Z,GRID_PASS,100.0,0.0,"B1 logic. V: 0.967, SOC: 100.0%",1
2026-01-01T16:13:25Z,GRID_PASS,100.0,0.0,"B1 logic. V: 0.967, SOC: 100.0%",1
2026-01-01T16:13:30Z,GRID_PASS,100.0,0.0,"B1 logic. V: 0.967, SOC: 100.0%",1
2026-01-01T16:13:35Z,GRID_PASS,100.0,0.0,"B1 logic. V: 0.967, SOC: 100.0%",1
2026-01-01T16:13:40Z,GRID_PASS,100.0,0.0,"B1 logic. V: 0.967, SOC: 100.0%",1
2026-01-01T16:13:45Z,GRID_PASS,100.0,0.0,"B1 logic. V: 0.967, SOC: 100.0%",1
2026-01-01T16:13:50Z,GRID_PASS,100.0,0.0,"B1 logic. V: 0.967, SOC: 100.0%",1
2026-01-01T16:13:55Z,GRID_PASS,100.0,0.0,"B1 logic. V: 0.967, SOC: 100.0%",1
2026-01-01T16:14:00Z,GRID_PASS,100.0,0.0,"B1 logic. V: 0.967, SOC: 100.0%",1
2026-01-01T16:14:05Z,GRID_PASS,100.0,0.0,"B1 logic. V: 0.967, SOC: 100.0%",1
2026-01-01T16:14:10Z,GRID_PASS,100.0,0.0,"B1 logic. V: 0.967, SOC: 100.0%",1
2026-01-01T16:14:15Z,GRID_PASS,100.0,0.0,"B1 logic. V: 0.967, SOC: 100.0%",1
2026-01-01T16:14:20Z,GRID_PASS,100.0,0.0,"B1 logic. V: 0.967, SOC: 100.0%",1
2026-01-01T16:14:25Z,GRID_PASS,100.0,0.0,"B1 logic. V: 0.967, SOC: 100.0%",1
2026-01-01T16:14:30Z,GRID_PASS,100.0,0.0,"B1 logic. V: 0.967, SOC: 100.0%",1
2026-01-01T16:14:35Z,GRID_PASS,100.0,0.0,"B1 logic. V: 0.967, SOC: 100.0%",1
2026-01-01T16:14:40Z,GRID_PASS,100.0,0.0,"B1 logic. V: 0.967, SOC: 100.0%",1
2026-01-01T16:14:45Z,GRID_PASS,100.0,0.0,"B1 logic. V: 0.967, SOC: 100.0%",1
2026-01-01T16:14:50Z,GRID_PASS,100.0,0.0,"B1 logic. V: 0.967, SOC: 100.0%",1
2026-01-01T16:14:55Z,GRID_PASS,100.0,0.0,"B1 logic. V: 0.967, SOC: 100.0%",1
2026-01-01T16:15:00Z,GRID_PASS,100.0,0.0,"B1 logic. V: 0.967, SOC: 100.0%",1
2026-01-01T16:15:05Z,GRID_PASS,100.0,0.0,"B1 logic. V: 0.967, SOC: 100.0%",1
2026-01-01T16:15:10Z,GRID_PASS,100.0,0.0,"B1 logic. V: 0.967, SOC: 100.0%",1
2026-01-01T16:15:15Z,GRID_PASS,100.0,0.0,"B1 logic. V: 0.967, SOC: 100.0%",1
2026-01-01T16:15:20Z,GRID_PASS,100.0,0.0,"B1 logic. V: 0.967, SOC: 100.0%",1
2026-01-01T16:15:25Z,GRID_PASS,100.0,0.0,"B1 logic. V: 0.967, SOC: 100.0%",1
2026-01-01T16:15:30Z,GRID_PASS,100.0,0.0,"B1 logic. V: 0.967, SOC: 100.0%",1
2026-01-01T16:15:35Z,GRID_PASS,100.0,0.0,"B1 logic. V: 0.967, SOC: 100.0%",1
2026-01-01T16:15:40Z,GRID_PASS,100.0,0.0,"B1 logic. V: 0.967, SOC: 100.0%",1
2026-01-01T16:15:45Z,GRID_PASS,100.0,0.0,"B1 logic. V: 0.967, SOC: 100.0%",1
2026-01-01T16:15:50Z,GRID_PASS,100.0,0.0,"B1 logic. V: 0.967, SOC: 100.0%",1
2026-01-01T16:15:55Z,GRID_PASS,100.0,0.0,"B1 logic. V: 0.967, SOC: 100.0%",1
2026-01-01T16:16:00Z,GRID_PASS,100.0,0.0,"B1 logic. V: 0.967, SOC: 100.0%",1
2026-01-01T16:16:05Z,GRID_PASS,100.0,0.0,"B1 logic. V: 0.967, SOC: 100.0%",1
2026-01-01T16:16:10Z,GRID_PASS,100.0,0.0,"B1 logic. V: 0.967, SOC: 100.0%",1
2026-01-01T16:16:15Z,GRID_PASS,100.0,0.0,"B1 logic. V: 0.967, SOC: 100.0%",1
2026-01-01T16:16:20Z,GRID_PASS,100.0,0.0,"B1 logic. V: 0.967, SOC: 100.0%",1
2026-01-01T16:16:25Z,GRID_PASS,100.0,0.0,"B1 logic. V: 0.967, SOC: 100.0%",1
2026-01-01T16:16:30Z,GRID_PASS,100.0,0.0,"B1 logic. V: 0.967, SOC: 100.0%",1
2026-01-01T16:16:35Z,GRID_PASS,100.0,0.0,"B1 logic. V: 0.967, SOC: 100.0%",1
2026-01-01T16:16:40Z,GRID_PASS,100.0,0.0,"B1 logic. V: 0.967, SOC: 100.0%",1
2026-01-01T16:16:45Z,GRID_PASS,100.0,0.0,"B1 logic. V: 0.967, SOC: 100.0%",1
2026-01-01T16:16:50Z,GRID_PASS,100.0,0.0,"B1 logic. V: 0.967, SOC: 100.0%",1
2026-01-01T16:16:55Z,GRID_PASS,100.0,0.0,"B1 logic. V: 0.967, SOC: 100.0%",1
2026-01-01T16:17:00Z,GRID_PASS,100.0,0.0,"B1 logic. V: 0.967, SOC: 100.0%",1
2026-01-01T16:17:05Z,GRID_PASS,100.0,0.0,"B1 logic. V: 0.966, SOC: 100.0%",1
2026-01-01T16:17:10Z,GRID_PASS,100.0,0.0,"B1 logic. V: 0.966, SOC: 100.0%",1
2026-01-01T16:17:15Z,GRID_PASS,100.0,0.0,"B1 logic. V: 0.966, SOC: 100.0%",1
2026-01-01T16:17:20Z,GRID_PASS,100.0,0.0,"B1 logic. V: 0.966, SOC: 100.0%",1
2026-01-01T16:17:25Z,GRID_PASS,100.0,0.0,"B1 logic. V: 0.966, SOC: 100.0%",1
2026-01-01T16:17:30Z,GRID_PASS,100.0,0.0,"B1 logic. V: 0.966, SOC: 100.0%",1
2026-01-01T16:17:35Z,GRID_PASS,100.0,0.0,"B1 logic. V: 0.966, SOC: 100.0%",1
2026-01-01T16:17:40Z,GRID_PASS,100.0,0.0,"B1 logic. V: 0.966, SOC: 100.0%",1
2026-01-01T16:17:45Z,GRID_PASS,100.0,0.0,"B1 logic. V: 0.966, SOC: 100.0%",1
2026-01-01T16:17:50Z,GRID_PASS,100.0,0.0,"B1 logic. V: 0.966, SOC: 100.0%",1
2026-01-01T16:17:55Z,GRID_PASS,100.0,0.0,"B1 logic. V: 0.966, SOC: 100.0%",1
2026-01-01T16:18:00Z,GRID_PASS,100.0,0.0,"B1 logic. V: 0.966, SOC: 100.0%",1
2026-01-01T16:18:05Z,GRID_PASS,100.0,0.0,"B1 logic. V: 0.966, SOC: 100.0%",1
2026-01-01T16:18:10Z,GRID_PASS,100.0,0.0,"B1 logic. V: 0.966, SOC: 100.0%",1
2026-01-01T16:18:15Z,GRID_PASS,100.0,0.0,"B1 logic. V: 0.966, SOC: 100.0%",1
2026-01-01T16:18:20Z,GRID_PASS,100.0,0.0,"B1 logic. V: 0.966, SOC: 100.0%",1
2026-01-01T16:18:25Z,GRID_PASS,100.0,0.0,"B1 logic. V: 0.966, SOC: 100.0%",1
2026-01-01T16:18:30Z,GRID_PASS,100.0,0.0,"B1 logic. V: 0.966, SOC: 100.0%",1
2026-01-01T16:18:35Z,GRID_PASS,100.0,0.0,"B1 logic. V: 0.966, SOC: 100.0%",1
2026-01-01T16:18:40Z,GRID_PASS,100.0,0.0,"B1 logic. V: 0.966, SOC: 100.0%",1
2026-01-01T16:18:45Z,GRID_PASS,100.0,0.0,"B1 logic. V: 0.966, SOC: 100.0%",1
2026-01-01T16:18:50Z,GRID_PASS,100.0,0.0,"B1 logic. V: 0.966, SOC: 100.0%",1
2026-01-01T16:18:55Z,GRID_PASS,100.0,0.0,"B1 logic. V: 0.966, SOC: 100.0%",1
2026-01-01T16:19:00Z,GRID_PASS,100.0,0.0,"B1 logic. V: 0.966, SOC: 100.0%",1
2026-01-01T16:19:05Z,GRID_PASS,100.0,0.0,"B1 logic. V: 0.966, SOC: 100.0%",1
2026-01-01T16:19:10Z,GRID_PASS,100.0,0.0,"B1 logic. V: 0.966, SOC: 100.0%",1
2026-01-01T16:19:15Z,GRID_PASS,100.0,0.0,"B1 logic. V: 0.966, SOC: 100.0%",1
2026-01-01T16:19:20Z,GRID_PASS,100.0,0.0,"B1 logic. V: 0.966, SOC: 100.0%",1
2026-01-01T16:19:25Z,GRID_PASS,100.0,0.0,"B1 logic. V: 0.966, SOC: 100.0%",1
2026-01-01T16:19:30Z,GRID_PASS,100.0,0.0,"B1 logic. V: 0.966, SOC: 100.0%",1
2026-01-01T16:19:35Z,GRID_PASS,100.0,0.0,"B1 logic. V: 0.966, SOC: 100.0%",1
2026-01-01T16:19:40Z,GRID_PASS,100.0,0.0,"B1 logic. V: 0.966, SOC: 100.0%",1
2026-01-01T16:19:45Z,GRID_PASS,100.0,0.0,"B1 logic. V: 0.966, SOC: 100.0%",1
2026-01-01T16:19:50Z,GRID_PASS,100.0,0.0,"B1 logic. V: 0.966, SOC: 100.0%",1
2026-01-01T16:19:55Z,GRID_PASS,100.0,0.0,"B1 logic. V: 0.966, SOC: 100.0%",1
2026-01-01T16:20:00Z,GRID_PASS,100.0,0.0,"B1 logic. V: 0.966, SOC: 100.0%",1
2026-01-01T16:20:05Z,GRID_PASS,100.0,0.0,"B1 logic. V: 0.966, SOC: 100.0%",1
2026-01-01T16:20:10Z,GRID_PASS,100.0,0.0,"B1 logic. V: 0.966, SOC: 100.0%",1
2026-01-01T16:20:15Z,GRID_PASS,100.0,0.0,"B1 logic. V: 0.966, SOC: 100.0%",1
2026-01-01T16:20:20Z,GRID_PASS,100.0,0.0,"B1 logic. V: 0.966, SOC: 100.0%",1
2026-01-01T16:20:25Z,GRID_PASS,100.0,0.0,"B1 logic. V: 0.966, SOC: 100.0%",1
2026-01-01T16:20:30Z,GRID_PASS,100.0,0.0,"B1 logic. V: 0.966, SOC: 100.0%",1
2026-01-01T16:20:35Z,GRID_PASS,100.0,0.0,"B1 logic. V: 0.966, SOC: 100.0%",1
2026-01-01T16:20:40Z,GRID_PASS,100.0,0.0,"B1 logic. V: 0.966, SOC: 100.0%",1
2026-01-01T16:20:45Z,GRID_PASS,100.0,0.0,"B1 logic. V: 0.966, SOC: 100.0%",1
2026-01-01T16:20:50Z,GRID_PASS,100.0,0.0,"B1 logic. V: 0.966, SOC: 100.0%",1
2026-01-01T16:20:55Z,GRID_PASS,100.0,0.0,"B1 logic. V: 0.966, SOC: 100.0%",1
2026-01-01T16:21:00Z,GRID_PASS,100.0,0.0,"B1 logic. V: 0.966, SOC: 100.0%",1
2026-01-01T16:21:05Z,GRID_PASS,100.0,0.0,"B1 logic. V: 0.966, SOC: 100.0%",1
2026-01-01T16:21:10Z,GRID_PASS,100.0,0.0,"B1 logic. V: 0.966, SOC: 100.0%",1
2026-01-01T16:21:15Z,GRID_PASS,100.0,0.0,"B1 logic. V: 0.966, SOC: 100.0%",1
2026-01-01T16:21:20Z,GRID_PASS,100.0,0.0,"B1 logic. V: 0.966, SOC: 100.0%",1
2026-01-01T16:21:25Z,GRID_PASS,100.0,0.0,"B1 logic. V: 0.966, SOC: 100.0%",1
2026-01-01T16:21:30Z,GRID_PASS,100.0,0.0,"B1 logic. V: 0.966, SOC: 100.0%",1
2026-01-01T16:21:35Z,GRID_PASS,100.0,0.0,"B1 logic. V: 0.966, SOC: 100.0%",1
2026-01-01T16:21:40Z,GRID_PASS,100.0,0.0,"B1 logic. V: 0.966, SOC: 100.0%",1
2026-01-01T16:21:45Z,GRID_PASS,100.0,0.0,"B1 logic. V: 0.966, SOC: 100.0%",1
2026-01-01T16:21:50Z,GRID_PASS,100.0,0.0,"B1 logic. V: 0.966, SOC: 100.0%",1
2026-01-01T16:21:55Z,GRID_PASS,100.0,0.0,"B1 logic. V: 0.966, SOC: 100.0%",1
2026-01-01T16:22:00Z,GRID_PASS,100.0,0.0,"B1 logic. V: 0.966, SOC: 100.0%",1
2026-01-01T16:22:05Z,GRID_PASS,100.0,0.0,"B1 logic. V: 0.966, SOC: 100.0%",1
2026-01-01T16:22:10Z,GRID_PASS,100.0,0.0,"B1 logic. V: 0.966, SOC: 100.0%",1
2026-01-01T16:22:15Z,GRID_PASS,100.0,0.0,"B1 logic. V: 0.966, SOC: 100.0%",1
2026-01-01T16:22:20Z,GRID_PASS,100.0,0.0,"B1 logic. V: 0.966, SOC: 100.0%",1
2026-01-01T16:22:25Z,GRID_PASS,100.0,0.0,"B1 logic. V: 0.966, SOC: 100.0%",1
2026-01-01T16:22:30Z,GRID_PASS,100.0,0.0,"B1 logic. V: 0.966, SOC: 100.0%",1
2026-01-01T16:22:35Z,GRID_PASS,100.0,0.0,"B1 logic. V: 0.966, SOC: 100.0%",1
2026-01-01T16:22:40Z,GRID_PASS,100.0,0.0,"B1 logic. V: 0.966, SOC: 100.0%",1
2026-01-01T16:22:45Z,GRID_PASS,100.0,0.0,"B1 logic. V: 0.966, SOC: 100.0%",1
2026-01-01T16:22:50Z,GRID_PASS,100.0,0.0,"B1 logic. V: 0.966, SOC: 100.0%",1
2026-01-01T16:22:55Z,GRID_PASS,100.0,0.0,"B1 logic. V: 0.966, SOC: 100.0%",1
2026-01-01T16:23:00Z,GRID_PASS,100.0,0.0,"B1 logic. V: 0.966, SOC: 100.0%",1
2026-01-01T16:23:05Z,GRID_PASS,100.0,0.0,"B1 logic. V: 0.966, SOC: 100.0%",1
2026-01-01T16:23:10Z,GRID_PASS,100.0,0.0,"B1 logic. V: 0.966, SOC: 100.0%",1
2026-01-01T16:23:15Z,GRID_PASS,100.0,0.0,"B1 logic. V: 0.966, SOC: 100.0%",1
2026-01-01T16:23:20Z,GRID_PASS,100.0,0.0,"B1 logic. V: 0.966, SOC: 100.0%",1
2026-01-01T16:23:25Z,GRID_PASS,100.0,0.0,"B1 logic. V: 0.966, SOC: 100.0%",1
2026-01-01T16:23:30Z,GRID_PASS,100.0,0.0,"B1 logic. V: 0.966, SOC: 100.0%",1
2026-01-01T16:23:35Z,GRID_PASS,100.0,0.0,"B1 logic. V: 0.966, SOC: 100.0%",1
2026-01-01T16:23:40Z,GRID_PASS,100.0,0.0,"B1 logic. V: 0.966, SOC: 100.0%",1
2026-01-01T16:23:45Z,GRID_PASS,100.0,0.0,"B1 logic. V: 0.966, SOC: 100.0%",1
2026-01-01T16:23:50Z,GRID_PASS,100.0,0.0,"B1 logic. V: 0.966, SOC: 100.0%",1
2026-01-01T16:23:55Z,GRID_PASS,100.0,0.0,"B1 logic. V: 0.966, SOC: 100.0%",1
2026-01-01T16:24:00Z,GRID_PASS,100.0,0.0,"B1 logic. V: 0.966, SOC: 100.0%",1
2026-01-01T16:24:05Z,GRID_PASS,100.0,0.0,"B1 logic. V: 0.966, SOC: 100.0%",1
2026-01-01T16:24:10Z,GRID_PASS,100.0,0.0,"B1 logic. V: 0.966, SOC: 100.0%",1
2026-01-01T16:24:15Z,GRID_PASS,100.0,0.0,"B1 logic. V: 0.966, SOC: 100.0%",1
2026-01-01T16:24:20Z,GRID_PASS,100.0,0.0,"B1 logic. V: 0.966, SOC: 100.0%",1
2026-01-01T16:24:25Z,GRID_PASS,100.0,0.0,"B1 logic. V: 0.966, SOC: 100.0%",1
2026-01-01T16:24:30Z,GRID_PASS,100.0,0.0,"B1 logic. V: 0.966, SOC: 100.0%",1
2026-01-01T16:24:35Z,GRID_PASS,100.0,0.0,"B1 logic. V: 0.966, SOC: 100.0%",1
2026-01-01T16:24:40Z,GRID_PASS,100.0,0.0,"B1 logic. V: 0.966, SOC: 100.0%",1
2026-01-01T16:24:45Z,GRID_PASS,100.0,0.0,"B1 logic. V: 0.966, SOC: 100.0%",1
2026-01-01T16:24:50Z,GRID_PASS,100.0,0.0,"B1 logic. V: 0.966, SOC: 100.0%",1
2026-01-01T16:24:55Z,GRID_PASS,100.0,0.0,"B1 logic. V: 0.966, SOC: 100.0%",1
2026-01-01T16:25:00Z,GRID_PASS,100.0,0.0,"B1 logic. V: 0.966, SOC: 100.0%",1
2026-01-01T16:25:05Z,GRID_PASS,100.0,0.0,"B1 logic. V: 0.965, SOC: 100.0%",1
2026-01-01T16:25:10Z,GRID_PASS,100.0,0.0,"B1 logic. V: 0.965, SOC: 100.0%",1
2026-01-01T16:25:15Z,GRID_PASS,100.0,0.0,"B1 logic. V: 0.965, SOC: 100.0%",1
2026-01-01T16:25:20Z,GRID_PASS,100.0,0.0,"B1 logic. V: 0.965, SOC: 100.0%",1
2026-01-01T16:25:25Z,GRID_PASS,100.0,0.0,"B1 logic. V: 0.965, SOC: 100.0%",1
2026-01-01T16:25:30Z,GRID_PASS,100.0,0.0,"B1 logic. V: 0.965, SOC: 100.0%",1
2026-01-01T16:25:35Z,GRID_PASS,100.0,0.0,"B1 logic. V: 0.965, SOC: 100.0%",1
2026-01-01T16:25:40Z,GRID_PASS,100.0,0.0,"B1 logic. V: 0.965, SOC: 100.0%",1
2026-01-01T16:25:45Z,GRID_PASS,100.0,0.0,"B1 logic. V: 0.965, SOC: 100.0%",1
2026-01-01T16:25:50Z,GRID_PASS,100.0,0.0,"B1 logic. V: 0.965, SOC: 100.0%",1
2026-01-01T16:25:55Z,GRID_PASS,100.0,0.0,"B1 logic. V: 0.965, SOC: 100.0%",1
2026-01-01T16:26:00Z,GRID_PASS,100.0,0.0,"B1 logic. V: 0.965, SOC: 100.0%",1
2026-01-01T16:26:05Z,GRID_PASS,100.0,0.0,"B1 logic. V: 0.965, SOC: 100.0%",1
2026-01-01T16:26:10Z,GRID_PASS,100.0,0.0,"B1 logic. V: 0.965, SOC: 100.0%",1
2026-01-01T16:26:15Z,GRID_PASS,100.0,0.0,"B1 logic. V: 0.965, SOC: 100.0%",1
2026-01-01T16:26:20Z,GRID_PASS,100.0,0.0,"B1 logic. V: 0.965, SOC: 100.0%",1
2026-01-01T16:26:25Z,GRID_PASS,100.0,0.0,"B1 logic. V: 0.965, SOC: 100.0%",1
2026-01-01T16:26:30Z,GRID_PASS,100.0,0.0,"B1 logic. V: 0.965, SOC: 100.0%",1
2026-01-01T16:26:35Z,GRID_PASS,100.0,0.0,"B1 logic. V: 0.965, SOC: 100.0%",1
2026-01-01T16:26:40Z,GRID_PASS,100.0,0.0,"B1 logic. V: 0.965, SOC: 100.0%",1
2026-01-01T16:26:45Z,GRID_PASS,100.0,0.0,"B1 logic. V: 0.965, SOC: 100.0%",1
2026-01-01T16:26:50Z,GRID_PASS,100.0,0.0,"B1 logic. V: 0.965, SOC: 100.0%",1
2026-01-01T16:26:55Z,GRID_PASS,100.0,0.0,"B1 logic. V: 0.965, SOC: 100.0%",1
2026-01-01T16:27:00Z,GRID_PASS,100.0,0.0,"B1 logic. V: 0.965, SOC: 100.0%",1
2026-01-01T16:27:05Z,GRID_PASS,100.0,0.0,"B1 logic. V: 0.965, SOC: 100.0%",1
2026-01-01T16:27:10Z,GRID_PASS,100.0,0.0,"B1 logic. V: 0.965, SOC: 100.0%",1
2026-01-01T16:27:15Z,GRID_PASS,100.0,0.0,"B1 logic. V: 0.965, SOC: 100.0%",1
2026-01-01T16:27:20Z,GRID_PASS,100.0,0.0,"B1 logic. V: 0.965, SOC: 100.0%",1
2026-01-01T16:27:25Z,GRID_PASS,100.0,0.0,"B1 logic. V: 0.965, SOC: 100.0%",1
2026-01-01T16:27:30Z,GRID_PASS,100.0,0.0,"B1 logic. V: 0.965, SOC: 100.0%",1
2026-01-01T16:27:35Z,GRID_PASS,100.0,0.0,"B1 logic. V: 0.965, SOC: 100.0%",1
2026-01-01T16:27:40Z,GRID_PASS,100.0,0.0,"B1 logic. V: 0.965, SOC: 100.0%",1
2026-01-01T16:27:45Z,GRID_PASS,100.0,0.0,"B1 logic. V: 0.965, SOC: 100.0%",1
2026-01-01T16:27:50Z,GRID_PASS,100.0,0.0,"B1 logic. V: 0.965, SOC: 100.0%",1
2026-01-01T16:27:55Z,GRID_PASS,100.0,0.0,"B1 logic. V: 0.965, SOC: 100.0%",1
2026-01-01T16:28:00Z,GRID_PASS,100.0,0.0,"B1 logic. V: 0.965, SOC: 100.0%",1
2026-01-01T16:28:05Z,GRID_PASS,100.0,0.0,"B1 logic. V: 0.965, SOC: 100.0%",1
2026-01-01T16:28:10Z,GRID_PASS,100.0,0.0,"B1 logic. V: 0.965, SOC: 100.0%",1
2026-01-01T16:28:15Z,GRID_PASS,100.0,0.0,"B1 logic. V: 0.965, SOC: 100.0%",1
2026-01-01T16:28:20Z,GRID_PASS,100.0,0.0,"B1 logic. V: 0.965, SOC: 100.0%",1
2026-01-01T16:28:25Z,GRID_PASS,100.0,0.0,"B1 logic. V: 0.965, SOC: 100.0%",1
2026-01-01T16:28:30Z,GRID_PASS,100.0,0.0,"B1 logic. V: 0.965, SOC: 100.0%",1
2026-01-01T16:28:35Z,GRID_PASS,100.0,0.0,"B1 logic. V: 0.965, SOC: 100.0%",1
2026-01-01T16:28:40Z,GRID_PASS,100.0,0.0,"B1 logic. V: 0.965, SOC: 100.0%",1
2026-01-01T16:28:45Z,GRID_PASS,100.0,0.0,"B1 logic. V: 0.965, SOC: 100.0%",1
2026-01-01T16:28:50Z,GRID_PASS,100.0,0.0,"B1 logic. V: 0.965, SOC: 100.0%",1
2026-01-01T16:28:55Z,GRID_PASS,100.0,0.0,"B1 logic. V: 0.965, SOC: 100.0%",1
2026-01-01T16:29:00Z,GRID_PASS,100.0,0.0,"B1 logic. V: 0.965, SOC: 100.0%",1
2026-01-01T16:29:05Z,GRID_PASS,100.0,0.0,"B1 logic. V: 0.965, SOC: 100.0%",1
2026-01-01T16:29:10Z,GRID_PASS,100.0,0.0,"B1 logic. V: 0.965, SOC: 100.0%",1
2026-01-01T16:29:15Z,GRID_PASS,100.0,0.0,"B1 logic. V: 0.965, SOC: 100.0%",1
2026-01-01T16:29:20Z,GRID_PASS,100.0,0.0,"B1 logic. V: 0.965, SOC: 100.0%",1
2026-01-01T16:29:25Z,GRID_PASS,100.0,0.0,"B1 logic. V: 0.965, SOC: 100.0%",1
2026-01-01T16:29:30Z,GRID_PASS,100.0,0.0,"B1 logic. V: 0.965, SOC: 100.0%",1
2026-01-01T16:29:35Z,GRID_PASS,100.0,0.0,"B1 logic. V: 0.965, SOC: 100.0%",1
2026-01-01T16:29:40Z,GRID_PASS,100.0,0.0,"B1 logic. V: 0.965, SOC: 100.0%",1
2026-01-01T16:29:45Z,GRID_PASS,100.0,0.0,"B1 logic. V: 0.965, SOC: 100.0%",1
2026-01-01T16:29:50Z,GRID_PASS,100.0,0.0,"B1 logic. V: 0.965, SOC: 100.0%",1
2026-01-01T16:29:55Z,GRID_PASS,100.0,0.0,"B1 logic. V: 0.965, SOC: 100.0%",1
2026-01-01T16:30:00Z,GRID_PASS,100.0,0.0,"B1 logic. V: 0.965, SOC: 100.0%",1
2026-01-01T16:30:05Z,GRID_PASS,100.0,0.0,"B1 logic. V: 0.965, SOC: 100.0%",1
2026-01-01T16:30:10Z,GRID_PASS,100.0,0.0,"B1 logic. V: 0.965, SOC: 100.0%",1
2026-01-01T16:30:15Z,GRID_PASS,100.0,0.0,"B1 logic. V: 0.965, SOC: 100.0%",1
2026-01-01T16:30:20Z,GRID_PASS,100.0,0.0,"B1 logic. V: 0.965, SOC: 100.0%",1
2026-01-01T16:30:25Z,GRID_PASS,100.0,0.0,"B1 logic. V: 0.965, SOC: 100.0%",1
2026-01-01T16:30:30Z,GRID_PASS,100.0,0.0,"B1 logic. V: 0.965, SOC: 100.0%",1
2026-01-01T16:30:35Z,GRID_PASS,100.0,0.0,"B1 logic. V: 0.965, SOC: 100.0%",1
2026-01-01T16:30:40Z,GRID_PASS,100.0,0.0,"B1 logic. V: 0.965, SOC: 100.0%",1
2026-01-01T16:30:45Z,GRID_PASS,100.0,0.0,"B1 logic. V: 0.965, SOC: 100.0%",1
2026-01-01T16:30:50Z,GRID_PASS,100.0,0.0,"B1 logic. V: 0.965, SOC: 100.0%",1
2026-01-01T16:30:55Z,GRID_PASS,100.0,0.0,"B1 logic. V: 0.965, SOC: 100.0%",1
2026-01-01T16:31:00Z,GRID_PASS,100.0,0.0,"B1 logic. V: 0.965, SOC: 100.0%",1
2026-01-01T16:31:05Z,GRID_PASS,100.0,0.0,"B1 logic. V: 0.965, SOC: 100.0%",1
2026-01-01T16:31:10Z,GRID_PASS,100.0,0.0,"B1 logic. V: 0.965, SOC: 100.0%",1
2026-01-01T16:31:15Z,GRID_PASS,100.0,0.0,"B1 logic. V: 0.965, SOC: 100.0%",1
2026-01-01T16:31:20Z,GRID_PASS,100.0,0.0,"B1 logic. V: 0.965, SOC: 100.0%",1
2026-01-01T16:31:25Z,GRID_PASS,100.0,0.0,"B1 logic. V: 0.965, SOC: 100.0%",1
2026-01-01T16:31:30Z,GRID_PASS,100.0,0.0,"B1 logic. V: 0.965, SOC: 100.0%",1
2026-01-01T16:31:35Z,GRID_PASS,100.0,0.0,"B1 logic. V: 0.965, SOC: 100.0%",1
2026-01-01T16:31:40Z,GRID_PASS,100.0,0.0,"B1 logic. V: 0.965, SOC: 100.0%",1
2026-01-01T16:31:45Z,GRID_PASS,100.0,0.0,"B1 logic. V: 0.965, SOC: 100.0%",1
2026-01-01T16:31:50Z,GRID_PASS,100.0,0.0,"B1 logic. V: 0.965, SOC: 100.0%",1
2026-01-01T16:31:55Z,GRID_PASS,100.0,0.0,"B1 logic. V: 0.965, SOC: 100.0%",1
2026-01-01T16:32:00Z,GRID_PASS,100.0,0.0,"B1 logic. V: 0.965, SOC: 100.0%",1
2026-01-01T16:32:05Z,GRID_PASS,100.0,0.0,"B1 logic. V: 0.964, SOC: 100.0%",1
2026-01-01T16:32:10Z,GRID_PASS,100.0,0.0,"B1 logic. V: 0.964, SOC: 100.0%",1
2026-01-01T16:32:15Z,GRID_PASS,100.0,0.0,"B1 logic. V: 0.964, SOC: 100.0%",1
2026-01-01T16:32:20Z,GRID_PASS,100.0,0.0,"B1 logic. V: 0.964, SOC: 100.0%",1
2026-01-01T16:32:25Z,GRID_PASS,100.0,0.0,"B1 logic. V: 0.964, SOC: 100.0%",1
2026-01-01T16:32:30Z,GRID_PASS,100.0,0.0,"B1 logic. V: 0.964, SOC: 100.0%",1
2026-01-01T16:32:35Z,GRID_PASS,100.0,0.0,"B1 logic. V: 0.964, SOC: 100.0%",1
2026-01-01T16:32:40Z,GRID_PASS,100.0,0.0,"B1 logic. V: 0.964, SOC: 100.0%",1
2026-01-01T16:32:45Z,GRID_PASS,100.0,0.0,"B1 logic. V: 0.964, SOC: 100.0%",1
2026-01-01T16:32:50Z,GRID_PASS,100.0,0.0,"B1 logic. V: 0.964, SOC: 100.0%",1
2026-01-01T16:32:55Z,GRID_PASS,100.0,0.0,"B1 logic. V: 0.964, SOC: 100.0%",1
2026-01-01T16:33:00Z,GRID_PASS,100.0,0.0,"B1 logic. V: 0.964, SOC: 100.0%",1
2026-01-01T16:33:05Z,GRID_PASS,100.0,0.0,"B1 logic. V: 0.964, SOC: 100.0%",1
2026-01-01T16:33:10Z,GRID_PASS,100.0,0.0,"B1 logic. V: 0.964, SOC: 100.0%",1
2026-01-01T16:33:15Z,GRID_PASS,100.0,0.0,"B1 logic. V: 0.964, SOC: 100.0%",1
2026-01-01T16:33:20Z,GRID_PASS,100.0,0.0,"B1 logic. V: 0.964, SOC: 100.0%",1
2026-01-01T16:33:25Z,GRID_PASS,100.0,0.0,"B1 logic. V: 0.964, SOC: 100.0%",1
2026-01-01T16:33:30Z,GRID_PASS,100.0,0.0,"B1 logic. V: 0.964, SOC: 100.0%",1
2026-01-01T16:33:35Z,GRID_PASS,100.0,0.0,"B1 logic. V: 0.964, SOC: 100.0%",1
2026-01-01T16:33:40Z,GRID_PASS,100.0,0.0,"B1 logic. V: 0.964, SOC: 100.0%",1
2026-01-01T16:33:45Z,GRID_PASS,100.0,0.0,"B1 logic. V: 0.964, SOC: 100.0%",1
2026-01-01T16:33:50Z,GRID_PASS,100.0,0.0,"B1 logic. V: 0.964, SOC: 100.0%",1
2026-01-01T16:33:55Z,GRID_PASS,100.0,0.0,"B1 logic. V: 0.964, SOC: 100.0%",1
2026-01-01T16:34:00Z,GRID_PASS,100.0,0.0,"B1 logic. V: 0.964, SOC: 100.0%",1
2026-01-01T16:34:05Z,GRID_PASS,100.0,0.0,"B1 logic. V: 0.964, SOC: 100.0%",1
2026-01-01T16:34:10Z,GRID_PASS,100.0,0.0,"B1 logic. V: 0.964, SOC: 100.0%",1
2026-01-01T16:34:15Z,GRID_PASS,100.0,0.0,"B1 logic. V: 0.964, SOC: 100.0%",1
2026-01-01T16:34:20Z,GRID_PASS,100.0,0.0,"B1 logic. V: 0.964, SOC: 100.0%",1
2026-01-01T16:34:25Z,GRID_PASS,100.0,0.0,"B1 logic. V: 0.964, SOC: 100.0%",1
2026-01-01T16:34:30Z,GRID_PASS,100.0,0.0,"B1 logic. V: 0.964, SOC: 100.0%",1
2026-01-01T16:34:35Z,GRID_PASS,100.0,0.0,"B1 logic. V: 0.964, SOC: 100.0%",1
2026-01-01T16:34:40Z,GRID_PASS,100.0,0.0,"B1 logic. V: 0.964, SOC: 100.0%",1
2026-01-01T16:34:45Z,GRID_PASS,100.0,0.0,"B1 logic. V: 0.964, SOC: 100.0%",1
2026-01-01T16:34:50Z,GRID_PASS,100.0,0.0,"B1 logic. V: 0.964, SOC: 100.0%",1
2026-01-01T16:34:55Z,GRID_PASS,100.0,0.0,"B1 logic. V: 0.964, SOC: 100.0%",1
2026-01-01T16:35:00Z,GRID_PASS,100.0,0.0,"B1 logic. V: 0.964, SOC: 100.0%",1
2026-01-01T16:35:05Z,GRID_PASS,100.0,0.0,"B1 logic. V: 0.964, SOC: 100.0%",1
2026-01-01T16:35:10Z,GRID_PASS,100.0,0.0,"B1 logic. V: 0.964, SOC: 100.0%",1
2026-01-01T16:35:15Z,GRID_PASS,100.0,0.0,"B1 logic. V: 0.964, SOC: 100.0%",1
2026-01-01T16:35:20Z,GRID_PASS,100.0,0.0,"B1 logic. V: 0.964, SOC: 100.0%",1
2026-01-01T16:35:25Z,GRID_PASS,100.0,0.0,"B1 logic. V: 0.964, SOC: 100.0%",1
2026-01-01T16:35:30Z,GRID_PASS,100.0,0.0,"B1 logic. V: 0.964, SOC: 100.0%",1
2026-01-01T16:35:35Z,GRID_PASS,100.0,0.0,"B1 logic. V: 0.964, SOC: 100.0%",1
2026-01-01T16:35:40Z,GRID_PASS,100.0,0.0,"B1 logic. V: 0.964, SOC: 100.0%",1
2026-01-01T16:35:45Z,GRID_PASS,100.0,0.0,"B1 logic. V: 0.964, SOC: 100.0%",1
2026-01-01T16:35:50Z,GRID_PASS,100.0,0.0,"B1 logic. V: 0.964, SOC: 100.0%",1
2026-01-01T16:35:55Z,GRID_PASS,100.0,0.0,"B1 logic. V: 0.964, SOC: 100.0%",1
2026-01-01T16:36:00Z,GRID_PASS,100.0,0.0,"B1 logic. V: 0.964, SOC: 100.0%",1
2026-01-01T16:36:05Z,GRID_PASS,100.0,0.0,"B1 logic. V: 0.964, SOC: 100.0%",1
2026-01-01T16:36:10Z,GRID_PASS,100.0,0.0,"B1 logic. V: 0.964, SOC: 100.0%",1
2026-01-01T16:36:15Z,GRID_PASS,100.0,0.0,"B1 logic. V: 0.964, SOC: 100.0%",1
2026-01-01T16:36:20Z,GRID_PASS,100.0,0.0,"B1 logic. V: 0.964, SOC: 100.0%",1
2026-01-01T16:36:25Z,GRID_PASS,100.0,0.0,"B1 logic. V: 0.964, SOC: 100.0%",1
2026-01-01T16:36:30Z,GRID_PASS,100.0,0.0,"B1 logic. V: 0.964, SOC: 100.0%",1
2026-01-01T16:36:35Z,GRID_PASS,100.0,0.0,"B1 logic. V: 0.964, SOC: 100.0%",1
2026-01-01T16:36:40Z,GRID_PASS,100.0,0.0,"B1 logic. V: 0.964, SOC: 100.0%",1
2026-01-01T16:36:45Z,GRID_PASS,100.0,0.0,"B1 logic. V: 0.964, SOC: 100.0%",1
2026-01-01T16:36:50Z,GRID_PASS,100.0,0.0,"B1 logic. V: 0.964, SOC: 100.0%",1
2026-01-01T16:36:55Z,GRID_PASS,100.0,0.0,"B1 logic. V: 0.964, SOC: 100.0%",1
2026-01-01T16:37:00Z,GRID_PASS,100.0,0.0,"B1 logic. V: 0.964, SOC: 100.0%",1
2026-01-01T16:37:05Z,GRID_PASS,100.0,0.0,"B1 logic. V: 0.964, SOC: 100.0%",1
2026-01-01T16:37:10Z,GRID_PASS,100.0,0.0,"B1 logic. V: 0.964, SOC: 100.0%",1
2026-01-01T16:37:15Z,GRID_PASS,100.0,0.0,"B1 logic. V: 0.964, SOC: 100.0%",1
2026-01-01T16:37:20Z,GRID_PASS,100.0,0.0,"B1 logic. V: 0.964, SOC: 100.0%",1
2026-01-01T16:37:25Z,GRID_PASS,100.0,0.0,"B1 logic. V: 0.964, SOC: 100.0%",1
2026-01-01T16:37:30Z,GRID_PASS,100.0,0.0,"B1 logic. V: 0.964, SOC: 100.0%",1
2026-01-01T16:37:35Z,GRID_PASS,100.0,0.0,"B1 logic. V: 0.964, SOC: 100.0%",1
2026-01-01T16:37:40Z,GRID_PASS,100.0,0.0,"B1 logic. V: 0.964, SOC: 100.0%",1
2026-01-01T16:37:45Z,GRID_PASS,100.0,0.0,"B1 logic. V: 0.964, SOC: 100.0%",1
2026-01-01T16:37:50Z,GRID_PASS,100.0,0.0,"B1 logic. V: 0.964, SOC: 100.0%",1
2026-01-01T16:37:55Z,GRID_PASS,100.0,0.0,"B1 logic. V: 0.964, SOC: 100.0%",1
2026-01-01T16:38:00Z,GRID_PASS,100.0,0.0,"B1 logic. V: 0.964, SOC: 100.0%",1
2026-01-01T16:38:05Z,GRID_PASS,100.0,0.0,"B1 logic. V: 0.964, SOC: 100.0%",1
2026-01-01T16:38:10Z,GRID_PASS,100.0,0.0,"B1 logic. V: 0.964, SOC: 100.0%",1
2026-01-01T16:38:15Z,GRID_PASS,100.0,0.0,"B1 logic. V: 0.964, SOC: 100.0%",1
2026-01-01T16:38:20Z,GRID_PASS,100.0,0.0,"B1 logic. V: 0.964, SOC: 100.0%",1
2026-01-01T16:38:25Z,GRID_PASS,100.0,0.0,"B1 logic. V: 0.964, SOC: 100.0%",1
2026-01-01T16:38:30Z,GRID_PASS,100.0,0.0,"B1 logic. V: 0.964, SOC: 100.0%",1
2026-01-01T16:38:35Z,GRID_PASS,100.0,0.0,"B1 logic. V: 0.964, SOC: 100.0%",1
2026-01-01T16:38:40Z,GRID_PASS,100.0,0.0,"B1 logic. V: 0.964, SOC: 100.0%",1
2026-01-01T16:38:45Z,GRID_PASS,100.0,0.0,"B1 logic. V: 0.964, SOC: 100.0%",1
2026-01-01T16:38:50Z,GRID_PASS,100.0,0.0,"B1 logic. V: 0.964, SOC: 100.0%",1
2026-01-01T16:38:55Z,GRID_PASS,100.0,0.0,"B1 logic. V: 0.964, SOC: 100.0%",1
2026-01-01T16:39:00Z,GRID_PASS,100.0,0.0,"B1 logic. V: 0.964, SOC: 100.0%",1
2026-01-01T16:39:05Z,GRID_PASS,100.0,0.0,"B1 logic. V: 0.963, SOC: 100.0%",1
2026-01-01T16:39:10Z,GRID_PASS,100.0,0.0,"B1 logic. V: 0.963, SOC: 100.0%",1
2026-01-01T16:39:15Z,GRID_PASS,100.0,0.0,"B1 logic. V: 0.963, SOC: 100.0%",1
2026-01-01T16:39:20Z,GRID_PASS,100.0,0.0,"B1 logic. V: 0.963, SOC: 100.0%",1
2026-01-01T16:39:25Z,GRID_PASS,100.0,0.0,"B1 logic. V: 0.963, SOC: 100.0%",1
2026-01-01T16:39:30Z,GRID_PASS,100.0,0.0,"B1 logic. V: 0.963, SOC: 100.0%",1
2026-01-01T16:39:35Z,GRID_PASS,100.0,0.0,"B1 logic. V: 0.963, SOC: 100.0%",1
2026-01-01T16:39:40Z,GRID_PASS,100.0,0.0,"B1 logic. V: 0.963, SOC: 100.0%",1
2026-01-01T16:39:45Z,GRID_PASS,100.0,0.0,"B1 logic. V: 0.963, SOC: 100.0%",1
2026-01-01T16:39:50Z,GRID_PASS,100.0,0.0,"B1 logic. V: 0.963, SOC: 100.0%",1
2026-01-01T16:39:55Z,GRID_PASS,100.0,0.0,"B1 logic. V: 0.963, SOC: 100.0%",1
2026-01-01T16:40:00Z,GRID_PASS,100.0,0.0,"B1 logic. V: 0.963, SOC: 100.0%",1
2026-01-01T16:40:05Z,GRID_PASS,100.0,0.0,"B1 logic. V: 0.963, SOC: 100.0%",1
2026-01-01T16:40:10Z,GRID_PASS,100.0,0.0,"B1 logic. V: 0.963, SOC: 100.0%",1
2026-01-01T16:40:15Z,GRID_PASS,100.0,0.0,"B1 logic. V: 0.963, SOC: 100.0%",1
2026-01-01T16:40:20Z,GRID_PASS,100.0,0.0,"B1 logic. V: 0.963, SOC: 100.0%",1
2026-01-01T16:40:25Z,GRID_PASS,100.0,0.0,"B1 logic. V: 0.963, SOC: 100.0%",1
2026-01-01T16:40:30Z,GRID_PASS,100.0,0.0,"B1 logic. V: 0.963, SOC: 100.0%",1
2026-01-01T16:40:35Z,GRID_PASS,100.0,0.0,"B1 logic. V: 0.963, SOC: 100.0%",1
2026-01-01T16:40:40Z,GRID_PASS,100.0,0.0,"B1 logic. V: 0.963, SOC: 100.0%",1
2026-01-01T16:40:45Z,GRID_PASS,100.0,0.0,"B1 logic. V: 0.963, SOC: 100.0%",1
2026-01-01T16:40:50Z,GRID_PASS,100.0,0.0,"B1 logic. V: 0.963, SOC: 100.0%",1
2026-01-01T16:40:55Z,GRID_PASS,100.0,0.0,"B1 logic. V: 0.963, SOC: 100.0%",1
2026-01-01T16:41:00Z,GRID_PASS,100.0,0.0,"B1 logic. V: 0.963, SOC: 100.0%",1
2026-01-01T16:41:05Z,GRID_PASS,100.0,0.0,"B1 logic. V: 0.963, SOC: 100.0%",1
2026-01-01T16:41:10Z,GRID_PASS,100.0,0.0,"B1 logic. V: 0.963, SOC: 100.0%",1
2026-01-01T16:41:15Z,GRID_PASS,100.0,0.0,"B1 logic. V: 0.963, SOC: 100.0%",1
2026-01-01T16:41:20Z,GRID_PASS,100.0,0.0,"B1 logic. V: 0.963, SOC: 100.0%",1
2026-01-01T16:41:25Z,GRID_PASS,100.0,0.0,"B1 logic. V: 0.963, SOC: 100.0%",1
2026-01-01T16:41:30Z,GRID_PASS,100.0,0.0,"B1 logic. V: 0.963, SOC: 100.0%",1
2026-01-01T16:41:35Z,GRID_PASS,100.0,0.0,"B1 logic. V: 0.963, SOC: 100.0%",1
2026-01-01T16:41:40Z,GRID_PASS,100.0,0.0,"B1 logic. V: 0.963, SOC: 100.0%",1
2026-01-01T16:41:45Z,GRID_PASS,100.0,0.0,"B1 logic. V: 0.963, SOC: 100.0%",1
2026-01-01T16:41:50Z,GRID_PASS,100.0,0.0,"B1 logic. V: 0.963, SOC: 100.0%",1
2026-01-01T16:41:55Z,GRID_PASS,100.0,0.0,"B1 logic. V: 0.963, SOC: 100.0%",1
2026-01-01T16:42:00Z,GRID_PASS,100.0,0.0,"B1 logic. V: 0.963, SOC: 100.0%",1
2026-01-01T16:42:05Z,GRID_PASS,100.0,0.0,"B1 logic. V: 0.963, SOC: 100.0%",1
2026-01-01T16:42:10Z,GRID_PASS,100.0,0.0,"B1 logic. V: 0.963, SOC: 100.0%",1
2026-01-01T16:42:15Z,GRID_PASS,100.0,0.0,"B1 logic. V: 0.963, SOC: 100.0%",1
2026-01-01T16:42:20Z,GRID_PASS,100.0,0.0,"B1 logic. V: 0.963, SOC: 100.0%",1
2026-01-01T16:42:25Z,GRID_PASS,100.0,0.0,"B1 logic. V: 0.963, SOC: 100.0%",1
2026-01-01T16:42:30Z,GRID_PASS,100.0,0.0,"B1 logic. V: 0.963, SOC: 100.0%",1
2026-01-01T16:42:35Z,GRID_PASS,100.0,0.0,"B1 logic. V: 0.963, SOC: 100.0%",1
2026-01-01T16:42:40Z,GRID_PASS,100.0,0.0,"B1 logic. V: 0.963, SOC: 100.0%",1
2026-01-01T16:42:45Z,GRID_PASS,100.0,0.0,"B1 logic. V: 0.963, SOC: 100.0%",1
2026-01-01T16:42:50Z,GRID_PASS,100.0,0.0,"B1 logic. V: 0.963, SOC: 100.0%",1
2026-01-01T16:42:55Z,GRID_PASS,100.0,0.0,"B1 logic. V: 0.963, SOC: 100.0%",1
2026-01-01T16:43:00Z,GRID_PASS,100.0,0.0,"B1 logic. V: 0.963, SOC: 100.0%",1
2026-01-01T16:43:05Z,GRID_PASS,100.0,0.0,"B1 logic. V: 0.963, SOC: 100.0%",1
2026-01-01T16:43:10Z,GRID_PASS,100.0,0.0,"B1 logic. V: 0.963, SOC: 100.0%",1
2026-01-01T16:43:15Z,GRID_PASS,100.0,0.0,"B1 logic. V: 0.963, SOC: 100.0%",1
2026-01-01T16:43:20Z,GRID_PASS,100.0,0.0,"B1 logic. V: 0.963, SOC: 100.0%",1
2026-01-01T16:43:25Z,GRID_PASS,100.0,0.0,"B1 logic. V: 0.963, SOC: 100.0%",1
2026-01-01T16:43:30Z,GRID_PASS,100.0,0.0,"B1 logic. V: 0.963, SOC: 100.0%",1
2026-01-01T16:43:35Z,GRID_PASS,100.0,0.0,"B1 logic. V: 0.963, SOC: 100.0%",1
2026-01-01T16:43:40Z,GRID_PASS,100.0,0.0,"B1 logic. V: 0.963, SOC: 100.0%",1
2026-01-01T16:43:45Z,GRID_PASS,100.0,0.0,"B1 logic. V: 0.963, SOC: 100.0%",1
2026-01-01T16:43:50Z,GRID_PASS,100.0,0.0,"B1 logic. V: 0.963, SOC: 100.0%",1
2026-01-01T16:43:55Z,GRID_PASS,100.0,0.0,"B1 logic. V: 0.963, SOC: 100.0%",1
2026-01-01T16:44:00Z,GRID_PASS,100.0,0.0,"B1 logic. V: 0.963, SOC: 100.0%",1
2026-01-01T16:44:05Z,GRID_PASS,100.0,0.0,"B1 logic. V: 0.963, SOC: 100.0%",1
2026-01-01T16:44:10Z,GRID_PASS,100.0,0.0,"B1 logic. V: 0.963, SOC: 100.0%",1
2026-01-01T16:44:15Z,GRID_PASS,100.0,0.0,"B1 logic. V: 0.963, SOC: 100.0%",1
2026-01-01T16:44:20Z,GRID_PASS,100.0,0.0,"B1 logic. V: 0.963, SOC: 100.0%",1
2026-01-01T16:44:25Z,GRID_PASS,100.0,0.0,"B1 logic. V: 0.963, SOC: 100.0%",1
2026-01-01T16:44:30Z,GRID_PASS,100.0,0.0,"B1 logic. V: 0.963, SOC: 100.0%",1
2026-01-01T16:44:35Z,GRID_PASS,100.0,0.0,"B1 logic. V: 0.963, SOC: 100.0%",1
2026-01-01T16:44:40Z,GRID_PASS,100.0,0.0,"B1 logic. V: 0.963, SOC: 100.0%",1
2026-01-01T16:44:45Z,GRID_PASS,100.0,0.0,"B1 logic. V: 0.963, SOC: 100.0%",1
2026-01-01T16:44:50Z,GRID_PASS,100.0,0.0,"B1 logic. V: 0.963, SOC: 100.0%",1
2026-01-01T16:44:55Z,GRID_PASS,100.0,0.0,"B1 logic. V: 0.963, SOC: 100.0%",1
2026-01-01T16:45:00Z,GRID_PASS,100.0,0.0,"B1 logic. V: 0.963, SOC: 100.0%",1
2026-01-01T16:45:05Z,GRID_PASS,100.0,0.0,"B1 logic. V: 0.962, SOC: 100.0%",1
2026-01-01T16:45:10Z,GRID_PASS,100.0,0.0,"B1 logic. V: 0.962, SOC: 100.0%",1
2026-01-01T16:45:15Z,GRID_PASS,100.0,0.0,"B1 logic. V: 0.962, SOC: 100.0%",1
2026-01-01T16:45:20Z,GRID_PASS,100.0,0.0,"B1 logic. V: 0.962, SOC: 100.0%",1
2026-01-01T16:45:25Z,GRID_PASS,100.0,0.0,"B1 logic. V: 0.962, SOC: 100.0%",1
2026-01-01T16:45:30Z,GRID_PASS,100.0,0.0,"B1 logic. V: 0.962, SOC: 100.0%",1
2026-01-01T16:45:35Z,GRID_PASS,100.0,0.0,"B1 logic. V: 0.962, SOC: 100.0%",1
2026-01-01T16:45:40Z,GRID_PASS,100.0,0.0,"B1 logic. V: 0.962, SOC: 100.0%",1
2026-01-01T16:45:45Z,GRID_PASS,100.0,0.0,"B1 logic. V: 0.962, SOC: 100.0%",1
2026-01-01T16:45:50Z,GRID_PASS,100.0,0.0,"B1 logic. V: 0.962, SOC: 100.0%",1
2026-01-01T16:45:55Z,GRID_PASS,100.0,0.0,"B1 logic. V: 0.962, SOC: 100.0%",1
2026-01-01T16:46:00Z,GRID_PASS,100.0,0.0,"B1 logic. V: 0.962, SOC: 100.0%",1
2026-01-01T16:46:05Z,GRID_PASS,100.0,0.0,"B1 logic. V: 0.962, SOC: 100.0%",1
2026-01-01T16:46:10Z,GRID_PASS,100.0,0.0,"B1 logic. V: 0.962, SOC: 100.0%",1
2026-01-01T16:46:15Z,GRID_PASS,100.0,0.0,"B1 logic. V: 0.962, SOC: 100.0%",1
2026-01-01T16:46:20Z,GRID_PASS,100.0,0.0,"B1 logic. V: 0.962, SOC: 100.0%",1
2026-01-01T16:46:25Z,GRID_PASS,100.0,0.0,"B1 logic. V: 0.962, SOC: 100.0%",1
2026-01-01T16:46:30Z,GRID_PASS,100.0,0.0,"B1 logic. V: 0.962, SOC: 100.0%",1
2026-01-01T16:46:35Z,GRID_PASS,100.0,0.0,"B1 logic. V: 0.962, SOC: 100.0%",1
2026-01-01T16:46:40Z,GRID_PASS,100.0,0.0,"B1 logic. V: 0.962, SOC: 100.0%",1
2026-01-01T16:46:45Z,GRID_PASS,100.0,0.0,"B1 logic. V: 0.962, SOC: 100.0%",1
2026-01-01T16:46:50Z,GRID_PASS,100.0,0.0,"B1 logic. V: 0.962, SOC: 100.0%",1
2026-01-01T16:46:55Z,GRID_PASS,100.0,0.0,"B1 logic. V: 0.962, SOC: 100.0%",1
2026-01-01T16:47:00Z,GRID_PASS,100.0,0.0,"B1 logic. V: 0.962, SOC: 100.0%",1
2026-01-01T16:47:05Z,GRID_PASS,100.0,0.0,"B1 logic. V: 0.962, SOC: 100.0%",1
2026-01-01T16:47:10Z,GRID_PASS,100.0,0.0,"B1 logic. V: 0.962, SOC: 100.0%",1
2026-01-01T16:47:15Z,GRID_PASS,100.0,0.0,"B1 logic. V: 0.962, SOC: 100.0%",1
2026-01-01T16:47:20Z,GRID_PASS,100.0,0.0,"B1 logic. V: 0.962, SOC: 100.0%",1
2026-01-01T16:47:25Z,GRID_PASS,100.0,0.0,"B1 logic. V: 0.962, SOC: 100.0%",1
2026-01-01T16:47:30Z,GRID_PASS,100.0,0.0,"B1 logic. V: 0.962, SOC: 100.0%",1
2026-01-01T16:47:35Z,GRID_PASS,100.0,0.0,"B1 logic. V: 0.962, SOC: 100.0%",1
2026-01-01T16:47:40Z,GRID_PASS,100.0,0.0,"B1 logic. V: 0.962, SOC: 100.0%",1
2026-01-01T16:47:45Z,GRID_PASS,100.0,0.0,"B1 logic. V: 0.962, SOC: 100.0%",1
2026-01-01T16:47:50Z,GRID_PASS,100.0,0.0,"B1 logic. V: 0.962, SOC: 100.0%",1
2026-01-01T16:47:55Z,GRID_PASS,100.0,0.0,"B1 logic. V: 0.962, SOC: 100.0%",1
2026-01-01T16:48:00Z,GRID_PASS,100.0,0.0,"B1 logic. V: 0.962, SOC: 100.0%",1
2026-01-01T16:48:05Z,GRID_PASS,100.0,0.0,"B1 logic. V: 0.962, SOC: 100.0%",1
2026-01-01T16:48:10Z,GRID_PASS,100.0,0.0,"B1 logic. V: 0.962, SOC: 100.0%",1
2026-01-01T16:48:15Z,GRID_PASS,100.0,0.0,"B1 logic. V: 0.962, SOC: 100.0%",1
2026-01-01T16:48:20Z,GRID_PASS,100.0,0.0,"B1 logic. V: 0.962, SOC: 100.0%",1
2026-01-01T16:48:25Z,GRID_PASS,100.0,0.0,"B1 logic. V: 0.962, SOC: 100.0%",1
2026-01-01T16:48:30Z,GRID_PASS,100.0,0.0,"B1 logic. V: 0.962, SOC: 100.0%",1
2026-01-01T16:48:35Z,GRID_PASS,100.0,0.0,"B1 logic. V: 0.962, SOC: 100.0%",1
2026-01-01T16:48:40Z,GRID_PASS,100.0,0.0,"B1 logic. V: 0.962, SOC: 100.0%",1
2026-01-01T16:48:45Z,GRID_PASS,100.0,0.0,"B1 logic. V: 0.962, SOC: 100.0%",1
2026-01-01T16:48:50Z,GRID_PASS,100.0,0.0,"B1 logic. V: 0.962, SOC: 100.0%",1
2026-01-01T16:48:55Z,GRID_PASS,100.0,0.0,"B1 logic. V: 0.962, SOC: 100.0%",1
2026-01-01T16:49:00Z,GRID_PASS,100.0,0.0,"B1 logic. V: 0.962, SOC: 100.0%",1
2026-01-01T16:49:05Z,GRID_PASS,100.0,0.0,"B1 logic. V: 0.962, SOC: 100.0%",1
2026-01-01T16:49:10Z,GRID_PASS,100.0,0.0,"B1 logic. V: 0.962, SOC: 100.0%",1
2026-01-01T16:49:15Z,GRID_PASS,100.0,0.0,"B1 logic. V: 0.962, SOC: 100.0%",1
2026-01-01T16:49:20Z,GRID_PASS,100.0,0.0,"B1 logic. V: 0.962, SOC: 100.0%",1
2026-01-01T16:49:25Z,GRID_PASS,100.0,0.0,"B1 logic. V: 0.962, SOC: 100.0%",1
2026-01-01T16:49:30Z,GRID_PASS,100.0,0.0,"B1 logic. V: 0.962, SOC: 100.0%",1
2026-01-01T16:49:35Z,GRID_PASS,100.0,0.0,"B1 logic. V: 0.962, SOC: 100.0%",1
2026-01-01T16:49:40Z,GRID_PASS,100.0,0.0,"B1 logic. V: 0.962, SOC: 100.0%",1
2026-01-01T16:49:45Z,GRID_PASS,100.0,0.0,"B1 logic. V: 0.962, SOC: 100.0%",1
2026-01-01T16:49:50Z,GRID_PASS,100.0,0.0,"B1 logic. V: 0.962, SOC: 100.0%",1
2026-01-01T16:49:55Z,GRID_PASS,100.0,0.0,"B1 logic. V: 0.962, SOC: 100.0%",1
2026-01-01T16:50:00Z,GRID_PASS,100.0,0.0,"B1 logic. V: 0.962, SOC: 100.0%",1
2026-01-01T16:50:05Z,GRID_PASS,100.0,0.0,"B1 logic. V: 0.962, SOC: 100.0%",1
2026-01-01T16:50:10Z,GRID_PASS,100.0,0.0,"B1 logic. V: 0.962, SOC: 100.0%",1
2026-01-01T16:50:15Z,GRID_PASS,100.0,0.0,"B1 logic. V: 0.962, SOC: 100.0%",1
2026-01-01T16:50:20Z,GRID_PASS,100.0,0.0,"B1 logic. V: 0.962, SOC: 100.0%",1
2026-01-01T16:50:25Z,GRID_PASS,100.0,0.0,"B1 logic. V: 0.962, SOC: 100.0%",1
2026-01-01T16:50:30Z,GRID_PASS,100.0,0.0,"B1 logic. V: 0.962, SOC: 100.0%",1
2026-01-01T16:50:35Z,GRID_PASS,100.0,0.0,"B1 logic. V: 0.962, SOC: 100.0%",1
2026-01-01T16:50:40Z,GRID_PASS,100.0,0.0,"B1 logic. V: 0.962, SOC: 100.0%",1
2026-01-01T16:50:45Z,GRID_PASS,100.0,0.0,"B1 logic. V: 0.962, SOC: 100.0%",1
2026-01-01T16:50:50Z,GRID_PASS,100.0,0.0,"B1 logic. V: 0.962, SOC: 100.0%",1
2026-01-01T16:50:55Z,GRID_PASS,100.0,0.0,"B1 logic. V: 0.962, SOC: 100.0%",1
2026-01-01T16:51:00Z,GRID_PASS,100.0,0.0,"B1 logic. V: 0.962, SOC: 100.0%",1
2026-01-01T16:51:05Z,GRID_PASS,100.0,0.0,"B1 logic. V: 0.961, SOC: 100.0%",1
2026-01-01T16:51:10Z,GRID_PASS,100.0,0.0,"B1 logic. V: 0.961, SOC: 100.0%",1
2026-01-01T16:51:15Z,GRID_PASS,100.0,0.0,"B1 logic. V: 0.961, SOC: 100.0%",1
2026-01-01T16:51:20Z,GRID_PASS,100.0,0.0,"B1 logic. V: 0.961, SOC: 100.0%",1
2026-01-01T16:51:25Z,GRID_PASS,100.0,0.0,"B1 logic. V: 0.961, SOC: 100.0%",1
2026-01-01T16:51:30Z,GRID_PASS,100.0,0.0,"B1 logic. V: 0.961, SOC: 100.0%",1
2026-01-01T16:51:35Z,GRID_PASS,100.0,0.0,"B1 logic. V: 0.961, SOC: 100.0%",1
2026-01-01T16:51:40Z,GRID_PASS,100.0,0.0,"B1 logic. V: 0.961, SOC: 100.0%",1
2026-01-01T16:51:45Z,GRID_PASS,100.0,0.0,"B1 logic. V: 0.961, SOC: 100.0%",1
2026-01-01T16:51:50Z,GRID_PASS,100.0,0.0,"B1 logic. V: 0.961, SOC: 100.0%",1
2026-01-01T16:51:55Z,GRID_PASS,100.0,0.0,"B1 logic. V: 0.961, SOC: 100.0%",1
2026-01-01T16:52:00Z,GRID_PASS,100.0,0.0,"B1 logic. V: 0.961, SOC: 100.0%",1
2026-01-01T16:52:05Z,GRID_PASS,100.0,0.0,"B1 logic. V: 0.961, SOC: 100.0%",1
2026-01-01T16:52:10Z,GRID_PASS,100.0,0.0,"B1 logic. V: 0.961, SOC: 100.0%",1
2026-01-01T16:52:15Z,GRID_PASS,100.0,0.0,"B1 logic. V: 0.961, SOC: 100.0%",1
2026-01-01T16:52:20Z,GRID_PASS,100.0,0.0,"B1 logic. V: 0.961, SOC: 100.0%",1
2026-01-01T16:52:25Z,GRID_PASS,100.0,0.0,"B1 logic. V: 0.961, SOC: 100.0%",1
2026-01-01T16:52:30Z,GRID_PASS,100.0,0.0,"B1 logic. V: 0.961, SOC: 100.0%",1
2026-01-01T16:52:35Z,GRID_PASS,100.0,0.0,"B1 logic. V: 0.961, SOC: 100.0%",1
2026-01-01T16:52:40Z,GRID_PASS,100.0,0.0,"B1 logic. V: 0.961, SOC: 100.0%",1
2026-01-01T16:52:45Z,GRID_PASS,100.0,0.0,"B1 logic. V: 0.961, SOC: 100.0%",1
2026-01-01T16:52:50Z,GRID_PASS,100.0,0.0,"B1 logic. V: 0.961, SOC: 100.0%",1
2026-01-01T16:52:55Z,GRID_PASS,100.0,0.0,"B1 logic. V: 0.961, SOC: 100.0%",1
2026-01-01T16:53:00Z,GRID_PASS,100.0,0.0,"B1 logic. V: 0.961, SOC: 100.0%",1
2026-01-01T16:53:05Z,GRID_PASS,100.0,0.0,"B1 logic. V: 0.961, SOC: 100.0%",1
2026-01-01T16:53:10Z,GRID_PASS,100.0,0.0,"B1 logic. V: 0.961, SOC: 100.0%",1
2026-01-01T16:53:15Z,GRID_PASS,100.0,0.0,"B1 logic. V: 0.961, SOC: 100.0%",1
2026-01-01T16:53:20Z,GRID_PASS,100.0,0.0,"B1 logic. V: 0.961, SOC: 100.0%",1
2026-01-01T16:53:25Z,GRID_PASS,100.0,0.0,"B1 logic. V: 0.961, SOC: 100.0%",1
2026-01-01T16:53:30Z,GRID_PASS,100.0,0.0,"B1 logic. V: 0.961, SOC: 100.0%",1
2026-01-01T16:53:35Z,GRID_PASS,100.0,0.0,"B1 logic. V: 0.961, SOC: 100.0%",1
2026-01-01T16:53:40Z,GRID_PASS,100.0,0.0,"B1 logic. V: 0.961, SOC: 100.0%",1
2026-01-01T16:53:45Z,GRID_PASS,100.0,0.0,"B1 logic. V: 0.961, SOC: 100.0%",1
2026-01-01T16:53:50Z,GRID_PASS,100.0,0.0,"B1 logic. V: 0.961, SOC: 100.0%",1
2026-01-01T16:53:55Z,GRID_PASS,100.0,0.0,"B1 logic. V: 0.961, SOC: 100.0%",1
2026-01-01T16:54:00Z,GRID_PASS,100.0,0.0,"B1 logic. V: 0.961, SOC: 100.0%",1
2026-01-01T16:54:05Z,GRID_PASS,100.0,0.0,"B1 logic. V: 0.961, SOC: 100.0%",1
2026-01-01T16:54:10Z,GRID_PASS,100.0,0.0,"B1 logic. V: 0.961, SOC: 100.0%",1
2026-01-01T16:54:15Z,GRID_PASS,100.0,0.0,"B1 logic. V: 0.961, SOC: 100.0%",1
2026-01-01T16:54:20Z,GRID_PASS,100.0,0.0,"B1 logic. V: 0.961, SOC: 100.0%",1
2026-01-01T16:54:25Z,GRID_PASS,100.0,0.0,"B1 logic. V: 0.961, SOC: 100.0%",1
2026-01-01T16:54:30Z,GRID_PASS,100.0,0.0,"B1 logic. V: 0.961, SOC: 100.0%",1
2026-01-01T16:54:35Z,GRID_PASS,100.0,0.0,"B1 logic. V: 0.961, SOC: 100.0%",1
2026-01-01T16:54:40Z,GRID_PASS,100.0,0.0,"B1 logic. V: 0.961, SOC: 100.0%",1
2026-01-01T16:54:45Z,GRID_PASS,100.0,0.0,"B1 logic. V: 0.961, SOC: 100.0%",1
2026-01-01T16:54:50Z,GRID_PASS,100.0,0.0,"B1 logic. V: 0.961, SOC: 100.0%",1
2026-01-01T16:54:55Z,GRID_PASS,100.0,0.0,"B1 logic. V: 0.961, SOC: 100.0%",1
2026-01-01T16:55:00Z,GRID_PASS,100.0,0.0,"B1 logic. V: 0.961, SOC: 100.0%",1
2026-01-01T16:55:05Z,GRID_PASS,100.0,0.0,"B1 logic. V: 0.961, SOC: 100.0%",1
2026-01-01T16:55:10Z,GRID_PASS,100.0,0.0,"B1 logic. V: 0.961, SOC: 100.0%",1
2026-01-01T16:55:15Z,GRID_PASS,100.0,0.0,"B1 logic. V: 0.961, SOC: 100.0%",1
2026-01-01T16:55:20Z,GRID_PASS,100.0,0.0,"B1 logic. V: 0.961, SOC: 100.0%",1
2026-01-01T16:55:25Z,GRID_PASS,100.0,0.0,"B1 logic. V: 0.961, SOC: 100.0%",1
2026-01-01T16:55:30Z,GRID_PASS,100.0,0.0,"B1 logic. V: 0.961, SOC: 100.0%",1
2026-01-01T16:55:35Z,GRID_PASS,100.0,0.0,"B1 logic. V: 0.961, SOC: 100.0%",1
2026-01-01T16:55:40Z,GRID_PASS,100.0,0.0,"B1 logic. V: 0.961, SOC: 100.0%",1
2026-01-01T16:55:45Z,GRID_PASS,100.0,0.0,"B1 logic. V: 0.961, SOC: 100.0%",1
2026-01-01T16:55:50Z,GRID_PASS,100.0,0.0,"B1 logic. V: 0.961, SOC: 100.0%",1
2026-01-01T16:55:55Z,GRID_PASS,100.0,0.0,"B1 logic. V: 0.961, SOC: 100.0%",1
2026-01-01T16:56:00Z,GRID_PASS,100.0,0.0,"B1 logic. V: 0.961, SOC: 100.0%",1
2026-01-01T16:56:05Z,GRID_PASS,100.0,0.0,"B1 logic. V: 0.960, SOC: 100.0%",1
2026-01-01T16:56:10Z,GRID_PASS,100.0,0.0,"B1 logic. V: 0.960, SOC: 100.0%",1
2026-01-01T16:56:15Z,GRID_PASS,100.0,0.0,"B1 logic. V: 0.960, SOC: 100.0%",1
2026-01-01T16:56:20Z,GRID_PASS,100.0,0.0,"B1 logic. V: 0.960, SOC: 100.0%",1
2026-01-01T16:56:25Z,GRID_PASS,100.0,0.0,"B1 logic. V: 0.960, SOC: 100.0%",1
2026-01-01T16:56:30Z,GRID_PASS,100.0,0.0,"B1 logic. V: 0.960, SOC: 100.0%",1
2026-01-01T16:56:35Z,GRID_PASS,100.0,0.0,"B1 logic. V: 0.960, SOC: 100.0%",1
2026-01-01T16:56:40Z,GRID_PASS,100.0,0.0,"B1 logic. V: 0.960, SOC: 100.0%",1
2026-01-01T16:56:45Z,GRID_PASS,100.0,0.0,"B1 logic. V: 0.960, SOC: 100.0%",1
2026-01-01T16:56:50Z,GRID_PASS,100.0,0.0,"B1 logic. V: 0.960, SOC: 100.0%",1
2026-01-01T16:56:55Z,GRID_PASS,100.0,0.0,"B1 logic. V: 0.960, SOC: 100.0%",1
2026-01-01T16:57:00Z,GRID_PASS,100.0,0.0,"B1 logic. V: 0.960, SOC: 100.0%",1
2026-01-01T16:57:05Z,GRID_PASS,100.0,0.0,"B1 logic. V: 0.960, SOC: 100.0%",1
2026-01-01T16:57:10Z,GRID_PASS,100.0,0.0,"B1 logic. V: 0.960, SOC: 100.0%",1
2026-01-01T16:57:15Z,GRID_PASS,100.0,0.0,"B1 logic. V: 0.960, SOC: 100.0%",1
2026-01-01T16:57:20Z,GRID_PASS,100.0,0.0,"B1 logic. V: 0.960, SOC: 100.0%",1
2026-01-01T16:57:25Z,GRID_PASS,100.0,0.0,"B1 logic. V: 0.960, SOC: 100.0%",1
2026-01-01T16:57:30Z,GRID_PASS,100.0,0.0,"B1 logic. V: 0.960, SOC: 100.0%",1
2026-01-01T16:57:35Z,GRID_PASS,100.0,0.0,"B1 logic. V: 0.960, SOC: 100.0%",1
2026-01-01T16:57:40Z,GRID_PASS,100.0,0.0,"B1 logic. V: 0.960, SOC: 100.0%",1
2026-01-01T16:57:45Z,GRID_PASS,100.0,0.0,"B1 logic. V: 0.960, SOC: 100.0%",1
2026-01-01T16:57:50Z,GRID_PASS,100.0,0.0,"B1 logic. V: 0.960, SOC: 100.0%",1
2026-01-01T16:57:55Z,GRID_PASS,100.0,0.0,"B1 logic. V: 0.960, SOC: 100.0%",1
2026-01-01T16:58:00Z,GRID_PASS,100.0,0.0,"B1 logic. V: 0.960, SOC: 100.0%",1
2026-01-01T16:58:05Z,GRID_PASS,100.0,0.0,"B1 logic. V: 0.960, SOC: 100.0%",1
2026-01-01T16:58:10Z,GRID_PASS,100.0,0.0,"B1 logic. V: 0.960, SOC: 100.0%",1
2026-01-01T16:58:15Z,GRID_PASS,100.0,0.0,"B1 logic. V: 0.960, SOC: 100.0%",1
2026-01-01T16:58:20Z,GRID_PASS,100.0,0.0,"B1 logic. V: 0.960, SOC: 100.0%",1
2026-01-01T16:58:25Z,GRID_PASS,100.0,0.0,"B1 logic. V: 0.960, SOC: 100.0%",1
2026-01-01T16:58:30Z,GRID_PASS,100.0,0.0,"B1 logic. V: 0.960, SOC: 100.0%",1
2026-01-01T16:58:35Z,GRID_PASS,100.0,0.0,"B1 logic. V: 0.960, SOC: 100.0%",1
2026-01-01T16:58:40Z,GRID_PASS,100.0,0.0,"B1 logic. V: 0.960, SOC: 100.0%",1
2026-01-01T16:58:45Z,GRID_PASS,100.0,0.0,"B1 logic. V: 0.960, SOC: 100.0%",1
2026-01-01T16:58:50Z,GRID_PASS,100.0,0.0,"B1 logic. V: 0.960, SOC: 100.0%",1
2026-01-01T16:58:55Z,GRID_PASS,100.0,0.0,"B1 logic. V: 0.960, SOC: 100.0%",1
2026-01-01T16:59:00Z,GRID_PASS,100.0,0.0,"B1 logic. V: 0.960, SOC: 100.0%",1
2026-01-01T16:59:05Z,GRID_PASS,100.0,0.0,"B1 logic. V: 0.960, SOC: 100.0%",1
2026-01-01T16:59:10Z,GRID_PASS,100.0,0.0,"B1 logic. V: 0.960, SOC: 100.0%",1
2026-01-01T16:59:15Z,GRID_PASS,100.0,0.0,"B1 logic. V: 0.960, SOC: 100.0%",1
2026-01-01T16:59:20Z,GRID_PASS,100.0,0.0,"B1 logic. V: 0.960, SOC: 100.0%",1
2026-01-01T16:59:25Z,GRID_PASS,100.0,0.0,"B1 logic. V: 0.960, SOC: 100.0%",1
2026-01-01T16:59:30Z,GRID_PASS,100.0,0.0,"B1 logic. V: 0.960, SOC: 100.0%",1
2026-01-01T16:59:35Z,GRID_PASS,100.0,0.0,"B1 logic. V: 0.960, SOC: 100.0%",1
2026-01-01T16:59:40Z,GRID_PASS,100.0,0.0,"B1 logic. V: 0.960, SOC: 100.0%",1
2026-01-01T16:59:45Z,GRID_PASS,100.0,0.0,"B1 logic. V: 0.960, SOC: 100.0%",1
2026-01-01T16:59:50Z,GRID_PASS,100.0,0.0,"B1 logic. V: 0.960, SOC: 100.0%",1
2026-01-01T16:59:55Z,GRID_PASS,100.0,0.0,"B1 logic. V: 0.960, SOC: 100.0%",1
2026-01-01T17:00:00Z,GRID_PASS,100.0,0.0,"B1 logic. V: 0.960, SOC: 100.0%",1
2026-01-01T17:00:05Z,GRID_PASS,100.0,0.0,"B1 logic. V: 0.960, SOC: 100.0%",1
2026-01-01T17:00:10Z,GRID_PASS,100.0,0.0,"B1 logic. V: 0.958, SOC: 100.0%",1
2026-01-01T17:00:15Z,GRID_PASS,100.0,0.0,"B1 logic. V: 0.958, SOC: 100.0%",1
2026-01-01T17:00:20Z,GRID_PASS,100.0,0.0,"B1 logic. V: 0.958, SOC: 100.0%",1
2026-01-01T17:00:25Z,GRID_PASS,100.0,0.0,"B1 logic. V: 0.958, SOC: 100.0%",1
2026-01-01T17:00:30Z,GRID_PASS,100.0,0.0,"B1 logic. V: 0.958, SOC: 100.0%",1
2026-01-01T17:00:35Z,GRID_PASS,100.0,0.0,"B1 logic. V: 0.958, SOC: 100.0%",1
2026-01-01T17:00:40Z,GRID_PASS,100.0,0.0,"B1 logic. V: 0.958, SOC: 100.0%",1
2026-01-01T17:00:45Z,GRID_PASS,100.0,0.0,"B1 logic. V: 0.958, SOC: 100.0%",1
2026-01-01T17:00:50Z,GRID_PASS,100.0,0.0,"B1 logic. V: 0.958, SOC: 100.0%",1
2026-01-01T17:00:55Z,GRID_PASS,100.0,0.0,"B1 logic. V: 0.958, SOC: 100.0%",1
2026-01-01T17:01:00Z,GRID_PASS,100.0,0.0,"B1 logic. V: 0.958, SOC: 100.0%",1
2026-01-01T17:01:05Z,GRID_PASS,100.0,0.0,"B1 logic. V: 0.957, SOC: 100.0%",1
2026-01-01T17:01:10Z,GRID_PASS,100.0,0.0,"B1 logic. V: 0.957, SOC: 100.0%",1
2026-01-01T17:01:15Z,GRID_PASS,100.0,0.0,"B1 logic. V: 0.957, SOC: 100.0%",1
2026-01-01T17:01:20Z,GRID_PASS,100.0,0.0,"B1 logic. V: 0.957, SOC: 100.0%",1
2026-01-01T17:01:25Z,GRID_PASS,100.0,0.0,"B1 logic. V: 0.957, SOC: 100.0%",1
2026-01-01T17:01:30Z,GRID_PASS,100.0,0.0,"B1 logic. V: 0.957, SOC: 100.0%",1
2026-01-01T17:01:35Z,GRID_PASS,100.0,0.0,"B1 logic. V: 0.957, SOC: 100.0%",1
2026-01-01T17:01:40Z,GRID_PASS,100.0,0.0,"B1 logic. V: 0.957, SOC: 100.0%",1
2026-01-01T17:01:45Z,GRID_PASS,100.0,0.0,"B1 logic. V: 0.957, SOC: 100.0%",1
2026-01-01T17:01:50Z,GRID_PASS,100.0,0.0,"B1 logic. V: 0.957, SOC: 100.0%",1
2026-01-01T17:01:55Z,GRID_PASS,100.0,0.0,"B1 logic. V: 0.957, SOC: 100.0%",1
2026-01-01T17:02:00Z,GRID_PASS,100.0,0.0,"B1 logic. V: 0.957, SOC: 100.0%",1
2026-01-01T17:02:05Z,GRID_PASS,100.0,0.0,"B1 logic. V: 0.957, SOC: 100.0%",1
2026-01-01T17:02:10Z,GRID_PASS,100.0,0.0,"B1 logic. V: 0.957, SOC: 100.0%",1
2026-01-01T17:02:15Z,GRID_PASS,100.0,0.0,"B1 logic. V: 0.957, SOC: 100.0%",1
2026-01-01T17:02:20Z,GRID_PASS,100.0,0.0,"B1 logic. V: 0.957, SOC: 100.0%",1
2026-01-01T17:02:25Z,GRID_PASS,100.0,0.0,"B1 logic. V: 0.957, SOC: 100.0%",1
2026-01-01T17:02:30Z,GRID_PASS,100.0,0.0,"B1 logic. V: 0.957, SOC: 100.0%",1
2026-01-01T17:02:35Z,GRID_PASS,100.0,0.0,"B1 logic. V: 0.957, SOC: 100.0%",1
2026-01-01T17:02:40Z,GRID_PASS,100.0,0.0,"B1 logic. V: 0.957, SOC: 100.0%",1
2026-01-01T17:02:45Z,GRID_PASS,100.0,0.0,"B1 logic. V: 0.957, SOC: 100.0%",1
2026-01-01T17:02:50Z,GRID_PASS,100.0,0.0,"B1 logic. V: 0.957, SOC: 100.0%",1
2026-01-01T17:02:55Z,GRID_PASS,100.0,0.0,"B1 logic. V: 0.957, SOC: 100.0%",1
2026-01-01T17:03:00Z,GRID_PASS,100.0,0.0,"B1 logic. V: 0.957, SOC: 100.0%",1
2026-01-01T17:03:05Z,GRID_PASS,100.0,0.0,"B1 logic. V: 0.957, SOC: 100.0%",1
2026-01-01T17:03:10Z,GRID_PASS,100.0,0.0,"B1 logic. V: 0.957, SOC: 100.0%",1
2026-01-01T17:03:15Z,GRID_PASS,100.0,0.0,"B1 logic. V: 0.957, SOC: 100.0%",1
2026-01-01T17:03:20Z,GRID_PASS,100.0,0.0,"B1 logic. V: 0.957, SOC: 100.0%",1
2026-01-01T17:03:25Z,GRID_PASS,100.0,0.0,"B1 logic. V: 0.957, SOC: 100.0%",1
2026-01-01T17:03:30Z,GRID_PASS,100.0,0.0,"B1 logic. V: 0.957, SOC: 100.0%",1
2026-01-01T17:03:35Z,GRID_PASS,100.0,0.0,"B1 logic. V: 0.957, SOC: 100.0%",1
2026-01-01T17:03:40Z,GRID_PASS,100.0,0.0,"B1 logic. V: 0.957, SOC: 100.0%",1
2026-01-01T17:03:45Z,GRID_PASS,100.0,0.0,"B1 logic. V: 0.957, SOC: 100.0%",1
2026-01-01T17:03:50Z,GRID_PASS,100.0,0.0,"B1 logic. V: 0.957, SOC: 100.0%",1
2026-01-01T17:03:55Z,GRID_PASS,100.0,0.0,"B1 logic. V: 0.957, SOC: 100.0%",1
2026-01-01T17:04:00Z,GRID_PASS,100.0,0.0,"B1 logic. V: 0.957, SOC: 100.0%",1
2026-01-01T17:04:05Z,GRID_PASS,100.0,0.0,"B1 logic. V: 0.957, SOC: 100.0%",1
2026-01-01T17:04:10Z,GRID_PASS,100.0,0.0,"B1 logic. V: 0.957, SOC: 100.0%",1
2026-01-01T17:04:15Z,GRID_PASS,100.0,0.0,"B1 logic. V: 0.957, SOC: 100.0%",1
2026-01-01T17:04:20Z,GRID_PASS,100.0,0.0,"B1 logic. V: 0.957, SOC: 100.0%",1
2026-01-01T17:04:25Z,GRID_PASS,100.0,0.0,"B1 logic. V: 0.957, SOC: 100.0%",1
2026-01-01T17:04:30Z,GRID_PASS,100.0,0.0,"B1 logic. V: 0.957, SOC: 100.0%",1
2026-01-01T17:04:35Z,GRID_PASS,100.0,0.0,"B1 logic. V: 0.957, SOC: 100.0%",1
2026-01-01T17:04:40Z,GRID_PASS,100.0,0.0,"B1 logic. V: 0.957, SOC: 100.0%",1
2026-01-01T17:04:45Z,GRID_PASS,100.0,0.0,"B1 logic. V: 0.957, SOC: 100.0%",1
2026-01-01T17:04:50Z,GRID_PASS,100.0,0.0,"B1 logic. V: 0.957, SOC: 100.0%",1
2026-01-01T17:04:55Z,GRID_PASS,100.0,0.0,"B1 logic. V: 0.957, SOC: 100.0%",1
2026-01-01T17:05:00Z,GRID_PASS,100.0,0.0,"B1 logic. V: 0.957, SOC: 100.0%",1
2026-01-01T17:05:05Z,GRID_PASS,100.0,0.0,"B1 logic. V: 0.957, SOC: 100.0%",1
2026-01-01T17:05:10Z,GRID_PASS,100.0,0.0,"B1 logic. V: 0.957, SOC: 100.0%",1
2026-01-01T17:05:15Z,GRID_PASS,100.0,0.0,"B1 logic. V: 0.957, SOC: 100.0%",1
2026-01-01T17:05:20Z,GRID_PASS,100.0,0.0,"B1 logic. V: 0.957, SOC: 100.0%",1
2026-01-01T17:05:25Z,GRID_PASS,100.0,0.0,"B1 logic. V: 0.957, SOC: 100.0%",1
2026-01-01T17:05:30Z,GRID_PASS,100.0,0.0,"B1 logic. V: 0.957, SOC: 100.0%",1
2026-01-01T17:05:35Z,GRID_PASS,100.0,0.0,"B1 logic. V: 0.957, SOC: 100.0%",1
2026-01-01T17:05:40Z,GRID_PASS,100.0,0.0,"B1 logic. V: 0.957, SOC: 100.0%",1
2026-01-01T17:05:45Z,GRID_PASS,100.0,0.0,"B1 logic. V: 0.957, SOC: 100.0%",1
2026-01-01T17:05:50Z,GRID_PASS,100.0,0.0,"B1 logic. V: 0.957, SOC: 100.0%",1
2026-01-01T17:05:55Z,GRID_PASS,100.0,0.0,"B1 logic. V: 0.957, SOC: 100.0%",1
2026-01-01T17:06:00Z,GRID_PASS,100.0,0.0,"B1 logic. V: 0.957, SOC: 100.0%",1
2026-01-01T17:06:05Z,GRID_PASS,100.0,0.0,"B1 logic. V: 0.956, SOC: 100.0%",1
2026-01-01T17:06:10Z,GRID_PASS,100.0,0.0,"B1 logic. V: 0.956, SOC: 100.0%",1
2026-01-01T17:06:15Z,GRID_PASS,100.0,0.0,"B1 logic. V: 0.956, SOC: 100.0%",1
2026-01-01T17:06:20Z,GRID_PASS,100.0,0.0,"B1 logic. V: 0.956, SOC: 100.0%",1
2026-01-01T17:06:25Z,GRID_PASS,100.0,0.0,"B1 logic. V: 0.956, SOC: 100.0%",1
2026-01-01T17:06:30Z,GRID_PASS,100.0,0.0,"B1 logic. V: 0.956, SOC: 100.0%",1
2026-01-01T17:06:35Z,GRID_PASS,100.0,0.0,"B1 logic. V: 0.956, SOC: 100.0%",1
2026-01-01T17:06:40Z,GRID_PASS,100.0,0.0,"B1 logic. V: 0.956, SOC: 100.0%",1
2026-01-01T17:06:45Z,GRID_PASS,100.0,0.0,"B1 logic. V: 0.956, SOC: 100.0%",1
2026-01-01T17:06:50Z,GRID_PASS,100.0,0.0,"B1 logic. V: 0.956, SOC: 100.0%",1
2026-01-01T17:06:55Z,GRID_PASS,100.0,0.0,"B1 logic. V: 0.956, SOC: 100.0%",1
2026-01-01T17:07:00Z,GRID_PASS,100.0,0.0,"B1 logic. V: 0.956, SOC: 100.0%",1
2026-01-01T17:07:05Z,GRID_PASS,100.0,0.0,"B1 logic. V: 0.956, SOC: 100.0%",1
2026-01-01T17:07:10Z,GRID_PASS,100.0,0.0,"B1 logic. V: 0.956, SOC: 100.0%",1
2026-01-01T17:07:15Z,GRID_PASS,100.0,0.0,"B1 logic. V: 0.956, SOC: 100.0%",1
2026-01-01T17:07:20Z,GRID_PASS,100.0,0.0,"B1 logic. V: 0.956, SOC: 100.0%",1
2026-01-01T17:07:25Z,GRID_PASS,100.0,0.0,"B1 logic. V: 0.956, SOC: 100.0%",1
2026-01-01T17:07:30Z,GRID_PASS,100.0,0.0,"B1 logic. V: 0.956, SOC: 100.0%",1
2026-01-01T17:07:35Z,GRID_PASS,100.0,0.0,"B1 logic. V: 0.956, SOC: 100.0%",1
2026-01-01T17:07:40Z,GRID_PASS,100.0,0.0,"B1 logic. V: 0.956, SOC: 100.0%",1
2026-01-01T17:07:45Z,GRID_PASS,100.0,0.0,"B1 logic. V: 0.956, SOC: 100.0%",1
2026-01-01T17:07:50Z,GRID_PASS,100.0,0.0,"B1 logic. V: 0.956, SOC: 100.0%",1
2026-01-01T17:07:55Z,GRID_PASS,100.0,0.0,"B1 logic. V: 0.956, SOC: 100.0%",1
2026-01-01T17:08:00Z,GRID_PASS,100.0,0.0,"B1 logic. V: 0.956, SOC: 100.0%",1
2026-01-01T17:08:05Z,GRID_PASS,100.0,0.0,"B1 logic. V: 0.956, SOC: 100.0%",1
2026-01-01T17:08:10Z,GRID_PASS,100.0,0.0,"B1 logic. V: 0.956, SOC: 100.0%",1
2026-01-01T17:08:15Z,GRID_PASS,100.0,0.0,"B1 logic. V: 0.956, SOC: 100.0%",1
2026-01-01T17:08:20Z,GRID_PASS,100.0,0.0,"B1 logic. V: 0.956, SOC: 100.0%",1
2026-01-01T17:08:25Z,GRID_PASS,100.0,0.0,"B1 logic. V: 0.956, SOC: 100.0%",1
2026-01-01T17:08:30Z,GRID_PASS,100.0,0.0,"B1 logic. V: 0.956, SOC: 100.0%",1
2026-01-01T17:08:35Z,GRID_PASS,100.0,0.0,"B1 logic. V: 0.956, SOC: 100.0%",1
2026-01-01T17:08:40Z,GRID_PASS,100.0,0.0,"B1 logic. V: 0.956, SOC: 100.0%",1
2026-01-01T17:08:45Z,GRID_PASS,100.0,0.0,"B1 logic. V: 0.956, SOC: 100.0%",1
2026-01-01T17:08:50Z,GRID_PASS,100.0,0.0,"B1 logic. V: 0.956, SOC: 100.0%",1
2026-01-01T17:08:55Z,GRID_PASS,100.0,0.0,"B1 logic. V: 0.956, SOC: 100.0%",1
2026-01-01T17:09:00Z,GRID_PASS,100.0,0.0,"B1 logic. V: 0.956, SOC: 100.0%",1
2026-01-01T17:09:05Z,GRID_PASS,100.0,0.0,"B1 logic. V: 0.956, SOC: 100.0%",1
2026-01-01T17:09:10Z,GRID_PASS,100.0,0.0,"B1 logic. V: 0.956, SOC: 100.0%",1
2026-01-01T17:09:15Z,GRID_PASS,100.0,0.0,"B1 logic. V: 0.956, SOC: 100.0%",1
2026-01-01T17:09:20Z,GRID_PASS,100.0,0.0,"B1 logic. V: 0.956, SOC: 100.0%",1
2026-01-01T17:09:25Z,GRID_PASS,100.0,0.0,"B1 logic. V: 0.956, SOC: 100.0%",1
2026-01-01T17:09:30Z,GRID_PASS,100.0,0.0,"B1 logic. V: 0.956, SOC: 100.0%",1
2026-01-01T17:09:35Z,GRID_PASS,100.0,0.0,"B1 logic. V: 0.956, SOC: 100.0%",1
2026-01-01T17:09:40Z,GRID_PASS,100.0,0.0,"B1 logic. V: 0.956, SOC: 100.0%",1
2026-01-01T17:09:45Z,GRID_PASS,100.0,0.0,"B1 logic. V: 0.956, SOC: 100.0%",1
2026-01-01T17:09:50Z,GRID_PASS,100.0,0.0,"B1 logic. V: 0.956, SOC: 100.0%",1
2026-01-01T17:09:55Z,GRID_PASS,100.0,0.0,"B1 logic. V: 0.956, SOC: 100.0%",1
2026-01-01T17:10:00Z,GRID_PASS,100.0,0.0,"B1 logic. V: 0.956, SOC: 100.0%",1
2026-01-01T17:10:05Z,GRID_PASS,100.0,0.0,"B1 logic. V: 0.956, SOC: 100.0%",1
2026-01-01T17:10:10Z,GRID_PASS,100.0,0.0,"B1 logic. V: 0.956, SOC: 100.0%",1
2026-01-01T17:10:15Z,GRID_PASS,100.0,0.0,"B1 logic. V: 0.956, SOC: 100.0%",1
2026-01-01T17:10:20Z,GRID_PASS,100.0,0.0,"B1 logic. V: 0.956, SOC: 100.0%",1
2026-01-01T17:10:25Z,GRID_PASS,100.0,0.0,"B1 logic. V: 0.956, SOC: 100.0%",1
2026-01-01T17:10:30Z,GRID_PASS,100.0,0.0,"B1 logic. V: 0.956, SOC: 100.0%",1
2026-01-01T17:10:35Z,GRID_PASS,100.0,0.0,"B1 logic. V: 0.956, SOC: 100.0%",1
2026-01-01T17:10:40Z,GRID_PASS,100.0,0.0,"B1 logic. V: 0.956, SOC: 100.0%",1
2026-01-01T17:10:45Z,GRID_PASS,100.0,0.0,"B1 logic. V: 0.956, SOC: 100.0%",1
2026-01-01T17:10:50Z,GRID_PASS,100.0,0.0,"B1 logic. V: 0.956, SOC: 100.0%",1
2026-01-01T17:10:55Z,GRID_PASS,100.0,0.0,"B1 logic. V: 0.956, SOC: 100.0%",1
2026-01-01T17:11:00Z,GRID_PASS,100.0,0.0,"B1 logic. V: 0.956, SOC: 100.0%",1
2026-01-01T17:11:05Z,GRID_PASS,100.0,0.0,"B1 logic. V: 0.955, SOC: 100.0%",1
2026-01-01T17:11:10Z,GRID_PASS,100.0,0.0,"B1 logic. V: 0.955, SOC: 100.0%",1
2026-01-01T17:11:15Z,GRID_PASS,100.0,0.0,"B1 logic. V: 0.955, SOC: 100.0%",1
2026-01-01T17:11:20Z,GRID_PASS,100.0,0.0,"B1 logic. V: 0.955, SOC: 100.0%",1
2026-01-01T17:11:25Z,GRID_PASS,100.0,0.0,"B1 logic. V: 0.955, SOC: 100.0%",1
2026-01-01T17:11:30Z,GRID_PASS,100.0,0.0,"B1 logic. V: 0.955, SOC: 100.0%",1
2026-01-01T17:11:35Z,GRID_PASS,100.0,0.0,"B1 logic. V: 0.955, SOC: 100.0%",1
2026-01-01T17:11:40Z,GRID_PASS,100.0,0.0,"B1 logic. V: 0.955, SOC: 100.0%",1
2026-01-01T17:11:45Z,GRID_PASS,100.0,0.0,"B1 logic. V: 0.955, SOC: 100.0%",1
2026-01-01T17:11:50Z,GRID_PASS,100.0,0.0,"B1 logic. V: 0.955, SOC: 100.0%",1
2026-01-01T17:11:55Z,GRID_PASS,100.0,0.0,"B1 logic. V: 0.955, SOC: 100.0%",1
2026-01-01T17:12:00Z,GRID_PASS,100.0,0.0,"B1 logic. V: 0.955, SOC: 100.0%",1
2026-01-01T17:12:05Z,GRID_PASS,100.0,0.0,"B1 logic. V: 0.955, SOC: 100.0%",1
2026-01-01T17:12:10Z,GRID_PASS,100.0,0.0,"B1 logic. V: 0.955, SOC: 100.0%",1
2026-01-01T17:12:15Z,GRID_PASS,100.0,0.0,"B1 logic. V: 0.955, SOC: 100.0%",1
2026-01-01T17:12:20Z,GRID_PASS,100.0,0.0,"B1 logic. V: 0.955, SOC: 100.0%",1
2026-01-01T17:12:25Z,GRID_PASS,100.0,0.0,"B1 logic. V: 0.955, SOC: 100.0%",1
2026-01-01T17:12:30Z,GRID_PASS,100.0,0.0,"B1 logic. V: 0.955, SOC: 100.0%",1
2026-01-01T17:12:35Z,GRID_PASS,100.0,0.0,"B1 logic. V: 0.955, SOC: 100.0%",1
2026-01-01T17:12:40Z,GRID_PASS,100.0,0.0,"B1 logic. V: 0.955, SOC: 100.0%",1
2026-01-01T17:12:45Z,GRID_PASS,100.0,0.0,"B1 logic. V: 0.955, SOC: 100.0%",1
2026-01-01T17:12:50Z,GRID_PASS,100.0,0.0,"B1 logic. V: 0.955, SOC: 100.0%",1
2026-01-01T17:12:55Z,GRID_PASS,100.0,0.0,"B1 logic. V: 0.955, SOC: 100.0%",1
2026-01-01T17:13:00Z,GRID_PASS,100.0,0.0,"B1 logic. V: 0.955, SOC: 100.0%",1
2026-01-01T17:13:05Z,GRID_PASS,100.0,0.0,"B1 logic. V: 0.955, SOC: 100.0%",1
2026-01-01T17:13:10Z,GRID_PASS,100.0,0.0,"B1 logic. V: 0.955, SOC: 100.0%",1
2026-01-01T17:13:15Z,GRID_PASS,100.0,0.0,"B1 logic. V: 0.955, SOC: 100.0%",1
2026-01-01T17:13:20Z,GRID_PASS,100.0,0.0,"B1 logic. V: 0.955, SOC: 100.0%",1
2026-01-01T17:13:25Z,GRID_PASS,100.0,0.0,"B1 logic. V: 0.955, SOC: 100.0%",1
2026-01-01T17:13:30Z,GRID_PASS,100.0,0.0,"B1 logic. V: 0.955, SOC: 100.0%",1
2026-01-01T17:13:35Z,GRID_PASS,100.0,0.0,"B1 logic. V: 0.955, SOC: 100.0%",1
2026-01-01T17:13:40Z,GRID_PASS,100.0,0.0,"B1 logic. V: 0.955, SOC: 100.0%",1
2026-01-01T17:13:45Z,GRID_PASS,100.0,0.0,"B1 logic. V: 0.955, SOC: 100.0%",1
2026-01-01T17:13:50Z,GRID_PASS,100.0,0.0,"B1 logic. V: 0.955, SOC: 100.0%",1
2026-01-01T17:13:55Z,GRID_PASS,100.0,0.0,"B1 logic. V: 0.955, SOC: 100.0%",1
2026-01-01T17:14:00Z,GRID_PASS,100.0,0.0,"B1 logic. V: 0.955, SOC: 100.0%",1
2026-01-01T17:14:05Z,GRID_PASS,100.0,0.0,"B1 logic. V: 0.955, SOC: 100.0%",1
2026-01-01T17:14:10Z,GRID_PASS,100.0,0.0,"B1 logic. V: 0.955, SOC: 100.0%",1
2026-01-01T17:14:15Z,GRID_PASS,100.0,0.0,"B1 logic. V: 0.955, SOC: 100.0%",1
2026-01-01T17:14:20Z,GRID_PASS,100.0,0.0,"B1 logic. V: 0.955, SOC: 100.0%",1
2026-01-01T17:14:25Z,GRID_PASS,100.0,0.0,"B1 logic. V: 0.955, SOC: 100.0%",1
2026-01-01T17:14:30Z,GRID_PASS,100.0,0.0,"B1 logic. V: 0.955, SOC: 100.0%",1
2026-01-01T17:14:35Z,GRID_PASS,100.0,0.0,"B1 logic. V: 0.955, SOC: 100.0%",1
2026-01-01T17:14:40Z,GRID_PASS,100.0,0.0,"B1 logic. V: 0.955, SOC: 100.0%",1
2026-01-01T17:14:45Z,GRID_PASS,100.0,0.0,"B1 logic. V: 0.955, SOC: 100.0%",1
2026-01-01T17:14:50Z,GRID_PASS,100.0,0.0,"B1 logic. V: 0.955, SOC: 100.0%",1
2026-01-01T17:14:55Z,GRID_PASS,100.0,0.0,"B1 logic. V: 0.955, SOC: 100.0%",1
2026-01-01T17:15:00Z,GRID_PASS,100.0,0.0,"B1 logic. V: 0.955, SOC: 100.0%",1
2026-01-01T17:15:05Z,GRID_PASS,100.0,0.0,"B1 logic. V: 0.954, SOC: 100.0%",1
2026-01-01T17:15:10Z,GRID_PASS,100.0,0.0,"B1 logic. V: 0.954, SOC: 100.0%",1
2026-01-01T17:15:15Z,GRID_PASS,100.0,0.0,"B1 logic. V: 0.954, SOC: 100.0%",1
2026-01-01T17:15:20Z,GRID_PASS,100.0,0.0,"B1 logic. V: 0.954, SOC: 100.0%",1
2026-01-01T17:15:25Z,GRID_PASS,100.0,0.0,"B1 logic. V: 0.954, SOC: 100.0%",1
2026-01-01T17:15:30Z,GRID_PASS,100.0,0.0,"B1 logic. V: 0.954, SOC: 100.0%",1
2026-01-01T17:15:35Z,GRID_PASS,100.0,0.0,"B1 logic. V: 0.954, SOC: 100.0%",1
2026-01-01T17:15:40Z,GRID_PASS,100.0,0.0,"B1 logic. V: 0.954, SOC: 100.0%",1
2026-01-01T17:15:45Z,GRID_PASS,100.0,0.0,"B1 logic. V: 0.954, SOC: 100.0%",1
2026-01-01T17:15:50Z,GRID_PASS,100.0,0.0,"B1 logic. V: 0.954, SOC: 100.0%",1
2026-01-01T17:15:55Z,GRID_PASS,100.0,0.0,"B1 logic. V: 0.954, SOC: 100.0%",1
2026-01-01T17:16:00Z,GRID_PASS,100.0,0.0,"B1 logic. V: 0.954, SOC: 100.0%",1
2026-01-01T17:16:05Z,GRID_PASS,100.0,0.0,"B1 logic. V: 0.954, SOC: 100.0%",1
2026-01-01T17:16:10Z,GRID_PASS,100.0,0.0,"B1 logic. V: 0.954, SOC: 100.0%",1
2026-01-01T17:16:15Z,GRID_PASS,100.0,0.0,"B1 logic. V: 0.954, SOC: 100.0%",1
2026-01-01T17:16:20Z,GRID_PASS,100.0,0.0,"B1 logic. V: 0.954, SOC: 100.0%",1
2026-01-01T17:16:25Z,GRID_PASS,100.0,0.0,"B1 logic. V: 0.954, SOC: 100.0%",1
2026-01-01T17:16:30Z,GRID_PASS,100.0,0.0,"B1 logic. V: 0.954, SOC: 100.0%",1
2026-01-01T17:16:35Z,GRID_PASS,100.0,0.0,"B1 logic. V: 0.954, SOC: 100.0%",1
2026-01-01T17:16:40Z,GRID_PASS,100.0,0.0,"B1 logic. V: 0.954, SOC: 100.0%",1
2026-01-01T17:16:45Z,GRID_PASS,100.0,0.0,"B1 logic. V: 0.954, SOC: 100.0%",1
2026-01-01T17:16:50Z,GRID_PASS,100.0,0.0,"B1 logic. V: 0.954, SOC: 100.0%",1
2026-01-01T17:16:55Z,GRID_PASS,100.0,0.0,"B1 logic. V: 0.954, SOC: 100.0%",1
2026-01-01T17:17:00Z,GRID_PASS,100.0,0.0,"B1 logic. V: 0.954, SOC: 100.0%",1
2026-01-01T17:17:05Z,GRID_PASS,100.0,0.0,"B1 logic. V: 0.954, SOC: 100.0%",1
2026-01-01T17:17:10Z,GRID_PASS,100.0,0.0,"B1 logic. V: 0.954, SOC: 100.0%",1
2026-01-01T17:17:15Z,GRID_PASS,100.0,0.0,"B1 logic. V: 0.954, SOC: 100.0%",1
2026-01-01T17:17:20Z,GRID_PASS,100.0,0.0,"B1 logic. V: 0.954, SOC: 100.0%",1
2026-01-01T17:17:25Z,GRID_PASS,100.0,0.0,"B1 logic. V: 0.954, SOC: 100.0%",1
2026-01-01T17:17:30Z,GRID_PASS,100.0,0.0,"B1 logic. V: 0.954, SOC: 100.0%",1
2026-01-01T17:17:35Z,GRID_PASS,100.0,0.0,"B1 logic. V: 0.954, SOC: 100.0%",1
2026-01-01T17:17:40Z,GRID_PASS,100.0,0.0,"B1 logic. V: 0.954, SOC: 100.0%",1
2026-01-01T17:17:45Z,GRID_PASS,100.0,0.0,"B1 logic. V: 0.954, SOC: 100.0%",1
2026-01-01T17:17:50Z,GRID_PASS,100.0,0.0,"B1 logic. V: 0.954, SOC: 100.0%",1
2026-01-01T17:17:55Z,GRID_PASS,100.0,0.0,"B1 logic. V: 0.954, SOC: 100.0%",1
2026-01-01T17:18:00Z,GRID_PASS,100.0,0.0,"B1 logic. V: 0.954, SOC: 100.0%",1
2026-01-01T17:18:05Z,GRID_PASS,100.0,0.0,"B1 logic. V: 0.954, SOC: 100.0%",1
2026-01-01T17:18:10Z,GRID_PASS,100.0,0.0,"B1 logic. V: 0.954, SOC: 100.0%",1
2026-01-01T17:18:15Z,GRID_PASS,100.0,0.0,"B1 logic. V: 0.954, SOC: 100.0%",1
2026-01-01T17:18:20Z,GRID_PASS,100.0,0.0,"B1 logic. V: 0.954, SOC: 100.0%",1
2026-01-01T17:18:25Z,GRID_PASS,100.0,0.0,"B1 logic. V: 0.954, SOC: 100.0%",1
2026-01-01T17:18:30Z,GRID_PASS,100.0,0.0,"B1 logic. V: 0.954, SOC: 100.0%",1
2026-01-01T17:18:35Z,GRID_PASS,100.0,0.0,"B1 logic. V: 0.954, SOC: 100.0%",1
2026-01-01T17:18:40Z,GRID_PASS,100.0,0.0,"B1 logic. V: 0.954, SOC: 100.0%",1
2026-01-01T17:18:45Z,GRID_PASS,100.0,0.0,"B1 logic. V: 0.954, SOC: 100.0%",1
2026-01-01T17:18:50Z,GRID_PASS,100.0,0.0,"B1 logic. V: 0.954, SOC: 100.0%",1
2026-01-01T17:18:55Z,GRID_PASS,100.0,0.0,"B1 logic. V: 0.954, SOC: 100.0%",1
2026-01-01T17:19:00Z,GRID_PASS,100.0,0.0,"B1 logic. V: 0.954, SOC: 100.0%",1
2026-01-01T17:19:05Z,GRID_PASS,100.0,0.0,"B1 logic. V: 0.953, SOC: 100.0%",1
2026-01-01T17:19:10Z,GRID_PASS,100.0,0.0,"B1 logic. V: 0.953, SOC: 100.0%",1
2026-01-01T17:19:15Z,GRID_PASS,100.0,0.0,"B1 logic. V: 0.953, SOC: 100.0%",1
2026-01-01T17:19:20Z,GRID_PASS,100.0,0.0,"B1 logic. V: 0.953, SOC: 100.0%",1
2026-01-01T17:19:25Z,GRID_PASS,100.0,0.0,"B1 logic. V: 0.953, SOC: 100.0%",1
2026-01-01T17:19:30Z,GRID_PASS,100.0,0.0,"B1 logic. V: 0.953, SOC: 100.0%",1
2026-01-01T17:19:35Z,GRID_PASS,100.0,0.0,"B1 logic. V: 0.953, SOC: 100.0%",1
2026-01-01T17:19:40Z,GRID_PASS,100.0,0.0,"B1 logic. V: 0.953, SOC: 100.0%",1
2026-01-01T17:19:45Z,GRID_PASS,100.0,0.0,"B1 logic. V: 0.953, SOC: 100.0%",1
2026-01-01T17:19:50Z,GRID_PASS,100.0,0.0,"B1 logic. V: 0.953, SOC: 100.0%",1
2026-01-01T17:19:55Z,GRID_PASS,100.0,0.0,"B1 logic. V: 0.953, SOC: 100.0%",1
2026-01-01T17:20:00Z,GRID_PASS,100.0,0.0,"B1 logic. V: 0.953, SOC: 100.0%",1
2026-01-01T17:20:05Z,GRID_PASS,100.0,0.0,"B1 logic. V: 0.953, SOC: 100.0%",1
2026-01-01T17:20:10Z,GRID_PASS,100.0,0.0,"B1 logic. V: 0.953, SOC: 100.0%",1
2026-01-01T17:20:15Z,GRID_PASS,100.0,0.0,"B1 logic. V: 0.953, SOC: 100.0%",1
2026-01-01T17:20:20Z,GRID_PASS,100.0,0.0,"B1 logic. V: 0.953, SOC: 100.0%",1
2026-01-01T17:20:25Z,GRID_PASS,100.0,0.0,"B1 logic. V: 0.953, SOC: 100.0%",1
2026-01-01T17:20:30Z,GRID_PASS,100.0,0.0,"B1 logic. V: 0.953, SOC: 100.0%",1
2026-01-01T17:20:35Z,GRID_PASS,100.0,0.0,"B1 logic. V: 0.953, SOC: 100.0%",1
2026-01-01T17:20:40Z,GRID_PASS,100.0,0.0,"B1 logic. V: 0.953, SOC: 100.0%",1
2026-01-01T17:20:45Z,GRID_PASS,100.0,0.0,"B1 logic. V: 0.953, SOC: 100.0%",1
2026-01-01T17:20:50Z,GRID_PASS,100.0,0.0,"B1 logic. V: 0.953, SOC: 100.0%",1
2026-01-01T17:20:55Z,GRID_PASS,100.0,0.0,"B1 logic. V: 0.953, SOC: 100.0%",1
2026-01-01T17:21:00Z,GRID_PASS,100.0,0.0,"B1 logic. V: 0.953, SOC: 100.0%",1
2026-01-01T17:21:05Z,GRID_PASS,100.0,0.0,"B1 logic. V: 0.953, SOC: 100.0%",1
2026-01-01T17:21:10Z,GRID_PASS,100.0,0.0,"B1 logic. V: 0.953, SOC: 100.0%",1
2026-01-01T17:21:15Z,GRID_PASS,100.0,0.0,"B1 logic. V: 0.953, SOC: 100.0%",1
2026-01-01T17:21:20Z,GRID_PASS,100.0,0.0,"B1 logic. V: 0.953, SOC: 100.0%",1
2026-01-01T17:21:25Z,GRID_PASS,100.0,0.0,"B1 logic. V: 0.953, SOC: 100.0%",1
2026-01-01T17:21:30Z,GRID_PASS,100.0,0.0,"B1 logic. V: 0.953, SOC: 100.0%",1
2026-01-01T17:21:35Z,GRID_PASS,100.0,0.0,"B1 logic. V: 0.953, SOC: 100.0%",1
2026-01-01T17:21:40Z,GRID_PASS,100.0,0.0,"B1 logic. V: 0.953, SOC: 100.0%",1
2026-01-01T17:21:45Z,GRID_PASS,100.0,0.0,"B1 logic. V: 0.953, SOC: 100.0%",1
2026-01-01T17:21:50Z,GRID_PASS,100.0,0.0,"B1 logic. V: 0.953, SOC: 100.0%",1
2026-01-01T17:21:55Z,GRID_PASS,100.0,0.0,"B1 logic. V: 0.953, SOC: 100.0%",1
2026-01-01T17:22:00Z,GRID_PASS,100.0,0.0,"B1 logic. V: 0.953, SOC: 100.0%",1
2026-01-01T17:22:05Z,GRID_PASS,100.0,0.0,"B1 logic. V: 0.953, SOC: 100.0%",1
2026-01-01T17:22:10Z,GRID_PASS,100.0,0.0,"B1 logic. V: 0.953, SOC: 100.0%",1
2026-01-01T17:22:15Z,GRID_PASS,100.0,0.0,"B1 logic. V: 0.953, SOC: 100.0%",1
2026-01-01T17:22:20Z,GRID_PASS,100.0,0.0,"B1 logic. V: 0.953, SOC: 100.0%",1
2026-01-01T17:22:25Z,GRID_PASS,100.0,0.0,"B1 logic. V: 0.953, SOC: 100.0%",1
2026-01-01T17:22:30Z,GRID_PASS,100.0,0.0,"B1 logic. V: 0.953, SOC: 100.0%",1
2026-01-01T17:22:35Z,GRID_PASS,100.0,0.0,"B1 logic. V: 0.953, SOC: 100.0%",1
2026-01-01T17:22:40Z,GRID_PASS,100.0,0.0,"B1 logic. V: 0.953, SOC: 100.0%",1
2026-01-01T17:22:45Z,GRID_PASS,100.0,0.0,"B1 logic. V: 0.953, SOC: 100.0%",1
2026-01-01T17:22:50Z,GRID_PASS,100.0,0.0,"B1 logic. V: 0.953, SOC: 100.0%",1
2026-01-01T17:22:55Z,GRID_PASS,100.0,0.0,"B1 logic. V: 0.953, SOC: 100.0%",1
2026-01-01T17:23:00Z,GRID_PASS,100.0,0.0,"B1 logic. V: 0.953, SOC: 100.0%",1
2026-01-01T17:23:05Z,GRID_PASS,100.0,0.0,"B1 logic. V: 0.953, SOC: 100.0%",1
2026-01-01T17:23:10Z,GRID_PASS,100.0,0.0,"B1 logic. V: 0.953, SOC: 100.0%",1
2026-01-01T17:23:15Z,GRID_PASS,100.0,0.0,"B1 logic. V: 0.953, SOC: 100.0%",1
2026-01-01T17:23:20Z,GRID_PASS,100.0,0.0,"B1 logic. V: 0.953, SOC: 100.0%",1
2026-01-01T17:23:25Z,GRID_PASS,100.0,0.0,"B1 logic. V: 0.953, SOC: 100.0%",1
2026-01-01T17:23:30Z,GRID_PASS,100.0,0.0,"B1 logic. V: 0.953, SOC: 100.0%",1
2026-01-01T17:23:35Z,GRID_PASS,100.0,0.0,"B1 logic. V: 0.953, SOC: 100.0%",1
2026-01-01T17:23:40Z,GRID_PASS,100.0,0.0,"B1 logic. V: 0.953, SOC: 100.0%",1
2026-01-01T17:23:45Z,GRID_PASS,100.0,0.0,"B1 logic. V: 0.953, SOC: 100.0%",1
2026-01-01T17:23:50Z,GRID_PASS,100.0,0.0,"B1 logic. V: 0.953, SOC: 100.0%",1
2026-01-01T17:23:55Z,GRID_PASS,100.0,0.0,"B1 logic. V: 0.953, SOC: 100.0%",1
2026-01-01T17:24:00Z,GRID_PASS,100.0,0.0,"B1 logic. V: 0.953, SOC: 100.0%",1
2026-01-01T17:24:05Z,GRID_PASS,100.0,0.0,"B1 logic. V: 0.952, SOC: 100.0%",1
2026-01-01T17:24:10Z,GRID_PASS,100.0,0.0,"B1 logic. V: 0.952, SOC: 100.0%",1
2026-01-01T17:24:15Z,GRID_PASS,100.0,0.0,"B1 logic. V: 0.952, SOC: 100.0%",1
2026-01-01T17:24:20Z,GRID_PASS,100.0,0.0,"B1 logic. V: 0.952, SOC: 100.0%",1
2026-01-01T17:24:25Z,GRID_PASS,100.0,0.0,"B1 logic. V: 0.952, SOC: 100.0%",1
2026-01-01T17:24:30Z,GRID_PASS,100.0,0.0,"B1 logic. V: 0.952, SOC: 100.0%",1
2026-01-01T17:24:35Z,GRID_PASS,100.0,0.0,"B1 logic. V: 0.952, SOC: 100.0%",1
2026-01-01T17:24:40Z,GRID_PASS,100.0,0.0,"B1 logic. V: 0.952, SOC: 100.0%",1
2026-01-01T17:24:45Z,GRID_PASS,100.0,0.0,"B1 logic. V: 0.952, SOC: 100.0%",1
2026-01-01T17:24:50Z,GRID_PASS,100.0,0.0,"B1 logic. V: 0.952, SOC: 100.0%",1
2026-01-01T17:24:55Z,GRID_PASS,100.0,0.0,"B1 logic. V: 0.952, SOC: 100.0%",1
2026-01-01T17:25:00Z,GRID_PASS,100.0,0.0,"B1 logic. V: 0.952, SOC: 100.0%",1
2026-01-01T17:25:05Z,GRID_PASS,100.0,0.0,"B1 logic. V: 0.952, SOC: 100.0%",1
2026-01-01T17:25:10Z,GRID_PASS,100.0,0.0,"B1 logic. V: 0.952, SOC: 100.0%",1
2026-01-01T17:25:15Z,GRID_PASS,100.0,0.0,"B1 logic. V: 0.952, SOC: 100.0%",1
2026-01-01T17:25:20Z,GRID_PASS,100.0,0.0,"B1 logic. V: 0.952, SOC: 100.0%",1
2026-01-01T17:25:25Z,GRID_PASS,100.0,0.0,"B1 logic. V: 0.952, SOC: 100.0%",1
2026-01-01T17:25:30Z,GRID_PASS,100.0,0.0,"B1 logic. V: 0.952, SOC: 100.0%",1
2026-01-01T17:25:35Z,GRID_PASS,100.0,0.0,"B1 logic. V: 0.952, SOC: 100.0%",1
2026-01-01T17:25:40Z,GRID_PASS,100.0,0.0,"B1 logic. V: 0.952, SOC: 100.0%",1
2026-01-01T17:25:45Z,GRID_PASS,100.0,0.0,"B1 logic. V: 0.952, SOC: 100.0%",1
2026-01-01T17:25:50Z,GRID_PASS,100.0,0.0,"B1 logic. V: 0.952, SOC: 100.0%",1
2026-01-01T17:25:55Z,GRID_PASS,100.0,0.0,"B1 logic. V: 0.952, SOC: 100.0%",1
2026-01-01T17:26:00Z,GRID_PASS,100.0,0.0,"B1 logic. V: 0.952, SOC: 100.0%",1
2026-01-01T17:26:05Z,GRID_PASS,100.0,0.0,"B1 logic. V: 0.952, SOC: 100.0%",1
2026-01-01T17:26:10Z,GRID_PASS,100.0,0.0,"B1 logic. V: 0.952, SOC: 100.0%",1
2026-01-01T17:26:15Z,GRID_PASS,100.0,0.0,"B1 logic. V: 0.952, SOC: 100.0%",1
2026-01-01T17:26:20Z,GRID_PASS,100.0,0.0,"B1 logic. V: 0.952, SOC: 100.0%",1
2026-01-01T17:26:25Z,GRID_PASS,100.0,0.0,"B1 logic. V: 0.952, SOC: 100.0%",1
2026-01-01T17:26:30Z,GRID_PASS,100.0,0.0,"B1 logic. V: 0.952, SOC: 100.0%",1
2026-01-01T17:26:35Z,GRID_PASS,100.0,0.0,"B1 logic. V: 0.952, SOC: 100.0%",1
2026-01-01T17:26:40Z,GRID_PASS,100.0,0.0,"B1 logic. V: 0.952, SOC: 100.0%",1
2026-01-01T17:26:45Z,GRID_PASS,100.0,0.0,"B1 logic. V: 0.952, SOC: 100.0%",1
2026-01-01T17:26:50Z,GRID_PASS,100.0,0.0,"B1 logic. V: 0.952, SOC: 100.0%",1
2026-01-01T17:26:55Z,GRID_PASS,100.0,0.0,"B1 logic. V: 0.952, SOC: 100.0%",1
2026-01-01T17:27:00Z,GRID_PASS,100.0,0.0,"B1 logic. V: 0.952, SOC: 100.0%",1
2026-01-01T17:27:05Z,GRID_PASS,100.0,0.0,"B1 logic. V: 0.952, SOC: 100.0%",1
2026-01-01T17:27:10Z,GRID_PASS,100.0,0.0,"B1 logic. V: 0.952, SOC: 100.0%",1
2026-01-01T17:27:15Z,GRID_PASS,100.0,0.0,"B1 logic. V: 0.952, SOC: 100.0%",1
2026-01-01T17:27:20Z,GRID_PASS,100.0,0.0,"B1 logic. V: 0.952, SOC: 100.0%",1
2026-01-01T17:27:25Z,GRID_PASS,100.0,0.0,"B1 logic. V: 0.952, SOC: 100.0%",1
2026-01-01T17:27:30Z,GRID_PASS,100.0,0.0,"B1 logic. V: 0.952, SOC: 100.0%",1
2026-01-01T17:27:35Z,GRID_PASS,100.0,0.0,"B1 logic. V: 0.952, SOC: 100.0%",1
2026-01-01T17:27:40Z,GRID_PASS,100.0,0.0,"B1 logic. V: 0.952, SOC: 100.0%",1
2026-01-01T17:27:45Z,GRID_PASS,100.0,0.0,"B1 logic. V: 0.952, SOC: 100.0%",1
2026-01-01T17:27:50Z,GRID_PASS,100.0,0.0,"B1 logic. V: 0.952, SOC: 100.0%",1
2026-01-01T17:27:55Z,GRID_PASS,100.0,0.0,"B1 logic. V: 0.952, SOC: 100.0%",1
2026-01-01T17:28:00Z,GRID_PASS,100.0,0.0,"B1 logic. V: 0.952, SOC: 100.0%",1
2026-01-01T17:28:05Z,GRID_PASS,100.0,0.0,"B1 logic. V: 0.951, SOC: 100.0%",1
2026-01-01T17:28:10Z,GRID_PASS,100.0,0.0,"B1 logic. V: 0.951, SOC: 100.0%",1
2026-01-01T17:28:15Z,GRID_PASS,100.0,0.0,"B1 logic. V: 0.951, SOC: 100.0%",1
2026-01-01T17:28:20Z,GRID_PASS,100.0,0.0,"B1 logic. V: 0.951, SOC: 100.0%",1
2026-01-01T17:28:25Z,GRID_PASS,100.0,0.0,"B1 logic. V: 0.951, SOC: 100.0%",1
2026-01-01T17:28:30Z,GRID_PASS,100.0,0.0,"B1 logic. V: 0.951, SOC: 100.0%",1
2026-01-01T17:28:35Z,GRID_PASS,100.0,0.0,"B1 logic. V: 0.951, SOC: 100.0%",1
2026-01-01T17:28:40Z,GRID_PASS,100.0,0.0,"B1 logic. V: 0.951, SOC: 100.0%",1
2026-01-01T17:28:45Z,GRID_PASS,100.0,0.0,"B1 logic. V: 0.951, SOC: 100.0%",1
2026-01-01T17:28:50Z,GRID_PASS,100.0,0.0,"B1 logic. V: 0.951, SOC: 100.0%",1
2026-01-01T17:28:55Z,GRID_PASS,100.0,0.0,"B1 logic. V: 0.951, SOC: 100.0%",1
2026-01-01T17:29:00Z,GRID_PASS,100.0,0.0,"B1 logic. V: 0.951, SOC: 100.0%",1
2026-01-01T17:29:05Z,GRID_PASS,100.0,0.0,"B1 logic. V: 0.951, SOC: 100.0%",1
2026-01-01T17:29:10Z,GRID_PASS,100.0,0.0,"B1 logic. V: 0.951, SOC: 100.0%",1
2026-01-01T17:29:15Z,GRID_PASS,100.0,0.0,"B1 logic. V: 0.951, SOC: 100.0%",1
2026-01-01T17:29:20Z,GRID_PASS,100.0,0.0,"B1 logic. V: 0.951, SOC: 100.0%",1
2026-01-01T17:29:25Z,GRID_PASS,100.0,0.0,"B1 logic. V: 0.951, SOC: 100.0%",1
2026-01-01T17:29:30Z,GRID_PASS,100.0,0.0,"B1 logic. V: 0.951, SOC: 100.0%",1
2026-01-01T17:29:35Z,GRID_PASS,100.0,0.0,"B1 logic. V: 0.951, SOC: 100.0%",1
2026-01-01T17:29:40Z,GRID_PASS,100.0,0.0,"B1 logic. V: 0.951, SOC: 100.0%",1
2026-01-01T17:29:45Z,GRID_PASS,100.0,0.0,"B1 logic. V: 0.951, SOC: 100.0%",1
2026-01-01T17:29:50Z,GRID_PASS,100.0,0.0,"B1 logic. V: 0.951, SOC: 100.0%",1
2026-01-01T17:29:55Z,GRID_PASS,100.0,0.0,"B1 logic. V: 0.951, SOC: 100.0%",1
2026-01-01T17:30:00Z,GRID_PASS,100.0,0.0,"B1 logic. V: 0.951, SOC: 100.0%",1
2026-01-01T17:30:05Z,GRID_PASS,100.0,0.0,"B1 logic. V: 0.951, SOC: 100.0%",1
2026-01-01T17:30:10Z,GRID_PASS,100.0,0.0,"B1 logic. V: 0.951, SOC: 100.0%",1
2026-01-01T17:30:15Z,GRID_PASS,100.0,0.0,"B1 logic. V: 0.951, SOC: 100.0%",1
2026-01-01T17:30:20Z,GRID_PASS,100.0,0.0,"B1 logic. V: 0.951, SOC: 100.0%",1
2026-01-01T17:30:25Z,GRID_PASS,100.0,0.0,"B1 logic. V: 0.951, SOC: 100.0%",1
2026-01-01T17:30:30Z,GRID_PASS,100.0,0.0,"B1 logic. V: 0.951, SOC: 100.0%",1
2026-01-01T17:30:35Z,GRID_PASS,100.0,0.0,"B1 logic. V: 0.951, SOC: 100.0%",1
2026-01-01T17:30:40Z,GRID_PASS,100.0,0.0,"B1 logic. V: 0.951, SOC: 100.0%",1
2026-01-01T17:30:45Z,GRID_PASS,100.0,0.0,"B1 logic. V: 0.951, SOC: 100.0%",1
2026-01-01T17:30:50Z,GRID_PASS,100.0,0.0,"B1 logic. V: 0.951, SOC: 100.0%",1
2026-01-01T17:30:55Z,GRID_PASS,100.0,0.0,"B1 logic. V: 0.951, SOC: 100.0%",1
2026-01-01T17:31:00Z,GRID_PASS,100.0,0.0,"B1 logic. V: 0.951, SOC: 100.0%",1
2026-01-01T17:31:05Z,GRID_PASS,100.0,0.0,"B1 logic. V: 0.951, SOC: 100.0%",1
2026-01-01T17:31:10Z,GRID_PASS,100.0,0.0,"B1 logic. V: 0.951, SOC: 100.0%",1
2026-01-01T17:31:15Z,GRID_PASS,100.0,0.0,"B1 logic. V: 0.951, SOC: 100.0%",1
2026-01-01T17:31:20Z,GRID_PASS,100.0,0.0,"B1 logic. V: 0.951, SOC: 100.0%",1
2026-01-01T17:31:25Z,GRID_PASS,100.0,0.0,"B1 logic. V: 0.951, SOC: 100.0%",1
2026-01-01T17:31:30Z,GRID_PASS,100.0,0.0,"B1 logic. V: 0.951, SOC: 100.0%",1
2026-01-01T17:31:35Z,GRID_PASS,100.0,0.0,"B1 logic. V: 0.951, SOC: 100.0%",1
2026-01-01T17:31:40Z,GRID_PASS,100.0,0.0,"B1 logic. V: 0.951, SOC: 100.0%",1
2026-01-01T17:31:45Z,GRID_PASS,100.0,0.0,"B1 logic. V: 0.951, SOC: 100.0%",1
2026-01-01T17:31:50Z,GRID_PASS,100.0,0.0,"B1 logic. V: 0.951, SOC: 100.0%",1
2026-01-01T17:31:55Z,GRID_PASS,100.0,0.0,"B1 logic. V: 0.951, SOC: 100.0%",1
2026-01-01T17:32:00Z,GRID_PASS,100.0,0.0,"B1 logic. V: 0.951, SOC: 100.0%",1
2026-01-01T17:32:05Z,GRID_PASS,100.0,0.0,"B1 logic. V: 0.950, SOC: 100.0%",1
2026-01-01T17:32:10Z,GRID_PASS,100.0,0.0,"B1 logic. V: 0.950, SOC: 100.0%",1
2026-01-01T17:32:15Z,GRID_PASS,100.0,0.0,"B1 logic. V: 0.950, SOC: 100.0%",1
2026-01-01T17:32:20Z,GRID_PASS,100.0,0.0,"B1 logic. V: 0.950, SOC: 100.0%",1
2026-01-01T17:32:25Z,GRID_PASS,100.0,0.0,"B1 logic. V: 0.950, SOC: 100.0%",1
2026-01-01T17:32:30Z,GRID_PASS,100.0,0.0,"B1 logic. V: 0.950, SOC: 100.0%",1
2026-01-01T17:32:35Z,GRID_PASS,100.0,0.0,"B1 logic. V: 0.950, SOC: 100.0%",1
2026-01-01T17:32:40Z,GRID_PASS,100.0,0.0,"B1 logic. V: 0.950, SOC: 100.0%",1
2026-01-01T17:32:45Z,GRID_PASS,100.0,0.0,"B1 logic. V: 0.950, SOC: 100.0%",1
2026-01-01T17:32:50Z,GRID_PASS,100.0,0.0,"B1 logic. V: 0.950, SOC: 100.0%",1
2026-01-01T17:32:55Z,GRID_PASS,100.0,0.0,"B1 logic. V: 0.950, SOC: 100.0%",1
2026-01-01T17:33:00Z,GRID_PASS,100.0,0.0,"B1 logic. V: 0.950, SOC: 100.0%",1
2026-01-01T17:33:05Z,GRID_PASS,100.0,0.0,"B1 logic. V: 0.950, SOC: 100.0%",1
2026-01-01T17:33:10Z,GRID_PASS,100.0,0.0,"B1 logic. V: 0.950, SOC: 100.0%",1
2026-01-01T17:33:15Z,GRID_PASS,100.0,0.0,"B1 logic. V: 0.950, SOC: 100.0%",1
2026-01-01T17:33:20Z,GRID_PASS,100.0,0.0,"B1 logic. V: 0.950, SOC: 100.0%",1
2026-01-01T17:33:25Z,GRID_PASS,100.0,0.0,"B1 logic. V: 0.950, SOC: 100.0%",1
2026-01-01T17:33:30Z,GRID_PASS,100.0,0.0,"B1 logic. V: 0.950, SOC: 100.0%",1
2026-01-01T17:33:35Z,GRID_PASS,100.0,0.0,"B1 logic. V: 0.950, SOC: 100.0%",1
2026-01-01T17:33:40Z,GRID_PASS,100.0,0.0,"B1 logic. V: 0.950, SOC: 100.0%",1
2026-01-01T17:33:45Z,GRID_PASS,100.0,0.0,"B1 logic. V: 0.950, SOC: 100.0%",1
2026-01-01T17:33:50Z,GRID_PASS,100.0,0.0,"B1 logic. V: 0.950, SOC: 100.0%",1
2026-01-01T17:33:55Z,GRID_PASS,100.0,0.0,"B1 logic. V: 0.950, SOC: 100.0%",1
2026-01-01T17:34:00Z,GRID_PASS,100.0,0.0,"B1 logic. V: 0.950, SOC: 100.0%",1
2026-01-01T17:34:05Z,GRID_PASS,100.0,0.0,"B1 logic. V: 0.950, SOC: 100.0%",1
2026-01-01T17:34:10Z,GRID_PASS,100.0,0.0,"B1 logic. V: 0.950, SOC: 100.0%",1
2026-01-01T17:34:15Z,GRID_PASS,100.0,0.0,"B1 logic. V: 0.950, SOC: 100.0%",1
2026-01-01T17:34:20Z,GRID_PASS,100.0,0.0,"B1 logic. V: 0.950, SOC: 100.0%",1
2026-01-01T17:34:25Z,GRID_PASS,100.0,0.0,"B1 logic. V: 0.950, SOC: 100.0%",1
2026-01-01T17:34:30Z,GRID_PASS,100.0,0.0,"B1 logic. V: 0.950, SOC: 100.0%",1
2026-01-01T17:34:35Z,GRID_PASS,100.0,0.0,"B1 logic. V: 0.950, SOC: 100.0%",1
2026-01-01T17:34:40Z,GRID_PASS,100.0,0.0,"B1 logic. V: 0.950, SOC: 100.0%",1
2026-01-01T17:34:45Z,GRID_PASS,100.0,0.0,"B1 logic. V: 0.950, SOC: 100.0%",1
2026-01-01T17:34:50Z,GRID_PASS,100.0,0.0,"B1 logic. V: 0.950, SOC: 100.0%",1
2026-01-01T17:34:55Z,GRID_PASS,100.0,0.0,"B1 logic. V: 0.950, SOC: 100.0%",1
2026-01-01T17:35:00Z,GRID_PASS,100.0,0.0,"B1 logic. V: 0.950, SOC: 100.0%",1
2026-01-01T17:35:05Z,GRID_PASS,100.0,0.0,"B1 logic. V: 0.949, SOC: 100.0%",1
2026-01-01T17:35:10Z,GRID_PASS,100.0,0.0,"B1 logic. V: 0.949, SOC: 100.0%",1
2026-01-01T17:35:15Z,GRID_PASS,100.0,0.0,"B1 logic. V: 0.949, SOC: 100.0%",1
2026-01-01T17:35:20Z,GRID_PASS,100.0,0.0,"B1 logic. V: 0.949, SOC: 100.0%",1
2026-01-01T17:35:25Z,GRID_PASS,100.0,0.0,"B1 logic. V: 0.949, SOC: 100.0%",1
2026-01-01T17:35:30Z,GRID_PASS,100.0,0.0,"B1 logic. V: 0.949, SOC: 100.0%",1
2026-01-01T17:35:35Z,GRID_PASS,100.0,0.0,"B1 logic. V: 0.949, SOC: 100.0%",1
2026-01-01T17:35:40Z,GRID_PASS,100.0,0.0,"B1 logic. V: 0.949, SOC: 100.0%",1
2026-01-01T17:35:45Z,GRID_PASS,100.0,0.0,"B1 logic. V: 0.949, SOC: 100.0%",1
2026-01-01T17:35:50Z,GRID_PASS,100.0,0.0,"B1 logic. V: 0.949, SOC: 100.0%",1
2026-01-01T17:35:55Z,GRID_PASS,100.0,0.0,"B1 logic. V: 0.949, SOC: 100.0%",1
2026-01-01T17:36:00Z,GRID_PASS,100.0,0.0,"B1 logic. V: 0.949, SOC: 100.0%",1
2026-01-01T17:36:05Z,GRID_PASS,100.0,0.0,"B1 logic. V: 0.949, SOC: 100.0%",1
2026-01-01T17:36:10Z,GRID_PASS,100.0,0.0,"B1 logic. V: 0.949, SOC: 100.0%",1
2026-01-01T17:36:15Z,GRID_PASS,100.0,0.0,"B1 logic. V: 0.949, SOC: 100.0%",1
2026-01-01T17:36:20Z,GRID_PASS,100.0,0.0,"B1 logic. V: 0.949, SOC: 100.0%",1
2026-01-01T17:36:25Z,GRID_PASS,100.0,0.0,"B1 logic. V: 0.949, SOC: 100.0%",1
2026-01-01T17:36:30Z,GRID_PASS,100.0,0.0,"B1 logic. V: 0.949, SOC: 100.0%",1
2026-01-01T17:36:35Z,GRID_PASS,100.0,0.0,"B1 logic. V: 0.949, SOC: 100.0%",1
2026-01-01T17:36:40Z,GRID_PASS,100.0,0.0,"B1 logic. V: 0.949, SOC: 100.0%",1
2026-01-01T17:36:45Z,GRID_PASS,100.0,0.0,"B1 logic. V: 0.949, SOC: 100.0%",1
2026-01-01T17:36:50Z,GRID_PASS,100.0,0.0,"B1 logic. V: 0.949, SOC: 100.0%",1
2026-01-01T17:36:55Z,GRID_PASS,100.0,0.0,"B1 logic. V: 0.949, SOC: 100.0%",1
2026-01-01T17:37:00Z,GRID_PASS,100.0,0.0,"B1 logic. V: 0.949, SOC: 100.0%",1
2026-01-01T17:37:05Z,GRID_PASS,100.0,0.0,"B1 logic. V: 0.949, SOC: 100.0%",1
2026-01-01T17:37:10Z,GRID_PASS,100.0,0.0,"B1 logic. V: 0.949, SOC: 100.0%",1
2026-01-01T17:37:15Z,GRID_PASS,100.0,0.0,"B1 logic. V: 0.949, SOC: 100.0%",1
2026-01-01T17:37:20Z,GRID_PASS,100.0,0.0,"B1 logic. V: 0.949, SOC: 100.0%",1
2026-01-01T17:37:25Z,GRID_PASS,100.0,0.0,"B1 logic. V: 0.949, SOC: 100.0%",1
2026-01-01T17:37:30Z,GRID_PASS,100.0,0.0,"B1 logic. V: 0.949, SOC: 100.0%",1
2026-01-01T17:37:35Z,GRID_PASS,100.0,0.0,"B1 logic. V: 0.949, SOC: 100.0%",1
2026-01-01T17:37:40Z,GRID_PASS,100.0,0.0,"B1 logic. V: 0.949, SOC: 100.0%",1
2026-01-01T17:37:45Z,GRID_PASS,100.0,0.0,"B1 logic. V: 0.949, SOC: 100.0%",1
2026-01-01T17:37:50Z,GRID_PASS,100.0,0.0,"B1 logic. V: 0.949, SOC: 100.0%",1
2026-01-01T17:37:55Z,GRID_PASS,100.0,0.0,"B1 logic. V: 0.949, SOC: 100.0%",1
2026-01-01T17:38:00Z,GRID_PASS,100.0,0.0,"B1 logic. V: 0.949, SOC: 100.0%",1
2026-01-01T17:38:05Z,GRID_PASS,100.0,0.0,"B1 logic. V: 0.949, SOC: 100.0%",1
2026-01-01T17:38:10Z,GRID_PASS,100.0,0.0,"B1 logic. V: 0.949, SOC: 100.0%",1
2026-01-01T17:38:15Z,GRID_PASS,100.0,0.0,"B1 logic. V: 0.949, SOC: 100.0%",1
2026-01-01T17:38:20Z,GRID_PASS,100.0,0.0,"B1 logic. V: 0.949, SOC: 100.0%",1
2026-01-01T17:38:25Z,GRID_PASS,100.0,0.0,"B1 logic. V: 0.949, SOC: 100.0%",1
2026-01-01T17:38:30Z,GRID_PASS,100.0,0.0,"B1 logic. V: 0.949, SOC: 100.0%",1
2026-01-01T17:38:35Z,GRID_PASS,100.0,0.0,"B1 logic. V: 0.949, SOC: 100.0%",1
2026-01-01T17:38:40Z,GRID_PASS,100.0,0.0,"B1 logic. V: 0.949, SOC: 100.0%",1
2026-01-01T17:38:45Z,GRID_PASS,100.0,0.0,"B1 logic. V: 0.949, SOC: 100.0%",1
2026-01-01T17:38:50Z,GRID_PASS,100.0,0.0,"B1 logic. V: 0.949, SOC: 100.0%",1
2026-01-01T17:38:55Z,GRID_PASS,100.0,0.0,"B1 logic. V: 0.949, SOC: 100.0%",1
2026-01-01T17:39:00Z,GRID_PASS,100.0,0.0,"B1 logic. V: 0.949, SOC: 100.0%",1
2026-01-01T17:39:05Z,GRID_PASS,100.0,0.0,"B1 logic. V: 0.948, SOC: 100.0%",1
2026-01-01T17:39:10Z,GRID_PASS,100.0,0.0,"B1 logic. V: 0.948, SOC: 100.0%",1
2026-01-01T17:39:15Z,GRID_PASS,100.0,0.0,"B1 logic. V: 0.948, SOC: 100.0%",1
2026-01-01T17:39:20Z,GRID_PASS,100.0,0.0,"B1 logic. V: 0.948, SOC: 100.0%",1
2026-01-01T17:39:25Z,GRID_PASS,100.0,0.0,"B1 logic. V: 0.948, SOC: 100.0%",1
2026-01-01T17:39:30Z,GRID_PASS,100.0,0.0,"B1 logic. V: 0.948, SOC: 100.0%",1
2026-01-01T17:39:35Z,GRID_PASS,100.0,0.0,"B1 logic. V: 0.948, SOC: 100.0%",1
2026-01-01T17:39:40Z,GRID_PASS,100.0,0.0,"B1 logic. V: 0.948, SOC: 100.0%",1
2026-01-01T17:39:45Z,GRID_PASS,100.0,0.0,"B1 logic. V: 0.948, SOC: 100.0%",1
2026-01-01T17:39:50Z,GRID_PASS,100.0,0.0,"B1 logic. V: 0.948, SOC: 100.0%",1
2026-01-01T17:39:55Z,GRID_PASS,100.0,0.0,"B1 logic. V: 0.948, SOC: 100.0%",1
2026-01-01T17:40:00Z,GRID_PASS,100.0,0.0,"B1 logic. V: 0.948, SOC: 100.0%",1
2026-01-01T17:40:05Z,GRID_PASS,100.0,0.0,"B1 logic. V: 0.948, SOC: 100.0%",1
2026-01-01T17:40:10Z,GRID_PASS,100.0,0.0,"B1 logic. V: 0.948, SOC: 100.0%",1
2026-01-01T17:40:15Z,GRID_PASS,100.0,0.0,"B1 logic. V: 0.948, SOC: 100.0%",1
2026-01-01T17:40:20Z,GRID_PASS,100.0,0.0,"B1 logic. V: 0.948, SOC: 100.0%",1
2026-01-01T17:40:25Z,GRID_PASS,100.0,0.0,"B1 logic. V: 0.948, SOC: 100.0%",1
2026-01-01T17:40:30Z,GRID_PASS,100.0,0.0,"B1 logic. V: 0.948, SOC: 100.0%",1
2026-01-01T17:40:35Z,GRID_PASS,100.0,0.0,"B1 logic. V: 0.948, SOC: 100.0%",1
2026-01-01T17:40:40Z,GRID_PASS,100.0,0.0,"B1 logic. V: 0.948, SOC: 100.0%",1
2026-01-01T17:40:45Z,GRID_PASS,100.0,0.0,"B1 logic. V: 0.948, SOC: 100.0%",1
2026-01-01T17:40:50Z,GRID_PASS,100.0,0.0,"B1 logic. V: 0.948, SOC: 100.0%",1
2026-01-01T17:40:55Z,GRID_PASS,100.0,0.0,"B1 logic. V: 0.948, SOC: 100.0%",1
2026-01-01T17:41:00Z,GRID_PASS,100.0,0.0,"B1 logic. V: 0.948, SOC: 100.0%",1
2026-01-01T17:41:05Z,GRID_PASS,100.0,0.0,"B1 logic. V: 0.948, SOC: 100.0%",1
2026-01-01T17:41:10Z,GRID_PASS,100.0,0.0,"B1 logic. V: 0.948, SOC: 100.0%",1
2026-01-01T17:41:15Z,GRID_PASS,100.0,0.0,"B1 logic. V: 0.948, SOC: 100.0%",1
2026-01-01T17:41:20Z,GRID_PASS,100.0,0.0,"B1 logic. V: 0.948, SOC: 100.0%",1
2026-01-01T17:41:25Z,GRID_PASS,100.0,0.0,"B1 logic. V: 0.948, SOC: 100.0%",1
2026-01-01T17:41:30Z,GRID_PASS,100.0,0.0,"B1 logic. V: 0.948, SOC: 100.0%",1
2026-01-01T17:41:35Z,GRID_PASS,100.0,0.0,"B1 logic. V: 0.948, SOC: 100.0%",1
2026-01-01T17:41:40Z,GRID_PASS,100.0,0.0,"B1 logic. V: 0.948, SOC: 100.0%",1
2026-01-01T17:41:45Z,GRID_PASS,100.0,0.0,"B1 logic. V: 0.948, SOC: 100.0%",1
2026-01-01T17:41:50Z,GRID_PASS,100.0,0.0,"B1 logic. V: 0.948, SOC: 100.0%",1
2026-01-01T17:41:55Z,GRID_PASS,100.0,0.0,"B1 logic. V: 0.948, SOC: 100.0%",1
2026-01-01T17:42:00Z,GRID_PASS,100.0,0.0,"B1 logic. V: 0.948, SOC: 100.0%",1
2026-01-01T17:42:05Z,GRID_PASS,100.0,0.0,"B1 logic. V: 0.948, SOC: 100.0%",1
2026-01-01T17:42:10Z,GRID_PASS,100.0,0.0,"B1 logic. V: 0.948, SOC: 100.0%",1
2026-01-01T17:42:15Z,GRID_PASS,100.0,0.0,"B1 logic. V: 0.948, SOC: 100.0%",1
2026-01-01T17:42:20Z,GRID_PASS,100.0,0.0,"B1 logic. V: 0.948, SOC: 100.0%",1
2026-01-01T17:42:25Z,GRID_PASS,100.0,0.0,"B1 logic. V: 0.948, SOC: 100.0%",1
2026-01-01T17:42:30Z,GRID_PASS,100.0,0.0,"B1 logic. V: 0.948, SOC: 100.0%",1
2026-01-01T17:42:35Z,GRID_PASS,100.0,0.0,"B1 logic. V: 0.948, SOC: 100.0%",1
2026-01-01T17:42:40Z,GRID_PASS,100.0,0.0,"B1 logic. V: 0.948, SOC: 100.0%",1
2026-01-01T17:42:45Z,GRID_PASS,100.0,0.0,"B1 logic. V: 0.948, SOC: 100.0%",1
2026-01-01T17:42:50Z,GRID_PASS,100.0,0.0,"B1 logic. V: 0.948, SOC: 100.0%",1
2026-01-01T17:42:55Z,GRID_PASS,100.0,0.0,"B1 logic. V: 0.948, SOC: 100.0%",1
2026-01-01T17:43:00Z,GRID_PASS,100.0,0.0,"B1 logic. V: 0.948, SOC: 100.0%",1
2026-01-01T17:43:05Z,GRID_PASS,100.0,0.0,"B1 logic. V: 0.947, SOC: 100.0%",1
2026-01-01T17:43:10Z,GRID_PASS,100.0,0.0,"B1 logic. V: 0.947, SOC: 100.0%",1
2026-01-01T17:43:15Z,GRID_PASS,100.0,0.0,"B1 logic. V: 0.947, SOC: 100.0%",1
2026-01-01T17:43:20Z,GRID_PASS,100.0,0.0,"B1 logic. V: 0.947, SOC: 100.0%",1
2026-01-01T17:43:25Z,GRID_PASS,100.0,0.0,"B1 logic. V: 0.947, SOC: 100.0%",1
2026-01-01T17:43:30Z,GRID_PASS,100.0,0.0,"B1 logic. V: 0.947, SOC: 100.0%",1
2026-01-01T17:43:35Z,GRID_PASS,100.0,0.0,"B1 logic. V: 0.947, SOC: 100.0%",1
2026-01-01T17:43:40Z,GRID_PASS,100.0,0.0,"B1 logic. V: 0.947, SOC: 100.0%",1
2026-01-01T17:43:45Z,GRID_PASS,100.0,0.0,"B1 logic. V: 0.947, SOC: 100.0%",1
2026-01-01T17:43:50Z,GRID_PASS,100.0,0.0,"B1 logic. V: 0.947, SOC: 100.0%",1
2026-01-01T17:43:55Z,GRID_PASS,100.0,0.0,"B1 logic. V: 0.947, SOC: 100.0%",1
2026-01-01T17:44:00Z,GRID_PASS,100.0,0.0,"B1 logic. V: 0.947, SOC: 100.0%",1
2026-01-01T17:44:05Z,GRID_PASS,100.0,0.0,"B1 logic. V: 0.947, SOC: 100.0%",1
2026-01-01T17:44:10Z,GRID_PASS,100.0,0.0,"B1 logic. V: 0.947, SOC: 100.0%",1
2026-01-01T17:44:15Z,GRID_PASS,100.0,0.0,"B1 logic. V: 0.947, SOC: 100.0%",1
2026-01-01T17:44:20Z,GRID_PASS,100.0,0.0,"B1 logic. V: 0.947, SOC: 100.0%",1
2026-01-01T17:44:25Z,GRID_PASS,100.0,0.0,"B1 logic. V: 0.947, SOC: 100.0%",1
2026-01-01T17:44:30Z,GRID_PASS,100.0,0.0,"B1 logic. V: 0.947, SOC: 100.0%",1
2026-01-01T17:44:35Z,GRID_PASS,100.0,0.0,"B1 logic. V: 0.947, SOC: 100.0%",1
2026-01-01T17:44:40Z,GRID_PASS,100.0,0.0,"B1 logic. V: 0.947, SOC: 100.0%",1
2026-01-01T17:44:45Z,GRID_PASS,100.0,0.0,"B1 logic. V: 0.947, SOC: 100.0%",1
2026-01-01T17:44:50Z,GRID_PASS,100.0,0.0,"B1 logic. V: 0.947, SOC: 100.0%",1
2026-01-01T17:44:55Z,GRID_PASS,100.0,0.0,"B1 logic. V: 0.947, SOC: 100.0%",1
2026-01-01T17:45:00Z,GRID_PASS,100.0,0.0,"B1 logic. V: 0.947, SOC: 100.0%",1
2026-01-01T17:45:05Z,GRID_PASS,100.0,0.0,"B1 logic. V: 0.947, SOC: 100.0%",1
2026-01-01T17:45:10Z,GRID_PASS,100.0,0.0,"B1 logic. V: 0.947, SOC: 100.0%",1
2026-01-01T17:45:15Z,GRID_PASS,100.0,0.0,"B1 logic. V: 0.947, SOC: 100.0%",1
2026-01-01T17:45:20Z,GRID_PASS,100.0,0.0,"B1 logic. V: 0.947, SOC: 100.0%",1
2026-01-01T17:45:25Z,GRID_PASS,100.0,0.0,"B1 logic. V: 0.947, SOC: 100.0%",1
2026-01-01T17:45:30Z,GRID_PASS,100.0,0.0,"B1 logic. V: 0.947, SOC: 100.0%",1
2026-01-01T17:45:35Z,GRID_PASS,100.0,0.0,"B1 logic. V: 0.947, SOC: 100.0%",1
2026-01-01T17:45:40Z,GRID_PASS,100.0,0.0,"B1 logic. V: 0.947, SOC: 100.0%",1
2026-01-01T17:45:45Z,GRID_PASS,100.0,0.0,"B1 logic. V: 0.947, SOC: 100.0%",1
2026-01-01T17:45:50Z,GRID_PASS,100.0,0.0,"B1 logic. V: 0.947, SOC: 100.0%",1
2026-01-01T17:45:55Z,GRID_PASS,100.0,0.0,"B1 logic. V: 0.947, SOC: 100.0%",1
2026-01-01T17:46:00Z,GRID_PASS,100.0,0.0,"B1 logic. V: 0.947, SOC: 100.0%",1
2026-01-01T17:46:05Z,GRID_PASS,100.0,0.0,"B1 logic. V: 0.946, SOC: 100.0%",1
2026-01-01T17:46:10Z,GRID_PASS,100.0,0.0,"B1 logic. V: 0.946, SOC: 100.0%",1
2026-01-01T17:46:15Z,GRID_PASS,100.0,0.0,"B1 logic. V: 0.946, SOC: 100.0%",1
2026-01-01T17:46:20Z,GRID_PASS,100.0,0.0,"B1 logic. V: 0.946, SOC: 100.0%",1
2026-01-01T17:46:25Z,GRID_PASS,100.0,0.0,"B1 logic. V: 0.946, SOC: 100.0%",1
2026-01-01T17:46:30Z,GRID_PASS,100.0,0.0,"B1 logic. V: 0.946, SOC: 100.0%",1
2026-01-01T17:46:35Z,GRID_PASS,100.0,0.0,"B1 logic. V: 0.946, SOC: 100.0%",1
2026-01-01T17:46:40Z,GRID_PASS,100.0,0.0,"B1 logic. V: 0.946, SOC: 100.0%",1
2026-01-01T17:46:45Z,GRID_PASS,100.0,0.0,"B1 logic. V: 0.946, SOC: 100.0%",1
2026-01-01T17:46:50Z,GRID_PASS,100.0,0.0,"B1 logic. V: 0.946, SOC: 100.0%",1
2026-01-01T17:46:55Z,GRID_PASS,100.0,0.0,"B1 logic. V: 0.946, SOC: 100.0%",1
2026-01-01T17:47:00Z,GRID_PASS,100.0,0.0,"B1 logic. V: 0.946, SOC: 100.0%",1
2026-01-01T17:47:05Z,GRID_PASS,100.0,0.0,"B1 logic. V: 0.946, SOC: 100.0%",1
2026-01-01T17:47:10Z,GRID_PASS,100.0,0.0,"B1 logic. V: 0.946, SOC: 100.0%",1
2026-01-01T17:47:15Z,GRID_PASS,100.0,0.0,"B1 logic. V: 0.946, SOC: 100.0%",1
2026-01-01T17:47:20Z,GRID_PASS,100.0,0.0,"B1 logic. V: 0.946, SOC: 100.0%",1
2026-01-01T17:47:25Z,GRID_PASS,100.0,0.0,"B1 logic. V: 0.946, SOC: 100.0%",1
2026-01-01T17:47:30Z,GRID_PASS,100.0,0.0,"B1 logic. V: 0.946, SOC: 100.0%",1
2026-01-01T17:47:35Z,GRID_PASS,100.0,0.0,"B1 logic. V: 0.946, SOC: 100.0%",1
2026-01-01T17:47:40Z,GRID_PASS,100.0,0.0,"B1 logic. V: 0.946, SOC: 100.0%",1
2026-01-01T17:47:45Z,GRID_PASS,100.0,0.0,"B1 logic. V: 0.946, SOC: 100.0%",1
2026-01-01T17:47:50Z,GRID_PASS,100.0,0.0,"B1 logic. V: 0.946, SOC: 100.0%",1
2026-01-01T17:47:55Z,GRID_PASS,100.0,0.0,"B1 logic. V: 0.946, SOC: 100.0%",1
2026-01-01T17:48:00Z,GRID_PASS,100.0,0.0,"B1 logic. V: 0.946, SOC: 100.0%",1
2026-01-01T17:48:05Z,GRID_PASS,100.0,0.0,"B1 logic. V: 0.946, SOC: 100.0%",1
2026-01-01T17:48:10Z,GRID_PASS,100.0,0.0,"B1 logic. V: 0.946, SOC: 100.0%",1
2026-01-01T17:48:15Z,GRID_PASS,100.0,0.0,"B1 logic. V: 0.946, SOC: 100.0%",1
2026-01-01T17:48:20Z,GRID_PASS,100.0,0.0,"B1 logic. V: 0.946, SOC: 100.0%",1
2026-01-01T17:48:25Z,GRID_PASS,100.0,0.0,"B1 logic. V: 0.946, SOC: 100.0%",1
2026-01-01T17:48:30Z,GRID_PASS,100.0,0.0,"B1 logic. V: 0.946, SOC: 100.0%",1
2026-01-01T17:48:35Z,GRID_PASS,100.0,0.0,"B1 logic. V: 0.946, SOC: 100.0%",1
2026-01-01T17:48:40Z,GRID_PASS,100.0,0.0,"B1 logic. V: 0.946, SOC: 100.0%",1
2026-01-01T17:48:45Z,GRID_PASS,100.0,0.0,"B1 logic. V: 0.946, SOC: 100.0%",1
2026-01-01T17:48:50Z,GRID_PASS,100.0,0.0,"B1 logic. V: 0.946, SOC: 100.0%",1
2026-01-01T17:48:55Z,GRID_PASS,100.0,0.0,"B1 logic. V: 0.946, SOC: 100.0%",1
2026-01-01T17:49:00Z,GRID_PASS,100.0,0.0,"B1 logic. V: 0.946, SOC: 100.0%",1
2026-01-01T17:49:05Z,GRID_PASS,100.0,0.0,"B1 logic. V: 0.946, SOC: 100.0%",1
2026-01-01T17:49:10Z,GRID_PASS,100.0,0.0,"B1 logic. V: 0.946, SOC: 100.0%",1
2026-01-01T17:49:15Z,GRID_PASS,100.0,0.0,"B1 logic. V: 0.946, SOC: 100.0%",1
2026-01-01T17:49:20Z,GRID_PASS,100.0,0.0,"B1 logic. V: 0.946, SOC: 100.0%",1
2026-01-01T17:49:25Z,GRID_PASS,100.0,0.0,"B1 logic. V: 0.946, SOC: 100.0%",1
2026-01-01T17:49:30Z,GRID_PASS,100.0,0.0,"B1 logic. V: 0.946, SOC: 100.0%",1
2026-01-01T17:49:35Z,GRID_PASS,100.0,0.0,"B1 logic. V: 0.946, SOC: 100.0%",1
2026-01-01T17:49:40Z,GRID_PASS,100.0,0.0,"B1 logic. V: 0.946, SOC: 100.0%",1
2026-01-01T17:49:45Z,GRID_PASS,100.0,0.0,"B1 logic. V: 0.946, SOC: 100.0%",1
2026-01-01T17:49:50Z,GRID_PASS,100.0,0.0,"B1 logic. V: 0.946, SOC: 100.0%",1
2026-01-01T17:49:55Z,GRID_PASS,100.0,0.0,"B1 logic. V: 0.946, SOC: 100.0%",1
2026-01-01T17:50:00Z,GRID_PASS,100.0,0.0,"B1 logic. V: 0.946, SOC: 100.0%",1
2026-01-01T17:50:05Z,GRID_PASS,100.0,0.0,"B1 logic. V: 0.945, SOC: 100.0%",1
2026-01-01T17:50:10Z,GRID_PASS,100.0,0.0,"B1 logic. V: 0.945, SOC: 100.0%",1
2026-01-01T17:50:15Z,GRID_PASS,100.0,0.0,"B1 logic. V: 0.945, SOC: 100.0%",1
2026-01-01T17:50:20Z,GRID_PASS,100.0,0.0,"B1 logic. V: 0.945, SOC: 100.0%",1
2026-01-01T17:50:25Z,GRID_PASS,100.0,0.0,"B1 logic. V: 0.945, SOC: 100.0%",1
2026-01-01T17:50:30Z,GRID_PASS,100.0,0.0,"B1 logic. V: 0.945, SOC: 100.0%",1
2026-01-01T17:50:35Z,GRID_PASS,100.0,0.0,"B1 logic. V: 0.945, SOC: 100.0%",1
2026-01-01T17:50:40Z,GRID_PASS,100.0,0.0,"B1 logic. V: 0.945, SOC: 100.0%",1
2026-01-01T17:50:45Z,GRID_PASS,100.0,0.0,"B1 logic. V: 0.945, SOC: 100.0%",1
2026-01-01T17:50:50Z,GRID_PASS,100.0,0.0,"B1 logic. V: 0.945, SOC: 100.0%",1
2026-01-01T17:50:55Z,GRID_PASS,100.0,0.0,"B1 logic. V: 0.945, SOC: 100.0%",1
2026-01-01T17:51:00Z,GRID_PASS,100.0,0.0,"B1 logic. V: 0.945, SOC: 100.0%",1
2026-01-01T17:51:05Z,GRID_PASS,100.0,0.0,"B1 logic. V: 0.945, SOC: 100.0%",1
2026-01-01T17:51:10Z,GRID_PASS,100.0,0.0,"B1 logic. V: 0.945, SOC: 100.0%",1
2026-01-01T17:51:15Z,GRID_PASS,100.0,0.0,"B1 logic. V: 0.945, SOC: 100.0%",1
2026-01-01T17:51:20Z,GRID_PASS,100.0,0.0,"B1 logic. V: 0.945, SOC: 100.0%",1
2026-01-01T17:51:25Z,GRID_PASS,100.0,0.0,"B1 logic. V: 0.945, SOC: 100.0%",1
2026-01-01T17:51:30Z,GRID_PASS,100.0,0.0,"B1 logic. V: 0.945, SOC: 100.0%",1
2026-01-01T17:51:35Z,GRID_PASS,100.0,0.0,"B1 logic. V: 0.945, SOC: 100.0%",1
2026-01-01T17:51:40Z,GRID_PASS,100.0,0.0,"B1 logic. V: 0.945, SOC: 100.0%",1
2026-01-01T17:51:45Z,GRID_PASS,100.0,0.0,"B1 logic. V: 0.945, SOC: 100.0%",1
2026-01-01T17:51:50Z,GRID_PASS,100.0,0.0,"B1 logic. V: 0.945, SOC: 100.0%",1
2026-01-01T17:51:55Z,GRID_PASS,100.0,0.0,"B1 logic. V: 0.945, SOC: 100.0%",1
2026-01-01T17:52:00Z,GRID_PASS,100.0,0.0,"B1 logic. V: 0.945, SOC: 100.0%",1
2026-01-01T17:52:05Z,GRID_PASS,100.0,0.0,"B1 logic. V: 0.945, SOC: 100.0%",1
2026-01-01T17:52:10Z,GRID_PASS,100.0,0.0,"B1 logic. V: 0.945, SOC: 100.0%",1
2026-01-01T17:52:15Z,GRID_PASS,100.0,0.0,"B1 logic. V: 0.945, SOC: 100.0%",1
2026-01-01T17:52:20Z,GRID_PASS,100.0,0.0,"B1 logic. V: 0.945, SOC: 100.0%",1
2026-01-01T17:52:25Z,GRID_PASS,100.0,0.0,"B1 logic. V: 0.945, SOC: 100.0%",1
2026-01-01T17:52:30Z,GRID_PASS,100.0,0.0,"B1 logic. V: 0.945, SOC: 100.0%",1
2026-01-01T17:52:35Z,GRID_PASS,100.0,0.0,"B1 logic. V: 0.945, SOC: 100.0%",1
2026-01-01T17:52:40Z,GRID_PASS,100.0,0.0,"B1 logic. V: 0.945, SOC: 100.0%",1
2026-01-01T17:52:45Z,GRID_PASS,100.0,0.0,"B1 logic. V: 0.945, SOC: 100.0%",1
2026-01-01T17:52:50Z,GRID_PASS,100.0,0.0,"B1 logic. V: 0.945, SOC: 100.0%",1
2026-01-01T17:52:55Z,GRID_PASS,100.0,0.0,"B1 logic. V: 0.945, SOC: 100.0%",1
2026-01-01T17:53:00Z,GRID_PASS,100.0,0.0,"B1 logic. V: 0.945, SOC: 100.0%",1
2026-01-01T17:53:05Z,GRID_PASS,100.0,0.0,"B1 logic. V: 0.944, SOC: 100.0%",1
2026-01-01T17:53:10Z,GRID_PASS,100.0,0.0,"B1 logic. V: 0.944, SOC: 100.0%",1
2026-01-01T17:53:15Z,GRID_PASS,100.0,0.0,"B1 logic. V: 0.944, SOC: 100.0%",1
2026-01-01T17:53:20Z,GRID_PASS,100.0,0.0,"B1 logic. V: 0.944, SOC: 100.0%",1
2026-01-01T17:53:25Z,GRID_PASS,100.0,0.0,"B1 logic. V: 0.944, SOC: 100.0%",1
2026-01-01T17:53:30Z,GRID_PASS,100.0,0.0,"B1 logic. V: 0.944, SOC: 100.0%",1
2026-01-01T17:53:35Z,GRID_PASS,100.0,0.0,"B1 logic. V: 0.944, SOC: 100.0%",1
2026-01-01T17:53:40Z,GRID_PASS,100.0,0.0,"B1 logic. V: 0.944, SOC: 100.0%",1
2026-01-01T17:53:45Z,GRID_PASS,100.0,0.0,"B1 logic. V: 0.944, SOC: 100.0%",1
2026-01-01T17:53:50Z,GRID_PASS,100.0,0.0,"B1 logic. V: 0.944, SOC: 100.0%",1
2026-01-01T17:53:55Z,GRID_PASS,100.0,0.0,"B1 logic. V: 0.944, SOC: 100.0%",1
2026-01-01T17:54:00Z,GRID_PASS,100.0,0.0,"B1 logic. V: 0.944, SOC: 100.0%",1
2026-01-01T17:54:05Z,GRID_PASS,100.0,0.0,"B1 logic. V: 0.944, SOC: 100.0%",1
2026-01-01T17:54:10Z,GRID_PASS,100.0,0.0,"B1 logic. V: 0.944, SOC: 100.0%",1
2026-01-01T17:54:15Z,GRID_PASS,100.0,0.0,"B1 logic. V: 0.944, SOC: 100.0%",1
2026-01-01T17:54:20Z,GRID_PASS,100.0,0.0,"B1 logic. V: 0.944, SOC: 100.0%",1
2026-01-01T17:54:25Z,GRID_PASS,100.0,0.0,"B1 logic. V: 0.944, SOC: 100.0%",1
2026-01-01T17:54:30Z,GRID_PASS,100.0,0.0,"B1 logic. V: 0.944, SOC: 100.0%",1
2026-01-01T17:54:35Z,GRID_PASS,100.0,0.0,"B1 logic. V: 0.944, SOC: 100.0%",1
2026-01-01T17:54:40Z,GRID_PASS,100.0,0.0,"B1 logic. V: 0.944, SOC: 100.0%",1
2026-01-01T17:54:45Z,GRID_PASS,100.0,0.0,"B1 logic. V: 0.944, SOC: 100.0%",1
2026-01-01T17:54:50Z,GRID_PASS,100.0,0.0,"B1 logic. V: 0.944, SOC: 100.0%",1
2026-01-01T17:54:55Z,GRID_PASS,100.0,0.0,"B1 logic. V: 0.944, SOC: 100.0%",1
2026-01-01T17:55:00Z,GRID_PASS,100.0,0.0,"B1 logic. V: 0.944, SOC: 100.0%",1
2026-01-01T17:55:05Z,GRID_PASS,100.0,0.0,"B1 logic. V: 0.944, SOC: 100.0%",1
2026-01-01T17:55:10Z,GRID_PASS,100.0,0.0,"B1 logic. V: 0.944, SOC: 100.0%",1
2026-01-01T17:55:15Z,GRID_PASS,100.0,0.0,"B1 logic. V: 0.944, SOC: 100.0%",1
2026-01-01T17:55:20Z,GRID_PASS,100.0,0.0,"B1 logic. V: 0.944, SOC: 100.0%",1
2026-01-01T17:55:25Z,GRID_PASS,100.0,0.0,"B1 logic. V: 0.944, SOC: 100.0%",1
2026-01-01T17:55:30Z,GRID_PASS,100.0,0.0,"B1 logic. V: 0.944, SOC: 100.0%",1
2026-01-01T17:55:35Z,GRID_PASS,100.0,0.0,"B1 logic. V: 0.944, SOC: 100.0%",1
2026-01-01T17:55:40Z,GRID_PASS,100.0,0.0,"B1 logic. V: 0.944, SOC: 100.0%",1
2026-01-01T17:55:45Z,GRID_PASS,100.0,0.0,"B1 logic. V: 0.944, SOC: 100.0%",1
2026-01-01T17:55:50Z,GRID_PASS,100.0,0.0,"B1 logic. V: 0.944, SOC: 100.0%",1
2026-01-01T17:55:55Z,GRID_PASS,100.0,0.0,"B1 logic. V: 0.944, SOC: 100.0%",1
2026-01-01T17:56:00Z,GRID_PASS,100.0,0.0,"B1 logic. V: 0.944, SOC: 100.0%",1
2026-01-01T17:56:05Z,GRID_PASS,100.0,0.0,"B1 logic. V: 0.944, SOC: 100.0%",1
2026-01-01T17:56:10Z,GRID_PASS,100.0,0.0,"B1 logic. V: 0.944, SOC: 100.0%",1
2026-01-01T17:56:15Z,GRID_PASS,100.0,0.0,"B1 logic. V: 0.944, SOC: 100.0%",1
2026-01-01T17:56:20Z,GRID_PASS,100.0,0.0,"B1 logic. V: 0.944, SOC: 100.0%",1
2026-01-01T17:56:25Z,GRID_PASS,100.0,0.0,"B1 logic. V: 0.944, SOC: 100.0%",1
2026-01-01T17:56:30Z,GRID_PASS,100.0,0.0,"B1 logic. V: 0.944, SOC: 100.0%",1
2026-01-01T17:56:35Z,GRID_PASS,100.0,0.0,"B1 logic. V: 0.944, SOC: 100.0%",1
2026-01-01T17:56:40Z,GRID_PASS,100.0,0.0,"B1 logic. V: 0.944, SOC: 100.0%",1
2026-01-01T17:56:45Z,GRID_PASS,100.0,0.0,"B1 logic. V: 0.944, SOC: 100.0%",1
2026-01-01T17:56:50Z,GRID_PASS,100.0,0.0,"B1 logic. V: 0.944, SOC: 100.0%",1
2026-01-01T17:56:55Z,GRID_PASS,100.0,0.0,"B1 logic. V: 0.944, SOC: 100.0%",1
2026-01-01T17:57:00Z,GRID_PASS,100.0,0.0,"B1 logic. V: 0.944, SOC: 100.0%",1
2026-01-01T17:57:05Z,GRID_PASS,100.0,0.0,"B1 logic. V: 0.943, SOC: 100.0%",1
2026-01-01T17:57:10Z,GRID_PASS,100.0,0.0,"B1 logic. V: 0.943, SOC: 100.0%",1
2026-01-01T17:57:15Z,GRID_PASS,100.0,0.0,"B1 logic. V: 0.943, SOC: 100.0%",1
2026-01-01T17:57:20Z,GRID_PASS,100.0,0.0,"B1 logic. V: 0.943, SOC: 100.0%",1
2026-01-01T17:57:25Z,GRID_PASS,100.0,0.0,"B1 logic. V: 0.943, SOC: 100.0%",1
2026-01-01T17:57:30Z,GRID_PASS,100.0,0.0,"B1 logic. V: 0.943, SOC: 100.0%",1
2026-01-01T17:57:35Z,GRID_PASS,100.0,0.0,"B1 logic. V: 0.943, SOC: 100.0%",1
2026-01-01T17:57:40Z,GRID_PASS,100.0,0.0,"B1 logic. V: 0.943, SOC: 100.0%",1
2026-01-01T17:57:45Z,GRID_PASS,100.0,0.0,"B1 logic. V: 0.943, SOC: 100.0%",1
2026-01-01T17:57:50Z,GRID_PASS,100.0,0.0,"B1 logic. V: 0.943, SOC: 100.0%",1
2026-01-01T17:57:55Z,GRID_PASS,100.0,0.0,"B1 logic. V: 0.943, SOC: 100.0%",1
2026-01-01T17:58:00Z,GRID_PASS,100.0,0.0,"B1 logic. V: 0.943, SOC: 100.0%",1
2026-01-01T17:58:05Z,GRID_PASS,100.0,0.0,"B1 logic. V: 0.943, SOC: 100.0%",1
2026-01-01T17:58:10Z,GRID_PASS,100.0,0.0,"B1 logic. V: 0.943, SOC: 100.0%",1
2026-01-01T17:58:15Z,GRID_PASS,100.0,0.0,"B1 logic. V: 0.943, SOC: 100.0%",1
2026-01-01T17:58:20Z,GRID_PASS,100.0,0.0,"B1 logic. V: 0.943, SOC: 100.0%",1
2026-01-01T17:58:25Z,GRID_PASS,100.0,0.0,"B1 logic. V: 0.943, SOC: 100.0%",1
2026-01-01T17:58:30Z,GRID_PASS,100.0,0.0,"B1 logic. V: 0.943, SOC: 100.0%",1
2026-01-01T17:58:35Z,GRID_PASS,100.0,0.0,"B1 logic. V: 0.943, SOC: 100.0%",1
2026-01-01T17:58:40Z,GRID_PASS,100.0,0.0,"B1 logic. V: 0.943, SOC: 100.0%",1
2026-01-01T17:58:45Z,GRID_PASS,100.0,0.0,"B1 logic. V: 0.943, SOC: 100.0%",1
2026-01-01T17:58:50Z,GRID_PASS,100.0,0.0,"B1 logic. V: 0.943, SOC: 100.0%",1
2026-01-01T17:58:55Z,GRID_PASS,100.0,0.0,"B1 logic. V: 0.943, SOC: 100.0%",1
2026-01-01T17:59:00Z,GRID_PASS,100.0,0.0,"B1 logic. V: 0.943, SOC: 100.0%",1
2026-01-01T17:59:05Z,GRID_PASS,100.0,0.0,"B1 logic. V: 0.943, SOC: 100.0%",1
2026-01-01T17:59:10Z,GRID_PASS,100.0,0.0,"B1 logic. V: 0.943, SOC: 100.0%",1
2026-01-01T17:59:15Z,GRID_PASS,100.0,0.0,"B1 logic. V: 0.943, SOC: 100.0%",1
2026-01-01T17:59:20Z,GRID_PASS,100.0,0.0,"B1 logic. V: 0.943, SOC: 100.0%",1
2026-01-01T17:59:25Z,GRID_PASS,100.0,0.0,"B1 logic. V: 0.943, SOC: 100.0%",1
2026-01-01T17:59:30Z,GRID_PASS,100.0,0.0,"B1 logic. V: 0.943, SOC: 100.0%",1
2026-01-01T17:59:35Z,GRID_PASS,100.0,0.0,"B1 logic. V: 0.943, SOC: 100.0%",1
2026-01-01T17:59:40Z,GRID_PASS,100.0,0.0,"B1 logic. V: 0.943, SOC: 100.0%",1
2026-01-01T17:59:45Z,GRID_PASS,100.0,0.0,"B1 logic. V: 0.943, SOC: 100.0%",1
2026-01-01T17:59:50Z,GRID_PASS,100.0,0.0,"B1 logic. V: 0.943, SOC: 100.0%",1
2026-01-01T17:59:55Z,GRID_PASS,100.0,0.0,"B1 logic. V: 0.943, SOC: 100.0%",1
2026-01-01T18:00:00Z,GRID_PASS,100.0,0.0,"B1 logic. V: 0.943, SOC: 100.0%",0
2026-01-01T18:00:05Z,GRID_PASS,100.0,0.0,"B1 logic. V: 0.942, SOC: 100.0%",0
2026-01-01T18:00:10Z,GRID_PASS,100.0,0.0,"B1 logic. V: 0.942, SOC: 100.0%",0
2026-01-01T18:00:15Z,GRID_PASS,100.0,0.0,"B1 logic. V: 0.942, SOC: 100.0%",0
2026-01-01T18:00:20Z,GRID_PASS,100.0,0.0,"B1 logic. V: 0.942, SOC: 100.0%",0
2026-01-01T18:00:25Z,GRID_PASS,100.0,0.0,"B1 logic. V: 0.942, SOC: 100.0%",0
2026-01-01T18:00:30Z,GRID_PASS,100.0,0.0,"B1 logic. V: 0.942, SOC: 100.0%",0
2026-01-01T18:00:35Z,GRID_PASS,100.0,0.0,"B1 logic. V: 0.942, SOC: 100.0%",0
2026-01-01T18:00:40Z,GRID_PASS,100.0,0.0,"B1 logic. V: 0.942, SOC: 100.0%",0
2026-01-01T18:00:45Z,GRID_PASS,100.0,0.0,"B1 logic. V: 0.942, SOC: 100.0%",0
2026-01-01T18:00:50Z,GRID_PASS,100.0,0.0,"B1 logic. V: 0.942, SOC: 100.0%",0
2026-01-01T18:00:55Z,GRID_PASS,100.0,0.0,"B1 logic. V: 0.942, SOC: 100.0%",0
2026-01-01T18:01:00Z,GRID_PASS,100.0,0.0,"B1 logic. V: 0.942, SOC: 100.0%",0
2026-01-01T18:01:05Z,GRID_PASS,100.0,0.0,"B1 logic. V: 0.942, SOC: 100.0%",0
2026-01-01T18:01:10Z,GRID_PASS,100.0,0.0,"B1 logic. V: 0.942, SOC: 100.0%",0
2026-01-01T18:01:15Z,GRID_PASS,100.0,0.0,"B1 logic. V: 0.942, SOC: 100.0%",0
2026-01-01T18:01:20Z,GRID_PASS,100.0,0.0,"B1 logic. V: 0.942, SOC: 100.0%",0
2026-01-01T18:01:25Z,GRID_PASS,100.0,0.0,"B1 logic. V: 0.942, SOC: 100.0%",0
2026-01-01T18:01:30Z,GRID_PASS,100.0,0.0,"B1 logic. V: 0.942, SOC: 100.0%",0
2026-01-01T18:01:35Z,GRID_PASS,100.0,0.0,"B1 logic. V: 0.942, SOC: 100.0%",0
2026-01-01T18:01:40Z,GRID_PASS,100.0,0.0,"B1 logic. V: 0.942, SOC: 100.0%",0
2026-01-01T18:01:45Z,GRID_PASS,100.0,0.0,"B1 logic. V: 0.942, SOC: 100.0%",0
2026-01-01T18:01:50Z,GRID_PASS,100.0,0.0,"B1 logic. V: 0.942, SOC: 100.0%",0
2026-01-01T18:01:55Z,GRID_PASS,100.0,0.0,"B1 logic. V: 0.942, SOC: 100.0%",0
2026-01-01T18:02:00Z,GRID_PASS,100.0,0.0,"B1 logic. V: 0.942, SOC: 100.0%",0
2026-01-01T18:02:05Z,GRID_PASS,100.0,0.0,"B1 logic. V: 0.942, SOC: 100.0%",0
2026-01-01T18:02:10Z,GRID_PASS,100.0,0.0,"B1 logic. V: 0.942, SOC: 100.0%",0
2026-01-01T18:02:15Z,GRID_PASS,100.0,0.0,"B1 logic. V: 0.942, SOC: 100.0%",0
2026-01-01T18:02:20Z,GRID_PASS,100.0,0.0,"B1 logic. V: 0.942, SOC: 100.0%",0
2026-01-01T18:02:25Z,GRID_PASS,100.0,0.0,"B1 logic. V: 0.942, SOC: 100.0%",0
2026-01-01T18:02:30Z,GRID_PASS,100.0,0.0,"B1 logic. V: 0.942, SOC: 100.0%",0
2026-01-01T18:02:35Z,GRID_PASS,100.0,0.0,"B1 logic. V: 0.942, SOC: 100.0%",0
2026-01-01T18:02:40Z,GRID_PASS,100.0,0.0,"B1 logic. V: 0.942, SOC: 100.0%",0
2026-01-01T18:02:45Z,GRID_PASS,100.0,0.0,"B1 logic. V: 0.942, SOC: 100.0%",0
2026-01-01T18:02:50Z,GRID_PASS,100.0,0.0,"B1 logic. V: 0.942, SOC: 100.0%",0
2026-01-01T18:02:55Z,GRID_PASS,100.0,0.0,"B1 logic. V: 0.942, SOC: 100.0%",0
2026-01-01T18:03:00Z,GRID_PASS,100.0,0.0,"B1 logic. V: 0.942, SOC: 100.0%",0
2026-01-01T18:03:05Z,GRID_PASS,100.0,0.0,"B1 logic. V: 0.942, SOC: 100.0%",0
2026-01-01T18:03:10Z,GRID_PASS,100.0,0.0,"B1 logic. V: 0.942, SOC: 100.0%",0
2026-01-01T18:03:15Z,GRID_PASS,100.0,0.0,"B1 logic. V: 0.942, SOC: 100.0%",0
2026-01-01T18:03:20Z,GRID_PASS,100.0,0.0,"B1 logic. V: 0.942, SOC: 100.0%",0
2026-01-01T18:03:25Z,GRID_PASS,100.0,0.0,"B1 logic. V: 0.942, SOC: 100.0%",0
2026-01-01T18:03:30Z,GRID_PASS,100.0,0.0,"B1 logic. V: 0.942, SOC: 100.0%",0
2026-01-01T18:03:35Z,GRID_PASS,100.0,0.0,"B1 logic. V: 0.942, SOC: 100.0%",0
2026-01-01T18:03:40Z,GRID_PASS,100.0,0.0,"B1 logic. V: 0.942, SOC: 100.0%",0
2026-01-01T18:03:45Z,GRID_PASS,100.0,0.0,"B1 logic. V: 0.942, SOC: 100.0%",0
2026-01-01T18:03:50Z,GRID_PASS,100.0,0.0,"B1 logic. V: 0.942, SOC: 100.0%",0
2026-01-01T18:03:55Z,GRID_PASS,100.0,0.0,"B1 logic. V: 0.942, SOC: 100.0%",0
2026-01-01T18:04:00Z,GRID_PASS,100.0,0.0,"B1 logic. V: 0.942, SOC: 100.0%",0
2026-01-01T18:04:05Z,GRID_PASS,100.0,0.0,"B1 logic. V: 0.941, SOC: 100.0%",0
2026-01-01T18:04:10Z,GRID_PASS,100.0,0.0,"B1 logic. V: 0.941, SOC: 100.0%",0
2026-01-01T18:04:15Z,GRID_PASS,100.0,0.0,"B1 logic. V: 0.941, SOC: 100.0%",0
2026-01-01T18:04:20Z,GRID_PASS,100.0,0.0,"B1 logic. V: 0.941, SOC: 100.0%",0
2026-01-01T18:04:25Z,GRID_PASS,100.0,0.0,"B1 logic. V: 0.941, SOC: 100.0%",0
2026-01-01T18:04:30Z,GRID_PASS,100.0,0.0,"B1 logic. V: 0.941, SOC: 100.0%",0
2026-01-01T18:04:35Z,GRID_PASS,100.0,0.0,"B1 logic. V: 0.941, SOC: 100.0%",0
2026-01-01T18:04:40Z,GRID_PASS,100.0,0.0,"B1 logic. V: 0.941, SOC: 100.0%",0
2026-01-01T18:04:45Z,GRID_PASS,100.0,0.0,"B1 logic. V: 0.941, SOC: 100.0%",0
2026-01-01T18:04:50Z,GRID_PASS,100.0,0.0,"B1 logic. V: 0.941, SOC: 100.0%",0
2026-01-01T18:04:55Z,GRID_PASS,100.0,0.0,"B1 logic. V: 0.941, SOC: 100.0%",0
2026-01-01T18:05:00Z,GRID_PASS,100.0,0.0,"B1 logic. V: 0.941, SOC: 100.0%",0
2026-01-01T18:05:05Z,GRID_PASS,100.0,0.0,"B1 logic. V: 0.941, SOC: 100.0%",0
2026-01-01T18:05:10Z,GRID_PASS,100.0,0.0,"B1 logic. V: 0.941, SOC: 100.0%",0
2026-01-01T18:05:15Z,GRID_PASS,100.0,0.0,"B1 logic. V: 0.941, SOC: 100.0%",0
2026-01-01T18:05:20Z,GRID_PASS,100.0,0.0,"B1 logic. V: 0.941, SOC: 100.0%",0
2026-01-01T18:05:25Z,GRID_PASS,100.0,0.0,"B1 logic. V: 0.941, SOC: 100.0%",0
2026-01-01T18:05:30Z,GRID_PASS,100.0,0.0,"B1 logic. V: 0.941, SOC: 100.0%",0
2026-01-01T18:05:35Z,GRID_PASS,100.0,0.0,"B1 logic. V: 0.941, SOC: 100.0%",0
2026-01-01T18:05:40Z,GRID_PASS,100.0,0.0,"B1 logic. V: 0.941, SOC: 100.0%",0
2026-01-01T18:05:45Z,GRID_PASS,100.0,0.0,"B1 logic. V: 0.941, SOC: 100.0%",0
2026-01-01T18:05:50Z,GRID_PASS,100.0,0.0,"B1 logic. V: 0.941, SOC: 100.0%",0
2026-01-01T18:05:55Z,GRID_PASS,100.0,0.0,"B1 logic. V: 0.941, SOC: 100.0%",0
2026-01-01T18:06:00Z,GRID_PASS,100.0,0.0,"B1 logic. V: 0.941, SOC: 100.0%",0
2026-01-01T18:06:05Z,GRID_PASS,100.0,0.0,"B1 logic. V: 0.941, SOC: 100.0%",0
2026-01-01T18:06:10Z,GRID_PASS,100.0,0.0,"B1 logic. V: 0.941, SOC: 100.0%",0
2026-01-01T18:06:15Z,GRID_PASS,100.0,0.0,"B1 logic. V: 0.941, SOC: 100.0%",0
2026-01-01T18:06:20Z,GRID_PASS,100.0,0.0,"B1 logic. V: 0.941, SOC: 100.0%",0
2026-01-01T18:06:25Z,GRID_PASS,100.0,0.0,"B1 logic. V: 0.941, SOC: 100.0%",0
2026-01-01T18:06:30Z,GRID_PASS,100.0,0.0,"B1 logic. V: 0.941, SOC: 100.0%",0
2026-01-01T18:06:35Z,GRID_PASS,100.0,0.0,"B1 logic. V: 0.941, SOC: 100.0%",0
2026-01-01T18:06:40Z,GRID_PASS,100.0,0.0,"B1 logic. V: 0.941, SOC: 100.0%",0
2026-01-01T18:06:45Z,GRID_PASS,100.0,0.0,"B1 logic. V: 0.941, SOC: 100.0%",0
2026-01-01T18:06:50Z,GRID_PASS,100.0,0.0,"B1 logic. V: 0.941, SOC: 100.0%",0
2026-01-01T18:06:55Z,GRID_PASS,100.0,0.0,"B1 logic. V: 0.941, SOC: 100.0%",0
2026-01-01T18:07:00Z,GRID_PASS,100.0,0.0,"B1 logic. V: 0.941, SOC: 100.0%",0
2026-01-01T18:07:05Z,GRID_PASS,100.0,0.0,"B1 logic. V: 0.940, SOC: 100.0%",0
2026-01-01T18:07:10Z,GRID_PASS,100.0,0.0,"B1 logic. V: 0.940, SOC: 100.0%",0
2026-01-01T18:07:15Z,GRID_PASS,100.0,0.0,"B1 logic. V: 0.940, SOC: 100.0%",0
2026-01-01T18:07:20Z,GRID_PASS,100.0,0.0,"B1 logic. V: 0.940, SOC: 100.0%",0
2026-01-01T18:07:25Z,GRID_PASS,100.0,0.0,"B1 logic. V: 0.940, SOC: 100.0%",0
2026-01-01T18:07:30Z,GRID_PASS,100.0,0.0,"B1 logic. V: 0.940, SOC: 100.0%",0
2026-01-01T18:07:35Z,GRID_PASS,100.0,0.0,"B1 logic. V: 0.940, SOC: 100.0%",0
2026-01-01T18:07:40Z,GRID_PASS,100.0,0.0,"B1 logic. V: 0.940, SOC: 100.0%",0
2026-01-01T18:07:45Z,GRID_PASS,100.0,0.0,"B1 logic. V: 0.940, SOC: 100.0%",0
2026-01-01T18:07:50Z,GRID_PASS,100.0,0.0,"B1 logic. V: 0.940, SOC: 100.0%",0
2026-01-01T18:07:55Z,GRID_PASS,100.0,0.0,"B1 logic. V: 0.940, SOC: 100.0%",0
2026-01-01T18:08:00Z,GRID_PASS,100.0,0.0,"B1 logic. V: 0.940, SOC: 100.0%",0
2026-01-01T18:08:05Z,GRID_PASS,100.0,0.0,"B1 logic. V: 0.940, SOC: 100.0%",0
2026-01-01T18:08:10Z,SUPPORT,100.0,0.0,"B1 logic. V: 0.940, SOC: 100.0%",0
2026-01-01T18:08:15Z,SUPPORT,100.0,0.0,"B1 logic. V: 0.940, SOC: 100.0%",0
2026-01-01T18:08:20Z,SUPPORT,100.0,0.0,"B1 logic. V: 0.940, SOC: 100.0%",0
2026-01-01T18:08:25Z,SUPPORT,100.0,0.0,"B1 logic. V: 0.940, SOC: 100.0%",0
2026-01-01T18:08:30Z,SUPPORT,100.0,0.0,"B1 logic. V: 0.940, SOC: 100.0%",0
2026-01-01T18:08:35Z,SUPPORT,100.0,0.0,"B1 logic. V: 0.940, SOC: 100.0%",0
2026-01-01T18:08:40Z,SUPPORT,100.0,0.0,"B1 logic. V: 0.940, SOC: 100.0%",0
2026-01-01T18:08:45Z,SUPPORT,100.0,0.0,"B1 logic. V: 0.940, SOC: 100.0%",0
2026-01-01T18:08:50Z,SUPPORT,100.0,0.0,"B1 logic. V: 0.940, SOC: 100.0%",0
2026-01-01T18:08:55Z,SUPPORT,100.0,0.0,"B1 logic. V: 0.940, SOC: 100.0%",0
2026-01-01T18:09:00Z,SUPPORT,100.0,0.0,"B1 logic. V: 0.940, SOC: 100.0%",0
2026-01-01T18:09:05Z,SUPPORT,100.0,0.0,"B1 logic. V: 0.940, SOC: 100.0%",0
2026-01-01T18:09:10Z,SUPPORT,100.0,0.0,"B1 logic. V: 0.940, SOC: 100.0%",0
2026-01-01T18:09:15Z,SUPPORT,100.0,0.0,"B1 logic. V: 0.940, SOC: 100.0%",0
2026-01-01T18:09:20Z,SUPPORT,100.0,0.0,"B1 logic. V: 0.940, SOC: 100.0%",0
2026-01-01T18:09:25Z,SUPPORT,100.0,0.0,"B1 logic. V: 0.940, SOC: 100.0%",0
2026-01-01T18:09:30Z,SUPPORT,100.0,0.0,"B1 logic. V: 0.940, SOC: 100.0%",0
2026-01-01T18:09:35Z,SUPPORT,100.0,0.0,"B1 logic. V: 0.940, SOC: 100.0%",0
2026-01-01T18:09:40Z,SUPPORT,100.0,0.0,"B1 logic. V: 0.940, SOC: 100.0%",0
2026-01-01T18:09:45Z,SUPPORT,100.0,0.0,"B1 logic. V: 0.940, SOC: 100.0%",0
2026-01-01T18:09:50Z,SUPPORT,100.0,0.0,"B1 logic. V: 0.940, SOC: 100.0%",0
2026-01-01T18:09:55Z,SUPPORT,100.0,0.0,"B1 logic. V: 0.940, SOC: 100.0%",0
2026-01-01T18:10:00Z,SUPPORT,100.0,0.0,"B1 logic. V: 0.940, SOC: 100.0%",0
2026-01-01T18:10:05Z,SUPPORT,100.0,0.0,"B1 logic. V: 0.939, SOC: 100.0%",0
2026-01-01T18:10:10Z,SUPPORT,100.0,0.0,"B1 logic. V: 0.939, SOC: 100.0%",0
2026-01-01T18:10:15Z,SUPPORT,100.0,0.0,"B1 logic. V: 0.939, SOC: 100.0%",0
2026-01-01T18:10:20Z,SUPPORT,100.0,0.0,"B1 logic. V: 0.939, SOC: 100.0%",0
2026-01-01T18:10:25Z,SUPPORT,100.0,0.0,"B1 logic. V: 0.939, SOC: 100.0%",0
2026-01-01T18:10:30Z,SUPPORT,100.0,0.0,"B1 logic. V: 0.939, SOC: 100.0%",0
2026-01-01T18:10:35Z,SUPPORT,100.0,0.0,"B1 logic. V: 0.939, SOC: 100.0%",0
2026-01-01T18:10:40Z,SUPPORT,100.0,0.0,"B1 logic. V: 0.939, SOC: 100.0%",0
2026-01-01T18:10:45Z,SUPPORT,100.0,0.0,"B1 logic. V: 0.939, SOC: 100.0%",0
2026-01-01T18:10:50Z,SUPPORT,100.0,0.0,"B1 logic. V: 0.939, SOC: 100.0%",0
2026-01-01T18:10:55Z,SUPPORT,100.0,0.0,"B1 logic. V: 0.939, SOC: 100.0%",0
2026-01-01T18:11:00Z,SUPPORT,100.0,0.0,"B1 logic. V: 0.939, SOC: 100.0%",0
2026-01-01T18:11:05Z,SUPPORT,100.0,0.0,"B1 logic. V: 0.939, SOC: 100.0%",0
2026-01-01T18:11:10Z,SUPPORT,100.0,0.0,"B1 logic. V: 0.939, SOC: 100.0%",0
2026-01-01T18:11:15Z,SUPPORT,100.0,0.0,"B1 logic. V: 0.939, SOC: 100.0%",0
2026-01-01T18:11:20Z,SUPPORT,100.0,0.0,"B1 logic. V: 0.939, SOC: 100.0%",0
2026-01-01T18:11:25Z,SUPPORT,100.0,0.0,"B1 logic. V: 0.939, SOC: 100.0%",0
2026-01-01T18:11:30Z,SUPPORT,100.0,0.0,"B1 logic. V: 0.939, SOC: 100.0%",0
2026-01-01T18:11:35Z,SUPPORT,100.0,0.0,"B1 logic. V: 0.939, SOC: 100.0%",0
2026-01-01T18:11:40Z,SUPPORT,100.0,0.0,"B1 logic. V: 0.939, SOC: 100.0%",0
2026-01-01T18:11:45Z,SUPPORT,100.0,0.0,"B1 logic. V: 0.939, SOC: 100.0%",0
2026-01-01T18:11:50Z,SUPPORT,100.0,0.0,"B1 logic. V: 0.939, SOC: 100.0%",0
2026-01-01T18:11:55Z,SUPPORT,100.0,0.0,"B1 logic. V: 0.939, SOC: 100.0%",0
2026-01-01T18:12:00Z,SUPPORT,100.0,0.0,"B1 logic. V: 0.939, SOC: 100.0%",0
2026-01-01T18:12:05Z,SUPPORT,100.0,0.0,"B1 logic. V: 0.939, SOC: 100.0%",0
2026-01-01T18:12:10Z,SUPPORT,100.0,0.0,"B1 logic. V: 0.939, SOC: 100.0%",0
2026-01-01T18:12:15Z,SUPPORT,100.0,0.0,"B1 logic. V: 0.939, SOC: 100.0%",0
2026-01-01T18:12:20Z,SUPPORT,100.0,0.0,"B1 logic. V: 0.939, SOC: 100.0%",0
2026-01-01T18:12:25Z,SUPPORT,100.0,0.0,"B1 logic. V: 0.939, SOC: 100.0%",0
2026-01-01T18:12:30Z,SUPPORT,100.0,0.0,"B1 logic. V: 0.939, SOC: 100.0%",0
2026-01-01T18:12:35Z,SUPPORT,100.0,0.0,"B1 logic. V: 0.939, SOC: 100.0%",0
2026-01-01T18:12:40Z,SUPPORT,100.0,0.0,"B1 logic. V: 0.939, SOC: 100.0%",0
2026-01-01T18:12:45Z,SUPPORT,100.0,0.0,"B1 logic. V: 0.939, SOC: 100.0%",0
2026-01-01T18:12:50Z,SUPPORT,100.0,0.0,"B1 logic. V: 0.939, SOC: 100.0%",0
2026-01-01T18:12:55Z,SUPPORT,100.0,0.0,"B1 logic. V: 0.939, SOC: 100.0%",0
2026-01-01T18:13:00Z,SUPPORT,100.0,0.0,"B1 logic. V: 0.939, SOC: 100.0%",0
2026-01-01T18:13:05Z,SUPPORT,100.0,0.0,"B1 logic. V: 0.938, SOC: 100.0%",0
2026-01-01T18:13:10Z,SUPPORT,100.0,0.0,"B1 logic. V: 0.938, SOC: 100.0%",0
2026-01-01T18:13:15Z,SUPPORT,100.0,0.0,"B1 logic. V: 0.938, SOC: 100.0%",0
2026-01-01T18:13:20Z,SUPPORT,100.0,0.0,"B1 logic. V: 0.938, SOC: 100.0%",0
2026-01-01T18:13:25Z,SUPPORT,100.0,0.0,"B1 logic. V: 0.938, SOC: 100.0%",0
2026-01-01T18:13:30Z,SUPPORT,100.0,0.0,"B1 logic. V: 0.938, SOC: 100.0%",0
2026-01-01T18:13:35Z,SUPPORT,100.0,0.0,"B1 logic. V: 0.938, SOC: 100.0%",0
2026-01-01T18:13:40Z,SUPPORT,100.0,0.0,"B1 logic. V: 0.938, SOC: 100.0%",0
2026-01-01T18:13:45Z,SUPPORT,100.0,0.0,"B1 logic. V: 0.938, SOC: 100.0%",0
2026-01-01T18:13:50Z,SUPPORT,100.0,0.0,"B1 logic. V: 0.938, SOC: 100.0%",0
2026-01-01T18:13:55Z,SUPPORT,100.0,0.0,"B1 logic. V: 0.938, SOC: 100.0%",0
2026-01-01T18:14:00Z,SUPPORT,100.0,0.0,"B1 logic. V: 0.938, SOC: 100.0%",0
2026-01-01T18:14:05Z,SUPPORT,100.0,0.0,"B1 logic. V: 0.938, SOC: 100.0%",0
2026-01-01T18:14:10Z,SUPPORT,100.0,0.0,"B1 logic. V: 0.938, SOC: 100.0%",0
2026-01-01T18:14:15Z,SUPPORT,100.0,0.0,"B1 logic. V: 0.938, SOC: 100.0%",0
2026-01-01T18:14:20Z,SUPPORT,100.0,0.0,"B1 logic. V: 0.938, SOC: 100.0%",0
2026-01-01T18:14:25Z,SUPPORT,100.0,0.0,"B1 logic. V: 0.938, SOC: 100.0%",0
2026-01-01T18:14:30Z,SUPPORT,100.0,0.0,"B1 logic. V: 0.938, SOC: 100.0%",0
2026-01-01T18:14:35Z,SUPPORT,100.0,0.0,"B1 logic. V: 0.938, SOC: 100.0%",0
2026-01-01T18:14:40Z,SUPPORT,100.0,0.0,"B1 logic. V: 0.938, SOC: 100.0%",0
2026-01-01T18:14:45Z,SUPPORT,100.0,0.0,"B1 logic. V: 0.938, SOC: 100.0%",0
2026-01-01T18:14:50Z,SUPPORT,100.0,0.0,"B1 logic. V: 0.938, SOC: 100.0%",0
2026-01-01T18:14:55Z,SUPPORT,100.0,0.0,"B1 logic. V: 0.938, SOC: 100.0%",0
2026-01-01T18:15:00Z,SUPPORT,100.0,0.0,"B1 logic. V: 0.938, SOC: 100.0%",0
2026-01-01T18:15:05Z,SUPPORT,100.0,0.0,"B1 logic. V: 0.938, SOC: 100.0%",0
2026-01-01T18:15:10Z,SUPPORT,100.0,0.0,"B1 logic. V: 0.938, SOC: 100.0%",0
2026-01-01T18:15:15Z,SUPPORT,100.0,0.0,"B1 logic. V: 0.938, SOC: 100.0%",0
2026-01-01T18:15:20Z,SUPPORT,100.0,0.0,"B1 logic. V: 0.938, SOC: 100.0%",0
2026-01-01T18:15:25Z,SUPPORT,100.0,0.0,"B1 logic. V: 0.938, SOC: 100.0%",0
2026-01-01T18:15:30Z,SUPPORT,100.0,0.0,"B1 logic. V: 0.938, SOC: 100.0%",0
2026-01-01T18:15:35Z,SUPPORT,100.0,0.0,"B1 logic. V: 0.938, SOC: 100.0%",0
2026-01-01T18:15:40Z,SUPPORT,100.0,0.0,"B1 logic. V: 0.938, SOC: 100.0%",0
2026-01-01T18:15:45Z,SUPPORT,100.0,0.0,"B1 logic. V: 0.938, SOC: 100.0%",0
2026-01-01T18:15:50Z,SUPPORT,100.0,0.0,"B1 logic. V: 0.938, SOC: 100.0%",0
2026-01-01T18:15:55Z,SUPPORT,100.0,0.0,"B1 logic. V: 0.938, SOC: 100.0%",0
2026-01-01T18:16:00Z,SUPPORT,100.0,0.0,"B1 logic. V: 0.938, SOC: 100.0%",0
2026-01-01T18:16:05Z,SUPPORT,100.0,0.0,"B1 logic. V: 0.937, SOC: 100.0%",0
2026-01-01T18:16:10Z,SUPPORT,100.0,0.0,"B1 logic. V: 0.937, SOC: 100.0%",0
2026-01-01T18:16:15Z,SUPPORT,100.0,0.0,"B1 logic. V: 0.937, SOC: 100.0%",0
2026-01-01T18:16:20Z,SUPPORT,100.0,0.0,"B1 logic. V: 0.937, SOC: 100.0%",0
2026-01-01T18:16:25Z,SUPPORT,100.0,0.0,"B1 logic. V: 0.937, SOC: 100.0%",0
2026-01-01T18:16:30Z,SUPPORT,100.0,0.0,"B1 logic. V: 0.937, SOC: 100.0%",0
2026-01-01T18:16:35Z,SUPPORT,100.0,0.0,"B1 logic. V: 0.937, SOC: 100.0%",0
2026-01-01T18:16:40Z,SUPPORT,100.0,0.0,"B1 logic. V: 0.937, SOC: 100.0%",0
2026-01-01T18:16:45Z,SUPPORT,100.0,0.0,"B1 logic. V: 0.937, SOC: 100.0%",0
2026-01-01T18:16:50Z,SUPPORT,100.0,0.0,"B1 logic. V: 0.937, SOC: 100.0%",0
2026-01-01T18:16:55Z,SUPPORT,100.0,0.0,"B1 logic. V: 0.937, SOC: 100.0%",0
2026-01-01T18:17:00Z,SUPPORT,100.0,0.0,"B1 logic. V: 0.937, SOC: 100.0%",0
2026-01-01T18:17:05Z,SUPPORT,100.0,0.0,"B1 logic. V: 0.937, SOC: 100.0%",0
2026-01-01T18:17:10Z,SUPPORT,100.0,0.0,"B1 logic. V: 0.937, SOC: 100.0%",0
2026-01-01T18:17:15Z,SUPPORT,100.0,0.0,"B1 logic. V: 0.937, SOC: 100.0%",0
2026-01-01T18:17:20Z,SUPPORT,100.0,0.0,"B1 logic. V: 0.937, SOC: 100.0%",0
2026-01-01T18:17:25Z,SUPPORT,100.0,0.0,"B1 logic. V: 0.937, SOC: 100.0%",0
2026-01-01T18:17:30Z,SUPPORT,100.0,0.0,"B1 logic. V: 0.937, SOC: 100.0%",0
2026-01-01T18:17:35Z,SUPPORT,100.0,0.0,"B1 logic. V: 0.937, SOC: 100.0%",0
2026-01-01T18:17:40Z,SUPPORT,100.0,0.0,"B1 logic. V: 0.937, SOC: 100.0%",0
2026-01-01T18:17:45Z,SUPPORT,100.0,0.0,"B1 logic. V: 0.937, SOC: 100.0%",0
2026-01-01T18:17:50Z,SUPPORT,100.0,0.0,"B1 logic. V: 0.937, SOC: 100.0%",0
2026-01-01T18:17:55Z,SUPPORT,100.0,0.0,"B1 logic. V: 0.937, SOC: 100.0%",0
2026-01-01T18:18:00Z,SUPPORT,100.0,0.0,"B1 logic. V: 0.937, SOC: 100.0%",0
2026-01-01T18:18:05Z,SUPPORT,100.0,0.0,"B1 logic. V: 0.937, SOC: 100.0%",0
2026-01-01T18:18:10Z,SUPPORT,100.0,0.0,"B1 logic. V: 0.937, SOC: 100.0%",0
2026-01-01T18:18:15Z,SUPPORT,100.0,0.0,"B1 logic. V: 0.937, SOC: 100.0%",0
2026-01-01T18:18:20Z,SUPPORT,100.0,0.0,"B1 logic. V: 0.937, SOC: 100.0%",0
2026-01-01T18:18:25Z,SUPPORT,100.0,0.0,"B1 logic. V: 0.937, SOC: 100.0%",0
2026-01-01T18:18:30Z,SUPPORT,100.0,0.0,"B1 logic. V: 0.937, SOC: 100.0%",0
2026-01-01T18:18:35Z,SUPPORT,100.0,0.0,"B1 logic. V: 0.937, SOC: 100.0%",0
2026-01-01T18:18:40Z,SUPPORT,100.0,0.0,"B1 logic. V: 0.937, SOC: 100.0%",0
2026-01-01T18:18:45Z,SUPPORT,100.0,0.0,"B1 logic. V: 0.937, SOC: 100.0%",0
2026-01-01T18:18:50Z,SUPPORT,100.0,0.0,"B1 logic. V: 0.937, SOC: 100.0%",0
2026-01-01T18:18:55Z,SUPPORT,100.0,0.0,"B1 logic. V: 0.937, SOC: 100.0%",0
2026-01-01T18:19:00Z,SUPPORT,100.0,0.0,"B1 logic. V: 0.937, SOC: 100.0%",0
2026-01-01T18:19:05Z,SUPPORT,100.0,0.0,"B1 logic. V: 0.936, SOC: 100.0%",0
2026-01-01T18:19:10Z,SUPPORT,100.0,0.0,"B1 logic. V: 0.936, SOC: 100.0%",0
2026-01-01T18:19:15Z,SUPPORT,100.0,0.0,"B1 logic. V: 0.936, SOC: 100.0%",0
2026-01-01T18:19:20Z,SUPPORT,100.0,0.0,"B1 logic. V: 0.936, SOC: 100.0%",0
2026-01-01T18:19:25Z,SUPPORT,100.0,0.0,"B1 logic. V: 0.936, SOC: 100.0%",0
2026-01-01T18:19:30Z,SUPPORT,100.0,0.0,"B1 logic. V: 0.936, SOC: 100.0%",0
2026-01-01T18:19:35Z,SUPPORT,100.0,0.0,"B1 logic. V: 0.936, SOC: 100.0%",0
2026-01-01T18:19:40Z,SUPPORT,100.0,0.0,"B1 logic. V: 0.936, SOC: 100.0%",0
2026-01-01T18:19:45Z,SUPPORT,100.0,0.0,"B1 logic. V: 0.936, SOC: 100.0%",0
2026-01-01T18:19:50Z,SUPPORT,100.0,0.0,"B1 logic. V: 0.936, SOC: 100.0%",0
2026-01-01T18:19:55Z,SUPPORT,100.0,0.0,"B1 logic. V: 0.936, SOC: 100.0%",0
2026-01-01T18:20:00Z,SUPPORT,100.0,0.0,"B1 logic. V: 0.936, SOC: 100.0%",0
2026-01-01T18:20:05Z,SUPPORT,100.0,0.0,"B1 logic. V: 0.936, SOC: 100.0%",0
2026-01-01T18:20:10Z,SUPPORT,100.0,0.0,"B1 logic. V: 0.936, SOC: 100.0%",0
2026-01-01T18:20:15Z,SUPPORT,100.0,0.0,"B1 logic. V: 0.936, SOC: 100.0%",0
2026-01-01T18:20:20Z,SUPPORT,100.0,0.0,"B1 logic. V: 0.936, SOC: 100.0%",0
2026-01-01T18:20:25Z,SUPPORT,100.0,0.0,"B1 logic. V: 0.936, SOC: 100.0%",0
2026-01-01T18:20:30Z,SUPPORT,100.0,0.0,"B1 logic. V: 0.936, SOC: 100.0%",0
2026-01-01T18:20:35Z,SUPPORT,100.0,0.0,"B1 logic. V: 0.936, SOC: 100.0%",0
2026-01-01T18:20:40Z,SUPPORT,100.0,0.0,"B1 logic. V: 0.936, SOC: 100.0%",0
2026-01-01T18:20:45Z,SUPPORT,100.0,0.0,"B1 logic. V: 0.936, SOC: 100.0%",0
2026-01-01T18:20:50Z,SUPPORT,100.0,0.0,"B1 logic. V: 0.936, SOC: 100.0%",0
2026-01-01T18:20:55Z,SUPPORT,100.0,0.0,"B1 logic. V: 0.936, SOC: 100.0%",0
2026-01-01T18:21:00Z,SUPPORT,100.0,0.0,"B1 logic. V: 0.936, SOC: 100.0%",0
2026-01-01T18:21:05Z,SUPPORT,100.0,0.0,"B1 logic. V: 0.936, SOC: 100.0%",0
2026-01-01T18:21:10Z,SUPPORT,100.0,0.0,"B1 logic. V: 0.936, SOC: 100.0%",0
2026-01-01T18:21:15Z,SUPPORT,100.0,0.0,"B1 logic. V: 0.936, SOC: 100.0%",0
2026-01-01T18:21:20Z,SUPPORT,100.0,0.0,"B1 logic. V: 0.936, SOC: 100.0%",0
2026-01-01T18:21:25Z,SUPPORT,100.0,0.0,"B1 logic. V: 0.936, SOC: 100.0%",0
2026-01-01T18:21:30Z,SUPPORT,100.0,0.0,"B1 logic. V: 0.936, SOC: 100.0%",0
2026-01-01T18:21:35Z,SUPPORT,100.0,0.0,"B1 logic. V: 0.936, SOC: 100.0%",0
2026-01-01T18:21:40Z,SUPPORT,100.0,0.0,"B1 logic. V: 0.936, SOC: 100.0%",0
2026-01-01T18:21:45Z,SUPPORT,100.0,0.0,"B1 logic. V: 0.936, SOC: 100.0%",0
2026-01-01T18:21:50Z,SUPPORT,100.0,0.0,"B1 logic. V: 0.936, SOC: 100.0%",0
2026-01-01T18:21:55Z,SUPPORT,100.0,0.0,"B1 logic. V: 0.936, SOC: 100.0%",0
2026-01-01T18:22:00Z,SUPPORT,100.0,0.0,"B1 logic. V: 0.936, SOC: 100.0%",0
2026-01-01T18:22:05Z,SUPPORT,100.0,0.0,"B1 logic. V: 0.936, SOC: 100.0%",0
2026-01-01T18:22:10Z,SUPPORT,100.0,0.0,"B1 logic. V: 0.936, SOC: 100.0%",0
2026-01-01T18:22:15Z,SUPPORT,100.0,0.0,"B1 logic. V: 0.936, SOC: 100.0%",0
2026-01-01T18:22:20Z,SUPPORT,100.0,0.0,"B1 logic. V: 0.936, SOC: 100.0%",0
2026-01-01T18:22:25Z,SUPPORT,100.0,0.0,"B1 logic. V: 0.936, SOC: 100.0%",0
2026-01-01T18:22:30Z,SUPPORT,100.0,0.0,"B1 logic. V: 0.936, SOC: 100.0%",0
2026-01-01T18:22:35Z,SUPPORT,100.0,0.0,"B1 logic. V: 0.936, SOC: 100.0%",0
2026-01-01T18:22:40Z,SUPPORT,100.0,0.0,"B1 logic. V: 0.936, SOC: 100.0%",0
2026-01-01T18:22:45Z,SUPPORT,100.0,0.0,"B1 logic. V: 0.936, SOC: 100.0%",0
2026-01-01T18:22:50Z,SUPPORT,100.0,0.0,"B1 logic. V: 0.936, SOC: 100.0%",0
2026-01-01T18:22:55Z,SUPPORT,100.0,0.0,"B1 logic. V: 0.936, SOC: 100.0%",0
2026-01-01T18:23:00Z,SUPPORT,100.0,0.0,"B1 logic. V: 0.936, SOC: 100.0%",0
2026-01-01T18:23:05Z,SUPPORT,100.0,0.0,"B1 logic. V: 0.935, SOC: 100.0%",0
2026-01-01T18:23:10Z,SUPPORT,100.0,0.0,"B1 logic. V: 0.935, SOC: 100.0%",0
2026-01-01T18:23:15Z,SUPPORT,100.0,0.0,"B1 logic. V: 0.935, SOC: 100.0%",0
2026-01-01T18:23:20Z,SUPPORT,100.0,0.0,"B1 logic. V: 0.935, SOC: 100.0%",0
2026-01-01T18:23:25Z,SUPPORT,100.0,0.0,"B1 logic. V: 0.935, SOC: 100.0%",0
2026-01-01T18:23:30Z,SUPPORT,100.0,0.0,"B1 logic. V: 0.935, SOC: 100.0%",0
2026-01-01T18:23:35Z,SUPPORT,100.0,0.0,"B1 logic. V: 0.935, SOC: 100.0%",0
2026-01-01T18:23:40Z,SUPPORT,100.0,0.0,"B1 logic. V: 0.935, SOC: 100.0%",0
2026-01-01T18:23:45Z,SUPPORT,100.0,0.0,"B1 logic. V: 0.935, SOC: 100.0%",0
2026-01-01T18:23:50Z,SUPPORT,100.0,0.0,"B1 logic. V: 0.935, SOC: 100.0%",0
2026-01-01T18:23:55Z,SUPPORT,100.0,0.0,"B1 logic. V: 0.935, SOC: 100.0%",0
2026-01-01T18:24:00Z,SUPPORT,100.0,0.0,"B1 logic. V: 0.935, SOC: 100.0%",0
2026-01-01T18:24:05Z,SUPPORT,100.0,0.0,"B1 logic. V: 0.935, SOC: 100.0%",0
2026-01-01T18:24:10Z,SUPPORT,100.0,0.0,"B1 logic. V: 0.935, SOC: 100.0%",0
2026-01-01T18:24:15Z,SUPPORT,100.0,0.0,"B1 logic. V: 0.935, SOC: 100.0%",0
2026-01-01T18:24:20Z,SUPPORT,100.0,0.0,"B1 logic. V: 0.935, SOC: 100.0%",0
2026-01-01T18:24:25Z,SUPPORT,100.0,0.0,"B1 logic. V: 0.935, SOC: 100.0%",0
2026-01-01T18:24:30Z,SUPPORT,100.0,0.0,"B1 logic. V: 0.935, SOC: 100.0%",0
2026-01-01T18:24:35Z,SUPPORT,100.0,0.0,"B1 logic. V: 0.935, SOC: 100.0%",0
2026-01-01T18:24:40Z,SUPPORT,100.0,0.0,"B1 logic. V: 0.935, SOC: 100.0%",0
2026-01-01T18:24:45Z,SUPPORT,100.0,0.0,"B1 logic. V: 0.935, SOC: 100.0%",0
2026-01-01T18:24:50Z,SUPPORT,100.0,0.0,"B1 logic. V: 0.935, SOC: 100.0%",0
2026-01-01T18:24:55Z,SUPPORT,100.0,0.0,"B1 logic. V: 0.935, SOC: 100.0%",0
2026-01-01T18:25:00Z,SUPPORT,100.0,0.0,"B1 logic. V: 0.935, SOC: 100.0%",0
2026-01-01T18:25:05Z,SUPPORT,100.0,0.0,"B1 logic. V: 0.935, SOC: 100.0%",0
2026-01-01T18:25:10Z,SUPPORT,100.0,0.0,"B1 logic. V: 0.935, SOC: 100.0%",0
2026-01-01T18:25:15Z,SUPPORT,100.0,0.0,"B1 logic. V: 0.935, SOC: 100.0%",0
2026-01-01T18:25:20Z,SUPPORT,100.0,0.0,"B1 logic. V: 0.935, SOC: 100.0%",0
2026-01-01T18:25:25Z,SUPPORT,100.0,0.0,"B1 logic. V: 0.935, SOC: 100.0%",0
2026-01-01T18:25:30Z,SUPPORT,100.0,0.0,"B1 logic. V: 0.935, SOC: 100.0%",0
2026-01-01T18:25:35Z,SUPPORT,100.0,0.0,"B1 logic. V: 0.935, SOC: 100.0%",0
2026-01-01T18:25:40Z,SUPPORT,100.0,0.0,"B1 logic. V: 0.935, SOC: 100.0%",0
2026-01-01T18:25:45Z,SUPPORT,100.0,0.0,"B1 logic. V: 0.935, SOC: 100.0%",0
2026-01-01T18:25:50Z,SUPPORT,100.0,0.0,"B1 logic. V: 0.935, SOC: 100.0%",0
2026-01-01T18:25:55Z,SUPPORT,100.0,0.0,"B1 logic. V: 0.935, SOC: 100.0%",0
2026-01-01T18:26:00Z,SUPPORT,100.0,0.0,"B1 logic. V: 0.935, SOC: 100.0%",0
2026-01-01T18:26:05Z,SUPPORT,100.0,0.0,"B1 logic. V: 0.934, SOC: 100.0%",0
2026-01-01T18:26:10Z,SUPPORT,100.0,0.0,"B1 logic. V: 0.934, SOC: 100.0%",0
2026-01-01T18:26:15Z,SUPPORT,100.0,0.0,"B1 logic. V: 0.934, SOC: 100.0%",0
2026-01-01T18:26:20Z,SUPPORT,100.0,0.0,"B1 logic. V: 0.934, SOC: 100.0%",0
2026-01-01T18:26:25Z,SUPPORT,100.0,0.0,"B1 logic. V: 0.934, SOC: 100.0%",0
2026-01-01T18:26:30Z,SUPPORT,100.0,0.0,"B1 logic. V: 0.934, SOC: 100.0%",0
2026-01-01T18:26:35Z,SUPPORT,100.0,0.0,"B1 logic. V: 0.934, SOC: 100.0%",0
2026-01-01T18:26:40Z,SUPPORT,100.0,0.0,"B1 logic. V: 0.934, SOC: 100.0%",0
2026-01-01T18:26:45Z,SUPPORT,100.0,0.0,"B1 logic. V: 0.934, SOC: 100.0%",0
2026-01-01T18:26:50Z,SUPPORT,100.0,0.0,"B1 logic. V: 0.934, SOC: 100.0%",0
2026-01-01T18:26:55Z,SUPPORT,100.0,0.0,"B1 logic. V: 0.934, SOC: 100.0%",0
2026-01-01T18:27:00Z,SUPPORT,100.0,0.0,"B1 logic. V: 0.934, SOC: 100.0%",0
2026-01-01T18:27:05Z,SUPPORT,100.0,0.0,"B1 logic. V: 0.934, SOC: 100.0%",0
2026-01-01T18:27:10Z,SUPPORT,100.0,0.0,"B1 logic. V: 0.934, SOC: 100.0%",0
2026-01-01T18:27:15Z,SUPPORT,100.0,0.0,"B1 logic. V: 0.934, SOC: 100.0%",0
2026-01-01T18:27:20Z,SUPPORT,100.0,0.0,"B1 logic. V: 0.934, SOC: 100.0%",0
2026-01-01T18:27:25Z,SUPPORT,100.0,0.0,"B1 logic. V: 0.934, SOC: 100.0%",0
2026-01-01T18:27:30Z,SUPPORT,100.0,0.0,"B1 logic. V: 0.934, SOC: 100.0%",0
2026-01-01T18:27:35Z,SUPPORT,100.0,0.0,"B1 logic. V: 0.934, SOC: 100.0%",0
2026-01-01T18:27:40Z,SUPPORT,100.0,0.0,"B1 logic. V: 0.934, SOC: 100.0%",0
2026-01-01T18:27:45Z,SUPPORT,100.0,0.0,"B1 logic. V: 0.934, SOC: 100.0%",0
2026-01-01T18:27:50Z,SUPPORT,100.0,0.0,"B1 logic. V: 0.934, SOC: 100.0%",0
2026-01-01T18:27:55Z,SUPPORT,100.0,0.0,"B1 logic. V: 0.934, SOC: 100.0%",0
2026-01-01T18:28:00Z,SUPPORT,100.0,0.0,"B1 logic. V: 0.934, SOC: 100.0%",0
2026-01-01T18:28:05Z,SUPPORT,100.0,0.0,"B1 logic. V: 0.934, SOC: 100.0%",0
2026-01-01T18:28:10Z,SUPPORT,100.0,0.0,"B1 logic. V: 0.934, SOC: 100.0%",0
2026-01-01T18:28:15Z,SUPPORT,100.0,0.0,"B1 logic. V: 0.934, SOC: 100.0%",0
2026-01-01T18:28:20Z,SUPPORT,100.0,0.0,"B1 logic. V: 0.934, SOC: 100.0%",0
2026-01-01T18:28:25Z,SUPPORT,100.0,0.0,"B1 logic. V: 0.934, SOC: 100.0%",0
2026-01-01T18:28:30Z,SUPPORT,100.0,0.0,"B1 logic. V: 0.934, SOC: 100.0%",0
2026-01-01T18:28:35Z,SUPPORT,100.0,0.0,"B1 logic. V: 0.934, SOC: 100.0%",0
2026-01-01T18:28:40Z,SUPPORT,100.0,0.0,"B1 logic. V: 0.934, SOC: 100.0%",0
2026-01-01T18:28:45Z,SUPPORT,100.0,0.0,"B1 logic. V: 0.934, SOC: 100.0%",0
2026-01-01T18:28:50Z,SUPPORT,100.0,0.0,"B1 logic. V: 0.934, SOC: 100.0%",0
2026-01-01T18:28:55Z,SUPPORT,100.0,0.0,"B1 logic. V: 0.934, SOC: 100.0%",0
2026-01-01T18:29:00Z,SUPPORT,100.0,0.0,"B1 logic. V: 0.934, SOC: 100.0%",0
2026-01-01T18:29:05Z,SUPPORT,100.0,0.0,"B1 logic. V: 0.933, SOC: 100.0%",0
2026-01-01T18:29:10Z,SUPPORT,100.0,0.0,"B1 logic. V: 0.933, SOC: 100.0%",0
2026-01-01T18:29:15Z,SUPPORT,100.0,0.0,"B1 logic. V: 0.933, SOC: 100.0%",0
2026-01-01T18:29:20Z,SUPPORT,100.0,0.0,"B1 logic. V: 0.933, SOC: 100.0%",0
2026-01-01T18:29:25Z,SUPPORT,100.0,0.0,"B1 logic. V: 0.933, SOC: 100.0%",0
2026-01-01T18:29:30Z,SUPPORT,100.0,0.0,"B1 logic. V: 0.933, SOC: 100.0%",0
2026-01-01T18:29:35Z,SUPPORT,100.0,0.0,"B1 logic. V: 0.933, SOC: 100.0%",0
2026-01-01T18:29:40Z,SUPPORT,100.0,0.0,"B1 logic. V: 0.933, SOC: 100.0%",0
2026-01-01T18:29:45Z,SUPPORT,100.0,0.0,"B1 logic. V: 0.933, SOC: 100.0%",0
2026-01-01T18:29:50Z,SUPPORT,100.0,0.0,"B1 logic. V: 0.933, SOC: 100.0%",0
2026-01-01T18:29:55Z,SUPPORT,100.0,0.0,"B1 logic. V: 0.933, SOC: 100.0%",0
2026-01-01T18:30:00Z,SUPPORT,100.0,0.0,"B1 logic. V: 0.933, SOC: 100.0%",0
2026-01-01T18:30:05Z,SUPPORT,100.0,0.0,"B1 logic. V: 0.933, SOC: 100.0%",0
2026-01-01T18:30:10Z,SUPPORT,100.0,0.0,"B1 logic. V: 0.933, SOC: 100.0%",0
2026-01-01T18:30:15Z,SUPPORT,100.0,0.0,"B1 logic. V: 0.933, SOC: 100.0%",0
2026-01-01T18:30:20Z,SUPPORT,100.0,0.0,"B1 logic. V: 0.933, SOC: 100.0%",0
2026-01-01T18:30:25Z,SUPPORT,100.0,0.0,"B1 logic. V: 0.933, SOC: 100.0%",0
2026-01-01T18:30:30Z,SUPPORT,100.0,0.0,"B1 logic. V: 0.933, SOC: 100.0%",0
2026-01-01T18:30:35Z,SUPPORT,100.0,0.0,"B1 logic. V: 0.933, SOC: 100.0%",0
2026-01-01T18:30:40Z,SUPPORT,100.0,0.0,"B1 logic. V: 0.933, SOC: 100.0%",0
2026-01-01T18:30:45Z,SUPPORT,100.0,0.0,"B1 logic. V: 0.933, SOC: 100.0%",0
2026-01-01T18:30:50Z,SUPPORT,100.0,0.0,"B1 logic. V: 0.933, SOC: 100.0%",0
2026-01-01T18:30:55Z,SUPPORT,100.0,0.0,"B1 logic. V: 0.933, SOC: 100.0%",0
2026-01-01T18:31:00Z,SUPPORT,100.0,0.0,"B1 logic. V: 0.933, SOC: 100.0%",0
2026-01-01T18:31:05Z,SUPPORT,100.0,0.0,"B1 logic. V: 0.933, SOC: 100.0%",0
2026-01-01T18:31:10Z,SUPPORT,100.0,0.0,"B1 logic. V: 0.933, SOC: 100.0%",0
2026-01-01T18:31:15Z,SUPPORT,100.0,0.0,"B1 logic. V: 0.933, SOC: 100.0%",0
2026-01-01T18:31:20Z,SUPPORT,100.0,0.0,"B1 logic. V: 0.933, SOC: 100.0%",0
2026-01-01T18:31:25Z,SUPPORT,100.0,0.0,"B1 logic. V: 0.933, SOC: 100.0%",0
2026-01-01T18:31:30Z,SUPPORT,100.0,0.0,"B1 logic. V: 0.933, SOC: 100.0%",0
2026-01-01T18:31:35Z,SUPPORT,100.0,0.0,"B1 logic. V: 0.933, SOC: 100.0%",0
2026-01-01T18:31:40Z,SUPPORT,100.0,0.0,"B1 logic. V: 0.933, SOC: 100.0%",0
2026-01-01T18:31:45Z,SUPPORT,100.0,0.0,"B1 logic. V: 0.933, SOC: 100.0%",0
2026-01-01T18:31:50Z,SUPPORT,100.0,0.0,"B1 logic. V: 0.933, SOC: 100.0%",0
2026-01-01T18:31:55Z,SUPPORT,100.0,0.0,"B1 logic. V: 0.933, SOC: 100.0%",0
2026-01-01T18:32:00Z,SUPPORT,100.0,0.0,"B1 logic. V: 0.933, SOC: 100.0%",0
2026-01-01T18:32:05Z,SUPPORT,100.0,0.0,"B1 logic. V: 0.932, SOC: 100.0%",0
2026-01-01T18:32:10Z,SUPPORT,100.0,0.0,"B1 logic. V: 0.932, SOC: 100.0%",0
2026-01-01T18:32:15Z,SUPPORT,100.0,0.0,"B1 logic. V: 0.932, SOC: 100.0%",0
2026-01-01T18:32:20Z,SUPPORT,100.0,0.0,"B1 logic. V: 0.932, SOC: 100.0%",0
2026-01-01T18:32:25Z,SUPPORT,100.0,0.0,"B1 logic. V: 0.932, SOC: 100.0%",0
2026-01-01T18:32:30Z,SUPPORT,100.0,0.0,"B1 logic. V: 0.932, SOC: 100.0%",0
2026-01-01T18:32:35Z,SUPPORT,100.0,0.0,"B1 logic. V: 0.932, SOC: 100.0%",0
2026-01-01T18:32:40Z,SUPPORT,100.0,0.0,"B1 logic. V: 0.932, SOC: 100.0%",0
2026-01-01T18:32:45Z,SUPPORT,100.0,0.0,"B1 logic. V: 0.932, SOC: 100.0%",0
2026-01-01T18:32:50Z,SUPPORT,100.0,0.0,"B1 logic. V: 0.932, SOC: 100.0%",0
2026-01-01T18:32:55Z,SUPPORT,100.0,0.0,"B1 logic. V: 0.932, SOC: 100.0%",0
2026-01-01T18:33:00Z,SUPPORT,100.0,0.0,"B1 logic. V: 0.932, SOC: 100.0%",0
2026-01-01T18:33:05Z,SUPPORT,100.0,0.0,"B1 logic. V: 0.932, SOC: 100.0%",0
2026-01-01T18:33:10Z,SUPPORT,100.0,0.0,"B1 logic. V: 0.932, SOC: 100.0%",0
2026-01-01T18:33:15Z,SUPPORT,100.0,0.0,"B1 logic. V: 0.932, SOC: 100.0%",0
2026-01-01T18:33:20Z,SUPPORT,100.0,0.0,"B1 logic. V: 0.932, SOC: 100.0%",0
2026-01-01T18:33:25Z,SUPPORT,100.0,0.0,"B1 logic. V: 0.932, SOC: 100.0%",0
2026-01-01T18:33:30Z,SUPPORT,100.0,0.0,"B1 logic. V: 0.932, SOC: 100.0%",0
2026-01-01T18:33:35Z,SUPPORT,100.0,0.0,"B1 logic. V: 0.932, SOC: 100.0%",0
2026-01-01T18:33:40Z,SUPPORT,100.0,0.0,"B1 logic. V: 0.932, SOC: 100.0%",0
2026-01-01T18:33:45Z,SUPPORT,100.0,0.0,"B1 logic. V: 0.932, SOC: 100.0%",0
2026-01-01T18:33:50Z,SUPPORT,100.0,0.0,"B1 logic. V: 0.932, SOC: 100.0%",0
2026-01-01T18:33:55Z,SUPPORT,100.0,0.0,"B1 logic. V: 0.932, SOC: 100.0%",0
2026-01-01T18:34:00Z,SUPPORT,100.0,0.0,"B1 logic. V: 0.932, SOC: 100.0%",0
2026-01-01T18:34:05Z,SUPPORT,100.0,0.0,"B1 logic. V: 0.932, SOC: 100.0%",0
2026-01-01T18:34:10Z,SUPPORT,100.0,0.0,"B1 logic. V: 0.932, SOC: 100.0%",0
2026-01-01T18:34:15Z,SUPPORT,100.0,0.0,"B1 logic. V: 0.932, SOC: 100.0%",0
2026-01-01T18:34:20Z,SUPPORT,100.0,0.0,"B1 logic. V: 0.932, SOC: 100.0%",0
2026-01-01T18:34:25Z,SUPPORT,100.0,0.0,"B1 logic. V: 0.932, SOC: 100.0%",0
2026-01-01T18:34:30Z,SUPPORT,100.0,0.0,"B1 logic. V: 0.932, SOC: 100.0%",0
2026-01-01T18:34:35Z,SUPPORT,100.0,0.0,"B1 logic. V: 0.932, SOC: 100.0%",0
2026-01-01T18:34:40Z,SUPPORT,100.0,0.0,"B1 logic. V: 0.932, SOC: 100.0%",0
2026-01-01T18:34:45Z,SUPPORT,100.0,0.0,"B1 logic. V: 0.932, SOC: 100.0%",0
2026-01-01T18:34:50Z,SUPPORT,100.0,0.0,"B1 logic. V: 0.932, SOC: 100.0%",0
2026-01-01T18:34:55Z,SUPPORT,100.0,0.0,"B1 logic. V: 0.932, SOC: 100.0%",0
2026-01-01T18:35:00Z,SUPPORT,100.0,0.0,"B1 logic. V: 0.932, SOC: 100.0%",0
2026-01-01T18:35:05Z,SUPPORT,100.0,0.0,"B1 logic. V: 0.931, SOC: 100.0%",0
2026-01-01T18:35:10Z,SUPPORT,100.0,0.0,"B1 logic. V: 0.931, SOC: 100.0%",0
2026-01-01T18:35:15Z,SUPPORT,100.0,0.0,"B1 logic. V: 0.931, SOC: 100.0%",0
2026-01-01T18:35:20Z,SUPPORT,100.0,0.0,"B1 logic. V: 0.931, SOC: 100.0%",0
2026-01-01T18:35:25Z,SUPPORT,100.0,0.0,"B1 logic. V: 0.931, SOC: 100.0%",0
2026-01-01T18:35:30Z,SUPPORT,100.0,0.0,"B1 logic. V: 0.931, SOC: 100.0%",0
2026-01-01T18:35:35Z,SUPPORT,100.0,0.0,"B1 logic. V: 0.931, SOC: 100.0%",0
2026-01-01T18:35:40Z,SUPPORT,100.0,0.0,"B1 logic. V: 0.931, SOC: 100.0%",0
2026-01-01T18:35:45Z,SUPPORT,100.0,0.0,"B1 logic. V: 0.931, SOC: 100.0%",0
2026-01-01T18:35:50Z,SUPPORT,100.0,0.0,"B1 logic. V: 0.931, SOC: 100.0%",0
2026-01-01T18:35:55Z,SUPPORT,100.0,0.0,"B1 logic. V: 0.931, SOC: 100.0%",0
2026-01-01T18:36:00Z,SUPPORT,100.0,0.0,"B1 logic. V: 0.931, SOC: 100.0%",0
2026-01-01T18:36:05Z,SUPPORT,100.0,0.0,"B1 logic. V: 0.931, SOC: 100.0%",0
2026-01-01T18:36:10Z,SUPPORT,100.0,0.0,"B1 logic. V: 0.931, SOC: 100.0%",0
2026-01-01T18:36:15Z,SUPPORT,100.0,0.0,"B1 logic. V: 0.931, SOC: 100.0%",0
2026-01-01T18:36:20Z,SUPPORT,100.0,0.0,"B1 logic. V: 0.931, SOC: 100.0%",0
2026-01-01T18:36:25Z,SUPPORT,100.0,0.0,"B1 logic. V: 0.931, SOC: 100.0%",0
2026-01-01T18:36:30Z,SUPPORT,100.0,0.0,"B1 logic. V: 0.931, SOC: 100.0%",0
2026-01-01T18:36:35Z,SUPPORT,100.0,0.0,"B1 logic. V: 0.931, SOC: 100.0%",0
2026-01-01T18:36:40Z,SUPPORT,100.0,0.0,"B1 logic. V: 0.931, SOC: 100.0%",0
2026-01-01T18:36:45Z,SUPPORT,100.0,0.0,"B1 logic. V: 0.931, SOC: 100.0%",0
2026-01-01T18:36:50Z,SUPPORT,100.0,0.0,"B1 logic. V: 0.931, SOC: 100.0%",0
2026-01-01T18:36:55Z,SUPPORT,100.0,0.0,"B1 logic. V: 0.931, SOC: 100.0%",0
2026-01-01T18:37:00Z,SUPPORT,100.0,0.0,"B1 logic. V: 0.931, SOC: 100.0%",0
2026-01-01T18:37:05Z,SUPPORT,100.0,0.0,"B1 logic. V: 0.931, SOC: 100.0%",0
2026-01-01T18:37:10Z,SUPPORT,100.0,0.0,"B1 logic. V: 0.931, SOC: 100.0%",0
2026-01-01T18:37:15Z,SUPPORT,100.0,0.0,"B1 logic. V: 0.931, SOC: 100.0%",0
2026-01-01T18:37:20Z,SUPPORT,100.0,0.0,"B1 logic. V: 0.931, SOC: 100.0%",0
2026-01-01T18:37:25Z,SUPPORT,100.0,0.0,"B1 logic. V: 0.931, SOC: 100.0%",0
2026-01-01T18:37:30Z,SUPPORT,100.0,0.0,"B1 logic. V: 0.931, SOC: 100.0%",0
2026-01-01T18:37:35Z,SUPPORT,100.0,0.0,"B1 logic. V: 0.931, SOC: 100.0%",0
2026-01-01T18:37:40Z,SUPPORT,100.0,0.0,"B1 logic. V: 0.931, SOC: 100.0%",0
2026-01-01T18:37:45Z,SUPPORT,100.0,0.0,"B1 logic. V: 0.931, SOC: 100.0%",0
2026-01-01T18:37:50Z,SUPPORT,100.0,0.0,"B1 logic. V: 0.931, SOC: 100.0%",0
2026-01-01T18:37:55Z,SUPPORT,100.0,0.0,"B1 logic. V: 0.931, SOC: 100.0%",0
2026-01-01T18:38:00Z,SUPPORT,100.0,0.0,"B1 logic. V: 0.931, SOC: 100.0%",0
2026-01-01T18:38:05Z,SUPPORT,100.0,0.0,"B1 logic. V: 0.930, SOC: 100.0%",0
2026-01-01T18:38:10Z,SUPPORT,100.0,0.0,"B1 logic. V: 0.930, SOC: 100.0%",0
2026-01-01T18:38:15Z,SUPPORT,100.0,0.0,"B1 logic. V: 0.930, SOC: 100.0%",0
2026-01-01T18:38:20Z,SUPPORT,100.0,0.0,"B1 logic. V: 0.930, SOC: 100.0%",0
2026-01-01T18:38:25Z,SUPPORT,100.0,0.0,"B1 logic. V: 0.930, SOC: 100.0%",0
2026-01-01T18:38:30Z,SUPPORT,100.0,0.0,"B1 logic. V: 0.930, SOC: 100.0%",0
2026-01-01T18:38:35Z,SUPPORT,100.0,0.0,"B1 logic. V: 0.930, SOC: 100.0%",0
2026-01-01T18:38:40Z,SUPPORT,100.0,0.0,"B1 logic. V: 0.930, SOC: 100.0%",0
2026-01-01T18:38:45Z,SUPPORT,100.0,0.0,"B1 logic. V: 0.930, SOC: 100.0%",0
2026-01-01T18:38:50Z,SUPPORT,100.0,0.0,"B1 logic. V: 0.930, SOC: 100.0%",0
2026-01-01T18:38:55Z,SUPPORT,100.0,0.0,"B1 logic. V: 0.930, SOC: 100.0%",0
2026-01-01T18:39:00Z,SUPPORT,100.0,0.0,"B1 logic. V: 0.930, SOC: 100.0%",0
2026-01-01T18:39:05Z,SUPPORT,100.0,0.0,"B1 logic. V: 0.930, SOC: 100.0%",0
2026-01-01T18:39:10Z,SUPPORT,100.0,0.0,"B1 logic. V: 0.930, SOC: 100.0%",0
2026-01-01T18:39:15Z,SUPPORT,100.0,0.0,"B1 logic. V: 0.930, SOC: 100.0%",0
2026-01-01T18:39:20Z,SUPPORT,100.0,0.0,"B1 logic. V: 0.930, SOC: 100.0%",0
2026-01-01T18:39:25Z,SUPPORT,100.0,0.0,"B1 logic. V: 0.930, SOC: 100.0%",0
2026-01-01T18:39:30Z,SUPPORT,100.0,0.0,"B1 logic. V: 0.930, SOC: 100.0%",0
2026-01-01T18:39:35Z,SUPPORT,100.0,0.0,"B1 logic. V: 0.930, SOC: 100.0%",0
2026-01-01T18:39:40Z,SUPPORT,100.0,0.0,"B1 logic. V: 0.930, SOC: 100.0%",0
2026-01-01T18:39:45Z,SUPPORT,100.0,0.0,"B1 logic. V: 0.930, SOC: 100.0%",0
2026-01-01T18:39:50Z,SUPPORT,100.0,0.0,"B1 logic. V: 0.930, SOC: 100.0%",0
2026-01-01T18:39:55Z,SUPPORT,100.0,0.0,"B1 logic. V: 0.930, SOC: 100.0%",0
2026-01-01T18:40:00Z,SUPPORT,100.0,0.0,"B1 logic. V: 0.930, SOC: 100.0%",0
2026-01-01T18:40:05Z,SUPPORT,100.0,0.0,"B1 logic. V: 0.930, SOC: 100.0%",0
2026-01-01T18:40:10Z,SUPPORT,100.0,0.0,"B1 logic. V: 0.930, SOC: 100.0%",0
2026-01-01T18:40:15Z,SUPPORT,100.0,0.0,"B1 logic. V: 0.930, SOC: 100.0%",0
2026-01-01T18:40:20Z,SUPPORT,100.0,0.0,"B1 logic. V: 0.930, SOC: 100.0%",0
2026-01-01T18:40:25Z,SUPPORT,100.0,0.0,"B1 logic. V: 0.930, SOC: 100.0%",0
2026-01-01T18:40:30Z,SUPPORT,100.0,0.0,"B1 logic. V: 0.930, SOC: 100.0%",0
2026-01-01T18:40:35Z,SUPPORT,100.0,0.0,"B1 logic. V: 0.930, SOC: 100.0%",0
2026-01-01T18:40:40Z,SUPPORT,100.0,0.0,"B1 logic. V: 0.930, SOC: 100.0%",0
2026-01-01T18:40:45Z,SUPPORT,100.0,0.0,"B1 logic. V: 0.930, SOC: 100.0%",0
2026-01-01T18:40:50Z,SUPPORT,100.0,0.0,"B1 logic. V: 0.930, SOC: 100.0%",0
2026-01-01T18:40:55Z,SUPPORT,100.0,0.0,"B1 logic. V: 0.930, SOC: 100.0%",0
2026-01-01T18:41:00Z,SUPPORT,100.0,0.0,"B1 logic. V: 0.930, SOC: 100.0%",0
2026-01-01T18:41:05Z,SUPPORT,100.0,0.0,"B1 logic. V: 0.929, SOC: 100.0%",0
2026-01-01T18:41:10Z,SUPPORT,100.0,0.0,"B1 logic. V: 0.929, SOC: 100.0%",0
2026-01-01T18:41:15Z,SUPPORT,100.0,0.0,"B1 logic. V: 0.929, SOC: 100.0%",0
2026-01-01T18:41:20Z,SUPPORT,100.0,0.0,"B1 logic. V: 0.929, SOC: 100.0%",0
2026-01-01T18:41:25Z,SUPPORT,100.0,0.0,"B1 logic. V: 0.929, SOC: 100.0%",0
2026-01-01T18:41:30Z,SUPPORT,100.0,0.0,"B1 logic. V: 0.929, SOC: 100.0%",0
2026-01-01T18:41:35Z,SUPPORT,100.0,0.0,"B1 logic. V: 0.929, SOC: 100.0%",0
2026-01-01T18:41:40Z,SUPPORT,100.0,0.0,"B1 logic. V: 0.929, SOC: 100.0%",0
2026-01-01T18:41:45Z,SUPPORT,100.0,0.0,"B1 logic. V: 0.929, SOC: 100.0%",0
2026-01-01T18:41:50Z,SUPPORT,100.0,0.0,"B1 logic. V: 0.929, SOC: 100.0%",0
2026-01-01T18:41:55Z,SUPPORT,100.0,0.0,"B1 logic. V: 0.929, SOC: 100.0%",0
2026-01-01T18:42:00Z,SUPPORT,100.0,0.0,"B1 logic. V: 0.929, SOC: 100.0%",0
2026-01-01T18:42:05Z,SUPPORT,100.0,0.0,"B1 logic. V: 0.929, SOC: 100.0%",0
2026-01-01T18:42:10Z,SUPPORT,100.0,0.0,"B1 logic. V: 0.929, SOC: 100.0%",0
2026-01-01T18:42:15Z,SUPPORT,100.0,0.0,"B1 logic. V: 0.929, SOC: 100.0%",0
2026-01-01T18:42:20Z,SUPPORT,100.0,0.0,"B1 logic. V: 0.929, SOC: 100.0%",0
2026-01-01T18:42:25Z,SUPPORT,100.0,0.0,"B1 logic. V: 0.929, SOC: 100.0%",0
2026-01-01T18:42:30Z,SUPPORT,100.0,0.0,"B1 logic. V: 0.929, SOC: 100.0%",0
2026-01-01T18:42:35Z,SUPPORT,100.0,0.0,"B1 logic. V: 0.929, SOC: 100.0%",0
2026-01-01T18:42:40Z,SUPPORT,100.0,0.0,"B1 logic. V: 0.929, SOC: 100.0%",0
2026-01-01T18:42:45Z,SUPPORT,100.0,0.0,"B1 logic. V: 0.929, SOC: 100.0%",0
2026-01-01T18:42:50Z,SUPPORT,100.0,0.0,"B1 logic. V: 0.929, SOC: 100.0%",0
2026-01-01T18:42:55Z,SUPPORT,100.0,0.0,"B1 logic. V: 0.929, SOC: 100.0%",0
2026-01-01T18:43:00Z,SUPPORT,100.0,0.0,"B1 logic. V: 0.929, SOC: 100.0%",0
2026-01-01T18:43:05Z,SUPPORT,100.0,0.0,"B1 logic. V: 0.929, SOC: 100.0%",0
2026-01-01T18:43:10Z,SUPPORT,100.0,0.0,"B1 logic. V: 0.929, SOC: 100.0%",0
2026-01-01T18:43:15Z,SUPPORT,100.0,0.0,"B1 logic. V: 0.929, SOC: 100.0%",0
2026-01-01T18:43:20Z,SUPPORT,100.0,0.0,"B1 logic. V: 0.929, SOC: 100.0%",0
2026-01-01T18:43:25Z,SUPPORT,100.0,0.0,"B1 logic. V: 0.929, SOC: 100.0%",0
2026-01-01T18:43:30Z,SUPPORT,100.0,0.0,"B1 logic. V: 0.929, SOC: 100.0%",0
2026-01-01T18:43:35Z,SUPPORT,100.0,0.0,"B1 logic. V: 0.929, SOC: 100.0%",0
2026-01-01T18:43:40Z,SUPPORT,100.0,0.0,"B1 logic. V: 0.929, SOC: 100.0%",0
2026-01-01T18:43:45Z,SUPPORT,100.0,0.0,"B1 logic. V: 0.929, SOC: 100.0%",0
2026-01-01T18:43:50Z,SUPPORT,100.0,0.0,"B1 logic. V: 0.929, SOC: 100.0%",0
2026-01-01T18:43:55Z,SUPPORT,100.0,0.0,"B1 logic. V: 0.929, SOC: 100.0%",0
2026-01-01T18:44:00Z,SUPPORT,100.0,0.0,"B1 logic. V: 0.929, SOC: 100.0%",0
2026-01-01T18:44:05Z,SUPPORT,100.0,0.0,"B1 logic. V: 0.929, SOC: 100.0%",0
2026-01-01T18:44:10Z,SUPPORT,100.0,0.0,"B1 logic. V: 0.929, SOC: 100.0%",0
2026-01-01T18:44:15Z,SUPPORT,100.0,0.0,"B1 logic. V: 0.929, SOC: 100.0%",0
2026-01-01T18:44:20Z,SUPPORT,100.0,0.0,"B1 logic. V: 0.929, SOC: 100.0%",0
2026-01-01T18:44:25Z,SUPPORT,100.0,0.0,"B1 logic. V: 0.929, SOC: 100.0%",0
2026-01-01T18:44:30Z,SUPPORT,100.0,0.0,"B1 logic. V: 0.929, SOC: 100.0%",0
2026-01-01T18:44:35Z,SUPPORT,100.0,0.0,"B1 logic. V: 0.929, SOC: 100.0%",0
2026-01-01T18:44:40Z,SUPPORT,100.0,0.0,"B1 logic. V: 0.929, SOC: 100.0%",0
2026-01-01T18:44:45Z,SUPPORT,100.0,0.0,"B1 logic. V: 0.929, SOC: 100.0%",0
2026-01-01T18:44:50Z,SUPPORT,100.0,0.0,"B1 logic. V: 0.929, SOC: 100.0%",0
2026-01-01T18:44:55Z,SUPPORT,100.0,0.0,"B1 logic. V: 0.929, SOC: 100.0%",0
2026-01-01T18:45:00Z,SUPPORT,100.0,0.0,"B1 logic. V: 0.929, SOC: 100.0%",0
2026-01-01T18:45:05Z,SUPPORT,100.0,0.0,"B1 logic. V: 0.928, SOC: 100.0%",0
2026-01-01T18:45:10Z,SUPPORT,100.0,0.0,"B1 logic. V: 0.928, SOC: 100.0%",0
2026-01-01T18:45:15Z,SUPPORT,100.0,0.0,"B1 logic. V: 0.928, SOC: 100.0%",0
2026-01-01T18:45:20Z,SUPPORT,100.0,0.0,"B1 logic. V: 0.928, SOC: 100.0%",0
2026-01-01T18:45:25Z,SUPPORT,100.0,0.0,"B1 logic. V: 0.928, SOC: 100.0%",0
2026-01-01T18:45:30Z,SUPPORT,100.0,0.0,"B1 logic. V: 0.928, SOC: 100.0%",0
2026-01-01T18:45:35Z,SUPPORT,100.0,0.0,"B1 logic. V: 0.928, SOC: 100.0%",0
2026-01-01T18:45:40Z,SUPPORT,100.0,0.0,"B1 logic. V: 0.928, SOC: 100.0%",0
2026-01-01T18:45:45Z,SUPPORT,100.0,0.0,"B1 logic. V: 0.928, SOC: 100.0%",0
2026-01-01T18:45:50Z,SUPPORT,100.0,0.0,"B1 logic. V: 0.928, SOC: 100.0%",0
2026-01-01T18:45:55Z,SUPPORT,100.0,0.0,"B1 logic. V: 0.928, SOC: 100.0%",0
2026-01-01T18:46:00Z,SUPPORT,100.0,0.0,"B1 logic. V: 0.928, SOC: 100.0%",0
2026-01-01T18:46:05Z,SUPPORT,100.0,0.0,"B1 logic. V: 0.928, SOC: 100.0%",0
2026-01-01T18:46:10Z,SUPPORT,100.0,0.0,"B1 logic. V: 0.928, SOC: 100.0%",0
2026-01-01T18:46:15Z,SUPPORT,100.0,0.0,"B1 logic. V: 0.928, SOC: 100.0%",0
2026-01-01T18:46:20Z,SUPPORT,100.0,0.0,"B1 logic. V: 0.928, SOC: 100.0%",0
2026-01-01T18:46:25Z,SUPPORT,100.0,0.0,"B1 logic. V: 0.928, SOC: 100.0%",0
2026-01-01T18:46:30Z,SUPPORT,100.0,0.0,"B1 logic. V: 0.928, SOC: 100.0%",0
2026-01-01T18:46:35Z,SUPPORT,100.0,0.0,"B1 logic. V: 0.928, SOC: 100.0%",0
2026-01-01T18:46:40Z,SUPPORT,100.0,0.0,"B1 logic. V: 0.928, SOC: 100.0%",0
2026-01-01T18:46:45Z,SUPPORT,100.0,0.0,"B1 logic. V: 0.928, SOC: 100.0%",0
2026-01-01T18:46:50Z,SUPPORT,100.0,0.0,"B1 logic. V: 0.928, SOC: 100.0%",0
2026-01-01T18:46:55Z,SUPPORT,100.0,0.0,"B1 logic. V: 0.928, SOC: 100.0%",0
2026-01-01T18:47:00Z,SUPPORT,100.0,0.0,"B1 logic. V: 0.928, SOC: 100.0%",0
2026-01-01T18:47:05Z,SUPPORT,100.0,0.0,"B1 logic. V: 0.928, SOC: 100.0%",0
2026-01-01T18:47:10Z,SUPPORT,100.0,0.0,"B1 logic. V: 0.928, SOC: 100.0%",0
2026-01-01T18:47:15Z,SUPPORT,100.0,0.0,"B1 logic. V: 0.928, SOC: 100.0%",0
2026-01-01T18:47:20Z,SUPPORT,100.0,0.0,"B1 logic. V: 0.928, SOC: 100.0%",0
2026-01-01T18:47:25Z,SUPPORT,100.0,0.0,"B1 logic. V: 0.928, SOC: 100.0%",0
2026-01-01T18:47:30Z,SUPPORT,100.0,0.0,"B1 logic. V: 0.928, SOC: 100.0%",0
2026-01-01T18:47:35Z,SUPPORT,100.0,0.0,"B1 logic. V: 0.928, SOC: 100.0%",0
2026-01-01T18:47:40Z,SUPPORT,100.0,0.0,"B1 logic. V: 0.928, SOC: 100.0%",0
2026-01-01T18:47:45Z,SUPPORT,100.0,0.0,"B1 logic. V: 0.928, SOC: 100.0%",0
2026-01-01T18:47:50Z,SUPPORT,100.0,0.0,"B1 logic. V: 0.928, SOC: 100.0%",0
2026-01-01T18:47:55Z,SUPPORT,100.0,0.0,"B1 logic. V: 0.928, SOC: 100.0%",0
2026-01-01T18:48:00Z,SUPPORT,100.0,0.0,"B1 logic. V: 0.928, SOC: 100.0%",0
2026-01-01T18:48:05Z,SUPPORT,100.0,0.0,"B1 logic. V: 0.927, SOC: 100.0%",0
2026-01-01T18:48:10Z,SUPPORT,100.0,0.0,"B1 logic. V: 0.927, SOC: 100.0%",0
2026-01-01T18:48:15Z,SUPPORT,100.0,0.0,"B1 logic. V: 0.927, SOC: 100.0%",0
2026-01-01T18:48:20Z,SUPPORT,100.0,0.0,"B1 logic. V: 0.927, SOC: 100.0%",0
2026-01-01T18:48:25Z,SUPPORT,100.0,0.0,"B1 logic. V: 0.927, SOC: 100.0%",0
2026-01-01T18:48:30Z,SUPPORT,100.0,0.0,"B1 logic. V: 0.927, SOC: 100.0%",0
2026-01-01T18:48:35Z,SUPPORT,100.0,0.0,"B1 logic. V: 0.927, SOC: 100.0%",0
2026-01-01T18:48:40Z,SUPPORT,100.0,0.0,"B1 logic. V: 0.927, SOC: 100.0%",0
2026-01-01T18:48:45Z,SUPPORT,100.0,0.0,"B1 logic. V: 0.927, SOC: 100.0%",0
2026-01-01T18:48:50Z,SUPPORT,100.0,0.0,"B1 logic. V: 0.927, SOC: 100.0%",0
2026-01-01T18:48:55Z,SUPPORT,100.0,0.0,"B1 logic. V: 0.927, SOC: 100.0%",0
2026-01-01T18:49:00Z,SUPPORT,100.0,0.0,"B1 logic. V: 0.927, SOC: 100.0%",0
2026-01-01T18:49:05Z,SUPPORT,100.0,0.0,"B1 logic. V: 0.927, SOC: 100.0%",0
2026-01-01T18:49:10Z,SUPPORT,100.0,0.0,"B1 logic. V: 0.927, SOC: 100.0%",0
2026-01-01T18:49:15Z,SUPPORT,100.0,0.0,"B1 logic. V: 0.927, SOC: 100.0%",0
2026-01-01T18:49:20Z,SUPPORT,100.0,0.0,"B1 logic. V: 0.927, SOC: 100.0%",0
2026-01-01T18:49:25Z,SUPPORT,100.0,0.0,"B1 logic. V: 0.927, SOC: 100.0%",0
2026-01-01T18:49:30Z,SUPPORT,100.0,0.0,"B1 logic. V: 0.927, SOC: 100.0%",0
2026-01-01T18:49:35Z,SUPPORT,100.0,0.0,"B1 logic. V: 0.927, SOC: 100.0%",0
2026-01-01T18:49:40Z,SUPPORT,100.0,0.0,"B1 logic. V: 0.927, SOC: 100.0%",0
2026-01-01T18:49:45Z,SUPPORT,100.0,0.0,"B1 logic. V: 0.927, SOC: 100.0%",0
2026-01-01T18:49:50Z,SUPPORT,100.0,0.0,"B1 logic. V: 0.927, SOC: 100.0%",0
2026-01-01T18:49:55Z,SUPPORT,100.0,0.0,"B1 logic. V: 0.927, SOC: 100.0%",0
2026-01-01T18:50:00Z,SUPPORT,100.0,0.0,"B1 logic. V: 0.927, SOC: 100.0%",0
2026-01-01T18:50:05Z,SUPPORT,100.0,0.0,"B1 logic. V: 0.927, SOC: 100.0%",0
2026-01-01T18:50:10Z,SUPPORT,100.0,0.0,"B1 logic. V: 0.927, SOC: 100.0%",0
2026-01-01T18:50:15Z,SUPPORT,100.0,0.0,"B1 logic. V: 0.927, SOC: 100.0%",0
2026-01-01T18:50:20Z,SUPPORT,100.0,0.0,"B1 logic. V: 0.927, SOC: 100.0%",0
2026-01-01T18:50:25Z,SUPPORT,100.0,0.0,"B1 logic. V: 0.927, SOC: 100.0%",0
2026-01-01T18:50:30Z,SUPPORT,100.0,0.0,"B1 logic. V: 0.927, SOC: 100.0%",0
2026-01-01T18:50:35Z,SUPPORT,100.0,0.0,"B1 logic. V: 0.927, SOC: 100.0%",0
2026-01-01T18:50:40Z,SUPPORT,100.0,0.0,"B1 logic. V: 0.927, SOC: 100.0%",0
2026-01-01T18:50:45Z,SUPPORT,100.0,0.0,"B1 logic. V: 0.927, SOC: 100.0%",0
2026-01-01T18:50:50Z,SUPPORT,100.0,0.0,"B1 logic. V: 0.927, SOC: 100.0%",0
2026-01-01T18:50:55Z,SUPPORT,100.0,0.0,"B1 logic. V: 0.927, SOC: 100.0%",0
2026-01-01T18:51:00Z,SUPPORT,100.0,0.0,"B1 logic. V: 0.927, SOC: 100.0%",0
2026-01-01T18:51:05Z,SUPPORT,100.0,0.0,"B1 logic. V: 0.926, SOC: 100.0%",0
2026-01-01T18:51:10Z,SUPPORT,100.0,0.0,"B1 logic. V: 0.926, SOC: 100.0%",0
2026-01-01T18:51:15Z,SUPPORT,100.0,0.0,"B1 logic. V: 0.926, SOC: 100.0%",0
2026-01-01T18:51:20Z,SUPPORT,100.0,0.0,"B1 logic. V: 0.926, SOC: 100.0%",0
2026-01-01T18:51:25Z,SUPPORT,100.0,0.0,"B1 logic. V: 0.926, SOC: 100.0%",0
2026-01-01T18:51:30Z,SUPPORT,100.0,0.0,"B1 logic. V: 0.926, SOC: 100.0%",0
2026-01-01T18:51:35Z,SUPPORT,100.0,0.0,"B1 logic. V: 0.926, SOC: 100.0%",0
2026-01-01T18:51:40Z,SUPPORT,100.0,0.0,"B1 logic. V: 0.926, SOC: 100.0%",0
2026-01-01T18:51:45Z,SUPPORT,100.0,0.0,"B1 logic. V: 0.926, SOC: 100.0%",0
2026-01-01T18:51:50Z,SUPPORT,100.0,0.0,"B1 logic. V: 0.926, SOC: 100.0%",0
2026-01-01T18:51:55Z,SUPPORT,100.0,0.0,"B1 logic. V: 0.926, SOC: 100.0%",0
2026-01-01T18:52:00Z,SUPPORT,100.0,0.0,"B1 logic. V: 0.926, SOC: 100.0%",0
2026-01-01T18:52:05Z,SUPPORT,100.0,0.0,"B1 logic. V: 0.926, SOC: 100.0%",0
2026-01-01T18:52:10Z,SUPPORT,100.0,0.0,"B1 logic. V: 0.926, SOC: 100.0%",0
2026-01-01T18:52:15Z,SUPPORT,100.0,0.0,"B1 logic. V: 0.926, SOC: 100.0%",0
2026-01-01T18:52:20Z,SUPPORT,100.0,0.0,"B1 logic. V: 0.926, SOC: 100.0%",0
2026-01-01T18:52:25Z,SUPPORT,100.0,0.0,"B1 logic. V: 0.926, SOC: 100.0%",0
2026-01-01T18:52:30Z,SUPPORT,100.0,0.0,"B1 logic. V: 0.926, SOC: 100.0%",0
2026-01-01T18:52:35Z,SUPPORT,100.0,0.0,"B1 logic. V: 0.926, SOC: 100.0%",0
2026-01-01T18:52:40Z,SUPPORT,100.0,0.0,"B1 logic. V: 0.926, SOC: 100.0%",0
2026-01-01T18:52:45Z,SUPPORT,100.0,0.0,"B1 logic. V: 0.926, SOC: 100.0%",0
2026-01-01T18:52:50Z,SUPPORT,100.0,0.0,"B1 logic. V: 0.926, SOC: 100.0%",0
2026-01-01T18:52:55Z,SUPPORT,100.0,0.0,"B1 logic. V: 0.926, SOC: 100.0%",0
2026-01-01T18:53:00Z,SUPPORT,100.0,0.0,"B1 logic. V: 0.926, SOC: 100.0%",0
2026-01-01T18:53:05Z,SUPPORT,100.0,0.0,"B1 logic. V: 0.926, SOC: 100.0%",0
2026-01-01T18:53:10Z,SUPPORT,100.0,0.0,"B1 logic. V: 0.926, SOC: 100.0%",0
2026-01-01T18:53:15Z,SUPPORT,100.0,0.0,"B1 logic. V: 0.926, SOC: 100.0%",0
2026-01-01T18:53:20Z,SUPPORT,100.0,0.0,"B1 logic. V: 0.926, SOC: 100.0%",0
2026-01-01T18:53:25Z,SUPPORT,100.0,0.0,"B1 logic. V: 0.926, SOC: 100.0%",0
2026-01-01T18:53:30Z,SUPPORT,100.0,0.0,"B1 logic. V: 0.926, SOC: 100.0%",0
2026-01-01T18:53:35Z,SUPPORT,100.0,0.0,"B1 logic. V: 0.926, SOC: 100.0%",0
2026-01-01T18:53:40Z,SUPPORT,100.0,0.0,"B1 logic. V: 0.926, SOC: 100.0%",0
2026-01-01T18:53:45Z,SUPPORT,100.0,0.0,"B1 logic. V: 0.926, SOC: 100.0%",0
2026-01-01T18:53:50Z,SUPPORT,100.0,0.0,"B1 logic. V: 0.926, SOC: 100.0%",0
2026-01-01T18:53:55Z,SUPPORT,100.0,0.0,"B1 logic. V: 0.926, SOC: 100.0%",0
2026-01-01T18:54:00Z,SUPPORT,100.0,0.0,"B1 logic. V: 0.926, SOC: 100.0%",0
2026-01-01T18:54:05Z,SUPPORT,100.0,0.0,"B1 logic. V: 0.925, SOC: 100.0%",0
2026-01-01T18:54:10Z,SUPPORT,100.0,0.0,"B1 logic. V: 0.925, SOC: 100.0%",0
2026-01-01T18:54:15Z,SUPPORT,100.0,0.0,"B1 logic. V: 0.925, SOC: 100.0%",0
2026-01-01T18:54:20Z,SUPPORT,100.0,0.0,"B1 logic. V: 0.925, SOC: 100.0%",0
2026-01-01T18:54:25Z,SUPPORT,100.0,0.0,"B1 logic. V: 0.925, SOC: 100.0%",0
2026-01-01T18:54:30Z,SUPPORT,100.0,0.0,"B1 logic. V: 0.925, SOC: 100.0%",0
2026-01-01T18:54:35Z,SUPPORT,100.0,0.0,"B1 logic. V: 0.925, SOC: 100.0%",0
2026-01-01T18:54:40Z,SUPPORT,100.0,0.0,"B1 logic. V: 0.925, SOC: 100.0%",0
2026-01-01T18:54:45Z,SUPPORT,100.0,0.0,"B1 logic. V: 0.925, SOC: 100.0%",0
2026-01-01T18:54:50Z,SUPPORT,100.0,0.0,"B1 logic. V: 0.925, SOC: 100.0%",0
2026-01-01T18:54:55Z,SUPPORT,100.0,0.0,"B1 logic. V: 0.925, SOC: 100.0%",0
2026-01-01T18:55:00Z,SUPPORT,100.0,0.0,"B1 logic. V: 0.925, SOC: 100.0%",0
2026-01-01T18:55:05Z,SUPPORT,100.0,0.0,"B1 logic. V: 0.925, SOC: 100.0%",0
2026-01-01T18:55:10Z,SUPPORT,100.0,0.0,"B1 logic. V: 0.925, SOC: 100.0%",0
2026-01-01T18:55:15Z,SUPPORT,100.0,0.0,"B1 logic. V: 0.925, SOC: 100.0%",0
2026-01-01T18:55:20Z,SUPPORT,100.0,0.0,"B1 logic. V: 0.925, SOC: 100.0%",0
2026-01-01T18:55:25Z,SUPPORT,100.0,0.0,"B1 logic. V: 0.925, SOC: 100.0%",0
2026-01-01T18:55:30Z,SUPPORT,100.0,0.0,"B1 logic. V: 0.925, SOC: 100.0%",0
2026-01-01T18:55:35Z,SUPPORT,100.0,0.0,"B1 logic. V: 0.925, SOC: 100.0%",0
2026-01-01T18:55:40Z,SUPPORT,100.0,0.0,"B1 logic. V: 0.925, SOC: 100.0%",0
2026-01-01T18:55:45Z,SUPPORT,100.0,0.0,"B1 logic. V: 0.925, SOC: 100.0%",0
2026-01-01T18:55:50Z,SUPPORT,100.0,0.0,"B1 logic. V: 0.925, SOC: 100.0%",0
2026-01-01T18:55:55Z,SUPPORT,100.0,0.0,"B1 logic. V: 0.925, SOC: 100.0%",0
2026-01-01T18:56:00Z,SUPPORT,100.0,0.0,"B1 logic. V: 0.925, SOC: 100.0%",0
2026-01-01T18:56:05Z,SUPPORT,100.0,0.0,"B1 logic. V: 0.925, SOC: 100.0%",0
2026-01-01T18:56:10Z,SUPPORT,100.0,0.0,"B1 logic. V: 0.925, SOC: 100.0%",0
2026-01-01T18:56:15Z,SUPPORT,100.0,0.0,"B1 logic. V: 0.925, SOC: 100.0%",0
2026-01-01T18:56:20Z,SUPPORT,100.0,0.0,"B1 logic. V: 0.925, SOC: 100.0%",0
2026-01-01T18:56:25Z,SUPPORT,100.0,0.0,"B1 logic. V: 0.925, SOC: 100.0%",0
2026-01-01T18:56:30Z,SUPPORT,100.0,0.0,"B1 logic. V: 0.925, SOC: 100.0%",0
2026-01-01T18:56:35Z,SUPPORT,100.0,0.0,"B1 logic. V: 0.925, SOC: 100.0%",0
2026-01-01T18:56:40Z,SUPPORT,100.0,0.0,"B1 logic. V: 0.925, SOC: 100.0%",0
2026-01-01T18:56:45Z,SUPPORT,100.0,0.0,"B1 logic. V: 0.925, SOC: 100.0%",0
2026-01-01T18:56:50Z,SUPPORT,100.0,0.0,"B1 logic. V: 0.925, SOC: 100.0%",0
2026-01-01T18:56:55Z,SUPPORT,100.0,0.0,"B1 logic. V: 0.925, SOC: 100.0%",0
2026-01-01T18:57:00Z,SUPPORT,100.0,0.0,"B1 logic. V: 0.925, SOC: 100.0%",0
2026-01-01T18:57:05Z,SUPPORT,100.0,0.0,"B1 logic. V: 0.925, SOC: 100.0%",0
2026-01-01T18:57:10Z,SUPPORT,100.0,0.0,"B1 logic. V: 0.925, SOC: 100.0%",0
2026-01-01T18:57:15Z,SUPPORT,100.0,0.0,"B1 logic. V: 0.925, SOC: 100.0%",0
2026-01-01T18:57:20Z,SUPPORT,100.0,0.0,"B1 logic. V: 0.925, SOC: 100.0%",0
2026-01-01T18:57:25Z,SUPPORT,100.0,0.0,"B1 logic. V: 0.925, SOC: 100.0%",0
2026-01-01T18:57:30Z,SUPPORT,100.0,0.0,"B1 logic. V: 0.925, SOC: 100.0%",0
2026-01-01T18:57:35Z,SUPPORT,100.0,0.0,"B1 logic. V: 0.925, SOC: 100.0%",0
2026-01-01T18:57:40Z,SUPPORT,100.0,0.0,"B1 logic. V: 0.925, SOC: 100.0%",0
2026-01-01T18:57:45Z,SUPPORT,100.0,0.0,"B1 logic. V: 0.925, SOC: 100.0%",0
2026-01-01T18:57:50Z,SUPPORT,100.0,0.0,"B1 logic. V: 0.925, SOC: 100.0%",0
2026-01-01T18:57:55Z,SUPPORT,100.0,0.0,"B1 logic. V: 0.925, SOC: 100.0%",0
2026-01-01T18:58:00Z,SUPPORT,100.0,0.0,"B1 logic. V: 0.925, SOC: 100.0%",0
2026-01-01T18:58:05Z,SUPPORT,100.0,0.0,"B1 logic. V: 0.924, SOC: 100.0%",0
2026-01-01T18:58:10Z,SUPPORT,100.0,0.0,"B1 logic. V: 0.924, SOC: 100.0%",0
2026-01-01T18:58:15Z,SUPPORT,100.0,0.0,"B1 logic. V: 0.924, SOC: 100.0%",0
2026-01-01T18:58:20Z,SUPPORT,100.0,0.0,"B1 logic. V: 0.924, SOC: 100.0%",0
2026-01-01T18:58:25Z,SUPPORT,100.0,0.0,"B1 logic. V: 0.924, SOC: 100.0%",0
2026-01-01T18:58:30Z,SUPPORT,100.0,0.0,"B1 logic. V: 0.924, SOC: 100.0%",0
2026-01-01T18:58:35Z,SUPPORT,100.0,0.0,"B1 logic. V: 0.924, SOC: 100.0%",0
2026-01-01T18:58:40Z,SUPPORT,100.0,0.0,"B1 logic. V: 0.924, SOC: 100.0%",0
2026-01-01T18:58:45Z,SUPPORT,100.0,0.0,"B1 logic. V: 0.924, SOC: 100.0%",0
2026-01-01T18:58:50Z,SUPPORT,100.0,0.0,"B1 logic. V: 0.924, SOC: 100.0%",0
2026-01-01T18:58:55Z,SUPPORT,100.0,0.0,"B1 logic. V: 0.924, SOC: 100.0%",0
2026-01-01T18:59:00Z,SUPPORT,100.0,0.0,"B1 logic. V: 0.924, SOC: 100.0%",0
2026-01-01T18:59:05Z,SUPPORT,100.0,0.0,"B1 logic. V: 0.924, SOC: 100.0%",0
2026-01-01T18:59:10Z,SUPPORT,100.0,0.0,"B1 logic. V: 0.924, SOC: 100.0%",0
2026-01-01T18:59:15Z,SUPPORT,100.0,0.0,"B1 logic. V: 0.924, SOC: 100.0%",0
2026-01-01T18:59:20Z,SUPPORT,100.0,0.0,"B1 logic. V: 0.924, SOC: 100.0%",0
2026-01-01T18:59:25Z,SUPPORT,100.0,0.0,"B1 logic. V: 0.924, SOC: 100.0%",0
2026-01-01T18:59:30Z,SUPPORT,100.0,0.0,"B1 logic. V: 0.924, SOC: 100.0%",0
2026-01-01T18:59:35Z,SUPPORT,100.0,0.0,"B1 logic. V: 0.924, SOC: 100.0%",0
2026-01-01T18:59:40Z,SUPPORT,100.0,0.0,"B1 logic. V: 0.924, SOC: 100.0%",0
2026-01-01T18:59:45Z,SUPPORT,100.0,0.0,"B1 logic. V: 0.924, SOC: 100.0%",0
2026-01-01T18:59:50Z,SUPPORT,100.0,0.0,"B1 logic. V: 0.924, SOC: 100.0%",0
2026-01-01T18:59:55Z,SUPPORT,100.0,0.0,"B1 logic. V: 0.924, SOC: 100.0%",0
2026-01-01T19:00:00Z,SUPPORT,100.0,0.0,"B1 logic. V: 0.924, SOC: 100.0%",0
2026-01-01T19:00:05Z,SUPPORT,100.0,0.0,"B1 logic. V: 0.924, SOC: 100.0%",0
2026-01-01T19:00:10Z,SUPPORT,100.0,0.0,"B1 logic. V: 0.924, SOC: 100.0%",0
2026-01-01T19:00:15Z,SUPPORT,100.0,0.0,"B1 logic. V: 0.924, SOC: 100.0%",0
2026-01-01T19:00:20Z,SUPPORT,100.0,0.0,"B1 logic. V: 0.924, SOC: 100.0%",0
2026-01-01T19:00:25Z,SUPPORT,100.0,0.0,"B1 logic. V: 0.924, SOC: 100.0%",0
2026-01-01T19:00:30Z,SUPPORT,100.0,0.0,"B1 logic. V: 0.924, SOC: 100.0%",0
2026-01-01T19:00:35Z,SUPPORT,100.0,0.0,"B1 logic. V: 0.924, SOC: 100.0%",0
2026-01-01T19:00:40Z,SUPPORT,100.0,0.0,"B1 logic. V: 0.924, SOC: 100.0%",0
2026-01-01T19:00:45Z,SUPPORT,100.0,0.0,"B1 logic. V: 0.924, SOC: 100.0%",0
2026-01-01T19:00:50Z,SUPPORT,100.0,0.0,"B1 logic. V: 0.924, SOC: 100.0%",0
2026-01-01T19:00:55Z,SUPPORT,100.0,0.0,"B1 logic. V: 0.924, SOC: 100.0%",0
2026-01-01T19:01:00Z,SUPPORT,100.0,0.0,"B1 logic. V: 0.924, SOC: 100.0%",0
2026-01-01T19:01:05Z,SUPPORT,100.0,0.0,"B1 logic. V: 0.923, SOC: 100.0%",0
2026-01-01T19:01:10Z,SUPPORT,100.0,0.0,"B1 logic. V: 0.923, SOC: 100.0%",0
2026-01-01T19:01:15Z,SUPPORT,100.0,0.0,"B1 logic. V: 0.923, SOC: 100.0%",0
2026-01-01T19:01:20Z,SUPPORT,100.0,0.0,"B1 logic. V: 0.923, SOC: 100.0%",0
2026-01-01T19:01:25Z,SUPPORT,100.0,0.0,"B1 logic. V: 0.923, SOC: 100.0%",0
2026-01-01T19:01:30Z,SUPPORT,100.0,0.0,"B1 logic. V: 0.923, SOC: 100.0%",0
2026-01-01T19:01:35Z,SUPPORT,100.0,0.0,"B1 logic. V: 0.923, SOC: 100.0%",0
2026-01-01T19:01:40Z,SUPPORT,100.0,0.0,"B1 logic. V: 0.923, SOC: 100.0%",0
2026-01-01T19:01:45Z,SUPPORT,100.0,0.0,"B1 logic. V: 0.923, SOC: 100.0%",0
2026-01-01T19:01:50Z,SUPPORT,100.0,0.0,"B1 logic. V: 0.923, SOC: 100.0%",0
2026-01-01T19:01:55Z,SUPPORT,100.0,0.0,"B1 logic. V: 0.923, SOC: 100.0%",0
2026-01-01T19:02:00Z,SUPPORT,100.0,0.0,"B1 logic. V: 0.923, SOC: 100.0%",0
2026-01-01T19:02:05Z,SUPPORT,100.0,0.0,"B1 logic. V: 0.923, SOC: 100.0%",0
2026-01-01T19:02:10Z,SUPPORT,100.0,0.0,"B1 logic. V: 0.923, SOC: 100.0%",0
2026-01-01T19:02:15Z,SUPPORT,100.0,0.0,"B1 logic. V: 0.923, SOC: 100.0%",0
2026-01-01T19:02:20Z,SUPPORT,100.0,0.0,"B1 logic. V: 0.923, SOC: 100.0%",0
2026-01-01T19:02:25Z,SUPPORT,100.0,0.0,"B1 logic. V: 0.923, SOC: 100.0%",0
2026-01-01T19:02:30Z,SUPPORT,100.0,0.0,"B1 logic. V: 0.923, SOC: 100.0%",0
2026-01-01T19:02:35Z,SUPPORT,100.0,0.0,"B1 logic. V: 0.923, SOC: 100.0%",0
2026-01-01T19:02:40Z,SUPPORT,100.0,0.0,"B1 logic. V: 0.923, SOC: 100.0%",0
2026-01-01T19:02:45Z,SUPPORT,100.0,0.0,"B1 logic. V: 0.923, SOC: 100.0%",0
2026-01-01T19:02:50Z,SUPPORT,100.0,0.0,"B1 logic. V: 0.923, SOC: 100.0%",0
2026-01-01T19:02:55Z,SUPPORT,100.0,0.0,"B1 logic. V: 0.923, SOC: 100.0%",0
2026-01-01T19:03:00Z,SUPPORT,100.0,0.0,"B1 logic. V: 0.923, SOC: 100.0%",0
2026-01-01T19:03:05Z,SUPPORT,100.0,0.0,"B1 logic. V: 0.923, SOC: 100.0%",0
2026-01-01T19:03:10Z,SUPPORT,100.0,0.0,"B1 logic. V: 0.923, SOC: 100.0%",0
2026-01-01T19:03:15Z,SUPPORT,100.0,0.0,"B1 logic. V: 0.923, SOC: 100.0%",0
2026-01-01T19:03:20Z,SUPPORT,100.0,0.0,"B1 logic. V: 0.923, SOC: 100.0%",0
2026-01-01T19:03:25Z,SUPPORT,100.0,0.0,"B1 logic. V: 0.923, SOC: 100.0%",0
2026-01-01T19:03:30Z,SUPPORT,100.0,0.0,"B1 logic. V: 0.923, SOC: 100.0%",0
2026-01-01T19:03:35Z,SUPPORT,100.0,0.0,"B1 logic. V: 0.923, SOC: 100.0%",0
2026-01-01T19:03:40Z,SUPPORT,100.0,0.0,"B1 logic. V: 0.923, SOC: 100.0%",0
2026-01-01T19:03:45Z,SUPPORT,100.0,0.0,"B1 logic. V: 0.923, SOC: 100.0%",0
2026-01-01T19:03:50Z,SUPPORT,100.0,0.0,"B1 logic. V: 0.923, SOC: 100.0%",0
2026-01-01T19:03:55Z,SUPPORT,100.0,0.0,"B1 logic. V: 0.923, SOC: 100.0%",0
2026-01-01T19:04:00Z,SUPPORT,100.0,0.0,"B1 logic. V: 0.923, SOC: 100.0%",0
2026-01-01T19:04:05Z,SUPPORT,100.0,0.0,"B1 logic. V: 0.922, SOC: 100.0%",0
2026-01-01T19:04:10Z,SUPPORT,100.0,0.0,"B1 logic. V: 0.922, SOC: 100.0%",0
2026-01-01T19:04:15Z,SUPPORT,100.0,0.0,"B1 logic. V: 0.922, SOC: 100.0%",0
2026-01-01T19:04:20Z,SUPPORT,100.0,0.0,"B1 logic. V: 0.922, SOC: 100.0%",0
2026-01-01T19:04:25Z,SUPPORT,100.0,0.0,"B1 logic. V: 0.922, SOC: 100.0%",0
2026-01-01T19:04:30Z,SUPPORT,100.0,0.0,"B1 logic. V: 0.922, SOC: 100.0%",0
2026-01-01T19:04:35Z,SUPPORT,100.0,0.0,"B1 logic. V: 0.922, SOC: 100.0%",0
2026-01-01T19:04:40Z,SUPPORT,100.0,0.0,"B1 logic. V: 0.922, SOC: 100.0%",0
2026-01-01T19:04:45Z,SUPPORT,100.0,0.0,"B1 logic. V: 0.922, SOC: 100.0%",0
2026-01-01T19:04:50Z,SUPPORT,100.0,0.0,"B1 logic. V: 0.922, SOC: 100.0%",0
2026-01-01T19:04:55Z,SUPPORT,100.0,0.0,"B1 logic. V: 0.922, SOC: 100.0%",0
2026-01-01T19:05:00Z,SUPPORT,100.0,0.0,"B1 logic. V: 0.922, SOC: 100.0%",0
2026-01-01T19:05:05Z,SUPPORT,100.0,0.0,"B1 logic. V: 0.922, SOC: 100.0%",0
2026-01-01T19:05:10Z,SUPPORT,100.0,0.0,"B1 logic. V: 0.922, SOC: 100.0%",0
2026-01-01T19:05:15Z,SUPPORT,100.0,0.0,"B1 logic. V: 0.922, SOC: 100.0%",0
2026-01-01T19:05:20Z,SUPPORT,100.0,0.0,"B1 logic. V: 0.922, SOC: 100.0%",0
2026-01-01T19:05:25Z,SUPPORT,100.0,0.0,"B1 logic. V: 0.922, SOC: 100.0%",0
2026-01-01T19:05:30Z,SUPPORT,100.0,0.0,"B1 logic. V: 0.922, SOC: 100.0%",0
2026-01-01T19:05:35Z,SUPPORT,100.0,0.0,"B1 logic. V: 0.922, SOC: 100.0%",0
2026-01-01T19:05:40Z,SUPPORT,100.0,0.0,"B1 logic. V: 0.922, SOC: 100.0%",0
2026-01-01T19:05:45Z,SUPPORT,100.0,0.0,"B1 logic. V: 0.922, SOC: 100.0%",0
2026-01-01T19:05:50Z,SUPPORT,100.0,0.0,"B1 logic. V: 0.922, SOC: 100.0%",0
2026-01-01T19:05:55Z,SUPPORT,100.0,0.0,"B1 logic. V: 0.922, SOC: 100.0%",0
2026-01-01T19:06:00Z,SUPPORT,100.0,0.0,"B1 logic. V: 0.922, SOC: 100.0%",0
2026-01-01T19:06:05Z,SUPPORT,100.0,0.0,"B1 logic. V: 0.922, SOC: 100.0%",0
2026-01-01T19:06:10Z,SUPPORT,100.0,0.0,"B1 logic. V: 0.922, SOC: 100.0%",0
2026-01-01T19:06:15Z,SUPPORT,100.0,0.0,"B1 logic. V: 0.922, SOC: 100.0%",0
2026-01-01T19:06:20Z,SUPPORT,100.0,0.0,"B1 logic. V: 0.922, SOC: 100.0%",0
2026-01-01T19:06:25Z,SUPPORT,100.0,0.0,"B1 logic. V: 0.922, SOC: 100.0%",0
2026-01-01T19:06:30Z,SUPPORT,100.0,0.0,"B1 logic. V: 0.922, SOC: 100.0%",0
2026-01-01T19:06:35Z,SUPPORT,100.0,0.0,"B1 logic. V: 0.922, SOC: 100.0%",0
2026-01-01T19:06:40Z,SUPPORT,100.0,0.0,"B1 logic. V: 0.922, SOC: 100.0%",0
2026-01-01T19:06:45Z,SUPPORT,100.0,0.0,"B1 logic. V: 0.922, SOC: 100.0%",0
2026-01-01T19:06:50Z,SUPPORT,100.0,0.0,"B1 logic. V: 0.922, SOC: 100.0%",0
2026-01-01T19:06:55Z,SUPPORT,100.0,0.0,"B1 logic. V: 0.922, SOC: 100.0%",0
2026-01-01T19:07:00Z,SUPPORT,100.0,0.0,"B1 logic. V: 0.922, SOC: 100.0%",0
2026-01-01T19:07:05Z,SUPPORT,100.0,0.0,"B1 logic. V: 0.922, SOC: 100.0%",0
2026-01-01T19:07:10Z,SUPPORT,100.0,0.0,"B1 logic. V: 0.922, SOC: 100.0%",0
2026-01-01T19:07:15Z,SUPPORT,100.0,0.0,"B1 logic. V: 0.922, SOC: 100.0%",0
2026-01-01T19:07:20Z,SUPPORT,100.0,0.0,"B1 logic. V: 0.922, SOC: 100.0%",0
2026-01-01T19:07:25Z,SUPPORT,100.0,0.0,"B1 logic. V: 0.922, SOC: 100.0%",0
2026-01-01T19:07:30Z,SUPPORT,100.0,0.0,"B1 logic. V: 0.922, SOC: 100.0%",0
2026-01-01T19:07:35Z,SUPPORT,100.0,0.0,"B1 logic. V: 0.922, SOC: 100.0%",0
2026-01-01T19:07:40Z,SUPPORT,100.0,0.0,"B1 logic. V: 0.922, SOC: 100.0%",0
2026-01-01T19:07:45Z,SUPPORT,100.0,0.0,"B1 logic. V: 0.922, SOC: 100.0%",0
2026-01-01T19:07:50Z,SUPPORT,100.0,0.0,"B1 logic. V: 0.922, SOC: 100.0%",0
2026-01-01T19:07:55Z,SUPPORT,100.0,0.0,"B1 logic. V: 0.922, SOC: 100.0%",0
2026-01-01T19:08:00Z,SUPPORT,100.0,0.0,"B1 logic. V: 0.922, SOC: 100.0%",0
2026-01-01T19:08:05Z,SUPPORT,100.0,0.0,"B1 logic. V: 0.921, SOC: 100.0%",0
2026-01-01T19:08:10Z,SUPPORT,100.0,0.0,"B1 logic. V: 0.921, SOC: 100.0%",0
2026-01-01T19:08:15Z,SUPPORT,100.0,0.0,"B1 logic. V: 0.921, SOC: 100.0%",0
2026-01-01T19:08:20Z,SUPPORT,100.0,0.0,"B1 logic. V: 0.921, SOC: 100.0%",0
2026-01-01T19:08:25Z,SUPPORT,100.0,0.0,"B1 logic. V: 0.921, SOC: 100.0%",0
2026-01-01T19:08:30Z,SUPPORT,100.0,0.0,"B1 logic. V: 0.921, SOC: 100.0%",0
2026-01-01T19:08:35Z,SUPPORT,100.0,0.0,"B1 logic. V: 0.921, SOC: 100.0%",0
2026-01-01T19:08:40Z,SUPPORT,100.0,0.0,"B1 logic. V: 0.921, SOC: 100.0%",0
2026-01-01T19:08:45Z,SUPPORT,100.0,0.0,"B1 logic. V: 0.921, SOC: 100.0%",0
2026-01-01T19:08:50Z,SUPPORT,100.0,0.0,"B1 logic. V: 0.921, SOC: 100.0%",0
2026-01-01T19:08:55Z,SUPPORT,100.0,0.0,"B1 logic. V: 0.921, SOC: 100.0%",0
2026-01-01T19:09:00Z,SUPPORT,100.0,0.0,"B1 logic. V: 0.921, SOC: 100.0%",0
2026-01-01T19:09:05Z,SUPPORT,100.0,0.0,"B1 logic. V: 0.921, SOC: 100.0%",0
2026-01-01T19:09:10Z,SUPPORT,100.0,0.0,"B1 logic. V: 0.921, SOC: 100.0%",0
2026-01-01T19:09:15Z,SUPPORT,100.0,0.0,"B1 logic. V: 0.921, SOC: 100.0%",0
2026-01-01T19:09:20Z,SUPPORT,100.0,0.0,"B1 logic. V: 0.921, SOC: 100.0%",0
2026-01-01T19:09:25Z,SUPPORT,100.0,0.0,"B1 logic. V: 0.921, SOC: 100.0%",0
2026-01-01T19:09:30Z,SUPPORT,100.0,0.0,"B1 logic. V: 0.921, SOC: 100.0%",0
2026-01-01T19:09:35Z,SUPPORT,100.0,0.0,"B1 logic. V: 0.921, SOC: 100.0%",0
2026-01-01T19:09:40Z,SUPPORT,100.0,0.0,"B1 logic. V: 0.921, SOC: 100.0%",0
2026-01-01T19:09:45Z,SUPPORT,100.0,0.0,"B1 logic. V: 0.921, SOC: 100.0%",0
2026-01-01T19:09:50Z,SUPPORT,100.0,0.0,"B1 logic. V: 0.921, SOC: 100.0%",0
2026-01-01T19:09:55Z,SUPPORT,100.0,0.0,"B1 logic. V: 0.921, SOC: 100.0%",0
2026-01-01T19:10:00Z,SUPPORT,100.0,0.0,"B1 logic. V: 0.921, SOC: 100.0%",0
2026-01-01T19:10:05Z,SUPPORT,100.0,0.0,"B1 logic. V: 0.921, SOC: 100.0%",0
2026-01-01T19:10:10Z,SUPPORT,100.0,0.0,"B1 logic. V: 0.921, SOC: 100.0%",0
2026-01-01T19:10:15Z,SUPPORT,100.0,0.0,"B1 logic. V: 0.921, SOC: 100.0%",0
2026-01-01T19:10:20Z,SUPPORT,100.0,0.0,"B1 logic. V: 0.921, SOC: 100.0%",0
2026-01-01T19:10:25Z,SUPPORT,100.0,0.0,"B1 logic. V: 0.921, SOC: 100.0%",0
2026-01-01T19:10:30Z,SUPPORT,100.0,0.0,"B1 logic. V: 0.921, SOC: 100.0%",0
2026-01-01T19:10:35Z,SUPPORT,100.0,0.0,"B1 logic. V: 0.921, SOC: 100.0%",0
2026-01-01T19:10:40Z,SUPPORT,100.0,0.0,"B1 logic. V: 0.921, SOC: 100.0%",0
2026-01-01T19:10:45Z,SUPPORT,100.0,0.0,"B1 logic. V: 0.921, SOC: 100.0%",0
2026-01-01T19:10:50Z,SUPPORT,100.0,0.0,"B1 logic. V: 0.921, SOC: 100.0%",0
2026-01-01T19:10:55Z,SUPPORT,100.0,0.0,"B1 logic. V: 0.921, SOC: 100.0%",0
2026-01-01T19:11:00Z,SUPPORT,100.0,0.0,"B1 logic. V: 0.921, SOC: 100.0%",0
2026-01-01T19:11:05Z,SUPPORT,100.0,0.0,"B1 logic. V: 0.920, SOC: 100.0%",0
2026-01-01T19:11:10Z,SUPPORT,100.0,0.0,"B1 logic. V: 0.920, SOC: 100.0%",0
2026-01-01T19:11:15Z,SUPPORT,100.0,0.0,"B1 logic. V: 0.920, SOC: 100.0%",0
2026-01-01T19:11:20Z,SUPPORT,100.0,0.0,"B1 logic. V: 0.920, SOC: 100.0%",0
2026-01-01T19:11:25Z,SUPPORT,100.0,0.0,"B1 logic. V: 0.920, SOC: 100.0%",0
2026-01-01T19:11:30Z,SUPPORT,100.0,0.0,"B1 logic. V: 0.920, SOC: 100.0%",0
2026-01-01T19:11:35Z,SUPPORT,100.0,0.0,"B1 logic. V: 0.920, SOC: 100.0%",0
2026-01-01T19:11:40Z,SUPPORT,100.0,0.0,"B1 logic. V: 0.920, SOC: 100.0%",0
2026-01-01T19:11:45Z,SUPPORT,100.0,0.0,"B1 logic. V: 0.920, SOC: 100.0%",0
2026-01-01T19:11:50Z,SUPPORT,100.0,0.0,"B1 logic. V: 0.920, SOC: 100.0%",0
2026-01-01T19:11:55Z,SUPPORT,100.0,0.0,"B1 logic. V: 0.920, SOC: 100.0%",0
2026-01-01T19:12:00Z,SUPPORT,100.0,0.0,"B1 logic. V: 0.920, SOC: 100.0%",0
2026-01-01T19:12:05Z,SUPPORT,100.0,0.0,"B1 logic. V: 0.920, SOC: 100.0%",0
2026-01-01T19:12:10Z,SUPPORT,100.0,0.0,"B1 logic. V: 0.920, SOC: 100.0%",0
2026-01-01T19:12:15Z,SUPPORT,100.0,0.0,"B1 logic. V: 0.920, SOC: 100.0%",0
2026-01-01T19:12:20Z,SUPPORT,100.0,0.0,"B1 logic. V: 0.920, SOC: 100.0%",0
2026-01-01T19:12:25Z,SUPPORT,100.0,0.0,"B1 logic. V: 0.920, SOC: 100.0%",0
2026-01-01T19:12:30Z,SUPPORT,100.0,0.0,"B1 logic. V: 0.920, SOC: 100.0%",0
2026-01-01T19:12:35Z,SUPPORT,100.0,0.0,"B1 logic. V: 0.920, SOC: 100.0%",0
2026-01-01T19:12:40Z,SUPPORT,100.0,0.0,"B1 logic. V: 0.920, SOC: 100.0%",0
2026-01-01T19:12:45Z,SUPPORT,100.0,0.0,"B1 logic. V: 0.920, SOC: 100.0%",0
2026-01-01T19:12:50Z,SUPPORT,100.0,0.0,"B1 logic. V: 0.920, SOC: 100.0%",0
2026-01-01T19:12:55Z,SUPPORT,100.0,0.0,"B1 logic. V: 0.920, SOC: 100.0%",0
2026-01-01T19:13:00Z,SUPPORT,100.0,0.0,"B1 logic. V: 0.920, SOC: 100.0%",0
2026-01-01T19:13:05Z,SUPPORT,100.0,0.0,"B1 logic. V: 0.920, SOC: 100.0%",0
2026-01-01T19:13:10Z,SUPPORT,100.0,0.0,"B1 logic. V: 0.920, SOC: 100.0%",0
2026-01-01T19:13:15Z,SUPPORT,100.0,0.0,"B1 logic. V: 0.920, SOC: 100.0%",0
2026-01-01T19:13:20Z,SUPPORT,100.0,0.0,"B1 logic. V: 0.920, SOC: 100.0%",0
2026-01-01T19:13:25Z,SUPPORT,100.0,0.0,"B1 logic. V: 0.920, SOC: 100.0%",0
2026-01-01T19:13:30Z,SUPPORT,100.0,0.0,"B1 logic. V: 0.920, SOC: 100.0%",0
2026-01-01T19:13:35Z,SUPPORT,100.0,0.0,"B1 logic. V: 0.920, SOC: 100.0%",0
2026-01-01T19:13:40Z,SUPPORT,100.0,0.0,"B1 logic. V: 0.920, SOC: 100.0%",0
2026-01-01T19:13:45Z,SUPPORT,100.0,0.0,"B1 logic. V: 0.920, SOC: 100.0%",0
2026-01-01T19:13:50Z,SUPPORT,100.0,0.0,"B1 logic. V: 0.920, SOC: 100.0%",0
2026-01-01T19:13:55Z,SUPPORT,100.0,0.0,"B1 logic. V: 0.920, SOC: 100.0%",0
2026-01-01T19:14:00Z,SUPPORT,100.0,0.0,"B1 logic. V: 0.920, SOC: 100.0%",0
2026-01-01T19:14:05Z,SUPPORT,100.0,0.0,"B1 logic. V: 0.920, SOC: 100.0%",0
2026-01-01T19:14:10Z,SUPPORT,100.0,0.0,"B1 logic. V: 0.920, SOC: 100.0%",0
2026-01-01T19:14:15Z,SUPPORT,100.0,0.0,"B1 logic. V: 0.920, SOC: 100.0%",0
2026-01-01T19:14:20Z,SUPPORT,100.0,0.0,"B1 logic. V: 0.920, SOC: 100.0%",0
2026-01-01T19:14:25Z,SUPPORT,100.0,0.0,"B1 logic. V: 0.920, SOC: 100.0%",0
2026-01-01T19:14:30Z,SUPPORT,100.0,0.0,"B1 logic. V: 0.920, SOC: 100.0%",0
2026-01-01T19:14:35Z,SUPPORT,100.0,0.0,"B1 logic. V: 0.920, SOC: 100.0%",0
2026-01-01T19:14:40Z,SUPPORT,100.0,0.0,"B1 logic. V: 0.920, SOC: 100.0%",0
2026-01-01T19:14:45Z,SUPPORT,100.0,0.0,"B1 logic. V: 0.920, SOC: 100.0%",0
2026-01-01T19:14:50Z,SUPPORT,100.0,0.0,"B1 logic. V: 0.920, SOC: 100.0%",0
2026-01-01T19:14:55Z,SUPPORT,100.0,0.0,"B1 logic. V: 0.920, SOC: 100.0%",0
2026-01-01T19:15:00Z,SUPPORT,100.0,0.0,"B1 logic. V: 0.920, SOC: 100.0%",0
2026-01-01T19:15:05Z,SUPPORT,100.0,0.0,"B1 logic. V: 0.919, SOC: 100.0%",0
2026-01-01T19:15:10Z,SUPPORT,100.0,0.0,"B1 logic. V: 0.919, SOC: 100.0%",0
2026-01-01T19:15:15Z,SUPPORT,100.0,0.0,"B1 logic. V: 0.919, SOC: 100.0%",0
2026-01-01T19:15:20Z,SUPPORT,100.0,0.0,"B1 logic. V: 0.919, SOC: 100.0%",0
2026-01-01T19:15:25Z,SUPPORT,100.0,0.0,"B1 logic. V: 0.919, SOC: 100.0%",0
2026-01-01T19:15:30Z,SUPPORT,100.0,0.0,"B1 logic. V: 0.919, SOC: 100.0%",0
2026-01-01T19:15:35Z,SUPPORT,100.0,0.0,"B1 logic. V: 0.919, SOC: 100.0%",0
2026-01-01T19:15:40Z,SUPPORT,100.0,0.0,"B1 logic. V: 0.919, SOC: 100.0%",0
2026-01-01T19:15:45Z,SUPPORT,100.0,0.0,"B1 logic. V: 0.919, SOC: 100.0%",0
2026-01-01T19:15:50Z,SUPPORT,100.0,0.0,"B1 logic. V: 0.919, SOC: 100.0%",0
2026-01-01T19:15:55Z,SUPPORT,100.0,0.0,"B1 logic. V: 0.919, SOC: 100.0%",0
2026-01-01T19:16:00Z,SUPPORT,100.0,0.0,"B1 logic. V: 0.919, SOC: 100.0%",0
2026-01-01T19:16:05Z,SUPPORT,100.0,0.0,"B1 logic. V: 0.919, SOC: 100.0%",0
2026-01-01T19:16:10Z,SUPPORT,100.0,0.0,"B1 logic. V: 0.919, SOC: 100.0%",0
2026-01-01T19:16:15Z,SUPPORT,100.0,0.0,"B1 logic. V: 0.919, SOC: 100.0%",0
2026-01-01T19:16:20Z,SUPPORT,100.0,0.0,"B1 logic. V: 0.919, SOC: 100.0%",0
2026-01-01T19:16:25Z,SUPPORT,100.0,0.0,"B1 logic. V: 0.919, SOC: 100.0%",0
2026-01-01T19:16:30Z,SUPPORT,100.0,0.0,"B1 logic. V: 0.919, SOC: 100.0%",0
2026-01-01T19:16:35Z,SUPPORT,100.0,0.0,"B1 logic. V: 0.919, SOC: 100.0%",0
2026-01-01T19:16:40Z,SUPPORT,100.0,0.0,"B1 logic. V: 0.919, SOC: 100.0%",0
2026-01-01T19:16:45Z,SUPPORT,100.0,0.0,"B1 logic. V: 0.919, SOC: 100.0%",0
2026-01-01T19:16:50Z,SUPPORT,100.0,0.0,"B1 logic. V: 0.919, SOC: 100.0%",0
2026-01-01T19:16:55Z,SUPPORT,100.0,0.0,"B1 logic. V: 0.919, SOC: 100.0%",0
2026-01-01T19:17:00Z,SUPPORT,100.0,0.0,"B1 logic. V: 0.919, SOC: 100.0%",0
2026-01-01T19:17:05Z,SUPPORT,100.0,0.0,"B1 logic. V: 0.919, SOC: 100.0%",0
2026-01-01T19:17:10Z,SUPPORT,100.0,0.0,"B1 logic. V: 0.919, SOC: 100.0%",0
2026-01-01T19:17:15Z,SUPPORT,100.0,0.0,"B1 logic. V: 0.919, SOC: 100.0%",0
2026-01-01T19:17:20Z,SUPPORT,100.0,0.0,"B1 logic. V: 0.919, SOC: 100.0%",0
2026-01-01T19:17:25Z,SUPPORT,100.0,0.0,"B1 logic. V: 0.919, SOC: 100.0%",0
2026-01-01T19:17:30Z,SUPPORT,100.0,0.0,"B1 logic. V: 0.919, SOC: 100.0%",0
2026-01-01T19:17:35Z,SUPPORT,100.0,0.0,"B1 logic. V: 0.919, SOC: 100.0%",0
2026-01-01T19:17:40Z,SUPPORT,100.0,0.0,"B1 logic. V: 0.919, SOC: 100.0%",0
2026-01-01T19:17:45Z,SUPPORT,100.0,0.0,"B1 logic. V: 0.919, SOC: 100.0%",0
2026-01-01T19:17:50Z,SUPPORT,100.0,0.0,"B1 logic. V: 0.919, SOC: 100.0%",0
2026-01-01T19:17:55Z,SUPPORT,100.0,0.0,"B1 logic. V: 0.919, SOC: 100.0%",0
2026-01-01T19:18:00Z,SUPPORT,100.0,0.0,"B1 logic. V: 0.919, SOC: 100.0%",0
2026-01-01T19:18:05Z,SUPPORT,100.0,0.0,"B1 logic. V: 0.919, SOC: 100.0%",0
2026-01-01T19:18:10Z,SUPPORT,100.0,0.0,"B1 logic. V: 0.919, SOC: 100.0%",0
2026-01-01T19:18:15Z,SUPPORT,100.0,0.0,"B1 logic. V: 0.919, SOC: 100.0%",0
2026-01-01T19:18:20Z,SUPPORT,100.0,0.0,"B1 logic. V: 0.919, SOC: 100.0%",0
2026-01-01T19:18:25Z,SUPPORT,100.0,0.0,"B1 logic. V: 0.919, SOC: 100.0%",0
2026-01-01T19:18:30Z,SUPPORT,100.0,0.0,"B1 logic. V: 0.919, SOC: 100.0%",0
2026-01-01T19:18:35Z,SUPPORT,100.0,0.0,"B1 logic. V: 0.919, SOC: 100.0%",0
2026-01-01T19:18:40Z,SUPPORT,100.0,0.0,"B1 logic. V: 0.919, SOC: 100.0%",0
2026-01-01T19:18:45Z,SUPPORT,100.0,0.0,"B1 logic. V: 0.919, SOC: 100.0%",0
2026-01-01T19:18:50Z,SUPPORT,100.0,0.0,"B1 logic. V: 0.919, SOC: 100.0%",0
2026-01-01T19:18:55Z,SUPPORT,100.0,0.0,"B1 logic. V: 0.919, SOC: 100.0%",0
2026-01-01T19:19:00Z,SUPPORT,100.0,0.0,"B1 logic. V: 0.919, SOC: 100.0%",0
2026-01-01T19:19:05Z,SUPPORT,100.0,0.0,"B1 logic. V: 0.918, SOC: 100.0%",0
2026-01-01T19:19:10Z,SUPPORT,100.0,0.0,"B1 logic. V: 0.918, SOC: 100.0%",0
2026-01-01T19:19:15Z,SUPPORT,100.0,0.0,"B1 logic. V: 0.918, SOC: 100.0%",0
2026-01-01T19:19:20Z,SUPPORT,100.0,0.0,"B1 logic. V: 0.918, SOC: 100.0%",0
2026-01-01T19:19:25Z,SUPPORT,100.0,0.0,"B1 logic. V: 0.918, SOC: 100.0%",0
2026-01-01T19:19:30Z,SUPPORT,100.0,0.0,"B1 logic. V: 0.918, SOC: 100.0%",0
2026-01-01T19:19:35Z,SUPPORT,100.0,0.0,"B1 logic. V: 0.918, SOC: 100.0%",0
2026-01-01T19:19:40Z,SUPPORT,100.0,0.0,"B1 logic. V: 0.918, SOC: 100.0%",0
2026-01-01T19:19:45Z,SUPPORT,100.0,0.0,"B1 logic. V: 0.918, SOC: 100.0%",0
2026-01-01T19:19:50Z,SUPPORT,100.0,0.0,"B1 logic. V: 0.918, SOC: 100.0%",0
2026-01-01T19:19:55Z,SUPPORT,100.0,0.0,"B1 logic. V: 0.918, SOC: 100.0%",0
2026-01-01T19:20:00Z,SUPPORT,100.0,0.0,"B1 logic. V: 0.918, SOC: 100.0%",0
2026-01-01T19:20:05Z,SUPPORT,100.0,0.0,"B1 logic. V: 0.918, SOC: 100.0%",0
2026-01-01T19:20:10Z,SUPPORT,100.0,0.0,"B1 logic. V: 0.918, SOC: 100.0%",0
2026-01-01T19:20:15Z,SUPPORT,100.0,0.0,"B1 logic. V: 0.918, SOC: 100.0%",0
2026-01-01T19:20:20Z,SUPPORT,100.0,0.0,"B1 logic. V: 0.918, SOC: 100.0%",0
2026-01-01T19:20:25Z,SUPPORT,100.0,0.0,"B1 logic. V: 0.918, SOC: 100.0%",0
2026-01-01T19:20:30Z,SUPPORT,100.0,0.0,"B1 logic. V: 0.918, SOC: 100.0%",0
2026-01-01T19:20:35Z,SUPPORT,100.0,0.0,"B1 logic. V: 0.918, SOC: 100.0%",0
2026-01-01T19:20:40Z,SUPPORT,100.0,0.0,"B1 logic. V: 0.918, SOC: 100.0%",0
2026-01-01T19:20:45Z,SUPPORT,100.0,0.0,"B1 logic. V: 0.918, SOC: 100.0%",0
2026-01-01T19:20:50Z,SUPPORT,100.0,0.0,"B1 logic. V: 0.918, SOC: 100.0%",0
2026-01-01T19:20:55Z,SUPPORT,100.0,0.0,"B1 logic. V: 0.918, SOC: 100.0%",0
2026-01-01T19:21:00Z,SUPPORT,100.0,0.0,"B1 logic. V: 0.918, SOC: 100.0%",0
2026-01-01T19:21:05Z,SUPPORT,100.0,0.0,"B1 logic. V: 0.918, SOC: 100.0%",0
2026-01-01T19:21:10Z,SUPPORT,100.0,0.0,"B1 logic. V: 0.918, SOC: 100.0%",0
2026-01-01T19:21:15Z,SUPPORT,100.0,0.0,"B1 logic. V: 0.918, SOC: 100.0%",0
2026-01-01T19:21:20Z,SUPPORT,100.0,0.0,"B1 logic. V: 0.918, SOC: 100.0%",0
2026-01-01T19:21:25Z,SUPPORT,100.0,0.0,"B1 logic. V: 0.918, SOC: 100.0%",0
2026-01-01T19:21:30Z,SUPPORT,100.0,0.0,"B1 logic. V: 0.918, SOC: 100.0%",0
2026-01-01T19:21:35Z,SUPPORT,100.0,0.0,"B1 logic. V: 0.918, SOC: 100.0%",0
2026-01-01T19:21:40Z,SUPPORT,100.0,0.0,"B1 logic. V: 0.918, SOC: 100.0%",0
2026-01-01T19:21:45Z,SUPPORT,100.0,0.0,"B1 logic. V: 0.918, SOC: 100.0%",0
2026-01-01T19:21:50Z,SUPPORT,100.0,0.0,"B1 logic. V: 0.918, SOC: 100.0%",0
2026-01-01T19:21:55Z,SUPPORT,100.0,0.0,"B1 logic. V: 0.918, SOC: 100.0%",0
2026-01-01T19:22:00Z,SUPPORT,100.0,0.0,"B1 logic. V: 0.918, SOC: 100.0%",0
2026-01-01T19:22:05Z,SUPPORT,100.0,0.0,"B1 logic. V: 0.918, SOC: 100.0%",0
2026-01-01T19:22:10Z,SUPPORT,100.0,0.0,"B1 logic. V: 0.918, SOC: 100.0%",0
2026-01-01T19:22:15Z,SUPPORT,100.0,0.0,"B1 logic. V: 0.918, SOC: 100.0%",0
2026-01-01T19:22:20Z,SUPPORT,100.0,0.0,"B1 logic. V: 0.918, SOC: 100.0%",0
2026-01-01T19:22:25Z,SUPPORT,100.0,0.0,"B1 logic. V: 0.918, SOC: 100.0%",0
2026-01-01T19:22:30Z,SUPPORT,100.0,0.0,"B1 logic. V: 0.918, SOC: 100.0%",0
2026-01-01T19:22:35Z,SUPPORT,100.0,0.0,"B1 logic. V: 0.918, SOC: 100.0%",0
2026-01-01T19:22:40Z,SUPPORT,100.0,0.0,"B1 logic. V: 0.918, SOC: 100.0%",0
2026-01-01T19:22:45Z,SUPPORT,100.0,0.0,"B1 logic. V: 0.918, SOC: 100.0%",0
2026-01-01T19:22:50Z,SUPPORT,100.0,0.0,"B1 logic. V: 0.918, SOC: 100.0%",0
2026-01-01T19:22:55Z,SUPPORT,100.0,0.0,"B1 logic. V: 0.918, SOC: 100.0%",0
2026-01-01T19:23:00Z,SUPPORT,100.0,0.0,"B1 logic. V: 0.918, SOC: 100.0%",0
2026-01-01T19:23:05Z,SUPPORT,100.0,0.0,"B1 logic. V: 0.917, SOC: 100.0%",0
2026-01-01T19:23:10Z,SUPPORT,100.0,0.0,"B1 logic. V: 0.917, SOC: 100.0%",0
2026-01-01T19:23:15Z,SUPPORT,100.0,0.0,"B1 logic. V: 0.917, SOC: 100.0%",0
2026-01-01T19:23:20Z,SUPPORT,100.0,0.0,"B1 logic. V: 0.917, SOC: 100.0%",0
2026-01-01T19:23:25Z,SUPPORT,100.0,0.0,"B1 logic. V: 0.917, SOC: 100.0%",0
2026-01-01T19:23:30Z,SUPPORT,100.0,0.0,"B1 logic. V: 0.917, SOC: 100.0%",0
2026-01-01T19:23:35Z,SUPPORT,100.0,0.0,"B1 logic. V: 0.917, SOC: 100.0%",0
2026-01-01T19:23:40Z,SUPPORT,100.0,0.0,"B1 logic. V: 0.917, SOC: 100.0%",0
2026-01-01T19:23:45Z,SUPPORT,100.0,0.0,"B1 logic. V: 0.917, SOC: 100.0%",0
2026-01-01T19:23:50Z,SUPPORT,100.0,0.0,"B1 logic. V: 0.917, SOC: 100.0%",0
2026-01-01T19:23:55Z,SUPPORT,100.0,0.0,"B1 logic. V: 0.917, SOC: 100.0%",0
2026-01-01T19:24:00Z,SUPPORT,100.0,0.0,"B1 logic. V: 0.917, SOC: 100.0%",0
2026-01-01T19:24:05Z,SUPPORT,100.0,0.0,"B1 logic. V: 0.917, SOC: 100.0%",0
2026-01-01T19:24:10Z,SUPPORT,100.0,0.0,"B1 logic. V: 0.917, SOC: 100.0%",0
2026-01-01T19:24:15Z,SUPPORT,100.0,0.0,"B1 logic. V: 0.917, SOC: 100.0%",0
2026-01-01T19:24:20Z,SUPPORT,100.0,0.0,"B1 logic. V: 0.917, SOC: 100.0%",0
2026-01-01T19:24:25Z,SUPPORT,100.0,0.0,"B1 logic. V: 0.917, SOC: 100.0%",0
2026-01-01T19:24:30Z,SUPPORT,100.0,0.0,"B1 logic. V: 0.917, SOC: 100.0%",0
2026-01-01T19:24:35Z,SUPPORT,100.0,0.0,"B1 logic. V: 0.917, SOC: 100.0%",0
2026-01-01T19:24:40Z,SUPPORT,100.0,0.0,"B1 logic. V: 0.917, SOC: 100.0%",0
2026-01-01T19:24:45Z,SUPPORT,100.0,0.0,"B1 logic. V: 0.917, SOC: 100.0%",0
2026-01-01T19:24:50Z,SUPPORT,100.0,0.0,"B1 logic. V: 0.917, SOC: 100.0%",0
2026-01-01T19:24:55Z,SUPPORT,100.0,0.0,"B1 logic. V: 0.917, SOC: 100.0%",0
2026-01-01T19:25:00Z,SUPPORT,100.0,0.0,"B1 logic. V: 0.917, SOC: 100.0%",0
2026-01-01T19:25:05Z,SUPPORT,100.0,0.0,"B1 logic. V: 0.917, SOC: 100.0%",0
2026-01-01T19:25:10Z,SUPPORT,100.0,0.0,"B1 logic. V: 0.917, SOC: 100.0%",0
2026-01-01T19:25:15Z,SUPPORT,100.0,0.0,"B1 logic. V: 0.917, SOC: 100.0%",0
2026-01-01T19:25:20Z,SUPPORT,100.0,0.0,"B1 logic. V: 0.917, SOC: 100.0%",0
2026-01-01T19:25:25Z,SUPPORT,100.0,0.0,"B1 logic. V: 0.917, SOC: 100.0%",0
2026-01-01T19:25:30Z,SUPPORT,100.0,0.0,"B1 logic. V: 0.917, SOC: 100.0%",0
2026-01-01T19:25:35Z,SUPPORT,100.0,0.0,"B1 logic. V: 0.917, SOC: 100.0%",0
2026-01-01T19:25:40Z,SUPPORT,100.0,0.0,"B1 logic. V: 0.917, SOC: 100.0%",0
2026-01-01T19:25:45Z,SUPPORT,100.0,0.0,"B1 logic. V: 0.917, SOC: 100.0%",0
2026-01-01T19:25:50Z,SUPPORT,100.0,0.0,"B1 logic. V: 0.917, SOC: 100.0%",0
2026-01-01T19:25:55Z,SUPPORT,100.0,0.0,"B1 logic. V: 0.917, SOC: 100.0%",0
2026-01-01T19:26:00Z,SUPPORT,100.0,0.0,"B1 logic. V: 0.917, SOC: 100.0%",0
2026-01-01T19:26:05Z,SUPPORT,100.0,0.0,"B1 logic. V: 0.917, SOC: 100.0%",0
2026-01-01T19:26:10Z,SUPPORT,100.0,0.0,"B1 logic. V: 0.917, SOC: 100.0%",0
2026-01-01T19:26:15Z,SUPPORT,100.0,0.0,"B1 logic. V: 0.917, SOC: 100.0%",0
2026-01-01T19:26:20Z,SUPPORT,100.0,0.0,"B1 logic. V: 0.917, SOC: 100.0%",0
2026-01-01T19:26:25Z,SUPPORT,100.0,0.0,"B1 logic. V: 0.917, SOC: 100.0%",0
2026-01-01T19:26:30Z,SUPPORT,100.0,0.0,"B1 logic. V: 0.917, SOC: 100.0%",0
2026-01-01T19:26:35Z,SUPPORT,100.0,0.0,"B1 logic. V: 0.917, SOC: 100.0%",0
2026-01-01T19:26:40Z,SUPPORT,100.0,0.0,"B1 logic. V: 0.917, SOC: 100.0%",0
2026-01-01T19:26:45Z,SUPPORT,100.0,0.0,"B1 logic. V: 0.917, SOC: 100.0%",0
2026-01-01T19:26:50Z,SUPPORT,100.0,0.0,"B1 logic. V: 0.917, SOC: 100.0%",0
2026-01-01T19:26:55Z,SUPPORT,100.0,0.0,"B1 logic. V: 0.917, SOC: 100.0%",0
2026-01-01T19:27:00Z,SUPPORT,100.0,0.0,"B1 logic. V: 0.917, SOC: 100.0%",0
2026-01-01T19:27:05Z,SUPPORT,100.0,0.0,"B1 logic. V: 0.916, SOC: 100.0%",0
2026-01-01T19:27:10Z,SUPPORT,100.0,0.0,"B1 logic. V: 0.916, SOC: 100.0%",0
2026-01-01T19:27:15Z,SUPPORT,100.0,0.0,"B1 logic. V: 0.916, SOC: 100.0%",0
2026-01-01T19:27:20Z,SUPPORT,100.0,0.0,"B1 logic. V: 0.916, SOC: 100.0%",0
2026-01-01T19:27:25Z,SUPPORT,100.0,0.0,"B1 logic. V: 0.916, SOC: 100.0%",0
2026-01-01T19:27:30Z,SUPPORT,100.0,0.0,"B1 logic. V: 0.916, SOC: 100.0%",0
2026-01-01T19:27:35Z,SUPPORT,100.0,0.0,"B1 logic. V: 0.916, SOC: 100.0%",0
2026-01-01T19:27:40Z,SUPPORT,100.0,0.0,"B1 logic. V: 0.916, SOC: 100.0%",0
2026-01-01T19:27:45Z,SUPPORT,100.0,0.0,"B1 logic. V: 0.916, SOC: 100.0%",0
2026-01-01T19:27:50Z,SUPPORT,100.0,0.0,"B1 logic. V: 0.916, SOC: 100.0%",0
2026-01-01T19:27:55Z,SUPPORT,100.0,0.0,"B1 logic. V: 0.916, SOC: 100.0%",0
2026-01-01T19:28:00Z,SUPPORT,100.0,0.0,"B1 logic. V: 0.916, SOC: 100.0%",0
2026-01-01T19:28:05Z,SUPPORT,100.0,0.0,"B1 logic. V: 0.916, SOC: 100.0%",0
2026-01-01T19:28:10Z,SUPPORT,100.0,0.0,"B1 logic. V: 0.916, SOC: 100.0%",0
2026-01-01T19:28:15Z,SUPPORT,100.0,0.0,"B1 logic. V: 0.916, SOC: 100.0%",0
2026-01-01T19:28:20Z,SUPPORT,100.0,0.0,"B1 logic. V: 0.916, SOC: 100.0%",0
2026-01-01T19:28:25Z,SUPPORT,100.0,0.0,"B1 logic. V: 0.916, SOC: 100.0%",0
2026-01-01T19:28:30Z,SUPPORT,100.0,0.0,"B1 logic. V: 0.916, SOC: 100.0%",0
2026-01-01T19:28:35Z,SUPPORT,100.0,0.0,"B1 logic. V: 0.916, SOC: 100.0%",0
2026-01-01T19:28:40Z,SUPPORT,100.0,0.0,"B1 logic. V: 0.916, SOC: 100.0%",0
2026-01-01T19:28:45Z,SUPPORT,100.0,0.0,"B1 logic. V: 0.916, SOC: 100.0%",0
2026-01-01T19:28:50Z,SUPPORT,100.0,0.0,"B1 logic. V: 0.916, SOC: 100.0%",0
2026-01-01T19:28:55Z,SUPPORT,100.0,0.0,"B1 logic. V: 0.916, SOC: 100.0%",0
2026-01-01T19:29:00Z,SUPPORT,100.0,0.0,"B1 logic. V: 0.916, SOC: 100.0%",0
2026-01-01T19:29:05Z,SUPPORT,100.0,0.0,"B1 logic. V: 0.916, SOC: 100.0%",0
2026-01-01T19:29:10Z,SUPPORT,100.0,0.0,"B1 logic. V: 0.916, SOC: 100.0%",0
2026-01-01T19:29:15Z,SUPPORT,100.0,0.0,"B1 logic. V: 0.916, SOC: 100.0%",0
2026-01-01T19:29:20Z,SUPPORT,100.0,0.0,"B1 logic. V: 0.916, SOC: 100.0%",0
2026-01-01T19:29:25Z,SUPPORT,100.0,0.0,"B1 logic. V: 0.916, SOC: 100.0%",0
2026-01-01T19:29:30Z,SUPPORT,100.0,0.0,"B1 logic. V: 0.916, SOC: 100.0%",0
2026-01-01T19:29:35Z,SUPPORT,100.0,0.0,"B1 logic. V: 0.916, SOC: 100.0%",0
2026-01-01T19:29:40Z,SUPPORT,100.0,0.0,"B1 logic. V: 0.916, SOC: 100.0%",0
2026-01-01T19:29:45Z,SUPPORT,100.0,0.0,"B1 logic. V: 0.916, SOC: 100.0%",0
2026-01-01T19:29:50Z,SUPPORT,100.0,0.0,"B1 logic. V: 0.916, SOC: 100.0%",0
2026-01-01T19:29:55Z,SUPPORT,100.0,0.0,"B1 logic. V: 0.916, SOC: 100.0%",0
2026-01-01T19:30:00Z,SUPPORT,100.0,0.0,"B1 logic. V: 0.916, SOC: 100.0%",0
2026-01-01T19:30:05Z,SUPPORT,100.0,0.0,"B1 logic. V: 0.916, SOC: 100.0%",0
2026-01-01T19:30:10Z,SUPPORT,100.0,0.0,"B1 logic. V: 0.916, SOC: 100.0%",0
2026-01-01T19:30:15Z,SUPPORT,100.0,0.0,"B1 logic. V: 0.916, SOC: 100.0%",0
2026-01-01T19:30:20Z,SUPPORT,100.0,0.0,"B1 logic. V: 0.916, SOC: 100.0%",0
2026-01-01T19:30:25Z,SUPPORT,100.0,0.0,"B1 logic. V: 0.916, SOC: 100.0%",0
2026-01-01T19:30:30Z,SUPPORT,100.0,0.0,"B1 logic. V: 0.916, SOC: 100.0%",0
2026-01-01T19:30:35Z,SUPPORT,100.0,0.0,"B1 logic. V: 0.916, SOC: 100.0%",0
2026-01-01T19:30:40Z,SUPPORT,100.0,0.0,"B1 logic. V: 0.916, SOC: 100.0%",0
2026-01-01T19:30:45Z,SUPPORT,100.0,0.0,"B1 logic. V: 0.916, SOC: 100.0%",0
2026-01-01T19:30:50Z,SUPPORT,100.0,0.0,"B1 logic. V: 0.916, SOC: 100.0%",0
2026-01-01T19:30:55Z,SUPPORT,100.0,0.0,"B1 logic. V: 0.916, SOC: 100.0%",0
2026-01-01T19:31:00Z,SUPPORT,100.0,0.0,"B1 logic. V: 0.916, SOC: 100.0%",0
2026-01-01T19:31:05Z,SUPPORT,100.0,0.0,"B1 logic. V: 0.915, SOC: 100.0%",0
2026-01-01T19:31:10Z,SUPPORT,100.0,0.0,"B1 logic. V: 0.915, SOC: 100.0%",0
2026-01-01T19:31:15Z,SUPPORT,100.0,0.0,"B1 logic. V: 0.915, SOC: 100.0%",0
2026-01-01T19:31:20Z,SUPPORT,100.0,0.0,"B1 logic. V: 0.915, SOC: 100.0%",0
2026-01-01T19:31:25Z,SUPPORT,100.0,0.0,"B1 logic. V: 0.915, SOC: 100.0%",0
2026-01-01T19:31:30Z,SUPPORT,100.0,0.0,"B1 logic. V: 0.915, SOC: 100.0%",0
2026-01-01T19:31:35Z,SUPPORT,100.0,0.0,"B1 logic. V: 0.915, SOC: 100.0%",0
2026-01-01T19:31:40Z,SUPPORT,100.0,0.0,"B1 logic. V: 0.915, SOC: 100.0%",0
2026-01-01T19:31:45Z,SUPPORT,100.0,0.0,"B1 logic. V: 0.915, SOC: 100.0%",0
2026-01-01T19:31:50Z,SUPPORT,100.0,0.0,"B1 logic. V: 0.915, SOC: 100.0%",0
2026-01-01T19:31:55Z,SUPPORT,100.0,0.0,"B1 logic. V: 0.915, SOC: 100.0%",0
2026-01-01T19:32:00Z,SUPPORT,100.0,0.0,"B1 logic. V: 0.915, SOC: 100.0%",0
2026-01-01T19:32:05Z,SUPPORT,100.0,0.0,"B1 logic. V: 0.915, SOC: 100.0%",0
2026-01-01T19:32:10Z,SUPPORT,100.0,0.0,"B1 logic. V: 0.915, SOC: 100.0%",0
2026-01-01T19:32:15Z,SUPPORT,100.0,0.0,"B1 logic. V: 0.915, SOC: 100.0%",0
2026-01-01T19:32:20Z,SUPPORT,100.0,0.0,"B1 logic. V: 0.915, SOC: 100.0%",0
2026-01-01T19:32:25Z,SUPPORT,100.0,0.0,"B1 logic. V: 0.915, SOC: 100.0%",0
2026-01-01T19:32:30Z,SUPPORT,100.0,0.0,"B1 logic. V: 0.915, SOC: 100.0%",0
2026-01-01T19:32:35Z,SUPPORT,100.0,0.0,"B1 logic. V: 0.915, SOC: 100.0%",0
2026-01-01T19:32:40Z,SUPPORT,100.0,0.0,"B1 logic. V: 0.915, SOC: 100.0%",0
2026-01-01T19:32:45Z,SUPPORT,100.0,0.0,"B1 logic. V: 0.915, SOC: 100.0%",0
2026-01-01T19:32:50Z,SUPPORT,100.0,0.0,"B1 logic. V: 0.915, SOC: 100.0%",0
2026-01-01T19:32:55Z,SUPPORT,100.0,0.0,"B1 logic. V: 0.915, SOC: 100.0%",0
2026-01-01T19:33:00Z,SUPPORT,100.0,0.0,"B1 logic. V: 0.915, SOC: 100.0%",0
2026-01-01T19:33:05Z,SUPPORT,100.0,0.0,"B1 logic. V: 0.915, SOC: 100.0%",0
2026-01-01T19:33:10Z,SUPPORT,100.0,0.0,"B1 logic. V: 0.915, SOC: 100.0%",0
2026-01-01T19:33:15Z,SUPPORT,100.0,0.0,"B1 logic. V: 0.915, SOC: 100.0%",0
2026-01-01T19:33:20Z,SUPPORT,100.0,0.0,"B1 logic. V: 0.915, SOC: 100.0%",0
2026-01-01T19:33:25Z,SUPPORT,100.0,0.0,"B1 logic. V: 0.915, SOC: 100.0%",0
2026-01-01T19:33:30Z,SUPPORT,100.0,0.0,"B1 logic. V: 0.915, SOC: 100.0%",0
2026-01-01T19:33:35Z,SUPPORT,100.0,0.0,"B1 logic. V: 0.915, SOC: 100.0%",0
2026-01-01T19:33:40Z,SUPPORT,100.0,0.0,"B1 logic. V: 0.915, SOC: 100.0%",0
2026-01-01T19:33:45Z,SUPPORT,100.0,0.0,"B1 logic. V: 0.915, SOC: 100.0%",0
2026-01-01T19:33:50Z,SUPPORT,100.0,0.0,"B1 logic. V: 0.915, SOC: 100.0%",0
2026-01-01T19:33:55Z,SUPPORT,100.0,0.0,"B1 logic. V: 0.915, SOC: 100.0%",0
2026-01-01T19:34:00Z,SUPPORT,100.0,0.0,"B1 logic. V: 0.915, SOC: 100.0%",0
2026-01-01T19:34:05Z,SUPPORT,100.0,0.0,"B1 logic. V: 0.915, SOC: 100.0%",0
2026-01-01T19:34:10Z,SUPPORT,100.0,0.0,"B1 logic. V: 0.915, SOC: 100.0%",0
2026-01-01T19:34:15Z,SUPPORT,100.0,0.0,"B1 logic. V: 0.915, SOC: 100.0%",0
2026-01-01T19:34:20Z,SUPPORT,100.0,0.0,"B1 logic. V: 0.915, SOC: 100.0%",0
2026-01-01T19:34:25Z,SUPPORT,100.0,0.0,"B1 logic. V: 0.915, SOC: 100.0%",0
2026-01-01T19:34:30Z,SUPPORT,100.0,0.0,"B1 logic. V: 0.915, SOC: 100.0%",0
2026-01-01T19:34:35Z,SUPPORT,100.0,0.0,"B1 logic. V: 0.915, SOC: 100.0%",0
2026-01-01T19:34:40Z,SUPPORT,100.0,0.0,"B1 logic. V: 0.915, SOC: 100.0%",0
2026-01-01T19:34:45Z,SUPPORT,100.0,0.0,"B1 logic. V: 0.915, SOC: 100.0%",0
2026-01-01T19:34:50Z,SUPPORT,100.0,0.0,"B1 logic. V: 0.915, SOC: 100.0%",0
2026-01-01T19:34:55Z,SUPPORT,100.0,0.0,"B1 logic. V: 0.915, SOC: 100.0%",0
2026-01-01T19:35:00Z,SUPPORT,100.0,0.0,"B1 logic. V: 0.915, SOC: 100.0%",0
2026-01-01T19:35:05Z,SUPPORT,100.0,0.0,"B1 logic. V: 0.914, SOC: 100.0%",0
2026-01-01T19:35:10Z,SUPPORT,100.0,0.0,"B1 logic. V: 0.914, SOC: 100.0%",0
2026-01-01T19:35:15Z,SUPPORT,100.0,0.0,"B1 logic. V: 0.914, SOC: 100.0%",0
2026-01-01T19:35:20Z,SUPPORT,100.0,0.0,"B1 logic. V: 0.914, SOC: 100.0%",0
2026-01-01T19:35:25Z,SUPPORT,100.0,0.0,"B1 logic. V: 0.914, SOC: 100.0%",0
2026-01-01T19:35:30Z,SUPPORT,100.0,0.0,"B1 logic. V: 0.914, SOC: 100.0%",0
2026-01-01T19:35:35Z,SUPPORT,100.0,0.0,"B1 logic. V: 0.914, SOC: 100.0%",0
2026-01-01T19:35:40Z,SUPPORT,100.0,0.0,"B1 logic. V: 0.914, SOC: 100.0%",0
2026-01-01T19:35:45Z,SUPPORT,100.0,0.0,"B1 logic. V: 0.914, SOC: 100.0%",0
2026-01-01T19:35:50Z,SUPPORT,100.0,0.0,"B1 logic. V: 0.914, SOC: 100.0%",0
2026-01-01T19:35:55Z,SUPPORT,100.0,0.0,"B1 logic. V: 0.914, SOC: 100.0%",0
2026-01-01T19:36:00Z,SUPPORT,100.0,0.0,"B1 logic. V: 0.914, SOC: 100.0%",0
2026-01-01T19:36:05Z,SUPPORT,100.0,0.0,"B1 logic. V: 0.914, SOC: 100.0%",0
2026-01-01T19:36:10Z,SUPPORT,100.0,0.0,"B1 logic. V: 0.914, SOC: 100.0%",0
2026-01-01T19:36:15Z,SUPPORT,100.0,0.0,"B1 logic. V: 0.914, SOC: 100.0%",0
2026-01-01T19:36:20Z,SUPPORT,100.0,0.0,"B1 logic. V: 0.914, SOC: 100.0%",0
2026-01-01T19:36:25Z,SUPPORT,100.0,0.0,"B1 logic. V: 0.914, SOC: 100.0%",0
2026-01-01T19:36:30Z,SUPPORT,100.0,0.0,"B1 logic. V: 0.914, SOC: 100.0%",0
2026-01-01T19:36:35Z,SUPPORT,100.0,0.0,"B1 logic. V: 0.914, SOC: 100.0%",0
2026-01-01T19:36:40Z,SUPPORT,100.0,0.0,"B1 logic. V: 0.914, SOC: 100.0%",0
2026-01-01T19:36:45Z,SUPPORT,100.0,0.0,"B1 logic. V: 0.914, SOC: 100.0%",0
2026-01-01T19:36:50Z,SUPPORT,100.0,0.0,"B1 logic. V: 0.914, SOC: 100.0%",0
2026-01-01T19:36:55Z,SUPPORT,100.0,0.0,"B1 logic. V: 0.914, SOC: 100.0%",0
2026-01-01T19:37:00Z,SUPPORT,100.0,0.0,"B1 logic. V: 0.914, SOC: 100.0%",0
2026-01-01T19:37:05Z,SUPPORT,100.0,0.0,"B1 logic. V: 0.914, SOC: 100.0%",0
2026-01-01T19:37:10Z,SUPPORT,100.0,0.0,"B1 logic. V: 0.914, SOC: 100.0%",0
2026-01-01T19:37:15Z,SUPPORT,100.0,0.0,"B1 logic. V: 0.914, SOC: 100.0%",0
2026-01-01T19:37:20Z,SUPPORT,100.0,0.0,"B1 logic. V: 0.914, SOC: 100.0%",0
2026-01-01T19:37:25Z,SUPPORT,100.0,0.0,"B1 logic. V: 0.914, SOC: 100.0%",0
2026-01-01T19:37:30Z,SUPPORT,100.0,0.0,"B1 logic. V: 0.914, SOC: 100.0%",0
2026-01-01T19:37:35Z,SUPPORT,100.0,0.0,"B1 logic. V: 0.914, SOC: 100.0%",0
2026-01-01T19:37:40Z,SUPPORT,100.0,0.0,"B1 logic. V: 0.914, SOC: 100.0%",0
2026-01-01T19:37:45Z,SUPPORT,100.0,0.0,"B1 logic. V: 0.914, SOC: 100.0%",0
2026-01-01T19:37:50Z,SUPPORT,100.0,0.0,"B1 logic. V: 0.914, SOC: 100.0%",0
2026-01-01T19:37:55Z,SUPPORT,100.0,0.0,"B1 logic. V: 0.914, SOC: 100.0%",0
2026-01-01T19:38:00Z,SUPPORT,100.0,0.0,"B1 logic. V: 0.914, SOC: 100.0%",0
2026-01-01T19:38:05Z,SUPPORT,100.0,0.0,"B1 logic. V: 0.914, SOC: 100.0%",0
2026-01-01T19:38:10Z,SUPPORT,100.0,0.0,"B1 logic. V: 0.914, SOC: 100.0%",0
2026-01-01T19:38:15Z,SUPPORT,100.0,0.0,"B1 logic. V: 0.914, SOC: 100.0%",0
2026-01-01T19:38:20Z,SUPPORT,100.0,0.0,"B1 logic. V: 0.914, SOC: 100.0%",0
2026-01-01T19:38:25Z,SUPPORT,100.0,0.0,"B1 logic. V: 0.914, SOC: 100.0%",0
2026-01-01T19:38:30Z,SUPPORT,100.0,0.0,"B1 logic. V: 0.914, SOC: 100.0%",0
2026-01-01T19:38:35Z,SUPPORT,100.0,0.0,"B1 logic. V: 0.914, SOC: 100.0%",0
2026-01-01T19:38:40Z,SUPPORT,100.0,0.0,"B1 logic. V: 0.914, SOC: 100.0%",0
2026-01-01T19:38:45Z,SUPPORT,100.0,0.0,"B1 logic. V: 0.914, SOC: 100.0%",0
2026-01-01T19:38:50Z,SUPPORT,100.0,0.0,"B1 logic. V: 0.914, SOC: 100.0%",0
2026-01-01T19:38:55Z,SUPPORT,100.0,0.0,"B1 logic. V: 0.914, SOC: 100.0%",0
2026-01-01T19:39:00Z,SUPPORT,100.0,0.0,"B1 logic. V: 0.914, SOC: 100.0%",0
2026-01-01T19:39:05Z,SUPPORT,100.0,0.0,"B1 logic. V: 0.914, SOC: 100.0%",0
2026-01-01T19:39:10Z,SUPPORT,100.0,0.0,"B1 logic. V: 0.914, SOC: 100.0%",0
2026-01-01T19:39:15Z,SUPPORT,100.0,0.0,"B1 logic. V: 0.914, SOC: 100.0%",0
2026-01-01T19:39:20Z,SUPPORT,100.0,0.0,"B1 logic. V: 0.914, SOC: 100.0%",0
2026-01-01T19:39:25Z,SUPPORT,100.0,0.0,"B1 logic. V: 0.914, SOC: 100.0%",0
2026-01-01T19:39:30Z,SUPPORT,100.0,0.0,"B1 logic. V: 0.914, SOC: 100.0%",0
2026-01-01T19:39:35Z,SUPPORT,100.0,0.0,"B1 logic. V: 0.914, SOC: 100.0%",0
2026-01-01T19:39:40Z,SUPPORT,100.0,0.0,"B1 logic. V: 0.914, SOC: 100.0%",0
2026-01-01T19:39:45Z,SUPPORT,100.0,0.0,"B1 logic. V: 0.914, SOC: 100.0%",0
2026-01-01T19:39:50Z,SUPPORT,100.0,0.0,"B1 logic. V: 0.914, SOC: 100.0%",0
2026-01-01T19:39:55Z,SUPPORT,100.0,0.0,"B1 logic. V: 0.914, SOC: 100.0%",0
2026-01-01T19:40:00Z,SUPPORT,100.0,0.0,"B1 logic. V: 0.914, SOC: 100.0%",0
2026-01-01T19:40:05Z,SUPPORT,100.0,0.0,"B1 logic. V: 0.913, SOC: 100.0%",0
2026-01-01T19:40:10Z,SUPPORT,100.0,0.0,"B1 logic. V: 0.913, SOC: 100.0%",0
2026-01-01T19:40:15Z,SUPPORT,100.0,0.0,"B1 logic. V: 0.913, SOC: 100.0%",0
2026-01-01T19:40:20Z,SUPPORT,100.0,0.0,"B1 logic. V: 0.913, SOC: 100.0%",0
2026-01-01T19:40:25Z,SUPPORT,100.0,0.0,"B1 logic. V: 0.913, SOC: 100.0%",0
2026-01-01T19:40:30Z,SUPPORT,100.0,0.0,"B1 logic. V: 0.913, SOC: 100.0%",0
2026-01-01T19:40:35Z,SUPPORT,100.0,0.0,"B1 logic. V: 0.913, SOC: 100.0%",0
2026-01-01T19:40:40Z,SUPPORT,100.0,0.0,"B1 logic. V: 0.913, SOC: 100.0%",0
2026-01-01T19:40:45Z,SUPPORT,100.0,0.0,"B1 logic. V: 0.913, SOC: 100.0%",0
2026-01-01T19:40:50Z,SUPPORT,100.0,0.0,"B1 logic. V: 0.913, SOC: 100.0%",0
2026-01-01T19:40:55Z,SUPPORT,100.0,0.0,"B1 logic. V: 0.913, SOC: 100.0%",0
2026-01-01T19:41:00Z,SUPPORT,100.0,0.0,"B1 logic. V: 0.913, SOC: 100.0%",0
2026-01-01T19:41:05Z,SUPPORT,100.0,0.0,"B1 logic. V: 0.913, SOC: 100.0%",0
2026-01-01T19:41:10Z,SUPPORT,100.0,0.0,"B1 logic. V: 0.913, SOC: 100.0%",0
2026-01-01T19:41:15Z,SUPPORT,100.0,0.0,"B1 logic. V: 0.913, SOC: 100.0%",0
2026-01-01T19:41:20Z,SUPPORT,100.0,0.0,"B1 logic. V: 0.913, SOC: 100.0%",0
2026-01-01T19:41:25Z,SUPPORT,100.0,0.0,"B1 logic. V: 0.913, SOC: 100.0%",0
2026-01-01T19:41:30Z,SUPPORT,100.0,0.0,"B1 logic. V: 0.913, SOC: 100.0%",0
2026-01-01T19:41:35Z,SUPPORT,100.0,0.0,"B1 logic. V: 0.913, SOC: 100.0%",0
2026-01-01T19:41:40Z,SUPPORT,100.0,0.0,"B1 logic. V: 0.913, SOC: 100.0%",0
2026-01-01T19:41:45Z,SUPPORT,100.0,0.0,"B1 logic. V: 0.913, SOC: 100.0%",0
2026-01-01T19:41:50Z,SUPPORT,100.0,0.0,"B1 logic. V: 0.913, SOC: 100.0%",0
2026-01-01T19:41:55Z,SUPPORT,100.0,0.0,"B1 logic. V: 0.913, SOC: 100.0%",0
2026-01-01T19:42:00Z,SUPPORT,100.0,0.0,"B1 logic. V: 0.913, SOC: 100.0%",0
2026-01-01T19:42:05Z,SUPPORT,100.0,0.0,"B1 logic. V: 0.913, SOC: 100.0%",0
2026-01-01T19:42:10Z,SUPPORT,100.0,0.0,"B1 logic. V: 0.913, SOC: 100.0%",0
2026-01-01T19:42:15Z,SUPPORT,100.0,0.0,"B1 logic. V: 0.913, SOC: 100.0%",0
2026-01-01T19:42:20Z,SUPPORT,100.0,0.0,"B1 logic. V: 0.913, SOC: 100.0%",0
2026-01-01T19:42:25Z,SUPPORT,100.0,0.0,"B1 logic. V: 0.913, SOC: 100.0%",0
2026-01-01T19:42:30Z,SUPPORT,100.0,0.0,"B1 logic. V: 0.913, SOC: 100.0%",0
2026-01-01T19:42:35Z,SUPPORT,100.0,0.0,"B1 logic. V: 0.913, SOC: 100.0%",0
2026-01-01T19:42:40Z,SUPPORT,100.0,0.0,"B1 logic. V: 0.913, SOC: 100.0%",0
2026-01-01T19:42:45Z,SUPPORT,100.0,0.0,"B1 logic. V: 0.913, SOC: 100.0%",0
2026-01-01T19:42:50Z,SUPPORT,100.0,0.0,"B1 logic. V: 0.913, SOC: 100.0%",0
2026-01-01T19:42:55Z,SUPPORT,100.0,0.0,"B1 logic. V: 0.913, SOC: 100.0%",0
2026-01-01T19:43:00Z,SUPPORT,100.0,0.0,"B1 logic. V: 0.913, SOC: 100.0%",0
2026-01-01T19:43:05Z,SUPPORT,100.0,0.0,"B1 logic. V: 0.913, SOC: 100.0%",0
2026-01-01T19:43:10Z,SUPPORT,100.0,0.0,"B1 logic. V: 0.913, SOC: 100.0%",0
2026-01-01T19:43:15Z,SUPPORT,100.0,0.0,"B1 logic. V: 0.913, SOC: 100.0%",0
2026-01-01T19:43:20Z,SUPPORT,100.0,0.0,"B1 logic. V: 0.913, SOC: 100.0%",0
2026-01-01T19:43:25Z,SUPPORT,100.0,0.0,"B1 logic. V: 0.913, SOC: 100.0%",0
2026-01-01T19:43:30Z,SUPPORT,100.0,0.0,"B1 logic. V: 0.913, SOC: 100.0%",0
2026-01-01T19:43:35Z,SUPPORT,100.0,0.0,"B1 logic. V: 0.913, SOC: 100.0%",0
2026-01-01T19:43:40Z,SUPPORT,100.0,0.0,"B1 logic. V: 0.913, SOC: 100.0%",0
2026-01-01T19:43:45Z,SUPPORT,100.0,0.0,"B1 logic. V: 0.913, SOC: 100.0%",0
2026-01-01T19:43:50Z,SUPPORT,100.0,0.0,"B1 logic. V: 0.913, SOC: 100.0%",0
2026-01-01T19:43:55Z,SUPPORT,100.0,0.0,"B1 logic. V: 0.913, SOC: 100.0%",0
2026-01-01T19:44:00Z,SUPPORT,100.0,0.0,"B1 logic. V: 0.913, SOC: 100.0%",0
2026-01-01T19:44:05Z,SUPPORT,100.0,0.0,"B1 logic. V: 0.913, SOC: 100.0%",0
2026-01-01T19:44:10Z,SUPPORT,100.0,0.0,"B1 logic. V: 0.913, SOC: 100.0%",0
2026-01-01T19:44:15Z,SUPPORT,100.0,0.0,"B1 logic. V: 0.913, SOC: 100.0%",0
2026-01-01T19:44:20Z,SUPPORT,100.0,0.0,"B1 logic. V: 0.913, SOC: 100.0%",0
2026-01-01T19:44:25Z,SUPPORT,100.0,0.0,"B1 logic. V: 0.913, SOC: 100.0%",0
2026-01-01T19:44:30Z,SUPPORT,100.0,0.0,"B1 logic. V: 0.913, SOC: 100.0%",0
2026-01-01T19:44:35Z,SUPPORT,100.0,0.0,"B1 logic. V: 0.913, SOC: 100.0%",0
2026-01-01T19:44:40Z,SUPPORT,100.0,0.0,"B1 logic. V: 0.913, SOC: 100.0%",0
2026-01-01T19:44:45Z,SUPPORT,100.0,0.0,"B1 logic. V: 0.913, SOC: 100.0%",0
2026-01-01T19:44:50Z,SUPPORT,100.0,0.0,"B1 logic. V: 0.913, SOC: 100.0%",0
2026-01-01T19:44:55Z,SUPPORT,100.0,0.0,"B1 logic. V: 0.913, SOC: 100.0%",0
2026-01-01T19:45:00Z,SUPPORT,100.0,0.0,"B1 logic. V: 0.913, SOC: 100.0%",0
2026-01-01T19:45:05Z,SUPPORT,100.0,0.0,"B1 logic. V: 0.912, SOC: 100.0%",0
2026-01-01T19:45:10Z,SUPPORT,100.0,0.0,"B1 logic. V: 0.912, SOC: 100.0%",0
2026-01-01T19:45:15Z,SUPPORT,100.0,0.0,"B1 logic. V: 0.912, SOC: 100.0%",0
2026-01-01T19:45:20Z,SUPPORT,100.0,0.0,"B1 logic. V: 0.912, SOC: 100.0%",0
2026-01-01T19:45:25Z,SUPPORT,100.0,0.0,"B1 logic. V: 0.912, SOC: 100.0%",0
2026-01-01T19:45:30Z,SUPPORT,100.0,0.0,"B1 logic. V: 0.912, SOC: 100.0%",0
2026-01-01T19:45:35Z,SUPPORT,100.0,0.0,"B1 logic. V: 0.912, SOC: 100.0%",0
2026-01-01T19:45:40Z,SUPPORT,100.0,0.0,"B1 logic. V: 0.912, SOC: 100.0%",0
2026-01-01T19:45:45Z,SUPPORT,100.0,0.0,"B1 logic. V: 0.912, SOC: 100.0%",0
2026-01-01T19:45:50Z,SUPPORT,100.0,0.0,"B1 logic. V: 0.912, SOC: 100.0%",0
2026-01-01T19:45:55Z,SUPPORT,100.0,0.0,"B1 logic. V: 0.912, SOC: 100.0%",0
2026-01-01T19:46:00Z,SUPPORT,100.0,0.0,"B1 logic. V: 0.912, SOC: 100.0%",0
2026-01-01T19:46:05Z,SUPPORT,100.0,0.0,"B1 logic. V: 0.912, SOC: 100.0%",0
2026-01-01T19:46:10Z,SUPPORT,100.0,0.0,"B1 logic. V: 0.912, SOC: 100.0%",0
2026-01-01T19:46:15Z,SUPPORT,100.0,0.0,"B1 logic. V: 0.912, SOC: 100.0%",0
2026-01-01T19:46:20Z,SUPPORT,100.0,0.0,"B1 logic. V: 0.912, SOC: 100.0%",0
2026-01-01T19:46:25Z,SUPPORT,100.0,0.0,"B1 logic. V: 0.912, SOC: 100.0%",0
2026-01-01T19:46:30Z,SUPPORT,100.0,0.0,"B1 logic. V: 0.912, SOC: 100.0%",0
2026-01-01T19:46:35Z,SUPPORT,100.0,0.0,"B1 logic. V: 0.912, SOC: 100.0%",0
2026-01-01T19:46:40Z,SUPPORT,100.0,0.0,"B1 logic. V: 0.912, SOC: 100.0%",0
2026-01-01T19:46:45Z,SUPPORT,100.0,0.0,"B1 logic. V: 0.912, SOC: 100.0%",0
2026-01-01T19:46:50Z,SUPPORT,100.0,0.0,"B1 logic. V: 0.912, SOC: 100.0%",0
2026-01-01T19:46:55Z,SUPPORT,100.0,0.0,"B1 logic. V: 0.912, SOC: 100.0%",0
2026-01-01T19:47:00Z,SUPPORT,100.0,0.0,"B1 logic. V: 0.912, SOC: 100.0%",0
2026-01-01T19:47:05Z,SUPPORT,100.0,0.0,"B1 logic. V: 0.912, SOC: 100.0%",0
2026-01-01T19:47:10Z,SUPPORT,100.0,0.0,"B1 logic. V: 0.912, SOC: 100.0%",0
2026-01-01T19:47:15Z,SUPPORT,100.0,0.0,"B1 logic. V: 0.912, SOC: 100.0%",0
2026-01-01T19:47:20Z,SUPPORT,100.0,0.0,"B1 logic. V: 0.912, SOC: 100.0%",0
2026-01-01T19:47:25Z,SUPPORT,100.0,0.0,"B1 logic. V: 0.912, SOC: 100.0%",0
2026-01-01T19:47:30Z,SUPPORT,100.0,0.0,"B1 logic. V: 0.912, SOC: 100.0%",0
2026-01-01T19:47:35Z,SUPPORT,100.0,0.0,"B1 logic. V: 0.912, SOC: 100.0%",0
2026-01-01T19:47:40Z,SUPPORT,100.0,0.0,"B1 logic. V: 0.912, SOC: 100.0%",0
2026-01-01T19:47:45Z,SUPPORT,100.0,0.0,"B1 logic. V: 0.912, SOC: 100.0%",0
2026-01-01T19:47:50Z,SUPPORT,100.0,0.0,"B1 logic. V: 0.912, SOC: 100.0%",0
2026-01-01T19:47:55Z,SUPPORT,100.0,0.0,"B1 logic. V: 0.912, SOC: 100.0%",0
2026-01-01T19:48:00Z,SUPPORT,100.0,0.0,"B1 logic. V: 0.912, SOC: 100.0%",0
2026-01-01T19:48:05Z,SUPPORT,100.0,0.0,"B1 logic. V: 0.912, SOC: 100.0%",0
2026-01-01T19:48:10Z,SUPPORT,100.0,0.0,"B1 logic. V: 0.912, SOC: 100.0%",0
2026-01-01T19:48:15Z,SUPPORT,100.0,0.0,"B1 logic. V: 0.912, SOC: 100.0%",0
2026-01-01T19:48:20Z,SUPPORT,100.0,0.0,"B1 logic. V: 0.912, SOC: 100.0%",0
2026-01-01T19:48:25Z,SUPPORT,100.0,0.0,"B1 logic. V: 0.912, SOC: 100.0%",0
2026-01-01T19:48:30Z,SUPPORT,100.0,0.0,"B1 logic. V: 0.912, SOC: 100.0%",0
2026-01-01T19:48:35Z,SUPPORT,100.0,0.0,"B1 logic. V: 0.912, SOC: 100.0%",0
2026-01-01T19:48:40Z,SUPPORT,100.0,0.0,"B1 logic. V: 0.912, SOC: 100.0%",0
2026-01-01T19:48:45Z,SUPPORT,100.0,0.0,"B1 logic. V: 0.912, SOC: 100.0%",0
2026-01-01T19:48:50Z,SUPPORT,100.0,0.0,"B1 logic. V: 0.912, SOC: 100.0%",0
2026-01-01T19:48:55Z,SUPPORT,100.0,0.0,"B1 logic. V: 0.912, SOC: 100.0%",0
2026-01-01T19:49:00Z,SUPPORT,100.0,0.0,"B1 logic. V: 0.912, SOC: 100.0%",0
2026-01-01T19:49:05Z,SUPPORT,100.0,0.0,"B1 logic. V: 0.912, SOC: 100.0%",0
2026-01-01T19:49:10Z,SUPPORT,100.0,0.0,"B1 logic. V: 0.912, SOC: 100.0%",0
2026-01-01T19:49:15Z,SUPPORT,100.0,0.0,"B1 logic. V: 0.912, SOC: 100.0%",0
2026-01-01T19:49:20Z,SUPPORT,100.0,0.0,"B1 logic. V: 0.912, SOC: 100.0%",0
2026-01-01T19:49:25Z,SUPPORT,100.0,0.0,"B1 logic. V: 0.912, SOC: 100.0%",0
2026-01-01T19:49:30Z,SUPPORT,100.0,0.0,"B1 logic. V: 0.912, SOC: 100.0%",0
2026-01-01T19:49:35Z,SUPPORT,100.0,0.0,"B1 logic. V: 0.912, SOC: 100.0%",0
2026-01-01T19:49:40Z,SUPPORT,100.0,0.0,"B1 logic. V: 0.912, SOC: 100.0%",0
2026-01-01T19:49:45Z,SUPPORT,100.0,0.0,"B1 logic. V: 0.912, SOC: 100.0%",0
2026-01-01T19:49:50Z,SUPPORT,100.0,0.0,"B1 logic. V: 0.912, SOC: 100.0%",0
2026-01-01T19:49:55Z,SUPPORT,100.0,0.0,"B1 logic. V: 0.912, SOC: 100.0%",0
2026-01-01T19:50:00Z,SUPPORT,100.0,0.0,"B1 logic. V: 0.912, SOC: 100.0%",0
2026-01-01T19:50:05Z,SUPPORT,100.0,0.0,"B1 logic. V: 0.912, SOC: 100.0%",0
2026-01-01T19:50:10Z,SUPPORT,100.0,0.0,"B1 logic. V: 0.912, SOC: 100.0%",0
2026-01-01T19:50:15Z,SUPPORT,100.0,0.0,"B1 logic. V: 0.912, SOC: 100.0%",0
2026-01-01T19:50:20Z,SUPPORT,100.0,0.0,"B1 logic. V: 0.912, SOC: 100.0%",0
2026-01-01T19:50:25Z,SUPPORT,100.0,0.0,"B1 logic. V: 0.912, SOC: 100.0%",0
2026-01-01T19:50:30Z,SUPPORT,100.0,0.0,"B1 logic. V: 0.912, SOC: 100.0%",0
2026-01-01T19:50:35Z,SUPPORT,100.0,0.0,"B1 logic. V: 0.912, SOC: 100.0%",0
2026-01-01T19:50:40Z,SUPPORT,100.0,0.0,"B1 logic. V: 0.912, SOC: 100.0%",0
2026-01-01T19:50:45Z,SUPPORT,100.0,0.0,"B1 logic. V: 0.912, SOC: 100.0%",0
2026-01-01T19:50:50Z,SUPPORT,100.0,0.0,"B1 logic. V: 0.912, SOC: 100.0%",0
2026-01-01T19:50:55Z,SUPPORT,100.0,0.0,"B1 logic. V: 0.912, SOC: 100.0%",0
2026-01-01T19:51:00Z,SUPPORT,100.0,0.0,"B1 logic. V: 0.912, SOC: 100.0%",0
2026-01-01T19:51:05Z,SUPPORT,100.0,0.0,"B1 logic. V: 0.911, SOC: 100.0%",0
2026-01-01T19:51:10Z,SUPPORT,100.0,0.0,"B1 logic. V: 0.911, SOC: 100.0%",0
2026-01-01T19:51:15Z,SUPPORT,100.0,0.0,"B1 logic. V: 0.911, SOC: 100.0%",0
2026-01-01T19:51:20Z,SUPPORT,100.0,0.0,"B1 logic. V: 0.911, SOC: 100.0%",0
2026-01-01T19:51:25Z,SUPPORT,100.0,0.0,"B1 logic. V: 0.911, SOC: 100.0%",0
2026-01-01T19:51:30Z,SUPPORT,100.0,0.0,"B1 logic. V: 0.911, SOC: 100.0%",0
2026-01-01T19:51:35Z,SUPPORT,100.0,0.0,"B1 logic. V: 0.911, SOC: 100.0%",0
2026-01-01T19:51:40Z,SUPPORT,100.0,0.0,"B1 logic. V: 0.911, SOC: 100.0%",0
2026-01-01T19:51:45Z,SUPPORT,100.0,0.0,"B1 logic. V: 0.911, SOC: 100.0%",0
2026-01-01T19:51:50Z,SUPPORT,100.0,0.0,"B1 logic. V: 0.911, SOC: 100.0%",0
2026-01-01T19:51:55Z,SUPPORT,100.0,0.0,"B1 logic. V: 0.911, SOC: 100.0%",0
2026-01-01T19:52:00Z,SUPPORT,100.0,0.0,"B1 logic. V: 0.911, SOC: 100.0%",0
2026-01-01T19:52:05Z,SUPPORT,100.0,0.0,"B1 logic. V: 0.911, SOC: 100.0%",0
2026-01-01T19:52:10Z,SUPPORT,100.0,0.0,"B1 logic. V: 0.911, SOC: 100.0%",0
2026-01-01T19:52:15Z,SUPPORT,100.0,0.0,"B1 logic. V: 0.911, SOC: 100.0%",0
2026-01-01T19:52:20Z,SUPPORT,100.0,0.0,"B1 logic. V: 0.911, SOC: 100.0%",0
2026-01-01T19:52:25Z,SUPPORT,100.0,0.0,"B1 logic. V: 0.911, SOC: 100.0%",0
2026-01-01T19:52:30Z,SUPPORT,100.0,0.0,"B1 logic. V: 0.911, SOC: 100.0%",0
2026-01-01T19:52:35Z,SUPPORT,100.0,0.0,"B1 logic. V: 0.911, SOC: 100.0%",0
2026-01-01T19:52:40Z,SUPPORT,100.0,0.0,"B1 logic. V: 0.911, SOC: 100.0%",0
2026-01-01T19:52:45Z,SUPPORT,100.0,0.0,"B1 logic. V: 0.911, SOC: 100.0%",0
2026-01-01T19:52:50Z,SUPPORT,100.0,0.0,"B1 logic. V: 0.911, SOC: 100.0%",0
2026-01-01T19:52:55Z,SUPPORT,100.0,0.0,"B1 logic. V: 0.911, SOC: 100.0%",0
2026-01-01T19:53:00Z,SUPPORT,100.0,0.0,"B1 logic. V: 0.911, SOC: 100.0%",0
2026-01-01T19:53:05Z,SUPPORT,100.0,0.0,"B1 logic. V: 0.911, SOC: 100.0%",0
2026-01-01T19:53:10Z,SUPPORT,100.0,0.0,"B1 logic. V: 0.911, SOC: 100.0%",0
2026-01-01T19:53:15Z,SUPPORT,100.0,0.0,"B1 logic. V: 0.911, SOC: 100.0%",0
2026-01-01T19:53:20Z,SUPPORT,100.0,0.0,"B1 logic. V: 0.911, SOC: 100.0%",0
2026-01-01T19:53:25Z,SUPPORT,100.0,0.0,"B1 logic. V: 0.911, SOC: 100.0%",0
2026-01-01T19:53:30Z,SUPPORT,100.0,0.0,"B1 logic. V: 0.911, SOC: 100.0%",0
2026-01-01T19:53:35Z,SUPPORT,100.0,0.0,"B1 logic. V: 0.911, SOC: 100.0%",0
2026-01-01T19:53:40Z,SUPPORT,100.0,0.0,"B1 logic. V: 0.911, SOC: 100.0%",0
2026-01-01T19:53:45Z,SUPPORT,100.0,0.0,"B1 logic. V: 0.911, SOC: 100.0%",0
2026-01-01T19:53:50Z,SUPPORT,100.0,0.0,"B1 logic. V: 0.911, SOC: 100.0%",0
2026-01-01T19:53:55Z,SUPPORT,100.0,0.0,"B1 logic. V: 0.911, SOC: 100.0%",0
2026-01-01T19:54:00Z,SUPPORT,100.0,0.0,"B1 logic. V: 0.911, SOC: 100.0%",0
2026-01-01T19:54:05Z,SUPPORT,100.0,0.0,"B1 logic. V: 0.911, SOC: 100.0%",0
2026-01-01T19:54:10Z,SUPPORT,100.0,0.0,"B1 logic. V: 0.911, SOC: 100.0%",0
2026-01-01T19:54:15Z,SUPPORT,100.0,0.0,"B1 logic. V: 0.911, SOC: 100.0%",0
2026-01-01T19:54:20Z,SUPPORT,100.0,0.0,"B1 logic. V: 0.911, SOC: 100.0%",0
2026-01-01T19:54:25Z,SUPPORT,100.0,0.0,"B1 logic. V: 0.911, SOC: 100.0%",0
2026-01-01T19:54:30Z,SUPPORT,100.0,0.0,"B1 logic. V: 0.911, SOC: 100.0%",0
2026-01-01T19:54:35Z,SUPPORT,100.0,0.0,"B1 logic. V: 0.911, SOC: 100.0%",0
2026-01-01T19:54:40Z,SUPPORT,100.0,0.0,"B1 logic. V: 0.911, SOC: 100.0%",0
2026-01-01T19:54:45Z,SUPPORT,100.0,0.0,"B1 logic. V: 0.911, SOC: 100.0%",0
2026-01-01T19:54:50Z,SUPPORT,100.0,0.0,"B1 logic. V: 0.911, SOC: 100.0%",0
2026-01-01T19:54:55Z,SUPPORT,100.0,0.0,"B1 logic. V: 0.911, SOC: 100.0%",0
2026-01-01T19:55:00Z,SUPPORT,100.0,0.0,"B1 logic. V: 0.911, SOC: 100.0%",0
2026-01-01T19:55:05Z,SUPPORT,100.0,0.0,"B1 logic. V: 0.911, SOC: 100.0%",0
2026-01-01T19:55:10Z,SUPPORT,100.0,0.0,"B1 logic. V: 0.911, SOC: 100.0%",0
2026-01-01T19:55:15Z,SUPPORT,100.0,0.0,"B1 logic. V: 0.911, SOC: 100.0%",0
2026-01-01T19:55:20Z,SUPPORT,100.0,0.0,"B1 logic. V: 0.911, SOC: 100.0%",0
2026-01-01T19:55:25Z,SUPPORT,100.0,0.0,"B1 logic. V: 0.911, SOC: 100.0%",0
2026-01-01T19:55:30Z,SUPPORT,100.0,0.0,"B1 logic. V: 0.911, SOC: 100.0%",0
2026-01-01T19:55:35Z,SUPPORT,100.0,0.0,"B1 logic. V: 0.911, SOC: 100.0%",0
2026-01-01T19:55:40Z,SUPPORT,100.0,0.0,"B1 logic. V: 0.911, SOC: 100.0%",0
2026-01-01T19:55:45Z,SUPPORT,100.0,0.0,"B1 logic. V: 0.911, SOC: 100.0%",0
2026-01-01T19:55:50Z,SUPPORT,100.0,0.0,"B1 logic. V: 0.911, SOC: 100.0%",0
2026-01-01T19:55:55Z,SUPPORT,100.0,0.0,"B1 logic. V: 0.911, SOC: 100.0%",0
2026-01-01T19:56:00Z,SUPPORT,100.0,0.0,"B1 logic. V: 0.911, SOC: 100.0%",0
2026-01-01T19:56:05Z,SUPPORT,100.0,0.0,"B1 logic. V: 0.911, SOC: 100.0%",0
2026-01-01T19:56:10Z,SUPPORT,100.0,0.0,"B1 logic. V: 0.911, SOC: 100.0%",0
2026-01-01T19:56:15Z,SUPPORT,100.0,0.0,"B1 logic. V: 0.911, SOC: 100.0%",0
2026-01-01T19:56:20Z,SUPPORT,100.0,0.0,"B1 logic. V: 0.911, SOC: 100.0%",0
2026-01-01T19:56:25Z,SUPPORT,100.0,0.0,"B1 logic. V: 0.911, SOC: 100.0%",0
2026-01-01T19:56:30Z,SUPPORT,100.0,0.0,"B1 logic. V: 0.911, SOC: 100.0%",0
2026-01-01T19:56:35Z,SUPPORT,100.0,0.0,"B1 logic. V: 0.911, SOC: 100.0%",0
2026-01-01T19:56:40Z,SUPPORT,100.0,0.0,"B1 logic. V: 0.911, SOC: 100.0%",0
2026-01-01T19:56:45Z,SUPPORT,100.0,0.0,"B1 logic. V: 0.911, SOC: 100.0%",0
2026-01-01T19:56:50Z,SUPPORT,100.0,0.0,"B1 logic. V: 0.911, SOC: 100.0%",0
2026-01-01T19:56:55Z,SUPPORT,100.0,0.0,"B1 logic. V: 0.911, SOC: 100.0%",0
2026-01-01T19:57:00Z,SUPPORT,100.0,0.0,"B1 logic. V: 0.911, SOC: 100.0%",0
2026-01-01T19:57:05Z,SUPPORT,100.0,0.0,"B1 logic. V: 0.911, SOC: 100.0%",0
2026-01-01T19:57:10Z,SUPPORT,100.0,0.0,"B1 logic. V: 0.911, SOC: 100.0%",0
2026-01-01T19:57:15Z,SUPPORT,100.0,0.0,"B1 logic. V: 0.911, SOC: 100.0%",0
2026-01-01T19:57:20Z,SUPPORT,100.0,0.0,"B1 logic. V: 0.911, SOC: 100.0%",0
2026-01-01T19:57:25Z,SUPPORT,100.0,0.0,"B1 logic. V: 0.911, SOC: 100.0%",0
2026-01-01T19:57:30Z,SUPPORT,100.0,0.0,"B1 logic. V: 0.911, SOC: 100.0%",0
2026-01-01T19:57:35Z,SUPPORT,100.0,0.0,"B1 logic. V: 0.911, SOC: 100.0%",0
2026-01-01T19:57:40Z,SUPPORT,100.0,0.0,"B1 logic. V: 0.911, SOC: 100.0%",0
2026-01-01T19:57:45Z,SUPPORT,100.0,0.0,"B1 logic. V: 0.911, SOC: 100.0%",0
2026-01-01T19:57:50Z,SUPPORT,100.0,0.0,"B1 logic. V: 0.911, SOC: 100.0%",0
2026-01-01T19:57:55Z,SUPPORT,100.0,0.0,"B1 logic. V: 0.911, SOC: 100.0%",0
2026-01-01T19:58:00Z,SUPPORT,100.0,0.0,"B1 logic. V: 0.911, SOC: 100.0%",0
2026-01-01T19:58:05Z,SUPPORT,100.0,0.0,"B1 logic. V: 0.910, SOC: 100.0%",0
2026-01-01T19:58:10Z,SUPPORT,100.0,0.0,"B1 logic. V: 0.910, SOC: 100.0%",0
2026-01-01T19:58:15Z,SUPPORT,100.0,0.0,"B1 logic. V: 0.910, SOC: 100.0%",0
2026-01-01T19:58:20Z,SUPPORT,100.0,0.0,"B1 logic. V: 0.910, SOC: 100.0%",0
2026-01-01T19:58:25Z,SUPPORT,100.0,0.0,"B1 logic. V: 0.910, SOC: 100.0%",0
2026-01-01T19:58:30Z,SUPPORT,100.0,0.0,"B1 logic. V: 0.910, SOC: 100.0%",0
2026-01-01T19:58:35Z,SUPPORT,100.0,0.0,"B1 logic. V: 0.910, SOC: 100.0%",0
2026-01-01T19:58:40Z,SUPPORT,100.0,0.0,"B1 logic. V: 0.910, SOC: 100.0%",0
2026-01-01T19:58:45Z,SUPPORT,100.0,0.0,"B1 logic. V: 0.910, SOC: 100.0%",0
2026-01-01T19:58:50Z,SUPPORT,100.0,0.0,"B1 logic. V: 0.910, SOC: 100.0%",0
2026-01-01T19:58:55Z,SUPPORT,100.0,0.0,"B1 logic. V: 0.910, SOC: 100.0%",0
2026-01-01T19:59:00Z,SUPPORT,100.0,0.0,"B1 logic. V: 0.910, SOC: 100.0%",0
2026-01-01T19:59:05Z,SUPPORT,100.0,0.0,"B1 logic. V: 0.910, SOC: 100.0%",0
2026-01-01T19:59:10Z,SUPPORT,100.0,0.0,"B1 logic. V: 0.910, SOC: 100.0%",0
2026-01-01T19:59:15Z,SUPPORT,100.0,0.0,"B1 logic. V: 0.910, SOC: 100.0%",0
2026-01-01T19:59:20Z,SUPPORT,100.0,0.0,"B1 logic. V: 0.910, SOC: 100.0%",0
2026-01-01T19:59:25Z,SUPPORT,100.0,0.0,"B1 logic. V: 0.910, SOC: 100.0%",0
2026-01-01T19:59:30Z,SUPPORT,100.0,0.0,"B1 logic. V: 0.910, SOC: 100.0%",0
2026-01-01T19:59:35Z,SUPPORT,100.0,0.0,"B1 logic. V: 0.910, SOC: 100.0%",0
2026-01-01T19:59:40Z,SUPPORT,100.0,0.0,"B1 logic. V: 0.910, SOC: 100.0%",0
2026-01-01T19:59:45Z,SUPPORT,100.0,0.0,"B1 logic. V: 0.910, SOC: 100.0%",0
2026-01-01T19:59:50Z,SUPPORT,100.0,0.0,"B1 logic. V: 0.910, SOC: 100.0%",0
2026-01-01T19:59:55Z,SUPPORT,100.0,0.0,"B1 logic. V: 0.910, SOC: 100.0%",0
2026-01-01T20:00:00Z,SUPPORT,100.0,0.0,"B1 logic. V: 0.910, SOC: 100.0%",0
2026-01-01T20:00:05Z,SUPPORT,100.0,0.0,"B1 logic. V: 0.910, SOC: 100.0%",0
2026-01-01T20:00:10Z,SUPPORT,100.0,0.0,"B1 logic. V: 0.910, SOC: 100.0%",0
2026-01-01T20:00:15Z,SUPPORT,100.0,0.0,"B1 logic. V: 0.910, SOC: 100.0%",0
2026-01-01T20:00:20Z,SUPPORT,100.0,0.0,"B1 logic. V: 0.910, SOC: 100.0%",0
2026-01-01T20:00:25Z,SUPPORT,100.0,0.0,"B1 logic. V: 0.910, SOC: 100.0%",0
2026-01-01T20:00:30Z,SUPPORT,100.0,0.0,"B1 logic. V: 0.910, SOC: 100.0%",0
2026-01-01T20:00:35Z,SUPPORT,100.0,0.0,"B1 logic. V: 0.910, SOC: 100.0%",0
2026-01-01T20:00:40Z,SUPPORT,100.0,0.0,"B1 logic. V: 0.910, SOC: 100.0%",0
2026-01-01T20:00:45Z,SUPPORT,100.0,0.0,"B1 logic. V: 0.910, SOC: 100.0%",0
2026-01-01T20:00:50Z,SUPPORT,100.0,0.0,"B1 logic. V: 0.910, SOC: 100.0%",0
2026-01-01T20:00:55Z,SUPPORT,100.0,0.0,"B1 logic. V: 0.910, SOC: 100.0%",0
2026-01-01T20:01:00Z,SUPPORT,100.0,0.0,"B1 logic. V: 0.910, SOC: 100.0%",0
2026-01-01T20:01:05Z,SUPPORT,100.0,0.0,"B1 logic. V: 0.910, SOC: 100.0%",0
2026-01-01T20:01:10Z,SUPPORT,100.0,0.0,"B1 logic. V: 0.910, SOC: 100.0%",0
2026-01-01T20:01:15Z,SUPPORT,100.0,0.0,"B1 logic. V: 0.910, SOC: 100.0%",0
2026-01-01T20:01:20Z,SUPPORT,100.0,0.0,"B1 logic. V: 0.910, SOC: 100.0%",0
2026-01-01T20:01:25Z,SUPPORT,100.0,0.0,"B1 logic. V: 0.910, SOC: 100.0%",0
2026-01-01T20:01:30Z,SUPPORT,100.0,0.0,"B1 logic. V: 0.910, SOC: 100.0%",0
2026-01-01T20:01:35Z,SUPPORT,100.0,0.0,"B1 logic. V: 0.910, SOC: 100.0%",0
2026-01-01T20:01:40Z,SUPPORT,100.0,0.0,"B1 logic. V: 0.910, SOC: 100.0%",0
2026-01-01T20:01:45Z,SUPPORT,100.0,0.0,"B1 logic. V: 0.910, SOC: 100.0%",0
2026-01-01T20:01:50Z,SUPPORT,100.0,0.0,"B1 logic. V: 0.910, SOC: 100.0%",0
2026-01-01T20:01:55Z,SUPPORT,100.0,0.0,"B1 logic. V: 0.910, SOC: 100.0%",0
2026-01-01T20:02:00Z,SUPPORT,100.0,0.0,"B1 logic. V: 0.910, SOC: 100.0%",0
2026-01-01T20:02:05Z,SUPPORT,100.0,0.0,"B1 logic. V: 0.910, SOC: 100.0%",0
2026-01-01T20:02:10Z,SUPPORT,100.0,0.0,"B1 logic. V: 0.910, SOC: 100.0%",0
2026-01-01T20:02:15Z,SUPPORT,100.0,0.0,"B1 logic. V: 0.910, SOC: 100.0%",0
2026-01-01T20:02:20Z,SUPPORT,100.0,0.0,"B1 logic. V: 0.910, SOC: 100.0%",0
2026-01-01T20:02:25Z,SUPPORT,100.0,0.0,"B1 logic. V: 0.910, SOC: 100.0%",0
2026-01-01T20:02:30Z,SUPPORT,100.0,0.0,"B1 logic. V: 0.910, SOC: 100.0%",0
2026-01-01T20:02:35Z,SUPPORT,100.0,0.0,"B1 logic. V: 0.910, SOC: 100.0%",0
2026-01-01T20:02:40Z,SUPPORT,100.0,0.0,"B1 logic. V: 0.910, SOC: 100.0%",0
2026-01-01T20:02:45Z,SUPPORT,100.0,0.0,"B1 logic. V: 0.910, SOC: 100.0%",0
2026-01-01T20:02:50Z,SUPPORT,100.0,0.0,"B1 logic. V: 0.910, SOC: 100.0%",0
2026-01-01T20:02:55Z,SUPPORT,100.0,0.0,"B1 logic. V: 0.910, SOC: 100.0%",0
2026-01-01T20:03:00Z,SUPPORT,100.0,0.0,"B1 logic. V: 0.910, SOC: 100.0%",0
2026-01-01T20:03:05Z,SUPPORT,100.0,0.0,"B1 logic. V: 0.910, SOC: 100.0%",0
2026-01-01T20:03:10Z,SUPPORT,100.0,0.0,"B1 logic. V: 0.910, SOC: 100.0%",0
2026-01-01T20:03:15Z,SUPPORT,100.0,0.0,"B1 logic. V: 0.910, SOC: 100.0%",0
2026-01-01T20:03:20Z,SUPPORT,100.0,0.0,"B1 logic. V: 0.910, SOC: 100.0%",0
2026-01-01T20:03:25Z,SUPPORT,100.0,0.0,"B1 logic. V: 0.910, SOC: 100.0%",0
2026-01-01T20:03:30Z,SUPPORT,100.0,0.0,"B1 logic. V: 0.910, SOC: 100.0%",0
2026-01-01T20:03:35Z,SUPPORT,100.0,0.0,"B1 logic. V: 0.910, SOC: 100.0%",0
2026-01-01T20:03:40Z,SUPPORT,100.0,0.0,"B1 logic. V: 0.910, SOC: 100.0%",0
2026-01-01T20:03:45Z,SUPPORT,100.0,0.0,"B1 logic. V: 0.910, SOC: 100.0%",0
2026-01-01T20:03:50Z,SUPPORT,100.0,0.0,"B1 logic. V: 0.910, SOC: 100.0%",0
2026-01-01T20:03:55Z,SUPPORT,100.0,0.0,"B1 logic. V: 0.910, SOC: 100.0%",0
2026-01-01T20:04:00Z,SUPPORT,100.0,0.0,"B1 logic. V: 0.910, SOC: 100.0%",0
2026-01-01T20:04:05Z,SUPPORT,100.0,0.0,"B1 logic. V: 0.910, SOC: 100.0%",0
2026-01-01T20:04:10Z,SUPPORT,100.0,0.0,"B1 logic. V: 0.910, SOC: 100.0%",0
2026-01-01T20:04:15Z,SUPPORT,100.0,0.0,"B1 logic. V: 0.910, SOC: 100.0%",0
2026-01-01T20:04:20Z,SUPPORT,100.0,0.0,"B1 logic. V: 0.910, SOC: 100.0%",0
2026-01-01T20:04:25Z,SUPPORT,100.0,0.0,"B1 logic. V: 0.910, SOC: 100.0%",0
2026-01-01T20:04:30Z,SUPPORT,100.0,0.0,"B1 logic. V: 0.910, SOC: 100.0%",0
2026-01-01T20:04:35Z,SUPPORT,100.0,0.0,"B1 logic. V: 0.910, SOC: 100.0%",0
2026-01-01T20:04:40Z,SUPPORT,100.0,0.0,"B1 logic. V: 0.910, SOC: 100.0%",0
2026-01-01T20:04:45Z,SUPPORT,100.0,0.0,"B1 logic. V: 0.910, SOC: 100.0%",0
2026-01-01T20:04:50Z,SUPPORT,100.0,0.0,"B1 logic. V: 0.910, SOC: 100.0%",0
2026-01-01T20:04:55Z,SUPPORT,100.0,0.0,"B1 logic. V: 0.910, SOC: 100.0%",0
2026-01-01T20:05:00Z,SUPPORT,100.0,0.0,"B1 logic. V: 0.910, SOC: 100.0%",0
2026-01-01T20:05:05Z,SUPPORT,100.0,0.0,"B1 logic. V: 0.910, SOC: 100.0%",0
2026-01-01T20:05:10Z,SUPPORT,100.0,0.0,"B1 logic. V: 0.910, SOC: 100.0%",0
2026-01-01T20:05:15Z,SUPPORT,100.0,0.0,"B1 logic. V: 0.910, SOC: 100.0%",0
2026-01-01T20:05:20Z,SUPPORT,100.0,0.0,"B1 logic. V: 0.910, SOC: 100.0%",0
2026-01-01T20:05:25Z,SUPPORT,100.0,0.0,"B1 logic. V: 0.910, SOC: 100.0%",0
2026-01-01T20:05:30Z,SUPPORT,100.0,0.0,"B1 logic. V: 0.910, SOC: 100.0%",0
2026-01-01T20:05:35Z,SUPPORT,100.0,0.0,"B1 logic. V: 0.910, SOC: 100.0%",0
2026-01-01T20:05:40Z,SUPPORT,100.0,0.0,"B1 logic. V: 0.910, SOC: 100.0%",0
2026-01-01T20:05:45Z,SUPPORT,100.0,0.0,"B1 logic. V: 0.910, SOC: 100.0%",0
2026-01-01T20:05:50Z,SUPPORT,100.0,0.0,"B1 logic. V: 0.910, SOC: 100.0%",0
2026-01-01T20:05:55Z,SUPPORT,100.0,0.0,"B1 logic. V: 0.910, SOC: 100.0%",0
2026-01-01T20:06:00Z,SUPPORT,100.0,0.0,"B1 logic. V: 0.910, SOC: 100.0%",0
2026-01-01T20:06:05Z,SUPPORT,100.0,0.0,"B1 logic. V: 0.909, SOC: 100.0%",0
2026-01-01T20:06:10Z,SUPPORT,100.0,0.0,"B1 logic. V: 0.909, SOC: 100.0%",0
2026-01-01T20:06:15Z,SUPPORT,100.0,0.0,"B1 logic. V: 0.909, SOC: 100.0%",0
2026-01-01T20:06:20Z,SUPPORT,100.0,0.0,"B1 logic. V: 0.909, SOC: 100.0%",0
2026-01-01T20:06:25Z,SUPPORT,100.0,0.0,"B1 logic. V: 0.909, SOC: 100.0%",0
2026-01-01T20:06:30Z,SUPPORT,100.0,0.0,"B1 logic. V: 0.909, SOC: 100.0%",0
2026-01-01T20:06:35Z,SUPPORT,100.0,0.0,"B1 logic. V: 0.909, SOC: 100.0%",0
2026-01-01T20:06:40Z,SUPPORT,100.0,0.0,"B1 logic. V: 0.909, SOC: 100.0%",0
2026-01-01T20:06:45Z,SUPPORT,100.0,0.0,"B1 logic. V: 0.909, SOC: 100.0%",0
2026-01-01T20:06:50Z,SUPPORT,100.0,0.0,"B1 logic. V: 0.909, SOC: 100.0%",0
2026-01-01T20:06:55Z,SUPPORT,100.0,0.0,"B1 logic. V: 0.909, SOC: 100.0%",0
2026-01-01T20:07:00Z,SUPPORT,100.0,0.0,"B1 logic. V: 0.909, SOC: 100.0%",0
2026-01-01T20:07:05Z,SUPPORT,100.0,0.0,"B1 logic. V: 0.909, SOC: 100.0%",0
2026-01-01T20:07:10Z,SUPPORT,100.0,0.0,"B1 logic. V: 0.909, SOC: 100.0%",0
2026-01-01T20:07:15Z,SUPPORT,100.0,0.0,"B1 logic. V: 0.909, SOC: 100.0%",0
2026-01-01T20:07:20Z,SUPPORT,100.0,0.0,"B1 logic. V: 0.909, SOC: 100.0%",0
2026-01-01T20:07:25Z,SUPPORT,100.0,0.0,"B1 logic. V: 0.909, SOC: 100.0%",0
2026-01-01T20:07:30Z,SUPPORT,100.0,0.0,"B1 logic. V: 0.909, SOC: 100.0%",0
2026-01-01T20:07:35Z,SUPPORT,100.0,0.0,"B1 logic. V: 0.909, SOC: 100.0%",0
2026-01-01T20:07:40Z,SUPPORT,100.0,0.0,"B1 logic. V: 0.909, SOC: 100.0%",0
2026-01-01T20:07:45Z,SUPPORT,100.0,0.0,"B1 logic. V: 0.909, SOC: 100.0%",0
2026-01-01T20:07:50Z,SUPPORT,100.0,0.0,"B1 logic. V: 0.909, SOC: 100.0%",0
2026-01-01T20:07:55Z,SUPPORT,100.0,0.0,"B1 logic. V: 0.909, SOC: 100.0%",0
2026-01-01T20:08:00Z,SUPPORT,100.0,0.0,"B1 logic. V: 0.909, SOC: 100.0%",0
2026-01-01T20:08:05Z,SUPPORT,100.0,0.0,"B1 logic. V: 0.909, SOC: 100.0%",0
2026-01-01T20:08:10Z,SUPPORT,100.0,0.0,"B1 logic. V: 0.909, SOC: 100.0%",0
2026-01-01T20:08:15Z,SUPPORT,100.0,0.0,"B1 logic. V: 0.909, SOC: 100.0%",0
2026-01-01T20:08:20Z,SUPPORT,100.0,0.0,"B1 logic. V: 0.909, SOC: 100.0%",0
2026-01-01T20:08:25Z,SUPPORT,100.0,0.0,"B1 logic. V: 0.909, SOC: 100.0%",0
2026-01-01T20:08:30Z,SUPPORT,100.0,0.0,"B1 logic. V: 0.909, SOC: 100.0%",0
2026-01-01T20:08:35Z,SUPPORT,100.0,0.0,"B1 logic. V: 0.909, SOC: 100.0%",0
2026-01-01T20:08:40Z,SUPPORT,100.0,0.0,"B1 logic. V: 0.909, SOC: 100.0%",0
2026-01-01T20:08:45Z,SUPPORT,100.0,0.0,"B1 logic. V: 0.909, SOC: 100.0%",0
2026-01-01T20:08:50Z,SUPPORT,100.0,0.0,"B1 logic. V: 0.909, SOC: 100.0%",0
2026-01-01T20:08:55Z,SUPPORT,100.0,0.0,"B1 logic. V: 0.909, SOC: 100.0%",0
2026-01-01T20:09:00Z,SUPPORT,100.0,0.0,"B1 logic. V: 0.909, SOC: 100.0%",0
2026-01-01T20:09:05Z,SUPPORT,100.0,0.0,"B1 logic. V: 0.909, SOC: 100.0%",0
2026-01-01T20:09:10Z,SUPPORT,100.0,0.0,"B1 logic. V: 0.909, SOC: 100.0%",0
2026-01-01T20:09:15Z,SUPPORT,100.0,0.0,"B1 logic. V: 0.909, SOC: 100.0%",0
2026-01-01T20:09:20Z,SUPPORT,100.0,0.0,"B1 logic. V: 0.909, SOC: 100.0%",0
2026-01-01T20:09:25Z,SUPPORT,100.0,0.0,"B1 logic. V: 0.909, SOC: 100.0%",0
2026-01-01T20:09:30Z,SUPPORT,100.0,0.0,"B1 logic. V: 0.909, SOC: 100.0%",0
2026-01-01T20:09:35Z,SUPPORT,100.0,0.0,"B1 logic. V: 0.909, SOC: 100.0%",0
2026-01-01T20:09:40Z,SUPPORT,100.0,0.0,"B1 logic. V: 0.909, SOC: 100.0%",0
2026-01-01T20:09:45Z,SUPPORT,100.0,0.0,"B1 logic. V: 0.909, SOC: 100.0%",0
2026-01-01T20:09:50Z,SUPPORT,100.0,0.0,"B1 logic. V: 0.909, SOC: 100.0%",0
2026-01-01T20:09:55Z,SUPPORT,100.0,0.0,"B1 logic. V: 0.909, SOC: 100.0%",0
2026-01-01T20:10:00Z,SUPPORT,100.0,0.0,"B1 logic. V: 0.909, SOC: 100.0%",0
2026-01-01T20:10:05Z,SUPPORT,100.0,0.0,"B1 logic. V: 0.909, SOC: 100.0%",0
2026-01-01T20:10:10Z,SUPPORT,100.0,0.0,"B1 logic. V: 0.909, SOC: 100.0%",0
2026-01-01T20:10:15Z,SUPPORT,100.0,0.0,"B1 logic. V: 0.909, SOC: 100.0%",0
2026-01-01T20:10:20Z,SUPPORT,100.0,0.0,"B1 logic. V: 0.909, SOC: 100.0%",0
2026-01-01T20:10:25Z,SUPPORT,100.0,0.0,"B1 logic. V: 0.909, SOC: 100.0%",0
2026-01-01T20:10:30Z,SUPPORT,100.0,0.0,"B1 logic. V: 0.909, SOC: 100.0%",0
2026-01-01T20:10:35Z,SUPPORT,100.0,0.0,"B1 logic. V: 0.909, SOC: 100.0%",0
2026-01-01T20:10:40Z,SUPPORT,100.0,0.0,"B1 logic. V: 0.909, SOC: 100.0%",0
2026-01-01T20:10:45Z,SUPPORT,100.0,0.0,"B1 logic. V: 0.909, SOC: 100.0%",0
2026-01-01T20:10:50Z,SUPPORT,100.0,0.0,"B1 logic. V: 0.909, SOC: 100.0%",0
2026-01-01T20:10:55Z,SUPPORT,100.0,0.0,"B1 logic. V: 0.909, SOC: 100.0%",0
2026-01-01T20:11:00Z,SUPPORT,100.0,0.0,"B1 logic. V: 0.909, SOC: 100.0%",0
2026-01-01T20:11:05Z,SUPPORT,100.0,0.0,"B1 logic. V: 0.909, SOC: 100.0%",0
2026-01-01T20:11:10Z,SUPPORT,100.0,0.0,"B1 logic. V: 0.909, SOC: 100.0%",0
2026-01-01T20:11:15Z,SUPPORT,100.0,0.0,"B1 logic. V: 0.909, SOC: 100.0%",0
2026-01-01T20:11:20Z,SUPPORT,100.0,0.0,"B1 logic. V: 0.909, SOC: 100.0%",0
2026-01-01T20:11:25Z,SUPPORT,100.0,0.0,"B1 logic. V: 0.909, SOC: 100.0%",0
2026-01-01T20:11:30Z,SUPPORT,100.0,0.0,"B1 logic. V: 0.909, SOC: 100.0%",0
2026-01-01T20:11:35Z,SUPPORT,100.0,0.0,"B1 logic. V: 0.909, SOC: 100.0%",0
2026-01-01T20:11:40Z,SUPPORT,100.0,0.0,"B1 logic. V: 0.909, SOC: 100.0%",0
2026-01-01T20:11:45Z,SUPPORT,100.0,0.0,"B1 logic. V: 0.909, SOC: 100.0%",0
2026-01-01T20:11:50Z,SUPPORT,100.0,0.0,"B1 logic. V: 0.909, SOC: 100.0%",0
2026-01-01T20:11:55Z,SUPPORT,100.0,0.0,"B1 logic. V: 0.909, SOC: 100.0%",0
2026-01-01T20:12:00Z,SUPPORT,100.0,0.0,"B1 logic. V: 0.909, SOC: 100.0%",0
2026-01-01T20:12:05Z,SUPPORT,100.0,0.0,"B1 logic. V: 0.909, SOC: 100.0%",0
2026-01-01T20:12:10Z,SUPPORT,100.0,0.0,"B1 logic. V: 0.909, SOC: 100.0%",0
2026-01-01T20:12:15Z,SUPPORT,100.0,0.0,"B1 logic. V: 0.909, SOC: 100.0%",0
2026-01-01T20:12:20Z,SUPPORT,100.0,0.0,"B1 logic. V: 0.909, SOC: 100.0%",0
2026-01-01T20:12:25Z,SUPPORT,100.0,0.0,"B1 logic. V: 0.909, SOC: 100.0%",0
2026-01-01T20:12:30Z,SUPPORT,100.0,0.0,"B1 logic. V: 0.909, SOC: 100.0%",0
2026-01-01T20:12:35Z,SUPPORT,100.0,0.0,"B1 logic. V: 0.909, SOC: 100.0%",0
2026-01-01T20:12:40Z,SUPPORT,100.0,0.0,"B1 logic. V: 0.909, SOC: 100.0%",0
2026-01-01T20:12:45Z,SUPPORT,100.0,0.0,"B1 logic. V: 0.909, SOC: 100.0%",0
2026-01-01T20:12:50Z,SUPPORT,100.0,0.0,"B1 logic. V: 0.909, SOC: 100.0%",0
2026-01-01T20:12:55Z,SUPPORT,100.0,0.0,"B1 logic. V: 0.909, SOC: 100.0%",0
2026-01-01T20:13:00Z,SUPPORT,100.0,0.0,"B1 logic. V: 0.909, SOC: 100.0%",0
2026-01-01T20:13:05Z,SUPPORT,100.0,0.0,"B1 logic. V: 0.909, SOC: 100.0%",0
2026-01-01T20:13:10Z,SUPPORT,100.0,0.0,"B1 logic. V: 0.909, SOC: 100.0%",0
2026-01-01T20:13:15Z,SUPPORT,100.0,0.0,"B1 logic. V: 0.909, SOC: 100.0%",0
2026-01-01T20:13:20Z,SUPPORT,100.0,0.0,"B1 logic. V: 0.909, SOC: 100.0%",0
2026-01-01T20:13:25Z,SUPPORT,100.0,0.0,"B1 logic. V: 0.909, SOC: 100.0%",0
2026-01-01T20:13:30Z,SUPPORT,100.0,0.0,"B1 logic. V: 0.909, SOC: 100.0%",0
2026-01-01T20:13:35Z,SUPPORT,100.0,0.0,"B1 logic. V: 0.909, SOC: 100.0%",0
2026-01-01T20:13:40Z,SUPPORT,100.0,0.0,"B1 logic. V: 0.909, SOC: 100.0%",0
2026-01-01T20:13:45Z,SUPPORT,100.0,0.0,"B1 logic. V: 0.909, SOC: 100.0%",0
2026-01-01T20:13:50Z,SUPPORT,100.0,0.0,"B1 logic. V: 0.909, SOC: 100.0%",0
2026-01-01T20:13:55Z,SUPPORT,100.0,0.0,"B1 logic. V: 0.909, SOC: 100.0%",0
2026-01-01T20:14:00Z,SUPPORT,100.0,0.0,"B1 logic. V: 0.909, SOC: 100.0%",0
2026-01-01T20:14:05Z,SUPPORT,100.0,0.0,"B1 logic. V: 0.909, SOC: 100.0%",0
2026-01-01T20:14:10Z,SUPPORT,100.0,0.0,"B1 logic. V: 0.909, SOC: 100.0%",0
2026-01-01T20:14:15Z,SUPPORT,100.0,0.0,"B1 logic. V: 0.909, SOC: 100.0%",0
2026-01-01T20:14:20Z,SUPPORT,100.0,0.0,"B1 logic. V: 0.909, SOC: 100.0%",0
2026-01-01T20:14:25Z,SUPPORT,100.0,0.0,"B1 logic. V: 0.909, SOC: 100.0%",0
2026-01-01T20:14:30Z,SUPPORT,100.0,0.0,"B1 logic. V: 0.909, SOC: 100.0%",0
2026-01-01T20:14:35Z,SUPPORT,100.0,0.0,"B1 logic. V: 0.909, SOC: 100.0%",0
2026-01-01T20:14:40Z,SUPPORT,100.0,0.0,"B1 logic. V: 0.909, SOC: 100.0%",0
2026-01-01T20:14:45Z,SUPPORT,100.0,0.0,"B1 logic. V: 0.909, SOC: 100.0%",0
2026-01-01T20:14:50Z,SUPPORT,100.0,0.0,"B1 logic. V: 0.909, SOC: 100.0%",0
2026-01-01T20:14:55Z,SUPPORT,100.0,0.0,"B1 logic. V: 0.909, SOC: 100.0%",0
2026-01-01T20:15:00Z,SUPPORT,100.0,0.0,"B1 logic. V: 0.909, SOC: 100.0%",0
2026-01-01T20:15:05Z,SUPPORT,100.0,0.0,"B1 logic. V: 0.909, SOC: 100.0%",0
2026-01-01T20:15:10Z,SUPPORT,100.0,0.0,"B1 logic. V: 0.909, SOC: 100.0%",0
2026-01-01T20:15:15Z,SUPPORT,100.0,0.0,"B1 logic. V: 0.909, SOC: 100.0%",0
2026-01-01T20:15:20Z,SUPPORT,100.0,0.0,"B1 logic. V: 0.909, SOC: 100.0%",0
2026-01-01T20:15:25Z,SUPPORT,100.0,0.0,"B1 logic. V: 0.909, SOC: 100.0%",0
2026-01-01T20:15:30Z,SUPPORT,100.0,0.0,"B1 logic. V: 0.909, SOC: 100.0%",0
2026-01-01T20:15:35Z,SUPPORT,100.0,0.0,"B1 logic. V: 0.909, SOC: 100.0%",0
2026-01-01T20:15:40Z,SUPPORT,100.0,0.0,"B1 logic. V: 0.909, SOC: 100.0%",0
2026-01-01T20:15:45Z,SUPPORT,100.0,0.0,"B1 logic. V: 0.909, SOC: 100.0%",0
2026-01-01T20:15:50Z,SUPPORT,100.0,0.0,"B1 logic. V: 0.909, SOC: 100.0%",0
2026-01-01T20:15:55Z,SUPPORT,100.0,0.0,"B1 logic. V: 0.909, SOC: 100.0%",0
2026-01-01T20:16:00Z,SUPPORT,100.0,0.0,"B1 logic. V: 0.909, SOC: 100.0%",0
2026-01-01T20:16:05Z,SUPPORT,100.0,0.0,"B1 logic. V: 0.909, SOC: 100.0%",0
2026-01-01T20:16:10Z,SUPPORT,100.0,0.0,"B1 logic. V: 0.909, SOC: 100.0%",0
2026-01-01T20:16:15Z,SUPPORT,100.0,0.0,"B1 logic. V: 0.909, SOC: 100.0%",0
2026-01-01T20:16:20Z,SUPPORT,100.0,0.0,"B1 logic. V: 0.909, SOC: 100.0%",0
2026-01-01T20:16:25Z,SUPPORT,100.0,0.0,"B1 logic. V: 0.909, SOC: 100.0%",0
2026-01-01T20:16:30Z,SUPPORT,100.0,0.0,"B1 logic. V: 0.909, SOC: 100.0%",0
2026-01-01T20:16:35Z,SUPPORT,100.0,0.0,"B1 logic. V: 0.909, SOC: 100.0%",0
2026-01-01T20:16:40Z,SUPPORT,100.0,0.0,"B1 logic. V: 0.909, SOC: 100.0%",0
2026-01-01T20:16:45Z,SUPPORT,100.0,0.0,"B1 logic. V: 0.909, SOC: 100.0%",0
2026-01-01T20:16:50Z,SUPPORT,100.0,0.0,"B1 logic. V: 0.909, SOC: 100.0%",0
2026-01-01T20:16:55Z,SUPPORT,100.0,0.0,"B1 logic. V: 0.909, SOC: 100.0%",0
2026-01-01T20:17:00Z,SUPPORT,100.0,0.0,"B1 logic. V: 0.909, SOC: 100.0%",0
2026-01-01T20:17:05Z,SUPPORT,100.0,0.0,"B1 logic. V: 0.909, SOC: 100.0%",0
2026-01-01T20:17:10Z,SUPPORT,100.0,0.0,"B1 logic. V: 0.909, SOC: 100.0%",0
2026-01-01T20:17:15Z,SUPPORT,100.0,0.0,"B1 logic. V: 0.909, SOC: 100.0%",0
2026-01-01T20:17:20Z,SUPPORT,100.0,0.0,"B1 logic. V: 0.909, SOC: 100.0%",0
2026-01-01T20:17:25Z,SUPPORT,100.0,0.0,"B1 logic. V: 0.909, SOC: 100.0%",0
2026-01-01T20:17:30Z,SUPPORT,100.0,0.0,"B1 logic. V: 0.909, SOC: 100.0%",0
2026-01-01T20:17:35Z,SUPPORT,100.0,0.0,"B1 logic. V: 0.909, SOC: 100.0%",0
2026-01-01T20:17:40Z,SUPPORT,100.0,0.0,"B1 logic. V: 0.909, SOC: 100.0%",0
2026-01-01T20:17:45Z,SUPPORT,100.0,0.0,"B1 logic. V: 0.909, SOC: 100.0%",0
2026-01-01T20:17:50Z,SUPPORT,100.0,0.0,"B1 logic. V: 0.909, SOC: 100.0%",0
2026-01-01T20:17:55Z,SUPPORT,100.0,0.0,"B1 logic. V: 0.909, SOC: 100.0%",0
2026-01-01T20:18:00Z,SUPPORT,100.0,0.0,"B1 logic. V: 0.909, SOC: 100.0%",0
2026-01-01T20:18:05Z,SUPPORT,100.0,0.0,"B1 logic. V: 0.909, SOC: 100.0%",0
2026-01-01T20:18:10Z,SUPPORT,100.0,0.0,"B1 logic. V: 0.909, SOC: 100.0%",0
2026-01-01T20:18:15Z,SUPPORT,100.0,0.0,"B1 logic. V: 0.909, SOC: 100.0%",0
2026-01-01T20:18:20Z,SUPPORT,100.0,0.0,"B1 logic. V: 0.909, SOC: 100.0%",0
2026-01-01T20:18:25Z,SUPPORT,100.0,0.0,"B1 logic. V: 0.909, SOC: 100.0%",0
2026-01-01T20:18:30Z,SUPPORT,100.0,0.0,"B1 logic. V: 0.909, SOC: 100.0%",0
2026-01-01T20:18:35Z,SUPPORT,100.0,0.0,"B1 logic. V: 0.909, SOC: 100.0%",0
2026-01-01T20:18:40Z,SUPPORT,100.0,0.0,"B1 logic. V: 0.909, SOC: 100.0%",0
2026-01-01T20:18:45Z,SUPPORT,100.0,0.0,"B1 logic. V: 0.909, SOC: 100.0%",0
2026-01-01T20:18:50Z,SUPPORT,100.0,0.0,"B1 logic. V: 0.909, SOC: 100.0%",0
2026-01-01T20:18:55Z,SUPPORT,100.0,0.0,"B1 logic. V: 0.909, SOC: 100.0%",0
2026-01-01T20:19:00Z,SUPPORT,100.0,0.0,"B1 logic. V: 0.909, SOC: 100.0%",0
2026-01-01T20:19:05Z,SUPPORT,100.0,0.0,"B1 logic. V: 0.908, SOC: 100.0%",0
2026-01-01T20:19:10Z,SUPPORT,100.0,0.0,"B1 logic. V: 0.908, SOC: 100.0%",0
2026-01-01T20:19:15Z,SUPPORT,100.0,0.0,"B1 logic. V: 0.908, SOC: 100.0%",0
2026-01-01T20:19:20Z,SUPPORT,100.0,0.0,"B1 logic. V: 0.908, SOC: 100.0%",0
2026-01-01T20:19:25Z,SUPPORT,100.0,0.0,"B1 logic. V: 0.908, SOC: 100.0%",0
2026-01-01T20:19:30Z,SUPPORT,100.0,0.0,"B1 logic. V: 0.908, SOC: 100.0%",0
2026-01-01T20:19:35Z,SUPPORT,100.0,0.0,"B1 logic. V: 0.908, SOC: 100.0%",0
2026-01-01T20:19:40Z,SUPPORT,100.0,0.0,"B1 logic. V: 0.908, SOC: 100.0%",0
2026-01-01T20:19:45Z,SUPPORT,100.0,0.0,"B1 logic. V: 0.908, SOC: 100.0%",0
2026-01-01T20:19:50Z,SUPPORT,100.0,0.0,"B1 logic. V: 0.908, SOC: 100.0%",0
2026-01-01T20:19:55Z,SUPPORT,100.0,0.0,"B1 logic. V: 0.908, SOC: 100.0%",0
2026-01-01T20:20:00Z,SUPPORT,100.0,0.0,"B1 logic. V: 0.908, SOC: 100.0%",0
2026-01-01T20:20:05Z,SUPPORT,100.0,0.0,"B1 logic. V: 0.908, SOC: 100.0%",0
2026-01-01T20:20:10Z,SUPPORT,100.0,0.0,"B1 logic. V: 0.908, SOC: 100.0%",0
2026-01-01T20:20:15Z,SUPPORT,100.0,0.0,"B1 logic. V: 0.908, SOC: 100.0%",0
2026-01-01T20:20:20Z,SUPPORT,100.0,0.0,"B1 logic. V: 0.908, SOC: 100.0%",0
2026-01-01T20:20:25Z,SUPPORT,100.0,0.0,"B1 logic. V: 0.908, SOC: 100.0%",0
2026-01-01T20:20:30Z,SUPPORT,100.0,0.0,"B1 logic. V: 0.908, SOC: 100.0%",0
2026-01-01T20:20:35Z,SUPPORT,100.0,0.0,"B1 logic. V: 0.908, SOC: 100.0%",0
2026-01-01T20:20:40Z,SUPPORT,100.0,0.0,"B1 logic. V: 0.908, SOC: 100.0%",0
2026-01-01T20:20:45Z,SUPPORT,100.0,0.0,"B1 logic. V: 0.908, SOC: 100.0%",0
2026-01-01T20:20:50Z,SUPPORT,100.0,0.0,"B1 logic. V: 0.908, SOC: 100.0%",0
2026-01-01T20:20:55Z,SUPPORT,100.0,0.0,"B1 logic. V: 0.908, SOC: 100.0%",0
2026-01-01T20:21:00Z,SUPPORT,100.0,0.0,"B1 logic. V: 0.908, SOC: 100.0%",0
2026-01-01T20:21:05Z,SUPPORT,100.0,0.0,"B1 logic. V: 0.908, SOC: 100.0%",0
2026-01-01T20:21:10Z,SUPPORT,100.0,0.0,"B1 logic. V: 0.908, SOC: 100.0%",0
2026-01-01T20:21:15Z,SUPPORT,100.0,0.0,"B1 logic. V: 0.908, SOC: 100.0%",0
2026-01-01T20:21:20Z,SUPPORT,100.0,0.0,"B1 logic. V: 0.908, SOC: 100.0%",0
2026-01-01T20:21:25Z,SUPPORT,100.0,0.0,"B1 logic. V: 0.908, SOC: 100.0%",0
2026-01-01T20:21:30Z,SUPPORT,100.0,0.0,"B1 logic. V: 0.908, SOC: 100.0%",0
2026-01-01T20:21:35Z,SUPPORT,100.0,0.0,"B1 logic. V: 0.908, SOC: 100.0%",0
2026-01-01T20:21:40Z,SUPPORT,100.0,0.0,"B1 logic. V: 0.908, SOC: 100.0%",0
2026-01-01T20:21:45Z,SUPPORT,100.0,0.0,"B1 logic. V: 0.908, SOC: 100.0%",0
2026-01-01T20:21:50Z,SUPPORT,100.0,0.0,"B1 logic. V: 0.908, SOC: 100.0%",0
2026-01-01T20:21:55Z,SUPPORT,100.0,0.0,"B1 logic. V: 0.908, SOC: 100.0%",0
2026-01-01T20:22:00Z,SUPPORT,100.0,0.0,"B1 logic. V: 0.908, SOC: 100.0%",0
2026-01-01T20:22:05Z,SUPPORT,100.0,0.0,"B1 logic. V: 0.908, SOC: 100.0%",0
2026-01-01T20:22:10Z,SUPPORT,100.0,0.0,"B1 logic. V: 0.908, SOC: 100.0%",0
2026-01-01T20:22:15Z,SUPPORT,100.0,0.0,"B1 logic. V: 0.908, SOC: 100.0%",0
2026-01-01T20:22:20Z,SUPPORT,100.0,0.0,"B1 logic. V: 0.908, SOC: 100.0%",0
2026-01-01T20:22:25Z,SUPPORT,100.0,0.0,"B1 logic. V: 0.908, SOC: 100.0%",0
2026-01-01T20:22:30Z,SUPPORT,100.0,0.0,"B1 logic. V: 0.908, SOC: 100.0%",0
2026-01-01T20:22:35Z,SUPPORT,100.0,0.0,"B1 logic. V: 0.908, SOC: 100.0%",0
2026-01-01T20:22:40Z,SUPPORT,100.0,0.0,"B1 logic. V: 0.908, SOC: 100.0%",0
2026-01-01T20:22:45Z,SUPPORT,100.0,0.0,"B1 logic. V: 0.908, SOC: 100.0%",0
2026-01-01T20:22:50Z,SUPPORT,100.0,0.0,"B1 logic. V: 0.908, SOC: 100.0%",0
2026-01-01T20:22:55Z,SUPPORT,100.0,0.0,"B1 logic. V: 0.908, SOC: 100.0%",0
2026-01-01T20:23:00Z,SUPPORT,100.0,0.0,"B1 logic. V: 0.908, SOC: 100.0%",0
2026-01-01T20:23:05Z,SUPPORT,100.0,0.0,"B1 logic. V: 0.908, SOC: 100.0%",0
2026-01-01T20:23:10Z,SUPPORT,100.0,0.0,"B1 logic. V: 0.908, SOC: 100.0%",0
2026-01-01T20:23:15Z,SUPPORT,100.0,0.0,"B1 logic. V: 0.908, SOC: 100.0%",0
2026-01-01T20:23:20Z,SUPPORT,100.0,0.0,"B1 logic. V: 0.908, SOC: 100.0%",0
2026-01-01T20:23:25Z,SUPPORT,100.0,0.0,"B1 logic. V: 0.908, SOC: 100.0%",0
2026-01-01T20:23:30Z,SUPPORT,100.0,0.0,"B1 logic. V: 0.908, SOC: 100.0%",0
2026-01-01T20:23:35Z,SUPPORT,100.0,0.0,"B1 logic. V: 0.908, SOC: 100.0%",0
2026-01-01T20:23:40Z,SUPPORT,100.0,0.0,"B1 logic. V: 0.908, SOC: 100.0%",0
2026-01-01T20:23:45Z,SUPPORT,100.0,0.0,"B1 logic. V: 0.908, SOC: 100.0%",0
2026-01-01T20:23:50Z,SUPPORT,100.0,0.0,"B1 logic. V: 0.908, SOC: 100.0%",0
2026-01-01T20:23:55Z,SUPPORT,100.0,0.0,"B1 logic. V: 0.908, SOC: 100.0%",0
2026-01-01T20:24:00Z,SUPPORT,100.0,0.0,"B1 logic. V: 0.908, SOC: 100.0%",0
2026-01-01T20:24:05Z,SUPPORT,100.0,0.0,"B1 logic. V: 0.908, SOC: 100.0%",0
2026-01-01T20:24:10Z,SUPPORT,100.0,0.0,"B1 logic. V: 0.908, SOC: 100.0%",0
2026-01-01T20:24:15Z,SUPPORT,100.0,0.0,"B1 logic. V: 0.908, SOC: 100.0%",0
2026-01-01T20:24:20Z,SUPPORT,100.0,0.0,"B1 logic. V: 0.908, SOC: 100.0%",0
2026-01-01T20:24:25Z,SUPPORT,100.0,0.0,"B1 logic. V: 0.908, SOC: 100.0%",0
2026-01-01T20:24:30Z,SUPPORT,100.0,0.0,"B1 logic. V: 0.908, SOC: 100.0%",0
2026-01-01T20:24:35Z,SUPPORT,100.0,0.0,"B1 logic. V: 0.908, SOC: 100.0%",0
2026-01-01T20:24:40Z,SUPPORT,100.0,0.0,"B1 logic. V: 0.908, SOC: 100.0%",0
2026-01-01T20:24:45Z,SUPPORT,100.0,0.0,"B1 logic. V: 0.908, SOC: 100.0%",0
2026-01-01T20:24:50Z,SUPPORT,100.0,0.0,"B1 logic. V: 0.908, SOC: 100.0%",0
2026-01-01T20:24:55Z,SUPPORT,100.0,0.0,"B1 logic. V: 0.908, SOC: 100.0%",0
2026-01-01T20:25:00Z,SUPPORT,100.0,0.0,"B1 logic. V: 0.908, SOC: 100.0%",0
2026-01-01T20:25:05Z,SUPPORT,100.0,0.0,"B1 logic. V: 0.908, SOC: 100.0%",0
2026-01-01T20:25:10Z,SUPPORT,100.0,0.0,"B1 logic. V: 0.908, SOC: 100.0%",0
2026-01-01T20:25:15Z,SUPPORT,100.0,0.0,"B1 logic. V: 0.908, SOC: 100.0%",0
2026-01-01T20:25:20Z,SUPPORT,100.0,0.0,"B1 logic. V: 0.908, SOC: 100.0%",0
2026-01-01T20:25:25Z,SUPPORT,100.0,0.0,"B1 logic. V: 0.908, SOC: 100.0%",0
2026-01-01T20:25:30Z,SUPPORT,100.0,0.0,"B1 logic. V: 0.908, SOC: 100.0%",0
2026-01-01T20:25:35Z,SUPPORT,100.0,0.0,"B1 logic. V: 0.908, SOC: 100.0%",0
2026-01-01T20:25:40Z,SUPPORT,100.0,0.0,"B1 logic. V: 0.908, SOC: 100.0%",0
2026-01-01T20:25:45Z,SUPPORT,100.0,0.0,"B1 logic. V: 0.908, SOC: 100.0%",0
2026-01-01T20:25:50Z,SUPPORT,100.0,0.0,"B1 logic. V: 0.908, SOC: 100.0%",0
2026-01-01T20:25:55Z,SUPPORT,100.0,0.0,"B1 logic. V: 0.908, SOC: 100.0%",0
2026-01-01T20:26:00Z,SUPPORT,100.0,0.0,"B1 logic. V: 0.908, SOC: 100.0%",0
2026-01-01T20:26:05Z,SUPPORT,100.0,0.0,"B1 logic. V: 0.908, SOC: 100.0%",0
2026-01-01T20:26:10Z,SUPPORT,100.0,0.0,"B1 logic. V: 0.908, SOC: 100.0%",0
2026-01-01T20:26:15Z,SUPPORT,100.0,0.0,"B1 logic. V: 0.908, SOC: 100.0%",0
2026-01-01T20:26:20Z,SUPPORT,100.0,0.0,"B1 logic. V: 0.908, SOC: 100.0%",0
2026-01-01T20:26:25Z,SUPPORT,100.0,0.0,"B1 logic. V: 0.908, SOC: 100.0%",0
2026-01-01T20:26:30Z,SUPPORT,100.0,0.0,"B1 logic. V: 0.908, SOC: 100.0%",0
2026-01-01T20:26:35Z,SUPPORT,100.0,0.0,"B1 logic. V: 0.908, SOC: 100.0%",0
2026-01-01T20:26:40Z,SUPPORT,100.0,0.0,"B1 logic. V: 0.908, SOC: 100.0%",0
2026-01-01T20:26:45Z,SUPPORT,100.0,0.0,"B1 logic. V: 0.908, SOC: 100.0%",0
2026-01-01T20:26:50Z,SUPPORT,100.0,0.0,"B1 logic. V: 0.908, SOC: 100.0%",0
2026-01-01T20:26:55Z,SUPPORT,100.0,0.0,"B1 logic. V: 0.908, SOC: 100.0%",0
2026-01-01T20:27:00Z,SUPPORT,100.0,0.0,"B1 logic. V: 0.908, SOC: 100.0%",0
2026-01-01T20:27:05Z,SUPPORT,100.0,0.0,"B1 logic. V: 0.908, SOC: 100.0%",0
2026-01-01T20:27:10Z,SUPPORT,100.0,0.0,"B1 logic. V: 0.908, SOC: 100.0%",0
2026-01-01T20:27:15Z,SUPPORT,100.0,0.0,"B1 logic. V: 0.908, SOC: 100.0%",0
2026-01-01T20:27:20Z,SUPPORT,100.0,0.0,"B1 logic. V: 0.908, SOC: 100.0%",0
2026-01-01T20:27:25Z,SUPPORT,100.0,0.0,"B1 logic. V: 0.908, SOC: 100.0%",0
2026-01-01T20:27:30Z,SUPPORT,100.0,0.0,"B1 logic. V: 0.908, SOC: 100.0%",0
2026-01-01T20:27:35Z,SUPPORT,100.0,0.0,"B1 logic. V: 0.908, SOC: 100.0%",0
2026-01-01T20:27:40Z,SUPPORT,100.0,0.0,"B1 logic. V: 0.908, SOC: 100.0%",0
2026-01-01T20:27:45Z,SUPPORT,100.0,0.0,"B1 logic. V: 0.908, SOC: 100.0%",0
2026-01-01T20:27:50Z,SUPPORT,100.0,0.0,"B1 logic. V: 0.908, SOC: 100.0%",0
2026-01-01T20:27:55Z,SUPPORT,100.0,0.0,"B1 logic. V: 0.908, SOC: 100.0%",0
2026-01-01T20:28:00Z,SUPPORT,100.0,0.0,"B1 logic. V: 0.908, SOC: 100.0%",0
2026-01-01T20:28:05Z,SUPPORT,100.0,0.0,"B1 logic. V: 0.908, SOC: 100.0%",0
2026-01-01T20:28:10Z,SUPPORT,100.0,0.0,"B1 logic. V: 0.908, SOC: 100.0%",0
2026-01-01T20:28:15Z,SUPPORT,100.0,0.0,"B1 logic. V: 0.908, SOC: 100.0%",0
2026-01-01T20:28:20Z,SUPPORT,100.0,0.0,"B1 logic. V: 0.908, SOC: 100.0%",0
2026-01-01T20:28:25Z,SUPPORT,100.0,0.0,"B1 logic. V: 0.908, SOC: 100.0%",0
2026-01-01T20:28:30Z,SUPPORT,100.0,0.0,"B1 logic. V: 0.908, SOC: 100.0%",0
2026-01-01T20:28:35Z,SUPPORT,100.0,0.0,"B1 logic. V: 0.908, SOC: 100.0%",0
2026-01-01T20:28:40Z,SUPPORT,100.0,0.0,"B1 logic. V: 0.908, SOC: 100.0%",0
2026-01-01T20:28:45Z,SUPPORT,100.0,0.0,"B1 logic. V: 0.908, SOC: 100.0%",0
2026-01-01T20:28:50Z,SUPPORT,100.0,0.0,"B1 logic. V: 0.908, SOC: 100.0%",0
2026-01-01T20:28:55Z,SUPPORT,100.0,0.0,"B1 logic. V: 0.908, SOC: 100.0%",0
2026-01-01T20:29:00Z,SUPPORT,100.0,0.0,"B1 logic. V: 0.908, SOC: 100.0%",0
2026-01-01T20:29:05Z,SUPPORT,100.0,0.0,"B1 logic. V: 0.908, SOC: 100.0%",0
2026-01-01T20:29:10Z,SUPPORT,100.0,0.0,"B1 logic. V: 0.908, SOC: 100.0%",0
2026-01-01T20:29:15Z,SUPPORT,100.0,0.0,"B1 logic. V: 0.908, SOC: 100.0%",0
2026-01-01T20:29:20Z,SUPPORT,100.0,0.0,"B1 logic. V: 0.908, SOC: 100.0%",0
2026-01-01T20:29:25Z,SUPPORT,100.0,0.0,"B1 logic. V: 0.908, SOC: 100.0%",0
2026-01-01T20:29:30Z,SUPPORT,100.0,0.0,"B1 logic. V: 0.908, SOC: 100.0%",0
2026-01-01T20:29:35Z,SUPPORT,100.0,0.0,"B1 logic. V: 0.908, SOC: 100.0%",0
2026-01-01T20:29:40Z,SUPPORT,100.0,0.0,"B1 logic. V: 0.908, SOC: 100.0%",0
2026-01-01T20:29:45Z,SUPPORT,100.0,0.0,"B1 logic. V: 0.908, SOC: 100.0%",0
2026-01-01T20:29:50Z,SUPPORT,100.0,0.0,"B1 logic. V: 0.908, SOC: 100.0%",0
2026-01-01T20:29:55Z,SUPPORT,100.0,0.0,"B1 logic. V: 0.908, SOC: 100.0%",0
2026-01-01T20:30:00Z,SUPPORT,100.0,0.0,"B1 logic. V: 0.908, SOC: 100.0%",0
2026-01-01T20:30:05Z,SUPPORT,100.0,0.0,"B1 logic. V: 0.908, SOC: 100.0%",0
2026-01-01T20:30:10Z,SUPPORT,100.0,0.0,"B1 logic. V: 0.908, SOC: 100.0%",0
2026-01-01T20:30:15Z,SUPPORT,100.0,0.0,"B1 logic. V: 0.908, SOC: 100.0%",0
2026-01-01T20:30:20Z,SUPPORT,100.0,0.0,"B1 logic. V: 0.908, SOC: 100.0%",0
2026-01-01T20:30:25Z,SUPPORT,100.0,0.0,"B1 logic. V: 0.908, SOC: 100.0%",0
2026-01-01T20:30:30Z,SUPPORT,100.0,0.0,"B1 logic. V: 0.908, SOC: 100.0%",0
2026-01-01T20:30:35Z,SUPPORT,100.0,0.0,"B1 logic. V: 0.908, SOC: 100.0%",0
2026-01-01T20:30:40Z,SUPPORT,100.0,0.0,"B1 logic. V: 0.908, SOC: 100.0%",0
2026-01-01T20:30:45Z,SUPPORT,100.0,0.0,"B1 logic. V: 0.908, SOC: 100.0%",0
2026-01-01T20:30:50Z,SUPPORT,100.0,0.0,"B1 logic. V: 0.908, SOC: 100.0%",0
2026-01-01T20:30:55Z,SUPPORT,100.0,0.0,"B1 logic. V: 0.908, SOC: 100.0%",0
2026-01-01T20:31:00Z,SUPPORT,100.0,0.0,"B1 logic. V: 0.908, SOC: 100.0%",0
2026-01-01T20:31:05Z,SUPPORT,100.0,0.0,"B1 logic. V: 0.908, SOC: 100.0%",0
2026-01-01T20:31:10Z,SUPPORT,100.0,0.0,"B1 logic. V: 0.908, SOC: 100.0%",0
2026-01-01T20:31:15Z,SUPPORT,100.0,0.0,"B1 logic. V: 0.908, SOC: 100.0%",0
2026-01-01T20:31:20Z,SUPPORT,100.0,0.0,"B1 logic. V: 0.908, SOC: 100.0%",0
2026-01-01T20:31:25Z,SUPPORT,100.0,0.0,"B1 logic. V: 0.908, SOC: 100.0%",0
2026-01-01T20:31:30Z,SUPPORT,100.0,0.0,"B1 logic. V: 0.908, SOC: 100.0%",0
2026-01-01T20:31:35Z,SUPPORT,100.0,0.0,"B1 logic. V: 0.908, SOC: 100.0%",0
2026-01-01T20:31:40Z,SUPPORT,100.0,0.0,"B1 logic. V: 0.908, SOC: 100.0%",0
2026-01-01T20:31:45Z,SUPPORT,100.0,0.0,"B1 logic. V: 0.908, SOC: 100.0%",0
2026-01-01T20:31:50Z,SUPPORT,100.0,0.0,"B1 logic. V: 0.908, SOC: 100.0%",0
2026-01-01T20:31:55Z,SUPPORT,100.0,0.0,"B1 logic. V: 0.908, SOC: 100.0%",0
2026-01-01T20:32:00Z,SUPPORT,100.0,0.0,"B1 logic. V: 0.908, SOC: 100.0%",0
2026-01-01T20:32:05Z,SUPPORT,100.0,0.0,"B1 logic. V: 0.908, SOC: 100.0%",0
2026-01-01T20:32:10Z,SUPPORT,100.0,0.0,"B1 logic. V: 0.908, SOC: 100.0%",0
2026-01-01T20:32:15Z,SUPPORT,100.0,0.0,"B1 logic. V: 0.908, SOC: 100.0%",0
2026-01-01T20:32:20Z,SUPPORT,100.0,0.0,"B1 logic. V: 0.908, SOC: 100.0%",0
2026-01-01T20:32:25Z,SUPPORT,100.0,0.0,"B1 logic. V: 0.908, SOC: 100.0%",0
2026-01-01T20:32:30Z,SUPPORT,100.0,0.0,"B1 logic. V: 0.908, SOC: 100.0%",0
2026-01-01T20:32:35Z,SUPPORT,100.0,0.0,"B1 logic. V: 0.908, SOC: 100.0%",0
2026-01-01T20:32:40Z,SUPPORT,100.0,0.0,"B1 logic. V: 0.908, SOC: 100.0%",0
2026-01-01T20:32:45Z,SUPPORT,100.0,0.0,"B1 logic. V: 0.908, SOC: 100.0%",0
2026-01-01T20:32:50Z,SUPPORT,100.0,0.0,"B1 logic. V: 0.908, SOC: 100.0%",0
2026-01-01T20:32:55Z,SUPPORT,100.0,0.0,"B1 logic. V: 0.908, SOC: 100.0%",0
2026-01-01T20:33:00Z,SUPPORT,100.0,0.0,"B1 logic. V: 0.908, SOC: 100.0%",0
2026-01-01T20:33:05Z,SUPPORT,100.0,0.0,"B1 logic. V: 0.908, SOC: 100.0%",0
2026-01-01T20:33:10Z,SUPPORT,100.0,0.0,"B1 logic. V: 0.908, SOC: 100.0%",0
2026-01-01T20:33:15Z,SUPPORT,100.0,0.0,"B1 logic. V: 0.908, SOC: 100.0%",0
2026-01-01T20:33:20Z,SUPPORT,100.0,0.0,"B1 logic. V: 0.908, SOC: 100.0%",0
2026-01-01T20:33:25Z,SUPPORT,100.0,0.0,"B1 logic. V: 0.908, SOC: 100.0%",0
2026-01-01T20:33:30Z,SUPPORT,100.0,0.0,"B1 logic. V: 0.908, SOC: 100.0%",0
2026-01-01T20:33:35Z,SUPPORT,100.0,0.0,"B1 logic. V: 0.908, SOC: 100.0%",0
2026-01-01T20:33:40Z,SUPPORT,100.0,0.0,"B1 logic. V: 0.908, SOC: 100.0%",0
2026-01-01T20:33:45Z,SUPPORT,100.0,0.0,"B1 logic. V: 0.908, SOC: 100.0%",0
2026-01-01T20:33:50Z,SUPPORT,100.0,0.0,"B1 logic. V: 0.908, SOC: 100.0%",0
2026-01-01T20:33:55Z,SUPPORT,100.0,0.0,"B1 logic. V: 0.908, SOC: 100.0%",0
2026-01-01T20:34:00Z,SUPPORT,100.0,0.0,"B1 logic. V: 0.908, SOC: 100.0%",0
2026-01-01T20:34:05Z,SUPPORT,100.0,0.0,"B1 logic. V: 0.908, SOC: 100.0%",0
2026-01-01T20:34:10Z,SUPPORT,100.0,0.0,"B1 logic. V: 0.908, SOC: 100.0%",0
2026-01-01T20:34:15Z,SUPPORT,100.0,0.0,"B1 logic. V: 0.908, SOC: 100.0%",0
2026-01-01T20:34:20Z,SUPPORT,100.0,0.0,"B1 logic. V: 0.908, SOC: 100.0%",0
2026-01-01T20:34:25Z,SUPPORT,100.0,0.0,"B1 logic. V: 0.908, SOC: 100.0%",0
2026-01-01T20:34:30Z,SUPPORT,100.0,0.0,"B1 logic. V: 0.908, SOC: 100.0%",0
2026-01-01T20:34:35Z,SUPPORT,100.0,0.0,"B1 logic. V: 0.908, SOC: 100.0%",0
2026-01-01T20:34:40Z,SUPPORT,100.0,0.0,"B1 logic. V: 0.908, SOC: 100.0%",0
2026-01-01T20:34:45Z,SUPPORT,100.0,0.0,"B1 logic. V: 0.908, SOC: 100.0%",0
2026-01-01T20:34:50Z,SUPPORT,100.0,0.0,"B1 logic. V: 0.908, SOC: 100.0%",0
2026-01-01T20:34:55Z,SUPPORT,100.0,0.0,"B1 logic. V: 0.908, SOC: 100.0%",0
2026-01-01T20:35:00Z,SUPPORT,100.0,0.0,"B1 logic. V: 0.908, SOC: 100.0%",0
2026-01-01T20:35:05Z,SUPPORT,100.0,0.0,"B1 logic. V: 0.908, SOC: 100.0%",0
2026-01-01T20:35:10Z,SUPPORT,100.0,0.0,"B1 logic. V: 0.908, SOC: 100.0%",0
2026-01-01T20:35:15Z,SUPPORT,100.0,0.0,"B1 logic. V: 0.908, SOC: 100.0%",0
2026-01-01T20:35:20Z,SUPPORT,100.0,0.0,"B1 logic. V: 0.908, SOC: 100.0%",0
2026-01-01T20:35:25Z,SUPPORT,100.0,0.0,"B1 logic. V: 0.908, SOC: 100.0%",0
2026-01-01T20:35:30Z,SUPPORT,100.0,0.0,"B1 logic. V: 0.908, SOC: 100.0%",0
2026-01-01T20:35:35Z,SUPPORT,100.0,0.0,"B1 logic. V: 0.908, SOC: 100.0%",0
2026-01-01T20:35:40Z,SUPPORT,100.0,0.0,"B1 logic. V: 0.908, SOC: 100.0%",0
2026-01-01T20:35:45Z,SUPPORT,100.0,0.0,"B1 logic. V: 0.908, SOC: 100.0%",0
2026-01-01T20:35:50Z,SUPPORT,100.0,0.0,"B1 logic. V: 0.908, SOC: 100.0%",0
2026-01-01T20:35:55Z,SUPPORT,100.0,0.0,"B1 logic. V: 0.908, SOC: 100.0%",0
2026-01-01T20:36:00Z,SUPPORT,100.0,0.0,"B1 logic. V: 0.908, SOC: 100.0%",0
2026-01-01T20:36:05Z,SUPPORT,100.0,0.0,"B1 logic. V: 0.908, SOC: 100.0%",0
2026-01-01T20:36:10Z,SUPPORT,100.0,0.0,"B1 logic. V: 0.908, SOC: 100.0%",0
2026-01-01T20:36:15Z,SUPPORT,100.0,0.0,"B1 logic. V: 0.908, SOC: 100.0%",0
2026-01-01T20:36:20Z,SUPPORT,100.0,0.0,"B1 logic. V: 0.908, SOC: 100.0%",0
2026-01-01T20:36:25Z,SUPPORT,100.0,0.0,"B1 logic. V: 0.908, SOC: 100.0%",0
2026-01-01T20:36:30Z,SUPPORT,100.0,0.0,"B1 logic. V: 0.908, SOC: 100.0%",0
2026-01-01T20:36:35Z,SUPPORT,100.0,0.0,"B1 logic. V: 0.908, SOC: 100.0%",0
2026-01-01T20:36:40Z,SUPPORT,100.0,0.0,"B1 logic. V: 0.908, SOC: 100.0%",0
2026-01-01T20:36:45Z,SUPPORT,100.0,0.0,"B1 logic. V: 0.908, SOC: 100.0%",0
2026-01-01T20:36:50Z,SUPPORT,100.0,0.0,"B1 logic. V: 0.908, SOC: 100.0%",0
2026-01-01T20:36:55Z,SUPPORT,100.0,0.0,"B1 logic. V: 0.908, SOC: 100.0%",0
2026-01-01T20:37:00Z,SUPPORT,100.0,0.0,"B1 logic. V: 0.908, SOC: 100.0%",0
2026-01-01T20:37:05Z,SUPPORT,100.0,0.0,"B1 logic. V: 0.908, SOC: 100.0%",0
2026-01-01T20:37:10Z,SUPPORT,100.0,0.0,"B1 logic. V: 0.908, SOC: 100.0%",0
2026-01-01T20:37:15Z,SUPPORT,100.0,0.0,"B1 logic. V: 0.908, SOC: 100.0%",0
2026-01-01T20:37:20Z,SUPPORT,100.0,0.0,"B1 logic. V: 0.908, SOC: 100.0%",0
2026-01-01T20:37:25Z,SUPPORT,100.0,0.0,"B1 logic. V: 0.908, SOC: 100.0%",0
2026-01-01T20:37:30Z,SUPPORT,100.0,0.0,"B1 logic. V: 0.908, SOC: 100.0%",0
2026-01-01T20:37:35Z,SUPPORT,100.0,0.0,"B1 logic. V: 0.908, SOC: 100.0%",0
2026-01-01T20:37:40Z,SUPPORT,100.0,0.0,"B1 logic. V: 0.908, SOC: 100.0%",0
2026-01-01T20:37:45Z,SUPPORT,100.0,0.0,"B1 logic. V: 0.908, SOC: 100.0%",0
2026-01-01T20:37:50Z,SUPPORT,100.0,0.0,"B1 logic. V: 0.908, SOC: 100.0%",0
2026-01-01T20:37:55Z,SUPPORT,100.0,0.0,"B1 logic. V: 0.908, SOC: 100.0%",0
2026-01-01T20:38:00Z,SUPPORT,100.0,0.0,"B1 logic. V: 0.908, SOC: 100.0%",0
2026-01-01T20:38:05Z,SUPPORT,100.0,0.0,"B1 logic. V: 0.908, SOC: 100.0%",0
2026-01-01T20:38:10Z,SUPPORT,100.0,0.0,"B1 logic. V: 0.908, SOC: 100.0%",0
2026-01-01T20:38:15Z,SUPPORT,100.0,0.0,"B1 logic. V: 0.908, SOC: 100.0%",0
2026-01-01T20:38:20Z,SUPPORT,100.0,0.0,"B1 logic. V: 0.908, SOC: 100.0%",0
2026-01-01T20:38:25Z,SUPPORT,100.0,0.0,"B1 logic. V: 0.908, SOC: 100.0%",0
2026-01-01T20:38:30Z,SUPPORT,100.0,0.0,"B1 logic. V: 0.908, SOC: 100.0%",0
2026-01-01T20:38:35Z,SUPPORT,100.0,0.0,"B1 logic. V: 0.908, SOC: 100.0%",0
2026-01-01T20:38:40Z,SUPPORT,100.0,0.0,"B1 logic. V: 0.908, SOC: 100.0%",0
2026-01-01T20:38:45Z,SUPPORT,100.0,0.0,"B1 logic. V: 0.908, SOC: 100.0%",0
2026-01-01T20:38:50Z,SUPPORT,100.0,0.0,"B1 logic. V: 0.908, SOC: 100.0%",0
2026-01-01T20:38:55Z,SUPPORT,100.0,0.0,"B1 logic. V: 0.908, SOC: 100.0%",0
2026-01-01T20:39:00Z,SUPPORT,100.0,0.0,"B1 logic. V: 0.908, SOC: 100.0%",0
2026-01-01T20:39:05Z,SUPPORT,100.0,0.0,"B1 logic. V: 0.908, SOC: 100.0%",0
2026-01-01T20:39:10Z,SUPPORT,100.0,0.0,"B1 logic. V: 0.908, SOC: 100.0%",0
2026-01-01T20:39:15Z,SUPPORT,100.0,0.0,"B1 logic. V: 0.908, SOC: 100.0%",0
2026-01-01T20:39:20Z,SUPPORT,100.0,0.0,"B1 logic. V: 0.908, SOC: 100.0%",0
2026-01-01T20:39:25Z,SUPPORT,100.0,0.0,"B1 logic. V: 0.908, SOC: 100.0%",0
2026-01-01T20:39:30Z,SUPPORT,100.0,0.0,"B1 logic. V: 0.908, SOC: 100.0%",0
2026-01-01T20:39:35Z,SUPPORT,100.0,0.0,"B1 logic. V: 0.908, SOC: 100.0%",0
2026-01-01T20:39:40Z,SUPPORT,100.0,0.0,"B1 logic. V: 0.908, SOC: 100.0%",0
2026-01-01T20:39:45Z,SUPPORT,100.0,0.0,"B1 logic. V: 0.908, SOC: 100.0%",0
2026-01-01T20:39:50Z,SUPPORT,100.0,0.0,"B1 logic. V: 0.908, SOC: 100.0%",0
2026-01-01T20:39:55Z,SUPPORT,100.0,0.0,"B1 logic. V: 0.908, SOC: 100.0%",0
2026-01-01T20:40:00Z,SUPPORT,100.0,0.0,"B1 logic. V: 0.908, SOC: 100.0%",0
2026-01-01T20:40:05Z,SUPPORT,100.0,0.0,"B1 logic. V: 0.908, SOC: 100.0%",0
2026-01-01T20:40:10Z,SUPPORT,100.0,0.0,"B1 logic. V: 0.908, SOC: 100.0%",0
2026-01-01T20:40:15Z,SUPPORT,100.0,0.0,"B1 logic. V: 0.908, SOC: 100.0%",0
2026-01-01T20:40:20Z,SUPPORT,100.0,0.0,"B1 logic. V: 0.908, SOC: 100.0%",0
2026-01-01T20:40:25Z,SUPPORT,100.0,0.0,"B1 logic. V: 0.908, SOC: 100.0%",0
2026-01-01T20:40:30Z,SUPPORT,100.0,0.0,"B1 logic. V: 0.908, SOC: 100.0%",0
2026-01-01T20:40:35Z,SUPPORT,100.0,0.0,"B1 logic. V: 0.908, SOC: 100.0%",0
2026-01-01T20:40:40Z,SUPPORT,100.0,0.0,"B1 logic. V: 0.908, SOC: 100.0%",0
2026-01-01T20:40:45Z,SUPPORT,100.0,0.0,"B1 logic. V: 0.908, SOC: 100.0%",0
2026-01-01T20:40:50Z,SUPPORT,100.0,0.0,"B1 logic. V: 0.908, SOC: 100.0%",0
2026-01-01T20:40:55Z,SUPPORT,100.0,0.0,"B1 logic. V: 0.908, SOC: 100.0%",0
2026-01-01T20:41:00Z,SUPPORT,100.0,0.0,"B1 logic. V: 0.908, SOC: 100.0%",0
2026-01-01T20:41:05Z,SUPPORT,100.0,0.0,"B1 logic. V: 0.908, SOC: 100.0%",0
2026-01-01T20:41:10Z,SUPPORT,100.0,0.0,"B1 logic. V: 0.908, SOC: 100.0%",0
2026-01-01T20:41:15Z,SUPPORT,100.0,0.0,"B1 logic. V: 0.908, SOC: 100.0%",0
2026-01-01T20:41:20Z,SUPPORT,100.0,0.0,"B1 logic. V: 0.908, SOC: 100.0%",0
2026-01-01T20:41:25Z,SUPPORT,100.0,0.0,"B1 logic. V: 0.908, SOC: 100.0%",0
2026-01-01T20:41:30Z,SUPPORT,100.0,0.0,"B1 logic. V: 0.908, SOC: 100.0%",0
2026-01-01T20:41:35Z,SUPPORT,100.0,0.0,"B1 logic. V: 0.908, SOC: 100.0%",0
2026-01-01T20:41:40Z,SUPPORT,100.0,0.0,"B1 logic. V: 0.908, SOC: 100.0%",0
2026-01-01T20:41:45Z,SUPPORT,100.0,0.0,"B1 logic. V: 0.908, SOC: 100.0%",0
2026-01-01T20:41:50Z,SUPPORT,100.0,0.0,"B1 logic. V: 0.908, SOC: 100.0%",0
2026-01-01T20:41:55Z,SUPPORT,100.0,0.0,"B1 logic. V: 0.908, SOC: 100.0%",0
2026-01-01T20:42:00Z,SUPPORT,100.0,0.0,"B1 logic. V: 0.908, SOC: 100.0%",0
2026-01-01T20:42:05Z,SUPPORT,100.0,0.0,"B1 logic. V: 0.909, SOC: 100.0%",0
2026-01-01T20:42:10Z,SUPPORT,100.0,0.0,"B1 logic. V: 0.909, SOC: 100.0%",0
2026-01-01T20:42:15Z,SUPPORT,100.0,0.0,"B1 logic. V: 0.909, SOC: 100.0%",0
2026-01-01T20:42:20Z,SUPPORT,100.0,0.0,"B1 logic. V: 0.909, SOC: 100.0%",0
2026-01-01T20:42:25Z,SUPPORT,100.0,0.0,"B1 logic. V: 0.909, SOC: 100.0%",0
2026-01-01T20:42:30Z,SUPPORT,100.0,0.0,"B1 logic. V: 0.909, SOC: 100.0%",0
2026-01-01T20:42:35Z,SUPPORT,100.0,0.0,"B1 logic. V: 0.909, SOC: 100.0%",0
2026-01-01T20:42:40Z,SUPPORT,100.0,0.0,"B1 logic. V: 0.909, SOC: 100.0%",0
2026-01-01T20:42:45Z,SUPPORT,100.0,0.0,"B1 logic. V: 0.909, SOC: 100.0%",0
2026-01-01T20:42:50Z,SUPPORT,100.0,0.0,"B1 logic. V: 0.909, SOC: 100.0%",0
2026-01-01T20:42:55Z,SUPPORT,100.0,0.0,"B1 logic. V: 0.909, SOC: 100.0%",0
2026-01-01T20:43:00Z,SUPPORT,100.0,0.0,"B1 logic. V: 0.909, SOC: 100.0%",0
2026-01-01T20:43:05Z,SUPPORT,100.0,0.0,"B1 logic. V: 0.909, SOC: 100.0%",0
2026-01-01T20:43:10Z,SUPPORT,100.0,0.0,"B1 logic. V: 0.909, SOC: 100.0%",0
2026-01-01T20:43:15Z,SUPPORT,100.0,0.0,"B1 logic. V: 0.909, SOC: 100.0%",0
2026-01-01T20:43:20Z,SUPPORT,100.0,0.0,"B1 logic. V: 0.909, SOC: 100.0%",0
2026-01-01T20:43:25Z,SUPPORT,100.0,0.0,"B1 logic. V: 0.909, SOC: 100.0%",0
2026-01-01T20:43:30Z,SUPPORT,100.0,0.0,"B1 logic. V: 0.909, SOC: 100.0%",0
2026-01-01T20:43:35Z,SUPPORT,100.0,0.0,"B1 logic. V: 0.909, SOC: 100.0%",0
2026-01-01T20:43:40Z,SUPPORT,100.0,0.0,"B1 logic. V: 0.909, SOC: 100.0%",0
2026-01-01T20:43:45Z,SUPPORT,100.0,0.0,"B1 logic. V: 0.909, SOC: 100.0%",0
2026-01-01T20:43:50Z,SUPPORT,100.0,0.0,"B1 logic. V: 0.909, SOC: 100.0%",0
2026-01-01T20:43:55Z,SUPPORT,100.0,0.0,"B1 logic. V: 0.909, SOC: 100.0%",0
2026-01-01T20:44:00Z,SUPPORT,100.0,0.0,"B1 logic. V: 0.909, SOC: 100.0%",0
2026-01-01T20:44:05Z,SUPPORT,100.0,0.0,"B1 logic. V: 0.909, SOC: 100.0%",0
2026-01-01T20:44:10Z,SUPPORT,100.0,0.0,"B1 logic. V: 0.909, SOC: 100.0%",0
2026-01-01T20:44:15Z,SUPPORT,100.0,0.0,"B1 logic. V: 0.909, SOC: 100.0%",0
2026-01-01T20:44:20Z,SUPPORT,100.0,0.0,"B1 logic. V: 0.909, SOC: 100.0%",0
2026-01-01T20:44:25Z,SUPPORT,100.0,0.0,"B1 logic. V: 0.909, SOC: 100.0%",0
2026-01-01T20:44:30Z,SUPPORT,100.0,0.0,"B1 logic. V: 0.909, SOC: 100.0%",0
2026-01-01T20:44:35Z,SUPPORT,100.0,0.0,"B1 logic. V: 0.909, SOC: 100.0%",0
2026-01-01T20:44:40Z,SUPPORT,100.0,0.0,"B1 logic. V: 0.909, SOC: 100.0%",0
2026-01-01T20:44:45Z,SUPPORT,100.0,0.0,"B1 logic. V: 0.909, SOC: 100.0%",0
2026-01-01T20:44:50Z,SUPPORT,100.0,0.0,"B1 logic. V: 0.909, SOC: 100.0%",0
2026-01-01T20:44:55Z,SUPPORT,100.0,0.0,"B1 logic. V: 0.909, SOC: 100.0%",0
2026-01-01T20:45:00Z,SUPPORT,100.0,0.0,"B1 logic. V: 0.909, SOC: 100.0%",0
2026-01-01T20:45:05Z,SUPPORT,100.0,0.0,"B1 logic. V: 0.909, SOC: 100.0%",0
2026-01-01T20:45:10Z,SUPPORT,100.0,0.0,"B1 logic. V: 0.909, SOC: 100.0%",0
2026-01-01T20:45:15Z,SUPPORT,100.0,0.0,"B1 logic. V: 0.909, SOC: 100.0%",0
2026-01-01T20:45:20Z,SUPPORT,100.0,0.0,"B1 logic. V: 0.909, SOC: 100.0%",0
2026-01-01T20:45:25Z,SUPPORT,100.0,0.0,"B1 logic. V: 0.909, SOC: 100.0%",0
2026-01-01T20:45:30Z,SUPPORT,100.0,0.0,"B1 logic. V: 0.909, SOC: 100.0%",0
2026-01-01T20:45:35Z,SUPPORT,100.0,0.0,"B1 logic. V: 0.909, SOC: 100.0%",0
2026-01-01T20:45:40Z,SUPPORT,100.0,0.0,"B1 logic. V: 0.909, SOC: 100.0%",0
2026-01-01T20:45:45Z,SUPPORT,100.0,0.0,"B1 logic. V: 0.909, SOC: 100.0%",0
2026-01-01T20:45:50Z,SUPPORT,100.0,0.0,"B1 logic. V: 0.909, SOC: 100.0%",0
2026-01-01T20:45:55Z,SUPPORT,100.0,0.0,"B1 logic. V: 0.909, SOC: 100.0%",0
2026-01-01T20:46:00Z,SUPPORT,100.0,0.0,"B1 logic. V: 0.909, SOC: 100.0%",0
2026-01-01T20:46:05Z,SUPPORT,100.0,0.0,"B1 logic. V: 0.909, SOC: 100.0%",0
2026-01-01T20:46:10Z,SUPPORT,100.0,0.0,"B1 logic. V: 0.909, SOC: 100.0%",0
2026-01-01T20:46:15Z,SUPPORT,100.0,0.0,"B1 logic. V: 0.909, SOC: 100.0%",0
2026-01-01T20:46:20Z,SUPPORT,100.0,0.0,"B1 logic. V: 0.909, SOC: 100.0%",0
2026-01-01T20:46:25Z,SUPPORT,100.0,0.0,"B1 logic. V: 0.909, SOC: 100.0%",0
2026-01-01T20:46:30Z,SUPPORT,100.0,0.0,"B1 logic. V: 0.909, SOC: 100.0%",0
2026-01-01T20:46:35Z,SUPPORT,100.0,0.0,"B1 logic. V: 0.909, SOC: 100.0%",0
2026-01-01T20:46:40Z,SUPPORT,100.0,0.0,"B1 logic. V: 0.909, SOC: 100.0%",0
2026-01-01T20:46:45Z,SUPPORT,100.0,0.0,"B1 logic. V: 0.909, SOC: 100.0%",0
2026-01-01T20:46:50Z,SUPPORT,100.0,0.0,"B1 logic. V: 0.909, SOC: 100.0%",0
2026-01-01T20:46:55Z,SUPPORT,100.0,0.0,"B1 logic. V: 0.909, SOC: 100.0%",0
2026-01-01T20:47:00Z,SUPPORT,100.0,0.0,"B1 logic. V: 0.909, SOC: 100.0%",0
2026-01-01T20:47:05Z,SUPPORT,100.0,0.0,"B1 logic. V: 0.909, SOC: 100.0%",0
2026-01-01T20:47:10Z,SUPPORT,100.0,0.0,"B1 logic. V: 0.909, SOC: 100.0%",0
2026-01-01T20:47:15Z,SUPPORT,100.0,0.0,"B1 logic. V: 0.909, SOC: 100.0%",0
2026-01-01T20:47:20Z,SUPPORT,100.0,0.0,"B1 logic. V: 0.909, SOC: 100.0%",0
2026-01-01T20:47:25Z,SUPPORT,100.0,0.0,"B1 logic. V: 0.909, SOC: 100.0%",0
2026-01-01T20:47:30Z,SUPPORT,100.0,0.0,"B1 logic. V: 0.909, SOC: 100.0%",0
2026-01-01T20:47:35Z,SUPPORT,100.0,0.0,"B1 logic. V: 0.909, SOC: 100.0%",0
2026-01-01T20:47:40Z,SUPPORT,100.0,0.0,"B1 logic. V: 0.909, SOC: 100.0%",0
2026-01-01T20:47:45Z,SUPPORT,100.0,0.0,"B1 logic. V: 0.909, SOC: 100.0%",0
2026-01-01T20:47:50Z,SUPPORT,100.0,0.0,"B1 logic. V: 0.909, SOC: 100.0%",0
2026-01-01T20:47:55Z,SUPPORT,100.0,0.0,"B1 logic. V: 0.909, SOC: 100.0%",0
2026-01-01T20:48:00Z,SUPPORT,100.0,0.0,"B1 logic. V: 0.909, SOC: 100.0%",0
2026-01-01T20:48:05Z,SUPPORT,100.0,0.0,"B1 logic. V: 0.909, SOC: 100.0%",0
2026-01-01T20:48:10Z,SUPPORT,100.0,0.0,"B1 logic. V: 0.909, SOC: 100.0%",0
2026-01-01T20:48:15Z,SUPPORT,100.0,0.0,"B1 logic. V: 0.909, SOC: 100.0%",0
2026-01-01T20:48:20Z,SUPPORT,100.0,0.0,"B1 logic. V: 0.909, SOC: 100.0%",0
2026-01-01T20:48:25Z,SUPPORT,100.0,0.0,"B1 logic. V: 0.909, SOC: 100.0%",0
2026-01-01T20:48:30Z,SUPPORT,100.0,0.0,"B1 logic. V: 0.909, SOC: 100.0%",0
2026-01-01T20:48:35Z,SUPPORT,100.0,0.0,"B1 logic. V: 0.909, SOC: 100.0%",0
2026-01-01T20:48:40Z,SUPPORT,100.0,0.0,"B1 logic. V: 0.909, SOC: 100.0%",0
2026-01-01T20:48:45Z,SUPPORT,100.0,0.0,"B1 logic. V: 0.909, SOC: 100.0%",0
2026-01-01T20:48:50Z,SUPPORT,100.0,0.0,"B1 logic. V: 0.909, SOC: 100.0%",0
2026-01-01T20:48:55Z,SUPPORT,100.0,0.0,"B1 logic. V: 0.909, SOC: 100.0%",0
2026-01-01T20:49:00Z,SUPPORT,100.0,0.0,"B1 logic. V: 0.909, SOC: 100.0%",0
2026-01-01T20:49:05Z,SUPPORT,100.0,0.0,"B1 logic. V: 0.909, SOC: 100.0%",0
2026-01-01T20:49:10Z,SUPPORT,100.0,0.0,"B1 logic. V: 0.909, SOC: 100.0%",0
2026-01-01T20:49:15Z,SUPPORT,100.0,0.0,"B1 logic. V: 0.909, SOC: 100.0%",0
2026-01-01T20:49:20Z,SUPPORT,100.0,0.0,"B1 logic. V: 0.909, SOC: 100.0%",0
2026-01-01T20:49:25Z,SUPPORT,100.0,0.0,"B1 logic. V: 0.909, SOC: 100.0%",0
2026-01-01T20:49:30Z,SUPPORT,100.0,0.0,"B1 logic. V: 0.909, SOC: 100.0%",0
2026-01-01T20:49:35Z,SUPPORT,100.0,0.0,"B1 logic. V: 0.909, SOC: 100.0%",0
2026-01-01T20:49:40Z,SUPPORT,100.0,0.0,"B1 logic. V: 0.909, SOC: 100.0%",0
2026-01-01T20:49:45Z,SUPPORT,100.0,0.0,"B1 logic. V: 0.909, SOC: 100.0%",0
2026-01-01T20:49:50Z,SUPPORT,100.0,0.0,"B1 logic. V: 0.909, SOC: 100.0%",0
2026-01-01T20:49:55Z,SUPPORT,100.0,0.0,"B1 logic. V: 0.909, SOC: 100.0%",0
2026-01-01T20:50:00Z,SUPPORT,100.0,0.0,"B1 logic. V: 0.909, SOC: 100.0%",0
2026-01-01T20:50:05Z,SUPPORT,100.0,0.0,"B1 logic. V: 0.909, SOC: 100.0%",0
2026-01-01T20:50:10Z,SUPPORT,100.0,0.0,"B1 logic. V: 0.909, SOC: 100.0%",0
2026-01-01T20:50:15Z,SUPPORT,100.0,0.0,"B1 logic. V: 0.909, SOC: 100.0%",0
2026-01-01T20:50:20Z,SUPPORT,100.0,0.0,"B1 logic. V: 0.909, SOC: 100.0%",0
2026-01-01T20:50:25Z,SUPPORT,100.0,0.0,"B1 logic. V: 0.909, SOC: 100.0%",0
2026-01-01T20:50:30Z,SUPPORT,100.0,0.0,"B1 logic. V: 0.909, SOC: 100.0%",0
2026-01-01T20:50:35Z,SUPPORT,100.0,0.0,"B1 logic. V: 0.909, SOC: 100.0%",0
2026-01-01T20:50:40Z,SUPPORT,100.0,0.0,"B1 logic. V: 0.909, SOC: 100.0%",0
2026-01-01T20:50:45Z,SUPPORT,100.0,0.0,"B1 logic. V: 0.909, SOC: 100.0%",0
2026-01-01T20:50:50Z,SUPPORT,100.0,0.0,"B1 logic. V: 0.909, SOC: 100.0%",0
2026-01-01T20:50:55Z,SUPPORT,100.0,0.0,"B1 logic. V: 0.909, SOC: 100.0%",0
2026-01-01T20:51:00Z,SUPPORT,100.0,0.0,"B1 logic. V: 0.909, SOC: 100.0%",0
2026-01-01T20:51:05Z,SUPPORT,100.0,0.0,"B1 logic. V: 0.909, SOC: 100.0%",0
2026-01-01T20:51:10Z,SUPPORT,100.0,0.0,"B1 logic. V: 0.909, SOC: 100.0%",0
2026-01-01T20:51:15Z,SUPPORT,100.0,0.0,"B1 logic. V: 0.909, SOC: 100.0%",0
2026-01-01T20:51:20Z,SUPPORT,100.0,0.0,"B1 logic. V: 0.909, SOC: 100.0%",0
2026-01-01T20:51:25Z,SUPPORT,100.0,0.0,"B1 logic. V: 0.909, SOC: 100.0%",0
2026-01-01T20:51:30Z,SUPPORT,100.0,0.0,"B1 logic. V: 0.909, SOC: 100.0%",0
2026-01-01T20:51:35Z,SUPPORT,100.0,0.0,"B1 logic. V: 0.909, SOC: 100.0%",0
2026-01-01T20:51:40Z,SUPPORT,100.0,0.0,"B1 logic. V: 0.909, SOC: 100.0%",0
2026-01-01T20:51:45Z,SUPPORT,100.0,0.0,"B1 logic. V: 0.909, SOC: 100.0%",0
2026-01-01T20:51:50Z,SUPPORT,100.0,0.0,"B1 logic. V: 0.909, SOC: 100.0%",0
2026-01-01T20:51:55Z,SUPPORT,100.0,0.0,"B1 logic. V: 0.909, SOC: 100.0%",0
2026-01-01T20:52:00Z,SUPPORT,100.0,0.0,"B1 logic. V: 0.909, SOC: 100.0%",0
2026-01-01T20:52:05Z,SUPPORT,100.0,0.0,"B1 logic. V: 0.909, SOC: 100.0%",0
2026-01-01T20:52:10Z,SUPPORT,100.0,0.0,"B1 logic. V: 0.909, SOC: 100.0%",0
2026-01-01T20:52:15Z,SUPPORT,100.0,0.0,"B1 logic. V: 0.909, SOC: 100.0%",0
2026-01-01T20:52:20Z,SUPPORT,100.0,0.0,"B1 logic. V: 0.909, SOC: 100.0%",0
2026-01-01T20:52:25Z,SUPPORT,100.0,0.0,"B1 logic. V: 0.909, SOC: 100.0%",0
2026-01-01T20:52:30Z,SUPPORT,100.0,0.0,"B1 logic. V: 0.909, SOC: 100.0%",0
2026-01-01T20:52:35Z,SUPPORT,100.0,0.0,"B1 logic. V: 0.909, SOC: 100.0%",0
2026-01-01T20:52:40Z,SUPPORT,100.0,0.0,"B1 logic. V: 0.909, SOC: 100.0%",0
2026-01-01T20:52:45Z,SUPPORT,100.0,0.0,"B1 logic. V: 0.909, SOC: 100.0%",0
2026-01-01T20:52:50Z,SUPPORT,100.0,0.0,"B1 logic. V: 0.909, SOC: 100.0%",0
2026-01-01T20:52:55Z,SUPPORT,100.0,0.0,"B1 logic. V: 0.909, SOC: 100.0%",0
2026-01-01T20:53:00Z,SUPPORT,100.0,0.0,"B1 logic. V: 0.909, SOC: 100.0%",0
2026-01-01T20:53:05Z,SUPPORT,100.0,0.0,"B1 logic. V: 0.909, SOC: 100.0%",0
2026-01-01T20:53:10Z,SUPPORT,100.0,0.0,"B1 logic. V: 0.909, SOC: 100.0%",0
2026-01-01T20:53:15Z,SUPPORT,100.0,0.0,"B1 logic. V: 0.909, SOC: 100.0%",0
2026-01-01T20:53:20Z,SUPPORT,100.0,0.0,"B1 logic. V: 0.909, SOC: 100.0%",0
2026-01-01T20:53:25Z,SUPPORT,100.0,0.0,"B1 logic. V: 0.909, SOC: 100.0%",0
2026-01-01T20:53:30Z,SUPPORT,100.0,0.0,"B1 logic. V: 0.909, SOC: 100.0%",0
2026-01-01T20:53:35Z,SUPPORT,100.0,0.0,"B1 logic. V: 0.909, SOC: 100.0%",0
2026-01-01T20:53:40Z,SUPPORT,100.0,0.0,"B1 logic. V: 0.909, SOC: 100.0%",0
2026-01-01T20:53:45Z,SUPPORT,100.0,0.0,"B1 logic. V: 0.909, SOC: 100.0%",0
2026-01-01T20:53:50Z,SUPPORT,100.0,0.0,"B1 logic. V: 0.909, SOC: 100.0%",0
2026-01-01T20:53:55Z,SUPPORT,100.0,0.0,"B1 logic. V: 0.909, SOC: 100.0%",0
2026-01-01T20:54:00Z,SUPPORT,100.0,0.0,"B1 logic. V: 0.909, SOC: 100.0%",0
2026-01-01T20:54:05Z,SUPPORT,100.0,0.0,"B1 logic. V: 0.909, SOC: 100.0%",0
2026-01-01T20:54:10Z,SUPPORT,100.0,0.0,"B1 logic. V: 0.909, SOC: 100.0%",0
2026-01-01T20:54:15Z,SUPPORT,100.0,0.0,"B1 logic. V: 0.909, SOC: 100.0%",0
2026-01-01T20:54:20Z,SUPPORT,100.0,0.0,"B1 logic. V: 0.909, SOC: 100.0%",0
2026-01-01T20:54:25Z,SUPPORT,100.0,0.0,"B1 logic. V: 0.909, SOC: 100.0%",0
2026-01-01T20:54:30Z,SUPPORT,100.0,0.0,"B1 logic. V: 0.909, SOC: 100.0%",0
2026-01-01T20:54:35Z,SUPPORT,100.0,0.0,"B1 logic. V: 0.909, SOC: 100.0%",0
2026-01-01T20:54:40Z,SUPPORT,100.0,0.0,"B1 logic. V: 0.909, SOC: 100.0%",0
2026-01-01T20:54:45Z,SUPPORT,100.0,0.0,"B1 logic. V: 0.909, SOC: 100.0%",0
2026-01-01T20:54:50Z,SUPPORT,100.0,0.0,"B1 logic. V: 0.909, SOC: 100.0%",0
2026-01-01T20:54:55Z,SUPPORT,100.0,0.0,"B1 logic. V: 0.909, SOC: 100.0%",0
2026-01-01T20:55:00Z,SUPPORT,100.0,0.0,"B1 logic. V: 0.909, SOC: 100.0%",0
2026-01-01T20:55:05Z,SUPPORT,100.0,0.0,"B1 logic. V: 0.910, SOC: 100.0%",0
2026-01-01T20:55:10Z,SUPPORT,100.0,0.0,"B1 logic. V: 0.910, SOC: 100.0%",0
2026-01-01T20:55:15Z,SUPPORT,100.0,0.0,"B1 logic. V: 0.910, SOC: 100.0%",0
2026-01-01T20:55:20Z,SUPPORT,100.0,0.0,"B1 logic. V: 0.910, SOC: 100.0%",0
2026-01-01T20:55:25Z,SUPPORT,100.0,0.0,"B1 logic. V: 0.910, SOC: 100.0%",0
2026-01-01T20:55:30Z,SUPPORT,100.0,0.0,"B1 logic. V: 0.910, SOC: 100.0%",0
2026-01-01T20:55:35Z,SUPPORT,100.0,0.0,"B1 logic. V: 0.910, SOC: 100.0%",0
2026-01-01T20:55:40Z,SUPPORT,100.0,0.0,"B1 logic. V: 0.910, SOC: 100.0%",0
2026-01-01T20:55:45Z,SUPPORT,100.0,0.0,"B1 logic. V: 0.910, SOC: 100.0%",0
2026-01-01T20:55:50Z,SUPPORT,100.0,0.0,"B1 logic. V: 0.910, SOC: 100.0%",0
2026-01-01T20:55:55Z,SUPPORT,100.0,0.0,"B1 logic. V: 0.910, SOC: 100.0%",0
2026-01-01T20:56:00Z,SUPPORT,100.0,0.0,"B1 logic. V: 0.910, SOC: 100.0%",0
2026-01-01T20:56:05Z,SUPPORT,100.0,0.0,"B1 logic. V: 0.910, SOC: 100.0%",0
2026-01-01T20:56:10Z,SUPPORT,100.0,0.0,"B1 logic. V: 0.910, SOC: 100.0%",0
2026-01-01T20:56:15Z,SUPPORT,100.0,0.0,"B1 logic. V: 0.910, SOC: 100.0%",0
2026-01-01T20:56:20Z,SUPPORT,100.0,0.0,"B1 logic. V: 0.910, SOC: 100.0%",0
2026-01-01T20:56:25Z,SUPPORT,100.0,0.0,"B1 logic. V: 0.910, SOC: 100.0%",0
2026-01-01T20:56:30Z,SUPPORT,100.0,0.0,"B1 logic. V: 0.910, SOC: 100.0%",0
2026-01-01T20:56:35Z,SUPPORT,100.0,0.0,"B1 logic. V: 0.910, SOC: 100.0%",0
2026-01-01T20:56:40Z,SUPPORT,100.0,0.0,"B1 logic. V: 0.910, SOC: 100.0%",0
2026-01-01T20:56:45Z,SUPPORT,100.0,0.0,"B1 logic. V: 0.910, SOC: 100.0%",0
2026-01-01T20:56:50Z,SUPPORT,100.0,0.0,"B1 logic. V: 0.910, SOC: 100.0%",0
2026-01-01T20:56:55Z,SUPPORT,100.0,0.0,"B1 logic. V: 0.910, SOC: 100.0%",0
2026-01-01T20:57:00Z,SUPPORT,100.0,0.0,"B1 logic. V: 0.910, SOC: 100.0%",0
2026-01-01T20:57:05Z,SUPPORT,100.0,0.0,"B1 logic. V: 0.910, SOC: 100.0%",0
2026-01-01T20:57:10Z,SUPPORT,100.0,0.0,"B1 logic. V: 0.910, SOC: 100.0%",0
2026-01-01T20:57:15Z,SUPPORT,100.0,0.0,"B1 logic. V: 0.910, SOC: 100.0%",0
2026-01-01T20:57:20Z,SUPPORT,100.0,0.0,"B1 logic. V: 0.910, SOC: 100.0%",0
2026-01-01T20:57:25Z,SUPPORT,100.0,0.0,"B1 logic. V: 0.910, SOC: 100.0%",0
2026-01-01T20:57:30Z,SUPPORT,100.0,0.0,"B1 logic. V: 0.910, SOC: 100.0%",0
2026-01-01T20:57:35Z,SUPPORT,100.0,0.0,"B1 logic. V: 0.910, SOC: 100.0%",0
2026-01-01T20:57:40Z,SUPPORT,100.0,0.0,"B1 logic. V: 0.910, SOC: 100.0%",0
2026-01-01T20:57:45Z,SUPPORT,100.0,0.0,"B1 logic. V: 0.910, SOC: 100.0%",0
2026-01-01T20:57:50Z,SUPPORT,100.0,0.0,"B1 logic. V: 0.910, SOC: 100.0%",0
2026-01-01T20:57:55Z,SUPPORT,100.0,0.0,"B1 logic. V: 0.910, SOC: 100.0%",0
2026-01-01T20:58:00Z,SUPPORT,100.0,0.0,"B1 logic. V: 0.910, SOC: 100.0%",0
2026-01-01T20:58:05Z,SUPPORT,100.0,0.0,"B1 logic. V: 0.910, SOC: 100.0%",0
2026-01-01T20:58:10Z,SUPPORT,100.0,0.0,"B1 logic. V: 0.910, SOC: 100.0%",0
2026-01-01T20:58:15Z,SUPPORT,100.0,0.0,"B1 logic. V: 0.910, SOC: 100.0%",0
2026-01-01T20:58:20Z,SUPPORT,100.0,0.0,"B1 logic. V: 0.910, SOC: 100.0%",0
2026-01-01T20:58:25Z,SUPPORT,100.0,0.0,"B1 logic. V: 0.910, SOC: 100.0%",0
2026-01-01T20:58:30Z,SUPPORT,100.0,0.0,"B1 logic. V: 0.910, SOC: 100.0%",0
2026-01-01T20:58:35Z,SUPPORT,100.0,0.0,"B1 logic. V: 0.910, SOC: 100.0%",0
2026-01-01T20:58:40Z,SUPPORT,100.0,0.0,"B1 logic. V: 0.910, SOC: 100.0%",0
2026-01-01T20:58:45Z,SUPPORT,100.0,0.0,"B1 logic. V: 0.910, SOC: 100.0%",0
2026-01-01T20:58:50Z,SUPPORT,100.0,0.0,"B1 logic. V: 0.910, SOC: 100.0%",0
2026-01-01T20:58:55Z,SUPPORT,100.0,0.0,"B1 logic. V: 0.910, SOC: 100.0%",0
2026-01-01T20:59:00Z,SUPPORT,100.0,0.0,"B1 logic. V: 0.910, SOC: 100.0%",0
2026-01-01T20:59:05Z,SUPPORT,100.0,0.0,"B1 logic. V: 0.910, SOC: 100.0%",0
2026-01-01T20:59:10Z,SUPPORT,100.0,0.0,"B1 logic. V: 0.910, SOC: 100.0%",0
2026-01-01T20:59:15Z,SUPPORT,100.0,0.0,"B1 logic. V: 0.910, SOC: 100.0%",0
2026-01-01T20:59:20Z,SUPPORT,100.0,0.0,"B1 logic. V: 0.910, SOC: 100.0%",0
2026-01-01T20:59:25Z,SUPPORT,100.0,0.0,"B1 logic. V: 0.910, SOC: 100.0%",0
2026-01-01T20:59:30Z,SUPPORT,100.0,0.0,"B1 logic. V: 0.910, SOC: 100.0%",0
2026-01-01T20:59:35Z,SUPPORT,100.0,0.0,"B1 logic. V: 0.910, SOC: 100.0%",0
2026-01-01T20:59:40Z,SUPPORT,100.0,0.0,"B1 logic. V: 0.910, SOC: 100.0%",0
2026-01-01T20:59:45Z,SUPPORT,100.0,0.0,"B1 logic. V: 0.910, SOC: 100.0%",0
2026-01-01T20:59:50Z,SUPPORT,100.0,0.0,"B1 logic. V: 0.910, SOC: 100.0%",0
2026-01-01T20:59:55Z,SUPPORT,100.0,0.0,"B1 logic. V: 0.910, SOC: 100.0%",0
2026-01-01T21:00:00Z,SUPPORT,100.0,0.0,"B1 logic. V: 0.910, SOC: 100.0%",0
2026-01-01T21:00:05Z,SUPPORT,100.0,0.0,"B1 logic. V: 0.910, SOC: 100.0%",0
2026-01-01T21:00:10Z,SUPPORT,100.0,0.0,"B1 logic. V: 0.910, SOC: 100.0%",0
2026-01-01T21:00:15Z,SUPPORT,100.0,0.0,"B1 logic. V: 0.910, SOC: 100.0%",0
2026-01-01T21:00:20Z,SUPPORT,100.0,0.0,"B1 logic. V: 0.910, SOC: 100.0%",0
2026-01-01T21:00:25Z,SUPPORT,100.0,0.0,"B1 logic. V: 0.910, SOC: 100.0%",0
2026-01-01T21:00:30Z,SUPPORT,100.0,0.0,"B1 logic. V: 0.910, SOC: 100.0%",0
2026-01-01T21:00:35Z,SUPPORT,100.0,0.0,"B1 logic. V: 0.910, SOC: 100.0%",0
2026-01-01T21:00:40Z,SUPPORT,100.0,0.0,"B1 logic. V: 0.910, SOC: 100.0%",0
2026-01-01T21:00:45Z,SUPPORT,100.0,0.0,"B1 logic. V: 0.910, SOC: 100.0%",0
2026-01-01T21:00:50Z,SUPPORT,100.0,0.0,"B1 logic. V: 0.910, SOC: 100.0%",0
2026-01-01T21:00:55Z,SUPPORT,100.0,0.0,"B1 logic. V: 0.910, SOC: 100.0%",0
2026-01-01T21:01:00Z,SUPPORT,100.0,0.0,"B1 logic. V: 0.910, SOC: 100.0%",0
2026-01-01T21:01:05Z,SUPPORT,100.0,0.0,"B1 logic. V: 0.910, SOC: 100.0%",0
2026-01-01T21:01:10Z,SUPPORT,100.0,0.0,"B1 logic. V: 0.910, SOC: 100.0%",0
2026-01-01T21:01:15Z,SUPPORT,100.0,0.0,"B1 logic. V: 0.910, SOC: 100.0%",0
2026-01-01T21:01:20Z,SUPPORT,100.0,0.0,"B1 logic. V: 0.910, SOC: 100.0%",0
2026-01-01T21:01:25Z,SUPPORT,100.0,0.0,"B1 logic. V: 0.910, SOC: 100.0%",0
2026-01-01T21:01:30Z,SUPPORT,100.0,0.0,"B1 logic. V: 0.910, SOC: 100.0%",0
2026-01-01T21:01:35Z,SUPPORT,100.0,0.0,"B1 logic. V: 0.910, SOC: 100.0%",0
2026-01-01T21:01:40Z,SUPPORT,100.0,0.0,"B1 logic. V: 0.910, SOC: 100.0%",0
2026-01-01T21:01:45Z,SUPPORT,100.0,0.0,"B1 logic. V: 0.910, SOC: 100.0%",0
2026-01-01T21:01:50Z,SUPPORT,100.0,0.0,"B1 logic. V: 0.910, SOC: 100.0%",0
2026-01-01T21:01:55Z,SUPPORT,100.0,0.0,"B1 logic. V: 0.910, SOC: 100.0%",0
2026-01-01T21:02:00Z,SUPPORT,100.0,0.0,"B1 logic. V: 0.910, SOC: 100.0%",0
2026-01-01T21:02:05Z,SUPPORT,100.0,0.0,"B1 logic. V: 0.910, SOC: 100.0%",0
2026-01-01T21:02:10Z,SUPPORT,100.0,0.0,"B1 logic. V: 0.910, SOC: 100.0%",0
2026-01-01T21:02:15Z,SUPPORT,100.0,0.0,"B1 logic. V: 0.910, SOC: 100.0%",0
2026-01-01T21:02:20Z,SUPPORT,100.0,0.0,"B1 logic. V: 0.910, SOC: 100.0%",0
2026-01-01T21:02:25Z,SUPPORT,100.0,0.0,"B1 logic. V: 0.910, SOC: 100.0%",0
2026-01-01T21:02:30Z,SUPPORT,100.0,0.0,"B1 logic. V: 0.910, SOC: 100.0%",0
2026-01-01T21:02:35Z,SUPPORT,100.0,0.0,"B1 logic. V: 0.910, SOC: 100.0%",0
2026-01-01T21:02:40Z,SUPPORT,100.0,0.0,"B1 logic. V: 0.910, SOC: 100.0%",0
2026-01-01T21:02:45Z,SUPPORT,100.0,0.0,"B1 logic. V: 0.910, SOC: 100.0%",0
2026-01-01T21:02:50Z,SUPPORT,100.0,0.0,"B1 logic. V: 0.910, SOC: 100.0%",0
2026-01-01T21:02:55Z,SUPPORT,100.0,0.0,"B1 logic. V: 0.910, SOC: 100.0%",0
2026-01-01T21:03:00Z,SUPPORT,100.0,0.0,"B1 logic. V: 0.910, SOC: 100.0%",0
2026-01-01T21:03:05Z,SUPPORT,100.0,0.0,"B1 logic. V: 0.911, SOC: 100.0%",0
2026-01-01T21:03:10Z,SUPPORT,100.0,0.0,"B1 logic. V: 0.911, SOC: 100.0%",0
2026-01-01T21:03:15Z,SUPPORT,100.0,0.0,"B1 logic. V: 0.911, SOC: 100.0%",0
2026-01-01T21:03:20Z,SUPPORT,100.0,0.0,"B1 logic. V: 0.911, SOC: 100.0%",0
2026-01-01T21:03:25Z,SUPPORT,100.0,0.0,"B1 logic. V: 0.911, SOC: 100.0%",0
2026-01-01T21:03:30Z,SUPPORT,100.0,0.0,"B1 logic. V: 0.911, SOC: 100.0%",0
2026-01-01T21:03:35Z,SUPPORT,100.0,0.0,"B1 logic. V: 0.911, SOC: 100.0%",0
2026-01-01T21:03:40Z,SUPPORT,100.0,0.0,"B1 logic. V: 0.911, SOC: 100.0%",0
2026-01-01T21:03:45Z,SUPPORT,100.0,0.0,"B1 logic. V: 0.911, SOC: 100.0%",0
2026-01-01T21:03:50Z,SUPPORT,100.0,0.0,"B1 logic. V: 0.911, SOC: 100.0%",0
2026-01-01T21:03:55Z,SUPPORT,100.0,0.0,"B1 logic. V: 0.911, SOC: 100.0%",0
2026-01-01T21:04:00Z,SUPPORT,100.0,0.0,"B1 logic. V: 0.911, SOC: 100.0%",0
2026-01-01T21:04:05Z,SUPPORT,100.0,0.0,"B1 logic. V: 0.911, SOC: 100.0%",0
2026-01-01T21:04:10Z,SUPPORT,100.0,0.0,"B1 logic. V: 0.911, SOC: 100.0%",0
2026-01-01T21:04:15Z,SUPPORT,100.0,0.0,"B1 logic. V: 0.911, SOC: 100.0%",0
2026-01-01T21:04:20Z,SUPPORT,100.0,0.0,"B1 logic. V: 0.911, SOC: 100.0%",0
2026-01-01T21:04:25Z,SUPPORT,100.0,0.0,"B1 logic. V: 0.911, SOC: 100.0%",0
2026-01-01T21:04:30Z,SUPPORT,100.0,0.0,"B1 logic. V: 0.911, SOC: 100.0%",0
2026-01-01T21:04:35Z,SUPPORT,100.0,0.0,"B1 logic. V: 0.911, SOC: 100.0%",0
2026-01-01T21:04:40Z,SUPPORT,100.0,0.0,"B1 logic. V: 0.911, SOC: 100.0%",0
2026-01-01T21:04:45Z,SUPPORT,100.0,0.0,"B1 logic. V: 0.911, SOC: 100.0%",0
2026-01-01T21:04:50Z,SUPPORT,100.0,0.0,"B1 logic. V: 0.911, SOC: 100.0%",0
2026-01-01T21:04:55Z,SUPPORT,100.0,0.0,"B1 logic. V: 0.911, SOC: 100.0%",0
2026-01-01T21:05:00Z,SUPPORT,100.0,0.0,"B1 logic. V: 0.911, SOC: 100.0%",0
2026-01-01T21:05:05Z,SUPPORT,100.0,0.0,"B1 logic. V: 0.911, SOC: 100.0%",0
2026-01-01T21:05:10Z,SUPPORT,100.0,0.0,"B1 logic. V: 0.911, SOC: 100.0%",0
2026-01-01T21:05:15Z,SUPPORT,100.0,0.0,"B1 logic. V: 0.911, SOC: 100.0%",0
2026-01-01T21:05:20Z,SUPPORT,100.0,0.0,"B1 logic. V: 0.911, SOC: 100.0%",0
2026-01-01T21:05:25Z,SUPPORT,100.0,0.0,"B1 logic. V: 0.911, SOC: 100.0%",0
2026-01-01T21:05:30Z,SUPPORT,100.0,0.0,"B1 logic. V: 0.911, SOC: 100.0%",0
2026-01-01T21:05:35Z,SUPPORT,100.0,0.0,"B1 logic. V: 0.911, SOC: 100.0%",0
2026-01-01T21:05:40Z,SUPPORT,100.0,0.0,"B1 logic. V: 0.911, SOC: 100.0%",0
2026-01-01T21:05:45Z,SUPPORT,100.0,0.0,"B1 logic. V: 0.911, SOC: 100.0%",0
2026-01-01T21:05:50Z,SUPPORT,100.0,0.0,"B1 logic. V: 0.911, SOC: 100.0%",0
2026-01-01T21:05:55Z,SUPPORT,100.0,0.0,"B1 logic. V: 0.911, SOC: 100.0%",0
2026-01-01T21:06:00Z,SUPPORT,100.0,0.0,"B1 logic. V: 0.911, SOC: 100.0%",0
2026-01-01T21:06:05Z,SUPPORT,100.0,0.0,"B1 logic. V: 0.911, SOC: 100.0%",0
2026-01-01T21:06:10Z,SUPPORT,100.0,0.0,"B1 logic. V: 0.911, SOC: 100.0%",0
2026-01-01T21:06:15Z,SUPPORT,100.0,0.0,"B1 logic. V: 0.911, SOC: 100.0%",0
2026-01-01T21:06:20Z,SUPPORT,100.0,0.0,"B1 logic. V: 0.911, SOC: 100.0%",0
2026-01-01T21:06:25Z,SUPPORT,100.0,0.0,"B1 logic. V: 0.911, SOC: 100.0%",0
2026-01-01T21:06:30Z,SUPPORT,100.0,0.0,"B1 logic. V: 0.911, SOC: 100.0%",0
2026-01-01T21:06:35Z,SUPPORT,100.0,0.0,"B1 logic. V: 0.911, SOC: 100.0%",0
2026-01-01T21:06:40Z,SUPPORT,100.0,0.0,"B1 logic. V: 0.911, SOC: 100.0%",0
2026-01-01T21:06:45Z,SUPPORT,100.0,0.0,"B1 logic. V: 0.911, SOC: 100.0%",0
2026-01-01T21:06:50Z,SUPPORT,100.0,0.0,"B1 logic. V: 0.911, SOC: 100.0%",0
2026-01-01T21:06:55Z,SUPPORT,100.0,0.0,"B1 logic. V: 0.911, SOC: 100.0%",0
2026-01-01T21:07:00Z,SUPPORT,100.0,0.0,"B1 logic. V: 0.911, SOC: 100.0%",0
2026-01-01T21:07:05Z,SUPPORT,100.0,0.0,"B1 logic. V: 0.911, SOC: 100.0%",0
2026-01-01T21:07:10Z,SUPPORT,100.0,0.0,"B1 logic. V: 0.911, SOC: 100.0%",0
2026-01-01T21:07:15Z,SUPPORT,100.0,0.0,"B1 logic. V: 0.911, SOC: 100.0%",0
2026-01-01T21:07:20Z,SUPPORT,100.0,0.0,"B1 logic. V: 0.911, SOC: 100.0%",0
2026-01-01T21:07:25Z,SUPPORT,100.0,0.0,"B1 logic. V: 0.911, SOC: 100.0%",0
2026-01-01T21:07:30Z,SUPPORT,100.0,0.0,"B1 logic. V: 0.911, SOC: 100.0%",0
2026-01-01T21:07:35Z,SUPPORT,100.0,0.0,"B1 logic. V: 0.911, SOC: 100.0%",0
2026-01-01T21:07:40Z,SUPPORT,100.0,0.0,"B1 logic. V: 0.911, SOC: 100.0%",0
2026-01-01T21:07:45Z,SUPPORT,100.0,0.0,"B1 logic. V: 0.911, SOC: 100.0%",0
2026-01-01T21:07:50Z,SUPPORT,100.0,0.0,"B1 logic. V: 0.911, SOC: 100.0%",0
2026-01-01T21:07:55Z,SUPPORT,100.0,0.0,"B1 logic. V: 0.911, SOC: 100.0%",0
2026-01-01T21:08:00Z,SUPPORT,100.0,0.0,"B1 logic. V: 0.911, SOC: 100.0%",0
2026-01-01T21:08:05Z,SUPPORT,100.0,0.0,"B1 logic. V: 0.911, SOC: 100.0%",0
2026-01-01T21:08:10Z,SUPPORT,100.0,0.0,"B1 logic. V: 0.911, SOC: 100.0%",0
2026-01-01T21:08:15Z,SUPPORT,100.0,0.0,"B1 logic. V: 0.911, SOC: 100.0%",0
2026-01-01T21:08:20Z,SUPPORT,100.0,0.0,"B1 logic. V: 0.911, SOC: 100.0%",0
2026-01-01T21:08:25Z,SUPPORT,100.0,0.0,"B1 logic. V: 0.911, SOC: 100.0%",0
2026-01-01T21:08:30Z,SUPPORT,100.0,0.0,"B1 logic. V: 0.911, SOC: 100.0%",0
2026-01-01T21:08:35Z,SUPPORT,100.0,0.0,"B1 logic. V: 0.911, SOC: 100.0%",0
2026-01-01T21:08:40Z,SUPPORT,100.0,0.0,"B1 logic. V: 0.911, SOC: 100.0%",0
2026-01-01T21:08:45Z,SUPPORT,100.0,0.0,"B1 logic. V: 0.911, SOC: 100.0%",0
2026-01-01T21:08:50Z,SUPPORT,100.0,0.0,"B1 logic. V: 0.911, SOC: 100.0%",0
2026-01-01T21:08:55Z,SUPPORT,100.0,0.0,"B1 logic. V: 0.911, SOC: 100.0%",0
2026-01-01T21:09:00Z,SUPPORT,100.0,0.0,"B1 logic. V: 0.911, SOC: 100.0%",0
2026-01-01T21:09:05Z,SUPPORT,100.0,0.0,"B1 logic. V: 0.911, SOC: 100.0%",0
2026-01-01T21:09:10Z,SUPPORT,100.0,0.0,"B1 logic. V: 0.911, SOC: 100.0%",0
2026-01-01T21:09:15Z,SUPPORT,100.0,0.0,"B1 logic. V: 0.911, SOC: 100.0%",0
2026-01-01T21:09:20Z,SUPPORT,100.0,0.0,"B1 logic. V: 0.911, SOC: 100.0%",0
2026-01-01T21:09:25Z,SUPPORT,100.0,0.0,"B1 logic. V: 0.911, SOC: 100.0%",0
2026-01-01T21:09:30Z,SUPPORT,100.0,0.0,"B1 logic. V: 0.911, SOC: 100.0%",0
2026-01-01T21:09:35Z,SUPPORT,100.0,0.0,"B1 logic. V: 0.911, SOC: 100.0%",0
2026-01-01T21:09:40Z,SUPPORT,100.0,0.0,"B1 logic. V: 0.911, SOC: 100.0%",0
2026-01-01T21:09:45Z,SUPPORT,100.0,0.0,"B1 logic. V: 0.911, SOC: 100.0%",0
2026-01-01T21:09:50Z,SUPPORT,100.0,0.0,"B1 logic. V: 0.911, SOC: 100.0%",0
2026-01-01T21:09:55Z,SUPPORT,100.0,0.0,"B1 logic. V: 0.911, SOC: 100.0%",0
2026-01-01T21:10:00Z,SUPPORT,100.0,0.0,"B1 logic. V: 0.911, SOC: 100.0%",0
2026-01-01T21:10:05Z,SUPPORT,100.0,0.0,"B1 logic. V: 0.912, SOC: 100.0%",0
2026-01-01T21:10:10Z,SUPPORT,100.0,0.0,"B1 logic. V: 0.912, SOC: 100.0%",0
2026-01-01T21:10:15Z,SUPPORT,100.0,0.0,"B1 logic. V: 0.912, SOC: 100.0%",0
2026-01-01T21:10:20Z,SUPPORT,100.0,0.0,"B1 logic. V: 0.912, SOC: 100.0%",0
2026-01-01T21:10:25Z,SUPPORT,100.0,0.0,"B1 logic. V: 0.912, SOC: 100.0%",0
2026-01-01T21:10:30Z,SUPPORT,100.0,0.0,"B1 logic. V: 0.912, SOC: 100.0%",0
2026-01-01T21:10:35Z,SUPPORT,100.0,0.0,"B1 logic. V: 0.912, SOC: 100.0%",0
2026-01-01T21:10:40Z,SUPPORT,100.0,0.0,"B1 logic. V: 0.912, SOC: 100.0%",0
2026-01-01T21:10:45Z,SUPPORT,100.0,0.0,"B1 logic. V: 0.912, SOC: 100.0%",0
2026-01-01T21:10:50Z,SUPPORT,100.0,0.0,"B1 logic. V: 0.912, SOC: 100.0%",0
2026-01-01T21:10:55Z,SUPPORT,100.0,0.0,"B1 logic. V: 0.912, SOC: 100.0%",0
2026-01-01T21:11:00Z,SUPPORT,100.0,0.0,"B1 logic. V: 0.912, SOC: 100.0%",0
2026-01-01T21:11:05Z,SUPPORT,100.0,0.0,"B1 logic. V: 0.912, SOC: 100.0%",0
2026-01-01T21:11:10Z,SUPPORT,100.0,0.0,"B1 logic. V: 0.912, SOC: 100.0%",0
2026-01-01T21:11:15Z,SUPPORT,100.0,0.0,"B1 logic. V: 0.912, SOC: 100.0%",0
2026-01-01T21:11:20Z,SUPPORT,100.0,0.0,"B1 logic. V: 0.912, SOC: 100.0%",0
2026-01-01T21:11:25Z,SUPPORT,100.0,0.0,"B1 logic. V: 0.912, SOC: 100.0%",0
2026-01-01T21:11:30Z,SUPPORT,100.0,0.0,"B1 logic. V: 0.912, SOC: 100.0%",0
2026-01-01T21:11:35Z,SUPPORT,100.0,0.0,"B1 logic. V: 0.912, SOC: 100.0%",0
2026-01-01T21:11:40Z,SUPPORT,100.0,0.0,"B1 logic. V: 0.912, SOC: 100.0%",0
2026-01-01T21:11:45Z,SUPPORT,100.0,0.0,"B1 logic. V: 0.912, SOC: 100.0%",0
2026-01-01T21:11:50Z,SUPPORT,100.0,0.0,"B1 logic. V: 0.912, SOC: 100.0%",0
2026-01-01T21:11:55Z,SUPPORT,100.0,0.0,"B1 logic. V: 0.912, SOC: 100.0%",0
2026-01-01T21:12:00Z,SUPPORT,100.0,0.0,"B1 logic. V: 0.912, SOC: 100.0%",0
2026-01-01T21:12:05Z,SUPPORT,100.0,0.0,"B1 logic. V: 0.912, SOC: 100.0%",0
2026-01-01T21:12:10Z,SUPPORT,100.0,0.0,"B1 logic. V: 0.912, SOC: 100.0%",0
2026-01-01T21:12:15Z,SUPPORT,100.0,0.0,"B1 logic. V: 0.912, SOC: 100.0%",0
2026-01-01T21:12:20Z,SUPPORT,100.0,0.0,"B1 logic. V: 0.912, SOC: 100.0%",0
2026-01-01T21:12:25Z,SUPPORT,100.0,0.0,"B1 logic. V: 0.912, SOC: 100.0%",0
2026-01-01T21:12:30Z,SUPPORT,100.0,0.0,"B1 logic. V: 0.912, SOC: 100.0%",0
2026-01-01T21:12:35Z,SUPPORT,100.0,0.0,"B1 logic. V: 0.912, SOC: 100.0%",0
2026-01-01T21:12:40Z,SUPPORT,100.0,0.0,"B1 logic. V: 0.912, SOC: 100.0%",0
2026-01-01T21:12:45Z,SUPPORT,100.0,0.0,"B1 logic. V: 0.912, SOC: 100.0%",0
2026-01-01T21:12:50Z,SUPPORT,100.0,0.0,"B1 logic. V: 0.912, SOC: 100.0%",0
2026-01-01T21:12:55Z,SUPPORT,100.0,0.0,"B1 logic. V: 0.912, SOC: 100.0%",0
2026-01-01T21:13:00Z,SUPPORT,100.0,0.0,"B1 logic. V: 0.912, SOC: 100.0%",0
2026-01-01T21:13:05Z,SUPPORT,100.0,0.0,"B1 logic. V: 0.912, SOC: 100.0%",0
2026-01-01T21:13:10Z,SUPPORT,100.0,0.0,"B1 logic. V: 0.912, SOC: 100.0%",0
2026-01-01T21:13:15Z,SUPPORT,100.0,0.0,"B1 logic. V: 0.912, SOC: 100.0%",0
2026-01-01T21:13:20Z,SUPPORT,100.0,0.0,"B1 logic. V: 0.912, SOC: 100.0%",0
2026-01-01T21:13:25Z,SUPPORT,100.0,0.0,"B1 logic. V: 0.912, SOC: 100.0%",0
2026-01-01T21:13:30Z,SUPPORT,100.0,0.0,"B1 logic. V: 0.912, SOC: 100.0%",0
2026-01-01T21:13:35Z,SUPPORT,100.0,0.0,"B1 logic. V: 0.912, SOC: 100.0%",0
2026-01-01T21:13:40Z,SUPPORT,100.0,0.0,"B1 logic. V: 0.912, SOC: 100.0%",0
2026-01-01T21:13:45Z,SUPPORT,100.0,0.0,"B1 logic. V: 0.912, SOC: 100.0%",0
2026-01-01T21:13:50Z,SUPPORT,100.0,0.0,"B1 logic. V: 0.912, SOC: 100.0%",0
2026-01-01T21:13:55Z,SUPPORT,100.0,0.0,"B1 logic. V: 0.912, SOC: 100.0%",0
2026-01-01T21:14:00Z,SUPPORT,100.0,0.0,"B1 logic. V: 0.912, SOC: 100.0%",0
2026-01-01T21:14:05Z,SUPPORT,100.0,0.0,"B1 logic. V: 0.912, SOC: 100.0%",0
2026-01-01T21:14:10Z,SUPPORT,100.0,0.0,"B1 logic. V: 0.912, SOC: 100.0%",0
2026-01-01T21:14:15Z,SUPPORT,100.0,0.0,"B1 logic. V: 0.912, SOC: 100.0%",0
2026-01-01T21:14:20Z,SUPPORT,100.0,0.0,"B1 logic. V: 0.912, SOC: 100.0%",0
2026-01-01T21:14:25Z,SUPPORT,100.0,0.0,"B1 logic. V: 0.912, SOC: 100.0%",0
2026-01-01T21:14:30Z,SUPPORT,100.0,0.0,"B1 logic. V: 0.912, SOC: 100.0%",0
2026-01-01T21:14:35Z,SUPPORT,100.0,0.0,"B1 logic. V: 0.912, SOC: 100.0%",0
2026-01-01T21:14:40Z,SUPPORT,100.0,0.0,"B1 logic. V: 0.912, SOC: 100.0%",0
2026-01-01T21:14:45Z,SUPPORT,100.0,0.0,"B1 logic. V: 0.912, SOC: 100.0%",0
2026-01-01T21:14:50Z,SUPPORT,100.0,0.0,"B1 logic. V: 0.912, SOC: 100.0%",0
2026-01-01T21:14:55Z,SUPPORT,100.0,0.0,"B1 logic. V: 0.912, SOC: 100.0%",0
2026-01-01T21:15:00Z,SUPPORT,100.0,0.0,"B1 logic. V: 0.912, SOC: 100.0%",0
2026-01-01T21:15:05Z,SUPPORT,100.0,0.0,"B1 logic. V: 0.912, SOC: 100.0%",0
2026-01-01T21:15:10Z,SUPPORT,100.0,0.0,"B1 logic. V: 0.912, SOC: 100.0%",0
2026-01-01T21:15:15Z,SUPPORT,100.0,0.0,"B1 logic. V: 0.912, SOC: 100.0%",0
2026-01-01T21:15:20Z,SUPPORT,100.0,0.0,"B1 logic. V: 0.912, SOC: 100.0%",0
2026-01-01T21:15:25Z,SUPPORT,100.0,0.0,"B1 logic. V: 0.912, SOC: 100.0%",0
2026-01-01T21:15:30Z,SUPPORT,100.0,0.0,"B1 logic. V: 0.912, SOC: 100.0%",0
2026-01-01T21:15:35Z,SUPPORT,100.0,0.0,"B1 logic. V: 0.912, SOC: 100.0%",0
2026-01-01T21:15:40Z,SUPPORT,100.0,0.0,"B1 logic. V: 0.912, SOC: 100.0%",0
2026-01-01T21:15:45Z,SUPPORT,100.0,0.0,"B1 logic. V: 0.912, SOC: 100.0%",0
2026-01-01T21:15:50Z,SUPPORT,100.0,0.0,"B1 logic. V: 0.912, SOC: 100.0%",0
2026-01-01T21:15:55Z,SUPPORT,100.0,0.0,"B1 logic. V: 0.912, SOC: 100.0%",0
2026-01-01T21:16:00Z,SUPPORT,100.0,0.0,"B1 logic. V: 0.912, SOC: 100.0%",0
2026-01-01T21:16:05Z,SUPPORT,100.0,0.0,"B1 logic. V: 0.913, SOC: 100.0%",0
2026-01-01T21:16:10Z,SUPPORT,100.0,0.0,"B1 logic. V: 0.913, SOC: 100.0%",0
2026-01-01T21:16:15Z,SUPPORT,100.0,0.0,"B1 logic. V: 0.913, SOC: 100.0%",0
2026-01-01T21:16:20Z,SUPPORT,100.0,0.0,"B1 logic. V: 0.913, SOC: 100.0%",0
2026-01-01T21:16:25Z,SUPPORT,100.0,0.0,"B1 logic. V: 0.913, SOC: 100.0%",0
2026-01-01T21:16:30Z,SUPPORT,100.0,0.0,"B1 logic. V: 0.913, SOC: 100.0%",0
2026-01-01T21:16:35Z,SUPPORT,100.0,0.0,"B1 logic. V: 0.913, SOC: 100.0%",0
2026-01-01T21:16:40Z,SUPPORT,100.0,0.0,"B1 logic. V: 0.913, SOC: 100.0%",0
2026-01-01T21:16:45Z,SUPPORT,100.0,0.0,"B1 logic. V: 0.913, SOC: 100.0%",0
2026-01-01T21:16:50Z,SUPPORT,100.0,0.0,"B1 logic. V: 0.913, SOC: 100.0%",0
2026-01-01T21:16:55Z,SUPPORT,100.0,0.0,"B1 logic. V: 0.913, SOC: 100.0%",0
2026-01-01T21:17:00Z,SUPPORT,100.0,0.0,"B1 logic. V: 0.913, SOC: 100.0%",0
2026-01-01T21:17:05Z,SUPPORT,100.0,0.0,"B1 logic. V: 0.913, SOC: 100.0%",0
2026-01-01T21:17:10Z,SUPPORT,100.0,0.0,"B1 logic. V: 0.913, SOC: 100.0%",0
2026-01-01T21:17:15Z,SUPPORT,100.0,0.0,"B1 logic. V: 0.913, SOC: 100.0%",0
2026-01-01T21:17:20Z,SUPPORT,100.0,0.0,"B1 logic. V: 0.913, SOC: 100.0%",0
2026-01-01T21:17:25Z,SUPPORT,100.0,0.0,"B1 logic. V: 0.913, SOC: 100.0%",0
2026-01-01T21:17:30Z,SUPPORT,100.0,0.0,"B1 logic. V: 0.913, SOC: 100.0%",0
2026-01-01T21:17:35Z,SUPPORT,100.0,0.0,"B1 logic. V: 0.913, SOC: 100.0%",0
2026-01-01T21:17:40Z,SUPPORT,100.0,0.0,"B1 logic. V: 0.913, SOC: 100.0%",0
2026-01-01T21:17:45Z,SUPPORT,100.0,0.0,"B1 logic. V: 0.913, SOC: 100.0%",0
2026-01-01T21:17:50Z,SUPPORT,100.0,0.0,"B1 logic. V: 0.913, SOC: 100.0%",0
2026-01-01T21:17:55Z,SUPPORT,100.0,0.0,"B1 logic. V: 0.913, SOC: 100.0%",0
2026-01-01T21:18:00Z,SUPPORT,100.0,0.0,"B1 logic. V: 0.913, SOC: 100.0%",0
2026-01-01T21:18:05Z,SUPPORT,100.0,0.0,"B1 logic. V: 0.913, SOC: 100.0%",0
2026-01-01T21:18:10Z,SUPPORT,100.0,0.0,"B1 logic. V: 0.913, SOC: 100.0%",0
2026-01-01T21:18:15Z,SUPPORT,100.0,0.0,"B1 logic. V: 0.913, SOC: 100.0%",0
2026-01-01T21:18:20Z,SUPPORT,100.0,0.0,"B1 logic. V: 0.913, SOC: 100.0%",0
2026-01-01T21:18:25Z,SUPPORT,100.0,0.0,"B1 logic. V: 0.913, SOC: 100.0%",0
2026-01-01T21:18:30Z,SUPPORT,100.0,0.0,"B1 logic. V: 0.913, SOC: 100.0%",0
2026-01-01T21:18:35Z,SUPPORT,100.0,0.0,"B1 logic. V: 0.913, SOC: 100.0%",0
2026-01-01T21:18:40Z,SUPPORT,100.0,0.0,"B1 logic. V: 0.913, SOC: 100.0%",0
2026-01-01T21:18:45Z,SUPPORT,100.0,0.0,"B1 logic. V: 0.913, SOC: 100.0%",0
2026-01-01T21:18:50Z,SUPPORT,100.0,0.0,"B1 logic. V: 0.913, SOC: 100.0%",0
2026-01-01T21:18:55Z,SUPPORT,100.0,0.0,"B1 logic. V: 0.913, SOC: 100.0%",0
2026-01-01T21:19:00Z,SUPPORT,100.0,0.0,"B1 logic. V: 0.913, SOC: 100.0%",0
2026-01-01T21:19:05Z,SUPPORT,100.0,0.0,"B1 logic. V: 0.913, SOC: 100.0%",0
2026-01-01T21:19:10Z,SUPPORT,100.0,0.0,"B1 logic. V: 0.913, SOC: 100.0%",0
2026-01-01T21:19:15Z,SUPPORT,100.0,0.0,"B1 logic. V: 0.913, SOC: 100.0%",0
2026-01-01T21:19:20Z,SUPPORT,100.0,0.0,"B1 logic. V: 0.913, SOC: 100.0%",0
2026-01-01T21:19:25Z,SUPPORT,100.0,0.0,"B1 logic. V: 0.913, SOC: 100.0%",0
2026-01-01T21:19:30Z,SUPPORT,100.0,0.0,"B1 logic. V: 0.913, SOC: 100.0%",0
2026-01-01T21:19:35Z,SUPPORT,100.0,0.0,"B1 logic. V: 0.913, SOC: 100.0%",0
2026-01-01T21:19:40Z,SUPPORT,100.0,0.0,"B1 logic. V: 0.913, SOC: 100.0%",0
2026-01-01T21:19:45Z,SUPPORT,100.0,0.0,"B1 logic. V: 0.913, SOC: 100.0%",0
2026-01-01T21:19:50Z,SUPPORT,100.0,0.0,"B1 logic. V: 0.913, SOC: 100.0%",0
2026-01-01T21:19:55Z,SUPPORT,100.0,0.0,"B1 logic. V: 0.913, SOC: 100.0%",0
2026-01-01T21:20:00Z,SUPPORT,100.0,0.0,"B1 logic. V: 0.913, SOC: 100.0%",0
2026-01-01T21:20:05Z,SUPPORT,100.0,0.0,"B1 logic. V: 0.913, SOC: 100.0%",0
2026-01-01T21:20:10Z,SUPPORT,100.0,0.0,"B1 logic. V: 0.913, SOC: 100.0%",0
2026-01-01T21:20:15Z,SUPPORT,100.0,0.0,"B1 logic. V: 0.913, SOC: 100.0%",0
2026-01-01T21:20:20Z,SUPPORT,100.0,0.0,"B1 logic. V: 0.913, SOC: 100.0%",0
2026-01-01T21:20:25Z,SUPPORT,100.0,0.0,"B1 logic. V: 0.913, SOC: 100.0%",0
2026-01-01T21:20:30Z,SUPPORT,100.0,0.0,"B1 logic. V: 0.913, SOC: 100.0%",0
2026-01-01T21:20:35Z,SUPPORT,100.0,0.0,"B1 logic. V: 0.913, SOC: 100.0%",0
2026-01-01T21:20:40Z,SUPPORT,100.0,0.0,"B1 logic. V: 0.913, SOC: 100.0%",0
2026-01-01T21:20:45Z,SUPPORT,100.0,0.0,"B1 logic. V: 0.913, SOC: 100.0%",0
2026-01-01T21:20:50Z,SUPPORT,100.0,0.0,"B1 logic. V: 0.913, SOC: 100.0%",0
2026-01-01T21:20:55Z,SUPPORT,100.0,0.0,"B1 logic. V: 0.913, SOC: 100.0%",0
2026-01-01T21:21:00Z,SUPPORT,100.0,0.0,"B1 logic. V: 0.913, SOC: 100.0%",0
2026-01-01T21:21:05Z,SUPPORT,100.0,0.0,"B1 logic. V: 0.914, SOC: 100.0%",0
2026-01-01T21:21:10Z,SUPPORT,100.0,0.0,"B1 logic. V: 0.914, SOC: 100.0%",0
2026-01-01T21:21:15Z,SUPPORT,100.0,0.0,"B1 logic. V: 0.914, SOC: 100.0%",0
2026-01-01T21:21:20Z,SUPPORT,100.0,0.0,"B1 logic. V: 0.914, SOC: 100.0%",0
2026-01-01T21:21:25Z,SUPPORT,100.0,0.0,"B1 logic. V: 0.914, SOC: 100.0%",0
2026-01-01T21:21:30Z,SUPPORT,100.0,0.0,"B1 logic. V: 0.914, SOC: 100.0%",0
2026-01-01T21:21:35Z,SUPPORT,100.0,0.0,"B1 logic. V: 0.914, SOC: 100.0%",0
2026-01-01T21:21:40Z,SUPPORT,100.0,0.0,"B1 logic. V: 0.914, SOC: 100.0%",0
2026-01-01T21:21:45Z,SUPPORT,100.0,0.0,"B1 logic. V: 0.914, SOC: 100.0%",0
2026-01-01T21:21:50Z,SUPPORT,100.0,0.0,"B1 logic. V: 0.914, SOC: 100.0%",0
2026-01-01T21:21:55Z,SUPPORT,100.0,0.0,"B1 logic. V: 0.914, SOC: 100.0%",0
2026-01-01T21:22:00Z,SUPPORT,100.0,0.0,"B1 logic. V: 0.914, SOC: 100.0%",0
2026-01-01T21:22:05Z,SUPPORT,100.0,0.0,"B1 logic. V: 0.914, SOC: 100.0%",0
2026-01-01T21:22:10Z,SUPPORT,100.0,0.0,"B1 logic. V: 0.914, SOC: 100.0%",0
2026-01-01T21:22:15Z,SUPPORT,100.0,0.0,"B1 logic. V: 0.914, SOC: 100.0%",0
2026-01-01T21:22:20Z,SUPPORT,100.0,0.0,"B1 logic. V: 0.914, SOC: 100.0%",0
2026-01-01T21:22:25Z,SUPPORT,100.0,0.0,"B1 logic. V: 0.914, SOC: 100.0%",0
2026-01-01T21:22:30Z,SUPPORT,100.0,0.0,"B1 logic. V: 0.914, SOC: 100.0%",0
2026-01-01T21:22:35Z,SUPPORT,100.0,0.0,"B1 logic. V: 0.914, SOC: 100.0%",0
2026-01-01T21:22:40Z,SUPPORT,100.0,0.0,"B1 logic. V: 0.914, SOC: 100.0%",0
2026-01-01T21:22:45Z,SUPPORT,100.0,0.0,"B1 logic. V: 0.914, SOC: 100.0%",0
2026-01-01T21:22:50Z,SUPPORT,100.0,0.0,"B1 logic. V: 0.914, SOC: 100.0%",0
2026-01-01T21:22:55Z,SUPPORT,100.0,0.0,"B1 logic. V: 0.914, SOC: 100.0%",0
2026-01-01T21:23:00Z,SUPPORT,100.0,0.0,"B1 logic. V: 0.914, SOC: 100.0%",0
2026-01-01T21:23:05Z,SUPPORT,100.0,0.0,"B1 logic. V: 0.914, SOC: 100.0%",0
2026-01-01T21:23:10Z,SUPPORT,100.0,0.0,"B1 logic. V: 0.914, SOC: 100.0%",0
2026-01-01T21:23:15Z,SUPPORT,100.0,0.0,"B1 logic. V: 0.914, SOC: 100.0%",0
2026-01-01T21:23:20Z,SUPPORT,100.0,0.0,"B1 logic. V: 0.914, SOC: 100.0%",0
2026-01-01T21:23:25Z,SUPPORT,100.0,0.0,"B1 logic. V: 0.914, SOC: 100.0%",0
2026-01-01T21:23:30Z,SUPPORT,100.0,0.0,"B1 logic. V: 0.914, SOC: 100.0%",0
2026-01-01T21:23:35Z,SUPPORT,100.0,0.0,"B1 logic. V: 0.914, SOC: 100.0%",0
2026-01-01T21:23:40Z,SUPPORT,100.0,0.0,"B1 logic. V: 0.914, SOC: 100.0%",0
2026-01-01T21:23:45Z,SUPPORT,100.0,0.0,"B1 logic. V: 0.914, SOC: 100.0%",0
2026-01-01T21:23:50Z,SUPPORT,100.0,0.0,"B1 logic. V: 0.914, SOC: 100.0%",0
2026-01-01T21:23:55Z,SUPPORT,100.0,0.0,"B1 logic. V: 0.914, SOC: 100.0%",0
2026-01-01T21:24:00Z,SUPPORT,100.0,0.0,"B1 logic. V: 0.914, SOC: 100.0%",0
2026-01-01T21:24:05Z,SUPPORT,100.0,0.0,"B1 logic. V: 0.914, SOC: 100.0%",0
2026-01-01T21:24:10Z,SUPPORT,100.0,0.0,"B1 logic. V: 0.914, SOC: 100.0%",0
2026-01-01T21:24:15Z,SUPPORT,100.0,0.0,"B1 logic. V: 0.914, SOC: 100.0%",0
2026-01-01T21:24:20Z,SUPPORT,100.0,0.0,"B1 logic. V: 0.914, SOC: 100.0%",0
2026-01-01T21:24:25Z,SUPPORT,100.0,0.0,"B1 logic. V: 0.914, SOC: 100.0%",0
2026-01-01T21:24:30Z,SUPPORT,100.0,0.0,"B1 logic. V: 0.914, SOC: 100.0%",0
2026-01-01T21:24:35Z,SUPPORT,100.0,0.0,"B1 logic. V: 0.914, SOC: 100.0%",0
2026-01-01T21:24:40Z,SUPPORT,100.0,0.0,"B1 logic. V: 0.914, SOC: 100.0%",0
2026-01-01T21:24:45Z,SUPPORT,100.0,0.0,"B1 logic. V: 0.914, SOC: 100.0%",0
2026-01-01T21:24:50Z,SUPPORT,100.0,0.0,"B1 logic. V: 0.914, SOC: 100.0%",0
2026-01-01T21:24:55Z,SUPPORT,100.0,0.0,"B1 logic. V: 0.914, SOC: 100.0%",0
2026-01-01T21:25:00Z,SUPPORT,100.0,0.0,"B1 logic. V: 0.914, SOC: 100.0%",0
2026-01-01T21:25:05Z,SUPPORT,100.0,0.0,"B1 logic. V: 0.914, SOC: 100.0%",0
2026-01-01T21:25:10Z,SUPPORT,100.0,0.0,"B1 logic. V: 0.914, SOC: 100.0%",0
2026-01-01T21:25:15Z,SUPPORT,100.0,0.0,"B1 logic. V: 0.914, SOC: 100.0%",0
2026-01-01T21:25:20Z,SUPPORT,100.0,0.0,"B1 logic. V: 0.914, SOC: 100.0%",0
2026-01-01T21:25:25Z,SUPPORT,100.0,0.0,"B1 logic. V: 0.914, SOC: 100.0%",0
2026-01-01T21:25:30Z,SUPPORT,100.0,0.0,"B1 logic. V: 0.914, SOC: 100.0%",0
2026-01-01T21:25:35Z,SUPPORT,100.0,0.0,"B1 logic. V: 0.914, SOC: 100.0%",0
2026-01-01T21:25:40Z,SUPPORT,100.0,0.0,"B1 logic. V: 0.914, SOC: 100.0%",0
2026-01-01T21:25:45Z,SUPPORT,100.0,0.0,"B1 logic. V: 0.914, SOC: 100.0%",0
2026-01-01T21:25:50Z,SUPPORT,100.0,0.0,"B1 logic. V: 0.914, SOC: 100.0%",0
2026-01-01T21:25:55Z,SUPPORT,100.0,0.0,"B1 logic. V: 0.914, SOC: 100.0%",0
2026-01-01T21:26:00Z,SUPPORT,100.0,0.0,"B1 logic. V: 0.914, SOC: 100.0%",0
2026-01-01T21:26:05Z,SUPPORT,100.0,0.0,"B1 logic. V: 0.915, SOC: 100.0%",0
2026-01-01T21:26:10Z,SUPPORT,100.0,0.0,"B1 logic. V: 0.915, SOC: 100.0%",0
2026-01-01T21:26:15Z,SUPPORT,100.0,0.0,"B1 logic. V: 0.915, SOC: 100.0%",0
2026-01-01T21:26:20Z,SUPPORT,100.0,0.0,"B1 logic. V: 0.915, SOC: 100.0%",0
2026-01-01T21:26:25Z,SUPPORT,100.0,0.0,"B1 logic. V: 0.915, SOC: 100.0%",0
2026-01-01T21:26:30Z,SUPPORT,100.0,0.0,"B1 logic. V: 0.915, SOC: 100.0%",0
2026-01-01T21:26:35Z,SUPPORT,100.0,0.0,"B1 logic. V: 0.915, SOC: 100.0%",0
2026-01-01T21:26:40Z,SUPPORT,100.0,0.0,"B1 logic. V: 0.915, SOC: 100.0%",0
2026-01-01T21:26:45Z,SUPPORT,100.0,0.0,"B1 logic. V: 0.915, SOC: 100.0%",0
2026-01-01T21:26:50Z,SUPPORT,100.0,0.0,"B1 logic. V: 0.915, SOC: 100.0%",0
2026-01-01T21:26:55Z,SUPPORT,100.0,0.0,"B1 logic. V: 0.915, SOC: 100.0%",0
2026-01-01T21:27:00Z,SUPPORT,100.0,0.0,"B1 logic. V: 0.915, SOC: 100.0%",0
2026-01-01T21:27:05Z,SUPPORT,100.0,0.0,"B1 logic. V: 0.915, SOC: 100.0%",0
2026-01-01T21:27:10Z,SUPPORT,100.0,0.0,"B1 logic. V: 0.915, SOC: 100.0%",0
2026-01-01T21:27:15Z,SUPPORT,100.0,0.0,"B1 logic. V: 0.915, SOC: 100.0%",0
2026-01-01T21:27:20Z,SUPPORT,100.0,0.0,"B1 logic. V: 0.915, SOC: 100.0%",0
2026-01-01T21:27:25Z,SUPPORT,100.0,0.0,"B1 logic. V: 0.915, SOC: 100.0%",0
2026-01-01T21:27:30Z,SUPPORT,100.0,0.0,"B1 logic. V: 0.915, SOC: 100.0%",0
2026-01-01T21:27:35Z,SUPPORT,100.0,0.0,"B1 logic. V: 0.915, SOC: 100.0%",0
2026-01-01T21:27:40Z,SUPPORT,100.0,0.0,"B1 logic. V: 0.915, SOC: 100.0%",0
2026-01-01T21:27:45Z,SUPPORT,100.0,0.0,"B1 logic. V: 0.915, SOC: 100.0%",0
2026-01-01T21:27:50Z,SUPPORT,100.0,0.0,"B1 logic. V: 0.915, SOC: 100.0%",0
2026-01-01T21:27:55Z,SUPPORT,100.0,0.0,"B1 logic. V: 0.915, SOC: 100.0%",0
2026-01-01T21:28:00Z,SUPPORT,100.0,0.0,"B1 logic. V: 0.915, SOC: 100.0%",0
2026-01-01T21:28:05Z,SUPPORT,100.0,0.0,"B1 logic. V: 0.915, SOC: 100.0%",0
2026-01-01T21:28:10Z,SUPPORT,100.0,0.0,"B1 logic. V: 0.915, SOC: 100.0%",0
2026-01-01T21:28:15Z,SUPPORT,100.0,0.0,"B1 logic. V: 0.915, SOC: 100.0%",0
2026-01-01T21:28:20Z,SUPPORT,100.0,0.0,"B1 logic. V: 0.915, SOC: 100.0%",0
2026-01-01T21:28:25Z,SUPPORT,100.0,0.0,"B1 logic. V: 0.915, SOC: 100.0%",0
2026-01-01T21:28:30Z,SUPPORT,100.0,0.0,"B1 logic. V: 0.915, SOC: 100.0%",0
2026-01-01T21:28:35Z,SUPPORT,100.0,0.0,"B1 logic. V: 0.915, SOC: 100.0%",0
2026-01-01T21:28:40Z,SUPPORT,100.0,0.0,"B1 logic. V: 0.915, SOC: 100.0%",0
2026-01-01T21:28:45Z,SUPPORT,100.0,0.0,"B1 logic. V: 0.915, SOC: 100.0%",0
2026-01-01T21:28:50Z,SUPPORT,100.0,0.0,"B1 logic. V: 0.915, SOC: 100.0%",0
2026-01-01T21:28:55Z,SUPPORT,100.0,0.0,"B1 logic. V: 0.915, SOC: 100.0%",0
2026-01-01T21:29:00Z,SUPPORT,100.0,0.0,"B1 logic. V: 0.915, SOC: 100.0%",0
2026-01-01T21:29:05Z,SUPPORT,100.0,0.0,"B1 logic. V: 0.915, SOC: 100.0%",0
2026-01-01T21:29:10Z,SUPPORT,100.0,0.0,"B1 logic. V: 0.915, SOC: 100.0%",0
2026-01-01T21:29:15Z,SUPPORT,100.0,0.0,"B1 logic. V: 0.915, SOC: 100.0%",0
2026-01-01T21:29:20Z,SUPPORT,100.0,0.0,"B1 logic. V: 0.915, SOC: 100.0%",0
2026-01-01T21:29:25Z,SUPPORT,100.0,0.0,"B1 logic. V: 0.915, SOC: 100.0%",0
2026-01-01T21:29:30Z,SUPPORT,100.0,0.0,"B1 logic. V: 0.915, SOC: 100.0%",0
2026-01-01T21:29:35Z,SUPPORT,100.0,0.0,"B1 logic. V: 0.915, SOC: 100.0%",0
2026-01-01T21:29:40Z,SUPPORT,100.0,0.0,"B1 logic. V: 0.915, SOC: 100.0%",0
2026-01-01T21:29:45Z,SUPPORT,100.0,0.0,"B1 logic. V: 0.915, SOC: 100.0%",0
2026-01-01T21:29:50Z,SUPPORT,100.0,0.0,"B1 logic. V: 0.915, SOC: 100.0%",0
2026-01-01T21:29:55Z,SUPPORT,100.0,0.0,"B1 logic. V: 0.915, SOC: 100.0%",0
2026-01-01T21:30:00Z,SUPPORT,100.0,0.0,"B1 logic. V: 0.915, SOC: 100.0%",0
2026-01-01T21:30:05Z,SUPPORT,100.0,0.0,"B1 logic. V: 0.916, SOC: 100.0%",0
2026-01-01T21:30:10Z,SUPPORT,100.0,0.0,"B1 logic. V: 0.916, SOC: 100.0%",0
2026-01-01T21:30:15Z,SUPPORT,100.0,0.0,"B1 logic. V: 0.916, SOC: 100.0%",0
2026-01-01T21:30:20Z,SUPPORT,100.0,0.0,"B1 logic. V: 0.916, SOC: 100.0%",0
2026-01-01T21:30:25Z,SUPPORT,100.0,0.0,"B1 logic. V: 0.916, SOC: 100.0%",0
2026-01-01T21:30:30Z,SUPPORT,100.0,0.0,"B1 logic. V: 0.916, SOC: 100.0%",0
2026-01-01T21:30:35Z,SUPPORT,100.0,0.0,"B1 logic. V: 0.916, SOC: 100.0%",0
2026-01-01T21:30:40Z,SUPPORT,100.0,0.0,"B1 logic. V: 0.916, SOC: 100.0%",0
2026-01-01T21:30:45Z,SUPPORT,100.0,0.0,"B1 logic. V: 0.916, SOC: 100.0%",0
2026-01-01T21:30:50Z,SUPPORT,100.0,0.0,"B1 logic. V: 0.916, SOC: 100.0%",0
2026-01-01T21:30:55Z,SUPPORT,100.0,0.0,"B1 logic. V: 0.916, SOC: 100.0%",0
2026-01-01T21:31:00Z,SUPPORT,100.0,0.0,"B1 logic. V: 0.916, SOC: 100.0%",0
2026-01-01T21:31:05Z,SUPPORT,100.0,0.0,"B1 logic. V: 0.916, SOC: 100.0%",0
2026-01-01T21:31:10Z,SUPPORT,100.0,0.0,"B1 logic. V: 0.916, SOC: 100.0%",0
2026-01-01T21:31:15Z,SUPPORT,100.0,0.0,"B1 logic. V: 0.916, SOC: 100.0%",0
2026-01-01T21:31:20Z,SUPPORT,100.0,0.0,"B1 logic. V: 0.916, SOC: 100.0%",0
2026-01-01T21:31:25Z,SUPPORT,100.0,0.0,"B1 logic. V: 0.916, SOC: 100.0%",0
2026-01-01T21:31:30Z,SUPPORT,100.0,0.0,"B1 logic. V: 0.916, SOC: 100.0%",0
2026-01-01T21:31:35Z,SUPPORT,100.0,0.0,"B1 logic. V: 0.916, SOC: 100.0%",0
2026-01-01T21:31:40Z,SUPPORT,100.0,0.0,"B1 logic. V: 0.916, SOC: 100.0%",0
2026-01-01T21:31:45Z,SUPPORT,100.0,0.0,"B1 logic. V: 0.916, SOC: 100.0%",0
2026-01-01T21:31:50Z,SUPPORT,100.0,0.0,"B1 logic. V: 0.916, SOC: 100.0%",0
2026-01-01T21:31:55Z,SUPPORT,100.0,0.0,"B1 logic. V: 0.916, SOC: 100.0%",0
2026-01-01T21:32:00Z,SUPPORT,100.0,0.0,"B1 logic. V: 0.916, SOC: 100.0%",0
2026-01-01T21:32:05Z,SUPPORT,100.0,0.0,"B1 logic. V: 0.916, SOC: 100.0%",0
2026-01-01T21:32:10Z,SUPPORT,100.0,0.0,"B1 logic. V: 0.916, SOC: 100.0%",0
2026-01-01T21:32:15Z,SUPPORT,100.0,0.0,"B1 logic. V: 0.916, SOC: 100.0%",0
2026-01-01T21:32:20Z,SUPPORT,100.0,0.0,"B1 logic. V: 0.916, SOC: 100.0%",0
2026-01-01T21:32:25Z,SUPPORT,100.0,0.0,"B1 logic. V: 0.916, SOC: 100.0%",0
2026-01-01T21:32:30Z,SUPPORT,100.0,0.0,"B1 logic. V: 0.916, SOC: 100.0%",0
2026-01-01T21:32:35Z,SUPPORT,100.0,0.0,"B1 logic. V: 0.916, SOC: 100.0%",0
2026-01-01T21:32:40Z,SUPPORT,100.0,0.0,"B1 logic. V: 0.916, SOC: 100.0%",0
2026-01-01T21:32:45Z,SUPPORT,100.0,0.0,"B1 logic. V: 0.916, SOC: 100.0%",0
2026-01-01T21:32:50Z,SUPPORT,100.0,0.0,"B1 logic. V: 0.916, SOC: 100.0%",0
2026-01-01T21:32:55Z,SUPPORT,100.0,0.0,"B1 logic. V: 0.916, SOC: 100.0%",0
2026-01-01T21:33:00Z,SUPPORT,100.0,0.0,"B1 logic. V: 0.916, SOC: 100.0%",0
2026-01-01T21:33:05Z,SUPPORT,100.0,0.0,"B1 logic. V: 0.916, SOC: 100.0%",0
2026-01-01T21:33:10Z,SUPPORT,100.0,0.0,"B1 logic. V: 0.916, SOC: 100.0%",0
2026-01-01T21:33:15Z,SUPPORT,100.0,0.0,"B1 logic. V: 0.916, SOC: 100.0%",0
2026-01-01T21:33:20Z,SUPPORT,100.0,0.0,"B1 logic. V: 0.916, SOC: 100.0%",0
2026-01-01T21:33:25Z,SUPPORT,100.0,0.0,"B1 logic. V: 0.916, SOC: 100.0%",0
2026-01-01T21:33:30Z,SUPPORT,100.0,0.0,"B1 logic. V: 0.916, SOC: 100.0%",0
2026-01-01T21:33:35Z,SUPPORT,100.0,0.0,"B1 logic. V: 0.916, SOC: 100.0%",0
2026-01-01T21:33:40Z,SUPPORT,100.0,0.0,"B1 logic. V: 0.916, SOC: 100.0%",0
2026-01-01T21:33:45Z,SUPPORT,100.0,0.0,"B1 logic. V: 0.916, SOC: 100.0%",0
2026-01-01T21:33:50Z,SUPPORT,100.0,0.0,"B1 logic. V: 0.916, SOC: 100.0%",0
2026-01-01T21:33:55Z,SUPPORT,100.0,0.0,"B1 logic. V: 0.916, SOC: 100.0%",0
2026-01-01T21:34:00Z,SUPPORT,100.0,0.0,"B1 logic. V: 0.916, SOC: 100.0%",0
2026-01-01T21:34:05Z,SUPPORT,100.0,0.0,"B1 logic. V: 0.917, SOC: 100.0%",0
2026-01-01T21:34:10Z,SUPPORT,100.0,0.0,"B1 logic. V: 0.917, SOC: 100.0%",0
2026-01-01T21:34:15Z,SUPPORT,100.0,0.0,"B1 logic. V: 0.917, SOC: 100.0%",0
2026-01-01T21:34:20Z,SUPPORT,100.0,0.0,"B1 logic. V: 0.917, SOC: 100.0%",0
2026-01-01T21:34:25Z,SUPPORT,100.0,0.0,"B1 logic. V: 0.917, SOC: 100.0%",0
2026-01-01T21:34:30Z,SUPPORT,100.0,0.0,"B1 logic. V: 0.917, SOC: 100.0%",0
2026-01-01T21:34:35Z,SUPPORT,100.0,0.0,"B1 logic. V: 0.917, SOC: 100.0%",0
2026-01-01T21:34:40Z,SUPPORT,100.0,0.0,"B1 logic. V: 0.917, SOC: 100.0%",0
2026-01-01T21:34:45Z,SUPPORT,100.0,0.0,"B1 logic. V: 0.917, SOC: 100.0%",0
2026-01-01T21:34:50Z,SUPPORT,100.0,0.0,"B1 logic. V: 0.917, SOC: 100.0%",0
2026-01-01T21:34:55Z,SUPPORT,100.0,0.0,"B1 logic. V: 0.917, SOC: 100.0%",0
2026-01-01T21:35:00Z,SUPPORT,100.0,0.0,"B1 logic. V: 0.917, SOC: 100.0%",0
2026-01-01T21:35:05Z,SUPPORT,100.0,0.0,"B1 logic. V: 0.917, SOC: 100.0%",0
2026-01-01T21:35:10Z,SUPPORT,100.0,0.0,"B1 logic. V: 0.917, SOC: 100.0%",0
2026-01-01T21:35:15Z,SUPPORT,100.0,0.0,"B1 logic. V: 0.917, SOC: 100.0%",0
2026-01-01T21:35:20Z,SUPPORT,100.0,0.0,"B1 logic. V: 0.917, SOC: 100.0%",0
2026-01-01T21:35:25Z,SUPPORT,100.0,0.0,"B1 logic. V: 0.917, SOC: 100.0%",0
2026-01-01T21:35:30Z,SUPPORT,100.0,0.0,"B1 logic. V: 0.917, SOC: 100.0%",0
2026-01-01T21:35:35Z,SUPPORT,100.0,0.0,"B1 logic. V: 0.917, SOC: 100.0%",0
2026-01-01T21:35:40Z,SUPPORT,100.0,0.0,"B1 logic. V: 0.917, SOC: 100.0%",0
2026-01-01T21:35:45Z,SUPPORT,100.0,0.0,"B1 logic. V: 0.917, SOC: 100.0%",0
2026-01-01T21:35:50Z,SUPPORT,100.0,0.0,"B1 logic. V: 0.917, SOC: 100.0%",0
2026-01-01T21:35:55Z,SUPPORT,100.0,0.0,"B1 logic. V: 0.917, SOC: 100.0%",0
2026-01-01T21:36:00Z,SUPPORT,100.0,0.0,"B1 logic. V: 0.917, SOC: 100.0%",0
2026-01-01T21:36:05Z,SUPPORT,100.0,0.0,"B1 logic. V: 0.917, SOC: 100.0%",0
2026-01-01T21:36:10Z,SUPPORT,100.0,0.0,"B1 logic. V: 0.917, SOC: 100.0%",0
2026-01-01T21:36:15Z,SUPPORT,100.0,0.0,"B1 logic. V: 0.917, SOC: 100.0%",0
2026-01-01T21:36:20Z,SUPPORT,100.0,0.0,"B1 logic. V: 0.917, SOC: 100.0%",0
2026-01-01T21:36:25Z,SUPPORT,100.0,0.0,"B1 logic. V: 0.917, SOC: 100.0%",0
2026-01-01T21:36:30Z,SUPPORT,100.0,0.0,"B1 logic. V: 0.917, SOC: 100.0%",0
2026-01-01T21:36:35Z,SUPPORT,100.0,0.0,"B1 logic. V: 0.917, SOC: 100.0%",0
2026-01-01T21:36:40Z,SUPPORT,100.0,0.0,"B1 logic. V: 0.917, SOC: 100.0%",0
2026-01-01T21:36:45Z,SUPPORT,100.0,0.0,"B1 logic. V: 0.917, SOC: 100.0%",0
2026-01-01T21:36:50Z,SUPPORT,100.0,0.0,"B1 logic. V: 0.917, SOC: 100.0%",0
2026-01-01T21:36:55Z,SUPPORT,100.0,0.0,"B1 logic. V: 0.917, SOC: 100.0%",0
2026-01-01T21:37:00Z,SUPPORT,100.0,0.0,"B1 logic. V: 0.917, SOC: 100.0%",0
2026-01-01T21:37:05Z,SUPPORT,100.0,0.0,"B1 logic. V: 0.917, SOC: 100.0%",0
2026-01-01T21:37:10Z,SUPPORT,100.0,0.0,"B1 logic. V: 0.917, SOC: 100.0%",0
2026-01-01T21:37:15Z,SUPPORT,100.0,0.0,"B1 logic. V: 0.917, SOC: 100.0%",0
2026-01-01T21:37:20Z,SUPPORT,100.0,0.0,"B1 logic. V: 0.917, SOC: 100.0%",0
2026-01-01T21:37:25Z,SUPPORT,100.0,0.0,"B1 logic. V: 0.917, SOC: 100.0%",0
2026-01-01T21:37:30Z,SUPPORT,100.0,0.0,"B1 logic. V: 0.917, SOC: 100.0%",0
2026-01-01T21:37:35Z,SUPPORT,100.0,0.0,"B1 logic. V: 0.917, SOC: 100.0%",0
2026-01-01T21:37:40Z,SUPPORT,100.0,0.0,"B1 logic. V: 0.917, SOC: 100.0%",0
2026-01-01T21:37:45Z,SUPPORT,100.0,0.0,"B1 logic. V: 0.917, SOC: 100.0%",0
2026-01-01T21:37:50Z,SUPPORT,100.0,0.0,"B1 logic. V: 0.917, SOC: 100.0%",0
2026-01-01T21:37:55Z,SUPPORT,100.0,0.0,"B1 logic. V: 0.917, SOC: 100.0%",0
2026-01-01T21:38:00Z,SUPPORT,100.0,0.0,"B1 logic. V: 0.917, SOC: 100.0%",0
2026-01-01T21:38:05Z,SUPPORT,100.0,0.0,"B1 logic. V: 0.918, SOC: 100.0%",0
2026-01-01T21:38:10Z,SUPPORT,100.0,0.0,"B1 logic. V: 0.918, SOC: 100.0%",0
2026-01-01T21:38:15Z,SUPPORT,100.0,0.0,"B1 logic. V: 0.918, SOC: 100.0%",0
2026-01-01T21:38:20Z,SUPPORT,100.0,0.0,"B1 logic. V: 0.918, SOC: 100.0%",0
2026-01-01T21:38:25Z,SUPPORT,100.0,0.0,"B1 logic. V: 0.918, SOC: 100.0%",0
2026-01-01T21:38:30Z,SUPPORT,100.0,0.0,"B1 logic. V: 0.918, SOC: 100.0%",0
2026-01-01T21:38:35Z,SUPPORT,100.0,0.0,"B1 logic. V: 0.918, SOC: 100.0%",0
2026-01-01T21:38:40Z,SUPPORT,100.0,0.0,"B1 logic. V: 0.918, SOC: 100.0%",0
2026-01-01T21:38:45Z,SUPPORT,100.0,0.0,"B1 logic. V: 0.918, SOC: 100.0%",0
2026-01-01T21:38:50Z,SUPPORT,100.0,0.0,"B1 logic. V: 0.918, SOC: 100.0%",0
2026-01-01T21:38:55Z,SUPPORT,100.0,0.0,"B1 logic. V: 0.918, SOC: 100.0%",0
2026-01-01T21:39:00Z,SUPPORT,100.0,0.0,"B1 logic. V: 0.918, SOC: 100.0%",0
2026-01-01T21:39:05Z,SUPPORT,100.0,0.0,"B1 logic. V: 0.918, SOC: 100.0%",0
2026-01-01T21:39:10Z,SUPPORT,100.0,0.0,"B1 logic. V: 0.918, SOC: 100.0%",0
2026-01-01T21:39:15Z,SUPPORT,100.0,0.0,"B1 logic. V: 0.918, SOC: 100.0%",0
2026-01-01T21:39:20Z,SUPPORT,100.0,0.0,"B1 logic. V: 0.918, SOC: 100.0%",0
2026-01-01T21:39:25Z,SUPPORT,100.0,0.0,"B1 logic. V: 0.918, SOC: 100.0%",0
2026-01-01T21:39:30Z,SUPPORT,100.0,0.0,"B1 logic. V: 0.918, SOC: 100.0%",0
2026-01-01T21:39:35Z,SUPPORT,100.0,0.0,"B1 logic. V: 0.918, SOC: 100.0%",0
2026-01-01T21:39:40Z,SUPPORT,100.0,0.0,"B1 logic. V: 0.918, SOC: 100.0%",0
2026-01-01T21:39:45Z,SUPPORT,100.0,0.0,"B1 logic. V: 0.918, SOC: 100.0%",0
2026-01-01T21:39:50Z,SUPPORT,100.0,0.0,"B1 logic. V: 0.918, SOC: 100.0%",0
2026-01-01T21:39:55Z,SUPPORT,100.0,0.0,"B1 logic. V: 0.918, SOC: 100.0%",0
2026-01-01T21:40:00Z,SUPPORT,100.0,0.0,"B1 logic. V: 0.918, SOC: 100.0%",0
2026-01-01T21:40:05Z,SUPPORT,100.0,0.0,"B1 logic. V: 0.918, SOC: 100.0%",0
2026-01-01T21:40:10Z,SUPPORT,100.0,0.0,"B1 logic. V: 0.918, SOC: 100.0%",0
2026-01-01T21:40:15Z,SUPPORT,100.0,0.0,"B1 logic. V: 0.918, SOC: 100.0%",0
2026-01-01T21:40:20Z,SUPPORT,100.0,0.0,"B1 logic. V: 0.918, SOC: 100.0%",0
2026-01-01T21:40:25Z,SUPPORT,100.0,0.0,"B1 logic. V: 0.918, SOC: 100.0%",0
2026-01-01T21:40:30Z,SUPPORT,100.0,0.0,"B1 logic. V: 0.918, SOC: 100.0%",0
2026-01-01T21:40:35Z,SUPPORT,100.0,0.0,"B1 logic. V: 0.918, SOC: 100.0%",0
2026-01-01T21:40:40Z,SUPPORT,100.0,0.0,"B1 logic. V: 0.918, SOC: 100.0%",0
2026-01-01T21:40:45Z,SUPPORT,100.0,0.0,"B1 logic. V: 0.918, SOC: 100.0%",0
2026-01-01T21:40:50Z,SUPPORT,100.0,0.0,"B1 logic. V: 0.918, SOC: 100.0%",0
2026-01-01T21:40:55Z,SUPPORT,100.0,0.0,"B1 logic. V: 0.918, SOC: 100.0%",0
2026-01-01T21:41:00Z,SUPPORT,100.0,0.0,"B1 logic. V: 0.918, SOC: 100.0%",0
2026-01-01T21:41:05Z,SUPPORT,100.0,0.0,"B1 logic. V: 0.918, SOC: 100.0%",0
2026-01-01T21:41:10Z,SUPPORT,100.0,0.0,"B1 logic. V: 0.918, SOC: 100.0%",0
2026-01-01T21:41:15Z,SUPPORT,100.0,0.0,"B1 logic. V: 0.918, SOC: 100.0%",0
2026-01-01T21:41:20Z,SUPPORT,100.0,0.0,"B1 logic. V: 0.918, SOC: 100.0%",0
2026-01-01T21:41:25Z,SUPPORT,100.0,0.0,"B1 logic. V: 0.918, SOC: 100.0%",0
2026-01-01T21:41:30Z,SUPPORT,100.0,0.0,"B1 logic. V: 0.918, SOC: 100.0%",0
2026-01-01T21:41:35Z,SUPPORT,100.0,0.0,"B1 logic. V: 0.918, SOC: 100.0%",0
2026-01-01T21:41:40Z,SUPPORT,100.0,0.0,"B1 logic. V: 0.918, SOC: 100.0%",0
2026-01-01T21:41:45Z,SUPPORT,100.0,0.0,"B1 logic. V: 0.918, SOC: 100.0%",0
2026-01-01T21:41:50Z,SUPPORT,100.0,0.0,"B1 logic. V: 0.918, SOC: 100.0%",0
2026-01-01T21:41:55Z,SUPPORT,100.0,0.0,"B1 logic. V: 0.918, SOC: 100.0%",0
2026-01-01T21:42:00Z,SUPPORT,100.0,0.0,"B1 logic. V: 0.918, SOC: 100.0%",0
2026-01-01T21:42:05Z,SUPPORT,100.0,0.0,"B1 logic. V: 0.919, SOC: 100.0%",0
2026-01-01T21:42:10Z,SUPPORT,100.0,0.0,"B1 logic. V: 0.919, SOC: 100.0%",0
2026-01-01T21:42:15Z,SUPPORT,100.0,0.0,"B1 logic. V: 0.919, SOC: 100.0%",0
2026-01-01T21:42:20Z,SUPPORT,100.0,0.0,"B1 logic. V: 0.919, SOC: 100.0%",0
2026-01-01T21:42:25Z,SUPPORT,100.0,0.0,"B1 logic. V: 0.919, SOC: 100.0%",0
2026-01-01T21:42:30Z,SUPPORT,100.0,0.0,"B1 logic. V: 0.919, SOC: 100.0%",0
2026-01-01T21:42:35Z,SUPPORT,100.0,0.0,"B1 logic. V: 0.919, SOC: 100.0%",0
2026-01-01T21:42:40Z,SUPPORT,100.0,0.0,"B1 logic. V: 0.919, SOC: 100.0%",0
2026-01-01T21:42:45Z,SUPPORT,100.0,0.0,"B1 logic. V: 0.919, SOC: 100.0%",0
2026-01-01T21:42:50Z,SUPPORT,100.0,0.0,"B1 logic. V: 0.919, SOC: 100.0%",0
2026-01-01T21:42:55Z,SUPPORT,100.0,0.0,"B1 logic. V: 0.919, SOC: 100.0%",0
2026-01-01T21:43:00Z,SUPPORT,100.0,0.0,"B1 logic. V: 0.919, SOC: 100.0%",0
2026-01-01T21:43:05Z,SUPPORT,100.0,0.0,"B1 logic. V: 0.919, SOC: 100.0%",0
2026-01-01T21:43:10Z,SUPPORT,100.0,0.0,"B1 logic. V: 0.919, SOC: 100.0%",0
2026-01-01T21:43:15Z,SUPPORT,100.0,0.0,"B1 logic. V: 0.919, SOC: 100.0%",0
2026-01-01T21:43:20Z,SUPPORT,100.0,0.0,"B1 logic. V: 0.919, SOC: 100.0%",0
2026-01-01T21:43:25Z,SUPPORT,100.0,0.0,"B1 logic. V: 0.919, SOC: 100.0%",0
2026-01-01T21:43:30Z,SUPPORT,100.0,0.0,"B1 logic. V: 0.919, SOC: 100.0%",0
2026-01-01T21:43:35Z,SUPPORT,100.0,0.0,"B1 logic. V: 0.919, SOC: 100.0%",0
2026-01-01T21:43:40Z,SUPPORT,100.0,0.0,"B1 logic. V: 0.919, SOC: 100.0%",0
2026-01-01T21:43:45Z,SUPPORT,100.0,0.0,"B1 logic. V: 0.919, SOC: 100.0%",0
2026-01-01T21:43:50Z,SUPPORT,100.0,0.0,"B1 logic. V: 0.919, SOC: 100.0%",0
2026-01-01T21:43:55Z,SUPPORT,100.0,0.0,"B1 logic. V: 0.919, SOC: 100.0%",0
2026-01-01T21:44:00Z,SUPPORT,100.0,0.0,"B1 logic. V: 0.919, SOC: 100.0%",0
2026-01-01T21:44:05Z,SUPPORT,100.0,0.0,"B1 logic. V: 0.919, SOC: 100.0%",0
2026-01-01T21:44:10Z,SUPPORT,100.0,0.0,"B1 logic. V: 0.919, SOC: 100.0%",0
2026-01-01T21:44:15Z,SUPPORT,100.0,0.0,"B1 logic. V: 0.919, SOC: 100.0%",0
2026-01-01T21:44:20Z,SUPPORT,100.0,0.0,"B1 logic. V: 0.919, SOC: 100.0%",0
2026-01-01T21:44:25Z,SUPPORT,100.0,0.0,"B1 logic. V: 0.919, SOC: 100.0%",0
2026-01-01T21:44:30Z,SUPPORT,100.0,0.0,"B1 logic. V: 0.919, SOC: 100.0%",0
2026-01-01T21:44:35Z,SUPPORT,100.0,0.0,"B1 logic. V: 0.919, SOC: 100.0%",0
2026-01-01T21:44:40Z,SUPPORT,100.0,0.0,"B1 logic. V: 0.919, SOC: 100.0%",0
2026-01-01T21:44:45Z,SUPPORT,100.0,0.0,"B1 logic. V: 0.919, SOC: 100.0%",0
2026-01-01T21:44:50Z,SUPPORT,100.0,0.0,"B1 logic. V: 0.919, SOC: 100.0%",0
2026-01-01T21:44:55Z,SUPPORT,100.0,0.0,"B1 logic. V: 0.919, SOC: 100.0%",0
2026-01-01T21:45:00Z,SUPPORT,100.0,0.0,"B1 logic. V: 0.919, SOC: 100.0%",0
2026-01-01T21:45:05Z,SUPPORT,100.0,0.0,"B1 logic. V: 0.919, SOC: 100.0%",0
2026-01-01T21:45:10Z,SUPPORT,100.0,0.0,"B1 logic. V: 0.919, SOC: 100.0%",0
2026-01-01T21:45:15Z,SUPPORT,100.0,0.0,"B1 logic. V: 0.919, SOC: 100.0%",0
2026-01-01T21:45:20Z,SUPPORT,100.0,0.0,"B1 logic. V: 0.919, SOC: 100.0%",0
2026-01-01T21:45:25Z,SUPPORT,100.0,0.0,"B1 logic. V: 0.919, SOC: 100.0%",0
2026-01-01T21:45:30Z,SUPPORT,100.0,0.0,"B1 logic. V: 0.919, SOC: 100.0%",0
2026-01-01T21:45:35Z,SUPPORT,100.0,0.0,"B1 logic. V: 0.919, SOC: 100.0%",0
2026-01-01T21:45:40Z,SUPPORT,100.0,0.0,"B1 logic. V: 0.919, SOC: 100.0%",0
2026-01-01T21:45:45Z,SUPPORT,100.0,0.0,"B1 logic. V: 0.919, SOC: 100.0%",0
2026-01-01T21:45:50Z,SUPPORT,100.0,0.0,"B1 logic. V: 0.919, SOC: 100.0%",0
2026-01-01T21:45:55Z,SUPPORT,100.0,0.0,"B1 logic. V: 0.919, SOC: 100.0%",0
2026-01-01T21:46:00Z,SUPPORT,100.0,0.0,"B1 logic. V: 0.919, SOC: 100.0%",0
2026-01-01T21:46:05Z,SUPPORT,100.0,0.0,"B1 logic. V: 0.920, SOC: 100.0%",0
2026-01-01T21:46:10Z,SUPPORT,100.0,0.0,"B1 logic. V: 0.920, SOC: 100.0%",0
2026-01-01T21:46:15Z,SUPPORT,100.0,0.0,"B1 logic. V: 0.920, SOC: 100.0%",0
2026-01-01T21:46:20Z,SUPPORT,100.0,0.0,"B1 logic. V: 0.920, SOC: 100.0%",0
2026-01-01T21:46:25Z,SUPPORT,100.0,0.0,"B1 logic. V: 0.920, SOC: 100.0%",0
2026-01-01T21:46:30Z,SUPPORT,100.0,0.0,"B1 logic. V: 0.920, SOC: 100.0%",0
2026-01-01T21:46:35Z,SUPPORT,100.0,0.0,"B1 logic. V: 0.920, SOC: 100.0%",0
2026-01-01T21:46:40Z,SUPPORT,100.0,0.0,"B1 logic. V: 0.920, SOC: 100.0%",0
2026-01-01T21:46:45Z,SUPPORT,100.0,0.0,"B1 logic. V: 0.920, SOC: 100.0%",0
2026-01-01T21:46:50Z,SUPPORT,100.0,0.0,"B1 logic. V: 0.920, SOC: 100.0%",0
2026-01-01T21:46:55Z,SUPPORT,100.0,0.0,"B1 logic. V: 0.920, SOC: 100.0%",0
2026-01-01T21:47:00Z,SUPPORT,100.0,0.0,"B1 logic. V: 0.920, SOC: 100.0%",0
2026-01-01T21:47:05Z,SUPPORT,100.0,0.0,"B1 logic. V: 0.920, SOC: 100.0%",0
2026-01-01T21:47:10Z,SUPPORT,100.0,0.0,"B1 logic. V: 0.920, SOC: 100.0%",0
2026-01-01T21:47:15Z,SUPPORT,100.0,0.0,"B1 logic. V: 0.920, SOC: 100.0%",0
2026-01-01T21:47:20Z,SUPPORT,100.0,0.0,"B1 logic. V: 0.920, SOC: 100.0%",0
2026-01-01T21:47:25Z,SUPPORT,100.0,0.0,"B1 logic. V: 0.920, SOC: 100.0%",0
2026-01-01T21:47:30Z,SUPPORT,100.0,0.0,"B1 logic. V: 0.920, SOC: 100.0%",0
2026-01-01T21:47:35Z,SUPPORT,100.0,0.0,"B1 logic. V: 0.920, SOC: 100.0%",0
2026-01-01T21:47:40Z,SUPPORT,100.0,0.0,"B1 logic. V: 0.920, SOC: 100.0%",0
2026-01-01T21:47:45Z,SUPPORT,100.0,0.0,"B1 logic. V: 0.920, SOC: 100.0%",0
2026-01-01T21:47:50Z,SUPPORT,100.0,0.0,"B1 logic. V: 0.920, SOC: 100.0%",0
2026-01-01T21:47:55Z,SUPPORT,100.0,0.0,"B1 logic. V: 0.920, SOC: 100.0%",0
2026-01-01T21:48:00Z,SUPPORT,100.0,0.0,"B1 logic. V: 0.920, SOC: 100.0%",0
2026-01-01T21:48:05Z,SUPPORT,100.0,0.0,"B1 logic. V: 0.920, SOC: 100.0%",0
2026-01-01T21:48:10Z,SUPPORT,100.0,0.0,"B1 logic. V: 0.920, SOC: 100.0%",0
2026-01-01T21:48:15Z,SUPPORT,100.0,0.0,"B1 logic. V: 0.920, SOC: 100.0%",0
2026-01-01T21:48:20Z,SUPPORT,100.0,0.0,"B1 logic. V: 0.920, SOC: 100.0%",0
2026-01-01T21:48:25Z,SUPPORT,100.0,0.0,"B1 logic. V: 0.920, SOC: 100.0%",0
2026-01-01T21:48:30Z,SUPPORT,100.0,0.0,"B1 logic. V: 0.920, SOC: 100.0%",0
2026-01-01T21:48:35Z,SUPPORT,100.0,0.0,"B1 logic. V: 0.920, SOC: 100.0%",0
2026-01-01T21:48:40Z,SUPPORT,100.0,0.0,"B1 logic. V: 0.920, SOC: 100.0%",0
2026-01-01T21:48:45Z,SUPPORT,100.0,0.0,"B1 logic. V: 0.920, SOC: 100.0%",0
2026-01-01T21:48:50Z,SUPPORT,100.0,0.0,"B1 logic. V: 0.920, SOC: 100.0%",0
2026-01-01T21:48:55Z,SUPPORT,100.0,0.0,"B1 logic. V: 0.920, SOC: 100.0%",0
2026-01-01T21:49:00Z,SUPPORT,100.0,0.0,"B1 logic. V: 0.920, SOC: 100.0%",0
2026-01-01T21:49:05Z,SUPPORT,100.0,0.0,"B1 logic. V: 0.920, SOC: 100.0%",0
2026-01-01T21:49:10Z,SUPPORT,100.0,0.0,"B1 logic. V: 0.920, SOC: 100.0%",0
2026-01-01T21:49:15Z,SUPPORT,100.0,0.0,"B1 logic. V: 0.920, SOC: 100.0%",0
2026-01-01T21:49:20Z,SUPPORT,100.0,0.0,"B1 logic. V: 0.920, SOC: 100.0%",0
2026-01-01T21:49:25Z,SUPPORT,100.0,0.0,"B1 logic. V: 0.920, SOC: 100.0%",0
2026-01-01T21:49:30Z,SUPPORT,100.0,0.0,"B1 logic. V: 0.920, SOC: 100.0%",0
2026-01-01T21:49:35Z,SUPPORT,100.0,0.0,"B1 logic. V: 0.920, SOC: 100.0%",0
2026-01-01T21:49:40Z,SUPPORT,100.0,0.0,"B1 logic. V: 0.920, SOC: 100.0%",0
2026-01-01T21:49:45Z,SUPPORT,100.0,0.0,"B1 logic. V: 0.920, SOC: 100.0%",0
2026-01-01T21:49:50Z,SUPPORT,100.0,0.0,"B1 logic. V: 0.920, SOC: 100.0%",0
2026-01-01T21:49:55Z,SUPPORT,100.0,0.0,"B1 logic. V: 0.920, SOC: 100.0%",0
2026-01-01T21:50:00Z,SUPPORT,100.0,0.0,"B1 logic. V: 0.920, SOC: 100.0%",0
2026-01-01T21:50:05Z,SUPPORT,100.0,0.0,"B1 logic. V: 0.921, SOC: 100.0%",0
2026-01-01T21:50:10Z,SUPPORT,100.0,0.0,"B1 logic. V: 0.921, SOC: 100.0%",0
2026-01-01T21:50:15Z,SUPPORT,100.0,0.0,"B1 logic. V: 0.921, SOC: 100.0%",0
2026-01-01T21:50:20Z,SUPPORT,100.0,0.0,"B1 logic. V: 0.921, SOC: 100.0%",0
2026-01-01T21:50:25Z,SUPPORT,100.0,0.0,"B1 logic. V: 0.921, SOC: 100.0%",0
2026-01-01T21:50:30Z,SUPPORT,100.0,0.0,"B1 logic. V: 0.921, SOC: 100.0%",0
2026-01-01T21:50:35Z,SUPPORT,100.0,0.0,"B1 logic. V: 0.921, SOC: 100.0%",0
2026-01-01T21:50:40Z,SUPPORT,100.0,0.0,"B1 logic. V: 0.921, SOC: 100.0%",0
2026-01-01T21:50:45Z,SUPPORT,100.0,0.0,"B1 logic. V: 0.921, SOC: 100.0%",0
2026-01-01T21:50:50Z,SUPPORT,100.0,0.0,"B1 logic. V: 0.921, SOC: 100.0%",0
2026-01-01T21:50:55Z,SUPPORT,100.0,0.0,"B1 logic. V: 0.921, SOC: 100.0%",0
2026-01-01T21:51:00Z,SUPPORT,100.0,0.0,"B1 logic. V: 0.921, SOC: 100.0%",0
2026-01-01T21:51:05Z,SUPPORT,100.0,0.0,"B1 logic. V: 0.921, SOC: 100.0%",0
2026-01-01T21:51:10Z,SUPPORT,100.0,0.0,"B1 logic. V: 0.921, SOC: 100.0%",0
2026-01-01T21:51:15Z,SUPPORT,100.0,0.0,"B1 logic. V: 0.921, SOC: 100.0%",0
2026-01-01T21:51:20Z,SUPPORT,100.0,0.0,"B1 logic. V: 0.921, SOC: 100.0%",0
2026-01-01T21:51:25Z,SUPPORT,100.0,0.0,"B1 logic. V: 0.921, SOC: 100.0%",0
2026-01-01T21:51:30Z,SUPPORT,100.0,0.0,"B1 logic. V: 0.921, SOC: 100.0%",0
2026-01-01T21:51:35Z,SUPPORT,100.0,0.0,"B1 logic. V: 0.921, SOC: 100.0%",0
2026-01-01T21:51:40Z,SUPPORT,100.0,0.0,"B1 logic. V: 0.921, SOC: 100.0%",0
2026-01-01T21:51:45Z,SUPPORT,100.0,0.0,"B1 logic. V: 0.921, SOC: 100.0%",0
2026-01-01T21:51:50Z,SUPPORT,100.0,0.0,"B1 logic. V: 0.921, SOC: 100.0%",0
2026-01-01T21:51:55Z,SUPPORT,100.0,0.0,"B1 logic. V: 0.921, SOC: 100.0%",0
2026-01-01T21:52:00Z,SUPPORT,100.0,0.0,"B1 logic. V: 0.921, SOC: 100.0%",0
2026-01-01T21:52:05Z,SUPPORT,100.0,0.0,"B1 logic. V: 0.921, SOC: 100.0%",0
2026-01-01T21:52:10Z,SUPPORT,100.0,0.0,"B1 logic. V: 0.921, SOC: 100.0%",0
2026-01-01T21:52:15Z,SUPPORT,100.0,0.0,"B1 logic. V: 0.921, SOC: 100.0%",0
2026-01-01T21:52:20Z,SUPPORT,100.0,0.0,"B1 logic. V: 0.921, SOC: 100.0%",0
2026-01-01T21:52:25Z,SUPPORT,100.0,0.0,"B1 logic. V: 0.921, SOC: 100.0%",0
2026-01-01T21:52:30Z,SUPPORT,100.0,0.0,"B1 logic. V: 0.921, SOC: 100.0%",0
2026-01-01T21:52:35Z,SUPPORT,100.0,0.0,"B1 logic. V: 0.921, SOC: 100.0%",0
2026-01-01T21:52:40Z,SUPPORT,100.0,0.0,"B1 logic. V: 0.921, SOC: 100.0%",0
2026-01-01T21:52:45Z,SUPPORT,100.0,0.0,"B1 logic. V: 0.921, SOC: 100.0%",0
2026-01-01T21:52:50Z,SUPPORT,100.0,0.0,"B1 logic. V: 0.921, SOC: 100.0%",0
2026-01-01T21:52:55Z,SUPPORT,100.0,0.0,"B1 logic. V: 0.921, SOC: 100.0%",0
2026-01-01T21:53:00Z,SUPPORT,100.0,0.0,"B1 logic. V: 0.921, SOC: 100.0%",0
2026-01-01T21:53:05Z,SUPPORT,100.0,0.0,"B1 logic. V: 0.922, SOC: 100.0%",0
2026-01-01T21:53:10Z,SUPPORT,100.0,0.0,"B1 logic. V: 0.922, SOC: 100.0%",0
2026-01-01T21:53:15Z,SUPPORT,100.0,0.0,"B1 logic. V: 0.922, SOC: 100.0%",0
2026-01-01T21:53:20Z,SUPPORT,100.0,0.0,"B1 logic. V: 0.922, SOC: 100.0%",0
2026-01-01T21:53:25Z,SUPPORT,100.0,0.0,"B1 logic. V: 0.922, SOC: 100.0%",0
2026-01-01T21:53:30Z,SUPPORT,100.0,0.0,"B1 logic. V: 0.922, SOC: 100.0%",0
2026-01-01T21:53:35Z,SUPPORT,100.0,0.0,"B1 logic. V: 0.922, SOC: 100.0%",0
2026-01-01T21:53:40Z,SUPPORT,100.0,0.0,"B1 logic. V: 0.922, SOC: 100.0%",0
2026-01-01T21:53:45Z,SUPPORT,100.0,0.0,"B1 logic. V: 0.922, SOC: 100.0%",0
2026-01-01T21:53:50Z,SUPPORT,100.0,0.0,"B1 logic. V: 0.922, SOC: 100.0%",0
2026-01-01T21:53:55Z,SUPPORT,100.0,0.0,"B1 logic. V: 0.922, SOC: 100.0%",0
2026-01-01T21:54:00Z,SUPPORT,100.0,0.0,"B1 logic. V: 0.922, SOC: 100.0%",0
2026-01-01T21:54:05Z,SUPPORT,100.0,0.0,"B1 logic. V: 0.922, SOC: 100.0%",0
2026-01-01T21:54:10Z,SUPPORT,100.0,0.0,"B1 logic. V: 0.922, SOC: 100.0%",0
2026-01-01T21:54:15Z,SUPPORT,100.0,0.0,"B1 logic. V: 0.922, SOC: 100.0%",0
2026-01-01T21:54:20Z,SUPPORT,100.0,0.0,"B1 logic. V: 0.922, SOC: 100.0%",0
2026-01-01T21:54:25Z,SUPPORT,100.0,0.0,"B1 logic. V: 0.922, SOC: 100.0%",0
2026-01-01T21:54:30Z,SUPPORT,100.0,0.0,"B1 logic. V: 0.922, SOC: 100.0%",0
2026-01-01T21:54:35Z,SUPPORT,100.0,0.0,"B1 logic. V: 0.922, SOC: 100.0%",0
2026-01-01T21:54:40Z,SUPPORT,100.0,0.0,"B1 logic. V: 0.922, SOC: 100.0%",0
2026-01-01T21:54:45Z,SUPPORT,100.0,0.0,"B1 logic. V: 0.922, SOC: 100.0%",0
2026-01-01T21:54:50Z,SUPPORT,100.0,0.0,"B1 logic. V: 0.922, SOC: 100.0%",0
2026-01-01T21:54:55Z,SUPPORT,100.0,0.0,"B1 logic. V: 0.922, SOC: 100.0%",0
2026-01-01T21:55:00Z,SUPPORT,100.0,0.0,"B1 logic. V: 0.922, SOC: 100.0%",0
2026-01-01T21:55:05Z,SUPPORT,100.0,0.0,"B1 logic. V: 0.922, SOC: 100.0%",0
2026-01-01T21:55:10Z,SUPPORT,100.0,0.0,"B1 logic. V: 0.922, SOC: 100.0%",0
2026-01-01T21:55:15Z,SUPPORT,100.0,0.0,"B1 logic. V: 0.922, SOC: 100.0%",0
2026-01-01T21:55:20Z,SUPPORT,100.0,0.0,"B1 logic. V: 0.922, SOC: 100.0%",0
2026-01-01T21:55:25Z,SUPPORT,100.0,0.0,"B1 logic. V: 0.922, SOC: 100.0%",0
2026-01-01T21:55:30Z,SUPPORT,100.0,0.0,"B1 logic. V: 0.922, SOC: 100.0%",0
2026-01-01T21:55:35Z,SUPPORT,100.0,0.0,"B1 logic. V: 0.922, SOC: 100.0%",0
2026-01-01T21:55:40Z,SUPPORT,100.0,0.0,"B1 logic. V: 0.922, SOC: 100.0%",0
2026-01-01T21:55:45Z,SUPPORT,100.0,0.0,"B1 logic. V: 0.922, SOC: 100.0%",0
2026-01-01T21:55:50Z,SUPPORT,100.0,0.0,"B1 logic. V: 0.922, SOC: 100.0%",0
2026-01-01T21:55:55Z,SUPPORT,100.0,0.0,"B1 logic. V: 0.922, SOC: 100.0%",0
2026-01-01T21:56:00Z,SUPPORT,100.0,0.0,"B1 logic. V: 0.922, SOC: 100.0%",0
2026-01-01T21:56:05Z,SUPPORT,100.0,0.0,"B1 logic. V: 0.922, SOC: 100.0%",0
2026-01-01T21:56:10Z,SUPPORT,100.0,0.0,"B1 logic. V: 0.922, SOC: 100.0%",0
2026-01-01T21:56:15Z,SUPPORT,100.0,0.0,"B1 logic. V: 0.922, SOC: 100.0%",0
2026-01-01T21:56:20Z,SUPPORT,100.0,0.0,"B1 logic. V: 0.922, SOC: 100.0%",0
2026-01-01T21:56:25Z,SUPPORT,100.0,0.0,"B1 logic. V: 0.922, SOC: 100.0%",0
2026-01-01T21:56:30Z,SUPPORT,100.0,0.0,"B1 logic. V: 0.922, SOC: 100.0%",0
2026-01-01T21:56:35Z,SUPPORT,100.0,0.0,"B1 logic. V: 0.922, SOC: 100.0%",0
2026-01-01T21:56:40Z,SUPPORT,100.0,0.0,"B1 logic. V: 0.922, SOC: 100.0%",0
2026-01-01T21:56:45Z,SUPPORT,100.0,0.0,"B1 logic. V: 0.922, SOC: 100.0%",0
2026-01-01T21:56:50Z,SUPPORT,100.0,0.0,"B1 logic. V: 0.922, SOC: 100.0%",0
2026-01-01T21:56:55Z,SUPPORT,100.0,0.0,"B1 logic. V: 0.922, SOC: 100.0%",0
2026-01-01T21:57:00Z,SUPPORT,100.0,0.0,"B1 logic. V: 0.922, SOC: 100.0%",0
2026-01-01T21:57:05Z,SUPPORT,100.0,0.0,"B1 logic. V: 0.923, SOC: 100.0%",0
2026-01-01T21:57:10Z,SUPPORT,100.0,0.0,"B1 logic. V: 0.923, SOC: 100.0%",0
2026-01-01T21:57:15Z,SUPPORT,100.0,0.0,"B1 logic. V: 0.923, SOC: 100.0%",0
2026-01-01T21:57:20Z,SUPPORT,100.0,0.0,"B1 logic. V: 0.923, SOC: 100.0%",0
2026-01-01T21:57:25Z,SUPPORT,100.0,0.0,"B1 logic. V: 0.923, SOC: 100.0%",0
2026-01-01T21:57:30Z,SUPPORT,100.0,0.0,"B1 logic. V: 0.923, SOC: 100.0%",0
2026-01-01T21:57:35Z,SUPPORT,100.0,0.0,"B1 logic. V: 0.923, SOC: 100.0%",0
2026-01-01T21:57:40Z,SUPPORT,100.0,0.0,"B1 logic. V: 0.923, SOC: 100.0%",0
2026-01-01T21:57:45Z,SUPPORT,100.0,0.0,"B1 logic. V: 0.923, SOC: 100.0%",0
2026-01-01T21:57:50Z,SUPPORT,100.0,0.0,"B1 logic. V: 0.923, SOC: 100.0%",0
2026-01-01T21:57:55Z,SUPPORT,100.0,0.0,"B1 logic. V: 0.923, SOC: 100.0%",0
2026-01-01T21:58:00Z,SUPPORT,100.0,0.0,"B1 logic. V: 0.923, SOC: 100.0%",0
2026-01-01T21:58:05Z,SUPPORT,100.0,0.0,"B1 logic. V: 0.923, SOC: 100.0%",0
2026-01-01T21:58:10Z,SUPPORT,100.0,0.0,"B1 logic. V: 0.923, SOC: 100.0%",0
2026-01-01T21:58:15Z,SUPPORT,100.0,0.0,"B1 logic. V: 0.923, SOC: 100.0%",0
2026-01-01T21:58:20Z,SUPPORT,100.0,0.0,"B1 logic. V: 0.923, SOC: 100.0%",0
2026-01-01T21:58:25Z,SUPPORT,100.0,0.0,"B1 logic. V: 0.923, SOC: 100.0%",0
2026-01-01T21:58:30Z,SUPPORT,100.0,0.0,"B1 logic. V: 0.923, SOC: 100.0%",0
2026-01-01T21:58:35Z,SUPPORT,100.0,0.0,"B1 logic. V: 0.923, SOC: 100.0%",0
2026-01-01T21:58:40Z,SUPPORT,100.0,0.0,"B1 logic. V: 0.923, SOC: 100.0%",0
2026-01-01T21:58:45Z,SUPPORT,100.0,0.0,"B1 logic. V: 0.923, SOC: 100.0%",0
2026-01-01T21:58:50Z,SUPPORT,100.0,0.0,"B1 logic. V: 0.923, SOC: 100.0%",0
2026-01-01T21:58:55Z,SUPPORT,100.0,0.0,"B1 logic. V: 0.923, SOC: 100.0%",0
2026-01-01T21:59:00Z,SUPPORT,100.0,0.0,"B1 logic. V: 0.923, SOC: 100.0%",0
2026-01-01T21:59:05Z,SUPPORT,100.0,0.0,"B1 logic. V: 0.923, SOC: 100.0%",0
2026-01-01T21:59:10Z,SUPPORT,100.0,0.0,"B1 logic. V: 0.923, SOC: 100.0%",0
2026-01-01T21:59:15Z,SUPPORT,100.0,0.0,"B1 logic. V: 0.923, SOC: 100.0%",0
2026-01-01T21:59:20Z,SUPPORT,100.0,0.0,"B1 logic. V: 0.923, SOC: 100.0%",0
2026-01-01T21:59:25Z,SUPPORT,100.0,0.0,"B1 logic. V: 0.923, SOC: 100.0%",0
2026-01-01T21:59:30Z,SUPPORT,100.0,0.0,"B1 logic. V: 0.923, SOC: 100.0%",0
2026-01-01T21:59:35Z,SUPPORT,100.0,0.0,"B1 logic. V: 0.923, SOC: 100.0%",0
2026-01-01T21:59:40Z,SUPPORT,100.0,0.0,"B1 logic. V: 0.923, SOC: 100.0%",0
2026-01-01T21:59:45Z,SUPPORT,100.0,0.0,"B1 logic. V: 0.923, SOC: 100.0%",0
2026-01-01T21:59:50Z,SUPPORT,100.0,0.0,"B1 logic. V: 0.923, SOC: 100.0%",0
2026-01-01T21:59:55Z,SUPPORT,100.0,0.0,"B1 logic. V: 0.923, SOC: 100.0%",0
2026-01-01T22:00:00Z,SUPPORT,100.0,0.0,"B1 logic. V: 0.923, SOC: 100.0%",0
2026-01-01T22:00:05Z,SUPPORT,100.0,0.0,"B1 logic. V: 0.924, SOC: 100.0%",0
2026-01-01T22:00:10Z,SUPPORT,100.0,0.0,"B1 logic. V: 0.924, SOC: 100.0%",0
2026-01-01T22:00:15Z,SUPPORT,100.0,0.0,"B1 logic. V: 0.924, SOC: 100.0%",0
2026-01-01T22:00:20Z,SUPPORT,100.0,0.0,"B1 logic. V: 0.924, SOC: 100.0%",0
2026-01-01T22:00:25Z,SUPPORT,100.0,0.0,"B1 logic. V: 0.924, SOC: 100.0%",0
2026-01-01T22:00:30Z,SUPPORT,100.0,0.0,"B1 logic. V: 0.924, SOC: 100.0%",0
2026-01-01T22:00:35Z,SUPPORT,100.0,0.0,"B1 logic. V: 0.924, SOC: 100.0%",0
2026-01-01T22:00:40Z,SUPPORT,100.0,0.0,"B1 logic. V: 0.924, SOC: 100.0%",0
2026-01-01T22:00:45Z,SUPPORT,100.0,0.0,"B1 logic. V: 0.924, SOC: 100.0%",0
2026-01-01T22:00:50Z,SUPPORT,100.0,0.0,"B1 logic. V: 0.924, SOC: 100.0%",0
2026-01-01T22:00:55Z,SUPPORT,100.0,0.0,"B1 logic. V: 0.924, SOC: 100.0%",0
2026-01-01T22:01:00Z,SUPPORT,100.0,0.0,"B1 logic. V: 0.924, SOC: 100.0%",0
2026-01-01T22:01:05Z,SUPPORT,100.0,0.0,"B1 logic. V: 0.924, SOC: 100.0%",0
2026-01-01T22:01:10Z,SUPPORT,100.0,0.0,"B1 logic. V: 0.924, SOC: 100.0%",0
2026-01-01T22:01:15Z,SUPPORT,100.0,0.0,"B1 logic. V: 0.924, SOC: 100.0%",0
2026-01-01T22:01:20Z,SUPPORT,100.0,0.0,"B1 logic. V: 0.924, SOC: 100.0%",0
2026-01-01T22:01:25Z,SUPPORT,100.0,0.0,"B1 logic. V: 0.924, SOC: 100.0%",0
2026-01-01T22:01:30Z,SUPPORT,100.0,0.0,"B1 logic. V: 0.924, SOC: 100.0%",0
2026-01-01T22:01:35Z,SUPPORT,100.0,0.0,"B1 logic. V: 0.924, SOC: 100.0%",0
2026-01-01T22:01:40Z,SUPPORT,100.0,0.0,"B1 logic. V: 0.924, SOC: 100.0%",0
2026-01-01T22:01:45Z,SUPPORT,100.0,0.0,"B1 logic. V: 0.924, SOC: 100.0%",0
2026-01-01T22:01:50Z,SUPPORT,100.0,0.0,"B1 logic. V: 0.924, SOC: 100.0%",0
2026-01-01T22:01:55Z,SUPPORT,100.0,0.0,"B1 logic. V: 0.924, SOC: 100.0%",0
2026-01-01T22:02:00Z,SUPPORT,100.0,0.0,"B1 logic. V: 0.924, SOC: 100.0%",0
2026-01-01T22:02:05Z,SUPPORT,100.0,0.0,"B1 logic. V: 0.924, SOC: 100.0%",0
2026-01-01T22:02:10Z,SUPPORT,100.0,0.0,"B1 logic. V: 0.924, SOC: 100.0%",0
2026-01-01T22:02:15Z,SUPPORT,100.0,0.0,"B1 logic. V: 0.924, SOC: 100.0%",0
2026-01-01T22:02:20Z,SUPPORT,100.0,0.0,"B1 logic. V: 0.924, SOC: 100.0%",0
2026-01-01T22:02:25Z,SUPPORT,100.0,0.0,"B1 logic. V: 0.924, SOC: 100.0%",0
2026-01-01T22:02:30Z,SUPPORT,100.0,0.0,"B1 logic. V: 0.924, SOC: 100.0%",0
2026-01-01T22:02:35Z,SUPPORT,100.0,0.0,"B1 logic. V: 0.924, SOC: 100.0%",0
2026-01-01T22:02:40Z,SUPPORT,100.0,0.0,"B1 logic. V: 0.924, SOC: 100.0%",0
2026-01-01T22:02:45Z,SUPPORT,100.0,0.0,"B1 logic. V: 0.924, SOC: 100.0%",0
2026-01-01T22:02:50Z,SUPPORT,100.0,0.0,"B1 logic. V: 0.924, SOC: 100.0%",0
2026-01-01T22:02:55Z,SUPPORT,100.0,0.0,"B1 logic. V: 0.924, SOC: 100.0%",0
2026-01-01T22:03:00Z,SUPPORT,100.0,0.0,"B1 logic. V: 0.924, SOC: 100.0%",0
2026-01-01T22:03:05Z,SUPPORT,100.0,0.0,"B1 logic. V: 0.925, SOC: 100.0%",0
2026-01-01T22:03:10Z,SUPPORT,100.0,0.0,"B1 logic. V: 0.925, SOC: 100.0%",0
2026-01-01T22:03:15Z,SUPPORT,100.0,0.0,"B1 logic. V: 0.925, SOC: 100.0%",0
2026-01-01T22:03:20Z,SUPPORT,100.0,0.0,"B1 logic. V: 0.925, SOC: 100.0%",0
2026-01-01T22:03:25Z,SUPPORT,100.0,0.0,"B1 logic. V: 0.925, SOC: 100.0%",0
2026-01-01T22:03:30Z,SUPPORT,100.0,0.0,"B1 logic. V: 0.925, SOC: 100.0%",0
2026-01-01T22:03:35Z,SUPPORT,100.0,0.0,"B1 logic. V: 0.925, SOC: 100.0%",0
2026-01-01T22:03:40Z,SUPPORT,100.0,0.0,"B1 logic. V: 0.925, SOC: 100.0%",0
2026-01-01T22:03:45Z,SUPPORT,100.0,0.0,"B1 logic. V: 0.925, SOC: 100.0%",0
2026-01-01T22:03:50Z,SUPPORT,100.0,0.0,"B1 logic. V: 0.925, SOC: 100.0%",0
2026-01-01T22:03:55Z,SUPPORT,100.0,0.0,"B1 logic. V: 0.925, SOC: 100.0%",0
2026-01-01T22:04:00Z,SUPPORT,100.0,0.0,"B1 logic. V: 0.925, SOC: 100.0%",0
2026-01-01T22:04:05Z,SUPPORT,100.0,0.0,"B1 logic. V: 0.925, SOC: 100.0%",0
2026-01-01T22:04:10Z,SUPPORT,100.0,0.0,"B1 logic. V: 0.925, SOC: 100.0%",0
2026-01-01T22:04:15Z,SUPPORT,100.0,0.0,"B1 logic. V: 0.925, SOC: 100.0%",0
2026-01-01T22:04:20Z,SUPPORT,100.0,0.0,"B1 logic. V: 0.925, SOC: 100.0%",0
2026-01-01T22:04:25Z,SUPPORT,100.0,0.0,"B1 logic. V: 0.925, SOC: 100.0%",0
2026-01-01T22:04:30Z,SUPPORT,100.0,0.0,"B1 logic. V: 0.925, SOC: 100.0%",0
2026-01-01T22:04:35Z,SUPPORT,100.0,0.0,"B1 logic. V: 0.925, SOC: 100.0%",0
2026-01-01T22:04:40Z,SUPPORT,100.0,0.0,"B1 logic. V: 0.925, SOC: 100.0%",0
2026-01-01T22:04:45Z,SUPPORT,100.0,0.0,"B1 logic. V: 0.925, SOC: 100.0%",0
2026-01-01T22:04:50Z,SUPPORT,100.0,0.0,"B1 logic. V: 0.925, SOC: 100.0%",0
2026-01-01T22:04:55Z,SUPPORT,100.0,0.0,"B1 logic. V: 0.925, SOC: 100.0%",0
2026-01-01T22:05:00Z,SUPPORT,100.0,0.0,"B1 logic. V: 0.925, SOC: 100.0%",0
2026-01-01T22:05:05Z,SUPPORT,100.0,0.0,"B1 logic. V: 0.925, SOC: 100.0%",0
2026-01-01T22:05:10Z,SUPPORT,100.0,0.0,"B1 logic. V: 0.925, SOC: 100.0%",0
2026-01-01T22:05:15Z,SUPPORT,100.0,0.0,"B1 logic. V: 0.925, SOC: 100.0%",0
2026-01-01T22:05:20Z,SUPPORT,100.0,0.0,"B1 logic. V: 0.925, SOC: 100.0%",0
2026-01-01T22:05:25Z,SUPPORT,100.0,0.0,"B1 logic. V: 0.925, SOC: 100.0%",0
2026-01-01T22:05:30Z,SUPPORT,100.0,0.0,"B1 logic. V: 0.925, SOC: 100.0%",0
2026-01-01T22:05:35Z,SUPPORT,100.0,0.0,"B1 logic. V: 0.925, SOC: 100.0%",0
2026-01-01T22:05:40Z,SUPPORT,100.0,0.0,"B1 logic. V: 0.925, SOC: 100.0%",0
2026-01-01T22:05:45Z,SUPPORT,100.0,0.0,"B1 logic. V: 0.925, SOC: 100.0%",0
2026-01-01T22:05:50Z,SUPPORT,100.0,0.0,"B1 logic. V: 0.925, SOC: 100.0%",0
2026-01-01T22:05:55Z,SUPPORT,100.0,0.0,"B1 logic. V: 0.925, SOC: 100.0%",0
2026-01-01T22:06:00Z,SUPPORT,100.0,0.0,"B1 logic. V: 0.925, SOC: 100.0%",0
2026-01-01T22:06:05Z,SUPPORT,100.0,0.0,"B1 logic. V: 0.925, SOC: 100.0%",0
2026-01-01T22:06:10Z,SUPPORT,100.0,0.0,"B1 logic. V: 0.925, SOC: 100.0%",0
2026-01-01T22:06:15Z,SUPPORT,100.0,0.0,"B1 logic. V: 0.925, SOC: 100.0%",0
2026-01-01T22:06:20Z,SUPPORT,100.0,0.0,"B1 logic. V: 0.925, SOC: 100.0%",0
2026-01-01T22:06:25Z,SUPPORT,100.0,0.0,"B1 logic. V: 0.925, SOC: 100.0%",0
2026-01-01T22:06:30Z,SUPPORT,100.0,0.0,"B1 logic. V: 0.925, SOC: 100.0%",0
2026-01-01T22:06:35Z,SUPPORT,100.0,0.0,"B1 logic. V: 0.925, SOC: 100.0%",0
2026-01-01T22:06:40Z,SUPPORT,100.0,0.0,"B1 logic. V: 0.925, SOC: 100.0%",0
2026-01-01T22:06:45Z,SUPPORT,100.0,0.0,"B1 logic. V: 0.925, SOC: 100.0%",0
2026-01-01T22:06:50Z,SUPPORT,100.0,0.0,"B1 logic. V: 0.925, SOC: 100.0%",0
2026-01-01T22:06:55Z,SUPPORT,100.0,0.0,"B1 logic. V: 0.925, SOC: 100.0%",0
2026-01-01T22:07:00Z,SUPPORT,100.0,0.0,"B1 logic. V: 0.925, SOC: 100.0%",0
2026-01-01T22:07:05Z,SUPPORT,100.0,0.0,"B1 logic. V: 0.926, SOC: 100.0%",0
2026-01-01T22:07:10Z,SUPPORT,100.0,0.0,"B1 logic. V: 0.926, SOC: 100.0%",0
2026-01-01T22:07:15Z,SUPPORT,100.0,0.0,"B1 logic. V: 0.926, SOC: 100.0%",0
2026-01-01T22:07:20Z,SUPPORT,100.0,0.0,"B1 logic. V: 0.926, SOC: 100.0%",0
2026-01-01T22:07:25Z,SUPPORT,100.0,0.0,"B1 logic. V: 0.926, SOC: 100.0%",0
2026-01-01T22:07:30Z,SUPPORT,100.0,0.0,"B1 logic. V: 0.926, SOC: 100.0%",0
2026-01-01T22:07:35Z,SUPPORT,100.0,0.0,"B1 logic. V: 0.926, SOC: 100.0%",0
2026-01-01T22:07:40Z,SUPPORT,100.0,0.0,"B1 logic. V: 0.926, SOC: 100.0%",0
2026-01-01T22:07:45Z,SUPPORT,100.0,0.0,"B1 logic. V: 0.926, SOC: 100.0%",0
2026-01-01T22:07:50Z,SUPPORT,100.0,0.0,"B1 logic. V: 0.926, SOC: 100.0%",0
2026-01-01T22:07:55Z,SUPPORT,100.0,0.0,"B1 logic. V: 0.926, SOC: 100.0%",0
2026-01-01T22:08:00Z,SUPPORT,100.0,0.0,"B1 logic. V: 0.926, SOC: 100.0%",0
2026-01-01T22:08:05Z,SUPPORT,100.0,0.0,"B1 logic. V: 0.926, SOC: 100.0%",0
2026-01-01T22:08:10Z,SUPPORT,100.0,0.0,"B1 logic. V: 0.926, SOC: 100.0%",0
2026-01-01T22:08:15Z,SUPPORT,100.0,0.0,"B1 logic. V: 0.926, SOC: 100.0%",0
2026-01-01T22:08:20Z,SUPPORT,100.0,0.0,"B1 logic. V: 0.926, SOC: 100.0%",0
2026-01-01T22:08:25Z,SUPPORT,100.0,0.0,"B1 logic. V: 0.926, SOC: 100.0%",0
2026-01-01T22:08:30Z,SUPPORT,100.0,0.0,"B1 logic. V: 0.926, SOC: 100.0%",0
2026-01-01T22:08:35Z,SUPPORT,100.0,0.0,"B1 logic. V: 0.926, SOC: 100.0%",0
2026-01-01T22:08:40Z,SUPPORT,100.0,0.0,"B1 logic. V: 0.926, SOC: 100.0%",0
2026-01-01T22:08:45Z,SUPPORT,100.0,0.0,"B1 logic. V: 0.926, SOC: 100.0%",0
2026-01-01T22:08:50Z,SUPPORT,100.0,0.0,"B1 logic. V: 0.926, SOC: 100.0%",0
2026-01-01T22:08:55Z,SUPPORT,100.0,0.0,"B1 logic. V: 0.926, SOC: 100.0%",0
2026-01-01T22:09:00Z,SUPPORT,100.0,0.0,"B1 logic. V: 0.926, SOC: 100.0%",0
2026-01-01T22:09:05Z,SUPPORT,100.0,0.0,"B1 logic. V: 0.926, SOC: 100.0%",0
2026-01-01T22:09:10Z,SUPPORT,100.0,0.0,"B1 logic. V: 0.926, SOC: 100.0%",0
2026-01-01T22:09:15Z,SUPPORT,100.0,0.0,"B1 logic. V: 0.926, SOC: 100.0%",0
2026-01-01T22:09:20Z,SUPPORT,100.0,0.0,"B1 logic. V: 0.926, SOC: 100.0%",0
2026-01-01T22:09:25Z,SUPPORT,100.0,0.0,"B1 logic. V: 0.926, SOC: 100.0%",0
2026-01-01T22:09:30Z,SUPPORT,100.0,0.0,"B1 logic. V: 0.926, SOC: 100.0%",0
2026-01-01T22:09:35Z,SUPPORT,100.0,0.0,"B1 logic. V: 0.926, SOC: 100.0%",0
2026-01-01T22:09:40Z,SUPPORT,100.0,0.0,"B1 logic. V: 0.926, SOC: 100.0%",0
2026-01-01T22:09:45Z,SUPPORT,100.0,0.0,"B1 logic. V: 0.926, SOC: 100.0%",0
2026-01-01T22:09:50Z,SUPPORT,100.0,0.0,"B1 logic. V: 0.926, SOC: 100.0%",0
2026-01-01T22:09:55Z,SUPPORT,100.0,0.0,"B1 logic. V: 0.926, SOC: 100.0%",0
2026-01-01T22:10:00Z,SUPPORT,100.0,0.0,"B1 logic. V: 0.926, SOC: 100.0%",0
2026-01-01T22:10:05Z,SUPPORT,100.0,0.0,"B1 logic. V: 0.927, SOC: 100.0%",0
2026-01-01T22:10:10Z,SUPPORT,100.0,0.0,"B1 logic. V: 0.927, SOC: 100.0%",0
2026-01-01T22:10:15Z,SUPPORT,100.0,0.0,"B1 logic. V: 0.927, SOC: 100.0%",0
2026-01-01T22:10:20Z,SUPPORT,100.0,0.0,"B1 logic. V: 0.927, SOC: 100.0%",0
2026-01-01T22:10:25Z,SUPPORT,100.0,0.0,"B1 logic. V: 0.927, SOC: 100.0%",0
2026-01-01T22:10:30Z,SUPPORT,100.0,0.0,"B1 logic. V: 0.927, SOC: 100.0%",0
2026-01-01T22:10:35Z,SUPPORT,100.0,0.0,"B1 logic. V: 0.927, SOC: 100.0%",0
2026-01-01T22:10:40Z,SUPPORT,100.0,0.0,"B1 logic. V: 0.927, SOC: 100.0%",0
2026-01-01T22:10:45Z,SUPPORT,100.0,0.0,"B1 logic. V: 0.927, SOC: 100.0%",0
2026-01-01T22:10:50Z,SUPPORT,100.0,0.0,"B1 logic. V: 0.927, SOC: 100.0%",0
2026-01-01T22:10:55Z,SUPPORT,100.0,0.0,"B1 logic. V: 0.927, SOC: 100.0%",0
2026-01-01T22:11:00Z,SUPPORT,100.0,0.0,"B1 logic. V: 0.927, SOC: 100.0%",0
2026-01-01T22:11:05Z,SUPPORT,100.0,0.0,"B1 logic. V: 0.927, SOC: 100.0%",0
2026-01-01T22:11:10Z,SUPPORT,100.0,0.0,"B1 logic. V: 0.927, SOC: 100.0%",0
2026-01-01T22:11:15Z,SUPPORT,100.0,0.0,"B1 logic. V: 0.927, SOC: 100.0%",0
2026-01-01T22:11:20Z,SUPPORT,100.0,0.0,"B1 logic. V: 0.927, SOC: 100.0%",0
2026-01-01T22:11:25Z,SUPPORT,100.0,0.0,"B1 logic. V: 0.927, SOC: 100.0%",0
2026-01-01T22:11:30Z,SUPPORT,100.0,0.0,"B1 logic. V: 0.927, SOC: 100.0%",0
2026-01-01T22:11:35Z,SUPPORT,100.0,0.0,"B1 logic. V: 0.927, SOC: 100.0%",0
2026-01-01T22:11:40Z,SUPPORT,100.0,0.0,"B1 logic. V: 0.927, SOC: 100.0%",0
2026-01-01T22:11:45Z,SUPPORT,100.0,0.0,"B1 logic. V: 0.927, SOC: 100.0%",0
2026-01-01T22:11:50Z,SUPPORT,100.0,0.0,"B1 logic. V: 0.927, SOC: 100.0%",0
2026-01-01T22:11:55Z,SUPPORT,100.0,0.0,"B1 logic. V: 0.927, SOC: 100.0%",0
2026-01-01T22:12:00Z,SUPPORT,100.0,0.0,"B1 logic. V: 0.927, SOC: 100.0%",0
2026-01-01T22:12:05Z,SUPPORT,100.0,0.0,"B1 logic. V: 0.927, SOC: 100.0%",0
2026-01-01T22:12:10Z,SUPPORT,100.0,0.0,"B1 logic. V: 0.927, SOC: 100.0%",0
2026-01-01T22:12:15Z,SUPPORT,100.0,0.0,"B1 logic. V: 0.927, SOC: 100.0%",0
2026-01-01T22:12:20Z,SUPPORT,100.0,0.0,"B1 logic. V: 0.927, SOC: 100.0%",0
2026-01-01T22:12:25Z,SUPPORT,100.0,0.0,"B1 logic. V: 0.927, SOC: 100.0%",0
2026-01-01T22:12:30Z,SUPPORT,100.0,0.0,"B1 logic. V: 0.927, SOC: 100.0%",0
2026-01-01T22:12:35Z,SUPPORT,100.0,0.0,"B1 logic. V: 0.927, SOC: 100.0%",0
2026-01-01T22:12:40Z,SUPPORT,100.0,0.0,"B1 logic. V: 0.927, SOC: 100.0%",0
2026-01-01T22:12:45Z,SUPPORT,100.0,0.0,"B1 logic. V: 0.927, SOC: 100.0%",0
2026-01-01T22:12:50Z,SUPPORT,100.0,0.0,"B1 logic. V: 0.927, SOC: 100.0%",0
2026-01-01T22:12:55Z,SUPPORT,100.0,0.0,"B1 logic. V: 0.927, SOC: 100.0%",0
2026-01-01T22:13:00Z,SUPPORT,100.0,0.0,"B1 logic. V: 0.927, SOC: 100.0%",0
2026-01-01T22:13:05Z,SUPPORT,100.0,0.0,"B1 logic. V: 0.928, SOC: 100.0%",0
2026-01-01T22:13:10Z,SUPPORT,100.0,0.0,"B1 logic. V: 0.928, SOC: 100.0%",0
2026-01-01T22:13:15Z,SUPPORT,100.0,0.0,"B1 logic. V: 0.928, SOC: 100.0%",0
2026-01-01T22:13:20Z,SUPPORT,100.0,0.0,"B1 logic. V: 0.928, SOC: 100.0%",0
2026-01-01T22:13:25Z,SUPPORT,100.0,0.0,"B1 logic. V: 0.928, SOC: 100.0%",0
2026-01-01T22:13:30Z,SUPPORT,100.0,0.0,"B1 logic. V: 0.928, SOC: 100.0%",0
2026-01-01T22:13:35Z,SUPPORT,100.0,0.0,"B1 logic. V: 0.928, SOC: 100.0%",0
2026-01-01T22:13:40Z,SUPPORT,100.0,0.0,"B1 logic. V: 0.928, SOC: 100.0%",0
2026-01-01T22:13:45Z,SUPPORT,100.0,0.0,"B1 logic. V: 0.928, SOC: 100.0%",0
2026-01-01T22:13:50Z,SUPPORT,100.0,0.0,"B1 logic. V: 0.928, SOC: 100.0%",0
2026-01-01T22:13:55Z,SUPPORT,100.0,0.0,"B1 logic. V: 0.928, SOC: 100.0%",0
2026-01-01T22:14:00Z,SUPPORT,100.0,0.0,"B1 logic. V: 0.928, SOC: 100.0%",0
2026-01-01T22:14:05Z,SUPPORT,100.0,0.0,"B1 logic. V: 0.928, SOC: 100.0%",0
2026-01-01T22:14:10Z,SUPPORT,100.0,0.0,"B1 logic. V: 0.928, SOC: 100.0%",0
2026-01-01T22:14:15Z,SUPPORT,100.0,0.0,"B1 logic. V: 0.928, SOC: 100.0%",0
2026-01-01T22:14:20Z,SUPPORT,100.0,0.0,"B1 logic. V: 0.928, SOC: 100.0%",0
2026-01-01T22:14:25Z,SUPPORT,100.0,0.0,"B1 logic. V: 0.928, SOC: 100.0%",0
2026-01-01T22:14:30Z,SUPPORT,100.0,0.0,"B1 logic. V: 0.928, SOC: 100.0%",0
2026-01-01T22:14:35Z,SUPPORT,100.0,0.0,"B1 logic. V: 0.928, SOC: 100.0%",0
2026-01-01T22:14:40Z,SUPPORT,100.0,0.0,"B1 logic. V: 0.928, SOC: 100.0%",0
2026-01-01T22:14:45Z,SUPPORT,100.0,0.0,"B1 logic. V: 0.928, SOC: 100.0%",0
2026-01-01T22:14:50Z,SUPPORT,100.0,0.0,"B1 logic. V: 0.928, SOC: 100.0%",0
2026-01-01T22:14:55Z,SUPPORT,100.0,0.0,"B1 logic. V: 0.928, SOC: 100.0%",0
2026-01-01T22:15:00Z,SUPPORT,100.0,0.0,"B1 logic. V: 0.928, SOC: 100.0%",0
2026-01-01T22:15:05Z,SUPPORT,100.0,0.0,"B1 logic. V: 0.928, SOC: 100.0%",0
2026-01-01T22:15:10Z,SUPPORT,100.0,0.0,"B1 logic. V: 0.928, SOC: 100.0%",0
2026-01-01T22:15:15Z,SUPPORT,100.0,0.0,"B1 logic. V: 0.928, SOC: 100.0%",0
2026-01-01T22:15:20Z,SUPPORT,100.0,0.0,"B1 logic. V: 0.928, SOC: 100.0%",0
2026-01-01T22:15:25Z,SUPPORT,100.0,0.0,"B1 logic. V: 0.928, SOC: 100.0%",0
2026-01-01T22:15:30Z,SUPPORT,100.0,0.0,"B1 logic. V: 0.928, SOC: 100.0%",0
2026-01-01T22:15:35Z,SUPPORT,100.0,0.0,"B1 logic. V: 0.928, SOC: 100.0%",0
2026-01-01T22:15:40Z,SUPPORT,100.0,0.0,"B1 logic. V: 0.928, SOC: 100.0%",0
2026-01-01T22:15:45Z,SUPPORT,100.0,0.0,"B1 logic. V: 0.928, SOC: 100.0%",0
2026-01-01T22:15:50Z,SUPPORT,100.0,0.0,"B1 logic. V: 0.928, SOC: 100.0%",0
2026-01-01T22:15:55Z,SUPPORT,100.0,0.0,"B1 logic. V: 0.928, SOC: 100.0%",0
2026-01-01T22:16:00Z,SUPPORT,100.0,0.0,"B1 logic. V: 0.928, SOC: 100.0%",0
2026-01-01T22:16:05Z,SUPPORT,100.0,0.0,"B1 logic. V: 0.929, SOC: 100.0%",0
2026-01-01T22:16:10Z,SUPPORT,100.0,0.0,"B1 logic. V: 0.929, SOC: 100.0%",0
2026-01-01T22:16:15Z,SUPPORT,100.0,0.0,"B1 logic. V: 0.929, SOC: 100.0%",0
2026-01-01T22:16:20Z,SUPPORT,100.0,0.0,"B1 logic. V: 0.929, SOC: 100.0%",0
2026-01-01T22:16:25Z,SUPPORT,100.0,0.0,"B1 logic. V: 0.929, SOC: 100.0%",0
2026-01-01T22:16:30Z,SUPPORT,100.0,0.0,"B1 logic. V: 0.929, SOC: 100.0%",0
2026-01-01T22:16:35Z,SUPPORT,100.0,0.0,"B1 logic. V: 0.929, SOC: 100.0%",0
2026-01-01T22:16:40Z,SUPPORT,100.0,0.0,"B1 logic. V: 0.929, SOC: 100.0%",0
2026-01-01T22:16:45Z,SUPPORT,100.0,0.0,"B1 logic. V: 0.929, SOC: 100.0%",0
2026-01-01T22:16:50Z,SUPPORT,100.0,0.0,"B1 logic. V: 0.929, SOC: 100.0%",0
2026-01-01T22:16:55Z,SUPPORT,100.0,0.0,"B1 logic. V: 0.929, SOC: 100.0%",0
2026-01-01T22:17:00Z,SUPPORT,100.0,0.0,"B1 logic. V: 0.929, SOC: 100.0%",0
2026-01-01T22:17:05Z,SUPPORT,100.0,0.0,"B1 logic. V: 0.929, SOC: 100.0%",0
2026-01-01T22:17:10Z,SUPPORT,100.0,0.0,"B1 logic. V: 0.929, SOC: 100.0%",0
2026-01-01T22:17:15Z,SUPPORT,100.0,0.0,"B1 logic. V: 0.929, SOC: 100.0%",0
2026-01-01T22:17:20Z,SUPPORT,100.0,0.0,"B1 logic. V: 0.929, SOC: 100.0%",0
2026-01-01T22:17:25Z,SUPPORT,100.0,0.0,"B1 logic. V: 0.929, SOC: 100.0%",0
2026-01-01T22:17:30Z,SUPPORT,100.0,0.0,"B1 logic. V: 0.929, SOC: 100.0%",0
2026-01-01T22:17:35Z,SUPPORT,100.0,0.0,"B1 logic. V: 0.929, SOC: 100.0%",0
2026-01-01T22:17:40Z,SUPPORT,100.0,0.0,"B1 logic. V: 0.929, SOC: 100.0%",0
2026-01-01T22:17:45Z,SUPPORT,100.0,0.0,"B1 logic. V: 0.929, SOC: 100.0%",0
2026-01-01T22:17:50Z,SUPPORT,100.0,0.0,"B1 logic. V: 0.929, SOC: 100.0%",0
2026-01-01T22:17:55Z,SUPPORT,100.0,0.0,"B1 logic. V: 0.929, SOC: 100.0%",0
2026-01-01T22:18:00Z,SUPPORT,100.0,0.0,"B1 logic. V: 0.929, SOC: 100.0%",0
2026-01-01T22:18:05Z,SUPPORT,100.0,0.0,"B1 logic. V: 0.929, SOC: 100.0%",0
2026-01-01T22:18:10Z,SUPPORT,100.0,0.0,"B1 logic. V: 0.929, SOC: 100.0%",0
2026-01-01T22:18:15Z,SUPPORT,100.0,0.0,"B1 logic. V: 0.929, SOC: 100.0%",0
2026-01-01T22:18:20Z,SUPPORT,100.0,0.0,"B1 logic. V: 0.929, SOC: 100.0%",0
2026-01-01T22:18:25Z,SUPPORT,100.0,0.0,"B1 logic. V: 0.929, SOC: 100.0%",0
2026-01-01T22:18:30Z,SUPPORT,100.0,0.0,"B1 logic. V: 0.929, SOC: 100.0%",0
2026-01-01T22:18:35Z,SUPPORT,100.0,0.0,"B1 logic. V: 0.929, SOC: 100.0%",0
2026-01-01T22:18:40Z,SUPPORT,100.0,0.0,"B1 logic. V: 0.929, SOC: 100.0%",0
2026-01-01T22:18:45Z,SUPPORT,100.0,0.0,"B1 logic. V: 0.929, SOC: 100.0%",0
2026-01-01T22:18:50Z,SUPPORT,100.0,0.0,"B1 logic. V: 0.929, SOC: 100.0%",0
2026-01-01T22:18:55Z,SUPPORT,100.0,0.0,"B1 logic. V: 0.929, SOC: 100.0%",0
2026-01-01T22:19:00Z,SUPPORT,100.0,0.0,"B1 logic. V: 0.929, SOC: 100.0%",0
2026-01-01T22:19:05Z,SUPPORT,100.0,0.0,"B1 logic. V: 0.929, SOC: 100.0%",0
2026-01-01T22:19:10Z,SUPPORT,100.0,0.0,"B1 logic. V: 0.929, SOC: 100.0%",0
2026-01-01T22:19:15Z,SUPPORT,100.0,0.0,"B1 logic. V: 0.929, SOC: 100.0%",0
2026-01-01T22:19:20Z,SUPPORT,100.0,0.0,"B1 logic. V: 0.929, SOC: 100.0%",0
2026-01-01T22:19:25Z,SUPPORT,100.0,0.0,"B1 logic. V: 0.929, SOC: 100.0%",0
2026-01-01T22:19:30Z,SUPPORT,100.0,0.0,"B1 logic. V: 0.929, SOC: 100.0%",0
2026-01-01T22:19:35Z,SUPPORT,100.0,0.0,"B1 logic. V: 0.929, SOC: 100.0%",0
2026-01-01T22:19:40Z,SUPPORT,100.0,0.0,"B1 logic. V: 0.929, SOC: 100.0%",0
2026-01-01T22:19:45Z,SUPPORT,100.0,0.0,"B1 logic. V: 0.929, SOC: 100.0%",0
2026-01-01T22:19:50Z,SUPPORT,100.0,0.0,"B1 logic. V: 0.929, SOC: 100.0%",0
2026-01-01T22:19:55Z,SUPPORT,100.0,0.0,"B1 logic. V: 0.929, SOC: 100.0%",0
2026-01-01T22:20:00Z,SUPPORT,100.0,0.0,"B1 logic. V: 0.929, SOC: 100.0%",0
2026-01-01T22:20:05Z,SUPPORT,100.0,0.0,"B1 logic. V: 0.930, SOC: 100.0%",0
2026-01-01T22:20:10Z,SUPPORT,100.0,0.0,"B1 logic. V: 0.930, SOC: 100.0%",0
2026-01-01T22:20:15Z,SUPPORT,100.0,0.0,"B1 logic. V: 0.930, SOC: 100.0%",0
2026-01-01T22:20:20Z,SUPPORT,100.0,0.0,"B1 logic. V: 0.930, SOC: 100.0%",0
2026-01-01T22:20:25Z,SUPPORT,100.0,0.0,"B1 logic. V: 0.930, SOC: 100.0%",0
2026-01-01T22:20:30Z,SUPPORT,100.0,0.0,"B1 logic. V: 0.930, SOC: 100.0%",0
2026-01-01T22:20:35Z,SUPPORT,100.0,0.0,"B1 logic. V: 0.930, SOC: 100.0%",0
2026-01-01T22:20:40Z,SUPPORT,100.0,0.0,"B1 logic. V: 0.930, SOC: 100.0%",0
2026-01-01T22:20:45Z,SUPPORT,100.0,0.0,"B1 logic. V: 0.930, SOC: 100.0%",0
2026-01-01T22:20:50Z,SUPPORT,100.0,0.0,"B1 logic. V: 0.930, SOC: 100.0%",0
2026-01-01T22:20:55Z,SUPPORT,100.0,0.0,"B1 logic. V: 0.930, SOC: 100.0%",0
2026-01-01T22:21:00Z,SUPPORT,100.0,0.0,"B1 logic. V: 0.930, SOC: 100.0%",0
2026-01-01T22:21:05Z,SUPPORT,100.0,0.0,"B1 logic. V: 0.930, SOC: 100.0%",0
2026-01-01T22:21:10Z,SUPPORT,100.0,0.0,"B1 logic. V: 0.930, SOC: 100.0%",0
2026-01-01T22:21:15Z,SUPPORT,100.0,0.0,"B1 logic. V: 0.930, SOC: 100.0%",0
2026-01-01T22:21:20Z,SUPPORT,100.0,0.0,"B1 logic. V: 0.930, SOC: 100.0%",0
2026-01-01T22:21:25Z,SUPPORT,100.0,0.0,"B1 logic. V: 0.930, SOC: 100.0%",0
2026-01-01T22:21:30Z,SUPPORT,100.0,0.0,"B1 logic. V: 0.930, SOC: 100.0%",0
2026-01-01T22:21:35Z,SUPPORT,100.0,0.0,"B1 logic. V: 0.930, SOC: 100.0%",0
2026-01-01T22:21:40Z,SUPPORT,100.0,0.0,"B1 logic. V: 0.930, SOC: 100.0%",0
2026-01-01T22:21:45Z,SUPPORT,100.0,0.0,"B1 logic. V: 0.930, SOC: 100.0%",0
2026-01-01T22:21:50Z,SUPPORT,100.0,0.0,"B1 logic. V: 0.930, SOC: 100.0%",0
2026-01-01T22:21:55Z,SUPPORT,100.0,0.0,"B1 logic. V: 0.930, SOC: 100.0%",0
2026-01-01T22:22:00Z,SUPPORT,100.0,0.0,"B1 logic. V: 0.930, SOC: 100.0%",0
2026-01-01T22:22:05Z,SUPPORT,100.0,0.0,"B1 logic. V: 0.930, SOC: 100.0%",0
2026-01-01T22:22:10Z,SUPPORT,100.0,0.0,"B1 logic. V: 0.930, SOC: 100.0%",0
2026-01-01T22:22:15Z,SUPPORT,100.0,0.0,"B1 logic. V: 0.930, SOC: 100.0%",0
2026-01-01T22:22:20Z,SUPPORT,100.0,0.0,"B1 logic. V: 0.930, SOC: 100.0%",0
2026-01-01T22:22:25Z,SUPPORT,100.0,0.0,"B1 logic. V: 0.930, SOC: 100.0%",0
2026-01-01T22:22:30Z,SUPPORT,100.0,0.0,"B1 logic. V: 0.930, SOC: 100.0%",0
2026-01-01T22:22:35Z,SUPPORT,100.0,0.0,"B1 logic. V: 0.930, SOC: 100.0%",0
2026-01-01T22:22:40Z,SUPPORT,100.0,0.0,"B1 logic. V: 0.930, SOC: 100.0%",0
2026-01-01T22:22:45Z,SUPPORT,100.0,0.0,"B1 logic. V: 0.930, SOC: 100.0%",0
2026-01-01T22:22:50Z,SUPPORT,100.0,0.0,"B1 logic. V: 0.930, SOC: 100.0%",0
2026-01-01T22:22:55Z,SUPPORT,100.0,0.0,"B1 logic. V: 0.930, SOC: 100.0%",0
2026-01-01T22:23:00Z,SUPPORT,100.0,0.0,"B1 logic. V: 0.930, SOC: 100.0%",0
2026-01-01T22:23:05Z,SUPPORT,100.0,0.0,"B1 logic. V: 0.931, SOC: 100.0%",0
2026-01-01T22:23:10Z,SUPPORT,100.0,0.0,"B1 logic. V: 0.931, SOC: 100.0%",0
2026-01-01T22:23:15Z,SUPPORT,100.0,0.0,"B1 logic. V: 0.931, SOC: 100.0%",0
2026-01-01T22:23:20Z,SUPPORT,100.0,0.0,"B1 logic. V: 0.931, SOC: 100.0%",0
2026-01-01T22:23:25Z,SUPPORT,100.0,0.0,"B1 logic. V: 0.931, SOC: 100.0%",0
2026-01-01T22:23:30Z,SUPPORT,100.0,0.0,"B1 logic. V: 0.931, SOC: 100.0%",0
2026-01-01T22:23:35Z,SUPPORT,100.0,0.0,"B1 logic. V: 0.931, SOC: 100.0%",0
2026-01-01T22:23:40Z,SUPPORT,100.0,0.0,"B1 logic. V: 0.931, SOC: 100.0%",0
2026-01-01T22:23:45Z,SUPPORT,100.0,0.0,"B1 logic. V: 0.931, SOC: 100.0%",0
2026-01-01T22:23:50Z,SUPPORT,100.0,0.0,"B1 logic. V: 0.931, SOC: 100.0%",0
2026-01-01T22:23:55Z,SUPPORT,100.0,0.0,"B1 logic. V: 0.931, SOC: 100.0%",0
2026-01-01T22:24:00Z,SUPPORT,100.0,0.0,"B1 logic. V: 0.931, SOC: 100.0%",0
2026-01-01T22:24:05Z,SUPPORT,100.0,0.0,"B1 logic. V: 0.931, SOC: 100.0%",0
2026-01-01T22:24:10Z,SUPPORT,100.0,0.0,"B1 logic. V: 0.931, SOC: 100.0%",0
2026-01-01T22:24:15Z,SUPPORT,100.0,0.0,"B1 logic. V: 0.931, SOC: 100.0%",0
2026-01-01T22:24:20Z,SUPPORT,100.0,0.0,"B1 logic. V: 0.931, SOC: 100.0%",0
2026-01-01T22:24:25Z,SUPPORT,100.0,0.0,"B1 logic. V: 0.931, SOC: 100.0%",0
2026-01-01T22:24:30Z,SUPPORT,100.0,0.0,"B1 logic. V: 0.931, SOC: 100.0%",0
2026-01-01T22:24:35Z,SUPPORT,100.0,0.0,"B1 logic. V: 0.931, SOC: 100.0%",0
2026-01-01T22:24:40Z,SUPPORT,100.0,0.0,"B1 logic. V: 0.931, SOC: 100.0%",0
2026-01-01T22:24:45Z,SUPPORT,100.0,0.0,"B1 logic. V: 0.931, SOC: 100.0%",0
2026-01-01T22:24:50Z,SUPPORT,100.0,0.0,"B1 logic. V: 0.931, SOC: 100.0%",0
2026-01-01T22:24:55Z,SUPPORT,100.0,0.0,"B1 logic. V: 0.931, SOC: 100.0%",0
2026-01-01T22:25:00Z,SUPPORT,100.0,0.0,"B1 logic. V: 0.931, SOC: 100.0%",0
2026-01-01T22:25:05Z,SUPPORT,100.0,0.0,"B1 logic. V: 0.931, SOC: 100.0%",0
2026-01-01T22:25:10Z,SUPPORT,100.0,0.0,"B1 logic. V: 0.931, SOC: 100.0%",0
2026-01-01T22:25:15Z,SUPPORT,100.0,0.0,"B1 logic. V: 0.931, SOC: 100.0%",0
2026-01-01T22:25:20Z,SUPPORT,100.0,0.0,"B1 logic. V: 0.931, SOC: 100.0%",0
2026-01-01T22:25:25Z,SUPPORT,100.0,0.0,"B1 logic. V: 0.931, SOC: 100.0%",0
2026-01-01T22:25:30Z,SUPPORT,100.0,0.0,"B1 logic. V: 0.931, SOC: 100.0%",0
2026-01-01T22:25:35Z,SUPPORT,100.0,0.0,"B1 logic. V: 0.931, SOC: 100.0%",0
2026-01-01T22:25:40Z,SUPPORT,100.0,0.0,"B1 logic. V: 0.931, SOC: 100.0%",0
2026-01-01T22:25:45Z,SUPPORT,100.0,0.0,"B1 logic. V: 0.931, SOC: 100.0%",0
2026-01-01T22:25:50Z,SUPPORT,100.0,0.0,"B1 logic. V: 0.931, SOC: 100.0%",0
2026-01-01T22:25:55Z,SUPPORT,100.0,0.0,"B1 logic. V: 0.931, SOC: 100.0%",0
2026-01-01T22:26:00Z,SUPPORT,100.0,0.0,"B1 logic. V: 0.931, SOC: 100.0%",0
2026-01-01T22:26:05Z,SUPPORT,100.0,0.0,"B1 logic. V: 0.932, SOC: 100.0%",0
2026-01-01T22:26:10Z,SUPPORT,100.0,0.0,"B1 logic. V: 0.932, SOC: 100.0%",0
2026-01-01T22:26:15Z,SUPPORT,100.0,0.0,"B1 logic. V: 0.932, SOC: 100.0%",0
2026-01-01T22:26:20Z,SUPPORT,100.0,0.0,"B1 logic. V: 0.932, SOC: 100.0%",0
2026-01-01T22:26:25Z,SUPPORT,100.0,0.0,"B1 logic. V: 0.932, SOC: 100.0%",0
2026-01-01T22:26:30Z,SUPPORT,100.0,0.0,"B1 logic. V: 0.932, SOC: 100.0%",0
2026-01-01T22:26:35Z,SUPPORT,100.0,0.0,"B1 logic. V: 0.932, SOC: 100.0%",0
2026-01-01T22:26:40Z,SUPPORT,100.0,0.0,"B1 logic. V: 0.932, SOC: 100.0%",0
2026-01-01T22:26:45Z,SUPPORT,100.0,0.0,"B1 logic. V: 0.932, SOC: 100.0%",0
2026-01-01T22:26:50Z,SUPPORT,100.0,0.0,"B1 logic. V: 0.932, SOC: 100.0%",0
2026-01-01T22:26:55Z,SUPPORT,100.0,0.0,"B1 logic. V: 0.932, SOC: 100.0%",0
2026-01-01T22:27:00Z,SUPPORT,100.0,0.0,"B1 logic. V: 0.932, SOC: 100.0%",0
2026-01-01T22:27:05Z,SUPPORT,100.0,0.0,"B1 logic. V: 0.932, SOC: 100.0%",0
2026-01-01T22:27:10Z,SUPPORT,100.0,0.0,"B1 logic. V: 0.932, SOC: 100.0%",0
2026-01-01T22:27:15Z,SUPPORT,100.0,0.0,"B1 logic. V: 0.932, SOC: 100.0%",0
2026-01-01T22:27:20Z,SUPPORT,100.0,0.0,"B1 logic. V: 0.932, SOC: 100.0%",0
2026-01-01T22:27:25Z,SUPPORT,100.0,0.0,"B1 logic. V: 0.932, SOC: 100.0%",0
2026-01-01T22:27:30Z,SUPPORT,100.0,0.0,"B1 logic. V: 0.932, SOC: 100.0%",0
2026-01-01T22:27:35Z,SUPPORT,100.0,0.0,"B1 logic. V: 0.932, SOC: 100.0%",0
2026-01-01T22:27:40Z,SUPPORT,100.0,0.0,"B1 logic. V: 0.932, SOC: 100.0%",0
2026-01-01T22:27:45Z,SUPPORT,100.0,0.0,"B1 logic. V: 0.932, SOC: 100.0%",0
2026-01-01T22:27:50Z,SUPPORT,100.0,0.0,"B1 logic. V: 0.932, SOC: 100.0%",0
2026-01-01T22:27:55Z,SUPPORT,100.0,0.0,"B1 logic. V: 0.932, SOC: 100.0%",0
2026-01-01T22:28:00Z,SUPPORT,100.0,0.0,"B1 logic. V: 0.932, SOC: 100.0%",0
2026-01-01T22:28:05Z,SUPPORT,100.0,0.0,"B1 logic. V: 0.932, SOC: 100.0%",0
2026-01-01T22:28:10Z,SUPPORT,100.0,0.0,"B1 logic. V: 0.932, SOC: 100.0%",0
2026-01-01T22:28:15Z,SUPPORT,100.0,0.0,"B1 logic. V: 0.932, SOC: 100.0%",0
2026-01-01T22:28:20Z,SUPPORT,100.0,0.0,"B1 logic. V: 0.932, SOC: 100.0%",0
2026-01-01T22:28:25Z,SUPPORT,100.0,0.0,"B1 logic. V: 0.932, SOC: 100.0%",0
2026-01-01T22:28:30Z,SUPPORT,100.0,0.0,"B1 logic. V: 0.932, SOC: 100.0%",0
2026-01-01T22:28:35Z,SUPPORT,100.0,0.0,"B1 logic. V: 0.932, SOC: 100.0%",0
2026-01-01T22:28:40Z,SUPPORT,100.0,0.0,"B1 logic. V: 0.932, SOC: 100.0%",0
2026-01-01T22:28:45Z,SUPPORT,100.0,0.0,"B1 logic. V: 0.932, SOC: 100.0%",0
2026-01-01T22:28:50Z,SUPPORT,100.0,0.0,"B1 logic. V: 0.932, SOC: 100.0%",0
2026-01-01T22:28:55Z,SUPPORT,100.0,0.0,"B1 logic. V: 0.932, SOC: 100.0%",0
2026-01-01T22:29:00Z,SUPPORT,100.0,0.0,"B1 logic. V: 0.932, SOC: 100.0%",0
2026-01-01T22:29:05Z,SUPPORT,100.0,0.0,"B1 logic. V: 0.933, SOC: 100.0%",0
2026-01-01T22:29:10Z,SUPPORT,100.0,0.0,"B1 logic. V: 0.933, SOC: 100.0%",0
2026-01-01T22:29:15Z,SUPPORT,100.0,0.0,"B1 logic. V: 0.933, SOC: 100.0%",0
2026-01-01T22:29:20Z,SUPPORT,100.0,0.0,"B1 logic. V: 0.933, SOC: 100.0%",0
2026-01-01T22:29:25Z,SUPPORT,100.0,0.0,"B1 logic. V: 0.933, SOC: 100.0%",0
2026-01-01T22:29:30Z,SUPPORT,100.0,0.0,"B1 logic. V: 0.933, SOC: 100.0%",0
2026-01-01T22:29:35Z,SUPPORT,100.0,0.0,"B1 logic. V: 0.933, SOC: 100.0%",0
2026-01-01T22:29:40Z,SUPPORT,100.0,0.0,"B1 logic. V: 0.933, SOC: 100.0%",0
2026-01-01T22:29:45Z,SUPPORT,100.0,0.0,"B1 logic. V: 0.933, SOC: 100.0%",0
2026-01-01T22:29:50Z,SUPPORT,100.0,0.0,"B1 logic. V: 0.933, SOC: 100.0%",0
2026-01-01T22:29:55Z,SUPPORT,100.0,0.0,"B1 logic. V: 0.933, SOC: 100.0%",0
2026-01-01T22:30:00Z,SUPPORT,100.0,0.0,"B1 logic. V: 0.933, SOC: 100.0%",0
2026-01-01T22:30:05Z,SUPPORT,100.0,0.0,"B1 logic. V: 0.933, SOC: 100.0%",0
2026-01-01T22:30:10Z,SUPPORT,100.0,0.0,"B1 logic. V: 0.933, SOC: 100.0%",0
2026-01-01T22:30:15Z,SUPPORT,100.0,0.0,"B1 logic. V: 0.933, SOC: 100.0%",0
2026-01-01T22:30:20Z,SUPPORT,100.0,0.0,"B1 logic. V: 0.933, SOC: 100.0%",0
2026-01-01T22:30:25Z,SUPPORT,100.0,0.0,"B1 logic. V: 0.933, SOC: 100.0%",0
2026-01-01T22:30:30Z,SUPPORT,100.0,0.0,"B1 logic. V: 0.933, SOC: 100.0%",0
2026-01-01T22:30:35Z,SUPPORT,100.0,0.0,"B1 logic. V: 0.933, SOC: 100.0%",0
2026-01-01T22:30:40Z,SUPPORT,100.0,0.0,"B1 logic. V: 0.933, SOC: 100.0%",0
2026-01-01T22:30:45Z,SUPPORT,100.0,0.0,"B1 logic. V: 0.933, SOC: 100.0%",0
2026-01-01T22:30:50Z,SUPPORT,100.0,0.0,"B1 logic. V: 0.933, SOC: 100.0%",0
2026-01-01T22:30:55Z,SUPPORT,100.0,0.0,"B1 logic. V: 0.933, SOC: 100.0%",0
2026-01-01T22:31:00Z,SUPPORT,100.0,0.0,"B1 logic. V: 0.933, SOC: 100.0%",0
2026-01-01T22:31:05Z,SUPPORT,100.0,0.0,"B1 logic. V: 0.933, SOC: 100.0%",0
2026-01-01T22:31:10Z,SUPPORT,100.0,0.0,"B1 logic. V: 0.933, SOC: 100.0%",0
2026-01-01T22:31:15Z,SUPPORT,100.0,0.0,"B1 logic. V: 0.933, SOC: 100.0%",0
2026-01-01T22:31:20Z,SUPPORT,100.0,0.0,"B1 logic. V: 0.933, SOC: 100.0%",0
2026-01-01T22:31:25Z,SUPPORT,100.0,0.0,"B1 logic. V: 0.933, SOC: 100.0%",0
2026-01-01T22:31:30Z,SUPPORT,100.0,0.0,"B1 logic. V: 0.933, SOC: 100.0%",0
2026-01-01T22:31:35Z,SUPPORT,100.0,0.0,"B1 logic. V: 0.933, SOC: 100.0%",0
2026-01-01T22:31:40Z,SUPPORT,100.0,0.0,"B1 logic. V: 0.933, SOC: 100.0%",0
2026-01-01T22:31:45Z,SUPPORT,100.0,0.0,"B1 logic. V: 0.933, SOC: 100.0%",0
2026-01-01T22:31:50Z,SUPPORT,100.0,0.0,"B1 logic. V: 0.933, SOC: 100.0%",0
2026-01-01T22:31:55Z,SUPPORT,100.0,0.0,"B1 logic. V: 0.933, SOC: 100.0%",0
2026-01-01T22:32:00Z,SUPPORT,100.0,0.0,"B1 logic. V: 0.933, SOC: 100.0%",0
2026-01-01T22:32:05Z,SUPPORT,100.0,0.0,"B1 logic. V: 0.934, SOC: 100.0%",0
2026-01-01T22:32:10Z,SUPPORT,100.0,0.0,"B1 logic. V: 0.934, SOC: 100.0%",0
2026-01-01T22:32:15Z,SUPPORT,100.0,0.0,"B1 logic. V: 0.934, SOC: 100.0%",0
2026-01-01T22:32:20Z,SUPPORT,100.0,0.0,"B1 logic. V: 0.934, SOC: 100.0%",0
2026-01-01T22:32:25Z,SUPPORT,100.0,0.0,"B1 logic. V: 0.934, SOC: 100.0%",0
2026-01-01T22:32:30Z,SUPPORT,100.0,0.0,"B1 logic. V: 0.934, SOC: 100.0%",0
2026-01-01T22:32:35Z,SUPPORT,100.0,0.0,"B1 logic. V: 0.934, SOC: 100.0%",0
2026-01-01T22:32:40Z,SUPPORT,100.0,0.0,"B1 logic. V: 0.934, SOC: 100.0%",0
2026-01-01T22:32:45Z,SUPPORT,100.0,0.0,"B1 logic. V: 0.934, SOC: 100.0%",0
2026-01-01T22:32:50Z,SUPPORT,100.0,0.0,"B1 logic. V: 0.934, SOC: 100.0%",0
2026-01-01T22:32:55Z,SUPPORT,100.0,0.0,"B1 logic. V: 0.934, SOC: 100.0%",0
2026-01-01T22:33:00Z,SUPPORT,100.0,0.0,"B1 logic. V: 0.934, SOC: 100.0%",0
2026-01-01T22:33:05Z,SUPPORT,100.0,0.0,"B1 logic. V: 0.934, SOC: 100.0%",0
2026-01-01T22:33:10Z,SUPPORT,100.0,0.0,"B1 logic. V: 0.934, SOC: 100.0%",0
2026-01-01T22:33:15Z,SUPPORT,100.0,0.0,"B1 logic. V: 0.934, SOC: 100.0%",0
2026-01-01T22:33:20Z,SUPPORT,100.0,0.0,"B1 logic. V: 0.934, SOC: 100.0%",0
2026-01-01T22:33:25Z,SUPPORT,100.0,0.0,"B1 logic. V: 0.934, SOC: 100.0%",0
2026-01-01T22:33:30Z,SUPPORT,100.0,0.0,"B1 logic. V: 0.934, SOC: 100.0%",0
2026-01-01T22:33:35Z,SUPPORT,100.0,0.0,"B1 logic. V: 0.934, SOC: 100.0%",0
2026-01-01T22:33:40Z,SUPPORT,100.0,0.0,"B1 logic. V: 0.934, SOC: 100.0%",0
2026-01-01T22:33:45Z,SUPPORT,100.0,0.0,"B1 logic. V: 0.934, SOC: 100.0%",0
2026-01-01T22:33:50Z,SUPPORT,100.0,0.0,"B1 logic. V: 0.934, SOC: 100.0%",0
2026-01-01T22:33:55Z,SUPPORT,100.0,0.0,"B1 logic. V: 0.934, SOC: 100.0%",0
2026-01-01T22:34:00Z,SUPPORT,100.0,0.0,"B1 logic. V: 0.934, SOC: 100.0%",0
2026-01-01T22:34:05Z,SUPPORT,100.0,0.0,"B1 logic. V: 0.934, SOC: 100.0%",0
2026-01-01T22:34:10Z,SUPPORT,100.0,0.0,"B1 logic. V: 0.934, SOC: 100.0%",0
2026-01-01T22:34:15Z,SUPPORT,100.0,0.0,"B1 logic. V: 0.934, SOC: 100.0%",0
2026-01-01T22:34:20Z,SUPPORT,100.0,0.0,"B1 logic. V: 0.934, SOC: 100.0%",0
2026-01-01T22:34:25Z,SUPPORT,100.0,0.0,"B1 logic. V: 0.934, SOC: 100.0%",0
2026-01-01T22:34:30Z,SUPPORT,100.0,0.0,"B1 logic. V: 0.934, SOC: 100.0%",0
2026-01-01T22:34:35Z,SUPPORT,100.0,0.0,"B1 logic. V: 0.934, SOC: 100.0%",0
2026-01-01T22:34:40Z,SUPPORT,100.0,0.0,"B1 logic. V: 0.934, SOC: 100.0%",0
2026-01-01T22:34:45Z,SUPPORT,100.0,0.0,"B1 logic. V: 0.934, SOC: 100.0%",0
2026-01-01T22:34:50Z,SUPPORT,100.0,0.0,"B1 logic. V: 0.934, SOC: 100.0%",0
2026-01-01T22:34:55Z,SUPPORT,100.0,0.0,"B1 logic. V: 0.934, SOC: 100.0%",0
2026-01-01T22:35:00Z,SUPPORT,100.0,0.0,"B1 logic. V: 0.934, SOC: 100.0%",0
2026-01-01T22:35:05Z,SUPPORT,100.0,0.0,"B1 logic. V: 0.935, SOC: 100.0%",0
2026-01-01T22:35:10Z,SUPPORT,100.0,0.0,"B1 logic. V: 0.935, SOC: 100.0%",0
2026-01-01T22:35:15Z,SUPPORT,100.0,0.0,"B1 logic. V: 0.935, SOC: 100.0%",0
2026-01-01T22:35:20Z,SUPPORT,100.0,0.0,"B1 logic. V: 0.935, SOC: 100.0%",0
2026-01-01T22:35:25Z,SUPPORT,100.0,0.0,"B1 logic. V: 0.935, SOC: 100.0%",0
2026-01-01T22:35:30Z,SUPPORT,100.0,0.0,"B1 logic. V: 0.935, SOC: 100.0%",0
2026-01-01T22:35:35Z,SUPPORT,100.0,0.0,"B1 logic. V: 0.935, SOC: 100.0%",0
2026-01-01T22:35:40Z,SUPPORT,100.0,0.0,"B1 logic. V: 0.935, SOC: 100.0%",0
2026-01-01T22:35:45Z,SUPPORT,100.0,0.0,"B1 logic. V: 0.935, SOC: 100.0%",0
2026-01-01T22:35:50Z,SUPPORT,100.0,0.0,"B1 logic. V: 0.935, SOC: 100.0%",0
2026-01-01T22:35:55Z,SUPPORT,100.0,0.0,"B1 logic. V: 0.935, SOC: 100.0%",0
2026-01-01T22:36:00Z,SUPPORT,100.0,0.0,"B1 logic. V: 0.935, SOC: 100.0%",0
2026-01-01T22:36:05Z,SUPPORT,100.0,0.0,"B1 logic. V: 0.935, SOC: 100.0%",0
2026-01-01T22:36:10Z,SUPPORT,100.0,0.0,"B1 logic. V: 0.935, SOC: 100.0%",0
2026-01-01T22:36:15Z,SUPPORT,100.0,0.0,"B1 logic. V: 0.935, SOC: 100.0%",0
2026-01-01T22:36:20Z,SUPPORT,100.0,0.0,"B1 logic. V: 0.935, SOC: 100.0%",0
2026-01-01T22:36:25Z,SUPPORT,100.0,0.0,"B1 logic. V: 0.935, SOC: 100.0%",0
2026-01-01T22:36:30Z,SUPPORT,100.0,0.0,"B1 logic. V: 0.935, SOC: 100.0%",0
2026-01-01T22:36:35Z,SUPPORT,100.0,0.0,"B1 logic. V: 0.935, SOC: 100.0%",0
2026-01-01T22:36:40Z,SUPPORT,100.0,0.0,"B1 logic. V: 0.935, SOC: 100.0%",0
2026-01-01T22:36:45Z,SUPPORT,100.0,0.0,"B1 logic. V: 0.935, SOC: 100.0%",0
2026-01-01T22:36:50Z,SUPPORT,100.0,0.0,"B1 logic. V: 0.935, SOC: 100.0%",0
2026-01-01T22:36:55Z,SUPPORT,100.0,0.0,"B1 logic. V: 0.935, SOC: 100.0%",0
2026-01-01T22:37:00Z,SUPPORT,100.0,0.0,"B1 logic. V: 0.935, SOC: 100.0%",0
2026-01-01T22:37:05Z,SUPPORT,100.0,0.0,"B1 logic. V: 0.935, SOC: 100.0%",0
2026-01-01T22:37:10Z,SUPPORT,100.0,0.0,"B1 logic. V: 0.935, SOC: 100.0%",0
2026-01-01T22:37:15Z,SUPPORT,100.0,0.0,"B1 logic. V: 0.935, SOC: 100.0%",0
2026-01-01T22:37:20Z,SUPPORT,100.0,0.0,"B1 logic. V: 0.935, SOC: 100.0%",0
2026-01-01T22:37:25Z,SUPPORT,100.0,0.0,"B1 logic. V: 0.935, SOC: 100.0%",0
2026-01-01T22:37:30Z,SUPPORT,100.0,0.0,"B1 logic. V: 0.935, SOC: 100.0%",0
2026-01-01T22:37:35Z,SUPPORT,100.0,0.0,"B1 logic. V: 0.935, SOC: 100.0%",0
2026-01-01T22:37:40Z,SUPPORT,100.0,0.0,"B1 logic. V: 0.935, SOC: 100.0%",0
2026-01-01T22:37:45Z,SUPPORT,100.0,0.0,"B1 logic. V: 0.935, SOC: 100.0%",0
2026-01-01T22:37:50Z,SUPPORT,100.0,0.0,"B1 logic. V: 0.935, SOC: 100.0%",0
2026-01-01T22:37:55Z,SUPPORT,100.0,0.0,"B1 logic. V: 0.935, SOC: 100.0%",0
2026-01-01T22:38:00Z,SUPPORT,100.0,0.0,"B1 logic. V: 0.935, SOC: 100.0%",0
2026-01-01T22:38:05Z,SUPPORT,100.0,0.0,"B1 logic. V: 0.936, SOC: 100.0%",0
2026-01-01T22:38:10Z,SUPPORT,100.0,0.0,"B1 logic. V: 0.936, SOC: 100.0%",0
2026-01-01T22:38:15Z,SUPPORT,100.0,0.0,"B1 logic. V: 0.936, SOC: 100.0%",0
2026-01-01T22:38:20Z,SUPPORT,100.0,0.0,"B1 logic. V: 0.936, SOC: 100.0%",0
2026-01-01T22:38:25Z,SUPPORT,100.0,0.0,"B1 logic. V: 0.936, SOC: 100.0%",0
2026-01-01T22:38:30Z,SUPPORT,100.0,0.0,"B1 logic. V: 0.936, SOC: 100.0%",0
2026-01-01T22:38:35Z,SUPPORT,100.0,0.0,"B1 logic. V: 0.936, SOC: 100.0%",0
2026-01-01T22:38:40Z,SUPPORT,100.0,0.0,"B1 logic. V: 0.936, SOC: 100.0%",0
2026-01-01T22:38:45Z,SUPPORT,100.0,0.0,"B1 logic. V: 0.936, SOC: 100.0%",0
2026-01-01T22:38:50Z,SUPPORT,100.0,0.0,"B1 logic. V: 0.936, SOC: 100.0%",0
2026-01-01T22:38:55Z,SUPPORT,100.0,0.0,"B1 logic. V: 0.936, SOC: 100.0%",0
2026-01-01T22:39:00Z,SUPPORT,100.0,0.0,"B1 logic. V: 0.936, SOC: 100.0%",0
2026-01-01T22:39:05Z,SUPPORT,100.0,0.0,"B1 logic. V: 0.936, SOC: 100.0%",0
2026-01-01T22:39:10Z,SUPPORT,100.0,0.0,"B1 logic. V: 0.936, SOC: 100.0%",0
2026-01-01T22:39:15Z,SUPPORT,100.0,0.0,"B1 logic. V: 0.936, SOC: 100.0%",0
2026-01-01T22:39:20Z,SUPPORT,100.0,0.0,"B1 logic. V: 0.936, SOC: 100.0%",0
2026-01-01T22:39:25Z,SUPPORT,100.0,0.0,"B1 logic. V: 0.936, SOC: 100.0%",0
2026-01-01T22:39:30Z,SUPPORT,100.0,0.0,"B1 logic. V: 0.936, SOC: 100.0%",0
2026-01-01T22:39:35Z,SUPPORT,100.0,0.0,"B1 logic. V: 0.936, SOC: 100.0%",0
2026-01-01T22:39:40Z,SUPPORT,100.0,0.0,"B1 logic. V: 0.936, SOC: 100.0%",0
2026-01-01T22:39:45Z,SUPPORT,100.0,0.0,"B1 logic. V: 0.936, SOC: 100.0%",0
2026-01-01T22:39:50Z,SUPPORT,100.0,0.0,"B1 logic. V: 0.936, SOC: 100.0%",0
2026-01-01T22:39:55Z,SUPPORT,100.0,0.0,"B1 logic. V: 0.936, SOC: 100.0%",0
2026-01-01T22:40:00Z,SUPPORT,100.0,0.0,"B1 logic. V: 0.936, SOC: 100.0%",0
2026-01-01T22:40:05Z,SUPPORT,100.0,0.0,"B1 logic. V: 0.936, SOC: 100.0%",0
2026-01-01T22:40:10Z,SUPPORT,100.0,0.0,"B1 logic. V: 0.936, SOC: 100.0%",0
2026-01-01T22:40:15Z,SUPPORT,100.0,0.0,"B1 logic. V: 0.936, SOC: 100.0%",0
2026-01-01T22:40:20Z,SUPPORT,100.0,0.0,"B1 logic. V: 0.936, SOC: 100.0%",0
2026-01-01T22:40:25Z,SUPPORT,100.0,0.0,"B1 logic. V: 0.936, SOC: 100.0%",0
2026-01-01T22:40:30Z,SUPPORT,100.0,0.0,"B1 logic. V: 0.936, SOC: 100.0%",0
2026-01-01T22:40:35Z,SUPPORT,100.0,0.0,"B1 logic. V: 0.936, SOC: 100.0%",0
2026-01-01T22:40:40Z,SUPPORT,100.0,0.0,"B1 logic. V: 0.936, SOC: 100.0%",0
2026-01-01T22:40:45Z,SUPPORT,100.0,0.0,"B1 logic. V: 0.936, SOC: 100.0%",0
2026-01-01T22:40:50Z,SUPPORT,100.0,0.0,"B1 logic. V: 0.936, SOC: 100.0%",0
2026-01-01T22:40:55Z,SUPPORT,100.0,0.0,"B1 logic. V: 0.936, SOC: 100.0%",0
2026-01-01T22:41:00Z,SUPPORT,100.0,0.0,"B1 logic. V: 0.936, SOC: 100.0%",0
2026-01-01T22:41:05Z,SUPPORT,100.0,0.0,"B1 logic. V: 0.936, SOC: 100.0%",0
2026-01-01T22:41:10Z,SUPPORT,100.0,0.0,"B1 logic. V: 0.936, SOC: 100.0%",0
2026-01-01T22:41:15Z,SUPPORT,100.0,0.0,"B1 logic. V: 0.936, SOC: 100.0%",0
2026-01-01T22:41:20Z,SUPPORT,100.0,0.0,"B1 logic. V: 0.936, SOC: 100.0%",0
2026-01-01T22:41:25Z,SUPPORT,100.0,0.0,"B1 logic. V: 0.936, SOC: 100.0%",0
2026-01-01T22:41:30Z,SUPPORT,100.0,0.0,"B1 logic. V: 0.936, SOC: 100.0%",0
2026-01-01T22:41:35Z,SUPPORT,100.0,0.0,"B1 logic. V: 0.936, SOC: 100.0%",0
2026-01-01T22:41:40Z,SUPPORT,100.0,0.0,"B1 logic. V: 0.936, SOC: 100.0%",0
2026-01-01T22:41:45Z,SUPPORT,100.0,0.0,"B1 logic. V: 0.936, SOC: 100.0%",0
2026-01-01T22:41:50Z,SUPPORT,100.0,0.0,"B1 logic. V: 0.936, SOC: 100.0%",0
2026-01-01T22:41:55Z,SUPPORT,100.0,0.0,"B1 logic. V: 0.936, SOC: 100.0%",0
2026-01-01T22:42:00Z,SUPPORT,100.0,0.0,"B1 logic. V: 0.936, SOC: 100.0%",0
2026-01-01T22:42:05Z,SUPPORT,100.0,0.0,"B1 logic. V: 0.937, SOC: 100.0%",0
2026-01-01T22:42:10Z,SUPPORT,100.0,0.0,"B1 logic. V: 0.937, SOC: 100.0%",0
2026-01-01T22:42:15Z,SUPPORT,100.0,0.0,"B1 logic. V: 0.937, SOC: 100.0%",0
2026-01-01T22:42:20Z,SUPPORT,100.0,0.0,"B1 logic. V: 0.937, SOC: 100.0%",0
2026-01-01T22:42:25Z,SUPPORT,100.0,0.0,"B1 logic. V: 0.937, SOC: 100.0%",0
2026-01-01T22:42:30Z,SUPPORT,100.0,0.0,"B1 logic. V: 0.937, SOC: 100.0%",0
2026-01-01T22:42:35Z,SUPPORT,100.0,0.0,"B1 logic. V: 0.937, SOC: 100.0%",0
2026-01-01T22:42:40Z,SUPPORT,100.0,0.0,"B1 logic. V: 0.937, SOC: 100.0%",0
2026-01-01T22:42:45Z,SUPPORT,100.0,0.0,"B1 logic. V: 0.937, SOC: 100.0%",0
2026-01-01T22:42:50Z,SUPPORT,100.0,0.0,"B1 logic. V: 0.937, SOC: 100.0%",0
2026-01-01T22:42:55Z,SUPPORT,100.0,0.0,"B1 logic. V: 0.937, SOC: 100.0%",0
2026-01-01T22:43:00Z,SUPPORT,100.0,0.0,"B1 logic. V: 0.937, SOC: 100.0%",0
2026-01-01T22:43:05Z,SUPPORT,100.0,0.0,"B1 logic. V: 0.937, SOC: 100.0%",0
2026-01-01T22:43:10Z,SUPPORT,100.0,0.0,"B1 logic. V: 0.937, SOC: 100.0%",0
2026-01-01T22:43:15Z,SUPPORT,100.0,0.0,"B1 logic. V: 0.937, SOC: 100.0%",0
2026-01-01T22:43:20Z,SUPPORT,100.0,0.0,"B1 logic. V: 0.937, SOC: 100.0%",0
2026-01-01T22:43:25Z,SUPPORT,100.0,0.0,"B1 logic. V: 0.937, SOC: 100.0%",0
2026-01-01T22:43:30Z,SUPPORT,100.0,0.0,"B1 logic. V: 0.937, SOC: 100.0%",0
2026-01-01T22:43:35Z,SUPPORT,100.0,0.0,"B1 logic. V: 0.937, SOC: 100.0%",0
2026-01-01T22:43:40Z,SUPPORT,100.0,0.0,"B1 logic. V: 0.937, SOC: 100.0%",0
2026-01-01T22:43:45Z,SUPPORT,100.0,0.0,"B1 logic. V: 0.937, SOC: 100.0%",0
2026-01-01T22:43:50Z,SUPPORT,100.0,0.0,"B1 logic. V: 0.937, SOC: 100.0%",0
2026-01-01T22:43:55Z,SUPPORT,100.0,0.0,"B1 logic. V: 0.937, SOC: 100.0%",0
2026-01-01T22:44:00Z,SUPPORT,100.0,0.0,"B1 logic. V: 0.937, SOC: 100.0%",0
2026-01-01T22:44:05Z,SUPPORT,100.0,0.0,"B1 logic. V: 0.937, SOC: 100.0%",0
2026-01-01T22:44:10Z,SUPPORT,100.0,0.0,"B1 logic. V: 0.937, SOC: 100.0%",0
2026-01-01T22:44:15Z,SUPPORT,100.0,0.0,"B1 logic. V: 0.937, SOC: 100.0%",0
2026-01-01T22:44:20Z,SUPPORT,100.0,0.0,"B1 logic. V: 0.937, SOC: 100.0%",0
2026-01-01T22:44:25Z,SUPPORT,100.0,0.0,"B1 logic. V: 0.937, SOC: 100.0%",0
2026-01-01T22:44:30Z,SUPPORT,100.0,0.0,"B1 logic. V: 0.937, SOC: 100.0%",0
2026-01-01T22:44:35Z,SUPPORT,100.0,0.0,"B1 logic. V: 0.937, SOC: 100.0%",0
2026-01-01T22:44:40Z,SUPPORT,100.0,0.0,"B1 logic. V: 0.937, SOC: 100.0%",0
2026-01-01T22:44:45Z,SUPPORT,100.0,0.0,"B1 logic. V: 0.937, SOC: 100.0%",0
2026-01-01T22:44:50Z,SUPPORT,100.0,0.0,"B1 logic. V: 0.937, SOC: 100.0%",0
2026-01-01T22:44:55Z,SUPPORT,100.0,0.0,"B1 logic. V: 0.937, SOC: 100.0%",0
2026-01-01T22:45:00Z,SUPPORT,100.0,0.0,"B1 logic. V: 0.937, SOC: 100.0%",0
2026-01-01T22:45:05Z,SUPPORT,100.0,0.0,"B1 logic. V: 0.938, SOC: 100.0%",0
2026-01-01T22:45:10Z,SUPPORT,100.0,0.0,"B1 logic. V: 0.938, SOC: 100.0%",0
2026-01-01T22:45:15Z,SUPPORT,100.0,0.0,"B1 logic. V: 0.938, SOC: 100.0%",0
2026-01-01T22:45:20Z,SUPPORT,100.0,0.0,"B1 logic. V: 0.938, SOC: 100.0%",0
2026-01-01T22:45:25Z,SUPPORT,100.0,0.0,"B1 logic. V: 0.938, SOC: 100.0%",0
2026-01-01T22:45:30Z,SUPPORT,100.0,0.0,"B1 logic. V: 0.938, SOC: 100.0%",0
2026-01-01T22:45:35Z,SUPPORT,100.0,0.0,"B1 logic. V: 0.938, SOC: 100.0%",0
2026-01-01T22:45:40Z,SUPPORT,100.0,0.0,"B1 logic. V: 0.938, SOC: 100.0%",0
2026-01-01T22:45:45Z,SUPPORT,100.0,0.0,"B1 logic. V: 0.938, SOC: 100.0%",0
2026-01-01T22:45:50Z,SUPPORT,100.0,0.0,"B1 logic. V: 0.938, SOC: 100.0%",0
2026-01-01T22:45:55Z,SUPPORT,100.0,0.0,"B1 logic. V: 0.938, SOC: 100.0%",0
2026-01-01T22:46:00Z,SUPPORT,100.0,0.0,"B1 logic. V: 0.938, SOC: 100.0%",0
2026-01-01T22:46:05Z,SUPPORT,100.0,0.0,"B1 logic. V: 0.938, SOC: 100.0%",0
2026-01-01T22:46:10Z,SUPPORT,100.0,0.0,"B1 logic. V: 0.938, SOC: 100.0%",0
2026-01-01T22:46:15Z,SUPPORT,100.0,0.0,"B1 logic. V: 0.938, SOC: 100.0%",0
2026-01-01T22:46:20Z,SUPPORT,100.0,0.0,"B1 logic. V: 0.938, SOC: 100.0%",0
2026-01-01T22:46:25Z,SUPPORT,100.0,0.0,"B1 logic. V: 0.938, SOC: 100.0%",0
2026-01-01T22:46:30Z,SUPPORT,100.0,0.0,"B1 logic. V: 0.938, SOC: 100.0%",0
2026-01-01T22:46:35Z,SUPPORT,100.0,0.0,"B1 logic. V: 0.938, SOC: 100.0%",0
2026-01-01T22:46:40Z,SUPPORT,100.0,0.0,"B1 logic. V: 0.938, SOC: 100.0%",0
2026-01-01T22:46:45Z,SUPPORT,100.0,0.0,"B1 logic. V: 0.938, SOC: 100.0%",0
2026-01-01T22:46:50Z,SUPPORT,100.0,0.0,"B1 logic. V: 0.938, SOC: 100.0%",0
2026-01-01T22:46:55Z,SUPPORT,100.0,0.0,"B1 logic. V: 0.938, SOC: 100.0%",0
2026-01-01T22:47:00Z,SUPPORT,100.0,0.0,"B1 logic. V: 0.938, SOC: 100.0%",0
2026-01-01T22:47:05Z,SUPPORT,100.0,0.0,"B1 logic. V: 0.938, SOC: 100.0%",0
2026-01-01T22:47:10Z,SUPPORT,100.0,0.0,"B1 logic. V: 0.938, SOC: 100.0%",0
2026-01-01T22:47:15Z,SUPPORT,100.0,0.0,"B1 logic. V: 0.938, SOC: 100.0%",0
2026-01-01T22:47:20Z,SUPPORT,100.0,0.0,"B1 logic. V: 0.938, SOC: 100.0%",0
2026-01-01T22:47:25Z,SUPPORT,100.0,0.0,"B1 logic. V: 0.938, SOC: 100.0%",0
2026-01-01T22:47:30Z,SUPPORT,100.0,0.0,"B1 logic. V: 0.938, SOC: 100.0%",0
2026-01-01T22:47:35Z,SUPPORT,100.0,0.0,"B1 logic. V: 0.938, SOC: 100.0%",0
2026-01-01T22:47:40Z,SUPPORT,100.0,0.0,"B1 logic. V: 0.938, SOC: 100.0%",0
2026-01-01T22:47:45Z,SUPPORT,100.0,0.0,"B1 logic. V: 0.938, SOC: 100.0%",0
2026-01-01T22:47:50Z,SUPPORT,100.0,0.0,"B1 logic. V: 0.938, SOC: 100.0%",0
2026-01-01T22:47:55Z,SUPPORT,100.0,0.0,"B1 logic. V: 0.938, SOC: 100.0%",0
2026-01-01T22:48:00Z,SUPPORT,100.0,0.0,"B1 logic. V: 0.938, SOC: 100.0%",0
2026-01-01T22:48:05Z,SUPPORT,100.0,0.0,"B1 logic. V: 0.939, SOC: 100.0%",0
2026-01-01T22:48:10Z,SUPPORT,100.0,0.0,"B1 logic. V: 0.939, SOC: 100.0%",0
2026-01-01T22:48:15Z,SUPPORT,100.0,0.0,"B1 logic. V: 0.939, SOC: 100.0%",0
2026-01-01T22:48:20Z,SUPPORT,100.0,0.0,"B1 logic. V: 0.939, SOC: 100.0%",0
2026-01-01T22:48:25Z,SUPPORT,100.0,0.0,"B1 logic. V: 0.939, SOC: 100.0%",0
2026-01-01T22:48:30Z,SUPPORT,100.0,0.0,"B1 logic. V: 0.939, SOC: 100.0%",0
2026-01-01T22:48:35Z,SUPPORT,100.0,0.0,"B1 logic. V: 0.939, SOC: 100.0%",0
2026-01-01T22:48:40Z,SUPPORT,100.0,0.0,"B1 logic. V: 0.939, SOC: 100.0%",0
2026-01-01T22:48:45Z,SUPPORT,100.0,0.0,"B1 logic. V: 0.939, SOC: 100.0%",0
2026-01-01T22:48:50Z,SUPPORT,100.0,0.0,"B1 logic. V: 0.939, SOC: 100.0%",0
2026-01-01T22:48:55Z,SUPPORT,100.0,0.0,"B1 logic. V: 0.939, SOC: 100.0%",0
2026-01-01T22:49:00Z,SUPPORT,100.0,0.0,"B1 logic. V: 0.939, SOC: 100.0%",0
2026-01-01T22:49:05Z,SUPPORT,100.0,0.0,"B1 logic. V: 0.939, SOC: 100.0%",0
2026-01-01T22:49:10Z,SUPPORT,100.0,0.0,"B1 logic. V: 0.939, SOC: 100.0%",0
2026-01-01T22:49:15Z,SUPPORT,100.0,0.0,"B1 logic. V: 0.939, SOC: 100.0%",0
2026-01-01T22:49:20Z,SUPPORT,100.0,0.0,"B1 logic. V: 0.939, SOC: 100.0%",0
2026-01-01T22:49:25Z,SUPPORT,100.0,0.0,"B1 logic. V: 0.939, SOC: 100.0%",0
2026-01-01T22:49:30Z,SUPPORT,100.0,0.0,"B1 logic. V: 0.939, SOC: 100.0%",0
2026-01-01T22:49:35Z,SUPPORT,100.0,0.0,"B1 logic. V: 0.939, SOC: 100.0%",0
2026-01-01T22:49:40Z,SUPPORT,100.0,0.0,"B1 logic. V: 0.939, SOC: 100.0%",0
2026-01-01T22:49:45Z,SUPPORT,100.0,0.0,"B1 logic. V: 0.939, SOC: 100.0%",0
2026-01-01T22:49:50Z,SUPPORT,100.0,0.0,"B1 logic. V: 0.939, SOC: 100.0%",0
2026-01-01T22:49:55Z,SUPPORT,100.0,0.0,"B1 logic. V: 0.939, SOC: 100.0%",0
2026-01-01T22:50:00Z,SUPPORT,100.0,0.0,"B1 logic. V: 0.939, SOC: 100.0%",0
2026-01-01T22:50:05Z,SUPPORT,100.0,0.0,"B1 logic. V: 0.939, SOC: 100.0%",0
2026-01-01T22:50:10Z,SUPPORT,100.0,0.0,"B1 logic. V: 0.939, SOC: 100.0%",0
2026-01-01T22:50:15Z,SUPPORT,100.0,0.0,"B1 logic. V: 0.939, SOC: 100.0%",0
2026-01-01T22:50:20Z,SUPPORT,100.0,0.0,"B1 logic. V: 0.939, SOC: 100.0%",0
2026-01-01T22:50:25Z,SUPPORT,100.0,0.0,"B1 logic. V: 0.939, SOC: 100.0%",0
2026-01-01T22:50:30Z,SUPPORT,100.0,0.0,"B1 logic. V: 0.939, SOC: 100.0%",0
2026-01-01T22:50:35Z,SUPPORT,100.0,0.0,"B1 logic. V: 0.939, SOC: 100.0%",0
2026-01-01T22:50:40Z,SUPPORT,100.0,0.0,"B1 logic. V: 0.939, SOC: 100.0%",0
2026-01-01T22:50:45Z,SUPPORT,100.0,0.0,"B1 logic. V: 0.939, SOC: 100.0%",0
2026-01-01T22:50:50Z,SUPPORT,100.0,0.0,"B1 logic. V: 0.939, SOC: 100.0%",0
2026-01-01T22:50:55Z,SUPPORT,100.0,0.0,"B1 logic. V: 0.939, SOC: 100.0%",0
2026-01-01T22:51:00Z,SUPPORT,100.0,0.0,"B1 logic. V: 0.939, SOC: 100.0%",0
2026-01-01T22:51:05Z,SUPPORT,100.0,0.0,"B1 logic. V: 0.940, SOC: 100.0%",0
2026-01-01T22:51:10Z,SUPPORT,100.0,0.0,"B1 logic. V: 0.940, SOC: 100.0%",0
2026-01-01T22:51:15Z,SUPPORT,100.0,0.0,"B1 logic. V: 0.940, SOC: 100.0%",0
2026-01-01T22:51:20Z,SUPPORT,100.0,0.0,"B1 logic. V: 0.940, SOC: 100.0%",0
2026-01-01T22:51:25Z,SUPPORT,100.0,0.0,"B1 logic. V: 0.940, SOC: 100.0%",0
2026-01-01T22:51:30Z,SUPPORT,100.0,0.0,"B1 logic. V: 0.940, SOC: 100.0%",0
2026-01-01T22:51:35Z,SUPPORT,100.0,0.0,"B1 logic. V: 0.940, SOC: 100.0%",0
2026-01-01T22:51:40Z,SUPPORT,100.0,0.0,"B1 logic. V: 0.940, SOC: 100.0%",0
2026-01-01T22:51:45Z,SUPPORT,100.0,0.0,"B1 logic. V: 0.940, SOC: 100.0%",0
2026-01-01T22:51:50Z,SUPPORT,100.0,0.0,"B1 logic. V: 0.940, SOC: 100.0%",0
2026-01-01T22:51:55Z,SUPPORT,100.0,0.0,"B1 logic. V: 0.940, SOC: 100.0%",0
2026-01-01T22:52:00Z,SUPPORT,100.0,0.0,"B1 logic. V: 0.940, SOC: 100.0%",0
2026-01-01T22:52:05Z,SUPPORT,100.0,0.0,"B1 logic. V: 0.940, SOC: 100.0%",0
2026-01-01T22:52:10Z,SUPPORT,100.0,0.0,"B1 logic. V: 0.940, SOC: 100.0%",0
2026-01-01T22:52:15Z,SUPPORT,100.0,0.0,"B1 logic. V: 0.940, SOC: 100.0%",0
2026-01-01T22:52:20Z,SUPPORT,100.0,0.0,"B1 logic. V: 0.940, SOC: 100.0%",0
2026-01-01T22:52:25Z,SUPPORT,100.0,0.0,"B1 logic. V: 0.940, SOC: 100.0%",0
2026-01-01T22:52:30Z,SUPPORT,100.0,0.0,"B1 logic. V: 0.940, SOC: 100.0%",0
2026-01-01T22:52:35Z,SUPPORT,100.0,0.0,"B1 logic. V: 0.940, SOC: 100.0%",0
2026-01-01T22:52:40Z,SUPPORT,100.0,0.0,"B1 logic. V: 0.940, SOC: 100.0%",0
2026-01-01T22:52:45Z,SUPPORT,100.0,0.0,"B1 logic. V: 0.940, SOC: 100.0%",0
2026-01-01T22:52:50Z,SUPPORT,100.0,0.0,"B1 logic. V: 0.940, SOC: 100.0%",0
2026-01-01T22:52:55Z,SUPPORT,100.0,0.0,"B1 logic. V: 0.940, SOC: 100.0%",0
2026-01-01T22:53:00Z,SUPPORT,100.0,0.0,"B1 logic. V: 0.940, SOC: 100.0%",0
2026-01-01T22:53:05Z,SUPPORT,100.0,0.0,"B1 logic. V: 0.940, SOC: 100.0%",0
2026-01-01T22:53:10Z,SUPPORT,100.0,0.0,"B1 logic. V: 0.940, SOC: 100.0%",0
2026-01-01T22:53:15Z,SUPPORT,100.0,0.0,"B1 logic. V: 0.940, SOC: 100.0%",0
2026-01-01T22:53:20Z,SUPPORT,100.0,0.0,"B1 logic. V: 0.940, SOC: 100.0%",0
2026-01-01T22:53:25Z,SUPPORT,100.0,0.0,"B1 logic. V: 0.940, SOC: 100.0%",0
2026-01-01T22:53:30Z,SUPPORT,100.0,0.0,"B1 logic. V: 0.940, SOC: 100.0%",0
2026-01-01T22:53:35Z,SUPPORT,100.0,0.0,"B1 logic. V: 0.940, SOC: 100.0%",0
2026-01-01T22:53:40Z,SUPPORT,100.0,0.0,"B1 logic. V: 0.940, SOC: 100.0%",0
2026-01-01T22:53:45Z,SUPPORT,100.0,0.0,"B1 logic. V: 0.940, SOC: 100.0%",0
2026-01-01T22:53:50Z,SUPPORT,100.0,0.0,"B1 logic. V: 0.940, SOC: 100.0%",0
2026-01-01T22:53:55Z,SUPPORT,100.0,0.0,"B1 logic. V: 0.940, SOC: 100.0%",0
2026-01-01T22:54:00Z,SUPPORT,100.0,0.0,"B1 logic. V: 0.940, SOC: 100.0%",0
2026-01-01T22:54:05Z,SUPPORT,100.0,0.0,"B1 logic. V: 0.941, SOC: 100.0%",0
2026-01-01T22:54:10Z,SUPPORT,100.0,0.0,"B1 logic. V: 0.941, SOC: 100.0%",0
2026-01-01T22:54:15Z,SUPPORT,100.0,0.0,"B1 logic. V: 0.941, SOC: 100.0%",0
2026-01-01T22:54:20Z,SUPPORT,100.0,0.0,"B1 logic. V: 0.941, SOC: 100.0%",0
2026-01-01T22:54:25Z,SUPPORT,100.0,0.0,"B1 logic. V: 0.941, SOC: 100.0%",0
2026-01-01T22:54:30Z,SUPPORT,100.0,0.0,"B1 logic. V: 0.941, SOC: 100.0%",0
2026-01-01T22:54:35Z,SUPPORT,100.0,0.0,"B1 logic. V: 0.941, SOC: 100.0%",0
2026-01-01T22:54:40Z,SUPPORT,100.0,0.0,"B1 logic. V: 0.941, SOC: 100.0%",0
2026-01-01T22:54:45Z,SUPPORT,100.0,0.0,"B1 logic. V: 0.941, SOC: 100.0%",0
2026-01-01T22:54:50Z,SUPPORT,100.0,0.0,"B1 logic. V: 0.941, SOC: 100.0%",0
2026-01-01T22:54:55Z,SUPPORT,100.0,0.0,"B1 logic. V: 0.941, SOC: 100.0%",0
2026-01-01T22:55:00Z,SUPPORT,100.0,0.0,"B1 logic. V: 0.941, SOC: 100.0%",0
2026-01-01T22:55:05Z,SUPPORT,100.0,0.0,"B1 logic. V: 0.941, SOC: 100.0%",0
2026-01-01T22:55:10Z,SUPPORT,100.0,0.0,"B1 logic. V: 0.941, SOC: 100.0%",0
2026-01-01T22:55:15Z,SUPPORT,100.0,0.0,"B1 logic. V: 0.941, SOC: 100.0%",0
2026-01-01T22:55:20Z,SUPPORT,100.0,0.0,"B1 logic. V: 0.941, SOC: 100.0%",0
2026-01-01T22:55:25Z,SUPPORT,100.0,0.0,"B1 logic. V: 0.941, SOC: 100.0%",0
2026-01-01T22:55:30Z,SUPPORT,100.0,0.0,"B1 logic. V: 0.941, SOC: 100.0%",0
2026-01-01T22:55:35Z,SUPPORT,100.0,0.0,"B1 logic. V: 0.941, SOC: 100.0%",0
2026-01-01T22:55:40Z,SUPPORT,100.0,0.0,"B1 logic. V: 0.941, SOC: 100.0%",0
2026-01-01T22:55:45Z,SUPPORT,100.0,0.0,"B1 logic. V: 0.941, SOC: 100.0%",0
2026-01-01T22:55:50Z,SUPPORT,100.0,0.0,"B1 logic. V: 0.941, SOC: 100.0%",0
2026-01-01T22:55:55Z,SUPPORT,100.0,0.0,"B1 logic. V: 0.941, SOC: 100.0%",0
2026-01-01T22:56:00Z,SUPPORT,100.0,0.0,"B1 logic. V: 0.941, SOC: 100.0%",0
2026-01-01T22:56:05Z,SUPPORT,100.0,0.0,"B1 logic. V: 0.941, SOC: 100.0%",0
2026-01-01T22:56:10Z,SUPPORT,100.0,0.0,"B1 logic. V: 0.941, SOC: 100.0%",0
2026-01-01T22:56:15Z,SUPPORT,100.0,0.0,"B1 logic. V: 0.941, SOC: 100.0%",0
2026-01-01T22:56:20Z,SUPPORT,100.0,0.0,"B1 logic. V: 0.941, SOC: 100.0%",0
2026-01-01T22:56:25Z,SUPPORT,100.0,0.0,"B1 logic. V: 0.941, SOC: 100.0%",0
2026-01-01T22:56:30Z,SUPPORT,100.0,0.0,"B1 logic. V: 0.941, SOC: 100.0%",0
2026-01-01T22:56:35Z,SUPPORT,100.0,0.0,"B1 logic. V: 0.941, SOC: 100.0%",0
2026-01-01T22:56:40Z,SUPPORT,100.0,0.0,"B1 logic. V: 0.941, SOC: 100.0%",0
2026-01-01T22:56:45Z,SUPPORT,100.0,0.0,"B1 logic. V: 0.941, SOC: 100.0%",0
2026-01-01T22:56:50Z,SUPPORT,100.0,0.0,"B1 logic. V: 0.941, SOC: 100.0%",0
2026-01-01T22:56:55Z,SUPPORT,100.0,0.0,"B1 logic. V: 0.941, SOC: 100.0%",0
2026-01-01T22:57:00Z,SUPPORT,100.0,0.0,"B1 logic. V: 0.941, SOC: 100.0%",0
2026-01-01T22:57:05Z,SUPPORT,100.0,0.0,"B1 logic. V: 0.941, SOC: 100.0%",0
2026-01-01T22:57:10Z,SUPPORT,100.0,0.0,"B1 logic. V: 0.941, SOC: 100.0%",0
2026-01-01T22:57:15Z,SUPPORT,100.0,0.0,"B1 logic. V: 0.941, SOC: 100.0%",0
2026-01-01T22:57:20Z,SUPPORT,100.0,0.0,"B1 logic. V: 0.941, SOC: 100.0%",0
2026-01-01T22:57:25Z,SUPPORT,100.0,0.0,"B1 logic. V: 0.941, SOC: 100.0%",0
2026-01-01T22:57:30Z,SUPPORT,100.0,0.0,"B1 logic. V: 0.941, SOC: 100.0%",0
2026-01-01T22:57:35Z,SUPPORT,100.0,0.0,"B1 logic. V: 0.941, SOC: 100.0%",0
2026-01-01T22:57:40Z,SUPPORT,100.0,0.0,"B1 logic. V: 0.941, SOC: 100.0%",0
2026-01-01T22:57:45Z,SUPPORT,100.0,0.0,"B1 logic. V: 0.941, SOC: 100.0%",0
2026-01-01T22:57:50Z,SUPPORT,100.0,0.0,"B1 logic. V: 0.941, SOC: 100.0%",0
2026-01-01T22:57:55Z,SUPPORT,100.0,0.0,"B1 logic. V: 0.941, SOC: 100.0%",0
2026-01-01T22:58:00Z,SUPPORT,100.0,0.0,"B1 logic. V: 0.941, SOC: 100.0%",0
2026-01-01T22:58:05Z,SUPPORT,100.0,0.0,"B1 logic. V: 0.942, SOC: 100.0%",0
2026-01-01T22:58:10Z,SUPPORT,100.0,0.0,"B1 logic. V: 0.942, SOC: 100.0%",0
2026-01-01T22:58:15Z,SUPPORT,100.0,0.0,"B1 logic. V: 0.942, SOC: 100.0%",0
2026-01-01T22:58:20Z,SUPPORT,100.0,0.0,"B1 logic. V: 0.942, SOC: 100.0%",0
2026-01-01T22:58:25Z,SUPPORT,100.0,0.0,"B1 logic. V: 0.942, SOC: 100.0%",0
2026-01-01T22:58:30Z,SUPPORT,100.0,0.0,"B1 logic. V: 0.942, SOC: 100.0%",0
2026-01-01T22:58:35Z,SUPPORT,100.0,0.0,"B1 logic. V: 0.942, SOC: 100.0%",0
2026-01-01T22:58:40Z,SUPPORT,100.0,0.0,"B1 logic. V: 0.942, SOC: 100.0%",0
2026-01-01T22:58:45Z,SUPPORT,100.0,0.0,"B1 logic. V: 0.942, SOC: 100.0%",0
2026-01-01T22:58:50Z,SUPPORT,100.0,0.0,"B1 logic. V: 0.942, SOC: 100.0%",0
2026-01-01T22:58:55Z,SUPPORT,100.0,0.0,"B1 logic. V: 0.942, SOC: 100.0%",0
2026-01-01T22:59:00Z,SUPPORT,100.0,0.0,"B1 logic. V: 0.942, SOC: 100.0%",0
2026-01-01T22:59:05Z,SUPPORT,100.0,0.0,"B1 logic. V: 0.942, SOC: 100.0%",0
2026-01-01T22:59:10Z,SUPPORT,100.0,0.0,"B1 logic. V: 0.942, SOC: 100.0%",0
2026-01-01T22:59:15Z,SUPPORT,100.0,0.0,"B1 logic. V: 0.942, SOC: 100.0%",0
2026-01-01T22:59:20Z,SUPPORT,100.0,0.0,"B1 logic. V: 0.942, SOC: 100.0%",0
2026-01-01T22:59:25Z,SUPPORT,100.0,0.0,"B1 logic. V: 0.942, SOC: 100.0%",0
2026-01-01T22:59:30Z,SUPPORT,100.0,0.0,"B1 logic. V: 0.942, SOC: 100.0%",0
2026-01-01T22:59:35Z,SUPPORT,100.0,0.0,"B1 logic. V: 0.942, SOC: 100.0%",0
2026-01-01T22:59:40Z,SUPPORT,100.0,0.0,"B1 logic. V: 0.942, SOC: 100.0%",0
2026-01-01T22:59:45Z,SUPPORT,100.0,0.0,"B1 logic. V: 0.942, SOC: 100.0%",0
2026-01-01T22:59:50Z,SUPPORT,100.0,0.0,"B1 logic. V: 0.942, SOC: 100.0%",0
2026-01-01T22:59:55Z,SUPPORT,100.0,0.0,"B1 logic. V: 0.942, SOC: 100.0%",0
2026-01-01T23:00:00Z,SUPPORT,100.0,0.0,"B1 logic. V: 0.942, SOC: 100.0%",0
2026-01-01T23:00:05Z,SUPPORT,100.0,0.0,"B1 logic. V: 0.942, SOC: 100.0%",0
2026-01-01T23:00:10Z,SUPPORT,100.0,0.0,"B1 logic. V: 0.942, SOC: 100.0%",0
2026-01-01T23:00:15Z,SUPPORT,100.0,0.0,"B1 logic. V: 0.942, SOC: 100.0%",0
2026-01-01T23:00:20Z,SUPPORT,100.0,0.0,"B1 logic. V: 0.942, SOC: 100.0%",0
2026-01-01T23:00:25Z,SUPPORT,100.0,0.0,"B1 logic. V: 0.942, SOC: 100.0%",0
2026-01-01T23:00:30Z,SUPPORT,100.0,0.0,"B1 logic. V: 0.942, SOC: 100.0%",0
2026-01-01T23:00:35Z,SUPPORT,100.0,0.0,"B1 logic. V: 0.942, SOC: 100.0%",0
2026-01-01T23:00:40Z,SUPPORT,100.0,0.0,"B1 logic. V: 0.942, SOC: 100.0%",0
2026-01-01T23:00:45Z,SUPPORT,100.0,0.0,"B1 logic. V: 0.942, SOC: 100.0%",0
2026-01-01T23:00:50Z,SUPPORT,100.0,0.0,"B1 logic. V: 0.942, SOC: 100.0%",0
2026-01-01T23:00:55Z,SUPPORT,100.0,0.0,"B1 logic. V: 0.942, SOC: 100.0%",0
2026-01-01T23:01:00Z,SUPPORT,100.0,0.0,"B1 logic. V: 0.942, SOC: 100.0%",0
2026-01-01T23:01:05Z,SUPPORT,100.0,0.0,"B1 logic. V: 0.943, SOC: 100.0%",0
2026-01-01T23:01:10Z,SUPPORT,100.0,0.0,"B1 logic. V: 0.943, SOC: 100.0%",0
2026-01-01T23:01:15Z,SUPPORT,100.0,0.0,"B1 logic. V: 0.943, SOC: 100.0%",0
2026-01-01T23:01:20Z,SUPPORT,100.0,0.0,"B1 logic. V: 0.943, SOC: 100.0%",0
2026-01-01T23:01:25Z,SUPPORT,100.0,0.0,"B1 logic. V: 0.943, SOC: 100.0%",0
2026-01-01T23:01:30Z,SUPPORT,100.0,0.0,"B1 logic. V: 0.943, SOC: 100.0%",0
2026-01-01T23:01:35Z,SUPPORT,100.0,0.0,"B1 logic. V: 0.943, SOC: 100.0%",0
2026-01-01T23:01:40Z,SUPPORT,100.0,0.0,"B1 logic. V: 0.943, SOC: 100.0%",0
2026-01-01T23:01:45Z,SUPPORT,100.0,0.0,"B1 logic. V: 0.943, SOC: 100.0%",0
2026-01-01T23:01:50Z,SUPPORT,100.0,0.0,"B1 logic. V: 0.943, SOC: 100.0%",0
2026-01-01T23:01:55Z,SUPPORT,100.0,0.0,"B1 logic. V: 0.943, SOC: 100.0%",0
2026-01-01T23:02:00Z,SUPPORT,100.0,0.0,"B1 logic. V: 0.943, SOC: 100.0%",0
2026-01-01T23:02:05Z,SUPPORT,100.0,0.0,"B1 logic. V: 0.943, SOC: 100.0%",0
2026-01-01T23:02:10Z,SUPPORT,100.0,0.0,"B1 logic. V: 0.943, SOC: 100.0%",0
2026-01-01T23:02:15Z,SUPPORT,100.0,0.0,"B1 logic. V: 0.943, SOC: 100.0%",0
2026-01-01T23:02:20Z,SUPPORT,100.0,0.0,"B1 logic. V: 0.943, SOC: 100.0%",0
2026-01-01T23:02:25Z,SUPPORT,100.0,0.0,"B1 logic. V: 0.943, SOC: 100.0%",0
2026-01-01T23:02:30Z,SUPPORT,100.0,0.0,"B1 logic. V: 0.943, SOC: 100.0%",0
2026-01-01T23:02:35Z,SUPPORT,100.0,0.0,"B1 logic. V: 0.943, SOC: 100.0%",0
2026-01-01T23:02:40Z,SUPPORT,100.0,0.0,"B1 logic. V: 0.943, SOC: 100.0%",0
2026-01-01T23:02:45Z,SUPPORT,100.0,0.0,"B1 logic. V: 0.943, SOC: 100.0%",0
2026-01-01T23:02:50Z,SUPPORT,100.0,0.0,"B1 logic. V: 0.943, SOC: 100.0%",0
2026-01-01T23:02:55Z,SUPPORT,100.0,0.0,"B1 logic. V: 0.943, SOC: 100.0%",0
2026-01-01T23:03:00Z,SUPPORT,100.0,0.0,"B1 logic. V: 0.943, SOC: 100.0%",0
2026-01-01T23:03:05Z,SUPPORT,100.0,0.0,"B1 logic. V: 0.943, SOC: 100.0%",0
2026-01-01T23:03:10Z,SUPPORT,100.0,0.0,"B1 logic. V: 0.943, SOC: 100.0%",0
2026-01-01T23:03:15Z,SUPPORT,100.0,0.0,"B1 logic. V: 0.943, SOC: 100.0%",0
2026-01-01T23:03:20Z,SUPPORT,100.0,0.0,"B1 logic. V: 0.943, SOC: 100.0%",0
2026-01-01T23:03:25Z,SUPPORT,100.0,0.0,"B1 logic. V: 0.943, SOC: 100.0%",0
2026-01-01T23:03:30Z,SUPPORT,100.0,0.0,"B1 logic. V: 0.943, SOC: 100.0%",0
2026-01-01T23:03:35Z,SUPPORT,100.0,0.0,"B1 logic. V: 0.943, SOC: 100.0%",0
2026-01-01T23:03:40Z,SUPPORT,100.0,0.0,"B1 logic. V: 0.943, SOC: 100.0%",0
2026-01-01T23:03:45Z,SUPPORT,100.0,0.0,"B1 logic. V: 0.943, SOC: 100.0%",0
2026-01-01T23:03:50Z,SUPPORT,100.0,0.0,"B1 logic. V: 0.943, SOC: 100.0%",0
2026-01-01T23:03:55Z,SUPPORT,100.0,0.0,"B1 logic. V: 0.943, SOC: 100.0%",0
2026-01-01T23:04:00Z,SUPPORT,100.0,0.0,"B1 logic. V: 0.943, SOC: 100.0%",0
2026-01-01T23:04:05Z,SUPPORT,100.0,0.0,"B1 logic. V: 0.944, SOC: 100.0%",0
2026-01-01T23:04:10Z,SUPPORT,100.0,0.0,"B1 logic. V: 0.944, SOC: 100.0%",0
2026-01-01T23:04:15Z,SUPPORT,100.0,0.0,"B1 logic. V: 0.944, SOC: 100.0%",0
2026-01-01T23:04:20Z,SUPPORT,100.0,0.0,"B1 logic. V: 0.944, SOC: 100.0%",0
2026-01-01T23:04:25Z,SUPPORT,100.0,0.0,"B1 logic. V: 0.944, SOC: 100.0%",0
2026-01-01T23:04:30Z,SUPPORT,100.0,0.0,"B1 logic. V: 0.944, SOC: 100.0%",0
2026-01-01T23:04:35Z,SUPPORT,100.0,0.0,"B1 logic. V: 0.944, SOC: 100.0%",0
2026-01-01T23:04:40Z,SUPPORT,100.0,0.0,"B1 logic. V: 0.944, SOC: 100.0%",0
2026-01-01T23:04:45Z,SUPPORT,100.0,0.0,"B1 logic. V: 0.944, SOC: 100.0%",0
2026-01-01T23:04:50Z,SUPPORT,100.0,0.0,"B1 logic. V: 0.944, SOC: 100.0%",0
2026-01-01T23:04:55Z,SUPPORT,100.0,0.0,"B1 logic. V: 0.944, SOC: 100.0%",0
2026-01-01T23:05:00Z,SUPPORT,100.0,0.0,"B1 logic. V: 0.944, SOC: 100.0%",0
2026-01-01T23:05:05Z,SUPPORT,100.0,0.0,"B1 logic. V: 0.944, SOC: 100.0%",0
2026-01-01T23:05:10Z,SUPPORT,100.0,0.0,"B1 logic. V: 0.944, SOC: 100.0%",0
2026-01-01T23:05:15Z,SUPPORT,100.0,0.0,"B1 logic. V: 0.944, SOC: 100.0%",0
2026-01-01T23:05:20Z,SUPPORT,100.0,0.0,"B1 logic. V: 0.944, SOC: 100.0%",0
2026-01-01T23:05:25Z,SUPPORT,100.0,0.0,"B1 logic. V: 0.944, SOC: 100.0%",0
2026-01-01T23:05:30Z,SUPPORT,100.0,0.0,"B1 logic. V: 0.944, SOC: 100.0%",0
2026-01-01T23:05:35Z,SUPPORT,100.0,0.0,"B1 logic. V: 0.944, SOC: 100.0%",0
2026-01-01T23:05:40Z,SUPPORT,100.0,0.0,"B1 logic. V: 0.944, SOC: 100.0%",0
2026-01-01T23:05:45Z,SUPPORT,100.0,0.0,"B1 logic. V: 0.944, SOC: 100.0%",0
2026-01-01T23:05:50Z,SUPPORT,100.0,0.0,"B1 logic. V: 0.944, SOC: 100.0%",0
2026-01-01T23:05:55Z,SUPPORT,100.0,0.0,"B1 logic. V: 0.944, SOC: 100.0%",0
2026-01-01T23:06:00Z,SUPPORT,100.0,0.0,"B1 logic. V: 0.944, SOC: 100.0%",0
2026-01-01T23:06:05Z,SUPPORT,100.0,0.0,"B1 logic. V: 0.944, SOC: 100.0%",0
2026-01-01T23:06:10Z,SUPPORT,100.0,0.0,"B1 logic. V: 0.944, SOC: 100.0%",0
2026-01-01T23:06:15Z,SUPPORT,100.0,0.0,"B1 logic. V: 0.944, SOC: 100.0%",0
2026-01-01T23:06:20Z,SUPPORT,100.0,0.0,"B1 logic. V: 0.944, SOC: 100.0%",0
2026-01-01T23:06:25Z,SUPPORT,100.0,0.0,"B1 logic. V: 0.944, SOC: 100.0%",0
2026-01-01T23:06:30Z,SUPPORT,100.0,0.0,"B1 logic. V: 0.944, SOC: 100.0%",0
2026-01-01T23:06:35Z,SUPPORT,100.0,0.0,"B1 logic. V: 0.944, SOC: 100.0%",0
2026-01-01T23:06:40Z,SUPPORT,100.0,0.0,"B1 logic. V: 0.944, SOC: 100.0%",0
2026-01-01T23:06:45Z,SUPPORT,100.0,0.0,"B1 logic. V: 0.944, SOC: 100.0%",0
2026-01-01T23:06:50Z,SUPPORT,100.0,0.0,"B1 logic. V: 0.944, SOC: 100.0%",0
2026-01-01T23:06:55Z,SUPPORT,100.0,0.0,"B1 logic. V: 0.944, SOC: 100.0%",0
2026-01-01T23:07:00Z,SUPPORT,100.0,0.0,"B1 logic. V: 0.944, SOC: 100.0%",0
2026-01-01T23:07:05Z,SUPPORT,100.0,0.0,"B1 logic. V: 0.944, SOC: 100.0%",0
2026-01-01T23:07:10Z,SUPPORT,100.0,0.0,"B1 logic. V: 0.944, SOC: 100.0%",0
2026-01-01T23:07:15Z,SUPPORT,100.0,0.0,"B1 logic. V: 0.944, SOC: 100.0%",0
2026-01-01T23:07:20Z,SUPPORT,100.0,0.0,"B1 logic. V: 0.944, SOC: 100.0%",0
2026-01-01T23:07:25Z,SUPPORT,100.0,0.0,"B1 logic. V: 0.944, SOC: 100.0%",0
2026-01-01T23:07:30Z,SUPPORT,100.0,0.0,"B1 logic. V: 0.944, SOC: 100.0%",0
2026-01-01T23:07:35Z,SUPPORT,100.0,0.0,"B1 logic. V: 0.944, SOC: 100.0%",0
2026-01-01T23:07:40Z,SUPPORT,100.0,0.0,"B1 logic. V: 0.944, SOC: 100.0%",0
2026-01-01T23:07:45Z,SUPPORT,100.0,0.0,"B1 logic. V: 0.944, SOC: 100.0%",0
2026-01-01T23:07:50Z,SUPPORT,100.0,0.0,"B1 logic. V: 0.944, SOC: 100.0%",0
2026-01-01T23:07:55Z,SUPPORT,100.0,0.0,"B1 logic. V: 0.944, SOC: 100.0%",0
2026-01-01T23:08:00Z,SUPPORT,100.0,0.0,"B1 logic. V: 0.944, SOC: 100.0%",0
2026-01-01T23:08:05Z,SUPPORT,100.0,0.0,"B1 logic. V: 0.945, SOC: 100.0%",0
2026-01-01T23:08:10Z,SUPPORT,100.0,0.0,"B1 logic. V: 0.945, SOC: 100.0%",0
2026-01-01T23:08:15Z,SUPPORT,100.0,0.0,"B1 logic. V: 0.945, SOC: 100.0%",0
2026-01-01T23:08:20Z,SUPPORT,100.0,0.0,"B1 logic. V: 0.945, SOC: 100.0%",0
2026-01-01T23:08:25Z,SUPPORT,100.0,0.0,"B1 logic. V: 0.945, SOC: 100.0%",0
2026-01-01T23:08:30Z,SUPPORT,100.0,0.0,"B1 logic. V: 0.945, SOC: 100.0%",0
2026-01-01T23:08:35Z,SUPPORT,100.0,0.0,"B1 logic. V: 0.945, SOC: 100.0%",0
2026-01-01T23:08:40Z,SUPPORT,100.0,0.0,"B1 logic. V: 0.945, SOC: 100.0%",0
2026-01-01T23:08:45Z,SUPPORT,100.0,0.0,"B1 logic. V: 0.945, SOC: 100.0%",0
2026-01-01T23:08:50Z,SUPPORT,100.0,0.0,"B1 logic. V: 0.945, SOC: 100.0%",0
2026-01-01T23:08:55Z,SUPPORT,100.0,0.0,"B1 logic. V: 0.945, SOC: 100.0%",0
2026-01-01T23:09:00Z,SUPPORT,100.0,0.0,"B1 logic. V: 0.945, SOC: 100.0%",0
2026-01-01T23:09:05Z,SUPPORT,100.0,0.0,"B1 logic. V: 0.945, SOC: 100.0%",0
2026-01-01T23:09:10Z,SUPPORT,100.0,0.0,"B1 logic. V: 0.945, SOC: 100.0%",0
2026-01-01T23:09:15Z,SUPPORT,100.0,0.0,"B1 logic. V: 0.945, SOC: 100.0%",0
2026-01-01T23:09:20Z,SUPPORT,100.0,0.0,"B1 logic. V: 0.945, SOC: 100.0%",0
2026-01-01T23:09:25Z,SUPPORT,100.0,0.0,"B1 logic. V: 0.945, SOC: 100.0%",0
2026-01-01T23:09:30Z,SUPPORT,100.0,0.0,"B1 logic. V: 0.945, SOC: 100.0%",0
2026-01-01T23:09:35Z,SUPPORT,100.0,0.0,"B1 logic. V: 0.945, SOC: 100.0%",0
2026-01-01T23:09:40Z,SUPPORT,100.0,0.0,"B1 logic. V: 0.945, SOC: 100.0%",0
2026-01-01T23:09:45Z,SUPPORT,100.0,0.0,"B1 logic. V: 0.945, SOC: 100.0%",0
2026-01-01T23:09:50Z,SUPPORT,100.0,0.0,"B1 logic. V: 0.945, SOC: 100.0%",0
2026-01-01T23:09:55Z,SUPPORT,100.0,0.0,"B1 logic. V: 0.945, SOC: 100.0%",0
2026-01-01T23:10:00Z,SUPPORT,100.0,0.0,"B1 logic. V: 0.945, SOC: 100.0%",0
2026-01-01T23:10:05Z,SUPPORT,100.0,0.0,"B1 logic. V: 0.945, SOC: 100.0%",0
2026-01-01T23:10:10Z,SUPPORT,100.0,0.0,"B1 logic. V: 0.945, SOC: 100.0%",0
2026-01-01T23:10:15Z,SUPPORT,100.0,0.0,"B1 logic. V: 0.945, SOC: 100.0%",0
2026-01-01T23:10:20Z,SUPPORT,100.0,0.0,"B1 logic. V: 0.945, SOC: 100.0%",0
2026-01-01T23:10:25Z,SUPPORT,100.0,0.0,"B1 logic. V: 0.945, SOC: 100.0%",0
2026-01-01T23:10:30Z,SUPPORT,100.0,0.0,"B1 logic. V: 0.945, SOC: 100.0%",0
2026-01-01T23:10:35Z,SUPPORT,100.0,0.0,"B1 logic. V: 0.945, SOC: 100.0%",0
2026-01-01T23:10:40Z,SUPPORT,100.0,0.0,"B1 logic. V: 0.945, SOC: 100.0%",0
2026-01-01T23:10:45Z,SUPPORT,100.0,0.0,"B1 logic. V: 0.945, SOC: 100.0%",0
2026-01-01T23:10:50Z,SUPPORT,100.0,0.0,"B1 logic. V: 0.945, SOC: 100.0%",0
2026-01-01T23:10:55Z,SUPPORT,100.0,0.0,"B1 logic. V: 0.945, SOC: 100.0%",0
2026-01-01T23:11:00Z,SUPPORT,100.0,0.0,"B1 logic. V: 0.945, SOC: 100.0%",0
2026-01-01T23:11:05Z,SUPPORT,100.0,0.0,"B1 logic. V: 0.946, SOC: 100.0%",0
2026-01-01T23:11:10Z,SUPPORT,100.0,0.0,"B1 logic. V: 0.946, SOC: 100.0%",0
2026-01-01T23:11:15Z,SUPPORT,100.0,0.0,"B1 logic. V: 0.946, SOC: 100.0%",0
2026-01-01T23:11:20Z,SUPPORT,100.0,0.0,"B1 logic. V: 0.946, SOC: 100.0%",0
2026-01-01T23:11:25Z,SUPPORT,100.0,0.0,"B1 logic. V: 0.946, SOC: 100.0%",0
2026-01-01T23:11:30Z,SUPPORT,100.0,0.0,"B1 logic. V: 0.946, SOC: 100.0%",0
2026-01-01T23:11:35Z,SUPPORT,100.0,0.0,"B1 logic. V: 0.946, SOC: 100.0%",0
2026-01-01T23:11:40Z,SUPPORT,100.0,0.0,"B1 logic. V: 0.946, SOC: 100.0%",0
2026-01-01T23:11:45Z,SUPPORT,100.0,0.0,"B1 logic. V: 0.946, SOC: 100.0%",0
2026-01-01T23:11:50Z,SUPPORT,100.0,0.0,"B1 logic. V: 0.946, SOC: 100.0%",0
2026-01-01T23:11:55Z,SUPPORT,100.0,0.0,"B1 logic. V: 0.946, SOC: 100.0%",0
2026-01-01T23:12:00Z,SUPPORT,100.0,0.0,"B1 logic. V: 0.946, SOC: 100.0%",0
2026-01-01T23:12:05Z,SUPPORT,100.0,0.0,"B1 logic. V: 0.946, SOC: 100.0%",0
2026-01-01T23:12:10Z,SUPPORT,100.0,0.0,"B1 logic. V: 0.946, SOC: 100.0%",0
2026-01-01T23:12:15Z,SUPPORT,100.0,0.0,"B1 logic. V: 0.946, SOC: 100.0%",0
2026-01-01T23:12:20Z,SUPPORT,100.0,0.0,"B1 logic. V: 0.946, SOC: 100.0%",0
2026-01-01T23:12:25Z,SUPPORT,100.0,0.0,"B1 logic. V: 0.946, SOC: 100.0%",0
2026-01-01T23:12:30Z,SUPPORT,100.0,0.0,"B1 logic. V: 0.946, SOC: 100.0%",0
2026-01-01T23:12:35Z,SUPPORT,100.0,0.0,"B1 logic. V: 0.946, SOC: 100.0%",0
2026-01-01T23:12:40Z,SUPPORT,100.0,0.0,"B1 logic. V: 0.946, SOC: 100.0%",0
2026-01-01T23:12:45Z,SUPPORT,100.0,0.0,"B1 logic. V: 0.946, SOC: 100.0%",0
2026-01-01T23:12:50Z,SUPPORT,100.0,0.0,"B1 logic. V: 0.946, SOC: 100.0%",0
2026-01-01T23:12:55Z,SUPPORT,100.0,0.0,"B1 logic. V: 0.946, SOC: 100.0%",0
2026-01-01T23:13:00Z,SUPPORT,100.0,0.0,"B1 logic. V: 0.946, SOC: 100.0%",0
2026-01-01T23:13:05Z,SUPPORT,100.0,0.0,"B1 logic. V: 0.946, SOC: 100.0%",0
2026-01-01T23:13:10Z,SUPPORT,100.0,0.0,"B1 logic. V: 0.946, SOC: 100.0%",0
2026-01-01T23:13:15Z,SUPPORT,100.0,0.0,"B1 logic. V: 0.946, SOC: 100.0%",0
2026-01-01T23:13:20Z,SUPPORT,100.0,0.0,"B1 logic. V: 0.946, SOC: 100.0%",0
2026-01-01T23:13:25Z,SUPPORT,100.0,0.0,"B1 logic. V: 0.946, SOC: 100.0%",0
2026-01-01T23:13:30Z,SUPPORT,100.0,0.0,"B1 logic. V: 0.946, SOC: 100.0%",0
2026-01-01T23:13:35Z,SUPPORT,100.0,0.0,"B1 logic. V: 0.946, SOC: 100.0%",0
2026-01-01T23:13:40Z,SUPPORT,100.0,0.0,"B1 logic. V: 0.946, SOC: 100.0%",0
2026-01-01T23:13:45Z,SUPPORT,100.0,0.0,"B1 logic. V: 0.946, SOC: 100.0%",0
2026-01-01T23:13:50Z,SUPPORT,100.0,0.0,"B1 logic. V: 0.946, SOC: 100.0%",0
2026-01-01T23:13:55Z,SUPPORT,100.0,0.0,"B1 logic. V: 0.946, SOC: 100.0%",0
2026-01-01T23:14:00Z,SUPPORT,100.0,0.0,"B1 logic. V: 0.946, SOC: 100.0%",0
2026-01-01T23:14:05Z,SUPPORT,100.0,0.0,"B1 logic. V: 0.946, SOC: 100.0%",0
2026-01-01T23:14:10Z,SUPPORT,100.0,0.0,"B1 logic. V: 0.946, SOC: 100.0%",0
2026-01-01T23:14:15Z,SUPPORT,100.0,0.0,"B1 logic. V: 0.946, SOC: 100.0%",0
2026-01-01T23:14:20Z,SUPPORT,100.0,0.0,"B1 logic. V: 0.946, SOC: 100.0%",0
2026-01-01T23:14:25Z,SUPPORT,100.0,0.0,"B1 logic. V: 0.946, SOC: 100.0%",0
2026-01-01T23:14:30Z,SUPPORT,100.0,0.0,"B1 logic. V: 0.946, SOC: 100.0%",0
2026-01-01T23:14:35Z,SUPPORT,100.0,0.0,"B1 logic. V: 0.946, SOC: 100.0%",0
2026-01-01T23:14:40Z,SUPPORT,100.0,0.0,"B1 logic. V: 0.946, SOC: 100.0%",0
2026-01-01T23:14:45Z,SUPPORT,100.0,0.0,"B1 logic. V: 0.946, SOC: 100.0%",0
2026-01-01T23:14:50Z,SUPPORT,100.0,0.0,"B1 logic. V: 0.946, SOC: 100.0%",0
2026-01-01T23:14:55Z,SUPPORT,100.0,0.0,"B1 logic. V: 0.946, SOC: 100.0%",0
2026-01-01T23:15:00Z,SUPPORT,100.0,0.0,"B1 logic. V: 0.946, SOC: 100.0%",0
2026-01-01T23:15:05Z,SUPPORT,100.0,0.0,"B1 logic. V: 0.947, SOC: 100.0%",0
2026-01-01T23:15:10Z,SUPPORT,100.0,0.0,"B1 logic. V: 0.947, SOC: 100.0%",0
2026-01-01T23:15:15Z,SUPPORT,100.0,0.0,"B1 logic. V: 0.947, SOC: 100.0%",0
2026-01-01T23:15:20Z,SUPPORT,100.0,0.0,"B1 logic. V: 0.947, SOC: 100.0%",0
2026-01-01T23:15:25Z,SUPPORT,100.0,0.0,"B1 logic. V: 0.947, SOC: 100.0%",0
2026-01-01T23:15:30Z,SUPPORT,100.0,0.0,"B1 logic. V: 0.947, SOC: 100.0%",0
2026-01-01T23:15:35Z,SUPPORT,100.0,0.0,"B1 logic. V: 0.947, SOC: 100.0%",0
2026-01-01T23:15:40Z,SUPPORT,100.0,0.0,"B1 logic. V: 0.947, SOC: 100.0%",0
2026-01-01T23:15:45Z,SUPPORT,100.0,0.0,"B1 logic. V: 0.947, SOC: 100.0%",0
2026-01-01T23:15:50Z,SUPPORT,100.0,0.0,"B1 logic. V: 0.947, SOC: 100.0%",0
2026-01-01T23:15:55Z,SUPPORT,100.0,0.0,"B1 logic. V: 0.947, SOC: 100.0%",0
2026-01-01T23:16:00Z,SUPPORT,100.0,0.0,"B1 logic. V: 0.947, SOC: 100.0%",0
2026-01-01T23:16:05Z,SUPPORT,100.0,0.0,"B1 logic. V: 0.947, SOC: 100.0%",0
2026-01-01T23:16:10Z,SUPPORT,100.0,0.0,"B1 logic. V: 0.947, SOC: 100.0%",0
2026-01-01T23:16:15Z,SUPPORT,100.0,0.0,"B1 logic. V: 0.947, SOC: 100.0%",0
2026-01-01T23:16:20Z,SUPPORT,100.0,0.0,"B1 logic. V: 0.947, SOC: 100.0%",0
2026-01-01T23:16:25Z,SUPPORT,100.0,0.0,"B1 logic. V: 0.947, SOC: 100.0%",0
2026-01-01T23:16:30Z,SUPPORT,100.0,0.0,"B1 logic. V: 0.947, SOC: 100.0%",0
2026-01-01T23:16:35Z,SUPPORT,100.0,0.0,"B1 logic. V: 0.947, SOC: 100.0%",0
2026-01-01T23:16:40Z,SUPPORT,100.0,0.0,"B1 logic. V: 0.947, SOC: 100.0%",0
2026-01-01T23:16:45Z,SUPPORT,100.0,0.0,"B1 logic. V: 0.947, SOC: 100.0%",0
2026-01-01T23:16:50Z,SUPPORT,100.0,0.0,"B1 logic. V: 0.947, SOC: 100.0%",0
2026-01-01T23:16:55Z,SUPPORT,100.0,0.0,"B1 logic. V: 0.947, SOC: 100.0%",0
2026-01-01T23:17:00Z,SUPPORT,100.0,0.0,"B1 logic. V: 0.947, SOC: 100.0%",0
2026-01-01T23:17:05Z,SUPPORT,100.0,0.0,"B1 logic. V: 0.947, SOC: 100.0%",0
2026-01-01T23:17:10Z,SUPPORT,100.0,0.0,"B1 logic. V: 0.947, SOC: 100.0%",0
2026-01-01T23:17:15Z,SUPPORT,100.0,0.0,"B1 logic. V: 0.947, SOC: 100.0%",0
2026-01-01T23:17:20Z,SUPPORT,100.0,0.0,"B1 logic. V: 0.947, SOC: 100.0%",0
2026-01-01T23:17:25Z,SUPPORT,100.0,0.0,"B1 logic. V: 0.947, SOC: 100.0%",0
2026-01-01T23:17:30Z,SUPPORT,100.0,0.0,"B1 logic. V: 0.947, SOC: 100.0%",0
2026-01-01T23:17:35Z,SUPPORT,100.0,0.0,"B1 logic. V: 0.947, SOC: 100.0%",0
2026-01-01T23:17:40Z,SUPPORT,100.0,0.0,"B1 logic. V: 0.947, SOC: 100.0%",0
2026-01-01T23:17:45Z,SUPPORT,100.0,0.0,"B1 logic. V: 0.947, SOC: 100.0%",0
2026-01-01T23:17:50Z,SUPPORT,100.0,0.0,"B1 logic. V: 0.947, SOC: 100.0%",0
2026-01-01T23:17:55Z,SUPPORT,100.0,0.0,"B1 logic. V: 0.947, SOC: 100.0%",0
2026-01-01T23:18:00Z,SUPPORT,100.0,0.0,"B1 logic. V: 0.947, SOC: 100.0%",0
2026-01-01T23:18:05Z,SUPPORT,100.0,0.0,"B1 logic. V: 0.948, SOC: 100.0%",0
2026-01-01T23:18:10Z,SUPPORT,100.0,0.0,"B1 logic. V: 0.948, SOC: 100.0%",0
2026-01-01T23:18:15Z,SUPPORT,100.0,0.0,"B1 logic. V: 0.948, SOC: 100.0%",0
2026-01-01T23:18:20Z,SUPPORT,100.0,0.0,"B1 logic. V: 0.948, SOC: 100.0%",0
2026-01-01T23:18:25Z,SUPPORT,100.0,0.0,"B1 logic. V: 0.948, SOC: 100.0%",0
2026-01-01T23:18:30Z,SUPPORT,100.0,0.0,"B1 logic. V: 0.948, SOC: 100.0%",0
2026-01-01T23:18:35Z,SUPPORT,100.0,0.0,"B1 logic. V: 0.948, SOC: 100.0%",0
2026-01-01T23:18:40Z,SUPPORT,100.0,0.0,"B1 logic. V: 0.948, SOC: 100.0%",0
2026-01-01T23:18:45Z,SUPPORT,100.0,0.0,"B1 logic. V: 0.948, SOC: 100.0%",0
2026-01-01T23:18:50Z,SUPPORT,100.0,0.0,"B1 logic. V: 0.948, SOC: 100.0%",0
2026-01-01T23:18:55Z,SUPPORT,100.0,0.0,"B1 logic. V: 0.948, SOC: 100.0%",0
2026-01-01T23:19:00Z,SUPPORT,100.0,0.0,"B1 logic. V: 0.948, SOC: 100.0%",0
2026-01-01T23:19:05Z,SUPPORT,100.0,0.0,"B1 logic. V: 0.948, SOC: 100.0%",0
2026-01-01T23:19:10Z,SUPPORT,100.0,0.0,"B1 logic. V: 0.948, SOC: 100.0%",0
2026-01-01T23:19:15Z,SUPPORT,100.0,0.0,"B1 logic. V: 0.948, SOC: 100.0%",0
2026-01-01T23:19:20Z,SUPPORT,100.0,0.0,"B1 logic. V: 0.948, SOC: 100.0%",0
2026-01-01T23:19:25Z,SUPPORT,100.0,0.0,"B1 logic. V: 0.948, SOC: 100.0%",0
2026-01-01T23:19:30Z,SUPPORT,100.0,0.0,"B1 logic. V: 0.948, SOC: 100.0%",0
2026-01-01T23:19:35Z,SUPPORT,100.0,0.0,"B1 logic. V: 0.948, SOC: 100.0%",0
2026-01-01T23:19:40Z,SUPPORT,100.0,0.0,"B1 logic. V: 0.948, SOC: 100.0%",0
2026-01-01T23:19:45Z,SUPPORT,100.0,0.0,"B1 logic. V: 0.948, SOC: 100.0%",0
2026-01-01T23:19:50Z,SUPPORT,100.0,0.0,"B1 logic. V: 0.948, SOC: 100.0%",0
2026-01-01T23:19:55Z,SUPPORT,100.0,0.0,"B1 logic. V: 0.948, SOC: 100.0%",0
2026-01-01T23:20:00Z,SUPPORT,100.0,0.0,"B1 logic. V: 0.948, SOC: 100.0%",0
2026-01-01T23:20:05Z,SUPPORT,100.0,0.0,"B1 logic. V: 0.948, SOC: 100.0%",0
2026-01-01T23:20:10Z,SUPPORT,100.0,0.0,"B1 logic. V: 0.948, SOC: 100.0%",0
2026-01-01T23:20:15Z,SUPPORT,100.0,0.0,"B1 logic. V: 0.948, SOC: 100.0%",0
2026-01-01T23:20:20Z,SUPPORT,100.0,0.0,"B1 logic. V: 0.948, SOC: 100.0%",0
2026-01-01T23:20:25Z,SUPPORT,100.0,0.0,"B1 logic. V: 0.948, SOC: 100.0%",0
2026-01-01T23:20:30Z,SUPPORT,100.0,0.0,"B1 logic. V: 0.948, SOC: 100.0%",0
2026-01-01T23:20:35Z,SUPPORT,100.0,0.0,"B1 logic. V: 0.948, SOC: 100.0%",0
2026-01-01T23:20:40Z,SUPPORT,100.0,0.0,"B1 logic. V: 0.948, SOC: 100.0%",0
2026-01-01T23:20:45Z,SUPPORT,100.0,0.0,"B1 logic. V: 0.948, SOC: 100.0%",0
2026-01-01T23:20:50Z,SUPPORT,100.0,0.0,"B1 logic. V: 0.948, SOC: 100.0%",0
2026-01-01T23:20:55Z,SUPPORT,100.0,0.0,"B1 logic. V: 0.948, SOC: 100.0%",0
2026-01-01T23:21:00Z,SUPPORT,100.0,0.0,"B1 logic. V: 0.948, SOC: 100.0%",0
2026-01-01T23:21:05Z,SUPPORT,100.0,0.0,"B1 logic. V: 0.948, SOC: 100.0%",0
2026-01-01T23:21:10Z,SUPPORT,100.0,0.0,"B1 logic. V: 0.948, SOC: 100.0%",0
2026-01-01T23:21:15Z,SUPPORT,100.0,0.0,"B1 logic. V: 0.948, SOC: 100.0%",0
2026-01-01T23:21:20Z,SUPPORT,100.0,0.0,"B1 logic. V: 0.948, SOC: 100.0%",0
2026-01-01T23:21:25Z,SUPPORT,100.0,0.0,"B1 logic. V: 0.948, SOC: 100.0%",0
2026-01-01T23:21:30Z,SUPPORT,100.0,0.0,"B1 logic. V: 0.948, SOC: 100.0%",0
2026-01-01T23:21:35Z,SUPPORT,100.0,0.0,"B1 logic. V: 0.948, SOC: 100.0%",0
2026-01-01T23:21:40Z,SUPPORT,100.0,0.0,"B1 logic. V: 0.948, SOC: 100.0%",0
2026-01-01T23:21:45Z,SUPPORT,100.0,0.0,"B1 logic. V: 0.948, SOC: 100.0%",0
2026-01-01T23:21:50Z,SUPPORT,100.0,0.0,"B1 logic. V: 0.948, SOC: 100.0%",0
2026-01-01T23:21:55Z,SUPPORT,100.0,0.0,"B1 logic. V: 0.948, SOC: 100.0%",0
2026-01-01T23:22:00Z,SUPPORT,100.0,0.0,"B1 logic. V: 0.948, SOC: 100.0%",0
2026-01-01T23:22:05Z,SUPPORT,100.0,0.0,"B1 logic. V: 0.949, SOC: 100.0%",0
2026-01-01T23:22:10Z,SUPPORT,100.0,0.0,"B1 logic. V: 0.949, SOC: 100.0%",0
2026-01-01T23:22:15Z,SUPPORT,100.0,0.0,"B1 logic. V: 0.949, SOC: 100.0%",0
2026-01-01T23:22:20Z,SUPPORT,100.0,0.0,"B1 logic. V: 0.949, SOC: 100.0%",0
2026-01-01T23:22:25Z,SUPPORT,100.0,0.0,"B1 logic. V: 0.949, SOC: 100.0%",0
2026-01-01T23:22:30Z,SUPPORT,100.0,0.0,"B1 logic. V: 0.949, SOC: 100.0%",0
2026-01-01T23:22:35Z,SUPPORT,100.0,0.0,"B1 logic. V: 0.949, SOC: 100.0%",0
2026-01-01T23:22:40Z,SUPPORT,100.0,0.0,"B1 logic. V: 0.949, SOC: 100.0%",0
2026-01-01T23:22:45Z,SUPPORT,100.0,0.0,"B1 logic. V: 0.949, SOC: 100.0%",0
2026-01-01T23:22:50Z,SUPPORT,100.0,0.0,"B1 logic. V: 0.949, SOC: 100.0%",0
2026-01-01T23:22:55Z,SUPPORT,100.0,0.0,"B1 logic. V: 0.949, SOC: 100.0%",0
2026-01-01T23:23:00Z,SUPPORT,100.0,0.0,"B1 logic. V: 0.949, SOC: 100.0%",0
2026-01-01T23:23:05Z,SUPPORT,100.0,0.0,"B1 logic. V: 0.949, SOC: 100.0%",0
2026-01-01T23:23:10Z,SUPPORT,100.0,0.0,"B1 logic. V: 0.949, SOC: 100.0%",0
2026-01-01T23:23:15Z,SUPPORT,100.0,0.0,"B1 logic. V: 0.949, SOC: 100.0%",0
2026-01-01T23:23:20Z,SUPPORT,100.0,0.0,"B1 logic. V: 0.949, SOC: 100.0%",0
2026-01-01T23:23:25Z,SUPPORT,100.0,0.0,"B1 logic. V: 0.949, SOC: 100.0%",0
2026-01-01T23:23:30Z,SUPPORT,100.0,0.0,"B1 logic. V: 0.949, SOC: 100.0%",0
2026-01-01T23:23:35Z,SUPPORT,100.0,0.0,"B1 logic. V: 0.949, SOC: 100.0%",0
2026-01-01T23:23:40Z,SUPPORT,100.0,0.0,"B1 logic. V: 0.949, SOC: 100.0%",0
2026-01-01T23:23:45Z,SUPPORT,100.0,0.0,"B1 logic. V: 0.949, SOC: 100.0%",0
2026-01-01T23:23:50Z,SUPPORT,100.0,0.0,"B1 logic. V: 0.949, SOC: 100.0%",0
2026-01-01T23:23:55Z,SUPPORT,100.0,0.0,"B1 logic. V: 0.949, SOC: 100.0%",0
2026-01-01T23:24:00Z,SUPPORT,100.0,0.0,"B1 logic. V: 0.949, SOC: 100.0%",0
2026-01-01T23:24:05Z,SUPPORT,100.0,0.0,"B1 logic. V: 0.949, SOC: 100.0%",0
2026-01-01T23:24:10Z,SUPPORT,100.0,0.0,"B1 logic. V: 0.949, SOC: 100.0%",0
2026-01-01T23:24:15Z,SUPPORT,100.0,0.0,"B1 logic. V: 0.949, SOC: 100.0%",0
2026-01-01T23:24:20Z,SUPPORT,100.0,0.0,"B1 logic. V: 0.949, SOC: 100.0%",0
2026-01-01T23:24:25Z,SUPPORT,100.0,0.0,"B1 logic. V: 0.949, SOC: 100.0%",0
2026-01-01T23:24:30Z,SUPPORT,100.0,0.0,"B1 logic. V: 0.949, SOC: 100.0%",0
2026-01-01T23:24:35Z,SUPPORT,100.0,0.0,"B1 logic. V: 0.949, SOC: 100.0%",0
2026-01-01T23:24:40Z,SUPPORT,100.0,0.0,"B1 logic. V: 0.949, SOC: 100.0%",0
2026-01-01T23:24:45Z,SUPPORT,100.0,0.0,"B1 logic. V: 0.949, SOC: 100.0%",0
2026-01-01T23:24:50Z,SUPPORT,100.0,0.0,"B1 logic. V: 0.949, SOC: 100.0%",0
2026-01-01T23:24:55Z,SUPPORT,100.0,0.0,"B1 logic. V: 0.949, SOC: 100.0%",0
2026-01-01T23:25:00Z,SUPPORT,100.0,0.0,"B1 logic. V: 0.949, SOC: 100.0%",0
2026-01-01T23:25:05Z,SUPPORT,100.0,0.0,"B1 logic. V: 0.949, SOC: 100.0%",0
2026-01-01T23:25:10Z,SUPPORT,100.0,0.0,"B1 logic. V: 0.949, SOC: 100.0%",0
2026-01-01T23:25:15Z,SUPPORT,100.0,0.0,"B1 logic. V: 0.949, SOC: 100.0%",0
2026-01-01T23:25:20Z,SUPPORT,100.0,0.0,"B1 logic. V: 0.949, SOC: 100.0%",0
2026-01-01T23:25:25Z,SUPPORT,100.0,0.0,"B1 logic. V: 0.949, SOC: 100.0%",0
2026-01-01T23:25:30Z,SUPPORT,100.0,0.0,"B1 logic. V: 0.949, SOC: 100.0%",0
2026-01-01T23:25:35Z,SUPPORT,100.0,0.0,"B1 logic. V: 0.949, SOC: 100.0%",0
2026-01-01T23:25:40Z,SUPPORT,100.0,0.0,"B1 logic. V: 0.949, SOC: 100.0%",0
2026-01-01T23:25:45Z,SUPPORT,100.0,0.0,"B1 logic. V: 0.949, SOC: 100.0%",0
2026-01-01T23:25:50Z,SUPPORT,100.0,0.0,"B1 logic. V: 0.949, SOC: 100.0%",0
2026-01-01T23:25:55Z,SUPPORT,100.0,0.0,"B1 logic. V: 0.949, SOC: 100.0%",0
2026-01-01T23:26:00Z,SUPPORT,100.0,0.0,"B1 logic. V: 0.949, SOC: 100.0%",0
2026-01-01T23:26:05Z,SUPPORT,100.0,0.0,"B1 logic. V: 0.950, SOC: 100.0%",0
2026-01-01T23:26:10Z,SUPPORT,100.0,0.0,"B1 logic. V: 0.950, SOC: 100.0%",0
2026-01-01T23:26:15Z,SUPPORT,100.0,0.0,"B1 logic. V: 0.950, SOC: 100.0%",0
2026-01-01T23:26:20Z,SUPPORT,100.0,0.0,"B1 logic. V: 0.950, SOC: 100.0%",0
2026-01-01T23:26:25Z,SUPPORT,100.0,0.0,"B1 logic. V: 0.950, SOC: 100.0%",0
2026-01-01T23:26:30Z,SUPPORT,100.0,0.0,"B1 logic. V: 0.950, SOC: 100.0%",0
2026-01-01T23:26:35Z,SUPPORT,100.0,0.0,"B1 logic. V: 0.950, SOC: 100.0%",0
2026-01-01T23:26:40Z,SUPPORT,100.0,0.0,"B1 logic. V: 0.950, SOC: 100.0%",0
2026-01-01T23:26:45Z,SUPPORT,100.0,0.0,"B1 logic. V: 0.950, SOC: 100.0%",0
2026-01-01T23:26:50Z,SUPPORT,100.0,0.0,"B1 logic. V: 0.950, SOC: 100.0%",0
2026-01-01T23:26:55Z,SUPPORT,100.0,0.0,"B1 logic. V: 0.950, SOC: 100.0%",0
2026-01-01T23:27:00Z,SUPPORT,100.0,0.0,"B1 logic. V: 0.950, SOC: 100.0%",0
2026-01-01T23:27:05Z,SUPPORT,100.0,0.0,"B1 logic. V: 0.950, SOC: 100.0%",0
2026-01-01T23:27:10Z,SUPPORT,100.0,0.0,"B1 logic. V: 0.950, SOC: 100.0%",0
2026-01-01T23:27:15Z,SUPPORT,100.0,0.0,"B1 logic. V: 0.950, SOC: 100.0%",0
2026-01-01T23:27:20Z,SUPPORT,100.0,0.0,"B1 logic. V: 0.950, SOC: 100.0%",0
2026-01-01T23:27:25Z,SUPPORT,100.0,0.0,"B1 logic. V: 0.950, SOC: 100.0%",0
2026-01-01T23:27:30Z,SUPPORT,100.0,0.0,"B1 logic. V: 0.950, SOC: 100.0%",0
2026-01-01T23:27:35Z,SUPPORT,100.0,0.0,"B1 logic. V: 0.950, SOC: 100.0%",0
2026-01-01T23:27:40Z,SUPPORT,100.0,0.0,"B1 logic. V: 0.950, SOC: 100.0%",0
2026-01-01T23:27:45Z,SUPPORT,100.0,0.0,"B1 logic. V: 0.950, SOC: 100.0%",0
2026-01-01T23:27:50Z,SUPPORT,100.0,0.0,"B1 logic. V: 0.950, SOC: 100.0%",0
2026-01-01T23:27:55Z,SUPPORT,100.0,0.0,"B1 logic. V: 0.950, SOC: 100.0%",0
2026-01-01T23:28:00Z,SUPPORT,100.0,0.0,"B1 logic. V: 0.950, SOC: 100.0%",0
2026-01-01T23:28:05Z,SUPPORT,100.0,0.0,"B1 logic. V: 0.950, SOC: 100.0%",0
2026-01-01T23:28:10Z,SUPPORT,100.0,0.0,"B1 logic. V: 0.950, SOC: 100.0%",0
2026-01-01T23:28:15Z,SUPPORT,100.0,0.0,"B1 logic. V: 0.950, SOC: 100.0%",0
2026-01-01T23:28:20Z,SUPPORT,100.0,0.0,"B1 logic. V: 0.950, SOC: 100.0%",0
2026-01-01T23:28:25Z,SUPPORT,100.0,0.0,"B1 logic. V: 0.950, SOC: 100.0%",0
2026-01-01T23:28:30Z,SUPPORT,100.0,0.0,"B1 logic. V: 0.950, SOC: 100.0%",0
2026-01-01T23:28:35Z,SUPPORT,100.0,0.0,"B1 logic. V: 0.950, SOC: 100.0%",0
2026-01-01T23:28:40Z,SUPPORT,100.0,0.0,"B1 logic. V: 0.950, SOC: 100.0%",0
2026-01-01T23:28:45Z,SUPPORT,100.0,0.0,"B1 logic. V: 0.950, SOC: 100.0%",0
2026-01-01T23:28:50Z,SUPPORT,100.0,0.0,"B1 logic. V: 0.950, SOC: 100.0%",0
2026-01-01T23:28:55Z,SUPPORT,100.0,0.0,"B1 logic. V: 0.950, SOC: 100.0%",0
2026-01-01T23:29:00Z,SUPPORT,100.0,0.0,"B1 logic. V: 0.950, SOC: 100.0%",0
2026-01-01T23:29:05Z,SUPPORT,100.0,0.0,"B1 logic. V: 0.950, SOC: 100.0%",0
2026-01-01T23:29:10Z,SUPPORT,100.0,0.0,"B1 logic. V: 0.950, SOC: 100.0%",0
2026-01-01T23:29:15Z,SUPPORT,100.0,0.0,"B1 logic. V: 0.950, SOC: 100.0%",0
2026-01-01T23:29:20Z,SUPPORT,100.0,0.0,"B1 logic. V: 0.950, SOC: 100.0%",0
2026-01-01T23:29:25Z,SUPPORT,100.0,0.0,"B1 logic. V: 0.950, SOC: 100.0%",0
2026-01-01T23:29:30Z,SUPPORT,100.0,0.0,"B1 logic. V: 0.950, SOC: 100.0%",0
2026-01-01T23:29:35Z,SUPPORT,100.0,0.0,"B1 logic. V: 0.950, SOC: 100.0%",0
2026-01-01T23:29:40Z,SUPPORT,100.0,0.0,"B1 logic. V: 0.950, SOC: 100.0%",0
2026-01-01T23:29:45Z,SUPPORT,100.0,0.0,"B1 logic. V: 0.950, SOC: 100.0%",0
2026-01-01T23:29:50Z,SUPPORT,100.0,0.0,"B1 logic. V: 0.950, SOC: 100.0%",0
2026-01-01T23:29:55Z,SUPPORT,100.0,0.0,"B1 logic. V: 0.950, SOC: 100.0%",0
2026-01-01T23:30:00Z,SUPPORT,100.0,0.0,"B1 logic. V: 0.950, SOC: 100.0%",0
2026-01-01T23:30:05Z,SUPPORT,100.0,0.0,"B1 logic. V: 0.951, SOC: 100.0%",0
2026-01-01T23:30:10Z,SUPPORT,100.0,0.0,"B1 logic. V: 0.951, SOC: 100.0%",0
2026-01-01T23:30:15Z,SUPPORT,100.0,0.0,"B1 logic. V: 0.951, SOC: 100.0%",0
2026-01-01T23:30:20Z,SUPPORT,100.0,0.0,"B1 logic. V: 0.951, SOC: 100.0%",0
2026-01-01T23:30:25Z,SUPPORT,100.0,0.0,"B1 logic. V: 0.951, SOC: 100.0%",0
2026-01-01T23:30:30Z,SUPPORT,100.0,0.0,"B1 logic. V: 0.951, SOC: 100.0%",0
2026-01-01T23:30:35Z,SUPPORT,100.0,0.0,"B1 logic. V: 0.951, SOC: 100.0%",0
2026-01-01T23:30:40Z,SUPPORT,100.0,0.0,"B1 logic. V: 0.951, SOC: 100.0%",0
2026-01-01T23:30:45Z,SUPPORT,100.0,0.0,"B1 logic. V: 0.951, SOC: 100.0%",0
2026-01-01T23:30:50Z,SUPPORT,100.0,0.0,"B1 logic. V: 0.951, SOC: 100.0%",0
2026-01-01T23:30:55Z,SUPPORT,100.0,0.0,"B1 logic. V: 0.951, SOC: 100.0%",0
2026-01-01T23:31:00Z,SUPPORT,100.0,0.0,"B1 logic. V: 0.951, SOC: 100.0%",0
2026-01-01T23:31:05Z,SUPPORT,100.0,0.0,"B1 logic. V: 0.951, SOC: 100.0%",0
2026-01-01T23:31:10Z,SUPPORT,100.0,0.0,"B1 logic. V: 0.951, SOC: 100.0%",0
2026-01-01T23:31:15Z,SUPPORT,100.0,0.0,"B1 logic. V: 0.951, SOC: 100.0%",0
2026-01-01T23:31:20Z,SUPPORT,100.0,0.0,"B1 logic. V: 0.951, SOC: 100.0%",0
2026-01-01T23:31:25Z,SUPPORT,100.0,0.0,"B1 logic. V: 0.951, SOC: 100.0%",0
2026-01-01T23:31:30Z,SUPPORT,100.0,0.0,"B1 logic. V: 0.951, SOC: 100.0%",0
2026-01-01T23:31:35Z,SUPPORT,100.0,0.0,"B1 logic. V: 0.951, SOC: 100.0%",0
2026-01-01T23:31:40Z,SUPPORT,100.0,0.0,"B1 logic. V: 0.951, SOC: 100.0%",0
2026-01-01T23:31:45Z,SUPPORT,100.0,0.0,"B1 logic. V: 0.951, SOC: 100.0%",0
2026-01-01T23:31:50Z,SUPPORT,100.0,0.0,"B1 logic. V: 0.951, SOC: 100.0%",0
2026-01-01T23:31:55Z,SUPPORT,100.0,0.0,"B1 logic. V: 0.951, SOC: 100.0%",0
2026-01-01T23:32:00Z,SUPPORT,100.0,0.0,"B1 logic. V: 0.951, SOC: 100.0%",0
2026-01-01T23:32:05Z,SUPPORT,100.0,0.0,"B1 logic. V: 0.951, SOC: 100.0%",0
2026-01-01T23:32:10Z,SUPPORT,100.0,0.0,"B1 logic. V: 0.951, SOC: 100.0%",0
2026-01-01T23:32:15Z,SUPPORT,100.0,0.0,"B1 logic. V: 0.951, SOC: 100.0%",0
2026-01-01T23:32:20Z,SUPPORT,100.0,0.0,"B1 logic. V: 0.951, SOC: 100.0%",0
2026-01-01T23:32:25Z,SUPPORT,100.0,0.0,"B1 logic. V: 0.951, SOC: 100.0%",0
2026-01-01T23:32:30Z,SUPPORT,100.0,0.0,"B1 logic. V: 0.951, SOC: 100.0%",0
2026-01-01T23:32:35Z,SUPPORT,100.0,0.0,"B1 logic. V: 0.951, SOC: 100.0%",0
2026-01-01T23:32:40Z,SUPPORT,100.0,0.0,"B1 logic. V: 0.951, SOC: 100.0%",0
2026-01-01T23:32:45Z,SUPPORT,100.0,0.0,"B1 logic. V: 0.951, SOC: 100.0%",0
2026-01-01T23:32:50Z,SUPPORT,100.0,0.0,"B1 logic. V: 0.951, SOC: 100.0%",0
2026-01-01T23:32:55Z,SUPPORT,100.0,0.0,"B1 logic. V: 0.951, SOC: 100.0%",0
2026-01-01T23:33:00Z,SUPPORT,100.0,0.0,"B1 logic. V: 0.951, SOC: 100.0%",0
2026-01-01T23:33:05Z,SUPPORT,100.0,0.0,"B1 logic. V: 0.952, SOC: 100.0%",0
2026-01-01T23:33:10Z,SUPPORT,100.0,0.0,"B1 logic. V: 0.952, SOC: 100.0%",0
2026-01-01T23:33:15Z,SUPPORT,100.0,0.0,"B1 logic. V: 0.952, SOC: 100.0%",0
2026-01-01T23:33:20Z,SUPPORT,100.0,0.0,"B1 logic. V: 0.952, SOC: 100.0%",0
2026-01-01T23:33:25Z,SUPPORT,100.0,0.0,"B1 logic. V: 0.952, SOC: 100.0%",0
2026-01-01T23:33:30Z,SUPPORT,100.0,0.0,"B1 logic. V: 0.952, SOC: 100.0%",0
2026-01-01T23:33:35Z,SUPPORT,100.0,0.0,"B1 logic. V: 0.952, SOC: 100.0%",0
2026-01-01T23:33:40Z,SUPPORT,100.0,0.0,"B1 logic. V: 0.952, SOC: 100.0%",0
2026-01-01T23:33:45Z,SUPPORT,100.0,0.0,"B1 logic. V: 0.952, SOC: 100.0%",0
2026-01-01T23:33:50Z,SUPPORT,100.0,0.0,"B1 logic. V: 0.952, SOC: 100.0%",0
2026-01-01T23:33:55Z,SUPPORT,100.0,0.0,"B1 logic. V: 0.952, SOC: 100.0%",0
2026-01-01T23:34:00Z,SUPPORT,100.0,0.0,"B1 logic. V: 0.952, SOC: 100.0%",0
2026-01-01T23:34:05Z,SUPPORT,100.0,0.0,"B1 logic. V: 0.952, SOC: 100.0%",0
2026-01-01T23:34:10Z,SUPPORT,100.0,0.0,"B1 logic. V: 0.952, SOC: 100.0%",0
2026-01-01T23:34:15Z,SUPPORT,100.0,0.0,"B1 logic. V: 0.952, SOC: 100.0%",0
2026-01-01T23:34:20Z,SUPPORT,100.0,0.0,"B1 logic. V: 0.952, SOC: 100.0%",0
2026-01-01T23:34:25Z,SUPPORT,100.0,0.0,"B1 logic. V: 0.952, SOC: 100.0%",0
2026-01-01T23:34:30Z,SUPPORT,100.0,0.0,"B1 logic. V: 0.952, SOC: 100.0%",0
2026-01-01T23:34:35Z,SUPPORT,100.0,0.0,"B1 logic. V: 0.952, SOC: 100.0%",0
2026-01-01T23:34:40Z,SUPPORT,100.0,0.0,"B1 logic. V: 0.952, SOC: 100.0%",0
2026-01-01T23:34:45Z,SUPPORT,100.0,0.0,"B1 logic. V: 0.952, SOC: 100.0%",0
2026-01-01T23:34:50Z,SUPPORT,100.0,0.0,"B1 logic. V: 0.952, SOC: 100.0%",0
2026-01-01T23:34:55Z,SUPPORT,100.0,0.0,"B1 logic. V: 0.952, SOC: 100.0%",0
2026-01-01T23:35:00Z,SUPPORT,100.0,0.0,"B1 logic. V: 0.952, SOC: 100.0%",0
2026-01-01T23:35:05Z,SUPPORT,100.0,0.0,"B1 logic. V: 0.952, SOC: 100.0%",0
2026-01-01T23:35:10Z,SUPPORT,100.0,0.0,"B1 logic. V: 0.952, SOC: 100.0%",0
2026-01-01T23:35:15Z,SUPPORT,100.0,0.0,"B1 logic. V: 0.952, SOC: 100.0%",0
2026-01-01T23:35:20Z,SUPPORT,100.0,0.0,"B1 logic. V: 0.952, SOC: 100.0%",0
2026-01-01T23:35:25Z,SUPPORT,100.0,0.0,"B1 logic. V: 0.952, SOC: 100.0%",0
2026-01-01T23:35:30Z,SUPPORT,100.0,0.0,"B1 logic. V: 0.952, SOC: 100.0%",0
2026-01-01T23:35:35Z,SUPPORT,100.0,0.0,"B1 logic. V: 0.952, SOC: 100.0%",0
2026-01-01T23:35:40Z,SUPPORT,100.0,0.0,"B1 logic. V: 0.952, SOC: 100.0%",0
2026-01-01T23:35:45Z,SUPPORT,100.0,0.0,"B1 logic. V: 0.952, SOC: 100.0%",0
2026-01-01T23:35:50Z,SUPPORT,100.0,0.0,"B1 logic. V: 0.952, SOC: 100.0%",0
2026-01-01T23:35:55Z,SUPPORT,100.0,0.0,"B1 logic. V: 0.952, SOC: 100.0%",0
2026-01-01T23:36:00Z,SUPPORT,100.0,0.0,"B1 logic. V: 0.952, SOC: 100.0%",0
2026-01-01T23:36:05Z,SUPPORT,100.0,0.0,"B1 logic. V: 0.952, SOC: 100.0%",0
2026-01-01T23:36:10Z,SUPPORT,100.0,0.0,"B1 logic. V: 0.952, SOC: 100.0%",0
2026-01-01T23:36:15Z,SUPPORT,100.0,0.0,"B1 logic. V: 0.952, SOC: 100.0%",0
2026-01-01T23:36:20Z,SUPPORT,100.0,0.0,"B1 logic. V: 0.952, SOC: 100.0%",0
2026-01-01T23:36:25Z,SUPPORT,100.0,0.0,"B1 logic. V: 0.952, SOC: 100.0%",0
2026-01-01T23:36:30Z,SUPPORT,100.0,0.0,"B1 logic. V: 0.952, SOC: 100.0%",0
2026-01-01T23:36:35Z,SUPPORT,100.0,0.0,"B1 logic. V: 0.952, SOC: 100.0%",0
2026-01-01T23:36:40Z,SUPPORT,100.0,0.0,"B1 logic. V: 0.952, SOC: 100.0%",0
2026-01-01T23:36:45Z,SUPPORT,100.0,0.0,"B1 logic. V: 0.952, SOC: 100.0%",0
2026-01-01T23:36:50Z,SUPPORT,100.0,0.0,"B1 logic. V: 0.952, SOC: 100.0%",0
2026-01-01T23:36:55Z,SUPPORT,100.0,0.0,"B1 logic. V: 0.952, SOC: 100.0%",0
2026-01-01T23:37:00Z,SUPPORT,100.0,0.0,"B1 logic. V: 0.952, SOC: 100.0%",0
2026-01-01T23:37:05Z,SUPPORT,100.0,0.0,"B1 logic. V: 0.952, SOC: 100.0%",0
2026-01-01T23:37:10Z,SUPPORT,100.0,0.0,"B1 logic. V: 0.952, SOC: 100.0%",0
2026-01-01T23:37:15Z,SUPPORT,100.0,0.0,"B1 logic. V: 0.952, SOC: 100.0%",0
2026-01-01T23:37:20Z,SUPPORT,100.0,0.0,"B1 logic. V: 0.952, SOC: 100.0%",0
2026-01-01T23:37:25Z,SUPPORT,100.0,0.0,"B1 logic. V: 0.952, SOC: 100.0%",0
2026-01-01T23:37:30Z,SUPPORT,100.0,0.0,"B1 logic. V: 0.952, SOC: 100.0%",0
2026-01-01T23:37:35Z,SUPPORT,100.0,0.0,"B1 logic. V: 0.952, SOC: 100.0%",0
2026-01-01T23:37:40Z,SUPPORT,100.0,0.0,"B1 logic. V: 0.952, SOC: 100.0%",0
2026-01-01T23:37:45Z,SUPPORT,100.0,0.0,"B1 logic. V: 0.952, SOC: 100.0%",0
2026-01-01T23:37:50Z,SUPPORT,100.0,0.0,"B1 logic. V: 0.952, SOC: 100.0%",0
2026-01-01T23:37:55Z,SUPPORT,100.0,0.0,"B1 logic. V: 0.952, SOC: 100.0%",0
2026-01-01T23:38:00Z,SUPPORT,100.0,0.0,"B1 logic. V: 0.952, SOC: 100.0%",0
2026-01-01T23:38:05Z,SUPPORT,100.0,0.0,"B1 logic. V: 0.953, SOC: 100.0%",0
2026-01-01T23:38:10Z,SUPPORT,100.0,0.0,"B1 logic. V: 0.953, SOC: 100.0%",0
2026-01-01T23:38:15Z,SUPPORT,100.0,0.0,"B1 logic. V: 0.953, SOC: 100.0%",0
2026-01-01T23:38:20Z,SUPPORT,100.0,0.0,"B1 logic. V: 0.953, SOC: 100.0%",0
2026-01-01T23:38:25Z,SUPPORT,100.0,0.0,"B1 logic. V: 0.953, SOC: 100.0%",0
2026-01-01T23:38:30Z,SUPPORT,100.0,0.0,"B1 logic. V: 0.953, SOC: 100.0%",0
2026-01-01T23:38:35Z,SUPPORT,100.0,0.0,"B1 logic. V: 0.953, SOC: 100.0%",0
2026-01-01T23:38:40Z,SUPPORT,100.0,0.0,"B1 logic. V: 0.953, SOC: 100.0%",0
2026-01-01T23:38:45Z,SUPPORT,100.0,0.0,"B1 logic. V: 0.953, SOC: 100.0%",0
2026-01-01T23:38:50Z,SUPPORT,100.0,0.0,"B1 logic. V: 0.953, SOC: 100.0%",0
2026-01-01T23:38:55Z,SUPPORT,100.0,0.0,"B1 logic. V: 0.953, SOC: 100.0%",0
2026-01-01T23:39:00Z,SUPPORT,100.0,0.0,"B1 logic. V: 0.953, SOC: 100.0%",0
2026-01-01T23:39:05Z,SUPPORT,100.0,0.0,"B1 logic. V: 0.953, SOC: 100.0%",0
2026-01-01T23:39:10Z,SUPPORT,100.0,0.0,"B1 logic. V: 0.953, SOC: 100.0%",0
2026-01-01T23:39:15Z,SUPPORT,100.0,0.0,"B1 logic. V: 0.953, SOC: 100.0%",0
2026-01-01T23:39:20Z,SUPPORT,100.0,0.0,"B1 logic. V: 0.953, SOC: 100.0%",0
2026-01-01T23:39:25Z,SUPPORT,100.0,0.0,"B1 logic. V: 0.953, SOC: 100.0%",0
2026-01-01T23:39:30Z,SUPPORT,100.0,0.0,"B1 logic. V: 0.953, SOC: 100.0%",0
2026-01-01T23:39:35Z,SUPPORT,100.0,0.0,"B1 logic. V: 0.953, SOC: 100.0%",0
2026-01-01T23:39:40Z,SUPPORT,100.0,0.0,"B1 logic. V: 0.953, SOC: 100.0%",0
2026-01-01T23:39:45Z,SUPPORT,100.0,0.0,"B1 logic. V: 0.953, SOC: 100.0%",0
2026-01-01T23:39:50Z,SUPPORT,100.0,0.0,"B1 logic. V: 0.953, SOC: 100.0%",0
2026-01-01T23:39:55Z,SUPPORT,100.0,0.0,"B1 logic. V: 0.953, SOC: 100.0%",0
2026-01-01T23:40:00Z,SUPPORT,100.0,0.0,"B1 logic. V: 0.953, SOC: 100.0%",0
2026-01-01T23:40:05Z,SUPPORT,100.0,0.0,"B1 logic. V: 0.953, SOC: 100.0%",0
2026-01-01T23:40:10Z,SUPPORT,100.0,0.0,"B1 logic. V: 0.953, SOC: 100.0%",0
2026-01-01T23:40:15Z,SUPPORT,100.0,0.0,"B1 logic. V: 0.953, SOC: 100.0%",0
2026-01-01T23:40:20Z,SUPPORT,100.0,0.0,"B1 logic. V: 0.953, SOC: 100.0%",0
2026-01-01T23:40:25Z,SUPPORT,100.0,0.0,"B1 logic. V: 0.953, SOC: 100.0%",0
2026-01-01T23:40:30Z,SUPPORT,100.0,0.0,"B1 logic. V: 0.953, SOC: 100.0%",0
2026-01-01T23:40:35Z,SUPPORT,100.0,0.0,"B1 logic. V: 0.953, SOC: 100.0%",0
2026-01-01T23:40:40Z,SUPPORT,100.0,0.0,"B1 logic. V: 0.953, SOC: 100.0%",0
2026-01-01T23:40:45Z,SUPPORT,100.0,0.0,"B1 logic. V: 0.953, SOC: 100.0%",0
2026-01-01T23:40:50Z,SUPPORT,100.0,0.0,"B1 logic. V: 0.953, SOC: 100.0%",0
2026-01-01T23:40:55Z,SUPPORT,100.0,0.0,"B1 logic. V: 0.953, SOC: 100.0%",0
2026-01-01T23:41:00Z,SUPPORT,100.0,0.0,"B1 logic. V: 0.953, SOC: 100.0%",0
2026-01-01T23:41:05Z,SUPPORT,100.0,0.0,"B1 logic. V: 0.953, SOC: 100.0%",0
2026-01-01T23:41:10Z,SUPPORT,100.0,0.0,"B1 logic. V: 0.953, SOC: 100.0%",0
2026-01-01T23:41:15Z,SUPPORT,100.0,0.0,"B1 logic. V: 0.953, SOC: 100.0%",0
2026-01-01T23:41:20Z,SUPPORT,100.0,0.0,"B1 logic. V: 0.953, SOC: 100.0%",0
2026-01-01T23:41:25Z,SUPPORT,100.0,0.0,"B1 logic. V: 0.953, SOC: 100.0%",0
2026-01-01T23:41:30Z,SUPPORT,100.0,0.0,"B1 logic. V: 0.953, SOC: 100.0%",0
2026-01-01T23:41:35Z,SUPPORT,100.0,0.0,"B1 logic. V: 0.953, SOC: 100.0%",0
2026-01-01T23:41:40Z,SUPPORT,100.0,0.0,"B1 logic. V: 0.953, SOC: 100.0%",0
2026-01-01T23:41:45Z,SUPPORT,100.0,0.0,"B1 logic. V: 0.953, SOC: 100.0%",0
2026-01-01T23:41:50Z,SUPPORT,100.0,0.0,"B1 logic. V: 0.953, SOC: 100.0%",0
2026-01-01T23:41:55Z,SUPPORT,100.0,0.0,"B1 logic. V: 0.953, SOC: 100.0%",0
2026-01-01T23:42:00Z,SUPPORT,100.0,0.0,"B1 logic. V: 0.953, SOC: 100.0%",0
2026-01-01T23:42:05Z,SUPPORT,100.0,0.0,"B1 logic. V: 0.954, SOC: 100.0%",0
2026-01-01T23:42:10Z,SUPPORT,100.0,0.0,"B1 logic. V: 0.954, SOC: 100.0%",0
2026-01-01T23:42:15Z,SUPPORT,100.0,0.0,"B1 logic. V: 0.954, SOC: 100.0%",0
2026-01-01T23:42:20Z,SUPPORT,100.0,0.0,"B1 logic. V: 0.954, SOC: 100.0%",0
2026-01-01T23:42:25Z,SUPPORT,100.0,0.0,"B1 logic. V: 0.954, SOC: 100.0%",0
2026-01-01T23:42:30Z,SUPPORT,100.0,0.0,"B1 logic. V: 0.954, SOC: 100.0%",0
2026-01-01T23:42:35Z,SUPPORT,100.0,0.0,"B1 logic. V: 0.954, SOC: 100.0%",0
2026-01-01T23:42:40Z,SUPPORT,100.0,0.0,"B1 logic. V: 0.954, SOC: 100.0%",0
2026-01-01T23:42:45Z,SUPPORT,100.0,0.0,"B1 logic. V: 0.954, SOC: 100.0%",0
2026-01-01T23:42:50Z,SUPPORT,100.0,0.0,"B1 logic. V: 0.954, SOC: 100.0%",0
2026-01-01T23:42:55Z,SUPPORT,100.0,0.0,"B1 logic. V: 0.954, SOC: 100.0%",0
2026-01-01T23:43:00Z,SUPPORT,100.0,0.0,"B1 logic. V: 0.954, SOC: 100.0%",0
2026-01-01T23:43:05Z,SUPPORT,100.0,0.0,"B1 logic. V: 0.954, SOC: 100.0%",0
2026-01-01T23:43:10Z,SUPPORT,100.0,0.0,"B1 logic. V: 0.954, SOC: 100.0%",0
2026-01-01T23:43:15Z,SUPPORT,100.0,0.0,"B1 logic. V: 0.954, SOC: 100.0%",0
2026-01-01T23:43:20Z,SUPPORT,100.0,0.0,"B1 logic. V: 0.954, SOC: 100.0%",0
2026-01-01T23:43:25Z,SUPPORT,100.0,0.0,"B1 logic. V: 0.954, SOC: 100.0%",0
2026-01-01T23:43:30Z,SUPPORT,100.0,0.0,"B1 logic. V: 0.954, SOC: 100.0%",0
2026-01-01T23:43:35Z,SUPPORT,100.0,0.0,"B1 logic. V: 0.954, SOC: 100.0%",0
2026-01-01T23:43:40Z,SUPPORT,100.0,0.0,"B1 logic. V: 0.954, SOC: 100.0%",0
2026-01-01T23:43:45Z,SUPPORT,100.0,0.0,"B1 logic. V: 0.954, SOC: 100.0%",0
2026-01-01T23:43:50Z,SUPPORT,100.0,0.0,"B1 logic. V: 0.954, SOC: 100.0%",0
2026-01-01T23:43:55Z,SUPPORT,100.0,0.0,"B1 logic. V: 0.954, SOC: 100.0%",0
2026-01-01T23:44:00Z,SUPPORT,100.0,0.0,"B1 logic. V: 0.954, SOC: 100.0%",0
2026-01-01T23:44:05Z,SUPPORT,100.0,0.0,"B1 logic. V: 0.954, SOC: 100.0%",0
2026-01-01T23:44:10Z,SUPPORT,100.0,0.0,"B1 logic. V: 0.954, SOC: 100.0%",0
2026-01-01T23:44:15Z,SUPPORT,100.0,0.0,"B1 logic. V: 0.954, SOC: 100.0%",0
2026-01-01T23:44:20Z,SUPPORT,100.0,0.0,"B1 logic. V: 0.954, SOC: 100.0%",0
2026-01-01T23:44:25Z,SUPPORT,100.0,0.0,"B1 logic. V: 0.954, SOC: 100.0%",0
2026-01-01T23:44:30Z,SUPPORT,100.0,0.0,"B1 logic. V: 0.954, SOC: 100.0%",0
2026-01-01T23:44:35Z,SUPPORT,100.0,0.0,"B1 logic. V: 0.954, SOC: 100.0%",0
2026-01-01T23:44:40Z,SUPPORT,100.0,0.0,"B1 logic. V: 0.954, SOC: 100.0%",0
2026-01-01T23:44:45Z,SUPPORT,100.0,0.0,"B1 logic. V: 0.954, SOC: 100.0%",0
2026-01-01T23:44:50Z,SUPPORT,100.0,0.0,"B1 logic. V: 0.954, SOC: 100.0%",0
2026-01-01T23:44:55Z,SUPPORT,100.0,0.0,"B1 logic. V: 0.954, SOC: 100.0%",0
2026-01-01T23:45:00Z,SUPPORT,100.0,0.0,"B1 logic. V: 0.954, SOC: 100.0%",0
2026-01-01T23:45:05Z,SUPPORT,100.0,0.0,"B1 logic. V: 0.954, SOC: 100.0%",0
2026-01-01T23:45:10Z,SUPPORT,100.0,0.0,"B1 logic. V: 0.954, SOC: 100.0%",0
2026-01-01T23:45:15Z,SUPPORT,100.0,0.0,"B1 logic. V: 0.954, SOC: 100.0%",0
2026-01-01T23:45:20Z,SUPPORT,100.0,0.0,"B1 logic. V: 0.954, SOC: 100.0%",0
2026-01-01T23:45:25Z,SUPPORT,100.0,0.0,"B1 logic. V: 0.954, SOC: 100.0%",0
2026-01-01T23:45:30Z,SUPPORT,100.0,0.0,"B1 logic. V: 0.954, SOC: 100.0%",0
2026-01-01T23:45:35Z,SUPPORT,100.0,0.0,"B1 logic. V: 0.954, SOC: 100.0%",0
2026-01-01T23:45:40Z,SUPPORT,100.0,0.0,"B1 logic. V: 0.954, SOC: 100.0%",0
2026-01-01T23:45:45Z,SUPPORT,100.0,0.0,"B1 logic. V: 0.954, SOC: 100.0%",0
2026-01-01T23:45:50Z,SUPPORT,100.0,0.0,"B1 logic. V: 0.954, SOC: 100.0%",0
2026-01-01T23:45:55Z,SUPPORT,100.0,0.0,"B1 logic. V: 0.954, SOC: 100.0%",0
2026-01-01T23:46:00Z,SUPPORT,100.0,0.0,"B1 logic. V: 0.954, SOC: 100.0%",0
2026-01-01T23:46:05Z,SUPPORT,100.0,0.0,"B1 logic. V: 0.955, SOC: 100.0%",0
2026-01-01T23:46:10Z,SUPPORT,100.0,0.0,"B1 logic. V: 0.955, SOC: 100.0%",0
2026-01-01T23:46:15Z,SUPPORT,100.0,0.0,"B1 logic. V: 0.955, SOC: 100.0%",0
2026-01-01T23:46:20Z,SUPPORT,100.0,0.0,"B1 logic. V: 0.955, SOC: 100.0%",0
2026-01-01T23:46:25Z,SUPPORT,100.0,0.0,"B1 logic. V: 0.955, SOC: 100.0%",0
2026-01-01T23:46:30Z,SUPPORT,100.0,0.0,"B1 logic. V: 0.955, SOC: 100.0%",0
2026-01-01T23:46:35Z,SUPPORT,100.0,0.0,"B1 logic. V: 0.955, SOC: 100.0%",0
2026-01-01T23:46:40Z,SUPPORT,100.0,0.0,"B1 logic. V: 0.955, SOC: 100.0%",0
2026-01-01T23:46:45Z,SUPPORT,100.0,0.0,"B1 logic. V: 0.955, SOC: 100.0%",0
2026-01-01T23:46:50Z,SUPPORT,100.0,0.0,"B1 logic. V: 0.955, SOC: 100.0%",0
2026-01-01T23:46:55Z,SUPPORT,100.0,0.0,"B1 logic. V: 0.955, SOC: 100.0%",0
2026-01-01T23:47:00Z,SUPPORT,100.0,0.0,"B1 logic. V: 0.955, SOC: 100.0%",0
2026-01-01T23:47:05Z,SUPPORT,100.0,0.0,"B1 logic. V: 0.955, SOC: 100.0%",0
2026-01-01T23:47:10Z,SUPPORT,100.0,0.0,"B1 logic. V: 0.955, SOC: 100.0%",0
2026-01-01T23:47:15Z,SUPPORT,100.0,0.0,"B1 logic. V: 0.955, SOC: 100.0%",0
2026-01-01T23:47:20Z,SUPPORT,100.0,0.0,"B1 logic. V: 0.955, SOC: 100.0%",0
2026-01-01T23:47:25Z,SUPPORT,100.0,0.0,"B1 logic. V: 0.955, SOC: 100.0%",0
2026-01-01T23:47:30Z,SUPPORT,100.0,0.0,"B1 logic. V: 0.955, SOC: 100.0%",0
2026-01-01T23:47:35Z,SUPPORT,100.0,0.0,"B1 logic. V: 0.955, SOC: 100.0%",0
2026-01-01T23:47:40Z,SUPPORT,100.0,0.0,"B1 logic. V: 0.955, SOC: 100.0%",0
2026-01-01T23:47:45Z,SUPPORT,100.0,0.0,"B1 logic. V: 0.955, SOC: 100.0%",0
2026-01-01T23:47:50Z,SUPPORT,100.0,0.0,"B1 logic. V: 0.955, SOC: 100.0%",0
2026-01-01T23:47:55Z,SUPPORT,100.0,0.0,"B1 logic. V: 0.955, SOC: 100.0%",0
2026-01-01T23:48:00Z,SUPPORT,100.0,0.0,"B1 logic. V: 0.955, SOC: 100.0%",0
2026-01-01T23:48:05Z,SUPPORT,100.0,0.0,"B1 logic. V: 0.955, SOC: 100.0%",0
2026-01-01T23:48:10Z,SUPPORT,100.0,0.0,"B1 logic. V: 0.955, SOC: 100.0%",0
2026-01-01T23:48:15Z,SUPPORT,100.0,0.0,"B1 logic. V: 0.955, SOC: 100.0%",0
2026-01-01T23:48:20Z,SUPPORT,100.0,0.0,"B1 logic. V: 0.955, SOC: 100.0%",0
2026-01-01T23:48:25Z,SUPPORT,100.0,0.0,"B1 logic. V: 0.955, SOC: 100.0%",0
2026-01-01T23:48:30Z,SUPPORT,100.0,0.0,"B1 logic. V: 0.955, SOC: 100.0%",0
2026-01-01T23:48:35Z,SUPPORT,100.0,0.0,"B1 logic. V: 0.955, SOC: 100.0%",0
2026-01-01T23:48:40Z,SUPPORT,100.0,0.0,"B1 logic. V: 0.955, SOC: 100.0%",0
2026-01-01T23:48:45Z,SUPPORT,100.0,0.0,"B1 logic. V: 0.955, SOC: 100.0%",0
2026-01-01T23:48:50Z,SUPPORT,100.0,0.0,"B1 logic. V: 0.955, SOC: 100.0%",0
2026-01-01T23:48:55Z,SUPPORT,100.0,0.0,"B1 logic. V: 0.955, SOC: 100.0%",0
2026-01-01T23:49:00Z,SUPPORT,100.0,0.0,"B1 logic. V: 0.955, SOC: 100.0%",0
2026-01-01T23:49:05Z,SUPPORT,100.0,0.0,"B1 logic. V: 0.955, SOC: 100.0%",0
2026-01-01T23:49:10Z,SUPPORT,100.0,0.0,"B1 logic. V: 0.955, SOC: 100.0%",0
2026-01-01T23:49:15Z,SUPPORT,100.0,0.0,"B1 logic. V: 0.955, SOC: 100.0%",0
2026-01-01T23:49:20Z,SUPPORT,100.0,0.0,"B1 logic. V: 0.955, SOC: 100.0%",0
2026-01-01T23:49:25Z,SUPPORT,100.0,0.0,"B1 logic. V: 0.955, SOC: 100.0%",0
2026-01-01T23:49:30Z,SUPPORT,100.0,0.0,"B1 logic. V: 0.955, SOC: 100.0%",0
2026-01-01T23:49:35Z,SUPPORT,100.0,0.0,"B1 logic. V: 0.955, SOC: 100.0%",0
2026-01-01T23:49:40Z,SUPPORT,100.0,0.0,"B1 logic. V: 0.955, SOC: 100.0%",0
2026-01-01T23:49:45Z,SUPPORT,100.0,0.0,"B1 logic. V: 0.955, SOC: 100.0%",0
2026-01-01T23:49:50Z,SUPPORT,100.0,0.0,"B1 logic. V: 0.955, SOC: 100.0%",0
2026-01-01T23:49:55Z,SUPPORT,100.0,0.0,"B1 logic. V: 0.955, SOC: 100.0%",0
2026-01-01T23:50:00Z,SUPPORT,100.0,0.0,"B1 logic. V: 0.955, SOC: 100.0%",0
2026-01-01T23:50:05Z,SUPPORT,100.0,0.0,"B1 logic. V: 0.955, SOC: 100.0%",0
2026-01-01T23:50:10Z,SUPPORT,100.0,0.0,"B1 logic. V: 0.955, SOC: 100.0%",0
2026-01-01T23:50:15Z,SUPPORT,100.0,0.0,"B1 logic. V: 0.955, SOC: 100.0%",0
2026-01-01T23:50:20Z,SUPPORT,100.0,0.0,"B1 logic. V: 0.955, SOC: 100.0%",0
2026-01-01T23:50:25Z,SUPPORT,100.0,0.0,"B1 logic. V: 0.955, SOC: 100.0%",0
2026-01-01T23:50:30Z,SUPPORT,100.0,0.0,"B1 logic. V: 0.955, SOC: 100.0%",0
2026-01-01T23:50:35Z,SUPPORT,100.0,0.0,"B1 logic. V: 0.955, SOC: 100.0%",0
2026-01-01T23:50:40Z,SUPPORT,100.0,0.0,"B1 logic. V: 0.955, SOC: 100.0%",0
2026-01-01T23:50:45Z,SUPPORT,100.0,0.0,"B1 logic. V: 0.955, SOC: 100.0%",0
2026-01-01T23:50:50Z,SUPPORT,100.0,0.0,"B1 logic. V: 0.955, SOC: 100.0%",0
2026-01-01T23:50:55Z,SUPPORT,100.0,0.0,"B1 logic. V: 0.955, SOC: 100.0%",0
2026-01-01T23:51:00Z,SUPPORT,100.0,0.0,"B1 logic. V: 0.955, SOC: 100.0%",0
2026-01-01T23:51:05Z,SUPPORT,100.0,0.0,"B1 logic. V: 0.956, SOC: 100.0%",0
2026-01-01T23:51:10Z,SUPPORT,100.0,0.0,"B1 logic. V: 0.956, SOC: 100.0%",0
2026-01-01T23:51:15Z,SUPPORT,100.0,0.0,"B1 logic. V: 0.956, SOC: 100.0%",0
2026-01-01T23:51:20Z,SUPPORT,100.0,0.0,"B1 logic. V: 0.956, SOC: 100.0%",0
2026-01-01T23:51:25Z,SUPPORT,100.0,0.0,"B1 logic. V: 0.956, SOC: 100.0%",0
2026-01-01T23:51:30Z,SUPPORT,100.0,0.0,"B1 logic. V: 0.956, SOC: 100.0%",0
2026-01-01T23:51:35Z,SUPPORT,100.0,0.0,"B1 logic. V: 0.956, SOC: 100.0%",0
2026-01-01T23:51:40Z,SUPPORT,100.0,0.0,"B1 logic. V: 0.956, SOC: 100.0%",0
2026-01-01T23:51:45Z,SUPPORT,100.0,0.0,"B1 logic. V: 0.956, SOC: 100.0%",0
2026-01-01T23:51:50Z,SUPPORT,100.0,0.0,"B1 logic. V: 0.956, SOC: 100.0%",0
2026-01-01T23:51:55Z,SUPPORT,100.0,0.0,"B1 logic. V: 0.956, SOC: 100.0%",0
2026-01-01T23:52:00Z,SUPPORT,100.0,0.0,"B1 logic. V: 0.956, SOC: 100.0%",0
2026-01-01T23:52:05Z,SUPPORT,100.0,0.0,"B1 logic. V: 0.956, SOC: 100.0%",0
2026-01-01T23:52:10Z,SUPPORT,100.0,0.0,"B1 logic. V: 0.956, SOC: 100.0%",0
2026-01-01T23:52:15Z,SUPPORT,100.0,0.0,"B1 logic. V: 0.956, SOC: 100.0%",0
2026-01-01T23:52:20Z,SUPPORT,100.0,0.0,"B1 logic. V: 0.956, SOC: 100.0%",0
2026-01-01T23:52:25Z,SUPPORT,100.0,0.0,"B1 logic. V: 0.956, SOC: 100.0%",0
2026-01-01T23:52:30Z,SUPPORT,100.0,0.0,"B1 logic. V: 0.956, SOC: 100.0%",0
2026-01-01T23:52:35Z,SUPPORT,100.0,0.0,"B1 logic. V: 0.956, SOC: 100.0%",0
2026-01-01T23:52:40Z,SUPPORT,100.0,0.0,"B1 logic. V: 0.956, SOC: 100.0%",0
2026-01-01T23:52:45Z,SUPPORT,100.0,0.0,"B1 logic. V: 0.956, SOC: 100.0%",0
2026-01-01T23:52:50Z,SUPPORT,100.0,0.0,"B1 logic. V: 0.956, SOC: 100.0%",0
2026-01-01T23:52:55Z,SUPPORT,100.0,0.0,"B1 logic. V: 0.956, SOC: 100.0%",0
2026-01-01T23:53:00Z,SUPPORT,100.0,0.0,"B1 logic. V: 0.956, SOC: 100.0%",0
2026-01-01T23:53:05Z,SUPPORT,100.0,0.0,"B1 logic. V: 0.956, SOC: 100.0%",0
2026-01-01T23:53:10Z,SUPPORT,100.0,0.0,"B1 logic. V: 0.956, SOC: 100.0%",0
2026-01-01T23:53:15Z,SUPPORT,100.0,0.0,"B1 logic. V: 0.956, SOC: 100.0%",0
2026-01-01T23:53:20Z,SUPPORT,100.0,0.0,"B1 logic. V: 0.956, SOC: 100.0%",0
2026-01-01T23:53:25Z,SUPPORT,100.0,0.0,"B1 logic. V: 0.956, SOC: 100.0%",0
2026-01-01T23:53:30Z,SUPPORT,100.0,0.0,"B1 logic. V: 0.956, SOC: 100.0%",0
2026-01-01T23:53:35Z,SUPPORT,100.0,0.0,"B1 logic. V: 0.956, SOC: 100.0%",0
2026-01-01T23:53:40Z,SUPPORT,100.0,0.0,"B1 logic. V: 0.956, SOC: 100.0%",0
2026-01-01T23:53:45Z,SUPPORT,100.0,0.0,"B1 logic. V: 0.956, SOC: 100.0%",0
2026-01-01T23:53:50Z,SUPPORT,100.0,0.0,"B1 logic. V: 0.956, SOC: 100.0%",0
2026-01-01T23:53:55Z,SUPPORT,100.0,0.0,"B1 logic. V: 0.956, SOC: 100.0%",0
2026-01-01T23:54:00Z,SUPPORT,100.0,0.0,"B1 logic. V: 0.956, SOC: 100.0%",0
2026-01-01T23:54:05Z,SUPPORT,100.0,0.0,"B1 logic. V: 0.956, SOC: 100.0%",0
2026-01-01T23:54:10Z,SUPPORT,100.0,0.0,"B1 logic. V: 0.956, SOC: 100.0%",0
2026-01-01T23:54:15Z,SUPPORT,100.0,0.0,"B1 logic. V: 0.956, SOC: 100.0%",0
2026-01-01T23:54:20Z,SUPPORT,100.0,0.0,"B1 logic. V: 0.956, SOC: 100.0%",0
2026-01-01T23:54:25Z,SUPPORT,100.0,0.0,"B1 logic. V: 0.956, SOC: 100.0%",0
2026-01-01T23:54:30Z,SUPPORT,100.0,0.0,"B1 logic. V: 0.956, SOC: 100.0%",0
2026-01-01T23:54:35Z,SUPPORT,100.0,0.0,"B1 logic. V: 0.956, SOC: 100.0%",0
2026-01-01T23:54:40Z,SUPPORT,100.0,0.0,"B1 logic. V: 0.956, SOC: 100.0%",0
2026-01-01T23:54:45Z,SUPPORT,100.0,0.0,"B1 logic. V: 0.956, SOC: 100.0%",0
2026-01-01T23:54:50Z,SUPPORT,100.0,0.0,"B1 logic. V: 0.956, SOC: 100.0%",0
2026-01-01T23:54:55Z,SUPPORT,100.0,0.0,"B1 logic. V: 0.956, SOC: 100.0%",0
2026-01-01T23:55:00Z,SUPPORT,100.0,0.0,"B1 logic. V: 0.956, SOC: 100.0%",0
2026-01-01T23:55:05Z,SUPPORT,100.0,0.0,"B1 logic. V: 0.957, SOC: 100.0%",0
2026-01-01T23:55:10Z,SUPPORT,100.0,0.0,"B1 logic. V: 0.957, SOC: 100.0%",0
2026-01-01T23:55:15Z,SUPPORT,100.0,0.0,"B1 logic. V: 0.957, SOC: 100.0%",0
2026-01-01T23:55:20Z,SUPPORT,100.0,0.0,"B1 logic. V: 0.957, SOC: 100.0%",0
2026-01-01T23:55:25Z,SUPPORT,100.0,0.0,"B1 logic. V: 0.957, SOC: 100.0%",0
2026-01-01T23:55:30Z,SUPPORT,100.0,0.0,"B1 logic. V: 0.957, SOC: 100.0%",0
2026-01-01T23:55:35Z,SUPPORT,100.0,0.0,"B1 logic. V: 0.957, SOC: 100.0%",0
2026-01-01T23:55:40Z,SUPPORT,100.0,0.0,"B1 logic. V: 0.957, SOC: 100.0%",0
2026-01-01T23:55:45Z,SUPPORT,100.0,0.0,"B1 logic. V: 0.957, SOC: 100.0%",0
2026-01-01T23:55:50Z,SUPPORT,100.0,0.0,"B1 logic. V: 0.957, SOC: 100.0%",0
2026-01-01T23:55:55Z,SUPPORT,100.0,0.0,"B1 logic. V: 0.957, SOC: 100.0%",0
2026-01-01T23:56:00Z,SUPPORT,100.0,0.0,"B1 logic. V: 0.957, SOC: 100.0%",0
2026-01-01T23:56:05Z,SUPPORT,100.0,0.0,"B1 logic. V: 0.957, SOC: 100.0%",0
2026-01-01T23:56:10Z,SUPPORT,100.0,0.0,"B1 logic. V: 0.957, SOC: 100.0%",0
2026-01-01T23:56:15Z,SUPPORT,100.0,0.0,"B1 logic. V: 0.957, SOC: 100.0%",0
2026-01-01T23:56:20Z,SUPPORT,100.0,0.0,"B1 logic. V: 0.957, SOC: 100.0%",0
2026-01-01T23:56:25Z,SUPPORT,100.0,0.0,"B1 logic. V: 0.957, SOC: 100.0%",0
2026-01-01T23:56:30Z,SUPPORT,100.0,0.0,"B1 logic. V: 0.957, SOC: 100.0%",0
2026-01-01T23:56:35Z,SUPPORT,100.0,0.0,"B1 logic. V: 0.957, SOC: 100.0%",0
2026-01-01T23:56:40Z,SUPPORT,100.0,0.0,"B1 logic. V: 0.957, SOC: 100.0%",0
2026-01-01T23:56:45Z,SUPPORT,100.0,0.0,"B1 logic. V: 0.957, SOC: 100.0%",0
2026-01-01T23:56:50Z,SUPPORT,100.0,0.0,"B1 logic. V: 0.957, SOC: 100.0%",0
2026-01-01T23:56:55Z,SUPPORT,100.0,0.0,"B1 logic. V: 0.957, SOC: 100.0%",0
2026-01-01T23:57:00Z,SUPPORT,100.0,0.0,"B1 logic. V: 0.957, SOC: 100.0%",0
2026-01-01T23:57:05Z,SUPPORT,100.0,0.0,"B1 logic. V: 0.957, SOC: 100.0%",0
2026-01-01T23:57:10Z,SUPPORT,100.0,0.0,"B1 logic. V: 0.957, SOC: 100.0%",0
2026-01-01T23:57:15Z,SUPPORT,100.0,0.0,"B1 logic. V: 0.957, SOC: 100.0%",0
2026-01-01T23:57:20Z,SUPPORT,100.0,0.0,"B1 logic. V: 0.957, SOC: 100.0%",0
2026-01-01T23:57:25Z,SUPPORT,100.0,0.0,"B1 logic. V: 0.957, SOC: 100.0%",0
2026-01-01T23:57:30Z,SUPPORT,100.0,0.0,"B1 logic. V: 0.957, SOC: 100.0%",0
2026-01-01T23:57:35Z,SUPPORT,100.0,0.0,"B1 logic. V: 0.957, SOC: 100.0%",0
2026-01-01T23:57:40Z,SUPPORT,100.0,0.0,"B1 logic. V: 0.957, SOC: 100.0%",0
2026-01-01T23:57:45Z,SUPPORT,100.0,0.0,"B1 logic. V: 0.957, SOC: 100.0%",0
2026-01-01T23:57:50Z,SUPPORT,100.0,0.0,"B1 logic. V: 0.957, SOC: 100.0%",0
2026-01-01T23:57:55Z,SUPPORT,100.0,0.0,"B1 logic. V: 0.957, SOC: 100.0%",0
2026-01-01T23:58:00Z,SUPPORT,100.0,0.0,"B1 logic. V: 0.957, SOC: 100.0%",0
2026-01-01T23:58:05Z,SUPPORT,100.0,0.0,"B1 logic. V: 0.957, SOC: 100.0%",0
2026-01-01T23:58:10Z,SUPPORT,100.0,0.0,"B1 logic. V: 0.957, SOC: 100.0%",0
2026-01-01T23:58:15Z,SUPPORT,100.0,0.0,"B1 logic. V: 0.957, SOC: 100.0%",0
2026-01-01T23:58:20Z,SUPPORT,100.0,0.0,"B1 logic. V: 0.957, SOC: 100.0%",0
2026-01-01T23:58:25Z,SUPPORT,100.0,0.0,"B1 logic. V: 0.957, SOC: 100.0%",0
2026-01-01T23:58:30Z,SUPPORT,100.0,0.0,"B1 logic. V: 0.957, SOC: 100.0%",0
2026-01-01T23:58:35Z,SUPPORT,100.0,0.0,"B1 logic. V: 0.957, SOC: 100.0%",0
2026-01-01T23:58:40Z,SUPPORT,100.0,0.0,"B1 logic. V: 0.957, SOC: 100.0%",0
2026-01-01T23:58:45Z,SUPPORT,100.0,0.0,"B1 logic. V: 0.957, SOC: 100.0%",0
2026-01-01T23:58:50Z,SUPPORT,100.0,0.0,"B1 logic. V: 0.957, SOC: 100.0%",0
2026-01-01T23:58:55Z,SUPPORT,100.0,0.0,"B1 logic. V: 0.957, SOC: 100.0%",0
2026-01-01T23:59:00Z,SUPPORT,100.0,0.0,"B1 logic. V: 0.957, SOC: 100.0%",0
2026-01-01T23:59:05Z,SUPPORT,100.0,0.0,"B1 logic. V: 0.957, SOC: 100.0%",0
2026-01-01T23:59:10Z,SUPPORT,100.0,0.0,"B1 logic. V: 0.957, SOC: 100.0%",0
2026-01-01T23:59:15Z,SUPPORT,100.0,0.0,"B1 logic. V: 0.957, SOC: 100.0%",0
2026-01-01T23:59:20Z,SUPPORT,100.0,0.0,"B1 logic. V: 0.957, SOC: 100.0%",0
2026-01-01T23:59:25Z,SUPPORT,100.0,0.0,"B1 logic. V: 0.957, SOC: 100.0%",0
2026-01-01T23:59:30Z,SUPPORT,100.0,0.0,"B1 logic. V: 0.957, SOC: 100.0%",0
2026-01-01T23:59:35Z,SUPPORT,100.0,0.0,"B1 logic. V: 0.957, SOC: 100.0%",0
2026-01-01T23:59:40Z,SUPPORT,100.0,0.0,"B1 logic. V: 0.957, SOC: 100.0%",0
2026-01-01T23:59:45Z,SUPPORT,100.0,0.0,"B1 logic. V: 0.957, SOC: 100.0%",0
2026-01-01T23:59:50Z,SUPPORT,100.0,0.0,"B1 logic. V: 0.957, SOC: 100.0%",0
2026-01-01T23:59:55Z,SUPPORT,100.0,0.0,"B1 logic. V: 0.957, SOC: 100.0%",0
