time,mode,soc,shadow_esh,thresholds,pre_peak
2026-01-01T12:00:00Z,GRID_PASS,100.0,0.0,"B1 logic. V: 1.000, SOC: 100.0%",0
2026-01-01T12:00:05Z,GRID_PASS,100.0,0.0,"B1 logic. V: 0.970, SOC: 100.0%",0
2026-01-01T12:00:10Z,GRID_PASS,100.0,0.0,"B1 logic. V: 0.970, SOC: 100.0%",0
2026-01-01T12:00:15Z,GRID_PASS,100.0,0.0,"B1 logic. V: 0.970, SOC: 100.0%",0
2026-01-01T12:00:20Z,GRID_PASS,100.0,0.0,"B1 logic. V: 0.970, SOC: 100.0%",0
2026-01-01T12:00:25Z,GRID_PASS,100.0,0.0,"B1 logic. V: 0.970, SOC: 100.0%",0
2026-01-01T12:00:30Z,GRID_PASS,100.0,0.0,"B1 logic. V: 0.970, SOC: 100.0%",0
2026-01-01T12:00:35Z,GRID_PASS,100.0,0.0,"B1 logic. V: 0.970, SOC: 100.0%",0
2026-01-01T12:00:40Z,GRID_PASS,100.0,0.0,"B1 logic. V: 0.970, SOC: 100.0%",0
2026-01-01T12:00:45Z,GRID_PASS,100.0,0.0,"B1 logic. V: 0.970, SOC: 100.0%",0
2026-01-01T12:00:50Z,GRID_PASS,100.0,0.0,"B1 logic. V: 0.970, SOC: 100.0%",0
2026-01-01T12:00:55Z,GRID_PASS,100.0,0.0,"B1 logic. V: 0.970, SOC: 100.0%",0
2026-01-01T12:01:00Z,GRID_PASS,100.0,0.0,"B1 logic. V: 0.970, SOC: 100.0%",0
2026-01-01T12:01:05Z,GRID_PASS,100.0,0.0,"B1 logic. V: 0.970, SOC: 100.0%",0
2026-01-01T12:01:10Z,GRID_PASS,100.0,0.0,"B1 logic. V: 0.970, SOC: 100.0%",0
2026-01-01T12:01:15Z,GRID_PASS,100.0,0.0,"B1 logic. V: 0.970, SOC: 100.0%",0
2026-01-01T12:01:20Z,GRID_PASS,100.0,0.0,"B1 logic. V: 0.970, SOC: 100.0%",0
2026-01-01T12:01:25Z,GRID_PASS,100.0,0.0,"B1 logic. V: 0.970, SOC: 100.0%",0
2026-01-01T12:01:30Z,GRID_PASS,100.0,0.0,"B1 logic. V: 0.970, SOC: 100.0%",0
2026-01-01T12:01:35Z,GRID_PASS,100.0,0.0,"B1 logic. V: 0.970, SOC: 100.0%",0
2026-01-01T12:01:40Z,GRID_PASS,100.0,0.0,"B1 logic. V: 0.970, SOC: 100.0%",0
2026-01-01T12:01:45Z,GRID_PASS,100.0,0.0,"B1 logic. V: 0.970, SOC: 100.0%",0
2026-01-01T12:01:50Z,GRID_PASS,100.0,0.0,"B1 logic. V: 0.970, SOC: 100.0%",0
2026-01-01T12:01:55Z,GRID_PASS,100.0,0.0,"B1 logic. V: 0.970, SOC: 100.0%",0
2026-01-01T12:02:00Z,GRID_PASS,100.0,0.0,"B1 logic. V: 0.970, SOC: 100.0%",0
2026-01-01T12:02:05Z,GRID_PASS,100.0,0.0,"B1 logic. V: 0.970, SOC: 100.0%",0
2026-01-01T12:02:10Z,GRID_PASS,100.0,0.0,"B1 logic. V: 0.970, SOC: 100.0%",0
2026-01-01T12:02:15Z,GRID_PASS,100.0,0.0,"B1 logic. V: 0.970, SOC: 100.0%",0
2026-01-01T12:02:20Z,GRID_PASS,100.0,0.0,"B1 logic. V: 0.970, SOC: 100.0%",0
2026-01-01T12:02:25Z,GRID_PASS,100.0,0.0,"B1 logic. V: 0.970, SOC: 100.0%",0
2026-01-01T12:02:30Z,GRID_PASS,100.0,0.0,"B1 logic. V: 0.970, SOC: 100.0%",0
2026-01-01T12:02:35Z,GRID_PASS,100.0,0.0,"B1 logic. V: 0.970, SOC: 100.0%",0
2026-01-01T12:02:40Z,GRID_PASS,100.0,0.0,"B1 logic. V: 0.970, SOC: 100.0%",0
2026-01-01T12:02:45Z,GRID_PASS,100.0,0.0,"B1 logic. V: 0.970, SOC: 100.0%",0
2026-01-01T12:02:50Z,GRID_PASS,100.0,0.0,"B1 logic. V: 0.970, SOC: 100.0%",0
2026-01-01T12:02:55Z,GRID_PASS,100.0,0.0,"B1 logic. V: 0.970, SOC: 100.0%",0
2026-01-01T12:03:00Z,GRID_PASS,100.0,0.0,"B1 logic. V: 0.970, SOC: 100.0%",0
2026-01-01T12:03:05Z,GRID_PASS,100.0,0.0,"B1 logic. V: 0.970, SOC: 100.0%",0
2026-01-01T12:03:10Z,GRID_PASS,100.0,0.0,"B1 logic. V: 0.970, SOC: 100.0%",0
2026-01-01T12:03:15Z,GRID_PASS,100.0,0.0,"B1 logic. V: 0.970, SOC: 100.0%",0
2026-01-01T12:03:20Z,GRID_PASS,100.0,0.0,"B1 logic. V: 0.970, SOC: 100.0%",0
2026-01-01T12:03:25Z,GRID_PASS,100.0,0.0,"B1 logic. V: 0.970, SOC: 100.0%",0
2026-01-01T12:03:30Z,GRID_PASS,100.0,0.0,"B1 logic. V: 0.970, SOC: 100.0%",0
2026-01-01T12:03:35Z,GRID_PASS,100.0,0.0,"B1 logic. V: 0.970, SOC: 100.0%",0
2026-01-01T12:03:40Z,GRID_PASS,100.0,0.0,"B1 logic. V: 0.970, SOC: 100.0%",0
2026-01-01T12:03:45Z,GRID_PASS,100.0,0.0,"B1 logic. V: 0.970, SOC: 100.0%",0
2026-01-01T12:03:50Z,GRID_PASS,100.0,0.0,"B1 logic. V: 0.970, SOC: 100.0%",0
2026-01-01T12:03:55Z,GRID_PASS,100.0,0.0,"B1 logic. V: 0.970, SOC: 100.0%",0
2026-01-01T12:04:00Z,GRID_PASS,100.0,0.0,"B1 logic. V: 0.970, SOC: 100.0%",0
2026-01-01T12:04:05Z,GRID_PASS,100.0,0.0,"B1 logic. V: 0.970, SOC: 100.0%",0
2026-01-01T12:04:10Z,GRID_PASS,100.0,0.0,"B1 logic. V: 0.970, SOC: 100.0%",0
2026-01-01T12:04:15Z,GRID_PASS,100.0,0.0,"B1 logic. V: 0.970, SOC: 100.0%",0
2026-01-01T12:04:20Z,GRID_PASS,100.0,0.0,"B1 logic. V: 0.970, SOC: 100.0%",0
2026-01-01T12:04:25Z,GRID_PASS,100.0,0.0,"B1 logic. V: 0.970, SOC: 100.0%",0
2026-01-01T12:04:30Z,GRID_PASS,100.0,0.0,"B1 logic. V: 0.970, SOC: 100.0%",0
2026-01-01T12:04:35Z,GRID_PASS,100.0,0.0,"B1 logic. V: 0.970, SOC: 100.0%",0
2026-01-01T12:04:40Z,GRID_PASS,100.0,0.0,"B1 logic. V: 0.970, SOC: 100.0%",0
2026-01-01T12:04:45Z,GRID_PASS,100.0,0.0,"B1 logic. V: 0.970, SOC: 100.0%",0
2026-01-01T12:04:50Z,GRID_PASS,100.0,0.0,"B1 logic. V: 0.970, SOC: 100.0%",0
2026-01-01T12:04:55Z,GRID_PASS,100.0,0.0,"B1 logic. V: 0.970, SOC: 100.0%",0
2026-01-01T12:05:00Z,GRID_PASS,100.0,0.0,"B1 logic. V: 0.970, SOC: 100.0%",0
2026-01-01T12:05:05Z,GRID_PASS,100.0,0.0,"B1 logic. V: 0.970, SOC: 100.0%",0
2026-01-01T12:05:10Z,GRID_PASS,100.0,0.0,"B1 logic. V: 0.970, SOC: 100.0%",0
2026-01-01T12:05:15Z,GRID_PASS,100.0,0.0,"B1 logic. V: 0.970, SOC: 100.0%",0
2026-01-01T12:05:20Z,GRID_PASS,100.0,0.0,"B1 logic. V: 0.970, SOC: 100.0%",0
2026-01-01T12:05:25Z,GRID_PASS,100.0,0.0,"B1 logic. V: 0.970, SOC: 100.0%",0
2026-01-01T12:05:30Z,GRID_PASS,100.0,0.0,"B1 logic. V: 0.970, SOC: 100.0%",0
2026-01-01T12:05:35Z,GRID_PASS,100.0,0.0,"B1 logic. V: 0.970, SOC: 100.0%",0
2026-01-01T12:05:40Z,GRID_PASS,100.0,0.0,"B1 logic. V: 0.970, SOC: 100.0%",0
2026-01-01T12:05:45Z,GRID_PASS,100.0,0.0,"B1 logic. V: 0.970, SOC: 100.0%",0
2026-01-01T12:05:50Z,GRID_PASS,100.0,0.0,"B1 logic. V: 0.970, SOC: 100.0%",0
2026-01-01T12:05:55Z,GRID_PASS,100.0,0.0,"B1 logic. V: 0.970, SOC: 100.0%",0
2026-01-01T12:06:00Z,GRID_PASS,100.0,0.0,"B1 logic. V: 0.970, SOC: 100.0%",0
2026-01-01T12:06:05Z,GRID_PASS,100.0,0.0,"B1 logic. V: 0.970, SOC: 100.0%",0
2026-01-01T12:06:10Z,GRID_PASS,100.0,0.0,"B1 logic. V: 0.970, SOC: 100.0%",0
2026-01-01T12:06:15Z,GRID_PASS,100.0,0.0,"B1 logic. V: 0.970, SOC: 100.0%",0
2026-01-01T12:06:20Z,GRID_PASS,100.0,0.0,"B1 logic. V: 0.970, SOC: 100.0%",0
2026-01-01T12:06:25Z,GRID_PASS,100.0,0.0,"B1 logic. V: 0.970, SOC: 100.0%",0
2026-01-01T12:06:30Z,GRID_PASS,100.0,0.0,"B1 logic. V: 0.970, SOC: 100.0%",0
2026-01-01T12:06:35Z,GRID_PASS,100.0,0.0,"B1 logic. V: 0.970, SOC: 100.0%",0
2026-01-01T12:06:40Z,GRID_PASS,100.0,0.0,"B1 logic. V: 0.970, SOC: 100.0%",0
2026-01-01T12:06:45Z,GRID_PASS,100.0,0.0,"B1 logic. V: 0.970, SOC: 100.0%",0
2026-01-01T12:06:50Z,GRID_PASS,100.0,0.0,"B1 logic. V: 0.970, SOC: 100.0%",0
2026-01-01T12:06:55Z,GRID_PASS,100.0,0.0,"B1 logic. V: 0.970, SOC: 100.0%",0
2026-01-01T12:07:00Z,GRID_PASS,100.0,0.0,"B1 logic. V: 0.970, SOC: 100.0%",0
2026-01-01T12:07:05Z,GRID_PASS,100.0,0.0,"B1 logic. V: 0.970, SOC: 100.0%",0
2026-01-01T12:07:10Z,GRID_PASS,100.0,0.0,"B1 logic. V: 0.970, SOC: 100.0%",0
2026-01-01T12:07:15Z,GRID_PASS,100.0,0.0,"B1 logic. V: 0.970, SOC: 100.0%",0
2026-01-01T12:07:20Z,GRID_PASS,100.0,0.0,"B1 logic. V: 0.970, SOC: 100.0%",0
2026-01-01T12:07:25Z,GRID_PASS,100.0,0.0,"B1 logic. V: 0.970, SOC: 100.0%",0
2026-01-01T12:07:30Z,GRID_PASS,100.0,0.0,"B1 logic. V: 0.970, SOC: 100.0%",0
2026-01-01T12:07:35Z,GRID_PASS,100.0,0.0,"B1 logic. V: 0.970, SOC: 100.0%",0
2026-01-01T12:07:40Z,GRID_PASS,100.0,0.0,"B1 logic. V: 0.970, SOC: 100.0%",0
2026-01-01T12:07:45Z,GRID_PASS,100.0,0.0,"B1 logic. V: 0.970, SOC: 100.0%",0
2026-01-01T12:07:50Z,GRID_PASS,100.0,0.0,"B1 logic. V: 0.970, SOC: 100.0%",0
2026-01-01T12:07:55Z,GRID_PASS,100.0,0.0,"B1 logic. V: 0.970, SOC: 100.0%",0
2026-01-01T12:08:00Z,GRID_PASS,100.0,0.0,"B1 logic. V: 0.970, SOC: 100.0%",0
2026-01-01T12:08:05Z,GRID_PASS,100.0,0.0,"B1 logic. V: 0.970, SOC: 100.0%",0
2026-01-01T12:08:10Z,GRID_PASS,100.0,0.0,"B1 logic. V: 0.970, SOC: 100.0%",0
2026-01-01T12:08:15Z,GRID_PASS,100.0,0.0,"B1 logic. V: 0.970, SOC: 100.0%",0
2026-01-01T12:08:20Z,GRID_PASS,100.0,0.0,"B1 logic. V: 0.970, SOC: 100.0%",0
2026-01-01T12:08:25Z,GRID_PASS,100.0,0.0,"B1 logic. V: 0.970, SOC: 100.0%",0
2026-01-01T12:08:30Z,GRID_PASS,100.0,0.0,"B1 logic. V: 0.970, SOC: 100.0%",0
2026-01-01T12:08:35Z,GRID_PASS,100.0,0.0,"B1 logic. V: 0.970, SOC: 100.0%",0
2026-01-01T12:08:40Z,GRID_PASS,100.0,0.0,"B1 logic. V: 0.970, SOC: 100.0%",0
2026-01-01T12:08:45Z,GRID_PASS,100.0,0.0,"B1 logic. V: 0.970, SOC: 100.0%",0
2026-01-01T12:08:50Z,GRID_PASS,100.0,0.0,"B1 logic. V: 0.970, SOC: 100.0%",0
2026-01-01T12:08:55Z,GRID_PASS,100.0,0.0,"B1 logic. V: 0.970, SOC: 100.0%",0
2026-01-01T12:09:00Z,GRID_PASS,100.0,0.0,"B1 logic. V: 0.970, SOC: 100.0%",0
2026-01-01T12:09:05Z,GRID_PASS,100.0,0.0,"B1 logic. V: 0.970, SOC: 100.0%",0
2026-01-01T12:09:10Z,GRID_PASS,100.0,0.0,"B1 logic. V: 0.970, SOC: 100.0%",0
2026-01-01T12:09:15Z,GRID_PASS,100.0,0.0,"B1 logic. V: 0.970, SOC: 100.0%",0
2026-01-01T12:09:20Z,GRID_PASS,100.0,0.0,"B1 logic. V: 0.970, SOC: 100.0%",0
2026-01-01T12:09:25Z,GRID_PASS,100.0,0.0,"B1 logic. V: 0.970, SOC: 100.0%",0
2026-01-01T12:09:30Z,GRID_PASS,100.0,0.0,"B1 logic. V: 0.970, SOC: 100.0%",0
2026-01-01T12:09:35Z,GRID_PASS,100.0,0.0,"B1 logic. V: 0.970, SOC: 100.0%",0
2026-01-01T12:09:40Z,GRID_PASS,100.0,0.0,"B1 logic. V: 0.970, SOC: 100.0%",0
2026-01-01T12:09:45Z,GRID_PASS,100.0,0.0,"B1 logic. V: 0.970, SOC: 100.0%",0
2026-01-01T12:09:50Z,GRID_PASS,100.0,0.0,"B1 logic. V: 0.970, SOC: 100.0%",0
2026-01-01T12:09:55Z,GRID_PASS,100.0,0.0,"B1 logic. V: 0.970, SOC: 100.0%",0
2026-01-01T12:10:00Z,GRID_PASS,100.0,0.0,"B1 logic. V: 0.970, SOC: 100.0%",0
2026-01-01T12:10:05Z,GRID_PASS,100.0,0.0,"B1 logic. V: 0.970, SOC: 100.0%",0
2026-01-01T12:10:10Z,GRID_PASS,100.0,0.0,"B1 logic. V: 0.970, SOC: 100.0%",0
2026-01-01T12:10:15Z,GRID_PASS,100.0,0.0,"B1 logic. V: 0.970, SOC: 100.0%",0
2026-01-01T12:10:20Z,GRID_PASS,100.0,0.0,"B1 logic. V: 0.970, SOC: 100.0%",0
2026-01-01T12:10:25Z,GRID_PASS,100.0,0.0,"B1 logic. V: 0.970, SOC: 100.0%",0
2026-01-01T12:10:30Z,GRID_PASS,100.0,0.0,"B1 logic. V: 0.970, SOC: 100.0%",0
2026-01-01T12:10:35Z,GRID_PASS,100.0,0.0,"B1 logic. V: 0.970, SOC: 100.0%",0
2026-01-01T12:10:40Z,GRID_PASS,100.0,0.0,"B1 logic. V: 0.970, SOC: 100.0%",0
2026-01-01T12:10:45Z,GRID_PASS,100.0,0.0,"B1 logic. V: 0.970, SOC: 100.0%",0
2026-01-01T12:10:50Z,GRID_PASS,100.0,0.0,"B1 logic. V: 0.970, SOC: 100.0%",0
2026-01-01T12:10:55Z,GRID_PASS,100.0,0.0,"B1 logic. V: 0.970, SOC: 100.0%",0
2026-01-01T12:11:00Z,GRID_PASS,100.0,0.0,"B1 logic. V: 0.970, SOC: 100.0%",0
2026-01-01T12:11:05Z,GRID_PASS,100.0,0.0,"B1 logic. V: 0.970, SOC: 100.0%",0
2026-01-01T12:11:10Z,GRID_PASS,100.0,0.0,"B1 logic. V: 0.970, SOC: 100.0%",0
2026-01-01T12:11:15Z,GRID_PASS,100.0,0.0,"B1 logic. V: 0.970, SOC: 100.0%",0
2026-01-01T12:11:20Z,GRID_PASS,100.0,0.0,"B1 logic. V: 0.970, SOC: 100.0%",0
2026-01-01T12:11:25Z,GRID_PASS,100.0,0.0,"B1 logic. V: 0.970, SOC: 100.0%",0
2026-01-01T12:11:30Z,GRID_PASS,100.0,0.0,"B1 logic. V: 0.970, SOC: 100.0%",0
2026-01-01T12:11:35Z,GRID_PASS,100.0,0.0,"B1 logic. V: 0.970, SOC: 100.0%",0
2026-01-01T12:11:40Z,GRID_PASS,100.0,0.0,"B1 logic. V: 0.970, SOC: 100.0%",0
2026-01-01T12:11:45Z,GRID_PASS,100.0,0.0,"B1 logic. V: 0.970, SOC: 100.0%",0
2026-01-01T12:11:50Z,GRID_PASS,100.0,0.0,"B1 logic. V: 0.970, SOC: 100.0%",0
2026-01-01T12:11:55Z,GRID_PASS,100.0,0.0,"B1 logic. V: 0.970, SOC: 100.0%",0
2026-01-01T12:12:00Z,GRID_PASS,100.0,0.0,"B1 logic. V: 0.970, SOC: 100.0%",0
2026-01-01T12:12:05Z,GRID_PASS,100.0,0.0,"B1 logic. V: 0.970, SOC: 100.0%",0
2026-01-01T12:12:10Z,GRID_PASS,100.0,0.0,"B1 logic. V: 0.970, SOC: 100.0%",0
2026-01-01T12:12:15Z,GRID_PASS,100.0,0.0,"B1 logic. V: 0.970, SOC: 100.0%",0
2026-01-01T12:12:20Z,GRID_PASS,100.0,0.0,"B1 logic. V: 0.970, SOC: 100.0%",0
2026-01-01T12:12:25Z,GRID_PASS,100.0,0.0,"B1 logic. V: 0.970, SOC: 100.0%",0
2026-01-01T12:12:30Z,GRID_PASS,100.0,0.0,"B1 logic. V: 0.970, SOC: 100.0%",0
2026-01-01T12:12:35Z,GRID_PASS,100.0,0.0,"B1 logic. V: 0.970, SOC: 100.0%",0
2026-01-01T12:12:40Z,GRID_PASS,100.0,0.0,"B1 logic. V: 0.970, SOC: 100.0%",0
2026-01-01T12:12:45Z,GRID_PASS,100.0,0.0,"B1 logic. V: 0.970, SOC: 100.0%",0
2026-01-01T12:12:50Z,GRID_PASS,100.0,0.0,"B1 logic. V: 0.970, SOC: 100.0%",0
2026-01-01T12:12:55Z,GRID_PASS,100.0,0.0,"B1 logic. V: 0.970, SOC: 100.0%",0
2026-01-01T12:13:00Z,GRID_PASS,100.0,0.0,"B1 logic. V: 0.970, SOC: 100.0%",0
2026-01-01T12:13:05Z,GRID_PASS,100.0,0.0,"B1 logic. V: 0.970, SOC: 100.0%",0
2026-01-01T12:13:10Z,GRID_PASS,100.0,0.0,"B1 logic. V: 0.970, SOC: 100.0%",0
2026-01-01T12:13:15Z,GRID_PASS,100.0,0.0,"B1 logic. V: 0.970, SOC: 100.0%",0
2026-01-01T12:13:20Z,GRID_PASS,100.0,0.0,"B1 logic. V: 0.970, SOC: 100.0%",0
2026-01-01T12:13:25Z,GRID_PASS,100.0,0.0,"B1 logic. V: 0.970, SOC: 100.0%",0
2026-01-01T12:13:30Z,GRID_PASS,100.0,0.0,"B1 logic. V: 0.970, SOC: 100.0%",0
2026-01-01T12:13:35Z,GRID_PASS,100.0,0.0,"B1 logic. V: 0.970, SOC: 100.0%",0
2026-01-01T12:13:40Z,GRID_PASS,100.0,0.0,"B1 logic. V: 0.970, SOC: 100.0%",0
2026-01-01T12:13:45Z,GRID_PASS,100.0,0.0,"B1 logic. V: 0.970, SOC: 100.0%",0
2026-01-01T12:13:50Z,GRID_PASS,100.0,0.0,"B1 logic. V: 0.970, SOC: 100.0%",0
2026-01-01T12:13:55Z,GRID_PASS,100.0,0.0,"B1 logic. V: 0.970, SOC: 100.0%",0
2026-01-01T12:14:00Z,GRID_PASS,100.0,0.0,"B1 logic. V: 0.970, SOC: 100.0%",0
2026-01-01T12:14:05Z,GRID_PASS,100.0,0.0,"B1 logic. V: 0.970, SOC: 100.0%",0
2026-01-01T12:14:10Z,GRID_PASS,100.0,0.0,"B1 logic. V: 0.970, SOC: 100.0%",0
2026-01-01T12:14:15Z,GRID_PASS,100.0,0.0,"B1 logic. V: 0.970, SOC: 100.0%",0
2026-01-01T12:14:20Z,GRID_PASS,100.0,0.0,"B1 logic. V: 0.970, SOC: 100.0%",0
2026-01-01T12:14:25Z,GRID_PASS,100.0,0.0,"B1 logic. V: 0.970, SOC: 100.0%",0
2026-01-01T12:14:30Z,GRID_PASS,100.0,0.0,"B1 logic. V: 0.970, SOC: 100.0%",0
2026-01-01T12:14:35Z,GRID_PASS,100.0,0.0,"B1 logic. V: 0.970, SOC: 100.0%",0
2026-01-01T12:14:40Z,GRID_PASS,100.0,0.0,"B1 logic. V: 0.970, SOC: 100.0%",0
2026-01-01T12:14:45Z,GRID_PASS,100.0,0.0,"B1 logic. V: 0.970, SOC: 100.0%",0
2026-01-01T12:14:50Z,GRID_PASS,100.0,0.0,"B1 logic. V: 0.970, SOC: 100.0%",0
2026-01-01T12:14:55Z,GRID_PASS,100.0,0.0,"B1 logic. V: 0.970, SOC: 100.0%",0
2026-01-01T12:15:00Z,GRID_PASS,100.0,0.0,"B1 logic. V: 0.970, SOC: 100.0%",0
2026-01-01T12:15:05Z,GRID_PASS,100.0,0.0,"B1 logic. V: 0.970, SOC: 100.0%",0
2026-01-01T12:15:10Z,GRID_PASS,100.0,0.0,"B1 logic. V: 0.970, SOC: 100.0%",0
2026-01-01T12:15:15Z,GRID_PASS,100.0,0.0,"B1 logic. V: 0.970, SOC: 100.0%",0
2026-01-01T12:15:20Z,GRID_PASS,100.0,0.0,"B1 logic. V: 0.970, SOC: 100.0%",0
2026-01-01T12:15:25Z,GRID_PASS,100.0,0.0,"B1 logic. V: 0.970, SOC: 100.0%",0
2026-01-01T12:15:30Z,GRID_PASS,100.0,0.0,"B1 logic. V: 0.970, SOC: 100.0%",0
2026-01-01T12:15:35Z,GRID_PASS,100.0,0.0,"B1 logic. V: 0.970, SOC: 100.0%",0
2026-01-01T12:15:40Z,GRID_PASS,100.0,0.0,"B1 logic. V: 0.970, SOC: 100.0%",0
2026-01-01T12:15:45Z,GRID_PASS,100.0,0.0,"B1 logic. V: 0.970, SOC: 100.0%",0
2026-01-01T12:15:50Z,GRID_PASS,100.0,0.0,"B1 logic. V: 0.970, SOC: 100.0%",0
2026-01-01T12:15:55Z,GRID_PASS,100.0,0.0,"B1 logic. V: 0.970, SOC: 100.0%",0
2026-01-01T12:16:00Z,GRID_PASS,100.0,0.0,"B1 logic. V: 0.970, SOC: 100.0%",0
2026-01-01T12:16:05Z,GRID_PASS,100.0,0.0,"B1 logic. V: 0.970, SOC: 100.0%",0
2026-01-01T12:16:10Z,GRID_PASS,100.0,0.0,"B1 logic. V: 0.970, SOC: 100.0%",0
2026-01-01T12:16:15Z,GRID_PASS,100.0,0.0,"B1 logic. V: 0.970, SOC: 100.0%",0
2026-01-01T12:16:20Z,GRID_PASS,100.0,0.0,"B1 logic. V: 0.970, SOC: 100.0%",0
2026-01-01T12:16:25Z,GRID_PASS,100.0,0.0,"B1 logic. V: 0.970, SOC: 100.0%",0
2026-01-01T12:16:30Z,GRID_PASS,100.0,0.0,"B1 logic. V: 0.970, SOC: 100.0%",0
2026-01-01T12:16:35Z,GRID_PASS,100.0,0.0,"B1 logic. V: 0.970, SOC: 100.0%",0
2026-01-01T12:16:40Z,GRID_PASS,100.0,0.0,"B1 logic. V: 0.970, SOC: 100.0%",0
2026-01-01T12:16:45Z,GRID_PASS,100.0,0.0,"B1 logic. V: 0.970, SOC: 100.0%",0
2026-01-01T12:16:50Z,GRID_PASS,100.0,0.0,"B1 logic. V: 0.970, SOC: 100.0%",0
2026-01-01T12:16:55Z,GRID_PASS,100.0,0.0,"B1 logic. V: 0.970, SOC: 100.0%",0
2026-01-01T12:17:00Z,GRID_PASS,100.0,0.0,"B1 logic. V: 0.970, SOC: 100.0%",0
2026-01-01T12:17:05Z,GRID_PASS,100.0,0.0,"B1 logic. V: 0.970, SOC: 100.0%",0
2026-01-01T12:17:10Z,GRID_PASS,100.0,0.0,"B1 logic. V: 0.970, SOC: 100.0%",0
2026-01-01T12:17:15Z,GRID_PASS,100.0,0.0,"B1 logic. V: 0.970, SOC: 100.0%",0
2026-01-01T12:17:20Z,GRID_PASS,100.0,0.0,"B1 logic. V: 0.970, SOC: 100.0%",0
2026-01-01T12:17:25Z,GRID_PASS,100.0,0.0,"B1 logic. V: 0.970, SOC: 100.0%",0
2026-01-01T12:17:30Z,GRID_PASS,100.0,0.0,"B1 logic. V: 0.970, SOC: 100.0%",0
2026-01-01T12:17:35Z,GRID_PASS,100.0,0.0,"B1 logic. V: 0.970, SOC: 100.0%",0
2026-01-01T12:17:40Z,GRID_PASS,100.0,0.0,"B1 logic. V: 0.970, SOC: 100.0%",0
2026-01-01T12:17:45Z,GRID_PASS,100.0,0.0,"B1 logic. V: 0.970, SOC: 100.0%",0
2026-01-01T12:17:50Z,GRID_PASS,100.0,0.0,"B1 logic. V: 0.970, SOC: 100.0%",0
2026-01-01T12:17:55Z,GRID_PASS,100.0,0.0,"B1 logic. V: 0.970, SOC: 100.0%",0
2026-01-01T12:18:00Z,GRID_PASS,100.0,0.0,"B1 logic. V: 0.970, SOC: 100.0%",0
2026-01-01T12:18:05Z,GRID_PASS,100.0,0.0,"B1 logic. V: 0.970, SOC: 100.0%",0
2026-01-01T12:18:10Z,GRID_PASS,100.0,0.0,"B1 logic. V: 0.970, SOC: 100.0%",0
2026-01-01T12:18:15Z,GRID_PASS,100.0,0.0,"B1 logic. V: 0.970, SOC: 100.0%",0
2026-01-01T12:18:20Z,GRID_PASS,100.0,0.0,"B1 logic. V: 0.970, SOC: 100.0%",0
2026-01-01T12:18:25Z,GRID_PASS,100.0,0.0,"B1 logic. V: 0.970, SOC: 100.0%",0
2026-01-01T12:18:30Z,GRID_PASS,100.0,0.0,"B1 logic. V: 0.970, SOC: 100.0%",0
2026-01-01T12:18:35Z,GRID_PASS,100.0,0.0,"B1 logic. V: 0.970, SOC: 100.0%",0
2026-01-01T12:18:40Z,GRID_PASS,100.0,0.0,"B1 logic. V: 0.970, SOC: 100.0%",0
2026-01-01T12:18:45Z,GRID_PASS,100.0,0.0,"B1 logic. V: 0.970, SOC: 100.0%",0
2026-01-01T12:18:50Z,GRID_PASS,100.0,0.0,"B1 logic. V: 0.970, SOC: 100.0%",0
2026-01-01T12:18:55Z,GRID_PASS,100.0,0.0,"B1 logic. V: 0.970, SOC: 100.0%",0
2026-01-01T12:19:00Z,GRID_PASS,100.0,0.0,"B1 logic. V: 0.970, SOC: 100.0%",0
2026-01-01T12:19:05Z,GRID_PASS,100.0,0.0,"B1 logic. V: 0.970, SOC: 100.0%",0
2026-01-01T12:19:10Z,GRID_PASS,100.0,0.0,"B1 logic. V: 0.970, SOC: 100.0%",0
2026-01-01T12:19:15Z,GRID_PASS,100.0,0.0,"B1 logic. V: 0.970, SOC: 100.0%",0
2026-01-01T12:19:20Z,GRID_PASS,100.0,0.0,"B1 logic. V: 0.970, SOC: 100.0%",0
2026-01-01T12:19:25Z,GRID_PASS,100.0,0.0,"B1 logic. V: 0.970, SOC: 100.0%",0
2026-01-01T12:19:30Z,GRID_PASS,100.0,0.0,"B1 logic. V: 0.970, SOC: 100.0%",0
2026-01-01T12:19:35Z,GRID_PASS,100.0,0.0,"B1 logic. V: 0.970, SOC: 100.0%",0
2026-01-01T12:19:40Z,GRID_PASS,100.0,0.0,"B1 logic. V: 0.970, SOC: 100.0%",0
2026-01-01T12:19:45Z,GRID_PASS,100.0,0.0,"B1 logic. V: 0.970, SOC: 100.0%",0
2026-01-01T12:19:50Z,GRID_PASS,100.0,0.0,"B1 logic. V: 0.970, SOC: 100.0%",0
2026-01-01T12:19:55Z,GRID_PASS,100.0,0.0,"B1 logic. V: 0.970, SOC: 100.0%",0
2026-01-01T12:20:00Z,GRID_PASS,100.0,0.0,"B1 logic. V: 0.970, SOC: 100.0%",0
2026-01-01T12:20:05Z,GRID_PASS,100.0,0.0,"B1 logic. V: 0.970, SOC: 100.0%",0
2026-01-01T12:20:10Z,GRID_PASS,100.0,0.0,"B1 logic. V: 0.970, SOC: 100.0%",0
2026-01-01T12:20:15Z,GRID_PASS,100.0,0.0,"B1 logic. V: 0.970, SOC: 100.0%",0
2026-01-01T12:20:20Z,GRID_PASS,100.0,0.0,"B1 logic. V: 0.970, SOC: 100.0%",0
2026-01-01T12:20:25Z,GRID_PASS,100.0,0.0,"B1 logic. V: 0.970, SOC: 100.0%",0
2026-01-01T12:20:30Z,GRID_PASS,100.0,0.0,"B1 logic. V: 0.970, SOC: 100.0%",0
2026-01-01T12:20:35Z,GRID_PASS,100.0,0.0,"B1 logic. V: 0.970, SOC: 100.0%",0
2026-01-01T12:20:40Z,GRID_PASS,100.0,0.0,"B1 logic. V: 0.970, SOC: 100.0%",0
2026-01-01T12:20:45Z,GRID_PASS,100.0,0.0,"B1 logic. V: 0.970, SOC: 100.0%",0
2026-01-01T12:20:50Z,GRID_PASS,100.0,0.0,"B1 logic. V: 0.970, SOC: 100.0%",0
2026-01-01T12:20:55Z,GRID_PASS,100.0,0.0,"B1 logic. V: 0.970, SOC: 100.0%",0
2026-01-01T12:21:00Z,GRID_PASS,100.0,0.0,"B1 logic. V: 0.970, SOC: 100.0%",0
2026-01-01T12:21:05Z,GRID_PASS,100.0,0.0,"B1 logic. V: 0.970, SOC: 100.0%",0
2026-01-01T12:21:10Z,GRID_PASS,100.0,0.0,"B1 logic. V: 0.970, SOC: 100.0%",0
2026-01-01T12:21:15Z,GRID_PASS,100.0,0.0,"B1 logic. V: 0.970, SOC: 100.0%",0
2026-01-01T12:21:20Z,GRID_PASS,100.0,0.0,"B1 logic. V: 0.970, SOC: 100.0%",0
2026-01-01T12:21:25Z,GRID_PASS,100.0,0.0,"B1 logic. V: 0.970, SOC: 100.0%",0
2026-01-01T12:21:30Z,GRID_PASS,100.0,0.0,"B1 logic. V: 0.970, SOC: 100.0%",0
2026-01-01T12:21:35Z,GRID_PASS,100.0,0.0,"B1 logic. V: 0.970, SOC: 100.0%",0
2026-01-01T12:21:40Z,GRID_PASS,100.0,0.0,"B1 logic. V: 0.970, SOC: 100.0%",0
2026-01-01T12:21:45Z,GRID_PASS,100.0,0.0,"B1 logic. V: 0.970, SOC: 100.0%",0
2026-01-01T12:21:50Z,GRID_PASS,100.0,0.0,"B1 logic. V: 0.970, SOC: 100.0%",0
2026-01-01T12:21:55Z,GRID_PASS,100.0,0.0,"B1 logic. V: 0.970, SOC: 100.0%",0
2026-01-01T12:22:00Z,GRID_PASS,100.0,0.0,"B1 logic. V: 0.970, SOC: 100.0%",0
2026-01-01T12:22:05Z,GRID_PASS,100.0,0.0,"B1 logic. V: 0.970, SOC: 100.0%",0
2026-01-01T12:22:10Z,GRID_PASS,100.0,0.0,"B1 logic. V: 0.970, SOC: 100.0%",0
2026-01-01T12:22:15Z,GRID_PASS,100.0,0.0,"B1 logic. V: 0.970, SOC: 100.0%",0
2026-01-01T12:22:20Z,GRID_PASS,100.0,0.0,"B1 logic. V: 0.970, SOC: 100.0%",0
2026-01-01T12:22:25Z,GRID_PASS,100.0,0.0,"B1 logic. V: 0.970, SOC: 100.0%",0
2026-01-01T12:22:30Z,GRID_PASS,100.0,0.0,"B1 logic. V: 0.970, SOC: 100.0%",0
2026-01-01T12:22:35Z,GRID_PASS,100.0,0.0,"B1 logic. V: 0.970, SOC: 100.0%",0
2026-01-01T12:22:40Z,GRID_PASS,100.0,0.0,"B1 logic. V: 0.970, SOC: 100.0%",0
2026-01-01T12:22:45Z,GRID_PASS,100.0,0.0,"B1 logic. V: 0.970, SOC: 100.0%",0
2026-01-01T12:22:50Z,GRID_PASS,100.0,0.0,"B1 logic. V: 0.970, SOC: 100.0%",0
2026-01-01T12:22:55Z,GRID_PASS,100.0,0.0,"B1 logic. V: 0.970, SOC: 100.0%",0
2026-01-01T12:23:00Z,GRID_PASS,100.0,0.0,"B1 logic. V: 0.970, SOC: 100.0%",0
2026-01-01T12:23:05Z,GRID_PASS,100.0,0.0,"B1 logic. V: 0.970, SOC: 100.0%",0
2026-01-01T12:23:10Z,GRID_PASS,100.0,0.0,"B1 logic. V: 0.970, SOC: 100.0%",0
2026-01-01T12:23:15Z,GRID_PASS,100.0,0.0,"B1 logic. V: 0.970, SOC: 100.0%",0
2026-01-01T12:23:20Z,GRID_PASS,100.0,0.0,"B1 logic. V: 0.970, SOC: 100.0%",0
2026-01-01T12:23:25Z,GRID_PASS,100.0,0.0,"B1 logic. V: 0.970, SOC: 100.0%",0
2026-01-01T12:23:30Z,GRID_PASS,100.0,0.0,"B1 logic. V: 0.970, SOC: 100.0%",0
2026-01-01T12:23:35Z,GRID_PASS,100.0,0.0,"B1 logic. V: 0.970, SOC: 100.0%",0
2026-01-01T12:23:40Z,GRID_PASS,100.0,0.0,"B1 logic. V: 0.970, SOC: 100.0%",0
2026-01-01T12:23:45Z,GRID_PASS,100.0,0.0,"B1 logic. V: 0.970, SOC: 100.0%",0
2026-01-01T12:23:50Z,GRID_PASS,100.0,0.0,"B1 logic. V: 0.970, SOC: 100.0%",0
2026-01-01T12:23:55Z,GRID_PASS,100.0,0.0,"B1 logic. V: 0.970, SOC: 100.0%",0
2026-01-01T12:24:00Z,GRID_PASS,100.0,0.0,"B1 logic. V: 0.970, SOC: 100.0%",0
2026-01-01T12:24:05Z,GRID_PASS,100.0,0.0,"B1 logic. V: 0.970, SOC: 100.0%",0
2026-01-01T12:24:10Z,GRID_PASS,100.0,0.0,"B1 logic. V: 0.970, SOC: 100.0%",0
2026-01-01T12:24:15Z,GRID_PASS,100.0,0.0,"B1 logic. V: 0.970, SOC: 100.0%",0
2026-01-01T12:24:20Z,GRID_PASS,100.0,0.0,"B1 logic. V: 0.970, SOC: 100.0%",0
2026-01-01T12:24:25Z,GRID_PASS,100.0,0.0,"B1 logic. V: 0.970, SOC: 100.0%",0
2026-01-01T12:24:30Z,GRID_PASS,100.0,0.0,"B1 logic. V: 0.970, SOC: 100.0%",0
2026-01-01T12:24:35Z,GRID_PASS,100.0,0.0,"B1 logic. V: 0.970, SOC: 100.0%",0
2026-01-01T12:24:40Z,GRID_PASS,100.0,0.0,"B1 logic. V: 0.970, SOC: 100.0%",0
2026-01-01T12:24:45Z,GRID_PASS,100.0,0.0,"B1 logic. V: 0.970, SOC: 100.0%",0
2026-01-01T12:24:50Z,GRID_PASS,100.0,0.0,"B1 logic. V: 0.970, SOC: 100.0%",0
2026-01-01T12:24:55Z,GRID_PASS,100.0,0.0,"B1 logic. V: 0.970, SOC: 100.0%",0
2026-01-01T12:25:00Z,GRID_PASS,100.0,0.0,"B1 logic. V: 0.970, SOC: 100.0%",0
2026-01-01T12:25:05Z,GRID_PASS,100.0,0.0,"B1 logic. V: 0.970, SOC: 100.0%",0
2026-01-01T12:25:10Z,GRID_PASS,100.0,0.0,"B1 logic. V: 0.970, SOC: 100.0%",0
2026-01-01T12:25:15Z,GRID_PASS,100.0,0.0,"B1 logic. V: 0.970, SOC: 100.0%",0
2026-01-01T12:25:20Z,GRID_PASS,100.0,0.0,"B1 logic. V: 0.970, SOC: 100.0%",0
2026-01-01T12:25:25Z,GRID_PASS,100.0,0.0,"B1 logic. V: 0.970, SOC: 100.0%",0
2026-01-01T12:25:30Z,GRID_PASS,100.0,0.0,"B1 logic. V: 0.970, SOC: 100.0%",0
2026-01-01T12:25:35Z,GRID_PASS,100.0,0.0,"B1 logic. V: 0.970, SOC: 100.0%",0
2026-01-01T12:25:40Z,GRID_PASS,100.0,0.0,"B1 logic. V: 0.970, SOC: 100.0%",0
2026-01-01T12:25:45Z,GRID_PASS,100.0,0.0,"B1 logic. V: 0.970, SOC: 100.0%",0
2026-01-01T12:25:50Z,GRID_PASS,100.0,0.0,"B1 logic. V: 0.970, SOC: 100.0%",0
2026-01-01T12:25:55Z,GRID_PASS,100.0,0.0,"B1 logic. V: 0.970, SOC: 100.0%",0
2026-01-01T12:26:00Z,GRID_PASS,100.0,0.0,"B1 logic. V: 0.970, SOC: 100.0%",0
2026-01-01T12:26:05Z,GRID_PASS,100.0,0.0,"B1 logic. V: 0.970, SOC: 100.0%",0
2026-01-01T12:26:10Z,GRID_PASS,100.0,0.0,"B1 logic. V: 0.970, SOC: 100.0%",0
2026-01-01T12:26:15Z,GRID_PASS,100.0,0.0,"B1 logic. V: 0.970, SOC: 100.0%",0
2026-01-01T12:26:20Z,GRID_PASS,100.0,0.0,"B1 logic. V: 0.970, SOC: 100.0%",0
2026-01-01T12:26:25Z,GRID_PASS,100.0,0.0,"B1 logic. V: 0.970, SOC: 100.0%",0
2026-01-01T12:26:30Z,GRID_PASS,100.0,0.0,"B1 logic. V: 0.970, SOC: 100.0%",0
2026-01-01T12:26:35Z,GRID_PASS,100.0,0.0,"B1 logic. V: 0.970, SOC: 100.0%",0
2026-01-01T12:26:40Z,GRID_PASS,100.0,0.0,"B1 logic. V: 0.970, SOC: 100.0%",0
2026-01-01T12:26:45Z,GRID_PASS,100.0,0.0,"B1 logic. V: 0.970, SOC: 100.0%",0
2026-01-01T12:26:50Z,GRID_PASS,100.0,0.0,"B1 logic. V: 0.970, SOC: 100.0%",0
2026-01-01T12:26:55Z,GRID_PASS,100.0,0.0,"B1 logic. V: 0.970, SOC: 100.0%",0
2026-01-01T12:27:00Z,GRID_PASS,100.0,0.0,"B1 logic. V: 0.970, SOC: 100.0%",0
2026-01-01T12:27:05Z,GRID_PASS,100.0,0.0,"B1 logic. V: 0.970, SOC: 100.0%",0
2026-01-01T12:27:10Z,GRID_PASS,100.0,0.0,"B1 logic. V: 0.970, SOC: 100.0%",0
2026-01-01T12:27:15Z,GRID_PASS,100.0,0.0,"B1 logic. V: 0.970, SOC: 100.0%",0
2026-01-01T12:27:20Z,GRID_PASS,100.0,0.0,"B1 logic. V: 0.970, SOC: 100.0%",0
2026-01-01T12:27:25Z,GRID_PASS,100.0,0.0,"B1 logic. V: 0.970, SOC: 100.0%",0
2026-01-01T12:27:30Z,GRID_PASS,100.0,0.0,"B1 logic. V: 0.970, SOC: 100.0%",0
2026-01-01T12:27:35Z,GRID_PASS,100.0,0.0,"B1 logic. V: 0.970, SOC: 100.0%",0
2026-01-01T12:27:40Z,GRID_PASS,100.0,0.0,"B1 logic. V: 0.970, SOC: 100.0%",0
2026-01-01T12:27:45Z,GRID_PASS,100.0,0.0,"B1 logic. V: 0.970, SOC: 100.0%",0
2026-01-01T12:27:50Z,GRID_PASS,100.0,0.0,"B1 logic. V: 0.970, SOC: 100.0%",0
2026-01-01T12:27:55Z,GRID_PASS,100.0,0.0,"B1 logic. V: 0.970, SOC: 100.0%",0
2026-01-01T12:28:00Z,GRID_PASS,100.0,0.0,"B1 logic. V: 0.970, SOC: 100.0%",0
2026-01-01T12:28:05Z,GRID_PASS,100.0,0.0,"B1 logic. V: 0.970, SOC: 100.0%",0
2026-01-01T12:28:10Z,GRID_PASS,100.0,0.0,"B1 logic. V: 0.970, SOC: 100.0%",0
2026-01-01T12:28:15Z,GRID_PASS,100.0,0.0,"B1 logic. V: 0.970, SOC: 100.0%",0
2026-01-01T12:28:20Z,GRID_PASS,100.0,0.0,"B1 logic. V: 0.970, SOC: 100.0%",0
2026-01-01T12:28:25Z,GRID_PASS,100.0,0.0,"B1 logic. V: 0.970, SOC: 100.0%",0
2026-01-01T12:28:30Z,GRID_PASS,100.0,0.0,"B1 logic. V: 0.970, SOC: 100.0%",0
2026-01-01T12:28:35Z,GRID_PASS,100.0,0.0,"B1 logic. V: 0.970, SOC: 100.0%",0
2026-01-01T12:28:40Z,GRID_PASS,100.0,0.0,"B1 logic. V: 0.970, SOC: 100.0%",0
2026-01-01T12:28:45Z,GRID_PASS,100.0,0.0,"B1 logic. V: 0.970, SOC: 100.0%",0
2026-01-01T12:28:50Z,GRID_PASS,100.0,0.0,"B1 logic. V: 0.970, SOC: 100.0%",0
2026-01-01T12:28:55Z,GRID_PASS,100.0,0.0,"B1 logic. V: 0.970, SOC: 100.0%",0
2026-01-01T12:29:00Z,GRID_PASS,100.0,0.0,"B1 logic. V: 0.970, SOC: 100.0%",0
2026-01-01T12:29:05Z,GRID_PASS,100.0,0.0,"B1 logic. V: 0.970, SOC: 100.0%",0
2026-01-01T12:29:10Z,GRID_PASS,100.0,0.0,"B1 logic. V: 0.970, SOC: 100.0%",0
2026-01-01T12:29:15Z,GRID_PASS,100.0,0.0,"B1 logic. V: 0.970, SOC: 100.0%",0
2026-01-01T12:29:20Z,GRID_PASS,100.0,0.0,"B1 logic. V: 0.970, SOC: 100.0%",0
2026-01-01T12:29:25Z,GRID_PASS,100.0,0.0,"B1 logic. V: 0.970, SOC: 100.0%",0
2026-01-01T12:29:30Z,GRID_PASS,100.0,0.0,"B1 logic. V: 0.970, SOC: 100.0%",0
2026-01-01T12:29:35Z,GRID_PASS,100.0,0.0,"B1 logic. V: 0.970, SOC: 100.0%",0
2026-01-01T12:29:40Z,GRID_PASS,100.0,0.0,"B1 logic. V: 0.970, SOC: 100.0%",0
2026-01-01T12:29:45Z,GRID_PASS,100.0,0.0,"B1 logic. V: 0.970, SOC: 100.0%",0
2026-01-01T12:29:50Z,GRID_PASS,100.0,0.0,"B1 logic. V: 0.970, SOC: 100.0%",0
2026-01-01T12:29:55Z,GRID_PASS,100.0,0.0,"B1 logic. V: 0.970, SOC: 100.0%",0
2026-01-01T12:30:00Z,GRID_PASS,100.0,0.0,"B1 logic. V: 0.970, SOC: 100.0%",0
2026-01-01T12:30:05Z,GRID_PASS,100.0,0.0,"B1 logic. V: 0.970, SOC: 100.0%",0
2026-01-01T12:30:10Z,GRID_PASS,100.0,0.0,"B1 logic. V: 0.970, SOC: 100.0%",0
2026-01-01T12:30:15Z,GRID_PASS,100.0,0.0,"B1 logic. V: 0.970, SOC: 100.0%",0
2026-01-01T12:30:20Z,GRID_PASS,100.0,0.0,"B1 logic. V: 0.970, SOC: 100.0%",0
2026-01-01T12:30:25Z,GRID_PASS,100.0,0.0,"B1 logic. V: 0.970, SOC: 100.0%",0
2026-01-01T12:30:30Z,GRID_PASS,100.0,0.0,"B1 logic. V: 0.970, SOC: 100.0%",0
2026-01-01T12:30:35Z,GRID_PASS,100.0,0.0,"B1 logic. V: 0.970, SOC: 100.0%",0
2026-01-01T12:30:40Z,GRID_PASS,100.0,0.0,"B1 logic. V: 0.970, SOC: 100.0%",0
2026-01-01T12:30:45Z,GRID_PASS,100.0,0.0,"B1 logic. V: 0.970, SOC: 100.0%",0
2026-01-01T12:30:50Z,GRID_PASS,100.0,0.0,"B1 logic. V: 0.970, SOC: 100.0%",0
2026-01-01T12:30:55Z,GRID_PASS,100.0,0.0,"B1 logic. V: 0.970, SOC: 100.0%",0
2026-01-01T12:31:00Z,GRID_PASS,100.0,0.0,"B1 logic. V: 0.970, SOC: 100.0%",0
2026-01-01T12:31:05Z,GRID_PASS,100.0,0.0,"B1 logic. V: 0.970, SOC: 100.0%",0
2026-01-01T12:31:10Z,GRID_PASS,100.0,0.0,"B1 logic. V: 0.970, SOC: 100.0%",0
2026-01-01T12:31:15Z,GRID_PASS,100.0,0.0,"B1 logic. V: 0.970, SOC: 100.0%",0
2026-01-01T12:31:20Z,GRID_PASS,100.0,0.0,"B1 logic. V: 0.970, SOC: 100.0%",0
2026-01-01T12:31:25Z,GRID_PASS,100.0,0.0,"B1 logic. V: 0.970, SOC: 100.0%",0
2026-01-01T12:31:30Z,GRID_PASS,100.0,0.0,"B1 logic. V: 0.970, SOC: 100.0%",0
2026-01-01T12:31:35Z,GRID_PASS,100.0,0.0,"B1 logic. V: 0.970, SOC: 100.0%",0
2026-01-01T12:31:40Z,GRID_PASS,100.0,0.0,"B1 logic. V: 0.970, SOC: 100.0%",0
2026-01-01T12:31:45Z,GRID_PASS,100.0,0.0,"B1 logic. V: 0.970, SOC: 100.0%",0
2026-01-01T12:31:50Z,GRID_PASS,100.0,0.0,"B1 logic. V: 0.970, SOC: 100.0%",0
2026-01-01T12:31:55Z,GRID_PASS,100.0,0.0,"B1 logic. V: 0.970, SOC: 100.0%",0
2026-01-01T12:32:00Z,GRID_PASS,100.0,0.0,"B1 logic. V: 0.970, SOC: 100.0%",0
2026-01-01T12:32:05Z,GRID_PASS,100.0,0.0,"B1 logic. V: 0.970, SOC: 100.0%",0
2026-01-01T12:32:10Z,GRID_PASS,100.0,0.0,"B1 logic. V: 0.970, SOC: 100.0%",0
2026-01-01T12:32:15Z,GRID_PASS,100.0,0.0,"B1 logic. V: 0.970, SOC: 100.0%",0
2026-01-01T12:32:20Z,GRID_PASS,100.0,0.0,"B1 logic. V: 0.970, SOC: 100.0%",0
2026-01-01T12:32:25Z,GRID_PASS,100.0,0.0,"B1 logic. V: 0.970, SOC: 100.0%",0
2026-01-01T12:32:30Z,GRID_PASS,100.0,0.0,"B1 logic. V: 0.970, SOC: 100.0%",0
2026-01-01T12:32:35Z,GRID_PASS,100.0,0.0,"B1 logic. V: 0.970, SOC: 100.0%",0
2026-01-01T12:32:40Z,GRID_PASS,100.0,0.0,"B1 logic. V: 0.970, SOC: 100.0%",0
2026-01-01T12:32:45Z,GRID_PASS,100.0,0.0,"B1 logic. V: 0.970, SOC: 100.0%",0
2026-01-01T12:32:50Z,GRID_PASS,100.0,0.0,"B1 logic. V: 0.970, SOC: 100.0%",0
2026-01-01T12:32:55Z,GRID_PASS,100.0,0.0,"B1 logic. V: 0.970, SOC: 100.0%",0
2026-01-01T12:33:00Z,GRID_PASS,100.0,0.0,"B1 logic. V: 0.970, SOC: 100.0%",0
2026-01-01T12:33:05Z,GRID_PASS,100.0,0.0,"B1 logic. V: 0.970, SOC: 100.0%",0
2026-01-01T12:33:10Z,GRID_PASS,100.0,0.0,"B1 logic. V: 0.970, SOC: 100.0%",0
2026-01-01T12:33:15Z,GRID_PASS,100.0,0.0,"B1 logic. V: 0.970, SOC: 100.0%",0
2026-01-01T12:33:20Z,GRID_PASS,100.0,0.0,"B1 logic. V: 0.970, SOC: 100.0%",0
2026-01-01T12:33:25Z,GRID_PASS,100.0,0.0,"B1 logic. V: 0.970, SOC: 100.0%",0
2026-01-01T12:33:30Z,GRID_PASS,100.0,0.0,"B1 logic. V: 0.970, SOC: 100.0%",0
2026-01-01T12:33:35Z,GRID_PASS,100.0,0.0,"B1 logic. V: 0.970, SOC: 100.0%",0
2026-01-01T12:33:40Z,GRID_PASS,100.0,0.0,"B1 logic. V: 0.970, SOC: 100.0%",0
2026-01-01T12:33:45Z,GRID_PASS,100.0,0.0,"B1 logic. V: 0.970, SOC: 100.0%",0
2026-01-01T12:33:50Z,GRID_PASS,100.0,0.0,"B1 logic. V: 0.970, SOC: 100.0%",0
2026-01-01T12:33:55Z,GRID_PASS,100.0,0.0,"B1 logic. V: 0.970, SOC: 100.0%",0
2026-01-01T12:34:00Z,GRID_PASS,100.0,0.0,"B1 logic. V: 0.970, SOC: 100.0%",0
2026-01-01T12:34:05Z,GRID_PASS,100.0,0.0,"B1 logic. V: 0.970, SOC: 100.0%",0
2026-01-01T12:34:10Z,GRID_PASS,100.0,0.0,"B1 logic. V: 0.970, SOC: 100.0%",0
2026-01-01T12:34:15Z,GRID_PASS,100.0,0.0,"B1 logic. V: 0.970, SOC: 100.0%",0
2026-01-01T12:34:20Z,GRID_PASS,100.0,0.0,"B1 logic. V: 0.970, SOC: 100.0%",0
2026-01-01T12:34:25Z,GRID_PASS,100.0,0.0,"B1 logic. V: 0.970, SOC: 100.0%",0
2026-01-01T12:34:30Z,GRID_PASS,100.0,0.0,"B1 logic. V: 0.970, SOC: 100.0%",0
2026-01-01T12:34:35Z,GRID_PASS,100.0,0.0,"B1 logic. V: 0.970, SOC: 100.0%",0
2026-01-01T12:34:40Z,GRID_PASS,100.0,0.0,"B1 logic. V: 0.970, SOC: 100.0%",0
2026-01-01T12:34:45Z,GRID_PASS,100.0,0.0,"B1 logic. V: 0.970, SOC: 100.0%",0
2026-01-01T12:34:50Z,GRID_PASS,100.0,0.0,"B1 logic. V: 0.970, SOC: 100.0%",0
2026-01-01T12:34:55Z,GRID_PASS,100.0,0.0,"B1 logic. V: 0.970, SOC: 100.0%",0
2026-01-01T12:35:00Z,GRID_PASS,100.0,0.0,"B1 logic. V: 0.970, SOC: 100.0%",0
2026-01-01T12:35:05Z,GRID_PASS,100.0,0.0,"B1 logic. V: 0.970, SOC: 100.0%",0
2026-01-01T12:35:10Z,GRID_PASS,100.0,0.0,"B1 logic. V: 0.970, SOC: 100.0%",0
2026-01-01T12:35:15Z,GRID_PASS,100.0,0.0,"B1 logic. V: 0.970, SOC: 100.0%",0
2026-01-01T12:35:20Z,GRID_PASS,100.0,0.0,"B1 logic. V: 0.970, SOC: 100.0%",0
2026-01-01T12:35:25Z,GRID_PASS,100.0,0.0,"B1 logic. V: 0.970, SOC: 100.0%",0
2026-01-01T12:35:30Z,GRID_PASS,100.0,0.0,"B1 logic. V: 0.970, SOC: 100.0%",0
2026-01-01T12:35:35Z,GRID_PASS,100.0,0.0,"B1 logic. V: 0.970, SOC: 100.0%",0
2026-01-01T12:35:40Z,GRID_PASS,100.0,0.0,"B1 logic. V: 0.970, SOC: 100.0%",0
2026-01-01T12:35:45Z,GRID_PASS,100.0,0.0,"B1 logic. V: 0.970, SOC: 100.0%",0
2026-01-01T12:35:50Z,GRID_PASS,100.0,0.0,"B1 logic. V: 0.970, SOC: 100.0%",0
2026-01-01T12:35:55Z,GRID_PASS,100.0,0.0,"B1 logic. V: 0.970, SOC: 100.0%",0
2026-01-01T12:36:00Z,GRID_PASS,100.0,0.0,"B1 logic. V: 0.970, SOC: 100.0%",0
2026-01-01T12:36:05Z,GRID_PASS,100.0,0.0,"B1 logic. V: 0.970, SOC: 100.0%",0
2026-01-01T12:36:10Z,GRID_PASS,100.0,0.0,"B1 logic. V: 0.970, SOC: 100.0%",0
2026-01-01T12:36:15Z,GRID_PASS,100.0,0.0,"B1 logic. V: 0.970, SOC: 100.0%",0
2026-01-01T12:36:20Z,GRID_PASS,100.0,0.0,"B1 logic. V: 0.970, SOC: 100.0%",0
2026-01-01T12:36:25Z,GRID_PASS,100.0,0.0,"B1 logic. V: 0.970, SOC: 100.0%",0
2026-01-01T12:36:30Z,GRID_PASS,100.0,0.0,"B1 logic. V: 0.970, SOC: 100.0%",0
2026-01-01T12:36:35Z,GRID_PASS,100.0,0.0,"B1 logic. V: 0.970, SOC: 100.0%",0
2026-01-01T12:36:40Z,GRID_PASS,100.0,0.0,"B1 logic. V: 0.970, SOC: 100.0%",0
2026-01-01T12:36:45Z,GRID_PASS,100.0,0.0,"B1 logic. V: 0.970, SOC: 100.0%",0
2026-01-01T12:36:50Z,GRID_PASS,100.0,0.0,"B1 logic. V: 0.970, SOC: 100.0%",0
2026-01-01T12:36:55Z,GRID_PASS,100.0,0.0,"B1 logic. V: 0.970, SOC: 100.0%",0
2026-01-01T12:37:00Z,GRID_PASS,100.0,0.0,"B1 logic. V: 0.970, SOC: 100.0%",0
2026-01-01T12:37:05Z,GRID_PASS,100.0,0.0,"B1 logic. V: 0.970, SOC: 100.0%",0
2026-01-01T12:37:10Z,GRID_PASS,100.0,0.0,"B1 logic. V: 0.970, SOC: 100.0%",0
2026-01-01T12:37:15Z,GRID_PASS,100.0,0.0,"B1 logic. V: 0.970, SOC: 100.0%",0
2026-01-01T12:37:20Z,GRID_PASS,100.0,0.0,"B1 logic. V: 0.970, SOC: 100.0%",0
2026-01-01T12:37:25Z,GRID_PASS,100.0,0.0,"B1 logic. V: 0.970, SOC: 100.0%",0
2026-01-01T12:37:30Z,GRID_PASS,100.0,0.0,"B1 logic. V: 0.970, SOC: 100.0%",0
2026-01-01T12:37:35Z,GRID_PASS,100.0,0.0,"B1 logic. V: 0.970, SOC: 100.0%",0
2026-01-01T12:37:40Z,GRID_PASS,100.0,0.0,"B1 logic. V: 0.970, SOC: 100.0%",0
2026-01-01T12:37:45Z,GRID_PASS,100.0,0.0,"B1 logic. V: 0.970, SOC: 100.0%",0
2026-01-01T12:37:50Z,GRID_PASS,100.0,0.0,"B1 logic. V: 0.970, SOC: 100.0%",0
2026-01-01T12:37:55Z,GRID_PASS,100.0,0.0,"B1 logic. V: 0.970, SOC: 100.0%",0
2026-01-01T12:38:00Z,GRID_PASS,100.0,0.0,"B1 logic. V: 0.970, SOC: 100.0%",0
2026-01-01T12:38:05Z,GRID_PASS,100.0,0.0,"B1 logic. V: 0.970, SOC: 100.0%",0
2026-01-01T12:38:10Z,GRID_PASS,100.0,0.0,"B1 logic. V: 0.970, SOC: 100.0%",0
2026-01-01T12:38:15Z,GRID_PASS,100.0,0.0,"B1 logic. V: 0.970, SOC: 100.0%",0
2026-01-01T12:38:20Z,GRID_PASS,100.0,0.0,"B1 logic. V: 0.970, SOC: 100.0%",0
2026-01-01T12:38:25Z,GRID_PASS,100.0,0.0,"B1 logic. V: 0.970, SOC: 100.0%",0
2026-01-01T12:38:30Z,GRID_PASS,100.0,0.0,"B1 logic. V: 0.970, SOC: 100.0%",0
2026-01-01T12:38:35Z,GRID_PASS,100.0,0.0,"B1 logic. V: 0.970, SOC: 100.0%",0
2026-01-01T12:38:40Z,GRID_PASS,100.0,0.0,"B1 logic. V: 0.970, SOC: 100.0%",0
2026-01-01T12:38:45Z,GRID_PASS,100.0,0.0,"B1 logic. V: 0.970, SOC: 100.0%",0
2026-01-01T12:38:50Z,GRID_PASS,100.0,0.0,"B1 logic. V: 0.970, SOC: 100.0%",0
2026-01-01T12:38:55Z,GRID_PASS,100.0,0.0,"B1 logic. V: 0.970, SOC: 100.0%",0
2026-01-01T12:39:00Z,GRID_PASS,100.0,0.0,"B1 logic. V: 0.970, SOC: 100.0%",0
2026-01-01T12:39:05Z,GRID_PASS,100.0,0.0,"B1 logic. V: 0.970, SOC: 100.0%",0
2026-01-01T12:39:10Z,GRID_PASS,100.0,0.0,"B1 logic. V: 0.970, SOC: 100.0%",0
2026-01-01T12:39:15Z,GRID_PASS,100.0,0.0,"B1 logic. V: 0.970, SOC: 100.0%",0
2026-01-01T12:39:20Z,GRID_PASS,100.0,0.0,"B1 logic. V: 0.970, SOC: 100.0%",0
2026-01-01T12:39:25Z,GRID_PASS,100.0,0.0,"B1 logic. V: 0.970, SOC: 100.0%",0
2026-01-01T12:39:30Z,GRID_PASS,100.0,0.0,"B1 logic. V: 0.970, SOC: 100.0%",0
2026-01-01T12:39:35Z,GRID_PASS,100.0,0.0,"B1 logic. V: 0.970, SOC: 100.0%",0
2026-01-01T12:39:40Z,GRID_PASS,100.0,0.0,"B1 logic. V: 0.970, SOC: 100.0%",0
2026-01-01T12:39:45Z,GRID_PASS,100.0,0.0,"B1 logic. V: 0.970, SOC: 100.0%",0
2026-01-01T12:39:50Z,GRID_PASS,100.0,0.0,"B1 logic. V: 0.970, SOC: 100.0%",0
2026-01-01T12:39:55Z,GRID_PASS,100.0,0.0,"B1 logic. V: 0.970, SOC: 100.0%",0
2026-01-01T12:40:00Z,GRID_PASS,100.0,0.0,"B1 logic. V: 0.970, SOC: 100.0%",0
2026-01-01T12:40:05Z,GRID_PASS,100.0,0.0,"B1 logic. V: 0.970, SOC: 100.0%",0
2026-01-01T12:40:10Z,GRID_PASS,100.0,0.0,"B1 logic. V: 0.970, SOC: 100.0%",0
2026-01-01T12:40:15Z,GRID_PASS,100.0,0.0,"B1 logic. V: 0.970, SOC: 100.0%",0
2026-01-01T12:40:20Z,GRID_PASS,100.0,0.0,"B1 logic. V: 0.970, SOC: 100.0%",0
2026-01-01T12:40:25Z,GRID_PASS,100.0,0.0,"B1 logic. V: 0.970, SOC: 100.0%",0
2026-01-01T12:40:30Z,GRID_PASS,100.0,0.0,"B1 logic. V: 0.970, SOC: 100.0%",0
2026-01-01T12:40:35Z,GRID_PASS,100.0,0.0,"B1 logic. V: 0.970, SOC: 100.0%",0
2026-01-01T12:40:40Z,GRID_PASS,100.0,0.0,"B1 logic. V: 0.970, SOC: 100.0%",0
2026-01-01T12:40:45Z,GRID_PASS,100.0,0.0,"B1 logic. V: 0.970, SOC: 100.0%",0
2026-01-01T12:40:50Z,GRID_PASS,100.0,0.0,"B1 logic. V: 0.970, SOC: 100.0%",0
2026-01-01T12:40:55Z,GRID_PASS,100.0,0.0,"B1 logic. V: 0.970, SOC: 100.0%",0
2026-01-01T12:41:00Z,GRID_PASS,100.0,0.0,"B1 logic. V: 0.970, SOC: 100.0%",0
2026-01-01T12:41:05Z,GRID_PASS,100.0,0.0,"B1 logic. V: 0.970, SOC: 100.0%",0
2026-01-01T12:41:10Z,GRID_PASS,100.0,0.0,"B1 logic. V: 0.970, SOC: 100.0%",0
2026-01-01T12:41:15Z,GRID_PASS,100.0,0.0,"B1 logic. V: 0.970, SOC: 100.0%",0
2026-01-01T12:41:20Z,GRID_PASS,100.0,0.0,"B1 logic. V: 0.970, SOC: 100.0%",0
2026-01-01T12:41:25Z,GRID_PASS,100.0,0.0,"B1 logic. V: 0.970, SOC: 100.0%",0
2026-01-01T12:41:30Z,GRID_PASS,100.0,0.0,"B1 logic. V: 0.970, SOC: 100.0%",0
2026-01-01T12:41:35Z,GRID_PASS,100.0,0.0,"B1 logic. V: 0.970, SOC: 100.0%",0
2026-01-01T12:41:40Z,GRID_PASS,100.0,0.0,"B1 logic. V: 0.970, SOC: 100.0%",0
2026-01-01T12:41:45Z,GRID_PASS,100.0,0.0,"B1 logic. V: 0.970, SOC: 100.0%",0
2026-01-01T12:41:50Z,GRID_PASS,100.0,0.0,"B1 logic. V: 0.970, SOC: 100.0%",0
2026-01-01T12:41:55Z,GRID_PASS,100.0,0.0,"B1 logic. V: 0.970, SOC: 100.0%",0
2026-01-01T12:42:00Z,GRID_PASS,100.0,0.0,"B1 logic. V: 0.970, SOC: 100.0%",0
2026-01-01T12:42:05Z,GRID_PASS,100.0,0.0,"B1 logic. V: 0.970, SOC: 100.0%",0
2026-01-01T12:42:10Z,GRID_PASS,100.0,0.0,"B1 logic. V: 0.970, SOC: 100.0%",0
2026-01-01T12:42:15Z,GRID_PASS,100.0,0.0,"B1 logic. V: 0.970, SOC: 100.0%",0
2026-01-01T12:42:20Z,GRID_PASS,100.0,0.0,"B1 logic. V: 0.970, SOC: 100.0%",0
2026-01-01T12:42:25Z,GRID_PASS,100.0,0.0,"B1 logic. V: 0.970, SOC: 100.0%",0
2026-01-01T12:42:30Z,GRID_PASS,100.0,0.0,"B1 logic. V: 0.970, SOC: 100.0%",0
2026-01-01T12:42:35Z,GRID_PASS,100.0,0.0,"B1 logic. V: 0.970, SOC: 100.0%",0
2026-01-01T12:42:40Z,GRID_PASS,100.0,0.0,"B1 logic. V: 0.970, SOC: 100.0%",0
2026-01-01T12:42:45Z,GRID_PASS,100.0,0.0,"B1 logic. V: 0.970, SOC: 100.0%",0
2026-01-01T12:42:50Z,GRID_PASS,100.0,0.0,"B1 logic. V: 0.970, SOC: 100.0%",0
2026-01-01T12:42:55Z,GRID_PASS,100.0,0.0,"B1 logic. V: 0.970, SOC: 100.0%",0
2026-01-01T12:43:00Z,GRID_PASS,100.0,0.0,"B1 logic. V: 0.970, SOC: 100.0%",0
2026-01-01T12:43:05Z,GRID_PASS,100.0,0.0,"B1 logic. V: 0.970, SOC: 100.0%",0
2026-01-01T12:43:10Z,GRID_PASS,100.0,0.0,"B1 logic. V: 0.970, SOC: 100.0%",0
2026-01-01T12:43:15Z,GRID_PASS,100.0,0.0,"B1 logic. V: 0.970, SOC: 100.0%",0
2026-01-01T12:43:20Z,GRID_PASS,100.0,0.0,"B1 logic. V: 0.970, SOC: 100.0%",0
2026-01-01T12:43:25Z,GRID_PASS,100.0,0.0,"B1 logic. V: 0.970, SOC: 100.0%",0
2026-01-01T12:43:30Z,GRID_PASS,100.0,0.0,"B1 logic. V: 0.970, SOC: 100.0%",0
2026-01-01T12:43:35Z,GRID_PASS,100.0,0.0,"B1 logic. V: 0.970, SOC: 100.0%",0
2026-01-01T12:43:40Z,GRID_PASS,100.0,0.0,"B1 logic. V: 0.970, SOC: 100.0%",0
2026-01-01T12:43:45Z,GRID_PASS,100.0,0.0,"B1 logic. V: 0.970, SOC: 100.0%",0
2026-01-01T12:43:50Z,GRID_PASS,100.0,0.0,"B1 logic. V: 0.970, SOC: 100.0%",0
2026-01-01T12:43:55Z,GRID_PASS,100.0,0.0,"B1 logic. V: 0.970, SOC: 100.0%",0
2026-01-01T12:44:00Z,GRID_PASS,100.0,0.0,"B1 logic. V: 0.970, SOC: 100.0%",0
2026-01-01T12:44:05Z,GRID_PASS,100.0,0.0,"B1 logic. V: 0.970, SOC: 100.0%",0
2026-01-01T12:44:10Z,GRID_PASS,100.0,0.0,"B1 logic. V: 0.970, SOC: 100.0%",0
2026-01-01T12:44:15Z,GRID_PASS,100.0,0.0,"B1 logic. V: 0.970, SOC: 100.0%",0
2026-01-01T12:44:20Z,GRID_PASS,100.0,0.0,"B1 logic. V: 0.970, SOC: 100.0%",0
2026-01-01T12:44:25Z,GRID_PASS,100.0,0.0,"B1 logic. V: 0.970, SOC: 100.0%",0
2026-01-01T12:44:30Z,GRID_PASS,100.0,0.0,"B1 logic. V: 0.970, SOC: 100.0%",0
2026-01-01T12:44:35Z,GRID_PASS,100.0,0.0,"B1 logic. V: 0.970, SOC: 100.0%",0
2026-01-01T12:44:40Z,GRID_PASS,100.0,0.0,"B1 logic. V: 0.970, SOC: 100.0%",0
2026-01-01T12:44:45Z,GRID_PASS,100.0,0.0,"B1 logic. V: 0.970, SOC: 100.0%",0
2026-01-01T12:44:50Z,GRID_PASS,100.0,0.0,"B1 logic. V: 0.970, SOC: 100.0%",0
2026-01-01T12:44:55Z,GRID_PASS,100.0,0.0,"B1 logic. V: 0.970, SOC: 100.0%",0
2026-01-01T12:45:00Z,GRID_PASS,100.0,0.0,"B1 logic. V: 0.970, SOC: 100.0%",0
2026-01-01T12:45:05Z,GRID_PASS,100.0,0.0,"B1 logic. V: 0.970, SOC: 100.0%",0
2026-01-01T12:45:10Z,GRID_PASS,100.0,0.0,"B1 logic. V: 0.970, SOC: 100.0%",0
2026-01-01T12:45:15Z,GRID_PASS,100.0,0.0,"B1 logic. V: 0.970, SOC: 100.0%",0
2026-01-01T12:45:20Z,GRID_PASS,100.0,0.0,"B1 logic. V: 0.970, SOC: 100.0%",0
2026-01-01T12:45:25Z,GRID_PASS,100.0,0.0,"B1 logic. V: 0.970, SOC: 100.0%",0
2026-01-01T12:45:30Z,GRID_PASS,100.0,0.0,"B1 logic. V: 0.970, SOC: 100.0%",0
2026-01-01T12:45:35Z,GRID_PASS,100.0,0.0,"B1 logic. V: 0.970, SOC: 100.0%",0
2026-01-01T12:45:40Z,GRID_PASS,100.0,0.0,"B1 logic. V: 0.970, SOC: 100.0%",0
2026-01-01T12:45:45Z,GRID_PASS,100.0,0.0,"B1 logic. V: 0.970, SOC: 100.0%",0
2026-01-01T12:45:50Z,GRID_PASS,100.0,0.0,"B1 logic. V: 0.970, SOC: 100.0%",0
2026-01-01T12:45:55Z,GRID_PASS,100.0,0.0,"B1 logic. V: 0.970, SOC: 100.0%",0
2026-01-01T12:46:00Z,GRID_PASS,100.0,0.0,"B1 logic. V: 0.970, SOC: 100.0%",0
2026-01-01T12:46:05Z,GRID_PASS,100.0,0.0,"B1 logic. V: 0.970, SOC: 100.0%",0
2026-01-01T12:46:10Z,GRID_PASS,100.0,0.0,"B1 logic. V: 0.970, SOC: 100.0%",0
2026-01-01T12:46:15Z,GRID_PASS,100.0,0.0,"B1 logic. V: 0.970, SOC: 100.0%",0
2026-01-01T12:46:20Z,GRID_PASS,100.0,0.0,"B1 logic. V: 0.970, SOC: 100.0%",0
2026-01-01T12:46:25Z,GRID_PASS,100.0,0.0,"B1 logic. V: 0.970, SOC: 100.0%",0
2026-01-01T12:46:30Z,GRID_PASS,100.0,0.0,"B1 logic. V: 0.970, SOC: 100.0%",0
2026-01-01T12:46:35Z,GRID_PASS,100.0,0.0,"B1 logic. V: 0.970, SOC: 100.0%",0
2026-01-01T12:46:40Z,GRID_PASS,100.0,0.0,"B1 logic. V: 0.970, SOC: 100.0%",0
2026-01-01T12:46:45Z,GRID_PASS,100.0,0.0,"B1 logic. V: 0.970, SOC: 100.0%",0
2026-01-01T12:46:50Z,GRID_PASS,100.0,0.0,"B1 logic. V: 0.970, SOC: 100.0%",0
2026-01-01T12:46:55Z,GRID_PASS,100.0,0.0,"B1 logic. V: 0.970, SOC: 100.0%",0
2026-01-01T12:47:00Z,GRID_PASS,100.0,0.0,"B1 logic. V: 0.970, SOC: 100.0%",0
2026-01-01T12:47:05Z,GRID_PASS,100.0,0.0,"B1 logic. V: 0.970, SOC: 100.0%",0
2026-01-01T12:47:10Z,GRID_PASS,100.0,0.0,"B1 logic. V: 0.970, SOC: 100.0%",0
2026-01-01T12:47:15Z,GRID_PASS,100.0,0.0,"B1 logic. V: 0.970, SOC: 100.0%",0
2026-01-01T12:47:20Z,GRID_PASS,100.0,0.0,"B1 logic. V: 0.970, SOC: 100.0%",0
2026-01-01T12:47:25Z,GRID_PASS,100.0,0.0,"B1 logic. V: 0.970, SOC: 100.0%",0
2026-01-01T12:47:30Z,GRID_PASS,100.0,0.0,"B1 logic. V: 0.970, SOC: 100.0%",0
2026-01-01T12:47:35Z,GRID_PASS,100.0,0.0,"B1 logic. V: 0.970, SOC: 100.0%",0
2026-01-01T12:47:40Z,GRID_PASS,100.0,0.0,"B1 logic. V: 0.970, SOC: 100.0%",0
2026-01-01T12:47:45Z,GRID_PASS,100.0,0.0,"B1 logic. V: 0.970, SOC: 100.0%",0
2026-01-01T12:47:50Z,GRID_PASS,100.0,0.0,"B1 logic. V: 0.970, SOC: 100.0%",0
2026-01-01T12:47:55Z,GRID_PASS,100.0,0.0,"B1 logic. V: 0.970, SOC: 100.0%",0
2026-01-01T12:48:00Z,GRID_PASS,100.0,0.0,"B1 logic. V: 0.970, SOC: 100.0%",0
2026-01-01T12:48:05Z,GRID_PASS,100.0,0.0,"B1 logic. V: 0.970, SOC: 100.0%",0
2026-01-01T12:48:10Z,GRID_PASS,100.0,0.0,"B1 logic. V: 0.970, SOC: 100.0%",0
2026-01-01T12:48:15Z,GRID_PASS,100.0,0.0,"B1 logic. V: 0.970, SOC: 100.0%",0
2026-01-01T12:48:20Z,GRID_PASS,100.0,0.0,"B1 logic. V: 0.970, SOC: 100.0%",0
2026-01-01T12:48:25Z,GRID_PASS,100.0,0.0,"B1 logic. V: 0.970, SOC: 100.0%",0
2026-01-01T12:48:30Z,GRID_PASS,100.0,0.0,"B1 logic. V: 0.970, SOC: 100.0%",0
2026-01-01T12:48:35Z,GRID_PASS,100.0,0.0,"B1 logic. V: 0.970, SOC: 100.0%",0
2026-01-01T12:48:40Z,GRID_PASS,100.0,0.0,"B1 logic. V: 0.970, SOC: 100.0%",0
2026-01-01T12:48:45Z,GRID_PASS,100.0,0.0,"B1 logic. V: 0.970, SOC: 100.0%",0
2026-01-01T12:48:50Z,GRID_PASS,100.0,0.0,"B1 logic. V: 0.970, SOC: 100.0%",0
2026-01-01T12:48:55Z,GRID_PASS,100.0,0.0,"B1 logic. V: 0.970, SOC: 100.0%",0
2026-01-01T12:49:00Z,GRID_PASS,100.0,0.0,"B1 logic. V: 0.970, SOC: 100.0%",0
2026-01-01T12:49:05Z,GRID_PASS,100.0,0.0,"B1 logic. V: 0.970, SOC: 100.0%",0
2026-01-01T12:49:10Z,GRID_PASS,100.0,0.0,"B1 logic. V: 0.970, SOC: 100.0%",0
2026-01-01T12:49:15Z,GRID_PASS,100.0,0.0,"B1 logic. V: 0.970, SOC: 100.0%",0
2026-01-01T12:49:20Z,GRID_PASS,100.0,0.0,"B1 logic. V: 0.970, SOC: 100.0%",0
2026-01-01T12:49:25Z,GRID_PASS,100.0,0.0,"B1 logic. V: 0.970, SOC: 100.0%",0
2026-01-01T12:49:30Z,GRID_PASS,100.0,0.0,"B1 logic. V: 0.970, SOC: 100.0%",0
2026-01-01T12:49:35Z,GRID_PASS,100.0,0.0,"B1 logic. V: 0.970, SOC: 100.0%",0
2026-01-01T12:49:40Z,GRID_PASS,100.0,0.0,"B1 logic. V: 0.970, SOC: 100.0%",0
2026-01-01T12:49:45Z,GRID_PASS,100.0,0.0,"B1 logic. V: 0.970, SOC: 100.0%",0
2026-01-01T12:49:50Z,GRID_PASS,100.0,0.0,"B1 logic. V: 0.970, SOC: 100.0%",0
2026-01-01T12:49:55Z,GRID_PASS,100.0,0.0,"B1 logic. V: 0.970, SOC: 100.0%",0
2026-01-01T12:50:00Z,GRID_PASS,100.0,0.0,"B1 logic. V: 0.970, SOC: 100.0%",0
2026-01-01T12:50:05Z,GRID_PASS,100.0,0.0,"B1 logic. V: 0.970, SOC: 100.0%",0
2026-01-01T12:50:10Z,GRID_PASS,100.0,0.0,"B1 logic. V: 0.970, SOC: 100.0%",0
2026-01-01T12:50:15Z,GRID_PASS,100.0,0.0,"B1 logic. V: 0.970, SOC: 100.0%",0
2026-01-01T12:50:20Z,GRID_PASS,100.0,0.0,"B1 logic. V: 0.970, SOC: 100.0%",0
2026-01-01T12:50:25Z,GRID_PASS,100.0,0.0,"B1 logic. V: 0.970, SOC: 100.0%",0
2026-01-01T12:50:30Z,GRID_PASS,100.0,0.0,"B1 logic. V: 0.970, SOC: 100.0%",0
2026-01-01T12:50:35Z,GRID_PASS,100.0,0.0,"B1 logic. V: 0.970, SOC: 100.0%",0
2026-01-01T12:50:40Z,GRID_PASS,100.0,0.0,"B1 logic. V: 0.970, SOC: 100.0%",0
2026-01-01T12:50:45Z,GRID_PASS,100.0,0.0,"B1 logic. V: 0.970, SOC: 100.0%",0
2026-01-01T12:50:50Z,GRID_PASS,100.0,0.0,"B1 logic. V: 0.970, SOC: 100.0%",0
2026-01-01T12:50:55Z,GRID_PASS,100.0,0.0,"B1 logic. V: 0.970, SOC: 100.0%",0
2026-01-01T12:51:00Z,GRID_PASS,100.0,0.0,"B1 logic. V: 0.970, SOC: 100.0%",0
2026-01-01T12:51:05Z,GRID_PASS,100.0,0.0,"B1 logic. V: 0.970, SOC: 100.0%",0
2026-01-01T12:51:10Z,GRID_PASS,100.0,0.0,"B1 logic. V: 0.970, SOC: 100.0%",0
2026-01-01T12:51:15Z,GRID_PASS,100.0,0.0,"B1 logic. V: 0.970, SOC: 100.0%",0
2026-01-01T12:51:20Z,GRID_PASS,100.0,0.0,"B1 logic. V: 0.970, SOC: 100.0%",0
2026-01-01T12:51:25Z,GRID_PASS,100.0,0.0,"B1 logic. V: 0.970, SOC: 100.0%",0
2026-01-01T12:51:30Z,GRID_PASS,100.0,0.0,"B1 logic. V: 0.970, SOC: 100.0%",0
2026-01-01T12:51:35Z,GRID_PASS,100.0,0.0,"B1 logic. V: 0.970, SOC: 100.0%",0
2026-01-01T12:51:40Z,GRID_PASS,100.0,0.0,"B1 logic. V: 0.970, SOC: 100.0%",0
2026-01-01T12:51:45Z,GRID_PASS,100.0,0.0,"B1 logic. V: 0.970, SOC: 100.0%",0
2026-01-01T12:51:50Z,GRID_PASS,100.0,0.0,"B1 logic. V: 0.970, SOC: 100.0%",0
2026-01-01T12:51:55Z,GRID_PASS,100.0,0.0,"B1 logic. V: 0.970, SOC: 100.0%",0
2026-01-01T12:52:00Z,GRID_PASS,100.0,0.0,"B1 logic. V: 0.970, SOC: 100.0%",0
2026-01-01T12:52:05Z,GRID_PASS,100.0,0.0,"B1 logic. V: 0.970, SOC: 100.0%",0
2026-01-01T12:52:10Z,GRID_PASS,100.0,0.0,"B1 logic. V: 0.970, SOC: 100.0%",0
2026-01-01T12:52:15Z,GRID_PASS,100.0,0.0,"B1 logic. V: 0.970, SOC: 100.0%",0
2026-01-01T12:52:20Z,GRID_PASS,100.0,0.0,"B1 logic. V: 0.970, SOC: 100.0%",0
2026-01-01T12:52:25Z,GRID_PASS,100.0,0.0,"B1 logic. V: 0.970, SOC: 100.0%",0
2026-01-01T12:52:30Z,GRID_PASS,100.0,0.0,"B1 logic. V: 0.970, SOC: 100.0%",0
2026-01-01T12:52:35Z,GRID_PASS,100.0,0.0,"B1 logic. V: 0.970, SOC: 100.0%",0
2026-01-01T12:52:40Z,GRID_PASS,100.0,0.0,"B1 logic. V: 0.970, SOC: 100.0%",0
2026-01-01T12:52:45Z,GRID_PASS,100.0,0.0,"B1 logic. V: 0.970, SOC: 100.0%",0
2026-01-01T12:52:50Z,GRID_PASS,100.0,0.0,"B1 logic. V: 0.970, SOC: 100.0%",0
2026-01-01T12:52:55Z,GRID_PASS,100.0,0.0,"B1 logic. V: 0.970, SOC: 100.0%",0
2026-01-01T12:53:00Z,GRID_PASS,100.0,0.0,"B1 logic. V: 0.970, SOC: 100.0%",0
2026-01-01T12:53:05Z,GRID_PASS,100.0,0.0,"B1 logic. V: 0.970, SOC: 100.0%",0
2026-01-01T12:53:10Z,GRID_PASS,100.0,0.0,"B1 logic. V: 0.970, SOC: 100.0%",0
2026-01-01T12:53:15Z,GRID_PASS,100.0,0.0,"B1 logic. V: 0.970, SOC: 100.0%",0
2026-01-01T12:53:20Z,GRID_PASS,100.0,0.0,"B1 logic. V: 0.970, SOC: 100.0%",0
2026-01-01T12:53:25Z,GRID_PASS,100.0,0.0,"B1 logic. V: 0.970, SOC: 100.0%",0
2026-01-01T12:53:30Z,GRID_PASS,100.0,0.0,"B1 logic. V: 0.970, SOC: 100.0%",0
2026-01-01T12:53:35Z,GRID_PASS,100.0,0.0,"B1 logic. V: 0.970, SOC: 100.0%",0
2026-01-01T12:53:40Z,GRID_PASS,100.0,0.0,"B1 logic. V: 0.970, SOC: 100.0%",0
2026-01-01T12:53:45Z,GRID_PASS,100.0,0.0,"B1 logic. V: 0.970, SOC: 100.0%",0
2026-01-01T12:53:50Z,GRID_PASS,100.0,0.0,"B1 logic. V: 0.970, SOC: 100.0%",0
2026-01-01T12:53:55Z,GRID_PASS,100.0,0.0,"B1 logic. V: 0.970, SOC: 100.0%",0
2026-01-01T12:54:00Z,GRID_PASS,100.0,0.0,"B1 logic. V: 0.970, SOC: 100.0%",0
2026-01-01T12:54:05Z,GRID_PASS,100.0,0.0,"B1 logic. V: 0.970, SOC: 100.0%",0
2026-01-01T12:54:10Z,GRID_PASS,100.0,0.0,"B1 logic. V: 0.970, SOC: 100.0%",0
2026-01-01T12:54:15Z,GRID_PASS,100.0,0.0,"B1 logic. V: 0.970, SOC: 100.0%",0
2026-01-01T12:54:20Z,GRID_PASS,100.0,0.0,"B1 logic. V: 0.970, SOC: 100.0%",0
2026-01-01T12:54:25Z,GRID_PASS,100.0,0.0,"B1 logic. V: 0.970, SOC: 100.0%",0
2026-01-01T12:54:30Z,GRID_PASS,100.0,0.0,"B1 logic. V: 0.970, SOC: 100.0%",0
2026-01-01T12:54:35Z,GRID_PASS,100.0,0.0,"B1 logic. V: 0.970, SOC: 100.0%",0
2026-01-01T12:54:40Z,GRID_PASS,100.0,0.0,"B1 logic. V: 0.970, SOC: 100.0%",0
2026-01-01T12:54:45Z,GRID_PASS,100.0,0.0,"B1 logic. V: 0.970, SOC: 100.0%",0
2026-01-01T12:54:50Z,GRID_PASS,100.0,0.0,"B1 logic. V: 0.970, SOC: 100.0%",0
2026-01-01T12:54:55Z,GRID_PASS,100.0,0.0,"B1 logic. V: 0.970, SOC: 100.0%",0
2026-01-01T12:55:00Z,GRID_PASS,100.0,0.0,"B1 logic. V: 0.970, SOC: 100.0%",0
2026-01-01T12:55:05Z,GRID_PASS,100.0,0.0,"B1 logic. V: 0.970, SOC: 100.0%",0
2026-01-01T12:55:10Z,GRID_PASS,100.0,0.0,"B1 logic. V: 0.970, SOC: 100.0%",0
2026-01-01T12:55:15Z,GRID_PASS,100.0,0.0,"B1 logic. V: 0.970, SOC: 100.0%",0
2026-01-01T12:55:20Z,GRID_PASS,100.0,0.0,"B1 logic. V: 0.970, SOC: 100.0%",0
2026-01-01T12:55:25Z,GRID_PASS,100.0,0.0,"B1 logic. V: 0.970, SOC: 100.0%",0
2026-01-01T12:55:30Z,GRID_PASS,100.0,0.0,"B1 logic. V: 0.970, SOC: 100.0%",0
2026-01-01T12:55:35Z,GRID_PASS,100.0,0.0,"B1 logic. V: 0.970, SOC: 100.0%",0
2026-01-01T12:55:40Z,GRID_PASS,100.0,0.0,"B1 logic. V: 0.970, SOC: 100.0%",0
2026-01-01T12:55:45Z,GRID_PASS,100.0,0.0,"B1 logic. V: 0.970, SOC: 100.0%",0
2026-01-01T12:55:50Z,GRID_PASS,100.0,0.0,"B1 logic. V: 0.970, SOC: 100.0%",0
2026-01-01T12:55:55Z,GRID_PASS,100.0,0.0,"B1 logic. V: 0.970, SOC: 100.0%",0
2026-01-01T12:56:00Z,GRID_PASS,100.0,0.0,"B1 logic. V: 0.970, SOC: 100.0%",0
2026-01-01T12:56:05Z,GRID_PASS,100.0,0.0,"B1 logic. V: 0.970, SOC: 100.0%",0
2026-01-01T12:56:10Z,GRID_PASS,100.0,0.0,"B1 logic. V: 0.970, SOC: 100.0%",0
2026-01-01T12:56:15Z,GRID_PASS,100.0,0.0,"B1 logic. V: 0.970, SOC: 100.0%",0
2026-01-01T12:56:20Z,GRID_PASS,100.0,0.0,"B1 logic. V: 0.970, SOC: 100.0%",0
2026-01-01T12:56:25Z,GRID_PASS,100.0,0.0,"B1 logic. V: 0.970, SOC: 100.0%",0
2026-01-01T12:56:30Z,GRID_PASS,100.0,0.0,"B1 logic. V: 0.970, SOC: 100.0%",0
2026-01-01T12:56:35Z,GRID_PASS,100.0,0.0,"B1 logic. V: 0.970, SOC: 100.0%",0
2026-01-01T12:56:40Z,GRID_PASS,100.0,0.0,"B1 logic. V: 0.970, SOC: 100.0%",0
2026-01-01T12:56:45Z,GRID_PASS,100.0,0.0,"B1 logic. V: 0.970, SOC: 100.0%",0
2026-01-01T12:56:50Z,GRID_PASS,100.0,0.0,"B1 logic. V: 0.970, SOC: 100.0%",0
2026-01-01T12:56:55Z,GRID_PASS,100.0,0.0,"B1 logic. V: 0.970, SOC: 100.0%",0
2026-01-01T12:57:00Z,GRID_PASS,100.0,0.0,"B1 logic. V: 0.970, SOC: 100.0%",0
2026-01-01T12:57:05Z,GRID_PASS,100.0,0.0,"B1 logic. V: 0.970, SOC: 100.0%",0
2026-01-01T12:57:10Z,GRID_PASS,100.0,0.0,"B1 logic. V: 0.970, SOC: 100.0%",0
2026-01-01T12:57:15Z,GRID_PASS,100.0,0.0,"B1 logic. V: 0.970, SOC: 100.0%",0
2026-01-01T12:57:20Z,GRID_PASS,100.0,0.0,"B1 logic. V: 0.970, SOC: 100.0%",0
2026-01-01T12:57:25Z,GRID_PASS,100.0,0.0,"B1 logic. V: 0.970, SOC: 100.0%",0
2026-01-01T12:57:30Z,GRID_PASS,100.0,0.0,"B1 logic. V: 0.970, SOC: 100.0%",0
2026-01-01T12:57:35Z,GRID_PASS,100.0,0.0,"B1 logic. V: 0.970, SOC: 100.0%",0
2026-01-01T12:57:40Z,GRID_PASS,100.0,0.0,"B1 logic. V: 0.970, SOC: 100.0%",0
2026-01-01T12:57:45Z,GRID_PASS,100.0,0.0,"B1 logic. V: 0.970, SOC: 100.0%",0
2026-01-01T12:57:50Z,GRID_PASS,100.0,0.0,"B1 logic. V: 0.970, SOC: 100.0%",0
2026-01-01T12:57:55Z,GRID_PASS,100.0,0.0,"B1 logic. V: 0.970, SOC: 100.0%",0
2026-01-01T12:58:00Z,GRID_PASS,100.0,0.0,"B1 logic. V: 0.970, SOC: 100.0%",0
2026-01-01T12:58:05Z,GRID_PASS,100.0,0.0,"B1 logic. V: 0.970, SOC: 100.0%",0
2026-01-01T12:58:10Z,GRID_PASS,100.0,0.0,"B1 logic. V: 0.970, SOC: 100.0%",0
2026-01-01T12:58:15Z,GRID_PASS,100.0,0.0,"B1 logic. V: 0.970, SOC: 100.0%",0
2026-01-01T12:58:20Z,GRID_PASS,100.0,0.0,"B1 logic. V: 0.970, SOC: 100.0%",0
2026-01-01T12:58:25Z,GRID_PASS,100.0,0.0,"B1 logic. V: 0.970, SOC: 100.0%",0
2026-01-01T12:58:30Z,GRID_PASS,100.0,0.0,"B1 logic. V: 0.970, SOC: 100.0%",0
2026-01-01T12:58:35Z,GRID_PASS,100.0,0.0,"B1 logic. V: 0.970, SOC: 100.0%",0
2026-01-01T12:58:40Z,GRID_PASS,100.0,0.0,"B1 logic. V: 0.970, SOC: 100.0%",0
2026-01-01T12:58:45Z,GRID_PASS,100.0,0.0,"B1 logic. V: 0.970, SOC: 100.0%",0
2026-01-01T12:58:50Z,GRID_PASS,100.0,0.0,"B1 logic. V: 0.970, SOC: 100.0%",0
2026-01-01T12:58:55Z,GRID_PASS,100.0,0.0,"B1 logic. V: 0.970, SOC: 100.0%",0
2026-01-01T12:59:00Z,GRID_PASS,100.0,0.0,"B1 logic. V: 0.970, SOC: 100.0%",0
2026-01-01T12:59:05Z,GRID_PASS,100.0,0.0,"B1 logic. V: 0.970, SOC: 100.0%",0
2026-01-01T12:59:10Z,GRID_PASS,100.0,0.0,"B1 logic. V: 0.970, SOC: 100.0%",0
2026-01-01T12:59:15Z,GRID_PASS,100.0,0.0,"B1 logic. V: 0.970, SOC: 100.0%",0
2026-01-01T12:59:20Z,GRID_PASS,100.0,0.0,"B1 logic. V: 0.970, SOC: 100.0%",0
2026-01-01T12:59:25Z,GRID_PASS,100.0,0.0,"B1 logic. V: 0.970, SOC: 100.0%",0
2026-01-01T12:59:30Z,GRID_PASS,100.0,0.0,"B1 logic. V: 0.970, SOC: 100.0%",0
2026-01-01T12:59:35Z,GRID_PASS,100.0,0.0,"B1 logic. V: 0.970, SOC: 100.0%",0
2026-01-01T12:59:40Z,GRID_PASS,100.0,0.0,"B1 logic. V: 0.970, SOC: 100.0%",0
2026-01-01T12:59:45Z,GRID_PASS,100.0,0.0,"B1 logic. V: 0.970, SOC: 100.0%",0
2026-01-01T12:59:50Z,GRID_PASS,100.0,0.0,"B1 logic. V: 0.970, SOC: 100.0%",0
2026-01-01T12:59:55Z,GRID_PASS,100.0,0.0,"B1 logic. V: 0.970, SOC: 100.0%",0
2026-01-01T13:00:00Z,GRID_PASS,100.0,0.0,"B1 logic. V: 0.970, SOC: 100.0%",0
2026-01-01T13:00:05Z,GRID_PASS,100.0,0.0,"B1 logic. V: 0.970, SOC: 100.0%",0
2026-01-01T13:00:10Z,GRID_PASS,100.0,0.0,"B1 logic. V: 0.970, SOC: 100.0%",0
2026-01-01T13:00:15Z,GRID_PASS,100.0,0.0,"B1 logic. V: 0.970, SOC: 100.0%",0
2026-01-01T13:00:20Z,GRID_PASS,100.0,0.0,"B1 logic. V: 0.970, SOC: 100.0%",0
2026-01-01T13:00:25Z,GRID_PASS,100.0,0.0,"B1 logic. V: 0.970, SOC: 100.0%",0
2026-01-01T13:00:30Z,GRID_PASS,100.0,0.0,"B1 logic. V: 0.970, SOC: 100.0%",0
2026-01-01T13:00:35Z,GRID_PASS,100.0,0.0,"B1 logic. V: 0.970, SOC: 100.0%",0
2026-01-01T13:00:40Z,GRID_PASS,100.0,0.0,"B1 logic. V: 0.970, SOC: 100.0%",0
2026-01-01T13:00:45Z,GRID_PASS,100.0,0.0,"B1 logic. V: 0.970, SOC: 100.0%",0
2026-01-01T13:00:50Z,GRID_PASS,100.0,0.0,"B1 logic. V: 0.970, SOC: 100.0%",0
2026-01-01T13:00:55Z,GRID_PASS,100.0,0.0,"B1 logic. V: 0.970, SOC: 100.0%",0
2026-01-01T13:01:00Z,GRID_PASS,100.0,0.0,"B1 logic. V: 0.970, SOC: 100.0%",0
2026-01-01T13:01:05Z,GRID_PASS,100.0,0.0,"B1 logic. V: 0.970, SOC: 100.0%",0
2026-01-01T13:01:10Z,GRID_PASS,100.0,0.0,"B1 logic. V: 0.970, SOC: 100.0%",0
2026-01-01T13:01:15Z,GRID_PASS,100.0,0.0,"B1 logic. V: 0.970, SOC: 100.0%",0
2026-01-01T13:01:20Z,GRID_PASS,100.0,0.0,"B1 logic. V: 0.970, SOC: 100.0%",0
2026-01-01T13:01:25Z,GRID_PASS,100.0,0.0,"B1 logic. V: 0.970, SOC: 100.0%",0
2026-01-01T13:01:30Z,GRID_PASS,100.0,0.0,"B1 logic. V: 0.970, SOC: 100.0%",0
2026-01-01T13:01:35Z,GRID_PASS,100.0,0.0,"B1 logic. V: 0.970, SOC: 100.0%",0
2026-01-01T13:01:40Z,GRID_PASS,100.0,0.0,"B1 logic. V: 0.970, SOC: 100.0%",0
2026-01-01T13:01:45Z,GRID_PASS,100.0,0.0,"B1 logic. V: 0.970, SOC: 100.0%",0
2026-01-01T13:01:50Z,GRID_PASS,100.0,0.0,"B1 logic. V: 0.970, SOC: 100.0%",0
2026-01-01T13:01:55Z,GRID_PASS,100.0,0.0,"B1 logic. V: 0.970, SOC: 100.0%",0
2026-01-01T13:02:00Z,GRID_PASS,100.0,0.0,"B1 logic. V: 0.970, SOC: 100.0%",0
2026-01-01T13:02:05Z,GRID_PASS,100.0,0.0,"B1 logic. V: 0.970, SOC: 100.0%",0
2026-01-01T13:02:10Z,GRID_PASS,100.0,0.0,"B1 logic. V: 0.970, SOC: 100.0%",0
2026-01-01T13:02:15Z,GRID_PASS,100.0,0.0,"B1 logic. V: 0.970, SOC: 100.0%",0
2026-01-01T13:02:20Z,GRID_PASS,100.0,0.0,"B1 logic. V: 0.970, SOC: 100.0%",0
2026-01-01T13:02:25Z,GRID_PASS,100.0,0.0,"B1 logic. V: 0.970, SOC: 100.0%",0
2026-01-01T13:02:30Z,GRID_PASS,100.0,0.0,"B1 logic. V: 0.970, SOC: 100.0%",0
2026-01-01T13:02:35Z,GRID_PASS,100.0,0.0,"B1 logic. V: 0.970, SOC: 100.0%",0
2026-01-01T13:02:40Z,GRID_PASS,100.0,0.0,"B1 logic. V: 0.970, SOC: 100.0%",0
2026-01-01T13:02:45Z,GRID_PASS,100.0,0.0,"B1 logic. V: 0.970, SOC: 100.0%",0
2026-01-01T13:02:50Z,GRID_PASS,100.0,0.0,"B1 logic. V: 0.970, SOC: 100.0%",0
2026-01-01T13:02:55Z,GRID_PASS,100.0,0.0,"B1 logic. V: 0.970, SOC: 100.0%",0
2026-01-01T13:03:00Z,GRID_PASS,100.0,0.0,"B1 logic. V: 0.970, SOC: 100.0%",0
2026-01-01T13:03:05Z,GRID_PASS,100.0,0.0,"B1 logic. V: 0.970, SOC: 100.0%",0
2026-01-01T13:03:10Z,GRID_PASS,100.0,0.0,"B1 logic. V: 0.970, SOC: 100.0%",0
2026-01-01T13:03:15Z,GRID_PASS,100.0,0.0,"B1 logic. V: 0.970, SOC: 100.0%",0
2026-01-01T13:03:20Z,GRID_PASS,100.0,0.0,"B1 logic. V: 0.970, SOC: 100.0%",0
2026-01-01T13:03:25Z,GRID_PASS,100.0,0.0,"B1 logic. V: 0.970, SOC: 100.0%",0
2026-01-01T13:03:30Z,GRID_PASS,100.0,0.0,"B1 logic. V: 0.970, SOC: 100.0%",0
2026-01-01T13:03:35Z,GRID_PASS,100.0,0.0,"B1 logic. V: 0.970, SOC: 100.0%",0
2026-01-01T13:03:40Z,GRID_PASS,100.0,0.0,"B1 logic. V: 0.970, SOC: 100.0%",0
2026-01-01T13:03:45Z,GRID_PASS,100.0,0.0,"B1 logic. V: 0.970, SOC: 100.0%",0
2026-01-01T13:03:50Z,GRID_PASS,100.0,0.0,"B1 logic. V: 0.970, SOC: 100.0%",0
2026-01-01T13:03:55Z,GRID_PASS,100.0,0.0,"B1 logic. V: 0.970, SOC: 100.0%",0
2026-01-01T13:04:00Z,GRID_PASS,100.0,0.0,"B1 logic. V: 0.970, SOC: 100.0%",0
2026-01-01T13:04:05Z,GRID_PASS,100.0,0.0,"B1 logic. V: 0.970, SOC: 100.0%",0
2026-01-01T13:04:10Z,GRID_PASS,100.0,0.0,"B1 logic. V: 0.970, SOC: 100.0%",0
2026-01-01T13:04:15Z,GRID_PASS,100.0,0.0,"B1 logic. V: 0.970, SOC: 100.0%",0
2026-01-01T13:04:20Z,GRID_PASS,100.0,0.0,"B1 logic. V: 0.970, SOC: 100.0%",0
2026-01-01T13:04:25Z,GRID_PASS,100.0,0.0,"B1 logic. V: 0.970, SOC: 100.0%",0
2026-01-01T13:04:30Z,GRID_PASS,100.0,0.0,"B1 logic. V: 0.970, SOC: 100.0%",0
2026-01-01T13:04:35Z,GRID_PASS,100.0,0.0,"B1 logic. V: 0.970, SOC: 100.0%",0
2026-01-01T13:04:40Z,GRID_PASS,100.0,0.0,"B1 logic. V: 0.970, SOC: 100.0%",0
2026-01-01T13:04:45Z,GRID_PASS,100.0,0.0,"B1 logic. V: 0.970, SOC: 100.0%",0
2026-01-01T13:04:50Z,GRID_PASS,100.0,0.0,"B1 logic. V: 0.970, SOC: 100.0%",0
2026-01-01T13:04:55Z,GRID_PASS,100.0,0.0,"B1 logic. V: 0.970, SOC: 100.0%",0
2026-01-01T13:05:00Z,GRID_PASS,100.0,0.0,"B1 logic. V: 0.970, SOC: 100.0%",0
2026-01-01T13:05:05Z,GRID_PASS,100.0,0.0,"B1 logic. V: 0.970, SOC: 100.0%",0
2026-01-01T13:05:10Z,GRID_PASS,100.0,0.0,"B1 logic. V: 0.970, SOC: 100.0%",0
2026-01-01T13:05:15Z,GRID_PASS,100.0,0.0,"B1 logic. V: 0.970, SOC: 100.0%",0
2026-01-01T13:05:20Z,GRID_PASS,100.0,0.0,"B1 logic. V: 0.970, SOC: 100.0%",0
2026-01-01T13:05:25Z,GRID_PASS,100.0,0.0,"B1 logic. V: 0.970, SOC: 100.0%",0
2026-01-01T13:05:30Z,GRID_PASS,100.0,0.0,"B1 logic. V: 0.970, SOC: 100.0%",0
2026-01-01T13:05:35Z,GRID_PASS,100.0,0.0,"B1 logic. V: 0.970, SOC: 100.0%",0
2026-01-01T13:05:40Z,GRID_PASS,100.0,0.0,"B1 logic. V: 0.970, SOC: 100.0%",0
2026-01-01T13:05:45Z,GRID_PASS,100.0,0.0,"B1 logic. V: 0.970, SOC: 100.0%",0
2026-01-01T13:05:50Z,GRID_PASS,100.0,0.0,"B1 logic. V: 0.970, SOC: 100.0%",0
2026-01-01T13:05:55Z,GRID_PASS,100.0,0.0,"B1 logic. V: 0.970, SOC: 100.0%",0
2026-01-01T13:06:00Z,GRID_PASS,100.0,0.0,"B1 logic. V: 0.970, SOC: 100.0%",0
2026-01-01T13:06:05Z,GRID_PASS,100.0,0.0,"B1 logic. V: 0.970, SOC: 100.0%",0
2026-01-01T13:06:10Z,GRID_PASS,100.0,0.0,"B1 logic. V: 0.970, SOC: 100.0%",0
2026-01-01T13:06:15Z,GRID_PASS,100.0,0.0,"B1 logic. V: 0.970, SOC: 100.0%",0
2026-01-01T13:06:20Z,GRID_PASS,100.0,0.0,"B1 logic. V: 0.970, SOC: 100.0%",0
2026-01-01T13:06:25Z,GRID_PASS,100.0,0.0,"B1 logic. V: 0.970, SOC: 100.0%",0
2026-01-01T13:06:30Z,GRID_PASS,100.0,0.0,"B1 logic. V: 0.970, SOC: 100.0%",0
2026-01-01T13:06:35Z,GRID_PASS,100.0,0.0,"B1 logic. V: 0.970, SOC: 100.0%",0
2026-01-01T13:06:40Z,GRID_PASS,100.0,0.0,"B1 logic. V: 0.970, SOC: 100.0%",0
2026-01-01T13:06:45Z,GRID_PASS,100.0,0.0,"B1 logic. V: 0.970, SOC: 100.0%",0
2026-01-01T13:06:50Z,GRID_PASS,100.0,0.0,"B1 logic. V: 0.970, SOC: 100.0%",0
2026-01-01T13:06:55Z,GRID_PASS,100.0,0.0,"B1 logic. V: 0.970, SOC: 100.0%",0
2026-01-01T13:07:00Z,GRID_PASS,100.0,0.0,"B1 logic. V: 0.970, SOC: 100.0%",0
2026-01-01T13:07:05Z,GRID_PASS,100.0,0.0,"B1 logic. V: 0.970, SOC: 100.0%",0
2026-01-01T13:07:10Z,GRID_PASS,100.0,0.0,"B1 logic. V: 0.970, SOC: 100.0%",0
2026-01-01T13:07:15Z,GRID_PASS,100.0,0.0,"B1 logic. V: 0.970, SOC: 100.0%",0
2026-01-01T13:07:20Z,GRID_PASS,100.0,0.0,"B1 logic. V: 0.970, SOC: 100.0%",0
2026-01-01T13:07:25Z,GRID_PASS,100.0,0.0,"B1 logic. V: 0.970, SOC: 100.0%",0
2026-01-01T13:07:30Z,GRID_PASS,100.0,0.0,"B1 logic. V: 0.970, SOC: 100.0%",0
2026-01-01T13:07:35Z,GRID_PASS,100.0,0.0,"B1 logic. V: 0.970, SOC: 100.0%",0
2026-01-01T13:07:40Z,GRID_PASS,100.0,0.0,"B1 logic. V: 0.970, SOC: 100.0%",0
2026-01-01T13:07:45Z,GRID_PASS,100.0,0.0,"B1 logic. V: 0.970, SOC: 100.0%",0
2026-01-01T13:07:50Z,GRID_PASS,100.0,0.0,"B1 logic. V: 0.970, SOC: 100.0%",0
2026-01-01T13:07:55Z,GRID_PASS,100.0,0.0,"B1 logic. V: 0.970, SOC: 100.0%",0
2026-01-01T13:08:00Z,GRID_PASS,100.0,0.0,"B1 logic. V: 0.970, SOC: 100.0%",0
2026-01-01T13:08:05Z,GRID_PASS,100.0,0.0,"B1 logic. V: 0.970, SOC: 100.0%",0
2026-01-01T13:08:10Z,GRID_PASS,100.0,0.0,"B1 logic. V: 0.970, SOC: 100.0%",0
2026-01-01T13:08:15Z,GRID_PASS,100.0,0.0,"B1 logic. V: 0.970, SOC: 100.0%",0
2026-01-01T13:08:20Z,GRID_PASS,100.0,0.0,"B1 logic. V: 0.970, SOC: 100.0%",0
2026-01-01T13:08:25Z,GRID_PASS,100.0,0.0,"B1 logic. V: 0.970, SOC: 100.0%",0
2026-01-01T13:08:30Z,GRID_PASS,100.0,0.0,"B1 logic. V: 0.970, SOC: 100.0%",0
2026-01-01T13:08:35Z,GRID_PASS,100.0,0.0,"B1 logic. V: 0.970, SOC: 100.0%",0
2026-01-01T13:08:40Z,GRID_PASS,100.0,0.0,"B1 logic. V: 0.970, SOC: 100.0%",0
2026-01-01T13:08:45Z,GRID_PASS,100.0,0.0,"B1 logic. V: 0.970, SOC: 100.0%",0
2026-01-01T13:08:50Z,GRID_PASS,100.0,0.0,"B1 logic. V: 0.970, SOC: 100.0%",0
2026-01-01T13:08:55Z,GRID_PASS,100.0,0.0,"B1 logic. V: 0.970, SOC: 100.0%",0
2026-01-01T13:09:00Z,GRID_PASS,100.0,0.0,"B1 logic. V: 0.970, SOC: 100.0%",0
2026-01-01T13:09:05Z,GRID_PASS,100.0,0.0,"B1 logic. V: 0.970, SOC: 100.0%",0
2026-01-01T13:09:10Z,GRID_PASS,100.0,0.0,"B1 logic. V: 0.970, SOC: 100.0%",0
2026-01-01T13:09:15Z,GRID_PASS,100.0,0.0,"B1 logic. V: 0.970, SOC: 100.0%",0
2026-01-01T13:09:20Z,GRID_PASS,100.0,0.0,"B1 logic. V: 0.970, SOC: 100.0%",0
2026-01-01T13:09:25Z,GRID_PASS,100.0,0.0,"B1 logic. V: 0.970, SOC: 100.0%",0
2026-01-01T13:09:30Z,GRID_PASS,100.0,0.0,"B1 logic. V: 0.970, SOC: 100.0%",0
2026-01-01T13:09:35Z,GRID_PASS,100.0,0.0,"B1 logic. V: 0.970, SOC: 100.0%",0
2026-01-01T13:09:40Z,GRID_PASS,100.0,0.0,"B1 logic. V: 0.970, SOC: 100.0%",0
2026-01-01T13:09:45Z,GRID_PASS,100.0,0.0,"B1 logic. V: 0.970, SOC: 100.0%",0
2026-01-01T13:09:50Z,GRID_PASS,100.0,0.0,"B1 logic. V: 0.970, SOC: 100.0%",0
2026-01-01T13:09:55Z,GRID_PASS,100.0,0.0,"B1 logic. V: 0.970, SOC: 100.0%",0
2026-01-01T13:10:00Z,GRID_PASS,100.0,0.0,"B1 logic. V: 0.970, SOC: 100.0%",0
2026-01-01T13:10:05Z,GRID_PASS,100.0,0.0,"B1 logic. V: 0.970, SOC: 100.0%",0
2026-01-01T13:10:10Z,GRID_PASS,100.0,0.0,"B1 logic. V: 0.970, SOC: 100.0%",0
2026-01-01T13:10:15Z,GRID_PASS,100.0,0.0,"B1 logic. V: 0.970, SOC: 100.0%",0
2026-01-01T13:10:20Z,GRID_PASS,100.0,0.0,"B1 logic. V: 0.970, SOC: 100.0%",0
2026-01-01T13:10:25Z,GRID_PASS,100.0,0.0,"B1 logic. V: 0.970, SOC: 100.0%",0
2026-01-01T13:10:30Z,GRID_PASS,100.0,0.0,"B1 logic. V: 0.970, SOC: 100.0%",0
2026-01-01T13:10:35Z,GRID_PASS,100.0,0.0,"B1 logic. V: 0.970, SOC: 100.0%",0
2026-01-01T13:10:40Z,GRID_PASS,100.0,0.0,"B1 logic. V: 0.970, SOC: 100.0%",0
2026-01-01T13:10:45Z,GRID_PASS,100.0,0.0,"B1 logic. V: 0.970, SOC: 100.0%",0
2026-01-01T13:10:50Z,GRID_PASS,100.0,0.0,"B1 logic. V: 0.970, SOC: 100.0%",0
2026-01-01T13:10:55Z,GRID_PASS,100.0,0.0,"B1 logic. V: 0.970, SOC: 100.0%",0
2026-01-01T13:11:00Z,GRID_PASS,100.0,0.0,"B1 logic. V: 0.970, SOC: 100.0%",0
2026-01-01T13:11:05Z,GRID_PASS,100.0,0.0,"B1 logic. V: 0.970, SOC: 100.0%",0
2026-01-01T13:11:10Z,GRID_PASS,100.0,0.0,"B1 logic. V: 0.970, SOC: 100.0%",0
2026-01-01T13:11:15Z,GRID_PASS,100.0,0.0,"B1 logic. V: 0.970, SOC: 100.0%",0
2026-01-01T13:11:20Z,GRID_PASS,100.0,0.0,"B1 logic. V: 0.970, SOC: 100.0%",0
2026-01-01T13:11:25Z,GRID_PASS,100.0,0.0,"B1 logic. V: 0.970, SOC: 100.0%",0
2026-01-01T13:11:30Z,GRID_PASS,100.0,0.0,"B1 logic. V: 0.970, SOC: 100.0%",0
2026-01-01T13:11:35Z,GRID_PASS,100.0,0.0,"B1 logic. V: 0.970, SOC: 100.0%",0
2026-01-01T13:11:40Z,GRID_PASS,100.0,0.0,"B1 logic. V: 0.970, SOC: 100.0%",0
2026-01-01T13:11:45Z,GRID_PASS,100.0,0.0,"B1 logic. V: 0.970, SOC: 100.0%",0
2026-01-01T13:11:50Z,GRID_PASS,100.0,0.0,"B1 logic. V: 0.970, SOC: 100.0%",0
2026-01-01T13:11:55Z,GRID_PASS,100.0,0.0,"B1 logic. V: 0.970, SOC: 100.0%",0
2026-01-01T13:12:00Z,GRID_PASS,100.0,0.0,"B1 logic. V: 0.970, SOC: 100.0%",0
2026-01-01T13:12:05Z,GRID_PASS,100.0,0.0,"B1 logic. V: 0.970, SOC: 100.0%",0
2026-01-01T13:12:10Z,GRID_PASS,100.0,0.0,"B1 logic. V: 0.970, SOC: 100.0%",0
2026-01-01T13:12:15Z,GRID_PASS,100.0,0.0,"B1 logic. V: 0.970, SOC: 100.0%",0
2026-01-01T13:12:20Z,GRID_PASS,100.0,0.0,"B1 logic. V: 0.970, SOC: 100.0%",0
2026-01-01T13:12:25Z,GRID_PASS,100.0,0.0,"B1 logic. V: 0.970, SOC: 100.0%",0
2026-01-01T13:12:30Z,GRID_PASS,100.0,0.0,"B1 logic. V: 0.970, SOC: 100.0%",0
2026-01-01T13:12:35Z,GRID_PASS,100.0,0.0,"B1 logic. V: 0.970, SOC: 100.0%",0
2026-01-01T13:12:40Z,GRID_PASS,100.0,0.0,"B1 logic. V: 0.970, SOC: 100.0%",0
2026-01-01T13:12:45Z,GRID_PASS,100.0,0.0,"B1 logic. V: 0.970, SOC: 100.0%",0
2026-01-01T13:12:50Z,GRID_PASS,100.0,0.0,"B1 logic. V: 0.970, SOC: 100.0%",0
2026-01-01T13:12:55Z,GRID_PASS,100.0,0.0,"B1 logic. V: 0.970, SOC: 100.0%",0
2026-01-01T13:13:00Z,GRID_PASS,100.0,0.0,"B1 logic. V: 0.970, SOC: 100.0%",0
2026-01-01T13:13:05Z,GRID_PASS,100.0,0.0,"B1 logic. V: 0.970, SOC: 100.0%",0
2026-01-01T13:13:10Z,GRID_PASS,100.0,0.0,"B1 logic. V: 0.970, SOC: 100.0%",0
2026-01-01T13:13:15Z,GRID_PASS,100.0,0.0,"B1 logic. V: 0.970, SOC: 100.0%",0
2026-01-01T13:13:20Z,GRID_PASS,100.0,0.0,"B1 logic. V: 0.970, SOC: 100.0%",0
2026-01-01T13:13:25Z,GRID_PASS,100.0,0.0,"B1 logic. V: 0.970, SOC: 100.0%",0
2026-01-01T13:13:30Z,GRID_PASS,100.0,0.0,"B1 logic. V: 0.970, SOC: 100.0%",0
2026-01-01T13:13:35Z,GRID_PASS,100.0,0.0,"B1 logic. V: 0.970, SOC: 100.0%",0
2026-01-01T13:13:40Z,GRID_PASS,100.0,0.0,"B1 logic. V: 0.970, SOC: 100.0%",0
2026-01-01T13:13:45Z,GRID_PASS,100.0,0.0,"B1 logic. V: 0.970, SOC: 100.0%",0
2026-01-01T13:13:50Z,GRID_PASS,100.0,0.0,"B1 logic. V: 0.970, SOC: 100.0%",0
2026-01-01T13:13:55Z,GRID_PASS,100.0,0.0,"B1 logic. V: 0.970, SOC: 100.0%",0
2026-01-01T13:14:00Z,GRID_PASS,100.0,0.0,"B1 logic. V: 0.970, SOC: 100.0%",0
2026-01-01T13:14:05Z,GRID_PASS,100.0,0.0,"B1 logic. V: 0.970, SOC: 100.0%",0
2026-01-01T13:14:10Z,GRID_PASS,100.0,0.0,"B1 logic. V: 0.970, SOC: 100.0%",0
2026-01-01T13:14:15Z,GRID_PASS,100.0,0.0,"B1 logic. V: 0.970, SOC: 100.0%",0
2026-01-01T13:14:20Z,GRID_PASS,100.0,0.0,"B1 logic. V: 0.970, SOC: 100.0%",0
2026-01-01T13:14:25Z,GRID_PASS,100.0,0.0,"B1 logic. V: 0.970, SOC: 100.0%",0
2026-01-01T13:14:30Z,GRID_PASS,100.0,0.0,"B1 logic. V: 0.970, SOC: 100.0%",0
2026-01-01T13:14:35Z,GRID_PASS,100.0,0.0,"B1 logic. V: 0.970, SOC: 100.0%",0
2026-01-01T13:14:40Z,GRID_PASS,100.0,0.0,"B1 logic. V: 0.970, SOC: 100.0%",0
2026-01-01T13:14:45Z,GRID_PASS,100.0,0.0,"B1 logic. V: 0.970, SOC: 100.0%",0
2026-01-01T13:14:50Z,GRID_PASS,100.0,0.0,"B1 logic. V: 0.970, SOC: 100.0%",0
2026-01-01T13:14:55Z,GRID_PASS,100.0,0.0,"B1 logic. V: 0.970, SOC: 100.0%",0
2026-01-01T13:15:00Z,GRID_PASS,100.0,0.0,"B1 logic. V: 0.970, SOC: 100.0%",0
2026-01-01T13:15:05Z,GRID_PASS,100.0,0.0,"B1 logic. V: 0.970, SOC: 100.0%",0
2026-01-01T13:15:10Z,GRID_PASS,100.0,0.0,"B1 logic. V: 0.970, SOC: 100.0%",0
2026-01-01T13:15:15Z,GRID_PASS,100.0,0.0,"B1 logic. V: 0.970, SOC: 100.0%",0
2026-01-01T13:15:20Z,GRID_PASS,100.0,0.0,"B1 logic. V: 0.970, SOC: 100.0%",0
2026-01-01T13:15:25Z,GRID_PASS,100.0,0.0,"B1 logic. V: 0.970, SOC: 100.0%",0
2026-01-01T13:15:30Z,GRID_PASS,100.0,0.0,"B1 logic. V: 0.970, SOC: 100.0%",0
2026-01-01T13:15:35Z,GRID_PASS,100.0,0.0,"B1 logic. V: 0.970, SOC: 100.0%",0
2026-01-01T13:15:40Z,GRID_PASS,100.0,0.0,"B1 logic. V: 0.970, SOC: 100.0%",0
2026-01-01T13:15:45Z,GRID_PASS,100.0,0.0,"B1 logic. V: 0.970, SOC: 100.0%",0
2026-01-01T13:15:50Z,GRID_PASS,100.0,0.0,"B1 logic. V: 0.970, SOC: 100.0%",0
2026-01-01T13:15:55Z,GRID_PASS,100.0,0.0,"B1 logic. V: 0.970, SOC: 100.0%",0
2026-01-01T13:16:00Z,GRID_PASS,100.0,0.0,"B1 logic. V: 0.970, SOC: 100.0%",0
2026-01-01T13:16:05Z,GRID_PASS,100.0,0.0,"B1 logic. V: 0.970, SOC: 100.0%",0
2026-01-01T13:16:10Z,GRID_PASS,100.0,0.0,"B1 logic. V: 0.970, SOC: 100.0%",0
2026-01-01T13:16:15Z,GRID_PASS,100.0,0.0,"B1 logic. V: 0.970, SOC: 100.0%",0
2026-01-01T13:16:20Z,GRID_PASS,100.0,0.0,"B1 logic. V: 0.970, SOC: 100.0%",0
2026-01-01T13:16:25Z,GRID_PASS,100.0,0.0,"B1 logic. V: 0.970, SOC: 100.0%",0
2026-01-01T13:16:30Z,GRID_PASS,100.0,0.0,"B1 logic. V: 0.970, SOC: 100.0%",0
2026-01-01T13:16:35Z,GRID_PASS,100.0,0.0,"B1 logic. V: 0.970, SOC: 100.0%",0
2026-01-01T13:16:40Z,GRID_PASS,100.0,0.0,"B1 logic. V: 0.970, SOC: 100.0%",0
2026-01-01T13:16:45Z,GRID_PASS,100.0,0.0,"B1 logic. V: 0.970, SOC: 100.0%",0
2026-01-01T13:16:50Z,GRID_PASS,100.0,0.0,"B1 logic. V: 0.970, SOC: 100.0%",0
2026-01-01T13:16:55Z,GRID_PASS,100.0,0.0,"B1 logic. V: 0.970, SOC: 100.0%",0
2026-01-01T13:17:00Z,GRID_PASS,100.0,0.0,"B1 logic. V: 0.970, SOC: 100.0%",0
2026-01-01T13:17:05Z,GRID_PASS,100.0,0.0,"B1 logic. V: 0.970, SOC: 100.0%",0
2026-01-01T13:17:10Z,GRID_PASS,100.0,0.0,"B1 logic. V: 0.970, SOC: 100.0%",0
2026-01-01T13:17:15Z,GRID_PASS,100.0,0.0,"B1 logic. V: 0.970, SOC: 100.0%",0
2026-01-01T13:17:20Z,GRID_PASS,100.0,0.0,"B1 logic. V: 0.970, SOC: 100.0%",0
2026-01-01T13:17:25Z,GRID_PASS,100.0,0.0,"B1 logic. V: 0.970, SOC: 100.0%",0
2026-01-01T13:17:30Z,GRID_PASS,100.0,0.0,"B1 logic. V: 0.970, SOC: 100.0%",0
2026-01-01T13:17:35Z,GRID_PASS,100.0,0.0,"B1 logic. V: 0.970, SOC: 100.0%",0
2026-01-01T13:17:40Z,GRID_PASS,100.0,0.0,"B1 logic. V: 0.970, SOC: 100.0%",0
2026-01-01T13:17:45Z,GRID_PASS,100.0,0.0,"B1 logic. V: 0.970, SOC: 100.0%",0
2026-01-01T13:17:50Z,GRID_PASS,100.0,0.0,"B1 logic. V: 0.970, SOC: 100.0%",0
2026-01-01T13:17:55Z,GRID_PASS,100.0,0.0,"B1 logic. V: 0.970, SOC: 100.0%",0
2026-01-01T13:18:00Z,GRID_PASS,100.0,0.0,"B1 logic. V: 0.970, SOC: 100.0%",0
2026-01-01T13:18:05Z,GRID_PASS,100.0,0.0,"B1 logic. V: 0.970, SOC: 100.0%",0
2026-01-01T13:18:10Z,GRID_PASS,100.0,0.0,"B1 logic. V: 0.970, SOC: 100.0%",0
2026-01-01T13:18:15Z,GRID_PASS,100.0,0.0,"B1 logic. V: 0.970, SOC: 100.0%",0
2026-01-01T13:18:20Z,GRID_PASS,100.0,0.0,"B1 logic. V: 0.970, SOC: 100.0%",0
2026-01-01T13:18:25Z,GRID_PASS,100.0,0.0,"B1 logic. V: 0.970, SOC: 100.0%",0
2026-01-01T13:18:30Z,GRID_PASS,100.0,0.0,"B1 logic. V: 0.970, SOC: 100.0%",0
2026-01-01T13:18:35Z,GRID_PASS,100.0,0.0,"B1 logic. V: 0.970, SOC: 100.0%",0
2026-01-01T13:18:40Z,GRID_PASS,100.0,0.0,"B1 logic. V: 0.970, SOC: 100.0%",0
2026-01-01T13:18:45Z,GRID_PASS,100.0,0.0,"B1 logic. V: 0.970, SOC: 100.0%",0
2026-01-01T13:18:50Z,GRID_PASS,100.0,0.0,"B1 logic. V: 0.970, SOC: 100.0%",0
2026-01-01T13:18:55Z,GRID_PASS,100.0,0.0,"B1 logic. V: 0.970, SOC: 100.0%",0
2026-01-01T13:19:00Z,GRID_PASS,100.0,0.0,"B1 logic. V: 0.970, SOC: 100.0%",0
2026-01-01T13:19:05Z,GRID_PASS,100.0,0.0,"B1 logic. V: 0.970, SOC: 100.0%",0
2026-01-01T13:19:10Z,GRID_PASS,100.0,0.0,"B1 logic. V: 0.970, SOC: 100.0%",0
2026-01-01T13:19:15Z,GRID_PASS,100.0,0.0,"B1 logic. V: 0.970, SOC: 100.0%",0
2026-01-01T13:19:20Z,GRID_PASS,100.0,0.0,"B1 logic. V: 0.970, SOC: 100.0%",0
2026-01-01T13:19:25Z,GRID_PASS,100.0,0.0,"B1 logic. V: 0.970, SOC: 100.0%",0
2026-01-01T13:19:30Z,GRID_PASS,100.0,0.0,"B1 logic. V: 0.970, SOC: 100.0%",0
2026-01-01T13:19:35Z,GRID_PASS,100.0,0.0,"B1 logic. V: 0.970, SOC: 100.0%",0
2026-01-01T13:19:40Z,GRID_PASS,100.0,0.0,"B1 logic. V: 0.970, SOC: 100.0%",0
2026-01-01T13:19:45Z,GRID_PASS,100.0,0.0,"B1 logic. V: 0.970, SOC: 100.0%",0
2026-01-01T13:19:50Z,GRID_PASS,100.0,0.0,"B1 logic. V: 0.970, SOC: 100.0%",0
2026-01-01T13:19:55Z,GRID_PASS,100.0,0.0,"B1 logic. V: 0.970, SOC: 100.0%",0
2026-01-01T13:20:00Z,GRID_PASS,100.0,0.0,"B1 logic. V: 0.970, SOC: 100.0%",0
2026-01-01T13:20:05Z,GRID_PASS,100.0,0.0,"B1 logic. V: 0.970, SOC: 100.0%",0
2026-01-01T13:20:10Z,GRID_PASS,100.0,0.0,"B1 logic. V: 0.970, SOC: 100.0%",0
2026-01-01T13:20:15Z,GRID_PASS,100.0,0.0,"B1 logic. V: 0.970, SOC: 100.0%",0
2026-01-01T13:20:20Z,GRID_PASS,100.0,0.0,"B1 logic. V: 0.970, SOC: 100.0%",0
2026-01-01T13:20:25Z,GRID_PASS,100.0,0.0,"B1 logic. V: 0.970, SOC: 100.0%",0
2026-01-01T13:20:30Z,GRID_PASS,100.0,0.0,"B1 logic. V: 0.970, SOC: 100.0%",0
2026-01-01T13:20:35Z,GRID_PASS,100.0,0.0,"B1 logic. V: 0.970, SOC: 100.0%",0
2026-01-01T13:20:40Z,GRID_PASS,100.0,0.0,"B1 logic. V: 0.970, SOC: 100.0%",0
2026-01-01T13:20:45Z,GRID_PASS,100.0,0.0,"B1 logic. V: 0.970, SOC: 100.0%",0
2026-01-01T13:20:50Z,GRID_PASS,100.0,0.0,"B1 logic. V: 0.970, SOC: 100.0%",0
2026-01-01T13:20:55Z,GRID_PASS,100.0,0.0,"B1 logic. V: 0.970, SOC: 100.0%",0
2026-01-01T13:21:00Z,GRID_PASS,100.0,0.0,"B1 logic. V: 0.970, SOC: 100.0%",0
2026-01-01T13:21:05Z,GRID_PASS,100.0,0.0,"B1 logic. V: 0.970, SOC: 100.0%",0
2026-01-01T13:21:10Z,GRID_PASS,100.0,0.0,"B1 logic. V: 0.970, SOC: 100.0%",0
2026-01-01T13:21:15Z,GRID_PASS,100.0,0.0,"B1 logic. V: 0.970, SOC: 100.0%",0
2026-01-01T13:21:20Z,GRID_PASS,100.0,0.0,"B1 logic. V: 0.970, SOC: 100.0%",0
2026-01-01T13:21:25Z,GRID_PASS,100.0,0.0,"B1 logic. V: 0.970, SOC: 100.0%",0
2026-01-01T13:21:30Z,GRID_PASS,100.0,0.0,"B1 logic. V: 0.970, SOC: 100.0%",0
2026-01-01T13:21:35Z,GRID_PASS,100.0,0.0,"B1 logic. V: 0.970, SOC: 100.0%",0
2026-01-01T13:21:40Z,GRID_PASS,100.0,0.0,"B1 logic. V: 0.970, SOC: 100.0%",0
2026-01-01T13:21:45Z,GRID_PASS,100.0,0.0,"B1 logic. V: 0.970, SOC: 100.0%",0
2026-01-01T13:21:50Z,GRID_PASS,100.0,0.0,"B1 logic. V: 0.970, SOC: 100.0%",0
2026-01-01T13:21:55Z,GRID_PASS,100.0,0.0,"B1 logic. V: 0.970, SOC: 100.0%",0
2026-01-01T13:22:00Z,GRID_PASS,100.0,0.0,"B1 logic. V: 0.970, SOC: 100.0%",0
2026-01-01T13:22:05Z,GRID_PASS,100.0,0.0,"B1 logic. V: 0.970, SOC: 100.0%",0
2026-01-01T13:22:10Z,GRID_PASS,100.0,0.0,"B1 logic. V: 0.970, SOC: 100.0%",0
2026-01-01T13:22:15Z,GRID_PASS,100.0,0.0,"B1 logic. V: 0.970, SOC: 100.0%",0
2026-01-01T13:22:20Z,GRID_PASS,100.0,0.0,"B1 logic. V: 0.970, SOC: 100.0%",0
2026-01-01T13:22:25Z,GRID_PASS,100.0,0.0,"B1 logic. V: 0.970, SOC: 100.0%",0
2026-01-01T13:22:30Z,GRID_PASS,100.0,0.0,"B1 logic. V: 0.970, SOC: 100.0%",0
2026-01-01T13:22:35Z,GRID_PASS,100.0,0.0,"B1 logic. V: 0.970, SOC: 100.0%",0
2026-01-01T13:22:40Z,GRID_PASS,100.0,0.0,"B1 logic. V: 0.970, SOC: 100.0%",0
2026-01-01T13:22:45Z,GRID_PASS,100.0,0.0,"B1 logic. V: 0.970, SOC: 100.0%",0
2026-01-01T13:22:50Z,GRID_PASS,100.0,0.0,"B1 logic. V: 0.970, SOC: 100.0%",0
2026-01-01T13:22:55Z,GRID_PASS,100.0,0.0,"B1 logic. V: 0.970, SOC: 100.0%",0
2026-01-01T13:23:00Z,GRID_PASS,100.0,0.0,"B1 logic. V: 0.970, SOC: 100.0%",0
2026-01-01T13:23:05Z,GRID_PASS,100.0,0.0,"B1 logic. V: 0.970, SOC: 100.0%",0
2026-01-01T13:23:10Z,GRID_PASS,100.0,0.0,"B1 logic. V: 0.970, SOC: 100.0%",0
2026-01-01T13:23:15Z,GRID_PASS,100.0,0.0,"B1 logic. V: 0.970, SOC: 100.0%",0
2026-01-01T13:23:20Z,GRID_PASS,100.0,0.0,"B1 logic. V: 0.970, SOC: 100.0%",0
2026-01-01T13:23:25Z,GRID_PASS,100.0,0.0,"B1 logic. V: 0.970, SOC: 100.0%",0
2026-01-01T13:23:30Z,GRID_PASS,100.0,0.0,"B1 logic. V: 0.970, SOC: 100.0%",0
2026-01-01T13:23:35Z,GRID_PASS,100.0,0.0,"B1 logic. V: 0.970, SOC: 100.0%",0
2026-01-01T13:23:40Z,GRID_PASS,100.0,0.0,"B1 logic. V: 0.970, SOC: 100.0%",0
2026-01-01T13:23:45Z,GRID_PASS,100.0,0.0,"B1 logic. V: 0.970, SOC: 100.0%",0
2026-01-01T13:23:50Z,GRID_PASS,100.0,0.0,"B1 logic. V: 0.970, SOC: 100.0%",0
2026-01-01T13:23:55Z,GRID_PASS,100.0,0.0,"B1 logic. V: 0.970, SOC: 100.0%",0
2026-01-01T13:24:00Z,GRID_PASS,100.0,0.0,"B1 logic. V: 0.970, SOC: 100.0%",0
2026-01-01T13:24:05Z,GRID_PASS,100.0,0.0,"B1 logic. V: 0.970, SOC: 100.0%",0
2026-01-01T13:24:10Z,GRID_PASS,100.0,0.0,"B1 logic. V: 0.970, SOC: 100.0%",0
2026-01-01T13:24:15Z,GRID_PASS,100.0,0.0,"B1 logic. V: 0.970, SOC: 100.0%",0
2026-01-01T13:24:20Z,GRID_PASS,100.0,0.0,"B1 logic. V: 0.970, SOC: 100.0%",0
2026-01-01T13:24:25Z,GRID_PASS,100.0,0.0,"B1 logic. V: 0.970, SOC: 100.0%",0
2026-01-01T13:24:30Z,GRID_PASS,100.0,0.0,"B1 logic. V: 0.970, SOC: 100.0%",0
2026-01-01T13:24:35Z,GRID_PASS,100.0,0.0,"B1 logic. V: 0.970, SOC: 100.0%",0
2026-01-01T13:24:40Z,GRID_PASS,100.0,0.0,"B1 logic. V: 0.970, SOC: 100.0%",0
2026-01-01T13:24:45Z,GRID_PASS,100.0,0.0,"B1 logic. V: 0.970, SOC: 100.0%",0
2026-01-01T13:24:50Z,GRID_PASS,100.0,0.0,"B1 logic. V: 0.970, SOC: 100.0%",0
2026-01-01T13:24:55Z,GRID_PASS,100.0,0.0,"B1 logic. V: 0.970, SOC: 100.0%",0
2026-01-01T13:25:00Z,GRID_PASS,100.0,0.0,"B1 logic. V: 0.970, SOC: 100.0%",0
2026-01-01T13:25:05Z,GRID_PASS,100.0,0.0,"B1 logic. V: 0.970, SOC: 100.0%",0
2026-01-01T13:25:10Z,GRID_PASS,100.0,0.0,"B1 logic. V: 0.970, SOC: 100.0%",0
2026-01-01T13:25:15Z,GRID_PASS,100.0,0.0,"B1 logic. V: 0.970, SOC: 100.0%",0
2026-01-01T13:25:20Z,GRID_PASS,100.0,0.0,"B1 logic. V: 0.970, SOC: 100.0%",0
2026-01-01T13:25:25Z,GRID_PASS,100.0,0.0,"B1 logic. V: 0.970, SOC: 100.0%",0
2026-01-01T13:25:30Z,GRID_PASS,100.0,0.0,"B1 logic. V: 0.970, SOC: 100.0%",0
2026-01-01T13:25:35Z,GRID_PASS,100.0,0.0,"B1 logic. V: 0.970, SOC: 100.0%",0
2026-01-01T13:25:40Z,GRID_PASS,100.0,0.0,"B1 logic. V: 0.970, SOC: 100.0%",0
2026-01-01T13:25:45Z,GRID_PASS,100.0,0.0,"B1 logic. V: 0.970, SOC: 100.0%",0
2026-01-01T13:25:50Z,GRID_PASS,100.0,0.0,"B1 logic. V: 0.970, SOC: 100.0%",0
2026-01-01T13:25:55Z,GRID_PASS,100.0,0.0,"B1 logic. V: 0.970, SOC: 100.0%",0
2026-01-01T13:26:00Z,GRID_PASS,100.0,0.0,"B1 logic. V: 0.970, SOC: 100.0%",0
2026-01-01T13:26:05Z,GRID_PASS,100.0,0.0,"B1 logic. V: 0.970, SOC: 100.0%",0
2026-01-01T13:26:10Z,GRID_PASS,100.0,0.0,"B1 logic. V: 0.970, SOC: 100.0%",0
2026-01-01T13:26:15Z,GRID_PASS,100.0,0.0,"B1 logic. V: 0.970, SOC: 100.0%",0
2026-01-01T13:26:20Z,GRID_PASS,100.0,0.0,"B1 logic. V: 0.970, SOC: 100.0%",0
2026-01-01T13:26:25Z,GRID_PASS,100.0,0.0,"B1 logic. V: 0.970, SOC: 100.0%",0
2026-01-01T13:26:30Z,GRID_PASS,100.0,0.0,"B1 logic. V: 0.970, SOC: 100.0%",0
2026-01-01T13:26:35Z,GRID_PASS,100.0,0.0,"B1 logic. V: 0.970, SOC: 100.0%",0
2026-01-01T13:26:40Z,GRID_PASS,100.0,0.0,"B1 logic. V: 0.970, SOC: 100.0%",0
2026-01-01T13:26:45Z,GRID_PASS,100.0,0.0,"B1 logic. V: 0.970, SOC: 100.0%",0
2026-01-01T13:26:50Z,GRID_PASS,100.0,0.0,"B1 logic. V: 0.970, SOC: 100.0%",0
2026-01-01T13:26:55Z,GRID_PASS,100.0,0.0,"B1 logic. V: 0.970, SOC: 100.0%",0
2026-01-01T13:27:00Z,GRID_PASS,100.0,0.0,"B1 logic. V: 0.970, SOC: 100.0%",0
2026-01-01T13:27:05Z,GRID_PASS,100.0,0.0,"B1 logic. V: 0.970, SOC: 100.0%",0
2026-01-01T13:27:10Z,GRID_PASS,100.0,0.0,"B1 logic. V: 0.970, SOC: 100.0%",0
2026-01-01T13:27:15Z,GRID_PASS,100.0,0.0,"B1 logic. V: 0.970, SOC: 100.0%",0
2026-01-01T13:27:20Z,GRID_PASS,100.0,0.0,"B1 logic. V: 0.970, SOC: 100.0%",0
2026-01-01T13:27:25Z,GRID_PASS,100.0,0.0,"B1 logic. V: 0.970, SOC: 100.0%",0
2026-01-01T13:27:30Z,GRID_PASS,100.0,0.0,"B1 logic. V: 0.970, SOC: 100.0%",0
2026-01-01T13:27:35Z,GRID_PASS,100.0,0.0,"B1 logic. V: 0.970, SOC: 100.0%",0
2026-01-01T13:27:40Z,GRID_PASS,100.0,0.0,"B1 logic. V: 0.970, SOC: 100.0%",0
2026-01-01T13:27:45Z,GRID_PASS,100.0,0.0,"B1 logic. V: 0.970, SOC: 100.0%",0
2026-01-01T13:27:50Z,GRID_PASS,100.0,0.0,"B1 logic. V: 0.970, SOC: 100.0%",0
2026-01-01T13:27:55Z,GRID_PASS,100.0,0.0,"B1 logic. V: 0.970, SOC: 100.0%",0
2026-01-01T13:28:00Z,GRID_PASS,100.0,0.0,"B1 logic. V: 0.970, SOC: 100.0%",0
2026-01-01T13:28:05Z,GRID_PASS,100.0,0.0,"B1 logic. V: 0.970, SOC: 100.0%",0
2026-01-01T13:28:10Z,GRID_PASS,100.0,0.0,"B1 logic. V: 0.970, SOC: 100.0%",0
2026-01-01T13:28:15Z,GRID_PASS,100.0,0.0,"B1 logic. V: 0.970, SOC: 100.0%",0
2026-01-01T13:28:20Z,GRID_PASS,100.0,0.0,"B1 logic. V: 0.970, SOC: 100.0%",0
2026-01-01T13:28:25Z,GRID_PASS,100.0,0.0,"B1 logic. V: 0.970, SOC: 100.0%",0
2026-01-01T13:28:30Z,GRID_PASS,100.0,0.0,"B1 logic. V: 0.970, SOC: 100.0%",0
2026-01-01T13:28:35Z,GRID_PASS,100.0,0.0,"B1 logic. V: 0.970, SOC: 100.0%",0
2026-01-01T13:28:40Z,GRID_PASS,100.0,0.0,"B1 logic. V: 0.970, SOC: 100.0%",0
2026-01-01T13:28:45Z,GRID_PASS,100.0,0.0,"B1 logic. V: 0.970, SOC: 100.0%",0
2026-01-01T13:28:50Z,GRID_PASS,100.0,0.0,"B1 logic. V: 0.970, SOC: 100.0%",0
2026-01-01T13:28:55Z,GRID_PASS,100.0,0.0,"B1 logic. V: 0.970, SOC: 100.0%",0
2026-01-01T13:29:00Z,GRID_PASS,100.0,0.0,"B1 logic. V: 0.970, SOC: 100.0%",0
2026-01-01T13:29:05Z,GRID_PASS,100.0,0.0,"B1 logic. V: 0.970, SOC: 100.0%",0
2026-01-01T13:29:10Z,GRID_PASS,100.0,0.0,"B1 logic. V: 0.970, SOC: 100.0%",0
2026-01-01T13:29:15Z,GRID_PASS,100.0,0.0,"B1 logic. V: 0.970, SOC: 100.0%",0
2026-01-01T13:29:20Z,GRID_PASS,100.0,0.0,"B1 logic. V: 0.970, SOC: 100.0%",0
2026-01-01T13:29:25Z,GRID_PASS,100.0,0.0,"B1 logic. V: 0.970, SOC: 100.0%",0
2026-01-01T13:29:30Z,GRID_PASS,100.0,0.0,"B1 logic. V: 0.970, SOC: 100.0%",0
2026-01-01T13:29:35Z,GRID_PASS,100.0,0.0,"B1 logic. V: 0.970, SOC: 100.0%",0
2026-01-01T13:29:40Z,GRID_PASS,100.0,0.0,"B1 logic. V: 0.970, SOC: 100.0%",0
2026-01-01T13:29:45Z,GRID_PASS,100.0,0.0,"B1 logic. V: 0.970, SOC: 100.0%",0
2026-01-01T13:29:50Z,GRID_PASS,100.0,0.0,"B1 logic. V: 0.970, SOC: 100.0%",0
2026-01-01T13:29:55Z,GRID_PASS,100.0,0.0,"B1 logic. V: 0.970, SOC: 100.0%",0
2026-01-01T13:30:00Z,GRID_PASS,100.0,0.0,"B1 logic. V: 0.970, SOC: 100.0%",0
2026-01-01T13:30:05Z,GRID_PASS,100.0,0.0,"B1 logic. V: 0.970, SOC: 100.0%",0
2026-01-01T13:30:10Z,GRID_PASS,100.0,0.0,"B1 logic. V: 0.970, SOC: 100.0%",0
2026-01-01T13:30:15Z,GRID_PASS,100.0,0.0,"B1 logic. V: 0.970, SOC: 100.0%",0
2026-01-01T13:30:20Z,GRID_PASS,100.0,0.0,"B1 logic. V: 0.970, SOC: 100.0%",0
2026-01-01T13:30:25Z,GRID_PASS,100.0,0.0,"B1 logic. V: 0.970, SOC: 100.0%",0
2026-01-01T13:30:30Z,GRID_PASS,100.0,0.0,"B1 logic. V: 0.970, SOC: 100.0%",0
2026-01-01T13:30:35Z,GRID_PASS,100.0,0.0,"B1 logic. V: 0.970, SOC: 100.0%",0
2026-01-01T13:30:40Z,GRID_PASS,100.0,0.0,"B1 logic. V: 0.970, SOC: 100.0%",0
2026-01-01T13:30:45Z,GRID_PASS,100.0,0.0,"B1 logic. V: 0.970, SOC: 100.0%",0
2026-01-01T13:30:50Z,GRID_PASS,100.0,0.0,"B1 logic. V: 0.970, SOC: 100.0%",0
2026-01-01T13:30:55Z,GRID_PASS,100.0,0.0,"B1 logic. V: 0.970, SOC: 100.0%",0
2026-01-01T13:31:00Z,GRID_PASS,100.0,0.0,"B1 logic. V: 0.970, SOC: 100.0%",0
2026-01-01T13:31:05Z,GRID_PASS,100.0,0.0,"B1 logic. V: 0.970, SOC: 100.0%",0
2026-01-01T13:31:10Z,GRID_PASS,100.0,0.0,"B1 logic. V: 0.970, SOC: 100.0%",0
2026-01-01T13:31:15Z,GRID_PASS,100.0,0.0,"B1 logic. V: 0.970, SOC: 100.0%",0
2026-01-01T13:31:20Z,GRID_PASS,100.0,0.0,"B1 logic. V: 0.970, SOC: 100.0%",0
2026-01-01T13:31:25Z,GRID_PASS,100.0,0.0,"B1 logic. V: 0.970, SOC: 100.0%",0
2026-01-01T13:31:30Z,GRID_PASS,100.0,0.0,"B1 logic. V: 0.970, SOC: 100.0%",0
2026-01-01T13:31:35Z,GRID_PASS,100.0,0.0,"B1 logic. V: 0.970, SOC: 100.0%",0
2026-01-01T13:31:40Z,GRID_PASS,100.0,0.0,"B1 logic. V: 0.970, SOC: 100.0%",0
2026-01-01T13:31:45Z,GRID_PASS,100.0,0.0,"B1 logic. V: 0.970, SOC: 100.0%",0
2026-01-01T13:31:50Z,GRID_PASS,100.0,0.0,"B1 logic. V: 0.970, SOC: 100.0%",0
2026-01-01T13:31:55Z,GRID_PASS,100.0,0.0,"B1 logic. V: 0.970, SOC: 100.0%",0
2026-01-01T13:32:00Z,GRID_PASS,100.0,0.0,"B1 logic. V: 0.970, SOC: 100.0%",0
2026-01-01T13:32:05Z,GRID_PASS,100.0,0.0,"B1 logic. V: 0.970, SOC: 100.0%",0
2026-01-01T13:32:10Z,GRID_PASS,100.0,0.0,"B1 logic. V: 0.970, SOC: 100.0%",0
2026-01-01T13:32:15Z,GRID_PASS,100.0,0.0,"B1 logic. V: 0.970, SOC: 100.0%",0
2026-01-01T13:32:20Z,GRID_PASS,100.0,0.0,"B1 logic. V: 0.970, SOC: 100.0%",0
2026-01-01T13:32:25Z,GRID_PASS,100.0,0.0,"B1 logic. V: 0.970, SOC: 100.0%",0
2026-01-01T13:32:30Z,GRID_PASS,100.0,0.0,"B1 logic. V: 0.970, SOC: 100.0%",0
2026-01-01T13:32:35Z,GRID_PASS,100.0,0.0,"B1 logic. V: 0.970, SOC: 100.0%",0
2026-01-01T13:32:40Z,GRID_PASS,100.0,0.0,"B1 logic. V: 0.970, SOC: 100.0%",0
2026-01-01T13:32:45Z,GRID_PASS,100.0,0.0,"B1 logic. V: 0.970, SOC: 100.0%",0
2026-01-01T13:32:50Z,GRID_PASS,100.0,0.0,"B1 logic. V: 0.970, SOC: 100.0%",0
2026-01-01T13:32:55Z,GRID_PASS,100.0,0.0,"B1 logic. V: 0.970, SOC: 100.0%",0
2026-01-01T13:33:00Z,GRID_PASS,100.0,0.0,"B1 logic. V: 0.970, SOC: 100.0%",0
2026-01-01T13:33:05Z,GRID_PASS,100.0,0.0,"B1 logic. V: 0.970, SOC: 100.0%",0
2026-01-01T13:33:10Z,GRID_PASS,100.0,0.0,"B1 logic. V: 0.970, SOC: 100.0%",0
2026-01-01T13:33:15Z,GRID_PASS,100.0,0.0,"B1 logic. V: 0.970, SOC: 100.0%",0
2026-01-01T13:33:20Z,GRID_PASS,100.0,0.0,"B1 logic. V: 0.970, SOC: 100.0%",0
2026-01-01T13:33:25Z,GRID_PASS,100.0,0.0,"B1 logic. V: 0.970, SOC: 100.0%",0
2026-01-01T13:33:30Z,GRID_PASS,100.0,0.0,"B1 logic. V: 0.970, SOC: 100.0%",0
2026-01-01T13:33:35Z,GRID_PASS,100.0,0.0,"B1 logic. V: 0.970, SOC: 100.0%",0
2026-01-01T13:33:40Z,GRID_PASS,100.0,0.0,"B1 logic. V: 0.970, SOC: 100.0%",0
2026-01-01T13:33:45Z,GRID_PASS,100.0,0.0,"B1 logic. V: 0.970, SOC: 100.0%",0
2026-01-01T13:33:50Z,GRID_PASS,100.0,0.0,"B1 logic. V: 0.970, SOC: 100.0%",0
2026-01-01T13:33:55Z,GRID_PASS,100.0,0.0,"B1 logic. V: 0.970, SOC: 100.0%",0
2026-01-01T13:34:00Z,GRID_PASS,100.0,0.0,"B1 logic. V: 0.970, SOC: 100.0%",0
2026-01-01T13:34:05Z,GRID_PASS,100.0,0.0,"B1 logic. V: 0.970, SOC: 100.0%",0
2026-01-01T13:34:10Z,GRID_PASS,100.0,0.0,"B1 logic. V: 0.970, SOC: 100.0%",0
2026-01-01T13:34:15Z,GRID_PASS,100.0,0.0,"B1 logic. V: 0.970, SOC: 100.0%",0
2026-01-01T13:34:20Z,GRID_PASS,100.0,0.0,"B1 logic. V: 0.970, SOC: 100.0%",0
2026-01-01T13:34:25Z,GRID_PASS,100.0,0.0,"B1 logic. V: 0.970, SOC: 100.0%",0
2026-01-01T13:34:30Z,GRID_PASS,100.0,0.0,"B1 logic. V: 0.970, SOC: 100.0%",0
2026-01-01T13:34:35Z,GRID_PASS,100.0,0.0,"B1 logic. V: 0.970, SOC: 100.0%",0
2026-01-01T13:34:40Z,GRID_PASS,100.0,0.0,"B1 logic. V: 0.970, SOC: 100.0%",0
2026-01-01T13:34:45Z,GRID_PASS,100.0,0.0,"B1 logic. V: 0.970, SOC: 100.0%",0
2026-01-01T13:34:50Z,GRID_PASS,100.0,0.0,"B1 logic. V: 0.970, SOC: 100.0%",0
2026-01-01T13:34:55Z,GRID_PASS,100.0,0.0,"B1 logic. V: 0.970, SOC: 100.0%",0
2026-01-01T13:35:00Z,GRID_PASS,100.0,0.0,"B1 logic. V: 0.970, SOC: 100.0%",0
2026-01-01T13:35:05Z,GRID_PASS,100.0,0.0,"B1 logic. V: 0.970, SOC: 100.0%",0
2026-01-01T13:35:10Z,GRID_PASS,100.0,0.0,"B1 logic. V: 0.970, SOC: 100.0%",0
2026-01-01T13:35:15Z,GRID_PASS,100.0,0.0,"B1 logic. V: 0.970, SOC: 100.0%",0
2026-01-01T13:35:20Z,GRID_PASS,100.0,0.0,"B1 logic. V: 0.970, SOC: 100.0%",0
2026-01-01T13:35:25Z,GRID_PASS,100.0,0.0,"B1 logic. V: 0.970, SOC: 100.0%",0
2026-01-01T13:35:30Z,GRID_PASS,100.0,0.0,"B1 logic. V: 0.970, SOC: 100.0%",0
2026-01-01T13:35:35Z,GRID_PASS,100.0,0.0,"B1 logic. V: 0.970, SOC: 100.0%",0
2026-01-01T13:35:40Z,GRID_PASS,100.0,0.0,"B1 logic. V: 0.970, SOC: 100.0%",0
2026-01-01T13:35:45Z,GRID_PASS,100.0,0.0,"B1 logic. V: 0.970, SOC: 100.0%",0
2026-01-01T13:35:50Z,GRID_PASS,100.0,0.0,"B1 logic. V: 0.970, SOC: 100.0%",0
2026-01-01T13:35:55Z,GRID_PASS,100.0,0.0,"B1 logic. V: 0.970, SOC: 100.0%",0
2026-01-01T13:36:00Z,GRID_PASS,100.0,0.0,"B1 logic. V: 0.970, SOC: 100.0%",0
2026-01-01T13:36:05Z,GRID_PASS,100.0,0.0,"B1 logic. V: 0.970, SOC: 100.0%",0
2026-01-01T13:36:10Z,GRID_PASS,100.0,0.0,"B1 logic. V: 0.970, SOC: 100.0%",0
2026-01-01T13:36:15Z,GRID_PASS,100.0,0.0,"B1 logic. V: 0.970, SOC: 100.0%",0
2026-01-01T13:36:20Z,GRID_PASS,100.0,0.0,"B1 logic. V: 0.970, SOC: 100.0%",0
2026-01-01T13:36:25Z,GRID_PASS,100.0,0.0,"B1 logic. V: 0.970, SOC: 100.0%",0
2026-01-01T13:36:30Z,GRID_PASS,100.0,0.0,"B1 logic. V: 0.970, SOC: 100.0%",0
2026-01-01T13:36:35Z,GRID_PASS,100.0,0.0,"B1 logic. V: 0.970, SOC: 100.0%",0
2026-01-01T13:36:40Z,GRID_PASS,100.0,0.0,"B1 logic. V: 0.970, SOC: 100.0%",0
2026-01-01T13:36:45Z,GRID_PASS,100.0,0.0,"B1 logic. V: 0.970, SOC: 100.0%",0
2026-01-01T13:36:50Z,GRID_PASS,100.0,0.0,"B1 logic. V: 0.970, SOC: 100.0%",0
2026-01-01T13:36:55Z,GRID_PASS,100.0,0.0,"B1 logic. V: 0.970, SOC: 100.0%",0
2026-01-01T13:37:00Z,GRID_PASS,100.0,0.0,"B1 logic. V: 0.970, SOC: 100.0%",0
2026-01-01T13:37:05Z,GRID_PASS,100.0,0.0,"B1 logic. V: 0.970, SOC: 100.0%",0
2026-01-01T13:37:10Z,GRID_PASS,100.0,0.0,"B1 logic. V: 0.970, SOC: 100.0%",0
2026-01-01T13:37:15Z,GRID_PASS,100.0,0.0,"B1 logic. V: 0.970, SOC: 100.0%",0
2026-01-01T13:37:20Z,GRID_PASS,100.0,0.0,"B1 logic. V: 0.970, SOC: 100.0%",0
2026-01-01T13:37:25Z,GRID_PASS,100.0,0.0,"B1 logic. V: 0.970, SOC: 100.0%",0
2026-01-01T13:37:30Z,GRID_PASS,100.0,0.0,"B1 logic. V: 0.970, SOC: 100.0%",0
2026-01-01T13:37:35Z,GRID_PASS,100.0,0.0,"B1 logic. V: 0.970, SOC: 100.0%",0
2026-01-01T13:37:40Z,GRID_PASS,100.0,0.0,"B1 logic. V: 0.970, SOC: 100.0%",0
2026-01-01T13:37:45Z,GRID_PASS,100.0,0.0,"B1 logic. V: 0.970, SOC: 100.0%",0
2026-01-01T13:37:50Z,GRID_PASS,100.0,0.0,"B1 logic. V: 0.970, SOC: 100.0%",0
2026-01-01T13:37:55Z,GRID_PASS,100.0,0.0,"B1 logic. V: 0.970, SOC: 100.0%",0
2026-01-01T13:38:00Z,GRID_PASS,100.0,0.0,"B1 logic. V: 0.970, SOC: 100.0%",0
2026-01-01T13:38:05Z,GRID_PASS,100.0,0.0,"B1 logic. V: 0.970, SOC: 100.0%",0
2026-01-01T13:38:10Z,GRID_PASS,100.0,0.0,"B1 logic. V: 0.970, SOC: 100.0%",0
2026-01-01T13:38:15Z,GRID_PASS,100.0,0.0,"B1 logic. V: 0.970, SOC: 100.0%",0
2026-01-01T13:38:20Z,GRID_PASS,100.0,0.0,"B1 logic. V: 0.970, SOC: 100.0%",0
2026-01-01T13:38:25Z,GRID_PASS,100.0,0.0,"B1 logic. V: 0.970, SOC: 100.0%",0
2026-01-01T13:38:30Z,GRID_PASS,100.0,0.0,"B1 logic. V: 0.970, SOC: 100.0%",0
2026-01-01T13:38:35Z,GRID_PASS,100.0,0.0,"B1 logic. V: 0.970, SOC: 100.0%",0
2026-01-01T13:38:40Z,GRID_PASS,100.0,0.0,"B1 logic. V: 0.970, SOC: 100.0%",0
2026-01-01T13:38:45Z,GRID_PASS,100.0,0.0,"B1 logic. V: 0.970, SOC: 100.0%",0
2026-01-01T13:38:50Z,GRID_PASS,100.0,0.0,"B1 logic. V: 0.970, SOC: 100.0%",0
2026-01-01T13:38:55Z,GRID_PASS,100.0,0.0,"B1 logic. V: 0.970, SOC: 100.0%",0
2026-01-01T13:39:00Z,GRID_PASS,100.0,0.0,"B1 logic. V: 0.970, SOC: 100.0%",0
2026-01-01T13:39:05Z,GRID_PASS,100.0,0.0,"B1 logic. V: 0.970, SOC: 100.0%",0
2026-01-01T13:39:10Z,GRID_PASS,100.0,0.0,"B1 logic. V: 0.970, SOC: 100.0%",0
2026-01-01T13:39:15Z,GRID_PASS,100.0,0.0,"B1 logic. V: 0.970, SOC: 100.0%",0
2026-01-01T13:39:20Z,GRID_PASS,100.0,0.0,"B1 logic. V: 0.970, SOC: 100.0%",0
2026-01-01T13:39:25Z,GRID_PASS,100.0,0.0,"B1 logic. V: 0.970, SOC: 100.0%",0
2026-01-01T13:39:30Z,GRID_PASS,100.0,0.0,"B1 logic. V: 0.970, SOC: 100.0%",0
2026-01-01T13:39:35Z,GRID_PASS,100.0,0.0,"B1 logic. V: 0.970, SOC: 100.0%",0
2026-01-01T13:39:40Z,GRID_PASS,100.0,0.0,"B1 logic. V: 0.970, SOC: 100.0%",0
2026-01-01T13:39:45Z,GRID_PASS,100.0,0.0,"B1 logic. V: 0.970, SOC: 100.0%",0
2026-01-01T13:39:50Z,GRID_PASS,100.0,0.0,"B1 logic. V: 0.970, SOC: 100.0%",0
2026-01-01T13:39:55Z,GRID_PASS,100.0,0.0,"B1 logic. V: 0.970, SOC: 100.0%",0
2026-01-01T13:40:00Z,GRID_PASS,100.0,0.0,"B1 logic. V: 0.970, SOC: 100.0%",0
2026-01-01T13:40:05Z,GRID_PASS,100.0,0.0,"B1 logic. V: 0.970, SOC: 100.0%",0
2026-01-01T13:40:10Z,GRID_PASS,100.0,0.0,"B1 logic. V: 0.970, SOC: 100.0%",0
2026-01-01T13:40:15Z,GRID_PASS,100.0,0.0,"B1 logic. V: 0.970, SOC: 100.0%",0
2026-01-01T13:40:20Z,GRID_PASS,100.0,0.0,"B1 logic. V: 0.970, SOC: 100.0%",0
2026-01-01T13:40:25Z,GRID_PASS,100.0,0.0,"B1 logic. V: 0.970, SOC: 100.0%",0
2026-01-01T13:40:30Z,GRID_PASS,100.0,0.0,"B1 logic. V: 0.970, SOC: 100.0%",0
2026-01-01T13:40:35Z,GRID_PASS,100.0,0.0,"B1 logic. V: 0.970, SOC: 100.0%",0
2026-01-01T13:40:40Z,GRID_PASS,100.0,0.0,"B1 logic. V: 0.970, SOC: 100.0%",0
2026-01-01T13:40:45Z,GRID_PASS,100.0,0.0,"B1 logic. V: 0.970, SOC: 100.0%",0
2026-01-01T13:40:50Z,GRID_PASS,100.0,0.0,"B1 logic. V: 0.970, SOC: 100.0%",0
2026-01-01T13:40:55Z,GRID_PASS,100.0,0.0,"B1 logic. V: 0.970, SOC: 100.0%",0
2026-01-01T13:41:00Z,GRID_PASS,100.0,0.0,"B1 logic. V: 0.970, SOC: 100.0%",0
2026-01-01T13:41:05Z,GRID_PASS,100.0,0.0,"B1 logic. V: 0.970, SOC: 100.0%",0
2026-01-01T13:41:10Z,GRID_PASS,100.0,0.0,"B1 logic. V: 0.970, SOC: 100.0%",0
2026-01-01T13:41:15Z,GRID_PASS,100.0,0.0,"B1 logic. V: 0.970, SOC: 100.0%",0
2026-01-01T13:41:20Z,GRID_PASS,100.0,0.0,"B1 logic. V: 0.970, SOC: 100.0%",0
2026-01-01T13:41:25Z,GRID_PASS,100.0,0.0,"B1 logic. V: 0.970, SOC: 100.0%",0
2026-01-01T13:41:30Z,GRID_PASS,100.0,0.0,"B1 logic. V: 0.970, SOC: 100.0%",0
2026-01-01T13:41:35Z,GRID_PASS,100.0,0.0,"B1 logic. V: 0.970, SOC: 100.0%",0
2026-01-01T13:41:40Z,GRID_PASS,100.0,0.0,"B1 logic. V: 0.970, SOC: 100.0%",0
2026-01-01T13:41:45Z,GRID_PASS,100.0,0.0,"B1 logic. V: 0.970, SOC: 100.0%",0
2026-01-01T13:41:50Z,GRID_PASS,100.0,0.0,"B1 logic. V: 0.970, SOC: 100.0%",0
2026-01-01T13:41:55Z,GRID_PASS,100.0,0.0,"B1 logic. V: 0.970, SOC: 100.0%",0
2026-01-01T13:42:00Z,GRID_PASS,100.0,0.0,"B1 logic. V: 0.970, SOC: 100.0%",0
2026-01-01T13:42:05Z,GRID_PASS,100.0,0.0,"B1 logic. V: 0.970, SOC: 100.0%",0
2026-01-01T13:42:10Z,GRID_PASS,100.0,0.0,"B1 logic. V: 0.970, SOC: 100.0%",0
2026-01-01T13:42:15Z,GRID_PASS,100.0,0.0,"B1 logic. V: 0.970, SOC: 100.0%",0
2026-01-01T13:42:20Z,GRID_PASS,100.0,0.0,"B1 logic. V: 0.970, SOC: 100.0%",0
2026-01-01T13:42:25Z,GRID_PASS,100.0,0.0,"B1 logic. V: 0.970, SOC: 100.0%",0
2026-01-01T13:42:30Z,GRID_PASS,100.0,0.0,"B1 logic. V: 0.970, SOC: 100.0%",0
2026-01-01T13:42:35Z,GRID_PASS,100.0,0.0,"B1 logic. V: 0.970, SOC: 100.0%",0
2026-01-01T13:42:40Z,GRID_PASS,100.0,0.0,"B1 logic. V: 0.970, SOC: 100.0%",0
2026-01-01T13:42:45Z,GRID_PASS,100.0,0.0,"B1 logic. V: 0.970, SOC: 100.0%",0
2026-01-01T13:42:50Z,GRID_PASS,100.0,0.0,"B1 logic. V: 0.970, SOC: 100.0%",0
2026-01-01T13:42:55Z,GRID_PASS,100.0,0.0,"B1 logic. V: 0.970, SOC: 100.0%",0
2026-01-01T13:43:00Z,GRID_PASS,100.0,0.0,"B1 logic. V: 0.970, SOC: 100.0%",0
2026-01-01T13:43:05Z,GRID_PASS,100.0,0.0,"B1 logic. V: 0.970, SOC: 100.0%",0
2026-01-01T13:43:10Z,GRID_PASS,100.0,0.0,"B1 logic. V: 0.970, SOC: 100.0%",0
2026-01-01T13:43:15Z,GRID_PASS,100.0,0.0,"B1 logic. V: 0.970, SOC: 100.0%",0
2026-01-01T13:43:20Z,GRID_PASS,100.0,0.0,"B1 logic. V: 0.970, SOC: 100.0%",0
2026-01-01T13:43:25Z,GRID_PASS,100.0,0.0,"B1 logic. V: 0.970, SOC: 100.0%",0
2026-01-01T13:43:30Z,GRID_PASS,100.0,0.0,"B1 logic. V: 0.970, SOC: 100.0%",0
2026-01-01T13:43:35Z,GRID_PASS,100.0,0.0,"B1 logic. V: 0.970, SOC: 100.0%",0
2026-01-01T13:43:40Z,GRID_PASS,100.0,0.0,"B1 logic. V: 0.970, SOC: 100.0%",0
2026-01-01T13:43:45Z,GRID_PASS,100.0,0.0,"B1 logic. V: 0.970, SOC: 100.0%",0
2026-01-01T13:43:50Z,GRID_PASS,100.0,0.0,"B1 logic. V: 0.970, SOC: 100.0%",0
2026-01-01T13:43:55Z,GRID_PASS,100.0,0.0,"B1 logic. V: 0.970, SOC: 100.0%",0
2026-01-01T13:44:00Z,GRID_PASS,100.0,0.0,"B1 logic. V: 0.970, SOC: 100.0%",0
2026-01-01T13:44:05Z,GRID_PASS,100.0,0.0,"B1 logic. V: 0.970, SOC: 100.0%",0
2026-01-01T13:44:10Z,GRID_PASS,100.0,0.0,"B1 logic. V: 0.970, SOC: 100.0%",0
2026-01-01T13:44:15Z,GRID_PASS,100.0,0.0,"B1 logic. V: 0.970, SOC: 100.0%",0
2026-01-01T13:44:20Z,GRID_PASS,100.0,0.0,"B1 logic. V: 0.970, SOC: 100.0%",0
2026-01-01T13:44:25Z,GRID_PASS,100.0,0.0,"B1 logic. V: 0.970, SOC: 100.0%",0
2026-01-01T13:44:30Z,GRID_PASS,100.0,0.0,"B1 logic. V: 0.970, SOC: 100.0%",0
2026-01-01T13:44:35Z,GRID_PASS,100.0,0.0,"B1 logic. V: 0.970, SOC: 100.0%",0
2026-01-01T13:44:40Z,GRID_PASS,100.0,0.0,"B1 logic. V: 0.970, SOC: 100.0%",0
2026-01-01T13:44:45Z,GRID_PASS,100.0,0.0,"B1 logic. V: 0.970, SOC: 100.0%",0
2026-01-01T13:44:50Z,GRID_PASS,100.0,0.0,"B1 logic. V: 0.970, SOC: 100.0%",0
2026-01-01T13:44:55Z,GRID_PASS,100.0,0.0,"B1 logic. V: 0.970, SOC: 100.0%",0
2026-01-01T13:45:00Z,GRID_PASS,100.0,0.0,"B1 logic. V: 0.970, SOC: 100.0%",0
2026-01-01T13:45:05Z,GRID_PASS,100.0,0.0,"B1 logic. V: 0.970, SOC: 100.0%",0
2026-01-01T13:45:10Z,GRID_PASS,100.0,0.0,"B1 logic. V: 0.970, SOC: 100.0%",0
2026-01-01T13:45:15Z,GRID_PASS,100.0,0.0,"B1 logic. V: 0.970, SOC: 100.0%",0
2026-01-01T13:45:20Z,GRID_PASS,100.0,0.0,"B1 logic. V: 0.970, SOC: 100.0%",0
2026-01-01T13:45:25Z,GRID_PASS,100.0,0.0,"B1 logic. V: 0.970, SOC: 100.0%",0
2026-01-01T13:45:30Z,GRID_PASS,100.0,0.0,"B1 logic. V: 0.970, SOC: 100.0%",0
2026-01-01T13:45:35Z,GRID_PASS,100.0,0.0,"B1 logic. V: 0.970, SOC: 100.0%",0
2026-01-01T13:45:40Z,GRID_PASS,100.0,0.0,"B1 logic. V: 0.970, SOC: 100.0%",0
2026-01-01T13:45:45Z,GRID_PASS,100.0,0.0,"B1 logic. V: 0.970, SOC: 100.0%",0
2026-01-01T13:45:50Z,GRID_PASS,100.0,0.0,"B1 logic. V: 0.970, SOC: 100.0%",0
2026-01-01T13:45:55Z,GRID_PASS,100.0,0.0,"B1 logic. V: 0.970, SOC: 100.0%",0
2026-01-01T13:46:00Z,GRID_PASS,100.0,0.0,"B1 logic. V: 0.970, SOC: 100.0%",0
2026-01-01T13:46:05Z,GRID_PASS,100.0,0.0,"B1 logic. V: 0.970, SOC: 100.0%",0
2026-01-01T13:46:10Z,GRID_PASS,100.0,0.0,"B1 logic. V: 0.970, SOC: 100.0%",0
2026-01-01T13:46:15Z,GRID_PASS,100.0,0.0,"B1 logic. V: 0.970, SOC: 100.0%",0
2026-01-01T13:46:20Z,GRID_PASS,100.0,0.0,"B1 logic. V: 0.970, SOC: 100.0%",0
2026-01-01T13:46:25Z,GRID_PASS,100.0,0.0,"B1 logic. V: 0.970, SOC: 100.0%",0
2026-01-01T13:46:30Z,GRID_PASS,100.0,0.0,"B1 logic. V: 0.970, SOC: 100.0%",0
2026-01-01T13:46:35Z,GRID_PASS,100.0,0.0,"B1 logic. V: 0.970, SOC: 100.0%",0
2026-01-01T13:46:40Z,GRID_PASS,100.0,0.0,"B1 logic. V: 0.970, SOC: 100.0%",0
2026-01-01T13:46:45Z,GRID_PASS,100.0,0.0,"B1 logic. V: 0.970, SOC: 100.0%",0
2026-01-01T13:46:50Z,GRID_PASS,100.0,0.0,"B1 logic. V: 0.970, SOC: 100.0%",0
2026-01-01T13:46:55Z,GRID_PASS,100.0,0.0,"B1 logic. V: 0.970, SOC: 100.0%",0
2026-01-01T13:47:00Z,GRID_PASS,100.0,0.0,"B1 logic. V: 0.970, SOC: 100.0%",0
2026-01-01T13:47:05Z,GRID_PASS,100.0,0.0,"B1 logic. V: 0.970, SOC: 100.0%",0
2026-01-01T13:47:10Z,GRID_PASS,100.0,0.0,"B1 logic. V: 0.970, SOC: 100.0%",0
2026-01-01T13:47:15Z,GRID_PASS,100.0,0.0,"B1 logic. V: 0.970, SOC: 100.0%",0
2026-01-01T13:47:20Z,GRID_PASS,100.0,0.0,"B1 logic. V: 0.970, SOC: 100.0%",0
2026-01-01T13:47:25Z,GRID_PASS,100.0,0.0,"B1 logic. V: 0.970, SOC: 100.0%",0
2026-01-01T13:47:30Z,GRID_PASS,100.0,0.0,"B1 logic. V: 0.970, SOC: 100.0%",0
2026-01-01T13:47:35Z,GRID_PASS,100.0,0.0,"B1 logic. V: 0.970, SOC: 100.0%",0
2026-01-01T13:47:40Z,GRID_PASS,100.0,0.0,"B1 logic. V: 0.970, SOC: 100.0%",0
2026-01-01T13:47:45Z,GRID_PASS,100.0,0.0,"B1 logic. V: 0.970, SOC: 100.0%",0
2026-01-01T13:47:50Z,GRID_PASS,100.0,0.0,"B1 logic. V: 0.970, SOC: 100.0%",0
2026-01-01T13:47:55Z,GRID_PASS,100.0,0.0,"B1 logic. V: 0.970, SOC: 100.0%",0
2026-01-01T13:48:00Z,GRID_PASS,100.0,0.0,"B1 logic. V: 0.970, SOC: 100.0%",0
2026-01-01T13:48:05Z,GRID_PASS,100.0,0.0,"B1 logic. V: 0.970, SOC: 100.0%",0
2026-01-01T13:48:10Z,GRID_PASS,100.0,0.0,"B1 logic. V: 0.970, SOC: 100.0%",0
2026-01-01T13:48:15Z,GRID_PASS,100.0,0.0,"B1 logic. V: 0.970, SOC: 100.0%",0
2026-01-01T13:48:20Z,GRID_PASS,100.0,0.0,"B1 logic. V: 0.970, SOC: 100.0%",0
2026-01-01T13:48:25Z,GRID_PASS,100.0,0.0,"B1 logic. V: 0.970, SOC: 100.0%",0
2026-01-01T13:48:30Z,GRID_PASS,100.0,0.0,"B1 logic. V: 0.970, SOC: 100.0%",0
2026-01-01T13:48:35Z,GRID_PASS,100.0,0.0,"B1 logic. V: 0.970, SOC: 100.0%",0
2026-01-01T13:48:40Z,GRID_PASS,100.0,0.0,"B1 logic. V: 0.970, SOC: 100.0%",0
2026-01-01T13:48:45Z,GRID_PASS,100.0,0.0,"B1 logic. V: 0.970, SOC: 100.0%",0
2026-01-01T13:48:50Z,GRID_PASS,100.0,0.0,"B1 logic. V: 0.970, SOC: 100.0%",0
2026-01-01T13:48:55Z,GRID_PASS,100.0,0.0,"B1 logic. V: 0.970, SOC: 100.0%",0
2026-01-01T13:49:00Z,GRID_PASS,100.0,0.0,"B1 logic. V: 0.970, SOC: 100.0%",0
2026-01-01T13:49:05Z,GRID_PASS,100.0,0.0,"B1 logic. V: 0.970, SOC: 100.0%",0
2026-01-01T13:49:10Z,GRID_PASS,100.0,0.0,"B1 logic. V: 0.970, SOC: 100.0%",0
2026-01-01T13:49:15Z,GRID_PASS,100.0,0.0,"B1 logic. V: 0.970, SOC: 100.0%",0
2026-01-01T13:49:20Z,GRID_PASS,100.0,0.0,"B1 logic. V: 0.970, SOC: 100.0%",0
2026-01-01T13:49:25Z,GRID_PASS,100.0,0.0,"B1 logic. V: 0.970, SOC: 100.0%",0
2026-01-01T13:49:30Z,GRID_PASS,100.0,0.0,"B1 logic. V: 0.970, SOC: 100.0%",0
2026-01-01T13:49:35Z,GRID_PASS,100.0,0.0,"B1 logic. V: 0.970, SOC: 100.0%",0
2026-01-01T13:49:40Z,GRID_PASS,100.0,0.0,"B1 logic. V: 0.970, SOC: 100.0%",0
2026-01-01T13:49:45Z,GRID_PASS,100.0,0.0,"B1 logic. V: 0.970, SOC: 100.0%",0
2026-01-01T13:49:50Z,GRID_PASS,100.0,0.0,"B1 logic. V: 0.970, SOC: 100.0%",0
2026-01-01T13:49:55Z,GRID_PASS,100.0,0.0,"B1 logic. V: 0.970, SOC: 100.0%",0
2026-01-01T13:50:00Z,GRID_PASS,100.0,0.0,"B1 logic. V: 0.970, SOC: 100.0%",0
2026-01-01T13:50:05Z,GRID_PASS,100.0,0.0,"B1 logic. V: 0.970, SOC: 100.0%",0
2026-01-01T13:50:10Z,GRID_PASS,100.0,0.0,"B1 logic. V: 0.970, SOC: 100.0%",0
2026-01-01T13:50:15Z,GRID_PASS,100.0,0.0,"B1 logic. V: 0.970, SOC: 100.0%",0
2026-01-01T13:50:20Z,GRID_PASS,100.0,0.0,"B1 logic. V: 0.970, SOC: 100.0%",0
2026-01-01T13:50:25Z,GRID_PASS,100.0,0.0,"B1 logic. V: 0.970, SOC: 100.0%",0
2026-01-01T13:50:30Z,GRID_PASS,100.0,0.0,"B1 logic. V: 0.970, SOC: 100.0%",0
2026-01-01T13:50:35Z,GRID_PASS,100.0,0.0,"B1 logic. V: 0.970, SOC: 100.0%",0
2026-01-01T13:50:40Z,GRID_PASS,100.0,0.0,"B1 logic. V: 0.970, SOC: 100.0%",0
2026-01-01T13:50:45Z,GRID_PASS,100.0,0.0,"B1 logic. V: 0.970, SOC: 100.0%",0
2026-01-01T13:50:50Z,GRID_PASS,100.0,0.0,"B1 logic. V: 0.970, SOC: 100.0%",0
2026-01-01T13:50:55Z,GRID_PASS,100.0,0.0,"B1 logic. V: 0.970, SOC: 100.0%",0
2026-01-01T13:51:00Z,GRID_PASS,100.0,0.0,"B1 logic. V: 0.970, SOC: 100.0%",0
2026-01-01T13:51:05Z,GRID_PASS,100.0,0.0,"B1 logic. V: 0.970, SOC: 100.0%",0
2026-01-01T13:51:10Z,GRID_PASS,100.0,0.0,"B1 logic. V: 0.970, SOC: 100.0%",0
2026-01-01T13:51:15Z,GRID_PASS,100.0,0.0,"B1 logic. V: 0.970, SOC: 100.0%",0
2026-01-01T13:51:20Z,GRID_PASS,100.0,0.0,"B1 logic. V: 0.970, SOC: 100.0%",0
2026-01-01T13:51:25Z,GRID_PASS,100.0,0.0,"B1 logic. V: 0.970, SOC: 100.0%",0
2026-01-01T13:51:30Z,GRID_PASS,100.0,0.0,"B1 logic. V: 0.970, SOC: 100.0%",0
2026-01-01T13:51:35Z,GRID_PASS,100.0,0.0,"B1 logic. V: 0.970, SOC: 100.0%",0
2026-01-01T13:51:40Z,GRID_PASS,100.0,0.0,"B1 logic. V: 0.970, SOC: 100.0%",0
2026-01-01T13:51:45Z,GRID_PASS,100.0,0.0,"B1 logic. V: 0.970, SOC: 100.0%",0
2026-01-01T13:51:50Z,GRID_PASS,100.0,0.0,"B1 logic. V: 0.970, SOC: 100.0%",0
2026-01-01T13:51:55Z,GRID_PASS,100.0,0.0,"B1 logic. V: 0.970, SOC: 100.0%",0
2026-01-01T13:52:00Z,GRID_PASS,100.0,0.0,"B1 logic. V: 0.970, SOC: 100.0%",0
2026-01-01T13:52:05Z,GRID_PASS,100.0,0.0,"B1 logic. V: 0.970, SOC: 100.0%",0
2026-01-01T13:52:10Z,GRID_PASS,100.0,0.0,"B1 logic. V: 0.970, SOC: 100.0%",0
2026-01-01T13:52:15Z,GRID_PASS,100.0,0.0,"B1 logic. V: 0.970, SOC: 100.0%",0
2026-01-01T13:52:20Z,GRID_PASS,100.0,0.0,"B1 logic. V: 0.970, SOC: 100.0%",0
2026-01-01T13:52:25Z,GRID_PASS,100.0,0.0,"B1 logic. V: 0.970, SOC: 100.0%",0
2026-01-01T13:52:30Z,GRID_PASS,100.0,0.0,"B1 logic. V: 0.970, SOC: 100.0%",0
2026-01-01T13:52:35Z,GRID_PASS,100.0,0.0,"B1 logic. V: 0.970, SOC: 100.0%",0
2026-01-01T13:52:40Z,GRID_PASS,100.0,0.0,"B1 logic. V: 0.970, SOC: 100.0%",0
2026-01-01T13:52:45Z,GRID_PASS,100.0,0.0,"B1 logic. V: 0.970, SOC: 100.0%",0
2026-01-01T13:52:50Z,GRID_PASS,100.0,0.0,"B1 logic. V: 0.970, SOC: 100.0%",0
2026-01-01T13:52:55Z,GRID_PASS,100.0,0.0,"B1 logic. V: 0.970, SOC: 100.0%",0
2026-01-01T13:53:00Z,GRID_PASS,100.0,0.0,"B1 logic. V: 0.970, SOC: 100.0%",0
2026-01-01T13:53:05Z,GRID_PASS,100.0,0.0,"B1 logic. V: 0.970, SOC: 100.0%",0
2026-01-01T13:53:10Z,GRID_PASS,100.0,0.0,"B1 logic. V: 0.970, SOC: 100.0%",0
2026-01-01T13:53:15Z,GRID_PASS,100.0,0.0,"B1 logic. V: 0.970, SOC: 100.0%",0
2026-01-01T13:53:20Z,GRID_PASS,100.0,0.0,"B1 logic. V: 0.970, SOC: 100.0%",0
2026-01-01T13:53:25Z,GRID_PASS,100.0,0.0,"B1 logic. V: 0.970, SOC: 100.0%",0
2026-01-01T13:53:30Z,GRID_PASS,100.0,0.0,"B1 logic. V: 0.970, SOC: 100.0%",0
2026-01-01T13:53:35Z,GRID_PASS,100.0,0.0,"B1 logic. V: 0.970, SOC: 100.0%",0
2026-01-01T13:53:40Z,GRID_PASS,100.0,0.0,"B1 logic. V: 0.970, SOC: 100.0%",0
2026-01-01T13:53:45Z,GRID_PASS,100.0,0.0,"B1 logic. V: 0.970, SOC: 100.0%",0
2026-01-01T13:53:50Z,GRID_PASS,100.0,0.0,"B1 logic. V: 0.970, SOC: 100.0%",0
2026-01-01T13:53:55Z,GRID_PASS,100.0,0.0,"B1 logic. V: 0.970, SOC: 100.0%",0
2026-01-01T13:54:00Z,GRID_PASS,100.0,0.0,"B1 logic. V: 0.970, SOC: 100.0%",0
2026-01-01T13:54:05Z,GRID_PASS,100.0,0.0,"B1 logic. V: 0.970, SOC: 100.0%",0
2026-01-01T13:54:10Z,GRID_PASS,100.0,0.0,"B1 logic. V: 0.970, SOC: 100.0%",0
2026-01-01T13:54:15Z,GRID_PASS,100.0,0.0,"B1 logic. V: 0.970, SOC: 100.0%",0
2026-01-01T13:54:20Z,GRID_PASS,100.0,0.0,"B1 logic. V: 0.970, SOC: 100.0%",0
2026-01-01T13:54:25Z,GRID_PASS,100.0,0.0,"B1 logic. V: 0.970, SOC: 100.0%",0
2026-01-01T13:54:30Z,GRID_PASS,100.0,0.0,"B1 logic. V: 0.970, SOC: 100.0%",0
2026-01-01T13:54:35Z,GRID_PASS,100.0,0.0,"B1 logic. V: 0.970, SOC: 100.0%",0
2026-01-01T13:54:40Z,GRID_PASS,100.0,0.0,"B1 logic. V: 0.970, SOC: 100.0%",0
2026-01-01T13:54:45Z,GRID_PASS,100.0,0.0,"B1 logic. V: 0.970, SOC: 100.0%",0
2026-01-01T13:54:50Z,GRID_PASS,100.0,0.0,"B1 logic. V: 0.970, SOC: 100.0%",0
2026-01-01T13:54:55Z,GRID_PASS,100.0,0.0,"B1 logic. V: 0.970, SOC: 100.0%",0
2026-01-01T13:55:00Z,GRID_PASS,100.0,0.0,"B1 logic. V: 0.970, SOC: 100.0%",0
2026-01-01T13:55:05Z,GRID_PASS,100.0,0.0,"B1 logic. V: 0.970, SOC: 100.0%",0
2026-01-01T13:55:10Z,GRID_PASS,100.0,0.0,"B1 logic. V: 0.970, SOC: 100.0%",0
2026-01-01T13:55:15Z,GRID_PASS,100.0,0.0,"B1 logic. V: 0.970, SOC: 100.0%",0
2026-01-01T13:55:20Z,GRID_PASS,100.0,0.0,"B1 logic. V: 0.970, SOC: 100.0%",0
2026-01-01T13:55:25Z,GRID_PASS,100.0,0.0,"B1 logic. V: 0.970, SOC: 100.0%",0
2026-01-01T13:55:30Z,GRID_PASS,100.0,0.0,"B1 logic. V: 0.970, SOC: 100.0%",0
2026-01-01T13:55:35Z,GRID_PASS,100.0,0.0,"B1 logic. V: 0.970, SOC: 100.0%",0
2026-01-01T13:55:40Z,GRID_PASS,100.0,0.0,"B1 logic. V: 0.970, SOC: 100.0%",0
2026-01-01T13:55:45Z,GRID_PASS,100.0,0.0,"B1 logic. V: 0.970, SOC: 100.0%",0
2026-01-01T13:55:50Z,GRID_PASS,100.0,0.0,"B1 logic. V: 0.970, SOC: 100.0%",0
2026-01-01T13:55:55Z,GRID_PASS,100.0,0.0,"B1 logic. V: 0.970, SOC: 100.0%",0
2026-01-01T13:56:00Z,GRID_PASS,100.0,0.0,"B1 logic. V: 0.970, SOC: 100.0%",0
2026-01-01T13:56:05Z,GRID_PASS,100.0,0.0,"B1 logic. V: 0.970, SOC: 100.0%",0
2026-01-01T13:56:10Z,GRID_PASS,100.0,0.0,"B1 logic. V: 0.970, SOC: 100.0%",0
2026-01-01T13:56:15Z,GRID_PASS,100.0,0.0,"B1 logic. V: 0.970, SOC: 100.0%",0
2026-01-01T13:56:20Z,GRID_PASS,100.0,0.0,"B1 logic. V: 0.970, SOC: 100.0%",0
2026-01-01T13:56:25Z,GRID_PASS,100.0,0.0,"B1 logic. V: 0.970, SOC: 100.0%",0
2026-01-01T13:56:30Z,GRID_PASS,100.0,0.0,"B1 logic. V: 0.970, SOC: 100.0%",0
2026-01-01T13:56:35Z,GRID_PASS,100.0,0.0,"B1 logic. V: 0.970, SOC: 100.0%",0
2026-01-01T13:56:40Z,GRID_PASS,100.0,0.0,"B1 logic. V: 0.970, SOC: 100.0%",0
2026-01-01T13:56:45Z,GRID_PASS,100.0,0.0,"B1 logic. V: 0.970, SOC: 100.0%",0
2026-01-01T13:56:50Z,GRID_PASS,100.0,0.0,"B1 logic. V: 0.970, SOC: 100.0%",0
2026-01-01T13:56:55Z,GRID_PASS,100.0,0.0,"B1 logic. V: 0.970, SOC: 100.0%",0
2026-01-01T13:57:00Z,GRID_PASS,100.0,0.0,"B1 logic. V: 0.970, SOC: 100.0%",0
2026-01-01T13:57:05Z,GRID_PASS,100.0,0.0,"B1 logic. V: 0.970, SOC: 100.0%",0
2026-01-01T13:57:10Z,GRID_PASS,100.0,0.0,"B1 logic. V: 0.970, SOC: 100.0%",0
2026-01-01T13:57:15Z,GRID_PASS,100.0,0.0,"B1 logic. V: 0.970, SOC: 100.0%",0
2026-01-01T13:57:20Z,GRID_PASS,100.0,0.0,"B1 logic. V: 0.970, SOC: 100.0%",0
2026-01-01T13:57:25Z,GRID_PASS,100.0,0.0,"B1 logic. V: 0.970, SOC: 100.0%",0
2026-01-01T13:57:30Z,GRID_PASS,100.0,0.0,"B1 logic. V: 0.970, SOC: 100.0%",0
2026-01-01T13:57:35Z,GRID_PASS,100.0,0.0,"B1 logic. V: 0.970, SOC: 100.0%",0
2026-01-01T13:57:40Z,GRID_PASS,100.0,0.0,"B1 logic. V: 0.970, SOC: 100.0%",0
2026-01-01T13:57:45Z,GRID_PASS,100.0,0.0,"B1 logic. V: 0.970, SOC: 100.0%",0
2026-01-01T13:57:50Z,GRID_PASS,100.0,0.0,"B1 logic. V: 0.970, SOC: 100.0%",0
2026-01-01T13:57:55Z,GRID_PASS,100.0,0.0,"B1 logic. V: 0.970, SOC: 100.0%",0
2026-01-01T13:58:00Z,GRID_PASS,100.0,0.0,"B1 logic. V: 0.970, SOC: 100.0%",0
2026-01-01T13:58:05Z,GRID_PASS,100.0,0.0,"B1 logic. V: 0.970, SOC: 100.0%",0
2026-01-01T13:58:10Z,GRID_PASS,100.0,0.0,"B1 logic. V: 0.970, SOC: 100.0%",0
2026-01-01T13:58:15Z,GRID_PASS,100.0,0.0,"B1 logic. V: 0.970, SOC: 100.0%",0
2026-01-01T13:58:20Z,GRID_PASS,100.0,0.0,"B1 logic. V: 0.970, SOC: 100.0%",0
2026-01-01T13:58:25Z,GRID_PASS,100.0,0.0,"B1 logic. V: 0.970, SOC: 100.0%",0
2026-01-01T13:58:30Z,GRID_PASS,100.0,0.0,"B1 logic. V: 0.970, SOC: 100.0%",0
2026-01-01T13:58:35Z,GRID_PASS,100.0,0.0,"B1 logic. V: 0.970, SOC: 100.0%",0
2026-01-01T13:58:40Z,GRID_PASS,100.0,0.0,"B1 logic. V: 0.970, SOC: 100.0%",0
2026-01-01T13:58:45Z,GRID_PASS,100.0,0.0,"B1 logic. V: 0.970, SOC: 100.0%",0
2026-01-01T13:58:50Z,GRID_PASS,100.0,0.0,"B1 logic. V: 0.970, SOC: 100.0%",0
2026-01-01T13:58:55Z,GRID_PASS,100.0,0.0,"B1 logic. V: 0.970, SOC: 100.0%",0
2026-01-01T13:59:00Z,GRID_PASS,100.0,0.0,"B1 logic. V: 0.970, SOC: 100.0%",0
2026-01-01T13:59:05Z,GRID_PASS,100.0,0.0,"B1 logic. V: 0.970, SOC: 100.0%",0
2026-01-01T13:59:10Z,GRID_PASS,100.0,0.0,"B1 logic. V: 0.970, SOC: 100.0%",0
2026-01-01T13:59:15Z,GRID_PASS,100.0,0.0,"B1 logic. V: 0.970, SOC: 100.0%",0
2026-01-01T13:59:20Z,GRID_PASS,100.0,0.0,"B1 logic. V: 0.970, SOC: 100.0%",0
2026-01-01T13:59:25Z,GRID_PASS,100.0,0.0,"B1 logic. V: 0.970, SOC: 100.0%",0
2026-01-01T13:59:30Z,GRID_PASS,100.0,0.0,"B1 logic. V: 0.970, SOC: 100.0%",0
2026-01-01T13:59:35Z,GRID_PASS,100.0,0.0,"B1 logic. V: 0.970, SOC: 100.0%",0
2026-01-01T13:59:40Z,GRID_PASS,100.0,0.0,"B1 logic. V: 0.970, SOC: 100.0%",0
2026-01-01T13:59:45Z,GRID_PASS,100.0,0.0,"B1 logic. V: 0.970, SOC: 100.0%",0
2026-01-01T13:59:50Z,GRID_PASS,100.0,0.0,"B1 logic. V: 0.970, SOC: 100.0%",0
2026-01-01T13:59:55Z,GRID_PASS,100.0,0.0,"B1 logic. V: 0.970, SOC: 100.0%",0
2026-01-01T14:00:00Z,GRID_PASS,100.0,0.0,"B1 logic. V: 0.970, SOC: 100.0%",0
2026-01-01T14:00:05Z,GRID_PASS,100.0,0.0,"B1 logic. V: 0.970, SOC: 100.0%",0
2026-01-01T14:00:10Z,GRID_PASS,100.0,0.0,"B1 logic. V: 0.970, SOC: 100.0%",0
2026-01-01T14:00:15Z,GRID_PASS,100.0,0.0,"B1 logic. V: 0.970, SOC: 100.0%",0
2026-01-01T14:00:20Z,GRID_PASS,100.0,0.0,"B1 logic. V: 0.970, SOC: 100.0%",0
2026-01-01T14:00:25Z,GRID_PASS,100.0,0.0,"B1 logic. V: 0.970, SOC: 100.0%",0
2026-01-01T14:00:30Z,GRID_PASS,100.0,0.0,"B1 logic. V: 0.970, SOC: 100.0%",0
2026-01-01T14:00:35Z,GRID_PASS,100.0,0.0,"B1 logic. V: 0.970, SOC: 100.0%",0
2026-01-01T14:00:40Z,GRID_PASS,100.0,0.0,"B1 logic. V: 0.970, SOC: 100.0%",0
2026-01-01T14:00:45Z,GRID_PASS,100.0,0.0,"B1 logic. V: 0.970, SOC: 100.0%",0
2026-01-01T14:00:50Z,GRID_PASS,100.0,0.0,"B1 logic. V: 0.970, SOC: 100.0%",0
2026-01-01T14:00:55Z,GRID_PASS,100.0,0.0,"B1 logic. V: 0.970, SOC: 100.0%",0
2026-01-01T14:01:00Z,GRID_PASS,100.0,0.0,"B1 logic. V: 0.970, SOC: 100.0%",0
2026-01-01T14:01:05Z,GRID_PASS,100.0,0.0,"B1 logic. V: 0.970, SOC: 100.0%",0
2026-01-01T14:01:10Z,GRID_PASS,100.0,0.0,"B1 logic. V: 0.970, SOC: 100.0%",0
2026-01-01T14:01:15Z,GRID_PASS,100.0,0.0,"B1 logic. V: 0.970, SOC: 100.0%",0
2026-01-01T14:01:20Z,GRID_PASS,100.0,0.0,"B1 logic. V: 0.970, SOC: 100.0%",0
2026-01-01T14:01:25Z,GRID_PASS,100.0,0.0,"B1 logic. V: 0.970, SOC: 100.0%",0
2026-01-01T14:01:30Z,GRID_PASS,100.0,0.0,"B1 logic. V: 0.970, SOC: 100.0%",0
2026-01-01T14:01:35Z,GRID_PASS,100.0,0.0,"B1 logic. V: 0.970, SOC: 100.0%",0
2026-01-01T14:01:40Z,GRID_PASS,100.0,0.0,"B1 logic. V: 0.970, SOC: 100.0%",0
2026-01-01T14:01:45Z,GRID_PASS,100.0,0.0,"B1 logic. V: 0.970, SOC: 100.0%",0
2026-01-01T14:01:50Z,GRID_PASS,100.0,0.0,"B1 logic. V: 0.970, SOC: 100.0%",0
2026-01-01T14:01:55Z,GRID_PASS,100.0,0.0,"B1 logic. V: 0.970, SOC: 100.0%",0
2026-01-01T14:02:00Z,GRID_PASS,100.0,0.0,"B1 logic. V: 0.970, SOC: 100.0%",0
2026-01-01T14:02:05Z,GRID_PASS,100.0,0.0,"B1 logic. V: 0.970, SOC: 100.0%",0
2026-01-01T14:02:10Z,GRID_PASS,100.0,0.0,"B1 logic. V: 0.970, SOC: 100.0%",0
2026-01-01T14:02:15Z,GRID_PASS,100.0,0.0,"B1 logic. V: 0.970, SOC: 100.0%",0
2026-01-01T14:02:20Z,GRID_PASS,100.0,0.0,"B1 logic. V: 0.970, SOC: 100.0%",0
2026-01-01T14:02:25Z,GRID_PASS,100.0,0.0,"B1 logic. V: 0.970, SOC: 100.0%",0
2026-01-01T14:02:30Z,GRID_PASS,100.0,0.0,"B1 logic. V: 0.970, SOC: 100.0%",0
2026-01-01T14:02:35Z,GRID_PASS,100.0,0.0,"B1 logic. V: 0.970, SOC: 100.0%",0
2026-01-01T14:02:40Z,GRID_PASS,100.0,0.0,"B1 logic. V: 0.970, SOC: 100.0%",0
2026-01-01T14:02:45Z,GRID_PASS,100.0,0.0,"B1 logic. V: 0.970, SOC: 100.0%",0
2026-01-01T14:02:50Z,GRID_PASS,100.0,0.0,"B1 logic. V: 0.970, SOC: 100.0%",0
2026-01-01T14:02:55Z,GRID_PASS,100.0,0.0,"B1 logic. V: 0.970, SOC: 100.0%",0
2026-01-01T14:03:00Z,GRID_PASS,100.0,0.0,"B1 logic. V: 0.970, SOC: 100.0%",0
2026-01-01T14:03:05Z,GRID_PASS,100.0,0.0,"B1 logic. V: 0.970, SOC: 100.0%",0
2026-01-01T14:03:10Z,GRID_PASS,100.0,0.0,"B1 logic. V: 0.970, SOC: 100.0%",0
2026-01-01T14:03:15Z,GRID_PASS,100.0,0.0,"B1 logic. V: 0.970, SOC: 100.0%",0
2026-01-01T14:03:20Z,GRID_PASS,100.0,0.0,"B1 logic. V: 0.970, SOC: 100.0%",0
2026-01-01T14:03:25Z,GRID_PASS,100.0,0.0,"B1 logic. V: 0.970, SOC: 100.0%",0
2026-01-01T14:03:30Z,GRID_PASS,100.0,0.0,"B1 logic. V: 0.970, SOC: 100.0%",0
2026-01-01T14:03:35Z,GRID_PASS,100.0,0.0,"B1 logic. V: 0.970, SOC: 100.0%",0
2026-01-01T14:03:40Z,GRID_PASS,100.0,0.0,"B1 logic. V: 0.970, SOC: 100.0%",0
2026-01-01T14:03:45Z,GRID_PASS,100.0,0.0,"B1 logic. V: 0.970, SOC: 100.0%",0
2026-01-01T14:03:50Z,GRID_PASS,100.0,0.0,"B1 logic. V: 0.970, SOC: 100.0%",0
2026-01-01T14:03:55Z,GRID_PASS,100.0,0.0,"B1 logic. V: 0.970, SOC: 100.0%",0
2026-01-01T14:04:00Z,GRID_PASS,100.0,0.0,"B1 logic. V: 0.970, SOC: 100.0%",0
2026-01-01T14:04:05Z,GRID_PASS,100.0,0.0,"B1 logic. V: 0.970, SOC: 100.0%",0
2026-01-01T14:04:10Z,GRID_PASS,100.0,0.0,"B1 logic. V: 0.970, SOC: 100.0%",0
2026-01-01T14:04:15Z,GRID_PASS,100.0,0.0,"B1 logic. V: 0.970, SOC: 100.0%",0
2026-01-01T14:04:20Z,GRID_PASS,100.0,0.0,"B1 logic. V: 0.970, SOC: 100.0%",0
2026-01-01T14:04:25Z,GRID_PASS,100.0,0.0,"B1 logic. V: 0.970, SOC: 100.0%",0
2026-01-01T14:04:30Z,GRID_PASS,100.0,0.0,"B1 logic. V: 0.970, SOC: 100.0%",0
2026-01-01T14:04:35Z,GRID_PASS,100.0,0.0,"B1 logic. V: 0.970, SOC: 100.0%",0
2026-01-01T14:04:40Z,GRID_PASS,100.0,0.0,"B1 logic. V: 0.970, SOC: 100.0%",0
2026-01-01T14:04:45Z,GRID_PASS,100.0,0.0,"B1 logic. V: 0.970, SOC: 100.0%",0
2026-01-01T14:04:50Z,GRID_PASS,100.0,0.0,"B1 logic. V: 0.970, SOC: 100.0%",0
2026-01-01T14:04:55Z,GRID_PASS,100.0,0.0,"B1 logic. V: 0.970, SOC: 100.0%",0
2026-01-01T14:05:00Z,GRID_PASS,100.0,0.0,"B1 logic. V: 0.970, SOC: 100.0%",0
2026-01-01T14:05:05Z,GRID_PASS,100.0,0.0,"B1 logic. V: 0.970, SOC: 100.0%",0
2026-01-01T14:05:10Z,GRID_PASS,100.0,0.0,"B1 logic. V: 0.970, SOC: 100.0%",0
2026-01-01T14:05:15Z,GRID_PASS,100.0,0.0,"B1 logic. V: 0.970, SOC: 100.0%",0
2026-01-01T14:05:20Z,GRID_PASS,100.0,0.0,"B1 logic. V: 0.970, SOC: 100.0%",0
2026-01-01T14:05:25Z,GRID_PASS,100.0,0.0,"B1 logic. V: 0.970, SOC: 100.0%",0
2026-01-01T14:05:30Z,GRID_PASS,100.0,0.0,"B1 logic. V: 0.970, SOC: 100.0%",0
2026-01-01T14:05:35Z,GRID_PASS,100.0,0.0,"B1 logic. V: 0.970, SOC: 100.0%",0
2026-01-01T14:05:40Z,GRID_PASS,100.0,0.0,"B1 logic. V: 0.970, SOC: 100.0%",0
2026-01-01T14:05:45Z,GRID_PASS,100.0,0.0,"B1 logic. V: 0.970, SOC: 100.0%",0
2026-01-01T14:05:50Z,GRID_PASS,100.0,0.0,"B1 logic. V: 0.970, SOC: 100.0%",0
2026-01-01T14:05:55Z,GRID_PASS,100.0,0.0,"B1 logic. V: 0.970, SOC: 100.0%",0
2026-01-01T14:06:00Z,GRID_PASS,100.0,0.0,"B1 logic. V: 0.970, SOC: 100.0%",0
2026-01-01T14:06:05Z,GRID_PASS,100.0,0.0,"B1 logic. V: 0.970, SOC: 100.0%",0
2026-01-01T14:06:10Z,GRID_PASS,100.0,0.0,"B1 logic. V: 0.970, SOC: 100.0%",0
2026-01-01T14:06:15Z,GRID_PASS,100.0,0.0,"B1 logic. V: 0.970, SOC: 100.0%",0
2026-01-01T14:06:20Z,GRID_PASS,100.0,0.0,"B1 logic. V: 0.970, SOC: 100.0%",0
2026-01-01T14:06:25Z,GRID_PASS,100.0,0.0,"B1 logic. V: 0.970, SOC: 100.0%",0
2026-01-01T14:06:30Z,GRID_PASS,100.0,0.0,"B1 logic. V: 0.970, SOC: 100.0%",0
2026-01-01T14:06:35Z,GRID_PASS,100.0,0.0,"B1 logic. V: 0.970, SOC: 100.0%",0
2026-01-01T14:06:40Z,GRID_PASS,100.0,0.0,"B1 logic. V: 0.970, SOC: 100.0%",0
2026-01-01T14:06:45Z,GRID_PASS,100.0,0.0,"B1 logic. V: 0.970, SOC: 100.0%",0
2026-01-01T14:06:50Z,GRID_PASS,100.0,0.0,"B1 logic. V: 0.970, SOC: 100.0%",0
2026-01-01T14:06:55Z,GRID_PASS,100.0,0.0,"B1 logic. V: 0.970, SOC: 100.0%",0
2026-01-01T14:07:00Z,GRID_PASS,100.0,0.0,"B1 logic. V: 0.970, SOC: 100.0%",0
2026-01-01T14:07:05Z,GRID_PASS,100.0,0.0,"B1 logic. V: 0.970, SOC: 100.0%",0
2026-01-01T14:07:10Z,GRID_PASS,100.0,0.0,"B1 logic. V: 0.970, SOC: 100.0%",0
2026-01-01T14:07:15Z,GRID_PASS,100.0,0.0,"B1 logic. V: 0.970, SOC: 100.0%",0
2026-01-01T14:07:20Z,GRID_PASS,100.0,0.0,"B1 logic. V: 0.970, SOC: 100.0%",0
2026-01-01T14:07:25Z,GRID_PASS,100.0,0.0,"B1 logic. V: 0.970, SOC: 100.0%",0
2026-01-01T14:07:30Z,GRID_PASS,100.0,0.0,"B1 logic. V: 0.970, SOC: 100.0%",0
2026-01-01T14:07:35Z,GRID_PASS,100.0,0.0,"B1 logic. V: 0.970, SOC: 100.0%",0
2026-01-01T14:07:40Z,GRID_PASS,100.0,0.0,"B1 logic. V: 0.970, SOC: 100.0%",0
2026-01-01T14:07:45Z,GRID_PASS,100.0,0.0,"B1 logic. V: 0.970, SOC: 100.0%",0
2026-01-01T14:07:50Z,GRID_PASS,100.0,0.0,"B1 logic. V: 0.970, SOC: 100.0%",0
2026-01-01T14:07:55Z,GRID_PASS,100.0,0.0,"B1 logic. V: 0.970, SOC: 100.0%",0
2026-01-01T14:08:00Z,GRID_PASS,100.0,0.0,"B1 logic. V: 0.970, SOC: 100.0%",0
2026-01-01T14:08:05Z,GRID_PASS,100.0,0.0,"B1 logic. V: 0.970, SOC: 100.0%",0
2026-01-01T14:08:10Z,GRID_PASS,100.0,0.0,"B1 logic. V: 0.970, SOC: 100.0%",0
2026-01-01T14:08:15Z,GRID_PASS,100.0,0.0,"B1 logic. V: 0.970, SOC: 100.0%",0
2026-01-01T14:08:20Z,GRID_PASS,100.0,0.0,"B1 logic. V: 0.970, SOC: 100.0%",0
2026-01-01T14:08:25Z,GRID_PASS,100.0,0.0,"B1 logic. V: 0.970, SOC: 100.0%",0
2026-01-01T14:08:30Z,GRID_PASS,100.0,0.0,"B1 logic. V: 0.970, SOC: 100.0%",0
2026-01-01T14:08:35Z,GRID_PASS,100.0,0.0,"B1 logic. V: 0.970, SOC: 100.0%",0
2026-01-01T14:08:40Z,GRID_PASS,100.0,0.0,"B1 logic. V: 0.970, SOC: 100.0%",0
2026-01-01T14:08:45Z,GRID_PASS,100.0,0.0,"B1 logic. V: 0.970, SOC: 100.0%",0
2026-01-01T14:08:50Z,GRID_PASS,100.0,0.0,"B1 logic. V: 0.970, SOC: 100.0%",0
2026-01-01T14:08:55Z,GRID_PASS,100.0,0.0,"B1 logic. V: 0.970, SOC: 100.0%",0
2026-01-01T14:09:00Z,GRID_PASS,100.0,0.0,"B1 logic. V: 0.970, SOC: 100.0%",0
2026-01-01T14:09:05Z,GRID_PASS,100.0,0.0,"B1 logic. V: 0.970, SOC: 100.0%",0
2026-01-01T14:09:10Z,GRID_PASS,100.0,0.0,"B1 logic. V: 0.970, SOC: 100.0%",0
2026-01-01T14:09:15Z,GRID_PASS,100.0,0.0,"B1 logic. V: 0.970, SOC: 100.0%",0
2026-01-01T14:09:20Z,GRID_PASS,100.0,0.0,"B1 logic. V: 0.970, SOC: 100.0%",0
2026-01-01T14:09:25Z,GRID_PASS,100.0,0.0,"B1 logic. V: 0.970, SOC: 100.0%",0
2026-01-01T14:09:30Z,GRID_PASS,100.0,0.0,"B1 logic. V: 0.970, SOC: 100.0%",0
2026-01-01T14:09:35Z,GRID_PASS,100.0,0.0,"B1 logic. V: 0.970, SOC: 100.0%",0
2026-01-01T14:09:40Z,GRID_PASS,100.0,0.0,"B1 logic. V: 0.970, SOC: 100.0%",0
2026-01-01T14:09:45Z,GRID_PASS,100.0,0.0,"B1 logic. V: 0.970, SOC: 100.0%",0
2026-01-01T14:09:50Z,GRID_PASS,100.0,0.0,"B1 logic. V: 0.970, SOC: 100.0%",0
2026-01-01T14:09:55Z,GRID_PASS,100.0,0.0,"B1 logic. V: 0.970, SOC: 100.0%",0
2026-01-01T14:10:00Z,GRID_PASS,100.0,0.0,"B1 logic. V: 0.970, SOC: 100.0%",0
2026-01-01T14:10:05Z,GRID_PASS,100.0,0.0,"B1 logic. V: 0.970, SOC: 100.0%",0
2026-01-01T14:10:10Z,GRID_PASS,100.0,0.0,"B1 logic. V: 0.970, SOC: 100.0%",0
2026-01-01T14:10:15Z,GRID_PASS,100.0,0.0,"B1 logic. V: 0.970, SOC: 100.0%",0
2026-01-01T14:10:20Z,GRID_PASS,100.0,0.0,"B1 logic. V: 0.970, SOC: 100.0%",0
2026-01-01T14:10:25Z,GRID_PASS,100.0,0.0,"B1 logic. V: 0.970, SOC: 100.0%",0
2026-01-01T14:10:30Z,GRID_PASS,100.0,0.0,"B1 logic. V: 0.970, SOC: 100.0%",0
2026-01-01T14:10:35Z,GRID_PASS,100.0,0.0,"B1 logic. V: 0.970, SOC: 100.0%",0
2026-01-01T14:10:40Z,GRID_PASS,100.0,0.0,"B1 logic. V: 0.970, SOC: 100.0%",0
2026-01-01T14:10:45Z,GRID_PASS,100.0,0.0,"B1 logic. V: 0.970, SOC: 100.0%",0
2026-01-01T14:10:50Z,GRID_PASS,100.0,0.0,"B1 logic. V: 0.970, SOC: 100.0%",0
2026-01-01T14:10:55Z,GRID_PASS,100.0,0.0,"B1 logic. V: 0.970, SOC: 100.0%",0
2026-01-01T14:11:00Z,GRID_PASS,100.0,0.0,"B1 logic. V: 0.970, SOC: 100.0%",0
2026-01-01T14:11:05Z,GRID_PASS,100.0,0.0,"B1 logic. V: 0.970, SOC: 100.0%",0
2026-01-01T14:11:10Z,GRID_PASS,100.0,0.0,"B1 logic. V: 0.970, SOC: 100.0%",0
2026-01-01T14:11:15Z,GRID_PASS,100.0,0.0,"B1 logic. V: 0.970, SOC: 100.0%",0
2026-01-01T14:11:20Z,GRID_PASS,100.0,0.0,"B1 logic. V: 0.970, SOC: 100.0%",0
2026-01-01T14:11:25Z,GRID_PASS,100.0,0.0,"B1 logic. V: 0.970, SOC: 100.0%",0
2026-01-01T14:11:30Z,GRID_PASS,100.0,0.0,"B1 logic. V: 0.970, SOC: 100.0%",0
2026-01-01T14:11:35Z,GRID_PASS,100.0,0.0,"B1 logic. V: 0.970, SOC: 100.0%",0
2026-01-01T14:11:40Z,GRID_PASS,100.0,0.0,"B1 logic. V: 0.970, SOC: 100.0%",0
2026-01-01T14:11:45Z,GRID_PASS,100.0,0.0,"B1 logic. V: 0.970, SOC: 100.0%",0
2026-01-01T14:11:50Z,GRID_PASS,100.0,0.0,"B1 logic. V: 0.970, SOC: 100.0%",0
2026-01-01T14:11:55Z,GRID_PASS,100.0,0.0,"B1 logic. V: 0.970, SOC: 100.0%",0
2026-01-01T14:12:00Z,GRID_PASS,100.0,0.0,"B1 logic. V: 0.970, SOC: 100.0%",0
2026-01-01T14:12:05Z,GRID_PASS,100.0,0.0,"B1 logic. V: 0.970, SOC: 100.0%",0
2026-01-01T14:12:10Z,GRID_PASS,100.0,0.0,"B1 logic. V: 0.970, SOC: 100.0%",0
2026-01-01T14:12:15Z,GRID_PASS,100.0,0.0,"B1 logic. V: 0.970, SOC: 100.0%",0
2026-01-01T14:12:20Z,GRID_PASS,100.0,0.0,"B1 logic. V: 0.970, SOC: 100.0%",0
2026-01-01T14:12:25Z,GRID_PASS,100.0,0.0,"B1 logic. V: 0.970, SOC: 100.0%",0
2026-01-01T14:12:30Z,GRID_PASS,100.0,0.0,"B1 logic. V: 0.970, SOC: 100.0%",0
2026-01-01T14:12:35Z,GRID_PASS,100.0,0.0,"B1 logic. V: 0.970, SOC: 100.0%",0
2026-01-01T14:12:40Z,GRID_PASS,100.0,0.0,"B1 logic. V: 0.970, SOC: 100.0%",0
2026-01-01T14:12:45Z,GRID_PASS,100.0,0.0,"B1 logic. V: 0.970, SOC: 100.0%",0
2026-01-01T14:12:50Z,GRID_PASS,100.0,0.0,"B1 logic. V: 0.970, SOC: 100.0%",0
2026-01-01T14:12:55Z,GRID_PASS,100.0,0.0,"B1 logic. V: 0.970, SOC: 100.0%",0
2026-01-01T14:13:00Z,GRID_PASS,100.0,0.0,"B1 logic. V: 0.970, SOC: 100.0%",0
2026-01-01T14:13:05Z,GRID_PASS,100.0,0.0,"B1 logic. V: 0.970, SOC: 100.0%",0
2026-01-01T14:13:10Z,GRID_PASS,100.0,0.0,"B1 logic. V: 0.970, SOC: 100.0%",0
2026-01-01T14:13:15Z,GRID_PASS,100.0,0.0,"B1 logic. V: 0.970, SOC: 100.0%",0
2026-01-01T14:13:20Z,GRID_PASS,100.0,0.0,"B1 logic. V: 0.970, SOC: 100.0%",0
2026-01-01T14:13:25Z,GRID_PASS,100.0,0.0,"B1 logic. V: 0.970, SOC: 100.0%",0
2026-01-01T14:13:30Z,GRID_PASS,100.0,0.0,"B1 logic. V: 0.970, SOC: 100.0%",0
2026-01-01T14:13:35Z,GRID_PASS,100.0,0.0,"B1 logic. V: 0.970, SOC: 100.0%",0
2026-01-01T14:13:40Z,GRID_PASS,100.0,0.0,"B1 logic. V: 0.970, SOC: 100.0%",0
2026-01-01T14:13:45Z,GRID_PASS,100.0,0.0,"B1 logic. V: 0.970, SOC: 100.0%",0
2026-01-01T14:13:50Z,GRID_PASS,100.0,0.0,"B1 logic. V: 0.970, SOC: 100.0%",0
2026-01-01T14:13:55Z,GRID_PASS,100.0,0.0,"B1 logic. V: 0.970, SOC: 100.0%",0
2026-01-01T14:14:00Z,GRID_PASS,100.0,0.0,"B1 logic. V: 0.970, SOC: 100.0%",0
2026-01-01T14:14:05Z,GRID_PASS,100.0,0.0,"B1 logic. V: 0.970, SOC: 100.0%",0
2026-01-01T14:14:10Z,GRID_PASS,100.0,0.0,"B1 logic. V: 0.970, SOC: 100.0%",0
2026-01-01T14:14:15Z,GRID_PASS,100.0,0.0,"B1 logic. V: 0.970, SOC: 100.0%",0
2026-01-01T14:14:20Z,GRID_PASS,100.0,0.0,"B1 logic. V: 0.970, SOC: 100.0%",0
2026-01-01T14:14:25Z,GRID_PASS,100.0,0.0,"B1 logic. V: 0.970, SOC: 100.0%",0
2026-01-01T14:14:30Z,GRID_PASS,100.0,0.0,"B1 logic. V: 0.970, SOC: 100.0%",0
2026-01-01T14:14:35Z,GRID_PASS,100.0,0.0,"B1 logic. V: 0.970, SOC: 100.0%",0
2026-01-01T14:14:40Z,GRID_PASS,100.0,0.0,"B1 logic. V: 0.970, SOC: 100.0%",0
2026-01-01T14:14:45Z,GRID_PASS,100.0,0.0,"B1 logic. V: 0.970, SOC: 100.0%",0
2026-01-01T14:14:50Z,GRID_PASS,100.0,0.0,"B1 logic. V: 0.970, SOC: 100.0%",0
2026-01-01T14:14:55Z,GRID_PASS,100.0,0.0,"B1 logic. V: 0.970, SOC: 100.0%",0
2026-01-01T14:15:00Z,GRID_PASS,100.0,0.0,"B1 logic. V: 0.970, SOC: 100.0%",0
2026-01-01T14:15:05Z,GRID_PASS,100.0,0.0,"B1 logic. V: 0.970, SOC: 100.0%",0
2026-01-01T14:15:10Z,GRID_PASS,100.0,0.0,"B1 logic. V: 0.970, SOC: 100.0%",0
2026-01-01T14:15:15Z,GRID_PASS,100.0,0.0,"B1 logic. V: 0.970, SOC: 100.0%",0
2026-01-01T14:15:20Z,GRID_PASS,100.0,0.0,"B1 logic. V: 0.970, SOC: 100.0%",0
2026-01-01T14:15:25Z,GRID_PASS,100.0,0.0,"B1 logic. V: 0.970, SOC: 100.0%",0
2026-01-01T14:15:30Z,GRID_PASS,100.0,0.0,"B1 logic. V: 0.970, SOC: 100.0%",0
2026-01-01T14:15:35Z,GRID_PASS,100.0,0.0,"B1 logic. V: 0.970, SOC: 100.0%",0
2026-01-01T14:15:40Z,GRID_PASS,100.0,0.0,"B1 logic. V: 0.970, SOC: 100.0%",0
2026-01-01T14:15:45Z,GRID_PASS,100.0,0.0,"B1 logic. V: 0.970, SOC: 100.0%",0
2026-01-01T14:15:50Z,GRID_PASS,100.0,0.0,"B1 logic. V: 0.970, SOC: 100.0%",0
2026-01-01T14:15:55Z,GRID_PASS,100.0,0.0,"B1 logic. V: 0.970, SOC: 100.0%",0
2026-01-01T14:16:00Z,GRID_PASS,100.0,0.0,"B1 logic. V: 0.970, SOC: 100.0%",0
2026-01-01T14:16:05Z,GRID_PASS,100.0,0.0,"B1 logic. V: 0.970, SOC: 100.0%",0
2026-01-01T14:16:10Z,GRID_PASS,100.0,0.0,"B1 logic. V: 0.970, SOC: 100.0%",0
2026-01-01T14:16:15Z,GRID_PASS,100.0,0.0,"B1 logic. V: 0.970, SOC: 100.0%",0
2026-01-01T14:16:20Z,GRID_PASS,100.0,0.0,"B1 logic. V: 0.970, SOC: 100.0%",0
2026-01-01T14:16:25Z,GRID_PASS,100.0,0.0,"B1 logic. V: 0.970, SOC: 100.0%",0
2026-01-01T14:16:30Z,GRID_PASS,100.0,0.0,"B1 logic. V: 0.970, SOC: 100.0%",0
2026-01-01T14:16:35Z,GRID_PASS,100.0,0.0,"B1 logic. V: 0.970, SOC: 100.0%",0
2026-01-01T14:16:40Z,GRID_PASS,100.0,0.0,"B1 logic. V: 0.970, SOC: 100.0%",0
2026-01-01T14:16:45Z,GRID_PASS,100.0,0.0,"B1 logic. V: 0.970, SOC: 100.0%",0
2026-01-01T14:16:50Z,GRID_PASS,100.0,0.0,"B1 logic. V: 0.970, SOC: 100.0%",0
2026-01-01T14:16:55Z,GRID_PASS,100.0,0.0,"B1 logic. V: 0.970, SOC: 100.0%",0
2026-01-01T14:17:00Z,GRID_PASS,100.0,0.0,"B1 logic. V: 0.970, SOC: 100.0%",0
2026-01-01T14:17:05Z,GRID_PASS,100.0,0.0,"B1 logic. V: 0.970, SOC: 100.0%",0
2026-01-01T14:17:10Z,GRID_PASS,100.0,0.0,"B1 logic. V: 0.970, SOC: 100.0%",0
2026-01-01T14:17:15Z,GRID_PASS,100.0,0.0,"B1 logic. V: 0.970, SOC: 100.0%",0
2026-01-01T14:17:20Z,GRID_PASS,100.0,0.0,"B1 logic. V: 0.970, SOC: 100.0%",0
2026-01-01T14:17:25Z,GRID_PASS,100.0,0.0,"B1 logic. V: 0.970, SOC: 100.0%",0
2026-01-01T14:17:30Z,GRID_PASS,100.0,0.0,"B1 logic. V: 0.970, SOC: 100.0%",0
2026-01-01T14:17:35Z,GRID_PASS,100.0,0.0,"B1 logic. V: 0.970, SOC: 100.0%",0
2026-01-01T14:17:40Z,GRID_PASS,100.0,0.0,"B1 logic. V: 0.970, SOC: 100.0%",0
2026-01-01T14:17:45Z,GRID_PASS,100.0,0.0,"B1 logic. V: 0.970, SOC: 100.0%",0
2026-01-01T14:17:50Z,GRID_PASS,100.0,0.0,"B1 logic. V: 0.970, SOC: 100.0%",0
2026-01-01T14:17:55Z,GRID_PASS,100.0,0.0,"B1 logic. V: 0.970, SOC: 100.0%",0
2026-01-01T14:18:00Z,GRID_PASS,100.0,0.0,"B1 logic. V: 0.970, SOC: 100.0%",0
2026-01-01T14:18:05Z,GRID_PASS,100.0,0.0,"B1 logic. V: 0.970, SOC: 100.0%",0
2026-01-01T14:18:10Z,GRID_PASS,100.0,0.0,"B1 logic. V: 0.970, SOC: 100.0%",0
2026-01-01T14:18:15Z,GRID_PASS,100.0,0.0,"B1 logic. V: 0.970, SOC: 100.0%",0
2026-01-01T14:18:20Z,GRID_PASS,100.0,0.0,"B1 logic. V: 0.970, SOC: 100.0%",0
2026-01-01T14:18:25Z,GRID_PASS,100.0,0.0,"B1 logic. V: 0.970, SOC: 100.0%",0
2026-01-01T14:18:30Z,GRID_PASS,100.0,0.0,"B1 logic. V: 0.970, SOC: 100.0%",0
2026-01-01T14:18:35Z,GRID_PASS,100.0,0.0,"B1 logic. V: 0.970, SOC: 100.0%",0
2026-01-01T14:18:40Z,GRID_PASS,100.0,0.0,"B1 logic. V: 0.970, SOC: 100.0%",0
2026-01-01T14:18:45Z,GRID_PASS,100.0,0.0,"B1 logic. V: 0.970, SOC: 100.0%",0
2026-01-01T14:18:50Z,GRID_PASS,100.0,0.0,"B1 logic. V: 0.970, SOC: 100.0%",0
2026-01-01T14:18:55Z,GRID_PASS,100.0,0.0,"B1 logic. V: 0.970, SOC: 100.0%",0
2026-01-01T14:19:00Z,GRID_PASS,100.0,0.0,"B1 logic. V: 0.970, SOC: 100.0%",0
2026-01-01T14:19:05Z,GRID_PASS,100.0,0.0,"B1 logic. V: 0.970, SOC: 100.0%",0
2026-01-01T14:19:10Z,GRID_PASS,100.0,0.0,"B1 logic. V: 0.970, SOC: 100.0%",0
2026-01-01T14:19:15Z,GRID_PASS,100.0,0.0,"B1 logic. V: 0.970, SOC: 100.0%",0
2026-01-01T14:19:20Z,GRID_PASS,100.0,0.0,"B1 logic. V: 0.970, SOC: 100.0%",0
2026-01-01T14:19:25Z,GRID_PASS,100.0,0.0,"B1 logic. V: 0.970, SOC: 100.0%",0
2026-01-01T14:19:30Z,GRID_PASS,100.0,0.0,"B1 logic. V: 0.970, SOC: 100.0%",0
2026-01-01T14:19:35Z,GRID_PASS,100.0,0.0,"B1 logic. V: 0.970, SOC: 100.0%",0
2026-01-01T14:19:40Z,GRID_PASS,100.0,0.0,"B1 logic. V: 0.970, SOC: 100.0%",0
2026-01-01T14:19:45Z,GRID_PASS,100.0,0.0,"B1 logic. V: 0.970, SOC: 100.0%",0
2026-01-01T14:19:50Z,GRID_PASS,100.0,0.0,"B1 logic. V: 0.970, SOC: 100.0%",0
2026-01-01T14:19:55Z,GRID_PASS,100.0,0.0,"B1 logic. V: 0.970, SOC: 100.0%",0
2026-01-01T14:20:00Z,GRID_PASS,100.0,0.0,"B1 logic. V: 0.970, SOC: 100.0%",0
2026-01-01T14:20:05Z,GRID_PASS,100.0,0.0,"B1 logic. V: 0.970, SOC: 100.0%",0
2026-01-01T14:20:10Z,GRID_PASS,100.0,0.0,"B1 logic. V: 0.970, SOC: 100.0%",0
2026-01-01T14:20:15Z,GRID_PASS,100.0,0.0,"B1 logic. V: 0.970, SOC: 100.0%",0
2026-01-01T14:20:20Z,GRID_PASS,100.0,0.0,"B1 logic. V: 0.970, SOC: 100.0%",0
2026-01-01T14:20:25Z,GRID_PASS,100.0,0.0,"B1 logic. V: 0.970, SOC: 100.0%",0
2026-01-01T14:20:30Z,GRID_PASS,100.0,0.0,"B1 logic. V: 0.970, SOC: 100.0%",0
2026-01-01T14:20:35Z,GRID_PASS,100.0,0.0,"B1 logic. V: 0.970, SOC: 100.0%",0
2026-01-01T14:20:40Z,GRID_PASS,100.0,0.0,"B1 logic. V: 0.970, SOC: 100.0%",0
2026-01-01T14:20:45Z,GRID_PASS,100.0,0.0,"B1 logic. V: 0.970, SOC: 100.0%",0
2026-01-01T14:20:50Z,GRID_PASS,100.0,0.0,"B1 logic. V: 0.970, SOC: 100.0%",0
2026-01-01T14:20:55Z,GRID_PASS,100.0,0.0,"B1 logic. V: 0.970, SOC: 100.0%",0
2026-01-01T14:21:00Z,GRID_PASS,100.0,0.0,"B1 logic. V: 0.970, SOC: 100.0%",0
2026-01-01T14:21:05Z,GRID_PASS,100.0,0.0,"B1 logic. V: 0.970, SOC: 100.0%",0
2026-01-01T14:21:10Z,GRID_PASS,100.0,0.0,"B1 logic. V: 0.970, SOC: 100.0%",0
2026-01-01T14:21:15Z,GRID_PASS,100.0,0.0,"B1 logic. V: 0.970, SOC: 100.0%",0
2026-01-01T14:21:20Z,GRID_PASS,100.0,0.0,"B1 logic. V: 0.970, SOC: 100.0%",0
2026-01-01T14:21:25Z,GRID_PASS,100.0,0.0,"B1 logic. V: 0.970, SOC: 100.0%",0
2026-01-01T14:21:30Z,GRID_PASS,100.0,0.0,"B1 logic. V: 0.970, SOC: 100.0%",0
2026-01-01T14:21:35Z,GRID_PASS,100.0,0.0,"B1 logic. V: 0.970, SOC: 100.0%",0
2026-01-01T14:21:40Z,GRID_PASS,100.0,0.0,"B1 logic. V: 0.970, SOC: 100.0%",0
2026-01-01T14:21:45Z,GRID_PASS,100.0,0.0,"B1 logic. V: 0.970, SOC: 100.0%",0
2026-01-01T14:21:50Z,GRID_PASS,100.0,0.0,"B1 logic. V: 0.970, SOC: 100.0%",0
2026-01-01T14:21:55Z,GRID_PASS,100.0,0.0,"B1 logic. V: 0.970, SOC: 100.0%",0
2026-01-01T14:22:00Z,GRID_PASS,100.0,0.0,"B1 logic. V: 0.970, SOC: 100.0%",0
2026-01-01T14:22:05Z,GRID_PASS,100.0,0.0,"B1 logic. V: 0.970, SOC: 100.0%",0
2026-01-01T14:22:10Z,GRID_PASS,100.0,0.0,"B1 logic. V: 0.970, SOC: 100.0%",0
2026-01-01T14:22:15Z,GRID_PASS,100.0,0.0,"B1 logic. V: 0.970, SOC: 100.0%",0
2026-01-01T14:22:20Z,GRID_PASS,100.0,0.0,"B1 logic. V: 0.970, SOC: 100.0%",0
2026-01-01T14:22:25Z,GRID_PASS,100.0,0.0,"B1 logic. V: 0.970, SOC: 100.0%",0
2026-01-01T14:22:30Z,GRID_PASS,100.0,0.0,"B1 logic. V: 0.970, SOC: 100.0%",0
2026-01-01T14:22:35Z,GRID_PASS,100.0,0.0,"B1 logic. V: 0.970, SOC: 100.0%",0
2026-01-01T14:22:40Z,GRID_PASS,100.0,0.0,"B1 logic. V: 0.970, SOC: 100.0%",0
2026-01-01T14:22:45Z,GRID_PASS,100.0,0.0,"B1 logic. V: 0.970, SOC: 100.0%",0
2026-01-01T14:22:50Z,GRID_PASS,100.0,0.0,"B1 logic. V: 0.970, SOC: 100.0%",0
2026-01-01T14:22:55Z,GRID_PASS,100.0,0.0,"B1 logic. V: 0.970, SOC: 100.0%",0
2026-01-01T14:23:00Z,GRID_PASS,100.0,0.0,"B1 logic. V: 0.970, SOC: 100.0%",0
2026-01-01T14:23:05Z,GRID_PASS,100.0,0.0,"B1 logic. V: 0.970, SOC: 100.0%",0
2026-01-01T14:23:10Z,GRID_PASS,100.0,0.0,"B1 logic. V: 0.970, SOC: 100.0%",0
2026-01-01T14:23:15Z,GRID_PASS,100.0,0.0,"B1 logic. V: 0.970, SOC: 100.0%",0
2026-01-01T14:23:20Z,GRID_PASS,100.0,0.0,"B1 logic. V: 0.970, SOC: 100.0%",0
2026-01-01T14:23:25Z,GRID_PASS,100.0,0.0,"B1 logic. V: 0.970, SOC: 100.0%",0
2026-01-01T14:23:30Z,GRID_PASS,100.0,0.0,"B1 logic. V: 0.970, SOC: 100.0%",0
2026-01-01T14:23:35Z,GRID_PASS,100.0,0.0,"B1 logic. V: 0.970, SOC: 100.0%",0
2026-01-01T14:23:40Z,GRID_PASS,100.0,0.0,"B1 logic. V: 0.970, SOC: 100.0%",0
2026-01-01T14:23:45Z,GRID_PASS,100.0,0.0,"B1 logic. V: 0.970, SOC: 100.0%",0
2026-01-01T14:23:50Z,GRID_PASS,100.0,0.0,"B1 logic. V: 0.970, SOC: 100.0%",0
2026-01-01T14:23:55Z,GRID_PASS,100.0,0.0,"B1 logic. V: 0.970, SOC: 100.0%",0
2026-01-01T14:24:00Z,GRID_PASS,100.0,0.0,"B1 logic. V: 0.970, SOC: 100.0%",0
2026-01-01T14:24:05Z,GRID_PASS,100.0,0.0,"B1 logic. V: 0.970, SOC: 100.0%",0
2026-01-01T14:24:10Z,GRID_PASS,100.0,0.0,"B1 logic. V: 0.970, SOC: 100.0%",0
2026-01-01T14:24:15Z,GRID_PASS,100.0,0.0,"B1 logic. V: 0.970, SOC: 100.0%",0
2026-01-01T14:24:20Z,GRID_PASS,100.0,0.0,"B1 logic. V: 0.970, SOC: 100.0%",0
2026-01-01T14:24:25Z,GRID_PASS,100.0,0.0,"B1 logic. V: 0.970, SOC: 100.0%",0
2026-01-01T14:24:30Z,GRID_PASS,100.0,0.0,"B1 logic. V: 0.970, SOC: 100.0%",0
2026-01-01T14:24:35Z,GRID_PASS,100.0,0.0,"B1 logic. V: 0.970, SOC: 100.0%",0
2026-01-01T14:24:40Z,GRID_PASS,100.0,0.0,"B1 logic. V: 0.970, SOC: 100.0%",0
2026-01-01T14:24:45Z,GRID_PASS,100.0,0.0,"B1 logic. V: 0.970, SOC: 100.0%",0
2026-01-01T14:24:50Z,GRID_PASS,100.0,0.0,"B1 logic. V: 0.970, SOC: 100.0%",0
2026-01-01T14:24:55Z,GRID_PASS,100.0,0.0,"B1 logic. V: 0.970, SOC: 100.0%",0
2026-01-01T14:25:00Z,GRID_PASS,100.0,0.0,"B1 logic. V: 0.970, SOC: 100.0%",0
2026-01-01T14:25:05Z,GRID_PASS,100.0,0.0,"B1 logic. V: 0.970, SOC: 100.0%",0
2026-01-01T14:25:10Z,GRID_PASS,100.0,0.0,"B1 logic. V: 0.970, SOC: 100.0%",0
2026-01-01T14:25:15Z,GRID_PASS,100.0,0.0,"B1 logic. V: 0.970, SOC: 100.0%",0
2026-01-01T14:25:20Z,GRID_PASS,100.0,0.0,"B1 logic. V: 0.970, SOC: 100.0%",0
2026-01-01T14:25:25Z,GRID_PASS,100.0,0.0,"B1 logic. V: 0.970, SOC: 100.0%",0
2026-01-01T14:25:30Z,GRID_PASS,100.0,0.0,"B1 logic. V: 0.970, SOC: 100.0%",0
2026-01-01T14:25:35Z,GRID_PASS,100.0,0.0,"B1 logic. V: 0.970, SOC: 100.0%",0
2026-01-01T14:25:40Z,GRID_PASS,100.0,0.0,"B1 logic. V: 0.970, SOC: 100.0%",0
2026-01-01T14:25:45Z,GRID_PASS,100.0,0.0,"B1 logic. V: 0.970, SOC: 100.0%",0
2026-01-01T14:25:50Z,GRID_PASS,100.0,0.0,"B1 logic. V: 0.970, SOC: 100.0%",0
2026-01-01T14:25:55Z,GRID_PASS,100.0,0.0,"B1 logic. V: 0.970, SOC: 100.0%",0
2026-01-01T14:26:00Z,GRID_PASS,100.0,0.0,"B1 logic. V: 0.970, SOC: 100.0%",0
2026-01-01T14:26:05Z,GRID_PASS,100.0,0.0,"B1 logic. V: 0.970, SOC: 100.0%",0
2026-01-01T14:26:10Z,GRID_PASS,100.0,0.0,"B1 logic. V: 0.970, SOC: 100.0%",0
2026-01-01T14:26:15Z,GRID_PASS,100.0,0.0,"B1 logic. V: 0.970, SOC: 100.0%",0
2026-01-01T14:26:20Z,GRID_PASS,100.0,0.0,"B1 logic. V: 0.970, SOC: 100.0%",0
2026-01-01T14:26:25Z,GRID_PASS,100.0,0.0,"B1 logic. V: 0.970, SOC: 100.0%",0
2026-01-01T14:26:30Z,GRID_PASS,100.0,0.0,"B1 logic. V: 0.970, SOC: 100.0%",0
2026-01-01T14:26:35Z,GRID_PASS,100.0,0.0,"B1 logic. V: 0.970, SOC: 100.0%",0
2026-01-01T14:26:40Z,GRID_PASS,100.0,0.0,"B1 logic. V: 0.970, SOC: 100.0%",0
2026-01-01T14:26:45Z,GRID_PASS,100.0,0.0,"B1 logic. V: 0.970, SOC: 100.0%",0
2026-01-01T14:26:50Z,GRID_PASS,100.0,0.0,"B1 logic. V: 0.970, SOC: 100.0%",0
2026-01-01T14:26:55Z,GRID_PASS,100.0,0.0,"B1 logic. V: 0.970, SOC: 100.0%",0
2026-01-01T14:27:00Z,GRID_PASS,100.0,0.0,"B1 logic. V: 0.970, SOC: 100.0%",0
2026-01-01T14:27:05Z,GRID_PASS,100.0,0.0,"B1 logic. V: 0.970, SOC: 100.0%",0
2026-01-01T14:27:10Z,GRID_PASS,100.0,0.0,"B1 logic. V: 0.970, SOC: 100.0%",0
2026-01-01T14:27:15Z,GRID_PASS,100.0,0.0,"B1 logic. V: 0.970, SOC: 100.0%",0
2026-01-01T14:27:20Z,GRID_PASS,100.0,0.0,"B1 logic. V: 0.970, SOC: 100.0%",0
2026-01-01T14:27:25Z,GRID_PASS,100.0,0.0,"B1 logic. V: 0.970, SOC: 100.0%",0
2026-01-01T14:27:30Z,GRID_PASS,100.0,0.0,"B1 logic. V: 0.970, SOC: 100.0%",0
2026-01-01T14:27:35Z,GRID_PASS,100.0,0.0,"B1 logic. V: 0.970, SOC: 100.0%",0
2026-01-01T14:27:40Z,GRID_PASS,100.0,0.0,"B1 logic. V: 0.970, SOC: 100.0%",0
2026-01-01T14:27:45Z,GRID_PASS,100.0,0.0,"B1 logic. V: 0.970, SOC: 100.0%",0
2026-01-01T14:27:50Z,GRID_PASS,100.0,0.0,"B1 logic. V: 0.970, SOC: 100.0%",0
2026-01-01T14:27:55Z,GRID_PASS,100.0,0.0,"B1 logic. V: 0.970, SOC: 100.0%",0
2026-01-01T14:28:00Z,GRID_PASS,100.0,0.0,"B1 logic. V: 0.970, SOC: 100.0%",0
2026-01-01T14:28:05Z,GRID_PASS,100.0,0.0,"B1 logic. V: 0.969, SOC: 100.0%",0
2026-01-01T14:28:10Z,GRID_PASS,100.0,0.0,"B1 logic. V: 0.969, SOC: 100.0%",0
2026-01-01T14:28:15Z,GRID_PASS,100.0,0.0,"B1 logic. V: 0.969, SOC: 100.0%",0
2026-01-01T14:28:20Z,GRID_PASS,100.0,0.0,"B1 logic. V: 0.969, SOC: 100.0%",0
2026-01-01T14:28:25Z,GRID_PASS,100.0,0.0,"B1 logic. V: 0.969, SOC: 100.0%",0
2026-01-01T14:28:30Z,GRID_PASS,100.0,0.0,"B1 logic. V: 0.969, SOC: 100.0%",0
2026-01-01T14:28:35Z,GRID_PASS,100.0,0.0,"B1 logic. V: 0.969, SOC: 100.0%",0
2026-01-01T14:28:40Z,GRID_PASS,100.0,0.0,"B1 logic. V: 0.969, SOC: 100.0%",0
2026-01-01T14:28:45Z,GRID_PASS,100.0,0.0,"B1 logic. V: 0.969, SOC: 100.0%",0
2026-01-01T14:28:50Z,GRID_PASS,100.0,0.0,"B1 logic. V: 0.969, SOC: 100.0%",0
2026-01-01T14:28:55Z,GRID_PASS,100.0,0.0,"B1 logic. V: 0.969, SOC: 100.0%",0
2026-01-01T14:29:00Z,GRID_PASS,100.0,0.0,"B1 logic. V: 0.969, SOC: 100.0%",0
2026-01-01T14:29:05Z,GRID_PASS,100.0,0.0,"B1 logic. V: 0.969, SOC: 100.0%",0
2026-01-01T14:29:10Z,GRID_PASS,100.0,0.0,"B1 logic. V: 0.969, SOC: 100.0%",0
2026-01-01T14:29:15Z,GRID_PASS,100.0,0.0,"B1 logic. V: 0.969, SOC: 100.0%",0
2026-01-01T14:29:20Z,GRID_PASS,100.0,0.0,"B1 logic. V: 0.969, SOC: 100.0%",0
2026-01-01T14:29:25Z,GRID_PASS,100.0,0.0,"B1 logic. V: 0.969, SOC: 100.0%",0
2026-01-01T14:29:30Z,GRID_PASS,100.0,0.0,"B1 logic. V: 0.969, SOC: 100.0%",0
2026-01-01T14:29:35Z,GRID_PASS,100.0,0.0,"B1 logic. V: 0.969, SOC: 100.0%",0
2026-01-01T14:29:40Z,GRID_PASS,100.0,0.0,"B1 logic. V: 0.969, SOC: 100.0%",0
2026-01-01T14:29:45Z,GRID_PASS,100.0,0.0,"B1 logic. V: 0.969, SOC: 100.0%",0
2026-01-01T14:29:50Z,GRID_PASS,100.0,0.0,"B1 logic. V: 0.969, SOC: 100.0%",0
2026-01-01T14:29:55Z,GRID_PASS,100.0,0.0,"B1 logic. V: 0.969, SOC: 100.0%",0
2026-01-01T14:30:00Z,GRID_PASS,100.0,0.0,"B1 logic. V: 0.969, SOC: 100.0%",0
2026-01-01T14:30:05Z,GRID_PASS,100.0,0.0,"B1 logic. V: 0.969, SOC: 100.0%",0
2026-01-01T14:30:10Z,GRID_PASS,100.0,0.0,"B1 logic. V: 0.969, SOC: 100.0%",0
2026-01-01T14:30:15Z,GRID_PASS,100.0,0.0,"B1 logic. V: 0.969, SOC: 100.0%",0
2026-01-01T14:30:20Z,GRID_PASS,100.0,0.0,"B1 logic. V: 0.969, SOC: 100.0%",0
2026-01-01T14:30:25Z,GRID_PASS,100.0,0.0,"B1 logic. V: 0.969, SOC: 100.0%",0
2026-01-01T14:30:30Z,GRID_PASS,100.0,0.0,"B1 logic. V: 0.969, SOC: 100.0%",0
2026-01-01T14:30:35Z,GRID_PASS,100.0,0.0,"B1 logic. V: 0.969, SOC: 100.0%",0
2026-01-01T14:30:40Z,GRID_PASS,100.0,0.0,"B1 logic. V: 0.969, SOC: 100.0%",0
2026-01-01T14:30:45Z,GRID_PASS,100.0,0.0,"B1 logic. V: 0.969, SOC: 100.0%",0
2026-01-01T14:30:50Z,GRID_PASS,100.0,0.0,"B1 logic. V: 0.969, SOC: 100.0%",0
2026-01-01T14:30:55Z,GRID_PASS,100.0,0.0,"B1 logic. V: 0.969, SOC: 100.0%",0
2026-01-01T14:31:00Z,GRID_PASS,100.0,0.0,"B1 logic. V: 0.969, SOC: 100.0%",0
2026-01-01T14:31:05Z,GRID_PASS,100.0,0.0,"B1 logic. V: 0.969, SOC: 100.0%",0
2026-01-01T14:31:10Z,GRID_PASS,100.0,0.0,"B1 logic. V: 0.969, SOC: 100.0%",0
2026-01-01T14:31:15Z,GRID_PASS,100.0,0.0,"B1 logic. V: 0.969, SOC: 100.0%",0
2026-01-01T14:31:20Z,GRID_PASS,100.0,0.0,"B1 logic. V: 0.969, SOC: 100.0%",0
2026-01-01T14:31:25Z,GRID_PASS,100.0,0.0,"B1 logic. V: 0.969, SOC: 100.0%",0
2026-01-01T14:31:30Z,GRID_PASS,100.0,0.0,"B1 logic. V: 0.969, SOC: 100.0%",0
2026-01-01T14:31:35Z,GRID_PASS,100.0,0.0,"B1 logic. V: 0.969, SOC: 100.0%",0
2026-01-01T14:31:40Z,GRID_PASS,100.0,0.0,"B1 logic. V: 0.969, SOC: 100.0%",0
2026-01-01T14:31:45Z,GRID_PASS,100.0,0.0,"B1 logic. V: 0.969, SOC: 100.0%",0
2026-01-01T14:31:50Z,GRID_PASS,100.0,0.0,"B1 logic. V: 0.969, SOC: 100.0%",0
2026-01-01T14:31:55Z,GRID_PASS,100.0,0.0,"B1 logic. V: 0.969, SOC: 100.0%",0
2026-01-01T14:32:00Z,GRID_PASS,100.0,0.0,"B1 logic. V: 0.969, SOC: 100.0%",0
2026-01-01T14:32:05Z,GRID_PASS,100.0,0.0,"B1 logic. V: 0.969, SOC: 100.0%",0
2026-01-01T14:32:10Z,GRID_PASS,100.0,0.0,"B1 logic. V: 0.969, SOC: 100.0%",0
2026-01-01T14:32:15Z,GRID_PASS,100.0,0.0,"B1 logic. V: 0.969, SOC: 100.0%",0
2026-01-01T14:32:20Z,GRID_PASS,100.0,0.0,"B1 logic. V: 0.969, SOC: 100.0%",0
2026-01-01T14:32:25Z,GRID_PASS,100.0,0.0,"B1 logic. V: 0.969, SOC: 100.0%",0
2026-01-01T14:32:30Z,GRID_PASS,100.0,0.0,"B1 logic. V: 0.969, SOC: 100.0%",0
2026-01-01T14:32:35Z,GRID_PASS,100.0,0.0,"B1 logic. V: 0.969, SOC: 100.0%",0
2026-01-01T14:32:40Z,GRID_PASS,100.0,0.0,"B1 logic. V: 0.969, SOC: 100.0%",0
2026-01-01T14:32:45Z,GRID_PASS,100.0,0.0,"B1 logic. V: 0.969, SOC: 100.0%",0
2026-01-01T14:32:50Z,GRID_PASS,100.0,0.0,"B1 logic. V: 0.969, SOC: 100.0%",0
2026-01-01T14:32:55Z,GRID_PASS,100.0,0.0,"B1 logic. V: 0.969, SOC: 100.0%",0
2026-01-01T14:33:00Z,GRID_PASS,100.0,0.0,"B1 logic. V: 0.969, SOC: 100.0%",0
2026-01-01T14:33:05Z,GRID_PASS,100.0,0.0,"B1 logic. V: 0.969, SOC: 100.0%",0
2026-01-01T14:33:10Z,GRID_PASS,100.0,0.0,"B1 logic. V: 0.969, SOC: 100.0%",0
2026-01-01T14:33:15Z,GRID_PASS,100.0,0.0,"B1 logic. V: 0.969, SOC: 100.0%",0
2026-01-01T14:33:20Z,GRID_PASS,100.0,0.0,"B1 logic. V: 0.969, SOC: 100.0%",0
2026-01-01T14:33:25Z,GRID_PASS,100.0,0.0,"B1 logic. V: 0.969, SOC: 100.0%",0
2026-01-01T14:33:30Z,GRID_PASS,100.0,0.0,"B1 logic. V: 0.969, SOC: 100.0%",0
2026-01-01T14:33:35Z,GRID_PASS,100.0,0.0,"B1 logic. V: 0.969, SOC: 100.0%",0
2026-01-01T14:33:40Z,GRID_PASS,100.0,0.0,"B1 logic. V: 0.969, SOC: 100.0%",0
2026-01-01T14:33:45Z,GRID_PASS,100.0,0.0,"B1 logic. V: 0.969, SOC: 100.0%",0
2026-01-01T14:33:50Z,GRID_PASS,100.0,0.0,"B1 logic. V: 0.969, SOC: 100.0%",0
2026-01-01T14:33:55Z,GRID_PASS,100.0,0.0,"B1 logic. V: 0.969, SOC: 100.0%",0
2026-01-01T14:34:00Z,GRID_PASS,100.0,0.0,"B1 logic. V: 0.969, SOC: 100.0%",0
2026-01-01T14:34:05Z,GRID_PASS,100.0,0.0,"B1 logic. V: 0.969, SOC: 100.0%",0
2026-01-01T14:34:10Z,GRID_PASS,100.0,0.0,"B1 logic. V: 0.969, SOC: 100.0%",0
2026-01-01T14:34:15Z,GRID_PASS,100.0,0.0,"B1 logic. V: 0.969, SOC: 100.0%",0
2026-01-01T14:34:20Z,GRID_PASS,100.0,0.0,"B1 logic. V: 0.969, SOC: 100.0%",0
2026-01-01T14:34:25Z,GRID_PASS,100.0,0.0,"B1 logic. V: 0.969, SOC: 100.0%",0
2026-01-01T14:34:30Z,GRID_PASS,100.0,0.0,"B1 logic. V: 0.969, SOC: 100.0%",0
2026-01-01T14:34:35Z,GRID_PASS,100.0,0.0,"B1 logic. V: 0.969, SOC: 100.0%",0
2026-01-01T14:34:40Z,GRID_PASS,100.0,0.0,"B1 logic. V: 0.969, SOC: 100.0%",0
2026-01-01T14:34:45Z,GRID_PASS,100.0,0.0,"B1 logic. V: 0.969, SOC: 100.0%",0
2026-01-01T14:34:50Z,GRID_PASS,100.0,0.0,"B1 logic. V: 0.969, SOC: 100.0%",0
2026-01-01T14:34:55Z,GRID_PASS,100.0,0.0,"B1 logic. V: 0.969, SOC: 100.0%",0
2026-01-01T14:35:00Z,GRID_PASS,100.0,0.0,"B1 logic. V: 0.969, SOC: 100.0%",0
2026-01-01T14:35:05Z,GRID_PASS,100.0,0.0,"B1 logic. V: 0.969, SOC: 100.0%",0
2026-01-01T14:35:10Z,GRID_PASS,100.0,0.0,"B1 logic. V: 0.969, SOC: 100.0%",0
2026-01-01T14:35:15Z,GRID_PASS,100.0,0.0,"B1 logic. V: 0.969, SOC: 100.0%",0
2026-01-01T14:35:20Z,GRID_PASS,100.0,0.0,"B1 logic. V: 0.969, SOC: 100.0%",0
2026-01-01T14:35:25Z,GRID_PASS,100.0,0.0,"B1 logic. V: 0.969, SOC: 100.0%",0
2026-01-01T14:35:30Z,GRID_PASS,100.0,0.0,"B1 logic. V: 0.969, SOC: 100.0%",0
2026-01-01T14:35:35Z,GRID_PASS,100.0,0.0,"B1 logic. V: 0.969, SOC: 100.0%",0
2026-01-01T14:35:40Z,GRID_PASS,100.0,0.0,"B1 logic. V: 0.969, SOC: 100.0%",0
2026-01-01T14:35:45Z,GRID_PASS,100.0,0.0,"B1 logic. V: 0.969, SOC: 100.0%",0
2026-01-01T14:35:50Z,GRID_PASS,100.0,0.0,"B1 logic. V: 0.969, SOC: 100.0%",0
2026-01-01T14:35:55Z,GRID_PASS,100.0,0.0,"B1 logic. V: 0.969, SOC: 100.0%",0
2026-01-01T14:36:00Z,GRID_PASS,100.0,0.0,"B1 logic. V: 0.969, SOC: 100.0%",0
2026-01-01T14:36:05Z,GRID_PASS,100.0,0.0,"B1 logic. V: 0.969, SOC: 100.0%",0
2026-01-01T14:36:10Z,GRID_PASS,100.0,0.0,"B1 logic. V: 0.969, SOC: 100.0%",0
2026-01-01T14:36:15Z,GRID_PASS,100.0,0.0,"B1 logic. V: 0.969, SOC: 100.0%",0
2026-01-01T14:36:20Z,GRID_PASS,100.0,0.0,"B1 logic. V: 0.969, SOC: 100.0%",0
2026-01-01T14:36:25Z,GRID_PASS,100.0,0.0,"B1 logic. V: 0.969, SOC: 100.0%",0
2026-01-01T14:36:30Z,GRID_PASS,100.0,0.0,"B1 logic. V: 0.969, SOC: 100.0%",0
2026-01-01T14:36:35Z,GRID_PASS,100.0,0.0,"B1 logic. V: 0.969, SOC: 100.0%",0
2026-01-01T14:36:40Z,GRID_PASS,100.0,0.0,"B1 logic. V: 0.969, SOC: 100.0%",0
2026-01-01T14:36:45Z,GRID_PASS,100.0,0.0,"B1 logic. V: 0.969, SOC: 100.0%",0
2026-01-01T14:36:50Z,GRID_PASS,100.0,0.0,"B1 logic. V: 0.969, SOC: 100.0%",0
2026-01-01T14:36:55Z,GRID_PASS,100.0,0.0,"B1 logic. V: 0.969, SOC: 100.0%",0
2026-01-01T14:37:00Z,GRID_PASS,100.0,0.0,"B1 logic. V: 0.969, SOC: 100.0%",0
2026-01-01T14:37:05Z,GRID_PASS,100.0,0.0,"B1 logic. V: 0.969, SOC: 100.0%",0
2026-01-01T14:37:10Z,GRID_PASS,100.0,0.0,"B1 logic. V: 0.969, SOC: 100.0%",0
2026-01-01T14:37:15Z,GRID_PASS,100.0,0.0,"B1 logic. V: 0.969, SOC: 100.0%",0
2026-01-01T14:37:20Z,GRID_PASS,100.0,0.0,"B1 logic. V: 0.969, SOC: 100.0%",0
2026-01-01T14:37:25Z,GRID_PASS,100.0,0.0,"B1 logic. V: 0.969, SOC: 100.0%",0
2026-01-01T14:37:30Z,GRID_PASS,100.0,0.0,"B1 logic. V: 0.969, SOC: 100.0%",0
2026-01-01T14:37:35Z,GRID_PASS,100.0,0.0,"B1 logic. V: 0.969, SOC: 100.0%",0
2026-01-01T14:37:40Z,GRID_PASS,100.0,0.0,"B1 logic. V: 0.969, SOC: 100.0%",0
2026-01-01T14:37:45Z,GRID_PASS,100.0,0.0,"B1 logic. V: 0.969, SOC: 100.0%",0
2026-01-01T14:37:50Z,GRID_PASS,100.0,0.0,"B1 logic. V: 0.969, SOC: 100.0%",0
2026-01-01T14:37:55Z,GRID_PASS,100.0,0.0,"B1 logic. V: 0.969, SOC: 100.0%",0
2026-01-01T14:38:00Z,GRID_PASS,100.0,0.0,"B1 logic. V: 0.969, SOC: 100.0%",0
2026-01-01T14:38:05Z,GRID_PASS,100.0,0.0,"B1 logic. V: 0.969, SOC: 100.0%",0
2026-01-01T14:38:10Z,GRID_PASS,100.0,0.0,"B1 logic. V: 0.969, SOC: 100.0%",0
2026-01-01T14:38:15Z,GRID_PASS,100.0,0.0,"B1 logic. V: 0.969, SOC: 100.0%",0
2026-01-01T14:38:20Z,GRID_PASS,100.0,0.0,"B1 logic. V: 0.969, SOC: 100.0%",0
2026-01-01T14:38:25Z,GRID_PASS,100.0,0.0,"B1 logic. V: 0.969, SOC: 100.0%",0
2026-01-01T14:38:30Z,GRID_PASS,100.0,0.0,"B1 logic. V: 0.969, SOC: 100.0%",0
2026-01-01T14:38:35Z,GRID_PASS,100.0,0.0,"B1 logic. V: 0.969, SOC: 100.0%",0
2026-01-01T14:38:40Z,GRID_PASS,100.0,0.0,"B1 logic. V: 0.969, SOC: 100.0%",0
2026-01-01T14:38:45Z,GRID_PASS,100.0,0.0,"B1 logic. V: 0.969, SOC: 100.0%",0
2026-01-01T14:38:50Z,GRID_PASS,100.0,0.0,"B1 logic. V: 0.969, SOC: 100.0%",0
2026-01-01T14:38:55Z,GRID_PASS,100.0,0.0,"B1 logic. V: 0.969, SOC: 100.0%",0
2026-01-01T14:39:00Z,GRID_PASS,100.0,0.0,"B1 logic. V: 0.969, SOC: 100.0%",0
2026-01-01T14:39:05Z,GRID_PASS,100.0,0.0,"B1 logic. V: 0.969, SOC: 100.0%",0
2026-01-01T14:39:10Z,GRID_PASS,100.0,0.0,"B1 logic. V: 0.969, SOC: 100.0%",0
2026-01-01T14:39:15Z,GRID_PASS,100.0,0.0,"B1 logic. V: 0.969, SOC: 100.0%",0
2026-01-01T14:39:20Z,GRID_PASS,100.0,0.0,"B1 logic. V: 0.969, SOC: 100.0%",0
2026-01-01T14:39:25Z,GRID_PASS,100.0,0.0,"B1 logic. V: 0.969, SOC: 100.0%",0
2026-01-01T14:39:30Z,GRID_PASS,100.0,0.0,"B1 logic. V: 0.969, SOC: 100.0%",0
2026-01-01T14:39:35Z,GRID_PASS,100.0,0.0,"B1 logic. V: 0.969, SOC: 100.0%",0
2026-01-01T14:39:40Z,GRID_PASS,100.0,0.0,"B1 logic. V: 0.969, SOC: 100.0%",0
2026-01-01T14:39:45Z,GRID_PASS,100.0,0.0,"B1 logic. V: 0.969, SOC: 100.0%",0
2026-01-01T14:39:50Z,GRID_PASS,100.0,0.0,"B1 logic. V: 0.969, SOC: 100.0%",0
2026-01-01T14:39:55Z,GRID_PASS,100.0,0.0,"B1 logic. V: 0.969, SOC: 100.0%",0
2026-01-01T14:40:00Z,GRID_PASS,100.0,0.0,"B1 logic. V: 0.969, SOC: 100.0%",0
2026-01-01T14:40:05Z,GRID_PASS,100.0,0.0,"B1 logic. V: 0.969, SOC: 100.0%",0
2026-01-01T14:40:10Z,GRID_PASS,100.0,0.0,"B1 logic. V: 0.969, SOC: 100.0%",0
2026-01-01T14:40:15Z,GRID_PASS,100.0,0.0,"B1 logic. V: 0.969, SOC: 100.0%",0
2026-01-01T14:40:20Z,GRID_PASS,100.0,0.0,"B1 logic. V: 0.969, SOC: 100.0%",0
2026-01-01T14:40:25Z,GRID_PASS,100.0,0.0,"B1 logic. V: 0.969, SOC: 100.0%",0
2026-01-01T14:40:30Z,GRID_PASS,100.0,0.0,"B1 logic. V: 0.969, SOC: 100.0%",0
2026-01-01T14:40:35Z,GRID_PASS,100.0,0.0,"B1 logic. V: 0.969, SOC: 100.0%",0
2026-01-01T14:40:40Z,GRID_PASS,100.0,0.0,"B1 logic. V: 0.969, SOC: 100.0%",0
2026-01-01T14:40:45Z,GRID_PASS,100.0,0.0,"B1 logic. V: 0.969, SOC: 100.0%",0
2026-01-01T14:40:50Z,GRID_PASS,100.0,0.0,"B1 logic. V: 0.969, SOC: 100.0%",0
2026-01-01T14:40:55Z,GRID_PASS,100.0,0.0,"B1 logic. V: 0.969, SOC: 100.0%",0
2026-01-01T14:41:00Z,GRID_PASS,100.0,0.0,"B1 logic. V: 0.969, SOC: 100.0%",0
2026-01-01T14:41:05Z,GRID_PASS,100.0,0.0,"B1 logic. V: 0.969, SOC: 100.0%",0
2026-01-01T14:41:10Z,GRID_PASS,100.0,0.0,"B1 logic. V: 0.969, SOC: 100.0%",0
2026-01-01T14:41:15Z,GRID_PASS,100.0,0.0,"B1 logic. V: 0.969, SOC: 100.0%",0
2026-01-01T14:41:20Z,GRID_PASS,100.0,0.0,"B1 logic. V: 0.969, SOC: 100.0%",0
2026-01-01T14:41:25Z,GRID_PASS,100.0,0.0,"B1 logic. V: 0.969, SOC: 100.0%",0
2026-01-01T14:41:30Z,GRID_PASS,100.0,0.0,"B1 logic. V: 0.969, SOC: 100.0%",0
2026-01-01T14:41:35Z,GRID_PASS,100.0,0.0,"B1 logic. V: 0.969, SOC: 100.0%",0
2026-01-01T14:41:40Z,GRID_PASS,100.0,0.0,"B1 logic. V: 0.969, SOC: 100.0%",0
2026-01-01T14:41:45Z,GRID_PASS,100.0,0.0,"B1 logic. V: 0.969, SOC: 100.0%",0
2026-01-01T14:41:50Z,GRID_PASS,100.0,0.0,"B1 logic. V: 0.969, SOC: 100.0%",0
2026-01-01T14:41:55Z,GRID_PASS,100.0,0.0,"B1 logic. V: 0.969, SOC: 100.0%",0
2026-01-01T14:42:00Z,GRID_PASS,100.0,0.0,"B1 logic. V: 0.969, SOC: 100.0%",0
2026-01-01T14:42:05Z,GRID_PASS,100.0,0.0,"B1 logic. V: 0.969, SOC: 100.0%",0
2026-01-01T14:42:10Z,GRID_PASS,100.0,0.0,"B1 logic. V: 0.969, SOC: 100.0%",0
2026-01-01T14:42:15Z,GRID_PASS,100.0,0.0,"B1 logic. V: 0.969, SOC: 100.0%",0
2026-01-01T14:42:20Z,GRID_PASS,100.0,0.0,"B1 logic. V: 0.969, SOC: 100.0%",0
2026-01-01T14:42:25Z,GRID_PASS,100.0,0.0,"B1 logic. V: 0.969, SOC: 100.0%",0
2026-01-01T14:42:30Z,GRID_PASS,100.0,0.0,"B1 logic. V: 0.969, SOC: 100.0%",0
2026-01-01T14:42:35Z,GRID_PASS,100.0,0.0,"B1 logic. V: 0.969, SOC: 100.0%",0
2026-01-01T14:42:40Z,GRID_PASS,100.0,0.0,"B1 logic. V: 0.969, SOC: 100.0%",0
2026-01-01T14:42:45Z,GRID_PASS,100.0,0.0,"B1 logic. V: 0.969, SOC: 100.0%",0
2026-01-01T14:42:50Z,GRID_PASS,100.0,0.0,"B1 logic. V: 0.969, SOC: 100.0%",0
2026-01-01T14:42:55Z,GRID_PASS,100.0,0.0,"B1 logic. V: 0.969, SOC: 100.0%",0
2026-01-01T14:43:00Z,GRID_PASS,100.0,0.0,"B1 logic. V: 0.969, SOC: 100.0%",0
2026-01-01T14:43:05Z,GRID_PASS,100.0,0.0,"B1 logic. V: 0.969, SOC: 100.0%",0
2026-01-01T14:43:10Z,GRID_PASS,100.0,0.0,"B1 logic. V: 0.969, SOC: 100.0%",0
2026-01-01T14:43:15Z,GRID_PASS,100.0,0.0,"B1 logic. V: 0.969, SOC: 100.0%",0
2026-01-01T14:43:20Z,GRID_PASS,100.0,0.0,"B1 logic. V: 0.969, SOC: 100.0%",0
2026-01-01T14:43:25Z,GRID_PASS,100.0,0.0,"B1 logic. V: 0.969, SOC: 100.0%",0
2026-01-01T14:43:30Z,GRID_PASS,100.0,0.0,"B1 logic. V: 0.969, SOC: 100.0%",0
2026-01-01T14:43:35Z,GRID_PASS,100.0,0.0,"B1 logic. V: 0.969, SOC: 100.0%",0
2026-01-01T14:43:40Z,GRID_PASS,100.0,0.0,"B1 logic. V: 0.969, SOC: 100.0%",0
2026-01-01T14:43:45Z,GRID_PASS,100.0,0.0,"B1 logic. V: 0.969, SOC: 100.0%",0
2026-01-01T14:43:50Z,GRID_PASS,100.0,0.0,"B1 logic. V: 0.969, SOC: 100.0%",0
2026-01-01T14:43:55Z,GRID_PASS,100.0,0.0,"B1 logic. V: 0.969, SOC: 100.0%",0
2026-01-01T14:44:00Z,GRID_PASS,100.0,0.0,"B1 logic. V: 0.969, SOC: 100.0%",0
2026-01-01T14:44:05Z,GRID_PASS,100.0,0.0,"B1 logic. V: 0.969, SOC: 100.0%",0
2026-01-01T14:44:10Z,GRID_PASS,100.0,0.0,"B1 logic. V: 0.969, SOC: 100.0%",0
2026-01-01T14:44:15Z,GRID_PASS,100.0,0.0,"B1 logic. V: 0.969, SOC: 100.0%",0
2026-01-01T14:44:20Z,GRID_PASS,100.0,0.0,"B1 logic. V: 0.969, SOC: 100.0%",0
2026-01-01T14:44:25Z,GRID_PASS,100.0,0.0,"B1 logic. V: 0.969, SOC: 100.0%",0
2026-01-01T14:44:30Z,GRID_PASS,100.0,0.0,"B1 logic. V: 0.969, SOC: 100.0%",0
2026-01-01T14:44:35Z,GRID_PASS,100.0,0.0,"B1 logic. V: 0.969, SOC: 100.0%",0
2026-01-01T14:44:40Z,GRID_PASS,100.0,0.0,"B1 logic. V: 0.969, SOC: 100.0%",0
2026-01-01T14:44:45Z,GRID_PASS,100.0,0.0,"B1 logic. V: 0.969, SOC: 100.0%",0
2026-01-01T14:44:50Z,GRID_PASS,100.0,0.0,"B1 logic. V: 0.969, SOC: 100.0%",0
2026-01-01T14:44:55Z,GRID_PASS,100.0,0.0,"B1 logic. V: 0.969, SOC: 100.0%",0
2026-01-01T14:45:00Z,GRID_PASS,100.0,0.0,"B1 logic. V: 0.969, SOC: 100.0%",0
2026-01-01T14:45:05Z,GRID_PASS,100.0,0.0,"B1 logic. V: 0.969, SOC: 100.0%",0
2026-01-01T14:45:10Z,GRID_PASS,100.0,0.0,"B1 logic. V: 0.969, SOC: 100.0%",0
2026-01-01T14:45:15Z,GRID_PASS,100.0,0.0,"B1 logic. V: 0.969, SOC: 100.0%",0
2026-01-01T14:45:20Z,GRID_PASS,100.0,0.0,"B1 logic. V: 0.969, SOC: 100.0%",0
2026-01-01T14:45:25Z,GRID_PASS,100.0,0.0,"B1 logic. V: 0.969, SOC: 100.0%",0
2026-01-01T14:45:30Z,GRID_PASS,100.0,0.0,"B1 logic. V: 0.969, SOC: 100.0%",0
2026-01-01T14:45:35Z,GRID_PASS,100.0,0.0,"B1 logic. V: 0.969, SOC: 100.0%",0
2026-01-01T14:45:40Z,GRID_PASS,100.0,0.0,"B1 logic. V: 0.969, SOC: 100.0%",0
2026-01-01T14:45:45Z,GRID_PASS,100.0,0.0,"B1 logic. V: 0.969, SOC: 100.0%",0
2026-01-01T14:45:50Z,GRID_PASS,100.0,0.0,"B1 logic. V: 0.969, SOC: 100.0%",0
2026-01-01T14:45:55Z,GRID_PASS,100.0,0.0,"B1 logic. V: 0.969, SOC: 100.0%",0
2026-01-01T14:46:00Z,GRID_PASS,100.0,0.0,"B1 logic. V: 0.969, SOC: 100.0%",0
2026-01-01T14:46:05Z,GRID_PASS,100.0,0.0,"B1 logic. V: 0.969, SOC: 100.0%",0
2026-01-01T14:46:10Z,GRID_PASS,100.0,0.0,"B1 logic. V: 0.969, SOC: 100.0%",0
2026-01-01T14:46:15Z,GRID_PASS,100.0,0.0,"B1 logic. V: 0.969, SOC: 100.0%",0
2026-01-01T14:46:20Z,GRID_PASS,100.0,0.0,"B1 logic. V: 0.969, SOC: 100.0%",0
2026-01-01T14:46:25Z,GRID_PASS,100.0,0.0,"B1 logic. V: 0.969, SOC: 100.0%",0
2026-01-01T14:46:30Z,GRID_PASS,100.0,0.0,"B1 logic. V: 0.969, SOC: 100.0%",0
2026-01-01T14:46:35Z,GRID_PASS,100.0,0.0,"B1 logic. V: 0.969, SOC: 100.0%",0
2026-01-01T14:46:40Z,GRID_PASS,100.0,0.0,"B1 logic. V: 0.969, SOC: 100.0%",0
2026-01-01T14:46:45Z,GRID_PASS,100.0,0.0,"B1 logic. V: 0.969, SOC: 100.0%",0
2026-01-01T14:46:50Z,GRID_PASS,100.0,0.0,"B1 logic. V: 0.969, SOC: 100.0%",0
2026-01-01T14:46:55Z,GRID_PASS,100.0,0.0,"B1 logic. V: 0.969, SOC: 100.0%",0
2026-01-01T14:47:00Z,GRID_PASS,100.0,0.0,"B1 logic. V: 0.969, SOC: 100.0%",0
2026-01-01T14:47:05Z,GRID_PASS,100.0,0.0,"B1 logic. V: 0.969, SOC: 100.0%",0
2026-01-01T14:47:10Z,GRID_PASS,100.0,0.0,"B1 logic. V: 0.969, SOC: 100.0%",0
2026-01-01T14:47:15Z,GRID_PASS,100.0,0.0,"B1 logic. V: 0.969, SOC: 100.0%",0
2026-01-01T14:47:20Z,GRID_PASS,100.0,0.0,"B1 logic. V: 0.969, SOC: 100.0%",0
2026-01-01T14:47:25Z,GRID_PASS,100.0,0.0,"B1 logic. V: 0.969, SOC: 100.0%",0
2026-01-01T14:47:30Z,GRID_PASS,100.0,0.0,"B1 logic. V: 0.969, SOC: 100.0%",0
2026-01-01T14:47:35Z,GRID_PASS,100.0,0.0,"B1 logic. V: 0.969, SOC: 100.0%",0
2026-01-01T14:47:40Z,GRID_PASS,100.0,0.0,"B1 logic. V: 0.969, SOC: 100.0%",0
2026-01-01T14:47:45Z,GRID_PASS,100.0,0.0,"B1 logic. V: 0.969, SOC: 100.0%",0
2026-01-01T14:47:50Z,GRID_PASS,100.0,0.0,"B1 logic. V: 0.969, SOC: 100.0%",0
2026-01-01T14:47:55Z,GRID_PASS,100.0,0.0,"B1 logic. V: 0.969, SOC: 100.0%",0
2026-01-01T14:48:00Z,GRID_PASS,100.0,0.0,"B1 logic. V: 0.969, SOC: 100.0%",0
2026-01-01T14:48:05Z,GRID_PASS,100.0,0.0,"B1 logic. V: 0.969, SOC: 100.0%",0
2026-01-01T14:48:10Z,GRID_PASS,100.0,0.0,"B1 logic. V: 0.969, SOC: 100.0%",0
2026-01-01T14:48:15Z,GRID_PASS,100.0,0.0,"B1 logic. V: 0.969, SOC: 100.0%",0
2026-01-01T14:48:20Z,GRID_PASS,100.0,0.0,"B1 logic. V: 0.969, SOC: 100.0%",0
2026-01-01T14:48:25Z,GRID_PASS,100.0,0.0,"B1 logic. V: 0.969, SOC: 100.0%",0
2026-01-01T14:48:30Z,GRID_PASS,100.0,0.0,"B1 logic. V: 0.969, SOC: 100.0%",0
2026-01-01T14:48:35Z,GRID_PASS,100.0,0.0,"B1 logic. V: 0.969, SOC: 100.0%",0
2026-01-01T14:48:40Z,GRID_PASS,100.0,0.0,"B1 logic. V: 0.969, SOC: 100.0%",0
2026-01-01T14:48:45Z,GRID_PASS,100.0,0.0,"B1 logic. V: 0.969, SOC: 100.0%",0
2026-01-01T14:48:50Z,GRID_PASS,100.0,0.0,"B1 logic. V: 0.969, SOC: 100.0%",0
2026-01-01T14:48:55Z,GRID_PASS,100.0,0.0,"B1 logic. V: 0.969, SOC: 100.0%",0
2026-01-01T14:49:00Z,GRID_PASS,100.0,0.0,"B1 logic. V: 0.969, SOC: 100.0%",0
2026-01-01T14:49:05Z,GRID_PASS,100.0,0.0,"B1 logic. V: 0.969, SOC: 100.0%",0
2026-01-01T14:49:10Z,GRID_PASS,100.0,0.0,"B1 logic. V: 0.969, SOC: 100.0%",0
2026-01-01T14:49:15Z,GRID_PASS,100.0,0.0,"B1 logic. V: 0.969, SOC: 100.0%",0
2026-01-01T14:49:20Z,GRID_PASS,100.0,0.0,"B1 logic. V: 0.969, SOC: 100.0%",0
2026-01-01T14:49:25Z,GRID_PASS,100.0,0.0,"B1 logic. V: 0.969, SOC: 100.0%",0
2026-01-01T14:49:30Z,GRID_PASS,100.0,0.0,"B1 logic. V: 0.969, SOC: 100.0%",0
2026-01-01T14:49:35Z,GRID_PASS,100.0,0.0,"B1 logic. V: 0.969, SOC: 100.0%",0
2026-01-01T14:49:40Z,GRID_PASS,100.0,0.0,"B1 logic. V: 0.969, SOC: 100.0%",0
2026-01-01T14:49:45Z,GRID_PASS,100.0,0.0,"B1 logic. V: 0.969, SOC: 100.0%",0
2026-01-01T14:49:50Z,GRID_PASS,100.0,0.0,"B1 logic. V: 0.969, SOC: 100.0%",0
2026-01-01T14:49:55Z,GRID_PASS,100.0,0.0,"B1 logic. V: 0.969, SOC: 100.0%",0
2026-01-01T14:50:00Z,GRID_PASS,100.0,0.0,"B1 logic. V: 0.969, SOC: 100.0%",0
2026-01-01T14:50:05Z,GRID_PASS,100.0,0.0,"B1 logic. V: 0.969, SOC: 100.0%",0
2026-01-01T14:50:10Z,GRID_PASS,100.0,0.0,"B1 logic. V: 0.969, SOC: 100.0%",0
2026-01-01T14:50:15Z,GRID_PASS,100.0,0.0,"B1 logic. V: 0.969, SOC: 100.0%",0
2026-01-01T14:50:20Z,GRID_PASS,100.0,0.0,"B1 logic. V: 0.969, SOC: 100.0%",0
2026-01-01T14:50:25Z,GRID_PASS,100.0,0.0,"B1 logic. V: 0.969, SOC: 100.0%",0
2026-01-01T14:50:30Z,GRID_PASS,100.0,0.0,"B1 logic. V: 0.969, SOC: 100.0%",0
2026-01-01T14:50:35Z,GRID_PASS,100.0,0.0,"B1 logic. V: 0.969, SOC: 100.0%",0
2026-01-01T14:50:40Z,GRID_PASS,100.0,0.0,"B1 logic. V: 0.969, SOC: 100.0%",0
2026-01-01T14:50:45Z,GRID_PASS,100.0,0.0,"B1 logic. V: 0.969, SOC: 100.0%",0
2026-01-01T14:50:50Z,GRID_PASS,100.0,0.0,"B1 logic. V: 0.969, SOC: 100.0%",0
2026-01-01T14:50:55Z,GRID_PASS,100.0,0.0,"B1 logic. V: 0.969, SOC: 100.0%",0
2026-01-01T14:51:00Z,GRID_PASS,100.0,0.0,"B1 logic. V: 0.969, SOC: 100.0%",0
2026-01-01T14:51:05Z,GRID_PASS,100.0,0.0,"B1 logic. V: 0.969, SOC: 100.0%",0
2026-01-01T14:51:10Z,GRID_PASS,100.0,0.0,"B1 logic. V: 0.969, SOC: 100.0%",0
2026-01-01T14:51:15Z,GRID_PASS,100.0,0.0,"B1 logic. V: 0.969, SOC: 100.0%",0
2026-01-01T14:51:20Z,GRID_PASS,100.0,0.0,"B1 logic. V: 0.969, SOC: 100.0%",0
2026-01-01T14:51:25Z,GRID_PASS,100.0,0.0,"B1 logic. V: 0.969, SOC: 100.0%",0
2026-01-01T14:51:30Z,GRID_PASS,100.0,0.0,"B1 logic. V: 0.969, SOC: 100.0%",0
2026-01-01T14:51:35Z,GRID_PASS,100.0,0.0,"B1 logic. V: 0.969, SOC: 100.0%",0
2026-01-01T14:51:40Z,GRID_PASS,100.0,0.0,"B1 logic. V: 0.969, SOC: 100.0%",0
2026-01-01T14:51:45Z,GRID_PASS,100.0,0.0,"B1 logic. V: 0.969, SOC: 100.0%",0
2026-01-01T14:51:50Z,GRID_PASS,100.0,0.0,"B1 logic. V: 0.969, SOC: 100.0%",0
2026-01-01T14:51:55Z,GRID_PASS,100.0,0.0,"B1 logic. V: 0.969, SOC: 100.0%",0
2026-01-01T14:52:00Z,GRID_PASS,100.0,0.0,"B1 logic. V: 0.969, SOC: 100.0%",0
2026-01-01T14:52:05Z,GRID_PASS,100.0,0.0,"B1 logic. V: 0.969, SOC: 100.0%",0
2026-01-01T14:52:10Z,GRID_PASS,100.0,0.0,"B1 logic. V: 0.969, SOC: 100.0%",0
2026-01-01T14:52:15Z,GRID_PASS,100.0,0.0,"B1 logic. V: 0.969, SOC: 100.0%",0
2026-01-01T14:52:20Z,GRID_PASS,100.0,0.0,"B1 logic. V: 0.969, SOC: 100.0%",0
2026-01-01T14:52:25Z,GRID_PASS,100.0,0.0,"B1 logic. V: 0.969, SOC: 100.0%",0
2026-01-01T14:52:30Z,GRID_PASS,100.0,0.0,"B1 logic. V: 0.969, SOC: 100.0%",0
2026-01-01T14:52:35Z,GRID_PASS,100.0,0.0,"B1 logic. V: 0.969, SOC: 100.0%",0
2026-01-01T14:52:40Z,GRID_PASS,100.0,0.0,"B1 logic. V: 0.969, SOC: 100.0%",0
2026-01-01T14:52:45Z,GRID_PASS,100.0,0.0,"B1 logic. V: 0.969, SOC: 100.0%",0
2026-01-01T14:52:50Z,GRID_PASS,100.0,0.0,"B1 logic. V: 0.969, SOC: 100.0%",0
2026-01-01T14:52:55Z,GRID_PASS,100.0,0.0,"B1 logic. V: 0.969, SOC: 100.0%",0
2026-01-01T14:53:00Z,GRID_PASS,100.0,0.0,"B1 logic. V: 0.969, SOC: 100.0%",0
2026-01-01T14:53:05Z,GRID_PASS,100.0,0.0,"B1 logic. V: 0.969, SOC: 100.0%",0
2026-01-01T14:53:10Z,GRID_PASS,100.0,0.0,"B1 logic. V: 0.969, SOC: 100.0%",0
2026-01-01T14:53:15Z,GRID_PASS,100.0,0.0,"B1 logic. V: 0.969, SOC: 100.0%",0
2026-01-01T14:53:20Z,GRID_PASS,100.0,0.0,"B1 logic. V: 0.969, SOC: 100.0%",0
2026-01-01T14:53:25Z,GRID_PASS,100.0,0.0,"B1 logic. V: 0.969, SOC: 100.0%",0
2026-01-01T14:53:30Z,GRID_PASS,100.0,0.0,"B1 logic. V: 0.969, SOC: 100.0%",0
2026-01-01T14:53:35Z,GRID_PASS,100.0,0.0,"B1 logic. V: 0.969, SOC: 100.0%",0
2026-01-01T14:53:40Z,GRID_PASS,100.0,0.0,"B1 logic. V: 0.969, SOC: 100.0%",0
2026-01-01T14:53:45Z,GRID_PASS,100.0,0.0,"B1 logic. V: 0.969, SOC: 100.0%",0
2026-01-01T14:53:50Z,GRID_PASS,100.0,0.0,"B1 logic. V: 0.969, SOC: 100.0%",0
2026-01-01T14:53:55Z,GRID_PASS,100.0,0.0,"B1 logic. V: 0.969, SOC: 100.0%",0
2026-01-01T14:54:00Z,GRID_PASS,100.0,0.0,"B1 logic. V: 0.969, SOC: 100.0%",0
2026-01-01T14:54:05Z,GRID_PASS,100.0,0.0,"B1 logic. V: 0.969, SOC: 100.0%",0
2026-01-01T14:54:10Z,GRID_PASS,100.0,0.0,"B1 logic. V: 0.969, SOC: 100.0%",0
2026-01-01T14:54:15Z,GRID_PASS,100.0,0.0,"B1 logic. V: 0.969, SOC: 100.0%",0
2026-01-01T14:54:20Z,GRID_PASS,100.0,0.0,"B1 logic. V: 0.969, SOC: 100.0%",0
2026-01-01T14:54:25Z,GRID_PASS,100.0,0.0,"B1 logic. V: 0.969, SOC: 100.0%",0
2026-01-01T14:54:30Z,GRID_PASS,100.0,0.0,"B1 logic. V: 0.969, SOC: 100.0%",0
2026-01-01T14:54:35Z,GRID_PASS,100.0,0.0,"B1 logic. V: 0.969, SOC: 100.0%",0
2026-01-01T14:54:40Z,GRID_PASS,100.0,0.0,"B1 logic. V: 0.969, SOC: 100.0%",0
2026-01-01T14:54:45Z,GRID_PASS,100.0,0.0,"B1 logic. V: 0.969, SOC: 100.0%",0
2026-01-01T14:54:50Z,GRID_PASS,100.0,0.0,"B1 logic. V: 0.969, SOC: 100.0%",0
2026-01-01T14:54:55Z,GRID_PASS,100.0,0.0,"B1 logic. V: 0.969, SOC: 100.0%",0
2026-01-01T14:55:00Z,GRID_PASS,100.0,0.0,"B1 logic. V: 0.969, SOC: 100.0%",0
2026-01-01T14:55:05Z,GRID_PASS,100.0,0.0,"B1 logic. V: 0.969, SOC: 100.0%",0
2026-01-01T14:55:10Z,GRID_PASS,100.0,0.0,"B1 logic. V: 0.969, SOC: 100.0%",0
2026-01-01T14:55:15Z,GRID_PASS,100.0,0.0,"B1 logic. V: 0.969, SOC: 100.0%",0
2026-01-01T14:55:20Z,GRID_PASS,100.0,0.0,"B1 logic. V: 0.969, SOC: 100.0%",0
2026-01-01T14:55:25Z,GRID_PASS,100.0,0.0,"B1 logic. V: 0.969, SOC: 100.0%",0
2026-01-01T14:55:30Z,GRID_PASS,100.0,0.0,"B1 logic. V: 0.969, SOC: 100.0%",0
2026-01-01T14:55:35Z,GRID_PASS,100.0,0.0,"B1 logic. V: 0.969, SOC: 100.0%",0
2026-01-01T14:55:40Z,GRID_PASS,100.0,0.0,"B1 logic. V: 0.969, SOC: 100.0%",0
2026-01-01T14:55:45Z,GRID_PASS,100.0,0.0,"B1 logic. V: 0.969, SOC: 100.0%",0
2026-01-01T14:55:50Z,GRID_PASS,100.0,0.0,"B1 logic. V: 0.969, SOC: 100.0%",0
2026-01-01T14:55:55Z,GRID_PASS,100.0,0.0,"B1 logic. V: 0.969, SOC: 100.0%",0
2026-01-01T14:56:00Z,GRID_PASS,100.0,0.0,"B1 logic. V: 0.969, SOC: 100.0%",0
2026-01-01T14:56:05Z,GRID_PASS,100.0,0.0,"B1 logic. V: 0.969, SOC: 100.0%",0
2026-01-01T14:56:10Z,GRID_PASS,100.0,0.0,"B1 logic. V: 0.969, SOC: 100.0%",0
2026-01-01T14:56:15Z,GRID_PASS,100.0,0.0,"B1 logic. V: 0.969, SOC: 100.0%",0
2026-01-01T14:56:20Z,GRID_PASS,100.0,0.0,"B1 logic. V: 0.969, SOC: 100.0%",0
2026-01-01T14:56:25Z,GRID_PASS,100.0,0.0,"B1 logic. V: 0.969, SOC: 100.0%",0
2026-01-01T14:56:30Z,GRID_PASS,100.0,0.0,"B1 logic. V: 0.969, SOC: 100.0%",0
2026-01-01T14:56:35Z,GRID_PASS,100.0,0.0,"B1 logic. V: 0.969, SOC: 100.0%",0
2026-01-01T14:56:40Z,GRID_PASS,100.0,0.0,"B1 logic. V: 0.969, SOC: 100.0%",0
2026-01-01T14:56:45Z,GRID_PASS,100.0,0.0,"B1 logic. V: 0.969, SOC: 100.0%",0
2026-01-01T14:56:50Z,GRID_PASS,100.0,0.0,"B1 logic. V: 0.969, SOC: 100.0%",0
2026-01-01T14:56:55Z,GRID_PASS,100.0,0.0,"B1 logic. V: 0.969, SOC: 100.0%",0
2026-01-01T14:57:00Z,GRID_PASS,100.0,0.0,"B1 logic. V: 0.969, SOC: 100.0%",0
2026-01-01T14:57:05Z,GRID_PASS,100.0,0.0,"B1 logic. V: 0.969, SOC: 100.0%",0
2026-01-01T14:57:10Z,GRID_PASS,100.0,0.0,"B1 logic. V: 0.969, SOC: 100.0%",0
2026-01-01T14:57:15Z,GRID_PASS,100.0,0.0,"B1 logic. V: 0.969, SOC: 100.0%",0
2026-01-01T14:57:20Z,GRID_PASS,100.0,0.0,"B1 logic. V: 0.969, SOC: 100.0%",0
2026-01-01T14:57:25Z,GRID_PASS,100.0,0.0,"B1 logic. V: 0.969, SOC: 100.0%",0
2026-01-01T14:57:30Z,GRID_PASS,100.0,0.0,"B1 logic. V: 0.969, SOC: 100.0%",0
2026-01-01T14:57:35Z,GRID_PASS,100.0,0.0,"B1 logic. V: 0.969, SOC: 100.0%",0
2026-01-01T14:57:40Z,GRID_PASS,100.0,0.0,"B1 logic. V: 0.969, SOC: 100.0%",0
2026-01-01T14:57:45Z,GRID_PASS,100.0,0.0,"B1 logic. V: 0.969, SOC: 100.0%",0
2026-01-01T14:57:50Z,GRID_PASS,100.0,0.0,"B1 logic. V: 0.969, SOC: 100.0%",0
2026-01-01T14:57:55Z,GRID_PASS,100.0,0.0,"B1 logic. V: 0.969, SOC: 100.0%",0
2026-01-01T14:58:00Z,GRID_PASS,100.0,0.0,"B1 logic. V: 0.969, SOC: 100.0%",0
2026-01-01T14:58:05Z,GRID_PASS,100.0,0.0,"B1 logic. V: 0.969, SOC: 100.0%",0
2026-01-01T14:58:10Z,GRID_PASS,100.0,0.0,"B1 logic. V: 0.969, SOC: 100.0%",0
2026-01-01T14:58:15Z,GRID_PASS,100.0,0.0,"B1 logic. V: 0.969, SOC: 100.0%",0
2026-01-01T14:58:20Z,GRID_PASS,100.0,0.0,"B1 logic. V: 0.969, SOC: 100.0%",0
2026-01-01T14:58:25Z,GRID_PASS,100.0,0.0,"B1 logic. V: 0.969, SOC: 100.0%",0
2026-01-01T14:58:30Z,GRID_PASS,100.0,0.0,"B1 logic. V: 0.969, SOC: 100.0%",0
2026-01-01T14:58:35Z,GRID_PASS,100.0,0.0,"B1 logic. V: 0.969, SOC: 100.0%",0
2026-01-01T14:58:40Z,GRID_PASS,100.0,0.0,"B1 logic. V: 0.969, SOC: 100.0%",0
2026-01-01T14:58:45Z,GRID_PASS,100.0,0.0,"B1 logic. V: 0.969, SOC: 100.0%",0
2026-01-01T14:58:50Z,GRID_PASS,100.0,0.0,"B1 logic. V: 0.969, SOC: 100.0%",0
2026-01-01T14:58:55Z,GRID_PASS,100.0,0.0,"B1 logic. V: 0.969, SOC: 100.0%",0
2026-01-01T14:59:00Z,GRID_PASS,100.0,0.0,"B1 logic. V: 0.969, SOC: 100.0%",0
2026-01-01T14:59:05Z,GRID_PASS,100.0,0.0,"B1 logic. V: 0.969, SOC: 100.0%",0
2026-01-01T14:59:10Z,GRID_PASS,100.0,0.0,"B1 logic. V: 0.969, SOC: 100.0%",0
2026-01-01T14:59:15Z,GRID_PASS,100.0,0.0,"B1 logic. V: 0.969, SOC: 100.0%",0
2026-01-01T14:59:20Z,GRID_PASS,100.0,0.0,"B1 logic. V: 0.969, SOC: 100.0%",0
2026-01-01T14:59:25Z,GRID_PASS,100.0,0.0,"B1 logic. V: 0.969, SOC: 100.0%",0
2026-01-01T14:59:30Z,GRID_PASS,100.0,0.0,"B1 logic. V: 0.969, SOC: 100.0%",0
2026-01-01T14:59:35Z,GRID_PASS,100.0,0.0,"B1 logic. V: 0.969, SOC: 100.0%",0
2026-01-01T14:59:40Z,GRID_PASS,100.0,0.0,"B1 logic. V: 0.969, SOC: 100.0%",0
2026-01-01T14:59:45Z,GRID_PASS,100.0,0.0,"B1 logic. V: 0.969, SOC: 100.0%",0
2026-01-01T14:59:50Z,GRID_PASS,100.0,0.0,"B1 logic. V: 0.969, SOC: 100.0%",0
2026-01-01T14:59:55Z,GRID_PASS,100.0,0.0,"B1 logic. V: 0.969, SOC: 100.0%",0
2026-01-01T15:00:00Z,GRID_PASS,100.0,0.0,"B1 logic. V: 0.969, SOC: 100.0%",0
2026-01-01T15:00:05Z,GRID_PASS,100.0,0.0,"B1 logic. V: 0.969, SOC: 100.0%",0
2026-01-01T15:00:10Z,GRID_PASS,100.0,0.0,"B1 logic. V: 0.969, SOC: 100.0%",0
2026-01-01T15:00:15Z,GRID_PASS,100.0,0.0,"B1 logic. V: 0.969, SOC: 100.0%",0
2026-01-01T15:00:20Z,GRID_PASS,100.0,0.0,"B1 logic. V: 0.969, SOC: 100.0%",0
2026-01-01T15:00:25Z,GRID_PASS,100.0,0.0,"B1 logic. V: 0.969, SOC: 100.0%",0
2026-01-01T15:00:30Z,GRID_PASS,100.0,0.0,"B1 logic. V: 0.969, SOC: 100.0%",0
2026-01-01T15:00:35Z,GRID_PASS,100.0,0.0,"B1 logic. V: 0.969, SOC: 100.0%",0
2026-01-01T15:00:40Z,GRID_PASS,100.0,0.0,"B1 logic. V: 0.969, SOC: 100.0%",0
2026-01-01T15:00:45Z,GRID_PASS,100.0,0.0,"B1 logic. V: 0.969, SOC: 100.0%",0
2026-01-01T15:00:50Z,GRID_PASS,100.0,0.0,"B1 logic. V: 0.969, SOC: 100.0%",0
2026-01-01T15:00:55Z,GRID_PASS,100.0,0.0,"B1 logic. V: 0.969, SOC: 100.0%",0
2026-01-01T15:01:00Z,GRID_PASS,100.0,0.0,"B1 logic. V: 0.969, SOC: 100.0%",0
2026-01-01T15:01:05Z,GRID_PASS,100.0,0.0,"B1 logic. V: 0.969, SOC: 100.0%",0
2026-01-01T15:01:10Z,GRID_PASS,100.0,0.0,"B1 logic. V: 0.969, SOC: 100.0%",0
2026-01-01T15:01:15Z,GRID_PASS,100.0,0.0,"B1 logic. V: 0.969, SOC: 100.0%",0
2026-01-01T15:01:20Z,GRID_PASS,100.0,0.0,"B1 logic. V: 0.969, SOC: 100.0%",0
2026-01-01T15:01:25Z,GRID_PASS,100.0,0.0,"B1 logic. V: 0.969, SOC: 100.0%",0
2026-01-01T15:01:30Z,GRID_PASS,100.0,0.0,"B1 logic. V: 0.969, SOC: 100.0%",0
2026-01-01T15:01:35Z,GRID_PASS,100.0,0.0,"B1 logic. V: 0.969, SOC: 100.0%",0
2026-01-01T15:01:40Z,GRID_PASS,100.0,0.0,"B1 logic. V: 0.969, SOC: 100.0%",0
2026-01-01T15:01:45Z,GRID_PASS,100.0,0.0,"B1 logic. V: 0.969, SOC: 100.0%",0
2026-01-01T15:01:50Z,GRID_PASS,100.0,0.0,"B1 logic. V: 0.969, SOC: 100.0%",0
2026-01-01T15:01:55Z,GRID_PASS,100.0,0.0,"B1 logic. V: 0.969, SOC: 100.0%",0
2026-01-01T15:02:00Z,GRID_PASS,100.0,0.0,"B1 logic. V: 0.969, SOC: 100.0%",0
2026-01-01T15:02:05Z,GRID_PASS,100.0,0.0,"B1 logic. V: 0.969, SOC: 100.0%",0
2026-01-01T15:02:10Z,GRID_PASS,100.0,0.0,"B1 logic. V: 0.969, SOC: 100.0%",0
2026-01-01T15:02:15Z,GRID_PASS,100.0,0.0,"B1 logic. V: 0.969, SOC: 100.0%",0
2026-01-01T15:02:20Z,GRID_PASS,100.0,0.0,"B1 logic. V: 0.969, SOC: 100.0%",0
2026-01-01T15:02:25Z,GRID_PASS,100.0,0.0,"B1 logic. V: 0.969, SOC: 100.0%",0
2026-01-01T15:02:30Z,GRID_PASS,100.0,0.0,"B1 logic. V: 0.969, SOC: 100.0%",0
2026-01-01T15:02:35Z,GRID_PASS,100.0,0.0,"B1 logic. V: 0.969, SOC: 100.0%",0
2026-01-01T15:02:40Z,GRID_PASS,100.0,0.0,"B1 logic. V: 0.969, SOC: 100.0%",0
2026-01-01T15:02:45Z,GRID_PASS,100.0,0.0,"B1 logic. V: 0.969, SOC: 100.0%",0
2026-01-01T15:02:50Z,GRID_PASS,100.0,0.0,"B1 logic. V: 0.969, SOC: 100.0%",0
2026-01-01T15:02:55Z,GRID_PASS,100.0,0.0,"B1 logic. V: 0.969, SOC: 100.0%",0
2026-01-01T15:03:00Z,GRID_PASS,100.0,0.0,"B1 logic. V: 0.969, SOC: 100.0%",0
2026-01-01T15:03:05Z,GRID_PASS,100.0,0.0,"B1 logic. V: 0.969, SOC: 100.0%",0
2026-01-01T15:03:10Z,GRID_PASS,100.0,0.0,"B1 logic. V: 0.969, SOC: 100.0%",0
2026-01-01T15:03:15Z,GRID_PASS,100.0,0.0,"B1 logic. V: 0.969, SOC: 100.0%",0
2026-01-01T15:03:20Z,GRID_PASS,100.0,0.0,"B1 logic. V: 0.969, SOC: 100.0%",0
2026-01-01T15:03:25Z,GRID_PASS,100.0,0.0,"B1 logic. V: 0.969, SOC: 100.0%",0
2026-01-01T15:03:30Z,GRID_PASS,100.0,0.0,"B1 logic. V: 0.969, SOC: 100.0%",0
2026-01-01T15:03:35Z,GRID_PASS,100.0,0.0,"B1 logic. V: 0.969, SOC: 100.0%",0
2026-01-01T15:03:40Z,GRID_PASS,100.0,0.0,"B1 logic. V: 0.969, SOC: 100.0%",0
2026-01-01T15:03:45Z,GRID_PASS,100.0,0.0,"B1 logic. V: 0.969, SOC: 100.0%",0
2026-01-01T15:03:50Z,GRID_PASS,100.0,0.0,"B1 logic. V: 0.969, SOC: 100.0%",0
2026-01-01T15:03:55Z,GRID_PASS,100.0,0.0,"B1 logic. V: 0.969, SOC: 100.0%",0
2026-01-01T15:04:00Z,GRID_PASS,100.0,0.0,"B1 logic. V: 0.969, SOC: 100.0%",0
2026-01-01T15:04:05Z,GRID_PASS,100.0,0.0,"B1 logic. V: 0.968, SOC: 100.0%",0
2026-01-01T15:04:10Z,GRID_PASS,100.0,0.0,"B1 logic. V: 0.968, SOC: 100.0%",0
2026-01-01T15:04:15Z,GRID_PASS,100.0,0.0,"B1 logic. V: 0.968, SOC: 100.0%",0
2026-01-01T15:04:20Z,GRID_PASS,100.0,0.0,"B1 logic. V: 0.968, SOC: 100.0%",0
2026-01-01T15:04:25Z,GRID_PASS,100.0,0.0,"B1 logic. V: 0.968, SOC: 100.0%",0
2026-01-01T15:04:30Z,GRID_PASS,100.0,0.0,"B1 logic. V: 0.968, SOC: 100.0%",0
2026-01-01T15:04:35Z,GRID_PASS,100.0,0.0,"B1 logic. V: 0.968, SOC: 100.0%",0
2026-01-01T15:04:40Z,GRID_PASS,100.0,0.0,"B1 logic. V: 0.968, SOC: 100.0%",0
2026-01-01T15:04:45Z,GRID_PASS,100.0,0.0,"B1 logic. V: 0.968, SOC: 100.0%",0
2026-01-01T15:04:50Z,GRID_PASS,100.0,0.0,"B1 logic. V: 0.968, SOC: 100.0%",0
2026-01-01T15:04:55Z,GRID_PASS,100.0,0.0,"B1 logic. V: 0.968, SOC: 100.0%",0
2026-01-01T15:05:00Z,GRID_PASS,100.0,0.0,"B1 logic. V: 0.968, SOC: 100.0%",0
2026-01-01T15:05:05Z,GRID_PASS,100.0,0.0,"B1 logic. V: 0.968, SOC: 100.0%",0
2026-01-01T15:05:10Z,GRID_PASS,100.0,0.0,"B1 logic. V: 0.968, SOC: 100.0%",0
2026-01-01T15:05:15Z,GRID_PASS,100.0,0.0,"B1 logic. V: 0.968, SOC: 100.0%",0
2026-01-01T15:05:20Z,GRID_PASS,100.0,0.0,"B1 logic. V: 0.968, SOC: 100.0%",0
2026-01-01T15:05:25Z,GRID_PASS,100.0,0.0,"B1 logic. V: 0.968, SOC: 100.0%",0
2026-01-01T15:05:30Z,GRID_PASS,100.0,0.0,"B1 logic. V: 0.968, SOC: 100.0%",0
2026-01-01T15:05:35Z,GRID_PASS,100.0,0.0,"B1 logic. V: 0.968, SOC: 100.0%",0
2026-01-01T15:05:40Z,GRID_PASS,100.0,0.0,"B1 logic. V: 0.968, SOC: 100.0%",0
2026-01-01T15:05:45Z,GRID_PASS,100.0,0.0,"B1 logic. V: 0.968, SOC: 100.0%",0
2026-01-01T15:05:50Z,GRID_PASS,100.0,0.0,"B1 logic. V: 0.968, SOC: 100.0%",0
2026-01-01T15:05:55Z,GRID_PASS,100.0,0.0,"B1 logic. V: 0.968, SOC: 100.0%",0
2026-01-01T15:06:00Z,GRID_PASS,100.0,0.0,"B1 logic. V: 0.968, SOC: 100.0%",0
2026-01-01T15:06:05Z,GRID_PASS,100.0,0.0,"B1 logic. V: 0.968, SOC: 100.0%",0
2026-01-01T15:06:10Z,GRID_PASS,100.0,0.0,"B1 logic. V: 0.968, SOC: 100.0%",0
2026-01-01T15:06:15Z,GRID_PASS,100.0,0.0,"B1 logic. V: 0.968, SOC: 100.0%",0
2026-01-01T15:06:20Z,GRID_PASS,100.0,0.0,"B1 logic. V: 0.968, SOC: 100.0%",0
2026-01-01T15:06:25Z,GRID_PASS,100.0,0.0,"B1 logic. V: 0.968, SOC: 100.0%",0
2026-01-01T15:06:30Z,GRID_PASS,100.0,0.0,"B1 logic. V: 0.968, SOC: 100.0%",0
2026-01-01T15:06:35Z,GRID_PASS,100.0,0.0,"B1 logic. V: 0.968, SOC: 100.0%",0
2026-01-01T15:06:40Z,GRID_PASS,100.0,0.0,"B1 logic. V: 0.968, SOC: 100.0%",0
2026-01-01T15:06:45Z,GRID_PASS,100.0,0.0,"B1 logic. V: 0.968, SOC: 100.0%",0
2026-01-01T15:06:50Z,GRID_PASS,100.0,0.0,"B1 logic. V: 0.968, SOC: 100.0%",0
2026-01-01T15:06:55Z,GRID_PASS,100.0,0.0,"B1 logic. V: 0.968, SOC: 100.0%",0
2026-01-01T15:07:00Z,GRID_PASS,100.0,0.0,"B1 logic. V: 0.968, SOC: 100.0%",0
2026-01-01T15:07:05Z,GRID_PASS,100.0,0.0,"B1 logic. V: 0.968, SOC: 100.0%",0
2026-01-01T15:07:10Z,GRID_PASS,100.0,0.0,"B1 logic. V: 0.968, SOC: 100.0%",0
2026-01-01T15:07:15Z,GRID_PASS,100.0,0.0,"B1 logic. V: 0.968, SOC: 100.0%",0
2026-01-01T15:07:20Z,GRID_PASS,100.0,0.0,"B1 logic. V: 0.968, SOC: 100.0%",0
2026-01-01T15:07:25Z,GRID_PASS,100.0,0.0,"B1 logic. V: 0.968, SOC: 100.0%",0
2026-01-01T15:07:30Z,GRID_PASS,100.0,0.0,"B1 logic. V: 0.968, SOC: 100.0%",0
2026-01-01T15:07:35Z,GRID_PASS,100.0,0.0,"B1 logic. V: 0.968, SOC: 100.0%",0
2026-01-01T15:07:40Z,GRID_PASS,100.0,0.0,"B1 logic. V: 0.968, SOC: 100.0%",0
2026-01-01T15:07:45Z,GRID_PASS,100.0,0.0,"B1 logic. V: 0.968, SOC: 100.0%",0
2026-01-01T15:07:50Z,GRID_PASS,100.0,0.0,"B1 logic. V: 0.968, SOC: 100.0%",0
2026-01-01T15:07:55Z,GRID_PASS,100.0,0.0,"B1 logic. V: 0.968, SOC: 100.0%",0
2026-01-01T15:08:00Z,GRID_PASS,100.0,0.0,"B1 logic. V: 0.968, SOC: 100.0%",0
2026-01-01T15:08:05Z,GRID_PASS,100.0,0.0,"B1 logic. V: 0.968, SOC: 100.0%",0
2026-01-01T15:08:10Z,GRID_PASS,100.0,0.0,"B1 logic. V: 0.968, SOC: 100.0%",0
2026-01-01T15:08:15Z,GRID_PASS,100.0,0.0,"B1 logic. V: 0.968, SOC: 100.0%",0
2026-01-01T15:08:20Z,GRID_PASS,100.0,0.0,"B1 logic. V: 0.968, SOC: 100.0%",0
2026-01-01T15:08:25Z,GRID_PASS,100.0,0.0,"B1 logic. V: 0.968, SOC: 100.0%",0
2026-01-01T15:08:30Z,GRID_PASS,100.0,0.0,"B1 logic. V: 0.968, SOC: 100.0%",0
2026-01-01T15:08:35Z,GRID_PASS,100.0,0.0,"B1 logic. V: 0.968, SOC: 100.0%",0
2026-01-01T15:08:40Z,GRID_PASS,100.0,0.0,"B1 logic. V: 0.968, SOC: 100.0%",0
2026-01-01T15:08:45Z,GRID_PASS,100.0,0.0,"B1 logic. V: 0.968, SOC: 100.0%",0
2026-01-01T15:08:50Z,GRID_PASS,100.0,0.0,"B1 logic. V: 0.968, SOC: 100.0%",0
2026-01-01T15:08:55Z,GRID_PASS,100.0,0.0,"B1 logic. V: 0.968, SOC: 100.0%",0
2026-01-01T15:09:00Z,GRID_PASS,100.0,0.0,"B1 logic. V: 0.968, SOC: 100.0%",0
2026-01-01T15:09:05Z,GRID_PASS,100.0,0.0,"B1 logic. V: 0.968, SOC: 100.0%",0
2026-01-01T15:09:10Z,GRID_PASS,100.0,0.0,"B1 logic. V: 0.968, SOC: 100.0%",0
2026-01-01T15:09:15Z,GRID_PASS,100.0,0.0,"B1 logic. V: 0.968, SOC: 100.0%",0
2026-01-01T15:09:20Z,GRID_PASS,100.0,0.0,"B1 logic. V: 0.968, SOC: 100.0%",0
2026-01-01T15:09:25Z,GRID_PASS,100.0,0.0,"B1 logic. V: 0.968, SOC: 100.0%",0
2026-01-01T15:09:30Z,GRID_PASS,100.0,0.0,"B1 logic. V: 0.968, SOC: 100.0%",0
2026-01-01T15:09:35Z,GRID_PASS,100.0,0.0,"B1 logic. V: 0.968, SOC: 100.0%",0
2026-01-01T15:09:40Z,GRID_PASS,100.0,0.0,"B1 logic. V: 0.968, SOC: 100.0%",0
2026-01-01T15:09:45Z,GRID_PASS,100.0,0.0,"B1 logic. V: 0.968, SOC: 100.0%",0
2026-01-01T15:09:50Z,GRID_PASS,100.0,0.0,"B1 logic. V: 0.968, SOC: 100.0%",0
2026-01-01T15:09:55Z,GRID_PASS,100.0,0.0,"B1 logic. V: 0.968, SOC: 100.0%",0
2026-01-01T15:10:00Z,GRID_PASS,100.0,0.0,"B1 logic. V: 0.968, SOC: 100.0%",0
2026-01-01T15:10:05Z,GRID_PASS,100.0,0.0,"B1 logic. V: 0.968, SOC: 100.0%",0
2026-01-01T15:10:10Z,GRID_PASS,100.0,0.0,"B1 logic. V: 0.968, SOC: 100.0%",0
2026-01-01T15:10:15Z,GRID_PASS,100.0,0.0,"B1 logic. V: 0.968, SOC: 100.0%",0
2026-01-01T15:10:20Z,GRID_PASS,100.0,0.0,"B1 logic. V: 0.968, SOC: 100.0%",0
2026-01-01T15:10:25Z,GRID_PASS,100.0,0.0,"B1 logic. V: 0.968, SOC: 100.0%",0
2026-01-01T15:10:30Z,GRID_PASS,100.0,0.0,"B1 logic. V: 0.968, SOC: 100.0%",0
2026-01-01T15:10:35Z,GRID_PASS,100.0,0.0,"B1 logic. V: 0.968, SOC: 100.0%",0
2026-01-01T15:10:40Z,GRID_PASS,100.0,0.0,"B1 logic. V: 0.968, SOC: 100.0%",0
2026-01-01T15:10:45Z,GRID_PASS,100.0,0.0,"B1 logic. V: 0.968, SOC: 100.0%",0
2026-01-01T15:10:50Z,GRID_PASS,100.0,0.0,"B1 logic. V: 0.968, SOC: 100.0%",0
2026-01-01T15:10:55Z,GRID_PASS,100.0,0.0,"B1 logic. V: 0.968, SOC: 100.0%",0
2026-01-01T15:11:00Z,GRID_PASS,100.0,0.0,"B1 logic. V: 0.968, SOC: 100.0%",0
2026-01-01T15:11:05Z,GRID_PASS,100.0,0.0,"B1 logic. V: 0.968, SOC: 100.0%",0
2026-01-01T15:11:10Z,GRID_PASS,100.0,0.0,"B1 logic. V: 0.968, SOC: 100.0%",0
2026-01-01T15:11:15Z,GRID_PASS,100.0,0.0,"B1 logic. V: 0.968, SOC: 100.0%",0
2026-01-01T15:11:20Z,GRID_PASS,100.0,0.0,"B1 logic. V: 0.968, SOC: 100.0%",0
2026-01-01T15:11:25Z,GRID_PASS,100.0,0.0,"B1 logic. V: 0.968, SOC: 100.0%",0
2026-01-01T15:11:30Z,GRID_PASS,100.0,0.0,"B1 logic. V: 0.968, SOC: 100.0%",0
2026-01-01T15:11:35Z,GRID_PASS,100.0,0.0,"B1 logic. V: 0.968, SOC: 100.0%",0
2026-01-01T15:11:40Z,GRID_PASS,100.0,0.0,"B1 logic. V: 0.968, SOC: 100.0%",0
2026-01-01T15:11:45Z,GRID_PASS,100.0,0.0,"B1 logic. V: 0.968, SOC: 100.0%",0
2026-01-01T15:11:50Z,GRID_PASS,100.0,0.0,"B1 logic. V: 0.968, SOC: 100.0%",0
2026-01-01T15:11:55Z,GRID_PASS,100.0,0.0,"B1 logic. V: 0.968, SOC: 100.0%",0
2026-01-01T15:12:00Z,GRID_PASS,100.0,0.0,"B1 logic. V: 0.968, SOC: 100.0%",0
2026-01-01T15:12:05Z,GRID_PASS,100.0,0.0,"B1 logic. V: 0.968, SOC: 100.0%",0
2026-01-01T15:12:10Z,GRID_PASS,100.0,0.0,"B1 logic. V: 0.968, SOC: 100.0%",0
2026-01-01T15:12:15Z,GRID_PASS,100.0,0.0,"B1 logic. V: 0.968, SOC: 100.0%",0
2026-01-01T15:12:20Z,GRID_PASS,100.0,0.0,"B1 logic. V: 0.968, SOC: 100.0%",0
2026-01-01T15:12:25Z,GRID_PASS,100.0,0.0,"B1 logic. V: 0.968, SOC: 100.0%",0
2026-01-01T15:12:30Z,GRID_PASS,100.0,0.0,"B1 logic. V: 0.968, SOC: 100.0%",0
2026-01-01T15:12:35Z,GRID_PASS,100.0,0.0,"B1 logic. V: 0.968, SOC: 100.0%",0
2026-01-01T15:12:40Z,GRID_PASS,100.0,0.0,"B1 logic. V: 0.968, SOC: 100.0%",0
2026-01-01T15:12:45Z,GRID_PASS,100.0,0.0,"B1 logic. V: 0.968, SOC: 100.0%",0
2026-01-01T15:12:50Z,GRID_PASS,100.0,0.0,"B1 logic. V: 0.968, SOC: 100.0%",0
2026-01-01T15:12:55Z,GRID_PASS,100.0,0.0,"B1 logic. V: 0.968, SOC: 100.0%",0
2026-01-01T15:13:00Z,GRID_PASS,100.0,0.0,"B1 logic. V: 0.968, SOC: 100.0%",0
2026-01-01T15:13:05Z,GRID_PASS,100.0,0.0,"B1 logic. V: 0.968, SOC: 100.0%",0
2026-01-01T15:13:10Z,GRID_PASS,100.0,0.0,"B1 logic. V: 0.968, SOC: 100.0%",0
2026-01-01T15:13:15Z,GRID_PASS,100.0,0.0,"B1 logic. V: 0.968, SOC: 100.0%",0
2026-01-01T15:13:20Z,GRID_PASS,100.0,0.0,"B1 logic. V: 0.968, SOC: 100.0%",0
2026-01-01T15:13:25Z,GRID_PASS,100.0,0.0,"B1 logic. V: 0.968, SOC: 100.0%",0
2026-01-01T15:13:30Z,GRID_PASS,100.0,0.0,"B1 logic. V: 0.968, SOC: 100.0%",0
2026-01-01T15:13:35Z,GRID_PASS,100.0,0.0,"B1 logic. V: 0.968, SOC: 100.0%",0
2026-01-01T15:13:40Z,GRID_PASS,100.0,0.0,"B1 logic. V: 0.968, SOC: 100.0%",0
2026-01-01T15:13:45Z,GRID_PASS,100.0,0.0,"B1 logic. V: 0.968, SOC: 100.0%",0
2026-01-01T15:13:50Z,GRID_PASS,100.0,0.0,"B1 logic. V: 0.968, SOC: 100.0%",0
2026-01-01T15:13:55Z,GRID_PASS,100.0,0.0,"B1 logic. V: 0.968, SOC: 100.0%",0
2026-01-01T15:14:00Z,GRID_PASS,100.0,0.0,"B1 logic. V: 0.968, SOC: 100.0%",0
2026-01-01T15:14:05Z,GRID_PASS,100.0,0.0,"B1 logic. V: 0.968, SOC: 100.0%",0
2026-01-01T15:14:10Z,GRID_PASS,100.0,0.0,"B1 logic. V: 0.968, SOC: 100.0%",0
2026-01-01T15:14:15Z,GRID_PASS,100.0,0.0,"B1 logic. V: 0.968, SOC: 100.0%",0
2026-01-01T15:14:20Z,GRID_PASS,100.0,0.0,"B1 logic. V: 0.968, SOC: 100.0%",0
2026-01-01T15:14:25Z,GRID_PASS,100.0,0.0,"B1 logic. V: 0.968, SOC: 100.0%",0
2026-01-01T15:14:30Z,GRID_PASS,100.0,0.0,"B1 logic. V: 0.968, SOC: 100.0%",0
2026-01-01T15:14:35Z,GRID_PASS,100.0,0.0,"B1 logic. V: 0.968, SOC: 100.0%",0
2026-01-01T15:14:40Z,GRID_PASS,100.0,0.0,"B1 logic. V: 0.968, SOC: 100.0%",0
2026-01-01T15:14:45Z,GRID_PASS,100.0,0.0,"B1 logic. V: 0.968, SOC: 100.0%",0
2026-01-01T15:14:50Z,GRID_PASS,100.0,0.0,"B1 logic. V: 0.968, SOC: 100.0%",0
2026-01-01T15:14:55Z,GRID_PASS,100.0,0.0,"B1 logic. V: 0.968, SOC: 100.0%",0
2026-01-01T15:15:00Z,GRID_PASS,100.0,0.0,"B1 logic. V: 0.968, SOC: 100.0%",0
2026-01-01T15:15:05Z,GRID_PASS,100.0,0.0,"B1 logic. V: 0.968, SOC: 100.0%",0
2026-01-01T15:15:10Z,GRID_PASS,100.0,0.0,"B1 logic. V: 0.968, SOC: 100.0%",0
2026-01-01T15:15:15Z,GRID_PASS,100.0,0.0,"B1 logic. V: 0.968, SOC: 100.0%",0
2026-01-01T15:15:20Z,GRID_PASS,100.0,0.0,"B1 logic. V: 0.968, SOC: 100.0%",0
2026-01-01T15:15:25Z,GRID_PASS,100.0,0.0,"B1 logic. V: 0.968, SOC: 100.0%",0
2026-01-01T15:15:30Z,GRID_PASS,100.0,0.0,"B1 logic. V: 0.968, SOC: 100.0%",0
2026-01-01T15:15:35Z,GRID_PASS,100.0,0.0,"B1 logic. V: 0.968, SOC: 100.0%",0
2026-01-01T15:15:40Z,GRID_PASS,100.0,0.0,"B1 logic. V: 0.968, SOC: 100.0%",0
2026-01-01T15:15:45Z,GRID_PASS,100.0,0.0,"B1 logic. V: 0.968, SOC: 100.0%",0
2026-01-01T15:15:50Z,GRID_PASS,100.0,0.0,"B1 logic. V: 0.968, SOC: 100.0%",0
2026-01-01T15:15:55Z,GRID_PASS,100.0,0.0,"B1 logic. V: 0.968, SOC: 100.0%",0
2026-01-01T15:16:00Z,GRID_PASS,100.0,0.0,"B1 logic. V: 0.968, SOC: 100.0%",0
2026-01-01T15:16:05Z,GRID_PASS,100.0,0.0,"B1 logic. V: 0.968, SOC: 100.0%",0
2026-01-01T15:16:10Z,GRID_PASS,100.0,0.0,"B1 logic. V: 0.968, SOC: 100.0%",0
2026-01-01T15:16:15Z,GRID_PASS,100.0,0.0,"B1 logic. V: 0.968, SOC: 100.0%",0
2026-01-01T15:16:20Z,GRID_PASS,100.0,0.0,"B1 logic. V: 0.968, SOC: 100.0%",0
2026-01-01T15:16:25Z,GRID_PASS,100.0,0.0,"B1 logic. V: 0.968, SOC: 100.0%",0
2026-01-01T15:16:30Z,GRID_PASS,100.0,0.0,"B1 logic. V: 0.968, SOC: 100.0%",0
2026-01-01T15:16:35Z,GRID_PASS,100.0,0.0,"B1 logic. V: 0.968, SOC: 100.0%",0
2026-01-01T15:16:40Z,GRID_PASS,100.0,0.0,"B1 logic. V: 0.968, SOC: 100.0%",0
2026-01-01T15:16:45Z,GRID_PASS,100.0,0.0,"B1 logic. V: 0.968, SOC: 100.0%",0
2026-01-01T15:16:50Z,GRID_PASS,100.0,0.0,"B1 logic. V: 0.968, SOC: 100.0%",0
2026-01-01T15:16:55Z,GRID_PASS,100.0,0.0,"B1 logic. V: 0.968, SOC: 100.0%",0
2026-01-01T15:17:00Z,GRID_PASS,100.0,0.0,"B1 logic. V: 0.968, SOC: 100.0%",0
2026-01-01T15:17:05Z,GRID_PASS,100.0,0.0,"B1 logic. V: 0.968, SOC: 100.0%",0
2026-01-01T15:17:10Z,GRID_PASS,100.0,0.0,"B1 logic. V: 0.968, SOC: 100.0%",0
2026-01-01T15:17:15Z,GRID_PASS,100.0,0.0,"B1 logic. V: 0.968, SOC: 100.0%",0
2026-01-01T15:17:20Z,GRID_PASS,100.0,0.0,"B1 logic. V: 0.968, SOC: 100.0%",0
2026-01-01T15:17:25Z,GRID_PASS,100.0,0.0,"B1 logic. V: 0.968, SOC: 100.0%",0
2026-01-01T15:17:30Z,GRID_PASS,100.0,0.0,"B1 logic. V: 0.968, SOC: 100.0%",0
2026-01-01T15:17:35Z,GRID_PASS,100.0,0.0,"B1 logic. V: 0.968, SOC: 100.0%",0
2026-01-01T15:17:40Z,GRID_PASS,100.0,0.0,"B1 logic. V: 0.968, SOC: 100.0%",0
2026-01-01T15:17:45Z,GRID_PASS,100.0,0.0,"B1 logic. V: 0.968, SOC: 100.0%",0
2026-01-01T15:17:50Z,GRID_PASS,100.0,0.0,"B1 logic. V: 0.968, SOC: 100.0%",0
2026-01-01T15:17:55Z,GRID_PASS,100.0,0.0,"B1 logic. V: 0.968, SOC: 100.0%",0
2026-01-01T15:18:00Z,GRID_PASS,100.0,0.0,"B1 logic. V: 0.968, SOC: 100.0%",0
2026-01-01T15:18:05Z,GRID_PASS,100.0,0.0,"B1 logic. V: 0.968, SOC: 100.0%",0
2026-01-01T15:18:10Z,GRID_PASS,100.0,0.0,"B1 logic. V: 0.968, SOC: 100.0%",0
2026-01-01T15:18:15Z,GRID_PASS,100.0,0.0,"B1 logic. V: 0.968, SOC: 100.0%",0
2026-01-01T15:18:20Z,GRID_PASS,100.0,0.0,"B1 logic. V: 0.968, SOC: 100.0%",0
2026-01-01T15:18:25Z,GRID_PASS,100.0,0.0,"B1 logic. V: 0.968, SOC: 100.0%",0
2026-01-01T15:18:30Z,GRID_PASS,100.0,0.0,"B1 logic. V: 0.968, SOC: 100.0%",0
2026-01-01T15:18:35Z,GRID_PASS,100.0,0.0,"B1 logic. V: 0.968, SOC: 100.0%",0
2026-01-01T15:18:40Z,GRID_PASS,100.0,0.0,"B1 logic. V: 0.968, SOC: 100.0%",0
2026-01-01T15:18:45Z,GRID_PASS,100.0,0.0,"B1 logic. V: 0.968, SOC: 100.0%",0
2026-01-01T15:18:50Z,GRID_PASS,100.0,0.0,"B1 logic. V: 0.968, SOC: 100.0%",0
2026-01-01T15:18:55Z,GRID_PASS,100.0,0.0,"B1 logic. V: 0.968, SOC: 100.0%",0
2026-01-01T15:19:00Z,GRID_PASS,100.0,0.0,"B1 logic. V: 0.968, SOC: 100.0%",0
2026-01-01T15:19:05Z,GRID_PASS,100.0,0.0,"B1 logic. V: 0.968, SOC: 100.0%",0
2026-01-01T15:19:10Z,GRID_PASS,100.0,0.0,"B1 logic. V: 0.968, SOC: 100.0%",0
2026-01-01T15:19:15Z,GRID_PASS,100.0,0.0,"B1 logic. V: 0.968, SOC: 100.0%",0
2026-01-01T15:19:20Z,GRID_PASS,100.0,0.0,"B1 logic. V: 0.968, SOC: 100.0%",0
2026-01-01T15:19:25Z,GRID_PASS,100.0,0.0,"B1 logic. V: 0.968, SOC: 100.0%",0
2026-01-01T15:19:30Z,GRID_PASS,100.0,0.0,"B1 logic. V: 0.968, SOC: 100.0%",0
2026-01-01T15:19:35Z,GRID_PASS,100.0,0.0,"B1 logic. V: 0.968, SOC: 100.0%",0
2026-01-01T15:19:40Z,GRID_PASS,100.0,0.0,"B1 logic. V: 0.968, SOC: 100.0%",0
2026-01-01T15:19:45Z,GRID_PASS,100.0,0.0,"B1 logic. V: 0.968, SOC: 100.0%",0
2026-01-01T15:19:50Z,GRID_PASS,100.0,0.0,"B1 logic. V: 0.968, SOC: 100.0%",0
2026-01-01T15:19:55Z,GRID_PASS,100.0,0.0,"B1 logic. V: 0.968, SOC: 100.0%",0
2026-01-01T15:20:00Z,GRID_PASS,100.0,0.0,"B1 logic. V: 0.968, SOC: 100.0%",0
2026-01-01T15:20:05Z,GRID_PASS,100.0,0.0,"B1 logic. V: 0.968, SOC: 100.0%",0
2026-01-01T15:20:10Z,GRID_PASS,100.0,0.0,"B1 logic. V: 0.968, SOC: 100.0%",0
2026-01-01T15:20:15Z,GRID_PASS,100.0,0.0,"B1 logic. V: 0.968, SOC: 100.0%",0
2026-01-01T15:20:20Z,GRID_PASS,100.0,0.0,"B1 logic. V: 0.968, SOC: 100.0%",0
2026-01-01T15:20:25Z,GRID_PASS,100.0,0.0,"B1 logic. V: 0.968, SOC: 100.0%",0
2026-01-01T15:20:30Z,GRID_PASS,100.0,0.0,"B1 logic. V: 0.968, SOC: 100.0%",0
2026-01-01T15:20:35Z,GRID_PASS,100.0,0.0,"B1 logic. V: 0.968, SOC: 100.0%",0
2026-01-01T15:20:40Z,GRID_PASS,100.0,0.0,"B1 logic. V: 0.968, SOC: 100.0%",0
2026-01-01T15:20:45Z,GRID_PASS,100.0,0.0,"B1 logic. V: 0.968, SOC: 100.0%",0
2026-01-01T15:20:50Z,GRID_PASS,100.0,0.0,"B1 logic. V: 0.968, SOC: 100.0%",0
2026-01-01T15:20:55Z,GRID_PASS,100.0,0.0,"B1 logic. V: 0.968, SOC: 100.0%",0
2026-01-01T15:21:00Z,GRID_PASS,100.0,0.0,"B1 logic. V: 0.968, SOC: 100.0%",0
2026-01-01T15:21:05Z,GRID_PASS,100.0,0.0,"B1 logic. V: 0.968, SOC: 100.0%",0
2026-01-01T15:21:10Z,GRID_PASS,100.0,0.0,"B1 logic. V: 0.968, SOC: 100.0%",0
2026-01-01T15:21:15Z,GRID_PASS,100.0,0.0,"B1 logic. V: 0.968, SOC: 100.0%",0
2026-01-01T15:21:20Z,GRID_PASS,100.0,0.0,"B1 logic. V: 0.968, SOC: 100.0%",0
2026-01-01T15:21:25Z,GRID_PASS,100.0,0.0,"B1 logic. V: 0.968, SOC: 100.0%",0
2026-01-01T15:21:30Z,GRID_PASS,100.0,0.0,"B1 logic. V: 0.968, SOC: 100.0%",0
2026-01-01T15:21:35Z,GRID_PASS,100.0,0.0,"B1 logic. V: 0.968, SOC: 100.0%",0
2026-01-01T15:21:40Z,GRID_PASS,100.0,0.0,"B1 logic. V: 0.968, SOC: 100.0%",0
2026-01-01T15:21:45Z,GRID_PASS,100.0,0.0,"B1 logic. V: 0.968, SOC: 100.0%",0
2026-01-01T15:21:50Z,GRID_PASS,100.0,0.0,"B1 logic. V: 0.968, SOC: 100.0%",0
2026-01-01T15:21:55Z,GRID_PASS,100.0,0.0,"B1 logic. V: 0.968, SOC: 100.0%",0
2026-01-01T15:22:00Z,GRID_PASS,100.0,0.0,"B1 logic. V: 0.968, SOC: 100.0%",0
2026-01-01T15:22:05Z,GRID_PASS,100.0,0.0,"B1 logic. V: 0.968, SOC: 100.0%",0
2026-01-01T15:22:10Z,GRID_PASS,100.0,0.0,"B1 logic. V: 0.968, SOC: 100.0%",0
2026-01-01T15:22:15Z,GRID_PASS,100.0,0.0,"B1 logic. V: 0.968, SOC: 100.0%",0
2026-01-01T15:22:20Z,GRID_PASS,100.0,0.0,"B1 logic. V: 0.968, SOC: 100.0%",0
2026-01-01T15:22:25Z,GRID_PASS,100.0,0.0,"B1 logic. V: 0.968, SOC: 100.0%",0
2026-01-01T15:22:30Z,GRID_PASS,100.0,0.0,"B1 logic. V: 0.968, SOC: 100.0%",0
2026-01-01T15:22:35Z,GRID_PASS,100.0,0.0,"B1 logic. V: 0.968, SOC: 100.0%",0
2026-01-01T15:22:40Z,GRID_PASS,100.0,0.0,"B1 logic. V: 0.968, SOC: 100.0%",0
2026-01-01T15:22:45Z,GRID_PASS,100.0,0.0,"B1 logic. V: 0.968, SOC: 100.0%",0
2026-01-01T15:22:50Z,GRID_PASS,100.0,0.0,"B1 logic. V: 0.968, SOC: 100.0%",0
2026-01-01T15:22:55Z,GRID_PASS,100.0,0.0,"B1 logic. V: 0.968, SOC: 100.0%",0
2026-01-01T15:23:00Z,GRID_PASS,100.0,0.0,"B1 logic. V: 0.968, SOC: 100.0%",0
2026-01-01T15:23:05Z,GRID_PASS,100.0,0.0,"B1 logic. V: 0.968, SOC: 100.0%",0
2026-01-01T15:23:10Z,GRID_PASS,100.0,0.0,"B1 logic. V: 0.968, SOC: 100.0%",0
2026-01-01T15:23:15Z,GRID_PASS,100.0,0.0,"B1 logic. V: 0.968, SOC: 100.0%",0
2026-01-01T15:23:20Z,GRID_PASS,100.0,0.0,"B1 logic. V: 0.968, SOC: 100.0%",0
2026-01-01T15:23:25Z,GRID_PASS,100.0,0.0,"B1 logic. V: 0.968, SOC: 100.0%",0
2026-01-01T15:23:30Z,GRID_PASS,100.0,0.0,"B1 logic. V: 0.968, SOC: 100.0%",0
2026-01-01T15:23:35Z,GRID_PASS,100.0,0.0,"B1 logic. V: 0.968, SOC: 100.0%",0
2026-01-01T15:23:40Z,GRID_PASS,100.0,0.0,"B1 logic. V: 0.968, SOC: 100.0%",0
2026-01-01T15:23:45Z,GRID_PASS,100.0,0.0,"B1 logic. V: 0.968, SOC: 100.0%",0
2026-01-01T15:23:50Z,GRID_PASS,100.0,0.0,"B1 logic. V: 0.968, SOC: 100.0%",0
2026-01-01T15:23:55Z,GRID_PASS,100.0,0.0,"B1 logic. V: 0.968, SOC: 100.0%",0
2026-01-01T15:24:00Z,GRID_PASS,100.0,0.0,"B1 logic. V: 0.968, SOC: 100.0%",0
2026-01-01T15:24:05Z,GRID_PASS,100.0,0.0,"B1 logic. V: 0.968, SOC: 100.0%",0
2026-01-01T15:24:10Z,GRID_PASS,100.0,0.0,"B1 logic. V: 0.968, SOC: 100.0%",0
2026-01-01T15:24:15Z,GRID_PASS,100.0,0.0,"B1 logic. V: 0.968, SOC: 100.0%",0
2026-01-01T15:24:20Z,GRID_PASS,100.0,0.0,"B1 logic. V: 0.968, SOC: 100.0%",0
2026-01-01T15:24:25Z,GRID_PASS,100.0,0.0,"B1 logic. V: 0.968, SOC: 100.0%",0
2026-01-01T15:24:30Z,GRID_PASS,100.0,0.0,"B1 logic. V: 0.968, SOC: 100.0%",0
2026-01-01T15:24:35Z,GRID_PASS,100.0,0.0,"B1 logic. V: 0.968, SOC: 100.0%",0
2026-01-01T15:24:40Z,GRID_PASS,100.0,0.0,"B1 logic. V: 0.968, SOC: 100.0%",0
2026-01-01T15:24:45Z,GRID_PASS,100.0,0.0,"B1 logic. V: 0.968, SOC: 100.0%",0
2026-01-01T15:24:50Z,GRID_PASS,100.0,0.0,"B1 logic. V: 0.968, SOC: 100.0%",0
2026-01-01T15:24:55Z,GRID_PASS,100.0,0.0,"B1 logic. V: 0.968, SOC: 100.0%",0
2026-01-01T15:25:00Z,GRID_PASS,100.0,0.0,"B1 logic. V: 0.968, SOC: 100.0%",0
2026-01-01T15:25:05Z,GRID_PASS,100.0,0.0,"B1 logic. V: 0.967, SOC: 100.0%",0
2026-01-01T15:25:10Z,GRID_PASS,100.0,0.0,"B1 logic. V: 0.967, SOC: 100.0%",0
2026-01-01T15:25:15Z,GRID_PASS,100.0,0.0,"B1 logic. V: 0.967, SOC: 100.0%",0
2026-01-01T15:25:20Z,GRID_PASS,100.0,0.0,"B1 logic. V: 0.967, SOC: 100.0%",0
2026-01-01T15:25:25Z,GRID_PASS,100.0,0.0,"B1 logic. V: 0.967, SOC: 100.0%",0
2026-01-01T15:25:30Z,GRID_PASS,100.0,0.0,"B1 logic. V: 0.967, SOC: 100.0%",0
2026-01-01T15:25:35Z,GRID_PASS,100.0,0.0,"B1 logic. V: 0.967, SOC: 100.0%",0
2026-01-01T15:25:40Z,GRID_PASS,100.0,0.0,"B1 logic. V: 0.967, SOC: 100.0%",0
2026-01-01T15:25:45Z,GRID_PASS,100.0,0.0,"B1 logic. V: 0.967, SOC: 100.0%",0
2026-01-01T15:25:50Z,GRID_PASS,100.0,0.0,"B1 logic. V: 0.967, SOC: 100.0%",0
2026-01-01T15:25:55Z,GRID_PASS,100.0,0.0,"B1 logic. V: 0.967, SOC: 100.0%",0
2026-01-01T15:26:00Z,GRID_PASS,100.0,0.0,"B1 logic. V: 0.967, SOC: 100.0%",0
2026-01-01T15:26:05Z,GRID_PASS,100.0,0.0,"B1 logic. V: 0.967, SOC: 100.0%",0
2026-01-01T15:26:10Z,GRID_PASS,100.0,0.0,"B1 logic. V: 0.967, SOC: 100.0%",0
2026-01-01T15:26:15Z,GRID_PASS,100.0,0.0,"B1 logic. V: 0.967, SOC: 100.0%",0
2026-01-01T15:26:20Z,GRID_PASS,100.0,0.0,"B1 logic. V: 0.967, SOC: 100.0%",0
2026-01-01T15:26:25Z,GRID_PASS,100.0,0.0,"B1 logic. V: 0.967, SOC: 100.0%",0
2026-01-01T15:26:30Z,GRID_PASS,100.0,0.0,"B1 logic. V: 0.967, SOC: 100.0%",0
2026-01-01T15:26:35Z,GRID_PASS,100.0,0.0,"B1 logic. V: 0.967, SOC: 100.0%",0
2026-01-01T15:26:40Z,GRID_PASS,100.0,0.0,"B1 logic. V: 0.967, SOC: 100.0%",0
2026-01-01T15:26:45Z,GRID_PASS,100.0,0.0,"B1 logic. V: 0.967, SOC: 100.0%",0
2026-01-01T15:26:50Z,GRID_PASS,100.0,0.0,"B1 logic. V: 0.967, SOC: 100.0%",0
2026-01-01T15:26:55Z,GRID_PASS,100.0,0.0,"B1 logic. V: 0.967, SOC: 100.0%",0
2026-01-01T15:27:00Z,GRID_PASS,100.0,0.0,"B1 logic. V: 0.967, SOC: 100.0%",0
2026-01-01T15:27:05Z,GRID_PASS,100.0,0.0,"B1 logic. V: 0.967, SOC: 100.0%",0
2026-01-01T15:27:10Z,GRID_PASS,100.0,0.0,"B1 logic. V: 0.967, SOC: 100.0%",0
2026-01-01T15:27:15Z,GRID_PASS,100.0,0.0,"B1 logic. V: 0.967, SOC: 100.0%",0
2026-01-01T15:27:20Z,GRID_PASS,100.0,0.0,"B1 logic. V: 0.967, SOC: 100.0%",0
2026-01-01T15:27:25Z,GRID_PASS,100.0,0.0,"B1 logic. V: 0.967, SOC: 100.0%",0
2026-01-01T15:27:30Z,GRID_PASS,100.0,0.0,"B1 logic. V: 0.967, SOC: 100.0%",0
2026-01-01T15:27:35Z,GRID_PASS,100.0,0.0,"B1 logic. V: 0.967, SOC: 100.0%",0
2026-01-01T15:27:40Z,GRID_PASS,100.0,0.0,"B1 logic. V: 0.967, SOC: 100.0%",0
2026-01-01T15:27:45Z,GRID_PASS,100.0,0.0,"B1 logic. V: 0.967, SOC: 100.0%",0
2026-01-01T15:27:50Z,GRID_PASS,100.0,0.0,"B1 logic. V: 0.967, SOC: 100.0%",0
2026-01-01T15:27:55Z,GRID_PASS,100.0,0.0,"B1 logic. V: 0.967, SOC: 100.0%",0
2026-01-01T15:28:00Z,GRID_PASS,100.0,0.0,"B1 logic. V: 0.967, SOC: 100.0%",0
2026-01-01T15:28:05Z,GRID_PASS,100.0,0.0,"B1 logic. V: 0.967, SOC: 100.0%",0
2026-01-01T15:28:10Z,GRID_PASS,100.0,0.0,"B1 logic. V: 0.967, SOC: 100.0%",0
2026-01-01T15:28:15Z,GRID_PASS,100.0,0.0,"B1 logic. V: 0.967, SOC: 100.0%",0
2026-01-01T15:28:20Z,GRID_PASS,100.0,0.0,"B1 logic. V: 0.967, SOC: 100.0%",0
2026-01-01T15:28:25Z,GRID_PASS,100.0,0.0,"B1 logic. V: 0.967, SOC: 100.0%",0
2026-01-01T15:28:30Z,GRID_PASS,100.0,0.0,"B1 logic. V: 0.967, SOC: 100.0%",0
2026-01-01T15:28:35Z,GRID_PASS,100.0,0.0,"B1 logic. V: 0.967, SOC: 100.0%",0
2026-01-01T15:28:40Z,GRID_PASS,100.0,0.0,"B1 logic. V: 0.967, SOC: 100.0%",0
2026-01-01T15:28:45Z,GRID_PASS,100.0,0.0,"B1 logic. V: 0.967, SOC: 100.0%",0
2026-01-01T15:28:50Z,GRID_PASS,100.0,0.0,"B1 logic. V: 0.967, SOC: 100.0%",0
2026-01-01T15:28:55Z,GRID_PASS,100.0,0.0,"B1 logic. V: 0.967, SOC: 100.0%",0
2026-01-01T15:29:00Z,GRID_PASS,100.0,0.0,"B1 logic. V: 0.967, SOC: 100.0%",0
2026-01-01T15:29:05Z,GRID_PASS,100.0,0.0,"B1 logic. V: 0.967, SOC: 100.0%",0
2026-01-01T15:29:10Z,GRID_PASS,100.0,0.0,"B1 logic. V: 0.967, SOC: 100.0%",0
2026-01-01T15:29:15Z,GRID_PASS,100.0,0.0,"B1 logic. V: 0.967, SOC: 100.0%",0
2026-01-01T15:29:20Z,GRID_PASS,100.0,0.0,"B1 logic. V: 0.967, SOC: 100.0%",0
2026-01-01T15:29:25Z,GRID_PASS,100.0,0.0,"B1 logic. V: 0.967, SOC: 100.0%",0
2026-01-01T15:29:30Z,GRID_PASS,100.0,0.0,"B1 logic. V: 0.967, SOC: 100.0%",0
2026-01-01T15:29:35Z,GRID_PASS,100.0,0.0,"B1 logic. V: 0.967, SOC: 100.0%",0
2026-01-01T15:29:40Z,GRID_PASS,100.0,0.0,"B1 logic. V: 0.967, SOC: 100.0%",0
2026-01-01T15:29:45Z,GRID_PASS,100.0,0.0,"B1 logic. V: 0.967, SOC: 100.0%",0
2026-01-01T15:29:50Z,GRID_PASS,100.0,0.0,"B1 logic. V: 0.967, SOC: 100.0%",0
2026-01-01T15:29:55Z,GRID_PASS,100.0,0.0,"B1 logic. V: 0.967, SOC: 100.0%",0
2026-01-01T15:30:00Z,GRID_PASS,100.0,0.0,"B1 logic. V: 0.967, SOC: 100.0%",0
2026-01-01T15:30:05Z,GRID_PASS,100.0,0.0,"B1 logic. V: 0.967, SOC: 100.0%",0
2026-01-01T15:30:10Z,GRID_PASS,100.0,0.0,"B1 logic. V: 0.967, SOC: 100.0%",0
2026-01-01T15:30:15Z,GRID_PASS,100.0,0.0,"B1 logic. V: 0.967, SOC: 100.0%",0
2026-01-01T15:30:20Z,GRID_PASS,100.0,0.0,"B1 logic. V: 0.967, SOC: 100.0%",0
2026-01-01T15:30:25Z,GRID_PASS,100.0,0.0,"B1 logic. V: 0.967, SOC: 100.0%",0
2026-01-01T15:30:30Z,GRID_PASS,100.0,0.0,"B1 logic. V: 0.967, SOC: 100.0%",0
2026-01-01T15:30:35Z,GRID_PASS,100.0,0.0,"B1 logic. V: 0.967, SOC: 100.0%",0
2026-01-01T15:30:40Z,GRID_PASS,100.0,0.0,"B1 logic. V: 0.967, SOC: 100.0%",0
2026-01-01T15:30:45Z,GRID_PASS,100.0,0.0,"B1 logic. V: 0.967, SOC: 100.0%",0
2026-01-01T15:30:50Z,GRID_PASS,100.0,0.0,"B1 logic. V: 0.967, SOC: 100.0%",0
2026-01-01T15:30:55Z,GRID_PASS,100.0,0.0,"B1 logic. V: 0.967, SOC: 100.0%",0
2026-01-01T15:31:00Z,GRID_PASS,100.0,0.0,"B1 logic. V: 0.967, SOC: 100.0%",0
2026-01-01T15:31:05Z,GRID_PASS,100.0,0.0,"B1 logic. V: 0.967, SOC: 100.0%",0
2026-01-01T15:31:10Z,GRID_PASS,100.0,0.0,"B1 logic. V: 0.967, SOC: 100.0%",0
2026-01-01T15:31:15Z,GRID_PASS,100.0,0.0,"B1 logic. V: 0.967, SOC: 100.0%",0
2026-01-01T15:31:20Z,GRID_PASS,100.0,0.0,"B1 logic. V: 0.967, SOC: 100.0%",0
2026-01-01T15:31:25Z,GRID_PASS,100.0,0.0,"B1 logic. V: 0.967, SOC: 100.0%",0
2026-01-01T15:31:30Z,GRID_PASS,100.0,0.0,"B1 logic. V: 0.967, SOC: 100.0%",0
2026-01-01T15:31:35Z,GRID_PASS,100.0,0.0,"B1 logic. V: 0.967, SOC: 100.0%",0
2026-01-01T15:31:40Z,GRID_PASS,100.0,0.0,"B1 logic. V: 0.967, SOC: 100.0%",0
2026-01-01T15:31:45Z,GRID_PASS,100.0,0.0,"B1 logic. V: 0.967, SOC: 100.0%",0
2026-01-01T15:31:50Z,GRID_PASS,100.0,0.0,"B1 logic. V: 0.967, SOC: 100.0%",0
2026-01-01T15:31:55Z,GRID_PASS,100.0,0.0,"B1 logic. V: 0.967, SOC: 100.0%",0
2026-01-01T15:32:00Z,GRID_PASS,100.0,0.0,"B1 logic. V: 0.967, SOC: 100.0%",0
2026-01-01T15:32:05Z,GRID_PASS,100.0,0.0,"B1 logic. V: 0.967, SOC: 100.0%",0
2026-01-01T15:32:10Z,GRID_PASS,100.0,0.0,"B1 logic. V: 0.967, SOC: 100.0%",0
2026-01-01T15:32:15Z,GRID_PASS,100.0,0.0,"B1 logic. V: 0.967, SOC: 100.0%",0
2026-01-01T15:32:20Z,GRID_PASS,100.0,0.0,"B1 logic. V: 0.967, SOC: 100.0%",0
2026-01-01T15:32:25Z,GRID_PASS,100.0,0.0,"B1 logic. V: 0.967, SOC: 100.0%",0
2026-01-01T15:32:30Z,GRID_PASS,100.0,0.0,"B1 logic. V: 0.967, SOC: 100.0%",0
2026-01-01T15:32:35Z,GRID_PASS,100.0,0.0,"B1 logic. V: 0.967, SOC: 100.0%",0
2026-01-01T15:32:40Z,GRID_PASS,100.0,0.0,"B1 logic. V: 0.967, SOC: 100.0%",0
2026-01-01T15:32:45Z,GRID_PASS,100.0,0.0,"B1 logic. V: 0.967, SOC: 100.0%",0
2026-01-01T15:32:50Z,GRID_PASS,100.0,0.0,"B1 logic. V: 0.967, SOC: 100.0%",0
2026-01-01T15:32:55Z,GRID_PASS,100.0,0.0,"B1 logic. V: 0.967, SOC: 100.0%",0
2026-01-01T15:33:00Z,GRID_PASS,100.0,0.0,"B1 logic. V: 0.967, SOC: 100.0%",0
2026-01-01T15:33:05Z,GRID_PASS,100.0,0.0,"B1 logic. V: 0.967, SOC: 100.0%",0
2026-01-01T15:33:10Z,GRID_PASS,100.0,0.0,"B1 logic. V: 0.967, SOC: 100.0%",0
2026-01-01T15:33:15Z,GRID_PASS,100.0,0.0,"B1 logic. V: 0.967, SOC: 100.0%",0
2026-01-01T15:33:20Z,GRID_PASS,100.0,0.0,"B1 logic. V: 0.967, SOC: 100.0%",0
2026-01-01T15:33:25Z,GRID_PASS,100.0,0.0,"B1 logic. V: 0.967, SOC: 100.0%",0
2026-01-01T15:33:30Z,GRID_PASS,100.0,0.0,"B1 logic. V: 0.967, SOC: 100.0%",0
2026-01-01T15:33:35Z,GRID_PASS,100.0,0.0,"B1 logic. V: 0.967, SOC: 100.0%",0
2026-01-01T15:33:40Z,GRID_PASS,100.0,0.0,"B1 logic. V: 0.967, SOC: 100.0%",0
2026-01-01T15:33:45Z,GRID_PASS,100.0,0.0,"B1 logic. V: 0.967, SOC: 100.0%",0
2026-01-01T15:33:50Z,GRID_PASS,100.0,0.0,"B1 logic. V: 0.967, SOC: 100.0%",0
2026-01-01T15:33:55Z,GRID_PASS,100.0,0.0,"B1 logic. V: 0.967, SOC: 100.0%",0
2026-01-01T15:34:00Z,GRID_PASS,100.0,0.0,"B1 logic. V: 0.967, SOC: 100.0%",0
2026-01-01T15:34:05Z,GRID_PASS,100.0,0.0,"B1 logic. V: 0.967, SOC: 100.0%",0
2026-01-01T15:34:10Z,GRID_PASS,100.0,0.0,"B1 logic. V: 0.967, SOC: 100.0%",0
2026-01-01T15:34:15Z,GRID_PASS,100.0,0.0,"B1 logic. V: 0.967, SOC: 100.0%",0
2026-01-01T15:34:20Z,GRID_PASS,100.0,0.0,"B1 logic. V: 0.967, SOC: 100.0%",0
2026-01-01T15:34:25Z,GRID_PASS,100.0,0.0,"B1 logic. V: 0.967, SOC: 100.0%",0
2026-01-01T15:34:30Z,GRID_PASS,100.0,0.0,"B1 logic. V: 0.967, SOC: 100.0%",0
2026-01-01T15:34:35Z,GRID_PASS,100.0,0.0,"B1 logic. V: 0.967, SOC: 100.0%",0
2026-01-01T15:34:40Z,GRID_PASS,100.0,0.0,"B1 logic. V: 0.967, SOC: 100.0%",0
2026-01-01T15:34:45Z,GRID_PASS,100.0,0.0,"B1 logic. V: 0.967, SOC: 100.0%",0
2026-01-01T15:34:50Z,GRID_PASS,100.0,0.0,"B1 logic. V: 0.967, SOC: 100.0%",0
2026-01-01T15:34:55Z,GRID_PASS,100.0,0.0,"B1 logic. V: 0.967, SOC: 100.0%",0
2026-01-01T15:35:00Z,GRID_PASS,100.0,0.0,"B1 logic. V: 0.967, SOC: 100.0%",0
2026-01-01T15:35:05Z,GRID_PASS,100.0,0.0,"B1 logic. V: 0.967, SOC: 100.0%",0
2026-01-01T15:35:10Z,GRID_PASS,100.0,0.0,"B1 logic. V: 0.967, SOC: 100.0%",0
2026-01-01T15:35:15Z,GRID_PASS,100.0,0.0,"B1 logic. V: 0.967, SOC: 100.0%",0
2026-01-01T15:35:20Z,GRID_PASS,100.0,0.0,"B1 logic. V: 0.967, SOC: 100.0%",0
2026-01-01T15:35:25Z,GRID_PASS,100.0,0.0,"B1 logic. V: 0.967, SOC: 100.0%",0
2026-01-01T15:35:30Z,GRID_PASS,100.0,0.0,"B1 logic. V: 0.967, SOC: 100.0%",0
2026-01-01T15:35:35Z,GRID_PASS,100.0,0.0,"B1 logic. V: 0.967, SOC: 100.0%",0
2026-01-01T15:35:40Z,GRID_PASS,100.0,0.0,"B1 logic. V: 0.967, SOC: 100.0%",0
2026-01-01T15:35:45Z,GRID_PASS,100.0,0.0,"B1 logic. V: 0.967, SOC: 100.0%",0
2026-01-01T15:35:50Z,GRID_PASS,100.0,0.0,"B1 logic. V: 0.967, SOC: 100.0%",0
2026-01-01T15:35:55Z,GRID_PASS,100.0,0.0,"B1 logic. V: 0.967, SOC: 100.0%",0
2026-01-01T15:36:00Z,GRID_PASS,100.0,0.0,"B1 logic. V: 0.967, SOC: 100.0%",0
2026-01-01T15:36:05Z,GRID_PASS,100.0,0.0,"B1 logic. V: 0.967, SOC: 100.0%",0
2026-01-01T15:36:10Z,GRID_PASS,100.0,0.0,"B1 logic. V: 0.967, SOC: 100.0%",0
2026-01-01T15:36:15Z,GRID_PASS,100.0,0.0,"B1 logic. V: 0.967, SOC: 100.0%",0
2026-01-01T15:36:20Z,GRID_PASS,100.0,0.0,"B1 logic. V: 0.967, SOC: 100.0%",0
2026-01-01T15:36:25Z,GRID_PASS,100.0,0.0,"B1 logic. V: 0.967, SOC: 100.0%",0
2026-01-01T15:36:30Z,GRID_PASS,100.0,0.0,"B1 logic. V: 0.967, SOC: 100.0%",0
2026-01-01T15:36:35Z,GRID_PASS,100.0,0.0,"B1 logic. V: 0.967, SOC: 100.0%",0
2026-01-01T15:36:40Z,GRID_PASS,100.0,0.0,"B1 logic. V: 0.967, SOC: 100.0%",0
2026-01-01T15:36:45Z,GRID_PASS,100.0,0.0,"B1 logic. V: 0.967, SOC: 100.0%",0
2026-01-01T15:36:50Z,GRID_PASS,100.0,0.0,"B1 logic. V: 0.967, SOC: 100.0%",0
2026-01-01T15:36:55Z,GRID_PASS,100.0,0.0,"B1 logic. V: 0.967, SOC: 100.0%",0
2026-01-01T15:37:00Z,GRID_PASS,100.0,0.0,"B1 logic. V: 0.967, SOC: 100.0%",0
2026-01-01T15:37:05Z,GRID_PASS,100.0,0.0,"B1 logic. V: 0.967, SOC: 100.0%",0
2026-01-01T15:37:10Z,GRID_PASS,100.0,0.0,"B1 logic. V: 0.967, SOC: 100.0%",0
2026-01-01T15:37:15Z,GRID_PASS,100.0,0.0,"B1 logic. V: 0.967, SOC: 100.0%",0
2026-01-01T15:37:20Z,GRID_PASS,100.0,0.0,"B1 logic. V: 0.967, SOC: 100.0%",0
2026-01-01T15:37:25Z,GRID_PASS,100.0,0.0,"B1 logic. V: 0.967, SOC: 100.0%",0
2026-01-01T15:37:30Z,GRID_PASS,100.0,0.0,"B1 logic. V: 0.967, SOC: 100.0%",0
2026-01-01T15:37:35Z,GRID_PASS,100.0,0.0,"B1 logic. V: 0.967, SOC: 100.0%",0
2026-01-01T15:37:40Z,GRID_PASS,100.0,0.0,"B1 logic. V: 0.967, SOC: 100.0%",0
2026-01-01T15:37:45Z,GRID_PASS,100.0,0.0,"B1 logic. V: 0.967, SOC: 100.0%",0
2026-01-01T15:37:50Z,GRID_PASS,100.0,0.0,"B1 logic. V: 0.967, SOC: 100.0%",0
2026-01-01T15:37:55Z,GRID_PASS,100.0,0.0,"B1 logic. V: 0.967, SOC: 100.0%",0
2026-01-01T15:38:00Z,GRID_PASS,100.0,0.0,"B1 logic. V: 0.967, SOC: 100.0%",0
2026-01-01T15:38:05Z,GRID_PASS,100.0,0.0,"B1 logic. V: 0.967, SOC: 100.0%",0
2026-01-01T15:38:10Z,GRID_PASS,100.0,0.0,"B1 logic. V: 0.967, SOC: 100.0%",0
2026-01-01T15:38:15Z,GRID_PASS,100.0,0.0,"B1 logic. V: 0.967, SOC: 100.0%",0
2026-01-01T15:38:20Z,GRID_PASS,100.0,0.0,"B1 logic. V: 0.967, SOC: 100.0%",0
2026-01-01T15:38:25Z,GRID_PASS,100.0,0.0,"B1 logic. V: 0.967, SOC: 100.0%",0
2026-01-01T15:38:30Z,GRID_PASS,100.0,0.0,"B1 logic. V: 0.967, SOC: 100.0%",0
2026-01-01T15:38:35Z,GRID_PASS,100.0,0.0,"B1 logic. V: 0.967, SOC: 100.0%",0
2026-01-01T15:38:40Z,GRID_PASS,100.0,0.0,"B1 logic. V: 0.967, SOC: 100.0%",0
2026-01-01T15:38:45Z,GRID_PASS,100.0,0.0,"B1 logic. V: 0.967, SOC: 100.0%",0
2026-01-01T15:38:50Z,GRID_PASS,100.0,0.0,"B1 logic. V: 0.967, SOC: 100.0%",0
2026-01-01T15:38:55Z,GRID_PASS,100.0,0.0,"B1 logic. V: 0.967, SOC: 100.0%",0
2026-01-01T15:39:00Z,GRID_PASS,100.0,0.0,"B1 logic. V: 0.967, SOC: 100.0%",0
2026-01-01T15:39:05Z,GRID_PASS,100.0,0.0,"B1 logic. V: 0.967, SOC: 100.0%",0
2026-01-01T15:39:10Z,GRID_PASS,100.0,0.0,"B1 logic. V: 0.967, SOC: 100.0%",0
2026-01-01T15:39:15Z,GRID_PASS,100.0,0.0,"B1 logic. V: 0.967, SOC: 100.0%",0
2026-01-01T15:39:20Z,GRID_PASS,100.0,0.0,"B1 logic. V: 0.967, SOC: 100.0%",0
2026-01-01T15:39:25Z,GRID_PASS,100.0,0.0,"B1 logic. V: 0.967, SOC: 100.0%",0
2026-01-01T15:39:30Z,GRID_PASS,100.0,0.0,"B1 logic. V: 0.967, SOC: 100.0%",0
2026-01-01T15:39:35Z,GRID_PASS,100.0,0.0,"B1 logic. V: 0.967, SOC: 100.0%",0
2026-01-01T15:39:40Z,GRID_PASS,100.0,0.0,"B1 logic. V: 0.967, SOC: 100.0%",0
2026-01-01T15:39:45Z,GRID_PASS,100.0,0.0,"B1 logic. V: 0.967, SOC: 100.0%",0
2026-01-01T15:39:50Z,GRID_PASS,100.0,0.0,"B1 logic. V: 0.967, SOC: 100.0%",0
2026-01-01T15:39:55Z,GRID_PASS,100.0,0.0,"B1 logic. V: 0.967, SOC: 100.0%",0
2026-01-01T15:40:00Z,GRID_PASS,100.0,0.0,"B1 logic. V: 0.967, SOC: 100.0%",0
2026-01-01T15:40:05Z,GRID_PASS,100.0,0.0,"B1 logic. V: 0.966, SOC: 100.0%",0
2026-01-01T15:40:10Z,GRID_PASS,100.0,0.0,"B1 logic. V: 0.966, SOC: 100.0%",0
2026-01-01T15:40:15Z,GRID_PASS,100.0,0.0,"B1 logic. V: 0.966, SOC: 100.0%",0
2026-01-01T15:40:20Z,GRID_PASS,100.0,0.0,"B1 logic. V: 0.966, SOC: 100.0%",0
2026-01-01T15:40:25Z,GRID_PASS,100.0,0.0,"B1 logic. V: 0.966, SOC: 100.0%",0
2026-01-01T15:40:30Z,GRID_PASS,100.0,0.0,"B1 logic. V: 0.966, SOC: 100.0%",0
2026-01-01T15:40:35Z,GRID_PASS,100.0,0.0,"B1 logic. V: 0.966, SOC: 100.0%",0
2026-01-01T15:40:40Z,GRID_PASS,100.0,0.0,"B1 logic. V: 0.966, SOC: 100.0%",0
2026-01-01T15:40:45Z,GRID_PASS,100.0,0.0,"B1 logic. V: 0.966, SOC: 100.0%",0
2026-01-01T15:40:50Z,GRID_PASS,100.0,0.0,"B1 logic. V: 0.966, SOC: 100.0%",0
2026-01-01T15:40:55Z,GRID_PASS,100.0,0.0,"B1 logic. V: 0.966, SOC: 100.0%",0
2026-01-01T15:41:00Z,GRID_PASS,100.0,0.0,"B1 logic. V: 0.966, SOC: 100.0%",0
2026-01-01T15:41:05Z,GRID_PASS,100.0,0.0,"B1 logic. V: 0.966, SOC: 100.0%",0
2026-01-01T15:41:10Z,GRID_PASS,100.0,0.0,"B1 logic. V: 0.966, SOC: 100.0%",0
2026-01-01T15:41:15Z,GRID_PASS,100.0,0.0,"B1 logic. V: 0.966, SOC: 100.0%",0
2026-01-01T15:41:20Z,GRID_PASS,100.0,0.0,"B1 logic. V: 0.966, SOC: 100.0%",0
2026-01-01T15:41:25Z,GRID_PASS,100.0,0.0,"B1 logic. V: 0.966, SOC: 100.0%",0
2026-01-01T15:41:30Z,GRID_PASS,100.0,0.0,"B1 logic. V: 0.966, SOC: 100.0%",0
2026-01-01T15:41:35Z,GRID_PASS,100.0,0.0,"B1 logic. V: 0.966, SOC: 100.0%",0
2026-01-01T15:41:40Z,GRID_PASS,100.0,0.0,"B1 logic. V: 0.966, SOC: 100.0%",0
2026-01-01T15:41:45Z,GRID_PASS,100.0,0.0,"B1 logic. V: 0.966, SOC: 100.0%",0
2026-01-01T15:41:50Z,GRID_PASS,100.0,0.0,"B1 logic. V: 0.966, SOC: 100.0%",0
2026-01-01T15:41:55Z,GRID_PASS,100.0,0.0,"B1 logic. V: 0.966, SOC: 100.0%",0
2026-01-01T15:42:00Z,GRID_PASS,100.0,0.0,"B1 logic. V: 0.966, SOC: 100.0%",0
2026-01-01T15:42:05Z,GRID_PASS,100.0,0.0,"B1 logic. V: 0.966, SOC: 100.0%",0
2026-01-01T15:42:10Z,GRID_PASS,100.0,0.0,"B1 logic. V: 0.966, SOC: 100.0%",0
2026-01-01T15:42:15Z,GRID_PASS,100.0,0.0,"B1 logic. V: 0.966, SOC: 100.0%",0
2026-01-01T15:42:20Z,GRID_PASS,100.0,0.0,"B1 logic. V: 0.966, SOC: 100.0%",0
2026-01-01T15:42:25Z,GRID_PASS,100.0,0.0,"B1 logic. V: 0.966, SOC: 100.0%",0
2026-01-01T15:42:30Z,GRID_PASS,100.0,0.0,"B1 logic. V: 0.966, SOC: 100.0%",0
2026-01-01T15:42:35Z,GRID_PASS,100.0,0.0,"B1 logic. V: 0.966, SOC: 100.0%",0
2026-01-01T15:42:40Z,GRID_PASS,100.0,0.0,"B1 logic. V: 0.966, SOC: 100.0%",0
2026-01-01T15:42:45Z,GRID_PASS,100.0,0.0,"B1 logic. V: 0.966, SOC: 100.0%",0
2026-01-01T15:42:50Z,GRID_PASS,100.0,0.0,"B1 logic. V: 0.966, SOC: 100.0%",0
2026-01-01T15:42:55Z,GRID_PASS,100.0,0.0,"B1 logic. V: 0.966, SOC: 100.0%",0
2026-01-01T15:43:00Z,GRID_PASS,100.0,0.0,"B1 logic. V: 0.966, SOC: 100.0%",0
2026-01-01T15:43:05Z,GRID_PASS,100.0,0.0,"B1 logic. V: 0.966, SOC: 100.0%",0
2026-01-01T15:43:10Z,GRID_PASS,100.0,0.0,"B1 logic. V: 0.966, SOC: 100.0%",0
2026-01-01T15:43:15Z,GRID_PASS,100.0,0.0,"B1 logic. V: 0.966, SOC: 100.0%",0
2026-01-01T15:43:20Z,GRID_PASS,100.0,0.0,"B1 logic. V: 0.966, SOC: 100.0%",0
2026-01-01T15:43:25Z,GRID_PASS,100.0,0.0,"B1 logic. V: 0.966, SOC: 100.0%",0
2026-01-01T15:43:30Z,GRID_PASS,100.0,0.0,"B1 logic. V: 0.966, SOC: 100.0%",0
2026-01-01T15:43:35Z,GRID_PASS,100.0,0.0,"B1 logic. V: 0.966, SOC: 100.0%",0
2026-01-01T15:43:40Z,GRID_PASS,100.0,0.0,"B1 logic. V: 0.966, SOC: 100.0%",0
2026-01-01T15:43:45Z,GRID_PASS,100.0,0.0,"B1 logic. V: 0.966, SOC: 100.0%",0
2026-01-01T15:43:50Z,GRID_PASS,100.0,0.0,"B1 logic. V: 0.966, SOC: 100.0%",0
2026-01-01T15:43:55Z,GRID_PASS,100.0,0.0,"B1 logic. V: 0.966, SOC: 100.0%",0
2026-01-01T15:44:00Z,GRID_PASS,100.0,0.0,"B1 logic. V: 0.966, SOC: 100.0%",0
2026-01-01T15:44:05Z,GRID_PASS,100.0,0.0,"B1 logic. V: 0.966, SOC: 100.0%",0
2026-01-01T15:44:10Z,GRID_PASS,100.0,0.0,"B1 logic. V: 0.966, SOC: 100.0%",0
2026-01-01T15:44:15Z,GRID_PASS,100.0,0.0,"B1 logic. V: 0.966, SOC: 100.0%",0
2026-01-01T15:44:20Z,GRID_PASS,100.0,0.0,"B1 logic. V: 0.966, SOC: 100.0%",0
2026-01-01T15:44:25Z,GRID_PASS,100.0,0.0,"B1 logic. V: 0.966, SOC: 100.0%",0
2026-01-01T15:44:30Z,GRID_PASS,100.0,0.0,"B1 logic. V: 0.966, SOC: 100.0%",0
2026-01-01T15:44:35Z,GRID_PASS,100.0,0.0,"B1 logic. V: 0.966, SOC: 100.0%",0
2026-01-01T15:44:40Z,GRID_PASS,100.0,0.0,"B1 logic. V: 0.966, SOC: 100.0%",0
2026-01-01T15:44:45Z,GRID_PASS,100.0,0.0,"B1 logic. V: 0.966, SOC: 100.0%",0
2026-01-01T15:44:50Z,GRID_PASS,100.0,0.0,"B1 logic. V: 0.966, SOC: 100.0%",0
2026-01-01T15:44:55Z,GRID_PASS,100.0,0.0,"B1 logic. V: 0.966, SOC: 100.0%",0
2026-01-01T15:45:00Z,GRID_PASS,100.0,0.0,"B1 logic. V: 0.966, SOC: 100.0%",0
2026-01-01T15:45:05Z,GRID_PASS,100.0,0.0,"B1 logic. V: 0.966, SOC: 100.0%",0
2026-01-01T15:45:10Z,GRID_PASS,100.0,0.0,"B1 logic. V: 0.966, SOC: 100.0%",0
2026-01-01T15:45:15Z,GRID_PASS,100.0,0.0,"B1 logic. V: 0.966, SOC: 100.0%",0
2026-01-01T15:45:20Z,GRID_PASS,100.0,0.0,"B1 logic. V: 0.966, SOC: 100.0%",0
2026-01-01T15:45:25Z,GRID_PASS,100.0,0.0,"B1 logic. V: 0.966, SOC: 100.0%",0
2026-01-01T15:45:30Z,GRID_PASS,100.0,0.0,"B1 logic. V: 0.966, SOC: 100.0%",0
2026-01-01T15:45:35Z,GRID_PASS,100.0,0.0,"B1 logic. V: 0.966, SOC: 100.0%",0
2026-01-01T15:45:40Z,GRID_PASS,100.0,0.0,"B1 logic. V: 0.966, SOC: 100.0%",0
2026-01-01T15:45:45Z,GRID_PASS,100.0,0.0,"B1 logic. V: 0.966, SOC: 100.0%",0
2026-01-01T15:45:50Z,GRID_PASS,100.0,0.0,"B1 logic. V: 0.966, SOC: 100.0%",0
2026-01-01T15:45:55Z,GRID_PASS,100.0,0.0,"B1 logic. V: 0.966, SOC: 100.0%",0
2026-01-01T15:46:00Z,GRID_PASS,100.0,0.0,"B1 logic. V: 0.966, SOC: 100.0%",0
2026-01-01T15:46:05Z,GRID_PASS,100.0,0.0,"B1 logic. V: 0.966, SOC: 100.0%",0
2026-01-01T15:46:10Z,GRID_PASS,100.0,0.0,"B1 logic. V: 0.966, SOC: 100.0%",0
2026-01-01T15:46:15Z,GRID_PASS,100.0,0.0,"B1 logic. V: 0.966, SOC: 100.0%",0
2026-01-01T15:46:20Z,GRID_PASS,100.0,0.0,"B1 logic. V: 0.966, SOC: 100.0%",0
2026-01-01T15:46:25Z,GRID_PASS,100.0,0.0,"B1 logic. V: 0.966, SOC: 100.0%",0
2026-01-01T15:46:30Z,GRID_PASS,100.0,0.0,"B1 logic. V: 0.966, SOC: 100.0%",0
2026-01-01T15:46:35Z,GRID_PASS,100.0,0.0,"B1 logic. V: 0.966, SOC: 100.0%",0
2026-01-01T15:46:40Z,GRID_PASS,100.0,0.0,"B1 logic. V: 0.966, SOC: 100.0%",0
2026-01-01T15:46:45Z,GRID_PASS,100.0,0.0,"B1 logic. V: 0.966, SOC: 100.0%",0
2026-01-01T15:46:50Z,GRID_PASS,100.0,0.0,"B1 logic. V: 0.966, SOC: 100.0%",0
2026-01-01T15:46:55Z,GRID_PASS,100.0,0.0,"B1 logic. V: 0.966, SOC: 100.0%",0
2026-01-01T15:47:00Z,GRID_PASS,100.0,0.0,"B1 logic. V: 0.966, SOC: 100.0%",0
2026-01-01T15:47:05Z,GRID_PASS,100.0,0.0,"B1 logic. V: 0.966, SOC: 100.0%",0
2026-01-01T15:47:10Z,GRID_PASS,100.0,0.0,"B1 logic. V: 0.966, SOC: 100.0%",0
2026-01-01T15:47:15Z,GRID_PASS,100.0,0.0,"B1 logic. V: 0.966, SOC: 100.0%",0
2026-01-01T15:47:20Z,GRID_PASS,100.0,0.0,"B1 logic. V: 0.966, SOC: 100.0%",0
2026-01-01T15:47:25Z,GRID_PASS,100.0,0.0,"B1 logic. V: 0.966, SOC: 100.0%",0
2026-01-01T15:47:30Z,GRID_PASS,100.0,0.0,"B1 logic. V: 0.966, SOC: 100.0%",0
2026-01-01T15:47:35Z,GRID_PASS,100.0,0.0,"B1 logic. V: 0.966, SOC: 100.0%",0
2026-01-01T15:47:40Z,GRID_PASS,100.0,0.0,"B1 logic. V: 0.966, SOC: 100.0%",0
2026-01-01T15:47:45Z,GRID_PASS,100.0,0.0,"B1 logic. V: 0.966, SOC: 100.0%",0
2026-01-01T15:47:50Z,GRID_PASS,100.0,0.0,"B1 logic. V: 0.966, SOC: 100.0%",0
2026-01-01T15:47:55Z,GRID_PASS,100.0,0.0,"B1 logic. V: 0.966, SOC: 100.0%",0
2026-01-01T15:48:00Z,GRID_PASS,100.0,0.0,"B1 logic. V: 0.966, SOC: 100.0%",0
2026-01-01T15:48:05Z,GRID_PASS,100.0,0.0,"B1 logic. V: 0.966, SOC: 100.0%",0
2026-01-01T15:48:10Z,GRID_PASS,100.0,0.0,"B1 logic. V: 0.966, SOC: 100.0%",0
2026-01-01T15:48:15Z,GRID_PASS,100.0,0.0,"B1 logic. V: 0.966, SOC: 100.0%",0
2026-01-01T15:48:20Z,GRID_PASS,100.0,0.0,"B1 logic. V: 0.966, SOC: 100.0%",0
2026-01-01T15:48:25Z,GRID_PASS,100.0,0.0,"B1 logic. V: 0.966, SOC: 100.0%",0
2026-01-01T15:48:30Z,GRID_PASS,100.0,0.0,"B1 logic. V: 0.966, SOC: 100.0%",0
2026-01-01T15:48:35Z,GRID_PASS,100.0,0.0,"B1 logic. V: 0.966, SOC: 100.0%",0
2026-01-01T15:48:40Z,GRID_PASS,100.0,0.0,"B1 logic. V: 0.966, SOC: 100.0%",0
2026-01-01T15:48:45Z,GRID_PASS,100.0,0.0,"B1 logic. V: 0.966, SOC: 100.0%",0
2026-01-01T15:48:50Z,GRID_PASS,100.0,0.0,"B1 logic. V: 0.966, SOC: 100.0%",0
2026-01-01T15:48:55Z,GRID_PASS,100.0,0.0,"B1 logic. V: 0.966, SOC: 100.0%",0
2026-01-01T15:49:00Z,GRID_PASS,100.0,0.0,"B1 logic. V: 0.966, SOC: 100.0%",0
2026-01-01T15:49:05Z,GRID_PASS,100.0,0.0,"B1 logic. V: 0.966, SOC: 100.0%",0
2026-01-01T15:49:10Z,GRID_PASS,100.0,0.0,"B1 logic. V: 0.966, SOC: 100.0%",0
2026-01-01T15:49:15Z,GRID_PASS,100.0,0.0,"B1 logic. V: 0.966, SOC: 100.0%",0
2026-01-01T15:49:20Z,GRID_PASS,100.0,0.0,"B1 logic. V: 0.966, SOC: 100.0%",0
2026-01-01T15:49:25Z,GRID_PASS,100.0,0.0,"B1 logic. V: 0.966, SOC: 100.0%",0
2026-01-01T15:49:30Z,GRID_PASS,100.0,0.0,"B1 logic. V: 0.966, SOC: 100.0%",0
2026-01-01T15:49:35Z,GRID_PASS,100.0,0.0,"B1 logic. V: 0.966, SOC: 100.0%",0
2026-01-01T15:49:40Z,GRID_PASS,100.0,0.0,"B1 logic. V: 0.966, SOC: 100.0%",0
2026-01-01T15:49:45Z,GRID_PASS,100.0,0.0,"B1 logic. V: 0.966, SOC: 100.0%",0
2026-01-01T15:49:50Z,GRID_PASS,100.0,0.0,"B1 logic. V: 0.966, SOC: 100.0%",0
2026-01-01T15:49:55Z,GRID_PASS,100.0,0.0,"B1 logic. V: 0.966, SOC: 100.0%",0
2026-01-01T15:50:00Z,GRID_PASS,100.0,0.0,"B1 logic. V: 0.966, SOC: 100.0%",0
2026-01-01T15:50:05Z,GRID_PASS,100.0,0.0,"B1 logic. V: 0.966, SOC: 100.0%",0
2026-01-01T15:50:10Z,GRID_PASS,100.0,0.0,"B1 logic. V: 0.966, SOC: 100.0%",0
2026-01-01T15:50:15Z,GRID_PASS,100.0,0.0,"B1 logic. V: 0.966, SOC: 100.0%",0
2026-01-01T15:50:20Z,GRID_PASS,100.0,0.0,"B1 logic. V: 0.966, SOC: 100.0%",0
2026-01-01T15:50:25Z,GRID_PASS,100.0,0.0,"B1 logic. V: 0.966, SOC: 100.0%",0
2026-01-01T15:50:30Z,GRID_PASS,100.0,0.0,"B1 logic. V: 0.966, SOC: 100.0%",0
2026-01-01T15:50:35Z,GRID_PASS,100.0,0.0,"B1 logic. V: 0.966, SOC: 100.0%",0
2026-01-01T15:50:40Z,GRID_PASS,100.0,0.0,"B1 logic. V: 0.966, SOC: 100.0%",0
2026-01-01T15:50:45Z,GRID_PASS,100.0,0.0,"B1 logic. V: 0.966, SOC: 100.0%",0
2026-01-01T15:50:50Z,GRID_PASS,100.0,0.0,"B1 logic. V: 0.966, SOC: 100.0%",0
2026-01-01T15:50:55Z,GRID_PASS,100.0,0.0,"B1 logic. V: 0.966, SOC: 100.0%",0
2026-01-01T15:51:00Z,GRID_PASS,100.0,0.0,"B1 logic. V: 0.966, SOC: 100.0%",0
2026-01-01T15:51:05Z,GRID_PASS,100.0,0.0,"B1 logic. V: 0.966, SOC: 100.0%",0
2026-01-01T15:51:10Z,GRID_PASS,100.0,0.0,"B1 logic. V: 0.966, SOC: 100.0%",0
2026-01-01T15:51:15Z,GRID_PASS,100.0,0.0,"B1 logic. V: 0.966, SOC: 100.0%",0
2026-01-01T15:51:20Z,GRID_PASS,100.0,0.0,"B1 logic. V: 0.966, SOC: 100.0%",0
2026-01-01T15:51:25Z,GRID_PASS,100.0,0.0,"B1 logic. V: 0.966, SOC: 100.0%",0
2026-01-01T15:51:30Z,GRID_PASS,100.0,0.0,"B1 logic. V: 0.966, SOC: 100.0%",0
2026-01-01T15:51:35Z,GRID_PASS,100.0,0.0,"B1 logic. V: 0.966, SOC: 100.0%",0
2026-01-01T15:51:40Z,GRID_PASS,100.0,0.0,"B1 logic. V: 0.966, SOC: 100.0%",0
2026-01-01T15:51:45Z,GRID_PASS,100.0,0.0,"B1 logic. V: 0.966, SOC: 100.0%",0
2026-01-01T15:51:50Z,GRID_PASS,100.0,0.0,"B1 logic. V: 0.966, SOC: 100.0%",0
2026-01-01T15:51:55Z,GRID_PASS,100.0,0.0,"B1 logic. V: 0.966, SOC: 100.0%",0
2026-01-01T15:52:00Z,GRID_PASS,100.0,0.0,"B1 logic. V: 0.966, SOC: 100.0%",0
2026-01-01T15:52:05Z,GRID_PASS,100.0,0.0,"B1 logic. V: 0.965, SOC: 100.0%",0
2026-01-01T15:52:10Z,GRID_PASS,100.0,0.0,"B1 logic. V: 0.965, SOC: 100.0%",0
2026-01-01T15:52:15Z,GRID_PASS,100.0,0.0,"B1 logic. V: 0.965, SOC: 100.0%",0
2026-01-01T15:52:20Z,GRID_PASS,100.0,0.0,"B1 logic. V: 0.965, SOC: 100.0%",0
2026-01-01T15:52:25Z,GRID_PASS,100.0,0.0,"B1 logic. V: 0.965, SOC: 100.0%",0
2026-01-01T15:52:30Z,GRID_PASS,100.0,0.0,"B1 logic. V: 0.965, SOC: 100.0%",0
2026-01-01T15:52:35Z,GRID_PASS,100.0,0.0,"B1 logic. V: 0.965, SOC: 100.0%",0
2026-01-01T15:52:40Z,GRID_PASS,100.0,0.0,"B1 logic. V: 0.965, SOC: 100.0%",0
2026-01-01T15:52:45Z,GRID_PASS,100.0,0.0,"B1 logic. V: 0.965, SOC: 100.0%",0
2026-01-01T15:52:50Z,GRID_PASS,100.0,0.0,"B1 logic. V: 0.965, SOC: 100.0%",0
2026-01-01T15:52:55Z,GRID_PASS,100.0,0.0,"B1 logic. V: 0.965, SOC: 100.0%",0
2026-01-01T15:53:00Z,GRID_PASS,100.0,0.0,"B1 logic. V: 0.965, SOC: 100.0%",0
2026-01-01T15:53:05Z,GRID_PASS,100.0,0.0,"B1 logic. V: 0.965, SOC: 100.0%",0
2026-01-01T15:53:10Z,GRID_PASS,100.0,0.0,"B1 logic. V: 0.965, SOC: 100.0%",0
2026-01-01T15:53:15Z,GRID_PASS,100.0,0.0,"B1 logic. V: 0.965, SOC: 100.0%",0
2026-01-01T15:53:20Z,GRID_PASS,100.0,0.0,"B1 logic. V: 0.965, SOC: 100.0%",0
2026-01-01T15:53:25Z,GRID_PASS,100.0,0.0,"B1 logic. V: 0.965, SOC: 100.0%",0
2026-01-01T15:53:30Z,GRID_PASS,100.0,0.0,"B1 logic. V: 0.965, SOC: 100.0%",0
2026-01-01T15:53:35Z,GRID_PASS,100.0,0.0,"B1 logic. V: 0.965, SOC: 100.0%",0
2026-01-01T15:53:40Z,GRID_PASS,100.0,0.0,"B1 logic. V: 0.965, SOC: 100.0%",0
2026-01-01T15:53:45Z,GRID_PASS,100.0,0.0,"B1 logic. V: 0.965, SOC: 100.0%",0
2026-01-01T15:53:50Z,GRID_PASS,100.0,0.0,"B1 logic. V: 0.965, SOC: 100.0%",0
2026-01-01T15:53:55Z,GRID_PASS,100.0,0.0,"B1 logic. V: 0.965, SOC: 100.0%",0
2026-01-01T15:54:00Z,GRID_PASS,100.0,0.0,"B1 logic. V: 0.965, SOC: 100.0%",0
2026-01-01T15:54:05Z,GRID_PASS,100.0,0.0,"B1 logic. V: 0.965, SOC: 100.0%",0
2026-01-01T15:54:10Z,GRID_PASS,100.0,0.0,"B1 logic. V: 0.965, SOC: 100.0%",0
2026-01-01T15:54:15Z,GRID_PASS,100.0,0.0,"B1 logic. V: 0.965, SOC: 100.0%",0
2026-01-01T15:54:20Z,GRID_PASS,100.0,0.0,"B1 logic. V: 0.965, SOC: 100.0%",0
2026-01-01T15:54:25Z,GRID_PASS,100.0,0.0,"B1 logic. V: 0.965, SOC: 100.0%",0
2026-01-01T15:54:30Z,GRID_PASS,100.0,0.0,"B1 logic. V: 0.965, SOC: 100.0%",0
2026-01-01T15:54:35Z,GRID_PASS,100.0,0.0,"B1 logic. V: 0.965, SOC: 100.0%",0
2026-01-01T15:54:40Z,GRID_PASS,100.0,0.0,"B1 logic. V: 0.965, SOC: 100.0%",0
2026-01-01T15:54:45Z,GRID_PASS,100.0,0.0,"B1 logic. V: 0.965, SOC: 100.0%",0
2026-01-01T15:54:50Z,GRID_PASS,100.0,0.0,"B1 logic. V: 0.965, SOC: 100.0%",0
2026-01-01T15:54:55Z,GRID_PASS,100.0,0.0,"B1 logic. V: 0.965, SOC: 100.0%",0
2026-01-01T15:55:00Z,GRID_PASS,100.0,0.0,"B1 logic. V: 0.965, SOC: 100.0%",0
2026-01-01T15:55:05Z,GRID_PASS,100.0,0.0,"B1 logic. V: 0.965, SOC: 100.0%",0
2026-01-01T15:55:10Z,GRID_PASS,100.0,0.0,"B1 logic. V: 0.965, SOC: 100.0%",0
2026-01-01T15:55:15Z,GRID_PASS,100.0,0.0,"B1 logic. V: 0.965, SOC: 100.0%",0
2026-01-01T15:55:20Z,GRID_PASS,100.0,0.0,"B1 logic. V: 0.965, SOC: 100.0%",0
2026-01-01T15:55:25Z,GRID_PASS,100.0,0.0,"B1 logic. V: 0.965, SOC: 100.0%",0
2026-01-01T15:55:30Z,GRID_PASS,100.0,0.0,"B1 logic. V: 0.965, SOC: 100.0%",0
2026-01-01T15:55:35Z,GRID_PASS,100.0,0.0,"B1 logic. V: 0.965, SOC: 100.0%",0
2026-01-01T15:55:40Z,GRID_PASS,100.0,0.0,"B1 logic. V: 0.965, SOC: 100.0%",0
2026-01-01T15:55:45Z,GRID_PASS,100.0,0.0,"B1 logic. V: 0.965, SOC: 100.0%",0
2026-01-01T15:55:50Z,GRID_PASS,100.0,0.0,"B1 logic. V: 0.965, SOC: 100.0%",0
2026-01-01T15:55:55Z,GRID_PASS,100.0,0.0,"B1 logic. V: 0.965, SOC: 100.0%",0
2026-01-01T15:56:00Z,GRID_PASS,100.0,0.0,"B1 logic. V: 0.965, SOC: 100.0%",0
2026-01-01T15:56:05Z,GRID_PASS,100.0,0.0,"B1 logic. V: 0.965, SOC: 100.0%",0
2026-01-01T15:56:10Z,GRID_PASS,100.0,0.0,"B1 logic. V: 0.965, SOC: 100.0%",0
2026-01-01T15:56:15Z,GRID_PASS,100.0,0.0,"B1 logic. V: 0.965, SOC: 100.0%",0
2026-01-01T15:56:20Z,GRID_PASS,100.0,0.0,"B1 logic. V: 0.965, SOC: 100.0%",0
2026-01-01T15:56:25Z,GRID_PASS,100.0,0.0,"B1 logic. V: 0.965, SOC: 100.0%",0
2026-01-01T15:56:30Z,GRID_PASS,100.0,0.0,"B1 logic. V: 0.965, SOC: 100.0%",0
2026-01-01T15:56:35Z,GRID_PASS,100.0,0.0,"B1 logic. V: 0.965, SOC: 100.0%",0
2026-01-01T15:56:40Z,GRID_PASS,100.0,0.0,"B1 logic. V: 0.965, SOC: 100.0%",0
2026-01-01T15:56:45Z,GRID_PASS,100.0,0.0,"B1 logic. V: 0.965, SOC: 100.0%",0
2026-01-01T15:56:50Z,GRID_PASS,100.0,0.0,"B1 logic. V: 0.965, SOC: 100.0%",0
2026-01-01T15:56:55Z,GRID_PASS,100.0,0.0,"B1 logic. V: 0.965, SOC: 100.0%",0
2026-01-01T15:57:00Z,GRID_PASS,100.0,0.0,"B1 logic. V: 0.965, SOC: 100.0%",0
2026-01-01T15:57:05Z,GRID_PASS,100.0,0.0,"B1 logic. V: 0.965, SOC: 100.0%",0
2026-01-01T15:57:10Z,GRID_PASS,100.0,0.0,"B1 logic. V: 0.965, SOC: 100.0%",0
2026-01-01T15:57:15Z,GRID_PASS,100.0,0.0,"B1 logic. V: 0.965, SOC: 100.0%",0
2026-01-01T15:57:20Z,GRID_PASS,100.0,0.0,"B1 logic. V: 0.965, SOC: 100.0%",0
2026-01-01T15:57:25Z,GRID_PASS,100.0,0.0,"B1 logic. V: 0.965, SOC: 100.0%",0
2026-01-01T15:57:30Z,GRID_PASS,100.0,0.0,"B1 logic. V: 0.965, SOC: 100.0%",0
2026-01-01T15:57:35Z,GRID_PASS,100.0,0.0,"B1 logic. V: 0.965, SOC: 100.0%",0
2026-01-01T15:57:40Z,GRID_PASS,100.0,0.0,"B1 logic. V: 0.965, SOC: 100.0%",0
2026-01-01T15:57:45Z,GRID_PASS,100.0,0.0,"B1 logic. V: 0.965, SOC: 100.0%",0
2026-01-01T15:57:50Z,GRID_PASS,100.0,0.0,"B1 logic. V: 0.965, SOC: 100.0%",0
2026-01-01T15:57:55Z,GRID_PASS,100.0,0.0,"B1 logic. V: 0.965, SOC: 100.0%",0
2026-01-01T15:58:00Z,GRID_PASS,100.0,0.0,"B1 logic. V: 0.965, SOC: 100.0%",0
2026-01-01T15:58:05Z,GRID_PASS,100.0,0.0,"B1 logic. V: 0.965, SOC: 100.0%",0
2026-01-01T15:58:10Z,GRID_PASS,100.0,0.0,"B1 logic. V: 0.965, SOC: 100.0%",0
2026-01-01T15:58:15Z,GRID_PASS,100.0,0.0,"B1 logic. V: 0.965, SOC: 100.0%",0
2026-01-01T15:58:20Z,GRID_PASS,100.0,0.0,"B1 logic. V: 0.965, SOC: 100.0%",0
2026-01-01T15:58:25Z,GRID_PASS,100.0,0.0,"B1 logic. V: 0.965, SOC: 100.0%",0
2026-01-01T15:58:30Z,GRID_PASS,100.0,0.0,"B1 logic. V: 0.965, SOC: 100.0%",0
2026-01-01T15:58:35Z,GRID_PASS,100.0,0.0,"B1 logic. V: 0.965, SOC: 100.0%",0
2026-01-01T15:58:40Z,GRID_PASS,100.0,0.0,"B1 logic. V: 0.965, SOC: 100.0%",0
2026-01-01T15:58:45Z,GRID_PASS,100.0,0.0,"B1 logic. V: 0.965, SOC: 100.0%",0
2026-01-01T15:58:50Z,GRID_PASS,100.0,0.0,"B1 logic. V: 0.965, SOC: 100.0%",0
2026-01-01T15:58:55Z,GRID_PASS,100.0,0.0,"B1 logic. V: 0.965, SOC: 100.0%",0
2026-01-01T15:59:00Z,GRID_PASS,100.0,0.0,"B1 logic. V: 0.965, SOC: 100.0%",0
2026-01-01T15:59:05Z,GRID_PASS,100.0,0.0,"B1 logic. V: 0.965, SOC: 100.0%",0
2026-01-01T15:59:10Z,GRID_PASS,100.0,0.0,"B1 logic. V: 0.965, SOC: 100.0%",0
2026-01-01T15:59:15Z,GRID_PASS,100.0,0.0,"B1 logic. V: 0.965, SOC: 100.0%",0
2026-01-01T15:59:20Z,GRID_PASS,100.0,0.0,"B1 logic. V: 0.965, SOC: 100.0%",0
2026-01-01T15:59:25Z,GRID_PASS,100.0,0.0,"B1 logic. V: 0.965, SOC: 100.0%",0
2026-01-01T15:59:30Z,GRID_PASS,100.0,0.0,"B1 logic. V: 0.965, SOC: 100.0%",0
2026-01-01T15:59:35Z,GRID_PASS,100.0,0.0,"B1 logic. V: 0.965, SOC: 100.0%",0
2026-01-01T15:59:40Z,GRID_PASS,100.0,0.0,"B1 logic. V: 0.965, SOC: 100.0%",0
2026-01-01T15:59:45Z,GRID_PASS,100.0,0.0,"B1 logic. V: 0.965, SOC: 100.0%",0
2026-01-01T15:59:50Z,GRID_PASS,100.0,0.0,"B1 logic. V: 0.965, SOC: 100.0%",0
2026-01-01T15:59:55Z,GRID_PASS,100.0,0.0,"B1 logic. V: 0.965, SOC: 100.0%",0
2026-01-01T16:00:00Z,GRID_PASS,100.0,0.0,"B1 logic. V: 0.965, SOC: 100.0%",1
2026-01-01T16:00:05Z,GRID_PASS,100.0,0.0,"B1 logic. V: 0.965, SOC: 100.0%",1
2026-01-01T16:00:10Z,GRID_PASS,100.0,0.0,"B1 logic. V: 0.965, SOC: 100.0%",1
2026-01-01T16:00:15Z,GRID_PASS,100.0,0.0,"B1 logic. V: 0.965, SOC: 100.0%",1
2026-01-01T16:00:20Z,GRID_PASS,100.0,0.0,"B1 logic. V: 0.965, SOC: 100.0%",1
2026-01-01T16:00:25Z,GRID_PASS,100.0,0.0,"B1 logic. V: 0.965, SOC: 100.0%",1
2026-01-01T16:00:30Z,GRID_PASS,100.0,0.0,"B1 logic. V: 0.965, SOC: 100.0%",1
2026-01-01T16:00:35Z,GRID_PASS,100.0,0.0,"B1 logic. V: 0.965, SOC: 100.0%",1
2026-01-01T16:00:40Z,GRID_PASS,100.0,0.0,"B1 logic. V: 0.965, SOC: 100.0%",1
2026-01-01T16:00:45Z,GRID_PASS,100.0,0.0,"B1 logic. V: 0.965, SOC: 100.0%",1
2026-01-01T16:00:50Z,GRID_PASS,100.0,0.0,"B1 logic. V: 0.965, SOC: 100.0%",1
2026-01-01T16:00:55Z,GRID_PASS,100.0,0.0,"B1 logic. V: 0.965, SOC: 100.0%",1
2026-01-01T16:01:00Z,GRID_PASS,100.0,0.0,"B1 logic. V: 0.965, SOC: 100.0%",1
2026-01-01T16:01:05Z,GRID_PASS,100.0,0.0,"B1 logic. V: 0.965, SOC: 100.0%",1
2026-01-01T16:01:10Z,GRID_PASS,100.0,0.0,"B1 logic. V: 0.965, SOC: 100.0%",1
2026-01-01T16:01:15Z,GRID_PASS,100.0,0.0,"B1 logic. V: 0.965, SOC: 100.0%",1
2026-01-01T16:01:20Z,GRID_PASS,100.0,0.0,"B1 logic. V: 0.965, SOC: 100.0%",1
2026-01-01T16:01:25Z,GRID_PASS,100.0,0.0,"B1 logic. V: 0.965, SOC: 100.0%",1
2026-01-01T16:01:30Z,GRID_PASS,100.0,0.0,"B1 logic. V: 0.965, SOC: 100.0%",1
2026-01-01T16:01:35Z,GRID_PASS,100.0,0.0,"B1 logic. V: 0.965, SOC: 100.0%",1
2026-01-01T16:01:40Z,GRID_PASS,100.0,0.0,"B1 logic. V: 0.965, SOC: 100.0%",1
2026-01-01T16:01:45Z,GRID_PASS,100.0,0.0,"B1 logic. V: 0.965, SOC: 100.0%",1
2026-01-01T16:01:50Z,GRID_PASS,100.0,0.0,"B1 logic. V: 0.965, SOC: 100.0%",1
2026-01-01T16:01:55Z,GRID_PASS,100.0,0.0,"B1 logic. V: 0.965, SOC: 100.0%",1
2026-01-01T16:02:00Z,GRID_PASS,100.0,0.0,"B1 logic. V: 0.965, SOC: 100.0%",1
2026-01-01T16:02:05Z,GRID_PASS,100.0,0.0,"B1 logic. V: 0.964, SOC: 100.0%",1
2026-01-01T16:02:10Z,GRID_PASS,100.0,0.0,"B1 logic. V: 0.964, SOC: 100.0%",1
2026-01-01T16:02:15Z,GRID_PASS,100.0,0.0,"B1 logic. V: 0.964, SOC: 100.0%",1
2026-01-01T16:02:20Z,GRID_PASS,100.0,0.0,"B1 logic. V: 0.964, SOC: 100.0%",1
2026-01-01T16:02:25Z,GRID_PASS,100.0,0.0,"B1 logic. V: 0.964, SOC: 100.0%",1
2026-01-01T16:02:30Z,GRID_PASS,100.0,0.0,"B1 logic. V: 0.964, SOC: 100.0%",1
2026-01-01T16:02:35Z,GRID_PASS,100.0,0.0,"B1 logic. V: 0.964, SOC: 100.0%",1
2026-01-01T16:02:40Z,GRID_PASS,100.0,0.0,"B1 logic. V: 0.964, SOC: 100.0%",1
2026-01-01T16:02:45Z,GRID_PASS,100.0,0.0,"B1 logic. V: 0.964, SOC: 100.0%",1
2026-01-01T16:02:50Z,GRID_PASS,100.0,0.0,"B1 logic. V: 0.964, SOC: 100.0%",1
2026-01-01T16:02:55Z,GRID_PASS,100.0,0.0,"B1 logic. V: 0.964, SOC: 100.0%",1
2026-01-01T16:03:00Z,GRID_PASS,100.0,0.0,"B1 logic. V: 0.964, SOC: 100.0%",1
2026-01-01T16:03:05Z,GRID_PASS,100.0,0.0,"B1 logic. V: 0.964, SOC: 100.0%",1
2026-01-01T16:03:10Z,GRID_PASS,100.0,0.0,"B1 logic. V: 0.964, SOC: 100.0%",1
2026-01-01T16:03:15Z,GRID_PASS,100.0,0.0,"B1 logic. V: 0.964, SOC: 100.0%",1
2026-01-01T16:03:20Z,GRID_PASS,100.0,0.0,"B1 logic. V: 0.964, SOC: 100.0%",1
2026-01-01T16:03:25Z,GRID_PASS,100.0,0.0,"B1 logic. V: 0.964, SOC: 100.0%",1
2026-01-01T16:03:30Z,GRID_PASS,100.0,0.0,"B1 logic. V: 0.964, SOC: 100.0%",1
2026-01-01T16:03:35Z,GRID_PASS,100.0,0.0,"B1 logic. V: 0.964, SOC: 100.0%",1
2026-01-01T16:03:40Z,GRID_PASS,100.0,0.0,"B1 logic. V: 0.964, SOC: 100.0%",1
2026-01-01T16:03:45Z,GRID_PASS,100.0,0.0,"B1 logic. V: 0.964, SOC: 100.0%",1
2026-01-01T16:03:50Z,GRID_PASS,100.0,0.0,"B1 logic. V: 0.964, SOC: 100.0%",1
2026-01-01T16:03:55Z,GRID_PASS,100.0,0.0,"B1 logic. V: 0.964, SOC: 100.0%",1
2026-01-01T16:04:00Z,GRID_PASS,100.0,0.0,"B1 logic. V: 0.964, SOC: 100.0%",1
2026-01-01T16:04:05Z,GRID_PASS,100.0,0.0,"B1 logic. V: 0.964, SOC: 100.0%",1
2026-01-01T16:04:10Z,GRID_PASS,100.0,0.0,"B1 logic. V: 0.964, SOC: 100.0%",1
2026-01-01T16:04:15Z,GRID_PASS,100.0,0.0,"B1 logic. V: 0.964, SOC: 100.0%",1
2026-01-01T16:04:20Z,GRID_PASS,100.0,0.0,"B1 logic. V: 0.964, SOC: 100.0%",1
2026-01-01T16:04:25Z,GRID_PASS,100.0,0.0,"B1 logic. V: 0.964, SOC: 100.0%",1
2026-01-01T16:04:30Z,GRID_PASS,100.0,0.0,"B1 logic. V: 0.964, SOC: 100.0%",1
2026-01-01T16:04:35Z,GRID_PASS,100.0,0.0,"B1 logic. V: 0.964, SOC: 100.0%",1
2026-01-01T16:04:40Z,GRID_PASS,100.0,0.0,"B1 logic. V: 0.964, SOC: 100.0%",1
2026-01-01T16:04:45Z,GRID_PASS,100.0,0.0,"B1 logic. V: 0.964, SOC: 100.0%",1
2026-01-01T16:04:50Z,GRID_PASS,100.0,0.0,"B1 logic. V: 0.964, SOC: 100.0%",1
2026-01-01T16:04:55Z,GRID_PASS,100.0,0.0,"B1 logic. V: 0.964, SOC: 100.0%",1
2026-01-01T16:05:00Z,GRID_PASS,100.0,0.0,"B1 logic. V: 0.964, SOC: 100.0%",1
2026-01-01T16:05:05Z,GRID_PASS,100.0,0.0,"B1 logic. V: 0.964, SOC: 100.0%",1
2026-01-01T16:05:10Z,GRID_PASS,100.0,0.0,"B1 logic. V: 0.964, SOC: 100.0%",1
2026-01-01T16:05:15Z,GRID_PASS,100.0,0.0,"B1 logic. V: 0.964, SOC: 100.0%",1
2026-01-01T16:05:20Z,GRID_PASS,100.0,0.0,"B1 logic. V: 0.964, SOC: 100.0%",1
2026-01-01T16:05:25Z,GRID_PASS,100.0,0.0,"B1 logic. V: 0.964, SOC: 100.0%",1
2026-01-01T16:05:30Z,GRID_PASS,100.0,0.0,"B1 logic. V: 0.964, SOC: 100.0%",1
2026-01-01T16:05:35Z,GRID_PASS,100.0,0.0,"B1 logic. V: 0.964, SOC: 100.0%",1
2026-01-01T16:05:40Z,GRID_PASS,100.0,0.0,"B1 logic. V: 0.964, SOC: 100.0%",1
2026-01-01T16:05:45Z,GRID_PASS,100.0,0.0,"B1 logic. V: 0.964, SOC: 100.0%",1
2026-01-01T16:05:50Z,GRID_PASS,100.0,0.0,"B1 logic. V: 0.964, SOC: 100.0%",1
2026-01-01T16:05:55Z,GRID_PASS,100.0,0.0,"B1 logic. V: 0.964, SOC: 100.0%",1
2026-01-01T16:06:00Z,GRID_PASS,100.0,0.0,"B1 logic. V: 0.964, SOC: 100.0%",1
2026-01-01T16:06:05Z,GRID_PASS,100.0,0.0,"B1 logic. V: 0.964, SOC: 100.0%",1
2026-01-01T16:06:10Z,GRID_PASS,100.0,0.0,"B1 logic. V: 0.964, SOC: 100.0%",1
2026-01-01T16:06:15Z,GRID_PASS,100.0,0.0,"B1 logic. V: 0.964, SOC: 100.0%",1
2026-01-01T16:06:20Z,GRID_PASS,100.0,0.0,"B1 logic. V: 0.964, SOC: 100.0%",1
2026-01-01T16:06:25Z,GRID_PASS,100.0,0.0,"B1 logic. V: 0.964, SOC: 100.0%",1
2026-01-01T16:06:30Z,GRID_PASS,100.0,0.0,"B1 logic. V: 0.964, SOC: 100.0%",1
2026-01-01T16:06:35Z,GRID_PASS,100.0,0.0,"B1 logic. V: 0.964, SOC: 100.0%",1
2026-01-01T16:06:40Z,GRID_PASS,100.0,0.0,"B1 logic. V: 0.964, SOC: 100.0%",1
2026-01-01T16:06:45Z,GRID_PASS,100.0,0.0,"B1 logic. V: 0.964, SOC: 100.0%",1
2026-01-01T16:06:50Z,GRID_PASS,100.0,0.0,"B1 logic. V: 0.964, SOC: 100.0%",1
2026-01-01T16:06:55Z,GRID_PASS,100.0,0.0,"B1 logic. V: 0.964, SOC: 100.0%",1
2026-01-01T16:07:00Z,GRID_PASS,100.0,0.0,"B1 logic. V: 0.964, SOC: 100.0%",1
2026-01-01T16:07:05Z,GRID_PASS,100.0,0.0,"B1 logic. V: 0.964, SOC: 100.0%",1
2026-01-01T16:07:10Z,GRID_PASS,100.0,0.0,"B1 logic. V: 0.964, SOC: 100.0%",1
2026-01-01T16:07:15Z,GRID_PASS,100.0,0.0,"B1 logic. V: 0.964, SOC: 100.0%",1
2026-01-01T16:07:20Z,GRID_PASS,100.0,0.0,"B1 logic. V: 0.964, SOC: 100.0%",1
2026-01-01T16:07:25Z,GRID_PASS,100.0,0.0,"B1 logic. V: 0.964, SOC: 100.0%",1
2026-01-01T16:07:30Z,GRID_PASS,100.0,0.0,"B1 logic. V: 0.964, SOC: 100.0%",1
2026-01-01T16:07:35Z,GRID_PASS,100.0,0.0,"B1 logic. V: 0.964, SOC: 100.0%",1
2026-01-01T16:07:40Z,GRID_PASS,100.0,0.0,"B1 logic. V: 0.964, SOC: 100.0%",1
2026-01-01T16:07:45Z,GRID_PASS,100.0,0.0,"B1 logic. V: 0.964, SOC: 100.0%",1
2026-01-01T16:07:50Z,GRID_PASS,100.0,0.0,"B1 logic. V: 0.964, SOC: 100.0%",1
2026-01-01T16:07:55Z,GRID_PASS,100.0,0.0,"B1 logic. V: 0.964, SOC: 100.0%",1
2026-01-01T16:08:00Z,GRID_PASS,100.0,0.0,"B1 logic. V: 0.964, SOC: 100.0%",1
2026-01-01T16:08:05Z,GRID_PASS,100.0,0.0,"B1 logic. V: 0.964, SOC: 100.0%",1
2026-01-01T16:08:10Z,GRID_PASS,100.0,0.0,"B1 logic. V: 0.964, SOC: 100.0%",1
2026-01-01T16:08:15Z,GRID_PASS,100.0,0.0,"B1 logic. V: 0.964, SOC: 100.0%",1
2026-01-01T16:08:20Z,GRID_PASS,100.0,0.0,"B1 logic. V: 0.964, SOC: 100.0%",1
2026-01-01T16:08:25Z,GRID_PASS,100.0,0.0,"B1 logic. V: 0.964, SOC: 100.0%",1
2026-01-01T16:08:30Z,GRID_PASS,100.0,0.0,"B1 logic. V: 0.964, SOC: 100.0%",1
2026-01-01T16:08:35Z,GRID_PASS,100.0,0.0,"B1 logic. V: 0.964, SOC: 100.0%",1
2026-01-01T16:08:40Z,GRID_PASS,100.0,0.0,"B1 logic. V: 0.964, SOC: 100.0%",1
2026-01-01T16:08:45Z,GRID_PASS,100.0,0.0,"B1 logic. V: 0.964, SOC: 100.0%",1
2026-01-01T16:08:50Z,GRID_PASS,100.0,0.0,"B1 logic. V: 0.964, SOC: 100.0%",1
2026-01-01T16:08:55Z,GRID_PASS,100.0,0.0,"B1 logic. V: 0.964, SOC: 100.0%",1
2026-01-01T16:09:00Z,GRID_PASS,100.0,0.0,"B1 logic. V: 0.964, SOC: 100.0%",1
2026-01-01T16:09:05Z,GRID_PASS,100.0,0.0,"B1 logic. V: 0.964, SOC: 100.0%",1
2026-01-01T16:09:10Z,GRID_PASS,100.0,0.0,"B1 logic. V: 0.964, SOC: 100.0%",1
2026-01-01T16:09:15Z,GRID_PASS,100.0,0.0,"B1 logic. V: 0.964, SOC: 100.0%",1
2026-01-01T16:09:20Z,GRID_PASS,100.0,0.0,"B1 logic. V: 0.964, SOC: 100.0%",1
2026-01-01T16:09:25Z,GRID_PASS,100.0,0.0,"B1 logic. V: 0.964, SOC: 100.0%",1
2026-01-01T16:09:30Z,GRID_PASS,100.0,0.0,"B1 logic. V: 0.964, SOC: 100.0%",1
2026-01-01T16:09:35Z,GRID_PASS,100.0,0.0,"B1 logic. V: 0.964, SOC: 100.0%",1
2026-01-01T16:09:40Z,GRID_PASS,100.0,0.0,"B1 logic. V: 0.964, SOC: 100.0%",1
2026-01-01T16:09:45Z,GRID_PASS,100.0,0.0,"B1 logic. V: 0.964, SOC: 100.0%",1
2026-01-01T16:09:50Z,GRID_PASS,100.0,0.0,"B1 logic. V: 0.964, SOC: 100.0%",1
2026-01-01T16:09:55Z,GRID_PASS,100.0,0.0,"B1 logic. V: 0.964, SOC: 100.0%",1
2026-01-01T16:10:00Z,GRID_PASS,100.0,0.0,"B1 logic. V: 0.964, SOC: 100.0%",1
2026-01-01T16:10:05Z,GRID_PASS,100.0,0.0,"B1 logic. V: 0.964, SOC: 100.0%",1
2026-01-01T16:10:10Z,GRID_PASS,100.0,0.0,"B1 logic. V: 0.964, SOC: 100.0%",1
2026-01-01T16:10:15Z,GRID_PASS,100.0,0.0,"B1 logic. V: 0.964, SOC: 100.0%",1
2026-01-01T16:10:20Z,GRID_PASS,100.0,0.0,"B1 logic. V: 0.964, SOC: 100.0%",1
2026-01-01T16:10:25Z,GRID_PASS,100.0,0.0,"B1 logic. V: 0.964, SOC: 100.0%",1
2026-01-01T16:10:30Z,GRID_PASS,100.0,0.0,"B1 logic. V: 0.964, SOC: 100.0%",1
2026-01-01T16:10:35Z,GRID_PASS,100.0,0.0,"B1 logic. V: 0.964, SOC: 100.0%",1
2026-01-01T16:10:40Z,GRID_PASS,100.0,0.0,"B1 logic. V: 0.964, SOC: 100.0%",1
2026-01-01T16:10:45Z,GRID_PASS,100.0,0.0,"B1 logic. V: 0.964, SOC: 100.0%",1
2026-01-01T16:10:50Z,GRID_PASS,100.0,0.0,"B1 logic. V: 0.964, SOC: 100.0%",1
2026-01-01T16:10:55Z,GRID_PASS,100.0,0.0,"B1 logic. V: 0.964, SOC: 100.0%",1
2026-01-01T16:11:00Z,GRID_PASS,100.0,0.0,"B1 logic. V: 0.964, SOC: 100.0%",1
2026-01-01T16:11:05Z,GRID_PASS,100.0,0.0,"B1 logic. V: 0.963, SOC: 100.0%",1
2026-01-01T16:11:10Z,GRID_PASS,100.0,0.0,"B1 logic. V: 0.963, SOC: 100.0%",1
2026-01-01T16:11:15Z,GRID_PASS,100.0,0.0,"B1 logic. V: 0.963, SOC: 100.0%",1
2026-01-01T16:11:20Z,GRID_PASS,100.0,0.0,"B1 logic. V: 0.963, SOC: 100.0%",1
2026-01-01T16:11:25Z,GRID_PASS,100.0,0.0,"B1 logic. V: 0.963, SOC: 100.0%",1
2026-01-01T16:11:30Z,GRID_PASS,100.0,0.0,"B1 logic. V: 0.963, SOC: 100.0%",1
2026-01-01T16:11:35Z,GRID_PASS,100.0,0.0,"B1 logic. V: 0.963, SOC: 100.0%",1
2026-01-01T16:11:40Z,GRID_PASS,100.0,0.0,"B1 logic. V: 0.963, SOC: 100.0%",1
2026-01-01T16:11:45Z,GRID_PASS,100.0,0.0,"B1 logic. V: 0.963, SOC: 100.0%",1
2026-01-01T16:11:50Z,GRID_PASS,100.0,0.0,"B1 logic. V: 0.963, SOC: 100.0%",1
2026-01-01T16:11:55Z,GRID_PASS,100.0,0.0,"B1 logic. V: 0.963, SOC: 100.0%",1
2026-01-01T16:12:00Z,GRID_PASS,100.0,0.0,"B1 logic. V: 0.963, SOC: 100.0%",1
2026-01-01T16:12:05Z,GRID_PASS,100.0,0.0,"B1 logic. V: 0.963, SOC: 100.0%",1
2026-01-01T16:12:10Z,GRID_PASS,100.0,0.0,"B1 logic. V: 0.963, SOC: 100.0%",1
2026-01-01T16:12:15Z,GRID_PASS,100.0,0.0,"B1 logic. V: 0.963, SOC: 100.0%",1
2026-01-01T16:12:20Z,GRID_PASS,100.0,0.0,"B1 logic. V: 0.963, SOC: 100.0%",1
2026-01-01T16:12:25Z,GRID_PASS,100.0,0.0,"B1 logic. V: 0.963, SOC: 100.0%",1
2026-01-01T16:12:30Z,GRID_PASS,100.0,0.0,"B1 logic. V: 0.963, SOC: 100.0%",1
2026-01-01T16:12:35Z,GRID_PASS,100.0,0.0,"B1 logic. V: 0.963, SOC: 100.0%",1
2026-01-01T16:12:40Z,GRID_PASS,100.0,0.0,"B1 logic. V: 0.963, SOC: 100.0%",1
2026-01-01T16:12:45Z,GRID_PASS,100.0,0.0,"B1 logic. V: 0.963, SOC: 100.0%",1
2026-01-01T16:12:50Z,GRID_PASS,100.0,0.0,"B1 logic. V: 0.963, SOC: 100.0%",1
2026-01-01T16:12:55Z,GRID_PASS,100.0,0.0,"B1 logic. V: 0.963, SOC: 100.0%",1
2026-01-01T16:13:00Z,GRID_PASS,100.0,0.0,"B1 logic. V: 0.963, SOC: 100.0%",1
2026-01-01T16:13:05Z,GRID_PASS,100.0,0.0,"B1 logic. V: 0.963, SOC: 100.0%",1
2026-01-01T16:13:10Z,GRID_PASS,100.0,0.0,"B1 logic. V: 0.963, SOC: 100.0%",1
2026-01-01T16:13:15Z,GRID_PASS,100.0,0.0,"B1 logic. V: 0.963, SOC: 100.0%",1
2026-01-01T16:13:20Z,GRID_PASS,100.0,0.0,"B1 logic. V: 0.963, SOC: 100.0%",1
2026-01-01T16:13:25Z,GRID_PASS,100.0,0.0,"B1 logic. V: 0.963, SOC: 100.0%",1
2026-01-01T16:13:30Z,GRID_PASS,100.0,0.0,"B1 logic. V: 0.963, SOC: 100.0%",1
2026-01-01T16:13:35Z,GRID_PASS,100.0,0.0,"B1 logic. V: 0.963, SOC: 100.0%",1
2026-01-01T16:13:40Z,GRID_PASS,100.0,0.0,"B1 logic. V: 0.963, SOC: 100.0%",1
2026-01-01T16:13:45Z,GRID_PASS,100.0,0.0,"B1 logic. V: 0.963, SOC: 100.0%",1
2026-01-01T16:13:50Z,GRID_PASS,100.0,0.0,"B1 logic. V: 0.963, SOC: 100.0%",1
2026-01-01T16:13:55Z,GRID_PASS,100.0,0.0,"B1 logic. V: 0.963, SOC: 100.0%",1
2026-01-01T16:14:00Z,GRID_PASS,100.0,0.0,"B1 logic. V: 0.963, SOC: 100.0%",1
2026-01-01T16:14:05Z,GRID_PASS,100.0,0.0,"B1 logic. V: 0.963, SOC: 100.0%",1
2026-01-01T16:14:10Z,GRID_PASS,100.0,0.0,"B1 logic. V: 0.963, SOC: 100.0%",1
2026-01-01T16:14:15Z,GRID_PASS,100.0,0.0,"B1 logic. V: 0.963, SOC: 100.0%",1
2026-01-01T16:14:20Z,GRID_PASS,100.0,0.0,"B1 logic. V: 0.963, SOC: 100.0%",1
2026-01-01T16:14:25Z,GRID_PASS,100.0,0.0,"B1 logic. V: 0.963, SOC: 100.0%",1
2026-01-01T16:14:30Z,GRID_PASS,100.0,0.0,"B1 logic. V: 0.963, SOC: 100.0%",1
2026-01-01T16:14:35Z,GRID_PASS,100.0,0.0,"B1 logic. V: 0.963, SOC: 100.0%",1
2026-01-01T16:14:40Z,GRID_PASS,100.0,0.0,"B1 logic. V: 0.963, SOC: 100.0%",1
2026-01-01T16:14:45Z,GRID_PASS,100.0,0.0,"B1 logic. V: 0.963, SOC: 100.0%",1
2026-01-01T16:14:50Z,GRID_PASS,100.0,0.0,"B1 logic. V: 0.963, SOC: 100.0%",1
2026-01-01T16:14:55Z,GRID_PASS,100.0,0.0,"B1 logic. V: 0.963, SOC: 100.0%",1
2026-01-01T16:15:00Z,GRID_PASS,100.0,0.0,"B1 logic. V: 0.963, SOC: 100.0%",1
2026-01-01T16:15:05Z,GRID_PASS,100.0,0.0,"B1 logic. V: 0.963, SOC: 100.0%",1
2026-01-01T16:15:10Z,GRID_PASS,100.0,0.0,"B1 logic. V: 0.963, SOC: 100.0%",1
2026-01-01T16:15:15Z,GRID_PASS,100.0,0.0,"B1 logic. V: 0.963, SOC: 100.0%",1
2026-01-01T16:15:20Z,GRID_PASS,100.0,0.0,"B1 logic. V: 0.963, SOC: 100.0%",1
2026-01-01T16:15:25Z,GRID_PASS,100.0,0.0,"B1 logic. V: 0.963, SOC: 100.0%",1
2026-01-01T16:15:30Z,GRID_PASS,100.0,0.0,"B1 logic. V: 0.963, SOC: 100.0%",1
2026-01-01T16:15:35Z,GRID_PASS,100.0,0.0,"B1 logic. V: 0.963, SOC: 100.0%",1
2026-01-01T16:15:40Z,GRID_PASS,100.0,0.0,"B1 logic. V: 0.963, SOC: 100.0%",1
2026-01-01T16:15:45Z,GRID_PASS,100.0,0.0,"B1 logic. V: 0.963, SOC: 100.0%",1
2026-01-01T16:15:50Z,GRID_PASS,100.0,0.0,"B1 logic. V: 0.963, SOC: 100.0%",1
2026-01-01T16:15:55Z,GRID_PASS,100.0,0.0,"B1 logic. V: 0.963, SOC: 100.0%",1
2026-01-01T16:16:00Z,GRID_PASS,100.0,0.0,"B1 logic. V: 0.963, SOC: 100.0%",1
2026-01-01T16:16:05Z,GRID_PASS,100.0,0.0,"B1 logic. V: 0.963, SOC: 100.0%",1
2026-01-01T16:16:10Z,GRID_PASS,100.0,0.0,"B1 logic. V: 0.963, SOC: 100.0%",1
2026-01-01T16:16:15Z,GRID_PASS,100.0,0.0,"B1 logic. V: 0.963, SOC: 100.0%",1
2026-01-01T16:16:20Z,GRID_PASS,100.0,0.0,"B1 logic. V: 0.963, SOC: 100.0%",1
2026-01-01T16:16:25Z,GRID_PASS,100.0,0.0,"B1 logic. V: 0.963, SOC: 100.0%",1
2026-01-01T16:16:30Z,GRID_PASS,100.0,0.0,"B1 logic. V: 0.963, SOC: 100.0%",1
2026-01-01T16:16:35Z,GRID_PASS,100.0,0.0,"B1 logic. V: 0.963, SOC: 100.0%",1
2026-01-01T16:16:40Z,GRID_PASS,100.0,0.0,"B1 logic. V: 0.963, SOC: 100.0%",1
2026-01-01T16:16:45Z,GRID_PASS,100.0,0.0,"B1 logic. V: 0.963, SOC: 100.0%",1
2026-01-01T16:16:50Z,GRID_PASS,100.0,0.0,"B1 logic. V: 0.963, SOC: 100.0%",1
2026-01-01T16:16:55Z,GRID_PASS,100.0,0.0,"B1 logic. V: 0.963, SOC: 100.0%",1
2026-01-01T16:17:00Z,GRID_PASS,100.0,0.0,"B1 logic. V: 0.963, SOC: 100.0%",1
2026-01-01T16:17:05Z,GRID_PASS,100.0,0.0,"B1 logic. V: 0.963, SOC: 100.0%",1
2026-01-01T16:17:10Z,GRID_PASS,100.0,0.0,"B1 logic. V: 0.963, SOC: 100.0%",1
2026-01-01T16:17:15Z,GRID_PASS,100.0,0.0,"B1 logic. V: 0.963, SOC: 100.0%",1
2026-01-01T16:17:20Z,GRID_PASS,100.0,0.0,"B1 logic. V: 0.963, SOC: 100.0%",1
2026-01-01T16:17:25Z,GRID_PASS,100.0,0.0,"B1 logic. V: 0.963, SOC: 100.0%",1
2026-01-01T16:17:30Z,GRID_PASS,100.0,0.0,"B1 logic. V: 0.963, SOC: 100.0%",1
2026-01-01T16:17:35Z,GRID_PASS,100.0,0.0,"B1 logic. V: 0.963, SOC: 100.0%",1
2026-01-01T16:17:40Z,GRID_PASS,100.0,0.0,"B1 logic. V: 0.963, SOC: 100.0%",1
2026-01-01T16:17:45Z,GRID_PASS,100.0,0.0,"B1 logic. V: 0.963, SOC: 100.0%",1
2026-01-01T16:17:50Z,GRID_PASS,100.0,0.0,"B1 logic. V: 0.963, SOC: 100.0%",1
2026-01-01T16:17:55Z,GRID_PASS,100.0,0.0,"B1 logic. V: 0.963, SOC: 100.0%",1
2026-01-01T16:18:00Z,GRID_PASS,100.0,0.0,"B1 logic. V: 0.963, SOC: 100.0%",1
2026-01-01T16:18:05Z,GRID_PASS,100.0,0.0,"B1 logic. V: 0.963, SOC: 100.0%",1
2026-01-01T16:18:10Z,GRID_PASS,100.0,0.0,"B1 logic. V: 0.963, SOC: 100.0%",1
2026-01-01T16:18:15Z,GRID_PASS,100.0,0.0,"B1 logic. V: 0.963, SOC: 100.0%",1
2026-01-01T16:18:20Z,GRID_PASS,100.0,0.0,"B1 logic. V: 0.963, SOC: 100.0%",1
2026-01-01T16:18:25Z,GRID_PASS,100.0,0.0,"B1 logic. V: 0.963, SOC: 100.0%",1
2026-01-01T16:18:30Z,GRID_PASS,100.0,0.0,"B1 logic. V: 0.963, SOC: 100.0%",1
2026-01-01T16:18:35Z,GRID_PASS,100.0,0.0,"B1 logic. V: 0.963, SOC: 100.0%",1
2026-01-01T16:18:40Z,GRID_PASS,100.0,0.0,"B1 logic. V: 0.963, SOC: 100.0%",1
2026-01-01T16:18:45Z,GRID_PASS,100.0,0.0,"B1 logic. V: 0.963, SOC: 100.0%",1
2026-01-01T16:18:50Z,GRID_PASS,100.0,0.0,"B1 logic. V: 0.963, SOC: 100.0%",1
2026-01-01T16:18:55Z,GRID_PASS,100.0,0.0,"B1 logic. V: 0.963, SOC: 100.0%",1
2026-01-01T16:19:00Z,GRID_PASS,100.0,0.0,"B1 logic. V: 0.963, SOC: 100.0%",1
2026-01-01T16:19:05Z,GRID_PASS,100.0,0.0,"B1 logic. V: 0.962, SOC: 100.0%",1
2026-01-01T16:19:10Z,GRID_PASS,100.0,0.0,"B1 logic. V: 0.962, SOC: 100.0%",1
2026-01-01T16:19:15Z,GRID_PASS,100.0,0.0,"B1 logic. V: 0.962, SOC: 100.0%",1
2026-01-01T16:19:20Z,GRID_PASS,100.0,0.0,"B1 logic. V: 0.962, SOC: 100.0%",1
2026-01-01T16:19:25Z,GRID_PASS,100.0,0.0,"B1 logic. V: 0.962, SOC: 100.0%",1
2026-01-01T16:19:30Z,GRID_PASS,100.0,0.0,"B1 logic. V: 0.962, SOC: 100.0%",1
2026-01-01T16:19:35Z,GRID_PASS,100.0,0.0,"B1 logic. V: 0.962, SOC: 100.0%",1
2026-01-01T16:19:40Z,GRID_PASS,100.0,0.0,"B1 logic. V: 0.962, SOC: 100.0%",1
2026-01-01T16:19:45Z,GRID_PASS,100.0,0.0,"B1 logic. V: 0.962, SOC: 100.0%",1
2026-01-01T16:19:50Z,GRID_PASS,100.0,0.0,"B1 logic. V: 0.962, SOC: 100.0%",1
2026-01-01T16:19:55Z,GRID_PASS,100.0,0.0,"B1 logic. V: 0.962, SOC: 100.0%",1
2026-01-01T16:20:00Z,GRID_PASS,100.0,0.0,"B1 logic. V: 0.962, SOC: 100.0%",1
2026-01-01T16:20:05Z,GRID_PASS,100.0,0.0,"B1 logic. V: 0.962, SOC: 100.0%",1
2026-01-01T16:20:10Z,GRID_PASS,100.0,0.0,"B1 logic. V: 0.962, SOC: 100.0%",1
2026-01-01T16:20:15Z,GRID_PASS,100.0,0.0,"B1 logic. V: 0.962, SOC: 100.0%",1
2026-01-01T16:20:20Z,GRID_PASS,100.0,0.0,"B1 logic. V: 0.962, SOC: 100.0%",1
2026-01-01T16:20:25Z,GRID_PASS,100.0,0.0,"B1 logic. V: 0.962, SOC: 100.0%",1
2026-01-01T16:20:30Z,GRID_PASS,100.0,0.0,"B1 logic. V: 0.962, SOC: 100.0%",1
2026-01-01T16:20:35Z,GRID_PASS,100.0,0.0,"B1 logic. V: 0.962, SOC: 100.0%",1
2026-01-01T16:20:40Z,GRID_PASS,100.0,0.0,"B1 logic. V: 0.962, SOC: 100.0%",1
2026-01-01T16:20:45Z,GRID_PASS,100.0,0.0,"B1 logic. V: 0.962, SOC: 100.0%",1
2026-01-01T16:20:50Z,GRID_PASS,100.0,0.0,"B1 logic. V: 0.962, SOC: 100.0%",1
2026-01-01T16:20:55Z,GRID_PASS,100.0,0.0,"B1 logic. V: 0.962, SOC: 100.0%",1
2026-01-01T16:21:00Z,GRID_PASS,100.0,0.0,"B1 logic. V: 0.962, SOC: 100.0%",1
2026-01-01T16:21:05Z,GRID_PASS,100.0,0.0,"B1 logic. V: 0.962, SOC: 100.0%",1
2026-01-01T16:21:10Z,GRID_PASS,100.0,0.0,"B1 logic. V: 0.962, SOC: 100.0%",1
2026-01-01T16:21:15Z,GRID_PASS,100.0,0.0,"B1 logic. V: 0.962, SOC: 100.0%",1
2026-01-01T16:21:20Z,GRID_PASS,100.0,0.0,"B1 logic. V: 0.962, SOC: 100.0%",1
2026-01-01T16:21:25Z,GRID_PASS,100.0,0.0,"B1 logic. V: 0.962, SOC: 100.0%",1
2026-01-01T16:21:30Z,GRID_PASS,100.0,0.0,"B1 logic. V: 0.962, SOC: 100.0%",1
2026-01-01T16:21:35Z,GRID_PASS,100.0,0.0,"B1 logic. V: 0.962, SOC: 100.0%",1
2026-01-01T16:21:40Z,GRID_PASS,100.0,0.0,"B1 logic. V: 0.962, SOC: 100.0%",1
2026-01-01T16:21:45Z,GRID_PASS,100.0,0.0,"B1 logic. V: 0.962, SOC: 100.0%",1
2026-01-01T16:21:50Z,GRID_PASS,100.0,0.0,"B1 logic. V: 0.962, SOC: 100.0%",1
2026-01-01T16:21:55Z,GRID_PASS,100.0,0.0,"B1 logic. V: 0.962, SOC: 100.0%",1
2026-01-01T16:22:00Z,GRID_PASS,100.0,0.0,"B1 logic. V: 0.962, SOC: 100.0%",1
2026-01-01T16:22:05Z,GRID_PASS,100.0,0.0,"B1 logic. V: 0.962, SOC: 100.0%",1
2026-01-01T16:22:10Z,GRID_PASS,100.0,0.0,"B1 logic. V: 0.962, SOC: 100.0%",1
2026-01-01T16:22:15Z,GRID_PASS,100.0,0.0,"B1 logic. V: 0.962, SOC: 100.0%",1
2026-01-01T16:22:20Z,GRID_PASS,100.0,0.0,"B1 logic. V: 0.962, SOC: 100.0%",1
2026-01-01T16:22:25Z,GRID_PASS,100.0,0.0,"B1 logic. V: 0.962, SOC: 100.0%",1
2026-01-01T16:22:30Z,GRID_PASS,100.0,0.0,"B1 logic. V: 0.962, SOC: 100.0%",1
2026-01-01T16:22:35Z,GRID_PASS,100.0,0.0,"B1 logic. V: 0.962, SOC: 100.0%",1
2026-01-01T16:22:40Z,GRID_PASS,100.0,0.0,"B1 logic. V: 0.962, SOC: 100.0%",1
2026-01-01T16:22:45Z,GRID_PASS,100.0,0.0,"B1 logic. V: 0.962, SOC: 100.0%",1
2026-01-01T16:22:50Z,GRID_PASS,100.0,0.0,"B1 logic. V: 0.962, SOC: 100.0%",1
2026-01-01T16:22:55Z,GRID_PASS,100.0,0.0,"B1 logic. V: 0.962, SOC: 100.0%",1
2026-01-01T16:23:00Z,GRID_PASS,100.0,0.0,"B1 logic. V: 0.962, SOC: 100.0%",1
2026-01-01T16:23:05Z,GRID_PASS,100.0,0.0,"B1 logic. V: 0.962, SOC: 100.0%",1
2026-01-01T16:23:10Z,GRID_PASS,100.0,0.0,"B1 logic. V: 0.962, SOC: 100.0%",1
2026-01-01T16:23:15Z,GRID_PASS,100.0,0.0,"B1 logic. V: 0.962, SOC: 100.0%",1
2026-01-01T16:23:20Z,GRID_PASS,100.0,0.0,"B1 logic. V: 0.962, SOC: 100.0%",1
2026-01-01T16:23:25Z,GRID_PASS,100.0,0.0,"B1 logic. V: 0.962, SOC: 100.0%",1
2026-01-01T16:23:30Z,GRID_PASS,100.0,0.0,"B1 logic. V: 0.962, SOC: 100.0%",1
2026-01-01T16:23:35Z,GRID_PASS,100.0,0.0,"B1 logic. V: 0.962, SOC: 100.0%",1
2026-01-01T16:23:40Z,GRID_PASS,100.0,0.0,"B1 logic. V: 0.962, SOC: 100.0%",1
2026-01-01T16:23:45Z,GRID_PASS,100.0,0.0,"B1 logic. V: 0.962, SOC: 100.0%",1
2026-01-01T16:23:50Z,GRID_PASS,100.0,0.0,"B1 logic. V: 0.962, SOC: 100.0%",1
2026-01-01T16:23:55Z,GRID_PASS,100.0,0.0,"B1 logic. V: 0.962, SOC: 100.0%",1
2026-01-01T16:24:00Z,GRID_PASS,100.0,0.0,"B1 logic. V: 0.962, SOC: 100.0%",1
2026-01-01T16:24:05Z,GRID_PASS,100.0,0.0,"B1 logic. V: 0.962, SOC: 100.0%",1
2026-01-01T16:24:10Z,GRID_PASS,100.0,0.0,"B1 logic. V: 0.962, SOC: 100.0%",1
2026-01-01T16:24:15Z,GRID_PASS,100.0,0.0,"B1 logic. V: 0.962, SOC: 100.0%",1
2026-01-01T16:24:20Z,GRID_PASS,100.0,0.0,"B1 logic. V: 0.962, SOC: 100.0%",1
2026-01-01T16:24:25Z,GRID_PASS,100.0,0.0,"B1 logic. V: 0.962, SOC: 100.0%",1
2026-01-01T16:24:30Z,GRID_PASS,100.0,0.0,"B1 logic. V: 0.962, SOC: 100.0%",1
2026-01-01T16:24:35Z,GRID_PASS,100.0,0.0,"B1 logic. V: 0.962, SOC: 100.0%",1
2026-01-01T16:24:40Z,GRID_PASS,100.0,0.0,"B1 logic. V: 0.962, SOC: 100.0%",1
2026-01-01T16:24:45Z,GRID_PASS,100.0,0.0,"B1 logic. V: 0.962, SOC: 100.0%",1
2026-01-01T16:24:50Z,GRID_PASS,100.0,0.0,"B1 logic. V: 0.962, SOC: 100.0%",1
2026-01-01T16:24:55Z,GRID_PASS,100.0,0.0,"B1 logic. V: 0.962, SOC: 100.0%",1
2026-01-01T16:25:00Z,GRID_PASS,100.0,0.0,"B1 logic. V: 0.962, SOC: 100.0%",1
2026-01-01T16:25:05Z,GRID_PASS,100.0,0.0,"B1 logic. V: 0.962, SOC: 100.0%",1
2026-01-01T16:25:10Z,GRID_PASS,100.0,0.0,"B1 logic. V: 0.962, SOC: 100.0%",1
2026-01-01T16:25:15Z,GRID_PASS,100.0,0.0,"B1 logic. V: 0.962, SOC: 100.0%",1
2026-01-01T16:25:20Z,GRID_PASS,100.0,0.0,"B1 logic. V: 0.962, SOC: 100.0%",1
2026-01-01T16:25:25Z,GRID_PASS,100.0,0.0,"B1 logic. V: 0.962, SOC: 100.0%",1
2026-01-01T16:25:30Z,GRID_PASS,100.0,0.0,"B1 logic. V: 0.962, SOC: 100.0%",1
2026-01-01T16:25:35Z,GRID_PASS,100.0,0.0,"B1 logic. V: 0.962, SOC: 100.0%",1
2026-01-01T16:25:40Z,GRID_PASS,100.0,0.0,"B1 logic. V: 0.962, SOC: 100.0%",1
2026-01-01T16:25:45Z,GRID_PASS,100.0,0.0,"B1 logic. V: 0.962, SOC: 100.0%",1
2026-01-01T16:25:50Z,GRID_PASS,100.0,0.0,"B1 logic. V: 0.962, SOC: 100.0%",1
2026-01-01T16:25:55Z,GRID_PASS,100.0,0.0,"B1 logic. V: 0.962, SOC: 100.0%",1
2026-01-01T16:26:00Z,GRID_PASS,100.0,0.0,"B1 logic. V: 0.962, SOC: 100.0%",1
2026-01-01T16:26:05Z,GRID_PASS,100.0,0.0,"B1 logic. V: 0.961, SOC: 100.0%",1
2026-01-01T16:26:10Z,GRID_PASS,100.0,0.0,"B1 logic. V: 0.961, SOC: 100.0%",1
2026-01-01T16:26:15Z,GRID_PASS,100.0,0.0,"B1 logic. V: 0.961, SOC: 100.0%",1
2026-01-01T16:26:20Z,GRID_PASS,100.0,0.0,"B1 logic. V: 0.961, SOC: 100.0%",1
2026-01-01T16:26:25Z,GRID_PASS,100.0,0.0,"B1 logic. V: 0.961, SOC: 100.0%",1
2026-01-01T16:26:30Z,GRID_PASS,100.0,0.0,"B1 logic. V: 0.961, SOC: 100.0%",1
2026-01-01T16:26:35Z,GRID_PASS,100.0,0.0,"B1 logic. V: 0.961, SOC: 100.0%",1
2026-01-01T16:26:40Z,GRID_PASS,100.0,0.0,"B1 logic. V: 0.961, SOC: 100.0%",1
2026-01-01T16:26:45Z,GRID_PASS,100.0,0.0,"B1 logic. V: 0.961, SOC: 100.0%",1
2026-01-01T16:26:50Z,GRID_PASS,100.0,0.0,"B1 logic. V: 0.961, SOC: 100.0%",1
2026-01-01T16:26:55Z,GRID_PASS,100.0,0.0,"B1 logic. V: 0.961, SOC: 100.0%",1
2026-01-01T16:27:00Z,GRID_PASS,100.0,0.0,"B1 logic. V: 0.961, SOC: 100.0%",1
2026-01-01T16:27:05Z,GRID_PASS,100.0,0.0,"B1 logic. V: 0.961, SOC: 100.0%",1
2026-01-01T16:27:10Z,GRID_PASS,100.0,0.0,"B1 logic. V: 0.961, SOC: 100.0%",1
2026-01-01T16:27:15Z,GRID_PASS,100.0,0.0,"B1 logic. V: 0.961, SOC: 100.0%",1
2026-01-01T16:27:20Z,GRID_PASS,100.0,0.0,"B1 logic. V: 0.961, SOC: 100.0%",1
2026-01-01T16:27:25Z,GRID_PASS,100.0,0.0,"B1 logic. V: 0.961, SOC: 100.0%",1
2026-01-01T16:27:30Z,GRID_PASS,100.0,0.0,"B1 logic. V: 0.961, SOC: 100.0%",1
2026-01-01T16:27:35Z,GRID_PASS,100.0,0.0,"B1 logic. V: 0.961, SOC: 100.0%",1
2026-01-01T16:27:40Z,GRID_PASS,100.0,0.0,"B1 logic. V: 0.961, SOC: 100.0%",1
2026-01-01T16:27:45Z,GRID_PASS,100.0,0.0,"B1 logic. V: 0.961, SOC: 100.0%",1
2026-01-01T16:27:50Z,GRID_PASS,100.0,0.0,"B1 logic. V: 0.961, SOC: 100.0%",1
2026-01-01T16:27:55Z,GRID_PASS,100.0,0.0,"B1 logic. V: 0.961, SOC: 100.0%",1
2026-01-01T16:28:00Z,GRID_PASS,100.0,0.0,"B1 logic. V: 0.961, SOC: 100.0%",1
2026-01-01T16:28:05Z,GRID_PASS,100.0,0.0,"B1 logic. V: 0.961, SOC: 100.0%",1
2026-01-01T16:28:10Z,GRID_PASS,100.0,0.0,"B1 logic. V: 0.961, SOC: 100.0%",1
2026-01-01T16:28:15Z,GRID_PASS,100.0,0.0,"B1 logic. V: 0.961, SOC: 100.0%",1
2026-01-01T16:28:20Z,GRID_PASS,100.0,0.0,"B1 logic. V: 0.961, SOC: 100.0%",1
2026-01-01T16:28:25Z,GRID_PASS,100.0,0.0,"B1 logic. V: 0.961, SOC: 100.0%",1
2026-01-01T16:28:30Z,GRID_PASS,100.0,0.0,"B1 logic. V: 0.961, SOC: 100.0%",1
2026-01-01T16:28:35Z,GRID_PASS,100.0,0.0,"B1 logic. V: 0.961, SOC: 100.0%",1
2026-01-01T16:28:40Z,GRID_PASS,100.0,0.0,"B1 logic. V: 0.961, SOC: 100.0%",1
2026-01-01T16:28:45Z,GRID_PASS,100.0,0.0,"B1 logic. V: 0.961, SOC: 100.0%",1
2026-01-01T16:28:50Z,GRID_PASS,100.0,0.0,"B1 logic. V: 0.961, SOC: 100.0%",1
2026-01-01T16:28:55Z,GRID_PASS,100.0,0.0,"B1 logic. V: 0.961, SOC: 100.0%",1
2026-01-01T16:29:00Z,GRID_PASS,100.0,0.0,"B1 logic. V: 0.961, SOC: 100.0%",1
2026-01-01T16:29:05Z,GRID_PASS,100.0,0.0,"B1 logic. V: 0.961, SOC: 100.0%",1
2026-01-01T16:29:10Z,GRID_PASS,100.0,0.0,"B1 logic. V: 0.961, SOC: 100.0%",1
2026-01-01T16:29:15Z,GRID_PASS,100.0,0.0,"B1 logic. V: 0.961, SOC: 100.0%",1
2026-01-01T16:29:20Z,GRID_PASS,100.0,0.0,"B1 logic. V: 0.961, SOC: 100.0%",1
2026-01-01T16:29:25Z,GRID_PASS,100.0,0.0,"B1 logic. V: 0.961, SOC: 100.0%",1
2026-01-01T16:29:30Z,GRID_PASS,100.0,0.0,"B1 logic. V: 0.961, SOC: 100.0%",1
2026-01-01T16:29:35Z,GRID_PASS,100.0,0.0,"B1 logic. V: 0.961, SOC: 100.0%",1
2026-01-01T16:29:40Z,GRID_PASS,100.0,0.0,"B1 logic. V: 0.961, SOC: 100.0%",1
2026-01-01T16:29:45Z,GRID_PASS,100.0,0.0,"B1 logic. V: 0.961, SOC: 100.0%",1
2026-01-01T16:29:50Z,GRID_PASS,100.0,0.0,"B1 logic. V: 0.961, SOC: 100.0%",1
2026-01-01T16:29:55Z,GRID_PASS,100.0,0.0,"B1 logic. V: 0.961, SOC: 100.0%",1
2026-01-01T16:30:00Z,GRID_PASS,100.0,0.0,"B1 logic. V: 0.961, SOC: 100.0%",1
2026-01-01T16:30:05Z,GRID_PASS,100.0,0.0,"B1 logic. V: 0.961, SOC: 100.0%",1
2026-01-01T16:30:10Z,GRID_PASS,100.0,0.0,"B1 logic. V: 0.961, SOC: 100.0%",1
2026-01-01T16:30:15Z,GRID_PASS,100.0,0.0,"B1 logic. V: 0.961, SOC: 100.0%",1
2026-01-01T16:30:20Z,GRID_PASS,100.0,0.0,"B1 logic. V: 0.961, SOC: 100.0%",1
2026-01-01T16:30:25Z,GRID_PASS,100.0,0.0,"B1 logic. V: 0.961, SOC: 100.0%",1
2026-01-01T16:30:30Z,GRID_PASS,100.0,0.0,"B1 logic. V: 0.961, SOC: 100.0%",1
2026-01-01T16:30:35Z,GRID_PASS,100.0,0.0,"B1 logic. V: 0.961, SOC: 100.0%",1
2026-01-01T16:30:40Z,GRID_PASS,100.0,0.0,"B1 logic. V: 0.961, SOC: 100.0%",1
2026-01-01T16:30:45Z,GRID_PASS,100.0,0.0,"B1 logic. V: 0.961, SOC: 100.0%",1
2026-01-01T16:30:50Z,GRID_PASS,100.0,0.0,"B1 logic. V: 0.961, SOC: 100.0%",1
2026-01-01T16:30:55Z,GRID_PASS,100.0,0.0,"B1 logic. V: 0.961, SOC: 100.0%",1
2026-01-01T16:31:00Z,GRID_PASS,100.0,0.0,"B1 logic. V: 0.961, SOC: 100.0%",1
2026-01-01T16:31:05Z,GRID_PASS,100.0,0.0,"B1 logic. V: 0.961, SOC: 100.0%",1
2026-01-01T16:31:10Z,GRID_PASS,100.0,0.0,"B1 logic. V: 0.961, SOC: 100.0%",1
2026-01-01T16:31:15Z,GRID_PASS,100.0,0.0,"B1 logic. V: 0.961, SOC: 100.0%",1
2026-01-01T16:31:20Z,GRID_PASS,100.0,0.0,"B1 logic. V: 0.961, SOC: 100.0%",1
2026-01-01T16:31:25Z,GRID_PASS,100.0,0.0,"B1 logic. V: 0.961, SOC: 100.0%",1
2026-01-01T16:31:30Z,GRID_PASS,100.0,0.0,"B1 logic. V: 0.961, SOC: 100.0%",1
2026-01-01T16:31:35Z,GRID_PASS,100.0,0.0,"B1 logic. V: 0.961, SOC: 100.0%",1
2026-01-01T16:31:40Z,GRID_PASS,100.0,0.0,"B1 logic. V: 0.961, SOC: 100.0%",1
2026-01-01T16:31:45Z,GRID_PASS,100.0,0.0,"B1 logic. V: 0.961, SOC: 100.0%",1
2026-01-01T16:31:50Z,GRID_PASS,100.0,0.0,"B1 logic. V: 0.961, SOC: 100.0%",1
2026-01-01T16:31:55Z,GRID_PASS,100.0,0.0,"B1 logic. V: 0.961, SOC: 100.0%",1
2026-01-01T16:32:00Z,GRID_PASS,100.0,0.0,"B1 logic. V: 0.961, SOC: 100.0%",1
2026-01-01T16:32:05Z,GRID_PASS,100.0,0.0,"B1 logic. V: 0.960, SOC: 100.0%",1
2026-01-01T16:32:10Z,GRID_PASS,100.0,0.0,"B1 logic. V: 0.960, SOC: 100.0%",1
2026-01-01T16:32:15Z,GRID_PASS,100.0,0.0,"B1 logic. V: 0.960, SOC: 100.0%",1
2026-01-01T16:32:20Z,GRID_PASS,100.0,0.0,"B1 logic. V: 0.960, SOC: 100.0%",1
2026-01-01T16:32:25Z,GRID_PASS,100.0,0.0,"B1 logic. V: 0.960, SOC: 100.0%",1
2026-01-01T16:32:30Z,GRID_PASS,100.0,0.0,"B1 logic. V: 0.960, SOC: 100.0%",1
2026-01-01T16:32:35Z,GRID_PASS,100.0,0.0,"B1 logic. V: 0.960, SOC: 100.0%",1
2026-01-01T16:32:40Z,GRID_PASS,100.0,0.0,"B1 logic. V: 0.960, SOC: 100.0%",1
2026-01-01T16:32:45Z,GRID_PASS,100.0,0.0,"B1 logic. V: 0.960, SOC: 100.0%",1
2026-01-01T16:32:50Z,GRID_PASS,100.0,0.0,"B1 logic. V: 0.960, SOC: 100.0%",1
2026-01-01T16:32:55Z,GRID_PASS,100.0,0.0,"B1 logic. V: 0.960, SOC: 100.0%",1
2026-01-01T16:33:00Z,GRID_PASS,100.0,0.0,"B1 logic. V: 0.960, SOC: 100.0%",1
2026-01-01T16:33:05Z,GRID_PASS,100.0,0.0,"B1 logic. V: 0.960, SOC: 100.0%",1
2026-01-01T16:33:10Z,GRID_PASS,100.0,0.0,"B1 logic. V: 0.960, SOC: 100.0%",1
2026-01-01T16:33:15Z,GRID_PASS,100.0,0.0,"B1 logic. V: 0.960, SOC: 100.0%",1
2026-01-01T16:33:20Z,GRID_PASS,100.0,0.0,"B1 logic. V: 0.960, SOC: 100.0%",1
2026-01-01T16:33:25Z,GRID_PASS,100.0,0.0,"B1 logic. V: 0.960, SOC: 100.0%",1
2026-01-01T16:33:30Z,GRID_PASS,100.0,0.0,"B1 logic. V: 0.960, SOC: 100.0%",1
2026-01-01T16:33:35Z,GRID_PASS,100.0,0.0,"B1 logic. V: 0.960, SOC: 100.0%",1
2026-01-01T16:33:40Z,GRID_PASS,100.0,0.0,"B1 logic. V: 0.960, SOC: 100.0%",1
2026-01-01T16:33:45Z,GRID_PASS,100.0,0.0,"B1 logic. V: 0.960, SOC: 100.0%",1
2026-01-01T16:33:50Z,GRID_PASS,100.0,0.0,"B1 logic. V: 0.960, SOC: 100.0%",1
2026-01-01T16:33:55Z,GRID_PASS,100.0,0.0,"B1 logic. V: 0.960, SOC: 100.0%",1
2026-01-01T16:34:00Z,GRID_PASS,100.0,0.0,"B1 logic. V: 0.960, SOC: 100.0%",1
2026-01-01T16:34:05Z,GRID_PASS,100.0,0.0,"B1 logic. V: 0.960, SOC: 100.0%",1
2026-01-01T16:34:10Z,GRID_PASS,100.0,0.0,"B1 logic. V: 0.960, SOC: 100.0%",1
2026-01-01T16:34:15Z,GRID_PASS,100.0,0.0,"B1 logic. V: 0.960, SOC: 100.0%",1
2026-01-01T16:34:20Z,GRID_PASS,100.0,0.0,"B1 logic. V: 0.960, SOC: 100.0%",1
2026-01-01T16:34:25Z,GRID_PASS,100.0,0.0,"B1 logic. V: 0.960, SOC: 100.0%",1
2026-01-01T16:34:30Z,GRID_PASS,100.0,0.0,"B1 logic. V: 0.960, SOC: 100.0%",1
2026-01-01T16:34:35Z,GRID_PASS,100.0,0.0,"B1 logic. V: 0.960, SOC: 100.0%",1
2026-01-01T16:34:40Z,GRID_PASS,100.0,0.0,"B1 logic. V: 0.960, SOC: 100.0%",1
2026-01-01T16:34:45Z,GRID_PASS,100.0,0.0,"B1 logic. V: 0.960, SOC: 100.0%",1
2026-01-01T16:34:50Z,GRID_PASS,100.0,0.0,"B1 logic. V: 0.960, SOC: 100.0%",1
2026-01-01T16:34:55Z,GRID_PASS,100.0,0.0,"B1 logic. V: 0.960, SOC: 100.0%",1
2026-01-01T16:35:00Z,GRID_PASS,100.0,0.0,"B1 logic. V: 0.960, SOC: 100.0%",1
2026-01-01T16:35:05Z,GRID_PASS,100.0,0.0,"B1 logic. V: 0.960, SOC: 100.0%",1
2026-01-01T16:35:10Z,GRID_PASS,100.0,0.0,"B1 logic. V: 0.960, SOC: 100.0%",1
2026-01-01T16:35:15Z,GRID_PASS,100.0,0.0,"B1 logic. V: 0.960, SOC: 100.0%",1
2026-01-01T16:35:20Z,GRID_PASS,100.0,0.0,"B1 logic. V: 0.960, SOC: 100.0%",1
2026-01-01T16:35:25Z,GRID_PASS,100.0,0.0,"B1 logic. V: 0.960, SOC: 100.0%",1
2026-01-01T16:35:30Z,GRID_PASS,100.0,0.0,"B1 logic. V: 0.960, SOC: 100.0%",1
2026-01-01T16:35:35Z,GRID_PASS,100.0,0.0,"B1 logic. V: 0.960, SOC: 100.0%",1
2026-01-01T16:35:40Z,GRID_PASS,100.0,0.0,"B1 logic. V: 0.960, SOC: 100.0%",1
2026-01-01T16:35:45Z,GRID_PASS,100.0,0.0,"B1 logic. V: 0.960, SOC: 100.0%",1
2026-01-01T16:35:50Z,GRID_PASS,100.0,0.0,"B1 logic. V: 0.960, SOC: 100.0%",1
2026-01-01T16:35:55Z,GRID_PASS,100.0,0.0,"B1 logic. V: 0.960, SOC: 100.0%",1
2026-01-01T16:36:00Z,GRID_PASS,100.0,0.0,"B1 logic. V: 0.960, SOC: 100.0%",1
2026-01-01T16:36:05Z,GRID_PASS,100.0,0.0,"B1 logic. V: 0.960, SOC: 100.0%",1
2026-01-01T16:36:10Z,GRID_PASS,100.0,0.0,"B1 logic. V: 0.960, SOC: 100.0%",1
2026-01-01T16:36:15Z,GRID_PASS,100.0,0.0,"B1 logic. V: 0.960, SOC: 100.0%",1
2026-01-01T16:36:20Z,GRID_PASS,100.0,0.0,"B1 logic. V: 0.960, SOC: 100.0%",1
2026-01-01T16:36:25Z,GRID_PASS,100.0,0.0,"B1 logic. V: 0.960, SOC: 100.0%",1
2026-01-01T16:36:30Z,GRID_PASS,100.0,0.0,"B1 logic. V: 0.960, SOC: 100.0%",1
2026-01-01T16:36:35Z,GRID_PASS,100.0,0.0,"B1 logic. V: 0.960, SOC: 100.0%",1
2026-01-01T16:36:40Z,GRID_PASS,100.0,0.0,"B1 logic. V: 0.960, SOC: 100.0%",1
2026-01-01T16:36:45Z,GRID_PASS,100.0,0.0,"B1 logic. V: 0.960, SOC: 100.0%",1
2026-01-01T16:36:50Z,GRID_PASS,100.0,0.0,"B1 logic. V: 0.960, SOC: 100.0%",1
2026-01-01T16:36:55Z,GRID_PASS,100.0,0.0,"B1 logic. V: 0.960, SOC: 100.0%",1
2026-01-01T16:37:00Z,GRID_PASS,100.0,0.0,"B1 logic. V: 0.960, SOC: 100.0%",1
2026-01-01T16:37:05Z,GRID_PASS,100.0,0.0,"B1 logic. V: 0.960, SOC: 100.0%",1
2026-01-01T16:37:10Z,GRID_PASS,100.0,0.0,"B1 logic. V: 0.960, SOC: 100.0%",1
2026-01-01T16:37:15Z,GRID_PASS,100.0,0.0,"B1 logic. V: 0.960, SOC: 100.0%",1
2026-01-01T16:37:20Z,GRID_PASS,100.0,0.0,"B1 logic. V: 0.960, SOC: 100.0%",1
2026-01-01T16:37:25Z,GRID_PASS,100.0,0.0,"B1 logic. V: 0.960, SOC: 100.0%",1
2026-01-01T16:37:30Z,GRID_PASS,100.0,0.0,"B1 logic. V: 0.960, SOC: 100.0%",1
2026-01-01T16:37:35Z,GRID_PASS,100.0,0.0,"B1 logic. V: 0.960, SOC: 100.0%",1
2026-01-01T16:37:40Z,GRID_PASS,100.0,0.0,"B1 logic. V: 0.960, SOC: 100.0%",1
2026-01-01T16:37:45Z,GRID_PASS,100.0,0.0,"B1 logic. V: 0.960, SOC: 100.0%",1
2026-01-01T16:37:50Z,GRID_PASS,100.0,0.0,"B1 logic. V: 0.960, SOC: 100.0%",1
2026-01-01T16:37:55Z,GRID_PASS,100.0,0.0,"B1 logic. V: 0.960, SOC: 100.0%",1
2026-01-01T16:38:00Z,GRID_PASS,100.0,0.0,"B1 logic. V: 0.960, SOC: 100.0%",1
2026-01-01T16:38:05Z,GRID_PASS,100.0,0.0,"B1 logic. V: 0.959, SOC: 100.0%",1
2026-01-01T16:38:10Z,GRID_PASS,100.0,0.0,"B1 logic. V: 0.959, SOC: 100.0%",1
2026-01-01T16:38:15Z,GRID_PASS,100.0,0.0,"B1 logic. V: 0.959, SOC: 100.0%",1
2026-01-01T16:38:20Z,GRID_PASS,100.0,0.0,"B1 logic. V: 0.959, SOC: 100.0%",1
2026-01-01T16:38:25Z,GRID_PASS,100.0,0.0,"B1 logic. V: 0.959, SOC: 100.0%",1
2026-01-01T16:38:30Z,GRID_PASS,100.0,0.0,"B1 logic. V: 0.959, SOC: 100.0%",1
2026-01-01T16:38:35Z,GRID_PASS,100.0,0.0,"B1 logic. V: 0.959, SOC: 100.0%",1
2026-01-01T16:38:40Z,GRID_PASS,100.0,0.0,"B1 logic. V: 0.959, SOC: 100.0%",1
2026-01-01T16:38:45Z,GRID_PASS,100.0,0.0,"B1 logic. V: 0.959, SOC: 100.0%",1
2026-01-01T16:38:50Z,GRID_PASS,100.0,0.0,"B1 logic. V: 0.959, SOC: 100.0%",1
2026-01-01T16:38:55Z,GRID_PASS,100.0,0.0,"B1 logic. V: 0.959, SOC: 100.0%",1
2026-01-01T16:39:00Z,GRID_PASS,100.0,0.0,"B1 logic. V: 0.959, SOC: 100.0%",1
2026-01-01T16:39:05Z,GRID_PASS,100.0,0.0,"B1 logic. V: 0.959, SOC: 100.0%",1
2026-01-01T16:39:10Z,GRID_PASS,100.0,0.0,"B1 logic. V: 0.959, SOC: 100.0%",1
2026-01-01T16:39:15Z,GRID_PASS,100.0,0.0,"B1 logic. V: 0.959, SOC: 100.0%",1
2026-01-01T16:39:20Z,GRID_PASS,100.0,0.0,"B1 logic. V: 0.959, SOC: 100.0%",1
2026-01-01T16:39:25Z,GRID_PASS,100.0,0.0,"B1 logic. V: 0.959, SOC: 100.0%",1
2026-01-01T16:39:30Z,GRID_PASS,100.0,0.0,"B1 logic. V: 0.959, SOC: 100.0%",1
2026-01-01T16:39:35Z,GRID_PASS,100.0,0.0,"B1 logic. V: 0.959, SOC: 100.0%",1
2026-01-01T16:39:40Z,GRID_PASS,100.0,0.0,"B1 logic. V: 0.959, SOC: 100.0%",1
2026-01-01T16:39:45Z,GRID_PASS,100.0,0.0,"B1 logic. V: 0.959, SOC: 100.0%",1
2026-01-01T16:39:50Z,GRID_PASS,100.0,0.0,"B1 logic. V: 0.959, SOC: 100.0%",1
2026-01-01T16:39:55Z,GRID_PASS,100.0,0.0,"B1 logic. V: 0.959, SOC: 100.0%",1
2026-01-01T16:40:00Z,GRID_PASS,100.0,0.0,"B1 logic. V: 0.959, SOC: 100.0%",1
2026-01-01T16:40:05Z,GRID_PASS,100.0,0.0,"B1 logic. V: 0.959, SOC: 100.0%",1
2026-01-01T16:40:10Z,GRID_PASS,100.0,0.0,"B1 logic. V: 0.959, SOC: 100.0%",1
2026-01-01T16:40:15Z,GRID_PASS,100.0,0.0,"B1 logic. V: 0.959, SOC: 100.0%",1
2026-01-01T16:40:20Z,GRID_PASS,100.0,0.0,"B1 logic. V: 0.959, SOC: 100.0%",1
2026-01-01T16:40:25Z,GRID_PASS,100.0,0.0,"B1 logic. V: 0.959, SOC: 100.0%",1
2026-01-01T16:40:30Z,GRID_PASS,100.0,0.0,"B1 logic. V: 0.959, SOC: 100.0%",1
2026-01-01T16:40:35Z,GRID_PASS,100.0,0.0,"B1 logic. V: 0.959, SOC: 100.0%",1
2026-01-01T16:40:40Z,GRID_PASS,100.0,0.0,"B1 logic. V: 0.959, SOC: 100.0%",1
2026-01-01T16:40:45Z,GRID_PASS,100.0,0.0,"B1 logic. V: 0.959, SOC: 100.0%",1
2026-01-01T16:40:50Z,GRID_PASS,100.0,0.0,"B1 logic. V: 0.959, SOC: 100.0%",1
2026-01-01T16:40:55Z,GRID_PASS,100.0,0.0,"B1 logic. V: 0.959, SOC: 100.0%",1
2026-01-01T16:41:00Z,GRID_PASS,100.0,0.0,"B1 logic. V: 0.959, SOC: 100.0%",1
2026-01-01T16:41:05Z,GRID_PASS,100.0,0.0,"B1 logic. V: 0.959, SOC: 100.0%",1
2026-01-01T16:41:10Z,GRID_PASS,100.0,0.0,"B1 logic. V: 0.959, SOC: 100.0%",1
2026-01-01T16:41:15Z,GRID_PASS,100.0,0.0,"B1 logic. V: 0.959, SOC: 100.0%",1
2026-01-01T16:41:20Z,GRID_PASS,100.0,0.0,"B1 logic. V: 0.959, SOC: 100.0%",1
2026-01-01T16:41:25Z,GRID_PASS,100.0,0.0,"B1 logic. V: 0.959, SOC: 100.0%",1
2026-01-01T16:41:30Z,GRID_PASS,100.0,0.0,"B1 logic. V: 0.959, SOC: 100.0%",1
2026-01-01T16:41:35Z,GRID_PASS,100.0,0.0,"B1 logic. V: 0.959, SOC: 100.0%",1
2026-01-01T16:41:40Z,GRID_PASS,100.0,0.0,"B1 logic. V: 0.959, SOC: 100.0%",1
2026-01-01T16:41:45Z,GRID_PASS,100.0,0.0,"B1 logic. V: 0.959, SOC: 100.0%",1
2026-01-01T16:41:50Z,GRID_PASS,100.0,0.0,"B1 logic. V: 0.959, SOC: 100.0%",1
2026-01-01T16:41:55Z,GRID_PASS,100.0,0.0,"B1 logic. V: 0.959, SOC: 100.0%",1
2026-01-01T16:42:00Z,GRID_PASS,100.0,0.0,"B1 logic. V: 0.959, SOC: 100.0%",1
2026-01-01T16:42:05Z,GRID_PASS,100.0,0.0,"B1 logic. V: 0.959, SOC: 100.0%",1
2026-01-01T16:42:10Z,GRID_PASS,100.0,0.0,"B1 logic. V: 0.959, SOC: 100.0%",1
2026-01-01T16:42:15Z,GRID_PASS,100.0,0.0,"B1 logic. V: 0.959, SOC: 100.0%",1
2026-01-01T16:42:20Z,GRID_PASS,100.0,0.0,"B1 logic. V: 0.959, SOC: 100.0%",1
2026-01-01T16:42:25Z,GRID_PASS,100.0,0.0,"B1 logic. V: 0.959, SOC: 100.0%",1
2026-01-01T16:42:30Z,GRID_PASS,100.0,0.0,"B1 logic. V: 0.959, SOC: 100.0%",1
2026-01-01T16:42:35Z,GRID_PASS,100.0,0.0,"B1 logic. V: 0.959, SOC: 100.0%",1
2026-01-01T16:42:40Z,GRID_PASS,100.0,0.0,"B1 logic. V: 0.959, SOC: 100.0%",1
2026-01-01T16:42:45Z,GRID_PASS,100.0,0.0,"B1 logic. V: 0.959, SOC: 100.0%",1
2026-01-01T16:42:50Z,GRID_PASS,100.0,0.0,"B1 logic. V: 0.959, SOC: 100.0%",1
2026-01-01T16:42:55Z,GRID_PASS,100.0,0.0,"B1 logic. V: 0.959, SOC: 100.0%",1
2026-01-01T16:43:00Z,GRID_PASS,100.0,0.0,"B1 logic. V: 0.959, SOC: 100.0%",1
2026-01-01T16:43:05Z,GRID_PASS,100.0,0.0,"B1 logic. V: 0.959, SOC: 100.0%",1
2026-01-01T16:43:10Z,GRID_PASS,100.0,0.0,"B1 logic. V: 0.959, SOC: 100.0%",1
2026-01-01T16:43:15Z,GRID_PASS,100.0,0.0,"B1 logic. V: 0.959, SOC: 100.0%",1
2026-01-01T16:43:20Z,GRID_PASS,100.0,0.0,"B1 logic. V: 0.959, SOC: 100.0%",1
2026-01-01T16:43:25Z,GRID_PASS,100.0,0.0,"B1 logic. V: 0.959, SOC: 100.0%",1
2026-01-01T16:43:30Z,GRID_PASS,100.0,0.0,"B1 logic. V: 0.959, SOC: 100.0%",1
2026-01-01T16:43:35Z,GRID_PASS,100.0,0.0,"B1 logic. V: 0.959, SOC: 100.0%",1
2026-01-01T16:43:40Z,GRID_PASS,100.0,0.0,"B1 logic. V: 0.959, SOC: 100.0%",1
2026-01-01T16:43:45Z,GRID_PASS,100.0,0.0,"B1 logic. V: 0.959, SOC: 100.0%",1
2026-01-01T16:43:50Z,GRID_PASS,100.0,0.0,"B1 logic. V: 0.959, SOC: 100.0%",1
2026-01-01T16:43:55Z,GRID_PASS,100.0,0.0,"B1 logic. V: 0.959, SOC: 100.0%",1
2026-01-01T16:44:00Z,GRID_PASS,100.0,0.0,"B1 logic. V: 0.959, SOC: 100.0%",1
2026-01-01T16:44:05Z,GRID_PASS,100.0,0.0,"B1 logic. V: 0.958, SOC: 100.0%",1
2026-01-01T16:44:10Z,GRID_PASS,100.0,0.0,"B1 logic. V: 0.958, SOC: 100.0%",1
2026-01-01T16:44:15Z,GRID_PASS,100.0,0.0,"B1 logic. V: 0.958, SOC: 100.0%",1
2026-01-01T16:44:20Z,GRID_PASS,100.0,0.0,"B1 logic. V: 0.958, SOC: 100.0%",1
2026-01-01T16:44:25Z,GRID_PASS,100.0,0.0,"B1 logic. V: 0.958, SOC: 100.0%",1
2026-01-01T16:44:30Z,GRID_PASS,100.0,0.0,"B1 logic. V: 0.958, SOC: 100.0%",1
2026-01-01T16:44:35Z,GRID_PASS,100.0,0.0,"B1 logic. V: 0.958, SOC: 100.0%",1
2026-01-01T16:44:40Z,GRID_PASS,100.0,0.0,"B1 logic. V: 0.958, SOC: 100.0%",1
2026-01-01T16:44:45Z,GRID_PASS,100.0,0.0,"B1 logic. V: 0.958, SOC: 100.0%",1
2026-01-01T16:44:50Z,GRID_PASS,100.0,0.0,"B1 logic. V: 0.958, SOC: 100.0%",1
2026-01-01T16:44:55Z,GRID_PASS,100.0,0.0,"B1 logic. V: 0.958, SOC: 100.0%",1
2026-01-01T16:45:00Z,GRID_PASS,100.0,0.0,"B1 logic. V: 0.958, SOC: 100.0%",1
2026-01-01T16:45:05Z,GRID_PASS,100.0,0.0,"B1 logic. V: 0.958, SOC: 100.0%",1
2026-01-01T16:45:10Z,GRID_PASS,100.0,0.0,"B1 logic. V: 0.958, SOC: 100.0%",1
2026-01-01T16:45:15Z,GRID_PASS,100.0,0.0,"B1 logic. V: 0.958, SOC: 100.0%",1
2026-01-01T16:45:20Z,GRID_PASS,100.0,0.0,"B1 logic. V: 0.958, SOC: 100.0%",1
2026-01-01T16:45:25Z,GRID_PASS,100.0,0.0,"B1 logic. V: 0.958, SOC: 100.0%",1
2026-01-01T16:45:30Z,GRID_PASS,100.0,0.0,"B1 logic. V: 0.958, SOC: 100.0%",1
2026-01-01T16:45:35Z,GRID_PASS,100.0,0.0,"B1 logic. V: 0.958, SOC: 100.0%",1
2026-01-01T16:45:40Z,GRID_PASS,100.0,0.0,"B1 logic. V: 0.958, SOC: 100.0%",1
2026-01-01T16:45:45Z,GRID_PASS,100.0,0.0,"B1 logic. V: 0.958, SOC: 100.0%",1
2026-01-01T16:45:50Z,GRID_PASS,100.0,0.0,"B1 logic. V: 0.958, SOC: 100.0%",1
2026-01-01T16:45:55Z,GRID_PASS,100.0,0.0,"B1 logic. V: 0.958, SOC: 100.0%",1
2026-01-01T16:46:00Z,GRID_PASS,100.0,0.0,"B1 logic. V: 0.958, SOC: 100.0%",1
2026-01-01T16:46:05Z,GRID_PASS,100.0,0.0,"B1 logic. V: 0.958, SOC: 100.0%",1
2026-01-01T16:46:10Z,GRID_PASS,100.0,0.0,"B1 logic. V: 0.958, SOC: 100.0%",1
2026-01-01T16:46:15Z,GRID_PASS,100.0,0.0,"B1 logic. V: 0.958, SOC: 100.0%",1
2026-01-01T16:46:20Z,GRID_PASS,100.0,0.0,"B1 logic. V: 0.958, SOC: 100.0%",1
2026-01-01T16:46:25Z,GRID_PASS,100.0,0.0,"B1 logic. V: 0.958, SOC: 100.0%",1
2026-01-01T16:46:30Z,GRID_PASS,100.0,0.0,"B1 logic. V: 0.958, SOC: 100.0%",1
2026-01-01T16:46:35Z,GRID_PASS,100.0,0.0,"B1 logic. V: 0.958, SOC: 100.0%",1
2026-01-01T16:46:40Z,GRID_PASS,100.0,0.0,"B1 logic. V: 0.958, SOC: 100.0%",1
2026-01-01T16:46:45Z,GRID_PASS,100.0,0.0,"B1 logic. V: 0.958, SOC: 100.0%",1
2026-01-01T16:46:50Z,GRID_PASS,100.0,0.0,"B1 logic. V: 0.958, SOC: 100.0%",1
2026-01-01T16:46:55Z,GRID_PASS,100.0,0.0,"B1 logic. V: 0.958, SOC: 100.0%",1
2026-01-01T16:47:00Z,GRID_PASS,100.0,0.0,"B1 logic. V: 0.958, SOC: 100.0%",1
2026-01-01T16:47:05Z,GRID_PASS,100.0,0.0,"B1 logic. V: 0.958, SOC: 100.0%",1
2026-01-01T16:47:10Z,GRID_PASS,100.0,0.0,"B1 logic. V: 0.958, SOC: 100.0%",1
2026-01-01T16:47:15Z,GRID_PASS,100.0,0.0,"B1 logic. V: 0.958, SOC: 100.0%",1
2026-01-01T16:47:20Z,GRID_PASS,100.0,0.0,"B1 logic. V: 0.958, SOC: 100.0%",1
2026-01-01T16:47:25Z,GRID_PASS,100.0,0.0,"B1 logic. V: 0.958, SOC: 100.0%",1
2026-01-01T16:47:30Z,GRID_PASS,100.0,0.0,"B1 logic. V: 0.958, SOC: 100.0%",1
2026-01-01T16:47:35Z,GRID_PASS,100.0,0.0,"B1 logic. V: 0.958, SOC: 100.0%",1
2026-01-01T16:47:40Z,GRID_PASS,100.0,0.0,"B1 logic. V: 0.958, SOC: 100.0%",1
2026-01-01T16:47:45Z,GRID_PASS,100.0,0.0,"B1 logic. V: 0.958, SOC: 100.0%",1
2026-01-01T16:47:50Z,GRID_PASS,100.0,0.0,"B1 logic. V: 0.958, SOC: 100.0%",1
2026-01-01T16:47:55Z,GRID_PASS,100.0,0.0,"B1 logic. V: 0.958, SOC: 100.0%",1
2026-01-01T16:48:00Z,GRID_PASS,100.0,0.0,"B1 logic. V: 0.958, SOC: 100.0%",1
2026-01-01T16:48:05Z,GRID_PASS,100.0,0.0,"B1 logic. V: 0.958, SOC: 100.0%",1
2026-01-01T16:48:10Z,GRID_PASS,100.0,0.0,"B1 logic. V: 0.958, SOC: 100.0%",1
2026-01-01T16:48:15Z,GRID_PASS,100.0,0.0,"B1 logic. V: 0.958, SOC: 100.0%",1
2026-01-01T16:48:20Z,GRID_PASS,100.0,0.0,"B1 logic. V: 0.958, SOC: 100.0%",1
2026-01-01T16:48:25Z,GRID_PASS,100.0,0.0,"B1 logic. V: 0.958, SOC: 100.0%",1
2026-01-01T16:48:30Z,GRID_PASS,100.0,0.0,"B1 logic. V: 0.958, SOC: 100.0%",1
2026-01-01T16:48:35Z,GRID_PASS,100.0,0.0,"B1 logic. V: 0.958, SOC: 100.0%",1
2026-01-01T16:48:40Z,GRID_PASS,100.0,0.0,"B1 logic. V: 0.958, SOC: 100.0%",1
2026-01-01T16:48:45Z,GRID_PASS,100.0,0.0,"B1 logic. V: 0.958, SOC: 100.0%",1
2026-01-01T16:48:50Z,GRID_PASS,100.0,0.0,"B1 logic. V: 0.958, SOC: 100.0%",1
2026-01-01T16:48:55Z,GRID_PASS,100.0,0.0,"B1 logic. V: 0.958, SOC: 100.0%",1
2026-01-01T16:49:00Z,GRID_PASS,100.0,0.0,"B1 logic. V: 0.958, SOC: 100.0%",1
2026-01-01T16:49:05Z,GRID_PASS,100.0,0.0,"B1 logic. V: 0.957, SOC: 100.0%",1
2026-01-01T16:49:10Z,GRID_PASS,100.0,0.0,"B1 logic. V: 0.957, SOC: 100.0%",1
2026-01-01T16:49:15Z,GRID_PASS,100.0,0.0,"B1 logic. V: 0.957, SOC: 100.0%",1
2026-01-01T16:49:20Z,GRID_PASS,100.0,0.0,"B1 logic. V: 0.957, SOC: 100.0%",1
2026-01-01T16:49:25Z,GRID_PASS,100.0,0.0,"B1 logic. V: 0.957, SOC: 100.0%",1
2026-01-01T16:49:30Z,GRID_PASS,100.0,0.0,"B1 logic. V: 0.957, SOC: 100.0%",1
2026-01-01T16:49:35Z,GRID_PASS,100.0,0.0,"B1 logic. V: 0.957, SOC: 100.0%",1
2026-01-01T16:49:40Z,GRID_PASS,100.0,0.0,"B1 logic. V: 0.957, SOC: 100.0%",1
2026-01-01T16:49:45Z,GRID_PASS,100.0,0.0,"B1 logic. V: 0.957, SOC: 100.0%",1
2026-01-01T16:49:50Z,GRID_PASS,100.0,0.0,"B1 logic. V: 0.957, SOC: 100.0%",1
2026-01-01T16:49:55Z,GRID_PASS,100.0,0.0,"B1 logic. V: 0.957, SOC: 100.0%",1
2026-01-01T16:50:00Z,GRID_PASS,100.0,0.0,"B1 logic. V: 0.957, SOC: 100.0%",1
2026-01-01T16:50:05Z,GRID_PASS,100.0,0.0,"B1 logic. V: 0.957, SOC: 100.0%",1
2026-01-01T16:50:10Z,GRID_PASS,100.0,0.0,"B1 logic. V: 0.957, SOC: 100.0%",1
2026-01-01T16:50:15Z,GRID_PASS,100.0,0.0,"B1 logic. V: 0.957, SOC: 100.0%",1
2026-01-01T16:50:20Z,GRID_PASS,100.0,0.0,"B1 logic. V: 0.957, SOC: 100.0%",1
2026-01-01T16:50:25Z,GRID_PASS,100.0,0.0,"B1 logic. V: 0.957, SOC: 100.0%",1
2026-01-01T16:50:30Z,GRID_PASS,100.0,0.0,"B1 logic. V: 0.957, SOC: 100.0%",1
2026-01-01T16:50:35Z,GRID_PASS,100.0,0.0,"B1 logic. V: 0.957, SOC: 100.0%",1
2026-01-01T16:50:40Z,GRID_PASS,100.0,0.0,"B1 logic. V: 0.957, SOC: 100.0%",1
2026-01-01T16:50:45Z,GRID_PASS,100.0,0.0,"B1 logic. V: 0.957, SOC: 100.0%",1
2026-01-01T16:50:50Z,GRID_PASS,100.0,0.0,"B1 logic. V: 0.957, SOC: 100.0%",1
2026-01-01T16:50:55Z,GRID_PASS,100.0,0.0,"B1 logic. V: 0.957, SOC: 100.0%",1
2026-01-01T16:51:00Z,GRID_PASS,100.0,0.0,"B1 logic. V: 0.957, SOC: 100.0%",1
2026-01-01T16:51:05Z,GRID_PASS,100.0,0.0,"B1 logic. V: 0.957, SOC: 100.0%",1
2026-01-01T16:51:10Z,GRID_PASS,100.0,0.0,"B1 logic. V: 0.957, SOC: 100.0%",1
2026-01-01T16:51:15Z,GRID_PASS,100.0,0.0,"B1 logic. V: 0.957, SOC: 100.0%",1
2026-01-01T16:51:20Z,GRID_PASS,100.0,0.0,"B1 logic. V: 0.957, SOC: 100.0%",1
2026-01-01T16:51:25Z,GRID_PASS,100.0,0.0,"B1 logic. V: 0.957, SOC: 100.0%",1
2026-01-01T16:51:30Z,GRID_PASS,100.0,0.0,"B1 logic. V: 0.957, SOC: 100.0%",1
2026-01-01T16:51:35Z,GRID_PASS,100.0,0.0,"B1 logic. V: 0.957, SOC: 100.0%",1
2026-01-01T16:51:40Z,GRID_PASS,100.0,0.0,"B1 logic. V: 0.957, SOC: 100.0%",1
2026-01-01T16:51:45Z,GRID_PASS,100.0,0.0,"B1 logic. V: 0.957, SOC: 100.0%",1
2026-01-01T16:51:50Z,GRID_PASS,100.0,0.0,"B1 logic. V: 0.957, SOC: 100.0%",1
2026-01-01T16:51:55Z,GRID_PASS,100.0,0.0,"B1 logic. V: 0.957, SOC: 100.0%",1
2026-01-01T16:52:00Z,GRID_PASS,100.0,0.0,"B1 logic. V: 0.957, SOC: 100.0%",1
2026-01-01T16:52:05Z,GRID_PASS,100.0,0.0,"B1 logic. V: 0.957, SOC: 100.0%",1
2026-01-01T16:52:10Z,GRID_PASS,100.0,0.0,"B1 logic. V: 0.957, SOC: 100.0%",1
2026-01-01T16:52:15Z,GRID_PASS,100.0,0.0,"B1 logic. V: 0.957, SOC: 100.0%",1
2026-01-01T16:52:20Z,GRID_PASS,100.0,0.0,"B1 logic. V: 0.957, SOC: 100.0%",1
2026-01-01T16:52:25Z,GRID_PASS,100.0,0.0,"B1 logic. V: 0.957, SOC: 100.0%",1
2026-01-01T16:52:30Z,GRID_PASS,100.0,0.0,"B1 logic. V: 0.957, SOC: 100.0%",1
2026-01-01T16:52:35Z,GRID_PASS,100.0,0.0,"B1 logic. V: 0.957, SOC: 100.0%",1
2026-01-01T16:52:40Z,GRID_PASS,100.0,0.0,"B1 logic. V: 0.957, SOC: 100.0%",1
2026-01-01T16:52:45Z,GRID_PASS,100.0,0.0,"B1 logic. V: 0.957, SOC: 100.0%",1
2026-01-01T16:52:50Z,GRID_PASS,100.0,0.0,"B1 logic. V: 0.957, SOC: 100.0%",1
2026-01-01T16:52:55Z,GRID_PASS,100.0,0.0,"B1 logic. V: 0.957, SOC: 100.0%",1
2026-01-01T16:53:00Z,GRID_PASS,100.0,0.0,"B1 logic. V: 0.957, SOC: 100.0%",1
2026-01-01T16:53:05Z,GRID_PASS,100.0,0.0,"B1 logic. V: 0.957, SOC: 100.0%",1
2026-01-01T16:53:10Z,GRID_PASS,100.0,0.0,"B1 logic. V: 0.957, SOC: 100.0%",1
2026-01-01T16:53:15Z,GRID_PASS,100.0,0.0,"B1 logic. V: 0.957, SOC: 100.0%",1
2026-01-01T16:53:20Z,GRID_PASS,100.0,0.0,"B1 logic. V: 0.957, SOC: 100.0%",1
2026-01-01T16:53:25Z,GRID_PASS,100.0,0.0,"B1 logic. V: 0.957, SOC: 100.0%",1
2026-01-01T16:53:30Z,GRID_PASS,100.0,0.0,"B1 logic. V: 0.957, SOC: 100.0%",1
2026-01-01T16:53:35Z,GRID_PASS,100.0,0.0,"B1 logic. V: 0.957, SOC: 100.0%",1
2026-01-01T16:53:40Z,GRID_PASS,100.0,0.0,"B1 logic. V: 0.957, SOC: 100.0%",1
2026-01-01T16:53:45Z,GRID_PASS,100.0,0.0,"B1 logic. V: 0.957, SOC: 100.0%",1
2026-01-01T16:53:50Z,GRID_PASS,100.0,0.0,"B1 logic. V: 0.957, SOC: 100.0%",1
2026-01-01T16:53:55Z,GRID_PASS,100.0,0.0,"B1 logic. V: 0.957, SOC: 100.0%",1
2026-01-01T16:54:00Z,GRID_PASS,100.0,0.0,"B1 logic. V: 0.957, SOC: 100.0%",1
2026-01-01T16:54:05Z,GRID_PASS,100.0,0.0,"B1 logic. V: 0.956, SOC: 100.0%",1
2026-01-01T16:54:10Z,GRID_PASS,100.0,0.0,"B1 logic. V: 0.956, SOC: 100.0%",1
2026-01-01T16:54:15Z,GRID_PASS,100.0,0.0,"B1 logic. V: 0.956, SOC: 100.0%",1
2026-01-01T16:54:20Z,GRID_PASS,100.0,0.0,"B1 logic. V: 0.956, SOC: 100.0%",1
2026-01-01T16:54:25Z,GRID_PASS,100.0,0.0,"B1 logic. V: 0.956, SOC: 100.0%",1
2026-01-01T16:54:30Z,GRID_PASS,100.0,0.0,"B1 logic. V: 0.956, SOC: 100.0%",1
2026-01-01T16:54:35Z,GRID_PASS,100.0,0.0,"B1 logic. V: 0.956, SOC: 100.0%",1
2026-01-01T16:54:40Z,GRID_PASS,100.0,0.0,"B1 logic. V: 0.956, SOC: 100.0%",1
2026-01-01T16:54:45Z,GRID_PASS,100.0,0.0,"B1 logic. V: 0.956, SOC: 100.0%",1
2026-01-01T16:54:50Z,GRID_PASS,100.0,0.0,"B1 logic. V: 0.956, SOC: 100.0%",1
2026-01-01T16:54:55Z,GRID_PASS,100.0,0.0,"B1 logic. V: 0.956, SOC: 100.0%",1
2026-01-01T16:55:00Z,GRID_PASS,100.0,0.0,"B1 logic. V: 0.956, SOC: 100.0%",1
2026-01-01T16:55:05Z,GRID_PASS,100.0,0.0,"B1 logic. V: 0.956, SOC: 100.0%",1
2026-01-01T16:55:10Z,GRID_PASS,100.0,0.0,"B1 logic. V: 0.956, SOC: 100.0%",1
2026-01-01T16:55:15Z,GRID_PASS,100.0,0.0,"B1 logic. V: 0.956, SOC: 100.0%",1
2026-01-01T16:55:20Z,GRID_PASS,100.0,0.0,"B1 logic. V: 0.956, SOC: 100.0%",1
2026-01-01T16:55:25Z,GRID_PASS,100.0,0.0,"B1 logic. V: 0.956, SOC: 100.0%",1
2026-01-01T16:55:30Z,GRID_PASS,100.0,0.0,"B1 logic. V: 0.956, SOC: 100.0%",1
2026-01-01T16:55:35Z,GRID_PASS,100.0,0.0,"B1 logic. V: 0.956, SOC: 100.0%",1
2026-01-01T16:55:40Z,GRID_PASS,100.0,0.0,"B1 logic. V: 0.956, SOC: 100.0%",1
2026-01-01T16:55:45Z,GRID_PASS,100.0,0.0,"B1 logic. V: 0.956, SOC: 100.0%",1
2026-01-01T16:55:50Z,GRID_PASS,100.0,0.0,"B1 logic. V: 0.956, SOC: 100.0%",1
2026-01-01T16:55:55Z,GRID_PASS,100.0,0.0,"B1 logic. V: 0.956, SOC: 100.0%",1
2026-01-01T16:56:00Z,GRID_PASS,100.0,0.0,"B1 logic. V: 0.956, SOC: 100.0%",1
2026-01-01T16:56:05Z,GRID_PASS,100.0,0.0,"B1 logic. V: 0.956, SOC: 100.0%",1
2026-01-01T16:56:10Z,GRID_PASS,100.0,0.0,"B1 logic. V: 0.956, SOC: 100.0%",1
2026-01-01T16:56:15Z,GRID_PASS,100.0,0.0,"B1 logic. V: 0.956, SOC: 100.0%",1
2026-01-01T16:56:20Z,GRID_PASS,100.0,0.0,"B1 logic. V: 0.956, SOC: 100.0%",1
2026-01-01T16:56:25Z,GRID_PASS,100.0,0.0,"B1 logic. V: 0.956, SOC: 100.0%",1
2026-01-01T16:56:30Z,GRID_PASS,100.0,0.0,"B1 logic. V: 0.956, SOC: 100.0%",1
2026-01-01T16:56:35Z,GRID_PASS,100.0,0.0,"B1 logic. V: 0.956, SOC: 100.0%",1
2026-01-01T16:56:40Z,GRID_PASS,100.0,0.0,"B1 logic. V: 0.956, SOC: 100.0%",1
2026-01-01T16:56:45Z,GRID_PASS,100.0,0.0,"B1 logic. V: 0.956, SOC: 100.0%",1
2026-01-01T16:56:50Z,GRID_PASS,100.0,0.0,"B1 logic. V: 0.956, SOC: 100.0%",1
2026-01-01T16:56:55Z,GRID_PASS,100.0,0.0,"B1 logic. V: 0.956, SOC: 100.0%",1
2026-01-01T16:57:00Z,GRID_PASS,100.0,0.0,"B1 logic. V: 0.956, SOC: 100.0%",1
2026-01-01T16:57:05Z,GRID_PASS,100.0,0.0,"B1 logic. V: 0.956, SOC: 100.0%",1
2026-01-01T16:57:10Z,GRID_PASS,100.0,0.0,"B1 logic. V: 0.956, SOC: 100.0%",1
2026-01-01T16:57:15Z,GRID_PASS,100.0,0.0,"B1 logic. V: 0.956, SOC: 100.0%",1
2026-01-01T16:57:20Z,GRID_PASS,100.0,0.0,"B1 logic. V: 0.956, SOC: 100.0%",1
2026-01-01T16:57:25Z,GRID_PASS,100.0,0.0,"B1 logic. V: 0.956, SOC: 100.0%",1
2026-01-01T16:57:30Z,GRID_PASS,100.0,0.0,"B1 logic. V: 0.956, SOC: 100.0%",1
2026-01-01T16:57:35Z,GRID_PASS,100.0,0.0,"B1 logic. V: 0.956, SOC: 100.0%",1
2026-01-01T16:57:40Z,GRID_PASS,100.0,0.0,"B1 logic. V: 0.956, SOC: 100.0%",1
2026-01-01T16:57:45Z,GRID_PASS,100.0,0.0,"B1 logic. V: 0.956, SOC: 100.0%",1
2026-01-01T16:57:50Z,GRID_PASS,100.0,0.0,"B1 logic. V: 0.956, SOC: 100.0%",1
2026-01-01T16:57:55Z,GRID_PASS,100.0,0.0,"B1 logic. V: 0.956, SOC: 100.0%",1
2026-01-01T16:58:00Z,GRID_PASS,100.0,0.0,"B1 logic. V: 0.956, SOC: 100.0%",1
2026-01-01T16:58:05Z,GRID_PASS,100.0,0.0,"B1 logic. V: 0.956, SOC: 100.0%",1
2026-01-01T16:58:10Z,GRID_PASS,100.0,0.0,"B1 logic. V: 0.956, SOC: 100.0%",1
2026-01-01T16:58:15Z,GRID_PASS,100.0,0.0,"B1 logic. V: 0.956, SOC: 100.0%",1
2026-01-01T16:58:20Z,GRID_PASS,100.0,0.0,"B1 logic. V: 0.956, SOC: 100.0%",1
2026-01-01T16:58:25Z,GRID_PASS,100.0,0.0,"B1 logic. V: 0.956, SOC: 100.0%",1
2026-01-01T16:58:30Z,GRID_PASS,100.0,0.0,"B1 logic. V: 0.956, SOC: 100.0%",1
2026-01-01T16:58:35Z,GRID_PASS,100.0,0.0,"B1 logic. V: 0.956, SOC: 100.0%",1
2026-01-01T16:58:40Z,GRID_PASS,100.0,0.0,"B1 logic. V: 0.956, SOC: 100.0%",1
2026-01-01T16:58:45Z,GRID_PASS,100.0,0.0,"B1 logic. V: 0.956, SOC: 100.0%",1
2026-01-01T16:58:50Z,GRID_PASS,100.0,0.0,"B1 logic. V: 0.956, SOC: 100.0%",1
2026-01-01T16:58:55Z,GRID_PASS,100.0,0.0,"B1 logic. V: 0.956, SOC: 100.0%",1
2026-01-01T16:59:00Z,GRID_PASS,100.0,0.0,"B1 logic. V: 0.956, SOC: 100.0%",1
2026-01-01T16:59:05Z,GRID_PASS,100.0,0.0,"B1 logic. V: 0.955, SOC: 100.0%",1
2026-01-01T16:59:10Z,GRID_PASS,100.0,0.0,"B1 logic. V: 0.955, SOC: 100.0%",1
2026-01-01T16:59:15Z,GRID_PASS,100.0,0.0,"B1 logic. V: 0.955, SOC: 100.0%",1
2026-01-01T16:59:20Z,GRID_PASS,100.0,0.0,"B1 logic. V: 0.955, SOC: 100.0%",1
2026-01-01T16:59:25Z,GRID_PASS,100.0,0.0,"B1 logic. V: 0.955, SOC: 100.0%",1
2026-01-01T16:59:30Z,GRID_PASS,100.0,0.0,"B1 logic. V: 0.955, SOC: 100.0%",1
2026-01-01T16:59:35Z,GRID_PASS,100.0,0.0,"B1 logic. V: 0.955, SOC: 100.0%",1
2026-01-01T16:59:40Z,GRID_PASS,100.0,0.0,"B1 logic. V: 0.955, SOC: 100.0%",1
2026-01-01T16:59:45Z,GRID_PASS,100.0,0.0,"B1 logic. V: 0.955, SOC: 100.0%",1
2026-01-01T16:59:50Z,GRID_PASS,100.0,0.0,"B1 logic. V: 0.955, SOC: 100.0%",1
2026-01-01T16:59:55Z,GRID_PASS,100.0,0.0,"B1 logic. V: 0.955, SOC: 100.0%",1
2026-01-01T17:00:00Z,GRID_PASS,100.0,0.0,"B1 logic. V: 0.955, SOC: 100.0%",1
2026-01-01T17:00:05Z,GRID_PASS,100.0,0.0,"B1 logic. V: 0.955, SOC: 100.0%",1
2026-01-01T17:00:10Z,GRID_PASS,100.0,0.0,"B1 logic. V: 0.953, SOC: 100.0%",1
2026-01-01T17:00:15Z,GRID_PASS,100.0,0.0,"B1 logic. V: 0.953, SOC: 100.0%",1
2026-01-01T17:00:20Z,GRID_PASS,100.0,0.0,"B1 logic. V: 0.953, SOC: 100.0%",1
2026-01-01T17:00:25Z,GRID_PASS,100.0,0.0,"B1 logic. V: 0.953, SOC: 100.0%",1
2026-01-01T17:00:30Z,GRID_PASS,100.0,0.0,"B1 logic. V: 0.953, SOC: 100.0%",1
2026-01-01T17:00:35Z,GRID_PASS,100.0,0.0,"B1 logic. V: 0.953, SOC: 100.0%",1
2026-01-01T17:00:40Z,GRID_PASS,100.0,0.0,"B1 logic. V: 0.953, SOC: 100.0%",1
2026-01-01T17:00:45Z,GRID_PASS,100.0,0.0,"B1 logic. V: 0.953, SOC: 100.0%",1
2026-01-01T17:00:50Z,GRID_PASS,100.0,0.0,"B1 logic. V: 0.953, SOC: 100.0%",1
2026-01-01T17:00:55Z,GRID_PASS,100.0,0.0,"B1 logic. V: 0.953, SOC: 100.0%",1
2026-01-01T17:01:00Z,GRID_PASS,100.0,0.0,"B1 logic. V: 0.953, SOC: 100.0%",1
2026-01-01T17:01:05Z,GRID_PASS,100.0,0.0,"B1 logic. V: 0.953, SOC: 100.0%",1
2026-01-01T17:01:10Z,GRID_PASS,100.0,0.0,"B1 logic. V: 0.953, SOC: 100.0%",1
2026-01-01T17:01:15Z,GRID_PASS,100.0,0.0,"B1 logic. V: 0.953, SOC: 100.0%",1
2026-01-01T17:01:20Z,GRID_PASS,100.0,0.0,"B1 logic. V: 0.953, SOC: 100.0%",1
2026-01-01T17:01:25Z,GRID_PASS,100.0,0.0,"B1 logic. V: 0.953, SOC: 100.0%",1
2026-01-01T17:01:30Z,GRID_PASS,100.0,0.0,"B1 logic. V: 0.953, SOC: 100.0%",1
2026-01-01T17:01:35Z,GRID_PASS,100.0,0.0,"B1 logic. V: 0.953, SOC: 100.0%",1
2026-01-01T17:01:40Z,GRID_PASS,100.0,0.0,"B1 logic. V: 0.953, SOC: 100.0%",1
2026-01-01T17:01:45Z,GRID_PASS,100.0,0.0,"B1 logic. V: 0.953, SOC: 100.0%",1
2026-01-01T17:01:50Z,GRID_PASS,100.0,0.0,"B1 logic. V: 0.953, SOC: 100.0%",1
2026-01-01T17:01:55Z,GRID_PASS,100.0,0.0,"B1 logic. V: 0.953, SOC: 100.0%",1
2026-01-01T17:02:00Z,GRID_PASS,100.0,0.0,"B1 logic. V: 0.953, SOC: 100.0%",1
2026-01-01T17:02:05Z,GRID_PASS,100.0,0.0,"B1 logic. V: 0.953, SOC: 100.0%",1
2026-01-01T17:02:10Z,GRID_PASS,100.0,0.0,"B1 logic. V: 0.953, SOC: 100.0%",1
2026-01-01T17:02:15Z,GRID_PASS,100.0,0.0,"B1 logic. V: 0.953, SOC: 100.0%",1
2026-01-01T17:02:20Z,GRID_PASS,100.0,0.0,"B1 logic. V: 0.953, SOC: 100.0%",1
2026-01-01T17:02:25Z,GRID_PASS,100.0,0.0,"B1 logic. V: 0.953, SOC: 100.0%",1
2026-01-01T17:02:30Z,GRID_PASS,100.0,0.0,"B1 logic. V: 0.953, SOC: 100.0%",1
2026-01-01T17:02:35Z,GRID_PASS,100.0,0.0,"B1 logic. V: 0.953, SOC: 100.0%",1
2026-01-01T17:02:40Z,GRID_PASS,100.0,0.0,"B1 logic. V: 0.953, SOC: 100.0%",1
2026-01-01T17:02:45Z,GRID_PASS,100.0,0.0,"B1 logic. V: 0.953, SOC: 100.0%",1
2026-01-01T17:02:50Z,GRID_PASS,100.0,0.0,"B1 logic. V: 0.953, SOC: 100.0%",1
2026-01-01T17:02:55Z,GRID_PASS,100.0,0.0,"B1 logic. V: 0.953, SOC: 100.0%",1
2026-01-01T17:03:00Z,GRID_PASS,100.0,0.0,"B1 logic. V: 0.953, SOC: 100.0%",1
2026-01-01T17:03:05Z,GRID_PASS,100.0,0.0,"B1 logic. V: 0.952, SOC: 100.0%",1
2026-01-01T17:03:10Z,GRID_PASS,100.0,0.0,"B1 logic. V: 0.952, SOC: 100.0%",1
2026-01-01T17:03:15Z,GRID_PASS,100.0,0.0,"B1 logic. V: 0.952, SOC: 100.0%",1
2026-01-01T17:03:20Z,GRID_PASS,100.0,0.0,"B1 logic. V: 0.952, SOC: 100.0%",1
2026-01-01T17:03:25Z,GRID_PASS,100.0,0.0,"B1 logic. V: 0.952, SOC: 100.0%",1
2026-01-01T17:03:30Z,GRID_PASS,100.0,0.0,"B1 logic. V: 0.952, SOC: 100.0%",1
2026-01-01T17:03:35Z,GRID_PASS,100.0,0.0,"B1 logic. V: 0.952, SOC: 100.0%",1
2026-01-01T17:03:40Z,GRID_PASS,100.0,0.0,"B1 logic. V: 0.952, SOC: 100.0%",1
2026-01-01T17:03:45Z,GRID_PASS,100.0,0.0,"B1 logic. V: 0.952, SOC: 100.0%",1
2026-01-01T17:03:50Z,GRID_PASS,100.0,0.0,"B1 logic. V: 0.952, SOC: 100.0%",1
2026-01-01T17:03:55Z,GRID_PASS,100.0,0.0,"B1 logic. V: 0.952, SOC: 100.0%",1
2026-01-01T17:04:00Z,GRID_PASS,100.0,0.0,"B1 logic. V: 0.952, SOC: 100.0%",1
2026-01-01T17:04:05Z,GRID_PASS,100.0,0.0,"B1 logic. V: 0.952, SOC: 100.0%",1
2026-01-01T17:04:10Z,GRID_PASS,100.0,0.0,"B1 logic. V: 0.952, SOC: 100.0%",1
2026-01-01T17:04:15Z,GRID_PASS,100.0,0.0,"B1 logic. V: 0.952, SOC: 100.0%",1
2026-01-01T17:04:20Z,GRID_PASS,100.0,0.0,"B1 logic. V: 0.952, SOC: 100.0%",1
2026-01-01T17:04:25Z,GRID_PASS,100.0,0.0,"B1 logic. V: 0.952, SOC: 100.0%",1
2026-01-01T17:04:30Z,GRID_PASS,100.0,0.0,"B1 logic. V: 0.952, SOC: 100.0%",1
2026-01-01T17:04:35Z,GRID_PASS,100.0,0.0,"B1 logic. V: 0.952, SOC: 100.0%",1
2026-01-01T17:04:40Z,GRID_PASS,100.0,0.0,"B1 logic. V: 0.952, SOC: 100.0%",1
2026-01-01T17:04:45Z,GRID_PASS,100.0,0.0,"B1 logic. V: 0.952, SOC: 100.0%",1
2026-01-01T17:04:50Z,GRID_PASS,100.0,0.0,"B1 logic. V: 0.952, SOC: 100.0%",1
2026-01-01T17:04:55Z,GRID_PASS,100.0,0.0,"B1 logic. V: 0.952, SOC: 100.0%",1
2026-01-01T17:05:00Z,GRID_PASS,100.0,0.0,"B1 logic. V: 0.952, SOC: 100.0%",1
2026-01-01T17:05:05Z,GRID_PASS,100.0,0.0,"B1 logic. V: 0.952, SOC: 100.0%",1
2026-01-01T17:05:10Z,GRID_PASS,100.0,0.0,"B1 logic. V: 0.952, SOC: 100.0%",1
2026-01-01T17:05:15Z,GRID_PASS,100.0,0.0,"B1 logic. V: 0.952, SOC: 100.0%",1
2026-01-01T17:05:20Z,GRID_PASS,100.0,0.0,"B1 logic. V: 0.952, SOC: 100.0%",1
2026-01-01T17:05:25Z,GRID_PASS,100.0,0.0,"B1 logic. V: 0.952, SOC: 100.0%",1
2026-01-01T17:05:30Z,GRID_PASS,100.0,0.0,"B1 logic. V: 0.952, SOC: 100.0%",1
2026-01-01T17:05:35Z,GRID_PASS,100.0,0.0,"B1 logic. V: 0.952, SOC: 100.0%",1
2026-01-01T17:05:40Z,GRID_PASS,100.0,0.0,"B1 logic. V: 0.952, SOC: 100.0%",1
2026-01-01T17:05:45Z,GRID_PASS,100.0,0.0,"B1 logic. V: 0.952, SOC: 100.0%",1
2026-01-01T17:05:50Z,GRID_PASS,100.0,0.0,"B1 logic. V: 0.952, SOC: 100.0%",1
2026-01-01T17:05:55Z,GRID_PASS,100.0,0.0,"B1 logic. V: 0.952, SOC: 100.0%",1
2026-01-01T17:06:00Z,GRID_PASS,100.0,0.0,"B1 logic. V: 0.952, SOC: 100.0%",1
2026-01-01T17:06:05Z,GRID_PASS,100.0,0.0,"B1 logic. V: 0.952, SOC: 100.0%",1
2026-01-01T17:06:10Z,GRID_PASS,100.0,0.0,"B1 logic. V: 0.952, SOC: 100.0%",1
2026-01-01T17:06:15Z,GRID_PASS,100.0,0.0,"B1 logic. V: 0.952, SOC: 100.0%",1
2026-01-01T17:06:20Z,GRID_PASS,100.0,0.0,"B1 logic. V: 0.952, SOC: 100.0%",1
2026-01-01T17:06:25Z,GRID_PASS,100.0,0.0,"B1 logic. V: 0.952, SOC: 100.0%",1
2026-01-01T17:06:30Z,GRID_PASS,100.0,0.0,"B1 logic. V: 0.952, SOC: 100.0%",1
2026-01-01T17:06:35Z,GRID_PASS,100.0,0.0,"B1 logic. V: 0.952, SOC: 100.0%",1
2026-01-01T17:06:40Z,GRID_PASS,100.0,0.0,"B1 logic. V: 0.952, SOC: 100.0%",1
2026-01-01T17:06:45Z,GRID_PASS,100.0,0.0,"B1 logic. V: 0.952, SOC: 100.0%",1
2026-01-01T17:06:50Z,GRID_PASS,100.0,0.0,"B1 logic. V: 0.952, SOC: 100.0%",1
2026-01-01T17:06:55Z,GRID_PASS,100.0,0.0,"B1 logic. V: 0.952, SOC: 100.0%",1
2026-01-01T17:07:00Z,GRID_PASS,100.0,0.0,"B1 logic. V: 0.952, SOC: 100.0%",1
2026-01-01T17:07:05Z,GRID_PASS,100.0,0.0,"B1 logic. V: 0.952, SOC: 100.0%",1
2026-01-01T17:07:10Z,GRID_PASS,100.0,0.0,"B1 logic. V: 0.952, SOC: 100.0%",1
2026-01-01T17:07:15Z,GRID_PASS,100.0,0.0,"B1 logic. V: 0.952, SOC: 100.0%",1
2026-01-01T17:07:20Z,GRID_PASS,100.0,0.0,"B1 logic. V: 0.952, SOC: 100.0%",1
2026-01-01T17:07:25Z,GRID_PASS,100.0,0.0,"B1 logic. V: 0.952, SOC: 100.0%",1
2026-01-01T17:07:30Z,GRID_PASS,100.0,0.0,"B1 logic. V: 0.952, SOC: 100.0%",1
2026-01-01T17:07:35Z,GRID_PASS,100.0,0.0,"B1 logic. V: 0.952, SOC: 100.0%",1
2026-01-01T17:07:40Z,GRID_PASS,100.0,0.0,"B1 logic. V: 0.952, SOC: 100.0%",1
2026-01-01T17:07:45Z,GRID_PASS,100.0,0.0,"B1 logic. V: 0.952, SOC: 100.0%",1
2026-01-01T17:07:50Z,GRID_PASS,100.0,0.0,"B1 logic. V: 0.952, SOC: 100.0%",1
2026-01-01T17:07:55Z,GRID_PASS,100.0,0.0,"B1 logic. V: 0.952, SOC: 100.0%",1
2026-01-01T17:08:00Z,GRID_PASS,100.0,0.0,"B1 logic. V: 0.952, SOC: 100.0%",1
2026-01-01T17:08:05Z,GRID_PASS,100.0,0.0,"B1 logic. V: 0.951, SOC: 100.0%",1
2026-01-01T17:08:10Z,GRID_PASS,100.0,0.0,"B1 logic. V: 0.951, SOC: 100.0%",1
2026-01-01T17:08:15Z,GRID_PASS,100.0,0.0,"B1 logic. V: 0.951, SOC: 100.0%",1
2026-01-01T17:08:20Z,GRID_PASS,100.0,0.0,"B1 logic. V: 0.951, SOC: 100.0%",1
2026-01-01T17:08:25Z,GRID_PASS,100.0,0.0,"B1 logic. V: 0.951, SOC: 100.0%",1
2026-01-01T17:08:30Z,GRID_PASS,100.0,0.0,"B1 logic. V: 0.951, SOC: 100.0%",1
2026-01-01T17:08:35Z,GRID_PASS,100.0,0.0,"B1 logic. V: 0.951, SOC: 100.0%",1
2026-01-01T17:08:40Z,GRID_PASS,100.0,0.0,"B1 logic. V: 0.951, SOC: 100.0%",1
2026-01-01T17:08:45Z,GRID_PASS,100.0,0.0,"B1 logic. V: 0.951, SOC: 100.0%",1
2026-01-01T17:08:50Z,GRID_PASS,100.0,0.0,"B1 logic. V: 0.951, SOC: 100.0%",1
2026-01-01T17:08:55Z,GRID_PASS,100.0,0.0,"B1 logic. V: 0.951, SOC: 100.0%",1
2026-01-01T17:09:00Z,GRID_PASS,100.0,0.0,"B1 logic. V: 0.951, SOC: 100.0%",1
2026-01-01T17:09:05Z,GRID_PASS,100.0,0.0,"B1 logic. V: 0.951, SOC: 100.0%",1
2026-01-01T17:09:10Z,GRID_PASS,100.0,0.0,"B1 logic. V: 0.951, SOC: 100.0%",1
2026-01-01T17:09:15Z,GRID_PASS,100.0,0.0,"B1 logic. V: 0.951, SOC: 100.0%",1
2026-01-01T17:09:20Z,GRID_PASS,100.0,0.0,"B1 logic. V: 0.951, SOC: 100.0%",1
2026-01-01T17:09:25Z,GRID_PASS,100.0,0.0,"B1 logic. V: 0.951, SOC: 100.0%",1
2026-01-01T17:09:30Z,GRID_PASS,100.0,0.0,"B1 logic. V: 0.951, SOC: 100.0%",1
2026-01-01T17:09:35Z,GRID_PASS,100.0,0.0,"B1 logic. V: 0.951, SOC: 100.0%",1
2026-01-01T17:09:40Z,GRID_PASS,100.0,0.0,"B1 logic. V: 0.951, SOC: 100.0%",1
2026-01-01T17:09:45Z,GRID_PASS,100.0,0.0,"B1 logic. V: 0.951, SOC: 100.0%",1
2026-01-01T17:09:50Z,GRID_PASS,100.0,0.0,"B1 logic. V: 0.951, SOC: 100.0%",1
2026-01-01T17:09:55Z,GRID_PASS,100.0,0.0,"B1 logic. V: 0.951, SOC: 100.0%",1
2026-01-01T17:10:00Z,GRID_PASS,100.0,0.0,"B1 logic. V: 0.951, SOC: 100.0%",1
2026-01-01T17:10:05Z,GRID_PASS,100.0,0.0,"B1 logic. V: 0.951, SOC: 100.0%",1
2026-01-01T17:10:10Z,GRID_PASS,100.0,0.0,"B1 logic. V: 0.951, SOC: 100.0%",1
2026-01-01T17:10:15Z,GRID_PASS,100.0,0.0,"B1 logic. V: 0.951, SOC: 100.0%",1
2026-01-01T17:10:20Z,GRID_PASS,100.0,0.0,"B1 logic. V: 0.951, SOC: 100.0%",1
2026-01-01T17:10:25Z,GRID_PASS,100.0,0.0,"B1 logic. V: 0.951, SOC: 100.0%",1
2026-01-01T17:10:30Z,GRID_PASS,100.0,0.0,"B1 logic. V: 0.951, SOC: 100.0%",1
2026-01-01T17:10:35Z,GRID_PASS,100.0,0.0,"B1 logic. V: 0.951, SOC: 100.0%",1
2026-01-01T17:10:40Z,GRID_PASS,100.0,0.0,"B1 logic. V: 0.951, SOC: 100.0%",1
2026-01-01T17:10:45Z,GRID_PASS,100.0,0.0,"B1 logic. V: 0.951, SOC: 100.0%",1
2026-01-01T17:10:50Z,GRID_PASS,100.0,0.0,"B1 logic. V: 0.951, SOC: 100.0%",1
2026-01-01T17:10:55Z,GRID_PASS,100.0,0.0,"B1 logic. V: 0.951, SOC: 100.0%",1
2026-01-01T17:11:00Z,GRID_PASS,100.0,0.0,"B1 logic. V: 0.951, SOC: 100.0%",1
2026-01-01T17:11:05Z,GRID_PASS,100.0,0.0,"B1 logic. V: 0.951, SOC: 100.0%",1
2026-01-01T17:11:10Z,GRID_PASS,100.0,0.0,"B1 logic. V: 0.951, SOC: 100.0%",1
2026-01-01T17:11:15Z,GRID_PASS,100.0,0.0,"B1 logic. V: 0.951, SOC: 100.0%",1
2026-01-01T17:11:20Z,GRID_PASS,100.0,0.0,"B1 logic. V: 0.951, SOC: 100.0%",1
2026-01-01T17:11:25Z,GRID_PASS,100.0,0.0,"B1 logic. V: 0.951, SOC: 100.0%",1
2026-01-01T17:11:30Z,GRID_PASS,100.0,0.0,"B1 logic. V: 0.951, SOC: 100.0%",1
2026-01-01T17:11:35Z,GRID_PASS,100.0,0.0,"B1 logic. V: 0.951, SOC: 100.0%",1
2026-01-01T17:11:40Z,GRID_PASS,100.0,0.0,"B1 logic. V: 0.951, SOC: 100.0%",1
2026-01-01T17:11:45Z,GRID_PASS,100.0,0.0,"B1 logic. V: 0.951, SOC: 100.0%",1
2026-01-01T17:11:50Z,GRID_PASS,100.0,0.0,"B1 logic. V: 0.951, SOC: 100.0%",1
2026-01-01T17:11:55Z,GRID_PASS,100.0,0.0,"B1 logic. V: 0.951, SOC: 100.0%",1
2026-01-01T17:12:00Z,GRID_PASS,100.0,0.0,"B1 logic. V: 0.951, SOC: 100.0%",1
2026-01-01T17:12:05Z,GRID_PASS,100.0,0.0,"B1 logic. V: 0.950, SOC: 100.0%",1
2026-01-01T17:12:10Z,GRID_PASS,100.0,0.0,"B1 logic. V: 0.950, SOC: 100.0%",1
2026-01-01T17:12:15Z,GRID_PASS,100.0,0.0,"B1 logic. V: 0.950, SOC: 100.0%",1
2026-01-01T17:12:20Z,GRID_PASS,100.0,0.0,"B1 logic. V: 0.950, SOC: 100.0%",1
2026-01-01T17:12:25Z,GRID_PASS,100.0,0.0,"B1 logic. V: 0.950, SOC: 100.0%",1
2026-01-01T17:12:30Z,GRID_PASS,100.0,0.0,"B1 logic. V: 0.950, SOC: 100.0%",1
2026-01-01T17:12:35Z,GRID_PASS,100.0,0.0,"B1 logic. V: 0.950, SOC: 100.0%",1
2026-01-01T17:12:40Z,GRID_PASS,100.0,0.0,"B1 logic. V: 0.950, SOC: 100.0%",1
2026-01-01T17:12:45Z,GRID_PASS,100.0,0.0,"B1 logic. V: 0.950, SOC: 100.0%",1
2026-01-01T17:12:50Z,GRID_PASS,100.0,0.0,"B1 logic. V: 0.950, SOC: 100.0%",1
2026-01-01T17:12:55Z,GRID_PASS,100.0,0.0,"B1 logic. V: 0.950, SOC: 100.0%",1
2026-01-01T17:13:00Z,GRID_PASS,100.0,0.0,"B1 logic. V: 0.950, SOC: 100.0%",1
2026-01-01T17:13:05Z,GRID_PASS,100.0,0.0,"B1 logic. V: 0.950, SOC: 100.0%",1
2026-01-01T17:13:10Z,GRID_PASS,100.0,0.0,"B1 logic. V: 0.950, SOC: 100.0%",1
2026-01-01T17:13:15Z,GRID_PASS,100.0,0.0,"B1 logic. V: 0.950, SOC: 100.0%",1
2026-01-01T17:13:20Z,GRID_PASS,100.0,0.0,"B1 logic. V: 0.950, SOC: 100.0%",1
2026-01-01T17:13:25Z,GRID_PASS,100.0,0.0,"B1 logic. V: 0.950, SOC: 100.0%",1
2026-01-01T17:13:30Z,GRID_PASS,100.0,0.0,"B1 logic. V: 0.950, SOC: 100.0%",1
2026-01-01T17:13:35Z,GRID_PASS,100.0,0.0,"B1 logic. V: 0.950, SOC: 100.0%",1
2026-01-01T17:13:40Z,GRID_PASS,100.0,0.0,"B1 logic. V: 0.950, SOC: 100.0%",1
2026-01-01T17:13:45Z,GRID_PASS,100.0,0.0,"B1 logic. V: 0.950, SOC: 100.0%",1
2026-01-01T17:13:50Z,GRID_PASS,100.0,0.0,"B1 logic. V: 0.950, SOC: 100.0%",1
2026-01-01T17:13:55Z,GRID_PASS,100.0,0.0,"B1 logic. V: 0.950, SOC: 100.0%",1
2026-01-01T17:14:00Z,GRID_PASS,100.0,0.0,"B1 logic. V: 0.950, SOC: 100.0%",1
2026-01-01T17:14:05Z,GRID_PASS,100.0,0.0,"B1 logic. V: 0.950, SOC: 100.0%",1
2026-01-01T17:14:10Z,GRID_PASS,100.0,0.0,"B1 logic. V: 0.950, SOC: 100.0%",1
2026-01-01T17:14:15Z,GRID_PASS,100.0,0.0,"B1 logic. V: 0.950, SOC: 100.0%",1
2026-01-01T17:14:20Z,GRID_PASS,100.0,0.0,"B1 logic. V: 0.950, SOC: 100.0%",1
2026-01-01T17:14:25Z,GRID_PASS,100.0,0.0,"B1 logic. V: 0.950, SOC: 100.0%",1
2026-01-01T17:14:30Z,GRID_PASS,100.0,0.0,"B1 logic. V: 0.950, SOC: 100.0%",1
2026-01-01T17:14:35Z,GRID_PASS,100.0,0.0,"B1 logic. V: 0.950, SOC: 100.0%",1
2026-01-01T17:14:40Z,GRID_PASS,100.0,0.0,"B1 logic. V: 0.950, SOC: 100.0%",1
2026-01-01T17:14:45Z,GRID_PASS,100.0,0.0,"B1 logic. V: 0.950, SOC: 100.0%",1
2026-01-01T17:14:50Z,GRID_PASS,100.0,0.0,"B1 logic. V: 0.950, SOC: 100.0%",1
2026-01-01T17:14:55Z,GRID_PASS,100.0,0.0,"B1 logic. V: 0.950, SOC: 100.0%",1
2026-01-01T17:15:00Z,GRID_PASS,100.0,0.0,"B1 logic. V: 0.950, SOC: 100.0%",1
2026-01-01T17:15:05Z,GRID_PASS,100.0,0.0,"B1 logic. V: 0.950, SOC: 100.0%",1
2026-01-01T17:15:10Z,GRID_PASS,100.0,0.0,"B1 logic. V: 0.950, SOC: 100.0%",1
2026-01-01T17:15:15Z,GRID_PASS,100.0,0.0,"B1 logic. V: 0.950, SOC: 100.0%",1
2026-01-01T17:15:20Z,GRID_PASS,100.0,0.0,"B1 logic. V: 0.950, SOC: 100.0%",1
2026-01-01T17:15:25Z,GRID_PASS,100.0,0.0,"B1 logic. V: 0.950, SOC: 100.0%",1
2026-01-01T17:15:30Z,GRID_PASS,100.0,0.0,"B1 logic. V: 0.950, SOC: 100.0%",1
2026-01-01T17:15:35Z,GRID_PASS,100.0,0.0,"B1 logic. V: 0.950, SOC: 100.0%",1
2026-01-01T17:15:40Z,GRID_PASS,100.0,0.0,"B1 logic. V: 0.950, SOC: 100.0%",1
2026-01-01T17:15:45Z,GRID_PASS,100.0,0.0,"B1 logic. V: 0.950, SOC: 100.0%",1
2026-01-01T17:15:50Z,GRID_PASS,100.0,0.0,"B1 logic. V: 0.950, SOC: 100.0%",1
2026-01-01T17:15:55Z,GRID_PASS,100.0,0.0,"B1 logic. V: 0.950, SOC: 100.0%",1
2026-01-01T17:16:00Z,GRID_PASS,100.0,0.0,"B1 logic. V: 0.950, SOC: 100.0%",1
2026-01-01T17:16:05Z,GRID_PASS,100.0,0.0,"B1 logic. V: 0.949, SOC: 100.0%",1
2026-01-01T17:16:10Z,GRID_PASS,100.0,0.0,"B1 logic. V: 0.949, SOC: 100.0%",1
2026-01-01T17:16:15Z,GRID_PASS,100.0,0.0,"B1 logic. V: 0.949, SOC: 100.0%",1
2026-01-01T17:16:20Z,GRID_PASS,100.0,0.0,"B1 logic. V: 0.949, SOC: 100.0%",1
2026-01-01T17:16:25Z,GRID_PASS,100.0,0.0,"B1 logic. V: 0.949, SOC: 100.0%",1
2026-01-01T17:16:30Z,GRID_PASS,100.0,0.0,"B1 logic. V: 0.949, SOC: 100.0%",1
2026-01-01T17:16:35Z,GRID_PASS,100.0,0.0,"B1 logic. V: 0.949, SOC: 100.0%",1
2026-01-01T17:16:40Z,GRID_PASS,100.0,0.0,"B1 logic. V: 0.949, SOC: 100.0%",1
2026-01-01T17:16:45Z,GRID_PASS,100.0,0.0,"B1 logic. V: 0.949, SOC: 100.0%",1
2026-01-01T17:16:50Z,GRID_PASS,100.0,0.0,"B1 logic. V: 0.949, SOC: 100.0%",1
2026-01-01T17:16:55Z,GRID_PASS,100.0,0.0,"B1 logic. V: 0.949, SOC: 100.0%",1
2026-01-01T17:17:00Z,GRID_PASS,100.0,0.0,"B1 logic. V: 0.949, SOC: 100.0%",1
2026-01-01T17:17:05Z,GRID_PASS,100.0,0.0,"B1 logic. V: 0.949, SOC: 100.0%",1
2026-01-01T17:17:10Z,GRID_PASS,100.0,0.0,"B1 logic. V: 0.949, SOC: 100.0%",1
2026-01-01T17:17:15Z,GRID_PASS,100.0,0.0,"B1 logic. V: 0.949, SOC: 100.0%",1
2026-01-01T17:17:20Z,GRID_PASS,100.0,0.0,"B1 logic. V: 0.949, SOC: 100.0%",1
2026-01-01T17:17:25Z,GRID_PASS,100.0,0.0,"B1 logic. V: 0.949, SOC: 100.0%",1
2026-01-01T17:17:30Z,GRID_PASS,100.0,0.0,"B1 logic. V: 0.949, SOC: 100.0%",1
2026-01-01T17:17:35Z,GRID_PASS,100.0,0.0,"B1 logic. V: 0.949, SOC: 100.0%",1
2026-01-01T17:17:40Z,GRID_PASS,100.0,0.0,"B1 logic. V: 0.949, SOC: 100.0%",1
2026-01-01T17:17:45Z,GRID_PASS,100.0,0.0,"B1 logic. V: 0.949, SOC: 100.0%",1
2026-01-01T17:17:50Z,GRID_PASS,100.0,0.0,"B1 logic. V: 0.949, SOC: 100.0%",1
2026-01-01T17:17:55Z,GRID_PASS,100.0,0.0,"B1 logic. V: 0.949, SOC: 100.0%",1
2026-01-01T17:18:00Z,GRID_PASS,100.0,0.0,"B1 logic. V: 0.949, SOC: 100.0%",1
2026-01-01T17:18:05Z,GRID_PASS,100.0,0.0,"B1 logic. V: 0.949, SOC: 100.0%",1
2026-01-01T17:18:10Z,GRID_PASS,100.0,0.0,"B1 logic. V: 0.949, SOC: 100.0%",1
2026-01-01T17:18:15Z,GRID_PASS,100.0,0.0,"B1 logic. V: 0.949, SOC: 100.0%",1
2026-01-01T17:18:20Z,GRID_PASS,100.0,0.0,"B1 logic. V: 0.949, SOC: 100.0%",1
2026-01-01T17:18:25Z,GRID_PASS,100.0,0.0,"B1 logic. V: 0.949, SOC: 100.0%",1
2026-01-01T17:18:30Z,GRID_PASS,100.0,0.0,"B1 logic. V: 0.949, SOC: 100.0%",1
2026-01-01T17:18:35Z,GRID_PASS,100.0,0.0,"B1 logic. V: 0.949, SOC: 100.0%",1
2026-01-01T17:18:40Z,GRID_PASS,100.0,0.0,"B1 logic. V: 0.949, SOC: 100.0%",1
2026-01-01T17:18:45Z,GRID_PASS,100.0,0.0,"B1 logic. V: 0.949, SOC: 100.0%",1
2026-01-01T17:18:50Z,GRID_PASS,100.0,0.0,"B1 logic. V: 0.949, SOC: 100.0%",1
2026-01-01T17:18:55Z,GRID_PASS,100.0,0.0,"B1 logic. V: 0.949, SOC: 100.0%",1
2026-01-01T17:19:00Z,GRID_PASS,100.0,0.0,"B1 logic. V: 0.949, SOC: 100.0%",1
2026-01-01T17:19:05Z,GRID_PASS,100.0,0.0,"B1 logic. V: 0.949, SOC: 100.0%",1
2026-01-01T17:19:10Z,GRID_PASS,100.0,0.0,"B1 logic. V: 0.949, SOC: 100.0%",1
2026-01-01T17:19:15Z,GRID_PASS,100.0,0.0,"B1 logic. V: 0.949, SOC: 100.0%",1
2026-01-01T17:19:20Z,GRID_PASS,100.0,0.0,"B1 logic. V: 0.949, SOC: 100.0%",1
2026-01-01T17:19:25Z,GRID_PASS,100.0,0.0,"B1 logic. V: 0.949, SOC: 100.0%",1
2026-01-01T17:19:30Z,GRID_PASS,100.0,0.0,"B1 logic. V: 0.949, SOC: 100.0%",1
2026-01-01T17:19:35Z,GRID_PASS,100.0,0.0,"B1 logic. V: 0.949, SOC: 100.0%",1
2026-01-01T17:19:40Z,GRID_PASS,100.0,0.0,"B1 logic. V: 0.949, SOC: 100.0%",1
2026-01-01T17:19:45Z,GRID_PASS,100.0,0.0,"B1 logic. V: 0.949, SOC: 100.0%",1
2026-01-01T17:19:50Z,GRID_PASS,100.0,0.0,"B1 logic. V: 0.949, SOC: 100.0%",1
2026-01-01T17:19:55Z,GRID_PASS,100.0,0.0,"B1 logic. V: 0.949, SOC: 100.0%",1
2026-01-01T17:20:00Z,GRID_PASS,100.0,0.0,"B1 logic. V: 0.949, SOC: 100.0%",1
2026-01-01T17:20:05Z,GRID_PASS,100.0,0.0,"B1 logic. V: 0.948, SOC: 100.0%",1
2026-01-01T17:20:10Z,GRID_PASS,100.0,0.0,"B1 logic. V: 0.948, SOC: 100.0%",1
2026-01-01T17:20:15Z,GRID_PASS,100.0,0.0,"B1 logic. V: 0.948, SOC: 100.0%",1
2026-01-01T17:20:20Z,GRID_PASS,100.0,0.0,"B1 logic. V: 0.948, SOC: 100.0%",1
2026-01-01T17:20:25Z,GRID_PASS,100.0,0.0,"B1 logic. V: 0.948, SOC: 100.0%",1
2026-01-01T17:20:30Z,GRID_PASS,100.0,0.0,"B1 logic. V: 0.948, SOC: 100.0%",1
2026-01-01T17:20:35Z,GRID_PASS,100.0,0.0,"B1 logic. V: 0.948, SOC: 100.0%",1
2026-01-01T17:20:40Z,GRID_PASS,100.0,0.0,"B1 logic. V: 0.948, SOC: 100.0%",1
2026-01-01T17:20:45Z,GRID_PASS,100.0,0.0,"B1 logic. V: 0.948, SOC: 100.0%",1
2026-01-01T17:20:50Z,GRID_PASS,100.0,0.0,"B1 logic. V: 0.948, SOC: 100.0%",1
2026-01-01T17:20:55Z,GRID_PASS,100.0,0.0,"B1 logic. V: 0.948, SOC: 100.0%",1
2026-01-01T17:21:00Z,GRID_PASS,100.0,0.0,"B1 logic. V: 0.948, SOC: 100.0%",1
2026-01-01T17:21:05Z,GRID_PASS,100.0,0.0,"B1 logic. V: 0.948, SOC: 100.0%",1
2026-01-01T17:21:10Z,GRID_PASS,100.0,0.0,"B1 logic. V: 0.948, SOC: 100.0%",1
2026-01-01T17:21:15Z,GRID_PASS,100.0,0.0,"B1 logic. V: 0.948, SOC: 100.0%",1
2026-01-01T17:21:20Z,GRID_PASS,100.0,0.0,"B1 logic. V: 0.948, SOC: 100.0%",1
2026-01-01T17:21:25Z,GRID_PASS,100.0,0.0,"B1 logic. V: 0.948, SOC: 100.0%",1
2026-01-01T17:21:30Z,GRID_PASS,100.0,0.0,"B1 logic. V: 0.948, SOC: 100.0%",1
2026-01-01T17:21:35Z,GRID_PASS,100.0,0.0,"B1 logic. V: 0.948, SOC: 100.0%",1
2026-01-01T17:21:40Z,GRID_PASS,100.0,0.0,"B1 logic. V: 0.948, SOC: 100.0%",1
2026-01-01T17:21:45Z,GRID_PASS,100.0,0.0,"B1 logic. V: 0.948, SOC: 100.0%",1
2026-01-01T17:21:50Z,GRID_PASS,100.0,0.0,"B1 logic. V: 0.948, SOC: 100.0%",1
2026-01-01T17:21:55Z,GRID_PASS,100.0,0.0,"B1 logic. V: 0.948, SOC: 100.0%",1
2026-01-01T17:22:00Z,GRID_PASS,100.0,0.0,"B1 logic. V: 0.948, SOC: 100.0%",1
2026-01-01T17:22:05Z,GRID_PASS,100.0,0.0,"B1 logic. V: 0.948, SOC: 100.0%",1
2026-01-01T17:22:10Z,GRID_PASS,100.0,0.0,"B1 logic. V: 0.948, SOC: 100.0%",1
2026-01-01T17:22:15Z,GRID_PASS,100.0,0.0,"B1 logic. V: 0.948, SOC: 100.0%",1
2026-01-01T17:22:20Z,GRID_PASS,100.0,0.0,"B1 logic. V: 0.948, SOC: 100.0%",1
2026-01-01T17:22:25Z,GRID_PASS,100.0,0.0,"B1 logic. V: 0.948, SOC: 100.0%",1
2026-01-01T17:22:30Z,GRID_PASS,100.0,0.0,"B1 logic. V: 0.948, SOC: 100.0%",1
2026-01-01T17:22:35Z,GRID_PASS,100.0,0.0,"B1 logic. V: 0.948, SOC: 100.0%",1
2026-01-01T17:22:40Z,GRID_PASS,100.0,0.0,"B1 logic. V: 0.948, SOC: 100.0%",1
2026-01-01T17:22:45Z,GRID_PASS,100.0,0.0,"B1 logic. V: 0.948, SOC: 100.0%",1
2026-01-01T17:22:50Z,GRID_PASS,100.0,0.0,"B1 logic. V: 0.948, SOC: 100.0%",1
2026-01-01T17:22:55Z,GRID_PASS,100.0,0.0,"B1 logic. V: 0.948, SOC: 100.0%",1
2026-01-01T17:23:00Z,GRID_PASS,100.0,0.0,"B1 logic. V: 0.948, SOC: 100.0%",1
2026-01-01T17:23:05Z,GRID_PASS,100.0,0.0,"B1 logic. V: 0.947, SOC: 100.0%",1
2026-01-01T17:23:10Z,GRID_PASS,100.0,0.0,"B1 logic. V: 0.947, SOC: 100.0%",1
2026-01-01T17:23:15Z,GRID_PASS,100.0,0.0,"B1 logic. V: 0.947, SOC: 100.0%",1
2026-01-01T17:23:20Z,GRID_PASS,100.0,0.0,"B1 logic. V: 0.947, SOC: 100.0%",1
2026-01-01T17:23:25Z,GRID_PASS,100.0,0.0,"B1 logic. V: 0.947, SOC: 100.0%",1
2026-01-01T17:23:30Z,GRID_PASS,100.0,0.0,"B1 logic. V: 0.947, SOC: 100.0%",1
2026-01-01T17:23:35Z,GRID_PASS,100.0,0.0,"B1 logic. V: 0.947, SOC: 100.0%",1
2026-01-01T17:23:40Z,GRID_PASS,100.0,0.0,"B1 logic. V: 0.947, SOC: 100.0%",1
2026-01-01T17:23:45Z,GRID_PASS,100.0,0.0,"B1 logic. V: 0.947, SOC: 100.0%",1
2026-01-01T17:23:50Z,GRID_PASS,100.0,0.0,"B1 logic. V: 0.947, SOC: 100.0%",1
2026-01-01T17:23:55Z,GRID_PASS,100.0,0.0,"B1 logic. V: 0.947, SOC: 100.0%",1
2026-01-01T17:24:00Z,GRID_PASS,100.0,0.0,"B1 logic. V: 0.947, SOC: 100.0%",1
2026-01-01T17:24:05Z,GRID_PASS,100.0,0.0,"B1 logic. V: 0.947, SOC: 100.0%",1
2026-01-01T17:24:10Z,GRID_PASS,100.0,0.0,"B1 logic. V: 0.947, SOC: 100.0%",1
2026-01-01T17:24:15Z,GRID_PASS,100.0,0.0,"B1 logic. V: 0.947, SOC: 100.0%",1
2026-01-01T17:24:20Z,GRID_PASS,100.0,0.0,"B1 logic. V: 0.947, SOC: 100.0%",1
2026-01-01T17:24:25Z,GRID_PASS,100.0,0.0,"B1 logic. V: 0.947, SOC: 100.0%",1
2026-01-01T17:24:30Z,GRID_PASS,100.0,0.0,"B1 logic. V: 0.947, SOC: 100.0%",1
2026-01-01T17:24:35Z,GRID_PASS,100.0,0.0,"B1 logic. V: 0.947, SOC: 100.0%",1
2026-01-01T17:24:40Z,GRID_PASS,100.0,0.0,"B1 logic. V: 0.947, SOC: 100.0%",1
2026-01-01T17:24:45Z,GRID_PASS,100.0,0.0,"B1 logic. V: 0.947, SOC: 100.0%",1
2026-01-01T17:24:50Z,GRID_PASS,100.0,0.0,"B1 logic. V: 0.947, SOC: 100.0%",1
2026-01-01T17:24:55Z,GRID_PASS,100.0,0.0,"B1 logic. V: 0.947, SOC: 100.0%",1
2026-01-01T17:25:00Z,GRID_PASS,100.0,0.0,"B1 logic. V: 0.947, SOC: 100.0%",1
2026-01-01T17:25:05Z,GRID_PASS,100.0,0.0,"B1 logic. V: 0.947, SOC: 100.0%",1
2026-01-01T17:25:10Z,GRID_PASS,100.0,0.0,"B1 logic. V: 0.947, SOC: 100.0%",1
2026-01-01T17:25:15Z,GRID_PASS,100.0,0.0,"B1 logic. V: 0.947, SOC: 100.0%",1
2026-01-01T17:25:20Z,GRID_PASS,100.0,0.0,"B1 logic. V: 0.947, SOC: 100.0%",1
2026-01-01T17:25:25Z,GRID_PASS,100.0,0.0,"B1 logic. V: 0.947, SOC: 100.0%",1
2026-01-01T17:25:30Z,GRID_PASS,100.0,0.0,"B1 logic. V: 0.947, SOC: 100.0%",1
2026-01-01T17:25:35Z,GRID_PASS,100.0,0.0,"B1 logic. V: 0.947, SOC: 100.0%",1
2026-01-01T17:25:40Z,GRID_PASS,100.0,0.0,"B1 logic. V: 0.947, SOC: 100.0%",1
2026-01-01T17:25:45Z,GRID_PASS,100.0,0.0,"B1 logic. V: 0.947, SOC: 100.0%",1
2026-01-01T17:25:50Z,GRID_PASS,100.0,0.0,"B1 logic. V: 0.947, SOC: 100.0%",1
2026-01-01T17:25:55Z,GRID_PASS,100.0,0.0,"B1 logic. V: 0.947, SOC: 100.0%",1
2026-01-01T17:26:00Z,GRID_PASS,100.0,0.0,"B1 logic. V: 0.947, SOC: 100.0%",1
2026-01-01T17:26:05Z,GRID_PASS,100.0,0.0,"B1 logic. V: 0.947, SOC: 100.0%",1
2026-01-01T17:26:10Z,GRID_PASS,100.0,0.0,"B1 logic. V: 0.947, SOC: 100.0%",1
2026-01-01T17:26:15Z,GRID_PASS,100.0,0.0,"B1 logic. V: 0.947, SOC: 100.0%",1
2026-01-01T17:26:20Z,GRID_PASS,100.0,0.0,"B1 logic. V: 0.947, SOC: 100.0%",1
2026-01-01T17:26:25Z,GRID_PASS,100.0,0.0,"B1 logic. V: 0.947, SOC: 100.0%",1
2026-01-01T17:26:30Z,GRID_PASS,100.0,0.0,"B1 logic. V: 0.947, SOC: 100.0%",1
2026-01-01T17:26:35Z,GRID_PASS,100.0,0.0,"B1 logic. V: 0.947, SOC: 100.0%",1
2026-01-01T17:26:40Z,GRID_PASS,100.0,0.0,"B1 logic. V: 0.947, SOC: 100.0%",1
2026-01-01T17:26:45Z,GRID_PASS,100.0,0.0,"B1 logic. V: 0.947, SOC: 100.0%",1
2026-01-01T17:26:50Z,GRID_PASS,100.0,0.0,"B1 logic. V: 0.947, SOC: 100.0%",1
2026-01-01T17:26:55Z,GRID_PASS,100.0,0.0,"B1 logic. V: 0.947, SOC: 100.0%",1
2026-01-01T17:27:00Z,GRID_PASS,100.0,0.0,"B1 logic. V: 0.947, SOC: 100.0%",1
2026-01-01T17:27:05Z,GRID_PASS,100.0,0.0,"B1 logic. V: 0.946, SOC: 100.0%",1
2026-01-01T17:27:10Z,GRID_PASS,100.0,0.0,"B1 logic. V: 0.946, SOC: 100.0%",1
2026-01-01T17:27:15Z,GRID_PASS,100.0,0.0,"B1 logic. V: 0.946, SOC: 100.0%",1
2026-01-01T17:27:20Z,GRID_PASS,100.0,0.0,"B1 logic. V: 0.946, SOC: 100.0%",1
2026-01-01T17:27:25Z,GRID_PASS,100.0,0.0,"B1 logic. V: 0.946, SOC: 100.0%",1
2026-01-01T17:27:30Z,GRID_PASS,100.0,0.0,"B1 logic. V: 0.946, SOC: 100.0%",1
2026-01-01T17:27:35Z,GRID_PASS,100.0,0.0,"B1 logic. V: 0.946, SOC: 100.0%",1
2026-01-01T17:27:40Z,GRID_PASS,100.0,0.0,"B1 logic. V: 0.946, SOC: 100.0%",1
2026-01-01T17:27:45Z,GRID_PASS,100.0,0.0,"B1 logic. V: 0.946, SOC: 100.0%",1
2026-01-01T17:27:50Z,GRID_PASS,100.0,0.0,"B1 logic. V: 0.946, SOC: 100.0%",1
2026-01-01T17:27:55Z,GRID_PASS,100.0,0.0,"B1 logic. V: 0.946, SOC: 100.0%",1
2026-01-01T17:28:00Z,GRID_PASS,100.0,0.0,"B1 logic. V: 0.946, SOC: 100.0%",1
2026-01-01T17:28:05Z,GRID_PASS,100.0,0.0,"B1 logic. V: 0.946, SOC: 100.0%",1
2026-01-01T17:28:10Z,GRID_PASS,100.0,0.0,"B1 logic. V: 0.946, SOC: 100.0%",1
2026-01-01T17:28:15Z,GRID_PASS,100.0,0.0,"B1 logic. V: 0.946, SOC: 100.0%",1
2026-01-01T17:28:20Z,GRID_PASS,100.0,0.0,"B1 logic. V: 0.946, SOC: 100.0%",1
2026-01-01T17:28:25Z,GRID_PASS,100.0,0.0,"B1 logic. V: 0.946, SOC: 100.0%",1
2026-01-01T17:28:30Z,GRID_PASS,100.0,0.0,"B1 logic. V: 0.946, SOC: 100.0%",1
2026-01-01T17:28:35Z,GRID_PASS,100.0,0.0,"B1 logic. V: 0.946, SOC: 100.0%",1
2026-01-01T17:28:40Z,GRID_PASS,100.0,0.0,"B1 logic. V: 0.946, SOC: 100.0%",1
2026-01-01T17:28:45Z,GRID_PASS,100.0,0.0,"B1 logic. V: 0.946, SOC: 100.0%",1
2026-01-01T17:28:50Z,GRID_PASS,100.0,0.0,"B1 logic. V: 0.946, SOC: 100.0%",1
2026-01-01T17:28:55Z,GRID_PASS,100.0,0.0,"B1 logic. V: 0.946, SOC: 100.0%",1
2026-01-01T17:29:00Z,GRID_PASS,100.0,0.0,"B1 logic. V: 0.946, SOC: 100.0%",1
2026-01-01T17:29:05Z,GRID_PASS,100.0,0.0,"B1 logic. V: 0.946, SOC: 100.0%",1
2026-01-01T17:29:10Z,GRID_PASS,100.0,0.0,"B1 logic. V: 0.946, SOC: 100.0%",1
2026-01-01T17:29:15Z,GRID_PASS,100.0,0.0,"B1 logic. V: 0.946, SOC: 100.0%",1
2026-01-01T17:29:20Z,GRID_PASS,100.0,0.0,"B1 logic. V: 0.946, SOC: 100.0%",1
2026-01-01T17:29:25Z,GRID_PASS,100.0,0.0,"B1 logic. V: 0.946, SOC: 100.0%",1
2026-01-01T17:29:30Z,GRID_PASS,100.0,0.0,"B1 logic. V: 0.946, SOC: 100.0%",1
2026-01-01T17:29:35Z,GRID_PASS,100.0,0.0,"B1 logic. V: 0.946, SOC: 100.0%",1
2026-01-01T17:29:40Z,GRID_PASS,100.0,0.0,"B1 logic. V: 0.946, SOC: 100.0%",1
2026-01-01T17:29:45Z,GRID_PASS,100.0,0.0,"B1 logic. V: 0.946, SOC: 100.0%",1
2026-01-01T17:29:50Z,GRID_PASS,100.0,0.0,"B1 logic. V: 0.946, SOC: 100.0%",1
2026-01-01T17:29:55Z,GRID_PASS,100.0,0.0,"B1 logic. V: 0.946, SOC: 100.0%",1
2026-01-01T17:30:00Z,GRID_PASS,100.0,0.0,"B1 logic. V: 0.946, SOC: 100.0%",1
2026-01-01T17:30:05Z,GRID_PASS,100.0,0.0,"B1 logic. V: 0.946, SOC: 100.0%",1
2026-01-01T17:30:10Z,GRID_PASS,100.0,0.0,"B1 logic. V: 0.946, SOC: 100.0%",1
2026-01-01T17:30:15Z,GRID_PASS,100.0,0.0,"B1 logic. V: 0.946, SOC: 100.0%",1
2026-01-01T17:30:20Z,GRID_PASS,100.0,0.0,"B1 logic. V: 0.946, SOC: 100.0%",1
2026-01-01T17:30:25Z,GRID_PASS,100.0,0.0,"B1 logic. V: 0.946, SOC: 100.0%",1
2026-01-01T17:30:30Z,GRID_PASS,100.0,0.0,"B1 logic. V: 0.946, SOC: 100.0%",1
2026-01-01T17:30:35Z,GRID_PASS,100.0,0.0,"B1 logic. V: 0.946, SOC: 100.0%",1
2026-01-01T17:30:40Z,GRID_PASS,100.0,0.0,"B1 logic. V: 0.946, SOC: 100.0%",1
2026-01-01T17:30:45Z,GRID_PASS,100.0,0.0,"B1 logic. V: 0.946, SOC: 100.0%",1
2026-01-01T17:30:50Z,GRID_PASS,100.0,0.0,"B1 logic. V: 0.946, SOC: 100.0%",1
2026-01-01T17:30:55Z,GRID_PASS,100.0,0.0,"B1 logic. V: 0.946, SOC: 100.0%",1
2026-01-01T17:31:00Z,GRID_PASS,100.0,0.0,"B1 logic. V: 0.946, SOC: 100.0%",1
2026-01-01T17:31:05Z,GRID_PASS,100.0,0.0,"B1 logic. V: 0.945, SOC: 100.0%",1
2026-01-01T17:31:10Z,GRID_PASS,100.0,0.0,"B1 logic. V: 0.945, SOC: 100.0%",1
2026-01-01T17:31:15Z,GRID_PASS,100.0,0.0,"B1 logic. V: 0.945, SOC: 100.0%",1
2026-01-01T17:31:20Z,GRID_PASS,100.0,0.0,"B1 logic. V: 0.945, SOC: 100.0%",1
2026-01-01T17:31:25Z,GRID_PASS,100.0,0.0,"B1 logic. V: 0.945, SOC: 100.0%",1
2026-01-01T17:31:30Z,GRID_PASS,100.0,0.0,"B1 logic. V: 0.945, SOC: 100.0%",1
2026-01-01T17:31:35Z,GRID_PASS,100.0,0.0,"B1 logic. V: 0.945, SOC: 100.0%",1
2026-01-01T17:31:40Z,GRID_PASS,100.0,0.0,"B1 logic. V: 0.945, SOC: 100.0%",1
2026-01-01T17:31:45Z,GRID_PASS,100.0,0.0,"B1 logic. V: 0.945, SOC: 100.0%",1
2026-01-01T17:31:50Z,GRID_PASS,100.0,0.0,"B1 logic. V: 0.945, SOC: 100.0%",1
2026-01-01T17:31:55Z,GRID_PASS,100.0,0.0,"B1 logic. V: 0.945, SOC: 100.0%",1
2026-01-01T17:32:00Z,GRID_PASS,100.0,0.0,"B1 logic. V: 0.945, SOC: 100.0%",1
2026-01-01T17:32:05Z,GRID_PASS,100.0,0.0,"B1 logic. V: 0.945, SOC: 100.0%",1
2026-01-01T17:32:10Z,GRID_PASS,100.0,0.0,"B1 logic. V: 0.945, SOC: 100.0%",1
2026-01-01T17:32:15Z,GRID_PASS,100.0,0.0,"B1 logic. V: 0.945, SOC: 100.0%",1
2026-01-01T17:32:20Z,GRID_PASS,100.0,0.0,"B1 logic. V: 0.945, SOC: 100.0%",1
2026-01-01T17:32:25Z,GRID_PASS,100.0,0.0,"B1 logic. V: 0.945, SOC: 100.0%",1
2026-01-01T17:32:30Z,GRID_PASS,100.0,0.0,"B1 logic. V: 0.945, SOC: 100.0%",1
2026-01-01T17:32:35Z,GRID_PASS,100.0,0.0,"B1 logic. V: 0.945, SOC: 100.0%",1
2026-01-01T17:32:40Z,GRID_PASS,100.0,0.0,"B1 logic. V: 0.945, SOC: 100.0%",1
2026-01-01T17:32:45Z,GRID_PASS,100.0,0.0,"B1 logic. V: 0.945, SOC: 100.0%",1
2026-01-01T17:32:50Z,GRID_PASS,100.0,0.0,"B1 logic. V: 0.945, SOC: 100.0%",1
2026-01-01T17:32:55Z,GRID_PASS,100.0,0.0,"B1 logic. V: 0.945, SOC: 100.0%",1
2026-01-01T17:33:00Z,GRID_PASS,100.0,0.0,"B1 logic. V: 0.945, SOC: 100.0%",1
2026-01-01T17:33:05Z,GRID_PASS,100.0,0.0,"B1 logic. V: 0.945, SOC: 100.0%",1
2026-01-01T17:33:10Z,GRID_PASS,100.0,0.0,"B1 logic. V: 0.945, SOC: 100.0%",1
2026-01-01T17:33:15Z,GRID_PASS,100.0,0.0,"B1 logic. V: 0.945, SOC: 100.0%",1
2026-01-01T17:33:20Z,GRID_PASS,100.0,0.0,"B1 logic. V: 0.945, SOC: 100.0%",1
2026-01-01T17:33:25Z,GRID_PASS,100.0,0.0,"B1 logic. V: 0.945, SOC: 100.0%",1
2026-01-01T17:33:30Z,GRID_PASS,100.0,0.0,"B1 logic. V: 0.945, SOC: 100.0%",1
2026-01-01T17:33:35Z,GRID_PASS,100.0,0.0,"B1 logic. V: 0.945, SOC: 100.0%",1
2026-01-01T17:33:40Z,GRID_PASS,100.0,0.0,"B1 logic. V: 0.945, SOC: 100.0%",1
2026-01-01T17:33:45Z,GRID_PASS,100.0,0.0,"B1 logic. V: 0.945, SOC: 100.0%",1
2026-01-01T17:33:50Z,GRID_PASS,100.0,0.0,"B1 logic. V: 0.945, SOC: 100.0%",1
2026-01-01T17:33:55Z,GRID_PASS,100.0,0.0,"B1 logic. V: 0.945, SOC: 100.0%",1
2026-01-01T17:34:00Z,GRID_PASS,100.0,0.0,"B1 logic. V: 0.945, SOC: 100.0%",1
2026-01-01T17:34:05Z,GRID_PASS,100.0,0.0,"B1 logic. V: 0.944, SOC: 100.0%",1
2026-01-01T17:34:10Z,GRID_PASS,100.0,0.0,"B1 logic. V: 0.944, SOC: 100.0%",1
2026-01-01T17:34:15Z,GRID_PASS,100.0,0.0,"B1 logic. V: 0.944, SOC: 100.0%",1
2026-01-01T17:34:20Z,GRID_PASS,100.0,0.0,"B1 logic. V: 0.944, SOC: 100.0%",1
2026-01-01T17:34:25Z,GRID_PASS,100.0,0.0,"B1 logic. V: 0.944, SOC: 100.0%",1
2026-01-01T17:34:30Z,GRID_PASS,100.0,0.0,"B1 logic. V: 0.944, SOC: 100.0%",1
2026-01-01T17:34:35Z,GRID_PASS,100.0,0.0,"B1 logic. V: 0.944, SOC: 100.0%",1
2026-01-01T17:34:40Z,GRID_PASS,100.0,0.0,"B1 logic. V: 0.944, SOC: 100.0%",1
2026-01-01T17:34:45Z,GRID_PASS,100.0,0.0,"B1 logic. V: 0.944, SOC: 100.0%",1
2026-01-01T17:34:50Z,GRID_PASS,100.0,0.0,"B1 logic. V: 0.944, SOC: 100.0%",1
2026-01-01T17:34:55Z,GRID_PASS,100.0,0.0,"B1 logic. V: 0.944, SOC: 100.0%",1
2026-01-01T17:35:00Z,GRID_PASS,100.0,0.0,"B1 logic. V: 0.944, SOC: 100.0%",1
2026-01-01T17:35:05Z,GRID_PASS,100.0,0.0,"B1 logic. V: 0.944, SOC: 100.0%",1
2026-01-01T17:35:10Z,GRID_PASS,100.0,0.0,"B1 logic. V: 0.944, SOC: 100.0%",1
2026-01-01T17:35:15Z,GRID_PASS,100.0,0.0,"B1 logic. V: 0.944, SOC: 100.0%",1
2026-01-01T17:35:20Z,GRID_PASS,100.0,0.0,"B1 logic. V: 0.944, SOC: 100.0%",1
2026-01-01T17:35:25Z,GRID_PASS,100.0,0.0,"B1 logic. V: 0.944, SOC: 100.0%",1
2026-01-01T17:35:30Z,GRID_PASS,100.0,0.0,"B1 logic. V: 0.944, SOC: 100.0%",1
2026-01-01T17:35:35Z,GRID_PASS,100.0,0.0,"B1 logic. V: 0.944, SOC: 100.0%",1
2026-01-01T17:35:40Z,GRID_PASS,100.0,0.0,"B1 logic. V: 0.944, SOC: 100.0%",1
2026-01-01T17:35:45Z,GRID_PASS,100.0,0.0,"B1 logic. V: 0.944, SOC: 100.0%",1
2026-01-01T17:35:50Z,GRID_PASS,100.0,0.0,"B1 logic. V: 0.944, SOC: 100.0%",1
2026-01-01T17:35:55Z,GRID_PASS,100.0,0.0,"B1 logic. V: 0.944, SOC: 100.0%",1
2026-01-01T17:36:00Z,GRID_PASS,100.0,0.0,"B1 logic. V: 0.944, SOC: 100.0%",1
2026-01-01T17:36:05Z,GRID_PASS,100.0,0.0,"B1 logic. V: 0.944, SOC: 100.0%",1
2026-01-01T17:36:10Z,GRID_PASS,100.0,0.0,"B1 logic. V: 0.944, SOC: 100.0%",1
2026-01-01T17:36:15Z,GRID_PASS,100.0,0.0,"B1 logic. V: 0.944, SOC: 100.0%",1
2026-01-01T17:36:20Z,GRID_PASS,100.0,0.0,"B1 logic. V: 0.944, SOC: 100.0%",1
2026-01-01T17:36:25Z,GRID_PASS,100.0,0.0,"B1 logic. V: 0.944, SOC: 100.0%",1
2026-01-01T17:36:30Z,GRID_PASS,100.0,0.0,"B1 logic. V: 0.944, SOC: 100.0%",1
2026-01-01T17:36:35Z,GRID_PASS,100.0,0.0,"B1 logic. V: 0.944, SOC: 100.0%",1
2026-01-01T17:36:40Z,GRID_PASS,100.0,0.0,"B1 logic. V: 0.944, SOC: 100.0%",1
2026-01-01T17:36:45Z,GRID_PASS,100.0,0.0,"B1 logic. V: 0.944, SOC: 100.0%",1
2026-01-01T17:36:50Z,GRID_PASS,100.0,0.0,"B1 logic. V: 0.944, SOC: 100.0%",1
2026-01-01T17:36:55Z,GRID_PASS,100.0,0.0,"B1 logic. V: 0.944, SOC: 100.0%",1
2026-01-01T17:37:00Z,GRID_PASS,100.0,0.0,"B1 logic. V: 0.944, SOC: 100.0%",1
2026-01-01T17:37:05Z,GRID_PASS,100.0,0.0,"B1 logic. V: 0.943, SOC: 100.0%",1
2026-01-01T17:37:10Z,GRID_PASS,100.0,0.0,"B1 logic. V: 0.943, SOC: 100.0%",1
2026-01-01T17:37:15Z,GRID_PASS,100.0,0.0,"B1 logic. V: 0.943, SOC: 100.0%",1
2026-01-01T17:37:20Z,GRID_PASS,100.0,0.0,"B1 logic. V: 0.943, SOC: 100.0%",1
2026-01-01T17:37:25Z,GRID_PASS,100.0,0.0,"B1 logic. V: 0.943, SOC: 100.0%",1
2026-01-01T17:37:30Z,GRID_PASS,100.0,0.0,"B1 logic. V: 0.943, SOC: 100.0%",1
2026-01-01T17:37:35Z,GRID_PASS,100.0,0.0,"B1 logic. V: 0.943, SOC: 100.0%",1
2026-01-01T17:37:40Z,GRID_PASS,100.0,0.0,"B1 logic. V: 0.943, SOC: 100.0%",1
2026-01-01T17:37:45Z,GRID_PASS,100.0,0.0,"B1 logic. V: 0.943, SOC: 100.0%",1
2026-01-01T17:37:50Z,GRID_PASS,100.0,0.0,"B1 logic. V: 0.943, SOC: 100.0%",1
2026-01-01T17:37:55Z,GRID_PASS,100.0,0.0,"B1 logic. V: 0.943, SOC: 100.0%",1
2026-01-01T17:38:00Z,GRID_PASS,100.0,0.0,"B1 logic. V: 0.943, SOC: 100.0%",1
2026-01-01T17:38:05Z,GRID_PASS,100.0,0.0,"B1 logic. V: 0.943, SOC: 100.0%",1
2026-01-01T17:38:10Z,GRID_PASS,100.0,0.0,"B1 logic. V: 0.943, SOC: 100.0%",1
2026-01-01T17:38:15Z,GRID_PASS,100.0,0.0,"B1 logic. V: 0.943, SOC: 100.0%",1
2026-01-01T17:38:20Z,GRID_PASS,100.0,0.0,"B1 logic. V: 0.943, SOC: 100.0%",1
2026-01-01T17:38:25Z,GRID_PASS,100.0,0.0,"B1 logic. V: 0.943, SOC: 100.0%",1
2026-01-01T17:38:30Z,GRID_PASS,100.0,0.0,"B1 logic. V: 0.943, SOC: 100.0%",1
2026-01-01T17:38:35Z,GRID_PASS,100.0,0.0,"B1 logic. V: 0.943, SOC: 100.0%",1
2026-01-01T17:38:40Z,GRID_PASS,100.0,0.0,"B1 logic. V: 0.943, SOC: 100.0%",1
2026-01-01T17:38:45Z,GRID_PASS,100.0,0.0,"B1 logic. V: 0.943, SOC: 100.0%",1
2026-01-01T17:38:50Z,GRID_PASS,100.0,0.0,"B1 logic. V: 0.943, SOC: 100.0%",1
2026-01-01T17:38:55Z,GRID_PASS,100.0,0.0,"B1 logic. V: 0.943, SOC: 100.0%",1
2026-01-01T17:39:00Z,GRID_PASS,100.0,0.0,"B1 logic. V: 0.943, SOC: 100.0%",1
2026-01-01T17:39:05Z,GRID_PASS,100.0,0.0,"B1 logic. V: 0.943, SOC: 100.0%",1
2026-01-01T17:39:10Z,GRID_PASS,100.0,0.0,"B1 logic. V: 0.943, SOC: 100.0%",1
2026-01-01T17:39:15Z,GRID_PASS,100.0,0.0,"B1 logic. V: 0.943, SOC: 100.0%",1
2026-01-01T17:39:20Z,GRID_PASS,100.0,0.0,"B1 logic. V: 0.943, SOC: 100.0%",1
2026-01-01T17:39:25Z,GRID_PASS,100.0,0.0,"B1 logic. V: 0.943, SOC: 100.0%",1
2026-01-01T17:39:30Z,GRID_PASS,100.0,0.0,"B1 logic. V: 0.943, SOC: 100.0%",1
2026-01-01T17:39:35Z,GRID_PASS,100.0,0.0,"B1 logic. V: 0.943, SOC: 100.0%",1
2026-01-01T17:39:40Z,GRID_PASS,100.0,0.0,"B1 logic. V: 0.943, SOC: 100.0%",1
2026-01-01T17:39:45Z,GRID_PASS,100.0,0.0,"B1 logic. V: 0.943, SOC: 100.0%",1
2026-01-01T17:39:50Z,GRID_PASS,100.0,0.0,"B1 logic. V: 0.943, SOC: 100.0%",1
2026-01-01T17:39:55Z,GRID_PASS,100.0,0.0,"B1 logic. V: 0.943, SOC: 100.0%",1
2026-01-01T17:40:00Z,GRID_PASS,100.0,0.0,"B1 logic. V: 0.943, SOC: 100.0%",1
2026-01-01T17:40:05Z,GRID_PASS,100.0,0.0,"B1 logic. V: 0.943, SOC: 100.0%",1
2026-01-01T17:40:10Z,GRID_PASS,100.0,0.0,"B1 logic. V: 0.943, SOC: 100.0%",1
2026-01-01T17:40:15Z,GRID_PASS,100.0,0.0,"B1 logic. V: 0.943, SOC: 100.0%",1
2026-01-01T17:40:20Z,GRID_PASS,100.0,0.0,"B1 logic. V: 0.943, SOC: 100.0%",1
2026-01-01T17:40:25Z,GRID_PASS,100.0,0.0,"B1 logic. V: 0.943, SOC: 100.0%",1
2026-01-01T17:40:30Z,GRID_PASS,100.0,0.0,"B1 logic. V: 0.943, SOC: 100.0%",1
2026-01-01T17:40:35Z,GRID_PASS,100.0,0.0,"B1 logic. V: 0.943, SOC: 100.0%",1
2026-01-01T17:40:40Z,GRID_PASS,100.0,0.0,"B1 logic. V: 0.943, SOC: 100.0%",1
2026-01-01T17:40:45Z,GRID_PASS,100.0,0.0,"B1 logic. V: 0.943, SOC: 100.0%",1
2026-01-01T17:40:50Z,GRID_PASS,100.0,0.0,"B1 logic. V: 0.943, SOC: 100.0%",1
2026-01-01T17:40:55Z,GRID_PASS,100.0,0.0,"B1 logic. V: 0.943, SOC: 100.0%",1
2026-01-01T17:41:00Z,GRID_PASS,100.0,0.0,"B1 logic. V: 0.943, SOC: 100.0%",1
2026-01-01T17:41:05Z,GRID_PASS,100.0,0.0,"B1 logic. V: 0.942, SOC: 100.0%",1
2026-01-01T17:41:10Z,GRID_PASS,100.0,0.0,"B1 logic. V: 0.942, SOC: 100.0%",1
2026-01-01T17:41:15Z,GRID_PASS,100.0,0.0,"B1 logic. V: 0.942, SOC: 100.0%",1
2026-01-01T17:41:20Z,GRID_PASS,100.0,0.0,"B1 logic. V: 0.942, SOC: 100.0%",1
2026-01-01T17:41:25Z,GRID_PASS,100.0,0.0,"B1 logic. V: 0.942, SOC: 100.0%",1
2026-01-01T17:41:30Z,GRID_PASS,100.0,0.0,"B1 logic. V: 0.942, SOC: 100.0%",1
2026-01-01T17:41:35Z,GRID_PASS,100.0,0.0,"B1 logic. V: 0.942, SOC: 100.0%",1
2026-01-01T17:41:40Z,GRID_PASS,100.0,0.0,"B1 logic. V: 0.942, SOC: 100.0%",1
2026-01-01T17:41:45Z,GRID_PASS,100.0,0.0,"B1 logic. V: 0.942, SOC: 100.0%",1
2026-01-01T17:41:50Z,GRID_PASS,100.0,0.0,"B1 logic. V: 0.942, SOC: 100.0%",1
2026-01-01T17:41:55Z,GRID_PASS,100.0,0.0,"B1 logic. V: 0.942, SOC: 100.0%",1
2026-01-01T17:42:00Z,GRID_PASS,100.0,0.0,"B1 logic. V: 0.942, SOC: 100.0%",1
2026-01-01T17:42:05Z,GRID_PASS,100.0,0.0,"B1 logic. V: 0.942, SOC: 100.0%",1
2026-01-01T17:42:10Z,GRID_PASS,100.0,0.0,"B1 logic. V: 0.942, SOC: 100.0%",1
2026-01-01T17:42:15Z,GRID_PASS,100.0,0.0,"B1 logic. V: 0.942, SOC: 100.0%",1
2026-01-01T17:42:20Z,GRID_PASS,100.0,0.0,"B1 logic. V: 0.942, SOC: 100.0%",1
2026-01-01T17:42:25Z,GRID_PASS,100.0,0.0,"B1 logic. V: 0.942, SOC: 100.0%",1
2026-01-01T17:42:30Z,GRID_PASS,100.0,0.0,"B1 logic. V: 0.942, SOC: 100.0%",1
2026-01-01T17:42:35Z,GRID_PASS,100.0,0.0,"B1 logic. V: 0.942, SOC: 100.0%",1
2026-01-01T17:42:40Z,GRID_PASS,100.0,0.0,"B1 logic. V: 0.942, SOC: 100.0%",1
2026-01-01T17:42:45Z,GRID_PASS,100.0,0.0,"B1 logic. V: 0.942, SOC: 100.0%",1
2026-01-01T17:42:50Z,GRID_PASS,100.0,0.0,"B1 logic. V: 0.942, SOC: 100.0%",1
2026-01-01T17:42:55Z,GRID_PASS,100.0,0.0,"B1 logic. V: 0.942, SOC: 100.0%",1
2026-01-01T17:43:00Z,GRID_PASS,100.0,0.0,"B1 logic. V: 0.942, SOC: 100.0%",1
2026-01-01T17:43:05Z,GRID_PASS,100.0,0.0,"B1 logic. V: 0.942, SOC: 100.0%",1
2026-01-01T17:43:10Z,GRID_PASS,100.0,0.0,"B1 logic. V: 0.942, SOC: 100.0%",1
2026-01-01T17:43:15Z,GRID_PASS,100.0,0.0,"B1 logic. V: 0.942, SOC: 100.0%",1
2026-01-01T17:43:20Z,GRID_PASS,100.0,0.0,"B1 logic. V: 0.942, SOC: 100.0%",1
2026-01-01T17:43:25Z,GRID_PASS,100.0,0.0,"B1 logic. V: 0.942, SOC: 100.0%",1
2026-01-01T17:43:30Z,GRID_PASS,100.0,0.0,"B1 logic. V: 0.942, SOC: 100.0%",1
2026-01-01T17:43:35Z,GRID_PASS,100.0,0.0,"B1 logic. V: 0.942, SOC: 100.0%",1
2026-01-01T17:43:40Z,GRID_PASS,100.0,0.0,"B1 logic. V: 0.942, SOC: 100.0%",1
2026-01-01T17:43:45Z,GRID_PASS,100.0,0.0,"B1 logic. V: 0.942, SOC: 100.0%",1
2026-01-01T17:43:50Z,GRID_PASS,100.0,0.0,"B1 logic. V: 0.942, SOC: 100.0%",1
2026-01-01T17:43:55Z,GRID_PASS,100.0,0.0,"B1 logic. V: 0.942, SOC: 100.0%",1
2026-01-01T17:44:00Z,GRID_PASS,100.0,0.0,"B1 logic. V: 0.942, SOC: 100.0%",1
2026-01-01T17:44:05Z,GRID_PASS,100.0,0.0,"B1 logic. V: 0.941, SOC: 100.0%",1
2026-01-01T17:44:10Z,GRID_PASS,100.0,0.0,"B1 logic. V: 0.941, SOC: 100.0%",1
2026-01-01T17:44:15Z,GRID_PASS,100.0,0.0,"B1 logic. V: 0.941, SOC: 100.0%",1
2026-01-01T17:44:20Z,GRID_PASS,100.0,0.0,"B1 logic. V: 0.941, SOC: 100.0%",1
2026-01-01T17:44:25Z,GRID_PASS,100.0,0.0,"B1 logic. V: 0.941, SOC: 100.0%",1
2026-01-01T17:44:30Z,GRID_PASS,100.0,0.0,"B1 logic. V: 0.941, SOC: 100.0%",1
2026-01-01T17:44:35Z,GRID_PASS,100.0,0.0,"B1 logic. V: 0.941, SOC: 100.0%",1
2026-01-01T17:44:40Z,GRID_PASS,100.0,0.0,"B1 logic. V: 0.941, SOC: 100.0%",1
2026-01-01T17:44:45Z,GRID_PASS,100.0,0.0,"B1 logic. V: 0.941, SOC: 100.0%",1
2026-01-01T17:44:50Z,GRID_PASS,100.0,0.0,"B1 logic. V: 0.941, SOC: 100.0%",1
2026-01-01T17:44:55Z,GRID_PASS,100.0,0.0,"B1 logic. V: 0.941, SOC: 100.0%",1
2026-01-01T17:45:00Z,GRID_PASS,100.0,0.0,"B1 logic. V: 0.941, SOC: 100.0%",1
2026-01-01T17:45:05Z,GRID_PASS,100.0,0.0,"B1 logic. V: 0.941, SOC: 100.0%",1
2026-01-01T17:45:10Z,GRID_PASS,100.0,0.0,"B1 logic. V: 0.941, SOC: 100.0%",1
2026-01-01T17:45:15Z,GRID_PASS,100.0,0.0,"B1 logic. V: 0.941, SOC: 100.0%",1
2026-01-01T17:45:20Z,GRID_PASS,100.0,0.0,"B1 logic. V: 0.941, SOC: 100.0%",1
2026-01-01T17:45:25Z,GRID_PASS,100.0,0.0,"B1 logic. V: 0.941, SOC: 100.0%",1
2026-01-01T17:45:30Z,GRID_PASS,100.0,0.0,"B1 logic. V: 0.941, SOC: 100.0%",1
2026-01-01T17:45:35Z,GRID_PASS,100.0,0.0,"B1 logic. V: 0.941, SOC: 100.0%",1
2026-01-01T17:45:40Z,GRID_PASS,100.0,0.0,"B1 logic. V: 0.941, SOC: 100.0%",1
2026-01-01T17:45:45Z,GRID_PASS,100.0,0.0,"B1 logic. V: 0.941, SOC: 100.0%",1
2026-01-01T17:45:50Z,GRID_PASS,100.0,0.0,"B1 logic. V: 0.941, SOC: 100.0%",1
2026-01-01T17:45:55Z,GRID_PASS,100.0,0.0,"B1 logic. V: 0.941, SOC: 100.0%",1
2026-01-01T17:46:00Z,GRID_PASS,100.0,0.0,"B1 logic. V: 0.941, SOC: 100.0%",1
2026-01-01T17:46:05Z,GRID_PASS,100.0,0.0,"B1 logic. V: 0.941, SOC: 100.0%",1
2026-01-01T17:46:10Z,GRID_PASS,100.0,0.0,"B1 logic. V: 0.941, SOC: 100.0%",1
2026-01-01T17:46:15Z,GRID_PASS,100.0,0.0,"B1 logic. V: 0.941, SOC: 100.0%",1
2026-01-01T17:46:20Z,GRID_PASS,100.0,0.0,"B1 logic. V: 0.941, SOC: 100.0%",1
2026-01-01T17:46:25Z,GRID_PASS,100.0,0.0,"B1 logic. V: 0.941, SOC: 100.0%",1
2026-01-01T17:46:30Z,GRID_PASS,100.0,0.0,"B1 logic. V: 0.941, SOC: 100.0%",1
2026-01-01T17:46:35Z,GRID_PASS,100.0,0.0,"B1 logic. V: 0.941, SOC: 100.0%",1
2026-01-01T17:46:40Z,GRID_PASS,100.0,0.0,"B1 logic. V: 0.941, SOC: 100.0%",1
2026-01-01T17:46:45Z,GRID_PASS,100.0,0.0,"B1 logic. V: 0.941, SOC: 100.0%",1
2026-01-01T17:46:50Z,GRID_PASS,100.0,0.0,"B1 logic. V: 0.941, SOC: 100.0%",1
2026-01-01T17:46:55Z,GRID_PASS,100.0,0.0,"B1 logic. V: 0.941, SOC: 100.0%",1
2026-01-01T17:47:00Z,GRID_PASS,100.0,0.0,"B1 logic. V: 0.941, SOC: 100.0%",1
2026-01-01T17:47:05Z,GRID_PASS,100.0,0.0,"B1 logic. V: 0.940, SOC: 100.0%",1
2026-01-01T17:47:10Z,GRID_PASS,100.0,0.0,"B1 logic. V: 0.940, SOC: 100.0%",1
2026-01-01T17:47:15Z,GRID_PASS,100.0,0.0,"B1 logic. V: 0.940, SOC: 100.0%",1
2026-01-01T17:47:20Z,GRID_PASS,100.0,0.0,"B1 logic. V: 0.940, SOC: 100.0%",1
2026-01-01T17:47:25Z,GRID_PASS,100.0,0.0,"B1 logic. V: 0.940, SOC: 100.0%",1
2026-01-01T17:47:30Z,GRID_PASS,100.0,0.0,"B1 logic. V: 0.940, SOC: 100.0%",1
2026-01-01T17:47:35Z,GRID_PASS,100.0,0.0,"B1 logic. V: 0.940, SOC: 100.0%",1
2026-01-01T17:47:40Z,GRID_PASS,100.0,0.0,"B1 logic. V: 0.940, SOC: 100.0%",1
2026-01-01T17:47:45Z,GRID_PASS,100.0,0.0,"B1 logic. V: 0.940, SOC: 100.0%",1
2026-01-01T17:47:50Z,GRID_PASS,100.0,0.0,"B1 logic. V: 0.940, SOC: 100.0%",1
2026-01-01T17:47:55Z,GRID_PASS,100.0,0.0,"B1 logic. V: 0.940, SOC: 100.0%",1
2026-01-01T17:48:00Z,GRID_PASS,100.0,0.0,"B1 logic. V: 0.940, SOC: 100.0%",1
2026-01-01T17:48:05Z,GRID_PASS,100.0,0.0,"B1 logic. V: 0.940, SOC: 100.0%",1
2026-01-01T17:48:10Z,GRID_PASS,100.0,0.0,"B1 logic. V: 0.940, SOC: 100.0%",1
2026-01-01T17:48:15Z,GRID_PASS,100.0,0.0,"B1 logic. V: 0.940, SOC: 100.0%",1
2026-01-01T17:48:20Z,GRID_PASS,100.0,0.0,"B1 logic. V: 0.940, SOC: 100.0%",1
2026-01-01T17:48:25Z,GRID_PASS,100.0,0.0,"B1 logic. V: 0.940, SOC: 100.0%",1
2026-01-01T17:48:30Z,GRID_PASS,100.0,0.0,"B1 logic. V: 0.940, SOC: 100.0%",1
2026-01-01T17:48:35Z,GRID_PASS,100.0,0.0,"B1 logic. V: 0.940, SOC: 100.0%",1
2026-01-01T17:48:40Z,GRID_PASS,100.0,0.0,"B1 logic. V: 0.940, SOC: 100.0%",1
2026-01-01T17:48:45Z,GRID_PASS,100.0,0.0,"B1 logic. V: 0.940, SOC: 100.0%",1
2026-01-01T17:48:50Z,GRID_PASS,100.0,0.0,"B1 logic. V: 0.940, SOC: 100.0%",1
2026-01-01T17:48:55Z,GRID_PASS,100.0,0.0,"B1 logic. V: 0.940, SOC: 100.0%",1
2026-01-01T17:49:00Z,GRID_PASS,100.0,0.0,"B1 logic. V: 0.940, SOC: 100.0%",1
2026-01-01T17:49:05Z,GRID_PASS,100.0,0.0,"B1 logic. V: 0.940, SOC: 100.0%",1
2026-01-01T17:49:10Z,SUPPORT,100.0,0.0,"B1 logic. V: 0.940, SOC: 100.0%",1
2026-01-01T17:49:15Z,SUPPORT,100.0,0.0,"B1 logic. V: 0.940, SOC: 100.0%",1
2026-01-01T17:49:20Z,SUPPORT,100.0,0.0,"B1 logic. V: 0.940, SOC: 100.0%",1
2026-01-01T17:49:25Z,SUPPORT,100.0,0.0,"B1 logic. V: 0.940, SOC: 100.0%",1
2026-01-01T17:49:30Z,SUPPORT,100.0,0.0,"B1 logic. V: 0.940, SOC: 100.0%",1
2026-01-01T17:49:35Z,SUPPORT,100.0,0.0,"B1 logic. V: 0.940, SOC: 100.0%",1
2026-01-01T17:49:40Z,SUPPORT,100.0,0.0,"B1 logic. V: 0.940, SOC: 100.0%",1
2026-01-01T17:49:45Z,SUPPORT,100.0,0.0,"B1 logic. V: 0.940, SOC: 100.0%",1
2026-01-01T17:49:50Z,SUPPORT,100.0,0.0,"B1 logic. V: 0.940, SOC: 100.0%",1
2026-01-01T17:49:55Z,SUPPORT,100.0,0.0,"B1 logic. V: 0.940, SOC: 100.0%",1
2026-01-01T17:50:00Z,SUPPORT,100.0,0.0,"B1 logic. V: 0.940, SOC: 100.0%",1
2026-01-01T17:50:05Z,SUPPORT,100.0,0.0,"B1 logic. V: 0.939, SOC: 100.0%",1
2026-01-01T17:50:10Z,SUPPORT,100.0,0.0,"B1 logic. V: 0.939, SOC: 100.0%",1
2026-01-01T17:50:15Z,SUPPORT,100.0,0.0,"B1 logic. V: 0.939, SOC: 100.0%",1
2026-01-01T17:50:20Z,SUPPORT,100.0,0.0,"B1 logic. V: 0.939, SOC: 100.0%",1
2026-01-01T17:50:25Z,SUPPORT,100.0,0.0,"B1 logic. V: 0.939, SOC: 100.0%",1
2026-01-01T17:50:30Z,SUPPORT,100.0,0.0,"B1 logic. V: 0.939, SOC: 100.0%",1
2026-01-01T17:50:35Z,SUPPORT,100.0,0.0,"B1 logic. V: 0.939, SOC: 100.0%",1
2026-01-01T17:50:40Z,SUPPORT,100.0,0.0,"B1 logic. V: 0.939, SOC: 100.0%",1
2026-01-01T17:50:45Z,SUPPORT,100.0,0.0,"B1 logic. V: 0.939, SOC: 100.0%",1
2026-01-01T17:50:50Z,SUPPORT,100.0,0.0,"B1 logic. V: 0.939, SOC: 100.0%",1
2026-01-01T17:50:55Z,SUPPORT,100.0,0.0,"B1 logic. V: 0.939, SOC: 100.0%",1
2026-01-01T17:51:00Z,SUPPORT,100.0,0.0,"B1 logic. V: 0.939, SOC: 100.0%",1
2026-01-01T17:51:05Z,SUPPORT,100.0,0.0,"B1 logic. V: 0.939, SOC: 100.0%",1
2026-01-01T17:51:10Z,SUPPORT,100.0,0.0,"B1 logic. V: 0.939, SOC: 100.0%",1
2026-01-01T17:51:15Z,SUPPORT,100.0,0.0,"B1 logic. V: 0.939, SOC: 100.0%",1
2026-01-01T17:51:20Z,SUPPORT,100.0,0.0,"B1 logic. V: 0.939, SOC: 100.0%",1
2026-01-01T17:51:25Z,SUPPORT,100.0,0.0,"B1 logic. V: 0.939, SOC: 100.0%",1
2026-01-01T17:51:30Z,SUPPORT,100.0,0.0,"B1 logic. V: 0.939, SOC: 100.0%",1
2026-01-01T17:51:35Z,SUPPORT,100.0,0.0,"B1 logic. V: 0.939, SOC: 100.0%",1
2026-01-01T17:51:40Z,SUPPORT,100.0,0.0,"B1 logic. V: 0.939, SOC: 100.0%",1
2026-01-01T17:51:45Z,SUPPORT,100.0,0.0,"B1 logic. V: 0.939, SOC: 100.0%",1
2026-01-01T17:51:50Z,SUPPORT,100.0,0.0,"B1 logic. V: 0.939, SOC: 100.0%",1
2026-01-01T17:51:55Z,SUPPORT,100.0,0.0,"B1 logic. V: 0.939, SOC: 100.0%",1
2026-01-01T17:52:00Z,SUPPORT,100.0,0.0,"B1 logic. V: 0.939, SOC: 100.0%",1
2026-01-01T17:52:05Z,SUPPORT,100.0,0.0,"B1 logic. V: 0.939, SOC: 100.0%",1
2026-01-01T17:52:10Z,SUPPORT,100.0,0.0,"B1 logic. V: 0.939, SOC: 100.0%",1
2026-01-01T17:52:15Z,SUPPORT,100.0,0.0,"B1 logic. V: 0.939, SOC: 100.0%",1
2026-01-01T17:52:20Z,SUPPORT,100.0,0.0,"B1 logic. V: 0.939, SOC: 100.0%",1
2026-01-01T17:52:25Z,SUPPORT,100.0,0.0,"B1 logic. V: 0.939, SOC: 100.0%",1
2026-01-01T17:52:30Z,SUPPORT,100.0,0.0,"B1 logic. V: 0.939, SOC: 100.0%",1
2026-01-01T17:52:35Z,SUPPORT,100.0,0.0,"B1 logic. V: 0.939, SOC: 100.0%",1
2026-01-01T17:52:40Z,SUPPORT,100.0,0.0,"B1 logic. V: 0.939, SOC: 100.0%",1
2026-01-01T17:52:45Z,SUPPORT,100.0,0.0,"B1 logic. V: 0.939, SOC: 100.0%",1
2026-01-01T17:52:50Z,SUPPORT,100.0,0.0,"B1 logic. V: 0.939, SOC: 100.0%",1
2026-01-01T17:52:55Z,SUPPORT,100.0,0.0,"B1 logic. V: 0.939, SOC: 100.0%",1
2026-01-01T17:53:00Z,SUPPORT,100.0,0.0,"B1 logic. V: 0.939, SOC: 100.0%",1
2026-01-01T17:53:05Z,SUPPORT,100.0,0.0,"B1 logic. V: 0.938, SOC: 100.0%",1
2026-01-01T17:53:10Z,SUPPORT,100.0,0.0,"B1 logic. V: 0.938, SOC: 100.0%",1
2026-01-01T17:53:15Z,SUPPORT,100.0,0.0,"B1 logic. V: 0.938, SOC: 100.0%",1
2026-01-01T17:53:20Z,SUPPORT,100.0,0.0,"B1 logic. V: 0.938, SOC: 100.0%",1
2026-01-01T17:53:25Z,SUPPORT,100.0,0.0,"B1 logic. V: 0.938, SOC: 100.0%",1
2026-01-01T17:53:30Z,SUPPORT,100.0,0.0,"B1 logic. V: 0.938, SOC: 100.0%",1
2026-01-01T17:53:35Z,SUPPORT,100.0,0.0,"B1 logic. V: 0.938, SOC: 100.0%",1
2026-01-01T17:53:40Z,SUPPORT,100.0,0.0,"B1 logic. V: 0.938, SOC: 100.0%",1
2026-01-01T17:53:45Z,SUPPORT,100.0,0.0,"B1 logic. V: 0.938, SOC: 100.0%",1
2026-01-01T17:53:50Z,SUPPORT,100.0,0.0,"B1 logic. V: 0.938, SOC: 100.0%",1
2026-01-01T17:53:55Z,SUPPORT,100.0,0.0,"B1 logic. V: 0.938, SOC: 100.0%",1
2026-01-01T17:54:00Z,SUPPORT,100.0,0.0,"B1 logic. V: 0.938, SOC: 100.0%",1
2026-01-01T17:54:05Z,SUPPORT,100.0,0.0,"B1 logic. V: 0.938, SOC: 100.0%",1
2026-01-01T17:54:10Z,SUPPORT,100.0,0.0,"B1 logic. V: 0.938, SOC: 100.0%",1
2026-01-01T17:54:15Z,SUPPORT,100.0,0.0,"B1 logic. V: 0.938, SOC: 100.0%",1
2026-01-01T17:54:20Z,SUPPORT,100.0,0.0,"B1 logic. V: 0.938, SOC: 100.0%",1
2026-01-01T17:54:25Z,SUPPORT,100.0,0.0,"B1 logic. V: 0.938, SOC: 100.0%",1
2026-01-01T17:54:30Z,SUPPORT,100.0,0.0,"B1 logic. V: 0.938, SOC: 100.0%",1
2026-01-01T17:54:35Z,SUPPORT,100.0,0.0,"B1 logic. V: 0.938, SOC: 100.0%",1
2026-01-01T17:54:40Z,SUPPORT,100.0,0.0,"B1 logic. V: 0.938, SOC: 100.0%",1
2026-01-01T17:54:45Z,SUPPORT,100.0,0.0,"B1 logic. V: 0.938, SOC: 100.0%",1
2026-01-01T17:54:50Z,SUPPORT,100.0,0.0,"B1 logic. V: 0.938, SOC: 100.0%",1
2026-01-01T17:54:55Z,SUPPORT,100.0,0.0,"B1 logic. V: 0.938, SOC: 100.0%",1
2026-01-01T17:55:00Z,SUPPORT,100.0,0.0,"B1 logic. V: 0.938, SOC: 100.0%",1
2026-01-01T17:55:05Z,SUPPORT,100.0,0.0,"B1 logic. V: 0.938, SOC: 100.0%",1
2026-01-01T17:55:10Z,SUPPORT,100.0,0.0,"B1 logic. V: 0.938, SOC: 100.0%",1
2026-01-01T17:55:15Z,SUPPORT,100.0,0.0,"B1 logic. V: 0.938, SOC: 100.0%",1
2026-01-01T17:55:20Z,SUPPORT,100.0,0.0,"B1 logic. V: 0.938, SOC: 100.0%",1
2026-01-01T17:55:25Z,SUPPORT,100.0,0.0,"B1 logic. V: 0.938, SOC: 100.0%",1
2026-01-01T17:55:30Z,SUPPORT,100.0,0.0,"B1 logic. V: 0.938, SOC: 100.0%",1
2026-01-01T17:55:35Z,SUPPORT,100.0,0.0,"B1 logic. V: 0.938, SOC: 100.0%",1
2026-01-01T17:55:40Z,SUPPORT,100.0,0.0,"B1 logic. V: 0.938, SOC: 100.0%",1
2026-01-01T17:55:45Z,SUPPORT,100.0,0.0,"B1 logic. V: 0.938, SOC: 100.0%",1
2026-01-01T17:55:50Z,SUPPORT,100.0,0.0,"B1 logic. V: 0.938, SOC: 100.0%",1
2026-01-01T17:55:55Z,SUPPORT,100.0,0.0,"B1 logic. V: 0.938, SOC: 100.0%",1
2026-01-01T17:56:00Z,SUPPORT,100.0,0.0,"B1 logic. V: 0.938, SOC: 100.0%",1
2026-01-01T17:56:05Z,SUPPORT,100.0,0.0,"B1 logic. V: 0.937, SOC: 100.0%",1
2026-01-01T17:56:10Z,SUPPORT,100.0,0.0,"B1 logic. V: 0.937, SOC: 100.0%",1
2026-01-01T17:56:15Z,SUPPORT,100.0,0.0,"B1 logic. V: 0.937, SOC: 100.0%",1
2026-01-01T17:56:20Z,SUPPORT,100.0,0.0,"B1 logic. V: 0.937, SOC: 100.0%",1
2026-01-01T17:56:25Z,SUPPORT,100.0,0.0,"B1 logic. V: 0.937, SOC: 100.0%",1
2026-01-01T17:56:30Z,SUPPORT,100.0,0.0,"B1 logic. V: 0.937, SOC: 100.0%",1
2026-01-01T17:56:35Z,SUPPORT,100.0,0.0,"B1 logic. V: 0.937, SOC: 100.0%",1
2026-01-01T17:56:40Z,SUPPORT,100.0,0.0,"B1 logic. V: 0.937, SOC: 100.0%",1
2026-01-01T17:56:45Z,SUPPORT,100.0,0.0,"B1 logic. V: 0.937, SOC: 100.0%",1
2026-01-01T17:56:50Z,SUPPORT,100.0,0.0,"B1 logic. V: 0.937, SOC: 100.0%",1
2026-01-01T17:56:55Z,SUPPORT,100.0,0.0,"B1 logic. V: 0.937, SOC: 100.0%",1
2026-01-01T17:57:00Z,SUPPORT,100.0,0.0,"B1 logic. V: 0.937, SOC: 100.0%",1
2026-01-01T17:57:05Z,SUPPORT,100.0,0.0,"B1 logic. V: 0.937, SOC: 100.0%",1
2026-01-01T17:57:10Z,SUPPORT,100.0,0.0,"B1 logic. V: 0.937, SOC: 100.0%",1
2026-01-01T17:57:15Z,SUPPORT,100.0,0.0,"B1 logic. V: 0.937, SOC: 100.0%",1
2026-01-01T17:57:20Z,SUPPORT,100.0,0.0,"B1 logic. V: 0.937, SOC: 100.0%",1
2026-01-01T17:57:25Z,SUPPORT,100.0,0.0,"B1 logic. V: 0.937, SOC: 100.0%",1
2026-01-01T17:57:30Z,SUPPORT,100.0,0.0,"B1 logic. V: 0.937, SOC: 100.0%",1
2026-01-01T17:57:35Z,SUPPORT,100.0,0.0,"B1 logic. V: 0.937, SOC: 100.0%",1
2026-01-01T17:57:40Z,SUPPORT,100.0,0.0,"B1 logic. V: 0.937, SOC: 100.0%",1
2026-01-01T17:57:45Z,SUPPORT,100.0,0.0,"B1 logic. V: 0.937, SOC: 100.0%",1
2026-01-01T17:57:50Z,SUPPORT,100.0,0.0,"B1 logic. V: 0.937, SOC: 100.0%",1
2026-01-01T17:57:55Z,SUPPORT,100.0,0.0,"B1 logic. V: 0.937, SOC: 100.0%",1
2026-01-01T17:58:00Z,SUPPORT,100.0,0.0,"B1 logic. V: 0.937, SOC: 100.0%",1
2026-01-01T17:58:05Z,SUPPORT,100.0,0.0,"B1 logic. V: 0.937, SOC: 100.0%",1
2026-01-01T17:58:10Z,SUPPORT,100.0,0.0,"B1 logic. V: 0.937, SOC: 100.0%",1
2026-01-01T17:58:15Z,SUPPORT,100.0,0.0,"B1 logic. V: 0.937, SOC: 100.0%",1
2026-01-01T17:58:20Z,SUPPORT,100.0,0.0,"B1 logic. V: 0.937, SOC: 100.0%",1
2026-01-01T17:58:25Z,SUPPORT,100.0,0.0,"B1 logic. V: 0.937, SOC: 100.0%",1
2026-01-01T17:58:30Z,SUPPORT,100.0,0.0,"B1 logic. V: 0.937, SOC: 100.0%",1
2026-01-01T17:58:35Z,SUPPORT,100.0,0.0,"B1 logic. V: 0.937, SOC: 100.0%",1
2026-01-01T17:58:40Z,SUPPORT,100.0,0.0,"B1 logic. V: 0.937, SOC: 100.0%",1
2026-01-01T17:58:45Z,SUPPORT,100.0,0.0,"B1 logic. V: 0.937, SOC: 100.0%",1
2026-01-01T17:58:50Z,SUPPORT,100.0,0.0,"B1 logic. V: 0.937, SOC: 100.0%",1
2026-01-01T17:58:55Z,SUPPORT,100.0,0.0,"B1 logic. V: 0.937, SOC: 100.0%",1
2026-01-01T17:59:00Z,SUPPORT,100.0,0.0,"B1 logic. V: 0.937, SOC: 100.0%",1
2026-01-01T17:59:05Z,SUPPORT,100.0,0.0,"B1 logic. V: 0.936, SOC: 100.0%",1
2026-01-01T17:59:10Z,SUPPORT,100.0,0.0,"B1 logic. V: 0.936, SOC: 100.0%",1
2026-01-01T17:59:15Z,SUPPORT,100.0,0.0,"B1 logic. V: 0.936, SOC: 100.0%",1
2026-01-01T17:59:20Z,SUPPORT,100.0,0.0,"B1 logic. V: 0.936, SOC: 100.0%",1
2026-01-01T17:59:25Z,SUPPORT,100.0,0.0,"B1 logic. V: 0.936, SOC: 100.0%",1
2026-01-01T17:59:30Z,SUPPORT,100.0,0.0,"B1 logic. V: 0.936, SOC: 100.0%",1
2026-01-01T17:59:35Z,SUPPORT,100.0,0.0,"B1 logic. V: 0.936, SOC: 100.0%",1
2026-01-01T17:59:40Z,SUPPORT,100.0,0.0,"B1 logic. V: 0.936, SOC: 100.0%",1
2026-01-01T17:59:45Z,SUPPORT,100.0,0.0,"B1 logic. V: 0.936, SOC: 100.0%",1
2026-01-01T17:59:50Z,SUPPORT,100.0,0.0,"B1 logic. V: 0.936, SOC: 100.0%",1
2026-01-01T17:59:55Z,SUPPORT,100.0,0.0,"B1 logic. V: 0.936, SOC: 100.0%",1
2026-01-01T18:00:00Z,SUPPORT,100.0,0.0,"B1 logic. V: 0.936, SOC: 100.0%",0
2026-01-01T18:00:05Z,ISLAND,99.96710526315789,0.0,"B1 logic. V: -0.064, SOC: 100.0%",0
2026-01-01T18:00:10Z,ISLAND,99.9342105263158,0.0,"B1 logic. V: -0.064, SOC: 100.0%",0
2026-01-01T18:00:15Z,ISLAND,99.90131578947367,0.0,"B1 logic. V: -0.062, SOC: 99.9%",0
2026-01-01T18:00:20Z,ISLAND,99.86842105263158,0.0,"B1 logic. V: -0.062, SOC: 99.9%",0
2026-01-01T18:00:25Z,ISLAND,99.83552631578947,0.0,"B1 logic. V: -0.062, SOC: 99.9%",0
2026-01-01T18:00:30Z,ISLAND,99.80263157894737,0.0,"B1 logic. V: -0.062, SOC: 99.8%",0
2026-01-01T18:00:35Z,ISLAND,99.76973684210526,0.0,"B1 logic. V: -0.062, SOC: 99.8%",0
2026-01-01T18:00:40Z,ISLAND,99.73684210526315,0.0,"B1 logic. V: -0.062, SOC: 99.8%",0
2026-01-01T18:00:45Z,ISLAND,99.70394736842104,0.0,"B1 logic. V: -0.062, SOC: 99.7%",0
2026-01-01T18:00:50Z,ISLAND,99.67105263157893,0.0,"B1 logic. V: -0.062, SOC: 99.7%",0
2026-01-01T18:00:55Z,ISLAND,99.63815789473684,0.0,"B1 logic. V: -0.062, SOC: 99.7%",0
2026-01-01T18:01:00Z,ISLAND,99.60526315789473,0.0,"B1 logic. V: -0.062, SOC: 99.6%",0
2026-01-01T18:01:05Z,ISLAND,99.57236842105262,0.0,"B1 logic. V: -0.062, SOC: 99.6%",0
2026-01-01T18:01:10Z,ISLAND,99.5394736842105,0.0,"B1 logic. V: -0.062, SOC: 99.6%",0
2026-01-01T18:01:15Z,ISLAND,99.50657894736841,0.0,"B1 logic. V: -0.062, SOC: 99.5%",0
2026-01-01T18:01:20Z,ISLAND,99.4736842105263,0.0,"B1 logic. V: -0.062, SOC: 99.5%",0
2026-01-01T18:01:25Z,ISLAND,99.4407894736842,0.0,"B1 logic. V: -0.062, SOC: 99.5%",0
2026-01-01T18:01:30Z,ISLAND,99.40789473684208,0.0,"B1 logic. V: -0.062, SOC: 99.4%",0
2026-01-01T18:01:35Z,ISLAND,99.37499999999999,0.0,"B1 logic. V: -0.062, SOC: 99.4%",0
2026-01-01T18:01:40Z,ISLAND,99.34210526315788,0.0,"B1 logic. V: -0.062, SOC: 99.4%",0
2026-01-01T18:01:45Z,ISLAND,99.30921052631577,0.0,"B1 logic. V: -0.062, SOC: 99.3%",0
2026-01-01T18:01:50Z,ISLAND,99.27631578947367,0.0,"B1 logic. V: -0.062, SOC: 99.3%",0
2026-01-01T18:01:55Z,ISLAND,99.24342105263155,0.0,"B1 logic. V: -0.062, SOC: 99.3%",0
2026-01-01T18:02:00Z,ISLAND,99.21052631578945,0.0,"B1 logic. V: -0.062, SOC: 99.2%",0
2026-01-01T18:02:05Z,ISLAND,99.17763157894734,0.0,"B1 logic. V: -0.063, SOC: 99.2%",0
2026-01-01T18:02:10Z,ISLAND,99.14473684210525,0.0,"B1 logic. V: -0.063, SOC: 99.2%",0
2026-01-01T18:02:15Z,ISLAND,99.11184210526314,0.0,"B1 logic. V: -0.063, SOC: 99.1%",0
2026-01-01T18:02:20Z,ISLAND,99.07894736842103,0.0,"B1 logic. V: -0.063, SOC: 99.1%",0
2026-01-01T18:02:25Z,ISLAND,99.04605263157892,0.0,"B1 logic. V: -0.063, SOC: 99.1%",0
2026-01-01T18:02:30Z,ISLAND,99.01315789473682,0.0,"B1 logic. V: -0.063, SOC: 99.0%",0
2026-01-01T18:02:35Z,ISLAND,98.98026315789471,0.0,"B1 logic. V: -0.063, SOC: 99.0%",0
2026-01-01T18:02:40Z,ISLAND,98.9473684210526,0.0,"B1 logic. V: -0.063, SOC: 99.0%",0
2026-01-01T18:02:45Z,ISLAND,98.91447368421049,0.0,"B1 logic. V: -0.063, SOC: 98.9%",0
2026-01-01T18:02:50Z,ISLAND,98.88157894736838,0.0,"B1 logic. V: -0.063, SOC: 98.9%",0
2026-01-01T18:02:55Z,ISLAND,98.84868421052629,0.0,"B1 logic. V: -0.063, SOC: 98.9%",0
2026-01-01T18:03:00Z,ISLAND,98.81578947368418,0.0,"B1 logic. V: -0.063, SOC: 98.8%",0
2026-01-01T18:03:05Z,ISLAND,98.78289473684208,0.0,"B1 logic. V: -0.063, SOC: 98.8%",0
2026-01-01T18:03:10Z,ISLAND,98.74999999999996,0.0,"B1 logic. V: -0.063, SOC: 98.8%",0
2026-01-01T18:03:15Z,ISLAND,98.71710526315786,0.0,"B1 logic. V: -0.063, SOC: 98.7%",0
2026-01-01T18:03:20Z,ISLAND,98.68421052631575,0.0,"B1 logic. V: -0.063, SOC: 98.7%",0
2026-01-01T18:03:25Z,ISLAND,98.65131578947364,0.0,"B1 logic. V: -0.063, SOC: 98.7%",0
2026-01-01T18:03:30Z,ISLAND,98.61842105263155,0.0,"B1 logic. V: -0.063, SOC: 98.7%",0
2026-01-01T18:03:35Z,ISLAND,98.58552631578942,0.0,"B1 logic. V: -0.063, SOC: 98.6%",0
2026-01-01T18:03:40Z,ISLAND,98.55263157894733,0.0,"B1 logic. V: -0.063, SOC: 98.6%",0
2026-01-01T18:03:45Z,ISLAND,98.51973684210522,0.0,"B1 logic. V: -0.063, SOC: 98.6%",0
2026-01-01T18:03:50Z,ISLAND,98.48684210526312,0.0,"B1 logic. V: -0.063, SOC: 98.5%",0
2026-01-01T18:03:55Z,ISLAND,98.45394736842101,0.0,"B1 logic. V: -0.063, SOC: 98.5%",0
2026-01-01T18:04:00Z,ISLAND,98.4210526315789,0.0,"B1 logic. V: -0.063, SOC: 98.5%",0
2026-01-01T18:04:05Z,ISLAND,98.38815789473679,0.0,"B1 logic. V: -0.063, SOC: 98.4%",0
2026-01-01T18:04:10Z,ISLAND,98.35526315789468,0.0,"B1 logic. V: -0.063, SOC: 98.4%",0
2026-01-01T18:04:15Z,ISLAND,98.32236842105259,0.0,"B1 logic. V: -0.063, SOC: 98.4%",0
2026-01-01T18:04:20Z,ISLAND,98.28947368421048,0.0,"B1 logic. V: -0.063, SOC: 98.3%",0
2026-01-01T18:04:25Z,ISLAND,98.25657894736837,0.0,"B1 logic. V: -0.063, SOC: 98.3%",0
2026-01-01T18:04:30Z,ISLAND,98.22368421052626,0.0,"B1 logic. V: -0.063, SOC: 98.3%",0
2026-01-01T18:04:35Z,ISLAND,98.19078947368416,0.0,"B1 logic. V: -0.063, SOC: 98.2%",0
2026-01-01T18:04:40Z,ISLAND,98.15789473684205,0.0,"B1 logic. V: -0.063, SOC: 98.2%",0
2026-01-01T18:04:45Z,ISLAND,98.12499999999996,0.0,"B1 logic. V: -0.063, SOC: 98.2%",0
2026-01-01T18:04:50Z,ISLAND,98.09210526315783,0.0,"B1 logic. V: -0.063, SOC: 98.1%",0
2026-01-01T18:04:55Z,ISLAND,98.05921052631574,0.0,"B1 logic. V: -0.063, SOC: 98.1%",0
2026-01-01T18:05:00Z,ISLAND,98.02631578947363,0.0,"B1 logic. V: -0.063, SOC: 98.1%",0
2026-01-01T18:05:05Z,ISLAND,97.99342105263152,0.0,"B1 logic. V: -0.064, SOC: 98.0%",0
2026-01-01T18:05:10Z,ISLAND,97.96052631578942,0.0,"B1 logic. V: -0.064, SOC: 98.0%",0
2026-01-01T18:05:15Z,ISLAND,97.9276315789473,0.0,"B1 logic. V: -0.064, SOC: 98.0%",0
2026-01-01T18:05:20Z,ISLAND,97.8947368421052,0.0,"B1 logic. V: -0.064, SOC: 97.9%",0
2026-01-01T18:05:25Z,ISLAND,97.8618421052631,0.0,"B1 logic. V: -0.064, SOC: 97.9%",0
2026-01-01T18:05:30Z,ISLAND,97.828947368421,0.0,"B1 logic. V: -0.064, SOC: 97.9%",0
2026-01-01T18:05:35Z,ISLAND,97.79605263157889,0.0,"B1 logic. V: -0.064, SOC: 97.8%",0
2026-01-01T18:05:40Z,ISLAND,97.76315789473678,0.0,"B1 logic. V: -0.064, SOC: 97.8%",0
2026-01-01T18:05:45Z,ISLAND,97.73026315789467,0.0,"B1 logic. V: -0.064, SOC: 97.8%",0
2026-01-01T18:05:50Z,ISLAND,97.69736842105257,0.0,"B1 logic. V: -0.064, SOC: 97.7%",0
2026-01-01T18:05:55Z,ISLAND,97.66447368421046,0.0,"B1 logic. V: -0.064, SOC: 97.7%",0
2026-01-01T18:06:00Z,ISLAND,97.63157894736835,0.0,"B1 logic. V: -0.064, SOC: 97.7%",0
2026-01-01T18:06:05Z,ISLAND,97.59868421052624,0.0,"B1 logic. V: -0.064, SOC: 97.6%",0
2026-01-01T18:06:10Z,ISLAND,97.56578947368413,0.0,"B1 logic. V: -0.064, SOC: 97.6%",0
2026-01-01T18:06:15Z,ISLAND,97.53289473684204,0.0,"B1 logic. V: -0.064, SOC: 97.6%",0
2026-01-01T18:06:20Z,ISLAND,97.49999999999993,0.0,"B1 logic. V: -0.064, SOC: 97.5%",0
2026-01-01T18:06:25Z,ISLAND,97.46710526315783,0.0,"B1 logic. V: -0.064, SOC: 97.5%",0
2026-01-01T18:06:30Z,ISLAND,97.43421052631571,0.0,"B1 logic. V: -0.064, SOC: 97.5%",0
2026-01-01T18:06:35Z,ISLAND,97.40131578947361,0.0,"B1 logic. V: -0.064, SOC: 97.4%",0
2026-01-01T18:06:40Z,ISLAND,97.3684210526315,0.0,"B1 logic. V: -0.064, SOC: 97.4%",0
2026-01-01T18:06:45Z,ISLAND,97.3355263157894,0.0,"B1 logic. V: -0.064, SOC: 97.4%",0
2026-01-01T18:06:50Z,ISLAND,97.3026315789473,0.0,"B1 logic. V: -0.064, SOC: 97.3%",0
2026-01-01T18:06:55Z,ISLAND,97.26973684210517,0.0,"B1 logic. V: -0.064, SOC: 97.3%",0
2026-01-01T18:07:00Z,ISLAND,97.23684210526308,0.0,"B1 logic. V: -0.064, SOC: 97.3%",0
2026-01-01T18:07:05Z,ISLAND,97.20394736842097,0.0,"B1 logic. V: -0.064, SOC: 97.2%",0
2026-01-01T18:07:10Z,ISLAND,97.17105263157887,0.0,"B1 logic. V: -0.064, SOC: 97.2%",0
2026-01-01T18:07:15Z,ISLAND,97.13815789473676,0.0,"B1 logic. V: -0.064, SOC: 97.2%",0
2026-01-01T18:07:20Z,ISLAND,97.10526315789465,0.0,"B1 logic. V: -0.064, SOC: 97.1%",0
2026-01-01T18:07:25Z,ISLAND,97.07236842105254,0.0,"B1 logic. V: -0.064, SOC: 97.1%",0
2026-01-01T18:07:30Z,ISLAND,97.03947368421044,0.0,"B1 logic. V: -0.064, SOC: 97.1%",0
2026-01-01T18:07:35Z,ISLAND,97.00657894736834,0.0,"B1 logic. V: -0.064, SOC: 97.0%",0
2026-01-01T18:07:40Z,ISLAND,96.97368421052623,0.0,"B1 logic. V: -0.064, SOC: 97.0%",0
2026-01-01T18:07:45Z,ISLAND,96.94078947368412,0.0,"B1 logic. V: -0.064, SOC: 97.0%",0
2026-01-01T18:07:50Z,ISLAND,96.90789473684201,0.0,"B1 logic. V: -0.064, SOC: 96.9%",0
2026-01-01T18:07:55Z,ISLAND,96.87499999999991,0.0,"B1 logic. V: -0.064, SOC: 96.9%",0
2026-01-01T18:08:00Z,ISLAND,96.8421052631578,0.0,"B1 logic. V: -0.064, SOC: 96.9%",0
2026-01-01T18:08:05Z,ISLAND,96.80921052631571,0.0,"B1 logic. V: -0.065, SOC: 96.8%",0
2026-01-01T18:08:10Z,ISLAND,96.77631578947359,0.0,"B1 logic. V: -0.065, SOC: 96.8%",0
2026-01-01T18:08:15Z,ISLAND,96.74342105263149,0.0,"B1 logic. V: -0.065, SOC: 96.8%",0
2026-01-01T18:08:20Z,ISLAND,96.71052631578938,0.0,"B1 logic. V: -0.065, SOC: 96.7%",0
2026-01-01T18:08:25Z,ISLAND,96.67763157894727,0.0,"B1 logic. V: -0.065, SOC: 96.7%",0
2026-01-01T18:08:30Z,ISLAND,96.64473684210517,0.0,"B1 logic. V: -0.065, SOC: 96.7%",0
2026-01-01T18:08:35Z,ISLAND,96.61184210526305,0.0,"B1 logic. V: -0.065, SOC: 96.6%",0
2026-01-01T18:08:40Z,ISLAND,96.57894736842096,0.0,"B1 logic. V: -0.065, SOC: 96.6%",0
2026-01-01T18:08:45Z,ISLAND,96.54605263157885,0.0,"B1 logic. V: -0.065, SOC: 96.6%",0
2026-01-01T18:08:50Z,ISLAND,96.51315789473675,0.0,"B1 logic. V: -0.065, SOC: 96.5%",0
2026-01-01T18:08:55Z,ISLAND,96.48026315789464,0.0,"B1 logic. V: -0.065, SOC: 96.5%",0
2026-01-01T18:09:00Z,ISLAND,96.44736842105253,0.0,"B1 logic. V: -0.065, SOC: 96.5%",0
2026-01-01T18:09:05Z,ISLAND,96.41447368421042,0.0,"B1 logic. V: -0.065, SOC: 96.4%",0
2026-01-01T18:09:10Z,ISLAND,96.38157894736833,0.0,"B1 logic. V: -0.065, SOC: 96.4%",0
2026-01-01T18:09:15Z,ISLAND,96.34868421052622,0.0,"B1 logic. V: -0.065, SOC: 96.4%",0
2026-01-01T18:09:20Z,ISLAND,96.3157894736841,0.0,"B1 logic. V: -0.065, SOC: 96.3%",0
2026-01-01T18:09:25Z,ISLAND,96.282894736842,0.0,"B1 logic. V: -0.065, SOC: 96.3%",0
2026-01-01T18:09:30Z,ISLAND,96.24999999999989,0.0,"B1 logic. V: -0.065, SOC: 96.3%",0
2026-01-01T18:09:35Z,ISLAND,96.21710526315779,0.0,"B1 logic. V: -0.065, SOC: 96.2%",0
2026-01-01T18:09:40Z,ISLAND,96.18421052631568,0.0,"B1 logic. V: -0.065, SOC: 96.2%",0
2026-01-01T18:09:45Z,ISLAND,96.15131578947359,0.0,"B1 logic. V: -0.065, SOC: 96.2%",0
2026-01-01T18:09:50Z,ISLAND,96.11842105263146,0.0,"B1 logic. V: -0.065, SOC: 96.2%",0
2026-01-01T18:09:55Z,ISLAND,96.08552631578937,0.0,"B1 logic. V: -0.065, SOC: 96.1%",0
2026-01-01T18:10:00Z,ISLAND,96.05263157894726,0.0,"B1 logic. V: -0.065, SOC: 96.1%",0
2026-01-01T18:10:05Z,ISLAND,96.01973684210515,0.0,"B1 logic. V: -0.065, SOC: 96.1%",0
2026-01-01T18:10:10Z,ISLAND,95.98684210526305,0.0,"B1 logic. V: -0.065, SOC: 96.0%",0
2026-01-01T18:10:15Z,ISLAND,95.95394736842093,0.0,"B1 logic. V: -0.065, SOC: 96.0%",0
2026-01-01T18:10:20Z,ISLAND,95.92105263157883,0.0,"B1 logic. V: -0.065, SOC: 96.0%",0
2026-01-01T18:10:25Z,ISLAND,95.88815789473672,0.0,"B1 logic. V: -0.065, SOC: 95.9%",0
2026-01-01T18:10:30Z,ISLAND,95.85526315789463,0.0,"B1 logic. V: -0.065, SOC: 95.9%",0
2026-01-01T18:10:35Z,ISLAND,95.82236842105252,0.0,"B1 logic. V: -0.065, SOC: 95.9%",0
2026-01-01T18:10:40Z,ISLAND,95.7894736842104,0.0,"B1 logic. V: -0.065, SOC: 95.8%",0
2026-01-01T18:10:45Z,ISLAND,95.7565789473683,0.0,"B1 logic. V: -0.065, SOC: 95.8%",0
2026-01-01T18:10:50Z,ISLAND,95.72368421052619,0.0,"B1 logic. V: -0.065, SOC: 95.8%",0
2026-01-01T18:10:55Z,ISLAND,95.69078947368409,0.0,"B1 logic. V: -0.065, SOC: 95.7%",0
2026-01-01T18:11:00Z,ISLAND,95.65789473684198,0.0,"B1 logic. V: -0.065, SOC: 95.7%",0
2026-01-01T18:11:05Z,ISLAND,95.62499999999987,0.0,"B1 logic. V: -0.066, SOC: 95.7%",0
2026-01-01T18:11:10Z,ISLAND,95.59210526315776,0.0,"B1 logic. V: -0.066, SOC: 95.6%",0
2026-01-01T18:11:15Z,ISLAND,95.55921052631567,0.0,"B1 logic. V: -0.066, SOC: 95.6%",0
2026-01-01T18:11:20Z,ISLAND,95.52631578947356,0.0,"B1 logic. V: -0.066, SOC: 95.6%",0
2026-01-01T18:11:25Z,ISLAND,95.49342105263146,0.0,"B1 logic. V: -0.066, SOC: 95.5%",0
2026-01-01T18:11:30Z,ISLAND,95.46052631578934,0.0,"B1 logic. V: -0.066, SOC: 95.5%",0
2026-01-01T18:11:35Z,ISLAND,95.42763157894724,0.0,"B1 logic. V: -0.066, SOC: 95.5%",0
2026-01-01T18:11:40Z,ISLAND,95.39473684210513,0.0,"B1 logic. V: -0.066, SOC: 95.4%",0
2026-01-01T18:11:45Z,ISLAND,95.36184210526302,0.0,"B1 logic. V: -0.066, SOC: 95.4%",0
2026-01-01T18:11:50Z,ISLAND,95.32894736842093,0.0,"B1 logic. V: -0.066, SOC: 95.4%",0
2026-01-01T18:11:55Z,ISLAND,95.2960526315788,0.0,"B1 logic. V: -0.066, SOC: 95.3%",0
2026-01-01T18:12:00Z,ISLAND,95.26315789473671,0.0,"B1 logic. V: -0.066, SOC: 95.3%",0
2026-01-01T18:12:05Z,ISLAND,95.2302631578946,0.0,"B1 logic. V: -0.066, SOC: 95.3%",0
2026-01-01T18:12:10Z,ISLAND,95.1973684210525,0.0,"B1 logic. V: -0.066, SOC: 95.2%",0
2026-01-01T18:12:15Z,ISLAND,95.16447368421039,0.0,"B1 logic. V: -0.066, SOC: 95.2%",0
2026-01-01T18:12:20Z,ISLAND,95.13157894736828,0.0,"B1 logic. V: -0.066, SOC: 95.2%",0
2026-01-01T18:12:25Z,ISLAND,95.09868421052617,0.0,"B1 logic. V: -0.066, SOC: 95.1%",0
2026-01-01T18:12:30Z,ISLAND,95.06578947368408,0.0,"B1 logic. V: -0.066, SOC: 95.1%",0
2026-01-01T18:12:35Z,ISLAND,95.03289473684197,0.0,"B1 logic. V: -0.066, SOC: 95.1%",0
2026-01-01T18:12:40Z,ISLAND,94.99999999999986,0.0,"B1 logic. V: -0.066, SOC: 95.0%",0
2026-01-01T18:12:45Z,ISLAND,94.96710526315775,0.0,"B1 logic. V: -0.066, SOC: 95.0%",0
2026-01-01T18:12:50Z,ISLAND,94.93421052631564,0.0,"B1 logic. V: -0.066, SOC: 95.0%",0
2026-01-01T18:12:55Z,ISLAND,94.90131578947354,0.0,"B1 logic. V: -0.066, SOC: 94.9%",0
2026-01-01T18:13:00Z,ISLAND,94.86842105263143,0.0,"B1 logic. V: -0.066, SOC: 94.9%",0
2026-01-01T18:13:05Z,ISLAND,94.83552631578934,0.0,"B1 logic. V: -0.066, SOC: 94.9%",0
2026-01-01T18:13:10Z,ISLAND,94.80263157894721,0.0,"B1 logic. V: -0.066, SOC: 94.8%",0
2026-01-01T18:13:15Z,ISLAND,94.76973684210512,0.0,"B1 logic. V: -0.066, SOC: 94.8%",0
2026-01-01T18:13:20Z,ISLAND,94.73684210526301,0.0,"B1 logic. V: -0.066, SOC: 94.8%",0
2026-01-01T18:13:25Z,ISLAND,94.7039473684209,0.0,"B1 logic. V: -0.066, SOC: 94.7%",0
2026-01-01T18:13:30Z,ISLAND,94.6710526315788,0.0,"B1 logic. V: -0.066, SOC: 94.7%",0
2026-01-01T18:13:35Z,ISLAND,94.63815789473668,0.0,"B1 logic. V: -0.066, SOC: 94.7%",0
2026-01-01T18:13:40Z,ISLAND,94.60526315789458,0.0,"B1 logic. V: -0.066, SOC: 94.6%",0
2026-01-01T18:13:45Z,ISLAND,94.57236842105247,0.0,"B1 logic. V: -0.066, SOC: 94.6%",0
2026-01-01T18:13:50Z,ISLAND,94.53947368421038,0.0,"B1 logic. V: -0.066, SOC: 94.6%",0
2026-01-01T18:13:55Z,ISLAND,94.50657894736827,0.0,"B1 logic. V: -0.066, SOC: 94.5%",0
2026-01-01T18:14:00Z,ISLAND,94.47368421052616,0.0,"B1 logic. V: -0.066, SOC: 94.5%",0
2026-01-01T18:14:05Z,ISLAND,94.44078947368405,0.0,"B1 logic. V: -0.067, SOC: 94.5%",0
2026-01-01T18:14:10Z,ISLAND,94.40789473684194,0.0,"B1 logic. V: -0.067, SOC: 94.4%",0
2026-01-01T18:14:15Z,ISLAND,94.37499999999984,0.0,"B1 logic. V: -0.067, SOC: 94.4%",0
2026-01-01T18:14:20Z,ISLAND,94.34210526315773,0.0,"B1 logic. V: -0.067, SOC: 94.4%",0
2026-01-01T18:14:25Z,ISLAND,94.30921052631562,0.0,"B1 logic. V: -0.067, SOC: 94.3%",0
2026-01-01T18:14:30Z,ISLAND,94.27631578947351,0.0,"B1 logic. V: -0.067, SOC: 94.3%",0
2026-01-01T18:14:35Z,ISLAND,94.24342105263142,0.0,"B1 logic. V: -0.067, SOC: 94.3%",0
2026-01-01T18:14:40Z,ISLAND,94.21052631578931,0.0,"B1 logic. V: -0.067, SOC: 94.2%",0
2026-01-01T18:14:45Z,ISLAND,94.17763157894721,0.0,"B1 logic. V: -0.067, SOC: 94.2%",0
2026-01-01T18:14:50Z,ISLAND,94.14473684210509,0.0,"B1 logic. V: -0.067, SOC: 94.2%",0
2026-01-01T18:14:55Z,ISLAND,94.111842105263,0.0,"B1 logic. V: -0.067, SOC: 94.1%",0
2026-01-01T18:15:00Z,ISLAND,94.07894736842088,0.0,"B1 logic. V: -0.067, SOC: 94.1%",0
2026-01-01T18:15:05Z,ISLAND,94.04605263157877,0.0,"B1 logic. V: -0.067, SOC: 94.1%",0
2026-01-01T18:15:10Z,ISLAND,94.01315789473668,0.0,"B1 logic. V: -0.067, SOC: 94.0%",0
2026-01-01T18:15:15Z,ISLAND,93.98026315789456,0.0,"B1 logic. V: -0.067, SOC: 94.0%",0
2026-01-01T18:15:20Z,ISLAND,93.94736842105246,0.0,"B1 logic. V: -0.067, SOC: 94.0%",0
2026-01-01T18:15:25Z,ISLAND,93.91447368421035,0.0,"B1 logic. V: -0.067, SOC: 93.9%",0
2026-01-01T18:15:30Z,ISLAND,93.88157894736825,0.0,"B1 logic. V: -0.067, SOC: 93.9%",0
2026-01-01T18:15:35Z,ISLAND,93.84868421052614,0.0,"B1 logic. V: -0.067, SOC: 93.9%",0
2026-01-01T18:15:40Z,ISLAND,93.81578947368403,0.0,"B1 logic. V: -0.067, SOC: 93.8%",0
2026-01-01T18:15:45Z,ISLAND,93.78289473684193,0.0,"B1 logic. V: -0.067, SOC: 93.8%",0
2026-01-01T18:15:50Z,ISLAND,93.74999999999983,0.0,"B1 logic. V: -0.067, SOC: 93.8%",0
2026-01-01T18:15:55Z,ISLAND,93.71710526315772,0.0,"B1 logic. V: -0.067, SOC: 93.7%",0
2026-01-01T18:16:00Z,ISLAND,93.68421052631561,0.0,"B1 logic. V: -0.067, SOC: 93.7%",0
2026-01-01T18:16:05Z,ISLAND,93.6513157894735,0.0,"B1 logic. V: -0.068, SOC: 93.7%",0
2026-01-01T18:16:10Z,ISLAND,93.61842105263139,0.0,"B1 logic. V: -0.068, SOC: 93.7%",0
2026-01-01T18:16:15Z,ISLAND,93.5855263157893,0.0,"B1 logic. V: -0.068, SOC: 93.6%",0
2026-01-01T18:16:20Z,ISLAND,93.55263157894719,0.0,"B1 logic. V: -0.068, SOC: 93.6%",0
2026-01-01T18:16:25Z,ISLAND,93.51973684210509,0.0,"B1 logic. V: -0.068, SOC: 93.6%",0
2026-01-01T18:16:30Z,ISLAND,93.48684210526297,0.0,"B1 logic. V: -0.068, SOC: 93.5%",0
2026-01-01T18:16:35Z,ISLAND,93.45394736842087,0.0,"B1 logic. V: -0.068, SOC: 93.5%",0
2026-01-01T18:16:40Z,ISLAND,93.42105263157876,0.0,"B1 logic. V: -0.068, SOC: 93.5%",0
2026-01-01T18:16:45Z,ISLAND,93.38815789473665,0.0,"B1 logic. V: -0.068, SOC: 93.4%",0
2026-01-01T18:16:50Z,ISLAND,93.35526315789456,0.0,"B1 logic. V: -0.068, SOC: 93.4%",0
2026-01-01T18:16:55Z,ISLAND,93.32236842105243,0.0,"B1 logic. V: -0.068, SOC: 93.4%",0
2026-01-01T18:17:00Z,ISLAND,93.28947368421034,0.0,"B1 logic. V: -0.068, SOC: 93.3%",0
2026-01-01T18:17:05Z,ISLAND,93.25657894736823,0.0,"B1 logic. V: -0.068, SOC: 93.3%",0
2026-01-01T18:17:10Z,ISLAND,93.22368421052613,0.0,"B1 logic. V: -0.068, SOC: 93.3%",0
2026-01-01T18:17:15Z,ISLAND,93.19078947368402,0.0,"B1 logic. V: -0.068, SOC: 93.2%",0
2026-01-01T18:17:20Z,ISLAND,93.15789473684191,0.0,"B1 logic. V: -0.068, SOC: 93.2%",0
2026-01-01T18:17:25Z,ISLAND,93.1249999999998,0.0,"B1 logic. V: -0.068, SOC: 93.2%",0
2026-01-01T18:17:30Z,ISLAND,93.09210526315769,0.0,"B1 logic. V: -0.068, SOC: 93.1%",0
2026-01-01T18:17:35Z,ISLAND,93.0592105263156,0.0,"B1 logic. V: -0.068, SOC: 93.1%",0
2026-01-01T18:17:40Z,ISLAND,93.02631578947349,0.0,"B1 logic. V: -0.068, SOC: 93.1%",0
2026-01-01T18:17:45Z,ISLAND,92.99342105263138,0.0,"B1 logic. V: -0.068, SOC: 93.0%",0
2026-01-01T18:17:50Z,ISLAND,92.96052631578927,0.0,"B1 logic. V: -0.068, SOC: 93.0%",0
2026-01-01T18:17:55Z,ISLAND,92.92763157894717,0.0,"B1 logic. V: -0.068, SOC: 93.0%",0
2026-01-01T18:18:00Z,ISLAND,92.89473684210506,0.0,"B1 logic. V: -0.068, SOC: 92.9%",0
2026-01-01T18:18:05Z,ISLAND,92.86184210526297,0.0,"B1 logic. V: -0.068, SOC: 92.9%",0
2026-01-01T18:18:10Z,ISLAND,92.82894736842084,0.0,"B1 logic. V: -0.068, SOC: 92.9%",0
2026-01-01T18:18:15Z,ISLAND,92.79605263157875,0.0,"B1 logic. V: -0.068, SOC: 92.8%",0
2026-01-01T18:18:20Z,ISLAND,92.76315789473664,0.0,"B1 logic. V: -0.068, SOC: 92.8%",0
2026-01-01T18:18:25Z,ISLAND,92.73026315789453,0.0,"B1 logic. V: -0.068, SOC: 92.8%",0
2026-01-01T18:18:30Z,ISLAND,92.69736842105243,0.0,"B1 logic. V: -0.068, SOC: 92.7%",0
2026-01-01T18:18:35Z,ISLAND,92.66447368421031,0.0,"B1 logic. V: -0.068, SOC: 92.7%",0
2026-01-01T18:18:40Z,ISLAND,92.63157894736821,0.0,"B1 logic. V: -0.068, SOC: 92.7%",0
2026-01-01T18:18:45Z,ISLAND,92.5986842105261,0.0,"B1 logic. V: -0.068, SOC: 92.6%",0
2026-01-01T18:18:50Z,ISLAND,92.565789473684,0.0,"B1 logic. V: -0.068, SOC: 92.6%",0
2026-01-01T18:18:55Z,ISLAND,92.5328947368419,0.0,"B1 logic. V: -0.068, SOC: 92.6%",0
2026-01-01T18:19:00Z,ISLAND,92.49999999999979,0.0,"B1 logic. V: -0.068, SOC: 92.5%",0
2026-01-01T18:19:05Z,ISLAND,92.46710526315768,0.0,"B1 logic. V: -0.069, SOC: 92.5%",0
2026-01-01T18:19:10Z,ISLAND,92.43421052631558,0.0,"B1 logic. V: -0.069, SOC: 92.5%",0
2026-01-01T18:19:15Z,ISLAND,92.40131578947347,0.0,"B1 logic. V: -0.069, SOC: 92.4%",0
2026-01-01T18:19:20Z,ISLAND,92.36842105263136,0.0,"B1 logic. V: -0.069, SOC: 92.4%",0
2026-01-01T18:19:25Z,ISLAND,92.33552631578925,0.0,"B1 logic. V: -0.069, SOC: 92.4%",0
2026-01-01T18:19:30Z,ISLAND,92.30263157894714,0.0,"B1 logic. V: -0.069, SOC: 92.3%",0
2026-01-01T18:19:35Z,ISLAND,92.26973684210505,0.0,"B1 logic. V: -0.069, SOC: 92.3%",0
2026-01-01T18:19:40Z,ISLAND,92.23684210526294,0.0,"B1 logic. V: -0.069, SOC: 92.3%",0
2026-01-01T18:19:45Z,ISLAND,92.20394736842084,0.0,"B1 logic. V: -0.069, SOC: 92.2%",0
2026-01-01T18:19:50Z,ISLAND,92.17105263157872,0.0,"B1 logic. V: -0.069, SOC: 92.2%",0
2026-01-01T18:19:55Z,ISLAND,92.13815789473662,0.0,"B1 logic. V: -0.069, SOC: 92.2%",0
2026-01-01T18:20:00Z,ISLAND,92.10526315789451,0.0,"B1 logic. V: -0.069, SOC: 92.1%",0
2026-01-01T18:20:05Z,ISLAND,92.0723684210524,0.0,"B1 logic. V: -0.069, SOC: 92.1%",0
2026-01-01T18:20:10Z,ISLAND,92.03947368421031,0.0,"B1 logic. V: -0.069, SOC: 92.1%",0
2026-01-01T18:20:15Z,ISLAND,92.00657894736818,0.0,"B1 logic. V: -0.069, SOC: 92.0%",0
2026-01-01T18:20:20Z,ISLAND,91.97368421052609,0.0,"B1 logic. V: -0.069, SOC: 92.0%",0
2026-01-01T18:20:25Z,ISLAND,91.94078947368398,0.0,"B1 logic. V: -0.069, SOC: 92.0%",0
2026-01-01T18:20:30Z,ISLAND,91.90789473684188,0.0,"B1 logic. V: -0.069, SOC: 91.9%",0
2026-01-01T18:20:35Z,ISLAND,91.87499999999977,0.0,"B1 logic. V: -0.069, SOC: 91.9%",0
2026-01-01T18:20:40Z,ISLAND,91.84210526315766,0.0,"B1 logic. V: -0.069, SOC: 91.9%",0
2026-01-01T18:20:45Z,ISLAND,91.80921052631555,0.0,"B1 logic. V: -0.069, SOC: 91.8%",0
2026-01-01T18:20:50Z,ISLAND,91.77631578947344,0.0,"B1 logic. V: -0.069, SOC: 91.8%",0
2026-01-01T18:20:55Z,ISLAND,91.74342105263135,0.0,"B1 logic. V: -0.069, SOC: 91.8%",0
2026-01-01T18:21:00Z,ISLAND,91.71052631578924,0.0,"B1 logic. V: -0.069, SOC: 91.7%",0
2026-01-01T18:21:05Z,ISLAND,91.67763157894713,0.0,"B1 logic. V: -0.069, SOC: 91.7%",0
2026-01-01T18:21:10Z,ISLAND,91.64473684210502,0.0,"B1 logic. V: -0.069, SOC: 91.7%",0
2026-01-01T18:21:15Z,ISLAND,91.61184210526292,0.0,"B1 logic. V: -0.069, SOC: 91.6%",0
2026-01-01T18:21:20Z,ISLAND,91.57894736842081,0.0,"B1 logic. V: -0.069, SOC: 91.6%",0
2026-01-01T18:21:25Z,ISLAND,91.54605263157872,0.0,"B1 logic. V: -0.069, SOC: 91.6%",0
2026-01-01T18:21:30Z,ISLAND,91.5131578947366,0.0,"B1 logic. V: -0.069, SOC: 91.5%",0
2026-01-01T18:21:35Z,ISLAND,91.4802631578945,0.0,"B1 logic. V: -0.069, SOC: 91.5%",0
2026-01-01T18:21:40Z,ISLAND,91.44736842105239,0.0,"B1 logic. V: -0.069, SOC: 91.5%",0
2026-01-01T18:21:45Z,ISLAND,91.41447368421028,0.0,"B1 logic. V: -0.069, SOC: 91.4%",0
2026-01-01T18:21:50Z,ISLAND,91.38157894736818,0.0,"B1 logic. V: -0.069, SOC: 91.4%",0
2026-01-01T18:21:55Z,ISLAND,91.34868421052606,0.0,"B1 logic. V: -0.069, SOC: 91.4%",0
2026-01-01T18:22:00Z,ISLAND,91.31578947368396,0.0,"B1 logic. V: -0.069, SOC: 91.3%",0
2026-01-01T18:22:05Z,ISLAND,91.28289473684185,0.0,"B1 logic. V: -0.070, SOC: 91.3%",0
2026-01-01T18:22:10Z,ISLAND,91.24999999999976,0.0,"B1 logic. V: -0.070, SOC: 91.3%",0
2026-01-01T18:22:15Z,ISLAND,91.21710526315765,0.0,"B1 logic. V: -0.070, SOC: 91.2%",0
2026-01-01T18:22:20Z,ISLAND,91.18421052631554,0.0,"B1 logic. V: -0.070, SOC: 91.2%",0
2026-01-01T18:22:25Z,ISLAND,91.15131578947343,0.0,"B1 logic. V: -0.070, SOC: 91.2%",0
2026-01-01T18:22:30Z,ISLAND,91.11842105263133,0.0,"B1 logic. V: -0.070, SOC: 91.2%",0
2026-01-01T18:22:35Z,ISLAND,91.08552631578922,0.0,"B1 logic. V: -0.070, SOC: 91.1%",0
2026-01-01T18:22:40Z,ISLAND,91.05263157894711,0.0,"B1 logic. V: -0.070, SOC: 91.1%",0
2026-01-01T18:22:45Z,ISLAND,91.019736842105,0.0,"B1 logic. V: -0.070, SOC: 91.1%",0
2026-01-01T18:22:50Z,ISLAND,90.9868421052629,0.0,"B1 logic. V: -0.070, SOC: 91.0%",0
2026-01-01T18:22:55Z,ISLAND,90.9539473684208,0.0,"B1 logic. V: -0.070, SOC: 91.0%",0
2026-01-01T18:23:00Z,ISLAND,90.92105263157869,0.0,"B1 logic. V: -0.070, SOC: 91.0%",0
2026-01-01T18:23:05Z,ISLAND,90.8881578947366,0.0,"B1 logic. V: -0.070, SOC: 90.9%",0
2026-01-01T18:23:10Z,ISLAND,90.85526315789447,0.0,"B1 logic. V: -0.070, SOC: 90.9%",0
2026-01-01T18:23:15Z,ISLAND,90.82236842105237,0.0,"B1 logic. V: -0.070, SOC: 90.9%",0
2026-01-01T18:23:20Z,ISLAND,90.78947368421026,0.0,"B1 logic. V: -0.070, SOC: 90.8%",0
2026-01-01T18:23:25Z,ISLAND,90.75657894736815,0.0,"B1 logic. V: -0.070, SOC: 90.8%",0
2026-01-01T18:23:30Z,ISLAND,90.72368421052606,0.0,"B1 logic. V: -0.070, SOC: 90.8%",0
2026-01-01T18:23:35Z,ISLAND,90.69078947368394,0.0,"B1 logic. V: -0.070, SOC: 90.7%",0
2026-01-01T18:23:40Z,ISLAND,90.65789473684184,0.0,"B1 logic. V: -0.070, SOC: 90.7%",0
2026-01-01T18:23:45Z,ISLAND,90.62499999999973,0.0,"B1 logic. V: -0.070, SOC: 90.7%",0
2026-01-01T18:23:50Z,ISLAND,90.59210526315763,0.0,"B1 logic. V: -0.070, SOC: 90.6%",0
2026-01-01T18:23:55Z,ISLAND,90.55921052631552,0.0,"B1 logic. V: -0.070, SOC: 90.6%",0
2026-01-01T18:24:00Z,ISLAND,90.52631578947341,0.0,"B1 logic. V: -0.070, SOC: 90.6%",0
2026-01-01T18:24:05Z,ISLAND,90.4934210526313,0.0,"B1 logic. V: -0.070, SOC: 90.5%",0
2026-01-01T18:24:10Z,ISLAND,90.4605263157892,0.0,"B1 logic. V: -0.070, SOC: 90.5%",0
2026-01-01T18:24:15Z,ISLAND,90.4276315789471,0.0,"B1 logic. V: -0.070, SOC: 90.5%",0
2026-01-01T18:24:20Z,ISLAND,90.39473684210499,0.0,"B1 logic. V: -0.070, SOC: 90.4%",0
2026-01-01T18:24:25Z,ISLAND,90.36184210526288,0.0,"B1 logic. V: -0.070, SOC: 90.4%",0
2026-01-01T18:24:30Z,ISLAND,90.32894736842077,0.0,"B1 logic. V: -0.070, SOC: 90.4%",0
2026-01-01T18:24:35Z,ISLAND,90.29605263157868,0.0,"B1 logic. V: -0.070, SOC: 90.3%",0
2026-01-01T18:24:40Z,ISLAND,90.26315789473657,0.0,"B1 logic. V: -0.070, SOC: 90.3%",0
2026-01-01T18:24:45Z,ISLAND,90.23026315789447,0.0,"B1 logic. V: -0.070, SOC: 90.3%",0
2026-01-01T18:24:50Z,ISLAND,90.19736842105235,0.0,"B1 logic. V: -0.070, SOC: 90.2%",0
2026-01-01T18:24:55Z,ISLAND,90.16447368421025,0.0,"B1 logic. V: -0.070, SOC: 90.2%",0
2026-01-01T18:25:00Z,ISLAND,90.13157894736814,0.0,"B1 logic. V: -0.070, SOC: 90.2%",0
2026-01-01T18:25:05Z,ISLAND,90.09868421052603,0.0,"B1 logic. V: -0.071, SOC: 90.1%",0
2026-01-01T18:25:10Z,ISLAND,90.06578947368394,0.0,"B1 logic. V: -0.071, SOC: 90.1%",0
2026-01-01T18:25:15Z,ISLAND,90.03289473684181,0.0,"B1 logic. V: -0.071, SOC: 90.1%",0
2026-01-01T18:25:20Z,ISLAND,89.99999999999972,0.0,"B1 logic. V: -0.071, SOC: 90.0%",0
2026-01-01T18:25:25Z,ISLAND,89.9671052631576,0.0,"B1 logic. V: -0.071, SOC: 90.0%",0
2026-01-01T18:25:30Z,ISLAND,89.93421052631551,0.0,"B1 logic. V: -0.071, SOC: 90.0%",0
2026-01-01T18:25:35Z,ISLAND,89.9013157894734,0.0,"B1 logic. V: -0.071, SOC: 89.9%",0
2026-01-01T18:25:40Z,ISLAND,89.86842105263129,0.0,"B1 logic. V: -0.071, SOC: 89.9%",0
2026-01-01T18:25:45Z,ISLAND,89.83552631578918,0.0,"B1 logic. V: -0.071, SOC: 89.9%",0
2026-01-01T18:25:50Z,ISLAND,89.80263157894709,0.0,"B1 logic. V: -0.071, SOC: 89.8%",0
2026-01-01T18:25:55Z,ISLAND,89.76973684210498,0.0,"B1 logic. V: -0.071, SOC: 89.8%",0
2026-01-01T18:26:00Z,ISLAND,89.73684210526287,0.0,"B1 logic. V: -0.071, SOC: 89.8%",0
2026-01-01T18:26:05Z,ISLAND,89.70394736842076,0.0,"B1 logic. V: -0.071, SOC: 89.7%",0
2026-01-01T18:26:10Z,ISLAND,89.67105263157865,0.0,"B1 logic. V: -0.071, SOC: 89.7%",0
2026-01-01T18:26:15Z,ISLAND,89.63815789473655,0.0,"B1 logic. V: -0.071, SOC: 89.7%",0
2026-01-01T18:26:20Z,ISLAND,89.60526315789444,0.0,"B1 logic. V: -0.071, SOC: 89.6%",0
2026-01-01T18:26:25Z,ISLAND,89.57236842105235,0.0,"B1 logic. V: -0.071, SOC: 89.6%",0
2026-01-01T18:26:30Z,ISLAND,89.53947368421022,0.0,"B1 logic. V: -0.071, SOC: 89.6%",0
2026-01-01T18:26:35Z,ISLAND,89.50657894736813,0.0,"B1 logic. V: -0.071, SOC: 89.5%",0
2026-01-01T18:26:40Z,ISLAND,89.47368421052602,0.0,"B1 logic. V: -0.071, SOC: 89.5%",0
2026-01-01T18:26:45Z,ISLAND,89.4407894736839,0.0,"B1 logic. V: -0.071, SOC: 89.5%",0
2026-01-01T18:26:50Z,ISLAND,89.40789473684181,0.0,"B1 logic. V: -0.071, SOC: 89.4%",0
2026-01-01T18:26:55Z,ISLAND,89.37499999999969,0.0,"B1 logic. V: -0.071, SOC: 89.4%",0
2026-01-01T18:27:00Z,ISLAND,89.34210526315759,0.0,"B1 logic. V: -0.071, SOC: 89.4%",0
2026-01-01T18:27:05Z,ISLAND,89.30921052631548,0.0,"B1 logic. V: -0.071, SOC: 89.3%",0
2026-01-01T18:27:10Z,ISLAND,89.27631578947339,0.0,"B1 logic. V: -0.071, SOC: 89.3%",0
2026-01-01T18:27:15Z,ISLAND,89.24342105263128,0.0,"B1 logic. V: -0.071, SOC: 89.3%",0
2026-01-01T18:27:20Z,ISLAND,89.21052631578917,0.0,"B1 logic. V: -0.071, SOC: 89.2%",0
2026-01-01T18:27:25Z,ISLAND,89.17763157894706,0.0,"B1 logic. V: -0.071, SOC: 89.2%",0
2026-01-01T18:27:30Z,ISLAND,89.14473684210495,0.0,"B1 logic. V: -0.071, SOC: 89.2%",0
2026-01-01T18:27:35Z,ISLAND,89.11184210526285,0.0,"B1 logic. V: -0.071, SOC: 89.1%",0
2026-01-01T18:27:40Z,ISLAND,89.07894736842074,0.0,"B1 logic. V: -0.071, SOC: 89.1%",0
2026-01-01T18:27:45Z,ISLAND,89.04605263157863,0.0,"B1 logic. V: -0.071, SOC: 89.1%",0
2026-01-01T18:27:50Z,ISLAND,89.01315789473652,0.0,"B1 logic. V: -0.071, SOC: 89.0%",0
2026-01-01T18:27:55Z,ISLAND,88.98026315789443,0.0,"B1 logic. V: -0.071, SOC: 89.0%",0
2026-01-01T18:28:00Z,ISLAND,88.94736842105232,0.0,"B1 logic. V: -0.071, SOC: 89.0%",0
2026-01-01T18:28:05Z,ISLAND,88.91447368421022,0.0,"B1 logic. V: -0.072, SOC: 88.9%",0
2026-01-01T18:28:10Z,ISLAND,88.8815789473681,0.0,"B1 logic. V: -0.072, SOC: 88.9%",0
2026-01-01T18:28:15Z,ISLAND,88.848684210526,0.0,"B1 logic. V: -0.072, SOC: 88.9%",0
2026-01-01T18:28:20Z,ISLAND,88.81578947368389,0.0,"B1 logic. V: -0.072, SOC: 88.8%",0
2026-01-01T18:28:25Z,ISLAND,88.78289473684178,0.0,"B1 logic. V: -0.072, SOC: 88.8%",0
2026-01-01T18:28:30Z,ISLAND,88.74999999999969,0.0,"B1 logic. V: -0.072, SOC: 88.8%",0
2026-01-01T18:28:35Z,ISLAND,88.71710526315756,0.0,"B1 logic. V: -0.072, SOC: 88.7%",0
2026-01-01T18:28:40Z,ISLAND,88.68421052631547,0.0,"B1 logic. V: -0.072, SOC: 88.7%",0
2026-01-01T18:28:45Z,ISLAND,88.65131578947336,0.0,"B1 logic. V: -0.072, SOC: 88.7%",0
2026-01-01T18:28:50Z,ISLAND,88.61842105263126,0.0,"B1 logic. V: -0.072, SOC: 88.7%",0
2026-01-01T18:28:55Z,ISLAND,88.58552631578915,0.0,"B1 logic. V: -0.072, SOC: 88.6%",0
2026-01-01T18:29:00Z,ISLAND,88.55263157894704,0.0,"B1 logic. V: -0.072, SOC: 88.6%",0
2026-01-01T18:29:05Z,ISLAND,88.51973684210493,0.0,"B1 logic. V: -0.072, SOC: 88.6%",0
2026-01-01T18:29:10Z,ISLAND,88.48684210526284,0.0,"B1 logic. V: -0.072, SOC: 88.5%",0
2026-01-01T18:29:15Z,ISLAND,88.45394736842073,0.0,"B1 logic. V: -0.072, SOC: 88.5%",0
2026-01-01T18:29:20Z,ISLAND,88.42105263157862,0.0,"B1 logic. V: -0.072, SOC: 88.5%",0
2026-01-01T18:29:25Z,ISLAND,88.38815789473651,0.0,"B1 logic. V: -0.072, SOC: 88.4%",0
2026-01-01T18:29:30Z,ISLAND,88.3552631578944,0.0,"B1 logic. V: -0.072, SOC: 88.4%",0
2026-01-01T18:29:35Z,ISLAND,88.3223684210523,0.0,"B1 logic. V: -0.072, SOC: 88.4%",0
2026-01-01T18:29:40Z,ISLAND,88.2894736842102,0.0,"B1 logic. V: -0.072, SOC: 88.3%",0
2026-01-01T18:29:45Z,ISLAND,88.2565789473681,0.0,"B1 logic. V: -0.072, SOC: 88.3%",0
2026-01-01T18:29:50Z,ISLAND,88.22368421052597,0.0,"B1 logic. V: -0.072, SOC: 88.3%",0
2026-01-01T18:29:55Z,ISLAND,88.19078947368388,0.0,"B1 logic. V: -0.072, SOC: 88.2%",0
2026-01-01T18:30:00Z,ISLAND,88.15789473684177,0.0,"B1 logic. V: -0.072, SOC: 88.2%",0
2026-01-01T18:30:05Z,ISLAND,88.12499999999966,0.0,"B1 logic. V: -0.072, SOC: 88.2%",0
2026-01-01T18:30:10Z,ISLAND,88.09210526315756,0.0,"B1 logic. V: -0.072, SOC: 88.1%",0
2026-01-01T18:30:15Z,ISLAND,88.05921052631544,0.0,"B1 logic. V: -0.072, SOC: 88.1%",0
2026-01-01T18:30:20Z,ISLAND,88.02631578947334,0.0,"B1 logic. V: -0.072, SOC: 88.1%",0
2026-01-01T18:30:25Z,ISLAND,87.99342105263123,0.0,"B1 logic. V: -0.072, SOC: 88.0%",0
2026-01-01T18:30:30Z,ISLAND,87.96052631578914,0.0,"B1 logic. V: -0.072, SOC: 88.0%",0
2026-01-01T18:30:35Z,ISLAND,87.92763157894703,0.0,"B1 logic. V: -0.072, SOC: 88.0%",0
2026-01-01T18:30:40Z,ISLAND,87.89473684210492,0.0,"B1 logic. V: -0.072, SOC: 87.9%",0
2026-01-01T18:30:45Z,ISLAND,87.86184210526281,0.0,"B1 logic. V: -0.072, SOC: 87.9%",0
2026-01-01T18:30:50Z,ISLAND,87.8289473684207,0.0,"B1 logic. V: -0.072, SOC: 87.9%",0
2026-01-01T18:30:55Z,ISLAND,87.7960526315786,0.0,"B1 logic. V: -0.072, SOC: 87.8%",0
2026-01-01T18:31:00Z,ISLAND,87.7631578947365,0.0,"B1 logic. V: -0.072, SOC: 87.8%",0
2026-01-01T18:31:05Z,ISLAND,87.73026315789438,0.0,"B1 logic. V: -0.073, SOC: 87.8%",0
2026-01-01T18:31:10Z,ISLAND,87.69736842105227,0.0,"B1 logic. V: -0.073, SOC: 87.7%",0
2026-01-01T18:31:15Z,ISLAND,87.66447368421018,0.0,"B1 logic. V: -0.073, SOC: 87.7%",0
2026-01-01T18:31:20Z,ISLAND,87.63157894736807,0.0,"B1 logic. V: -0.073, SOC: 87.7%",0
2026-01-01T18:31:25Z,ISLAND,87.59868421052597,0.0,"B1 logic. V: -0.073, SOC: 87.6%",0
2026-01-01T18:31:30Z,ISLAND,87.56578947368385,0.0,"B1 logic. V: -0.073, SOC: 87.6%",0
2026-01-01T18:31:35Z,ISLAND,87.53289473684175,0.0,"B1 logic. V: -0.073, SOC: 87.6%",0
2026-01-01T18:31:40Z,ISLAND,87.49999999999964,0.0,"B1 logic. V: -0.073, SOC: 87.5%",0
2026-01-01T18:31:45Z,ISLAND,87.46710526315753,0.0,"B1 logic. V: -0.073, SOC: 87.5%",0
2026-01-01T18:31:50Z,ISLAND,87.43421052631544,0.0,"B1 logic. V: -0.073, SOC: 87.5%",0
2026-01-01T18:31:55Z,ISLAND,87.40131578947332,0.0,"B1 logic. V: -0.073, SOC: 87.4%",0
2026-01-01T18:32:00Z,ISLAND,87.36842105263122,0.0,"B1 logic. V: -0.073, SOC: 87.4%",0
2026-01-01T18:32:05Z,ISLAND,87.33552631578911,0.0,"B1 logic. V: -0.073, SOC: 87.4%",0
2026-01-01T18:32:10Z,ISLAND,87.30263157894701,0.0,"B1 logic. V: -0.073, SOC: 87.3%",0
2026-01-01T18:32:15Z,ISLAND,87.2697368421049,0.0,"B1 logic. V: -0.073, SOC: 87.3%",0
2026-01-01T18:32:20Z,ISLAND,87.2368421052628,0.0,"B1 logic. V: -0.073, SOC: 87.3%",0
2026-01-01T18:32:25Z,ISLAND,87.20394736842069,0.0,"B1 logic. V: -0.073, SOC: 87.2%",0
2026-01-01T18:32:30Z,ISLAND,87.17105263157859,0.0,"B1 logic. V: -0.073, SOC: 87.2%",0
2026-01-01T18:32:35Z,ISLAND,87.13815789473648,0.0,"B1 logic. V: -0.073, SOC: 87.2%",0
2026-01-01T18:32:40Z,ISLAND,87.10526315789437,0.0,"B1 logic. V: -0.073, SOC: 87.1%",0
2026-01-01T18:32:45Z,ISLAND,87.07236842105226,0.0,"B1 logic. V: -0.073, SOC: 87.1%",0
2026-01-01T18:32:50Z,ISLAND,87.03947368421015,0.0,"B1 logic. V: -0.073, SOC: 87.1%",0
2026-01-01T18:32:55Z,ISLAND,87.00657894736806,0.0,"B1 logic. V: -0.073, SOC: 87.0%",0
2026-01-01T18:33:00Z,ISLAND,86.97368421052595,0.0,"B1 logic. V: -0.073, SOC: 87.0%",0
2026-01-01T18:33:05Z,ISLAND,86.94078947368385,0.0,"B1 logic. V: -0.074, SOC: 87.0%",0
2026-01-01T18:33:10Z,ISLAND,86.90789473684173,0.0,"B1 logic. V: -0.074, SOC: 86.9%",0
2026-01-01T18:33:15Z,ISLAND,86.87499999999963,0.0,"B1 logic. V: -0.074, SOC: 86.9%",0
2026-01-01T18:33:20Z,ISLAND,86.84210526315752,0.0,"B1 logic. V: -0.074, SOC: 86.9%",0
2026-01-01T18:33:25Z,ISLAND,86.80921052631541,0.0,"B1 logic. V: -0.074, SOC: 86.8%",0
2026-01-01T18:33:30Z,ISLAND,86.77631578947332,0.0,"B1 logic. V: -0.074, SOC: 86.8%",0
2026-01-01T18:33:35Z,ISLAND,86.74342105263119,0.0,"B1 logic. V: -0.074, SOC: 86.8%",0
2026-01-01T18:33:40Z,ISLAND,86.7105263157891,0.0,"B1 logic. V: -0.074, SOC: 86.7%",0
2026-01-01T18:33:45Z,ISLAND,86.67763157894699,0.0,"B1 logic. V: -0.074, SOC: 86.7%",0
2026-01-01T18:33:50Z,ISLAND,86.64473684210489,0.0,"B1 logic. V: -0.074, SOC: 86.7%",0
2026-01-01T18:33:55Z,ISLAND,86.61184210526278,0.0,"B1 logic. V: -0.074, SOC: 86.6%",0
2026-01-01T18:34:00Z,ISLAND,86.57894736842067,0.0,"B1 logic. V: -0.074, SOC: 86.6%",0
2026-01-01T18:34:05Z,ISLAND,86.54605263157856,0.0,"B1 logic. V: -0.074, SOC: 86.6%",0
2026-01-01T18:34:10Z,ISLAND,86.51315789473645,0.0,"B1 logic. V: -0.074, SOC: 86.5%",0
2026-01-01T18:34:15Z,ISLAND,86.48026315789436,0.0,"B1 logic. V: -0.074, SOC: 86.5%",0
2026-01-01T18:34:20Z,ISLAND,86.44736842105225,0.0,"B1 logic. V: -0.074, SOC: 86.5%",0
2026-01-01T18:34:25Z,ISLAND,86.41447368421014,0.0,"B1 logic. V: -0.074, SOC: 86.4%",0
2026-01-01T18:34:30Z,ISLAND,86.38157894736803,0.0,"B1 logic. V: -0.074, SOC: 86.4%",0
2026-01-01T18:34:35Z,ISLAND,86.34868421052593,0.0,"B1 logic. V: -0.074, SOC: 86.4%",0
2026-01-01T18:34:40Z,ISLAND,86.31578947368382,0.0,"B1 logic. V: -0.074, SOC: 86.3%",0
2026-01-01T18:34:45Z,ISLAND,86.28289473684173,0.0,"B1 logic. V: -0.074, SOC: 86.3%",0
2026-01-01T18:34:50Z,ISLAND,86.2499999999996,0.0,"B1 logic. V: -0.074, SOC: 86.3%",0
2026-01-01T18:34:55Z,ISLAND,86.2171052631575,0.0,"B1 logic. V: -0.074, SOC: 86.2%",0
2026-01-01T18:35:00Z,ISLAND,86.1842105263154,0.0,"B1 logic. V: -0.074, SOC: 86.2%",0
2026-01-01T18:35:05Z,ISLAND,86.15131578947329,0.0,"B1 logic. V: -0.074, SOC: 86.2%",0
2026-01-01T18:35:10Z,ISLAND,86.11842105263119,0.0,"B1 logic. V: -0.074, SOC: 86.2%",0
2026-01-01T18:35:15Z,ISLAND,86.08552631578907,0.0,"B1 logic. V: -0.074, SOC: 86.1%",0
2026-01-01T18:35:20Z,ISLAND,86.05263157894697,0.0,"B1 logic. V: -0.074, SOC: 86.1%",0
2026-01-01T18:35:25Z,ISLAND,86.01973684210486,0.0,"B1 logic. V: -0.074, SOC: 86.1%",0
2026-01-01T18:35:30Z,ISLAND,85.98684210526277,0.0,"B1 logic. V: -0.074, SOC: 86.0%",0
2026-01-01T18:35:35Z,ISLAND,85.95394736842066,0.0,"B1 logic. V: -0.074, SOC: 86.0%",0
2026-01-01T18:35:40Z,ISLAND,85.92105263157855,0.0,"B1 logic. V: -0.074, SOC: 86.0%",0
2026-01-01T18:35:45Z,ISLAND,85.88815789473644,0.0,"B1 logic. V: -0.074, SOC: 85.9%",0
2026-01-01T18:35:50Z,ISLAND,85.85526315789434,0.0,"B1 logic. V: -0.074, SOC: 85.9%",0
2026-01-01T18:35:55Z,ISLAND,85.82236842105223,0.0,"B1 logic. V: -0.074, SOC: 85.9%",0
2026-01-01T18:36:00Z,ISLAND,85.78947368421012,0.0,"B1 logic. V: -0.074, SOC: 85.8%",0
2026-01-01T18:36:05Z,ISLAND,85.75657894736801,0.0,"B1 logic. V: -0.075, SOC: 85.8%",0
2026-01-01T18:36:10Z,ISLAND,85.7236842105259,0.0,"B1 logic. V: -0.075, SOC: 85.8%",0
2026-01-01T18:36:15Z,ISLAND,85.69078947368381,0.0,"B1 logic. V: -0.075, SOC: 85.7%",0
2026-01-01T18:36:20Z,ISLAND,85.6578947368417,0.0,"B1 logic. V: -0.075, SOC: 85.7%",0
2026-01-01T18:36:25Z,ISLAND,85.6249999999996,0.0,"B1 logic. V: -0.075, SOC: 85.7%",0
2026-01-01T18:36:30Z,ISLAND,85.59210526315748,0.0,"B1 logic. V: -0.075, SOC: 85.6%",0
2026-01-01T18:36:35Z,ISLAND,85.55921052631538,0.0,"B1 logic. V: -0.075, SOC: 85.6%",0
2026-01-01T18:36:40Z,ISLAND,85.52631578947327,0.0,"B1 logic. V: -0.075, SOC: 85.6%",0
2026-01-01T18:36:45Z,ISLAND,85.49342105263116,0.0,"B1 logic. V: -0.075, SOC: 85.5%",0
2026-01-01T18:36:50Z,ISLAND,85.46052631578907,0.0,"B1 logic. V: -0.075, SOC: 85.5%",0
2026-01-01T18:36:55Z,ISLAND,85.42763157894694,0.0,"B1 logic. V: -0.075, SOC: 85.5%",0
2026-01-01T18:37:00Z,ISLAND,85.39473684210485,0.0,"B1 logic. V: -0.075, SOC: 85.4%",0
2026-01-01T18:37:05Z,ISLAND,85.36184210526274,0.0,"B1 logic. V: -0.075, SOC: 85.4%",0
2026-01-01T18:37:10Z,ISLAND,85.32894736842064,0.0,"B1 logic. V: -0.075, SOC: 85.4%",0
2026-01-01T18:37:15Z,ISLAND,85.29605263157853,0.0,"B1 logic. V: -0.075, SOC: 85.3%",0
2026-01-01T18:37:20Z,ISLAND,85.26315789473642,0.0,"B1 logic. V: -0.075, SOC: 85.3%",0
2026-01-01T18:37:25Z,ISLAND,85.23026315789431,0.0,"B1 logic. V: -0.075, SOC: 85.3%",0
2026-01-01T18:37:30Z,ISLAND,85.1973684210522,0.0,"B1 logic. V: -0.075, SOC: 85.2%",0
2026-01-01T18:37:35Z,ISLAND,85.16447368421011,0.0,"B1 logic. V: -0.075, SOC: 85.2%",0
2026-01-01T18:37:40Z,ISLAND,85.131578947368,0.0,"B1 logic. V: -0.075, SOC: 85.2%",0
2026-01-01T18:37:45Z,ISLAND,85.09868421052589,0.0,"B1 logic. V: -0.075, SOC: 85.1%",0
2026-01-01T18:37:50Z,ISLAND,85.06578947368378,0.0,"B1 logic. V: -0.075, SOC: 85.1%",0
2026-01-01T18:37:55Z,ISLAND,85.03289473684168,0.0,"B1 logic. V: -0.075, SOC: 85.1%",0
2026-01-01T18:38:00Z,ISLAND,84.99999999999957,0.0,"B1 logic. V: -0.075, SOC: 85.0%",0
2026-01-01T18:38:05Z,ISLAND,84.96710526315748,0.0,"B1 logic. V: -0.075, SOC: 85.0%",0
2026-01-01T18:38:10Z,ISLAND,84.93421052631535,0.0,"B1 logic. V: -0.075, SOC: 85.0%",0
2026-01-01T18:38:15Z,ISLAND,84.90131578947326,0.0,"B1 logic. V: -0.075, SOC: 84.9%",0
2026-01-01T18:38:20Z,ISLAND,84.86842105263115,0.0,"B1 logic. V: -0.075, SOC: 84.9%",0
2026-01-01T18:38:25Z,ISLAND,84.83552631578904,0.0,"B1 logic. V: -0.075, SOC: 84.9%",0
2026-01-01T18:38:30Z,ISLAND,84.80263157894694,0.0,"B1 logic. V: -0.075, SOC: 84.8%",0
2026-01-01T18:38:35Z,ISLAND,84.76973684210482,0.0,"B1 logic. V: -0.075, SOC: 84.8%",0
2026-01-01T18:38:40Z,ISLAND,84.73684210526272,0.0,"B1 logic. V: -0.075, SOC: 84.8%",0
2026-01-01T18:38:45Z,ISLAND,84.70394736842061,0.0,"B1 logic. V: -0.075, SOC: 84.7%",0
2026-01-01T18:38:50Z,ISLAND,84.67105263157852,0.0,"B1 logic. V: -0.075, SOC: 84.7%",0
2026-01-01T18:38:55Z,ISLAND,84.63815789473641,0.0,"B1 logic. V: -0.075, SOC: 84.7%",0
2026-01-01T18:39:00Z,ISLAND,84.6052631578943,0.0,"B1 logic. V: -0.075, SOC: 84.6%",0
2026-01-01T18:39:05Z,ISLAND,84.57236842105219,0.0,"B1 logic. V: -0.076, SOC: 84.6%",0
2026-01-01T18:39:10Z,ISLAND,84.5394736842101,0.0,"B1 logic. V: -0.076, SOC: 84.6%",0
2026-01-01T18:39:15Z,ISLAND,84.50657894736798,0.0,"B1 logic. V: -0.076, SOC: 84.5%",0
2026-01-01T18:39:20Z,ISLAND,84.47368421052587,0.0,"B1 logic. V: -0.076, SOC: 84.5%",0
2026-01-01T18:39:25Z,ISLAND,84.44078947368376,0.0,"B1 logic. V: -0.076, SOC: 84.5%",0
2026-01-01T18:39:30Z,ISLAND,84.40789473684166,0.0,"B1 logic. V: -0.076, SOC: 84.4%",0
2026-01-01T18:39:35Z,ISLAND,84.37499999999956,0.0,"B1 logic. V: -0.076, SOC: 84.4%",0
2026-01-01T18:39:40Z,ISLAND,84.34210526315745,0.0,"B1 logic. V: -0.076, SOC: 84.4%",0
2026-01-01T18:39:45Z,ISLAND,84.30921052631535,0.0,"B1 logic. V: -0.076, SOC: 84.3%",0
2026-01-01T18:39:50Z,ISLAND,84.27631578947323,0.0,"B1 logic. V: -0.076, SOC: 84.3%",0
2026-01-01T18:39:55Z,ISLAND,84.24342105263113,0.0,"B1 logic. V: -0.076, SOC: 84.3%",0
2026-01-01T18:40:00Z,ISLAND,84.21052631578902,0.0,"B1 logic. V: -0.076, SOC: 84.2%",0
2026-01-01T18:40:05Z,ISLAND,84.17763157894692,0.0,"B1 logic. V: -0.076, SOC: 84.2%",0
2026-01-01T18:40:10Z,ISLAND,84.14473684210482,0.0,"B1 logic. V: -0.076, SOC: 84.2%",0
2026-01-01T18:40:15Z,ISLAND,84.1118421052627,0.0,"B1 logic. V: -0.076, SOC: 84.1%",0
2026-01-01T18:40:20Z,ISLAND,84.0789473684206,0.0,"B1 logic. V: -0.076, SOC: 84.1%",0
2026-01-01T18:40:25Z,ISLAND,84.04605263157849,0.0,"B1 logic. V: -0.076, SOC: 84.1%",0
2026-01-01T18:40:30Z,ISLAND,84.0131578947364,0.0,"B1 logic. V: -0.076, SOC: 84.0%",0
2026-01-01T18:40:35Z,ISLAND,83.98026315789429,0.0,"B1 logic. V: -0.076, SOC: 84.0%",0
2026-01-01T18:40:40Z,ISLAND,83.94736842105218,0.0,"B1 logic. V: -0.076, SOC: 84.0%",0
2026-01-01T18:40:45Z,ISLAND,83.91447368421007,0.0,"B1 logic. V: -0.076, SOC: 83.9%",0
2026-01-01T18:40:50Z,ISLAND,83.88157894736796,0.0,"B1 logic. V: -0.076, SOC: 83.9%",0
2026-01-01T18:40:55Z,ISLAND,83.84868421052586,0.0,"B1 logic. V: -0.076, SOC: 83.9%",0
2026-01-01T18:41:00Z,ISLAND,83.81578947368375,0.0,"B1 logic. V: -0.076, SOC: 83.8%",0
2026-01-01T18:41:05Z,ISLAND,83.78289473684164,0.0,"B1 logic. V: -0.076, SOC: 83.8%",0
2026-01-01T18:41:10Z,ISLAND,83.74999999999953,0.0,"B1 logic. V: -0.076, SOC: 83.8%",0
2026-01-01T18:41:15Z,ISLAND,83.71710526315744,0.0,"B1 logic. V: -0.076, SOC: 83.7%",0
2026-01-01T18:41:20Z,ISLAND,83.68421052631533,0.0,"B1 logic. V: -0.076, SOC: 83.7%",0
2026-01-01T18:41:25Z,ISLAND,83.65131578947323,0.0,"B1 logic. V: -0.076, SOC: 83.7%",0
2026-01-01T18:41:30Z,ISLAND,83.6184210526311,0.0,"B1 logic. V: -0.076, SOC: 83.7%",0
2026-01-01T18:41:35Z,ISLAND,83.58552631578901,0.0,"B1 logic. V: -0.076, SOC: 83.6%",0
2026-01-01T18:41:40Z,ISLAND,83.5526315789469,0.0,"B1 logic. V: -0.076, SOC: 83.6%",0
2026-01-01T18:41:45Z,ISLAND,83.51973684210479,0.0,"B1 logic. V: -0.076, SOC: 83.6%",0
2026-01-01T18:41:50Z,ISLAND,83.4868421052627,0.0,"B1 logic. V: -0.076, SOC: 83.5%",0
2026-01-01T18:41:55Z,ISLAND,83.45394736842057,0.0,"B1 logic. V: -0.076, SOC: 83.5%",0
2026-01-01T18:42:00Z,ISLAND,83.42105263157848,0.0,"B1 logic. V: -0.076, SOC: 83.5%",0
2026-01-01T18:42:05Z,ISLAND,83.38815789473637,0.0,"B1 logic. V: -0.077, SOC: 83.4%",0
2026-01-01T18:42:10Z,ISLAND,83.35526315789427,0.0,"B1 logic. V: -0.077, SOC: 83.4%",0
2026-01-01T18:42:15Z,ISLAND,83.32236842105216,0.0,"B1 logic. V: -0.077, SOC: 83.4%",0
2026-01-01T18:42:20Z,ISLAND,83.28947368421005,0.0,"B1 logic. V: -0.077, SOC: 83.3%",0
2026-01-01T18:42:25Z,ISLAND,83.25657894736794,0.0,"B1 logic. V: -0.077, SOC: 83.3%",0
2026-01-01T18:42:30Z,ISLAND,83.22368421052585,0.0,"B1 logic. V: -0.077, SOC: 83.3%",0
2026-01-01T18:42:35Z,ISLAND,83.19078947368374,0.0,"B1 logic. V: -0.077, SOC: 83.2%",0
2026-01-01T18:42:40Z,ISLAND,83.15789473684163,0.0,"B1 logic. V: -0.077, SOC: 83.2%",0
2026-01-01T18:42:45Z,ISLAND,83.12499999999952,0.0,"B1 logic. V: -0.077, SOC: 83.2%",0
2026-01-01T18:42:50Z,ISLAND,83.0921052631574,0.0,"B1 logic. V: -0.077, SOC: 83.1%",0
2026-01-01T18:42:55Z,ISLAND,83.05921052631531,0.0,"B1 logic. V: -0.077, SOC: 83.1%",0
2026-01-01T18:43:00Z,ISLAND,83.0263157894732,0.0,"B1 logic. V: -0.077, SOC: 83.1%",0
2026-01-01T18:43:05Z,ISLAND,82.9934210526311,0.0,"B1 logic. V: -0.077, SOC: 83.0%",0
2026-01-01T18:43:10Z,ISLAND,82.96052631578898,0.0,"B1 logic. V: -0.077, SOC: 83.0%",0
2026-01-01T18:43:15Z,ISLAND,82.92763157894689,0.0,"B1 logic. V: -0.077, SOC: 83.0%",0
2026-01-01T18:43:20Z,ISLAND,82.89473684210478,0.0,"B1 logic. V: -0.077, SOC: 82.9%",0
2026-01-01T18:43:25Z,ISLAND,82.86184210526267,0.0,"B1 logic. V: -0.077, SOC: 82.9%",0
2026-01-01T18:43:30Z,ISLAND,82.82894736842057,0.0,"B1 logic. V: -0.077, SOC: 82.9%",0
2026-01-01T18:43:35Z,ISLAND,82.79605263157845,0.0,"B1 logic. V: -0.077, SOC: 82.8%",0
2026-01-01T18:43:40Z,ISLAND,82.76315789473635,0.0,"B1 logic. V: -0.077, SOC: 82.8%",0
2026-01-01T18:43:45Z,ISLAND,82.73026315789424,0.0,"B1 logic. V: -0.077, SOC: 82.8%",0
2026-01-01T18:43:50Z,ISLAND,82.69736842105215,0.0,"B1 logic. V: -0.077, SOC: 82.7%",0
2026-01-01T18:43:55Z,ISLAND,82.66447368421004,0.0,"B1 logic. V: -0.077, SOC: 82.7%",0
2026-01-01T18:44:00Z,ISLAND,82.63157894736793,0.0,"B1 logic. V: -0.077, SOC: 82.7%",0
2026-01-01T18:44:05Z,ISLAND,82.59868421052582,0.0,"B1 logic. V: -0.077, SOC: 82.6%",0
2026-01-01T18:44:10Z,ISLAND,82.56578947368371,0.0,"B1 logic. V: -0.077, SOC: 82.6%",0
2026-01-01T18:44:15Z,ISLAND,82.53289473684161,0.0,"B1 logic. V: -0.077, SOC: 82.6%",0
2026-01-01T18:44:20Z,ISLAND,82.4999999999995,0.0,"B1 logic. V: -0.077, SOC: 82.5%",0
2026-01-01T18:44:25Z,ISLAND,82.46710526315739,0.0,"B1 logic. V: -0.077, SOC: 82.5%",0
2026-01-01T18:44:30Z,ISLAND,82.43421052631528,0.0,"B1 logic. V: -0.077, SOC: 82.5%",0
2026-01-01T18:44:35Z,ISLAND,82.40131578947319,0.0,"B1 logic. V: -0.077, SOC: 82.4%",0
2026-01-01T18:44:40Z,ISLAND,82.36842105263108,0.0,"B1 logic. V: -0.077, SOC: 82.4%",0
2026-01-01T18:44:45Z,ISLAND,82.33552631578898,0.0,"B1 logic. V: -0.077, SOC: 82.4%",0
2026-01-01T18:44:50Z,ISLAND,82.30263157894686,0.0,"B1 logic. V: -0.077, SOC: 82.3%",0
2026-01-01T18:44:55Z,ISLAND,82.26973684210476,0.0,"B1 logic. V: -0.077, SOC: 82.3%",0
2026-01-01T18:45:00Z,ISLAND,82.23684210526265,0.0,"B1 logic. V: -0.077, SOC: 82.3%",0
2026-01-01T18:45:05Z,ISLAND,82.20394736842054,0.0,"B1 logic. V: -0.078, SOC: 82.2%",0
2026-01-01T18:45:10Z,ISLAND,82.17105263157845,0.0,"B1 logic. V: -0.078, SOC: 82.2%",0
2026-01-01T18:45:15Z,ISLAND,82.13815789473632,0.0,"B1 logic. V: -0.078, SOC: 82.2%",0
2026-01-01T18:45:20Z,ISLAND,82.10526315789423,0.0,"B1 logic. V: -0.078, SOC: 82.1%",0
2026-01-01T18:45:25Z,ISLAND,82.07236842105212,0.0,"B1 logic. V: -0.078, SOC: 82.1%",0
2026-01-01T18:45:30Z,ISLAND,82.03947368421002,0.0,"B1 logic. V: -0.078, SOC: 82.1%",0
2026-01-01T18:45:35Z,ISLAND,82.00657894736791,0.0,"B1 logic. V: -0.078, SOC: 82.0%",0
2026-01-01T18:45:40Z,ISLAND,81.9736842105258,0.0,"B1 logic. V: -0.078, SOC: 82.0%",0
2026-01-01T18:45:45Z,ISLAND,81.9407894736837,0.0,"B1 logic. V: -0.078, SOC: 82.0%",0
2026-01-01T18:45:50Z,ISLAND,81.9078947368416,0.0,"B1 logic. V: -0.078, SOC: 81.9%",0
2026-01-01T18:45:55Z,ISLAND,81.87499999999949,0.0,"B1 logic. V: -0.078, SOC: 81.9%",0
2026-01-01T18:46:00Z,ISLAND,81.84210526315738,0.0,"B1 logic. V: -0.078, SOC: 81.9%",0
2026-01-01T18:46:05Z,ISLAND,81.80921052631527,0.0,"B1 logic. V: -0.078, SOC: 81.8%",0
2026-01-01T18:46:10Z,ISLAND,81.77631578947316,0.0,"B1 logic. V: -0.078, SOC: 81.8%",0
2026-01-01T18:46:15Z,ISLAND,81.74342105263106,0.0,"B1 logic. V: -0.078, SOC: 81.8%",0
2026-01-01T18:46:20Z,ISLAND,81.71052631578895,0.0,"B1 logic. V: -0.078, SOC: 81.7%",0
2026-01-01T18:46:25Z,ISLAND,81.67763157894686,0.0,"B1 logic. V: -0.078, SOC: 81.7%",0
2026-01-01T18:46:30Z,ISLAND,81.64473684210473,0.0,"B1 logic. V: -0.078, SOC: 81.7%",0
2026-01-01T18:46:35Z,ISLAND,81.61184210526264,0.0,"B1 logic. V: -0.078, SOC: 81.6%",0
2026-01-01T18:46:40Z,ISLAND,81.57894736842053,0.0,"B1 logic. V: -0.078, SOC: 81.6%",0
2026-01-01T18:46:45Z,ISLAND,81.54605263157842,0.0,"B1 logic. V: -0.078, SOC: 81.6%",0
2026-01-01T18:46:50Z,ISLAND,81.51315789473632,0.0,"B1 logic. V: -0.078, SOC: 81.5%",0
2026-01-01T18:46:55Z,ISLAND,81.4802631578942,0.0,"B1 logic. V: -0.078, SOC: 81.5%",0
2026-01-01T18:47:00Z,ISLAND,81.4473684210521,0.0,"B1 logic. V: -0.078, SOC: 81.5%",0
2026-01-01T18:47:05Z,ISLAND,81.41447368421,0.0,"B1 logic. V: -0.078, SOC: 81.4%",0
2026-01-01T18:47:10Z,ISLAND,81.3815789473679,0.0,"B1 logic. V: -0.078, SOC: 81.4%",0
2026-01-01T18:47:15Z,ISLAND,81.34868421052579,0.0,"B1 logic. V: -0.078, SOC: 81.4%",0
2026-01-01T18:47:20Z,ISLAND,81.31578947368368,0.0,"B1 logic. V: -0.078, SOC: 81.3%",0
2026-01-01T18:47:25Z,ISLAND,81.28289473684157,0.0,"B1 logic. V: -0.078, SOC: 81.3%",0
2026-01-01T18:47:30Z,ISLAND,81.24999999999946,0.0,"B1 logic. V: -0.078, SOC: 81.3%",0
2026-01-01T18:47:35Z,ISLAND,81.21710526315736,0.0,"B1 logic. V: -0.078, SOC: 81.2%",0
2026-01-01T18:47:40Z,ISLAND,81.18421052631525,0.0,"B1 logic. V: -0.078, SOC: 81.2%",0
2026-01-01T18:47:45Z,ISLAND,81.15131578947314,0.0,"B1 logic. V: -0.078, SOC: 81.2%",0
2026-01-01T18:47:50Z,ISLAND,81.11842105263104,0.0,"B1 logic. V: -0.078, SOC: 81.2%",0
2026-01-01T18:47:55Z,ISLAND,81.08552631578894,0.0,"B1 logic. V: -0.078, SOC: 81.1%",0
2026-01-01T18:48:00Z,ISLAND,81.05263157894683,0.0,"B1 logic. V: -0.078, SOC: 81.1%",0
2026-01-01T18:48:05Z,ISLAND,81.01973684210473,0.0,"B1 logic. V: -0.079, SOC: 81.1%",0
2026-01-01T18:48:10Z,ISLAND,80.98684210526261,0.0,"B1 logic. V: -0.079, SOC: 81.0%",0
2026-01-01T18:48:15Z,ISLAND,80.95394736842051,0.0,"B1 logic. V: -0.079, SOC: 81.0%",0
2026-01-01T18:48:20Z,ISLAND,80.9210526315784,0.0,"B1 logic. V: -0.079, SOC: 81.0%",0
2026-01-01T18:48:25Z,ISLAND,80.8881578947363,0.0,"B1 logic. V: -0.079, SOC: 80.9%",0
2026-01-01T18:48:30Z,ISLAND,80.8552631578942,0.0,"B1 logic. V: -0.079, SOC: 80.9%",0
2026-01-01T18:48:35Z,ISLAND,80.82236842105208,0.0,"B1 logic. V: -0.079, SOC: 80.9%",0
2026-01-01T18:48:40Z,ISLAND,80.78947368420998,0.0,"B1 logic. V: -0.079, SOC: 80.8%",0
2026-01-01T18:48:45Z,ISLAND,80.75657894736787,0.0,"B1 logic. V: -0.079, SOC: 80.8%",0
2026-01-01T18:48:50Z,ISLAND,80.72368421052578,0.0,"B1 logic. V: -0.079, SOC: 80.8%",0
2026-01-01T18:48:55Z,ISLAND,80.69078947368367,0.0,"B1 logic. V: -0.079, SOC: 80.7%",0
2026-01-01T18:49:00Z,ISLAND,80.65789473684156,0.0,"B1 logic. V: -0.079, SOC: 80.7%",0
2026-01-01T18:49:05Z,ISLAND,80.62499999999945,0.0,"B1 logic. V: -0.079, SOC: 80.7%",0
2026-01-01T18:49:10Z,ISLAND,80.59210526315735,0.0,"B1 logic. V: -0.079, SOC: 80.6%",0
2026-01-01T18:49:15Z,ISLAND,80.55921052631524,0.0,"B1 logic. V: -0.079, SOC: 80.6%",0
2026-01-01T18:49:20Z,ISLAND,80.52631578947313,0.0,"B1 logic. V: -0.079, SOC: 80.6%",0
2026-01-01T18:49:25Z,ISLAND,80.49342105263102,0.0,"B1 logic. V: -0.079, SOC: 80.5%",0
2026-01-01T18:49:30Z,ISLAND,80.46052631578891,0.0,"B1 logic. V: -0.079, SOC: 80.5%",0
2026-01-01T18:49:35Z,ISLAND,80.42763157894682,0.0,"B1 logic. V: -0.079, SOC: 80.5%",0
2026-01-01T18:49:40Z,ISLAND,80.3947368421047,0.0,"B1 logic. V: -0.079, SOC: 80.4%",0
2026-01-01T18:49:45Z,ISLAND,80.36184210526261,0.0,"B1 logic. V: -0.079, SOC: 80.4%",0
2026-01-01T18:49:50Z,ISLAND,80.32894736842049,0.0,"B1 logic. V: -0.079, SOC: 80.4%",0
2026-01-01T18:49:55Z,ISLAND,80.29605263157839,0.0,"B1 logic. V: -0.079, SOC: 80.3%",0
2026-01-01T18:50:00Z,ISLAND,80.26315789473628,0.0,"B1 logic. V: -0.079, SOC: 80.3%",0
2026-01-01T18:50:05Z,ISLAND,80.23026315789417,0.0,"B1 logic. V: -0.079, SOC: 80.3%",0
2026-01-01T18:50:10Z,ISLAND,80.19736842105208,0.0,"B1 logic. V: -0.079, SOC: 80.2%",0
2026-01-01T18:50:15Z,ISLAND,80.16447368420995,0.0,"B1 logic. V: -0.079, SOC: 80.2%",0
2026-01-01T18:50:20Z,ISLAND,80.13157894736786,0.0,"B1 logic. V: -0.079, SOC: 80.2%",0
2026-01-01T18:50:25Z,ISLAND,80.09868421052575,0.0,"B1 logic. V: -0.079, SOC: 80.1%",0
2026-01-01T18:50:30Z,ISLAND,80.06578947368365,0.0,"B1 logic. V: -0.079, SOC: 80.1%",0
2026-01-01T18:50:35Z,ISLAND,80.03289473684154,0.0,"B1 logic. V: -0.079, SOC: 80.1%",0
2026-01-01T18:50:40Z,ISLAND,79.99999999999943,0.0,"B1 logic. V: -0.079, SOC: 80.0%",0
2026-01-01T18:50:45Z,ISLAND,79.96710526315732,0.0,"B1 logic. V: -0.079, SOC: 80.0%",0
2026-01-01T18:50:50Z,ISLAND,79.93421052631521,0.0,"B1 logic. V: -0.079, SOC: 80.0%",0
2026-01-01T18:50:55Z,ISLAND,79.90131578947312,0.0,"B1 logic. V: -0.079, SOC: 79.9%",0
2026-01-01T18:51:00Z,ISLAND,79.868421052631,0.0,"B1 logic. V: -0.079, SOC: 79.9%",0
2026-01-01T18:51:05Z,ISLAND,79.8355263157889,0.0,"B1 logic. V: -0.080, SOC: 79.9%",0
2026-01-01T18:51:10Z,ISLAND,79.80263157894679,0.0,"B1 logic. V: -0.080, SOC: 79.8%",0
2026-01-01T18:51:15Z,ISLAND,79.76973684210469,0.0,"B1 logic. V: -0.080, SOC: 79.8%",0
2026-01-01T18:51:20Z,ISLAND,79.73684210526258,0.0,"B1 logic. V: -0.080, SOC: 79.8%",0
2026-01-01T18:51:25Z,ISLAND,79.70394736842049,0.0,"B1 logic. V: -0.080, SOC: 79.7%",0
2026-01-01T18:51:30Z,ISLAND,79.67105263157836,0.0,"B1 logic. V: -0.080, SOC: 79.7%",0
2026-01-01T18:51:35Z,ISLAND,79.63815789473627,0.0,"B1 logic. V: -0.080, SOC: 79.7%",0
2026-01-01T18:51:40Z,ISLAND,79.60526315789416,0.0,"B1 logic. V: -0.080, SOC: 79.6%",0
2026-01-01T18:51:45Z,ISLAND,79.57236842105205,0.0,"B1 logic. V: -0.080, SOC: 79.6%",0
2026-01-01T18:51:50Z,ISLAND,79.53947368420995,0.0,"B1 logic. V: -0.080, SOC: 79.6%",0
2026-01-01T18:51:55Z,ISLAND,79.50657894736783,0.0,"B1 logic. V: -0.080, SOC: 79.5%",0
2026-01-01T18:52:00Z,ISLAND,79.47368421052573,0.0,"B1 logic. V: -0.080, SOC: 79.5%",0
2026-01-01T18:52:05Z,ISLAND,79.44078947368362,0.0,"B1 logic. V: -0.080, SOC: 79.5%",0
2026-01-01T18:52:10Z,ISLAND,79.40789473684153,0.0,"B1 logic. V: -0.080, SOC: 79.4%",0
2026-01-01T18:52:15Z,ISLAND,79.37499999999942,0.0,"B1 logic. V: -0.080, SOC: 79.4%",0
2026-01-01T18:52:20Z,ISLAND,79.34210526315731,0.0,"B1 logic. V: -0.080, SOC: 79.4%",0
2026-01-01T18:52:25Z,ISLAND,79.3092105263152,0.0,"B1 logic. V: -0.080, SOC: 79.3%",0
2026-01-01T18:52:30Z,ISLAND,79.2763157894731,0.0,"B1 logic. V: -0.080, SOC: 79.3%",0
2026-01-01T18:52:35Z,ISLAND,79.24342105263099,0.0,"B1 logic. V: -0.080, SOC: 79.3%",0
2026-01-01T18:52:40Z,ISLAND,79.21052631578888,0.0,"B1 logic. V: -0.080, SOC: 79.2%",0
2026-01-01T18:52:45Z,ISLAND,79.17763157894677,0.0,"B1 logic. V: -0.080, SOC: 79.2%",0
2026-01-01T18:52:50Z,ISLAND,79.14473684210466,0.0,"B1 logic. V: -0.080, SOC: 79.2%",0
2026-01-01T18:52:55Z,ISLAND,79.11184210526257,0.0,"B1 logic. V: -0.080, SOC: 79.1%",0
2026-01-01T18:53:00Z,ISLAND,79.07894736842046,0.0,"B1 logic. V: -0.080, SOC: 79.1%",0
2026-01-01T18:53:05Z,ISLAND,79.04605263157836,0.0,"B1 logic. V: -0.080, SOC: 79.1%",0
2026-01-01T18:53:10Z,ISLAND,79.01315789473624,0.0,"B1 logic. V: -0.080, SOC: 79.0%",0
2026-01-01T18:53:15Z,ISLAND,78.98026315789414,0.0,"B1 logic. V: -0.080, SOC: 79.0%",0
2026-01-01T18:53:20Z,ISLAND,78.94736842105203,0.0,"B1 logic. V: -0.080, SOC: 79.0%",0
2026-01-01T18:53:25Z,ISLAND,78.91447368420992,0.0,"B1 logic. V: -0.080, SOC: 78.9%",0
2026-01-01T18:53:30Z,ISLAND,78.88157894736783,0.0,"B1 logic. V: -0.080, SOC: 78.9%",0
2026-01-01T18:53:35Z,ISLAND,78.8486842105257,0.0,"B1 logic. V: -0.080, SOC: 78.9%",0
2026-01-01T18:53:40Z,ISLAND,78.81578947368361,0.0,"B1 logic. V: -0.080, SOC: 78.8%",0
2026-01-01T18:53:45Z,ISLAND,78.7828947368415,0.0,"B1 logic. V: -0.080, SOC: 78.8%",0
2026-01-01T18:53:50Z,ISLAND,78.7499999999994,0.0,"B1 logic. V: -0.080, SOC: 78.8%",0
2026-01-01T18:53:55Z,ISLAND,78.7171052631573,0.0,"B1 logic. V: -0.080, SOC: 78.7%",0
2026-01-01T18:54:00Z,ISLAND,78.68421052631518,0.0,"B1 logic. V: -0.080, SOC: 78.7%",0
2026-01-01T18:54:05Z,ISLAND,78.65131578947307,0.0,"B1 logic. V: -0.081, SOC: 78.7%",0
2026-01-01T18:54:10Z,ISLAND,78.61842105263096,0.0,"B1 logic. V: -0.081, SOC: 78.7%",0
2026-01-01T18:54:15Z,ISLAND,78.58552631578887,0.0,"B1 logic. V: -0.081, SOC: 78.6%",0
2026-01-01T18:54:20Z,ISLAND,78.55263157894676,0.0,"B1 logic. V: -0.081, SOC: 78.6%",0
2026-01-01T18:54:25Z,ISLAND,78.51973684210465,0.0,"B1 logic. V: -0.081, SOC: 78.6%",0
2026-01-01T18:54:30Z,ISLAND,78.48684210526254,0.0,"B1 logic. V: -0.081, SOC: 78.5%",0
2026-01-01T18:54:35Z,ISLAND,78.45394736842044,0.0,"B1 logic. V: -0.081, SOC: 78.5%",0
2026-01-01T18:54:40Z,ISLAND,78.42105263157833,0.0,"B1 logic. V: -0.081, SOC: 78.5%",0
2026-01-01T18:54:45Z,ISLAND,78.38815789473624,0.0,"B1 logic. V: -0.081, SOC: 78.4%",0
2026-01-01T18:54:50Z,ISLAND,78.35526315789411,0.0,"B1 logic. V: -0.081, SOC: 78.4%",0
2026-01-01T18:54:55Z,ISLAND,78.32236842105202,0.0,"B1 logic. V: -0.081, SOC: 78.4%",0
2026-01-01T18:55:00Z,ISLAND,78.28947368420991,0.0,"B1 logic. V: -0.081, SOC: 78.3%",0
2026-01-01T18:55:05Z,ISLAND,78.2565789473678,0.0,"B1 logic. V: -0.081, SOC: 78.3%",0
2026-01-01T18:55:10Z,ISLAND,78.2236842105257,0.0,"B1 logic. V: -0.081, SOC: 78.3%",0
2026-01-01T18:55:15Z,ISLAND,78.19078947368358,0.0,"B1 logic. V: -0.081, SOC: 78.2%",0
2026-01-01T18:55:20Z,ISLAND,78.15789473684148,0.0,"B1 logic. V: -0.081, SOC: 78.2%",0
2026-01-01T18:55:25Z,ISLAND,78.12499999999937,0.0,"B1 logic. V: -0.081, SOC: 78.2%",0
2026-01-01T18:55:30Z,ISLAND,78.09210526315728,0.0,"B1 logic. V: -0.081, SOC: 78.1%",0
2026-01-01T18:55:35Z,ISLAND,78.05921052631517,0.0,"B1 logic. V: -0.081, SOC: 78.1%",0
2026-01-01T18:55:40Z,ISLAND,78.02631578947306,0.0,"B1 logic. V: -0.081, SOC: 78.1%",0
2026-01-01T18:55:45Z,ISLAND,77.99342105263095,0.0,"B1 logic. V: -0.081, SOC: 78.0%",0
2026-01-01T18:55:50Z,ISLAND,77.96052631578885,0.0,"B1 logic. V: -0.081, SOC: 78.0%",0
2026-01-01T18:55:55Z,ISLAND,77.92763157894674,0.0,"B1 logic. V: -0.081, SOC: 78.0%",0
2026-01-01T18:56:00Z,ISLAND,77.89473684210463,0.0,"B1 logic. V: -0.081, SOC: 77.9%",0
2026-01-01T18:56:05Z,ISLAND,77.86184210526253,0.0,"B1 logic. V: -0.082, SOC: 77.9%",0
2026-01-01T18:56:10Z,ISLAND,77.82894736842042,0.0,"B1 logic. V: -0.082, SOC: 77.9%",0
2026-01-01T18:56:15Z,ISLAND,77.79605263157832,0.0,"B1 logic. V: -0.082, SOC: 77.8%",0
2026-01-01T18:56:20Z,ISLAND,77.76315789473621,0.0,"B1 logic. V: -0.082, SOC: 77.8%",0
2026-01-01T18:56:25Z,ISLAND,77.73026315789411,0.0,"B1 logic. V: -0.082, SOC: 77.8%",0
2026-01-01T18:56:30Z,ISLAND,77.69736842105199,0.0,"B1 logic. V: -0.082, SOC: 77.7%",0
2026-01-01T18:56:35Z,ISLAND,77.6644736842099,0.0,"B1 logic. V: -0.082, SOC: 77.7%",0
2026-01-01T18:56:40Z,ISLAND,77.63157894736779,0.0,"B1 logic. V: -0.082, SOC: 77.7%",0
2026-01-01T18:56:45Z,ISLAND,77.59868421052568,0.0,"B1 logic. V: -0.082, SOC: 77.6%",0
2026-01-01T18:56:50Z,ISLAND,77.56578947368358,0.0,"B1 logic. V: -0.082, SOC: 77.6%",0
2026-01-01T18:56:55Z,ISLAND,77.53289473684146,0.0,"B1 logic. V: -0.082, SOC: 77.6%",0
2026-01-01T18:57:00Z,ISLAND,77.49999999999936,0.0,"B1 logic. V: -0.082, SOC: 77.5%",0
2026-01-01T18:57:05Z,ISLAND,77.46710526315725,0.0,"B1 logic. V: -0.082, SOC: 77.5%",0
2026-01-01T18:57:10Z,ISLAND,77.43421052631516,0.0,"B1 logic. V: -0.082, SOC: 77.5%",0
2026-01-01T18:57:15Z,ISLAND,77.40131578947305,0.0,"B1 logic. V: -0.082, SOC: 77.4%",0
2026-01-01T18:57:20Z,ISLAND,77.36842105263094,0.0,"B1 logic. V: -0.082, SOC: 77.4%",0
2026-01-01T18:57:25Z,ISLAND,77.33552631578883,0.0,"B1 logic. V: -0.082, SOC: 77.4%",0
2026-01-01T18:57:30Z,ISLAND,77.30263157894672,0.0,"B1 logic. V: -0.082, SOC: 77.3%",0
2026-01-01T18:57:35Z,ISLAND,77.26973684210462,0.0,"B1 logic. V: -0.082, SOC: 77.3%",0
2026-01-01T18:57:40Z,ISLAND,77.23684210526251,0.0,"B1 logic. V: -0.082, SOC: 77.3%",0
2026-01-01T18:57:45Z,ISLAND,77.2039473684204,0.0,"B1 logic. V: -0.082, SOC: 77.2%",0
2026-01-01T18:57:50Z,ISLAND,77.17105263157829,0.0,"B1 logic. V: -0.082, SOC: 77.2%",0
2026-01-01T18:57:55Z,ISLAND,77.1381578947362,0.0,"B1 logic. V: -0.082, SOC: 77.2%",0
2026-01-01T18:58:00Z,ISLAND,77.10526315789409,0.0,"B1 logic. V: -0.082, SOC: 77.1%",0
2026-01-01T18:58:05Z,ISLAND,77.07236842105199,0.0,"B1 logic. V: -0.082, SOC: 77.1%",0
2026-01-01T18:58:10Z,ISLAND,77.03947368420987,0.0,"B1 logic. V: -0.082, SOC: 77.1%",0
2026-01-01T18:58:15Z,ISLAND,77.00657894736777,0.0,"B1 logic. V: -0.082, SOC: 77.0%",0
2026-01-01T18:58:20Z,ISLAND,76.97368421052566,0.0,"B1 logic. V: -0.082, SOC: 77.0%",0
2026-01-01T18:58:25Z,ISLAND,76.94078947368355,0.0,"B1 logic. V: -0.082, SOC: 77.0%",0
2026-01-01T18:58:30Z,ISLAND,76.90789473684146,0.0,"B1 logic. V: -0.082, SOC: 76.9%",0
2026-01-01T18:58:35Z,ISLAND,76.87499999999933,0.0,"B1 logic. V: -0.082, SOC: 76.9%",0
2026-01-01T18:58:40Z,ISLAND,76.84210526315724,0.0,"B1 logic. V: -0.082, SOC: 76.9%",0
2026-01-01T18:58:45Z,ISLAND,76.80921052631513,0.0,"B1 logic. V: -0.082, SOC: 76.8%",0
2026-01-01T18:58:50Z,ISLAND,76.77631578947303,0.0,"B1 logic. V: -0.082, SOC: 76.8%",0
2026-01-01T18:58:55Z,ISLAND,76.74342105263092,0.0,"B1 logic. V: -0.082, SOC: 76.8%",0
2026-01-01T18:59:00Z,ISLAND,76.71052631578881,0.0,"B1 logic. V: -0.082, SOC: 76.7%",0
2026-01-01T18:59:05Z,ISLAND,76.6776315789467,0.0,"B1 logic. V: -0.083, SOC: 76.7%",0
2026-01-01T18:59:10Z,ISLAND,76.6447368421046,0.0,"B1 logic. V: -0.083, SOC: 76.7%",0
2026-01-01T18:59:15Z,ISLAND,76.6118421052625,0.0,"B1 logic. V: -0.083, SOC: 76.6%",0
2026-01-01T18:59:20Z,ISLAND,76.57894736842039,0.0,"B1 logic. V: -0.083, SOC: 76.6%",0
2026-01-01T18:59:25Z,ISLAND,76.54605263157828,0.0,"B1 logic. V: -0.083, SOC: 76.6%",0
2026-01-01T18:59:30Z,ISLAND,76.51315789473617,0.0,"B1 logic. V: -0.083, SOC: 76.5%",0
2026-01-01T18:59:35Z,ISLAND,76.48026315789407,0.0,"B1 logic. V: -0.083, SOC: 76.5%",0
2026-01-01T18:59:40Z,ISLAND,76.44736842105196,0.0,"B1 logic. V: -0.083, SOC: 76.5%",0
2026-01-01T18:59:45Z,ISLAND,76.41447368420987,0.0,"B1 logic. V: -0.083, SOC: 76.4%",0
2026-01-01T18:59:50Z,ISLAND,76.38157894736774,0.0,"B1 logic. V: -0.083, SOC: 76.4%",0
2026-01-01T18:59:55Z,ISLAND,76.34868421052565,0.0,"B1 logic. V: -0.083, SOC: 76.4%",0
2026-01-01T19:00:00Z,ISLAND,76.31578947368354,0.0,"B1 logic. V: -0.083, SOC: 76.3%",0
2026-01-01T19:00:05Z,ISLAND,76.28289473684143,0.0,"B1 logic. V: -0.083, SOC: 76.3%",0
2026-01-01T19:00:10Z,ISLAND,76.24999999999933,0.0,"B1 logic. V: -0.083, SOC: 76.3%",0
2026-01-01T19:00:15Z,ISLAND,76.21710526315721,0.0,"B1 logic. V: -0.083, SOC: 76.2%",0
2026-01-01T19:00:20Z,ISLAND,76.18421052631511,0.0,"B1 logic. V: -0.083, SOC: 76.2%",0
2026-01-01T19:00:25Z,ISLAND,76.151315789473,0.0,"B1 logic. V: -0.083, SOC: 76.2%",0
2026-01-01T19:00:30Z,ISLAND,76.11842105263091,0.0,"B1 logic. V: -0.083, SOC: 76.2%",0
2026-01-01T19:00:35Z,ISLAND,76.0855263157888,0.0,"B1 logic. V: -0.083, SOC: 76.1%",0
2026-01-01T19:00:40Z,ISLAND,76.05263157894669,0.0,"B1 logic. V: -0.083, SOC: 76.1%",0
2026-01-01T19:00:45Z,ISLAND,76.01973684210458,0.0,"B1 logic. V: -0.083, SOC: 76.1%",0
2026-01-01T19:00:50Z,ISLAND,75.98684210526247,0.0,"B1 logic. V: -0.083, SOC: 76.0%",0
2026-01-01T19:00:55Z,ISLAND,75.95394736842037,0.0,"B1 logic. V: -0.083, SOC: 76.0%",0
2026-01-01T19:01:00Z,ISLAND,75.92105263157826,0.0,"B1 logic. V: -0.083, SOC: 76.0%",0
2026-01-01T19:01:05Z,ISLAND,75.88815789473615,0.0,"B1 logic. V: -0.083, SOC: 75.9%",0
2026-01-01T19:01:10Z,ISLAND,75.85526315789404,0.0,"B1 logic. V: -0.083, SOC: 75.9%",0
2026-01-01T19:01:15Z,ISLAND,75.82236842105195,0.0,"B1 logic. V: -0.083, SOC: 75.9%",0
2026-01-01T19:01:20Z,ISLAND,75.78947368420984,0.0,"B1 logic. V: -0.083, SOC: 75.8%",0
2026-01-01T19:01:25Z,ISLAND,75.75657894736774,0.0,"B1 logic. V: -0.083, SOC: 75.8%",0
2026-01-01T19:01:30Z,ISLAND,75.72368421052562,0.0,"B1 logic. V: -0.083, SOC: 75.8%",0
2026-01-01T19:01:35Z,ISLAND,75.69078947368352,0.0,"B1 logic. V: -0.083, SOC: 75.7%",0
2026-01-01T19:01:40Z,ISLAND,75.65789473684141,0.0,"B1 logic. V: -0.083, SOC: 75.7%",0
2026-01-01T19:01:45Z,ISLAND,75.6249999999993,0.0,"B1 logic. V: -0.083, SOC: 75.7%",0
2026-01-01T19:01:50Z,ISLAND,75.59210526315721,0.0,"B1 logic. V: -0.083, SOC: 75.6%",0
2026-01-01T19:01:55Z,ISLAND,75.55921052631508,0.0,"B1 logic. V: -0.083, SOC: 75.6%",0
2026-01-01T19:02:00Z,ISLAND,75.52631578947299,0.0,"B1 logic. V: -0.083, SOC: 75.6%",0
2026-01-01T19:02:05Z,ISLAND,75.49342105263088,0.0,"B1 logic. V: -0.083, SOC: 75.5%",0
2026-01-01T19:02:10Z,ISLAND,75.46052631578878,0.0,"B1 logic. V: -0.083, SOC: 75.5%",0
2026-01-01T19:02:15Z,ISLAND,75.42763157894667,0.0,"B1 logic. V: -0.083, SOC: 75.5%",0
2026-01-01T19:02:20Z,ISLAND,75.39473684210456,0.0,"B1 logic. V: -0.083, SOC: 75.4%",0
2026-01-01T19:02:25Z,ISLAND,75.36184210526245,0.0,"B1 logic. V: -0.083, SOC: 75.4%",0
2026-01-01T19:02:30Z,ISLAND,75.32894736842036,0.0,"B1 logic. V: -0.083, SOC: 75.4%",0
2026-01-01T19:02:35Z,ISLAND,75.29605263157825,0.0,"B1 logic. V: -0.083, SOC: 75.3%",0
2026-01-01T19:02:40Z,ISLAND,75.26315789473614,0.0,"B1 logic. V: -0.083, SOC: 75.3%",0
2026-01-01T19:02:45Z,ISLAND,75.23026315789403,0.0,"B1 logic. V: -0.083, SOC: 75.3%",0
2026-01-01T19:02:50Z,ISLAND,75.19736842105192,0.0,"B1 logic. V: -0.083, SOC: 75.2%",0
2026-01-01T19:02:55Z,ISLAND,75.16447368420982,0.0,"B1 logic. V: -0.083, SOC: 75.2%",0
2026-01-01T19:03:00Z,ISLAND,75.13157894736771,0.0,"B1 logic. V: -0.083, SOC: 75.2%",0
2026-01-01T19:03:05Z,ISLAND,75.09868421052562,0.0,"B1 logic. V: -0.084, SOC: 75.1%",0
2026-01-01T19:03:10Z,ISLAND,75.0657894736835,0.0,"B1 logic. V: -0.084, SOC: 75.1%",0
2026-01-01T19:03:15Z,ISLAND,75.0328947368414,0.0,"B1 logic. V: -0.084, SOC: 75.1%",0
2026-01-01T19:03:20Z,ISLAND,74.99999999999929,0.0,"B1 logic. V: -0.084, SOC: 75.0%",0
2026-01-01T19:03:25Z,ISLAND,74.96710526315718,0.0,"B1 logic. V: -0.084, SOC: 75.0%",0
2026-01-01T19:03:30Z,ISLAND,74.93421052631508,0.0,"B1 logic. V: -0.084, SOC: 75.0%",0
2026-01-01T19:03:35Z,ISLAND,74.90131578947296,0.0,"B1 logic. V: -0.084, SOC: 74.9%",0
2026-01-01T19:03:40Z,ISLAND,74.86842105263086,0.0,"B1 logic. V: -0.084, SOC: 74.9%",0
2026-01-01T19:03:45Z,ISLAND,74.83552631578875,0.0,"B1 logic. V: -0.084, SOC: 74.9%",0
2026-01-01T19:03:50Z,ISLAND,74.80263157894666,0.0,"B1 logic. V: -0.084, SOC: 74.8%",0
2026-01-01T19:03:55Z,ISLAND,74.76973684210455,0.0,"B1 logic. V: -0.084, SOC: 74.8%",0
2026-01-01T19:04:00Z,ISLAND,74.73684210526244,0.0,"B1 logic. V: -0.084, SOC: 74.8%",0
2026-01-01T19:04:05Z,ISLAND,74.70394736842033,0.0,"B1 logic. V: -0.084, SOC: 74.7%",0
2026-01-01T19:04:10Z,ISLAND,74.67105263157822,0.0,"B1 logic. V: -0.084, SOC: 74.7%",0
2026-01-01T19:04:15Z,ISLAND,74.63815789473612,0.0,"B1 logic. V: -0.084, SOC: 74.7%",0
2026-01-01T19:04:20Z,ISLAND,74.60526315789402,0.0,"B1 logic. V: -0.084, SOC: 74.6%",0
2026-01-01T19:04:25Z,ISLAND,74.5723684210519,0.0,"B1 logic. V: -0.084, SOC: 74.6%",0
2026-01-01T19:04:30Z,ISLAND,74.5394736842098,0.0,"B1 logic. V: -0.084, SOC: 74.6%",0
2026-01-01T19:04:35Z,ISLAND,74.5065789473677,0.0,"B1 logic. V: -0.084, SOC: 74.5%",0
2026-01-01T19:04:40Z,ISLAND,74.47368421052559,0.0,"B1 logic. V: -0.084, SOC: 74.5%",0
2026-01-01T19:04:45Z,ISLAND,74.4407894736835,0.0,"B1 logic. V: -0.084, SOC: 74.5%",0
2026-01-01T19:04:50Z,ISLAND,74.40789473684137,0.0,"B1 logic. V: -0.084, SOC: 74.4%",0
2026-01-01T19:04:55Z,ISLAND,74.37499999999928,0.0,"B1 logic. V: -0.084, SOC: 74.4%",0
2026-01-01T19:05:00Z,ISLAND,74.34210526315717,0.0,"B1 logic. V: -0.084, SOC: 74.4%",0
2026-01-01T19:05:05Z,ISLAND,74.30921052631506,0.0,"B1 logic. V: -0.084, SOC: 74.3%",0
2026-01-01T19:05:10Z,ISLAND,74.27631578947296,0.0,"B1 logic. V: -0.084, SOC: 74.3%",0
2026-01-01T19:05:15Z,ISLAND,74.24342105263084,0.0,"B1 logic. V: -0.084, SOC: 74.3%",0
2026-01-01T19:05:20Z,ISLAND,74.21052631578874,0.0,"B1 logic. V: -0.084, SOC: 74.2%",0
2026-01-01T19:05:25Z,ISLAND,74.17763157894663,0.0,"B1 logic. V: -0.084, SOC: 74.2%",0
2026-01-01T19:05:30Z,ISLAND,74.14473684210454,0.0,"B1 logic. V: -0.084, SOC: 74.2%",0
2026-01-01T19:05:35Z,ISLAND,74.11184210526243,0.0,"B1 logic. V: -0.084, SOC: 74.1%",0
2026-01-01T19:05:40Z,ISLAND,74.07894736842032,0.0,"B1 logic. V: -0.084, SOC: 74.1%",0
2026-01-01T19:05:45Z,ISLAND,74.0460526315782,0.0,"B1 logic. V: -0.084, SOC: 74.1%",0
2026-01-01T19:05:50Z,ISLAND,74.01315789473611,0.0,"B1 logic. V: -0.084, SOC: 74.0%",0
2026-01-01T19:05:55Z,ISLAND,73.980263157894,0.0,"B1 logic. V: -0.084, SOC: 74.0%",0
2026-01-01T19:06:00Z,ISLAND,73.94736842105189,0.0,"B1 logic. V: -0.084, SOC: 74.0%",0
2026-01-01T19:06:05Z,ISLAND,73.91447368420978,0.0,"B1 logic. V: -0.085, SOC: 73.9%",0
2026-01-01T19:06:10Z,ISLAND,73.88157894736767,0.0,"B1 logic. V: -0.085, SOC: 73.9%",0
2026-01-01T19:06:15Z,ISLAND,73.84868421052558,0.0,"B1 logic. V: -0.085, SOC: 73.9%",0
2026-01-01T19:06:20Z,ISLAND,73.81578947368347,0.0,"B1 logic. V: -0.085, SOC: 73.8%",0
2026-01-01T19:06:25Z,ISLAND,73.78289473684137,0.0,"B1 logic. V: -0.085, SOC: 73.8%",0
2026-01-01T19:06:30Z,ISLAND,73.74999999999925,0.0,"B1 logic. V: -0.085, SOC: 73.8%",0
2026-01-01T19:06:35Z,ISLAND,73.71710526315715,0.0,"B1 logic. V: -0.085, SOC: 73.7%",0
2026-01-01T19:06:40Z,ISLAND,73.68421052631504,0.0,"B1 logic. V: -0.085, SOC: 73.7%",0
2026-01-01T19:06:45Z,ISLAND,73.65131578947293,0.0,"B1 logic. V: -0.085, SOC: 73.7%",0
2026-01-01T19:06:50Z,ISLAND,73.61842105263084,0.0,"B1 logic. V: -0.085, SOC: 73.7%",0
2026-01-01T19:06:55Z,ISLAND,73.58552631578871,0.0,"B1 logic. V: -0.085, SOC: 73.6%",0
2026-01-01T19:07:00Z,ISLAND,73.55263157894662,0.0,"B1 logic. V: -0.085, SOC: 73.6%",0
2026-01-01T19:07:05Z,ISLAND,73.5197368421045,0.0,"B1 logic. V: -0.085, SOC: 73.6%",0
2026-01-01T19:07:10Z,ISLAND,73.48684210526241,0.0,"B1 logic. V: -0.085, SOC: 73.5%",0
2026-01-01T19:07:15Z,ISLAND,73.4539473684203,0.0,"B1 logic. V: -0.085, SOC: 73.5%",0
2026-01-01T19:07:20Z,ISLAND,73.42105263157819,0.0,"B1 logic. V: -0.085, SOC: 73.5%",0
2026-01-01T19:07:25Z,ISLAND,73.38815789473608,0.0,"B1 logic. V: -0.085, SOC: 73.4%",0
2026-01-01T19:07:30Z,ISLAND,73.35526315789397,0.0,"B1 logic. V: -0.085, SOC: 73.4%",0
2026-01-01T19:07:35Z,ISLAND,73.32236842105188,0.0,"B1 logic. V: -0.085, SOC: 73.4%",0
2026-01-01T19:07:40Z,ISLAND,73.28947368420977,0.0,"B1 logic. V: -0.085, SOC: 73.3%",0
2026-01-01T19:07:45Z,ISLAND,73.25657894736766,0.0,"B1 logic. V: -0.085, SOC: 73.3%",0
2026-01-01T19:07:50Z,ISLAND,73.22368421052555,0.0,"B1 logic. V: -0.085, SOC: 73.3%",0
2026-01-01T19:07:55Z,ISLAND,73.19078947368345,0.0,"B1 logic. V: -0.085, SOC: 73.2%",0
2026-01-01T19:08:00Z,ISLAND,73.15789473684134,0.0,"B1 logic. V: -0.085, SOC: 73.2%",0
2026-01-01T19:08:05Z,ISLAND,73.12499999999925,0.0,"B1 logic. V: -0.085, SOC: 73.2%",0
2026-01-01T19:08:10Z,ISLAND,73.09210526315712,0.0,"B1 logic. V: -0.085, SOC: 73.1%",0
2026-01-01T19:08:15Z,ISLAND,73.05921052631503,0.0,"B1 logic. V: -0.085, SOC: 73.1%",0
2026-01-01T19:08:20Z,ISLAND,73.02631578947292,0.0,"B1 logic. V: -0.085, SOC: 73.1%",0
2026-01-01T19:08:25Z,ISLAND,72.99342105263081,0.0,"B1 logic. V: -0.085, SOC: 73.0%",0
2026-01-01T19:08:30Z,ISLAND,72.96052631578871,0.0,"B1 logic. V: -0.085, SOC: 73.0%",0
2026-01-01T19:08:35Z,ISLAND,72.92763157894659,0.0,"B1 logic. V: -0.085, SOC: 73.0%",0
2026-01-01T19:08:40Z,ISLAND,72.89473684210449,0.0,"B1 logic. V: -0.085, SOC: 72.9%",0
2026-01-01T19:08:45Z,ISLAND,72.86184210526238,0.0,"B1 logic. V: -0.085, SOC: 72.9%",0
2026-01-01T19:08:50Z,ISLAND,72.82894736842029,0.0,"B1 logic. V: -0.085, SOC: 72.9%",0
2026-01-01T19:08:55Z,ISLAND,72.79605263157818,0.0,"B1 logic. V: -0.085, SOC: 72.8%",0
2026-01-01T19:09:00Z,ISLAND,72.76315789473607,0.0,"B1 logic. V: -0.085, SOC: 72.8%",0
2026-01-01T19:09:05Z,ISLAND,72.73026315789396,0.0,"B1 logic. V: -0.086, SOC: 72.8%",0
2026-01-01T19:09:10Z,ISLAND,72.69736842105186,0.0,"B1 logic. V: -0.086, SOC: 72.7%",0
2026-01-01T19:09:15Z,ISLAND,72.66447368420975,0.0,"B1 logic. V: -0.086, SOC: 72.7%",0
2026-01-01T19:09:20Z,ISLAND,72.63157894736764,0.0,"B1 logic. V: -0.086, SOC: 72.7%",0
2026-01-01T19:09:25Z,ISLAND,72.59868421052553,0.0,"B1 logic. V: -0.086, SOC: 72.6%",0
2026-01-01T19:09:30Z,ISLAND,72.56578947368342,0.0,"B1 logic. V: -0.086, SOC: 72.6%",0
2026-01-01T19:09:35Z,ISLAND,72.53289473684133,0.0,"B1 logic. V: -0.086, SOC: 72.6%",0
2026-01-01T19:09:40Z,ISLAND,72.49999999999922,0.0,"B1 logic. V: -0.086, SOC: 72.5%",0
2026-01-01T19:09:45Z,ISLAND,72.46710526315712,0.0,"B1 logic. V: -0.086, SOC: 72.5%",0
2026-01-01T19:09:50Z,ISLAND,72.434210526315,0.0,"B1 logic. V: -0.086, SOC: 72.5%",0
2026-01-01T19:09:55Z,ISLAND,72.4013157894729,0.0,"B1 logic. V: -0.086, SOC: 72.4%",0
2026-01-01T19:10:00Z,ISLAND,72.3684210526308,0.0,"B1 logic. V: -0.086, SOC: 72.4%",0
2026-01-01T19:10:05Z,ISLAND,72.33552631578868,0.0,"B1 logic. V: -0.086, SOC: 72.4%",0
2026-01-01T19:10:10Z,ISLAND,72.30263157894659,0.0,"B1 logic. V: -0.086, SOC: 72.3%",0
2026-01-01T19:10:15Z,ISLAND,72.26973684210446,0.0,"B1 logic. V: -0.086, SOC: 72.3%",0
2026-01-01T19:10:20Z,ISLAND,72.23684210526237,0.0,"B1 logic. V: -0.086, SOC: 72.3%",0
2026-01-01T19:10:25Z,ISLAND,72.20394736842026,0.0,"B1 logic. V: -0.086, SOC: 72.2%",0
2026-01-01T19:10:30Z,ISLAND,72.17105263157816,0.0,"B1 logic. V: -0.086, SOC: 72.2%",0
2026-01-01T19:10:35Z,ISLAND,72.13815789473605,0.0,"B1 logic. V: -0.086, SOC: 72.2%",0
2026-01-01T19:10:40Z,ISLAND,72.10526315789394,0.0,"B1 logic. V: -0.086, SOC: 72.1%",0
2026-01-01T19:10:45Z,ISLAND,72.07236842105183,0.0,"B1 logic. V: -0.086, SOC: 72.1%",0
2026-01-01T19:10:50Z,ISLAND,72.03947368420972,0.0,"B1 logic. V: -0.086, SOC: 72.1%",0
2026-01-01T19:10:55Z,ISLAND,72.00657894736763,0.0,"B1 logic. V: -0.086, SOC: 72.0%",0
2026-01-01T19:11:00Z,ISLAND,71.97368421052552,0.0,"B1 logic. V: -0.086, SOC: 72.0%",0
2026-01-01T19:11:05Z,ISLAND,71.94078947368341,0.0,"B1 logic. V: -0.086, SOC: 72.0%",0
2026-01-01T19:11:10Z,ISLAND,71.9078947368413,0.0,"B1 logic. V: -0.086, SOC: 71.9%",0
2026-01-01T19:11:15Z,ISLAND,71.8749999999992,0.0,"B1 logic. V: -0.086, SOC: 71.9%",0
2026-01-01T19:11:20Z,ISLAND,71.8421052631571,0.0,"B1 logic. V: -0.086, SOC: 71.9%",0
2026-01-01T19:11:25Z,ISLAND,71.809210526315,0.0,"B1 logic. V: -0.086, SOC: 71.8%",0
2026-01-01T19:11:30Z,ISLAND,71.77631578947287,0.0,"B1 logic. V: -0.086, SOC: 71.8%",0
2026-01-01T19:11:35Z,ISLAND,71.74342105263078,0.0,"B1 logic. V: -0.086, SOC: 71.8%",0
2026-01-01T19:11:40Z,ISLAND,71.71052631578867,0.0,"B1 logic. V: -0.086, SOC: 71.7%",0
2026-01-01T19:11:45Z,ISLAND,71.67763157894656,0.0,"B1 logic. V: -0.086, SOC: 71.7%",0
2026-01-01T19:11:50Z,ISLAND,71.64473684210446,0.0,"B1 logic. V: -0.086, SOC: 71.7%",0
2026-01-01T19:11:55Z,ISLAND,71.61184210526234,0.0,"B1 logic. V: -0.086, SOC: 71.6%",0
2026-01-01T19:12:00Z,ISLAND,71.57894736842024,0.0,"B1 logic. V: -0.086, SOC: 71.6%",0
2026-01-01T19:12:05Z,ISLAND,71.54605263157814,0.0,"B1 logic. V: -0.087, SOC: 71.6%",0
2026-01-01T19:12:10Z,ISLAND,71.51315789473604,0.0,"B1 logic. V: -0.087, SOC: 71.5%",0
2026-01-01T19:12:15Z,ISLAND,71.48026315789393,0.0,"B1 logic. V: -0.087, SOC: 71.5%",0
2026-01-01T19:12:20Z,ISLAND,71.44736842105182,0.0,"B1 logic. V: -0.087, SOC: 71.5%",0
2026-01-01T19:12:25Z,ISLAND,71.41447368420971,0.0,"B1 logic. V: -0.087, SOC: 71.4%",0
2026-01-01T19:12:30Z,ISLAND,71.38157894736761,0.0,"B1 logic. V: -0.087, SOC: 71.4%",0
2026-01-01T19:12:35Z,ISLAND,71.3486842105255,0.0,"B1 logic. V: -0.087, SOC: 71.4%",0
2026-01-01T19:12:40Z,ISLAND,71.3157894736834,0.0,"B1 logic. V: -0.087, SOC: 71.3%",0
2026-01-01T19:12:45Z,ISLAND,71.28289473684129,0.0,"B1 logic. V: -0.087, SOC: 71.3%",0
2026-01-01T19:12:50Z,ISLAND,71.24999999999918,0.0,"B1 logic. V: -0.087, SOC: 71.3%",0
2026-01-01T19:12:55Z,ISLAND,71.21710526315708,0.0,"B1 logic. V: -0.087, SOC: 71.2%",0
2026-01-01T19:13:00Z,ISLAND,71.18421052631497,0.0,"B1 logic. V: -0.087, SOC: 71.2%",0
2026-01-01T19:13:05Z,ISLAND,71.15131578947287,0.0,"B1 logic. V: -0.087, SOC: 71.2%",0
2026-01-01T19:13:10Z,ISLAND,71.11842105263075,0.0,"B1 logic. V: -0.087, SOC: 71.2%",0
2026-01-01T19:13:15Z,ISLAND,71.08552631578866,0.0,"B1 logic. V: -0.087, SOC: 71.1%",0
2026-01-01T19:13:20Z,ISLAND,71.05263157894655,0.0,"B1 logic. V: -0.087, SOC: 71.1%",0
2026-01-01T19:13:25Z,ISLAND,71.01973684210444,0.0,"B1 logic. V: -0.087, SOC: 71.1%",0
2026-01-01T19:13:30Z,ISLAND,70.98684210526234,0.0,"B1 logic. V: -0.087, SOC: 71.0%",0
2026-01-01T19:13:35Z,ISLAND,70.95394736842022,0.0,"B1 logic. V: -0.087, SOC: 71.0%",0
2026-01-01T19:13:40Z,ISLAND,70.92105263157812,0.0,"B1 logic. V: -0.087, SOC: 71.0%",0
2026-01-01T19:13:45Z,ISLAND,70.88815789473601,0.0,"B1 logic. V: -0.087, SOC: 70.9%",0
2026-01-01T19:13:50Z,ISLAND,70.85526315789392,0.0,"B1 logic. V: -0.087, SOC: 70.9%",0
2026-01-01T19:13:55Z,ISLAND,70.8223684210518,0.0,"B1 logic. V: -0.087, SOC: 70.9%",0
2026-01-01T19:14:00Z,ISLAND,70.7894736842097,0.0,"B1 logic. V: -0.087, SOC: 70.8%",0
2026-01-01T19:14:05Z,ISLAND,70.75657894736759,0.0,"B1 logic. V: -0.087, SOC: 70.8%",0
2026-01-01T19:14:10Z,ISLAND,70.72368421052548,0.0,"B1 logic. V: -0.087, SOC: 70.8%",0
2026-01-01T19:14:15Z,ISLAND,70.69078947368338,0.0,"B1 logic. V: -0.087, SOC: 70.7%",0
2026-01-01T19:14:20Z,ISLAND,70.65789473684127,0.0,"B1 logic. V: -0.087, SOC: 70.7%",0
2026-01-01T19:14:25Z,ISLAND,70.62499999999916,0.0,"B1 logic. V: -0.087, SOC: 70.7%",0
2026-01-01T19:14:30Z,ISLAND,70.59210526315705,0.0,"B1 logic. V: -0.087, SOC: 70.6%",0
2026-01-01T19:14:35Z,ISLAND,70.55921052631496,0.0,"B1 logic. V: -0.087, SOC: 70.6%",0
2026-01-01T19:14:40Z,ISLAND,70.52631578947285,0.0,"B1 logic. V: -0.087, SOC: 70.6%",0
2026-01-01T19:14:45Z,ISLAND,70.49342105263075,0.0,"B1 logic. V: -0.087, SOC: 70.5%",0
2026-01-01T19:14:50Z,ISLAND,70.46052631578863,0.0,"B1 logic. V: -0.087, SOC: 70.5%",0
2026-01-01T19:14:55Z,ISLAND,70.42763157894653,0.0,"B1 logic. V: -0.087, SOC: 70.5%",0
2026-01-01T19:15:00Z,ISLAND,70.39473684210442,0.0,"B1 logic. V: -0.087, SOC: 70.4%",0
2026-01-01T19:15:05Z,ISLAND,70.36184210526231,0.0,"B1 logic. V: -0.088, SOC: 70.4%",0
2026-01-01T19:15:10Z,ISLAND,70.32894736842022,0.0,"B1 logic. V: -0.088, SOC: 70.4%",0
2026-01-01T19:15:15Z,ISLAND,70.29605263157809,0.0,"B1 logic. V: -0.088, SOC: 70.3%",0
2026-01-01T19:15:20Z,ISLAND,70.263157894736,0.0,"B1 logic. V: -0.088, SOC: 70.3%",0
2026-01-01T19:15:25Z,ISLAND,70.23026315789389,0.0,"B1 logic. V: -0.088, SOC: 70.3%",0
2026-01-01T19:15:30Z,ISLAND,70.19736842105179,0.0,"B1 logic. V: -0.088, SOC: 70.2%",0
2026-01-01T19:15:35Z,ISLAND,70.16447368420968,0.0,"B1 logic. V: -0.088, SOC: 70.2%",0
2026-01-01T19:15:40Z,ISLAND,70.13157894736757,0.0,"B1 logic. V: -0.088, SOC: 70.2%",0
2026-01-01T19:15:45Z,ISLAND,70.09868421052546,0.0,"B1 logic. V: -0.088, SOC: 70.1%",0
2026-01-01T19:15:50Z,ISLAND,70.06578947368337,0.0,"B1 logic. V: -0.088, SOC: 70.1%",0
2026-01-01T19:15:55Z,ISLAND,70.03289473684126,0.0,"B1 logic. V: -0.088, SOC: 70.1%",0
2026-01-01T19:16:00Z,ISLAND,69.99999999999915,0.0,"B1 logic. V: -0.088, SOC: 70.0%",0
2026-01-01T19:16:05Z,ISLAND,69.96710526315704,0.0,"B1 logic. V: -0.088, SOC: 70.0%",0
2026-01-01T19:16:10Z,ISLAND,69.93421052631493,0.0,"B1 logic. V: -0.088, SOC: 70.0%",0
2026-01-01T19:16:15Z,ISLAND,69.90131578947283,0.0,"B1 logic. V: -0.088, SOC: 69.9%",0
2026-01-01T19:16:20Z,ISLAND,69.86842105263072,0.0,"B1 logic. V: -0.088, SOC: 69.9%",0
2026-01-01T19:16:25Z,ISLAND,69.83552631578863,0.0,"B1 logic. V: -0.088, SOC: 69.9%",0
2026-01-01T19:16:30Z,ISLAND,69.8026315789465,0.0,"B1 logic. V: -0.088, SOC: 69.8%",0
2026-01-01T19:16:35Z,ISLAND,69.76973684210441,0.0,"B1 logic. V: -0.088, SOC: 69.8%",0
2026-01-01T19:16:40Z,ISLAND,69.7368421052623,0.0,"B1 logic. V: -0.088, SOC: 69.8%",0
2026-01-01T19:16:45Z,ISLAND,69.70394736842019,0.0,"B1 logic. V: -0.088, SOC: 69.7%",0
2026-01-01T19:16:50Z,ISLAND,69.67105263157809,0.0,"B1 logic. V: -0.088, SOC: 69.7%",0
2026-01-01T19:16:55Z,ISLAND,69.63815789473597,0.0,"B1 logic. V: -0.088, SOC: 69.7%",0
2026-01-01T19:17:00Z,ISLAND,69.60526315789387,0.0,"B1 logic. V: -0.088, SOC: 69.6%",0
2026-01-01T19:17:05Z,ISLAND,69.57236842105176,0.0,"B1 logic. V: -0.088, SOC: 69.6%",0
2026-01-01T19:17:10Z,ISLAND,69.53947368420967,0.0,"B1 logic. V: -0.088, SOC: 69.6%",0
2026-01-01T19:17:15Z,ISLAND,69.50657894736756,0.0,"B1 logic. V: -0.088, SOC: 69.5%",0
2026-01-01T19:17:20Z,ISLAND,69.47368421052545,0.0,"B1 logic. V: -0.088, SOC: 69.5%",0
2026-01-01T19:17:25Z,ISLAND,69.44078947368334,0.0,"B1 logic. V: -0.088, SOC: 69.5%",0
2026-01-01T19:17:30Z,ISLAND,69.40789473684123,0.0,"B1 logic. V: -0.088, SOC: 69.4%",0
2026-01-01T19:17:35Z,ISLAND,69.37499999999913,0.0,"B1 logic. V: -0.088, SOC: 69.4%",0
2026-01-01T19:17:40Z,ISLAND,69.34210526315702,0.0,"B1 logic. V: -0.088, SOC: 69.4%",0
2026-01-01T19:17:45Z,ISLAND,69.30921052631491,0.0,"B1 logic. V: -0.088, SOC: 69.3%",0
2026-01-01T19:17:50Z,ISLAND,69.2763157894728,0.0,"B1 logic. V: -0.088, SOC: 69.3%",0
2026-01-01T19:17:55Z,ISLAND,69.24342105263071,0.0,"B1 logic. V: -0.088, SOC: 69.3%",0
2026-01-01T19:18:00Z,ISLAND,69.2105263157886,0.0,"B1 logic. V: -0.088, SOC: 69.2%",0
2026-01-01T19:18:05Z,ISLAND,69.1776315789465,0.0,"B1 logic. V: -0.088, SOC: 69.2%",0
2026-01-01T19:18:10Z,ISLAND,69.14473684210438,0.0,"B1 logic. V: -0.088, SOC: 69.2%",0
2026-01-01T19:18:15Z,ISLAND,69.11184210526228,0.0,"B1 logic. V: -0.088, SOC: 69.1%",0
2026-01-01T19:18:20Z,ISLAND,69.07894736842017,0.0,"B1 logic. V: -0.088, SOC: 69.1%",0
2026-01-01T19:18:25Z,ISLAND,69.04605263157806,0.0,"B1 logic. V: -0.088, SOC: 69.1%",0
2026-01-01T19:18:30Z,ISLAND,69.01315789473597,0.0,"B1 logic. V: -0.088, SOC: 69.0%",0
2026-01-01T19:18:35Z,ISLAND,68.98026315789384,0.0,"B1 logic. V: -0.088, SOC: 69.0%",0
2026-01-01T19:18:40Z,ISLAND,68.94736842105175,0.0,"B1 logic. V: -0.088, SOC: 69.0%",0
2026-01-01T19:18:45Z,ISLAND,68.91447368420964,0.0,"B1 logic. V: -0.088, SOC: 68.9%",0
2026-01-01T19:18:50Z,ISLAND,68.88157894736754,0.0,"B1 logic. V: -0.088, SOC: 68.9%",0
2026-01-01T19:18:55Z,ISLAND,68.84868421052543,0.0,"B1 logic. V: -0.088, SOC: 68.9%",0
2026-01-01T19:19:00Z,ISLAND,68.81578947368332,0.0,"B1 logic. V: -0.088, SOC: 68.8%",0
2026-01-01T19:19:05Z,ISLAND,68.78289473684121,0.0,"B1 logic. V: -0.089, SOC: 68.8%",0
2026-01-01T19:19:10Z,ISLAND,68.74999999999912,0.0,"B1 logic. V: -0.089, SOC: 68.8%",0
2026-01-01T19:19:15Z,ISLAND,68.71710526315701,0.0,"B1 logic. V: -0.089, SOC: 68.7%",0
2026-01-01T19:19:20Z,ISLAND,68.6842105263149,0.0,"B1 logic. V: -0.089, SOC: 68.7%",0
2026-01-01T19:19:25Z,ISLAND,68.65131578947279,0.0,"B1 logic. V: -0.089, SOC: 68.7%",0
2026-01-01T19:19:30Z,ISLAND,68.61842105263068,0.0,"B1 logic. V: -0.089, SOC: 68.7%",0
2026-01-01T19:19:35Z,ISLAND,68.58552631578858,0.0,"B1 logic. V: -0.089, SOC: 68.6%",0
2026-01-01T19:19:40Z,ISLAND,68.55263157894647,0.0,"B1 logic. V: -0.089, SOC: 68.6%",0
2026-01-01T19:19:45Z,ISLAND,68.51973684210438,0.0,"B1 logic. V: -0.089, SOC: 68.6%",0
2026-01-01T19:19:50Z,ISLAND,68.48684210526226,0.0,"B1 logic. V: -0.089, SOC: 68.5%",0
2026-01-01T19:19:55Z,ISLAND,68.45394736842016,0.0,"B1 logic. V: -0.089, SOC: 68.5%",0
2026-01-01T19:20:00Z,ISLAND,68.42105263157805,0.0,"B1 logic. V: -0.089, SOC: 68.5%",0
2026-01-01T19:20:05Z,ISLAND,68.38815789473594,0.0,"B1 logic. V: -0.089, SOC: 68.4%",0
2026-01-01T19:20:10Z,ISLAND,68.35526315789384,0.0,"B1 logic. V: -0.089, SOC: 68.4%",0
2026-01-01T19:20:15Z,ISLAND,68.32236842105172,0.0,"B1 logic. V: -0.089, SOC: 68.4%",0
2026-01-01T19:20:20Z,ISLAND,68.28947368420963,0.0,"B1 logic. V: -0.089, SOC: 68.3%",0
2026-01-01T19:20:25Z,ISLAND,68.25657894736752,0.0,"B1 logic. V: -0.089, SOC: 68.3%",0
2026-01-01T19:20:30Z,ISLAND,68.22368421052542,0.0,"B1 logic. V: -0.089, SOC: 68.3%",0
2026-01-01T19:20:35Z,ISLAND,68.19078947368331,0.0,"B1 logic. V: -0.089, SOC: 68.2%",0
2026-01-01T19:20:40Z,ISLAND,68.1578947368412,0.0,"B1 logic. V: -0.089, SOC: 68.2%",0
2026-01-01T19:20:45Z,ISLAND,68.12499999999909,0.0,"B1 logic. V: -0.089, SOC: 68.2%",0
2026-01-01T19:20:50Z,ISLAND,68.09210526315698,0.0,"B1 logic. V: -0.089, SOC: 68.1%",0
2026-01-01T19:20:55Z,ISLAND,68.05921052631489,0.0,"B1 logic. V: -0.089, SOC: 68.1%",0
2026-01-01T19:21:00Z,ISLAND,68.02631578947278,0.0,"B1 logic. V: -0.089, SOC: 68.1%",0
2026-01-01T19:21:05Z,ISLAND,67.99342105263067,0.0,"B1 logic. V: -0.089, SOC: 68.0%",0
2026-01-01T19:21:10Z,ISLAND,67.96052631578856,0.0,"B1 logic. V: -0.089, SOC: 68.0%",0
2026-01-01T19:21:15Z,ISLAND,67.92763157894646,0.0,"B1 logic. V: -0.089, SOC: 68.0%",0
2026-01-01T19:21:20Z,ISLAND,67.89473684210435,0.0,"B1 logic. V: -0.089, SOC: 67.9%",0
2026-01-01T19:21:25Z,ISLAND,67.86184210526226,0.0,"B1 logic. V: -0.089, SOC: 67.9%",0
2026-01-01T19:21:30Z,ISLAND,67.82894736842013,0.0,"B1 logic. V: -0.089, SOC: 67.9%",0
2026-01-01T19:21:35Z,ISLAND,67.79605263157804,0.0,"B1 logic. V: -0.089, SOC: 67.8%",0
2026-01-01T19:21:40Z,ISLAND,67.76315789473593,0.0,"B1 logic. V: -0.089, SOC: 67.8%",0
2026-01-01T19:21:45Z,ISLAND,67.73026315789382,0.0,"B1 logic. V: -0.089, SOC: 67.8%",0
2026-01-01T19:21:50Z,ISLAND,67.69736842105172,0.0,"B1 logic. V: -0.089, SOC: 67.7%",0
2026-01-01T19:21:55Z,ISLAND,67.6644736842096,0.0,"B1 logic. V: -0.089, SOC: 67.7%",0
2026-01-01T19:22:00Z,ISLAND,67.6315789473675,0.0,"B1 logic. V: -0.089, SOC: 67.7%",0
2026-01-01T19:22:05Z,ISLAND,67.59868421052539,0.0,"B1 logic. V: -0.090, SOC: 67.6%",0
2026-01-01T19:22:10Z,ISLAND,67.5657894736833,0.0,"B1 logic. V: -0.090, SOC: 67.6%",0
2026-01-01T19:22:15Z,ISLAND,67.53289473684119,0.0,"B1 logic. V: -0.090, SOC: 67.6%",0
2026-01-01T19:22:20Z,ISLAND,67.49999999999908,0.0,"B1 logic. V: -0.090, SOC: 67.5%",0
2026-01-01T19:22:25Z,ISLAND,67.46710526315697,0.0,"B1 logic. V: -0.090, SOC: 67.5%",0
2026-01-01T19:22:30Z,ISLAND,67.43421052631487,0.0,"B1 logic. V: -0.090, SOC: 67.5%",0
2026-01-01T19:22:35Z,ISLAND,67.40131578947276,0.0,"B1 logic. V: -0.090, SOC: 67.4%",0
2026-01-01T19:22:40Z,ISLAND,67.36842105263065,0.0,"B1 logic. V: -0.090, SOC: 67.4%",0
2026-01-01T19:22:45Z,ISLAND,67.33552631578854,0.0,"B1 logic. V: -0.090, SOC: 67.4%",0
2026-01-01T19:22:50Z,ISLAND,67.30263157894643,0.0,"B1 logic. V: -0.090, SOC: 67.3%",0
2026-01-01T19:22:55Z,ISLAND,67.26973684210434,0.0,"B1 logic. V: -0.090, SOC: 67.3%",0
2026-01-01T19:23:00Z,ISLAND,67.23684210526223,0.0,"B1 logic. V: -0.090, SOC: 67.3%",0
2026-01-01T19:23:05Z,ISLAND,67.20394736842013,0.0,"B1 logic. V: -0.090, SOC: 67.2%",0
2026-01-01T19:23:10Z,ISLAND,67.17105263157801,0.0,"B1 logic. V: -0.090, SOC: 67.2%",0
2026-01-01T19:23:15Z,ISLAND,67.13815789473591,0.0,"B1 logic. V: -0.090, SOC: 67.2%",0
2026-01-01T19:23:20Z,ISLAND,67.1052631578938,0.0,"B1 logic. V: -0.090, SOC: 67.1%",0
2026-01-01T19:23:25Z,ISLAND,67.07236842105169,0.0,"B1 logic. V: -0.090, SOC: 67.1%",0
2026-01-01T19:23:30Z,ISLAND,67.0394736842096,0.0,"B1 logic. V: -0.090, SOC: 67.1%",0
2026-01-01T19:23:35Z,ISLAND,67.00657894736747,0.0,"B1 logic. V: -0.090, SOC: 67.0%",0
2026-01-01T19:23:40Z,ISLAND,66.97368421052538,0.0,"B1 logic. V: -0.090, SOC: 67.0%",0
2026-01-01T19:23:45Z,ISLAND,66.94078947368327,0.0,"B1 logic. V: -0.090, SOC: 67.0%",0
2026-01-01T19:23:50Z,ISLAND,66.90789473684117,0.0,"B1 logic. V: -0.090, SOC: 66.9%",0
2026-01-01T19:23:55Z,ISLAND,66.87499999999906,0.0,"B1 logic. V: -0.090, SOC: 66.9%",0
2026-01-01T19:24:00Z,ISLAND,66.84210526315695,0.0,"B1 logic. V: -0.090, SOC: 66.9%",0
2026-01-01T19:24:05Z,ISLAND,66.80921052631484,0.0,"B1 logic. V: -0.090, SOC: 66.8%",0
2026-01-01T19:24:10Z,ISLAND,66.77631578947273,0.0,"B1 logic. V: -0.090, SOC: 66.8%",0
2026-01-01T19:24:15Z,ISLAND,66.74342105263064,0.0,"B1 logic. V: -0.090, SOC: 66.8%",0
2026-01-01T19:24:20Z,ISLAND,66.71052631578853,0.0,"B1 logic. V: -0.090, SOC: 66.7%",0
2026-01-01T19:24:25Z,ISLAND,66.67763157894642,0.0,"B1 logic. V: -0.090, SOC: 66.7%",0
2026-01-01T19:24:30Z,ISLAND,66.64473684210431,0.0,"B1 logic. V: -0.090, SOC: 66.7%",0
2026-01-01T19:24:35Z,ISLAND,66.61184210526221,0.0,"B1 logic. V: -0.090, SOC: 66.6%",0
2026-01-01T19:24:40Z,ISLAND,66.5789473684201,0.0,"B1 logic. V: -0.090, SOC: 66.6%",0
2026-01-01T19:24:45Z,ISLAND,66.54605263157801,0.0,"B1 logic. V: -0.090, SOC: 66.6%",0
2026-01-01T19:24:50Z,ISLAND,66.51315789473588,0.0,"B1 logic. V: -0.090, SOC: 66.5%",0
2026-01-01T19:24:55Z,ISLAND,66.48026315789379,0.0,"B1 logic. V: -0.090, SOC: 66.5%",0
2026-01-01T19:25:00Z,ISLAND,66.44736842105168,0.0,"B1 logic. V: -0.090, SOC: 66.5%",0
2026-01-01T19:25:05Z,ISLAND,66.41447368420957,0.0,"B1 logic. V: -0.090, SOC: 66.4%",0
2026-01-01T19:25:10Z,ISLAND,66.38157894736747,0.0,"B1 logic. V: -0.090, SOC: 66.4%",0
2026-01-01T19:25:15Z,ISLAND,66.34868421052535,0.0,"B1 logic. V: -0.090, SOC: 66.4%",0
2026-01-01T19:25:20Z,ISLAND,66.31578947368325,0.0,"B1 logic. V: -0.090, SOC: 66.3%",0
2026-01-01T19:25:25Z,ISLAND,66.28289473684114,0.0,"B1 logic. V: -0.090, SOC: 66.3%",0
2026-01-01T19:25:30Z,ISLAND,66.24999999999905,0.0,"B1 logic. V: -0.090, SOC: 66.3%",0
2026-01-01T19:25:35Z,ISLAND,66.21710526315694,0.0,"B1 logic. V: -0.090, SOC: 66.2%",0
2026-01-01T19:25:40Z,ISLAND,66.18421052631483,0.0,"B1 logic. V: -0.090, SOC: 66.2%",0
2026-01-01T19:25:45Z,ISLAND,66.15131578947272,0.0,"B1 logic. V: -0.090, SOC: 66.2%",0
2026-01-01T19:25:50Z,ISLAND,66.11842105263062,0.0,"B1 logic. V: -0.090, SOC: 66.2%",0
2026-01-01T19:25:55Z,ISLAND,66.08552631578851,0.0,"B1 logic. V: -0.090, SOC: 66.1%",0
2026-01-01T19:26:00Z,ISLAND,66.0526315789464,0.0,"B1 logic. V: -0.090, SOC: 66.1%",0
2026-01-01T19:26:05Z,ISLAND,66.0197368421043,0.0,"B1 logic. V: -0.091, SOC: 66.1%",0
2026-01-01T19:26:10Z,ISLAND,65.98684210526218,0.0,"B1 logic. V: -0.091, SOC: 66.0%",0
2026-01-01T19:26:15Z,ISLAND,65.95394736842009,0.0,"B1 logic. V: -0.091, SOC: 66.0%",0
2026-01-01T19:26:20Z,ISLAND,65.92105263157798,0.0,"B1 logic. V: -0.091, SOC: 66.0%",0
2026-01-01T19:26:25Z,ISLAND,65.88815789473588,0.0,"B1 logic. V: -0.091, SOC: 65.9%",0
2026-01-01T19:26:30Z,ISLAND,65.85526315789376,0.0,"B1 logic. V: -0.091, SOC: 65.9%",0
2026-01-01T19:26:35Z,ISLAND,65.82236842105166,0.0,"B1 logic. V: -0.091, SOC: 65.9%",0
2026-01-01T19:26:40Z,ISLAND,65.78947368420955,0.0,"B1 logic. V: -0.091, SOC: 65.8%",0
2026-01-01T19:26:45Z,ISLAND,65.75657894736744,0.0,"B1 logic. V: -0.091, SOC: 65.8%",0
2026-01-01T19:26:50Z,ISLAND,65.72368421052535,0.0,"B1 logic. V: -0.091, SOC: 65.8%",0
2026-01-01T19:26:55Z,ISLAND,65.69078947368322,0.0,"B1 logic. V: -0.091, SOC: 65.7%",0
2026-01-01T19:27:00Z,ISLAND,65.65789473684113,0.0,"B1 logic. V: -0.091, SOC: 65.7%",0
2026-01-01T19:27:05Z,ISLAND,65.62499999999902,0.0,"B1 logic. V: -0.091, SOC: 65.7%",0
2026-01-01T19:27:10Z,ISLAND,65.59210526315692,0.0,"B1 logic. V: -0.091, SOC: 65.6%",0
2026-01-01T19:27:15Z,ISLAND,65.55921052631481,0.0,"B1 logic. V: -0.091, SOC: 65.6%",0
2026-01-01T19:27:20Z,ISLAND,65.5263157894727,0.0,"B1 logic. V: -0.091, SOC: 65.6%",0
2026-01-01T19:27:25Z,ISLAND,65.4934210526306,0.0,"B1 logic. V: -0.091, SOC: 65.5%",0
2026-01-01T19:27:30Z,ISLAND,65.46052631578848,0.0,"B1 logic. V: -0.091, SOC: 65.5%",0
2026-01-01T19:27:35Z,ISLAND,65.42763157894639,0.0,"B1 logic. V: -0.091, SOC: 65.5%",0
2026-01-01T19:27:40Z,ISLAND,65.39473684210428,0.0,"B1 logic. V: -0.091, SOC: 65.4%",0
2026-01-01T19:27:45Z,ISLAND,65.36184210526217,0.0,"B1 logic. V: -0.091, SOC: 65.4%",0
2026-01-01T19:27:50Z,ISLAND,65.32894736842006,0.0,"B1 logic. V: -0.091, SOC: 65.4%",0
2026-01-01T19:27:55Z,ISLAND,65.29605263157796,0.0,"B1 logic. V: -0.091, SOC: 65.3%",0
2026-01-01T19:28:00Z,ISLAND,65.26315789473585,0.0,"B1 logic. V: -0.091, SOC: 65.3%",0
2026-01-01T19:28:05Z,ISLAND,65.23026315789376,0.0,"B1 logic. V: -0.091, SOC: 65.3%",0
2026-01-01T19:28:10Z,ISLAND,65.19736842105164,0.0,"B1 logic. V: -0.091, SOC: 65.2%",0
2026-01-01T19:28:15Z,ISLAND,65.16447368420954,0.0,"B1 logic. V: -0.091, SOC: 65.2%",0
2026-01-01T19:28:20Z,ISLAND,65.13157894736743,0.0,"B1 logic. V: -0.091, SOC: 65.2%",0
2026-01-01T19:28:25Z,ISLAND,65.09868421052532,0.0,"B1 logic. V: -0.091, SOC: 65.1%",0
2026-01-01T19:28:30Z,ISLAND,65.06578947368322,0.0,"B1 logic. V: -0.091, SOC: 65.1%",0
2026-01-01T19:28:35Z,ISLAND,65.0328947368411,0.0,"B1 logic. V: -0.091, SOC: 65.1%",0
2026-01-01T19:28:40Z,ISLAND,64.999999999999,0.0,"B1 logic. V: -0.091, SOC: 65.0%",0
2026-01-01T19:28:45Z,ISLAND,64.9671052631569,0.0,"B1 logic. V: -0.091, SOC: 65.0%",0
2026-01-01T19:28:50Z,ISLAND,64.9342105263148,0.0,"B1 logic. V: -0.091, SOC: 65.0%",0
2026-01-01T19:28:55Z,ISLAND,64.90131578947269,0.0,"B1 logic. V: -0.091, SOC: 64.9%",0
2026-01-01T19:29:00Z,ISLAND,64.86842105263058,0.0,"B1 logic. V: -0.091, SOC: 64.9%",0
2026-01-01T19:29:05Z,ISLAND,64.83552631578847,0.0,"B1 logic. V: -0.092, SOC: 64.9%",0
2026-01-01T19:29:10Z,ISLAND,64.80263157894638,0.0,"B1 logic. V: -0.092, SOC: 64.8%",0
2026-01-01T19:29:15Z,ISLAND,64.76973684210427,0.0,"B1 logic. V: -0.092, SOC: 64.8%",0
2026-01-01T19:29:20Z,ISLAND,64.73684210526216,0.0,"B1 logic. V: -0.092, SOC: 64.8%",0
2026-01-01T19:29:25Z,ISLAND,64.70394736842005,0.0,"B1 logic. V: -0.092, SOC: 64.7%",0
2026-01-01T19:29:30Z,ISLAND,64.67105263157794,0.0,"B1 logic. V: -0.092, SOC: 64.7%",0
2026-01-01T19:29:35Z,ISLAND,64.63815789473584,0.0,"B1 logic. V: -0.092, SOC: 64.7%",0
2026-01-01T19:29:40Z,ISLAND,64.60526315789373,0.0,"B1 logic. V: -0.092, SOC: 64.6%",0
2026-01-01T19:29:45Z,ISLAND,64.57236842105164,0.0,"B1 logic. V: -0.092, SOC: 64.6%",0
2026-01-01T19:29:50Z,ISLAND,64.53947368420951,0.0,"B1 logic. V: -0.092, SOC: 64.6%",0
2026-01-01T19:29:55Z,ISLAND,64.50657894736742,0.0,"B1 logic. V: -0.092, SOC: 64.5%",0
2026-01-01T19:30:00Z,ISLAND,64.4736842105253,0.0,"B1 logic. V: -0.092, SOC: 64.5%",0
2026-01-01T19:30:05Z,ISLAND,64.4407894736832,0.0,"B1 logic. V: -0.092, SOC: 64.5%",0
2026-01-01T19:30:10Z,ISLAND,64.4078947368411,0.0,"B1 logic. V: -0.092, SOC: 64.4%",0
2026-01-01T19:30:15Z,ISLAND,64.37499999999898,0.0,"B1 logic. V: -0.092, SOC: 64.4%",0
2026-01-01T19:30:20Z,ISLAND,64.34210526315688,0.0,"B1 logic. V: -0.092, SOC: 64.4%",0
2026-01-01T19:30:25Z,ISLAND,64.30921052631477,0.0,"B1 logic. V: -0.092, SOC: 64.3%",0
2026-01-01T19:30:30Z,ISLAND,64.27631578947268,0.0,"B1 logic. V: -0.092, SOC: 64.3%",0
2026-01-01T19:30:35Z,ISLAND,64.24342105263057,0.0,"B1 logic. V: -0.092, SOC: 64.3%",0
2026-01-01T19:30:40Z,ISLAND,64.21052631578846,0.0,"B1 logic. V: -0.092, SOC: 64.2%",0
2026-01-01T19:30:45Z,ISLAND,64.17763157894635,0.0,"B1 logic. V: -0.092, SOC: 64.2%",0
2026-01-01T19:30:50Z,ISLAND,64.14473684210424,0.0,"B1 logic. V: -0.092, SOC: 64.2%",0
2026-01-01T19:30:55Z,ISLAND,64.11184210526214,0.0,"B1 logic. V: -0.092, SOC: 64.1%",0
2026-01-01T19:31:00Z,ISLAND,64.07894736842003,0.0,"B1 logic. V: -0.092, SOC: 64.1%",0
2026-01-01T19:31:05Z,ISLAND,64.04605263157792,0.0,"B1 logic. V: -0.092, SOC: 64.1%",0
2026-01-01T19:31:10Z,ISLAND,64.01315789473581,0.0,"B1 logic. V: -0.092, SOC: 64.0%",0
2026-01-01T19:31:15Z,ISLAND,63.98026315789372,0.0,"B1 logic. V: -0.092, SOC: 64.0%",0
2026-01-01T19:31:20Z,ISLAND,63.94736842105161,0.0,"B1 logic. V: -0.092, SOC: 64.0%",0
2026-01-01T19:31:25Z,ISLAND,63.914473684209504,0.0,"B1 logic. V: -0.092, SOC: 63.9%",0
2026-01-01T19:31:30Z,ISLAND,63.88157894736739,0.0,"B1 logic. V: -0.092, SOC: 63.9%",0
2026-01-01T19:31:35Z,ISLAND,63.848684210525285,0.0,"B1 logic. V: -0.092, SOC: 63.9%",0
2026-01-01T19:31:40Z,ISLAND,63.81578947368318,0.0,"B1 logic. V: -0.092, SOC: 63.8%",0
2026-01-01T19:31:45Z,ISLAND,63.78289473684108,0.0,"B1 logic. V: -0.092, SOC: 63.8%",0
2026-01-01T19:31:50Z,ISLAND,63.74999999999898,0.0,"B1 logic. V: -0.092, SOC: 63.8%",0
2026-01-01T19:31:55Z,ISLAND,63.71710526315686,0.0,"B1 logic. V: -0.092, SOC: 63.7%",0
2026-01-01T19:32:00Z,ISLAND,63.68421052631476,0.0,"B1 logic. V: -0.092, SOC: 63.7%",0
2026-01-01T19:32:05Z,ISLAND,63.65131578947265,0.0,"B1 logic. V: -0.092, SOC: 63.7%",0
2026-01-01T19:32:10Z,ISLAND,63.618421052630545,0.0,"B1 logic. V: -0.092, SOC: 63.7%",0
2026-01-01T19:32:15Z,ISLAND,63.58552631578844,0.0,"B1 logic. V: -0.092, SOC: 63.6%",0
2026-01-01T19:32:20Z,ISLAND,63.552631578946325,0.0,"B1 logic. V: -0.092, SOC: 63.6%",0
2026-01-01T19:32:25Z,ISLAND,63.51973684210422,0.0,"B1 logic. V: -0.092, SOC: 63.6%",0
2026-01-01T19:32:30Z,ISLAND,63.48684210526212,0.0,"B1 logic. V: -0.092, SOC: 63.5%",0
2026-01-01T19:32:35Z,ISLAND,63.45394736842002,0.0,"B1 logic. V: -0.092, SOC: 63.5%",0
2026-01-01T19:32:40Z,ISLAND,63.421052631577915,0.0,"B1 logic. V: -0.092, SOC: 63.5%",0
2026-01-01T19:32:45Z,ISLAND,63.3881578947358,0.0,"B1 logic. V: -0.092, SOC: 63.4%",0
2026-01-01T19:32:50Z,ISLAND,63.355263157893695,0.0,"B1 logic. V: -0.092, SOC: 63.4%",0
2026-01-01T19:32:55Z,ISLAND,63.32236842105159,0.0,"B1 logic. V: -0.092, SOC: 63.4%",0
2026-01-01T19:33:00Z,ISLAND,63.28947368420948,0.0,"B1 logic. V: -0.092, SOC: 63.3%",0
2026-01-01T19:33:05Z,ISLAND,63.25657894736738,0.0,"B1 logic. V: -0.093, SOC: 63.3%",0
2026-01-01T19:33:10Z,ISLAND,63.22368421052526,0.0,"B1 logic. V: -0.093, SOC: 63.3%",0
2026-01-01T19:33:15Z,ISLAND,63.19078947368316,0.0,"B1 logic. V: -0.093, SOC: 63.2%",0
2026-01-01T19:33:20Z,ISLAND,63.15789473684106,0.0,"B1 logic. V: -0.093, SOC: 63.2%",0
2026-01-01T19:33:25Z,ISLAND,63.124999999998956,0.0,"B1 logic. V: -0.093, SOC: 63.2%",0
2026-01-01T19:33:30Z,ISLAND,63.09210526315685,0.0,"B1 logic. V: -0.093, SOC: 63.1%",0
2026-01-01T19:33:35Z,ISLAND,63.059210526314736,0.0,"B1 logic. V: -0.093, SOC: 63.1%",0
2026-01-01T19:33:40Z,ISLAND,63.02631578947263,0.0,"B1 logic. V: -0.093, SOC: 63.1%",0
2026-01-01T19:33:45Z,ISLAND,62.993421052630524,0.0,"B1 logic. V: -0.093, SOC: 63.0%",0
2026-01-01T19:33:50Z,ISLAND,62.96052631578842,0.0,"B1 logic. V: -0.093, SOC: 63.0%",0
2026-01-01T19:33:55Z,ISLAND,62.92763157894632,0.0,"B1 logic. V: -0.093, SOC: 63.0%",0
2026-01-01T19:34:00Z,ISLAND,62.8947368421042,0.0,"B1 logic. V: -0.093, SOC: 62.9%",0
2026-01-01T19:34:05Z,ISLAND,62.8618421052621,0.0,"B1 logic. V: -0.093, SOC: 62.9%",0
2026-01-01T19:34:10Z,ISLAND,62.828947368419996,0.0,"B1 logic. V: -0.093, SOC: 62.9%",0
2026-01-01T19:34:15Z,ISLAND,62.79605263157789,0.0,"B1 logic. V: -0.093, SOC: 62.8%",0
2026-01-01T19:34:20Z,ISLAND,62.76315789473579,0.0,"B1 logic. V: -0.093, SOC: 62.8%",0
2026-01-01T19:34:25Z,ISLAND,62.730263157893674,0.0,"B1 logic. V: -0.093, SOC: 62.8%",0
2026-01-01T19:34:30Z,ISLAND,62.69736842105157,0.0,"B1 logic. V: -0.093, SOC: 62.7%",0
2026-01-01T19:34:35Z,ISLAND,62.66447368420947,0.0,"B1 logic. V: -0.093, SOC: 62.7%",0
2026-01-01T19:34:40Z,ISLAND,62.63157894736736,0.0,"B1 logic. V: -0.093, SOC: 62.7%",0
2026-01-01T19:34:45Z,ISLAND,62.598684210525256,0.0,"B1 logic. V: -0.093, SOC: 62.6%",0
2026-01-01T19:34:50Z,ISLAND,62.56578947368314,0.0,"B1 logic. V: -0.093, SOC: 62.6%",0
2026-01-01T19:34:55Z,ISLAND,62.53289473684104,0.0,"B1 logic. V: -0.093, SOC: 62.6%",0
2026-01-01T19:35:00Z,ISLAND,62.499999999998934,0.0,"B1 logic. V: -0.093, SOC: 62.5%",0
2026-01-01T19:35:05Z,ISLAND,62.46710526315683,0.0,"B1 logic. V: -0.093, SOC: 62.5%",0
2026-01-01T19:35:10Z,ISLAND,62.43421052631473,0.0,"B1 logic. V: -0.093, SOC: 62.5%",0
2026-01-01T19:35:15Z,ISLAND,62.40131578947261,0.0,"B1 logic. V: -0.093, SOC: 62.4%",0
2026-01-01T19:35:20Z,ISLAND,62.36842105263051,0.0,"B1 logic. V: -0.093, SOC: 62.4%",0
2026-01-01T19:35:25Z,ISLAND,62.3355263157884,0.0,"B1 logic. V: -0.093, SOC: 62.4%",0
2026-01-01T19:35:30Z,ISLAND,62.3026315789463,0.0,"B1 logic. V: -0.093, SOC: 62.3%",0
2026-01-01T19:35:35Z,ISLAND,62.269736842104194,0.0,"B1 logic. V: -0.093, SOC: 62.3%",0
2026-01-01T19:35:40Z,ISLAND,62.23684210526208,0.0,"B1 logic. V: -0.093, SOC: 62.3%",0
2026-01-01T19:35:45Z,ISLAND,62.203947368419975,0.0,"B1 logic. V: -0.093, SOC: 62.2%",0
2026-01-01T19:35:50Z,ISLAND,62.17105263157787,0.0,"B1 logic. V: -0.093, SOC: 62.2%",0
2026-01-01T19:35:55Z,ISLAND,62.13815789473577,0.0,"B1 logic. V: -0.093, SOC: 62.2%",0
2026-01-01T19:36:00Z,ISLAND,62.10526315789367,0.0,"B1 logic. V: -0.093, SOC: 62.1%",0
2026-01-01T19:36:05Z,ISLAND,62.07236842105155,0.0,"B1 logic. V: -0.093, SOC: 62.1%",0
2026-01-01T19:36:10Z,ISLAND,62.03947368420945,0.0,"B1 logic. V: -0.093, SOC: 62.1%",0
2026-01-01T19:36:15Z,ISLAND,62.006578947367345,0.0,"B1 logic. V: -0.093, SOC: 62.0%",0
2026-01-01T19:36:20Z,ISLAND,61.973684210525235,0.0,"B1 logic. V: -0.093, SOC: 62.0%",0
2026-01-01T19:36:25Z,ISLAND,61.94078947368313,0.0,"B1 logic. V: -0.093, SOC: 62.0%",0
2026-01-01T19:36:30Z,ISLAND,61.907894736841016,0.0,"B1 logic. V: -0.093, SOC: 61.9%",0
2026-01-01T19:36:35Z,ISLAND,61.87499999999891,0.0,"B1 logic. V: -0.093, SOC: 61.9%",0
2026-01-01T19:36:40Z,ISLAND,61.84210526315681,0.0,"B1 logic. V: -0.093, SOC: 61.9%",0
2026-01-01T19:36:45Z,ISLAND,61.80921052631471,0.0,"B1 logic. V: -0.093, SOC: 61.8%",0
2026-01-01T19:36:50Z,ISLAND,61.776315789472605,0.0,"B1 logic. V: -0.093, SOC: 61.8%",0
2026-01-01T19:36:55Z,ISLAND,61.74342105263049,0.0,"B1 logic. V: -0.093, SOC: 61.8%",0
2026-01-01T19:37:00Z,ISLAND,61.710526315788385,0.0,"B1 logic. V: -0.093, SOC: 61.7%",0
2026-01-01T19:37:05Z,ISLAND,61.677631578946276,0.0,"B1 logic. V: -0.093, SOC: 61.7%",0
2026-01-01T19:37:10Z,ISLAND,61.64473684210417,0.0,"B1 logic. V: -0.093, SOC: 61.7%",0
2026-01-01T19:37:15Z,ISLAND,61.61184210526207,0.0,"B1 logic. V: -0.093, SOC: 61.6%",0
2026-01-01T19:37:20Z,ISLAND,61.57894736841995,0.0,"B1 logic. V: -0.093, SOC: 61.6%",0
2026-01-01T19:37:25Z,ISLAND,61.54605263157785,0.0,"B1 logic. V: -0.093, SOC: 61.6%",0
2026-01-01T19:37:30Z,ISLAND,61.51315789473575,0.0,"B1 logic. V: -0.093, SOC: 61.5%",0
2026-01-01T19:37:35Z,ISLAND,61.480263157893646,0.0,"B1 logic. V: -0.093, SOC: 61.5%",0
2026-01-01T19:37:40Z,ISLAND,61.44736842105154,0.0,"B1 logic. V: -0.093, SOC: 61.5%",0
2026-01-01T19:37:45Z,ISLAND,61.414473684209426,0.0,"B1 logic. V: -0.093, SOC: 61.4%",0
2026-01-01T19:37:50Z,ISLAND,61.38157894736732,0.0,"B1 logic. V: -0.093, SOC: 61.4%",0
2026-01-01T19:37:55Z,ISLAND,61.34868421052522,0.0,"B1 logic. V: -0.093, SOC: 61.4%",0
2026-01-01T19:38:00Z,ISLAND,61.31578947368311,0.0,"B1 logic. V: -0.093, SOC: 61.3%",0
2026-01-01T19:38:05Z,ISLAND,61.28289473684101,0.0,"B1 logic. V: -0.094, SOC: 61.3%",0
2026-01-01T19:38:10Z,ISLAND,61.24999999999889,0.0,"B1 logic. V: -0.094, SOC: 61.3%",0
2026-01-01T19:38:15Z,ISLAND,61.21710526315679,0.0,"B1 logic. V: -0.094, SOC: 61.2%",0
2026-01-01T19:38:20Z,ISLAND,61.184210526314686,0.0,"B1 logic. V: -0.094, SOC: 61.2%",0
2026-01-01T19:38:25Z,ISLAND,61.151315789472584,0.0,"B1 logic. V: -0.094, SOC: 61.2%",0
2026-01-01T19:38:30Z,ISLAND,61.11842105263048,0.0,"B1 logic. V: -0.094, SOC: 61.2%",0
2026-01-01T19:38:35Z,ISLAND,61.085526315788364,0.0,"B1 logic. V: -0.094, SOC: 61.1%",0
2026-01-01T19:38:40Z,ISLAND,61.05263157894626,0.0,"B1 logic. V: -0.094, SOC: 61.1%",0
2026-01-01T19:38:45Z,ISLAND,61.01973684210415,0.0,"B1 logic. V: -0.094, SOC: 61.1%",0
2026-01-01T19:38:50Z,ISLAND,60.98684210526205,0.0,"B1 logic. V: -0.094, SOC: 61.0%",0
2026-01-01T19:38:55Z,ISLAND,60.953947368419946,0.0,"B1 logic. V: -0.094, SOC: 61.0%",0
2026-01-01T19:39:00Z,ISLAND,60.92105263157783,0.0,"B1 logic. V: -0.094, SOC: 61.0%",0
2026-01-01T19:39:05Z,ISLAND,60.88815789473573,0.0,"B1 logic. V: -0.094, SOC: 60.9%",0
2026-01-01T19:39:10Z,ISLAND,60.855263157893624,0.0,"B1 logic. V: -0.094, SOC: 60.9%",0
2026-01-01T19:39:15Z,ISLAND,60.82236842105152,0.0,"B1 logic. V: -0.094, SOC: 60.9%",0
2026-01-01T19:39:20Z,ISLAND,60.78947368420942,0.0,"B1 logic. V: -0.094, SOC: 60.8%",0
2026-01-01T19:39:25Z,ISLAND,60.7565789473673,0.0,"B1 logic. V: -0.094, SOC: 60.8%",0
2026-01-01T19:39:30Z,ISLAND,60.7236842105252,0.0,"B1 logic. V: -0.094, SOC: 60.8%",0
2026-01-01T19:39:35Z,ISLAND,60.6907894736831,0.0,"B1 logic. V: -0.094, SOC: 60.7%",0
2026-01-01T19:39:40Z,ISLAND,60.65789473684099,0.0,"B1 logic. V: -0.094, SOC: 60.7%",0
2026-01-01T19:39:45Z,ISLAND,60.624999999998884,0.0,"B1 logic. V: -0.094, SOC: 60.7%",0
2026-01-01T19:39:50Z,ISLAND,60.59210526315677,0.0,"B1 logic. V: -0.094, SOC: 60.6%",0
2026-01-01T19:39:55Z,ISLAND,60.559210526314665,0.0,"B1 logic. V: -0.094, SOC: 60.6%",0
2026-01-01T19:40:00Z,ISLAND,60.52631578947256,0.0,"B1 logic. V: -0.094, SOC: 60.6%",0
2026-01-01T19:40:05Z,ISLAND,60.49342105263046,0.0,"B1 logic. V: -0.094, SOC: 60.5%",0
2026-01-01T19:40:10Z,ISLAND,60.46052631578836,0.0,"B1 logic. V: -0.094, SOC: 60.5%",0
2026-01-01T19:40:15Z,ISLAND,60.42763157894624,0.0,"B1 logic. V: -0.094, SOC: 60.5%",0
2026-01-01T19:40:20Z,ISLAND,60.39473684210414,0.0,"B1 logic. V: -0.094, SOC: 60.4%",0
2026-01-01T19:40:25Z,ISLAND,60.36184210526203,0.0,"B1 logic. V: -0.094, SOC: 60.4%",0
2026-01-01T19:40:30Z,ISLAND,60.328947368419925,0.0,"B1 logic. V: -0.094, SOC: 60.4%",0
2026-01-01T19:40:35Z,ISLAND,60.29605263157782,0.0,"B1 logic. V: -0.094, SOC: 60.3%",0
2026-01-01T19:40:40Z,ISLAND,60.263157894735706,0.0,"B1 logic. V: -0.094, SOC: 60.3%",0
2026-01-01T19:40:45Z,ISLAND,60.2302631578936,0.0,"B1 logic. V: -0.094, SOC: 60.3%",0
2026-01-01T19:40:50Z,ISLAND,60.1973684210515,0.0,"B1 logic. V: -0.094, SOC: 60.2%",0
2026-01-01T19:40:55Z,ISLAND,60.1644736842094,0.0,"B1 logic. V: -0.094, SOC: 60.2%",0
2026-01-01T19:41:00Z,ISLAND,60.131578947367295,0.0,"B1 logic. V: -0.094, SOC: 60.2%",0
2026-01-01T19:41:05Z,ISLAND,60.09868421052518,0.0,"B1 logic. V: -0.094, SOC: 60.1%",0
2026-01-01T19:41:10Z,ISLAND,60.065789473683076,0.0,"B1 logic. V: -0.094, SOC: 60.1%",0
2026-01-01T19:41:15Z,ISLAND,60.03289473684097,0.0,"B1 logic. V: -0.094, SOC: 60.1%",0
2026-01-01T19:41:20Z,ISLAND,59.99999999999886,0.0,"B1 logic. V: -0.094, SOC: 60.0%",0
2026-01-01T19:41:25Z,ISLAND,59.96710526315676,0.0,"B1 logic. V: -0.094, SOC: 60.0%",0
2026-01-01T19:41:30Z,ISLAND,59.934210526314644,0.0,"B1 logic. V: -0.094, SOC: 60.0%",0
2026-01-01T19:41:35Z,ISLAND,59.90131578947254,0.0,"B1 logic. V: -0.094, SOC: 59.9%",0
2026-01-01T19:41:40Z,ISLAND,59.86842105263044,0.0,"B1 logic. V: -0.094, SOC: 59.9%",0
2026-01-01T19:41:45Z,ISLAND,59.835526315788336,0.0,"B1 logic. V: -0.094, SOC: 59.9%",0
2026-01-01T19:41:50Z,ISLAND,59.80263157894623,0.0,"B1 logic. V: -0.094, SOC: 59.8%",0
2026-01-01T19:41:55Z,ISLAND,59.769736842104116,0.0,"B1 logic. V: -0.094, SOC: 59.8%",0
2026-01-01T19:42:00Z,ISLAND,59.73684210526201,0.0,"B1 logic. V: -0.094, SOC: 59.8%",0
2026-01-01T19:42:05Z,ISLAND,59.703947368419904,0.0,"B1 logic. V: -0.095, SOC: 59.7%",0
2026-01-01T19:42:10Z,ISLAND,59.6710526315778,0.0,"B1 logic. V: -0.095, SOC: 59.7%",0
2026-01-01T19:42:15Z,ISLAND,59.6381578947357,0.0,"B1 logic. V: -0.095, SOC: 59.7%",0
2026-01-01T19:42:20Z,ISLAND,59.60526315789358,0.0,"B1 logic. V: -0.095, SOC: 59.6%",0
2026-01-01T19:42:25Z,ISLAND,59.57236842105148,0.0,"B1 logic. V: -0.095, SOC: 59.6%",0
2026-01-01T19:42:30Z,ISLAND,59.539473684209376,0.0,"B1 logic. V: -0.095, SOC: 59.6%",0
2026-01-01T19:42:35Z,ISLAND,59.506578947367274,0.0,"B1 logic. V: -0.095, SOC: 59.5%",0
2026-01-01T19:42:40Z,ISLAND,59.47368421052517,0.0,"B1 logic. V: -0.095, SOC: 59.5%",0
2026-01-01T19:42:45Z,ISLAND,59.440789473683054,0.0,"B1 logic. V: -0.095, SOC: 59.5%",0
2026-01-01T19:42:50Z,ISLAND,59.40789473684095,0.0,"B1 logic. V: -0.095, SOC: 59.4%",0
2026-01-01T19:42:55Z,ISLAND,59.37499999999885,0.0,"B1 logic. V: -0.095, SOC: 59.4%",0
2026-01-01T19:43:00Z,ISLAND,59.34210526315674,0.0,"B1 logic. V: -0.095, SOC: 59.4%",0
2026-01-01T19:43:05Z,ISLAND,59.30921052631464,0.0,"B1 logic. V: -0.095, SOC: 59.3%",0
2026-01-01T19:43:10Z,ISLAND,59.27631578947252,0.0,"B1 logic. V: -0.095, SOC: 59.3%",0
2026-01-01T19:43:15Z,ISLAND,59.24342105263042,0.0,"B1 logic. V: -0.095, SOC: 59.3%",0
2026-01-01T19:43:20Z,ISLAND,59.210526315788314,0.0,"B1 logic. V: -0.095, SOC: 59.2%",0
2026-01-01T19:43:25Z,ISLAND,59.17763157894621,0.0,"B1 logic. V: -0.095, SOC: 59.2%",0
2026-01-01T19:43:30Z,ISLAND,59.14473684210411,0.0,"B1 logic. V: -0.095, SOC: 59.2%",0
2026-01-01T19:43:35Z,ISLAND,59.11184210526199,0.0,"B1 logic. V: -0.095, SOC: 59.1%",0
2026-01-01T19:43:40Z,ISLAND,59.07894736841989,0.0,"B1 logic. V: -0.095, SOC: 59.1%",0
2026-01-01T19:43:45Z,ISLAND,59.04605263157778,0.0,"B1 logic. V: -0.095, SOC: 59.1%",0
2026-01-01T19:43:50Z,ISLAND,59.01315789473568,0.0,"B1 logic. V: -0.095, SOC: 59.0%",0
2026-01-01T19:43:55Z,ISLAND,58.980263157893575,0.0,"B1 logic. V: -0.095, SOC: 59.0%",0
2026-01-01T19:44:00Z,ISLAND,58.94736842105146,0.0,"B1 logic. V: -0.095, SOC: 59.0%",0
2026-01-01T19:44:05Z,ISLAND,58.914473684209355,0.0,"B1 logic. V: -0.095, SOC: 58.9%",0
2026-01-01T19:44:10Z,ISLAND,58.88157894736725,0.0,"B1 logic. V: -0.095, SOC: 58.9%",0
2026-01-01T19:44:15Z,ISLAND,58.84868421052515,0.0,"B1 logic. V: -0.095, SOC: 58.9%",0
2026-01-01T19:44:20Z,ISLAND,58.81578947368305,0.0,"B1 logic. V: -0.095, SOC: 58.8%",0
2026-01-01T19:44:25Z,ISLAND,58.78289473684093,0.0,"B1 logic. V: -0.095, SOC: 58.8%",0
2026-01-01T19:44:30Z,ISLAND,58.74999999999883,0.0,"B1 logic. V: -0.095, SOC: 58.8%",0
2026-01-01T19:44:35Z,ISLAND,58.717105263156725,0.0,"B1 logic. V: -0.095, SOC: 58.7%",0
2026-01-01T19:44:40Z,ISLAND,58.684210526314615,0.0,"B1 logic. V: -0.095, SOC: 58.7%",0
2026-01-01T19:44:45Z,ISLAND,58.65131578947251,0.0,"B1 logic. V: -0.095, SOC: 58.7%",0
2026-01-01T19:44:50Z,ISLAND,58.618421052630396,0.0,"B1 logic. V: -0.095, SOC: 58.7%",0
2026-01-01T19:44:55Z,ISLAND,58.58552631578829,0.0,"B1 logic. V: -0.095, SOC: 58.6%",0
2026-01-01T19:45:00Z,ISLAND,58.55263157894619,0.0,"B1 logic. V: -0.095, SOC: 58.6%",0
2026-01-01T19:45:05Z,ISLAND,58.51973684210409,0.0,"B1 logic. V: -0.095, SOC: 58.6%",0
2026-01-01T19:45:10Z,ISLAND,58.486842105261985,0.0,"B1 logic. V: -0.095, SOC: 58.5%",0
2026-01-01T19:45:15Z,ISLAND,58.45394736841987,0.0,"B1 logic. V: -0.095, SOC: 58.5%",0
2026-01-01T19:45:20Z,ISLAND,58.421052631577766,0.0,"B1 logic. V: -0.095, SOC: 58.5%",0
2026-01-01T19:45:25Z,ISLAND,58.388157894735656,0.0,"B1 logic. V: -0.095, SOC: 58.4%",0
2026-01-01T19:45:30Z,ISLAND,58.35526315789355,0.0,"B1 logic. V: -0.095, SOC: 58.4%",0
2026-01-01T19:45:35Z,ISLAND,58.32236842105145,0.0,"B1 logic. V: -0.095, SOC: 58.4%",0
2026-01-01T19:45:40Z,ISLAND,58.289473684209334,0.0,"B1 logic. V: -0.095, SOC: 58.3%",0
2026-01-01T19:45:45Z,ISLAND,58.25657894736723,0.0,"B1 logic. V: -0.095, SOC: 58.3%",0
2026-01-01T19:45:50Z,ISLAND,58.22368421052513,0.0,"B1 logic. V: -0.095, SOC: 58.3%",0
2026-01-01T19:45:55Z,ISLAND,58.190789473683026,0.0,"B1 logic. V: -0.095, SOC: 58.2%",0
2026-01-01T19:46:00Z,ISLAND,58.15789473684092,0.0,"B1 logic. V: -0.095, SOC: 58.2%",0
2026-01-01T19:46:05Z,ISLAND,58.124999999998806,0.0,"B1 logic. V: -0.095, SOC: 58.2%",0
2026-01-01T19:46:10Z,ISLAND,58.092105263156704,0.0,"B1 logic. V: -0.095, SOC: 58.1%",0
2026-01-01T19:46:15Z,ISLAND,58.0592105263146,0.0,"B1 logic. V: -0.095, SOC: 58.1%",0
2026-01-01T19:46:20Z,ISLAND,58.02631578947249,0.0,"B1 logic. V: -0.095, SOC: 58.1%",0
2026-01-01T19:46:25Z,ISLAND,57.99342105263039,0.0,"B1 logic. V: -0.095, SOC: 58.0%",0
2026-01-01T19:46:30Z,ISLAND,57.96052631578827,0.0,"B1 logic. V: -0.095, SOC: 58.0%",0
2026-01-01T19:46:35Z,ISLAND,57.92763157894617,0.0,"B1 logic. V: -0.095, SOC: 58.0%",0
2026-01-01T19:46:40Z,ISLAND,57.89473684210407,0.0,"B1 logic. V: -0.095, SOC: 57.9%",0
2026-01-01T19:46:45Z,ISLAND,57.861842105261964,0.0,"B1 logic. V: -0.095, SOC: 57.9%",0
2026-01-01T19:46:50Z,ISLAND,57.82894736841986,0.0,"B1 logic. V: -0.095, SOC: 57.9%",0
2026-01-01T19:46:55Z,ISLAND,57.796052631577744,0.0,"B1 logic. V: -0.095, SOC: 57.8%",0
2026-01-01T19:47:00Z,ISLAND,57.76315789473564,0.0,"B1 logic. V: -0.095, SOC: 57.8%",0
2026-01-01T19:47:05Z,ISLAND,57.73026315789353,0.0,"B1 logic. V: -0.096, SOC: 57.8%",0
2026-01-01T19:47:10Z,ISLAND,57.69736842105143,0.0,"B1 logic. V: -0.096, SOC: 57.7%",0
2026-01-01T19:47:15Z,ISLAND,57.66447368420933,0.0,"B1 logic. V: -0.096, SOC: 57.7%",0
2026-01-01T19:47:20Z,ISLAND,57.63157894736721,0.0,"B1 logic. V: -0.096, SOC: 57.7%",0
2026-01-01T19:47:25Z,ISLAND,57.59868421052511,0.0,"B1 logic. V: -0.096, SOC: 57.6%",0
2026-01-01T19:47:30Z,ISLAND,57.565789473683004,0.0,"B1 logic. V: -0.096, SOC: 57.6%",0
2026-01-01T19:47:35Z,ISLAND,57.5328947368409,0.0,"B1 logic. V: -0.096, SOC: 57.6%",0
2026-01-01T19:47:40Z,ISLAND,57.4999999999988,0.0,"B1 logic. V: -0.096, SOC: 57.5%",0
2026-01-01T19:47:45Z,ISLAND,57.46710526315668,0.0,"B1 logic. V: -0.096, SOC: 57.5%",0
2026-01-01T19:47:50Z,ISLAND,57.43421052631458,0.0,"B1 logic. V: -0.096, SOC: 57.5%",0
2026-01-01T19:47:55Z,ISLAND,57.40131578947248,0.0,"B1 logic. V: -0.096, SOC: 57.4%",0
2026-01-01T19:48:00Z,ISLAND,57.36842105263037,0.0,"B1 logic. V: -0.096, SOC: 57.4%",0
2026-01-01T19:48:05Z,ISLAND,57.335526315788265,0.0,"B1 logic. V: -0.096, SOC: 57.4%",0
2026-01-01T19:48:10Z,ISLAND,57.30263157894615,0.0,"B1 logic. V: -0.096, SOC: 57.3%",0
2026-01-01T19:48:15Z,ISLAND,57.269736842104045,0.0,"B1 logic. V: -0.096, SOC: 57.3%",0
2026-01-01T19:48:20Z,ISLAND,57.23684210526194,0.0,"B1 logic. V: -0.096, SOC: 57.3%",0
2026-01-01T19:48:25Z,ISLAND,57.20394736841984,0.0,"B1 logic. V: -0.096, SOC: 57.2%",0
2026-01-01T19:48:30Z,ISLAND,57.17105263157774,0.0,"B1 logic. V: -0.096, SOC: 57.2%",0
2026-01-01T19:48:35Z,ISLAND,57.13815789473562,0.0,"B1 logic. V: -0.096, SOC: 57.2%",0
2026-01-01T19:48:40Z,ISLAND,57.10526315789352,0.0,"B1 logic. V: -0.096, SOC: 57.1%",0
2026-01-01T19:48:45Z,ISLAND,57.07236842105141,0.0,"B1 logic. V: -0.096, SOC: 57.1%",0
2026-01-01T19:48:50Z,ISLAND,57.039473684209305,0.0,"B1 logic. V: -0.096, SOC: 57.1%",0
2026-01-01T19:48:55Z,ISLAND,57.0065789473672,0.0,"B1 logic. V: -0.096, SOC: 57.0%",0
2026-01-01T19:49:00Z,ISLAND,56.973684210525086,0.0,"B1 logic. V: -0.096, SOC: 57.0%",0
2026-01-01T19:49:05Z,ISLAND,56.94078947368298,0.0,"B1 logic. V: -0.096, SOC: 57.0%",0
2026-01-01T19:49:10Z,ISLAND,56.90789473684088,0.0,"B1 logic. V: -0.096, SOC: 56.9%",0
2026-01-01T19:49:15Z,ISLAND,56.87499999999878,0.0,"B1 logic. V: -0.096, SOC: 56.9%",0
2026-01-01T19:49:20Z,ISLAND,56.842105263156675,0.0,"B1 logic. V: -0.096, SOC: 56.9%",0
2026-01-01T19:49:25Z,ISLAND,56.80921052631456,0.0,"B1 logic. V: -0.096, SOC: 56.8%",0
2026-01-01T19:49:30Z,ISLAND,56.776315789472456,0.0,"B1 logic. V: -0.096, SOC: 56.8%",0
2026-01-01T19:49:35Z,ISLAND,56.74342105263035,0.0,"B1 logic. V: -0.096, SOC: 56.8%",0
2026-01-01T19:49:40Z,ISLAND,56.71052631578824,0.0,"B1 logic. V: -0.096, SOC: 56.7%",0
2026-01-01T19:49:45Z,ISLAND,56.67763157894614,0.0,"B1 logic. V: -0.096, SOC: 56.7%",0
2026-01-01T19:49:50Z,ISLAND,56.644736842104024,0.0,"B1 logic. V: -0.096, SOC: 56.7%",0
2026-01-01T19:49:55Z,ISLAND,56.61184210526192,0.0,"B1 logic. V: -0.096, SOC: 56.6%",0
2026-01-01T19:50:00Z,ISLAND,56.57894736841982,0.0,"B1 logic. V: -0.096, SOC: 56.6%",0
2026-01-01T19:50:05Z,ISLAND,56.546052631577716,0.0,"B1 logic. V: -0.096, SOC: 56.6%",0
2026-01-01T19:50:10Z,ISLAND,56.51315789473561,0.0,"B1 logic. V: -0.096, SOC: 56.5%",0
2026-01-01T19:50:15Z,ISLAND,56.480263157893496,0.0,"B1 logic. V: -0.096, SOC: 56.5%",0
2026-01-01T19:50:20Z,ISLAND,56.447368421051394,0.0,"B1 logic. V: -0.096, SOC: 56.5%",0
2026-01-01T19:50:25Z,ISLAND,56.414473684209284,0.0,"B1 logic. V: -0.096, SOC: 56.4%",0
2026-01-01T19:50:30Z,ISLAND,56.38157894736718,0.0,"B1 logic. V: -0.096, SOC: 56.4%",0
2026-01-01T19:50:35Z,ISLAND,56.34868421052508,0.0,"B1 logic. V: -0.096, SOC: 56.4%",0
2026-01-01T19:50:40Z,ISLAND,56.31578947368296,0.0,"B1 logic. V: -0.096, SOC: 56.3%",0
2026-01-01T19:50:45Z,ISLAND,56.28289473684086,0.0,"B1 logic. V: -0.096, SOC: 56.3%",0
2026-01-01T19:50:50Z,ISLAND,56.24999999999876,0.0,"B1 logic. V: -0.096, SOC: 56.3%",0
2026-01-01T19:50:55Z,ISLAND,56.217105263156654,0.0,"B1 logic. V: -0.096, SOC: 56.2%",0
2026-01-01T19:51:00Z,ISLAND,56.18421052631455,0.0,"B1 logic. V: -0.096, SOC: 56.2%",0
2026-01-01T19:51:05Z,ISLAND,56.151315789472434,0.0,"B1 logic. V: -0.096, SOC: 56.2%",0
2026-01-01T19:51:10Z,ISLAND,56.11842105263033,0.0,"B1 logic. V: -0.096, SOC: 56.2%",0
2026-01-01T19:51:15Z,ISLAND,56.08552631578823,0.0,"B1 logic. V: -0.096, SOC: 56.1%",0
2026-01-01T19:51:20Z,ISLAND,56.05263157894612,0.0,"B1 logic. V: -0.096, SOC: 56.1%",0
2026-01-01T19:51:25Z,ISLAND,56.01973684210402,0.0,"B1 logic. V: -0.096, SOC: 56.1%",0
2026-01-01T19:51:30Z,ISLAND,55.9868421052619,0.0,"B1 logic. V: -0.096, SOC: 56.0%",0
2026-01-01T19:51:35Z,ISLAND,55.9539473684198,0.0,"B1 logic. V: -0.096, SOC: 56.0%",0
2026-01-01T19:51:40Z,ISLAND,55.921052631577695,0.0,"B1 logic. V: -0.096, SOC: 56.0%",0
2026-01-01T19:51:45Z,ISLAND,55.88815789473559,0.0,"B1 logic. V: -0.096, SOC: 55.9%",0
2026-01-01T19:51:50Z,ISLAND,55.85526315789349,0.0,"B1 logic. V: -0.096, SOC: 55.9%",0
2026-01-01T19:51:55Z,ISLAND,55.82236842105137,0.0,"B1 logic. V: -0.096, SOC: 55.9%",0
2026-01-01T19:52:00Z,ISLAND,55.78947368420927,0.0,"B1 logic. V: -0.096, SOC: 55.8%",0
2026-01-01T19:52:05Z,ISLAND,55.75657894736716,0.0,"B1 logic. V: -0.097, SOC: 55.8%",0
2026-01-01T19:52:10Z,ISLAND,55.72368421052506,0.0,"B1 logic. V: -0.097, SOC: 55.8%",0
2026-01-01T19:52:15Z,ISLAND,55.690789473682955,0.0,"B1 logic. V: -0.097, SOC: 55.7%",0
2026-01-01T19:52:20Z,ISLAND,55.65789473684084,0.0,"B1 logic. V: -0.097, SOC: 55.7%",0
2026-01-01T19:52:25Z,ISLAND,55.624999999998735,0.0,"B1 logic. V: -0.097, SOC: 55.7%",0
2026-01-01T19:52:30Z,ISLAND,55.59210526315663,0.0,"B1 logic. V: -0.097, SOC: 55.6%",0
2026-01-01T19:52:35Z,ISLAND,55.55921052631453,0.0,"B1 logic. V: -0.097, SOC: 55.6%",0
2026-01-01T19:52:40Z,ISLAND,55.52631578947243,0.0,"B1 logic. V: -0.097, SOC: 55.6%",0
2026-01-01T19:52:45Z,ISLAND,55.49342105263031,0.0,"B1 logic. V: -0.097, SOC: 55.5%",0
2026-01-01T19:52:50Z,ISLAND,55.46052631578821,0.0,"B1 logic. V: -0.097, SOC: 55.5%",0
2026-01-01T19:52:55Z,ISLAND,55.427631578946105,0.0,"B1 logic. V: -0.097, SOC: 55.5%",0
2026-01-01T19:53:00Z,ISLAND,55.394736842103995,0.0,"B1 logic. V: -0.097, SOC: 55.4%",0
2026-01-01T19:53:05Z,ISLAND,55.36184210526189,0.0,"B1 logic. V: -0.097, SOC: 55.4%",0
2026-01-01T19:53:10Z,ISLAND,55.328947368419776,0.0,"B1 logic. V: -0.097, SOC: 55.4%",0
2026-01-01T19:53:15Z,ISLAND,55.29605263157767,0.0,"B1 logic. V: -0.097, SOC: 55.3%",0
2026-01-01T19:53:20Z,ISLAND,55.26315789473557,0.0,"B1 logic. V: -0.097, SOC: 55.3%",0
2026-01-01T19:53:25Z,ISLAND,55.23026315789347,0.0,"B1 logic. V: -0.097, SOC: 55.3%",0
2026-01-01T19:53:30Z,ISLAND,55.197368421051365,0.0,"B1 logic. V: -0.097, SOC: 55.2%",0
2026-01-01T19:53:35Z,ISLAND,55.16447368420925,0.0,"B1 logic. V: -0.097, SOC: 55.2%",0
2026-01-01T19:53:40Z,ISLAND,55.131578947367146,0.0,"B1 logic. V: -0.097, SOC: 55.2%",0
2026-01-01T19:53:45Z,ISLAND,55.098684210525036,0.0,"B1 logic. V: -0.097, SOC: 55.1%",0
2026-01-01T19:53:50Z,ISLAND,55.06578947368293,0.0,"B1 logic. V: -0.097, SOC: 55.1%",0
2026-01-01T19:53:55Z,ISLAND,55.03289473684083,0.0,"B1 logic. V: -0.097, SOC: 55.1%",0
2026-01-01T19:54:00Z,ISLAND,54.999999999998714,0.0,"B1 logic. V: -0.097, SOC: 55.0%",0
2026-01-01T19:54:05Z,ISLAND,54.96710526315661,0.0,"B1 logic. V: -0.097, SOC: 55.0%",0
2026-01-01T19:54:10Z,ISLAND,54.93421052631451,0.0,"B1 logic. V: -0.097, SOC: 55.0%",0
2026-01-01T19:54:15Z,ISLAND,54.901315789472406,0.0,"B1 logic. V: -0.097, SOC: 54.9%",0
2026-01-01T19:54:20Z,ISLAND,54.8684210526303,0.0,"B1 logic. V: -0.097, SOC: 54.9%",0
2026-01-01T19:54:25Z,ISLAND,54.83552631578819,0.0,"B1 logic. V: -0.097, SOC: 54.9%",0
2026-01-01T19:54:30Z,ISLAND,54.802631578946084,0.0,"B1 logic. V: -0.097, SOC: 54.8%",0
2026-01-01T19:54:35Z,ISLAND,54.76973684210398,0.0,"B1 logic. V: -0.097, SOC: 54.8%",0
2026-01-01T19:54:40Z,ISLAND,54.73684210526187,0.0,"B1 logic. V: -0.097, SOC: 54.8%",0
2026-01-01T19:54:45Z,ISLAND,54.70394736841977,0.0,"B1 logic. V: -0.097, SOC: 54.7%",0
2026-01-01T19:54:50Z,ISLAND,54.67105263157765,0.0,"B1 logic. V: -0.097, SOC: 54.7%",0
2026-01-01T19:54:55Z,ISLAND,54.63815789473555,0.0,"B1 logic. V: -0.097, SOC: 54.7%",0
2026-01-01T19:55:00Z,ISLAND,54.60526315789345,0.0,"B1 logic. V: -0.097, SOC: 54.6%",0
2026-01-01T19:55:05Z,ISLAND,54.572368421051344,0.0,"B1 logic. V: -0.097, SOC: 54.6%",0
2026-01-01T19:55:10Z,ISLAND,54.53947368420924,0.0,"B1 logic. V: -0.097, SOC: 54.6%",0
2026-01-01T19:55:15Z,ISLAND,54.506578947367124,0.0,"B1 logic. V: -0.097, SOC: 54.5%",0
2026-01-01T19:55:20Z,ISLAND,54.47368421052502,0.0,"B1 logic. V: -0.097, SOC: 54.5%",0
2026-01-01T19:55:25Z,ISLAND,54.44078947368291,0.0,"B1 logic. V: -0.097, SOC: 54.5%",0
2026-01-01T19:55:30Z,ISLAND,54.40789473684081,0.0,"B1 logic. V: -0.097, SOC: 54.4%",0
2026-01-01T19:55:35Z,ISLAND,54.37499999999871,0.0,"B1 logic. V: -0.097, SOC: 54.4%",0
2026-01-01T19:55:40Z,ISLAND,54.34210526315659,0.0,"B1 logic. V: -0.097, SOC: 54.4%",0
2026-01-01T19:55:45Z,ISLAND,54.30921052631449,0.0,"B1 logic. V: -0.097, SOC: 54.3%",0
2026-01-01T19:55:50Z,ISLAND,54.276315789472385,0.0,"B1 logic. V: -0.097, SOC: 54.3%",0
2026-01-01T19:55:55Z,ISLAND,54.24342105263028,0.0,"B1 logic. V: -0.097, SOC: 54.3%",0
2026-01-01T19:56:00Z,ISLAND,54.21052631578818,0.0,"B1 logic. V: -0.097, SOC: 54.2%",0
2026-01-01T19:56:05Z,ISLAND,54.17763157894606,0.0,"B1 logic. V: -0.097, SOC: 54.2%",0
2026-01-01T19:56:10Z,ISLAND,54.14473684210396,0.0,"B1 logic. V: -0.097, SOC: 54.2%",0
2026-01-01T19:56:15Z,ISLAND,54.11184210526186,0.0,"B1 logic. V: -0.097, SOC: 54.1%",0
2026-01-01T19:56:20Z,ISLAND,54.07894736841975,0.0,"B1 logic. V: -0.097, SOC: 54.1%",0
2026-01-01T19:56:25Z,ISLAND,54.046052631577645,0.0,"B1 logic. V: -0.097, SOC: 54.1%",0
2026-01-01T19:56:30Z,ISLAND,54.01315789473553,0.0,"B1 logic. V: -0.097, SOC: 54.0%",0
2026-01-01T19:56:35Z,ISLAND,53.980263157893425,0.0,"B1 logic. V: -0.097, SOC: 54.0%",0
2026-01-01T19:56:40Z,ISLAND,53.94736842105132,0.0,"B1 logic. V: -0.097, SOC: 54.0%",0
2026-01-01T19:56:45Z,ISLAND,53.91447368420922,0.0,"B1 logic. V: -0.097, SOC: 53.9%",0
2026-01-01T19:56:50Z,ISLAND,53.88157894736712,0.0,"B1 logic. V: -0.097, SOC: 53.9%",0
2026-01-01T19:56:55Z,ISLAND,53.848684210525,0.0,"B1 logic. V: -0.097, SOC: 53.9%",0
2026-01-01T19:57:00Z,ISLAND,53.8157894736829,0.0,"B1 logic. V: -0.097, SOC: 53.8%",0
2026-01-01T19:57:05Z,ISLAND,53.78289473684079,0.0,"B1 logic. V: -0.097, SOC: 53.8%",0
2026-01-01T19:57:10Z,ISLAND,53.749999999998685,0.0,"B1 logic. V: -0.097, SOC: 53.8%",0
2026-01-01T19:57:15Z,ISLAND,53.71710526315658,0.0,"B1 logic. V: -0.097, SOC: 53.7%",0
2026-01-01T19:57:20Z,ISLAND,53.684210526314466,0.0,"B1 logic. V: -0.097, SOC: 53.7%",0
2026-01-01T19:57:25Z,ISLAND,53.65131578947236,0.0,"B1 logic. V: -0.097, SOC: 53.7%",0
2026-01-01T19:57:30Z,ISLAND,53.61842105263026,0.0,"B1 logic. V: -0.097, SOC: 53.7%",0
2026-01-01T19:57:35Z,ISLAND,53.58552631578816,0.0,"B1 logic. V: -0.097, SOC: 53.6%",0
2026-01-01T19:57:40Z,ISLAND,53.552631578946055,0.0,"B1 logic. V: -0.097, SOC: 53.6%",0
2026-01-01T19:57:45Z,ISLAND,53.51973684210394,0.0,"B1 logic. V: -0.097, SOC: 53.6%",0
2026-01-01T19:57:50Z,ISLAND,53.486842105261836,0.0,"B1 logic. V: -0.097, SOC: 53.5%",0
2026-01-01T19:57:55Z,ISLAND,53.45394736841973,0.0,"B1 logic. V: -0.097, SOC: 53.5%",0
2026-01-01T19:58:00Z,ISLAND,53.42105263157762,0.0,"B1 logic. V: -0.097, SOC: 53.5%",0
2026-01-01T19:58:05Z,ISLAND,53.38815789473552,0.0,"B1 logic. V: -0.098, SOC: 53.4%",0
2026-01-01T19:58:10Z,ISLAND,53.355263157893404,0.0,"B1 logic. V: -0.098, SOC: 53.4%",0
2026-01-01T19:58:15Z,ISLAND,53.3223684210513,0.0,"B1 logic. V: -0.098, SOC: 53.4%",0
2026-01-01T19:58:20Z,ISLAND,53.2894736842092,0.0,"B1 logic. V: -0.098, SOC: 53.3%",0
2026-01-01T19:58:25Z,ISLAND,53.256578947367096,0.0,"B1 logic. V: -0.098, SOC: 53.3%",0
2026-01-01T19:58:30Z,ISLAND,53.22368421052499,0.0,"B1 logic. V: -0.098, SOC: 53.3%",0
2026-01-01T19:58:35Z,ISLAND,53.19078947368288,0.0,"B1 logic. V: -0.098, SOC: 53.2%",0
2026-01-01T19:58:40Z,ISLAND,53.157894736840774,0.0,"B1 logic. V: -0.098, SOC: 53.2%",0
2026-01-01T19:58:45Z,ISLAND,53.124999999998664,0.0,"B1 logic. V: -0.098, SOC: 53.2%",0
2026-01-01T19:58:50Z,ISLAND,53.09210526315656,0.0,"B1 logic. V: -0.098, SOC: 53.1%",0
2026-01-01T19:58:55Z,ISLAND,53.05921052631446,0.0,"B1 logic. V: -0.098, SOC: 53.1%",0
2026-01-01T19:59:00Z,ISLAND,53.02631578947234,0.0,"B1 logic. V: -0.098, SOC: 53.1%",0
2026-01-01T19:59:05Z,ISLAND,52.99342105263024,0.0,"B1 logic. V: -0.098, SOC: 53.0%",0
2026-01-01T19:59:10Z,ISLAND,52.96052631578814,0.0,"B1 logic. V: -0.098, SOC: 53.0%",0
2026-01-01T19:59:15Z,ISLAND,52.927631578946034,0.0,"B1 logic. V: -0.098, SOC: 53.0%",0
2026-01-01T19:59:20Z,ISLAND,52.89473684210393,0.0,"B1 logic. V: -0.098, SOC: 52.9%",0
2026-01-01T19:59:25Z,ISLAND,52.861842105261815,0.0,"B1 logic. V: -0.098, SOC: 52.9%",0
2026-01-01T19:59:30Z,ISLAND,52.82894736841971,0.0,"B1 logic. V: -0.098, SOC: 52.9%",0
2026-01-01T19:59:35Z,ISLAND,52.79605263157761,0.0,"B1 logic. V: -0.098, SOC: 52.8%",0
2026-01-01T19:59:40Z,ISLAND,52.7631578947355,0.0,"B1 logic. V: -0.098, SOC: 52.8%",0
2026-01-01T19:59:45Z,ISLAND,52.7302631578934,0.0,"B1 logic. V: -0.098, SOC: 52.8%",0
2026-01-01T19:59:50Z,ISLAND,52.69736842105128,0.0,"B1 logic. V: -0.098, SOC: 52.7%",0
2026-01-01T19:59:55Z,ISLAND,52.66447368420918,0.0,"B1 logic. V: -0.098, SOC: 52.7%",0
2026-01-01T20:00:00Z,ISLAND,52.631578947367075,0.0,"B1 logic. V: -0.098, SOC: 52.7%",0
2026-01-01T20:00:05Z,ISLAND,52.59868421052497,0.0,"B1 logic. V: -0.098, SOC: 52.6%",0
2026-01-01T20:00:10Z,ISLAND,52.56578947368287,0.0,"B1 logic. V: -0.098, SOC: 52.6%",0
2026-01-01T20:00:15Z,ISLAND,52.53289473684075,0.0,"B1 logic. V: -0.098, SOC: 52.6%",0
2026-01-01T20:00:20Z,ISLAND,52.49999999999865,0.0,"B1 logic. V: -0.098, SOC: 52.5%",0
2026-01-01T20:00:25Z,ISLAND,52.46710526315654,0.0,"B1 logic. V: -0.098, SOC: 52.5%",0
2026-01-01T20:00:30Z,ISLAND,52.43421052631444,0.0,"B1 logic. V: -0.098, SOC: 52.5%",0
2026-01-01T20:00:35Z,ISLAND,52.401315789472335,0.0,"B1 logic. V: -0.098, SOC: 52.4%",0
2026-01-01T20:00:40Z,ISLAND,52.36842105263022,0.0,"B1 logic. V: -0.098, SOC: 52.4%",0
2026-01-01T20:00:45Z,ISLAND,52.335526315788115,0.0,"B1 logic. V: -0.098, SOC: 52.4%",0
2026-01-01T20:00:50Z,ISLAND,52.30263157894601,0.0,"B1 logic. V: -0.098, SOC: 52.3%",0
2026-01-01T20:00:55Z,ISLAND,52.26973684210391,0.0,"B1 logic. V: -0.098, SOC: 52.3%",0
2026-01-01T20:01:00Z,ISLAND,52.23684210526181,0.0,"B1 logic. V: -0.098, SOC: 52.3%",0
2026-01-01T20:01:05Z,ISLAND,52.20394736841969,0.0,"B1 logic. V: -0.098, SOC: 52.2%",0
2026-01-01T20:01:10Z,ISLAND,52.17105263157759,0.0,"B1 logic. V: -0.098, SOC: 52.2%",0
2026-01-01T20:01:15Z,ISLAND,52.138157894735485,0.0,"B1 logic. V: -0.098, SOC: 52.2%",0
2026-01-01T20:01:20Z,ISLAND,52.105263157893376,0.0,"B1 logic. V: -0.098, SOC: 52.1%",0
2026-01-01T20:01:25Z,ISLAND,52.07236842105127,0.0,"B1 logic. V: -0.098, SOC: 52.1%",0
2026-01-01T20:01:30Z,ISLAND,52.039473684209156,0.0,"B1 logic. V: -0.098, SOC: 52.1%",0
2026-01-01T20:01:35Z,ISLAND,52.00657894736705,0.0,"B1 logic. V: -0.098, SOC: 52.0%",0
2026-01-01T20:01:40Z,ISLAND,51.97368421052495,0.0,"B1 logic. V: -0.098, SOC: 52.0%",0
2026-01-01T20:01:45Z,ISLAND,51.94078947368285,0.0,"B1 logic. V: -0.098, SOC: 52.0%",0
2026-01-01T20:01:50Z,ISLAND,51.907894736840746,0.0,"B1 logic. V: -0.098, SOC: 51.9%",0
2026-01-01T20:01:55Z,ISLAND,51.87499999999863,0.0,"B1 logic. V: -0.098, SOC: 51.9%",0
2026-01-01T20:02:00Z,ISLAND,51.842105263156526,0.0,"B1 logic. V: -0.098, SOC: 51.9%",0
2026-01-01T20:02:05Z,ISLAND,51.809210526314416,0.0,"B1 logic. V: -0.098, SOC: 51.8%",0
2026-01-01T20:02:10Z,ISLAND,51.776315789472314,0.0,"B1 logic. V: -0.098, SOC: 51.8%",0
2026-01-01T20:02:15Z,ISLAND,51.74342105263021,0.0,"B1 logic. V: -0.098, SOC: 51.8%",0
2026-01-01T20:02:20Z,ISLAND,51.710526315788094,0.0,"B1 logic. V: -0.098, SOC: 51.7%",0
2026-01-01T20:02:25Z,ISLAND,51.67763157894599,0.0,"B1 logic. V: -0.098, SOC: 51.7%",0
2026-01-01T20:02:30Z,ISLAND,51.64473684210389,0.0,"B1 logic. V: -0.098, SOC: 51.7%",0
2026-01-01T20:02:35Z,ISLAND,51.611842105261786,0.0,"B1 logic. V: -0.098, SOC: 51.6%",0
2026-01-01T20:02:40Z,ISLAND,51.57894736841968,0.0,"B1 logic. V: -0.098, SOC: 51.6%",0
2026-01-01T20:02:45Z,ISLAND,51.54605263157757,0.0,"B1 logic. V: -0.098, SOC: 51.6%",0
2026-01-01T20:02:50Z,ISLAND,51.513157894735464,0.0,"B1 logic. V: -0.098, SOC: 51.5%",0
2026-01-01T20:02:55Z,ISLAND,51.48026315789336,0.0,"B1 logic. V: -0.098, SOC: 51.5%",0
2026-01-01T20:03:00Z,ISLAND,51.44736842105125,0.0,"B1 logic. V: -0.098, SOC: 51.5%",0
2026-01-01T20:03:05Z,ISLAND,51.41447368420915,0.0,"B1 logic. V: -0.098, SOC: 51.4%",0
2026-01-01T20:03:10Z,ISLAND,51.38157894736703,0.0,"B1 logic. V: -0.098, SOC: 51.4%",0
2026-01-01T20:03:15Z,ISLAND,51.34868421052493,0.0,"B1 logic. V: -0.098, SOC: 51.4%",0
2026-01-01T20:03:20Z,ISLAND,51.31578947368283,0.0,"B1 logic. V: -0.098, SOC: 51.3%",0
2026-01-01T20:03:25Z,ISLAND,51.282894736840724,0.0,"B1 logic. V: -0.098, SOC: 51.3%",0
2026-01-01T20:03:30Z,ISLAND,51.24999999999862,0.0,"B1 logic. V: -0.098, SOC: 51.3%",0
2026-01-01T20:03:35Z,ISLAND,51.217105263156505,0.0,"B1 logic. V: -0.098, SOC: 51.2%",0
2026-01-01T20:03:40Z,ISLAND,51.1842105263144,0.0,"B1 logic. V: -0.098, SOC: 51.2%",0
2026-01-01T20:03:45Z,ISLAND,51.15131578947229,0.0,"B1 logic. V: -0.098, SOC: 51.2%",0
2026-01-01T20:03:50Z,ISLAND,51.11842105263019,0.0,"B1 logic. V: -0.098, SOC: 51.2%",0
2026-01-01T20:03:55Z,ISLAND,51.08552631578809,0.0,"B1 logic. V: -0.098, SOC: 51.1%",0
2026-01-01T20:04:00Z,ISLAND,51.05263157894597,0.0,"B1 logic. V: -0.098, SOC: 51.1%",0
2026-01-01T20:04:05Z,ISLAND,51.01973684210387,0.0,"B1 logic. V: -0.098, SOC: 51.1%",0
2026-01-01T20:04:10Z,ISLAND,50.986842105261765,0.0,"B1 logic. V: -0.098, SOC: 51.0%",0
2026-01-01T20:04:15Z,ISLAND,50.95394736841966,0.0,"B1 logic. V: -0.098, SOC: 51.0%",0
2026-01-01T20:04:20Z,ISLAND,50.92105263157756,0.0,"B1 logic. V: -0.098, SOC: 51.0%",0
2026-01-01T20:04:25Z,ISLAND,50.88815789473544,0.0,"B1 logic. V: -0.098, SOC: 50.9%",0
2026-01-01T20:04:30Z,ISLAND,50.85526315789334,0.0,"B1 logic. V: -0.098, SOC: 50.9%",0
2026-01-01T20:04:35Z,ISLAND,50.82236842105124,0.0,"B1 logic. V: -0.098, SOC: 50.9%",0
2026-01-01T20:04:40Z,ISLAND,50.78947368420913,0.0,"B1 logic. V: -0.098, SOC: 50.8%",0
2026-01-01T20:04:45Z,ISLAND,50.756578947367025,0.0,"B1 logic. V: -0.098, SOC: 50.8%",0
2026-01-01T20:04:50Z,ISLAND,50.72368421052491,0.0,"B1 logic. V: -0.098, SOC: 50.8%",0
2026-01-01T20:04:55Z,ISLAND,50.690789473682806,0.0,"B1 logic. V: -0.098, SOC: 50.7%",0
2026-01-01T20:05:00Z,ISLAND,50.6578947368407,0.0,"B1 logic. V: -0.098, SOC: 50.7%",0
2026-01-01T20:05:05Z,ISLAND,50.6249999999986,0.0,"B1 logic. V: -0.098, SOC: 50.7%",0
2026-01-01T20:05:10Z,ISLAND,50.5921052631565,0.0,"B1 logic. V: -0.098, SOC: 50.6%",0
2026-01-01T20:05:15Z,ISLAND,50.55921052631438,0.0,"B1 logic. V: -0.098, SOC: 50.6%",0
2026-01-01T20:05:20Z,ISLAND,50.52631578947228,0.0,"B1 logic. V: -0.098, SOC: 50.6%",0
2026-01-01T20:05:25Z,ISLAND,50.49342105263017,0.0,"B1 logic. V: -0.098, SOC: 50.5%",0
2026-01-01T20:05:30Z,ISLAND,50.460526315788066,0.0,"B1 logic. V: -0.098, SOC: 50.5%",0
2026-01-01T20:05:35Z,ISLAND,50.42763157894596,0.0,"B1 logic. V: -0.098, SOC: 50.5%",0
2026-01-01T20:05:40Z,ISLAND,50.394736842103846,0.0,"B1 logic. V: -0.098, SOC: 50.4%",0
2026-01-01T20:05:45Z,ISLAND,50.36184210526174,0.0,"B1 logic. V: -0.098, SOC: 50.4%",0
2026-01-01T20:05:50Z,ISLAND,50.32894736841964,0.0,"B1 logic. V: -0.098, SOC: 50.4%",0
2026-01-01T20:05:55Z,ISLAND,50.29605263157754,0.0,"B1 logic. V: -0.098, SOC: 50.3%",0
2026-01-01T20:06:00Z,ISLAND,50.263157894735436,0.0,"B1 logic. V: -0.098, SOC: 50.3%",0
2026-01-01T20:06:05Z,ISLAND,50.23026315789332,0.0,"B1 logic. V: -0.099, SOC: 50.3%",0
2026-01-01T20:06:10Z,ISLAND,50.197368421051216,0.0,"B1 logic. V: -0.099, SOC: 50.2%",0
2026-01-01T20:06:15Z,ISLAND,50.16447368420911,0.0,"B1 logic. V: -0.099, SOC: 50.2%",0
2026-01-01T20:06:20Z,ISLAND,50.131578947367004,0.0,"B1 logic. V: -0.099, SOC: 50.2%",0
2026-01-01T20:06:25Z,ISLAND,50.0986842105249,0.0,"B1 logic. V: -0.099, SOC: 50.1%",0
2026-01-01T20:06:30Z,ISLAND,50.065789473682784,0.0,"B1 logic. V: -0.099, SOC: 50.1%",0
2026-01-01T20:06:35Z,ISLAND,50.03289473684068,0.0,"B1 logic. V: -0.099, SOC: 50.1%",0
2026-01-01T20:06:40Z,ISLAND,49.99999999999858,0.0,"B1 logic. V: -0.099, SOC: 50.0%",0
2026-01-01T20:06:45Z,ISLAND,49.974415204676944,0.0,"B1 logic. V: -0.099, SOC: 50.0%",0
2026-01-01T20:06:50Z,ISLAND,49.9488304093553,0.0,"B1 logic. V: -0.099, SOC: 50.0%",0
2026-01-01T20:06:55Z,ISLAND,49.92324561403366,0.0,"B1 logic. V: -0.099, SOC: 49.9%",0
2026-01-01T20:07:00Z,ISLAND,49.897660818712026,0.0,"B1 logic. V: -0.099, SOC: 49.9%",0
2026-01-01T20:07:05Z,ISLAND,49.87207602339039,0.0,"B1 logic. V: -0.099, SOC: 49.9%",0
2026-01-01T20:07:10Z,ISLAND,49.84649122806875,0.0,"B1 logic. V: -0.099, SOC: 49.9%",0
2026-01-01T20:07:15Z,ISLAND,49.820906432747115,0.0,"B1 logic. V: -0.099, SOC: 49.8%",0
2026-01-01T20:07:20Z,ISLAND,49.795321637425474,0.0,"B1 logic. V: -0.099, SOC: 49.8%",0
2026-01-01T20:07:25Z,ISLAND,49.76973684210383,0.0,"B1 logic. V: -0.099, SOC: 49.8%",0
2026-01-01T20:07:30Z,ISLAND,49.7441520467822,0.0,"B1 logic. V: -0.099, SOC: 49.8%",0
2026-01-01T20:07:35Z,ISLAND,49.71856725146056,0.0,"B1 logic. V: -0.099, SOC: 49.7%",0
2026-01-01T20:07:40Z,ISLAND,49.69298245613892,0.0,"B1 logic. V: -0.099, SOC: 49.7%",0
2026-01-01T20:07:45Z,ISLAND,49.66739766081728,0.0,"B1 logic. V: -0.099, SOC: 49.7%",0
2026-01-01T20:07:50Z,ISLAND,49.641812865495645,0.0,"B1 logic. V: -0.099, SOC: 49.7%",0
2026-01-01T20:07:55Z,ISLAND,49.616228070174,0.0,"B1 logic. V: -0.099, SOC: 49.6%",0
2026-01-01T20:08:00Z,ISLAND,49.59064327485237,0.0,"B1 logic. V: -0.099, SOC: 49.6%",0
2026-01-01T20:08:05Z,ISLAND,49.565058479530734,0.0,"B1 logic. V: -0.099, SOC: 49.6%",0
2026-01-01T20:08:10Z,ISLAND,49.53947368420909,0.0,"B1 logic. V: -0.099, SOC: 49.6%",0
2026-01-01T20:08:15Z,ISLAND,49.51388888888745,0.0,"B1 logic. V: -0.099, SOC: 49.5%",0
2026-01-01T20:08:20Z,ISLAND,49.488304093565816,0.0,"B1 logic. V: -0.099, SOC: 49.5%",0
2026-01-01T20:08:25Z,ISLAND,49.46271929824418,0.0,"B1 logic. V: -0.099, SOC: 49.5%",0
2026-01-01T20:08:30Z,ISLAND,49.43713450292254,0.0,"B1 logic. V: -0.099, SOC: 49.5%",0
2026-01-01T20:08:35Z,ISLAND,49.4115497076009,0.0,"B1 logic. V: -0.099, SOC: 49.4%",0
2026-01-01T20:08:40Z,ISLAND,49.38596491227926,0.0,"B1 logic. V: -0.099, SOC: 49.4%",0
2026-01-01T20:08:45Z,ISLAND,49.36038011695763,0.0,"B1 logic. V: -0.099, SOC: 49.4%",0
2026-01-01T20:08:50Z,ISLAND,49.33479532163599,0.0,"B1 logic. V: -0.099, SOC: 49.4%",0
2026-01-01T20:08:55Z,ISLAND,49.30921052631435,0.0,"B1 logic. V: -0.099, SOC: 49.3%",0
2026-01-01T20:09:00Z,ISLAND,49.28362573099271,0.0,"B1 logic. V: -0.099, SOC: 49.3%",0
2026-01-01T20:09:05Z,ISLAND,49.25804093567107,0.0,"B1 logic. V: -0.099, SOC: 49.3%",0
2026-01-01T20:09:10Z,ISLAND,49.232456140349434,0.0,"B1 logic. V: -0.099, SOC: 49.3%",0
2026-01-01T20:09:15Z,ISLAND,49.2068713450278,0.0,"B1 logic. V: -0.099, SOC: 49.2%",0
2026-01-01T20:09:20Z,ISLAND,49.18128654970616,0.0,"B1 logic. V: -0.099, SOC: 49.2%",0
2026-01-01T20:09:25Z,ISLAND,49.155701754384516,0.0,"B1 logic. V: -0.099, SOC: 49.2%",0
2026-01-01T20:09:30Z,ISLAND,49.13011695906288,0.0,"B1 logic. V: -0.099, SOC: 49.2%",0
2026-01-01T20:09:35Z,ISLAND,49.10453216374124,0.0,"B1 logic. V: -0.099, SOC: 49.1%",0
2026-01-01T20:09:40Z,ISLAND,49.078947368419605,0.0,"B1 logic. V: -0.099, SOC: 49.1%",0
2026-01-01T20:09:45Z,ISLAND,49.05336257309797,0.0,"B1 logic. V: -0.099, SOC: 49.1%",0
2026-01-01T20:09:50Z,ISLAND,49.02777777777633,0.0,"B1 logic. V: -0.099, SOC: 49.1%",0
2026-01-01T20:09:55Z,ISLAND,49.00219298245469,0.0,"B1 logic. V: -0.099, SOC: 49.0%",0
2026-01-01T20:10:00Z,ISLAND,48.97660818713305,0.0,"B1 logic. V: -0.099, SOC: 49.0%",0
2026-01-01T20:10:05Z,ISLAND,48.95102339181142,0.0,"B1 logic. V: -0.099, SOC: 49.0%",0
2026-01-01T20:10:10Z,ISLAND,48.925438596489776,0.0,"B1 logic. V: -0.099, SOC: 49.0%",0
2026-01-01T20:10:15Z,ISLAND,48.899853801168135,0.0,"B1 logic. V: -0.099, SOC: 48.9%",0
2026-01-01T20:10:20Z,ISLAND,48.8742690058465,0.0,"B1 logic. V: -0.099, SOC: 48.9%",0
2026-01-01T20:10:25Z,ISLAND,48.848684210524866,0.0,"B1 logic. V: -0.099, SOC: 48.9%",0
2026-01-01T20:10:30Z,ISLAND,48.823099415203224,0.0,"B1 logic. V: -0.099, SOC: 48.8%",0
2026-01-01T20:10:35Z,ISLAND,48.79751461988159,0.0,"B1 logic. V: -0.099, SOC: 48.8%",0
2026-01-01T20:10:40Z,ISLAND,48.77192982455995,0.0,"B1 logic. V: -0.099, SOC: 48.8%",0
2026-01-01T20:10:45Z,ISLAND,48.746345029238306,0.0,"B1 logic. V: -0.099, SOC: 48.8%",0
2026-01-01T20:10:50Z,ISLAND,48.72076023391667,0.0,"B1 logic. V: -0.099, SOC: 48.7%",0
2026-01-01T20:10:55Z,ISLAND,48.69517543859504,0.0,"B1 logic. V: -0.099, SOC: 48.7%",0
2026-01-01T20:11:00Z,ISLAND,48.669590643273395,0.0,"B1 logic. V: -0.099, SOC: 48.7%",0
2026-01-01T20:11:05Z,ISLAND,48.64400584795175,0.0,"B1 logic. V: -0.099, SOC: 48.7%",0
2026-01-01T20:11:10Z,ISLAND,48.61842105263012,0.0,"B1 logic. V: -0.099, SOC: 48.6%",0
2026-01-01T20:11:15Z,ISLAND,48.59283625730848,0.0,"B1 logic. V: -0.099, SOC: 48.6%",0
2026-01-01T20:11:20Z,ISLAND,48.56725146198684,0.0,"B1 logic. V: -0.099, SOC: 48.6%",0
2026-01-01T20:11:25Z,ISLAND,48.54166666666521,0.0,"B1 logic. V: -0.099, SOC: 48.6%",0
2026-01-01T20:11:30Z,ISLAND,48.516081871343566,0.0,"B1 logic. V: -0.099, SOC: 48.5%",0
2026-01-01T20:11:35Z,ISLAND,48.490497076021924,0.0,"B1 logic. V: -0.099, SOC: 48.5%",0
2026-01-01T20:11:40Z,ISLAND,48.46491228070029,0.0,"B1 logic. V: -0.099, SOC: 48.5%",0
2026-01-01T20:11:45Z,ISLAND,48.439327485378655,0.0,"B1 logic. V: -0.099, SOC: 48.5%",0
2026-01-01T20:11:50Z,ISLAND,48.41374269005701,0.0,"B1 logic. V: -0.099, SOC: 48.4%",0
2026-01-01T20:11:55Z,ISLAND,48.38815789473537,0.0,"B1 logic. V: -0.099, SOC: 48.4%",0
2026-01-01T20:12:00Z,ISLAND,48.36257309941374,0.0,"B1 logic. V: -0.099, SOC: 48.4%",0
2026-01-01T20:12:05Z,ISLAND,48.3369883040921,0.0,"B1 logic. V: -0.099, SOC: 48.4%",0
2026-01-01T20:12:10Z,ISLAND,48.31140350877046,0.0,"B1 logic. V: -0.099, SOC: 48.3%",0
2026-01-01T20:12:15Z,ISLAND,48.285818713448826,0.0,"B1 logic. V: -0.099, SOC: 48.3%",0
2026-01-01T20:12:20Z,ISLAND,48.260233918127184,0.0,"B1 logic. V: -0.099, SOC: 48.3%",0
2026-01-01T20:12:25Z,ISLAND,48.23464912280554,0.0,"B1 logic. V: -0.099, SOC: 48.3%",0
2026-01-01T20:12:30Z,ISLAND,48.20906432748391,0.0,"B1 logic. V: -0.099, SOC: 48.2%",0
2026-01-01T20:12:35Z,ISLAND,48.18347953216227,0.0,"B1 logic. V: -0.099, SOC: 48.2%",0
2026-01-01T20:12:40Z,ISLAND,48.15789473684063,0.0,"B1 logic. V: -0.099, SOC: 48.2%",0
2026-01-01T20:12:45Z,ISLAND,48.13230994151899,0.0,"B1 logic. V: -0.099, SOC: 48.2%",0
2026-01-01T20:12:50Z,ISLAND,48.106725146197356,0.0,"B1 logic. V: -0.099, SOC: 48.1%",0
2026-01-01T20:12:55Z,ISLAND,48.081140350875714,0.0,"B1 logic. V: -0.099, SOC: 48.1%",0
2026-01-01T20:13:00Z,ISLAND,48.05555555555408,0.0,"B1 logic. V: -0.099, SOC: 48.1%",0
2026-01-01T20:13:05Z,ISLAND,48.029970760232445,0.0,"B1 logic. V: -0.099, SOC: 48.1%",0
2026-01-01T20:13:10Z,ISLAND,48.0043859649108,0.0,"B1 logic. V: -0.099, SOC: 48.0%",0
2026-01-01T20:13:15Z,ISLAND,47.97880116958916,0.0,"B1 logic. V: -0.099, SOC: 48.0%",0
2026-01-01T20:13:20Z,ISLAND,47.95321637426753,0.0,"B1 logic. V: -0.099, SOC: 48.0%",0
2026-01-01T20:13:25Z,ISLAND,47.92763157894589,0.0,"B1 logic. V: -0.099, SOC: 48.0%",0
2026-01-01T20:13:30Z,ISLAND,47.90204678362425,0.0,"B1 logic. V: -0.099, SOC: 47.9%",0
2026-01-01T20:13:35Z,ISLAND,47.87646198830261,0.0,"B1 logic. V: -0.099, SOC: 47.9%",0
2026-01-01T20:13:40Z,ISLAND,47.850877192980974,0.0,"B1 logic. V: -0.099, SOC: 47.9%",0
2026-01-01T20:13:45Z,ISLAND,47.82529239765934,0.0,"B1 logic. V: -0.099, SOC: 47.9%",0
2026-01-01T20:13:50Z,ISLAND,47.7997076023377,0.0,"B1 logic. V: -0.099, SOC: 47.8%",0
2026-01-01T20:13:55Z,ISLAND,47.77412280701606,0.0,"B1 logic. V: -0.099, SOC: 47.8%",0
2026-01-01T20:14:00Z,ISLAND,47.74853801169442,0.0,"B1 logic. V: -0.099, SOC: 47.8%",0
2026-01-01T20:14:05Z,ISLAND,47.72295321637278,0.0,"B1 logic. V: -0.099, SOC: 47.7%",0
2026-01-01T20:14:10Z,ISLAND,47.697368421051145,0.0,"B1 logic. V: -0.099, SOC: 47.7%",0
2026-01-01T20:14:15Z,ISLAND,47.67178362572951,0.0,"B1 logic. V: -0.099, SOC: 47.7%",0
2026-01-01T20:14:20Z,ISLAND,47.64619883040787,0.0,"B1 logic. V: -0.099, SOC: 47.7%",0
2026-01-01T20:14:25Z,ISLAND,47.62061403508623,0.0,"B1 logic. V: -0.099, SOC: 47.6%",0
2026-01-01T20:14:30Z,ISLAND,47.59502923976459,0.0,"B1 logic. V: -0.099, SOC: 47.6%",0
2026-01-01T20:14:35Z,ISLAND,47.56944444444295,0.0,"B1 logic. V: -0.099, SOC: 47.6%",0
2026-01-01T20:14:40Z,ISLAND,47.543859649121316,0.0,"B1 logic. V: -0.099, SOC: 47.6%",0
2026-01-01T20:14:45Z,ISLAND,47.51827485379968,0.0,"B1 logic. V: -0.099, SOC: 47.5%",0
2026-01-01T20:14:50Z,ISLAND,47.49269005847804,0.0,"B1 logic. V: -0.099, SOC: 47.5%",0
2026-01-01T20:14:55Z,ISLAND,47.4671052631564,0.0,"B1 logic. V: -0.099, SOC: 47.5%",0
2026-01-01T20:15:00Z,ISLAND,47.44152046783476,0.0,"B1 logic. V: -0.099, SOC: 47.5%",0
2026-01-01T20:15:05Z,ISLAND,47.41593567251313,0.0,"B1 logic. V: -0.099, SOC: 47.4%",0
2026-01-01T20:15:10Z,ISLAND,47.39035087719149,0.0,"B1 logic. V: -0.099, SOC: 47.4%",0
2026-01-01T20:15:15Z,ISLAND,47.364766081869845,0.0,"B1 logic. V: -0.099, SOC: 47.4%",0
2026-01-01T20:15:20Z,ISLAND,47.33918128654821,0.0,"B1 logic. V: -0.099, SOC: 47.4%",0
2026-01-01T20:15:25Z,ISLAND,47.313596491226576,0.0,"B1 logic. V: -0.099, SOC: 47.3%",0
2026-01-01T20:15:30Z,ISLAND,47.288011695904935,0.0,"B1 logic. V: -0.099, SOC: 47.3%",0
2026-01-01T20:15:35Z,ISLAND,47.2624269005833,0.0,"B1 logic. V: -0.099, SOC: 47.3%",0
2026-01-01T20:15:40Z,ISLAND,47.23684210526166,0.0,"B1 logic. V: -0.099, SOC: 47.3%",0
2026-01-01T20:15:45Z,ISLAND,47.21125730994002,0.0,"B1 logic. V: -0.099, SOC: 47.2%",0
2026-01-01T20:15:50Z,ISLAND,47.18567251461838,0.0,"B1 logic. V: -0.099, SOC: 47.2%",0
2026-01-01T20:15:55Z,ISLAND,47.16008771929675,0.0,"B1 logic. V: -0.099, SOC: 47.2%",0
2026-01-01T20:16:00Z,ISLAND,47.134502923975106,0.0,"B1 logic. V: -0.099, SOC: 47.2%",0
2026-01-01T20:16:05Z,ISLAND,47.108918128653464,0.0,"B1 logic. V: -0.100, SOC: 47.1%",0
2026-01-01T20:16:10Z,ISLAND,47.08333333333183,0.0,"B1 logic. V: -0.100, SOC: 47.1%",0
2026-01-01T20:16:15Z,ISLAND,47.05774853801019,0.0,"B1 logic. V: -0.100, SOC: 47.1%",0
2026-01-01T20:16:20Z,ISLAND,47.03216374268855,0.0,"B1 logic. V: -0.100, SOC: 47.1%",0
2026-01-01T20:16:25Z,ISLAND,47.00657894736692,0.0,"B1 logic. V: -0.100, SOC: 47.0%",0
2026-01-01T20:16:30Z,ISLAND,46.98099415204528,0.0,"B1 logic. V: -0.100, SOC: 47.0%",0
2026-01-01T20:16:35Z,ISLAND,46.955409356723635,0.0,"B1 logic. V: -0.100, SOC: 47.0%",0
2026-01-01T20:16:40Z,ISLAND,46.929824561402,0.0,"B1 logic. V: -0.100, SOC: 47.0%",0
2026-01-01T20:16:45Z,ISLAND,46.904239766080366,0.0,"B1 logic. V: -0.100, SOC: 46.9%",0
2026-01-01T20:16:50Z,ISLAND,46.878654970758724,0.0,"B1 logic. V: -0.100, SOC: 46.9%",0
2026-01-01T20:16:55Z,ISLAND,46.85307017543708,0.0,"B1 logic. V: -0.100, SOC: 46.9%",0
2026-01-01T20:17:00Z,ISLAND,46.82748538011545,0.0,"B1 logic. V: -0.100, SOC: 46.9%",0
2026-01-01T20:17:05Z,ISLAND,46.80190058479381,0.0,"B1 logic. V: -0.100, SOC: 46.8%",0
2026-01-01T20:17:10Z,ISLAND,46.77631578947217,0.0,"B1 logic. V: -0.100, SOC: 46.8%",0
2026-01-01T20:17:15Z,ISLAND,46.75073099415054,0.0,"B1 logic. V: -0.100, SOC: 46.8%",0
2026-01-01T20:17:20Z,ISLAND,46.725146198828895,0.0,"B1 logic. V: -0.100, SOC: 46.8%",0
2026-01-01T20:17:25Z,ISLAND,46.69956140350725,0.0,"B1 logic. V: -0.100, SOC: 46.7%",0
2026-01-01T20:17:30Z,ISLAND,46.67397660818562,0.0,"B1 logic. V: -0.100, SOC: 46.7%",0
2026-01-01T20:17:35Z,ISLAND,46.648391812863984,0.0,"B1 logic. V: -0.100, SOC: 46.7%",0
2026-01-01T20:17:40Z,ISLAND,46.62280701754234,0.0,"B1 logic. V: -0.100, SOC: 46.6%",0
2026-01-01T20:17:45Z,ISLAND,46.5972222222207,0.0,"B1 logic. V: -0.100, SOC: 46.6%",0
2026-01-01T20:17:50Z,ISLAND,46.571637426899066,0.0,"B1 logic. V: -0.100, SOC: 46.6%",0
2026-01-01T20:17:55Z,ISLAND,46.546052631577425,0.0,"B1 logic. V: -0.100, SOC: 46.6%",0
2026-01-01T20:18:00Z,ISLAND,46.52046783625579,0.0,"B1 logic. V: -0.100, SOC: 46.5%",0
2026-01-01T20:18:05Z,ISLAND,46.494883040934155,0.0,"B1 logic. V: -0.100, SOC: 46.5%",0
2026-01-01T20:18:10Z,ISLAND,46.469298245612514,0.0,"B1 logic. V: -0.100, SOC: 46.5%",0
2026-01-01T20:18:15Z,ISLAND,46.44371345029087,0.0,"B1 logic. V: -0.100, SOC: 46.5%",0
2026-01-01T20:18:20Z,ISLAND,46.41812865496924,0.0,"B1 logic. V: -0.100, SOC: 46.4%",0
2026-01-01T20:18:25Z,ISLAND,46.3925438596476,0.0,"B1 logic. V: -0.100, SOC: 46.4%",0
2026-01-01T20:18:30Z,ISLAND,46.36695906432596,0.0,"B1 logic. V: -0.100, SOC: 46.4%",0
2026-01-01T20:18:35Z,ISLAND,46.34137426900432,0.0,"B1 logic. V: -0.100, SOC: 46.4%",0
2026-01-01T20:18:40Z,ISLAND,46.315789473682685,0.0,"B1 logic. V: -0.100, SOC: 46.3%",0
2026-01-01T20:18:45Z,ISLAND,46.29020467836105,0.0,"B1 logic. V: -0.100, SOC: 46.3%",0
2026-01-01T20:18:50Z,ISLAND,46.26461988303941,0.0,"B1 logic. V: -0.100, SOC: 46.3%",0
2026-01-01T20:18:55Z,ISLAND,46.239035087717774,0.0,"B1 logic. V: -0.100, SOC: 46.3%",0
2026-01-01T20:19:00Z,ISLAND,46.21345029239613,0.0,"B1 logic. V: -0.100, SOC: 46.2%",0
2026-01-01T20:19:05Z,ISLAND,46.18786549707449,0.0,"B1 logic. V: -0.100, SOC: 46.2%",0
2026-01-01T20:19:10Z,ISLAND,46.162280701752856,0.0,"B1 logic. V: -0.100, SOC: 46.2%",0
2026-01-01T20:19:15Z,ISLAND,46.13669590643122,0.0,"B1 logic. V: -0.100, SOC: 46.2%",0
2026-01-01T20:19:20Z,ISLAND,46.11111111110958,0.0,"B1 logic. V: -0.100, SOC: 46.1%",0
2026-01-01T20:19:25Z,ISLAND,46.08552631578794,0.0,"B1 logic. V: -0.100, SOC: 46.1%",0
2026-01-01T20:19:30Z,ISLAND,46.0599415204663,0.0,"B1 logic. V: -0.100, SOC: 46.1%",0
2026-01-01T20:19:35Z,ISLAND,46.03435672514466,0.0,"B1 logic. V: -0.100, SOC: 46.1%",0
2026-01-01T20:19:40Z,ISLAND,46.00877192982303,0.0,"B1 logic. V: -0.100, SOC: 46.0%",0
2026-01-01T20:19:45Z,ISLAND,45.98318713450139,0.0,"B1 logic. V: -0.100, SOC: 46.0%",0
2026-01-01T20:19:50Z,ISLAND,45.95760233917975,0.0,"B1 logic. V: -0.100, SOC: 46.0%",0
2026-01-01T20:19:55Z,ISLAND,45.93201754385811,0.0,"B1 logic. V: -0.100, SOC: 46.0%",0
2026-01-01T20:20:00Z,ISLAND,45.906432748536474,0.0,"B1 logic. V: -0.100, SOC: 45.9%",0
2026-01-01T20:20:05Z,ISLAND,45.88084795321484,0.0,"B1 logic. V: -0.100, SOC: 45.9%",0
2026-01-01T20:20:10Z,ISLAND,45.8552631578932,0.0,"B1 logic. V: -0.100, SOC: 45.9%",0
2026-01-01T20:20:15Z,ISLAND,45.829678362571556,0.0,"B1 logic. V: -0.100, SOC: 45.9%",0
2026-01-01T20:20:20Z,ISLAND,45.80409356724992,0.0,"B1 logic. V: -0.100, SOC: 45.8%",0
2026-01-01T20:20:25Z,ISLAND,45.77850877192829,0.0,"B1 logic. V: -0.100, SOC: 45.8%",0
2026-01-01T20:20:30Z,ISLAND,45.752923976606645,0.0,"B1 logic. V: -0.100, SOC: 45.8%",0
2026-01-01T20:20:35Z,ISLAND,45.72733918128501,0.0,"B1 logic. V: -0.100, SOC: 45.8%",0
2026-01-01T20:20:40Z,ISLAND,45.70175438596337,0.0,"B1 logic. V: -0.100, SOC: 45.7%",0
2026-01-01T20:20:45Z,ISLAND,45.67616959064173,0.0,"B1 logic. V: -0.100, SOC: 45.7%",0
2026-01-01T20:20:50Z,ISLAND,45.65058479532009,0.0,"B1 logic. V: -0.100, SOC: 45.7%",0
2026-01-01T20:20:55Z,ISLAND,45.62499999999846,0.0,"B1 logic. V: -0.100, SOC: 45.7%",0
2026-01-01T20:21:00Z,ISLAND,45.599415204676816,0.0,"B1 logic. V: -0.100, SOC: 45.6%",0
2026-01-01T20:21:05Z,ISLAND,45.573830409355175,0.0,"B1 logic. V: -0.100, SOC: 45.6%",0
2026-01-01T20:21:10Z,ISLAND,45.54824561403354,0.0,"B1 logic. V: -0.100, SOC: 45.6%",0
2026-01-01T20:21:15Z,ISLAND,45.5226608187119,0.0,"B1 logic. V: -0.100, SOC: 45.5%",0
2026-01-01T20:21:20Z,ISLAND,45.497076023390264,0.0,"B1 logic. V: -0.100, SOC: 45.5%",0
2026-01-01T20:21:25Z,ISLAND,45.47149122806863,0.0,"B1 logic. V: -0.100, SOC: 45.5%",0
2026-01-01T20:21:30Z,ISLAND,45.44590643274699,0.0,"B1 logic. V: -0.100, SOC: 45.5%",0
2026-01-01T20:21:35Z,ISLAND,45.420321637425346,0.0,"B1 logic. V: -0.100, SOC: 45.4%",0
2026-01-01T20:21:40Z,ISLAND,45.39473684210371,0.0,"B1 logic. V: -0.100, SOC: 45.4%",0
2026-01-01T20:21:45Z,ISLAND,45.36915204678208,0.0,"B1 logic. V: -0.100, SOC: 45.4%",0
2026-01-01T20:21:50Z,ISLAND,45.343567251460435,0.0,"B1 logic. V: -0.100, SOC: 45.4%",0
2026-01-01T20:21:55Z,ISLAND,45.31798245613879,0.0,"B1 logic. V: -0.100, SOC: 45.3%",0
2026-01-01T20:22:00Z,ISLAND,45.29239766081716,0.0,"B1 logic. V: -0.100, SOC: 45.3%",0
2026-01-01T20:22:05Z,ISLAND,45.266812865495524,0.0,"B1 logic. V: -0.100, SOC: 45.3%",0
2026-01-01T20:22:10Z,ISLAND,45.24122807017388,0.0,"B1 logic. V: -0.100, SOC: 45.3%",0
2026-01-01T20:22:15Z,ISLAND,45.21564327485225,0.0,"B1 logic. V: -0.100, SOC: 45.2%",0
2026-01-01T20:22:20Z,ISLAND,45.190058479530606,0.0,"B1 logic. V: -0.100, SOC: 45.2%",0
2026-01-01T20:22:25Z,ISLAND,45.164473684208964,0.0,"B1 logic. V: -0.100, SOC: 45.2%",0
2026-01-01T20:22:30Z,ISLAND,45.13888888888733,0.0,"B1 logic. V: -0.100, SOC: 45.2%",0
2026-01-01T20:22:35Z,ISLAND,45.113304093565695,0.0,"B1 logic. V: -0.100, SOC: 45.1%",0
2026-01-01T20:22:40Z,ISLAND,45.08771929824405,0.0,"B1 logic. V: -0.100, SOC: 45.1%",0
2026-01-01T20:22:45Z,ISLAND,45.06213450292241,0.0,"B1 logic. V: -0.100, SOC: 45.1%",0
2026-01-01T20:22:50Z,ISLAND,45.03654970760078,0.0,"B1 logic. V: -0.100, SOC: 45.1%",0
2026-01-01T20:22:55Z,ISLAND,45.010964912279135,0.0,"B1 logic. V: -0.100, SOC: 45.0%",0
2026-01-01T20:23:00Z,ISLAND,44.9853801169575,0.0,"B1 logic. V: -0.100, SOC: 45.0%",0
2026-01-01T20:23:05Z,ISLAND,44.959795321635866,0.0,"B1 logic. V: -0.100, SOC: 45.0%",0
2026-01-01T20:23:10Z,ISLAND,44.934210526314224,0.0,"B1 logic. V: -0.100, SOC: 45.0%",0
2026-01-01T20:23:15Z,ISLAND,44.90862573099258,0.0,"B1 logic. V: -0.100, SOC: 44.9%",0
2026-01-01T20:23:20Z,ISLAND,44.88304093567095,0.0,"B1 logic. V: -0.100, SOC: 44.9%",0
2026-01-01T20:23:25Z,ISLAND,44.85745614034931,0.0,"B1 logic. V: -0.100, SOC: 44.9%",0
2026-01-01T20:23:30Z,ISLAND,44.83187134502767,0.0,"B1 logic. V: -0.100, SOC: 44.9%",0
2026-01-01T20:23:35Z,ISLAND,44.80628654970603,0.0,"B1 logic. V: -0.100, SOC: 44.8%",0
2026-01-01T20:23:40Z,ISLAND,44.780701754384395,0.0,"B1 logic. V: -0.100, SOC: 44.8%",0
2026-01-01T20:23:45Z,ISLAND,44.75511695906276,0.0,"B1 logic. V: -0.100, SOC: 44.8%",0
2026-01-01T20:23:50Z,ISLAND,44.72953216374112,0.0,"B1 logic. V: -0.100, SOC: 44.8%",0
2026-01-01T20:23:55Z,ISLAND,44.703947368419485,0.0,"B1 logic. V: -0.100, SOC: 44.7%",0
2026-01-01T20:24:00Z,ISLAND,44.67836257309784,0.0,"B1 logic. V: -0.100, SOC: 44.7%",0
2026-01-01T20:24:05Z,ISLAND,44.6527777777762,0.0,"B1 logic. V: -0.100, SOC: 44.7%",0
2026-01-01T20:24:10Z,ISLAND,44.62719298245457,0.0,"B1 logic. V: -0.100, SOC: 44.7%",0
2026-01-01T20:24:15Z,ISLAND,44.60160818713293,0.0,"B1 logic. V: -0.100, SOC: 44.6%",0
2026-01-01T20:24:20Z,ISLAND,44.57602339181129,0.0,"B1 logic. V: -0.100, SOC: 44.6%",0
2026-01-01T20:24:25Z,ISLAND,44.55043859648965,0.0,"B1 logic. V: -0.100, SOC: 44.6%",0
2026-01-01T20:24:30Z,ISLAND,44.524853801168014,0.0,"B1 logic. V: -0.100, SOC: 44.6%",0
2026-01-01T20:24:35Z,ISLAND,44.49926900584637,0.0,"B1 logic. V: -0.100, SOC: 44.5%",0
2026-01-01T20:24:40Z,ISLAND,44.47368421052474,0.0,"B1 logic. V: -0.100, SOC: 44.5%",0
2026-01-01T20:24:45Z,ISLAND,44.4480994152031,0.0,"B1 logic. V: -0.100, SOC: 44.5%",0
2026-01-01T20:24:50Z,ISLAND,44.42251461988146,0.0,"B1 logic. V: -0.100, SOC: 44.4%",0
2026-01-01T20:24:55Z,ISLAND,44.39692982455982,0.0,"B1 logic. V: -0.100, SOC: 44.4%",0
2026-01-01T20:25:00Z,ISLAND,44.371345029238185,0.0,"B1 logic. V: -0.100, SOC: 44.4%",0
2026-01-01T20:25:05Z,ISLAND,44.34576023391655,0.0,"B1 logic. V: -0.100, SOC: 44.4%",0
2026-01-01T20:25:10Z,ISLAND,44.32017543859491,0.0,"B1 logic. V: -0.100, SOC: 44.3%",0
2026-01-01T20:25:15Z,ISLAND,44.29459064327327,0.0,"B1 logic. V: -0.100, SOC: 44.3%",0
2026-01-01T20:25:20Z,ISLAND,44.26900584795163,0.0,"B1 logic. V: -0.100, SOC: 44.3%",0
2026-01-01T20:25:25Z,ISLAND,44.24342105263,0.0,"B1 logic. V: -0.100, SOC: 44.3%",0
2026-01-01T20:25:30Z,ISLAND,44.217836257308356,0.0,"B1 logic. V: -0.100, SOC: 44.2%",0
2026-01-01T20:25:35Z,ISLAND,44.19225146198672,0.0,"B1 logic. V: -0.100, SOC: 44.2%",0
2026-01-01T20:25:40Z,ISLAND,44.16666666666508,0.0,"B1 logic. V: -0.100, SOC: 44.2%",0
2026-01-01T20:25:45Z,ISLAND,44.14108187134344,0.0,"B1 logic. V: -0.100, SOC: 44.2%",0
2026-01-01T20:25:50Z,ISLAND,44.1154970760218,0.0,"B1 logic. V: -0.100, SOC: 44.1%",0
2026-01-01T20:25:55Z,ISLAND,44.08991228070017,0.0,"B1 logic. V: -0.100, SOC: 44.1%",0
2026-01-01T20:26:00Z,ISLAND,44.06432748537853,0.0,"B1 logic. V: -0.100, SOC: 44.1%",0
2026-01-01T20:26:05Z,ISLAND,44.038742690056885,0.0,"B1 logic. V: -0.100, SOC: 44.1%",0
2026-01-01T20:26:10Z,ISLAND,44.01315789473525,0.0,"B1 logic. V: -0.100, SOC: 44.0%",0
2026-01-01T20:26:15Z,ISLAND,43.98757309941361,0.0,"B1 logic. V: -0.100, SOC: 44.0%",0
2026-01-01T20:26:20Z,ISLAND,43.961988304091975,0.0,"B1 logic. V: -0.100, SOC: 44.0%",0
2026-01-01T20:26:25Z,ISLAND,43.93640350877034,0.0,"B1 logic. V: -0.100, SOC: 44.0%",0
2026-01-01T20:26:30Z,ISLAND,43.9108187134487,0.0,"B1 logic. V: -0.100, SOC: 43.9%",0
2026-01-01T20:26:35Z,ISLAND,43.88523391812706,0.0,"B1 logic. V: -0.100, SOC: 43.9%",0
2026-01-01T20:26:40Z,ISLAND,43.85964912280542,0.0,"B1 logic. V: -0.100, SOC: 43.9%",0
2026-01-01T20:26:45Z,ISLAND,43.83406432748379,0.0,"B1 logic. V: -0.100, SOC: 43.9%",0
2026-01-01T20:26:50Z,ISLAND,43.808479532162146,0.0,"B1 logic. V: -0.100, SOC: 43.8%",0
2026-01-01T20:26:55Z,ISLAND,43.782894736840504,0.0,"B1 logic. V: -0.100, SOC: 43.8%",0
2026-01-01T20:27:00Z,ISLAND,43.75730994151887,0.0,"B1 logic. V: -0.100, SOC: 43.8%",0
2026-01-01T20:27:05Z,ISLAND,43.731725146197235,0.0,"B1 logic. V: -0.100, SOC: 43.8%",0
2026-01-01T20:27:10Z,ISLAND,43.70614035087559,0.0,"B1 logic. V: -0.100, SOC: 43.7%",0
2026-01-01T20:27:15Z,ISLAND,43.68055555555396,0.0,"B1 logic. V: -0.100, SOC: 43.7%",0
2026-01-01T20:27:20Z,ISLAND,43.65497076023232,0.0,"B1 logic. V: -0.100, SOC: 43.7%",0
2026-01-01T20:27:25Z,ISLAND,43.629385964910675,0.0,"B1 logic. V: -0.100, SOC: 43.7%",0
2026-01-01T20:27:30Z,ISLAND,43.60380116958904,0.0,"B1 logic. V: -0.100, SOC: 43.6%",0
2026-01-01T20:27:35Z,ISLAND,43.578216374267406,0.0,"B1 logic. V: -0.100, SOC: 43.6%",0
2026-01-01T20:27:40Z,ISLAND,43.552631578945764,0.0,"B1 logic. V: -0.100, SOC: 43.6%",0
2026-01-01T20:27:45Z,ISLAND,43.52704678362412,0.0,"B1 logic. V: -0.100, SOC: 43.6%",0
2026-01-01T20:27:50Z,ISLAND,43.50146198830249,0.0,"B1 logic. V: -0.100, SOC: 43.5%",0
2026-01-01T20:27:55Z,ISLAND,43.475877192980846,0.0,"B1 logic. V: -0.100, SOC: 43.5%",0
2026-01-01T20:28:00Z,ISLAND,43.45029239765921,0.0,"B1 logic. V: -0.100, SOC: 43.5%",0
2026-01-01T20:28:05Z,ISLAND,43.42470760233758,0.0,"B1 logic. V: -0.100, SOC: 43.5%",0
2026-01-01T20:28:10Z,ISLAND,43.399122807015935,0.0,"B1 logic. V: -0.100, SOC: 43.4%",0
2026-01-01T20:28:15Z,ISLAND,43.37353801169429,0.0,"B1 logic. V: -0.100, SOC: 43.4%",0
2026-01-01T20:28:20Z,ISLAND,43.34795321637266,0.0,"B1 logic. V: -0.100, SOC: 43.4%",0
2026-01-01T20:28:25Z,ISLAND,43.322368421051024,0.0,"B1 logic. V: -0.100, SOC: 43.3%",0
2026-01-01T20:28:30Z,ISLAND,43.29678362572938,0.0,"B1 logic. V: -0.100, SOC: 43.3%",0
2026-01-01T20:28:35Z,ISLAND,43.27119883040774,0.0,"B1 logic. V: -0.100, SOC: 43.3%",0
2026-01-01T20:28:40Z,ISLAND,43.245614035086106,0.0,"B1 logic. V: -0.100, SOC: 43.3%",0
2026-01-01T20:28:45Z,ISLAND,43.22002923976447,0.0,"B1 logic. V: -0.100, SOC: 43.2%",0
2026-01-01T20:28:50Z,ISLAND,43.19444444444283,0.0,"B1 logic. V: -0.100, SOC: 43.2%",0
2026-01-01T20:28:55Z,ISLAND,43.168859649121195,0.0,"B1 logic. V: -0.100, SOC: 43.2%",0
2026-01-01T20:29:00Z,ISLAND,43.143274853799554,0.0,"B1 logic. V: -0.100, SOC: 43.2%",0
2026-01-01T20:29:05Z,ISLAND,43.11769005847791,0.0,"B1 logic. V: -0.100, SOC: 43.1%",0
2026-01-01T20:29:10Z,ISLAND,43.09210526315628,0.0,"B1 logic. V: -0.100, SOC: 43.1%",0
2026-01-01T20:29:15Z,ISLAND,43.06652046783464,0.0,"B1 logic. V: -0.100, SOC: 43.1%",0
2026-01-01T20:29:20Z,ISLAND,43.040935672513,0.0,"B1 logic. V: -0.100, SOC: 43.1%",0
2026-01-01T20:29:25Z,ISLAND,43.01535087719136,0.0,"B1 logic. V: -0.100, SOC: 43.0%",0
2026-01-01T20:29:30Z,ISLAND,42.989766081869725,0.0,"B1 logic. V: -0.100, SOC: 43.0%",0
2026-01-01T20:29:35Z,ISLAND,42.96418128654808,0.0,"B1 logic. V: -0.100, SOC: 43.0%",0
2026-01-01T20:29:40Z,ISLAND,42.93859649122645,0.0,"B1 logic. V: -0.100, SOC: 43.0%",0
2026-01-01T20:29:45Z,ISLAND,42.913011695904814,0.0,"B1 logic. V: -0.100, SOC: 42.9%",0
2026-01-01T20:29:50Z,ISLAND,42.88742690058317,0.0,"B1 logic. V: -0.100, SOC: 42.9%",0
2026-01-01T20:29:55Z,ISLAND,42.86184210526153,0.0,"B1 logic. V: -0.100, SOC: 42.9%",0
2026-01-01T20:30:00Z,ISLAND,42.836257309939896,0.0,"B1 logic. V: -0.100, SOC: 42.9%",0
2026-01-01T20:30:05Z,ISLAND,42.81067251461826,0.0,"B1 logic. V: -0.100, SOC: 42.8%",0
2026-01-01T20:30:10Z,ISLAND,42.78508771929662,0.0,"B1 logic. V: -0.100, SOC: 42.8%",0
2026-01-01T20:30:15Z,ISLAND,42.75950292397498,0.0,"B1 logic. V: -0.100, SOC: 42.8%",0
2026-01-01T20:30:20Z,ISLAND,42.73391812865334,0.0,"B1 logic. V: -0.100, SOC: 42.8%",0
2026-01-01T20:30:25Z,ISLAND,42.70833333333171,0.0,"B1 logic. V: -0.100, SOC: 42.7%",0
2026-01-01T20:30:30Z,ISLAND,42.68274853801007,0.0,"B1 logic. V: -0.100, SOC: 42.7%",0
2026-01-01T20:30:35Z,ISLAND,42.65716374268843,0.0,"B1 logic. V: -0.100, SOC: 42.7%",0
2026-01-01T20:30:40Z,ISLAND,42.63157894736679,0.0,"B1 logic. V: -0.100, SOC: 42.7%",0
2026-01-01T20:30:45Z,ISLAND,42.60599415204515,0.0,"B1 logic. V: -0.100, SOC: 42.6%",0
2026-01-01T20:30:50Z,ISLAND,42.580409356723514,0.0,"B1 logic. V: -0.100, SOC: 42.6%",0
2026-01-01T20:30:55Z,ISLAND,42.55482456140188,0.0,"B1 logic. V: -0.100, SOC: 42.6%",0
2026-01-01T20:31:00Z,ISLAND,42.52923976608024,0.0,"B1 logic. V: -0.100, SOC: 42.6%",0
2026-01-01T20:31:05Z,ISLAND,42.503654970758596,0.0,"B1 logic. V: -0.100, SOC: 42.5%",0
2026-01-01T20:31:10Z,ISLAND,42.47807017543696,0.0,"B1 logic. V: -0.100, SOC: 42.5%",0
2026-01-01T20:31:15Z,ISLAND,42.45248538011532,0.0,"B1 logic. V: -0.100, SOC: 42.5%",0
2026-01-01T20:31:20Z,ISLAND,42.426900584793685,0.0,"B1 logic. V: -0.100, SOC: 42.5%",0
2026-01-01T20:31:25Z,ISLAND,42.40131578947205,0.0,"B1 logic. V: -0.100, SOC: 42.4%",0
2026-01-01T20:31:30Z,ISLAND,42.37573099415041,0.0,"B1 logic. V: -0.100, SOC: 42.4%",0
2026-01-01T20:31:35Z,ISLAND,42.35014619882877,0.0,"B1 logic. V: -0.100, SOC: 42.4%",0
2026-01-01T20:31:40Z,ISLAND,42.32456140350713,0.0,"B1 logic. V: -0.100, SOC: 42.4%",0
2026-01-01T20:31:45Z,ISLAND,42.2989766081855,0.0,"B1 logic. V: -0.100, SOC: 42.3%",0
2026-01-01T20:31:50Z,ISLAND,42.273391812863856,0.0,"B1 logic. V: -0.100, SOC: 42.3%",0
2026-01-01T20:31:55Z,ISLAND,42.247807017542215,0.0,"B1 logic. V: -0.100, SOC: 42.3%",0
2026-01-01T20:32:00Z,ISLAND,42.22222222222058,0.0,"B1 logic. V: -0.100, SOC: 42.2%",0
2026-01-01T20:32:05Z,ISLAND,42.196637426898945,0.0,"B1 logic. V: -0.100, SOC: 42.2%",0
2026-01-01T20:32:10Z,ISLAND,42.171052631577304,0.0,"B1 logic. V: -0.100, SOC: 42.2%",0
2026-01-01T20:32:15Z,ISLAND,42.14546783625567,0.0,"B1 logic. V: -0.100, SOC: 42.2%",0
2026-01-01T20:32:20Z,ISLAND,42.11988304093403,0.0,"B1 logic. V: -0.100, SOC: 42.1%",0
2026-01-01T20:32:25Z,ISLAND,42.094298245612386,0.0,"B1 logic. V: -0.100, SOC: 42.1%",0
2026-01-01T20:32:30Z,ISLAND,42.06871345029075,0.0,"B1 logic. V: -0.100, SOC: 42.1%",0
2026-01-01T20:32:35Z,ISLAND,42.04312865496912,0.0,"B1 logic. V: -0.100, SOC: 42.1%",0
2026-01-01T20:32:40Z,ISLAND,42.017543859647475,0.0,"B1 logic. V: -0.100, SOC: 42.0%",0
2026-01-01T20:32:45Z,ISLAND,41.99195906432583,0.0,"B1 logic. V: -0.100, SOC: 42.0%",0
2026-01-01T20:32:50Z,ISLAND,41.9663742690042,0.0,"B1 logic. V: -0.100, SOC: 42.0%",0
2026-01-01T20:32:55Z,ISLAND,41.94078947368256,0.0,"B1 logic. V: -0.100, SOC: 42.0%",0
2026-01-01T20:33:00Z,ISLAND,41.91520467836092,0.0,"B1 logic. V: -0.100, SOC: 41.9%",0
2026-01-01T20:33:05Z,ISLAND,41.88961988303929,0.0,"B1 logic. V: -0.100, SOC: 41.9%",0
2026-01-01T20:33:10Z,ISLAND,41.864035087717646,0.0,"B1 logic. V: -0.100, SOC: 41.9%",0
2026-01-01T20:33:15Z,ISLAND,41.838450292396004,0.0,"B1 logic. V: -0.100, SOC: 41.9%",0
2026-01-01T20:33:20Z,ISLAND,41.81286549707437,0.0,"B1 logic. V: -0.100, SOC: 41.8%",0
2026-01-01T20:33:25Z,ISLAND,41.787280701752735,0.0,"B1 logic. V: -0.100, SOC: 41.8%",0
2026-01-01T20:33:30Z,ISLAND,41.76169590643109,0.0,"B1 logic. V: -0.100, SOC: 41.8%",0
2026-01-01T20:33:35Z,ISLAND,41.73611111110945,0.0,"B1 logic. V: -0.100, SOC: 41.8%",0
2026-01-01T20:33:40Z,ISLAND,41.71052631578782,0.0,"B1 logic. V: -0.100, SOC: 41.7%",0
2026-01-01T20:33:45Z,ISLAND,41.68494152046618,0.0,"B1 logic. V: -0.100, SOC: 41.7%",0
2026-01-01T20:33:50Z,ISLAND,41.65935672514454,0.0,"B1 logic. V: -0.100, SOC: 41.7%",0
2026-01-01T20:33:55Z,ISLAND,41.633771929822906,0.0,"B1 logic. V: -0.100, SOC: 41.7%",0
2026-01-01T20:34:00Z,ISLAND,41.608187134501264,0.0,"B1 logic. V: -0.100, SOC: 41.6%",0
2026-01-01T20:34:05Z,ISLAND,41.58260233917962,0.0,"B1 logic. V: -0.100, SOC: 41.6%",0
2026-01-01T20:34:10Z,ISLAND,41.55701754385799,0.0,"B1 logic. V: -0.100, SOC: 41.6%",0
2026-01-01T20:34:15Z,ISLAND,41.53143274853635,0.0,"B1 logic. V: -0.100, SOC: 41.6%",0
2026-01-01T20:34:20Z,ISLAND,41.50584795321471,0.0,"B1 logic. V: -0.100, SOC: 41.5%",0
2026-01-01T20:34:25Z,ISLAND,41.48026315789307,0.0,"B1 logic. V: -0.100, SOC: 41.5%",0
2026-01-01T20:34:30Z,ISLAND,41.454678362571435,0.0,"B1 logic. V: -0.100, SOC: 41.5%",0
2026-01-01T20:34:35Z,ISLAND,41.429093567249794,0.0,"B1 logic. V: -0.100, SOC: 41.5%",0
2026-01-01T20:34:40Z,ISLAND,41.40350877192816,0.0,"B1 logic. V: -0.100, SOC: 41.4%",0
2026-01-01T20:34:45Z,ISLAND,41.377923976606525,0.0,"B1 logic. V: -0.100, SOC: 41.4%",0
2026-01-01T20:34:50Z,ISLAND,41.35233918128488,0.0,"B1 logic. V: -0.100, SOC: 41.4%",0
2026-01-01T20:34:55Z,ISLAND,41.32675438596324,0.0,"B1 logic. V: -0.100, SOC: 41.4%",0
2026-01-01T20:35:00Z,ISLAND,41.30116959064161,0.0,"B1 logic. V: -0.100, SOC: 41.3%",0
2026-01-01T20:35:05Z,ISLAND,41.27558479531997,0.0,"B1 logic. V: -0.100, SOC: 41.3%",0
2026-01-01T20:35:10Z,ISLAND,41.24999999999833,0.0,"B1 logic. V: -0.100, SOC: 41.3%",0
2026-01-01T20:35:15Z,ISLAND,41.22441520467669,0.0,"B1 logic. V: -0.100, SOC: 41.2%",0
2026-01-01T20:35:20Z,ISLAND,41.198830409355054,0.0,"B1 logic. V: -0.100, SOC: 41.2%",0
2026-01-01T20:35:25Z,ISLAND,41.17324561403342,0.0,"B1 logic. V: -0.100, SOC: 41.2%",0
2026-01-01T20:35:30Z,ISLAND,41.14766081871178,0.0,"B1 logic. V: -0.100, SOC: 41.2%",0
2026-01-01T20:35:35Z,ISLAND,41.12207602339014,0.0,"B1 logic. V: -0.100, SOC: 41.1%",0
2026-01-01T20:35:40Z,ISLAND,41.0964912280685,0.0,"B1 logic. V: -0.100, SOC: 41.1%",0
2026-01-01T20:35:45Z,ISLAND,41.07090643274686,0.0,"B1 logic. V: -0.100, SOC: 41.1%",0
2026-01-01T20:35:50Z,ISLAND,41.045321637425225,0.0,"B1 logic. V: -0.100, SOC: 41.1%",0
2026-01-01T20:35:55Z,ISLAND,41.01973684210359,0.0,"B1 logic. V: -0.100, SOC: 41.0%",0
2026-01-01T20:36:00Z,ISLAND,40.99415204678195,0.0,"B1 logic. V: -0.100, SOC: 41.0%",0
2026-01-01T20:36:05Z,ISLAND,40.96856725146031,0.0,"B1 logic. V: -0.100, SOC: 41.0%",0
2026-01-01T20:36:10Z,ISLAND,40.94298245613867,0.0,"B1 logic. V: -0.100, SOC: 41.0%",0
2026-01-01T20:36:15Z,ISLAND,40.91739766081703,0.0,"B1 logic. V: -0.100, SOC: 40.9%",0
2026-01-01T20:36:20Z,ISLAND,40.891812865495396,0.0,"B1 logic. V: -0.100, SOC: 40.9%",0
2026-01-01T20:36:25Z,ISLAND,40.86622807017376,0.0,"B1 logic. V: -0.100, SOC: 40.9%",0
2026-01-01T20:36:30Z,ISLAND,40.84064327485212,0.0,"B1 logic. V: -0.100, SOC: 40.9%",0
2026-01-01T20:36:35Z,ISLAND,40.81505847953048,0.0,"B1 logic. V: -0.100, SOC: 40.8%",0
2026-01-01T20:36:40Z,ISLAND,40.78947368420884,0.0,"B1 logic. V: -0.100, SOC: 40.8%",0
2026-01-01T20:36:45Z,ISLAND,40.76388888888721,0.0,"B1 logic. V: -0.100, SOC: 40.8%",0
2026-01-01T20:36:50Z,ISLAND,40.73830409356557,0.0,"B1 logic. V: -0.100, SOC: 40.8%",0
2026-01-01T20:36:55Z,ISLAND,40.712719298243925,0.0,"B1 logic. V: -0.100, SOC: 40.7%",0
2026-01-01T20:37:00Z,ISLAND,40.68713450292229,0.0,"B1 logic. V: -0.100, SOC: 40.7%",0
2026-01-01T20:37:05Z,ISLAND,40.661549707600656,0.0,"B1 logic. V: -0.100, SOC: 40.7%",0
2026-01-01T20:37:10Z,ISLAND,40.635964912279015,0.0,"B1 logic. V: -0.100, SOC: 40.7%",0
2026-01-01T20:37:15Z,ISLAND,40.61038011695738,0.0,"B1 logic. V: -0.100, SOC: 40.6%",0
2026-01-01T20:37:20Z,ISLAND,40.58479532163574,0.0,"B1 logic. V: -0.100, SOC: 40.6%",0
2026-01-01T20:37:25Z,ISLAND,40.5592105263141,0.0,"B1 logic. V: -0.100, SOC: 40.6%",0
2026-01-01T20:37:30Z,ISLAND,40.53362573099246,0.0,"B1 logic. V: -0.100, SOC: 40.6%",0
2026-01-01T20:37:35Z,ISLAND,40.50804093567083,0.0,"B1 logic. V: -0.100, SOC: 40.5%",0
2026-01-01T20:37:40Z,ISLAND,40.482456140349186,0.0,"B1 logic. V: -0.100, SOC: 40.5%",0
2026-01-01T20:37:45Z,ISLAND,40.456871345027544,0.0,"B1 logic. V: -0.100, SOC: 40.5%",0
2026-01-01T20:37:50Z,ISLAND,40.43128654970591,0.0,"B1 logic. V: -0.100, SOC: 40.5%",0
2026-01-01T20:37:55Z,ISLAND,40.40570175438427,0.0,"B1 logic. V: -0.100, SOC: 40.4%",0
2026-01-01T20:38:00Z,ISLAND,40.38011695906263,0.0,"B1 logic. V: -0.100, SOC: 40.4%",0
2026-01-01T20:38:05Z,ISLAND,40.354532163741,0.0,"B1 logic. V: -0.100, SOC: 40.4%",0
2026-01-01T20:38:10Z,ISLAND,40.32894736841936,0.0,"B1 logic. V: -0.100, SOC: 40.4%",0
2026-01-01T20:38:15Z,ISLAND,40.303362573097715,0.0,"B1 logic. V: -0.100, SOC: 40.3%",0
2026-01-01T20:38:20Z,ISLAND,40.27777777777608,0.0,"B1 logic. V: -0.100, SOC: 40.3%",0
2026-01-01T20:38:25Z,ISLAND,40.252192982454446,0.0,"B1 logic. V: -0.100, SOC: 40.3%",0
2026-01-01T20:38:30Z,ISLAND,40.226608187132804,0.0,"B1 logic. V: -0.100, SOC: 40.3%",0
2026-01-01T20:38:35Z,ISLAND,40.20102339181116,0.0,"B1 logic. V: -0.100, SOC: 40.2%",0
2026-01-01T20:38:40Z,ISLAND,40.17543859648953,0.0,"B1 logic. V: -0.100, SOC: 40.2%",0
2026-01-01T20:38:45Z,ISLAND,40.14985380116789,0.0,"B1 logic. V: -0.100, SOC: 40.2%",0
2026-01-01T20:38:50Z,ISLAND,40.12426900584625,0.0,"B1 logic. V: -0.100, SOC: 40.1%",0
2026-01-01T20:38:55Z,ISLAND,40.09868421052462,0.0,"B1 logic. V: -0.100, SOC: 40.1%",0
2026-01-01T20:39:00Z,ISLAND,40.073099415202975,0.0,"B1 logic. V: -0.100, SOC: 40.1%",0
2026-01-01T20:39:05Z,ISLAND,40.04751461988133,0.0,"B1 logic. V: -0.100, SOC: 40.1%",0
2026-01-01T20:39:10Z,ISLAND,40.0219298245597,0.0,"B1 logic. V: -0.100, SOC: 40.0%",0
2026-01-01T20:39:15Z,ISLAND,39.996345029238064,0.0,"B1 logic. V: -0.100, SOC: 40.0%",0
2026-01-01T20:39:20Z,ISLAND,39.97076023391642,0.0,"B1 logic. V: -0.100, SOC: 40.0%",0
2026-01-01T20:39:25Z,ISLAND,39.94517543859478,0.0,"B1 logic. V: -0.100, SOC: 40.0%",0
2026-01-01T20:39:30Z,ISLAND,39.919590643273146,0.0,"B1 logic. V: -0.100, SOC: 39.9%",0
2026-01-01T20:39:35Z,ISLAND,39.894005847951505,0.0,"B1 logic. V: -0.100, SOC: 39.9%",0
2026-01-01T20:39:40Z,ISLAND,39.86842105262987,0.0,"B1 logic. V: -0.100, SOC: 39.9%",0
2026-01-01T20:39:45Z,ISLAND,39.842836257308235,0.0,"B1 logic. V: -0.100, SOC: 39.9%",0
2026-01-01T20:39:50Z,ISLAND,39.817251461986594,0.0,"B1 logic. V: -0.100, SOC: 39.8%",0
2026-01-01T20:39:55Z,ISLAND,39.79166666666495,0.0,"B1 logic. V: -0.100, SOC: 39.8%",0
2026-01-01T20:40:00Z,ISLAND,39.76608187134332,0.0,"B1 logic. V: -0.100, SOC: 39.8%",0
2026-01-01T20:40:05Z,ISLAND,39.74049707602168,0.0,"B1 logic. V: -0.100, SOC: 39.8%",0
2026-01-01T20:40:10Z,ISLAND,39.71491228070004,0.0,"B1 logic. V: -0.100, SOC: 39.7%",0
2026-01-01T20:40:15Z,ISLAND,39.6893274853784,0.0,"B1 logic. V: -0.100, SOC: 39.7%",0
2026-01-01T20:40:20Z,ISLAND,39.663742690056765,0.0,"B1 logic. V: -0.100, SOC: 39.7%",0
2026-01-01T20:40:25Z,ISLAND,39.63815789473513,0.0,"B1 logic. V: -0.100, SOC: 39.7%",0
2026-01-01T20:40:30Z,ISLAND,39.61257309941349,0.0,"B1 logic. V: -0.100, SOC: 39.6%",0
2026-01-01T20:40:35Z,ISLAND,39.586988304091854,0.0,"B1 logic. V: -0.100, SOC: 39.6%",0
2026-01-01T20:40:40Z,ISLAND,39.56140350877021,0.0,"B1 logic. V: -0.100, SOC: 39.6%",0
2026-01-01T20:40:45Z,ISLAND,39.53581871344857,0.0,"B1 logic. V: -0.100, SOC: 39.6%",0
2026-01-01T20:40:50Z,ISLAND,39.510233918126936,0.0,"B1 logic. V: -0.100, SOC: 39.5%",0
2026-01-01T20:40:55Z,ISLAND,39.4846491228053,0.0,"B1 logic. V: -0.100, SOC: 39.5%",0
2026-01-01T20:41:00Z,ISLAND,39.45906432748366,0.0,"B1 logic. V: -0.100, SOC: 39.5%",0
2026-01-01T20:41:05Z,ISLAND,39.43347953216202,0.0,"B1 logic. V: -0.100, SOC: 39.5%",0
2026-01-01T20:41:10Z,ISLAND,39.40789473684038,0.0,"B1 logic. V: -0.100, SOC: 39.4%",0
2026-01-01T20:41:15Z,ISLAND,39.38230994151874,0.0,"B1 logic. V: -0.100, SOC: 39.4%",0
2026-01-01T20:41:20Z,ISLAND,39.35672514619711,0.0,"B1 logic. V: -0.100, SOC: 39.4%",0
2026-01-01T20:41:25Z,ISLAND,39.33114035087547,0.0,"B1 logic. V: -0.100, SOC: 39.4%",0
2026-01-01T20:41:30Z,ISLAND,39.30555555555383,0.0,"B1 logic. V: -0.100, SOC: 39.3%",0
2026-01-01T20:41:35Z,ISLAND,39.27997076023219,0.0,"B1 logic. V: -0.100, SOC: 39.3%",0
2026-01-01T20:41:40Z,ISLAND,39.254385964910554,0.0,"B1 logic. V: -0.100, SOC: 39.3%",0
2026-01-01T20:41:45Z,ISLAND,39.22880116958892,0.0,"B1 logic. V: -0.100, SOC: 39.3%",0
2026-01-01T20:41:50Z,ISLAND,39.20321637426728,0.0,"B1 logic. V: -0.100, SOC: 39.2%",0
2026-01-01T20:41:55Z,ISLAND,39.177631578945636,0.0,"B1 logic. V: -0.100, SOC: 39.2%",0
2026-01-01T20:42:00Z,ISLAND,39.152046783624,0.0,"B1 logic. V: -0.100, SOC: 39.2%",0
2026-01-01T20:42:05Z,ISLAND,39.12646198830237,0.0,"B1 logic. V: -0.100, SOC: 39.2%",0
2026-01-01T20:42:10Z,ISLAND,39.100877192980725,0.0,"B1 logic. V: -0.100, SOC: 39.1%",0
2026-01-01T20:42:15Z,ISLAND,39.07529239765909,0.0,"B1 logic. V: -0.100, SOC: 39.1%",0
2026-01-01T20:42:20Z,ISLAND,39.04970760233745,0.0,"B1 logic. V: -0.100, SOC: 39.1%",0
2026-01-01T20:42:25Z,ISLAND,39.02412280701581,0.0,"B1 logic. V: -0.100, SOC: 39.0%",0
2026-01-01T20:42:30Z,ISLAND,38.99853801169417,0.0,"B1 logic. V: -0.100, SOC: 39.0%",0
2026-01-01T20:42:35Z,ISLAND,38.97295321637254,0.0,"B1 logic. V: -0.100, SOC: 39.0%",0
2026-01-01T20:42:40Z,ISLAND,38.947368421050896,0.0,"B1 logic. V: -0.100, SOC: 39.0%",0
2026-01-01T20:42:45Z,ISLAND,38.921783625729255,0.0,"B1 logic. V: -0.100, SOC: 38.9%",0
2026-01-01T20:42:50Z,ISLAND,38.89619883040762,0.0,"B1 logic. V: -0.100, SOC: 38.9%",0
2026-01-01T20:42:55Z,ISLAND,38.87061403508598,0.0,"B1 logic. V: -0.100, SOC: 38.9%",0
2026-01-01T20:43:00Z,ISLAND,38.845029239764344,0.0,"B1 logic. V: -0.100, SOC: 38.9%",0
2026-01-01T20:43:05Z,ISLAND,38.81944444444271,0.0,"B1 logic. V: -0.100, SOC: 38.8%",0
2026-01-01T20:43:10Z,ISLAND,38.79385964912107,0.0,"B1 logic. V: -0.100, SOC: 38.8%",0
2026-01-01T20:43:15Z,ISLAND,38.768274853799426,0.0,"B1 logic. V: -0.100, SOC: 38.8%",0
2026-01-01T20:43:20Z,ISLAND,38.74269005847779,0.0,"B1 logic. V: -0.100, SOC: 38.8%",0
2026-01-01T20:43:25Z,ISLAND,38.71710526315616,0.0,"B1 logic. V: -0.100, SOC: 38.7%",0
2026-01-01T20:43:30Z,ISLAND,38.691520467834515,0.0,"B1 logic. V: -0.100, SOC: 38.7%",0
2026-01-01T20:43:35Z,ISLAND,38.66593567251287,0.0,"B1 logic. V: -0.100, SOC: 38.7%",0
2026-01-01T20:43:40Z,ISLAND,38.64035087719124,0.0,"B1 logic. V: -0.100, SOC: 38.7%",0
2026-01-01T20:43:45Z,ISLAND,38.614766081869604,0.0,"B1 logic. V: -0.100, SOC: 38.6%",0
2026-01-01T20:43:50Z,ISLAND,38.58918128654796,0.0,"B1 logic. V: -0.100, SOC: 38.6%",0
2026-01-01T20:43:55Z,ISLAND,38.56359649122633,0.0,"B1 logic. V: -0.100, SOC: 38.6%",0
2026-01-01T20:44:00Z,ISLAND,38.538011695904686,0.0,"B1 logic. V: -0.100, SOC: 38.6%",0
2026-01-01T20:44:05Z,ISLAND,38.512426900583044,0.0,"B1 logic. V: -0.100, SOC: 38.5%",0
2026-01-01T20:44:10Z,ISLAND,38.48684210526141,0.0,"B1 logic. V: -0.100, SOC: 38.5%",0
2026-01-01T20:44:15Z,ISLAND,38.461257309939775,0.0,"B1 logic. V: -0.100, SOC: 38.5%",0
2026-01-01T20:44:20Z,ISLAND,38.43567251461813,0.0,"B1 logic. V: -0.100, SOC: 38.5%",0
2026-01-01T20:44:25Z,ISLAND,38.41008771929649,0.0,"B1 logic. V: -0.100, SOC: 38.4%",0
2026-01-01T20:44:30Z,ISLAND,38.38450292397486,0.0,"B1 logic. V: -0.100, SOC: 38.4%",0
2026-01-01T20:44:35Z,ISLAND,38.358918128653215,0.0,"B1 logic. V: -0.100, SOC: 38.4%",0
2026-01-01T20:44:40Z,ISLAND,38.33333333333158,0.0,"B1 logic. V: -0.100, SOC: 38.4%",0
2026-01-01T20:44:45Z,ISLAND,38.307748538009946,0.0,"B1 logic. V: -0.100, SOC: 38.3%",0
2026-01-01T20:44:50Z,ISLAND,38.282163742688304,0.0,"B1 logic. V: -0.100, SOC: 38.3%",0
2026-01-01T20:44:55Z,ISLAND,38.25657894736666,0.0,"B1 logic. V: -0.100, SOC: 38.3%",0
2026-01-01T20:45:00Z,ISLAND,38.23099415204503,0.0,"B1 logic. V: -0.100, SOC: 38.3%",0
2026-01-01T20:45:05Z,ISLAND,38.20540935672339,0.0,"B1 logic. V: -0.099, SOC: 38.2%",0
2026-01-01T20:45:10Z,ISLAND,38.17982456140175,0.0,"B1 logic. V: -0.099, SOC: 38.2%",0
2026-01-01T20:45:15Z,ISLAND,38.15423976608011,0.0,"B1 logic. V: -0.099, SOC: 38.2%",0
2026-01-01T20:45:20Z,ISLAND,38.128654970758475,0.0,"B1 logic. V: -0.099, SOC: 38.2%",0
2026-01-01T20:45:25Z,ISLAND,38.10307017543684,0.0,"B1 logic. V: -0.099, SOC: 38.1%",0
2026-01-01T20:45:30Z,ISLAND,38.0774853801152,0.0,"B1 logic. V: -0.099, SOC: 38.1%",0
2026-01-01T20:45:35Z,ISLAND,38.051900584793565,0.0,"B1 logic. V: -0.099, SOC: 38.1%",0
2026-01-01T20:45:40Z,ISLAND,38.02631578947192,0.0,"B1 logic. V: -0.099, SOC: 38.1%",0
2026-01-01T20:45:45Z,ISLAND,38.00073099415028,0.0,"B1 logic. V: -0.099, SOC: 38.0%",0
2026-01-01T20:45:50Z,ISLAND,37.97514619882865,0.0,"B1 logic. V: -0.099, SOC: 38.0%",0
2026-01-01T20:45:55Z,ISLAND,37.94956140350701,0.0,"B1 logic. V: -0.099, SOC: 38.0%",0
2026-01-01T20:46:00Z,ISLAND,37.92397660818537,0.0,"B1 logic. V: -0.099, SOC: 37.9%",0
2026-01-01T20:46:05Z,ISLAND,37.89839181286373,0.0,"B1 logic. V: -0.099, SOC: 37.9%",0
2026-01-01T20:46:10Z,ISLAND,37.872807017542094,0.0,"B1 logic. V: -0.099, SOC: 37.9%",0
2026-01-01T20:46:15Z,ISLAND,37.84722222222045,0.0,"B1 logic. V: -0.099, SOC: 37.9%",0
2026-01-01T20:46:20Z,ISLAND,37.82163742689882,0.0,"B1 logic. V: -0.099, SOC: 37.8%",0
2026-01-01T20:46:25Z,ISLAND,37.79605263157718,0.0,"B1 logic. V: -0.099, SOC: 37.8%",0
2026-01-01T20:46:30Z,ISLAND,37.77046783625554,0.0,"B1 logic. V: -0.099, SOC: 37.8%",0
2026-01-01T20:46:35Z,ISLAND,37.7448830409339,0.0,"B1 logic. V: -0.099, SOC: 37.8%",0
2026-01-01T20:46:40Z,ISLAND,37.719298245612265,0.0,"B1 logic. V: -0.099, SOC: 37.7%",0
2026-01-01T20:46:45Z,ISLAND,37.69371345029063,0.0,"B1 logic. V: -0.099, SOC: 37.7%",0
2026-01-01T20:46:50Z,ISLAND,37.66812865496899,0.0,"B1 logic. V: -0.099, SOC: 37.7%",0
2026-01-01T20:46:55Z,ISLAND,37.64254385964735,0.0,"B1 logic. V: -0.099, SOC: 37.7%",0
2026-01-01T20:47:00Z,ISLAND,37.61695906432571,0.0,"B1 logic. V: -0.099, SOC: 37.6%",0
2026-01-01T20:47:05Z,ISLAND,37.59137426900408,0.0,"B1 logic. V: -0.099, SOC: 37.6%",0
2026-01-01T20:47:10Z,ISLAND,37.565789473682436,0.0,"B1 logic. V: -0.099, SOC: 37.6%",0
2026-01-01T20:47:15Z,ISLAND,37.5402046783608,0.0,"B1 logic. V: -0.099, SOC: 37.6%",0
2026-01-01T20:47:20Z,ISLAND,37.51461988303916,0.0,"B1 logic. V: -0.099, SOC: 37.5%",0
2026-01-01T20:47:25Z,ISLAND,37.48903508771752,0.0,"B1 logic. V: -0.099, SOC: 37.5%",0
2026-01-01T20:47:30Z,ISLAND,37.46345029239588,0.0,"B1 logic. V: -0.099, SOC: 37.5%",0
2026-01-01T20:47:35Z,ISLAND,37.43786549707425,0.0,"B1 logic. V: -0.099, SOC: 37.5%",0
2026-01-01T20:47:40Z,ISLAND,37.41228070175261,0.0,"B1 logic. V: -0.099, SOC: 37.4%",0
2026-01-01T20:47:45Z,ISLAND,37.386695906430965,0.0,"B1 logic. V: -0.099, SOC: 37.4%",0
2026-01-01T20:47:50Z,ISLAND,37.36111111110933,0.0,"B1 logic. V: -0.099, SOC: 37.4%",0
2026-01-01T20:47:55Z,ISLAND,37.33552631578769,0.0,"B1 logic. V: -0.099, SOC: 37.4%",0
2026-01-01T20:48:00Z,ISLAND,37.309941520466054,0.0,"B1 logic. V: -0.099, SOC: 37.3%",0
2026-01-01T20:48:05Z,ISLAND,37.28435672514442,0.0,"B1 logic. V: -0.099, SOC: 37.3%",0
2026-01-01T20:48:10Z,ISLAND,37.25877192982278,0.0,"B1 logic. V: -0.099, SOC: 37.3%",0
2026-01-01T20:48:15Z,ISLAND,37.23318713450114,0.0,"B1 logic. V: -0.099, SOC: 37.3%",0
2026-01-01T20:48:20Z,ISLAND,37.2076023391795,0.0,"B1 logic. V: -0.099, SOC: 37.2%",0
2026-01-01T20:48:25Z,ISLAND,37.18201754385787,0.0,"B1 logic. V: -0.099, SOC: 37.2%",0
2026-01-01T20:48:30Z,ISLAND,37.156432748536226,0.0,"B1 logic. V: -0.099, SOC: 37.2%",0
2026-01-01T20:48:35Z,ISLAND,37.130847953214584,0.0,"B1 logic. V: -0.099, SOC: 37.2%",0
2026-01-01T20:48:40Z,ISLAND,37.10526315789295,0.0,"B1 logic. V: -0.099, SOC: 37.1%",0
2026-01-01T20:48:45Z,ISLAND,37.079678362571315,0.0,"B1 logic. V: -0.099, SOC: 37.1%",0
2026-01-01T20:48:50Z,ISLAND,37.05409356724967,0.0,"B1 logic. V: -0.099, SOC: 37.1%",0
2026-01-01T20:48:55Z,ISLAND,37.02850877192804,0.0,"B1 logic. V: -0.099, SOC: 37.1%",0
2026-01-01T20:49:00Z,ISLAND,37.0029239766064,0.0,"B1 logic. V: -0.099, SOC: 37.0%",0
2026-01-01T20:49:05Z,ISLAND,36.977339181284755,0.0,"B1 logic. V: -0.099, SOC: 37.0%",0
2026-01-01T20:49:10Z,ISLAND,36.95175438596312,0.0,"B1 logic. V: -0.099, SOC: 37.0%",0
2026-01-01T20:49:15Z,ISLAND,36.926169590641486,0.0,"B1 logic. V: -0.099, SOC: 37.0%",0
2026-01-01T20:49:20Z,ISLAND,36.900584795319844,0.0,"B1 logic. V: -0.099, SOC: 36.9%",0
2026-01-01T20:49:25Z,ISLAND,36.8749999999982,0.0,"B1 logic. V: -0.099, SOC: 36.9%",0
2026-01-01T20:49:30Z,ISLAND,36.84941520467657,0.0,"B1 logic. V: -0.099, SOC: 36.9%",0
2026-01-01T20:49:35Z,ISLAND,36.823830409354926,0.0,"B1 logic. V: -0.099, SOC: 36.8%",0
2026-01-01T20:49:40Z,ISLAND,36.79824561403329,0.0,"B1 logic. V: -0.099, SOC: 36.8%",0
2026-01-01T20:49:45Z,ISLAND,36.77266081871166,0.0,"B1 logic. V: -0.099, SOC: 36.8%",0
2026-01-01T20:49:50Z,ISLAND,36.747076023390015,0.0,"B1 logic. V: -0.099, SOC: 36.8%",0
2026-01-01T20:49:55Z,ISLAND,36.72149122806837,0.0,"B1 logic. V: -0.099, SOC: 36.7%",0
2026-01-01T20:50:00Z,ISLAND,36.69590643274674,0.0,"B1 logic. V: -0.099, SOC: 36.7%",0
2026-01-01T20:50:05Z,ISLAND,36.670321637425104,0.0,"B1 logic. V: -0.099, SOC: 36.7%",0
2026-01-01T20:50:10Z,ISLAND,36.64473684210346,0.0,"B1 logic. V: -0.099, SOC: 36.7%",0
2026-01-01T20:50:15Z,ISLAND,36.61915204678182,0.0,"B1 logic. V: -0.099, SOC: 36.6%",0
2026-01-01T20:50:20Z,ISLAND,36.593567251460186,0.0,"B1 logic. V: -0.099, SOC: 36.6%",0
2026-01-01T20:50:25Z,ISLAND,36.56798245613855,0.0,"B1 logic. V: -0.099, SOC: 36.6%",0
2026-01-01T20:50:30Z,ISLAND,36.54239766081691,0.0,"B1 logic. V: -0.099, SOC: 36.6%",0
2026-01-01T20:50:35Z,ISLAND,36.516812865495275,0.0,"B1 logic. V: -0.099, SOC: 36.5%",0
2026-01-01T20:50:40Z,ISLAND,36.491228070173634,0.0,"B1 logic. V: -0.099, SOC: 36.5%",0
2026-01-01T20:50:45Z,ISLAND,36.46564327485199,0.0,"B1 logic. V: -0.099, SOC: 36.5%",0
2026-01-01T20:50:50Z,ISLAND,36.44005847953036,0.0,"B1 logic. V: -0.099, SOC: 36.5%",0
2026-01-01T20:50:55Z,ISLAND,36.41447368420872,0.0,"B1 logic. V: -0.099, SOC: 36.4%",0
2026-01-01T20:51:00Z,ISLAND,36.38888888888708,0.0,"B1 logic. V: -0.099, SOC: 36.4%",0
2026-01-01T20:51:05Z,ISLAND,36.36330409356544,0.0,"B1 logic. V: -0.099, SOC: 36.4%",0
2026-01-01T20:51:10Z,ISLAND,36.337719298243805,0.0,"B1 logic. V: -0.099, SOC: 36.4%",0
2026-01-01T20:51:15Z,ISLAND,36.31213450292216,0.0,"B1 logic. V: -0.099, SOC: 36.3%",0
2026-01-01T20:51:20Z,ISLAND,36.28654970760053,0.0,"B1 logic. V: -0.099, SOC: 36.3%",0
2026-01-01T20:51:25Z,ISLAND,36.260964912278894,0.0,"B1 logic. V: -0.099, SOC: 36.3%",0
2026-01-01T20:51:30Z,ISLAND,36.23538011695725,0.0,"B1 logic. V: -0.099, SOC: 36.3%",0
2026-01-01T20:51:35Z,ISLAND,36.20979532163561,0.0,"B1 logic. V: -0.099, SOC: 36.2%",0
2026-01-01T20:51:40Z,ISLAND,36.184210526313976,0.0,"B1 logic. V: -0.099, SOC: 36.2%",0
2026-01-01T20:51:45Z,ISLAND,36.15862573099234,0.0,"B1 logic. V: -0.099, SOC: 36.2%",0
2026-01-01T20:51:50Z,ISLAND,36.1330409356707,0.0,"B1 logic. V: -0.099, SOC: 36.2%",0
2026-01-01T20:51:55Z,ISLAND,36.10745614034906,0.0,"B1 logic. V: -0.099, SOC: 36.1%",0
2026-01-01T20:52:00Z,ISLAND,36.08187134502742,0.0,"B1 logic. V: -0.099, SOC: 36.1%",0
2026-01-01T20:52:05Z,ISLAND,36.05628654970579,0.0,"B1 logic. V: -0.099, SOC: 36.1%",0
2026-01-01T20:52:10Z,ISLAND,36.03070175438415,0.0,"B1 logic. V: -0.099, SOC: 36.1%",0
2026-01-01T20:52:15Z,ISLAND,36.00511695906251,0.0,"B1 logic. V: -0.099, SOC: 36.0%",0
2026-01-01T20:52:20Z,ISLAND,35.97953216374087,0.0,"B1 logic. V: -0.099, SOC: 36.0%",0
2026-01-01T20:52:25Z,ISLAND,35.95394736841923,0.0,"B1 logic. V: -0.099, SOC: 36.0%",0
2026-01-01T20:52:30Z,ISLAND,35.928362573097594,0.0,"B1 logic. V: -0.099, SOC: 36.0%",0
2026-01-01T20:52:35Z,ISLAND,35.90277777777596,0.0,"B1 logic. V: -0.099, SOC: 35.9%",0
2026-01-01T20:52:40Z,ISLAND,35.87719298245432,0.0,"B1 logic. V: -0.099, SOC: 35.9%",0
2026-01-01T20:52:45Z,ISLAND,35.851608187132676,0.0,"B1 logic. V: -0.099, SOC: 35.9%",0
2026-01-01T20:52:50Z,ISLAND,35.82602339181104,0.0,"B1 logic. V: -0.099, SOC: 35.9%",0
2026-01-01T20:52:55Z,ISLAND,35.8004385964894,0.0,"B1 logic. V: -0.099, SOC: 35.8%",0
2026-01-01T20:53:00Z,ISLAND,35.774853801167765,0.0,"B1 logic. V: -0.099, SOC: 35.8%",0
2026-01-01T20:53:05Z,ISLAND,35.74926900584613,0.0,"B1 logic. V: -0.099, SOC: 35.8%",0
2026-01-01T20:53:10Z,ISLAND,35.72368421052449,0.0,"B1 logic. V: -0.099, SOC: 35.7%",0
2026-01-01T20:53:15Z,ISLAND,35.69809941520285,0.0,"B1 logic. V: -0.099, SOC: 35.7%",0
2026-01-01T20:53:20Z,ISLAND,35.67251461988121,0.0,"B1 logic. V: -0.099, SOC: 35.7%",0
2026-01-01T20:53:25Z,ISLAND,35.64692982455958,0.0,"B1 logic. V: -0.099, SOC: 35.7%",0
2026-01-01T20:53:30Z,ISLAND,35.621345029237936,0.0,"B1 logic. V: -0.099, SOC: 35.6%",0
2026-01-01T20:53:35Z,ISLAND,35.595760233916295,0.0,"B1 logic. V: -0.099, SOC: 35.6%",0
2026-01-01T20:53:40Z,ISLAND,35.57017543859466,0.0,"B1 logic. V: -0.099, SOC: 35.6%",0
2026-01-01T20:53:45Z,ISLAND,35.544590643273025,0.0,"B1 logic. V: -0.099, SOC: 35.6%",0
2026-01-01T20:53:50Z,ISLAND,35.519005847951384,0.0,"B1 logic. V: -0.099, SOC: 35.5%",0
2026-01-01T20:53:55Z,ISLAND,35.49342105262975,0.0,"B1 logic. V: -0.099, SOC: 35.5%",0
2026-01-01T20:54:00Z,ISLAND,35.46783625730811,0.0,"B1 logic. V: -0.099, SOC: 35.5%",0
2026-01-01T20:54:05Z,ISLAND,35.442251461986466,0.0,"B1 logic. V: -0.099, SOC: 35.5%",0
2026-01-01T20:54:10Z,ISLAND,35.41666666666483,0.0,"B1 logic. V: -0.099, SOC: 35.4%",0
2026-01-01T20:54:15Z,ISLAND,35.3910818713432,0.0,"B1 logic. V: -0.099, SOC: 35.4%",0
2026-01-01T20:54:20Z,ISLAND,35.365497076021555,0.0,"B1 logic. V: -0.099, SOC: 35.4%",0
2026-01-01T20:54:25Z,ISLAND,35.33991228069991,0.0,"B1 logic. V: -0.099, SOC: 35.4%",0
2026-01-01T20:54:30Z,ISLAND,35.31432748537828,0.0,"B1 logic. V: -0.099, SOC: 35.3%",0
2026-01-01T20:54:35Z,ISLAND,35.28874269005664,0.0,"B1 logic. V: -0.099, SOC: 35.3%",0
2026-01-01T20:54:40Z,ISLAND,35.263157894735,0.0,"B1 logic. V: -0.099, SOC: 35.3%",0
2026-01-01T20:54:45Z,ISLAND,35.23757309941337,0.0,"B1 logic. V: -0.099, SOC: 35.3%",0
2026-01-01T20:54:50Z,ISLAND,35.211988304091726,0.0,"B1 logic. V: -0.099, SOC: 35.2%",0
2026-01-01T20:54:55Z,ISLAND,35.186403508770084,0.0,"B1 logic. V: -0.099, SOC: 35.2%",0
2026-01-01T20:55:00Z,ISLAND,35.16081871344845,0.0,"B1 logic. V: -0.099, SOC: 35.2%",0
2026-01-01T20:55:05Z,ISLAND,35.135233918126815,0.0,"B1 logic. V: -0.098, SOC: 35.2%",0
2026-01-01T20:55:10Z,ISLAND,35.10964912280517,0.0,"B1 logic. V: -0.098, SOC: 35.1%",0
2026-01-01T20:55:15Z,ISLAND,35.08406432748353,0.0,"B1 logic. V: -0.098, SOC: 35.1%",0
2026-01-01T20:55:20Z,ISLAND,35.0584795321619,0.0,"B1 logic. V: -0.098, SOC: 35.1%",0
2026-01-01T20:55:25Z,ISLAND,35.03289473684026,0.0,"B1 logic. V: -0.098, SOC: 35.1%",0
2026-01-01T20:55:30Z,ISLAND,35.00730994151862,0.0,"B1 logic. V: -0.098, SOC: 35.0%",0
2026-01-01T20:55:35Z,ISLAND,34.981725146196986,0.0,"B1 logic. V: -0.098, SOC: 35.0%",0
2026-01-01T20:55:40Z,ISLAND,34.956140350875344,0.0,"B1 logic. V: -0.098, SOC: 35.0%",0
2026-01-01T20:55:45Z,ISLAND,34.9305555555537,0.0,"B1 logic. V: -0.098, SOC: 35.0%",0
2026-01-01T20:55:50Z,ISLAND,34.90497076023207,0.0,"B1 logic. V: -0.098, SOC: 34.9%",0
2026-01-01T20:55:55Z,ISLAND,34.87938596491043,0.0,"B1 logic. V: -0.098, SOC: 34.9%",0
2026-01-01T20:56:00Z,ISLAND,34.85380116958879,0.0,"B1 logic. V: -0.098, SOC: 34.9%",0
2026-01-01T20:56:05Z,ISLAND,34.82821637426715,0.0,"B1 logic. V: -0.098, SOC: 34.9%",0
2026-01-01T20:56:10Z,ISLAND,34.802631578945515,0.0,"B1 logic. V: -0.098, SOC: 34.8%",0
2026-01-01T20:56:15Z,ISLAND,34.777046783623874,0.0,"B1 logic. V: -0.098, SOC: 34.8%",0
2026-01-01T20:56:20Z,ISLAND,34.75146198830224,0.0,"B1 logic. V: -0.098, SOC: 34.8%",0
2026-01-01T20:56:25Z,ISLAND,34.725877192980604,0.0,"B1 logic. V: -0.098, SOC: 34.8%",0
2026-01-01T20:56:30Z,ISLAND,34.70029239765896,0.0,"B1 logic. V: -0.098, SOC: 34.7%",0
2026-01-01T20:56:35Z,ISLAND,34.67470760233732,0.0,"B1 logic. V: -0.098, SOC: 34.7%",0
2026-01-01T20:56:40Z,ISLAND,34.64912280701569,0.0,"B1 logic. V: -0.098, SOC: 34.7%",0
2026-01-01T20:56:45Z,ISLAND,34.62353801169405,0.0,"B1 logic. V: -0.098, SOC: 34.6%",0
2026-01-01T20:56:50Z,ISLAND,34.59795321637241,0.0,"B1 logic. V: -0.098, SOC: 34.6%",0
2026-01-01T20:56:55Z,ISLAND,34.57236842105077,0.0,"B1 logic. V: -0.098, SOC: 34.6%",0
2026-01-01T20:57:00Z,ISLAND,34.546783625729134,0.0,"B1 logic. V: -0.098, SOC: 34.6%",0
2026-01-01T20:57:05Z,ISLAND,34.5211988304075,0.0,"B1 logic. V: -0.098, SOC: 34.5%",0
2026-01-01T20:57:10Z,ISLAND,34.49561403508586,0.0,"B1 logic. V: -0.098, SOC: 34.5%",0
2026-01-01T20:57:15Z,ISLAND,34.47002923976422,0.0,"B1 logic. V: -0.098, SOC: 34.5%",0
2026-01-01T20:57:20Z,ISLAND,34.44444444444258,0.0,"B1 logic. V: -0.098, SOC: 34.5%",0
2026-01-01T20:57:25Z,ISLAND,34.41885964912094,0.0,"B1 logic. V: -0.098, SOC: 34.4%",0
2026-01-01T20:57:30Z,ISLAND,34.393274853799305,0.0,"B1 logic. V: -0.098, SOC: 34.4%",0
2026-01-01T20:57:35Z,ISLAND,34.36769005847767,0.0,"B1 logic. V: -0.098, SOC: 34.4%",0
2026-01-01T20:57:40Z,ISLAND,34.34210526315603,0.0,"B1 logic. V: -0.098, SOC: 34.4%",0
2026-01-01T20:57:45Z,ISLAND,34.31652046783439,0.0,"B1 logic. V: -0.098, SOC: 34.3%",0
2026-01-01T20:57:50Z,ISLAND,34.29093567251275,0.0,"B1 logic. V: -0.098, SOC: 34.3%",0
2026-01-01T20:57:55Z,ISLAND,34.26535087719111,0.0,"B1 logic. V: -0.098, SOC: 34.3%",0
2026-01-01T20:58:00Z,ISLAND,34.239766081869476,0.0,"B1 logic. V: -0.098, SOC: 34.3%",0
2026-01-01T20:58:05Z,ISLAND,34.21418128654784,0.0,"B1 logic. V: -0.098, SOC: 34.2%",0
2026-01-01T20:58:10Z,ISLAND,34.1885964912262,0.0,"B1 logic. V: -0.098, SOC: 34.2%",0
2026-01-01T20:58:15Z,ISLAND,34.16301169590456,0.0,"B1 logic. V: -0.098, SOC: 34.2%",0
2026-01-01T20:58:20Z,ISLAND,34.13742690058292,0.0,"B1 logic. V: -0.098, SOC: 34.2%",0
2026-01-01T20:58:25Z,ISLAND,34.11184210526129,0.0,"B1 logic. V: -0.098, SOC: 34.1%",0
2026-01-01T20:58:30Z,ISLAND,34.08625730993965,0.0,"B1 logic. V: -0.098, SOC: 34.1%",0
2026-01-01T20:58:35Z,ISLAND,34.060672514618005,0.0,"B1 logic. V: -0.098, SOC: 34.1%",0
2026-01-01T20:58:40Z,ISLAND,34.03508771929637,0.0,"B1 logic. V: -0.098, SOC: 34.1%",0
2026-01-01T20:58:45Z,ISLAND,34.009502923974736,0.0,"B1 logic. V: -0.098, SOC: 34.0%",0
2026-01-01T20:58:50Z,ISLAND,33.983918128653094,0.0,"B1 logic. V: -0.098, SOC: 34.0%",0
2026-01-01T20:58:55Z,ISLAND,33.95833333333146,0.0,"B1 logic. V: -0.098, SOC: 34.0%",0
2026-01-01T20:59:00Z,ISLAND,33.93274853800982,0.0,"B1 logic. V: -0.098, SOC: 34.0%",0
2026-01-01T20:59:05Z,ISLAND,33.90716374268818,0.0,"B1 logic. V: -0.098, SOC: 33.9%",0
2026-01-01T20:59:10Z,ISLAND,33.88157894736654,0.0,"B1 logic. V: -0.098, SOC: 33.9%",0
2026-01-01T20:59:15Z,ISLAND,33.85599415204491,0.0,"B1 logic. V: -0.098, SOC: 33.9%",0
2026-01-01T20:59:20Z,ISLAND,33.830409356723266,0.0,"B1 logic. V: -0.098, SOC: 33.9%",0
2026-01-01T20:59:25Z,ISLAND,33.804824561401624,0.0,"B1 logic. V: -0.098, SOC: 33.8%",0
2026-01-01T20:59:30Z,ISLAND,33.77923976607999,0.0,"B1 logic. V: -0.098, SOC: 33.8%",0
2026-01-01T20:59:35Z,ISLAND,33.75365497075835,0.0,"B1 logic. V: -0.098, SOC: 33.8%",0
2026-01-01T20:59:40Z,ISLAND,33.72807017543671,0.0,"B1 logic. V: -0.098, SOC: 33.8%",0
2026-01-01T20:59:45Z,ISLAND,33.70248538011508,0.0,"B1 logic. V: -0.098, SOC: 33.7%",0
2026-01-01T20:59:50Z,ISLAND,33.67690058479344,0.0,"B1 logic. V: -0.098, SOC: 33.7%",0
2026-01-01T20:59:55Z,ISLAND,33.651315789471795,0.0,"B1 logic. V: -0.098, SOC: 33.7%",0
2026-01-01T21:00:00Z,ISLAND,33.62573099415016,0.0,"B1 logic. V: -0.098, SOC: 33.7%",0
2026-01-01T21:00:05Z,ISLAND,33.600146198828526,0.0,"B1 logic. V: -0.098, SOC: 33.6%",0
2026-01-01T21:00:10Z,ISLAND,33.574561403506884,0.0,"B1 logic. V: -0.098, SOC: 33.6%",0
2026-01-01T21:00:15Z,ISLAND,33.54897660818524,0.0,"B1 logic. V: -0.098, SOC: 33.6%",0
2026-01-01T21:00:20Z,ISLAND,33.52339181286361,0.0,"B1 logic. V: -0.098, SOC: 33.5%",0
2026-01-01T21:00:25Z,ISLAND,33.49780701754197,0.0,"B1 logic. V: -0.098, SOC: 33.5%",0
2026-01-01T21:00:30Z,ISLAND,33.47222222222033,0.0,"B1 logic. V: -0.098, SOC: 33.5%",0
2026-01-01T21:00:35Z,ISLAND,33.4466374268987,0.0,"B1 logic. V: -0.098, SOC: 33.5%",0
2026-01-01T21:00:40Z,ISLAND,33.421052631577055,0.0,"B1 logic. V: -0.098, SOC: 33.4%",0
2026-01-01T21:00:45Z,ISLAND,33.39546783625541,0.0,"B1 logic. V: -0.098, SOC: 33.4%",0
2026-01-01T21:00:50Z,ISLAND,33.36988304093378,0.0,"B1 logic. V: -0.098, SOC: 33.4%",0
2026-01-01T21:00:55Z,ISLAND,33.344298245612144,0.0,"B1 logic. V: -0.098, SOC: 33.4%",0
2026-01-01T21:01:00Z,ISLAND,33.3187134502905,0.0,"B1 logic. V: -0.098, SOC: 33.3%",0
2026-01-01T21:01:05Z,ISLAND,33.29312865496886,0.0,"B1 logic. V: -0.098, SOC: 33.3%",0
2026-01-01T21:01:10Z,ISLAND,33.267543859647226,0.0,"B1 logic. V: -0.098, SOC: 33.3%",0
2026-01-01T21:01:15Z,ISLAND,33.241959064325584,0.0,"B1 logic. V: -0.098, SOC: 33.3%",0
2026-01-01T21:01:20Z,ISLAND,33.21637426900395,0.0,"B1 logic. V: -0.098, SOC: 33.2%",0
2026-01-01T21:01:25Z,ISLAND,33.190789473682315,0.0,"B1 logic. V: -0.098, SOC: 33.2%",0
2026-01-01T21:01:30Z,ISLAND,33.16520467836067,0.0,"B1 logic. V: -0.098, SOC: 33.2%",0
2026-01-01T21:01:35Z,ISLAND,33.13961988303903,0.0,"B1 logic. V: -0.098, SOC: 33.2%",0
2026-01-01T21:01:40Z,ISLAND,33.1140350877174,0.0,"B1 logic. V: -0.098, SOC: 33.1%",0
2026-01-01T21:01:45Z,ISLAND,33.08845029239576,0.0,"B1 logic. V: -0.098, SOC: 33.1%",0
2026-01-01T21:01:50Z,ISLAND,33.06286549707412,0.0,"B1 logic. V: -0.098, SOC: 33.1%",0
2026-01-01T21:01:55Z,ISLAND,33.03728070175248,0.0,"B1 logic. V: -0.098, SOC: 33.1%",0
2026-01-01T21:02:00Z,ISLAND,33.011695906430845,0.0,"B1 logic. V: -0.098, SOC: 33.0%",0
2026-01-01T21:02:05Z,ISLAND,32.98611111110921,0.0,"B1 logic. V: -0.098, SOC: 33.0%",0
2026-01-01T21:02:10Z,ISLAND,32.96052631578757,0.0,"B1 logic. V: -0.098, SOC: 33.0%",0
2026-01-01T21:02:15Z,ISLAND,32.934941520465934,0.0,"B1 logic. V: -0.098, SOC: 33.0%",0
2026-01-01T21:02:20Z,ISLAND,32.90935672514429,0.0,"B1 logic. V: -0.098, SOC: 32.9%",0
2026-01-01T21:02:25Z,ISLAND,32.88377192982265,0.0,"B1 logic. V: -0.098, SOC: 32.9%",0
2026-01-01T21:02:30Z,ISLAND,32.858187134501016,0.0,"B1 logic. V: -0.098, SOC: 32.9%",0
2026-01-01T21:02:35Z,ISLAND,32.83260233917938,0.0,"B1 logic. V: -0.098, SOC: 32.9%",0
2026-01-01T21:02:40Z,ISLAND,32.80701754385774,0.0,"B1 logic. V: -0.098, SOC: 32.8%",0
2026-01-01T21:02:45Z,ISLAND,32.7814327485361,0.0,"B1 logic. V: -0.098, SOC: 32.8%",0
2026-01-01T21:02:50Z,ISLAND,32.75584795321446,0.0,"B1 logic. V: -0.098, SOC: 32.8%",0
2026-01-01T21:02:55Z,ISLAND,32.73026315789282,0.0,"B1 logic. V: -0.098, SOC: 32.8%",0
2026-01-01T21:03:00Z,ISLAND,32.70467836257119,0.0,"B1 logic. V: -0.098, SOC: 32.7%",0
2026-01-01T21:03:05Z,ISLAND,32.67909356724955,0.0,"B1 logic. V: -0.097, SOC: 32.7%",0
2026-01-01T21:03:10Z,ISLAND,32.65350877192791,0.0,"B1 logic. V: -0.097, SOC: 32.7%",0
2026-01-01T21:03:15Z,ISLAND,32.62792397660627,0.0,"B1 logic. V: -0.097, SOC: 32.7%",0
2026-01-01T21:03:20Z,ISLAND,32.602339181284634,0.0,"B1 logic. V: -0.097, SOC: 32.6%",0
2026-01-01T21:03:25Z,ISLAND,32.576754385963,0.0,"B1 logic. V: -0.097, SOC: 32.6%",0
2026-01-01T21:03:30Z,ISLAND,32.55116959064136,0.0,"B1 logic. V: -0.097, SOC: 32.6%",0
2026-01-01T21:03:35Z,ISLAND,32.525584795319716,0.0,"B1 logic. V: -0.097, SOC: 32.6%",0
2026-01-01T21:03:40Z,ISLAND,32.49999999999808,0.0,"B1 logic. V: -0.097, SOC: 32.5%",0
2026-01-01T21:03:45Z,ISLAND,32.47441520467645,0.0,"B1 logic. V: -0.097, SOC: 32.5%",0
2026-01-01T21:03:50Z,ISLAND,32.448830409354805,0.0,"B1 logic. V: -0.097, SOC: 32.5%",0
2026-01-01T21:03:55Z,ISLAND,32.42324561403317,0.0,"B1 logic. V: -0.097, SOC: 32.4%",0
2026-01-01T21:04:00Z,ISLAND,32.39766081871153,0.0,"B1 logic. V: -0.097, SOC: 32.4%",0
2026-01-01T21:04:05Z,ISLAND,32.37207602338989,0.0,"B1 logic. V: -0.097, SOC: 32.4%",0
2026-01-01T21:04:10Z,ISLAND,32.34649122806825,0.0,"B1 logic. V: -0.097, SOC: 32.4%",0
2026-01-01T21:04:15Z,ISLAND,32.32090643274662,0.0,"B1 logic. V: -0.097, SOC: 32.3%",0
2026-01-01T21:04:20Z,ISLAND,32.295321637424976,0.0,"B1 logic. V: -0.097, SOC: 32.3%",0
2026-01-01T21:04:25Z,ISLAND,32.269736842103335,0.0,"B1 logic. V: -0.097, SOC: 32.3%",0
2026-01-01T21:04:30Z,ISLAND,32.2441520467817,0.0,"B1 logic. V: -0.097, SOC: 32.3%",0
2026-01-01T21:04:35Z,ISLAND,32.21856725146006,0.0,"B1 logic. V: -0.097, SOC: 32.2%",0
2026-01-01T21:04:40Z,ISLAND,32.192982456138424,0.0,"B1 logic. V: -0.097, SOC: 32.2%",0
2026-01-01T21:04:45Z,ISLAND,32.16739766081679,0.0,"B1 logic. V: -0.097, SOC: 32.2%",0
2026-01-01T21:04:50Z,ISLAND,32.14181286549515,0.0,"B1 logic. V: -0.097, SOC: 32.2%",0
2026-01-01T21:04:55Z,ISLAND,32.116228070173506,0.0,"B1 logic. V: -0.097, SOC: 32.1%",0
2026-01-01T21:05:00Z,ISLAND,32.09064327485187,0.0,"B1 logic. V: -0.097, SOC: 32.1%",0
2026-01-01T21:05:05Z,ISLAND,32.06505847953024,0.0,"B1 logic. V: -0.097, SOC: 32.1%",0
2026-01-01T21:05:10Z,ISLAND,32.039473684208595,0.0,"B1 logic. V: -0.097, SOC: 32.1%",0
2026-01-01T21:05:15Z,ISLAND,32.01388888888695,0.0,"B1 logic. V: -0.097, SOC: 32.0%",0
2026-01-01T21:05:20Z,ISLAND,31.98830409356532,0.0,"B1 logic. V: -0.097, SOC: 32.0%",0
2026-01-01T21:05:25Z,ISLAND,31.96271929824368,0.0,"B1 logic. V: -0.097, SOC: 32.0%",0
2026-01-01T21:05:30Z,ISLAND,31.937134502922042,0.0,"B1 logic. V: -0.097, SOC: 32.0%",0
2026-01-01T21:05:35Z,ISLAND,31.911549707600408,0.0,"B1 logic. V: -0.097, SOC: 31.9%",0
2026-01-01T21:05:40Z,ISLAND,31.885964912278762,0.0,"B1 logic. V: -0.097, SOC: 31.9%",0
2026-01-01T21:05:45Z,ISLAND,31.860380116957128,0.0,"B1 logic. V: -0.097, SOC: 31.9%",0
2026-01-01T21:05:50Z,ISLAND,31.83479532163549,0.0,"B1 logic. V: -0.097, SOC: 31.9%",0
2026-01-01T21:05:55Z,ISLAND,31.80921052631385,0.0,"B1 logic. V: -0.097, SOC: 31.8%",0
2026-01-01T21:06:00Z,ISLAND,31.783625730992217,0.0,"B1 logic. V: -0.097, SOC: 31.8%",0
2026-01-01T21:06:05Z,ISLAND,31.75804093567057,0.0,"B1 logic. V: -0.097, SOC: 31.8%",0
2026-01-01T21:06:10Z,ISLAND,31.732456140348937,0.0,"B1 logic. V: -0.097, SOC: 31.8%",0
2026-01-01T21:06:15Z,ISLAND,31.7068713450273,0.0,"B1 logic. V: -0.097, SOC: 31.7%",0
2026-01-01T21:06:20Z,ISLAND,31.68128654970566,0.0,"B1 logic. V: -0.097, SOC: 31.7%",0
2026-01-01T21:06:25Z,ISLAND,31.655701754384026,0.0,"B1 logic. V: -0.097, SOC: 31.7%",0
2026-01-01T21:06:30Z,ISLAND,31.63011695906238,0.0,"B1 logic. V: -0.097, SOC: 31.7%",0
2026-01-01T21:06:35Z,ISLAND,31.604532163740746,0.0,"B1 logic. V: -0.097, SOC: 31.6%",0
2026-01-01T21:06:40Z,ISLAND,31.578947368419108,0.0,"B1 logic. V: -0.097, SOC: 31.6%",0
2026-01-01T21:06:45Z,ISLAND,31.55336257309747,0.0,"B1 logic. V: -0.097, SOC: 31.6%",0
2026-01-01T21:06:50Z,ISLAND,31.527777777775835,0.0,"B1 logic. V: -0.097, SOC: 31.6%",0
2026-01-01T21:06:55Z,ISLAND,31.50219298245419,0.0,"B1 logic. V: -0.097, SOC: 31.5%",0
2026-01-01T21:07:00Z,ISLAND,31.476608187132555,0.0,"B1 logic. V: -0.097, SOC: 31.5%",0
2026-01-01T21:07:05Z,ISLAND,31.451023391810917,0.0,"B1 logic. V: -0.097, SOC: 31.5%",0
2026-01-01T21:07:10Z,ISLAND,31.42543859648928,0.0,"B1 logic. V: -0.097, SOC: 31.5%",0
2026-01-01T21:07:15Z,ISLAND,31.399853801167644,0.0,"B1 logic. V: -0.097, SOC: 31.4%",0
2026-01-01T21:07:20Z,ISLAND,31.374269005846,0.0,"B1 logic. V: -0.097, SOC: 31.4%",0
2026-01-01T21:07:25Z,ISLAND,31.348684210524365,0.0,"B1 logic. V: -0.097, SOC: 31.4%",0
2026-01-01T21:07:30Z,ISLAND,31.323099415202726,0.0,"B1 logic. V: -0.097, SOC: 31.3%",0
2026-01-01T21:07:35Z,ISLAND,31.29751461988109,0.0,"B1 logic. V: -0.097, SOC: 31.3%",0
2026-01-01T21:07:40Z,ISLAND,31.271929824559454,0.0,"B1 logic. V: -0.097, SOC: 31.3%",0
2026-01-01T21:07:45Z,ISLAND,31.24634502923781,0.0,"B1 logic. V: -0.097, SOC: 31.3%",0
2026-01-01T21:07:50Z,ISLAND,31.220760233916174,0.0,"B1 logic. V: -0.097, SOC: 31.2%",0
2026-01-01T21:07:55Z,ISLAND,31.195175438594536,0.0,"B1 logic. V: -0.097, SOC: 31.2%",0
2026-01-01T21:08:00Z,ISLAND,31.169590643272898,0.0,"B1 logic. V: -0.097, SOC: 31.2%",0
2026-01-01T21:08:05Z,ISLAND,31.144005847951263,0.0,"B1 logic. V: -0.097, SOC: 31.2%",0
2026-01-01T21:08:10Z,ISLAND,31.118421052629618,0.0,"B1 logic. V: -0.097, SOC: 31.1%",0
2026-01-01T21:08:15Z,ISLAND,31.092836257307983,0.0,"B1 logic. V: -0.097, SOC: 31.1%",0
2026-01-01T21:08:20Z,ISLAND,31.067251461986345,0.0,"B1 logic. V: -0.097, SOC: 31.1%",0
2026-01-01T21:08:25Z,ISLAND,31.041666666664707,0.0,"B1 logic. V: -0.097, SOC: 31.1%",0
2026-01-01T21:08:30Z,ISLAND,31.016081871343072,0.0,"B1 logic. V: -0.097, SOC: 31.0%",0
2026-01-01T21:08:35Z,ISLAND,30.990497076021427,0.0,"B1 logic. V: -0.097, SOC: 31.0%",0
2026-01-01T21:08:40Z,ISLAND,30.964912280699792,0.0,"B1 logic. V: -0.097, SOC: 31.0%",0
2026-01-01T21:08:45Z,ISLAND,30.939327485378154,0.0,"B1 logic. V: -0.097, SOC: 31.0%",0
2026-01-01T21:08:50Z,ISLAND,30.913742690056516,0.0,"B1 logic. V: -0.097, SOC: 30.9%",0
2026-01-01T21:08:55Z,ISLAND,30.88815789473488,0.0,"B1 logic. V: -0.097, SOC: 30.9%",0
2026-01-01T21:09:00Z,ISLAND,30.862573099413236,0.0,"B1 logic. V: -0.097, SOC: 30.9%",0
2026-01-01T21:09:05Z,ISLAND,30.8369883040916,0.0,"B1 logic. V: -0.096, SOC: 30.9%",0
2026-01-01T21:09:10Z,ISLAND,30.811403508769963,0.0,"B1 logic. V: -0.096, SOC: 30.8%",0
2026-01-01T21:09:15Z,ISLAND,30.785818713448325,0.0,"B1 logic. V: -0.096, SOC: 30.8%",0
2026-01-01T21:09:20Z,ISLAND,30.76023391812669,0.0,"B1 logic. V: -0.096, SOC: 30.8%",0
2026-01-01T21:09:25Z,ISLAND,30.734649122805045,0.0,"B1 logic. V: -0.096, SOC: 30.8%",0
2026-01-01T21:09:30Z,ISLAND,30.70906432748341,0.0,"B1 logic. V: -0.096, SOC: 30.7%",0
2026-01-01T21:09:35Z,ISLAND,30.683479532161773,0.0,"B1 logic. V: -0.096, SOC: 30.7%",0
2026-01-01T21:09:40Z,ISLAND,30.657894736840134,0.0,"B1 logic. V: -0.096, SOC: 30.7%",0
2026-01-01T21:09:45Z,ISLAND,30.6323099415185,0.0,"B1 logic. V: -0.096, SOC: 30.7%",0
2026-01-01T21:09:50Z,ISLAND,30.606725146196855,0.0,"B1 logic. V: -0.096, SOC: 30.6%",0
2026-01-01T21:09:55Z,ISLAND,30.58114035087522,0.0,"B1 logic. V: -0.096, SOC: 30.6%",0
2026-01-01T21:10:00Z,ISLAND,30.555555555553582,0.0,"B1 logic. V: -0.096, SOC: 30.6%",0
2026-01-01T21:10:05Z,ISLAND,30.529970760231944,0.0,"B1 logic. V: -0.096, SOC: 30.6%",0
2026-01-01T21:10:10Z,ISLAND,30.50438596491031,0.0,"B1 logic. V: -0.096, SOC: 30.5%",0
2026-01-01T21:10:15Z,ISLAND,30.478801169588664,0.0,"B1 logic. V: -0.096, SOC: 30.5%",0
2026-01-01T21:10:20Z,ISLAND,30.45321637426703,0.0,"B1 logic. V: -0.096, SOC: 30.5%",0
2026-01-01T21:10:25Z,ISLAND,30.42763157894539,0.0,"B1 logic. V: -0.096, SOC: 30.5%",0
2026-01-01T21:10:30Z,ISLAND,30.402046783623753,0.0,"B1 logic. V: -0.096, SOC: 30.4%",0
2026-01-01T21:10:35Z,ISLAND,30.37646198830212,0.0,"B1 logic. V: -0.096, SOC: 30.4%",0
2026-01-01T21:10:40Z,ISLAND,30.350877192980473,0.0,"B1 logic. V: -0.096, SOC: 30.4%",0
2026-01-01T21:10:45Z,ISLAND,30.32529239765884,0.0,"B1 logic. V: -0.096, SOC: 30.4%",0
2026-01-01T21:10:50Z,ISLAND,30.2997076023372,0.0,"B1 logic. V: -0.096, SOC: 30.3%",0
2026-01-01T21:10:55Z,ISLAND,30.274122807015562,0.0,"B1 logic. V: -0.096, SOC: 30.3%",0
2026-01-01T21:11:00Z,ISLAND,30.248538011693928,0.0,"B1 logic. V: -0.096, SOC: 30.3%",0
2026-01-01T21:11:05Z,ISLAND,30.222953216372282,0.0,"B1 logic. V: -0.096, SOC: 30.2%",0
2026-01-01T21:11:10Z,ISLAND,30.197368421050648,0.0,"B1 logic. V: -0.096, SOC: 30.2%",0
2026-01-01T21:11:15Z,ISLAND,30.17178362572901,0.0,"B1 logic. V: -0.096, SOC: 30.2%",0
2026-01-01T21:11:20Z,ISLAND,30.14619883040737,0.0,"B1 logic. V: -0.096, SOC: 30.2%",0
2026-01-01T21:11:25Z,ISLAND,30.120614035085737,0.0,"B1 logic. V: -0.096, SOC: 30.1%",0
2026-01-01T21:11:30Z,ISLAND,30.09502923976409,0.0,"B1 logic. V: -0.096, SOC: 30.1%",0
2026-01-01T21:11:35Z,ISLAND,30.069444444442457,0.0,"B1 logic. V: -0.096, SOC: 30.1%",0
2026-01-01T21:11:40Z,ISLAND,30.04385964912082,0.0,"B1 logic. V: -0.096, SOC: 30.1%",0
2026-01-01T21:11:45Z,ISLAND,30.01827485379918,0.0,"B1 logic. V: -0.096, SOC: 30.0%",0
2026-01-01T21:11:50Z,ISLAND,29.992690058477546,0.0,"B1 logic. V: -0.096, SOC: 30.0%",0
2026-01-01T21:11:55Z,ISLAND,30.019078947366427,0.0,"B1 logic. V: -0.096, SOC: 30.0%",0
2026-01-01T21:12:00Z,ISLAND,30.04546783625532,0.0,"B1 logic. V: -0.096, SOC: 30.0%",0
2026-01-01T21:12:05Z,ISLAND,30.071856725144208,0.0,"B1 logic. V: -0.096, SOC: 30.0%",0
2026-01-01T21:12:10Z,ISLAND,30.098245614033097,0.0,"B1 logic. V: -0.096, SOC: 30.1%",0
2026-01-01T21:12:15Z,ISLAND,30.12463450292199,0.0,"B1 logic. V: -0.096, SOC: 30.1%",0
2026-01-01T21:12:20Z,ISLAND,30.15102339181087,0.0,"B1 logic. V: -0.096, SOC: 30.1%",0
2026-01-01T21:12:25Z,ISLAND,30.177412280699762,0.0,"B1 logic. V: -0.096, SOC: 30.2%",0
2026-01-01T21:12:30Z,ISLAND,30.20380116958865,0.0,"B1 logic. V: -0.096, SOC: 30.2%",0
2026-01-01T21:12:35Z,ISLAND,30.23019005847754,0.0,"B1 logic. V: -0.096, SOC: 30.2%",0
2026-01-01T21:12:40Z,ISLAND,30.25657894736643,0.0,"B1 logic. V: -0.096, SOC: 30.2%",0
2026-01-01T21:12:45Z,ISLAND,30.282967836255313,0.0,"B1 logic. V: -0.096, SOC: 30.3%",0
2026-01-01T21:12:50Z,ISLAND,30.309356725144205,0.0,"B1 logic. V: -0.096, SOC: 30.3%",0
2026-01-01T21:12:55Z,ISLAND,30.335745614033094,0.0,"B1 logic. V: -0.096, SOC: 30.3%",0
2026-01-01T21:13:00Z,ISLAND,30.362134502921982,0.0,"B1 logic. V: -0.096, SOC: 30.3%",0
2026-01-01T21:13:05Z,ISLAND,30.388523391810875,0.0,"B1 logic. V: -0.096, SOC: 30.4%",0
2026-01-01T21:13:10Z,ISLAND,30.414912280699756,0.0,"B1 logic. V: -0.096, SOC: 30.4%",0
2026-01-01T21:13:15Z,ISLAND,30.441301169588648,0.0,"B1 logic. V: -0.096, SOC: 30.4%",0
2026-01-01T21:13:20Z,ISLAND,30.467690058477537,0.0,"B1 logic. V: -0.096, SOC: 30.4%",0
2026-01-01T21:13:25Z,ISLAND,30.494078947366425,0.0,"B1 logic. V: -0.096, SOC: 30.5%",0
2026-01-01T21:13:30Z,ISLAND,30.520467836255317,0.0,"B1 logic. V: -0.096, SOC: 30.5%",0
2026-01-01T21:13:35Z,ISLAND,30.5468567251442,0.0,"B1 logic. V: -0.096, SOC: 30.5%",0
2026-01-01T21:13:40Z,ISLAND,30.57324561403309,0.0,"B1 logic. V: -0.096, SOC: 30.5%",0
2026-01-01T21:13:45Z,ISLAND,30.59963450292198,0.0,"B1 logic. V: -0.096, SOC: 30.6%",0
2026-01-01T21:13:50Z,ISLAND,30.626023391810868,0.0,"B1 logic. V: -0.096, SOC: 30.6%",0
2026-01-01T21:13:55Z,ISLAND,30.65241228069976,0.0,"B1 logic. V: -0.096, SOC: 30.6%",0
2026-01-01T21:14:00Z,ISLAND,30.678801169588642,0.0,"B1 logic. V: -0.096, SOC: 30.7%",0
2026-01-01T21:14:05Z,ISLAND,30.705190058477534,0.0,"B1 logic. V: -0.095, SOC: 30.7%",0
2026-01-01T21:14:10Z,ISLAND,30.731578947366422,0.0,"B1 logic. V: -0.095, SOC: 30.7%",0
2026-01-01T21:14:15Z,ISLAND,30.75796783625531,0.0,"B1 logic. V: -0.095, SOC: 30.7%",0
2026-01-01T21:14:20Z,ISLAND,30.784356725144203,0.0,"B1 logic. V: -0.095, SOC: 30.8%",0
2026-01-01T21:14:25Z,ISLAND,30.810745614033085,0.0,"B1 logic. V: -0.095, SOC: 30.8%",0
2026-01-01T21:14:30Z,ISLAND,30.837134502921977,0.0,"B1 logic. V: -0.095, SOC: 30.8%",0
2026-01-01T21:14:35Z,ISLAND,30.863523391810865,0.0,"B1 logic. V: -0.095, SOC: 30.8%",0
2026-01-01T21:14:40Z,ISLAND,30.889912280699754,0.0,"B1 logic. V: -0.095, SOC: 30.9%",0
2026-01-01T21:14:45Z,ISLAND,30.916301169588646,0.0,"B1 logic. V: -0.095, SOC: 30.9%",0
2026-01-01T21:14:50Z,ISLAND,30.942690058477528,0.0,"B1 logic. V: -0.095, SOC: 30.9%",0
2026-01-01T21:14:55Z,ISLAND,30.96907894736642,0.0,"B1 logic. V: -0.095, SOC: 30.9%",0
2026-01-01T21:15:00Z,ISLAND,30.995467836255308,0.0,"B1 logic. V: -0.095, SOC: 31.0%",0
2026-01-01T21:15:05Z,ISLAND,31.021856725144197,0.0,"B1 logic. V: -0.095, SOC: 31.0%",0
2026-01-01T21:15:10Z,ISLAND,31.04824561403309,0.0,"B1 logic. V: -0.095, SOC: 31.0%",0
2026-01-01T21:15:15Z,ISLAND,31.07463450292197,0.0,"B1 logic. V: -0.095, SOC: 31.0%",0
2026-01-01T21:15:20Z,ISLAND,31.101023391810863,0.0,"B1 logic. V: -0.095, SOC: 31.1%",0
2026-01-01T21:15:25Z,ISLAND,31.12741228069975,0.0,"B1 logic. V: -0.095, SOC: 31.1%",0
2026-01-01T21:15:30Z,ISLAND,31.15380116958864,0.0,"B1 logic. V: -0.095, SOC: 31.1%",0
2026-01-01T21:15:35Z,ISLAND,31.180190058477532,0.0,"B1 logic. V: -0.095, SOC: 31.2%",0
2026-01-01T21:15:40Z,ISLAND,31.206578947366413,0.0,"B1 logic. V: -0.095, SOC: 31.2%",0
2026-01-01T21:15:45Z,ISLAND,31.232967836255305,0.0,"B1 logic. V: -0.095, SOC: 31.2%",0
2026-01-01T21:15:50Z,ISLAND,31.259356725144194,0.0,"B1 logic. V: -0.095, SOC: 31.2%",0
2026-01-01T21:15:55Z,ISLAND,31.285745614033083,0.0,"B1 logic. V: -0.095, SOC: 31.3%",0
2026-01-01T21:16:00Z,ISLAND,31.312134502921975,0.0,"B1 logic. V: -0.095, SOC: 31.3%",0
2026-01-01T21:16:05Z,ISLAND,31.338523391810856,0.0,"B1 logic. V: -0.095, SOC: 31.3%",0
2026-01-01T21:16:10Z,ISLAND,31.36491228069975,0.0,"B1 logic. V: -0.095, SOC: 31.3%",0
2026-01-01T21:16:15Z,ISLAND,31.391301169588637,0.0,"B1 logic. V: -0.095, SOC: 31.4%",0
2026-01-01T21:16:20Z,ISLAND,31.417690058477525,0.0,"B1 logic. V: -0.095, SOC: 31.4%",0
2026-01-01T21:16:25Z,ISLAND,31.444078947366418,0.0,"B1 logic. V: -0.095, SOC: 31.4%",0
2026-01-01T21:16:30Z,ISLAND,31.4704678362553,0.0,"B1 logic. V: -0.095, SOC: 31.4%",0
2026-01-01T21:16:35Z,ISLAND,31.49685672514419,0.0,"B1 logic. V: -0.095, SOC: 31.5%",0
2026-01-01T21:16:40Z,ISLAND,31.52324561403308,0.0,"B1 logic. V: -0.095, SOC: 31.5%",0
2026-01-01T21:16:45Z,ISLAND,31.54963450292197,0.0,"B1 logic. V: -0.095, SOC: 31.5%",0
2026-01-01T21:16:50Z,ISLAND,31.57602339181086,0.0,"B1 logic. V: -0.095, SOC: 31.5%",0
2026-01-01T21:16:55Z,ISLAND,31.602412280699742,0.0,"B1 logic. V: -0.095, SOC: 31.6%",0
2026-01-01T21:17:00Z,ISLAND,31.628801169588634,0.0,"B1 logic. V: -0.095, SOC: 31.6%",0
2026-01-01T21:17:05Z,ISLAND,31.655190058477523,0.0,"B1 logic. V: -0.095, SOC: 31.6%",0
2026-01-01T21:17:10Z,ISLAND,31.68157894736641,0.0,"B1 logic. V: -0.095, SOC: 31.7%",0
2026-01-01T21:17:15Z,ISLAND,31.707967836255303,0.0,"B1 logic. V: -0.095, SOC: 31.7%",0
2026-01-01T21:17:20Z,ISLAND,31.734356725144185,0.0,"B1 logic. V: -0.095, SOC: 31.7%",0
2026-01-01T21:17:25Z,ISLAND,31.760745614033077,0.0,"B1 logic. V: -0.095, SOC: 31.7%",0
2026-01-01T21:17:30Z,ISLAND,31.787134502921965,0.0,"B1 logic. V: -0.095, SOC: 31.8%",0
2026-01-01T21:17:35Z,ISLAND,31.813523391810854,0.0,"B1 logic. V: -0.095, SOC: 31.8%",0
2026-01-01T21:17:40Z,ISLAND,31.839912280699746,0.0,"B1 logic. V: -0.095, SOC: 31.8%",0
2026-01-01T21:17:45Z,ISLAND,31.866301169588628,0.0,"B1 logic. V: -0.095, SOC: 31.8%",0
2026-01-01T21:17:50Z,ISLAND,31.89269005847752,0.0,"B1 logic. V: -0.095, SOC: 31.9%",0
2026-01-01T21:17:55Z,ISLAND,31.91907894736641,0.0,"B1 logic. V: -0.095, SOC: 31.9%",0
2026-01-01T21:18:00Z,ISLAND,31.945467836255297,0.0,"B1 logic. V: -0.095, SOC: 31.9%",0
2026-01-01T21:18:05Z,ISLAND,31.97185672514419,0.0,"B1 logic. V: -0.095, SOC: 31.9%",0
2026-01-01T21:18:10Z,ISLAND,31.99824561403307,0.0,"B1 logic. V: -0.095, SOC: 32.0%",0
2026-01-01T21:18:15Z,ISLAND,32.02463450292196,0.0,"B1 logic. V: -0.095, SOC: 32.0%",0
2026-01-01T21:18:20Z,ISLAND,32.05102339181085,0.0,"B1 logic. V: -0.095, SOC: 32.0%",0
2026-01-01T21:18:25Z,ISLAND,32.07741228069974,0.0,"B1 logic. V: -0.095, SOC: 32.1%",0
2026-01-01T21:18:30Z,ISLAND,32.10380116958863,0.0,"B1 logic. V: -0.095, SOC: 32.1%",0
2026-01-01T21:18:35Z,ISLAND,32.13019005847752,0.0,"B1 logic. V: -0.095, SOC: 32.1%",0
2026-01-01T21:18:40Z,ISLAND,32.156578947366405,0.0,"B1 logic. V: -0.095, SOC: 32.1%",0
2026-01-01T21:18:45Z,ISLAND,32.182967836255294,0.0,"B1 logic. V: -0.095, SOC: 32.2%",0
2026-01-01T21:18:50Z,ISLAND,32.20935672514418,0.0,"B1 logic. V: -0.095, SOC: 32.2%",0
2026-01-01T21:18:55Z,ISLAND,32.23574561403307,0.0,"B1 logic. V: -0.095, SOC: 32.2%",0
2026-01-01T21:19:00Z,ISLAND,32.26213450292196,0.0,"B1 logic. V: -0.095, SOC: 32.2%",0
2026-01-01T21:19:05Z,ISLAND,32.28852339181085,0.0,"B1 logic. V: -0.094, SOC: 32.3%",0
2026-01-01T21:19:10Z,ISLAND,32.31491228069974,0.0,"B1 logic. V: -0.094, SOC: 32.3%",0
2026-01-01T21:19:15Z,ISLAND,32.341301169588625,0.0,"B1 logic. V: -0.094, SOC: 32.3%",0
2026-01-01T21:19:20Z,ISLAND,32.367690058477514,0.0,"B1 logic. V: -0.094, SOC: 32.3%",0
2026-01-01T21:19:25Z,ISLAND,32.3940789473664,0.0,"B1 logic. V: -0.094, SOC: 32.4%",0
2026-01-01T21:19:30Z,ISLAND,32.42046783625529,0.0,"B1 logic. V: -0.094, SOC: 32.4%",0
2026-01-01T21:19:35Z,ISLAND,32.44685672514418,0.0,"B1 logic. V: -0.094, SOC: 32.4%",0
2026-01-01T21:19:40Z,ISLAND,32.47324561403307,0.0,"B1 logic. V: -0.094, SOC: 32.4%",0
2026-01-01T21:19:45Z,ISLAND,32.49963450292196,0.0,"B1 logic. V: -0.094, SOC: 32.5%",0
2026-01-01T21:19:50Z,ISLAND,32.526023391810845,0.0,"B1 logic. V: -0.094, SOC: 32.5%",0
2026-01-01T21:19:55Z,ISLAND,32.552412280699734,0.0,"B1 logic. V: -0.094, SOC: 32.5%",0
2026-01-01T21:20:00Z,ISLAND,32.57880116958862,0.0,"B1 logic. V: -0.094, SOC: 32.6%",0
2026-01-01T21:20:05Z,ISLAND,32.60519005847751,0.0,"B1 logic. V: -0.094, SOC: 32.6%",0
2026-01-01T21:20:10Z,ISLAND,32.6315789473664,0.0,"B1 logic. V: -0.094, SOC: 32.6%",0
2026-01-01T21:20:15Z,ISLAND,32.65796783625529,0.0,"B1 logic. V: -0.094, SOC: 32.6%",0
2026-01-01T21:20:20Z,ISLAND,32.68435672514418,0.0,"B1 logic. V: -0.094, SOC: 32.7%",0
2026-01-01T21:20:25Z,ISLAND,32.710745614033065,0.0,"B1 logic. V: -0.094, SOC: 32.7%",0
2026-01-01T21:20:30Z,ISLAND,32.737134502921954,0.0,"B1 logic. V: -0.094, SOC: 32.7%",0
2026-01-01T21:20:35Z,ISLAND,32.76352339181084,0.0,"B1 logic. V: -0.094, SOC: 32.7%",0
2026-01-01T21:20:40Z,ISLAND,32.78991228069973,0.0,"B1 logic. V: -0.094, SOC: 32.8%",0
2026-01-01T21:20:45Z,ISLAND,32.81630116958862,0.0,"B1 logic. V: -0.094, SOC: 32.8%",0
2026-01-01T21:20:50Z,ISLAND,32.84269005847751,0.0,"B1 logic. V: -0.094, SOC: 32.8%",0
2026-01-01T21:20:55Z,ISLAND,32.8690789473664,0.0,"B1 logic. V: -0.094, SOC: 32.8%",0
2026-01-01T21:21:00Z,ISLAND,32.895467836255285,0.0,"B1 logic. V: -0.094, SOC: 32.9%",0
2026-01-01T21:21:05Z,ISLAND,32.921856725144174,0.0,"B1 logic. V: -0.094, SOC: 32.9%",0
2026-01-01T21:21:10Z,ISLAND,32.94824561403306,0.0,"B1 logic. V: -0.094, SOC: 32.9%",0
2026-01-01T21:21:15Z,ISLAND,32.97463450292195,0.0,"B1 logic. V: -0.094, SOC: 32.9%",0
2026-01-01T21:21:20Z,ISLAND,33.00102339181084,0.0,"B1 logic. V: -0.094, SOC: 33.0%",0
2026-01-01T21:21:25Z,ISLAND,33.02741228069973,0.0,"B1 logic. V: -0.094, SOC: 33.0%",0
2026-01-01T21:21:30Z,ISLAND,33.05380116958862,0.0,"B1 logic. V: -0.094, SOC: 33.0%",0
2026-01-01T21:21:35Z,ISLAND,33.080190058477505,0.0,"B1 logic. V: -0.094, SOC: 33.1%",0
2026-01-01T21:21:40Z,ISLAND,33.106578947366394,0.0,"B1 logic. V: -0.094, SOC: 33.1%",0
2026-01-01T21:21:45Z,ISLAND,33.13296783625528,0.0,"B1 logic. V: -0.094, SOC: 33.1%",0
2026-01-01T21:21:50Z,ISLAND,33.15935672514417,0.0,"B1 logic. V: -0.094, SOC: 33.1%",0
2026-01-01T21:21:55Z,ISLAND,33.18574561403306,0.0,"B1 logic. V: -0.094, SOC: 33.2%",0
2026-01-01T21:22:00Z,ISLAND,33.21213450292195,0.0,"B1 logic. V: -0.094, SOC: 33.2%",0
2026-01-01T21:22:05Z,ISLAND,33.23852339181084,0.0,"B1 logic. V: -0.094, SOC: 33.2%",0
2026-01-01T21:22:10Z,ISLAND,33.264912280699725,0.0,"B1 logic. V: -0.094, SOC: 33.2%",0
2026-01-01T21:22:15Z,ISLAND,33.291301169588614,0.0,"B1 logic. V: -0.094, SOC: 33.3%",0
2026-01-01T21:22:20Z,ISLAND,33.3176900584775,0.0,"B1 logic. V: -0.094, SOC: 33.3%",0
2026-01-01T21:22:25Z,ISLAND,33.34407894736639,0.0,"B1 logic. V: -0.094, SOC: 33.3%",0
2026-01-01T21:22:30Z,ISLAND,33.37046783625528,0.0,"B1 logic. V: -0.094, SOC: 33.3%",0
2026-01-01T21:22:35Z,ISLAND,33.39685672514417,0.0,"B1 logic. V: -0.094, SOC: 33.4%",0
2026-01-01T21:22:40Z,ISLAND,33.42324561403306,0.0,"B1 logic. V: -0.094, SOC: 33.4%",0
2026-01-01T21:22:45Z,ISLAND,33.449634502921946,0.0,"B1 logic. V: -0.094, SOC: 33.4%",0
2026-01-01T21:22:50Z,ISLAND,33.476023391810834,0.0,"B1 logic. V: -0.094, SOC: 33.4%",0
2026-01-01T21:22:55Z,ISLAND,33.50241228069972,0.0,"B1 logic. V: -0.094, SOC: 33.5%",0
2026-01-01T21:23:00Z,ISLAND,33.52880116958861,0.0,"B1 logic. V: -0.094, SOC: 33.5%",0
2026-01-01T21:23:05Z,ISLAND,33.5551900584775,0.0,"B1 logic. V: -0.093, SOC: 33.5%",0
2026-01-01T21:23:10Z,ISLAND,33.58157894736639,0.0,"B1 logic. V: -0.093, SOC: 33.6%",0
2026-01-01T21:23:15Z,ISLAND,33.60796783625528,0.0,"B1 logic. V: -0.093, SOC: 33.6%",0
2026-01-01T21:23:20Z,ISLAND,33.634356725144166,0.0,"B1 logic. V: -0.093, SOC: 33.6%",0
2026-01-01T21:23:25Z,ISLAND,33.660745614033054,0.0,"B1 logic. V: -0.093, SOC: 33.6%",0
2026-01-01T21:23:30Z,ISLAND,33.68713450292194,0.0,"B1 logic. V: -0.093, SOC: 33.7%",0
2026-01-01T21:23:35Z,ISLAND,33.71352339181083,0.0,"B1 logic. V: -0.093, SOC: 33.7%",0
2026-01-01T21:23:40Z,ISLAND,33.73991228069972,0.0,"B1 logic. V: -0.093, SOC: 33.7%",0
2026-01-01T21:23:45Z,ISLAND,33.76630116958861,0.0,"B1 logic. V: -0.093, SOC: 33.7%",0
2026-01-01T21:23:50Z,ISLAND,33.7926900584775,0.0,"B1 logic. V: -0.093, SOC: 33.8%",0
2026-01-01T21:23:55Z,ISLAND,33.819078947366386,0.0,"B1 logic. V: -0.093, SOC: 33.8%",0
2026-01-01T21:24:00Z,ISLAND,33.845467836255274,0.0,"B1 logic. V: -0.093, SOC: 33.8%",0
2026-01-01T21:24:05Z,ISLAND,33.87185672514416,0.0,"B1 logic. V: -0.093, SOC: 33.8%",0
2026-01-01T21:24:10Z,ISLAND,33.89824561403305,0.0,"B1 logic. V: -0.093, SOC: 33.9%",0
2026-01-01T21:24:15Z,ISLAND,33.92463450292194,0.0,"B1 logic. V: -0.093, SOC: 33.9%",0
2026-01-01T21:24:20Z,ISLAND,33.95102339181083,0.0,"B1 logic. V: -0.093, SOC: 33.9%",0
2026-01-01T21:24:25Z,ISLAND,33.97741228069972,0.0,"B1 logic. V: -0.093, SOC: 34.0%",0
2026-01-01T21:24:30Z,ISLAND,34.003801169588606,0.0,"B1 logic. V: -0.093, SOC: 34.0%",0
2026-01-01T21:24:35Z,ISLAND,34.030190058477494,0.0,"B1 logic. V: -0.093, SOC: 34.0%",0
2026-01-01T21:24:40Z,ISLAND,34.05657894736638,0.0,"B1 logic. V: -0.093, SOC: 34.0%",0
2026-01-01T21:24:45Z,ISLAND,34.08296783625527,0.0,"B1 logic. V: -0.093, SOC: 34.1%",0
2026-01-01T21:24:50Z,ISLAND,34.10935672514416,0.0,"B1 logic. V: -0.093, SOC: 34.1%",0
2026-01-01T21:24:55Z,ISLAND,34.13574561403305,0.0,"B1 logic. V: -0.093, SOC: 34.1%",0
2026-01-01T21:25:00Z,ISLAND,34.16213450292194,0.0,"B1 logic. V: -0.093, SOC: 34.1%",0
2026-01-01T21:25:05Z,ISLAND,34.188523391810826,0.0,"B1 logic. V: -0.093, SOC: 34.2%",0
2026-01-01T21:25:10Z,ISLAND,34.214912280699714,0.0,"B1 logic. V: -0.093, SOC: 34.2%",0
2026-01-01T21:25:15Z,ISLAND,34.2413011695886,0.0,"B1 logic. V: -0.093, SOC: 34.2%",0
2026-01-01T21:25:20Z,ISLAND,34.26769005847749,0.0,"B1 logic. V: -0.093, SOC: 34.2%",0
2026-01-01T21:25:25Z,ISLAND,34.29407894736638,0.0,"B1 logic. V: -0.093, SOC: 34.3%",0
2026-01-01T21:25:30Z,ISLAND,34.32046783625527,0.0,"B1 logic. V: -0.093, SOC: 34.3%",0
2026-01-01T21:25:35Z,ISLAND,34.34685672514416,0.0,"B1 logic. V: -0.093, SOC: 34.3%",0
2026-01-01T21:25:40Z,ISLAND,34.373245614033046,0.0,"B1 logic. V: -0.093, SOC: 34.3%",0
2026-01-01T21:25:45Z,ISLAND,34.399634502921934,0.0,"B1 logic. V: -0.093, SOC: 34.4%",0
2026-01-01T21:25:50Z,ISLAND,34.42602339181082,0.0,"B1 logic. V: -0.093, SOC: 34.4%",0
2026-01-01T21:25:55Z,ISLAND,34.45241228069971,0.0,"B1 logic. V: -0.093, SOC: 34.4%",0
2026-01-01T21:26:00Z,ISLAND,34.4788011695886,0.0,"B1 logic. V: -0.093, SOC: 34.5%",0
2026-01-01T21:26:05Z,ISLAND,34.50519005847749,0.0,"B1 logic. V: -0.093, SOC: 34.5%",0
2026-01-01T21:26:10Z,ISLAND,34.53157894736638,0.0,"B1 logic. V: -0.093, SOC: 34.5%",0
2026-01-01T21:26:15Z,ISLAND,34.557967836255266,0.0,"B1 logic. V: -0.093, SOC: 34.5%",0
2026-01-01T21:26:20Z,ISLAND,34.584356725144154,0.0,"B1 logic. V: -0.093, SOC: 34.6%",0
2026-01-01T21:26:25Z,ISLAND,34.61074561403304,0.0,"B1 logic. V: -0.093, SOC: 34.6%",0
2026-01-01T21:26:30Z,ISLAND,34.63713450292193,0.0,"B1 logic. V: -0.093, SOC: 34.6%",0
2026-01-01T21:26:35Z,ISLAND,34.66352339181082,0.0,"B1 logic. V: -0.093, SOC: 34.6%",0
2026-01-01T21:26:40Z,ISLAND,34.68991228069971,0.0,"B1 logic. V: -0.093, SOC: 34.7%",0
2026-01-01T21:26:45Z,ISLAND,34.7163011695886,0.0,"B1 logic. V: -0.093, SOC: 34.7%",0
2026-01-01T21:26:50Z,ISLAND,34.742690058477486,0.0,"B1 logic. V: -0.093, SOC: 34.7%",0
2026-01-01T21:26:55Z,ISLAND,34.769078947366374,0.0,"B1 logic. V: -0.093, SOC: 34.7%",0
2026-01-01T21:27:00Z,ISLAND,34.79546783625526,0.0,"B1 logic. V: -0.093, SOC: 34.8%",0
2026-01-01T21:27:05Z,ISLAND,34.82185672514415,0.0,"B1 logic. V: -0.093, SOC: 34.8%",0
2026-01-01T21:27:10Z,ISLAND,34.84824561403304,0.0,"B1 logic. V: -0.093, SOC: 34.8%",0
2026-01-01T21:27:15Z,ISLAND,34.87463450292193,0.0,"B1 logic. V: -0.093, SOC: 34.8%",0
2026-01-01T21:27:20Z,ISLAND,34.90102339181082,0.0,"B1 logic. V: -0.093, SOC: 34.9%",0
2026-01-01T21:27:25Z,ISLAND,34.927412280699706,0.0,"B1 logic. V: -0.093, SOC: 34.9%",0
2026-01-01T21:27:30Z,ISLAND,34.953801169588594,0.0,"B1 logic. V: -0.093, SOC: 34.9%",0
2026-01-01T21:27:35Z,ISLAND,34.98019005847748,0.0,"B1 logic. V: -0.093, SOC: 35.0%",0
2026-01-01T21:27:40Z,ISLAND,35.00657894736637,0.0,"B1 logic. V: -0.093, SOC: 35.0%",0
2026-01-01T21:27:45Z,ISLAND,35.03296783625526,0.0,"B1 logic. V: -0.093, SOC: 35.0%",0
2026-01-01T21:27:50Z,ISLAND,35.05935672514415,0.0,"B1 logic. V: -0.093, SOC: 35.0%",0
2026-01-01T21:27:55Z,ISLAND,35.08574561403304,0.0,"B1 logic. V: -0.093, SOC: 35.1%",0
2026-01-01T21:28:00Z,ISLAND,35.112134502921926,0.0,"B1 logic. V: -0.093, SOC: 35.1%",0
2026-01-01T21:28:05Z,ISLAND,35.138523391810814,0.0,"B1 logic. V: -0.092, SOC: 35.1%",0
2026-01-01T21:28:10Z,ISLAND,35.1649122806997,0.0,"B1 logic. V: -0.092, SOC: 35.1%",0
2026-01-01T21:28:15Z,ISLAND,35.19130116958859,0.0,"B1 logic. V: -0.092, SOC: 35.2%",0
2026-01-01T21:28:20Z,ISLAND,35.21769005847748,0.0,"B1 logic. V: -0.092, SOC: 35.2%",0
2026-01-01T21:28:25Z,ISLAND,35.24407894736637,0.0,"B1 logic. V: -0.092, SOC: 35.2%",0
2026-01-01T21:28:30Z,ISLAND,35.27046783625526,0.0,"B1 logic. V: -0.092, SOC: 35.2%",0
2026-01-01T21:28:35Z,ISLAND,35.296856725144146,0.0,"B1 logic. V: -0.092, SOC: 35.3%",0
2026-01-01T21:28:40Z,ISLAND,35.323245614033034,0.0,"B1 logic. V: -0.092, SOC: 35.3%",0
2026-01-01T21:28:45Z,ISLAND,35.34963450292192,0.0,"B1 logic. V: -0.092, SOC: 35.3%",0
2026-01-01T21:28:50Z,ISLAND,35.37602339181081,0.0,"B1 logic. V: -0.092, SOC: 35.3%",0
2026-01-01T21:28:55Z,ISLAND,35.4024122806997,0.0,"B1 logic. V: -0.092, SOC: 35.4%",0
2026-01-01T21:29:00Z,ISLAND,35.42880116958859,0.0,"B1 logic. V: -0.092, SOC: 35.4%",0
2026-01-01T21:29:05Z,ISLAND,35.45519005847748,0.0,"B1 logic. V: -0.092, SOC: 35.4%",0
2026-01-01T21:29:10Z,ISLAND,35.481578947366366,0.0,"B1 logic. V: -0.092, SOC: 35.5%",0
2026-01-01T21:29:15Z,ISLAND,35.507967836255254,0.0,"B1 logic. V: -0.092, SOC: 35.5%",0
2026-01-01T21:29:20Z,ISLAND,35.53435672514414,0.0,"B1 logic. V: -0.092, SOC: 35.5%",0
2026-01-01T21:29:25Z,ISLAND,35.56074561403303,0.0,"B1 logic. V: -0.092, SOC: 35.5%",0
2026-01-01T21:29:30Z,ISLAND,35.58713450292192,0.0,"B1 logic. V: -0.092, SOC: 35.6%",0
2026-01-01T21:29:35Z,ISLAND,35.61352339181081,0.0,"B1 logic. V: -0.092, SOC: 35.6%",0
2026-01-01T21:29:40Z,ISLAND,35.6399122806997,0.0,"B1 logic. V: -0.092, SOC: 35.6%",0
2026-01-01T21:29:45Z,ISLAND,35.666301169588586,0.0,"B1 logic. V: -0.092, SOC: 35.6%",0
2026-01-01T21:29:50Z,ISLAND,35.692690058477474,0.0,"B1 logic. V: -0.092, SOC: 35.7%",0
2026-01-01T21:29:55Z,ISLAND,35.71907894736636,0.0,"B1 logic. V: -0.092, SOC: 35.7%",0
2026-01-01T21:30:00Z,ISLAND,35.74546783625525,0.0,"B1 logic. V: -0.092, SOC: 35.7%",0
2026-01-01T21:30:05Z,ISLAND,35.77185672514414,0.0,"B1 logic. V: -0.092, SOC: 35.7%",0
2026-01-01T21:30:10Z,ISLAND,35.79824561403303,0.0,"B1 logic. V: -0.092, SOC: 35.8%",0
2026-01-01T21:30:15Z,ISLAND,35.82463450292192,0.0,"B1 logic. V: -0.092, SOC: 35.8%",0
2026-01-01T21:30:20Z,ISLAND,35.851023391810806,0.0,"B1 logic. V: -0.092, SOC: 35.8%",0
2026-01-01T21:30:25Z,ISLAND,35.877412280699694,0.0,"B1 logic. V: -0.092, SOC: 35.9%",0
2026-01-01T21:30:30Z,ISLAND,35.90380116958858,0.0,"B1 logic. V: -0.092, SOC: 35.9%",0
2026-01-01T21:30:35Z,ISLAND,35.93019005847747,0.0,"B1 logic. V: -0.092, SOC: 35.9%",0
2026-01-01T21:30:40Z,ISLAND,35.95657894736636,0.0,"B1 logic. V: -0.092, SOC: 35.9%",0
2026-01-01T21:30:45Z,ISLAND,35.98296783625525,0.0,"B1 logic. V: -0.092, SOC: 36.0%",0
2026-01-01T21:30:50Z,ISLAND,36.00935672514414,0.0,"B1 logic. V: -0.092, SOC: 36.0%",0
2026-01-01T21:30:55Z,ISLAND,36.035745614033026,0.0,"B1 logic. V: -0.092, SOC: 36.0%",0
2026-01-01T21:31:00Z,ISLAND,36.062134502921914,0.0,"B1 logic. V: -0.092, SOC: 36.0%",0
2026-01-01T21:31:05Z,ISLAND,36.0885233918108,0.0,"B1 logic. V: -0.092, SOC: 36.1%",0
2026-01-01T21:31:10Z,ISLAND,36.11491228069969,0.0,"B1 logic. V: -0.092, SOC: 36.1%",0
2026-01-01T21:31:15Z,ISLAND,36.14130116958858,0.0,"B1 logic. V: -0.092, SOC: 36.1%",0
2026-01-01T21:31:20Z,ISLAND,36.16769005847747,0.0,"B1 logic. V: -0.092, SOC: 36.1%",0
2026-01-01T21:31:25Z,ISLAND,36.19407894736636,0.0,"B1 logic. V: -0.092, SOC: 36.2%",0
2026-01-01T21:31:30Z,ISLAND,36.220467836255246,0.0,"B1 logic. V: -0.092, SOC: 36.2%",0
2026-01-01T21:31:35Z,ISLAND,36.246856725144134,0.0,"B1 logic. V: -0.092, SOC: 36.2%",0
2026-01-01T21:31:40Z,ISLAND,36.27324561403302,0.0,"B1 logic. V: -0.092, SOC: 36.2%",0
2026-01-01T21:31:45Z,ISLAND,36.29963450292191,0.0,"B1 logic. V: -0.092, SOC: 36.3%",0
2026-01-01T21:31:50Z,ISLAND,36.3260233918108,0.0,"B1 logic. V: -0.092, SOC: 36.3%",0
2026-01-01T21:31:55Z,ISLAND,36.35241228069969,0.0,"B1 logic. V: -0.092, SOC: 36.3%",0
2026-01-01T21:32:00Z,ISLAND,36.37880116958858,0.0,"B1 logic. V: -0.092, SOC: 36.4%",0
2026-01-01T21:32:05Z,ISLAND,36.405190058477466,0.0,"B1 logic. V: -0.091, SOC: 36.4%",0
2026-01-01T21:32:10Z,ISLAND,36.431578947366354,0.0,"B1 logic. V: -0.091, SOC: 36.4%",0
2026-01-01T21:32:15Z,ISLAND,36.45796783625524,0.0,"B1 logic. V: -0.091, SOC: 36.4%",0
2026-01-01T21:32:20Z,ISLAND,36.48435672514413,0.0,"B1 logic. V: -0.091, SOC: 36.5%",0
2026-01-01T21:32:25Z,ISLAND,36.51074561403302,0.0,"B1 logic. V: -0.091, SOC: 36.5%",0
2026-01-01T21:32:30Z,ISLAND,36.53713450292191,0.0,"B1 logic. V: -0.091, SOC: 36.5%",0
2026-01-01T21:32:35Z,ISLAND,36.5635233918108,0.0,"B1 logic. V: -0.091, SOC: 36.5%",0
2026-01-01T21:32:40Z,ISLAND,36.589912280699686,0.0,"B1 logic. V: -0.091, SOC: 36.6%",0
2026-01-01T21:32:45Z,ISLAND,36.616301169588574,0.0,"B1 logic. V: -0.091, SOC: 36.6%",0
2026-01-01T21:32:50Z,ISLAND,36.64269005847746,0.0,"B1 logic. V: -0.091, SOC: 36.6%",0
2026-01-01T21:32:55Z,ISLAND,36.66907894736635,0.0,"B1 logic. V: -0.091, SOC: 36.6%",0
2026-01-01T21:33:00Z,ISLAND,36.69546783625524,0.0,"B1 logic. V: -0.091, SOC: 36.7%",0
2026-01-01T21:33:05Z,ISLAND,36.72185672514413,0.0,"B1 logic. V: -0.091, SOC: 36.7%",0
2026-01-01T21:33:10Z,ISLAND,36.74824561403302,0.0,"B1 logic. V: -0.091, SOC: 36.7%",0
2026-01-01T21:33:15Z,ISLAND,36.774634502921906,0.0,"B1 logic. V: -0.091, SOC: 36.7%",0
2026-01-01T21:33:20Z,ISLAND,36.801023391810794,0.0,"B1 logic. V: -0.091, SOC: 36.8%",0
2026-01-01T21:33:25Z,ISLAND,36.82741228069968,0.0,"B1 logic. V: -0.091, SOC: 36.8%",0
2026-01-01T21:33:30Z,ISLAND,36.85380116958857,0.0,"B1 logic. V: -0.091, SOC: 36.8%",0
2026-01-01T21:33:35Z,ISLAND,36.88019005847746,0.0,"B1 logic. V: -0.091, SOC: 36.9%",0
2026-01-01T21:33:40Z,ISLAND,36.90657894736635,0.0,"B1 logic. V: -0.091, SOC: 36.9%",0
2026-01-01T21:33:45Z,ISLAND,36.93296783625524,0.0,"B1 logic. V: -0.091, SOC: 36.9%",0
2026-01-01T21:33:50Z,ISLAND,36.959356725144126,0.0,"B1 logic. V: -0.091, SOC: 36.9%",0
2026-01-01T21:33:55Z,ISLAND,36.985745614033014,0.0,"B1 logic. V: -0.091, SOC: 37.0%",0
2026-01-01T21:34:00Z,ISLAND,37.0121345029219,0.0,"B1 logic. V: -0.091, SOC: 37.0%",0
2026-01-01T21:34:05Z,ISLAND,37.03852339181079,0.0,"B1 logic. V: -0.091, SOC: 37.0%",0
2026-01-01T21:34:10Z,ISLAND,37.06491228069968,0.0,"B1 logic. V: -0.091, SOC: 37.0%",0
2026-01-01T21:34:15Z,ISLAND,37.09130116958857,0.0,"B1 logic. V: -0.091, SOC: 37.1%",0
2026-01-01T21:34:20Z,ISLAND,37.11769005847746,0.0,"B1 logic. V: -0.091, SOC: 37.1%",0
2026-01-01T21:34:25Z,ISLAND,37.144078947366346,0.0,"B1 logic. V: -0.091, SOC: 37.1%",0
2026-01-01T21:34:30Z,ISLAND,37.170467836255234,0.0,"B1 logic. V: -0.091, SOC: 37.1%",0
2026-01-01T21:34:35Z,ISLAND,37.19685672514412,0.0,"B1 logic. V: -0.091, SOC: 37.2%",0
2026-01-01T21:34:40Z,ISLAND,37.22324561403301,0.0,"B1 logic. V: -0.091, SOC: 37.2%",0
2026-01-01T21:34:45Z,ISLAND,37.2496345029219,0.0,"B1 logic. V: -0.091, SOC: 37.2%",0
2026-01-01T21:34:50Z,ISLAND,37.27602339181079,0.0,"B1 logic. V: -0.091, SOC: 37.2%",0
2026-01-01T21:34:55Z,ISLAND,37.30241228069968,0.0,"B1 logic. V: -0.091, SOC: 37.3%",0
2026-01-01T21:35:00Z,ISLAND,37.328801169588566,0.0,"B1 logic. V: -0.091, SOC: 37.3%",0
2026-01-01T21:35:05Z,ISLAND,37.355190058477454,0.0,"B1 logic. V: -0.090, SOC: 37.3%",0
2026-01-01T21:35:10Z,ISLAND,37.38157894736634,0.0,"B1 logic. V: -0.090, SOC: 37.4%",0
2026-01-01T21:35:15Z,ISLAND,37.40796783625523,0.0,"B1 logic. V: -0.090, SOC: 37.4%",0
2026-01-01T21:35:20Z,ISLAND,37.43435672514412,0.0,"B1 logic. V: -0.090, SOC: 37.4%",0
2026-01-01T21:35:25Z,ISLAND,37.46074561403301,0.0,"B1 logic. V: -0.090, SOC: 37.4%",0
2026-01-01T21:35:30Z,ISLAND,37.4871345029219,0.0,"B1 logic. V: -0.090, SOC: 37.5%",0
2026-01-01T21:35:35Z,ISLAND,37.513523391810786,0.0,"B1 logic. V: -0.090, SOC: 37.5%",0
2026-01-01T21:35:40Z,ISLAND,37.539912280699674,0.0,"B1 logic. V: -0.090, SOC: 37.5%",0
2026-01-01T21:35:45Z,ISLAND,37.56630116958856,0.0,"B1 logic. V: -0.090, SOC: 37.5%",0
2026-01-01T21:35:50Z,ISLAND,37.59269005847745,0.0,"B1 logic. V: -0.090, SOC: 37.6%",0
2026-01-01T21:35:55Z,ISLAND,37.61907894736634,0.0,"B1 logic. V: -0.090, SOC: 37.6%",0
2026-01-01T21:36:00Z,ISLAND,37.64546783625523,0.0,"B1 logic. V: -0.090, SOC: 37.6%",0
2026-01-01T21:36:05Z,ISLAND,37.67185672514412,0.0,"B1 logic. V: -0.090, SOC: 37.6%",0
2026-01-01T21:36:10Z,ISLAND,37.698245614033006,0.0,"B1 logic. V: -0.090, SOC: 37.7%",0
2026-01-01T21:36:15Z,ISLAND,37.724634502921894,0.0,"B1 logic. V: -0.090, SOC: 37.7%",0
2026-01-01T21:36:20Z,ISLAND,37.75102339181078,0.0,"B1 logic. V: -0.090, SOC: 37.7%",0
2026-01-01T21:36:25Z,ISLAND,37.77741228069967,0.0,"B1 logic. V: -0.090, SOC: 37.8%",0
2026-01-01T21:36:30Z,ISLAND,37.80380116958856,0.0,"B1 logic. V: -0.090, SOC: 37.8%",0
2026-01-01T21:36:35Z,ISLAND,37.83019005847745,0.0,"B1 logic. V: -0.090, SOC: 37.8%",0
2026-01-01T21:36:40Z,ISLAND,37.85657894736634,0.0,"B1 logic. V: -0.090, SOC: 37.8%",0
2026-01-01T21:36:45Z,ISLAND,37.882967836255226,0.0,"B1 logic. V: -0.090, SOC: 37.9%",0
2026-01-01T21:36:50Z,ISLAND,37.909356725144114,0.0,"B1 logic. V: -0.090, SOC: 37.9%",0
2026-01-01T21:36:55Z,ISLAND,37.935745614033,0.0,"B1 logic. V: -0.090, SOC: 37.9%",0
2026-01-01T21:37:00Z,ISLAND,37.96213450292189,0.0,"B1 logic. V: -0.090, SOC: 37.9%",0
2026-01-01T21:37:05Z,ISLAND,37.98852339181078,0.0,"B1 logic. V: -0.090, SOC: 38.0%",0
2026-01-01T21:37:10Z,ISLAND,38.01491228069967,0.0,"B1 logic. V: -0.090, SOC: 38.0%",0
2026-01-01T21:37:15Z,ISLAND,38.04130116958856,0.0,"B1 logic. V: -0.090, SOC: 38.0%",0
2026-01-01T21:37:20Z,ISLAND,38.067690058477446,0.0,"B1 logic. V: -0.090, SOC: 38.0%",0
2026-01-01T21:37:25Z,ISLAND,38.094078947366334,0.0,"B1 logic. V: -0.090, SOC: 38.1%",0
2026-01-01T21:37:30Z,ISLAND,38.12046783625522,0.0,"B1 logic. V: -0.090, SOC: 38.1%",0
2026-01-01T21:37:35Z,ISLAND,38.14685672514411,0.0,"B1 logic. V: -0.090, SOC: 38.1%",0
2026-01-01T21:37:40Z,ISLAND,38.173245614033,0.0,"B1 logic. V: -0.090, SOC: 38.1%",0
2026-01-01T21:37:45Z,ISLAND,38.19963450292189,0.0,"B1 logic. V: -0.090, SOC: 38.2%",0
2026-01-01T21:37:50Z,ISLAND,38.22602339181078,0.0,"B1 logic. V: -0.090, SOC: 38.2%",0
2026-01-01T21:37:55Z,ISLAND,38.252412280699666,0.0,"B1 logic. V: -0.090, SOC: 38.2%",0
2026-01-01T21:38:00Z,ISLAND,38.278801169588554,0.0,"B1 logic. V: -0.090, SOC: 38.3%",0
2026-01-01T21:38:05Z,ISLAND,38.30519005847744,0.0,"B1 logic. V: -0.090, SOC: 38.3%",0
2026-01-01T21:38:10Z,ISLAND,38.33157894736633,0.0,"B1 logic. V: -0.090, SOC: 38.3%",0
2026-01-01T21:38:15Z,ISLAND,38.35796783625522,0.0,"B1 logic. V: -0.090, SOC: 38.3%",0
2026-01-01T21:38:20Z,ISLAND,38.38435672514411,0.0,"B1 logic. V: -0.090, SOC: 38.4%",0
2026-01-01T21:38:25Z,ISLAND,38.410745614033,0.0,"B1 logic. V: -0.090, SOC: 38.4%",0
2026-01-01T21:38:30Z,ISLAND,38.437134502921886,0.0,"B1 logic. V: -0.090, SOC: 38.4%",0
2026-01-01T21:38:35Z,ISLAND,38.463523391810774,0.0,"B1 logic. V: -0.090, SOC: 38.4%",0
2026-01-01T21:38:40Z,ISLAND,38.48991228069966,0.0,"B1 logic. V: -0.090, SOC: 38.5%",0
2026-01-01T21:38:45Z,ISLAND,38.51630116958855,0.0,"B1 logic. V: -0.090, SOC: 38.5%",0
2026-01-01T21:38:50Z,ISLAND,38.54269005847744,0.0,"B1 logic. V: -0.090, SOC: 38.5%",0
2026-01-01T21:38:55Z,ISLAND,38.56907894736633,0.0,"B1 logic. V: -0.090, SOC: 38.5%",0
2026-01-01T21:39:00Z,ISLAND,38.59546783625522,0.0,"B1 logic. V: -0.090, SOC: 38.6%",0
2026-01-01T21:39:05Z,ISLAND,38.621856725144106,0.0,"B1 logic. V: -0.089, SOC: 38.6%",0
2026-01-01T21:39:10Z,ISLAND,38.648245614032994,0.0,"B1 logic. V: -0.089, SOC: 38.6%",0
2026-01-01T21:39:15Z,ISLAND,38.67463450292188,0.0,"B1 logic. V: -0.089, SOC: 38.6%",0
2026-01-01T21:39:20Z,ISLAND,38.70102339181077,0.0,"B1 logic. V: -0.089, SOC: 38.7%",0
2026-01-01T21:39:25Z,ISLAND,38.72741228069966,0.0,"B1 logic. V: -0.089, SOC: 38.7%",0
2026-01-01T21:39:30Z,ISLAND,38.75380116958855,0.0,"B1 logic. V: -0.089, SOC: 38.7%",0
2026-01-01T21:39:35Z,ISLAND,38.78019005847744,0.0,"B1 logic. V: -0.089, SOC: 38.8%",0
2026-01-01T21:39:40Z,ISLAND,38.806578947366326,0.0,"B1 logic. V: -0.089, SOC: 38.8%",0
2026-01-01T21:39:45Z,ISLAND,38.832967836255214,0.0,"B1 logic. V: -0.089, SOC: 38.8%",0
2026-01-01T21:39:50Z,ISLAND,38.8593567251441,0.0,"B1 logic. V: -0.089, SOC: 38.8%",0
2026-01-01T21:39:55Z,ISLAND,38.88574561403299,0.0,"B1 logic. V: -0.089, SOC: 38.9%",0
2026-01-01T21:40:00Z,ISLAND,38.91213450292188,0.0,"B1 logic. V: -0.089, SOC: 38.9%",0
2026-01-01T21:40:05Z,ISLAND,38.93852339181077,0.0,"B1 logic. V: -0.089, SOC: 38.9%",0
2026-01-01T21:40:10Z,ISLAND,38.96491228069966,0.0,"B1 logic. V: -0.089, SOC: 38.9%",0
2026-01-01T21:40:15Z,ISLAND,38.991301169588546,0.0,"B1 logic. V: -0.089, SOC: 39.0%",0
2026-01-01T21:40:20Z,ISLAND,39.017690058477434,0.0,"B1 logic. V: -0.089, SOC: 39.0%",0
2026-01-01T21:40:25Z,ISLAND,39.04407894736632,0.0,"B1 logic. V: -0.089, SOC: 39.0%",0
2026-01-01T21:40:30Z,ISLAND,39.07046783625521,0.0,"B1 logic. V: -0.089, SOC: 39.0%",0
2026-01-01T21:40:35Z,ISLAND,39.0968567251441,0.0,"B1 logic. V: -0.089, SOC: 39.1%",0
2026-01-01T21:40:40Z,ISLAND,39.12324561403299,0.0,"B1 logic. V: -0.089, SOC: 39.1%",0
2026-01-01T21:40:45Z,ISLAND,39.14963450292188,0.0,"B1 logic. V: -0.089, SOC: 39.1%",0
2026-01-01T21:40:50Z,ISLAND,39.176023391810766,0.0,"B1 logic. V: -0.089, SOC: 39.1%",0
2026-01-01T21:40:55Z,ISLAND,39.202412280699654,0.0,"B1 logic. V: -0.089, SOC: 39.2%",0
2026-01-01T21:41:00Z,ISLAND,39.22880116958854,0.0,"B1 logic. V: -0.089, SOC: 39.2%",0
2026-01-01T21:41:05Z,ISLAND,39.25519005847743,0.0,"B1 logic. V: -0.089, SOC: 39.2%",0
2026-01-01T21:41:10Z,ISLAND,39.28157894736632,0.0,"B1 logic. V: -0.089, SOC: 39.3%",0
2026-01-01T21:41:15Z,ISLAND,39.30796783625521,0.0,"B1 logic. V: -0.089, SOC: 39.3%",0
2026-01-01T21:41:20Z,ISLAND,39.3343567251441,0.0,"B1 logic. V: -0.089, SOC: 39.3%",0
2026-01-01T21:41:25Z,ISLAND,39.360745614032986,0.0,"B1 logic. V: -0.089, SOC: 39.3%",0
2026-01-01T21:41:30Z,ISLAND,39.387134502921874,0.0,"B1 logic. V: -0.089, SOC: 39.4%",0
2026-01-01T21:41:35Z,ISLAND,39.41352339181076,0.0,"B1 logic. V: -0.089, SOC: 39.4%",0
2026-01-01T21:41:40Z,ISLAND,39.43991228069965,0.0,"B1 logic. V: -0.089, SOC: 39.4%",0
2026-01-01T21:41:45Z,ISLAND,39.46630116958854,0.0,"B1 logic. V: -0.089, SOC: 39.4%",0
2026-01-01T21:41:50Z,ISLAND,39.49269005847743,0.0,"B1 logic. V: -0.089, SOC: 39.5%",0
2026-01-01T21:41:55Z,ISLAND,39.51907894736632,0.0,"B1 logic. V: -0.089, SOC: 39.5%",0
2026-01-01T21:42:00Z,ISLAND,39.545467836255206,0.0,"B1 logic. V: -0.089, SOC: 39.5%",0
2026-01-01T21:42:05Z,ISLAND,39.571856725144094,0.0,"B1 logic. V: -0.088, SOC: 39.5%",0
2026-01-01T21:42:10Z,ISLAND,39.59824561403298,0.0,"B1 logic. V: -0.088, SOC: 39.6%",0
2026-01-01T21:42:15Z,ISLAND,39.62463450292187,0.0,"B1 logic. V: -0.088, SOC: 39.6%",0
2026-01-01T21:42:20Z,ISLAND,39.65102339181076,0.0,"B1 logic. V: -0.088, SOC: 39.6%",0
2026-01-01T21:42:25Z,ISLAND,39.67741228069965,0.0,"B1 logic. V: -0.088, SOC: 39.7%",0
2026-01-01T21:42:30Z,ISLAND,39.70380116958854,0.0,"B1 logic. V: -0.088, SOC: 39.7%",0
2026-01-01T21:42:35Z,ISLAND,39.730190058477426,0.0,"B1 logic. V: -0.088, SOC: 39.7%",0
2026-01-01T21:42:40Z,ISLAND,39.756578947366314,0.0,"B1 logic. V: -0.088, SOC: 39.7%",0
2026-01-01T21:42:45Z,ISLAND,39.7829678362552,0.0,"B1 logic. V: -0.088, SOC: 39.8%",0
2026-01-01T21:42:50Z,ISLAND,39.80935672514409,0.0,"B1 logic. V: -0.088, SOC: 39.8%",0
2026-01-01T21:42:55Z,ISLAND,39.83574561403298,0.0,"B1 logic. V: -0.088, SOC: 39.8%",0
2026-01-01T21:43:00Z,ISLAND,39.86213450292187,0.0,"B1 logic. V: -0.088, SOC: 39.8%",0
2026-01-01T21:43:05Z,ISLAND,39.88852339181076,0.0,"B1 logic. V: -0.088, SOC: 39.9%",0
2026-01-01T21:43:10Z,ISLAND,39.914912280699646,0.0,"B1 logic. V: -0.088, SOC: 39.9%",0
2026-01-01T21:43:15Z,ISLAND,39.941301169588534,0.0,"B1 logic. V: -0.088, SOC: 39.9%",0
2026-01-01T21:43:20Z,ISLAND,39.96769005847742,0.0,"B1 logic. V: -0.088, SOC: 39.9%",0
2026-01-01T21:43:25Z,ISLAND,39.99407894736631,0.0,"B1 logic. V: -0.088, SOC: 40.0%",0
2026-01-01T21:43:30Z,ISLAND,40.0204678362552,0.0,"B1 logic. V: -0.088, SOC: 40.0%",0
2026-01-01T21:43:35Z,ISLAND,40.04685672514409,0.0,"B1 logic. V: -0.088, SOC: 40.0%",0
2026-01-01T21:43:40Z,ISLAND,40.07324561403298,0.0,"B1 logic. V: -0.088, SOC: 40.0%",0
2026-01-01T21:43:45Z,ISLAND,40.099634502921866,0.0,"B1 logic. V: -0.088, SOC: 40.1%",0
2026-01-01T21:43:50Z,ISLAND,40.126023391810755,0.0,"B1 logic. V: -0.088, SOC: 40.1%",0
2026-01-01T21:43:55Z,ISLAND,40.15241228069964,0.0,"B1 logic. V: -0.088, SOC: 40.1%",0
2026-01-01T21:44:00Z,ISLAND,40.17880116958853,0.0,"B1 logic. V: -0.088, SOC: 40.2%",0
2026-01-01T21:44:05Z,ISLAND,40.20519005847742,0.0,"B1 logic. V: -0.088, SOC: 40.2%",0
2026-01-01T21:44:10Z,ISLAND,40.23157894736631,0.0,"B1 logic. V: -0.088, SOC: 40.2%",0
2026-01-01T21:44:15Z,ISLAND,40.2579678362552,0.0,"B1 logic. V: -0.088, SOC: 40.2%",0
2026-01-01T21:44:20Z,ISLAND,40.284356725144086,0.0,"B1 logic. V: -0.088, SOC: 40.3%",0
2026-01-01T21:44:25Z,ISLAND,40.310745614032975,0.0,"B1 logic. V: -0.088, SOC: 40.3%",0
2026-01-01T21:44:30Z,ISLAND,40.33713450292186,0.0,"B1 logic. V: -0.088, SOC: 40.3%",0
2026-01-01T21:44:35Z,ISLAND,40.36352339181075,0.0,"B1 logic. V: -0.088, SOC: 40.3%",0
2026-01-01T21:44:40Z,ISLAND,40.38991228069964,0.0,"B1 logic. V: -0.088, SOC: 40.4%",0
2026-01-01T21:44:45Z,ISLAND,40.41630116958853,0.0,"B1 logic. V: -0.088, SOC: 40.4%",0
2026-01-01T21:44:50Z,ISLAND,40.44269005847742,0.0,"B1 logic. V: -0.088, SOC: 40.4%",0
2026-01-01T21:44:55Z,ISLAND,40.469078947366306,0.0,"B1 logic. V: -0.088, SOC: 40.4%",0
2026-01-01T21:45:00Z,ISLAND,40.495467836255195,0.0,"B1 logic. V: -0.088, SOC: 40.5%",0
2026-01-01T21:45:05Z,ISLAND,40.52185672514408,0.0,"B1 logic. V: -0.088, SOC: 40.5%",0
2026-01-01T21:45:10Z,ISLAND,40.54824561403297,0.0,"B1 logic. V: -0.088, SOC: 40.5%",0
2026-01-01T21:45:15Z,ISLAND,40.57463450292186,0.0,"B1 logic. V: -0.088, SOC: 40.5%",0
2026-01-01T21:45:20Z,ISLAND,40.60102339181075,0.0,"B1 logic. V: -0.088, SOC: 40.6%",0
2026-01-01T21:45:25Z,ISLAND,40.62741228069964,0.0,"B1 logic. V: -0.088, SOC: 40.6%",0
2026-01-01T21:45:30Z,ISLAND,40.653801169588526,0.0,"B1 logic. V: -0.088, SOC: 40.6%",0
2026-01-01T21:45:35Z,ISLAND,40.680190058477415,0.0,"B1 logic. V: -0.088, SOC: 40.7%",0
2026-01-01T21:45:40Z,ISLAND,40.7065789473663,0.0,"B1 logic. V: -0.088, SOC: 40.7%",0
2026-01-01T21:45:45Z,ISLAND,40.73296783625519,0.0,"B1 logic. V: -0.088, SOC: 40.7%",0
2026-01-01T21:45:50Z,ISLAND,40.75935672514408,0.0,"B1 logic. V: -0.088, SOC: 40.7%",0
2026-01-01T21:45:55Z,ISLAND,40.78574561403297,0.0,"B1 logic. V: -0.088, SOC: 40.8%",0
2026-01-01T21:46:00Z,ISLAND,40.81213450292186,0.0,"B1 logic. V: -0.088, SOC: 40.8%",0
2026-01-01T21:46:05Z,ISLAND,40.838523391810746,0.0,"B1 logic. V: -0.087, SOC: 40.8%",0
2026-01-01T21:46:10Z,ISLAND,40.864912280699635,0.0,"B1 logic. V: -0.087, SOC: 40.8%",0
2026-01-01T21:46:15Z,ISLAND,40.89130116958852,0.0,"B1 logic. V: -0.087, SOC: 40.9%",0
2026-01-01T21:46:20Z,ISLAND,40.91769005847741,0.0,"B1 logic. V: -0.087, SOC: 40.9%",0
2026-01-01T21:46:25Z,ISLAND,40.9440789473663,0.0,"B1 logic. V: -0.087, SOC: 40.9%",0
2026-01-01T21:46:30Z,ISLAND,40.97046783625519,0.0,"B1 logic. V: -0.087, SOC: 40.9%",0
2026-01-01T21:46:35Z,ISLAND,40.99685672514408,0.0,"B1 logic. V: -0.087, SOC: 41.0%",0
2026-01-01T21:46:40Z,ISLAND,41.023245614032966,0.0,"B1 logic. V: -0.087, SOC: 41.0%",0
2026-01-01T21:46:45Z,ISLAND,41.049634502921855,0.0,"B1 logic. V: -0.087, SOC: 41.0%",0
2026-01-01T21:46:50Z,ISLAND,41.07602339181074,0.0,"B1 logic. V: -0.087, SOC: 41.0%",0
2026-01-01T21:46:55Z,ISLAND,41.10241228069963,0.0,"B1 logic. V: -0.087, SOC: 41.1%",0
2026-01-01T21:47:00Z,ISLAND,41.12880116958852,0.0,"B1 logic. V: -0.087, SOC: 41.1%",0
2026-01-01T21:47:05Z,ISLAND,41.15519005847741,0.0,"B1 logic. V: -0.087, SOC: 41.1%",0
2026-01-01T21:47:10Z,ISLAND,41.1815789473663,0.0,"B1 logic. V: -0.087, SOC: 41.2%",0
2026-01-01T21:47:15Z,ISLAND,41.207967836255186,0.0,"B1 logic. V: -0.087, SOC: 41.2%",0
2026-01-01T21:47:20Z,ISLAND,41.234356725144075,0.0,"B1 logic. V: -0.087, SOC: 41.2%",0
2026-01-01T21:47:25Z,ISLAND,41.26074561403296,0.0,"B1 logic. V: -0.087, SOC: 41.2%",0
2026-01-01T21:47:30Z,ISLAND,41.28713450292185,0.0,"B1 logic. V: -0.087, SOC: 41.3%",0
2026-01-01T21:47:35Z,ISLAND,41.31352339181074,0.0,"B1 logic. V: -0.087, SOC: 41.3%",0
2026-01-01T21:47:40Z,ISLAND,41.33991228069963,0.0,"B1 logic. V: -0.087, SOC: 41.3%",0
2026-01-01T21:47:45Z,ISLAND,41.36630116958852,0.0,"B1 logic. V: -0.087, SOC: 41.3%",0
2026-01-01T21:47:50Z,ISLAND,41.392690058477406,0.0,"B1 logic. V: -0.087, SOC: 41.4%",0
2026-01-01T21:47:55Z,ISLAND,41.419078947366295,0.0,"B1 logic. V: -0.087, SOC: 41.4%",0
2026-01-01T21:48:00Z,ISLAND,41.44546783625518,0.0,"B1 logic. V: -0.087, SOC: 41.4%",0
2026-01-01T21:48:05Z,ISLAND,41.47185672514407,0.0,"B1 logic. V: -0.087, SOC: 41.4%",0
2026-01-01T21:48:10Z,ISLAND,41.49824561403296,0.0,"B1 logic. V: -0.087, SOC: 41.5%",0
2026-01-01T21:48:15Z,ISLAND,41.52463450292185,0.0,"B1 logic. V: -0.087, SOC: 41.5%",0
2026-01-01T21:48:20Z,ISLAND,41.55102339181074,0.0,"B1 logic. V: -0.087, SOC: 41.5%",0
2026-01-01T21:48:25Z,ISLAND,41.577412280699626,0.0,"B1 logic. V: -0.087, SOC: 41.6%",0
2026-01-01T21:48:30Z,ISLAND,41.603801169588515,0.0,"B1 logic. V: -0.087, SOC: 41.6%",0
2026-01-01T21:48:35Z,ISLAND,41.6301900584774,0.0,"B1 logic. V: -0.087, SOC: 41.6%",0
2026-01-01T21:48:40Z,ISLAND,41.65657894736629,0.0,"B1 logic. V: -0.087, SOC: 41.6%",0
2026-01-01T21:48:45Z,ISLAND,41.68296783625518,0.0,"B1 logic. V: -0.087, SOC: 41.7%",0
2026-01-01T21:48:50Z,ISLAND,41.70935672514407,0.0,"B1 logic. V: -0.087, SOC: 41.7%",0
2026-01-01T21:48:55Z,ISLAND,41.73574561403296,0.0,"B1 logic. V: -0.087, SOC: 41.7%",0
2026-01-01T21:49:00Z,ISLAND,41.762134502921846,0.0,"B1 logic. V: -0.087, SOC: 41.7%",0
2026-01-01T21:49:05Z,ISLAND,41.788523391810735,0.0,"B1 logic. V: -0.086, SOC: 41.8%",0
2026-01-01T21:49:10Z,ISLAND,41.81491228069962,0.0,"B1 logic. V: -0.086, SOC: 41.8%",0
2026-01-01T21:49:15Z,ISLAND,41.84130116958851,0.0,"B1 logic. V: -0.086, SOC: 41.8%",0
2026-01-01T21:49:20Z,ISLAND,41.8676900584774,0.0,"B1 logic. V: -0.086, SOC: 41.8%",0
2026-01-01T21:49:25Z,ISLAND,41.89407894736629,0.0,"B1 logic. V: -0.086, SOC: 41.9%",0
2026-01-01T21:49:30Z,ISLAND,41.92046783625518,0.0,"B1 logic. V: -0.086, SOC: 41.9%",0
2026-01-01T21:49:35Z,ISLAND,41.946856725144066,0.0,"B1 logic. V: -0.086, SOC: 41.9%",0
2026-01-01T21:49:40Z,ISLAND,41.973245614032955,0.0,"B1 logic. V: -0.086, SOC: 41.9%",0
2026-01-01T21:49:45Z,ISLAND,41.99963450292184,0.0,"B1 logic. V: -0.086, SOC: 42.0%",0
2026-01-01T21:49:50Z,ISLAND,42.02602339181073,0.0,"B1 logic. V: -0.086, SOC: 42.0%",0
2026-01-01T21:49:55Z,ISLAND,42.05241228069962,0.0,"B1 logic. V: -0.086, SOC: 42.0%",0
2026-01-01T21:50:00Z,ISLAND,42.07880116958851,0.0,"B1 logic. V: -0.086, SOC: 42.1%",0
2026-01-01T21:50:05Z,ISLAND,42.1051900584774,0.0,"B1 logic. V: -0.086, SOC: 42.1%",0
2026-01-01T21:50:10Z,ISLAND,42.131578947366286,0.0,"B1 logic. V: -0.086, SOC: 42.1%",0
2026-01-01T21:50:15Z,ISLAND,42.157967836255175,0.0,"B1 logic. V: -0.086, SOC: 42.1%",0
2026-01-01T21:50:20Z,ISLAND,42.18435672514406,0.0,"B1 logic. V: -0.086, SOC: 42.2%",0
2026-01-01T21:50:25Z,ISLAND,42.21074561403295,0.0,"B1 logic. V: -0.086, SOC: 42.2%",0
2026-01-01T21:50:30Z,ISLAND,42.23713450292184,0.0,"B1 logic. V: -0.086, SOC: 42.2%",0
2026-01-01T21:50:35Z,ISLAND,42.26352339181073,0.0,"B1 logic. V: -0.086, SOC: 42.2%",0
2026-01-01T21:50:40Z,ISLAND,42.28991228069962,0.0,"B1 logic. V: -0.086, SOC: 42.3%",0
2026-01-01T21:50:45Z,ISLAND,42.316301169588506,0.0,"B1 logic. V: -0.086, SOC: 42.3%",0
2026-01-01T21:50:50Z,ISLAND,42.342690058477395,0.0,"B1 logic. V: -0.086, SOC: 42.3%",0
2026-01-01T21:50:55Z,ISLAND,42.36907894736628,0.0,"B1 logic. V: -0.086, SOC: 42.3%",0
2026-01-01T21:51:00Z,ISLAND,42.39546783625517,0.0,"B1 logic. V: -0.086, SOC: 42.4%",0
2026-01-01T21:51:05Z,ISLAND,42.42185672514406,0.0,"B1 logic. V: -0.086, SOC: 42.4%",0
2026-01-01T21:51:10Z,ISLAND,42.44824561403295,0.0,"B1 logic. V: -0.086, SOC: 42.4%",0
2026-01-01T21:51:15Z,ISLAND,42.47463450292184,0.0,"B1 logic. V: -0.086, SOC: 42.4%",0
2026-01-01T21:51:20Z,ISLAND,42.501023391810726,0.0,"B1 logic. V: -0.086, SOC: 42.5%",0
2026-01-01T21:51:25Z,ISLAND,42.527412280699615,0.0,"B1 logic. V: -0.086, SOC: 42.5%",0
2026-01-01T21:51:30Z,ISLAND,42.5538011695885,0.0,"B1 logic. V: -0.086, SOC: 42.5%",0
2026-01-01T21:51:35Z,ISLAND,42.58019005847739,0.0,"B1 logic. V: -0.086, SOC: 42.6%",0
2026-01-01T21:51:40Z,ISLAND,42.60657894736628,0.0,"B1 logic. V: -0.086, SOC: 42.6%",0
2026-01-01T21:51:45Z,ISLAND,42.63296783625517,0.0,"B1 logic. V: -0.086, SOC: 42.6%",0
2026-01-01T21:51:50Z,ISLAND,42.65935672514406,0.0,"B1 logic. V: -0.086, SOC: 42.6%",0
2026-01-01T21:51:55Z,ISLAND,42.685745614032946,0.0,"B1 logic. V: -0.086, SOC: 42.7%",0
2026-01-01T21:52:00Z,ISLAND,42.712134502921835,0.0,"B1 logic. V: -0.086, SOC: 42.7%",0
2026-01-01T21:52:05Z,ISLAND,42.73852339181072,0.0,"B1 logic. V: -0.085, SOC: 42.7%",0
2026-01-01T21:52:10Z,ISLAND,42.76491228069961,0.0,"B1 logic. V: -0.085, SOC: 42.7%",0
2026-01-01T21:52:15Z,ISLAND,42.7913011695885,0.0,"B1 logic. V: -0.085, SOC: 42.8%",0
2026-01-01T21:52:20Z,ISLAND,42.81769005847739,0.0,"B1 logic. V: -0.085, SOC: 42.8%",0
2026-01-01T21:52:25Z,ISLAND,42.84407894736628,0.0,"B1 logic. V: -0.085, SOC: 42.8%",0
2026-01-01T21:52:30Z,ISLAND,42.870467836255166,0.0,"B1 logic. V: -0.085, SOC: 42.8%",0
2026-01-01T21:52:35Z,ISLAND,42.896856725144055,0.0,"B1 logic. V: -0.085, SOC: 42.9%",0
2026-01-01T21:52:40Z,ISLAND,42.92324561403294,0.0,"B1 logic. V: -0.085, SOC: 42.9%",0
2026-01-01T21:52:45Z,ISLAND,42.94963450292183,0.0,"B1 logic. V: -0.085, SOC: 42.9%",0
2026-01-01T21:52:50Z,ISLAND,42.97602339181072,0.0,"B1 logic. V: -0.085, SOC: 42.9%",0
2026-01-01T21:52:55Z,ISLAND,43.00241228069961,0.0,"B1 logic. V: -0.085, SOC: 43.0%",0
2026-01-01T21:53:00Z,ISLAND,43.0288011695885,0.0,"B1 logic. V: -0.085, SOC: 43.0%",0
2026-01-01T21:53:05Z,ISLAND,43.055190058477386,0.0,"B1 logic. V: -0.085, SOC: 43.0%",0
2026-01-01T21:53:10Z,ISLAND,43.081578947366275,0.0,"B1 logic. V: -0.085, SOC: 43.1%",0
2026-01-01T21:53:15Z,ISLAND,43.10796783625516,0.0,"B1 logic. V: -0.085, SOC: 43.1%",0
2026-01-01T21:53:20Z,ISLAND,43.13435672514405,0.0,"B1 logic. V: -0.085, SOC: 43.1%",0
2026-01-01T21:53:25Z,ISLAND,43.16074561403294,0.0,"B1 logic. V: -0.085, SOC: 43.1%",0
2026-01-01T21:53:30Z,ISLAND,43.18713450292183,0.0,"B1 logic. V: -0.085, SOC: 43.2%",0
2026-01-01T21:53:35Z,ISLAND,43.21352339181072,0.0,"B1 logic. V: -0.085, SOC: 43.2%",0
2026-01-01T21:53:40Z,ISLAND,43.239912280699606,0.0,"B1 logic. V: -0.085, SOC: 43.2%",0
2026-01-01T21:53:45Z,ISLAND,43.266301169588495,0.0,"B1 logic. V: -0.085, SOC: 43.2%",0
2026-01-01T21:53:50Z,ISLAND,43.29269005847738,0.0,"B1 logic. V: -0.085, SOC: 43.3%",0
2026-01-01T21:53:55Z,ISLAND,43.31907894736627,0.0,"B1 logic. V: -0.085, SOC: 43.3%",0
2026-01-01T21:54:00Z,ISLAND,43.34546783625516,0.0,"B1 logic. V: -0.085, SOC: 43.3%",0
2026-01-01T21:54:05Z,ISLAND,43.37185672514405,0.0,"B1 logic. V: -0.085, SOC: 43.3%",0
2026-01-01T21:54:10Z,ISLAND,43.39824561403294,0.0,"B1 logic. V: -0.085, SOC: 43.4%",0
2026-01-01T21:54:15Z,ISLAND,43.424634502921826,0.0,"B1 logic. V: -0.085, SOC: 43.4%",0
2026-01-01T21:54:20Z,ISLAND,43.451023391810715,0.0,"B1 logic. V: -0.085, SOC: 43.4%",0
2026-01-01T21:54:25Z,ISLAND,43.4774122806996,0.0,"B1 logic. V: -0.085, SOC: 43.5%",0
2026-01-01T21:54:30Z,ISLAND,43.50380116958849,0.0,"B1 logic. V: -0.085, SOC: 43.5%",0
2026-01-01T21:54:35Z,ISLAND,43.53019005847738,0.0,"B1 logic. V: -0.085, SOC: 43.5%",0
2026-01-01T21:54:40Z,ISLAND,43.55657894736627,0.0,"B1 logic. V: -0.085, SOC: 43.5%",0
2026-01-01T21:54:45Z,ISLAND,43.58296783625516,0.0,"B1 logic. V: -0.085, SOC: 43.6%",0
2026-01-01T21:54:50Z,ISLAND,43.609356725144046,0.0,"B1 logic. V: -0.085, SOC: 43.6%",0
2026-01-01T21:54:55Z,ISLAND,43.635745614032935,0.0,"B1 logic. V: -0.085, SOC: 43.6%",0
2026-01-01T21:55:00Z,ISLAND,43.66213450292182,0.0,"B1 logic. V: -0.085, SOC: 43.6%",0
2026-01-01T21:55:05Z,ISLAND,43.68852339181071,0.0,"B1 logic. V: -0.084, SOC: 43.7%",0
2026-01-01T21:55:10Z,ISLAND,43.7149122806996,0.0,"B1 logic. V: -0.084, SOC: 43.7%",0
2026-01-01T21:55:15Z,ISLAND,43.74130116958849,0.0,"B1 logic. V: -0.084, SOC: 43.7%",0
2026-01-01T21:55:20Z,ISLAND,43.76769005847738,0.0,"B1 logic. V: -0.084, SOC: 43.7%",0
2026-01-01T21:55:25Z,ISLAND,43.794078947366266,0.0,"B1 logic. V: -0.084, SOC: 43.8%",0
2026-01-01T21:55:30Z,ISLAND,43.820467836255155,0.0,"B1 logic. V: -0.084, SOC: 43.8%",0
2026-01-01T21:55:35Z,ISLAND,43.84685672514404,0.0,"B1 logic. V: -0.084, SOC: 43.8%",0
2026-01-01T21:55:40Z,ISLAND,43.87324561403293,0.0,"B1 logic. V: -0.084, SOC: 43.8%",0
2026-01-01T21:55:45Z,ISLAND,43.89963450292182,0.0,"B1 logic. V: -0.084, SOC: 43.9%",0
2026-01-01T21:55:50Z,ISLAND,43.92602339181071,0.0,"B1 logic. V: -0.084, SOC: 43.9%",0
2026-01-01T21:55:55Z,ISLAND,43.9524122806996,0.0,"B1 logic. V: -0.084, SOC: 43.9%",0
2026-01-01T21:56:00Z,ISLAND,43.978801169588486,0.0,"B1 logic. V: -0.084, SOC: 44.0%",0
2026-01-01T21:56:05Z,ISLAND,44.005190058477375,0.0,"B1 logic. V: -0.084, SOC: 44.0%",0
2026-01-01T21:56:10Z,ISLAND,44.03157894736626,0.0,"B1 logic. V: -0.084, SOC: 44.0%",0
2026-01-01T21:56:15Z,ISLAND,44.05796783625515,0.0,"B1 logic. V: -0.084, SOC: 44.0%",0
2026-01-01T21:56:20Z,ISLAND,44.08435672514404,0.0,"B1 logic. V: -0.084, SOC: 44.1%",0
2026-01-01T21:56:25Z,ISLAND,44.11074561403293,0.0,"B1 logic. V: -0.084, SOC: 44.1%",0
2026-01-01T21:56:30Z,ISLAND,44.13713450292182,0.0,"B1 logic. V: -0.084, SOC: 44.1%",0
2026-01-01T21:56:35Z,ISLAND,44.163523391810706,0.0,"B1 logic. V: -0.084, SOC: 44.1%",0
2026-01-01T21:56:40Z,ISLAND,44.189912280699595,0.0,"B1 logic. V: -0.084, SOC: 44.2%",0
2026-01-01T21:56:45Z,ISLAND,44.21630116958848,0.0,"B1 logic. V: -0.084, SOC: 44.2%",0
2026-01-01T21:56:50Z,ISLAND,44.24269005847737,0.0,"B1 logic. V: -0.084, SOC: 44.2%",0
2026-01-01T21:56:55Z,ISLAND,44.26907894736626,0.0,"B1 logic. V: -0.084, SOC: 44.2%",0
2026-01-01T21:57:00Z,ISLAND,44.29546783625515,0.0,"B1 logic. V: -0.084, SOC: 44.3%",0
2026-01-01T21:57:05Z,ISLAND,44.32185672514404,0.0,"B1 logic. V: -0.084, SOC: 44.3%",0
2026-01-01T21:57:10Z,ISLAND,44.348245614032926,0.0,"B1 logic. V: -0.084, SOC: 44.3%",0
2026-01-01T21:57:15Z,ISLAND,44.374634502921815,0.0,"B1 logic. V: -0.084, SOC: 44.3%",0
2026-01-01T21:57:20Z,ISLAND,44.4010233918107,0.0,"B1 logic. V: -0.084, SOC: 44.4%",0
2026-01-01T21:57:25Z,ISLAND,44.42741228069959,0.0,"B1 logic. V: -0.084, SOC: 44.4%",0
2026-01-01T21:57:30Z,ISLAND,44.45380116958848,0.0,"B1 logic. V: -0.084, SOC: 44.4%",0
2026-01-01T21:57:35Z,ISLAND,44.48019005847737,0.0,"B1 logic. V: -0.084, SOC: 44.5%",0
2026-01-01T21:57:40Z,ISLAND,44.50657894736626,0.0,"B1 logic. V: -0.084, SOC: 44.5%",0
2026-01-01T21:57:45Z,ISLAND,44.532967836255146,0.0,"B1 logic. V: -0.084, SOC: 44.5%",0
2026-01-01T21:57:50Z,ISLAND,44.559356725144035,0.0,"B1 logic. V: -0.084, SOC: 44.5%",0
2026-01-01T21:57:55Z,ISLAND,44.58574561403292,0.0,"B1 logic. V: -0.084, SOC: 44.6%",0
2026-01-01T21:58:00Z,ISLAND,44.61213450292181,0.0,"B1 logic. V: -0.084, SOC: 44.6%",0
2026-01-01T21:58:05Z,ISLAND,44.6385233918107,0.0,"B1 logic. V: -0.083, SOC: 44.6%",0
2026-01-01T21:58:10Z,ISLAND,44.66491228069959,0.0,"B1 logic. V: -0.083, SOC: 44.6%",0
2026-01-01T21:58:15Z,ISLAND,44.69130116958848,0.0,"B1 logic. V: -0.083, SOC: 44.7%",0
2026-01-01T21:58:20Z,ISLAND,44.717690058477366,0.0,"B1 logic. V: -0.083, SOC: 44.7%",0
2026-01-01T21:58:25Z,ISLAND,44.744078947366255,0.0,"B1 logic. V: -0.083, SOC: 44.7%",0
2026-01-01T21:58:30Z,ISLAND,44.77046783625514,0.0,"B1 logic. V: -0.083, SOC: 44.7%",0
2026-01-01T21:58:35Z,ISLAND,44.79685672514403,0.0,"B1 logic. V: -0.083, SOC: 44.8%",0
2026-01-01T21:58:40Z,ISLAND,44.82324561403292,0.0,"B1 logic. V: -0.083, SOC: 44.8%",0
2026-01-01T21:58:45Z,ISLAND,44.84963450292181,0.0,"B1 logic. V: -0.083, SOC: 44.8%",0
2026-01-01T21:58:50Z,ISLAND,44.8760233918107,0.0,"B1 logic. V: -0.083, SOC: 44.8%",0
2026-01-01T21:58:55Z,ISLAND,44.902412280699586,0.0,"B1 logic. V: -0.083, SOC: 44.9%",0
2026-01-01T21:59:00Z,ISLAND,44.928801169588475,0.0,"B1 logic. V: -0.083, SOC: 44.9%",0
2026-01-01T21:59:05Z,ISLAND,44.95519005847736,0.0,"B1 logic. V: -0.083, SOC: 44.9%",0
2026-01-01T21:59:10Z,ISLAND,44.98157894736625,0.0,"B1 logic. V: -0.083, SOC: 45.0%",0
2026-01-01T21:59:15Z,ISLAND,45.00796783625514,0.0,"B1 logic. V: -0.083, SOC: 45.0%",0
2026-01-01T21:59:20Z,ISLAND,45.03435672514403,0.0,"B1 logic. V: -0.083, SOC: 45.0%",0
2026-01-01T21:59:25Z,ISLAND,45.06074561403292,0.0,"B1 logic. V: -0.083, SOC: 45.0%",0
2026-01-01T21:59:30Z,ISLAND,45.087134502921806,0.0,"B1 logic. V: -0.083, SOC: 45.1%",0
2026-01-01T21:59:35Z,ISLAND,45.113523391810695,0.0,"B1 logic. V: -0.083, SOC: 45.1%",0
2026-01-01T21:59:40Z,ISLAND,45.13991228069958,0.0,"B1 logic. V: -0.083, SOC: 45.1%",0
2026-01-01T21:59:45Z,ISLAND,45.16630116958847,0.0,"B1 logic. V: -0.083, SOC: 45.1%",0
2026-01-01T21:59:50Z,ISLAND,45.19269005847736,0.0,"B1 logic. V: -0.083, SOC: 45.2%",0
2026-01-01T21:59:55Z,ISLAND,45.21907894736625,0.0,"B1 logic. V: -0.083, SOC: 45.2%",0
2026-01-01T22:00:00Z,ISLAND,45.24546783625514,0.0,"B1 logic. V: -0.083, SOC: 45.2%",0
2026-01-01T22:00:05Z,ISLAND,45.271856725144026,0.0,"B1 logic. V: 0.917, SOC: 45.2%",0
2026-01-01T22:00:10Z,ISLAND,45.298245614032915,0.0,"B1 logic. V: 0.917, SOC: 45.3%",0
2026-01-01T22:00:15Z,ISLAND,45.3246345029218,0.0,"B1 logic. V: 0.917, SOC: 45.3%",0
2026-01-01T22:00:20Z,ISLAND,45.35102339181069,0.0,"B1 logic. V: 0.917, SOC: 45.3%",0
2026-01-01T22:00:25Z,ISLAND,45.37741228069958,0.0,"B1 logic. V: 0.917, SOC: 45.4%",0
2026-01-01T22:00:30Z,ISLAND,45.40380116958847,0.0,"B1 logic. V: 0.917, SOC: 45.4%",0
2026-01-01T22:00:35Z,ISLAND,45.43019005847736,0.0,"B1 logic. V: 0.917, SOC: 45.4%",0
2026-01-01T22:00:40Z,ISLAND,45.456578947366246,0.0,"B1 logic. V: 0.917, SOC: 45.4%",0
2026-01-01T22:00:45Z,ISLAND,45.482967836255135,0.0,"B1 logic. V: 0.917, SOC: 45.5%",0
2026-01-01T22:00:50Z,ISLAND,45.50935672514402,0.0,"B1 logic. V: 0.917, SOC: 45.5%",0
2026-01-01T22:00:55Z,ISLAND,45.53574561403291,0.0,"B1 logic. V: 0.917, SOC: 45.5%",0
2026-01-01T22:01:00Z,ISLAND,45.5621345029218,0.0,"B1 logic. V: 0.917, SOC: 45.5%",0
2026-01-01T22:01:05Z,ISLAND,45.58852339181069,0.0,"B1 logic. V: 0.917, SOC: 45.6%",0
2026-01-01T22:01:10Z,ISLAND,45.61491228069958,0.0,"B1 logic. V: 0.917, SOC: 45.6%",0
2026-01-01T22:01:15Z,ISLAND,45.641301169588466,0.0,"B1 logic. V: 0.917, SOC: 45.6%",0
2026-01-01T22:01:20Z,ISLAND,45.667690058477355,0.0,"B1 logic. V: 0.917, SOC: 45.6%",0
2026-01-01T22:01:25Z,ISLAND,45.69407894736624,0.0,"B1 logic. V: 0.917, SOC: 45.7%",0
2026-01-01T22:01:30Z,ISLAND,45.72046783625513,0.0,"B1 logic. V: 0.917, SOC: 45.7%",0
2026-01-01T22:01:35Z,ISLAND,45.74685672514402,0.0,"B1 logic. V: 0.917, SOC: 45.7%",0
2026-01-01T22:01:40Z,ISLAND,45.77324561403291,0.0,"B1 logic. V: 0.917, SOC: 45.7%",0
2026-01-01T22:01:45Z,ISLAND,45.7996345029218,0.0,"B1 logic. V: 0.917, SOC: 45.8%",0
2026-01-01T22:01:50Z,ISLAND,45.826023391810686,0.0,"B1 logic. V: 0.917, SOC: 45.8%",0
2026-01-01T22:01:55Z,ISLAND,45.852412280699575,0.0,"B1 logic. V: 0.917, SOC: 45.8%",0
2026-01-01T22:02:00Z,ISLAND,45.87880116958846,0.0,"B1 logic. V: 0.917, SOC: 45.9%",0
2026-01-01T22:02:05Z,ISLAND,45.90519005847735,0.0,"B1 logic. V: 0.918, SOC: 45.9%",0
2026-01-01T22:02:10Z,ISLAND,45.93157894736624,0.0,"B1 logic. V: 0.918, SOC: 45.9%",0
2026-01-01T22:02:15Z,ISLAND,45.95796783625513,0.0,"B1 logic. V: 0.918, SOC: 45.9%",0
2026-01-01T22:02:20Z,ISLAND,45.98435672514402,0.0,"B1 logic. V: 0.918, SOC: 46.0%",0
2026-01-01T22:02:25Z,ISLAND,46.010745614032906,0.0,"B1 logic. V: 0.918, SOC: 46.0%",0
2026-01-01T22:02:30Z,ISLAND,46.037134502921795,0.0,"B1 logic. V: 0.918, SOC: 46.0%",0
2026-01-01T22:02:35Z,ISLAND,46.06352339181068,0.0,"B1 logic. V: 0.918, SOC: 46.0%",0
2026-01-01T22:02:40Z,ISLAND,46.08991228069957,0.0,"B1 logic. V: 0.918, SOC: 46.1%",0
2026-01-01T22:02:45Z,ISLAND,46.11630116958846,0.0,"B1 logic. V: 0.918, SOC: 46.1%",0
2026-01-01T22:02:50Z,ISLAND,46.14269005847735,0.0,"B1 logic. V: 0.918, SOC: 46.1%",0
2026-01-01T22:02:55Z,ISLAND,46.16907894736624,0.0,"B1 logic. V: 0.918, SOC: 46.1%",0
2026-01-01T22:03:00Z,ISLAND,46.195467836255126,0.0,"B1 logic. V: 0.918, SOC: 46.2%",0
2026-01-01T22:03:05Z,ISLAND,46.221856725144015,0.0,"B1 logic. V: 0.918, SOC: 46.2%",0
2026-01-01T22:03:10Z,ISLAND,46.2482456140329,0.0,"B1 logic. V: 0.918, SOC: 46.2%",0
2026-01-01T22:03:15Z,ISLAND,46.27463450292179,0.0,"B1 logic. V: 0.918, SOC: 46.2%",0
2026-01-01T22:03:20Z,ISLAND,46.30102339181068,0.0,"B1 logic. V: 0.918, SOC: 46.3%",0
2026-01-01T22:03:25Z,ISLAND,46.32741228069957,0.0,"B1 logic. V: 0.918, SOC: 46.3%",0
2026-01-01T22:03:30Z,ISLAND,46.35380116958846,0.0,"B1 logic. V: 0.918, SOC: 46.3%",0
2026-01-01T22:03:35Z,ISLAND,46.380190058477346,0.0,"B1 logic. V: 0.918, SOC: 46.4%",0
2026-01-01T22:03:40Z,ISLAND,46.406578947366235,0.0,"B1 logic. V: 0.918, SOC: 46.4%",0
2026-01-01T22:03:45Z,ISLAND,46.43296783625512,0.0,"B1 logic. V: 0.918, SOC: 46.4%",0
2026-01-01T22:03:50Z,ISLAND,46.45935672514401,0.0,"B1 logic. V: 0.918, SOC: 46.4%",0
2026-01-01T22:03:55Z,ISLAND,46.4857456140329,0.0,"B1 logic. V: 0.918, SOC: 46.5%",0
2026-01-01T22:04:00Z,ISLAND,46.51213450292179,0.0,"B1 logic. V: 0.918, SOC: 46.5%",0
2026-01-01T22:04:05Z,ISLAND,46.53852339181068,0.0,"B1 logic. V: 0.918, SOC: 46.5%",0
2026-01-01T22:04:10Z,ISLAND,46.564912280699566,0.0,"B1 logic. V: 0.918, SOC: 46.5%",0
2026-01-01T22:04:15Z,ISLAND,46.591301169588455,0.0,"B1 logic. V: 0.918, SOC: 46.6%",0
2026-01-01T22:04:20Z,ISLAND,46.61769005847734,0.0,"B1 logic. V: 0.918, SOC: 46.6%",0
2026-01-01T22:04:25Z,ISLAND,46.64407894736623,0.0,"B1 logic. V: 0.918, SOC: 46.6%",0
2026-01-01T22:04:30Z,ISLAND,46.67046783625512,0.0,"B1 logic. V: 0.918, SOC: 46.6%",0
2026-01-01T22:04:35Z,ISLAND,46.69685672514401,0.0,"B1 logic. V: 0.918, SOC: 46.7%",0
2026-01-01T22:04:40Z,ISLAND,46.7232456140329,0.0,"B1 logic. V: 0.918, SOC: 46.7%",0
2026-01-01T22:04:45Z,ISLAND,46.749634502921786,0.0,"B1 logic. V: 0.918, SOC: 46.7%",0
2026-01-01T22:04:50Z,ISLAND,46.776023391810675,0.0,"B1 logic. V: 0.918, SOC: 46.7%",0
2026-01-01T22:04:55Z,ISLAND,46.80241228069956,0.0,"B1 logic. V: 0.918, SOC: 46.8%",0
2026-01-01T22:05:00Z,ISLAND,46.82880116958845,0.0,"B1 logic. V: 0.918, SOC: 46.8%",0
2026-01-01T22:05:05Z,ISLAND,46.85519005847734,0.0,"B1 logic. V: 0.919, SOC: 46.8%",0
2026-01-01T22:05:10Z,ISLAND,46.88157894736623,0.0,"B1 logic. V: 0.919, SOC: 46.9%",0
2026-01-01T22:05:15Z,ISLAND,46.90796783625512,0.0,"B1 logic. V: 0.919, SOC: 46.9%",0
2026-01-01T22:05:20Z,ISLAND,46.934356725144006,0.0,"B1 logic. V: 0.919, SOC: 46.9%",0
2026-01-01T22:05:25Z,ISLAND,46.960745614032895,0.0,"B1 logic. V: 0.919, SOC: 46.9%",0
2026-01-01T22:05:30Z,ISLAND,46.98713450292178,0.0,"B1 logic. V: 0.919, SOC: 47.0%",0
2026-01-01T22:05:35Z,ISLAND,47.01352339181067,0.0,"B1 logic. V: 0.919, SOC: 47.0%",0
2026-01-01T22:05:40Z,ISLAND,47.03991228069956,0.0,"B1 logic. V: 0.919, SOC: 47.0%",0
2026-01-01T22:05:45Z,ISLAND,47.06630116958845,0.0,"B1 logic. V: 0.919, SOC: 47.0%",0
2026-01-01T22:05:50Z,ISLAND,47.09269005847734,0.0,"B1 logic. V: 0.919, SOC: 47.1%",0
2026-01-01T22:05:55Z,ISLAND,47.119078947366226,0.0,"B1 logic. V: 0.919, SOC: 47.1%",0
2026-01-01T22:06:00Z,ISLAND,47.145467836255115,0.0,"B1 logic. V: 0.919, SOC: 47.1%",0
2026-01-01T22:06:05Z,ISLAND,47.171856725144,0.0,"B1 logic. V: 0.919, SOC: 47.1%",0
2026-01-01T22:06:10Z,ISLAND,47.19824561403289,0.0,"B1 logic. V: 0.919, SOC: 47.2%",0
2026-01-01T22:06:15Z,ISLAND,47.22463450292178,0.0,"B1 logic. V: 0.919, SOC: 47.2%",0
2026-01-01T22:06:20Z,ISLAND,47.25102339181067,0.0,"B1 logic. V: 0.919, SOC: 47.2%",0
2026-01-01T22:06:25Z,ISLAND,47.27741228069956,0.0,"B1 logic. V: 0.919, SOC: 47.3%",0
2026-01-01T22:06:30Z,ISLAND,47.303801169588446,0.0,"B1 logic. V: 0.919, SOC: 47.3%",0
2026-01-01T22:06:35Z,ISLAND,47.330190058477335,0.0,"B1 logic. V: 0.919, SOC: 47.3%",0
2026-01-01T22:06:40Z,ISLAND,47.35657894736622,0.0,"B1 logic. V: 0.919, SOC: 47.3%",0
2026-01-01T22:06:45Z,ISLAND,47.38296783625511,0.0,"B1 logic. V: 0.919, SOC: 47.4%",0
2026-01-01T22:06:50Z,ISLAND,47.409356725144,0.0,"B1 logic. V: 0.919, SOC: 47.4%",0
2026-01-01T22:06:55Z,ISLAND,47.43574561403289,0.0,"B1 logic. V: 0.919, SOC: 47.4%",0
2026-01-01T22:07:00Z,ISLAND,47.46213450292178,0.0,"B1 logic. V: 0.919, SOC: 47.4%",0
2026-01-01T22:07:05Z,ISLAND,47.488523391810666,0.0,"B1 logic. V: 0.920, SOC: 47.5%",0
2026-01-01T22:07:10Z,ISLAND,47.514912280699555,0.0,"B1 logic. V: 0.920, SOC: 47.5%",0
2026-01-01T22:07:15Z,ISLAND,47.54130116958844,0.0,"B1 logic. V: 0.920, SOC: 47.5%",0
2026-01-01T22:07:20Z,ISLAND,47.56769005847733,0.0,"B1 logic. V: 0.920, SOC: 47.5%",0
2026-01-01T22:07:25Z,ISLAND,47.59407894736622,0.0,"B1 logic. V: 0.920, SOC: 47.6%",0
2026-01-01T22:07:30Z,ISLAND,47.62046783625511,0.0,"B1 logic. V: 0.920, SOC: 47.6%",0
2026-01-01T22:07:35Z,ISLAND,47.646856725144,0.0,"B1 logic. V: 0.920, SOC: 47.6%",0
2026-01-01T22:07:40Z,ISLAND,47.673245614032886,0.0,"B1 logic. V: 0.920, SOC: 47.6%",0
2026-01-01T22:07:45Z,ISLAND,47.699634502921775,0.0,"B1 logic. V: 0.920, SOC: 47.7%",0
2026-01-01T22:07:50Z,ISLAND,47.726023391810664,0.0,"B1 logic. V: 0.920, SOC: 47.7%",0
2026-01-01T22:07:55Z,ISLAND,47.75241228069955,0.0,"B1 logic. V: 0.920, SOC: 47.7%",0
2026-01-01T22:08:00Z,ISLAND,47.77880116958844,0.0,"B1 logic. V: 0.920, SOC: 47.8%",0
2026-01-01T22:08:05Z,ISLAND,47.80519005847733,0.0,"B1 logic. V: 0.920, SOC: 47.8%",0
2026-01-01T22:08:10Z,ISLAND,47.83157894736622,0.0,"B1 logic. V: 0.920, SOC: 47.8%",0
2026-01-01T22:08:15Z,ISLAND,47.857967836255106,0.0,"B1 logic. V: 0.920, SOC: 47.8%",0
2026-01-01T22:08:20Z,ISLAND,47.884356725143995,0.0,"B1 logic. V: 0.920, SOC: 47.9%",0
2026-01-01T22:08:25Z,ISLAND,47.910745614032884,0.0,"B1 logic. V: 0.920, SOC: 47.9%",0
2026-01-01T22:08:30Z,ISLAND,47.93713450292177,0.0,"B1 logic. V: 0.920, SOC: 47.9%",0
2026-01-01T22:08:35Z,ISLAND,47.96352339181066,0.0,"B1 logic. V: 0.920, SOC: 47.9%",0
2026-01-01T22:08:40Z,ISLAND,47.98991228069955,0.0,"B1 logic. V: 0.920, SOC: 48.0%",0
2026-01-01T22:08:45Z,ISLAND,48.01630116958844,0.0,"B1 logic. V: 0.920, SOC: 48.0%",0
2026-01-01T22:08:50Z,ISLAND,48.042690058477326,0.0,"B1 logic. V: 0.920, SOC: 48.0%",0
2026-01-01T22:08:55Z,ISLAND,48.069078947366215,0.0,"B1 logic. V: 0.920, SOC: 48.0%",0
2026-01-01T22:09:00Z,ISLAND,48.095467836255104,0.0,"B1 logic. V: 0.920, SOC: 48.1%",0
2026-01-01T22:09:05Z,ISLAND,48.12185672514399,0.0,"B1 logic. V: 0.920, SOC: 48.1%",0
2026-01-01T22:09:10Z,ISLAND,48.14824561403288,0.0,"B1 logic. V: 0.920, SOC: 48.1%",0
2026-01-01T22:09:15Z,ISLAND,48.17463450292177,0.0,"B1 logic. V: 0.920, SOC: 48.1%",0
2026-01-01T22:09:20Z,ISLAND,48.20102339181066,0.0,"B1 logic. V: 0.920, SOC: 48.2%",0
2026-01-01T22:09:25Z,ISLAND,48.227412280699546,0.0,"B1 logic. V: 0.920, SOC: 48.2%",0
2026-01-01T22:09:30Z,ISLAND,48.253801169588435,0.0,"B1 logic. V: 0.920, SOC: 48.2%",0
2026-01-01T22:09:35Z,ISLAND,48.280190058477324,0.0,"B1 logic. V: 0.920, SOC: 48.3%",0
2026-01-01T22:09:40Z,ISLAND,48.30657894736621,0.0,"B1 logic. V: 0.920, SOC: 48.3%",0
2026-01-01T22:09:45Z,ISLAND,48.3329678362551,0.0,"B1 logic. V: 0.920, SOC: 48.3%",0
2026-01-01T22:09:50Z,ISLAND,48.35935672514399,0.0,"B1 logic. V: 0.920, SOC: 48.3%",0
2026-01-01T22:09:55Z,ISLAND,48.38574561403288,0.0,"B1 logic. V: 0.920, SOC: 48.4%",0
2026-01-01T22:10:00Z,ISLAND,48.41213450292177,0.0,"B1 logic. V: 0.920, SOC: 48.4%",0
2026-01-01T22:10:05Z,ISLAND,48.438523391810655,0.0,"B1 logic. V: 0.921, SOC: 48.4%",0
2026-01-01T22:10:10Z,ISLAND,48.464912280699544,0.0,"B1 logic. V: 0.921, SOC: 48.4%",0
2026-01-01T22:10:15Z,ISLAND,48.49130116958843,0.0,"B1 logic. V: 0.921, SOC: 48.5%",0
2026-01-01T22:10:20Z,ISLAND,48.51769005847732,0.0,"B1 logic. V: 0.921, SOC: 48.5%",0
2026-01-01T22:10:25Z,ISLAND,48.54407894736621,0.0,"B1 logic. V: 0.921, SOC: 48.5%",0
2026-01-01T22:10:30Z,ISLAND,48.5704678362551,0.0,"B1 logic. V: 0.921, SOC: 48.5%",0
2026-01-01T22:10:35Z,ISLAND,48.59685672514399,0.0,"B1 logic. V: 0.921, SOC: 48.6%",0
2026-01-01T22:10:40Z,ISLAND,48.623245614032875,0.0,"B1 logic. V: 0.921, SOC: 48.6%",0
2026-01-01T22:10:45Z,ISLAND,48.649634502921764,0.0,"B1 logic. V: 0.921, SOC: 48.6%",0
2026-01-01T22:10:50Z,ISLAND,48.67602339181065,0.0,"B1 logic. V: 0.921, SOC: 48.6%",0
2026-01-01T22:10:55Z,ISLAND,48.70241228069954,0.0,"B1 logic. V: 0.921, SOC: 48.7%",0
2026-01-01T22:11:00Z,ISLAND,48.72880116958843,0.0,"B1 logic. V: 0.921, SOC: 48.7%",0
2026-01-01T22:11:05Z,ISLAND,48.75519005847732,0.0,"B1 logic. V: 0.921, SOC: 48.7%",0
2026-01-01T22:11:10Z,ISLAND,48.78157894736621,0.0,"B1 logic. V: 0.921, SOC: 48.8%",0
2026-01-01T22:11:15Z,ISLAND,48.807967836255095,0.0,"B1 logic. V: 0.921, SOC: 48.8%",0
2026-01-01T22:11:20Z,ISLAND,48.834356725143984,0.0,"B1 logic. V: 0.921, SOC: 48.8%",0
2026-01-01T22:11:25Z,ISLAND,48.86074561403287,0.0,"B1 logic. V: 0.921, SOC: 48.8%",0
2026-01-01T22:11:30Z,ISLAND,48.88713450292176,0.0,"B1 logic. V: 0.921, SOC: 48.9%",0
2026-01-01T22:11:35Z,ISLAND,48.91352339181065,0.0,"B1 logic. V: 0.921, SOC: 48.9%",0
2026-01-01T22:11:40Z,ISLAND,48.93991228069954,0.0,"B1 logic. V: 0.921, SOC: 48.9%",0
2026-01-01T22:11:45Z,ISLAND,48.96630116958843,0.0,"B1 logic. V: 0.921, SOC: 48.9%",0
2026-01-01T22:11:50Z,ISLAND,48.992690058477315,0.0,"B1 logic. V: 0.921, SOC: 49.0%",0
2026-01-01T22:11:55Z,ISLAND,49.019078947366204,0.0,"B1 logic. V: 0.921, SOC: 49.0%",0
2026-01-01T22:12:00Z,ISLAND,49.04546783625509,0.0,"B1 logic. V: 0.921, SOC: 49.0%",0
2026-01-01T22:12:05Z,ISLAND,49.07185672514398,0.0,"B1 logic. V: 0.921, SOC: 49.0%",0
2026-01-01T22:12:10Z,ISLAND,49.09824561403287,0.0,"B1 logic. V: 0.921, SOC: 49.1%",0
2026-01-01T22:12:15Z,ISLAND,49.12463450292176,0.0,"B1 logic. V: 0.921, SOC: 49.1%",0
2026-01-01T22:12:20Z,ISLAND,49.15102339181065,0.0,"B1 logic. V: 0.921, SOC: 49.1%",0
2026-01-01T22:12:25Z,ISLAND,49.177412280699535,0.0,"B1 logic. V: 0.921, SOC: 49.2%",0
2026-01-01T22:12:30Z,ISLAND,49.203801169588424,0.0,"B1 logic. V: 0.921, SOC: 49.2%",0
2026-01-01T22:12:35Z,ISLAND,49.23019005847731,0.0,"B1 logic. V: 0.921, SOC: 49.2%",0
2026-01-01T22:12:40Z,ISLAND,49.2565789473662,0.0,"B1 logic. V: 0.921, SOC: 49.2%",0
2026-01-01T22:12:45Z,ISLAND,49.28296783625509,0.0,"B1 logic. V: 0.921, SOC: 49.3%",0
2026-01-01T22:12:50Z,ISLAND,49.30935672514398,0.0,"B1 logic. V: 0.921, SOC: 49.3%",0
2026-01-01T22:12:55Z,ISLAND,49.33574561403287,0.0,"B1 logic. V: 0.921, SOC: 49.3%",0
2026-01-01T22:13:00Z,ISLAND,49.362134502921755,0.0,"B1 logic. V: 0.921, SOC: 49.3%",0
2026-01-01T22:13:05Z,ISLAND,49.388523391810644,0.0,"B1 logic. V: 0.922, SOC: 49.4%",0
2026-01-01T22:13:10Z,ISLAND,49.41491228069953,0.0,"B1 logic. V: 0.922, SOC: 49.4%",0
2026-01-01T22:13:15Z,ISLAND,49.44130116958842,0.0,"B1 logic. V: 0.922, SOC: 49.4%",0
2026-01-01T22:13:20Z,ISLAND,49.46769005847731,0.0,"B1 logic. V: 0.922, SOC: 49.4%",0
2026-01-01T22:13:25Z,ISLAND,49.4940789473662,0.0,"B1 logic. V: 0.922, SOC: 49.5%",0
2026-01-01T22:13:30Z,ISLAND,49.52046783625509,0.0,"B1 logic. V: 0.922, SOC: 49.5%",0
2026-01-01T22:13:35Z,ISLAND,49.546856725143975,0.0,"B1 logic. V: 0.922, SOC: 49.5%",0
2026-01-01T22:13:40Z,ISLAND,49.573245614032864,0.0,"B1 logic. V: 0.922, SOC: 49.5%",0
2026-01-01T22:13:45Z,ISLAND,49.59963450292175,0.0,"B1 logic. V: 0.922, SOC: 49.6%",0
2026-01-01T22:13:50Z,ISLAND,49.62602339181064,0.0,"B1 logic. V: 0.922, SOC: 49.6%",0
2026-01-01T22:13:55Z,ISLAND,49.65241228069953,0.0,"B1 logic. V: 0.922, SOC: 49.6%",0
2026-01-01T22:14:00Z,ISLAND,49.67880116958842,0.0,"B1 logic. V: 0.922, SOC: 49.7%",0
2026-01-01T22:14:05Z,ISLAND,49.70519005847731,0.0,"B1 logic. V: 0.922, SOC: 49.7%",0
2026-01-01T22:14:10Z,ISLAND,49.731578947366195,0.0,"B1 logic. V: 0.922, SOC: 49.7%",0
2026-01-01T22:14:15Z,ISLAND,49.757967836255084,0.0,"B1 logic. V: 0.922, SOC: 49.7%",0
2026-01-01T22:14:20Z,ISLAND,49.78435672514397,0.0,"B1 logic. V: 0.922, SOC: 49.8%",0
2026-01-01T22:14:25Z,ISLAND,49.81074561403286,0.0,"B1 logic. V: 0.922, SOC: 49.8%",0
2026-01-01T22:14:30Z,ISLAND,49.83713450292175,0.0,"B1 logic. V: 0.922, SOC: 49.8%",0
2026-01-01T22:14:35Z,ISLAND,49.86352339181064,0.0,"B1 logic. V: 0.922, SOC: 49.8%",0
2026-01-01T22:14:40Z,ISLAND,49.88991228069953,0.0,"B1 logic. V: 0.922, SOC: 49.9%",0
2026-01-01T22:14:45Z,ISLAND,49.916301169588415,0.0,"B1 logic. V: 0.922, SOC: 49.9%",0
2026-01-01T22:14:50Z,ISLAND,49.942690058477304,0.0,"B1 logic. V: 0.922, SOC: 49.9%",0
2026-01-01T22:14:55Z,ISLAND,49.96907894736619,0.0,"B1 logic. V: 0.922, SOC: 49.9%",0
2026-01-01T22:15:00Z,ISLAND,49.99546783625508,0.0,"B1 logic. V: 0.922, SOC: 50.0%",0
2026-01-01T22:15:05Z,ISLAND,50.02185672514396,0.0,"B1 logic. V: 0.922, SOC: 50.0%",0
2026-01-01T22:15:10Z,ISLAND,50.04824561403286,0.0,"B1 logic. V: 0.922, SOC: 50.0%",0
2026-01-01T22:15:15Z,ISLAND,50.07463450292175,0.0,"B1 logic. V: 0.922, SOC: 50.0%",0
2026-01-01T22:15:20Z,ISLAND,50.10102339181064,0.0,"B1 logic. V: 0.922, SOC: 50.1%",0
2026-01-01T22:15:25Z,ISLAND,50.127412280699524,0.0,"B1 logic. V: 0.922, SOC: 50.1%",0
2026-01-01T22:15:30Z,ISLAND,50.153801169588405,0.0,"B1 logic. V: 0.922, SOC: 50.1%",0
2026-01-01T22:15:35Z,ISLAND,50.1801900584773,0.0,"B1 logic. V: 0.922, SOC: 50.2%",0
2026-01-01T22:15:40Z,ISLAND,50.20657894736619,0.0,"B1 logic. V: 0.922, SOC: 50.2%",0
2026-01-01T22:15:45Z,ISLAND,50.232967836255085,0.0,"B1 logic. V: 0.922, SOC: 50.2%",0
2026-01-01T22:15:50Z,ISLAND,50.25935672514397,0.0,"B1 logic. V: 0.922, SOC: 50.2%",0
2026-01-01T22:15:55Z,ISLAND,50.28574561403285,0.0,"B1 logic. V: 0.922, SOC: 50.3%",0
2026-01-01T22:16:00Z,ISLAND,50.312134502921744,0.0,"B1 logic. V: 0.922, SOC: 50.3%",0
2026-01-01T22:16:05Z,ISLAND,50.33852339181063,0.0,"B1 logic. V: 0.923, SOC: 50.3%",0
2026-01-01T22:16:10Z,ISLAND,50.36491228069953,0.0,"B1 logic. V: 0.923, SOC: 50.3%",0
2026-01-01T22:16:15Z,ISLAND,50.39130116958841,0.0,"B1 logic. V: 0.923, SOC: 50.4%",0
2026-01-01T22:16:20Z,ISLAND,50.41769005847729,0.0,"B1 logic. V: 0.923, SOC: 50.4%",0
2026-01-01T22:16:25Z,ISLAND,50.44407894736619,0.0,"B1 logic. V: 0.923, SOC: 50.4%",0
2026-01-01T22:16:30Z,ISLAND,50.470467836255075,0.0,"B1 logic. V: 0.923, SOC: 50.4%",0
2026-01-01T22:16:35Z,ISLAND,50.49685672514397,0.0,"B1 logic. V: 0.923, SOC: 50.5%",0
2026-01-01T22:16:40Z,ISLAND,50.52324561403285,0.0,"B1 logic. V: 0.923, SOC: 50.5%",0
2026-01-01T22:16:45Z,ISLAND,50.549634502921734,0.0,"B1 logic. V: 0.923, SOC: 50.5%",0
2026-01-01T22:16:50Z,ISLAND,50.57602339181063,0.0,"B1 logic. V: 0.923, SOC: 50.5%",0
2026-01-01T22:16:55Z,ISLAND,50.60241228069952,0.0,"B1 logic. V: 0.923, SOC: 50.6%",0
2026-01-01T22:17:00Z,ISLAND,50.628801169588414,0.0,"B1 logic. V: 0.923, SOC: 50.6%",0
2026-01-01T22:17:05Z,ISLAND,50.655190058477295,0.0,"B1 logic. V: 0.923, SOC: 50.6%",0
2026-01-01T22:17:10Z,ISLAND,50.68157894736618,0.0,"B1 logic. V: 0.923, SOC: 50.7%",0
2026-01-01T22:17:15Z,ISLAND,50.70796783625507,0.0,"B1 logic. V: 0.923, SOC: 50.7%",0
2026-01-01T22:17:20Z,ISLAND,50.73435672514396,0.0,"B1 logic. V: 0.923, SOC: 50.7%",0
2026-01-01T22:17:25Z,ISLAND,50.76074561403286,0.0,"B1 logic. V: 0.923, SOC: 50.7%",0
2026-01-01T22:17:30Z,ISLAND,50.78713450292174,0.0,"B1 logic. V: 0.923, SOC: 50.8%",0
2026-01-01T22:17:35Z,ISLAND,50.81352339181062,0.0,"B1 logic. V: 0.923, SOC: 50.8%",0
2026-01-01T22:17:40Z,ISLAND,50.839912280699515,0.0,"B1 logic. V: 0.923, SOC: 50.8%",0
2026-01-01T22:17:45Z,ISLAND,50.866301169588404,0.0,"B1 logic. V: 0.923, SOC: 50.8%",0
2026-01-01T22:17:50Z,ISLAND,50.8926900584773,0.0,"B1 logic. V: 0.923, SOC: 50.9%",0
2026-01-01T22:17:55Z,ISLAND,50.91907894736618,0.0,"B1 logic. V: 0.923, SOC: 50.9%",0
2026-01-01T22:18:00Z,ISLAND,50.94546783625506,0.0,"B1 logic. V: 0.923, SOC: 50.9%",0
2026-01-01T22:18:05Z,ISLAND,50.97185672514396,0.0,"B1 logic. V: 0.923, SOC: 50.9%",0
2026-01-01T22:18:10Z,ISLAND,50.99824561403285,0.0,"B1 logic. V: 0.923, SOC: 51.0%",0
2026-01-01T22:18:15Z,ISLAND,51.02463450292174,0.0,"B1 logic. V: 0.923, SOC: 51.0%",0
2026-01-01T22:18:20Z,ISLAND,51.051023391810624,0.0,"B1 logic. V: 0.923, SOC: 51.0%",0
2026-01-01T22:18:25Z,ISLAND,51.077412280699505,0.0,"B1 logic. V: 0.923, SOC: 51.1%",0
2026-01-01T22:18:30Z,ISLAND,51.1038011695884,0.0,"B1 logic. V: 0.923, SOC: 51.1%",0
2026-01-01T22:18:35Z,ISLAND,51.13019005847729,0.0,"B1 logic. V: 0.923, SOC: 51.1%",0
2026-01-01T22:18:40Z,ISLAND,51.156578947366185,0.0,"B1 logic. V: 0.923, SOC: 51.1%",0
2026-01-01T22:18:45Z,ISLAND,51.18296783625507,0.0,"B1 logic. V: 0.923, SOC: 51.2%",0
2026-01-01T22:18:50Z,ISLAND,51.20935672514395,0.0,"B1 logic. V: 0.923, SOC: 51.2%",0
2026-01-01T22:18:55Z,ISLAND,51.235745614032844,0.0,"B1 logic. V: 0.923, SOC: 51.2%",0
2026-01-01T22:19:00Z,ISLAND,51.26213450292173,0.0,"B1 logic. V: 0.923, SOC: 51.2%",0
2026-01-01T22:19:05Z,ISLAND,51.28852339181063,0.0,"B1 logic. V: 0.924, SOC: 51.3%",0
2026-01-01T22:19:10Z,ISLAND,51.31491228069951,0.0,"B1 logic. V: 0.924, SOC: 51.3%",0
2026-01-01T22:19:15Z,ISLAND,51.34130116958839,0.0,"B1 logic. V: 0.924, SOC: 51.3%",0
2026-01-01T22:19:20Z,ISLAND,51.36769005847729,0.0,"B1 logic. V: 0.924, SOC: 51.3%",0
2026-01-01T22:19:25Z,ISLAND,51.394078947366175,0.0,"B1 logic. V: 0.924, SOC: 51.4%",0
2026-01-01T22:19:30Z,ISLAND,51.42046783625507,0.0,"B1 logic. V: 0.924, SOC: 51.4%",0
2026-01-01T22:19:35Z,ISLAND,51.44685672514395,0.0,"B1 logic. V: 0.924, SOC: 51.4%",0
2026-01-01T22:19:40Z,ISLAND,51.473245614032834,0.0,"B1 logic. V: 0.924, SOC: 51.4%",0
2026-01-01T22:19:45Z,ISLAND,51.49963450292173,0.0,"B1 logic. V: 0.924, SOC: 51.5%",0
2026-01-01T22:19:50Z,ISLAND,51.52602339181062,0.0,"B1 logic. V: 0.924, SOC: 51.5%",0
2026-01-01T22:19:55Z,ISLAND,51.552412280699514,0.0,"B1 logic. V: 0.924, SOC: 51.5%",0
2026-01-01T22:20:00Z,ISLAND,51.578801169588395,0.0,"B1 logic. V: 0.924, SOC: 51.6%",0
2026-01-01T22:20:05Z,ISLAND,51.60519005847728,0.0,"B1 logic. V: 0.924, SOC: 51.6%",0
2026-01-01T22:20:10Z,ISLAND,51.63157894736617,0.0,"B1 logic. V: 0.924, SOC: 51.6%",0
2026-01-01T22:20:15Z,ISLAND,51.65796783625506,0.0,"B1 logic. V: 0.924, SOC: 51.6%",0
2026-01-01T22:20:20Z,ISLAND,51.68435672514396,0.0,"B1 logic. V: 0.924, SOC: 51.7%",0
2026-01-01T22:20:25Z,ISLAND,51.71074561403284,0.0,"B1 logic. V: 0.924, SOC: 51.7%",0
2026-01-01T22:20:30Z,ISLAND,51.73713450292172,0.0,"B1 logic. V: 0.924, SOC: 51.7%",0
2026-01-01T22:20:35Z,ISLAND,51.763523391810615,0.0,"B1 logic. V: 0.924, SOC: 51.7%",0
2026-01-01T22:20:40Z,ISLAND,51.789912280699504,0.0,"B1 logic. V: 0.924, SOC: 51.8%",0
2026-01-01T22:20:45Z,ISLAND,51.8163011695884,0.0,"B1 logic. V: 0.924, SOC: 51.8%",0
2026-01-01T22:20:50Z,ISLAND,51.84269005847728,0.0,"B1 logic. V: 0.924, SOC: 51.8%",0
2026-01-01T22:20:55Z,ISLAND,51.86907894736616,0.0,"B1 logic. V: 0.924, SOC: 51.8%",0
2026-01-01T22:21:00Z,ISLAND,51.89546783625506,0.0,"B1 logic. V: 0.924, SOC: 51.9%",0
2026-01-01T22:21:05Z,ISLAND,51.92185672514395,0.0,"B1 logic. V: 0.924, SOC: 51.9%",0
2026-01-01T22:21:10Z,ISLAND,51.94824561403284,0.0,"B1 logic. V: 0.924, SOC: 51.9%",0
2026-01-01T22:21:15Z,ISLAND,51.974634502921724,0.0,"B1 logic. V: 0.924, SOC: 51.9%",0
2026-01-01T22:21:20Z,ISLAND,52.001023391810605,0.0,"B1 logic. V: 0.924, SOC: 52.0%",0
2026-01-01T22:21:25Z,ISLAND,52.0274122806995,0.0,"B1 logic. V: 0.924, SOC: 52.0%",0
2026-01-01T22:21:30Z,ISLAND,52.05380116958839,0.0,"B1 logic. V: 0.924, SOC: 52.0%",0
2026-01-01T22:21:35Z,ISLAND,52.080190058477285,0.0,"B1 logic. V: 0.924, SOC: 52.1%",0
2026-01-01T22:21:40Z,ISLAND,52.10657894736617,0.0,"B1 logic. V: 0.924, SOC: 52.1%",0
2026-01-01T22:21:45Z,ISLAND,52.13296783625505,0.0,"B1 logic. V: 0.924, SOC: 52.1%",0
2026-01-01T22:21:50Z,ISLAND,52.159356725143944,0.0,"B1 logic. V: 0.924, SOC: 52.1%",0
2026-01-01T22:21:55Z,ISLAND,52.18574561403283,0.0,"B1 logic. V: 0.924, SOC: 52.2%",0
2026-01-01T22:22:00Z,ISLAND,52.21213450292173,0.0,"B1 logic. V: 0.924, SOC: 52.2%",0
2026-01-01T22:22:05Z,ISLAND,52.23852339181061,0.0,"B1 logic. V: 0.925, SOC: 52.2%",0
2026-01-01T22:22:10Z,ISLAND,52.26491228069949,0.0,"B1 logic. V: 0.925, SOC: 52.2%",0
2026-01-01T22:22:15Z,ISLAND,52.29130116958839,0.0,"B1 logic. V: 0.925, SOC: 52.3%",0
2026-01-01T22:22:20Z,ISLAND,52.317690058477275,0.0,"B1 logic. V: 0.925, SOC: 52.3%",0
2026-01-01T22:22:25Z,ISLAND,52.34407894736617,0.0,"B1 logic. V: 0.925, SOC: 52.3%",0
2026-01-01T22:22:30Z,ISLAND,52.37046783625505,0.0,"B1 logic. V: 0.925, SOC: 52.3%",0
2026-01-01T22:22:35Z,ISLAND,52.396856725143934,0.0,"B1 logic. V: 0.925, SOC: 52.4%",0
2026-01-01T22:22:40Z,ISLAND,52.42324561403283,0.0,"B1 logic. V: 0.925, SOC: 52.4%",0
2026-01-01T22:22:45Z,ISLAND,52.44963450292172,0.0,"B1 logic. V: 0.925, SOC: 52.4%",0
2026-01-01T22:22:50Z,ISLAND,52.476023391810614,0.0,"B1 logic. V: 0.925, SOC: 52.4%",0
2026-01-01T22:22:55Z,ISLAND,52.502412280699495,0.0,"B1 logic. V: 0.925, SOC: 52.5%",0
2026-01-01T22:23:00Z,ISLAND,52.52880116958838,0.0,"B1 logic. V: 0.925, SOC: 52.5%",0
2026-01-01T22:23:05Z,ISLAND,52.55519005847727,0.0,"B1 logic. V: 0.925, SOC: 52.5%",0
2026-01-01T22:23:10Z,ISLAND,52.58157894736616,0.0,"B1 logic. V: 0.925, SOC: 52.6%",0
2026-01-01T22:23:15Z,ISLAND,52.60796783625506,0.0,"B1 logic. V: 0.925, SOC: 52.6%",0
2026-01-01T22:23:20Z,ISLAND,52.63435672514394,0.0,"B1 logic. V: 0.925, SOC: 52.6%",0
2026-01-01T22:23:25Z,ISLAND,52.66074561403282,0.0,"B1 logic. V: 0.925, SOC: 52.6%",0
2026-01-01T22:23:30Z,ISLAND,52.687134502921715,0.0,"B1 logic. V: 0.925, SOC: 52.7%",0
2026-01-01T22:23:35Z,ISLAND,52.713523391810604,0.0,"B1 logic. V: 0.925, SOC: 52.7%",0
2026-01-01T22:23:40Z,ISLAND,52.7399122806995,0.0,"B1 logic. V: 0.925, SOC: 52.7%",0
2026-01-01T22:23:45Z,ISLAND,52.76630116958838,0.0,"B1 logic. V: 0.925, SOC: 52.7%",0
2026-01-01T22:23:50Z,ISLAND,52.79269005847726,0.0,"B1 logic. V: 0.925, SOC: 52.8%",0
2026-01-01T22:23:55Z,ISLAND,52.81907894736616,0.0,"B1 logic. V: 0.925, SOC: 52.8%",0
2026-01-01T22:24:00Z,ISLAND,52.84546783625505,0.0,"B1 logic. V: 0.925, SOC: 52.8%",0
2026-01-01T22:24:05Z,ISLAND,52.87185672514394,0.0,"B1 logic. V: 0.925, SOC: 52.8%",0
2026-01-01T22:24:10Z,ISLAND,52.898245614032824,0.0,"B1 logic. V: 0.925, SOC: 52.9%",0
2026-01-01T22:24:15Z,ISLAND,52.924634502921705,0.0,"B1 logic. V: 0.925, SOC: 52.9%",0
2026-01-01T22:24:20Z,ISLAND,52.9510233918106,0.0,"B1 logic. V: 0.925, SOC: 52.9%",0
2026-01-01T22:24:25Z,ISLAND,52.97741228069949,0.0,"B1 logic. V: 0.925, SOC: 53.0%",0
2026-01-01T22:24:30Z,ISLAND,53.003801169588385,0.0,"B1 logic. V: 0.925, SOC: 53.0%",0
2026-01-01T22:24:35Z,ISLAND,53.03019005847727,0.0,"B1 logic. V: 0.925, SOC: 53.0%",0
2026-01-01T22:24:40Z,ISLAND,53.05657894736615,0.0,"B1 logic. V: 0.925, SOC: 53.0%",0
2026-01-01T22:24:45Z,ISLAND,53.082967836255044,0.0,"B1 logic. V: 0.925, SOC: 53.1%",0
2026-01-01T22:24:50Z,ISLAND,53.10935672514393,0.0,"B1 logic. V: 0.925, SOC: 53.1%",0
2026-01-01T22:24:55Z,ISLAND,53.13574561403283,0.0,"B1 logic. V: 0.925, SOC: 53.1%",0
2026-01-01T22:25:00Z,ISLAND,53.16213450292171,0.0,"B1 logic. V: 0.925, SOC: 53.1%",0
2026-01-01T22:25:05Z,ISLAND,53.18852339181059,0.0,"B1 logic. V: 0.926, SOC: 53.2%",0
2026-01-01T22:25:10Z,ISLAND,53.21491228069949,0.0,"B1 logic. V: 0.926, SOC: 53.2%",0
2026-01-01T22:25:15Z,ISLAND,53.241301169588375,0.0,"B1 logic. V: 0.926, SOC: 53.2%",0
2026-01-01T22:25:20Z,ISLAND,53.26769005847727,0.0,"B1 logic. V: 0.926, SOC: 53.2%",0
2026-01-01T22:25:25Z,ISLAND,53.29407894736615,0.0,"B1 logic. V: 0.926, SOC: 53.3%",0
2026-01-01T22:25:30Z,ISLAND,53.320467836255034,0.0,"B1 logic. V: 0.926, SOC: 53.3%",0
2026-01-01T22:25:35Z,ISLAND,53.34685672514393,0.0,"B1 logic. V: 0.926, SOC: 53.3%",0
2026-01-01T22:25:40Z,ISLAND,53.37324561403282,0.0,"B1 logic. V: 0.926, SOC: 53.3%",0
2026-01-01T22:25:45Z,ISLAND,53.399634502921714,0.0,"B1 logic. V: 0.926, SOC: 53.4%",0
2026-01-01T22:25:50Z,ISLAND,53.426023391810595,0.0,"B1 logic. V: 0.926, SOC: 53.4%",0
2026-01-01T22:25:55Z,ISLAND,53.45241228069948,0.0,"B1 logic. V: 0.926, SOC: 53.4%",0
2026-01-01T22:26:00Z,ISLAND,53.47880116958837,0.0,"B1 logic. V: 0.926, SOC: 53.5%",0
2026-01-01T22:26:05Z,ISLAND,53.50519005847726,0.0,"B1 logic. V: 0.926, SOC: 53.5%",0
2026-01-01T22:26:10Z,ISLAND,53.53157894736616,0.0,"B1 logic. V: 0.926, SOC: 53.5%",0
2026-01-01T22:26:15Z,ISLAND,53.55796783625504,0.0,"B1 logic. V: 0.926, SOC: 53.5%",0
2026-01-01T22:26:20Z,ISLAND,53.58435672514392,0.0,"B1 logic. V: 0.926, SOC: 53.6%",0
2026-01-01T22:26:25Z,ISLAND,53.610745614032815,0.0,"B1 logic. V: 0.926, SOC: 53.6%",0
2026-01-01T22:26:30Z,ISLAND,53.637134502921704,0.0,"B1 logic. V: 0.926, SOC: 53.6%",0
2026-01-01T22:26:35Z,ISLAND,53.6635233918106,0.0,"B1 logic. V: 0.926, SOC: 53.6%",0
2026-01-01T22:26:40Z,ISLAND,53.68991228069948,0.0,"B1 logic. V: 0.926, SOC: 53.7%",0
2026-01-01T22:26:45Z,ISLAND,53.71630116958836,0.0,"B1 logic. V: 0.926, SOC: 53.7%",0
2026-01-01T22:26:50Z,ISLAND,53.74269005847726,0.0,"B1 logic. V: 0.926, SOC: 53.7%",0
2026-01-01T22:26:55Z,ISLAND,53.76907894736615,0.0,"B1 logic. V: 0.926, SOC: 53.7%",0
2026-01-01T22:27:00Z,ISLAND,53.79546783625504,0.0,"B1 logic. V: 0.926, SOC: 53.8%",0
2026-01-01T22:27:05Z,ISLAND,53.821856725143924,0.0,"B1 logic. V: 0.926, SOC: 53.8%",0
2026-01-01T22:27:10Z,ISLAND,53.848245614032805,0.0,"B1 logic. V: 0.926, SOC: 53.8%",0
2026-01-01T22:27:15Z,ISLAND,53.8746345029217,0.0,"B1 logic. V: 0.926, SOC: 53.8%",0
2026-01-01T22:27:20Z,ISLAND,53.90102339181059,0.0,"B1 logic. V: 0.926, SOC: 53.9%",0
2026-01-01T22:27:25Z,ISLAND,53.927412280699485,0.0,"B1 logic. V: 0.926, SOC: 53.9%",0
2026-01-01T22:27:30Z,ISLAND,53.95380116958837,0.0,"B1 logic. V: 0.926, SOC: 53.9%",0
2026-01-01T22:27:35Z,ISLAND,53.98019005847725,0.0,"B1 logic. V: 0.926, SOC: 54.0%",0
2026-01-01T22:27:40Z,ISLAND,54.006578947366144,0.0,"B1 logic. V: 0.926, SOC: 54.0%",0
2026-01-01T22:27:45Z,ISLAND,54.03296783625503,0.0,"B1 logic. V: 0.926, SOC: 54.0%",0
2026-01-01T22:27:50Z,ISLAND,54.05935672514393,0.0,"B1 logic. V: 0.926, SOC: 54.0%",0
2026-01-01T22:27:55Z,ISLAND,54.08574561403281,0.0,"B1 logic. V: 0.926, SOC: 54.1%",0
2026-01-01T22:28:00Z,ISLAND,54.11213450292169,0.0,"B1 logic. V: 0.926, SOC: 54.1%",0
2026-01-01T22:28:05Z,ISLAND,54.13852339181059,0.0,"B1 logic. V: 0.927, SOC: 54.1%",0
2026-01-01T22:28:10Z,ISLAND,54.164912280699475,0.0,"B1 logic. V: 0.927, SOC: 54.1%",0
2026-01-01T22:28:15Z,ISLAND,54.19130116958837,0.0,"B1 logic. V: 0.927, SOC: 54.2%",0
2026-01-01T22:28:20Z,ISLAND,54.21769005847725,0.0,"B1 logic. V: 0.927, SOC: 54.2%",0
2026-01-01T22:28:25Z,ISLAND,54.244078947366134,0.0,"B1 logic. V: 0.927, SOC: 54.2%",0
2026-01-01T22:28:30Z,ISLAND,54.27046783625503,0.0,"B1 logic. V: 0.927, SOC: 54.2%",0
2026-01-01T22:28:35Z,ISLAND,54.29685672514392,0.0,"B1 logic. V: 0.927, SOC: 54.3%",0
2026-01-01T22:28:40Z,ISLAND,54.323245614032814,0.0,"B1 logic. V: 0.927, SOC: 54.3%",0
2026-01-01T22:28:45Z,ISLAND,54.349634502921695,0.0,"B1 logic. V: 0.927, SOC: 54.3%",0
2026-01-01T22:28:50Z,ISLAND,54.37602339181058,0.0,"B1 logic. V: 0.927, SOC: 54.3%",0
2026-01-01T22:28:55Z,ISLAND,54.40241228069947,0.0,"B1 logic. V: 0.927, SOC: 54.4%",0
2026-01-01T22:29:00Z,ISLAND,54.42880116958836,0.0,"B1 logic. V: 0.927, SOC: 54.4%",0
2026-01-01T22:29:05Z,ISLAND,54.45519005847726,0.0,"B1 logic. V: 0.927, SOC: 54.4%",0
2026-01-01T22:29:10Z,ISLAND,54.48157894736614,0.0,"B1 logic. V: 0.927, SOC: 54.5%",0
2026-01-01T22:29:15Z,ISLAND,54.50796783625502,0.0,"B1 logic. V: 0.927, SOC: 54.5%",0
2026-01-01T22:29:20Z,ISLAND,54.534356725143915,0.0,"B1 logic. V: 0.927, SOC: 54.5%",0
2026-01-01T22:29:25Z,ISLAND,54.560745614032804,0.0,"B1 logic. V: 0.927, SOC: 54.5%",0
2026-01-01T22:29:30Z,ISLAND,54.5871345029217,0.0,"B1 logic. V: 0.927, SOC: 54.6%",0
2026-01-01T22:29:35Z,ISLAND,54.61352339181058,0.0,"B1 logic. V: 0.927, SOC: 54.6%",0
2026-01-01T22:29:40Z,ISLAND,54.63991228069946,0.0,"B1 logic. V: 0.927, SOC: 54.6%",0
2026-01-01T22:29:45Z,ISLAND,54.66630116958836,0.0,"B1 logic. V: 0.927, SOC: 54.6%",0
2026-01-01T22:29:50Z,ISLAND,54.69269005847725,0.0,"B1 logic. V: 0.927, SOC: 54.7%",0
2026-01-01T22:29:55Z,ISLAND,54.71907894736614,0.0,"B1 logic. V: 0.927, SOC: 54.7%",0
2026-01-01T22:30:00Z,ISLAND,54.745467836255024,0.0,"B1 logic. V: 0.927, SOC: 54.7%",0
2026-01-01T22:30:05Z,ISLAND,54.771856725143905,0.0,"B1 logic. V: 0.928, SOC: 54.7%",0
2026-01-01T22:30:10Z,ISLAND,54.7982456140328,0.0,"B1 logic. V: 0.928, SOC: 54.8%",0
2026-01-01T22:30:15Z,ISLAND,54.82463450292169,0.0,"B1 logic. V: 0.928, SOC: 54.8%",0
2026-01-01T22:30:20Z,ISLAND,54.851023391810585,0.0,"B1 logic. V: 0.928, SOC: 54.8%",0
2026-01-01T22:30:25Z,ISLAND,54.87741228069947,0.0,"B1 logic. V: 0.928, SOC: 54.9%",0
2026-01-01T22:30:30Z,ISLAND,54.90380116958835,0.0,"B1 logic. V: 0.928, SOC: 54.9%",0
2026-01-01T22:30:35Z,ISLAND,54.930190058477244,0.0,"B1 logic. V: 0.928, SOC: 54.9%",0
2026-01-01T22:30:40Z,ISLAND,54.95657894736613,0.0,"B1 logic. V: 0.928, SOC: 54.9%",0
2026-01-01T22:30:45Z,ISLAND,54.98296783625503,0.0,"B1 logic. V: 0.928, SOC: 55.0%",0
2026-01-01T22:30:50Z,ISLAND,55.00935672514391,0.0,"B1 logic. V: 0.928, SOC: 55.0%",0
2026-01-01T22:30:55Z,ISLAND,55.03574561403279,0.0,"B1 logic. V: 0.928, SOC: 55.0%",0
2026-01-01T22:31:00Z,ISLAND,55.06213450292169,0.0,"B1 logic. V: 0.928, SOC: 55.0%",0
2026-01-01T22:31:05Z,ISLAND,55.088523391810575,0.0,"B1 logic. V: 0.928, SOC: 55.1%",0
2026-01-01T22:31:10Z,ISLAND,55.11491228069947,0.0,"B1 logic. V: 0.928, SOC: 55.1%",0
2026-01-01T22:31:15Z,ISLAND,55.14130116958835,0.0,"B1 logic. V: 0.928, SOC: 55.1%",0
2026-01-01T22:31:20Z,ISLAND,55.167690058477234,0.0,"B1 logic. V: 0.928, SOC: 55.1%",0
2026-01-01T22:31:25Z,ISLAND,55.19407894736613,0.0,"B1 logic. V: 0.928, SOC: 55.2%",0
2026-01-01T22:31:30Z,ISLAND,55.22046783625502,0.0,"B1 logic. V: 0.928, SOC: 55.2%",0
2026-01-01T22:31:35Z,ISLAND,55.246856725143914,0.0,"B1 logic. V: 0.928, SOC: 55.2%",0
2026-01-01T22:31:40Z,ISLAND,55.273245614032795,0.0,"B1 logic. V: 0.928, SOC: 55.2%",0
2026-01-01T22:31:45Z,ISLAND,55.29963450292168,0.0,"B1 logic. V: 0.928, SOC: 55.3%",0
2026-01-01T22:31:50Z,ISLAND,55.32602339181057,0.0,"B1 logic. V: 0.928, SOC: 55.3%",0
2026-01-01T22:31:55Z,ISLAND,55.35241228069946,0.0,"B1 logic. V: 0.928, SOC: 55.3%",0
2026-01-01T22:32:00Z,ISLAND,55.37880116958836,0.0,"B1 logic. V: 0.928, SOC: 55.4%",0
2026-01-01T22:32:05Z,ISLAND,55.40519005847724,0.0,"B1 logic. V: 0.928, SOC: 55.4%",0
2026-01-01T22:32:10Z,ISLAND,55.43157894736612,0.0,"B1 logic. V: 0.928, SOC: 55.4%",0
2026-01-01T22:32:15Z,ISLAND,55.457967836255015,0.0,"B1 logic. V: 0.928, SOC: 55.4%",0
2026-01-01T22:32:20Z,ISLAND,55.484356725143904,0.0,"B1 logic. V: 0.928, SOC: 55.5%",0
2026-01-01T22:32:25Z,ISLAND,55.5107456140328,0.0,"B1 logic. V: 0.928, SOC: 55.5%",0
2026-01-01T22:32:30Z,ISLAND,55.53713450292168,0.0,"B1 logic. V: 0.928, SOC: 55.5%",0
2026-01-01T22:32:35Z,ISLAND,55.56352339181056,0.0,"B1 logic. V: 0.928, SOC: 55.5%",0
2026-01-01T22:32:40Z,ISLAND,55.58991228069946,0.0,"B1 logic. V: 0.928, SOC: 55.6%",0
2026-01-01T22:32:45Z,ISLAND,55.61630116958835,0.0,"B1 logic. V: 0.928, SOC: 55.6%",0
2026-01-01T22:32:50Z,ISLAND,55.64269005847724,0.0,"B1 logic. V: 0.928, SOC: 55.6%",0
2026-01-01T22:32:55Z,ISLAND,55.669078947366124,0.0,"B1 logic. V: 0.928, SOC: 55.6%",0
2026-01-01T22:33:00Z,ISLAND,55.695467836255006,0.0,"B1 logic. V: 0.928, SOC: 55.7%",0
2026-01-01T22:33:05Z,ISLAND,55.7218567251439,0.0,"B1 logic. V: 0.929, SOC: 55.7%",0
2026-01-01T22:33:10Z,ISLAND,55.74824561403279,0.0,"B1 logic. V: 0.929, SOC: 55.7%",0
2026-01-01T22:33:15Z,ISLAND,55.774634502921685,0.0,"B1 logic. V: 0.929, SOC: 55.7%",0
2026-01-01T22:33:20Z,ISLAND,55.80102339181057,0.0,"B1 logic. V: 0.929, SOC: 55.8%",0
2026-01-01T22:33:25Z,ISLAND,55.82741228069945,0.0,"B1 logic. V: 0.929, SOC: 55.8%",0
2026-01-01T22:33:30Z,ISLAND,55.853801169588344,0.0,"B1 logic. V: 0.929, SOC: 55.8%",0
2026-01-01T22:33:35Z,ISLAND,55.88019005847723,0.0,"B1 logic. V: 0.929, SOC: 55.9%",0
2026-01-01T22:33:40Z,ISLAND,55.90657894736613,0.0,"B1 logic. V: 0.929, SOC: 55.9%",0
2026-01-01T22:33:45Z,ISLAND,55.93296783625501,0.0,"B1 logic. V: 0.929, SOC: 55.9%",0
2026-01-01T22:33:50Z,ISLAND,55.95935672514389,0.0,"B1 logic. V: 0.929, SOC: 55.9%",0
2026-01-01T22:33:55Z,ISLAND,55.98574561403279,0.0,"B1 logic. V: 0.929, SOC: 56.0%",0
2026-01-01T22:34:00Z,ISLAND,56.012134502921676,0.0,"B1 logic. V: 0.929, SOC: 56.0%",0
2026-01-01T22:34:05Z,ISLAND,56.03852339181057,0.0,"B1 logic. V: 0.929, SOC: 56.0%",0
2026-01-01T22:34:10Z,ISLAND,56.06491228069945,0.0,"B1 logic. V: 0.929, SOC: 56.0%",0
2026-01-01T22:34:15Z,ISLAND,56.091301169588334,0.0,"B1 logic. V: 0.929, SOC: 56.1%",0
2026-01-01T22:34:20Z,ISLAND,56.11769005847723,0.0,"B1 logic. V: 0.929, SOC: 56.1%",0
2026-01-01T22:34:25Z,ISLAND,56.14407894736612,0.0,"B1 logic. V: 0.929, SOC: 56.1%",0
2026-01-01T22:34:30Z,ISLAND,56.170467836255014,0.0,"B1 logic. V: 0.929, SOC: 56.1%",0
2026-01-01T22:34:35Z,ISLAND,56.196856725143896,0.0,"B1 logic. V: 0.929, SOC: 56.2%",0
2026-01-01T22:34:40Z,ISLAND,56.22324561403278,0.0,"B1 logic. V: 0.929, SOC: 56.2%",0
2026-01-01T22:34:45Z,ISLAND,56.24963450292167,0.0,"B1 logic. V: 0.929, SOC: 56.2%",0
2026-01-01T22:34:50Z,ISLAND,56.27602339181056,0.0,"B1 logic. V: 0.929, SOC: 56.2%",0
2026-01-01T22:34:55Z,ISLAND,56.30241228069946,0.0,"B1 logic. V: 0.929, SOC: 56.3%",0
2026-01-01T22:35:00Z,ISLAND,56.32880116958834,0.0,"B1 logic. V: 0.929, SOC: 56.3%",0
2026-01-01T22:35:05Z,ISLAND,56.35519005847722,0.0,"B1 logic. V: 0.929, SOC: 56.3%",0
2026-01-01T22:35:10Z,ISLAND,56.381578947366116,0.0,"B1 logic. V: 0.929, SOC: 56.4%",0
2026-01-01T22:35:15Z,ISLAND,56.407967836255004,0.0,"B1 logic. V: 0.929, SOC: 56.4%",0
2026-01-01T22:35:20Z,ISLAND,56.4343567251439,0.0,"B1 logic. V: 0.929, SOC: 56.4%",0
2026-01-01T22:35:25Z,ISLAND,56.46074561403278,0.0,"B1 logic. V: 0.929, SOC: 56.4%",0
2026-01-01T22:35:30Z,ISLAND,56.48713450292166,0.0,"B1 logic. V: 0.929, SOC: 56.5%",0
2026-01-01T22:35:35Z,ISLAND,56.51352339181056,0.0,"B1 logic. V: 0.929, SOC: 56.5%",0
2026-01-01T22:35:40Z,ISLAND,56.53991228069945,0.0,"B1 logic. V: 0.929, SOC: 56.5%",0
2026-01-01T22:35:45Z,ISLAND,56.56630116958834,0.0,"B1 logic. V: 0.929, SOC: 56.5%",0
2026-01-01T22:35:50Z,ISLAND,56.592690058477224,0.0,"B1 logic. V: 0.929, SOC: 56.6%",0
2026-01-01T22:35:55Z,ISLAND,56.619078947366106,0.0,"B1 logic. V: 0.929, SOC: 56.6%",0
2026-01-01T22:36:00Z,ISLAND,56.645467836255,0.0,"B1 logic. V: 0.929, SOC: 56.6%",0
2026-01-01T22:36:05Z,ISLAND,56.67185672514389,0.0,"B1 logic. V: 0.930, SOC: 56.6%",0
2026-01-01T22:36:10Z,ISLAND,56.698245614032786,0.0,"B1 logic. V: 0.930, SOC: 56.7%",0
2026-01-01T22:36:15Z,ISLAND,56.72463450292167,0.0,"B1 logic. V: 0.930, SOC: 56.7%",0
2026-01-01T22:36:20Z,ISLAND,56.75102339181055,0.0,"B1 logic. V: 0.930, SOC: 56.7%",0
2026-01-01T22:36:25Z,ISLAND,56.777412280699444,0.0,"B1 logic. V: 0.930, SOC: 56.8%",0
2026-01-01T22:36:30Z,ISLAND,56.80380116958833,0.0,"B1 logic. V: 0.930, SOC: 56.8%",0
2026-01-01T22:36:35Z,ISLAND,56.83019005847723,0.0,"B1 logic. V: 0.930, SOC: 56.8%",0
2026-01-01T22:36:40Z,ISLAND,56.85657894736611,0.0,"B1 logic. V: 0.930, SOC: 56.8%",0
2026-01-01T22:36:45Z,ISLAND,56.88296783625499,0.0,"B1 logic. V: 0.930, SOC: 56.9%",0
2026-01-01T22:36:50Z,ISLAND,56.90935672514389,0.0,"B1 logic. V: 0.930, SOC: 56.9%",0
2026-01-01T22:36:55Z,ISLAND,56.935745614032776,0.0,"B1 logic. V: 0.930, SOC: 56.9%",0
2026-01-01T22:37:00Z,ISLAND,56.96213450292167,0.0,"B1 logic. V: 0.930, SOC: 56.9%",0
2026-01-01T22:37:05Z,ISLAND,56.98852339181055,0.0,"B1 logic. V: 0.930, SOC: 57.0%",0
2026-01-01T22:37:10Z,ISLAND,57.014912280699434,0.0,"B1 logic. V: 0.930, SOC: 57.0%",0
2026-01-01T22:37:15Z,ISLAND,57.04130116958833,0.0,"B1 logic. V: 0.930, SOC: 57.0%",0
2026-01-01T22:37:20Z,ISLAND,57.06769005847722,0.0,"B1 logic. V: 0.930, SOC: 57.0%",0
2026-01-01T22:37:25Z,ISLAND,57.094078947366114,0.0,"B1 logic. V: 0.930, SOC: 57.1%",0
2026-01-01T22:37:30Z,ISLAND,57.120467836254996,0.0,"B1 logic. V: 0.930, SOC: 57.1%",0
2026-01-01T22:37:35Z,ISLAND,57.14685672514388,0.0,"B1 logic. V: 0.930, SOC: 57.1%",0
2026-01-01T22:37:40Z,ISLAND,57.17324561403277,0.0,"B1 logic. V: 0.930, SOC: 57.1%",0
2026-01-01T22:37:45Z,ISLAND,57.19963450292166,0.0,"B1 logic. V: 0.930, SOC: 57.2%",0
2026-01-01T22:37:50Z,ISLAND,57.22602339181056,0.0,"B1 logic. V: 0.930, SOC: 57.2%",0
2026-01-01T22:37:55Z,ISLAND,57.25241228069944,0.0,"B1 logic. V: 0.930, SOC: 57.2%",0
2026-01-01T22:38:00Z,ISLAND,57.27880116958832,0.0,"B1 logic. V: 0.930, SOC: 57.3%",0
2026-01-01T22:38:05Z,ISLAND,57.305190058477216,0.0,"B1 logic. V: 0.930, SOC: 57.3%",0
2026-01-01T22:38:10Z,ISLAND,57.331578947366104,0.0,"B1 logic. V: 0.930, SOC: 57.3%",0
2026-01-01T22:38:15Z,ISLAND,57.357967836255,0.0,"B1 logic. V: 0.930, SOC: 57.3%",0
2026-01-01T22:38:20Z,ISLAND,57.38435672514388,0.0,"B1 logic. V: 0.930, SOC: 57.4%",0
2026-01-01T22:38:25Z,ISLAND,57.41074561403276,0.0,"B1 logic. V: 0.930, SOC: 57.4%",0
2026-01-01T22:38:30Z,ISLAND,57.43713450292166,0.0,"B1 logic. V: 0.930, SOC: 57.4%",0
2026-01-01T22:38:35Z,ISLAND,57.46352339181055,0.0,"B1 logic. V: 0.930, SOC: 57.4%",0
2026-01-01T22:38:40Z,ISLAND,57.48991228069944,0.0,"B1 logic. V: 0.930, SOC: 57.5%",0
2026-01-01T22:38:45Z,ISLAND,57.516301169588324,0.0,"B1 logic. V: 0.930, SOC: 57.5%",0
2026-01-01T22:38:50Z,ISLAND,57.542690058477206,0.0,"B1 logic. V: 0.930, SOC: 57.5%",0
2026-01-01T22:38:55Z,ISLAND,57.5690789473661,0.0,"B1 logic. V: 0.930, SOC: 57.5%",0
2026-01-01T22:39:00Z,ISLAND,57.59546783625499,0.0,"B1 logic. V: 0.930, SOC: 57.6%",0
2026-01-01T22:39:05Z,ISLAND,57.621856725143886,0.0,"B1 logic. V: 0.931, SOC: 57.6%",0
2026-01-01T22:39:10Z,ISLAND,57.64824561403277,0.0,"B1 logic. V: 0.931, SOC: 57.6%",0
2026-01-01T22:39:15Z,ISLAND,57.67463450292165,0.0,"B1 logic. V: 0.931, SOC: 57.6%",0
2026-01-01T22:39:20Z,ISLAND,57.701023391810544,0.0,"B1 logic. V: 0.931, SOC: 57.7%",0
2026-01-01T22:39:25Z,ISLAND,57.72741228069943,0.0,"B1 logic. V: 0.931, SOC: 57.7%",0
2026-01-01T22:39:30Z,ISLAND,57.75380116958833,0.0,"B1 logic. V: 0.931, SOC: 57.7%",0
2026-01-01T22:39:35Z,ISLAND,57.78019005847721,0.0,"B1 logic. V: 0.931, SOC: 57.8%",0
2026-01-01T22:39:40Z,ISLAND,57.80657894736609,0.0,"B1 logic. V: 0.931, SOC: 57.8%",0
2026-01-01T22:39:45Z,ISLAND,57.83296783625499,0.0,"B1 logic. V: 0.931, SOC: 57.8%",0
2026-01-01T22:39:50Z,ISLAND,57.859356725143876,0.0,"B1 logic. V: 0.931, SOC: 57.8%",0
2026-01-01T22:39:55Z,ISLAND,57.88574561403277,0.0,"B1 logic. V: 0.931, SOC: 57.9%",0
2026-01-01T22:40:00Z,ISLAND,57.91213450292165,0.0,"B1 logic. V: 0.931, SOC: 57.9%",0
2026-01-01T22:40:05Z,ISLAND,57.938523391810534,0.0,"B1 logic. V: 0.931, SOC: 57.9%",0
2026-01-01T22:40:10Z,ISLAND,57.96491228069943,0.0,"B1 logic. V: 0.931, SOC: 57.9%",0
2026-01-01T22:40:15Z,ISLAND,57.99130116958832,0.0,"B1 logic. V: 0.931, SOC: 58.0%",0
2026-01-01T22:40:20Z,ISLAND,58.017690058477214,0.0,"B1 logic. V: 0.931, SOC: 58.0%",0
2026-01-01T22:40:25Z,ISLAND,58.044078947366096,0.0,"B1 logic. V: 0.931, SOC: 58.0%",0
2026-01-01T22:40:30Z,ISLAND,58.07046783625498,0.0,"B1 logic. V: 0.931, SOC: 58.0%",0
2026-01-01T22:40:35Z,ISLAND,58.09685672514387,0.0,"B1 logic. V: 0.931, SOC: 58.1%",0
2026-01-01T22:40:40Z,ISLAND,58.12324561403276,0.0,"B1 logic. V: 0.931, SOC: 58.1%",0
2026-01-01T22:40:45Z,ISLAND,58.14963450292166,0.0,"B1 logic. V: 0.931, SOC: 58.1%",0
2026-01-01T22:40:50Z,ISLAND,58.17602339181054,0.0,"B1 logic. V: 0.931, SOC: 58.1%",0
2026-01-01T22:40:55Z,ISLAND,58.20241228069942,0.0,"B1 logic. V: 0.931, SOC: 58.2%",0
2026-01-01T22:41:00Z,ISLAND,58.228801169588316,0.0,"B1 logic. V: 0.931, SOC: 58.2%",0
2026-01-01T22:41:05Z,ISLAND,58.255190058477204,0.0,"B1 logic. V: 0.931, SOC: 58.2%",0
2026-01-01T22:41:10Z,ISLAND,58.2815789473661,0.0,"B1 logic. V: 0.931, SOC: 58.3%",0
2026-01-01T22:41:15Z,ISLAND,58.30796783625498,0.0,"B1 logic. V: 0.931, SOC: 58.3%",0
2026-01-01T22:41:20Z,ISLAND,58.33435672514386,0.0,"B1 logic. V: 0.931, SOC: 58.3%",0
2026-01-01T22:41:25Z,ISLAND,58.36074561403276,0.0,"B1 logic. V: 0.931, SOC: 58.3%",0
2026-01-01T22:41:30Z,ISLAND,58.38713450292165,0.0,"B1 logic. V: 0.931, SOC: 58.4%",0
2026-01-01T22:41:35Z,ISLAND,58.41352339181054,0.0,"B1 logic. V: 0.931, SOC: 58.4%",0
2026-01-01T22:41:40Z,ISLAND,58.439912280699424,0.0,"B1 logic. V: 0.931, SOC: 58.4%",0
2026-01-01T22:41:45Z,ISLAND,58.466301169588306,0.0,"B1 logic. V: 0.931, SOC: 58.4%",0
2026-01-01T22:41:50Z,ISLAND,58.4926900584772,0.0,"B1 logic. V: 0.931, SOC: 58.5%",0
2026-01-01T22:41:55Z,ISLAND,58.51907894736609,0.0,"B1 logic. V: 0.931, SOC: 58.5%",0
2026-01-01T22:42:00Z,ISLAND,58.545467836254986,0.0,"B1 logic. V: 0.931, SOC: 58.5%",0
2026-01-01T22:42:05Z,ISLAND,58.57185672514387,0.0,"B1 logic. V: 0.932, SOC: 58.5%",0
2026-01-01T22:42:10Z,ISLAND,58.59824561403275,0.0,"B1 logic. V: 0.932, SOC: 58.6%",0
2026-01-01T22:42:15Z,ISLAND,58.624634502921644,0.0,"B1 logic. V: 0.932, SOC: 58.6%",0
2026-01-01T22:42:20Z,ISLAND,58.65102339181053,0.0,"B1 logic. V: 0.932, SOC: 58.6%",0
2026-01-01T22:42:25Z,ISLAND,58.67741228069943,0.0,"B1 logic. V: 0.932, SOC: 58.7%",0
2026-01-01T22:42:30Z,ISLAND,58.70380116958831,0.0,"B1 logic. V: 0.932, SOC: 58.7%",0
2026-01-01T22:42:35Z,ISLAND,58.73019005847719,0.0,"B1 logic. V: 0.932, SOC: 58.7%",0
2026-01-01T22:42:40Z,ISLAND,58.75657894736609,0.0,"B1 logic. V: 0.932, SOC: 58.7%",0
2026-01-01T22:42:45Z,ISLAND,58.782967836254976,0.0,"B1 logic. V: 0.932, SOC: 58.8%",0
2026-01-01T22:42:50Z,ISLAND,58.80935672514387,0.0,"B1 logic. V: 0.932, SOC: 58.8%",0
2026-01-01T22:42:55Z,ISLAND,58.83574561403275,0.0,"B1 logic. V: 0.932, SOC: 58.8%",0
2026-01-01T22:43:00Z,ISLAND,58.862134502921634,0.0,"B1 logic. V: 0.932, SOC: 58.8%",0
2026-01-01T22:43:05Z,ISLAND,58.88852339181053,0.0,"B1 logic. V: 0.932, SOC: 58.9%",0
2026-01-01T22:43:10Z,ISLAND,58.91491228069942,0.0,"B1 logic. V: 0.932, SOC: 58.9%",0
2026-01-01T22:43:15Z,ISLAND,58.941301169588314,0.0,"B1 logic. V: 0.932, SOC: 58.9%",0
2026-01-01T22:43:20Z,ISLAND,58.967690058477196,0.0,"B1 logic. V: 0.932, SOC: 58.9%",0
2026-01-01T22:43:25Z,ISLAND,58.99407894736608,0.0,"B1 logic. V: 0.932, SOC: 59.0%",0
2026-01-01T22:43:30Z,ISLAND,59.02046783625497,0.0,"B1 logic. V: 0.932, SOC: 59.0%",0
2026-01-01T22:43:35Z,ISLAND,59.04685672514386,0.0,"B1 logic. V: 0.932, SOC: 59.0%",0
2026-01-01T22:43:40Z,ISLAND,59.07324561403276,0.0,"B1 logic. V: 0.932, SOC: 59.0%",0
2026-01-01T22:43:45Z,ISLAND,59.09963450292164,0.0,"B1 logic. V: 0.932, SOC: 59.1%",0
2026-01-01T22:43:50Z,ISLAND,59.12602339181052,0.0,"B1 logic. V: 0.932, SOC: 59.1%",0
2026-01-01T22:43:55Z,ISLAND,59.152412280699416,0.0,"B1 logic. V: 0.932, SOC: 59.1%",0
2026-01-01T22:44:00Z,ISLAND,59.178801169588304,0.0,"B1 logic. V: 0.932, SOC: 59.2%",0
2026-01-01T22:44:05Z,ISLAND,59.2051900584772,0.0,"B1 logic. V: 0.932, SOC: 59.2%",0
2026-01-01T22:44:10Z,ISLAND,59.23157894736608,0.0,"B1 logic. V: 0.932, SOC: 59.2%",0
2026-01-01T22:44:15Z,ISLAND,59.25796783625496,0.0,"B1 logic. V: 0.932, SOC: 59.2%",0
2026-01-01T22:44:20Z,ISLAND,59.28435672514386,0.0,"B1 logic. V: 0.932, SOC: 59.3%",0
2026-01-01T22:44:25Z,ISLAND,59.31074561403275,0.0,"B1 logic. V: 0.932, SOC: 59.3%",0
2026-01-01T22:44:30Z,ISLAND,59.33713450292164,0.0,"B1 logic. V: 0.932, SOC: 59.3%",0
2026-01-01T22:44:35Z,ISLAND,59.363523391810524,0.0,"B1 logic. V: 0.932, SOC: 59.3%",0
2026-01-01T22:44:40Z,ISLAND,59.389912280699406,0.0,"B1 logic. V: 0.932, SOC: 59.4%",0
2026-01-01T22:44:45Z,ISLAND,59.4163011695883,0.0,"B1 logic. V: 0.932, SOC: 59.4%",0
2026-01-01T22:44:50Z,ISLAND,59.44269005847719,0.0,"B1 logic. V: 0.932, SOC: 59.4%",0
2026-01-01T22:44:55Z,ISLAND,59.469078947366086,0.0,"B1 logic. V: 0.932, SOC: 59.4%",0
2026-01-01T22:45:00Z,ISLAND,59.49546783625497,0.0,"B1 logic. V: 0.932, SOC: 59.5%",0
2026-01-01T22:45:05Z,ISLAND,59.52185672514385,0.0,"B1 logic. V: 0.933, SOC: 59.5%",0
2026-01-01T22:45:10Z,ISLAND,59.548245614032744,0.0,"B1 logic. V: 0.933, SOC: 59.5%",0
2026-01-01T22:45:15Z,ISLAND,59.57463450292163,0.0,"B1 logic. V: 0.933, SOC: 59.5%",0
2026-01-01T22:45:20Z,ISLAND,59.60102339181053,0.0,"B1 logic. V: 0.933, SOC: 59.6%",0
2026-01-01T22:45:25Z,ISLAND,59.62741228069941,0.0,"B1 logic. V: 0.933, SOC: 59.6%",0
2026-01-01T22:45:30Z,ISLAND,59.65380116958829,0.0,"B1 logic. V: 0.933, SOC: 59.6%",0
2026-01-01T22:45:35Z,ISLAND,59.68019005847719,0.0,"B1 logic. V: 0.933, SOC: 59.7%",0
2026-01-01T22:45:40Z,ISLAND,59.706578947366076,0.0,"B1 logic. V: 0.933, SOC: 59.7%",0
2026-01-01T22:45:45Z,ISLAND,59.73296783625497,0.0,"B1 logic. V: 0.933, SOC: 59.7%",0
2026-01-01T22:45:50Z,ISLAND,59.75935672514385,0.0,"B1 logic. V: 0.933, SOC: 59.7%",0
2026-01-01T22:45:55Z,ISLAND,59.785745614032734,0.0,"B1 logic. V: 0.933, SOC: 59.8%",0
2026-01-01T22:46:00Z,ISLAND,59.81213450292163,0.0,"B1 logic. V: 0.933, SOC: 59.8%",0
2026-01-01T22:46:05Z,ISLAND,59.83852339181052,0.0,"B1 logic. V: 0.933, SOC: 59.8%",0
2026-01-01T22:46:10Z,ISLAND,59.864912280699414,0.0,"B1 logic. V: 0.933, SOC: 59.8%",0
2026-01-01T22:46:15Z,ISLAND,59.891301169588296,0.0,"B1 logic. V: 0.933, SOC: 59.9%",0
2026-01-01T22:46:20Z,ISLAND,59.91769005847718,0.0,"B1 logic. V: 0.933, SOC: 59.9%",0
2026-01-01T22:46:25Z,ISLAND,59.94407894736607,0.0,"B1 logic. V: 0.933, SOC: 59.9%",0
2026-01-01T22:46:30Z,ISLAND,59.97046783625496,0.0,"B1 logic. V: 0.933, SOC: 59.9%",0
2026-01-01T22:46:35Z,ISLAND,59.99685672514386,0.0,"B1 logic. V: 0.933, SOC: 60.0%",0
2026-01-01T22:46:40Z,ISLAND,60.02324561403274,0.0,"B1 logic. V: 0.933, SOC: 60.0%",0
2026-01-01T22:46:45Z,ISLAND,60.04963450292162,0.0,"B1 logic. V: 0.933, SOC: 60.0%",0
2026-01-01T22:46:50Z,ISLAND,60.076023391810516,0.0,"B1 logic. V: 0.933, SOC: 60.0%",0
2026-01-01T22:46:55Z,ISLAND,60.102412280699404,0.0,"B1 logic. V: 0.933, SOC: 60.1%",0
2026-01-01T22:47:00Z,ISLAND,60.1288011695883,0.0,"B1 logic. V: 0.933, SOC: 60.1%",0
2026-01-01T22:47:05Z,ISLAND,60.15519005847718,0.0,"B1 logic. V: 0.934, SOC: 60.1%",0
2026-01-01T22:47:10Z,ISLAND,60.18157894736606,0.0,"B1 logic. V: 0.934, SOC: 60.2%",0
2026-01-01T22:47:15Z,ISLAND,60.20796783625496,0.0,"B1 logic. V: 0.934, SOC: 60.2%",0
2026-01-01T22:47:20Z,ISLAND,60.23435672514385,0.0,"B1 logic. V: 0.934, SOC: 60.2%",0
2026-01-01T22:47:25Z,ISLAND,60.26074561403274,0.0,"B1 logic. V: 0.934, SOC: 60.2%",0
2026-01-01T22:47:30Z,ISLAND,60.287134502921624,0.0,"B1 logic. V: 0.934, SOC: 60.3%",0
2026-01-01T22:47:35Z,ISLAND,60.313523391810506,0.0,"B1 logic. V: 0.934, SOC: 60.3%",0
2026-01-01T22:47:40Z,ISLAND,60.3399122806994,0.0,"B1 logic. V: 0.934, SOC: 60.3%",0
2026-01-01T22:47:45Z,ISLAND,60.36630116958829,0.0,"B1 logic. V: 0.934, SOC: 60.3%",0
2026-01-01T22:47:50Z,ISLAND,60.392690058477186,0.0,"B1 logic. V: 0.934, SOC: 60.4%",0
2026-01-01T22:47:55Z,ISLAND,60.41907894736607,0.0,"B1 logic. V: 0.934, SOC: 60.4%",0
2026-01-01T22:48:00Z,ISLAND,60.44546783625495,0.0,"B1 logic. V: 0.934, SOC: 60.4%",0
2026-01-01T22:48:05Z,ISLAND,60.471856725143844,0.0,"B1 logic. V: 0.934, SOC: 60.4%",0
2026-01-01T22:48:10Z,ISLAND,60.49824561403273,0.0,"B1 logic. V: 0.934, SOC: 60.5%",0
2026-01-01T22:48:15Z,ISLAND,60.52463450292163,0.0,"B1 logic. V: 0.934, SOC: 60.5%",0
2026-01-01T22:48:20Z,ISLAND,60.55102339181051,0.0,"B1 logic. V: 0.934, SOC: 60.5%",0
2026-01-01T22:48:25Z,ISLAND,60.57741228069939,0.0,"B1 logic. V: 0.934, SOC: 60.6%",0
2026-01-01T22:48:30Z,ISLAND,60.60380116958829,0.0,"B1 logic. V: 0.934, SOC: 60.6%",0
2026-01-01T22:48:35Z,ISLAND,60.630190058477176,0.0,"B1 logic. V: 0.934, SOC: 60.6%",0
2026-01-01T22:48:40Z,ISLAND,60.65657894736607,0.0,"B1 logic. V: 0.934, SOC: 60.6%",0
2026-01-01T22:48:45Z,ISLAND,60.68296783625495,0.0,"B1 logic. V: 0.934, SOC: 60.7%",0
2026-01-01T22:48:50Z,ISLAND,60.709356725143834,0.0,"B1 logic. V: 0.934, SOC: 60.7%",0
2026-01-01T22:48:55Z,ISLAND,60.73574561403273,0.0,"B1 logic. V: 0.934, SOC: 60.7%",0
2026-01-01T22:49:00Z,ISLAND,60.76213450292162,0.0,"B1 logic. V: 0.934, SOC: 60.7%",0
2026-01-01T22:49:05Z,ISLAND,60.788523391810514,0.0,"B1 logic. V: 0.934, SOC: 60.8%",0
2026-01-01T22:49:10Z,ISLAND,60.814912280699396,0.0,"B1 logic. V: 0.934, SOC: 60.8%",0
2026-01-01T22:49:15Z,ISLAND,60.84130116958828,0.0,"B1 logic. V: 0.934, SOC: 60.8%",0
2026-01-01T22:49:20Z,ISLAND,60.86769005847717,0.0,"B1 logic. V: 0.934, SOC: 60.8%",0
2026-01-01T22:49:25Z,ISLAND,60.89407894736606,0.0,"B1 logic. V: 0.934, SOC: 60.9%",0
2026-01-01T22:49:30Z,ISLAND,60.92046783625496,0.0,"B1 logic. V: 0.934, SOC: 60.9%",0
2026-01-01T22:49:35Z,ISLAND,60.94685672514384,0.0,"B1 logic. V: 0.934, SOC: 60.9%",0
2026-01-01T22:49:40Z,ISLAND,60.97324561403272,0.0,"B1 logic. V: 0.934, SOC: 60.9%",0
2026-01-01T22:49:45Z,ISLAND,60.999634502921616,0.0,"B1 logic. V: 0.934, SOC: 61.0%",0
2026-01-01T22:49:50Z,ISLAND,61.026023391810504,0.0,"B1 logic. V: 0.934, SOC: 61.0%",0
2026-01-01T22:49:55Z,ISLAND,61.0524122806994,0.0,"B1 logic. V: 0.934, SOC: 61.0%",0
2026-01-01T22:50:00Z,ISLAND,61.07880116958828,0.0,"B1 logic. V: 0.934, SOC: 61.1%",0
2026-01-01T22:50:05Z,ISLAND,61.10519005847716,0.0,"B1 logic. V: 0.935, SOC: 61.1%",0
2026-01-01T22:50:10Z,ISLAND,61.13157894736606,0.0,"B1 logic. V: 0.935, SOC: 61.1%",0
2026-01-01T22:50:15Z,ISLAND,61.15796783625495,0.0,"B1 logic. V: 0.935, SOC: 61.1%",0
2026-01-01T22:50:20Z,ISLAND,61.18435672514384,0.0,"B1 logic. V: 0.935, SOC: 61.2%",0
2026-01-01T22:50:25Z,ISLAND,61.210745614032724,0.0,"B1 logic. V: 0.935, SOC: 61.2%",0
2026-01-01T22:50:30Z,ISLAND,61.237134502921606,0.0,"B1 logic. V: 0.935, SOC: 61.2%",0
2026-01-01T22:50:35Z,ISLAND,61.2635233918105,0.0,"B1 logic. V: 0.935, SOC: 61.2%",0
2026-01-01T22:50:40Z,ISLAND,61.28991228069939,0.0,"B1 logic. V: 0.935, SOC: 61.3%",0
2026-01-01T22:50:45Z,ISLAND,61.316301169588286,0.0,"B1 logic. V: 0.935, SOC: 61.3%",0
2026-01-01T22:50:50Z,ISLAND,61.34269005847717,0.0,"B1 logic. V: 0.935, SOC: 61.3%",0
2026-01-01T22:50:55Z,ISLAND,61.36907894736605,0.0,"B1 logic. V: 0.935, SOC: 61.3%",0
2026-01-01T22:51:00Z,ISLAND,61.395467836254944,0.0,"B1 logic. V: 0.935, SOC: 61.4%",0
2026-01-01T22:51:05Z,ISLAND,61.42185672514383,0.0,"B1 logic. V: 0.935, SOC: 61.4%",0
2026-01-01T22:51:10Z,ISLAND,61.44824561403273,0.0,"B1 logic. V: 0.935, SOC: 61.4%",0
2026-01-01T22:51:15Z,ISLAND,61.47463450292161,0.0,"B1 logic. V: 0.935, SOC: 61.4%",0
2026-01-01T22:51:20Z,ISLAND,61.50102339181049,0.0,"B1 logic. V: 0.935, SOC: 61.5%",0
2026-01-01T22:51:25Z,ISLAND,61.52741228069939,0.0,"B1 logic. V: 0.935, SOC: 61.5%",0
2026-01-01T22:51:30Z,ISLAND,61.553801169588276,0.0,"B1 logic. V: 0.935, SOC: 61.5%",0
2026-01-01T22:51:35Z,ISLAND,61.58019005847717,0.0,"B1 logic. V: 0.935, SOC: 61.6%",0
2026-01-01T22:51:40Z,ISLAND,61.60657894736605,0.0,"B1 logic. V: 0.935, SOC: 61.6%",0
2026-01-01T22:51:45Z,ISLAND,61.632967836254934,0.0,"B1 logic. V: 0.935, SOC: 61.6%",0
2026-01-01T22:51:50Z,ISLAND,61.65935672514383,0.0,"B1 logic. V: 0.935, SOC: 61.6%",0
2026-01-01T22:51:55Z,ISLAND,61.68574561403272,0.0,"B1 logic. V: 0.935, SOC: 61.7%",0
2026-01-01T22:52:00Z,ISLAND,61.712134502921614,0.0,"B1 logic. V: 0.935, SOC: 61.7%",0
2026-01-01T22:52:05Z,ISLAND,61.738523391810496,0.0,"B1 logic. V: 0.935, SOC: 61.7%",0
2026-01-01T22:52:10Z,ISLAND,61.76491228069938,0.0,"B1 logic. V: 0.935, SOC: 61.7%",0
2026-01-01T22:52:15Z,ISLAND,61.79130116958827,0.0,"B1 logic. V: 0.935, SOC: 61.8%",0
2026-01-01T22:52:20Z,ISLAND,61.81769005847716,0.0,"B1 logic. V: 0.935, SOC: 61.8%",0
2026-01-01T22:52:25Z,ISLAND,61.84407894736606,0.0,"B1 logic. V: 0.935, SOC: 61.8%",0
2026-01-01T22:52:30Z,ISLAND,61.87046783625494,0.0,"B1 logic. V: 0.935, SOC: 61.8%",0
2026-01-01T22:52:35Z,ISLAND,61.89685672514382,0.0,"B1 logic. V: 0.935, SOC: 61.9%",0
2026-01-01T22:52:40Z,ISLAND,61.923245614032716,0.0,"B1 logic. V: 0.935, SOC: 61.9%",0
2026-01-01T22:52:45Z,ISLAND,61.949634502921604,0.0,"B1 logic. V: 0.935, SOC: 61.9%",0
2026-01-01T22:52:50Z,ISLAND,61.9760233918105,0.0,"B1 logic. V: 0.935, SOC: 61.9%",0
2026-01-01T22:52:55Z,ISLAND,62.00241228069938,0.0,"B1 logic. V: 0.935, SOC: 62.0%",0
2026-01-01T22:53:00Z,ISLAND,62.02880116958826,0.0,"B1 logic. V: 0.935, SOC: 62.0%",0
2026-01-01T22:53:05Z,ISLAND,62.05519005847716,0.0,"B1 logic. V: 0.936, SOC: 62.0%",0
2026-01-01T22:53:10Z,ISLAND,62.08157894736605,0.0,"B1 logic. V: 0.936, SOC: 62.1%",0
2026-01-01T22:53:15Z,ISLAND,62.10796783625494,0.0,"B1 logic. V: 0.936, SOC: 62.1%",0
2026-01-01T22:53:20Z,ISLAND,62.134356725143824,0.0,"B1 logic. V: 0.936, SOC: 62.1%",0
2026-01-01T22:53:25Z,ISLAND,62.160745614032706,0.0,"B1 logic. V: 0.936, SOC: 62.1%",0
2026-01-01T22:53:30Z,ISLAND,62.1871345029216,0.0,"B1 logic. V: 0.936, SOC: 62.2%",0
2026-01-01T22:53:35Z,ISLAND,62.21352339181049,0.0,"B1 logic. V: 0.936, SOC: 62.2%",0
2026-01-01T22:53:40Z,ISLAND,62.239912280699386,0.0,"B1 logic. V: 0.936, SOC: 62.2%",0
2026-01-01T22:53:45Z,ISLAND,62.26630116958827,0.0,"B1 logic. V: 0.936, SOC: 62.2%",0
2026-01-01T22:53:50Z,ISLAND,62.29269005847715,0.0,"B1 logic. V: 0.936, SOC: 62.3%",0
2026-01-01T22:53:55Z,ISLAND,62.319078947366044,0.0,"B1 logic. V: 0.936, SOC: 62.3%",0
2026-01-01T22:54:00Z,ISLAND,62.34546783625493,0.0,"B1 logic. V: 0.936, SOC: 62.3%",0
2026-01-01T22:54:05Z,ISLAND,62.37185672514383,0.0,"B1 logic. V: 0.936, SOC: 62.3%",0
2026-01-01T22:54:10Z,ISLAND,62.39824561403271,0.0,"B1 logic. V: 0.936, SOC: 62.4%",0
2026-01-01T22:54:15Z,ISLAND,62.42463450292159,0.0,"B1 logic. V: 0.936, SOC: 62.4%",0
2026-01-01T22:54:20Z,ISLAND,62.45102339181049,0.0,"B1 logic. V: 0.936, SOC: 62.4%",0
2026-01-01T22:54:25Z,ISLAND,62.477412280699376,0.0,"B1 logic. V: 0.936, SOC: 62.5%",0
2026-01-01T22:54:30Z,ISLAND,62.50380116958827,0.0,"B1 logic. V: 0.936, SOC: 62.5%",0
2026-01-01T22:54:35Z,ISLAND,62.53019005847715,0.0,"B1 logic. V: 0.936, SOC: 62.5%",0
2026-01-01T22:54:40Z,ISLAND,62.556578947366035,0.0,"B1 logic. V: 0.936, SOC: 62.5%",0
2026-01-01T22:54:45Z,ISLAND,62.58296783625493,0.0,"B1 logic. V: 0.936, SOC: 62.6%",0
2026-01-01T22:54:50Z,ISLAND,62.60935672514382,0.0,"B1 logic. V: 0.936, SOC: 62.6%",0
2026-01-01T22:54:55Z,ISLAND,62.635745614032714,0.0,"B1 logic. V: 0.936, SOC: 62.6%",0
2026-01-01T22:55:00Z,ISLAND,62.662134502921596,0.0,"B1 logic. V: 0.936, SOC: 62.6%",0
2026-01-01T22:55:05Z,ISLAND,62.68852339181048,0.0,"B1 logic. V: 0.936, SOC: 62.7%",0
2026-01-01T22:55:10Z,ISLAND,62.71491228069937,0.0,"B1 logic. V: 0.936, SOC: 62.7%",0
2026-01-01T22:55:15Z,ISLAND,62.74130116958826,0.0,"B1 logic. V: 0.936, SOC: 62.7%",0
2026-01-01T22:55:20Z,ISLAND,62.76769005847716,0.0,"B1 logic. V: 0.936, SOC: 62.7%",0
2026-01-01T22:55:25Z,ISLAND,62.79407894736604,0.0,"B1 logic. V: 0.936, SOC: 62.8%",0
2026-01-01T22:55:30Z,ISLAND,62.82046783625492,0.0,"B1 logic. V: 0.936, SOC: 62.8%",0
2026-01-01T22:55:35Z,ISLAND,62.846856725143816,0.0,"B1 logic. V: 0.936, SOC: 62.8%",0
2026-01-01T22:55:40Z,ISLAND,62.873245614032705,0.0,"B1 logic. V: 0.936, SOC: 62.8%",0
2026-01-01T22:55:45Z,ISLAND,62.8996345029216,0.0,"B1 logic. V: 0.936, SOC: 62.9%",0
2026-01-01T22:55:50Z,ISLAND,62.92602339181048,0.0,"B1 logic. V: 0.936, SOC: 62.9%",0
2026-01-01T22:55:55Z,ISLAND,62.95241228069936,0.0,"B1 logic. V: 0.936, SOC: 62.9%",0
2026-01-01T22:56:00Z,ISLAND,62.97880116958826,0.0,"B1 logic. V: 0.936, SOC: 63.0%",0
2026-01-01T22:56:05Z,ISLAND,63.00519005847715,0.0,"B1 logic. V: 0.937, SOC: 63.0%",0
2026-01-01T22:56:10Z,ISLAND,63.03157894736604,0.0,"B1 logic. V: 0.937, SOC: 63.0%",0
2026-01-01T22:56:15Z,ISLAND,63.057967836254925,0.0,"B1 logic. V: 0.937, SOC: 63.0%",0
2026-01-01T22:56:20Z,ISLAND,63.084356725143806,0.0,"B1 logic. V: 0.937, SOC: 63.1%",0
2026-01-01T22:56:25Z,ISLAND,63.1107456140327,0.0,"B1 logic. V: 0.937, SOC: 63.1%",0
2026-01-01T22:56:30Z,ISLAND,63.13713450292159,0.0,"B1 logic. V: 0.937, SOC: 63.1%",0
2026-01-01T22:56:35Z,ISLAND,63.163523391810486,0.0,"B1 logic. V: 0.937, SOC: 63.1%",0
2026-01-01T22:56:40Z,ISLAND,63.18991228069937,0.0,"B1 logic. V: 0.937, SOC: 63.2%",0
2026-01-01T22:56:45Z,ISLAND,63.21630116958825,0.0,"B1 logic. V: 0.937, SOC: 63.2%",0
2026-01-01T22:56:50Z,ISLAND,63.242690058477145,0.0,"B1 logic. V: 0.937, SOC: 63.2%",0
2026-01-01T22:56:55Z,ISLAND,63.26907894736603,0.0,"B1 logic. V: 0.937, SOC: 63.2%",0
2026-01-01T22:57:00Z,ISLAND,63.29546783625493,0.0,"B1 logic. V: 0.937, SOC: 63.3%",0
2026-01-01T22:57:05Z,ISLAND,63.32185672514381,0.0,"B1 logic. V: 0.937, SOC: 63.3%",0
2026-01-01T22:57:10Z,ISLAND,63.34824561403269,0.0,"B1 logic. V: 0.937, SOC: 63.3%",0
2026-01-01T22:57:15Z,ISLAND,63.37463450292159,0.0,"B1 logic. V: 0.937, SOC: 63.3%",0
2026-01-01T22:57:20Z,ISLAND,63.401023391810476,0.0,"B1 logic. V: 0.937, SOC: 63.4%",0
2026-01-01T22:57:25Z,ISLAND,63.42741228069937,0.0,"B1 logic. V: 0.937, SOC: 63.4%",0
2026-01-01T22:57:30Z,ISLAND,63.45380116958825,0.0,"B1 logic. V: 0.937, SOC: 63.4%",0
2026-01-01T22:57:35Z,ISLAND,63.480190058477135,0.0,"B1 logic. V: 0.937, SOC: 63.5%",0
2026-01-01T22:57:40Z,ISLAND,63.50657894736603,0.0,"B1 logic. V: 0.937, SOC: 63.5%",0
2026-01-01T22:57:45Z,ISLAND,63.53296783625492,0.0,"B1 logic. V: 0.937, SOC: 63.5%",0
2026-01-01T22:57:50Z,ISLAND,63.559356725143815,0.0,"B1 logic. V: 0.937, SOC: 63.5%",0
2026-01-01T22:57:55Z,ISLAND,63.585745614032696,0.0,"B1 logic. V: 0.937, SOC: 63.6%",0
2026-01-01T22:58:00Z,ISLAND,63.61213450292158,0.0,"B1 logic. V: 0.937, SOC: 63.6%",0
2026-01-01T22:58:05Z,ISLAND,63.63852339181047,0.0,"B1 logic. V: 0.937, SOC: 63.6%",0
2026-01-01T22:58:10Z,ISLAND,63.66491228069936,0.0,"B1 logic. V: 0.937, SOC: 63.6%",0
2026-01-01T22:58:15Z,ISLAND,63.69130116958826,0.0,"B1 logic. V: 0.937, SOC: 63.7%",0
2026-01-01T22:58:20Z,ISLAND,63.71769005847714,0.0,"B1 logic. V: 0.937, SOC: 63.7%",0
2026-01-01T22:58:25Z,ISLAND,63.74407894736602,0.0,"B1 logic. V: 0.937, SOC: 63.7%",0
2026-01-01T22:58:30Z,ISLAND,63.770467836254916,0.0,"B1 logic. V: 0.937, SOC: 63.7%",0
2026-01-01T22:58:35Z,ISLAND,63.796856725143805,0.0,"B1 logic. V: 0.937, SOC: 63.8%",0
2026-01-01T22:58:40Z,ISLAND,63.8232456140327,0.0,"B1 logic. V: 0.937, SOC: 63.8%",0
2026-01-01T22:58:45Z,ISLAND,63.84963450292158,0.0,"B1 logic. V: 0.937, SOC: 63.8%",0
2026-01-01T22:58:50Z,ISLAND,63.87602339181046,0.0,"B1 logic. V: 0.937, SOC: 63.8%",0
2026-01-01T22:58:55Z,ISLAND,63.90241228069936,0.0,"B1 logic. V: 0.937, SOC: 63.9%",0
2026-01-01T22:59:00Z,ISLAND,63.92880116958825,0.0,"B1 logic. V: 0.937, SOC: 63.9%",0
2026-01-01T22:59:05Z,ISLAND,63.95519005847714,0.0,"B1 logic. V: 0.938, SOC: 63.9%",0
2026-01-01T22:59:10Z,ISLAND,63.981578947366025,0.0,"B1 logic. V: 0.938, SOC: 64.0%",0
2026-01-01T22:59:15Z,ISLAND,64.0079678362549,0.0,"B1 logic. V: 0.938, SOC: 64.0%",0
2026-01-01T22:59:20Z,ISLAND,64.03435672514381,0.0,"B1 logic. V: 0.938, SOC: 64.0%",0
2026-01-01T22:59:25Z,ISLAND,64.06074561403268,0.0,"B1 logic. V: 0.938, SOC: 64.0%",0
2026-01-01T22:59:30Z,ISLAND,64.08713450292159,0.0,"B1 logic. V: 0.938, SOC: 64.1%",0
2026-01-01T22:59:35Z,ISLAND,64.11352339181047,0.0,"B1 logic. V: 0.938, SOC: 64.1%",0
2026-01-01T22:59:40Z,ISLAND,64.13991228069935,0.0,"B1 logic. V: 0.938, SOC: 64.1%",0
2026-01-01T22:59:45Z,ISLAND,64.16630116958825,0.0,"B1 logic. V: 0.938, SOC: 64.1%",0
2026-01-01T22:59:50Z,ISLAND,64.19269005847713,0.0,"B1 logic. V: 0.938, SOC: 64.2%",0
2026-01-01T22:59:55Z,ISLAND,64.21907894736603,0.0,"B1 logic. V: 0.938, SOC: 64.2%",0
2026-01-01T23:00:00Z,ISLAND,64.2454678362549,0.0,"B1 logic. V: 0.938, SOC: 64.2%",0
2026-01-01T23:00:05Z,ISLAND,64.27185672514379,0.0,"B1 logic. V: 0.938, SOC: 64.2%",0
2026-01-01T23:00:10Z,ISLAND,64.2982456140327,0.0,"B1 logic. V: 0.938, SOC: 64.3%",0
2026-01-01T23:00:15Z,ISLAND,64.32463450292157,0.0,"B1 logic. V: 0.938, SOC: 64.3%",0
2026-01-01T23:00:20Z,ISLAND,64.35102339181047,0.0,"B1 logic. V: 0.938, SOC: 64.3%",0
2026-01-01T23:00:25Z,ISLAND,64.37741228069936,0.0,"B1 logic. V: 0.938, SOC: 64.4%",0
2026-01-01T23:00:30Z,ISLAND,64.40380116958823,0.0,"B1 logic. V: 0.938, SOC: 64.4%",0
2026-01-01T23:00:35Z,ISLAND,64.43019005847714,0.0,"B1 logic. V: 0.938, SOC: 64.4%",0
2026-01-01T23:00:40Z,ISLAND,64.45657894736601,0.0,"B1 logic. V: 0.938, SOC: 64.4%",0
2026-01-01T23:00:45Z,ISLAND,64.48296783625491,0.0,"B1 logic. V: 0.938, SOC: 64.5%",0
2026-01-01T23:00:50Z,ISLAND,64.50935672514379,0.0,"B1 logic. V: 0.938, SOC: 64.5%",0
2026-01-01T23:00:55Z,ISLAND,64.53574561403268,0.0,"B1 logic. V: 0.938, SOC: 64.5%",0
2026-01-01T23:01:00Z,ISLAND,64.56213450292158,0.0,"B1 logic. V: 0.938, SOC: 64.5%",0
2026-01-01T23:01:05Z,ISLAND,64.58852339181045,0.0,"B1 logic. V: 0.938, SOC: 64.6%",0
2026-01-01T23:01:10Z,ISLAND,64.61491228069936,0.0,"B1 logic. V: 0.938, SOC: 64.6%",0
2026-01-01T23:01:15Z,ISLAND,64.64130116958825,0.0,"B1 logic. V: 0.938, SOC: 64.6%",0
2026-01-01T23:01:20Z,ISLAND,64.66769005847712,0.0,"B1 logic. V: 0.938, SOC: 64.6%",0
2026-01-01T23:01:25Z,ISLAND,64.69407894736602,0.0,"B1 logic. V: 0.938, SOC: 64.7%",0
2026-01-01T23:01:30Z,ISLAND,64.7204678362549,0.0,"B1 logic. V: 0.938, SOC: 64.7%",0
2026-01-01T23:01:35Z,ISLAND,64.7468567251438,0.0,"B1 logic. V: 0.938, SOC: 64.7%",0
2026-01-01T23:01:40Z,ISLAND,64.77324561403267,0.0,"B1 logic. V: 0.938, SOC: 64.7%",0
2026-01-01T23:01:45Z,ISLAND,64.79963450292156,0.0,"B1 logic. V: 0.938, SOC: 64.8%",0
2026-01-01T23:01:50Z,ISLAND,64.82602339181047,0.0,"B1 logic. V: 0.938, SOC: 64.8%",0
2026-01-01T23:01:55Z,ISLAND,64.85241228069934,0.0,"B1 logic. V: 0.938, SOC: 64.8%",0
2026-01-01T23:02:00Z,ISLAND,64.87880116958824,0.0,"B1 logic. V: 0.938, SOC: 64.9%",0
2026-01-01T23:02:05Z,ISLAND,64.90519005847713,0.0,"B1 logic. V: 0.939, SOC: 64.9%",0
2026-01-01T23:02:10Z,ISLAND,64.931578947366,0.0,"B1 logic. V: 0.939, SOC: 64.9%",0
2026-01-01T23:02:15Z,ISLAND,64.95796783625491,0.0,"B1 logic. V: 0.939, SOC: 64.9%",0
2026-01-01T23:02:20Z,ISLAND,64.98435672514378,0.0,"B1 logic. V: 0.939, SOC: 65.0%",0
2026-01-01T23:02:25Z,ISLAND,65.01074561403269,0.0,"B1 logic. V: 0.939, SOC: 65.0%",0
2026-01-01T23:02:30Z,ISLAND,65.03713450292156,0.0,"B1 logic. V: 0.939, SOC: 65.0%",0
2026-01-01T23:02:35Z,ISLAND,65.06352339181045,0.0,"B1 logic. V: 0.939, SOC: 65.0%",0
2026-01-01T23:02:40Z,ISLAND,65.08991228069935,0.0,"B1 logic. V: 0.939, SOC: 65.1%",0
2026-01-01T23:02:45Z,ISLAND,65.11630116958823,0.0,"B1 logic. V: 0.939, SOC: 65.1%",0
2026-01-01T23:02:50Z,ISLAND,65.14269005847713,0.0,"B1 logic. V: 0.939, SOC: 65.1%",0
2026-01-01T23:02:55Z,ISLAND,65.16907894736602,0.0,"B1 logic. V: 0.939, SOC: 65.1%",0
2026-01-01T23:03:00Z,ISLAND,65.19546783625489,0.0,"B1 logic. V: 0.939, SOC: 65.2%",0
2026-01-01T23:03:05Z,ISLAND,65.2218567251438,0.0,"B1 logic. V: 0.939, SOC: 65.2%",0
2026-01-01T23:03:10Z,ISLAND,65.24824561403267,0.0,"B1 logic. V: 0.939, SOC: 65.2%",0
2026-01-01T23:03:15Z,ISLAND,65.27463450292157,0.0,"B1 logic. V: 0.939, SOC: 65.2%",0
2026-01-01T23:03:20Z,ISLAND,65.30102339181045,0.0,"B1 logic. V: 0.939, SOC: 65.3%",0
2026-01-01T23:03:25Z,ISLAND,65.32741228069933,0.0,"B1 logic. V: 0.939, SOC: 65.3%",0
2026-01-01T23:03:30Z,ISLAND,65.35380116958824,0.0,"B1 logic. V: 0.939, SOC: 65.3%",0
2026-01-01T23:03:35Z,ISLAND,65.38019005847711,0.0,"B1 logic. V: 0.939, SOC: 65.4%",0
2026-01-01T23:03:40Z,ISLAND,65.40657894736601,0.0,"B1 logic. V: 0.939, SOC: 65.4%",0
2026-01-01T23:03:45Z,ISLAND,65.4329678362549,0.0,"B1 logic. V: 0.939, SOC: 65.4%",0
2026-01-01T23:03:50Z,ISLAND,65.45935672514378,0.0,"B1 logic. V: 0.939, SOC: 65.4%",0
2026-01-01T23:03:55Z,ISLAND,65.48574561403268,0.0,"B1 logic. V: 0.939, SOC: 65.5%",0
2026-01-01T23:04:00Z,ISLAND,65.51213450292155,0.0,"B1 logic. V: 0.939, SOC: 65.5%",0
2026-01-01T23:04:05Z,ISLAND,65.53852339181046,0.0,"B1 logic. V: 0.939, SOC: 65.5%",0
2026-01-01T23:04:10Z,ISLAND,65.56491228069933,0.0,"B1 logic. V: 0.939, SOC: 65.5%",0
2026-01-01T23:04:15Z,ISLAND,65.59130116958822,0.0,"B1 logic. V: 0.939, SOC: 65.6%",0
2026-01-01T23:04:20Z,ISLAND,65.61769005847712,0.0,"B1 logic. V: 0.939, SOC: 65.6%",0
2026-01-01T23:04:25Z,ISLAND,65.644078947366,0.0,"B1 logic. V: 0.939, SOC: 65.6%",0
2026-01-01T23:04:30Z,ISLAND,65.6704678362549,0.0,"B1 logic. V: 0.939, SOC: 65.6%",0
2026-01-01T23:04:35Z,ISLAND,65.69685672514379,0.0,"B1 logic. V: 0.939, SOC: 65.7%",0
2026-01-01T23:04:40Z,ISLAND,65.72324561403266,0.0,"B1 logic. V: 0.939, SOC: 65.7%",0
2026-01-01T23:04:45Z,ISLAND,65.74963450292157,0.0,"B1 logic. V: 0.939, SOC: 65.7%",0
2026-01-01T23:04:50Z,ISLAND,65.77602339181044,0.0,"B1 logic. V: 0.939, SOC: 65.7%",0
2026-01-01T23:04:55Z,ISLAND,65.80241228069934,0.0,"B1 logic. V: 0.939, SOC: 65.8%",0
2026-01-01T23:05:00Z,ISLAND,65.82880116958822,0.0,"B1 logic. V: 0.939, SOC: 65.8%",0
2026-01-01T23:05:05Z,ISLAND,65.8551900584771,0.0,"B1 logic. V: 0.940, SOC: 65.8%",0
2026-01-01T23:05:10Z,ISLAND,65.88157894736601,0.0,"B1 logic. V: 0.940, SOC: 65.9%",0
2026-01-01T23:05:15Z,ISLAND,65.90796783625488,0.0,"B1 logic. V: 0.940, SOC: 65.9%",0
2026-01-01T23:05:20Z,ISLAND,65.93435672514379,0.0,"B1 logic. V: 0.940, SOC: 65.9%",0
2026-01-01T23:05:25Z,ISLAND,65.96074561403267,0.0,"B1 logic. V: 0.940, SOC: 65.9%",0
2026-01-01T23:05:30Z,ISLAND,65.98713450292155,0.0,"B1 logic. V: 0.940, SOC: 66.0%",0
2026-01-01T23:05:35Z,ISLAND,66.01352339181045,0.0,"B1 logic. V: 0.940, SOC: 66.0%",0
2026-01-01T23:05:40Z,ISLAND,66.03991228069933,0.0,"B1 logic. V: 0.940, SOC: 66.0%",0
2026-01-01T23:05:45Z,ISLAND,66.06630116958823,0.0,"B1 logic. V: 0.940, SOC: 66.0%",0
2026-01-01T23:05:50Z,ISLAND,66.0926900584771,0.0,"B1 logic. V: 0.940, SOC: 66.1%",0
2026-01-01T23:05:55Z,ISLAND,66.11907894736599,0.0,"B1 logic. V: 0.940, SOC: 66.1%",0
2026-01-01T23:06:00Z,ISLAND,66.1454678362549,0.0,"B1 logic. V: 0.940, SOC: 66.1%",0
2026-01-01T23:06:05Z,ISLAND,66.17185672514377,0.0,"B1 logic. V: 0.940, SOC: 66.1%",0
2026-01-01T23:06:10Z,ISLAND,66.19824561403267,0.0,"B1 logic. V: 0.940, SOC: 66.2%",0
2026-01-01T23:06:15Z,ISLAND,66.22463450292156,0.0,"B1 logic. V: 0.940, SOC: 66.2%",0
2026-01-01T23:06:20Z,ISLAND,66.25102339181043,0.0,"B1 logic. V: 0.940, SOC: 66.2%",0
2026-01-01T23:06:25Z,ISLAND,66.27741228069934,0.0,"B1 logic. V: 0.940, SOC: 66.3%",0
2026-01-01T23:06:30Z,ISLAND,66.30380116958821,0.0,"B1 logic. V: 0.940, SOC: 66.3%",0
2026-01-01T23:06:35Z,ISLAND,66.33019005847711,0.0,"B1 logic. V: 0.940, SOC: 66.3%",0
2026-01-01T23:06:40Z,ISLAND,66.35657894736599,0.0,"B1 logic. V: 0.940, SOC: 66.3%",0
2026-01-01T23:06:45Z,ISLAND,66.38296783625488,0.0,"B1 logic. V: 0.940, SOC: 66.4%",0
2026-01-01T23:06:50Z,ISLAND,66.40935672514378,0.0,"B1 logic. V: 0.940, SOC: 66.4%",0
2026-01-01T23:06:55Z,ISLAND,66.43574561403265,0.0,"B1 logic. V: 0.940, SOC: 66.4%",0
2026-01-01T23:07:00Z,ISLAND,66.46213450292156,0.0,"B1 logic. V: 0.940, SOC: 66.4%",0
2026-01-01T23:07:05Z,ISLAND,66.48852339181045,0.0,"B1 logic. V: 0.940, SOC: 66.5%",0
2026-01-01T23:07:10Z,ISLAND,66.51491228069932,0.0,"B1 logic. V: 0.940, SOC: 66.5%",0
2026-01-01T23:07:15Z,ISLAND,66.54130116958822,0.0,"B1 logic. V: 0.940, SOC: 66.5%",0
2026-01-01T23:07:20Z,ISLAND,66.5676900584771,0.0,"B1 logic. V: 0.940, SOC: 66.5%",0
2026-01-01T23:07:25Z,ISLAND,66.594078947366,0.0,"B1 logic. V: 0.940, SOC: 66.6%",0
2026-01-01T23:07:30Z,ISLAND,66.62046783625487,0.0,"B1 logic. V: 0.940, SOC: 66.6%",0
2026-01-01T23:07:35Z,ISLAND,66.64685672514376,0.0,"B1 logic. V: 0.940, SOC: 66.6%",0
2026-01-01T23:07:40Z,ISLAND,66.67324561403267,0.0,"B1 logic. V: 0.940, SOC: 66.6%",0
2026-01-01T23:07:45Z,ISLAND,66.69963450292154,0.0,"B1 logic. V: 0.940, SOC: 66.7%",0
2026-01-01T23:07:50Z,ISLAND,66.72602339181044,0.0,"B1 logic. V: 0.940, SOC: 66.7%",0
2026-01-01T23:07:55Z,ISLAND,66.75241228069933,0.0,"B1 logic. V: 0.940, SOC: 66.7%",0
2026-01-01T23:08:00Z,ISLAND,66.7788011695882,0.0,"B1 logic. V: 0.940, SOC: 66.8%",0
2026-01-01T23:08:05Z,ISLAND,66.80519005847711,0.0,"B1 logic. V: 0.941, SOC: 66.8%",0
2026-01-01T23:08:10Z,ISLAND,66.83157894736598,0.0,"B1 logic. V: 0.941, SOC: 66.8%",0
2026-01-01T23:08:15Z,ISLAND,66.85796783625489,0.0,"B1 logic. V: 0.941, SOC: 66.8%",0
2026-01-01T23:08:20Z,ISLAND,66.88435672514376,0.0,"B1 logic. V: 0.941, SOC: 66.9%",0
2026-01-01T23:08:25Z,ISLAND,66.91074561403265,0.0,"B1 logic. V: 0.941, SOC: 66.9%",0
2026-01-01T23:08:30Z,ISLAND,66.93713450292155,0.0,"B1 logic. V: 0.941, SOC: 66.9%",0
2026-01-01T23:08:35Z,ISLAND,66.96352339181043,0.0,"B1 logic. V: 0.941, SOC: 66.9%",0
2026-01-01T23:08:40Z,ISLAND,66.98991228069933,0.0,"B1 logic. V: 0.941, SOC: 67.0%",0
2026-01-01T23:08:45Z,ISLAND,67.01630116958822,0.0,"B1 logic. V: 0.941, SOC: 67.0%",0
2026-01-01T23:08:50Z,ISLAND,67.04269005847709,0.0,"B1 logic. V: 0.941, SOC: 67.0%",0
2026-01-01T23:08:55Z,ISLAND,67.069078947366,0.0,"B1 logic. V: 0.941, SOC: 67.0%",0
2026-01-01T23:09:00Z,ISLAND,67.09546783625487,0.0,"B1 logic. V: 0.941, SOC: 67.1%",0
2026-01-01T23:09:05Z,ISLAND,67.12185672514377,0.0,"B1 logic. V: 0.941, SOC: 67.1%",0
2026-01-01T23:09:10Z,ISLAND,67.14824561403265,0.0,"B1 logic. V: 0.941, SOC: 67.1%",0
2026-01-01T23:09:15Z,ISLAND,67.17463450292153,0.0,"B1 logic. V: 0.941, SOC: 67.1%",0
2026-01-01T23:09:20Z,ISLAND,67.20102339181044,0.0,"B1 logic. V: 0.941, SOC: 67.2%",0
2026-01-01T23:09:25Z,ISLAND,67.22741228069931,0.0,"B1 logic. V: 0.941, SOC: 67.2%",0
2026-01-01T23:09:30Z,ISLAND,67.25380116958821,0.0,"B1 logic. V: 0.941, SOC: 67.2%",0
2026-01-01T23:09:35Z,ISLAND,67.2801900584771,0.0,"B1 logic. V: 0.941, SOC: 67.3%",0
2026-01-01T23:09:40Z,ISLAND,67.30657894736598,0.0,"B1 logic. V: 0.941, SOC: 67.3%",0
2026-01-01T23:09:45Z,ISLAND,67.33296783625488,0.0,"B1 logic. V: 0.941, SOC: 67.3%",0
2026-01-01T23:09:50Z,ISLAND,67.35935672514375,0.0,"B1 logic. V: 0.941, SOC: 67.3%",0
2026-01-01T23:09:55Z,ISLAND,67.38574561403266,0.0,"B1 logic. V: 0.941, SOC: 67.4%",0
2026-01-01T23:10:00Z,ISLAND,67.41213450292153,0.0,"B1 logic. V: 0.941, SOC: 67.4%",0
2026-01-01T23:10:05Z,ISLAND,67.43852339181042,0.0,"B1 logic. V: 0.941, SOC: 67.4%",0
2026-01-01T23:10:10Z,ISLAND,67.46491228069932,0.0,"B1 logic. V: 0.941, SOC: 67.4%",0
2026-01-01T23:10:15Z,ISLAND,67.4913011695882,0.0,"B1 logic. V: 0.941, SOC: 67.5%",0
2026-01-01T23:10:20Z,ISLAND,67.5176900584771,0.0,"B1 logic. V: 0.941, SOC: 67.5%",0
2026-01-01T23:10:25Z,ISLAND,67.54407894736599,0.0,"B1 logic. V: 0.941, SOC: 67.5%",0
2026-01-01T23:10:30Z,ISLAND,67.57046783625486,0.0,"B1 logic. V: 0.941, SOC: 67.5%",0
2026-01-01T23:10:35Z,ISLAND,67.59685672514377,0.0,"B1 logic. V: 0.941, SOC: 67.6%",0
2026-01-01T23:10:40Z,ISLAND,67.62324561403264,0.0,"B1 logic. V: 0.941, SOC: 67.6%",0
2026-01-01T23:10:45Z,ISLAND,67.64963450292154,0.0,"B1 logic. V: 0.941, SOC: 67.6%",0
2026-01-01T23:10:50Z,ISLAND,67.67602339181042,0.0,"B1 logic. V: 0.941, SOC: 67.6%",0
2026-01-01T23:10:55Z,ISLAND,67.7024122806993,0.0,"B1 logic. V: 0.941, SOC: 67.7%",0
2026-01-01T23:11:00Z,ISLAND,67.72880116958821,0.0,"B1 logic. V: 0.941, SOC: 67.7%",0
2026-01-01T23:11:05Z,ISLAND,67.75519005847708,0.0,"B1 logic. V: 0.942, SOC: 67.7%",0
2026-01-01T23:11:10Z,ISLAND,67.78157894736599,0.0,"B1 logic. V: 0.942, SOC: 67.8%",0
2026-01-01T23:11:15Z,ISLAND,67.80796783625487,0.0,"B1 logic. V: 0.942, SOC: 67.8%",0
2026-01-01T23:11:20Z,ISLAND,67.83435672514375,0.0,"B1 logic. V: 0.942, SOC: 67.8%",0
2026-01-01T23:11:25Z,ISLAND,67.86074561403265,0.0,"B1 logic. V: 0.942, SOC: 67.8%",0
2026-01-01T23:11:30Z,ISLAND,67.88713450292153,0.0,"B1 logic. V: 0.942, SOC: 67.9%",0
2026-01-01T23:11:35Z,ISLAND,67.91352339181043,0.0,"B1 logic. V: 0.942, SOC: 67.9%",0
2026-01-01T23:11:40Z,ISLAND,67.9399122806993,0.0,"B1 logic. V: 0.942, SOC: 67.9%",0
2026-01-01T23:11:45Z,ISLAND,67.96630116958819,0.0,"B1 logic. V: 0.942, SOC: 67.9%",0
2026-01-01T23:11:50Z,ISLAND,67.9926900584771,0.0,"B1 logic. V: 0.942, SOC: 68.0%",0
2026-01-01T23:11:55Z,ISLAND,68.01907894736597,0.0,"B1 logic. V: 0.942, SOC: 68.0%",0
2026-01-01T23:12:00Z,ISLAND,68.04546783625487,0.0,"B1 logic. V: 0.942, SOC: 68.0%",0
2026-01-01T23:12:05Z,ISLAND,68.07185672514376,0.0,"B1 logic. V: 0.942, SOC: 68.0%",0
2026-01-01T23:12:10Z,ISLAND,68.09824561403263,0.0,"B1 logic. V: 0.942, SOC: 68.1%",0
2026-01-01T23:12:15Z,ISLAND,68.12463450292154,0.0,"B1 logic. V: 0.942, SOC: 68.1%",0
2026-01-01T23:12:20Z,ISLAND,68.15102339181041,0.0,"B1 logic. V: 0.942, SOC: 68.1%",0
2026-01-01T23:12:25Z,ISLAND,68.17741228069931,0.0,"B1 logic. V: 0.942, SOC: 68.2%",0
2026-01-01T23:12:30Z,ISLAND,68.20380116958819,0.0,"B1 logic. V: 0.942, SOC: 68.2%",0
2026-01-01T23:12:35Z,ISLAND,68.23019005847708,0.0,"B1 logic. V: 0.942, SOC: 68.2%",0
2026-01-01T23:12:40Z,ISLAND,68.25657894736598,0.0,"B1 logic. V: 0.942, SOC: 68.2%",0
2026-01-01T23:12:45Z,ISLAND,68.28296783625485,0.0,"B1 logic. V: 0.942, SOC: 68.3%",0
2026-01-01T23:12:50Z,ISLAND,68.30935672514376,0.0,"B1 logic. V: 0.942, SOC: 68.3%",0
2026-01-01T23:12:55Z,ISLAND,68.33574561403265,0.0,"B1 logic. V: 0.942, SOC: 68.3%",0
2026-01-01T23:13:00Z,ISLAND,68.36213450292152,0.0,"B1 logic. V: 0.942, SOC: 68.3%",0
2026-01-01T23:13:05Z,ISLAND,68.38852339181042,0.0,"B1 logic. V: 0.942, SOC: 68.4%",0
2026-01-01T23:13:10Z,ISLAND,68.4149122806993,0.0,"B1 logic. V: 0.942, SOC: 68.4%",0
2026-01-01T23:13:15Z,ISLAND,68.4413011695882,0.0,"B1 logic. V: 0.942, SOC: 68.4%",0
2026-01-01T23:13:20Z,ISLAND,68.46769005847707,0.0,"B1 logic. V: 0.942, SOC: 68.4%",0
2026-01-01T23:13:25Z,ISLAND,68.49407894736596,0.0,"B1 logic. V: 0.942, SOC: 68.5%",0
2026-01-01T23:13:30Z,ISLAND,68.52046783625487,0.0,"B1 logic. V: 0.942, SOC: 68.5%",0
2026-01-01T23:13:35Z,ISLAND,68.54685672514374,0.0,"B1 logic. V: 0.942, SOC: 68.5%",0
2026-01-01T23:13:40Z,ISLAND,68.57324561403264,0.0,"B1 logic. V: 0.942, SOC: 68.5%",0
2026-01-01T23:13:45Z,ISLAND,68.59963450292153,0.0,"B1 logic. V: 0.942, SOC: 68.6%",0
2026-01-01T23:13:50Z,ISLAND,68.6260233918104,0.0,"B1 logic. V: 0.942, SOC: 68.6%",0
2026-01-01T23:13:55Z,ISLAND,68.65241228069931,0.0,"B1 logic. V: 0.942, SOC: 68.6%",0
2026-01-01T23:14:00Z,ISLAND,68.67880116958818,0.0,"B1 logic. V: 0.942, SOC: 68.7%",0
2026-01-01T23:14:05Z,ISLAND,68.70519005847709,0.0,"B1 logic. V: 0.942, SOC: 68.7%",0
2026-01-01T23:14:10Z,ISLAND,68.73157894736596,0.0,"B1 logic. V: 0.942, SOC: 68.7%",0
2026-01-01T23:14:15Z,ISLAND,68.75796783625485,0.0,"B1 logic. V: 0.942, SOC: 68.7%",0
2026-01-01T23:14:20Z,ISLAND,68.78435672514375,0.0,"B1 logic. V: 0.942, SOC: 68.8%",0
2026-01-01T23:14:25Z,ISLAND,68.81074561403263,0.0,"B1 logic. V: 0.942, SOC: 68.8%",0
2026-01-01T23:14:30Z,ISLAND,68.83713450292153,0.0,"B1 logic. V: 0.942, SOC: 68.8%",0
2026-01-01T23:14:35Z,ISLAND,68.86352339181042,0.0,"B1 logic. V: 0.942, SOC: 68.8%",0
2026-01-01T23:14:40Z,ISLAND,68.88991228069929,0.0,"B1 logic. V: 0.942, SOC: 68.9%",0
2026-01-01T23:14:45Z,ISLAND,68.9163011695882,0.0,"B1 logic. V: 0.942, SOC: 68.9%",0
2026-01-01T23:14:50Z,ISLAND,68.94269005847707,0.0,"B1 logic. V: 0.942, SOC: 68.9%",0
2026-01-01T23:14:55Z,ISLAND,68.96907894736597,0.0,"B1 logic. V: 0.942, SOC: 68.9%",0
2026-01-01T23:15:00Z,ISLAND,68.99546783625485,0.0,"B1 logic. V: 0.942, SOC: 69.0%",0
2026-01-01T23:15:05Z,ISLAND,69.02185672514373,0.0,"B1 logic. V: 0.943, SOC: 69.0%",0
2026-01-01T23:15:10Z,ISLAND,69.04824561403264,0.0,"B1 logic. V: 0.943, SOC: 69.0%",0
2026-01-01T23:15:15Z,ISLAND,69.07463450292151,0.0,"B1 logic. V: 0.943, SOC: 69.0%",0
2026-01-01T23:15:20Z,ISLAND,69.10102339181041,0.0,"B1 logic. V: 0.943, SOC: 69.1%",0
2026-01-01T23:15:25Z,ISLAND,69.1274122806993,0.0,"B1 logic. V: 0.943, SOC: 69.1%",0
2026-01-01T23:15:30Z,ISLAND,69.15380116958818,0.0,"B1 logic. V: 0.943, SOC: 69.1%",0
2026-01-01T23:15:35Z,ISLAND,69.18019005847708,0.0,"B1 logic. V: 0.943, SOC: 69.2%",0
2026-01-01T23:15:40Z,ISLAND,69.20657894736595,0.0,"B1 logic. V: 0.943, SOC: 69.2%",0
2026-01-01T23:15:45Z,ISLAND,69.23296783625486,0.0,"B1 logic. V: 0.943, SOC: 69.2%",0
2026-01-01T23:15:50Z,ISLAND,69.25935672514373,0.0,"B1 logic. V: 0.943, SOC: 69.2%",0
2026-01-01T23:15:55Z,ISLAND,69.28574561403262,0.0,"B1 logic. V: 0.943, SOC: 69.3%",0
2026-01-01T23:16:00Z,ISLAND,69.31213450292152,0.0,"B1 logic. V: 0.943, SOC: 69.3%",0
2026-01-01T23:16:05Z,ISLAND,69.3385233918104,0.0,"B1 logic. V: 0.943, SOC: 69.3%",0
2026-01-01T23:16:10Z,ISLAND,69.3649122806993,0.0,"B1 logic. V: 0.943, SOC: 69.3%",0
2026-01-01T23:16:15Z,ISLAND,69.39130116958819,0.0,"B1 logic. V: 0.943, SOC: 69.4%",0
2026-01-01T23:16:20Z,ISLAND,69.41769005847706,0.0,"B1 logic. V: 0.943, SOC: 69.4%",0
2026-01-01T23:16:25Z,ISLAND,69.44407894736597,0.0,"B1 logic. V: 0.943, SOC: 69.4%",0
2026-01-01T23:16:30Z,ISLAND,69.47046783625484,0.0,"B1 logic. V: 0.943, SOC: 69.4%",0
2026-01-01T23:16:35Z,ISLAND,69.49685672514374,0.0,"B1 logic. V: 0.943, SOC: 69.5%",0
2026-01-01T23:16:40Z,ISLAND,69.52324561403262,0.0,"B1 logic. V: 0.943, SOC: 69.5%",0
2026-01-01T23:16:45Z,ISLAND,69.5496345029215,0.0,"B1 logic. V: 0.943, SOC: 69.5%",0
2026-01-01T23:16:50Z,ISLAND,69.57602339181041,0.0,"B1 logic. V: 0.943, SOC: 69.5%",0
2026-01-01T23:16:55Z,ISLAND,69.60241228069928,0.0,"B1 logic. V: 0.943, SOC: 69.6%",0
2026-01-01T23:17:00Z,ISLAND,69.62880116958819,0.0,"B1 logic. V: 0.943, SOC: 69.6%",0
2026-01-01T23:17:05Z,ISLAND,69.65519005847707,0.0,"B1 logic. V: 0.943, SOC: 69.6%",0
2026-01-01T23:17:10Z,ISLAND,69.68157894736595,0.0,"B1 logic. V: 0.943, SOC: 69.7%",0
2026-01-01T23:17:15Z,ISLAND,69.70796783625485,0.0,"B1 logic. V: 0.943, SOC: 69.7%",0
2026-01-01T23:17:20Z,ISLAND,69.73435672514373,0.0,"B1 logic. V: 0.943, SOC: 69.7%",0
2026-01-01T23:17:25Z,ISLAND,69.76074561403263,0.0,"B1 logic. V: 0.943, SOC: 69.7%",0
2026-01-01T23:17:30Z,ISLAND,69.7871345029215,0.0,"B1 logic. V: 0.943, SOC: 69.8%",0
2026-01-01T23:17:35Z,ISLAND,69.81352339181039,0.0,"B1 logic. V: 0.943, SOC: 69.8%",0
2026-01-01T23:17:40Z,ISLAND,69.8399122806993,0.0,"B1 logic. V: 0.943, SOC: 69.8%",0
2026-01-01T23:17:45Z,ISLAND,69.86630116958817,0.0,"B1 logic. V: 0.943, SOC: 69.8%",0
2026-01-01T23:17:50Z,ISLAND,69.89269005847707,0.0,"B1 logic. V: 0.943, SOC: 69.9%",0
2026-01-01T23:17:55Z,ISLAND,69.91907894736596,0.0,"B1 logic. V: 0.943, SOC: 69.9%",0
2026-01-01T23:18:00Z,ISLAND,69.94546783625483,0.0,"B1 logic. V: 0.943, SOC: 69.9%",0
2026-01-01T23:18:05Z,ISLAND,69.97185672514374,0.0,"B1 logic. V: 0.944, SOC: 69.9%",0
2026-01-01T23:18:10Z,ISLAND,69.99824561403261,0.0,"B1 logic. V: 0.944, SOC: 70.0%",0
2026-01-01T23:18:15Z,ISLAND,70.02463450292151,0.0,"B1 logic. V: 0.944, SOC: 70.0%",0
2026-01-01T23:18:20Z,ISLAND,70.04442616958816,0.0,"B1 logic. V: 0.944, SOC: 70.0%",0
2026-01-01T23:18:25Z,ISLAND,70.06421783625484,0.0,"B1 logic. V: 0.944, SOC: 70.0%",0
2026-01-01T23:18:30Z,ISLAND,70.0840095029215,0.0,"B1 logic. V: 0.944, SOC: 70.1%",0
2026-01-01T23:18:35Z,ISLAND,70.10380116958818,0.0,"B1 logic. V: 0.944, SOC: 70.1%",0
2026-01-01T23:18:40Z,ISLAND,70.12359283625484,0.0,"B1 logic. V: 0.944, SOC: 70.1%",0
2026-01-01T23:18:45Z,ISLAND,70.1433845029215,0.0,"B1 logic. V: 0.944, SOC: 70.1%",0
2026-01-01T23:18:50Z,ISLAND,70.16317616958817,0.0,"B1 logic. V: 0.944, SOC: 70.1%",0
2026-01-01T23:18:55Z,ISLAND,70.18296783625485,0.0,"B1 logic. V: 0.944, SOC: 70.2%",0
2026-01-01T23:19:00Z,ISLAND,70.20275950292151,0.0,"B1 logic. V: 0.944, SOC: 70.2%",0
2026-01-01T23:19:05Z,ISLAND,70.22255116958817,0.0,"B1 logic. V: 0.944, SOC: 70.2%",0
2026-01-01T23:19:10Z,ISLAND,70.24234283625483,0.0,"B1 logic. V: 0.944, SOC: 70.2%",0
2026-01-01T23:19:15Z,ISLAND,70.2621345029215,0.0,"B1 logic. V: 0.944, SOC: 70.2%",0
2026-01-01T23:19:20Z,ISLAND,70.28192616958817,0.0,"B1 logic. V: 0.944, SOC: 70.3%",0
2026-01-01T23:19:25Z,ISLAND,70.30171783625484,0.0,"B1 logic. V: 0.944, SOC: 70.3%",0
2026-01-01T23:19:30Z,ISLAND,70.32150950292151,0.0,"B1 logic. V: 0.944, SOC: 70.3%",0
2026-01-01T23:19:35Z,ISLAND,70.34130116958816,0.0,"B1 logic. V: 0.944, SOC: 70.3%",0
2026-01-01T23:19:40Z,ISLAND,70.36109283625484,0.0,"B1 logic. V: 0.944, SOC: 70.3%",0
2026-01-01T23:19:45Z,ISLAND,70.3808845029215,0.0,"B1 logic. V: 0.944, SOC: 70.4%",0
2026-01-01T23:19:50Z,ISLAND,70.40067616958817,0.0,"B1 logic. V: 0.944, SOC: 70.4%",0
2026-01-01T23:19:55Z,ISLAND,70.42046783625484,0.0,"B1 logic. V: 0.944, SOC: 70.4%",0
2026-01-01T23:20:00Z,ISLAND,70.44025950292149,0.0,"B1 logic. V: 0.944, SOC: 70.4%",0
2026-01-01T23:20:05Z,ISLAND,70.46005116958817,0.0,"B1 logic. V: 0.944, SOC: 70.4%",0
2026-01-01T23:20:10Z,ISLAND,70.47984283625483,0.0,"B1 logic. V: 0.944, SOC: 70.5%",0
2026-01-01T23:20:15Z,ISLAND,70.49963450292151,0.0,"B1 logic. V: 0.944, SOC: 70.5%",0
2026-01-01T23:20:20Z,ISLAND,70.51942616958817,0.0,"B1 logic. V: 0.944, SOC: 70.5%",0
2026-01-01T23:20:25Z,ISLAND,70.53921783625483,0.0,"B1 logic. V: 0.944, SOC: 70.5%",0
2026-01-01T23:20:30Z,ISLAND,70.5590095029215,0.0,"B1 logic. V: 0.944, SOC: 70.5%",0
2026-01-01T23:20:35Z,ISLAND,70.57880116958816,0.0,"B1 logic. V: 0.944, SOC: 70.6%",0
2026-01-01T23:20:40Z,ISLAND,70.59859283625484,0.0,"B1 logic. V: 0.944, SOC: 70.6%",0
2026-01-01T23:20:45Z,ISLAND,70.6183845029215,0.0,"B1 logic. V: 0.944, SOC: 70.6%",0
2026-01-01T23:20:50Z,ISLAND,70.63817616958816,0.0,"B1 logic. V: 0.944, SOC: 70.6%",0
2026-01-01T23:20:55Z,ISLAND,70.65796783625483,0.0,"B1 logic. V: 0.944, SOC: 70.6%",0
2026-01-01T23:21:00Z,ISLAND,70.6777595029215,0.0,"B1 logic. V: 0.944, SOC: 70.7%",0
2026-01-01T23:21:05Z,ISLAND,70.69755116958817,0.0,"B1 logic. V: 0.945, SOC: 70.7%",0
2026-01-01T23:21:10Z,ISLAND,70.71734283625484,0.0,"B1 logic. V: 0.945, SOC: 70.7%",0
2026-01-01T23:21:15Z,ISLAND,70.73713450292149,0.0,"B1 logic. V: 0.945, SOC: 70.7%",0
2026-01-01T23:21:20Z,ISLAND,70.75692616958817,0.0,"B1 logic. V: 0.945, SOC: 70.7%",0
2026-01-01T23:21:25Z,ISLAND,70.77671783625483,0.0,"B1 logic. V: 0.945, SOC: 70.8%",0
2026-01-01T23:21:30Z,ISLAND,70.7965095029215,0.0,"B1 logic. V: 0.945, SOC: 70.8%",0
2026-01-01T23:21:35Z,ISLAND,70.81630116958817,0.0,"B1 logic. V: 0.945, SOC: 70.8%",0
2026-01-01T23:21:40Z,ISLAND,70.83609283625482,0.0,"B1 logic. V: 0.945, SOC: 70.8%",0
2026-01-01T23:21:45Z,ISLAND,70.8558845029215,0.0,"B1 logic. V: 0.945, SOC: 70.8%",0
2026-01-01T23:21:50Z,ISLAND,70.87567616958816,0.0,"B1 logic. V: 0.945, SOC: 70.9%",0
2026-01-01T23:21:55Z,ISLAND,70.89546783625484,0.0,"B1 logic. V: 0.945, SOC: 70.9%",0
2026-01-01T23:22:00Z,ISLAND,70.9152595029215,0.0,"B1 logic. V: 0.945, SOC: 70.9%",0
2026-01-01T23:22:05Z,ISLAND,70.93505116958816,0.0,"B1 logic. V: 0.945, SOC: 70.9%",0
2026-01-01T23:22:10Z,ISLAND,70.95484283625483,0.0,"B1 logic. V: 0.945, SOC: 70.9%",0
2026-01-01T23:22:15Z,ISLAND,70.9746345029215,0.0,"B1 logic. V: 0.945, SOC: 71.0%",0
2026-01-01T23:22:20Z,ISLAND,70.99442616958817,0.0,"B1 logic. V: 0.945, SOC: 71.0%",0
2026-01-01T23:22:25Z,ISLAND,71.01421783625483,0.0,"B1 logic. V: 0.945, SOC: 71.0%",0
2026-01-01T23:22:30Z,ISLAND,71.03400950292149,0.0,"B1 logic. V: 0.945, SOC: 71.0%",0
2026-01-01T23:22:35Z,ISLAND,71.05380116958816,0.0,"B1 logic. V: 0.945, SOC: 71.0%",0
2026-01-01T23:22:40Z,ISLAND,71.07359283625483,0.0,"B1 logic. V: 0.945, SOC: 71.1%",0
2026-01-01T23:22:45Z,ISLAND,71.0933845029215,0.0,"B1 logic. V: 0.945, SOC: 71.1%",0
2026-01-01T23:22:50Z,ISLAND,71.11317616958817,0.0,"B1 logic. V: 0.945, SOC: 71.1%",0
2026-01-01T23:22:55Z,ISLAND,71.13296783625482,0.0,"B1 logic. V: 0.945, SOC: 71.1%",0
2026-01-01T23:23:00Z,ISLAND,71.1527595029215,0.0,"B1 logic. V: 0.945, SOC: 71.1%",0
2026-01-01T23:23:05Z,ISLAND,71.17255116958816,0.0,"B1 logic. V: 0.945, SOC: 71.2%",0
2026-01-01T23:23:10Z,ISLAND,71.19234283625482,0.0,"B1 logic. V: 0.945, SOC: 71.2%",0
2026-01-01T23:23:15Z,ISLAND,71.2121345029215,0.0,"B1 logic. V: 0.945, SOC: 71.2%",0
2026-01-01T23:23:20Z,ISLAND,71.23192616958815,0.0,"B1 logic. V: 0.945, SOC: 71.2%",0
2026-01-01T23:23:25Z,ISLAND,71.25171783625483,0.0,"B1 logic. V: 0.945, SOC: 71.2%",0
2026-01-01T23:23:30Z,ISLAND,71.27150950292149,0.0,"B1 logic. V: 0.945, SOC: 71.3%",0
2026-01-01T23:23:35Z,ISLAND,71.29130116958817,0.0,"B1 logic. V: 0.945, SOC: 71.3%",0
2026-01-01T23:23:40Z,ISLAND,71.31109283625483,0.0,"B1 logic. V: 0.945, SOC: 71.3%",0
2026-01-01T23:23:45Z,ISLAND,71.33088450292149,0.0,"B1 logic. V: 0.945, SOC: 71.3%",0
2026-01-01T23:23:50Z,ISLAND,71.35067616958816,0.0,"B1 logic. V: 0.945, SOC: 71.3%",0
2026-01-01T23:23:55Z,ISLAND,71.37046783625482,0.0,"B1 logic. V: 0.945, SOC: 71.4%",0
2026-01-01T23:24:00Z,ISLAND,71.3902595029215,0.0,"B1 logic. V: 0.945, SOC: 71.4%",0
2026-01-01T23:24:05Z,ISLAND,71.41005116958816,0.0,"B1 logic. V: 0.946, SOC: 71.4%",0
2026-01-01T23:24:10Z,ISLAND,71.42984283625482,0.0,"B1 logic. V: 0.946, SOC: 71.4%",0
2026-01-01T23:24:15Z,ISLAND,71.44963450292148,0.0,"B1 logic. V: 0.946, SOC: 71.4%",0
2026-01-01T23:24:20Z,ISLAND,71.46942616958816,0.0,"B1 logic. V: 0.946, SOC: 71.4%",0
2026-01-01T23:24:25Z,ISLAND,71.48921783625482,0.0,"B1 logic. V: 0.946, SOC: 71.5%",0
2026-01-01T23:24:30Z,ISLAND,71.5090095029215,0.0,"B1 logic. V: 0.946, SOC: 71.5%",0
2026-01-01T23:24:35Z,ISLAND,71.52880116958815,0.0,"B1 logic. V: 0.946, SOC: 71.5%",0
2026-01-01T23:24:40Z,ISLAND,71.54859283625483,0.0,"B1 logic. V: 0.946, SOC: 71.5%",0
2026-01-01T23:24:45Z,ISLAND,71.56838450292149,0.0,"B1 logic. V: 0.946, SOC: 71.5%",0
2026-01-01T23:24:50Z,ISLAND,71.58817616958815,0.0,"B1 logic. V: 0.946, SOC: 71.6%",0
2026-01-01T23:24:55Z,ISLAND,71.60796783625483,0.0,"B1 logic. V: 0.946, SOC: 71.6%",0
2026-01-01T23:25:00Z,ISLAND,71.62775950292148,0.0,"B1 logic. V: 0.946, SOC: 71.6%",0
2026-01-01T23:25:05Z,ISLAND,71.64755116958816,0.0,"B1 logic. V: 0.946, SOC: 71.6%",0
2026-01-01T23:25:10Z,ISLAND,71.66734283625482,0.0,"B1 logic. V: 0.946, SOC: 71.6%",0
2026-01-01T23:25:15Z,ISLAND,71.6871345029215,0.0,"B1 logic. V: 0.946, SOC: 71.7%",0
2026-01-01T23:25:20Z,ISLAND,71.70692616958816,0.0,"B1 logic. V: 0.946, SOC: 71.7%",0
2026-01-01T23:25:25Z,ISLAND,71.72671783625482,0.0,"B1 logic. V: 0.946, SOC: 71.7%",0
2026-01-01T23:25:30Z,ISLAND,71.74650950292148,0.0,"B1 logic. V: 0.946, SOC: 71.7%",0
2026-01-01T23:25:35Z,ISLAND,71.76630116958816,0.0,"B1 logic. V: 0.946, SOC: 71.7%",0
2026-01-01T23:25:40Z,ISLAND,71.78609283625482,0.0,"B1 logic. V: 0.946, SOC: 71.8%",0
2026-01-01T23:25:45Z,ISLAND,71.80588450292149,0.0,"B1 logic. V: 0.946, SOC: 71.8%",0
2026-01-01T23:25:50Z,ISLAND,71.82567616958815,0.0,"B1 logic. V: 0.946, SOC: 71.8%",0
2026-01-01T23:25:55Z,ISLAND,71.84546783625481,0.0,"B1 logic. V: 0.946, SOC: 71.8%",0
2026-01-01T23:26:00Z,ISLAND,71.86525950292149,0.0,"B1 logic. V: 0.946, SOC: 71.8%",0
2026-01-01T23:26:05Z,ISLAND,71.88505116958815,0.0,"B1 logic. V: 0.946, SOC: 71.9%",0
2026-01-01T23:26:10Z,ISLAND,71.90484283625483,0.0,"B1 logic. V: 0.946, SOC: 71.9%",0
2026-01-01T23:26:15Z,ISLAND,71.92463450292148,0.0,"B1 logic. V: 0.946, SOC: 71.9%",0
2026-01-01T23:26:20Z,ISLAND,71.94442616958816,0.0,"B1 logic. V: 0.946, SOC: 71.9%",0
2026-01-01T23:26:25Z,ISLAND,71.96421783625482,0.0,"B1 logic. V: 0.946, SOC: 71.9%",0
2026-01-01T23:26:30Z,ISLAND,71.98400950292148,0.0,"B1 logic. V: 0.946, SOC: 72.0%",0
2026-01-01T23:26:35Z,ISLAND,72.00380116958816,0.0,"B1 logic. V: 0.946, SOC: 72.0%",0
2026-01-01T23:26:40Z,ISLAND,72.0235928362548,0.0,"B1 logic. V: 0.946, SOC: 72.0%",0
2026-01-01T23:26:45Z,ISLAND,72.04338450292148,0.0,"B1 logic. V: 0.946, SOC: 72.0%",0
2026-01-01T23:26:50Z,ISLAND,72.06317616958815,0.0,"B1 logic. V: 0.946, SOC: 72.0%",0
2026-01-01T23:26:55Z,ISLAND,72.08296783625482,0.0,"B1 logic. V: 0.946, SOC: 72.1%",0
2026-01-01T23:27:00Z,ISLAND,72.10275950292149,0.0,"B1 logic. V: 0.946, SOC: 72.1%",0
2026-01-01T23:27:05Z,ISLAND,72.12255116958815,0.0,"B1 logic. V: 0.946, SOC: 72.1%",0
2026-01-01T23:27:10Z,ISLAND,72.14234283625481,0.0,"B1 logic. V: 0.946, SOC: 72.1%",0
2026-01-01T23:27:15Z,ISLAND,72.16213450292148,0.0,"B1 logic. V: 0.946, SOC: 72.1%",0
2026-01-01T23:27:20Z,ISLAND,72.18192616958815,0.0,"B1 logic. V: 0.946, SOC: 72.2%",0
2026-01-01T23:27:25Z,ISLAND,72.20171783625482,0.0,"B1 logic. V: 0.946, SOC: 72.2%",0
2026-01-01T23:27:30Z,ISLAND,72.22150950292148,0.0,"B1 logic. V: 0.946, SOC: 72.2%",0
2026-01-01T23:27:35Z,ISLAND,72.24130116958814,0.0,"B1 logic. V: 0.946, SOC: 72.2%",0
2026-01-01T23:27:40Z,ISLAND,72.26109283625482,0.0,"B1 logic. V: 0.946, SOC: 72.2%",0
2026-01-01T23:27:45Z,ISLAND,72.28088450292148,0.0,"B1 logic. V: 0.946, SOC: 72.3%",0
2026-01-01T23:27:50Z,ISLAND,72.30067616958816,0.0,"B1 logic. V: 0.946, SOC: 72.3%",0
2026-01-01T23:27:55Z,ISLAND,72.3204678362548,0.0,"B1 logic. V: 0.946, SOC: 72.3%",0
2026-01-01T23:28:00Z,ISLAND,72.34025950292148,0.0,"B1 logic. V: 0.946, SOC: 72.3%",0
2026-01-01T23:28:05Z,ISLAND,72.36005116958815,0.0,"B1 logic. V: 0.947, SOC: 72.3%",0
2026-01-01T23:28:10Z,ISLAND,72.37984283625481,0.0,"B1 logic. V: 0.947, SOC: 72.4%",0
2026-01-01T23:28:15Z,ISLAND,72.39963450292149,0.0,"B1 logic. V: 0.947, SOC: 72.4%",0
2026-01-01T23:28:20Z,ISLAND,72.41942616958814,0.0,"B1 logic. V: 0.947, SOC: 72.4%",0
2026-01-01T23:28:25Z,ISLAND,72.43921783625481,0.0,"B1 logic. V: 0.947, SOC: 72.4%",0
2026-01-01T23:28:30Z,ISLAND,72.45900950292148,0.0,"B1 logic. V: 0.947, SOC: 72.4%",0
2026-01-01T23:28:35Z,ISLAND,72.47880116958815,0.0,"B1 logic. V: 0.947, SOC: 72.5%",0
2026-01-01T23:28:40Z,ISLAND,72.49859283625482,0.0,"B1 logic. V: 0.947, SOC: 72.5%",0
2026-01-01T23:28:45Z,ISLAND,72.51838450292148,0.0,"B1 logic. V: 0.947, SOC: 72.5%",0
2026-01-01T23:28:50Z,ISLAND,72.53817616958814,0.0,"B1 logic. V: 0.947, SOC: 72.5%",0
2026-01-01T23:28:55Z,ISLAND,72.55796783625482,0.0,"B1 logic. V: 0.947, SOC: 72.5%",0
2026-01-01T23:29:00Z,ISLAND,72.57775950292148,0.0,"B1 logic. V: 0.947, SOC: 72.6%",0
2026-01-01T23:29:05Z,ISLAND,72.59755116958814,0.0,"B1 logic. V: 0.947, SOC: 72.6%",0
2026-01-01T23:29:10Z,ISLAND,72.6173428362548,0.0,"B1 logic. V: 0.947, SOC: 72.6%",0
2026-01-01T23:29:15Z,ISLAND,72.63713450292147,0.0,"B1 logic. V: 0.947, SOC: 72.6%",0
2026-01-01T23:29:20Z,ISLAND,72.65692616958815,0.0,"B1 logic. V: 0.947, SOC: 72.6%",0
2026-01-01T23:29:25Z,ISLAND,72.67671783625481,0.0,"B1 logic. V: 0.947, SOC: 72.7%",0
2026-01-01T23:29:30Z,ISLAND,72.69650950292149,0.0,"B1 logic. V: 0.947, SOC: 72.7%",0
2026-01-01T23:29:35Z,ISLAND,72.71630116958814,0.0,"B1 logic. V: 0.947, SOC: 72.7%",0
2026-01-01T23:29:40Z,ISLAND,72.73609283625481,0.0,"B1 logic. V: 0.947, SOC: 72.7%",0
2026-01-01T23:29:45Z,ISLAND,72.75588450292148,0.0,"B1 logic. V: 0.947, SOC: 72.7%",0
2026-01-01T23:29:50Z,ISLAND,72.77567616958814,0.0,"B1 logic. V: 0.947, SOC: 72.8%",0
2026-01-01T23:29:55Z,ISLAND,72.79546783625482,0.0,"B1 logic. V: 0.947, SOC: 72.8%",0
2026-01-01T23:30:00Z,ISLAND,72.81525950292146,0.0,"B1 logic. V: 0.947, SOC: 72.8%",0
2026-01-01T23:30:05Z,ISLAND,72.83505116958814,0.0,"B1 logic. V: 0.947, SOC: 72.8%",0
2026-01-01T23:30:10Z,ISLAND,72.8548428362548,0.0,"B1 logic. V: 0.947, SOC: 72.8%",0
2026-01-01T23:30:15Z,ISLAND,72.87463450292148,0.0,"B1 logic. V: 0.947, SOC: 72.9%",0
2026-01-01T23:30:20Z,ISLAND,72.89442616958814,0.0,"B1 logic. V: 0.947, SOC: 72.9%",0
2026-01-01T23:30:25Z,ISLAND,72.9142178362548,0.0,"B1 logic. V: 0.947, SOC: 72.9%",0
2026-01-01T23:30:30Z,ISLAND,72.93400950292147,0.0,"B1 logic. V: 0.947, SOC: 72.9%",0
2026-01-01T23:30:35Z,ISLAND,72.95380116958813,0.0,"B1 logic. V: 0.947, SOC: 72.9%",0
2026-01-01T23:30:40Z,ISLAND,72.97359283625481,0.0,"B1 logic. V: 0.947, SOC: 73.0%",0
2026-01-01T23:30:45Z,ISLAND,72.99338450292147,0.0,"B1 logic. V: 0.947, SOC: 73.0%",0
2026-01-01T23:30:50Z,ISLAND,73.01317616958814,0.0,"B1 logic. V: 0.947, SOC: 73.0%",0
2026-01-01T23:30:55Z,ISLAND,73.0329678362548,0.0,"B1 logic. V: 0.947, SOC: 73.0%",0
2026-01-01T23:31:00Z,ISLAND,73.05275950292148,0.0,"B1 logic. V: 0.947, SOC: 73.0%",0
2026-01-01T23:31:05Z,ISLAND,73.07255116958814,0.0,"B1 logic. V: 0.948, SOC: 73.1%",0
2026-01-01T23:31:10Z,ISLAND,73.09234283625482,0.0,"B1 logic. V: 0.948, SOC: 73.1%",0
2026-01-01T23:31:15Z,ISLAND,73.11213450292146,0.0,"B1 logic. V: 0.948, SOC: 73.1%",0
2026-01-01T23:31:20Z,ISLAND,73.13192616958814,0.0,"B1 logic. V: 0.948, SOC: 73.1%",0
2026-01-01T23:31:25Z,ISLAND,73.1517178362548,0.0,"B1 logic. V: 0.948, SOC: 73.1%",0
2026-01-01T23:31:30Z,ISLAND,73.17150950292147,0.0,"B1 logic. V: 0.948, SOC: 73.2%",0
2026-01-01T23:31:35Z,ISLAND,73.19130116958814,0.0,"B1 logic. V: 0.948, SOC: 73.2%",0
2026-01-01T23:31:40Z,ISLAND,73.21109283625479,0.0,"B1 logic. V: 0.948, SOC: 73.2%",0
2026-01-01T23:31:45Z,ISLAND,73.23088450292147,0.0,"B1 logic. V: 0.948, SOC: 73.2%",0
2026-01-01T23:31:50Z,ISLAND,73.25067616958813,0.0,"B1 logic. V: 0.948, SOC: 73.2%",0
2026-01-01T23:31:55Z,ISLAND,73.27046783625481,0.0,"B1 logic. V: 0.948, SOC: 73.3%",0
2026-01-01T23:32:00Z,ISLAND,73.29025950292147,0.0,"B1 logic. V: 0.948, SOC: 73.3%",0
2026-01-01T23:32:05Z,ISLAND,73.31005116958814,0.0,"B1 logic. V: 0.948, SOC: 73.3%",0
2026-01-01T23:32:10Z,ISLAND,73.3298428362548,0.0,"B1 logic. V: 0.948, SOC: 73.3%",0
2026-01-01T23:32:15Z,ISLAND,73.34963450292148,0.0,"B1 logic. V: 0.948, SOC: 73.3%",0
2026-01-01T23:32:20Z,ISLAND,73.36942616958814,0.0,"B1 logic. V: 0.948, SOC: 73.3%",0
2026-01-01T23:32:25Z,ISLAND,73.3892178362548,0.0,"B1 logic. V: 0.948, SOC: 73.4%",0
2026-01-01T23:32:30Z,ISLAND,73.40900950292146,0.0,"B1 logic. V: 0.948, SOC: 73.4%",0
2026-01-01T23:32:35Z,ISLAND,73.42880116958813,0.0,"B1 logic. V: 0.948, SOC: 73.4%",0
2026-01-01T23:32:40Z,ISLAND,73.4485928362548,0.0,"B1 logic. V: 0.948, SOC: 73.4%",0
2026-01-01T23:32:45Z,ISLAND,73.46838450292147,0.0,"B1 logic. V: 0.948, SOC: 73.4%",0
2026-01-01T23:32:50Z,ISLAND,73.48817616958814,0.0,"B1 logic. V: 0.948, SOC: 73.5%",0
2026-01-01T23:32:55Z,ISLAND,73.50796783625479,0.0,"B1 logic. V: 0.948, SOC: 73.5%",0
2026-01-01T23:33:00Z,ISLAND,73.52775950292147,0.0,"B1 logic. V: 0.948, SOC: 73.5%",0
2026-01-01T23:33:05Z,ISLAND,73.54755116958813,0.0,"B1 logic. V: 0.948, SOC: 73.5%",0
2026-01-01T23:33:10Z,ISLAND,73.5673428362548,0.0,"B1 logic. V: 0.948, SOC: 73.5%",0
2026-01-01T23:33:15Z,ISLAND,73.58713450292147,0.0,"B1 logic. V: 0.948, SOC: 73.6%",0
2026-01-01T23:33:20Z,ISLAND,73.60692616958812,0.0,"B1 logic. V: 0.948, SOC: 73.6%",0
2026-01-01T23:33:25Z,ISLAND,73.6267178362548,0.0,"B1 logic. V: 0.948, SOC: 73.6%",0
2026-01-01T23:33:30Z,ISLAND,73.64650950292146,0.0,"B1 logic. V: 0.948, SOC: 73.6%",0
2026-01-01T23:33:35Z,ISLAND,73.66630116958814,0.0,"B1 logic. V: 0.948, SOC: 73.6%",0
2026-01-01T23:33:40Z,ISLAND,73.6860928362548,0.0,"B1 logic. V: 0.948, SOC: 73.7%",0
2026-01-01T23:33:45Z,ISLAND,73.70588450292146,0.0,"B1 logic. V: 0.948, SOC: 73.7%",0
2026-01-01T23:33:50Z,ISLAND,73.72567616958813,0.0,"B1 logic. V: 0.948, SOC: 73.7%",0
2026-01-01T23:33:55Z,ISLAND,73.74546783625479,0.0,"B1 logic. V: 0.948, SOC: 73.7%",0
2026-01-01T23:34:00Z,ISLAND,73.76525950292147,0.0,"B1 logic. V: 0.948, SOC: 73.7%",0
2026-01-01T23:34:05Z,ISLAND,73.78505116958813,0.0,"B1 logic. V: 0.948, SOC: 73.8%",0
2026-01-01T23:34:10Z,ISLAND,73.80484283625479,0.0,"B1 logic. V: 0.948, SOC: 73.8%",0
2026-01-01T23:34:15Z,ISLAND,73.82463450292146,0.0,"B1 logic. V: 0.948, SOC: 73.8%",0
2026-01-01T23:34:20Z,ISLAND,73.84442616958813,0.0,"B1 logic. V: 0.948, SOC: 73.8%",0
2026-01-01T23:34:25Z,ISLAND,73.8642178362548,0.0,"B1 logic. V: 0.948, SOC: 73.8%",0
2026-01-01T23:34:30Z,ISLAND,73.88400950292147,0.0,"B1 logic. V: 0.948, SOC: 73.9%",0
2026-01-01T23:34:35Z,ISLAND,73.90380116958812,0.0,"B1 logic. V: 0.948, SOC: 73.9%",0
2026-01-01T23:34:40Z,ISLAND,73.9235928362548,0.0,"B1 logic. V: 0.948, SOC: 73.9%",0
2026-01-01T23:34:45Z,ISLAND,73.94338450292146,0.0,"B1 logic. V: 0.948, SOC: 73.9%",0
2026-01-01T23:34:50Z,ISLAND,73.96317616958812,0.0,"B1 logic. V: 0.948, SOC: 73.9%",0
2026-01-01T23:34:55Z,ISLAND,73.9829678362548,0.0,"B1 logic. V: 0.948, SOC: 74.0%",0
2026-01-01T23:35:00Z,ISLAND,74.00275950292145,0.0,"B1 logic. V: 0.948, SOC: 74.0%",0
2026-01-01T23:35:05Z,ISLAND,74.02255116958813,0.0,"B1 logic. V: 0.949, SOC: 74.0%",0
2026-01-01T23:35:10Z,ISLAND,74.04234283625479,0.0,"B1 logic. V: 0.949, SOC: 74.0%",0
2026-01-01T23:35:15Z,ISLAND,74.06213450292147,0.0,"B1 logic. V: 0.949, SOC: 74.0%",0
2026-01-01T23:35:20Z,ISLAND,74.08192616958813,0.0,"B1 logic. V: 0.949, SOC: 74.1%",0
2026-01-01T23:35:25Z,ISLAND,74.10171783625479,0.0,"B1 logic. V: 0.949, SOC: 74.1%",0
2026-01-01T23:35:30Z,ISLAND,74.12150950292146,0.0,"B1 logic. V: 0.949, SOC: 74.1%",0
2026-01-01T23:35:35Z,ISLAND,74.14130116958813,0.0,"B1 logic. V: 0.949, SOC: 74.1%",0
2026-01-01T23:35:40Z,ISLAND,74.1610928362548,0.0,"B1 logic. V: 0.949, SOC: 74.1%",0
2026-01-01T23:35:45Z,ISLAND,74.18088450292146,0.0,"B1 logic. V: 0.949, SOC: 74.2%",0
2026-01-01T23:35:50Z,ISLAND,74.20067616958812,0.0,"B1 logic. V: 0.949, SOC: 74.2%",0
2026-01-01T23:35:55Z,ISLAND,74.22046783625478,0.0,"B1 logic. V: 0.949, SOC: 74.2%",0
2026-01-01T23:36:00Z,ISLAND,74.24025950292146,0.0,"B1 logic. V: 0.949, SOC: 74.2%",0
2026-01-01T23:36:05Z,ISLAND,74.26005116958812,0.0,"B1 logic. V: 0.949, SOC: 74.2%",0
2026-01-01T23:36:10Z,ISLAND,74.2798428362548,0.0,"B1 logic. V: 0.949, SOC: 74.3%",0
2026-01-01T23:36:15Z,ISLAND,74.29963450292145,0.0,"B1 logic. V: 0.949, SOC: 74.3%",0
2026-01-01T23:36:20Z,ISLAND,74.31942616958813,0.0,"B1 logic. V: 0.949, SOC: 74.3%",0
2026-01-01T23:36:25Z,ISLAND,74.33921783625479,0.0,"B1 logic. V: 0.949, SOC: 74.3%",0
2026-01-01T23:36:30Z,ISLAND,74.35900950292145,0.0,"B1 logic. V: 0.949, SOC: 74.3%",0
2026-01-01T23:36:35Z,ISLAND,74.37880116958813,0.0,"B1 logic. V: 0.949, SOC: 74.4%",0
2026-01-01T23:36:40Z,ISLAND,74.39859283625478,0.0,"B1 logic. V: 0.949, SOC: 74.4%",0
2026-01-01T23:36:45Z,ISLAND,74.41838450292146,0.0,"B1 logic. V: 0.949, SOC: 74.4%",0
2026-01-01T23:36:50Z,ISLAND,74.43817616958812,0.0,"B1 logic. V: 0.949, SOC: 74.4%",0
2026-01-01T23:36:55Z,ISLAND,74.4579678362548,0.0,"B1 logic. V: 0.949, SOC: 74.4%",0
2026-01-01T23:37:00Z,ISLAND,74.47775950292146,0.0,"B1 logic. V: 0.949, SOC: 74.5%",0
2026-01-01T23:37:05Z,ISLAND,74.49755116958812,0.0,"B1 logic. V: 0.949, SOC: 74.5%",0
2026-01-01T23:37:10Z,ISLAND,74.51734283625478,0.0,"B1 logic. V: 0.949, SOC: 74.5%",0
2026-01-01T23:37:15Z,ISLAND,74.53713450292145,0.0,"B1 logic. V: 0.949, SOC: 74.5%",0
2026-01-01T23:37:20Z,ISLAND,74.55692616958812,0.0,"B1 logic. V: 0.949, SOC: 74.5%",0
2026-01-01T23:37:25Z,ISLAND,74.57671783625479,0.0,"B1 logic. V: 0.949, SOC: 74.6%",0
2026-01-01T23:37:30Z,ISLAND,74.59650950292145,0.0,"B1 logic. V: 0.949, SOC: 74.6%",0
2026-01-01T23:37:35Z,ISLAND,74.61630116958811,0.0,"B1 logic. V: 0.949, SOC: 74.6%",0
2026-01-01T23:37:40Z,ISLAND,74.63609283625479,0.0,"B1 logic. V: 0.949, SOC: 74.6%",0
2026-01-01T23:37:45Z,ISLAND,74.65588450292145,0.0,"B1 logic. V: 0.949, SOC: 74.6%",0
2026-01-01T23:37:50Z,ISLAND,74.67567616958813,0.0,"B1 logic. V: 0.949, SOC: 74.7%",0
2026-01-01T23:37:55Z,ISLAND,74.69546783625478,0.0,"B1 logic. V: 0.949, SOC: 74.7%",0
2026-01-01T23:38:00Z,ISLAND,74.71525950292146,0.0,"B1 logic. V: 0.949, SOC: 74.7%",0
2026-01-01T23:38:05Z,ISLAND,74.73505116958812,0.0,"B1 logic. V: 0.949, SOC: 74.7%",0
2026-01-01T23:38:10Z,ISLAND,74.75484283625478,0.0,"B1 logic. V: 0.949, SOC: 74.7%",0
2026-01-01T23:38:15Z,ISLAND,74.77463450292146,0.0,"B1 logic. V: 0.949, SOC: 74.8%",0
2026-01-01T23:38:20Z,ISLAND,74.7944261695881,0.0,"B1 logic. V: 0.949, SOC: 74.8%",0
2026-01-01T23:38:25Z,ISLAND,74.81421783625478,0.0,"B1 logic. V: 0.949, SOC: 74.8%",0
2026-01-01T23:38:30Z,ISLAND,74.83400950292145,0.0,"B1 logic. V: 0.949, SOC: 74.8%",0
2026-01-01T23:38:35Z,ISLAND,74.85380116958812,0.0,"B1 logic. V: 0.949, SOC: 74.8%",0
2026-01-01T23:38:40Z,ISLAND,74.87359283625479,0.0,"B1 logic. V: 0.949, SOC: 74.9%",0
2026-01-01T23:38:45Z,ISLAND,74.89338450292145,0.0,"B1 logic. V: 0.949, SOC: 74.9%",0
2026-01-01T23:38:50Z,ISLAND,74.91317616958811,0.0,"B1 logic. V: 0.949, SOC: 74.9%",0
2026-01-01T23:38:55Z,ISLAND,74.93296783625479,0.0,"B1 logic. V: 0.949, SOC: 74.9%",0
2026-01-01T23:39:00Z,ISLAND,74.95275950292145,0.0,"B1 logic. V: 0.949, SOC: 74.9%",0
2026-01-01T23:39:05Z,ISLAND,74.97255116958812,0.0,"B1 logic. V: 0.950, SOC: 75.0%",0
2026-01-01T23:39:10Z,ISLAND,74.99234283625478,0.0,"B1 logic. V: 0.950, SOC: 75.0%",0
2026-01-01T23:39:15Z,ISLAND,75.01213450292144,0.0,"B1 logic. V: 0.950, SOC: 75.0%",0
2026-01-01T23:39:20Z,ISLAND,75.03192616958812,0.0,"B1 logic. V: 0.950, SOC: 75.0%",0
2026-01-01T23:39:25Z,ISLAND,75.05171783625478,0.0,"B1 logic. V: 0.950, SOC: 75.0%",0
2026-01-01T23:39:30Z,ISLAND,75.07150950292146,0.0,"B1 logic. V: 0.950, SOC: 75.1%",0
2026-01-01T23:39:35Z,ISLAND,75.0913011695881,0.0,"B1 logic. V: 0.950, SOC: 75.1%",0
2026-01-01T23:39:40Z,ISLAND,75.11109283625478,0.0,"B1 logic. V: 0.950, SOC: 75.1%",0
2026-01-01T23:39:45Z,ISLAND,75.13088450292145,0.0,"B1 logic. V: 0.950, SOC: 75.1%",0
2026-01-01T23:39:50Z,ISLAND,75.15067616958811,0.0,"B1 logic. V: 0.950, SOC: 75.1%",0
2026-01-01T23:39:55Z,ISLAND,75.17046783625479,0.0,"B1 logic. V: 0.950, SOC: 75.2%",0
2026-01-01T23:40:00Z,ISLAND,75.19025950292144,0.0,"B1 logic. V: 0.950, SOC: 75.2%",0
2026-01-01T23:40:05Z,ISLAND,75.21005116958811,0.0,"B1 logic. V: 0.950, SOC: 75.2%",0
2026-01-01T23:40:10Z,ISLAND,75.22984283625478,0.0,"B1 logic. V: 0.950, SOC: 75.2%",0
2026-01-01T23:40:15Z,ISLAND,75.24963450292145,0.0,"B1 logic. V: 0.950, SOC: 75.2%",0
2026-01-01T23:40:20Z,ISLAND,75.26942616958812,0.0,"B1 logic. V: 0.950, SOC: 75.2%",0
2026-01-01T23:40:25Z,ISLAND,75.28921783625478,0.0,"B1 logic. V: 0.950, SOC: 75.3%",0
2026-01-01T23:40:30Z,ISLAND,75.30900950292144,0.0,"B1 logic. V: 0.950, SOC: 75.3%",0
2026-01-01T23:40:35Z,ISLAND,75.3288011695881,0.0,"B1 logic. V: 0.950, SOC: 75.3%",0
2026-01-01T23:40:40Z,ISLAND,75.34859283625478,0.0,"B1 logic. V: 0.950, SOC: 75.3%",0
2026-01-01T23:40:45Z,ISLAND,75.36838450292144,0.0,"B1 logic. V: 0.950, SOC: 75.3%",0
2026-01-01T23:40:50Z,ISLAND,75.3881761695881,0.0,"B1 logic. V: 0.950, SOC: 75.4%",0
2026-01-01T23:40:55Z,ISLAND,75.40796783625477,0.0,"B1 logic. V: 0.950, SOC: 75.4%",0
2026-01-01T23:41:00Z,ISLAND,75.42775950292145,0.0,"B1 logic. V: 0.950, SOC: 75.4%",0
2026-01-01T23:41:05Z,ISLAND,75.44755116958811,0.0,"B1 logic. V: 0.950, SOC: 75.4%",0
2026-01-01T23:41:10Z,ISLAND,75.46734283625479,0.0,"B1 logic. V: 0.950, SOC: 75.4%",0
2026-01-01T23:41:15Z,ISLAND,75.48713450292144,0.0,"B1 logic. V: 0.950, SOC: 75.5%",0
2026-01-01T23:41:20Z,ISLAND,75.50692616958811,0.0,"B1 logic. V: 0.950, SOC: 75.5%",0
2026-01-01T23:41:25Z,ISLAND,75.52671783625478,0.0,"B1 logic. V: 0.950, SOC: 75.5%",0
2026-01-01T23:41:30Z,ISLAND,75.54650950292144,0.0,"B1 logic. V: 0.950, SOC: 75.5%",0
2026-01-01T23:41:35Z,ISLAND,75.56630116958812,0.0,"B1 logic. V: 0.950, SOC: 75.5%",0
2026-01-01T23:41:40Z,ISLAND,75.58609283625476,0.0,"B1 logic. V: 0.950, SOC: 75.6%",0
2026-01-01T23:41:45Z,ISLAND,75.60588450292144,0.0,"B1 logic. V: 0.950, SOC: 75.6%",0
2026-01-01T23:41:50Z,ISLAND,75.6256761695881,0.0,"B1 logic. V: 0.950, SOC: 75.6%",0
2026-01-01T23:41:55Z,ISLAND,75.64546783625478,0.0,"B1 logic. V: 0.950, SOC: 75.6%",0
2026-01-01T23:42:00Z,ISLAND,75.66525950292144,0.0,"B1 logic. V: 0.950, SOC: 75.6%",0
2026-01-01T23:42:05Z,ISLAND,75.6850511695881,0.0,"B1 logic. V: 0.951, SOC: 75.7%",0
2026-01-01T23:42:10Z,ISLAND,75.70484283625477,0.0,"B1 logic. V: 0.951, SOC: 75.7%",0
2026-01-01T23:42:15Z,ISLAND,75.72463450292145,0.0,"B1 logic. V: 0.951, SOC: 75.7%",0
2026-01-01T23:42:20Z,ISLAND,75.74442616958811,0.0,"B1 logic. V: 0.951, SOC: 75.7%",0
2026-01-01T23:42:25Z,ISLAND,75.76421783625477,0.0,"B1 logic. V: 0.951, SOC: 75.7%",0
2026-01-01T23:42:30Z,ISLAND,75.78400950292144,0.0,"B1 logic. V: 0.951, SOC: 75.8%",0
2026-01-01T23:42:35Z,ISLAND,75.8038011695881,0.0,"B1 logic. V: 0.951, SOC: 75.8%",0
2026-01-01T23:42:40Z,ISLAND,75.82359283625478,0.0,"B1 logic. V: 0.951, SOC: 75.8%",0
2026-01-01T23:42:45Z,ISLAND,75.84338450292144,0.0,"B1 logic. V: 0.951, SOC: 75.8%",0
2026-01-01T23:42:50Z,ISLAND,75.86317616958812,0.0,"B1 logic. V: 0.951, SOC: 75.8%",0
2026-01-01T23:42:55Z,ISLAND,75.88296783625476,0.0,"B1 logic. V: 0.951, SOC: 75.9%",0
2026-01-01T23:43:00Z,ISLAND,75.90275950292144,0.0,"B1 logic. V: 0.951, SOC: 75.9%",0
2026-01-01T23:43:05Z,ISLAND,75.9225511695881,0.0,"B1 logic. V: 0.951, SOC: 75.9%",0
2026-01-01T23:43:10Z,ISLAND,75.94234283625477,0.0,"B1 logic. V: 0.951, SOC: 75.9%",0
2026-01-01T23:43:15Z,ISLAND,75.96213450292144,0.0,"B1 logic. V: 0.951, SOC: 75.9%",0
2026-01-01T23:43:20Z,ISLAND,75.98192616958809,0.0,"B1 logic. V: 0.951, SOC: 76.0%",0
2026-01-01T23:43:25Z,ISLAND,76.00171783625477,0.0,"B1 logic. V: 0.951, SOC: 76.0%",0
2026-01-01T23:43:30Z,ISLAND,76.02150950292143,0.0,"B1 logic. V: 0.951, SOC: 76.0%",0
2026-01-01T23:43:35Z,ISLAND,76.04130116958811,0.0,"B1 logic. V: 0.951, SOC: 76.0%",0
2026-01-01T23:43:40Z,ISLAND,76.06109283625477,0.0,"B1 logic. V: 0.951, SOC: 76.0%",0
2026-01-01T23:43:45Z,ISLAND,76.08088450292144,0.0,"B1 logic. V: 0.951, SOC: 76.1%",0
2026-01-01T23:43:50Z,ISLAND,76.1006761695881,0.0,"B1 logic. V: 0.951, SOC: 76.1%",0
2026-01-01T23:43:55Z,ISLAND,76.12046783625476,0.0,"B1 logic. V: 0.951, SOC: 76.1%",0
2026-01-01T23:44:00Z,ISLAND,76.14025950292144,0.0,"B1 logic. V: 0.951, SOC: 76.1%",0
2026-01-01T23:44:05Z,ISLAND,76.1600511695881,0.0,"B1 logic. V: 0.951, SOC: 76.1%",0
2026-01-01T23:44:10Z,ISLAND,76.17984283625476,0.0,"B1 logic. V: 0.951, SOC: 76.2%",0
2026-01-01T23:44:15Z,ISLAND,76.19963450292143,0.0,"B1 logic. V: 0.951, SOC: 76.2%",0
2026-01-01T23:44:20Z,ISLAND,76.2194261695881,0.0,"B1 logic. V: 0.951, SOC: 76.2%",0
2026-01-01T23:44:25Z,ISLAND,76.23921783625477,0.0,"B1 logic. V: 0.951, SOC: 76.2%",0
2026-01-01T23:44:30Z,ISLAND,76.25900950292144,0.0,"B1 logic. V: 0.951, SOC: 76.2%",0
2026-01-01T23:44:35Z,ISLAND,76.27880116958809,0.0,"B1 logic. V: 0.951, SOC: 76.3%",0
2026-01-01T23:44:40Z,ISLAND,76.29859283625477,0.0,"B1 logic. V: 0.951, SOC: 76.3%",0
2026-01-01T23:44:45Z,ISLAND,76.31838450292143,0.0,"B1 logic. V: 0.951, SOC: 76.3%",0
2026-01-01T23:44:50Z,ISLAND,76.3381761695881,0.0,"B1 logic. V: 0.951, SOC: 76.3%",0
2026-01-01T23:44:55Z,ISLAND,76.35796783625477,0.0,"B1 logic. V: 0.951, SOC: 76.3%",0
2026-01-01T23:45:00Z,ISLAND,76.37775950292142,0.0,"B1 logic. V: 0.951, SOC: 76.4%",0
2026-01-01T23:45:05Z,ISLAND,76.3975511695881,0.0,"B1 logic. V: 0.951, SOC: 76.4%",0
2026-01-01T23:45:10Z,ISLAND,76.41734283625476,0.0,"B1 logic. V: 0.951, SOC: 76.4%",0
2026-01-01T23:45:15Z,ISLAND,76.43713450292144,0.0,"B1 logic. V: 0.951, SOC: 76.4%",0
2026-01-01T23:45:20Z,ISLAND,76.4569261695881,0.0,"B1 logic. V: 0.951, SOC: 76.4%",0
2026-01-01T23:45:25Z,ISLAND,76.47671783625476,0.0,"B1 logic. V: 0.951, SOC: 76.5%",0
2026-01-01T23:45:30Z,ISLAND,76.49650950292143,0.0,"B1 logic. V: 0.951, SOC: 76.5%",0
2026-01-01T23:45:35Z,ISLAND,76.5163011695881,0.0,"B1 logic. V: 0.951, SOC: 76.5%",0
2026-01-01T23:45:40Z,ISLAND,76.53609283625477,0.0,"B1 logic. V: 0.951, SOC: 76.5%",0
2026-01-01T23:45:45Z,ISLAND,76.55588450292143,0.0,"B1 logic. V: 0.951, SOC: 76.5%",0
2026-01-01T23:45:50Z,ISLAND,76.57567616958809,0.0,"B1 logic. V: 0.951, SOC: 76.6%",0
2026-01-01T23:45:55Z,ISLAND,76.59546783625476,0.0,"B1 logic. V: 0.951, SOC: 76.6%",0
2026-01-01T23:46:00Z,ISLAND,76.61525950292143,0.0,"B1 logic. V: 0.951, SOC: 76.6%",0
2026-01-01T23:46:05Z,ISLAND,76.6350511695881,0.0,"B1 logic. V: 0.952, SOC: 76.6%",0
2026-01-01T23:46:10Z,ISLAND,76.65484283625477,0.0,"B1 logic. V: 0.952, SOC: 76.6%",0
2026-01-01T23:46:15Z,ISLAND,76.67463450292142,0.0,"B1 logic. V: 0.952, SOC: 76.7%",0
2026-01-01T23:46:20Z,ISLAND,76.6944261695881,0.0,"B1 logic. V: 0.952, SOC: 76.7%",0
2026-01-01T23:46:25Z,ISLAND,76.71421783625476,0.0,"B1 logic. V: 0.952, SOC: 76.7%",0
2026-01-01T23:46:30Z,ISLAND,76.73400950292142,0.0,"B1 logic. V: 0.952, SOC: 76.7%",0
2026-01-01T23:46:35Z,ISLAND,76.7538011695881,0.0,"B1 logic. V: 0.952, SOC: 76.7%",0
2026-01-01T23:46:40Z,ISLAND,76.77359283625475,0.0,"B1 logic. V: 0.952, SOC: 76.8%",0
2026-01-01T23:46:45Z,ISLAND,76.79338450292143,0.0,"B1 logic. V: 0.952, SOC: 76.8%",0
2026-01-01T23:46:50Z,ISLAND,76.81317616958809,0.0,"B1 logic. V: 0.952, SOC: 76.8%",0
2026-01-01T23:46:55Z,ISLAND,76.83296783625477,0.0,"B1 logic. V: 0.952, SOC: 76.8%",0
2026-01-01T23:47:00Z,ISLAND,76.85275950292143,0.0,"B1 logic. V: 0.952, SOC: 76.8%",0
2026-01-01T23:47:05Z,ISLAND,76.87255116958809,0.0,"B1 logic. V: 0.952, SOC: 76.9%",0
2026-01-01T23:47:10Z,ISLAND,76.89234283625476,0.0,"B1 logic. V: 0.952, SOC: 76.9%",0
2026-01-01T23:47:15Z,ISLAND,76.91213450292142,0.0,"B1 logic. V: 0.952, SOC: 76.9%",0
2026-01-01T23:47:20Z,ISLAND,76.9319261695881,0.0,"B1 logic. V: 0.952, SOC: 76.9%",0
2026-01-01T23:47:25Z,ISLAND,76.95171783625476,0.0,"B1 logic. V: 0.952, SOC: 76.9%",0
2026-01-01T23:47:30Z,ISLAND,76.97150950292142,0.0,"B1 logic. V: 0.952, SOC: 77.0%",0
2026-01-01T23:47:35Z,ISLAND,76.99130116958808,0.0,"B1 logic. V: 0.952, SOC: 77.0%",0
2026-01-01T23:47:40Z,ISLAND,77.01109283625476,0.0,"B1 logic. V: 0.952, SOC: 77.0%",0
2026-01-01T23:47:45Z,ISLAND,77.03088450292142,0.0,"B1 logic. V: 0.952, SOC: 77.0%",0
2026-01-01T23:47:50Z,ISLAND,77.0506761695881,0.0,"B1 logic. V: 0.952, SOC: 77.0%",0
2026-01-01T23:47:55Z,ISLAND,77.07046783625475,0.0,"B1 logic. V: 0.952, SOC: 77.1%",0
2026-01-01T23:48:00Z,ISLAND,77.09025950292143,0.0,"B1 logic. V: 0.952, SOC: 77.1%",0
2026-01-01T23:48:05Z,ISLAND,77.11005116958809,0.0,"B1 logic. V: 0.952, SOC: 77.1%",0
2026-01-01T23:48:10Z,ISLAND,77.12984283625475,0.0,"B1 logic. V: 0.952, SOC: 77.1%",0
2026-01-01T23:48:15Z,ISLAND,77.14963450292143,0.0,"B1 logic. V: 0.952, SOC: 77.1%",0
2026-01-01T23:48:20Z,ISLAND,77.16942616958808,0.0,"B1 logic. V: 0.952, SOC: 77.1%",0
2026-01-01T23:48:25Z,ISLAND,77.18921783625476,0.0,"B1 logic. V: 0.952, SOC: 77.2%",0
2026-01-01T23:48:30Z,ISLAND,77.20900950292142,0.0,"B1 logic. V: 0.952, SOC: 77.2%",0
2026-01-01T23:48:35Z,ISLAND,77.2288011695881,0.0,"B1 logic. V: 0.952, SOC: 77.2%",0
2026-01-01T23:48:40Z,ISLAND,77.24859283625476,0.0,"B1 logic. V: 0.952, SOC: 77.2%",0
2026-01-01T23:48:45Z,ISLAND,77.26838450292142,0.0,"B1 logic. V: 0.952, SOC: 77.2%",0
2026-01-01T23:48:50Z,ISLAND,77.28817616958808,0.0,"B1 logic. V: 0.952, SOC: 77.3%",0
2026-01-01T23:48:55Z,ISLAND,77.30796783625476,0.0,"B1 logic. V: 0.952, SOC: 77.3%",0
2026-01-01T23:49:00Z,ISLAND,77.32775950292142,0.0,"B1 logic. V: 0.952, SOC: 77.3%",0
2026-01-01T23:49:05Z,ISLAND,77.34755116958809,0.0,"B1 logic. V: 0.952, SOC: 77.3%",0
2026-01-01T23:49:10Z,ISLAND,77.36734283625475,0.0,"B1 logic. V: 0.952, SOC: 77.3%",0
2026-01-01T23:49:15Z,ISLAND,77.38713450292141,0.0,"B1 logic. V: 0.952, SOC: 77.4%",0
2026-01-01T23:49:20Z,ISLAND,77.40692616958809,0.0,"B1 logic. V: 0.952, SOC: 77.4%",0
2026-01-01T23:49:25Z,ISLAND,77.42671783625475,0.0,"B1 logic. V: 0.952, SOC: 77.4%",0
2026-01-01T23:49:30Z,ISLAND,77.44650950292143,0.0,"B1 logic. V: 0.952, SOC: 77.4%",0
2026-01-01T23:49:35Z,ISLAND,77.46630116958808,0.0,"B1 logic. V: 0.952, SOC: 77.4%",0
2026-01-01T23:49:40Z,ISLAND,77.48609283625476,0.0,"B1 logic. V: 0.952, SOC: 77.5%",0
2026-01-01T23:49:45Z,ISLAND,77.50588450292142,0.0,"B1 logic. V: 0.952, SOC: 77.5%",0
2026-01-01T23:49:50Z,ISLAND,77.52567616958808,0.0,"B1 logic. V: 0.952, SOC: 77.5%",0
2026-01-01T23:49:55Z,ISLAND,77.54546783625476,0.0,"B1 logic. V: 0.952, SOC: 77.5%",0
2026-01-01T23:50:00Z,ISLAND,77.5652595029214,0.0,"B1 logic. V: 0.952, SOC: 77.5%",0
2026-01-01T23:50:05Z,ISLAND,77.58505116958808,0.0,"B1 logic. V: 0.953, SOC: 77.6%",0
2026-01-01T23:50:10Z,ISLAND,77.60484283625475,0.0,"B1 logic. V: 0.953, SOC: 77.6%",0
2026-01-01T23:50:15Z,ISLAND,77.62463450292142,0.0,"B1 logic. V: 0.953, SOC: 77.6%",0
2026-01-01T23:50:20Z,ISLAND,77.64442616958809,0.0,"B1 logic. V: 0.953, SOC: 77.6%",0
2026-01-01T23:50:25Z,ISLAND,77.66421783625475,0.0,"B1 logic. V: 0.953, SOC: 77.6%",0
2026-01-01T23:50:30Z,ISLAND,77.68400950292141,0.0,"B1 logic. V: 0.953, SOC: 77.7%",0
2026-01-01T23:50:35Z,ISLAND,77.70380116958808,0.0,"B1 logic. V: 0.953, SOC: 77.7%",0
2026-01-01T23:50:40Z,ISLAND,77.72359283625475,0.0,"B1 logic. V: 0.953, SOC: 77.7%",0
2026-01-01T23:50:45Z,ISLAND,77.74338450292142,0.0,"B1 logic. V: 0.953, SOC: 77.7%",0
2026-01-01T23:50:50Z,ISLAND,77.76317616958808,0.0,"B1 logic. V: 0.953, SOC: 77.7%",0
2026-01-01T23:50:55Z,ISLAND,77.78296783625474,0.0,"B1 logic. V: 0.953, SOC: 77.8%",0
2026-01-01T23:51:00Z,ISLAND,77.80275950292142,0.0,"B1 logic. V: 0.953, SOC: 77.8%",0
2026-01-01T23:51:05Z,ISLAND,77.82255116958808,0.0,"B1 logic. V: 0.953, SOC: 77.8%",0
2026-01-01T23:51:10Z,ISLAND,77.84234283625476,0.0,"B1 logic. V: 0.953, SOC: 77.8%",0
2026-01-01T23:51:15Z,ISLAND,77.8621345029214,0.0,"B1 logic. V: 0.953, SOC: 77.8%",0
2026-01-01T23:51:20Z,ISLAND,77.88192616958808,0.0,"B1 logic. V: 0.953, SOC: 77.9%",0
2026-01-01T23:51:25Z,ISLAND,77.90171783625475,0.0,"B1 logic. V: 0.953, SOC: 77.9%",0
2026-01-01T23:51:30Z,ISLAND,77.92150950292141,0.0,"B1 logic. V: 0.953, SOC: 77.9%",0
2026-01-01T23:51:35Z,ISLAND,77.94130116958809,0.0,"B1 logic. V: 0.953, SOC: 77.9%",0
2026-01-01T23:51:40Z,ISLAND,77.96109283625474,0.0,"B1 logic. V: 0.953, SOC: 77.9%",0
2026-01-01T23:51:45Z,ISLAND,77.98088450292141,0.0,"B1 logic. V: 0.953, SOC: 78.0%",0
2026-01-01T23:51:50Z,ISLAND,78.00067616958808,0.0,"B1 logic. V: 0.953, SOC: 78.0%",0
2026-01-01T23:51:55Z,ISLAND,78.02046783625475,0.0,"B1 logic. V: 0.953, SOC: 78.0%",0
2026-01-01T23:52:00Z,ISLAND,78.04025950292142,0.0,"B1 logic. V: 0.953, SOC: 78.0%",0
2026-01-01T23:52:05Z,ISLAND,78.06005116958808,0.0,"B1 logic. V: 0.953, SOC: 78.0%",0
2026-01-01T23:52:10Z,ISLAND,78.07984283625474,0.0,"B1 logic. V: 0.953, SOC: 78.1%",0
2026-01-01T23:52:15Z,ISLAND,78.09963450292142,0.0,"B1 logic. V: 0.953, SOC: 78.1%",0
2026-01-01T23:52:20Z,ISLAND,78.11942616958808,0.0,"B1 logic. V: 0.953, SOC: 78.1%",0
2026-01-01T23:52:25Z,ISLAND,78.13921783625474,0.0,"B1 logic. V: 0.953, SOC: 78.1%",0
2026-01-01T23:52:30Z,ISLAND,78.1590095029214,0.0,"B1 logic. V: 0.953, SOC: 78.1%",0
2026-01-01T23:52:35Z,ISLAND,78.17880116958807,0.0,"B1 logic. V: 0.953, SOC: 78.2%",0
2026-01-01T23:52:40Z,ISLAND,78.19859283625475,0.0,"B1 logic. V: 0.953, SOC: 78.2%",0
2026-01-01T23:52:45Z,ISLAND,78.21838450292141,0.0,"B1 logic. V: 0.953, SOC: 78.2%",0
2026-01-01T23:52:50Z,ISLAND,78.23817616958809,0.0,"B1 logic. V: 0.953, SOC: 78.2%",0
2026-01-01T23:52:55Z,ISLAND,78.25796783625474,0.0,"B1 logic. V: 0.953, SOC: 78.2%",0
2026-01-01T23:53:00Z,ISLAND,78.27775950292141,0.0,"B1 logic. V: 0.953, SOC: 78.3%",0
2026-01-01T23:53:05Z,ISLAND,78.29755116958808,0.0,"B1 logic. V: 0.953, SOC: 78.3%",0
2026-01-01T23:53:10Z,ISLAND,78.31734283625474,0.0,"B1 logic. V: 0.953, SOC: 78.3%",0
2026-01-01T23:53:15Z,ISLAND,78.33713450292142,0.0,"B1 logic. V: 0.953, SOC: 78.3%",0
2026-01-01T23:53:20Z,ISLAND,78.35692616958806,0.0,"B1 logic. V: 0.953, SOC: 78.3%",0
2026-01-01T23:53:25Z,ISLAND,78.37671783625474,0.0,"B1 logic. V: 0.953, SOC: 78.4%",0
2026-01-01T23:53:30Z,ISLAND,78.3965095029214,0.0,"B1 logic. V: 0.953, SOC: 78.4%",0
2026-01-01T23:53:35Z,ISLAND,78.41630116958808,0.0,"B1 logic. V: 0.953, SOC: 78.4%",0
2026-01-01T23:53:40Z,ISLAND,78.43609283625474,0.0,"B1 logic. V: 0.953, SOC: 78.4%",0
2026-01-01T23:53:45Z,ISLAND,78.4558845029214,0.0,"B1 logic. V: 0.953, SOC: 78.4%",0
2026-01-01T23:53:50Z,ISLAND,78.47567616958807,0.0,"B1 logic. V: 0.953, SOC: 78.5%",0
2026-01-01T23:53:55Z,ISLAND,78.49546783625473,0.0,"B1 logic. V: 0.953, SOC: 78.5%",0
2026-01-01T23:54:00Z,ISLAND,78.51525950292141,0.0,"B1 logic. V: 0.953, SOC: 78.5%",0
2026-01-01T23:54:05Z,ISLAND,78.53505116958807,0.0,"B1 logic. V: 0.953, SOC: 78.5%",0
2026-01-01T23:54:10Z,ISLAND,78.55484283625474,0.0,"B1 logic. V: 0.953, SOC: 78.5%",0
2026-01-01T23:54:15Z,ISLAND,78.5746345029214,0.0,"B1 logic. V: 0.953, SOC: 78.6%",0
2026-01-01T23:54:20Z,ISLAND,78.59442616958808,0.0,"B1 logic. V: 0.953, SOC: 78.6%",0
2026-01-01T23:54:25Z,ISLAND,78.61421783625474,0.0,"B1 logic. V: 0.953, SOC: 78.6%",0
2026-01-01T23:54:30Z,ISLAND,78.63400950292142,0.0,"B1 logic. V: 0.953, SOC: 78.6%",0
2026-01-01T23:54:35Z,ISLAND,78.65380116958806,0.0,"B1 logic. V: 0.953, SOC: 78.6%",0
2026-01-01T23:54:40Z,ISLAND,78.67359283625474,0.0,"B1 logic. V: 0.953, SOC: 78.7%",0
2026-01-01T23:54:45Z,ISLAND,78.6933845029214,0.0,"B1 logic. V: 0.953, SOC: 78.7%",0
2026-01-01T23:54:50Z,ISLAND,78.71317616958807,0.0,"B1 logic. V: 0.953, SOC: 78.7%",0
2026-01-01T23:54:55Z,ISLAND,78.73296783625474,0.0,"B1 logic. V: 0.953, SOC: 78.7%",0
2026-01-01T23:55:00Z,ISLAND,78.75275950292139,0.0,"B1 logic. V: 0.953, SOC: 78.7%",0
2026-01-01T23:55:05Z,ISLAND,78.77255116958807,0.0,"B1 logic. V: 0.954, SOC: 78.8%",0
2026-01-01T23:55:10Z,ISLAND,78.79234283625473,0.0,"B1 logic. V: 0.954, SOC: 78.8%",0
2026-01-01T23:55:15Z,ISLAND,78.81213450292141,0.0,"B1 logic. V: 0.954, SOC: 78.8%",0
2026-01-01T23:55:20Z,ISLAND,78.83192616958807,0.0,"B1 logic. V: 0.954, SOC: 78.8%",0
2026-01-01T23:55:25Z,ISLAND,78.85171783625474,0.0,"B1 logic. V: 0.954, SOC: 78.8%",0
2026-01-01T23:55:30Z,ISLAND,78.8715095029214,0.0,"B1 logic. V: 0.954, SOC: 78.9%",0
2026-01-01T23:55:35Z,ISLAND,78.89130116958808,0.0,"B1 logic. V: 0.954, SOC: 78.9%",0
2026-01-01T23:55:40Z,ISLAND,78.91109283625474,0.0,"B1 logic. V: 0.954, SOC: 78.9%",0
2026-01-01T23:55:45Z,ISLAND,78.9308845029214,0.0,"B1 logic. V: 0.954, SOC: 78.9%",0
2026-01-01T23:55:50Z,ISLAND,78.95067616958806,0.0,"B1 logic. V: 0.954, SOC: 78.9%",0
2026-01-01T23:55:55Z,ISLAND,78.97046783625473,0.0,"B1 logic. V: 0.954, SOC: 79.0%",0
2026-01-01T23:56:00Z,ISLAND,78.9902595029214,0.0,"B1 logic. V: 0.954, SOC: 79.0%",0
2026-01-01T23:56:05Z,ISLAND,79.01005116958807,0.0,"B1 logic. V: 0.954, SOC: 79.0%",0
2026-01-01T23:56:10Z,ISLAND,79.02984283625474,0.0,"B1 logic. V: 0.954, SOC: 79.0%",0
2026-01-01T23:56:15Z,ISLAND,79.04963450292139,0.0,"B1 logic. V: 0.954, SOC: 79.0%",0
2026-01-01T23:56:20Z,ISLAND,79.06942616958807,0.0,"B1 logic. V: 0.954, SOC: 79.0%",0
2026-01-01T23:56:25Z,ISLAND,79.08921783625473,0.0,"B1 logic. V: 0.954, SOC: 79.1%",0
2026-01-01T23:56:30Z,ISLAND,79.1090095029214,0.0,"B1 logic. V: 0.954, SOC: 79.1%",0
2026-01-01T23:56:35Z,ISLAND,79.12880116958807,0.0,"B1 logic. V: 0.954, SOC: 79.1%",0
2026-01-01T23:56:40Z,ISLAND,79.14859283625472,0.0,"B1 logic. V: 0.954, SOC: 79.1%",0
2026-01-01T23:56:45Z,ISLAND,79.1683845029214,0.0,"B1 logic. V: 0.954, SOC: 79.1%",0
2026-01-01T23:56:50Z,ISLAND,79.18817616958806,0.0,"B1 logic. V: 0.954, SOC: 79.2%",0
2026-01-01T23:56:55Z,ISLAND,79.20796783625474,0.0,"B1 logic. V: 0.954, SOC: 79.2%",0
2026-01-01T23:57:00Z,ISLAND,79.2277595029214,0.0,"B1 logic. V: 0.954, SOC: 79.2%",0
2026-01-01T23:57:05Z,ISLAND,79.24755116958806,0.0,"B1 logic. V: 0.954, SOC: 79.2%",0
2026-01-01T23:57:10Z,ISLAND,79.26734283625473,0.0,"B1 logic. V: 0.954, SOC: 79.2%",0
2026-01-01T23:57:15Z,ISLAND,79.28713450292139,0.0,"B1 logic. V: 0.954, SOC: 79.3%",0
2026-01-01T23:57:20Z,ISLAND,79.30692616958807,0.0,"B1 logic. V: 0.954, SOC: 79.3%",0
2026-01-01T23:57:25Z,ISLAND,79.32671783625473,0.0,"B1 logic. V: 0.954, SOC: 79.3%",0
2026-01-01T23:57:30Z,ISLAND,79.34650950292139,0.0,"B1 logic. V: 0.954, SOC: 79.3%",0
2026-01-01T23:57:35Z,ISLAND,79.36630116958806,0.0,"B1 logic. V: 0.954, SOC: 79.3%",0
2026-01-01T23:57:40Z,ISLAND,79.38609283625473,0.0,"B1 logic. V: 0.954, SOC: 79.4%",0
2026-01-01T23:57:45Z,ISLAND,79.4058845029214,0.0,"B1 logic. V: 0.954, SOC: 79.4%",0
2026-01-01T23:57:50Z,ISLAND,79.42567616958807,0.0,"B1 logic. V: 0.954, SOC: 79.4%",0
2026-01-01T23:57:55Z,ISLAND,79.44546783625472,0.0,"B1 logic. V: 0.954, SOC: 79.4%",0
2026-01-01T23:58:00Z,ISLAND,79.4652595029214,0.0,"B1 logic. V: 0.954, SOC: 79.4%",0
2026-01-01T23:58:05Z,ISLAND,79.48505116958806,0.0,"B1 logic. V: 0.954, SOC: 79.5%",0
2026-01-01T23:58:10Z,ISLAND,79.50484283625472,0.0,"B1 logic. V: 0.954, SOC: 79.5%",0
2026-01-01T23:58:15Z,ISLAND,79.5246345029214,0.0,"B1 logic. V: 0.954, SOC: 79.5%",0
2026-01-01T23:58:20Z,ISLAND,79.54442616958805,0.0,"B1 logic. V: 0.954, SOC: 79.5%",0
2026-01-01T23:58:25Z,ISLAND,79.56421783625473,0.0,"B1 logic. V: 0.954, SOC: 79.5%",0
2026-01-01T23:58:30Z,ISLAND,79.58400950292139,0.0,"B1 logic. V: 0.954, SOC: 79.6%",0
2026-01-01T23:58:35Z,ISLAND,79.60380116958807,0.0,"B1 logic. V: 0.954, SOC: 79.6%",0
2026-01-01T23:58:40Z,ISLAND,79.62359283625473,0.0,"B1 logic. V: 0.954, SOC: 79.6%",0
2026-01-01T23:58:45Z,ISLAND,79.64338450292139,0.0,"B1 logic. V: 0.954, SOC: 79.6%",0
2026-01-01T23:58:50Z,ISLAND,79.66317616958806,0.0,"B1 logic. V: 0.954, SOC: 79.6%",0
2026-01-01T23:58:55Z,ISLAND,79.68296783625473,0.0,"B1 logic. V: 0.954, SOC: 79.7%",0
2026-01-01T23:59:00Z,ISLAND,79.7027595029214,0.0,"B1 logic. V: 0.954, SOC: 79.7%",0
2026-01-01T23:59:05Z,ISLAND,79.72255116958806,0.0,"B1 logic. V: 0.955, SOC: 79.7%",0
2026-01-01T23:59:10Z,ISLAND,79.74234283625472,0.0,"B1 logic. V: 0.955, SOC: 79.7%",0
2026-01-01T23:59:15Z,ISLAND,79.76213450292138,0.0,"B1 logic. V: 0.955, SOC: 79.7%",0
2026-01-01T23:59:20Z,ISLAND,79.78192616958806,0.0,"B1 logic. V: 0.955, SOC: 79.8%",0
2026-01-01T23:59:25Z,ISLAND,79.80171783625472,0.0,"B1 logic. V: 0.955, SOC: 79.8%",0
2026-01-01T23:59:30Z,ISLAND,79.8215095029214,0.0,"B1 logic. V: 0.955, SOC: 79.8%",0
2026-01-01T23:59:35Z,ISLAND,79.84130116958805,0.0,"B1 logic. V: 0.955, SOC: 79.8%",0
2026-01-01T23:59:40Z,ISLAND,79.86109283625473,0.0,"B1 logic. V: 0.955, SOC: 79.8%",0
2026-01-01T23:59:45Z,ISLAND,79.88088450292139,0.0,"B1 logic. V: 0.955, SOC: 79.9%",0
2026-01-01T23:59:50Z,ISLAND,79.90067616958805,0.0,"B1 logic. V: 0.955, SOC: 79.9%",0
2026-01-01T23:59:55Z,ISLAND,79.92046783625473,0.0,"B1 logic. V: 0.955, SOC: 79.9%",0
