time,mode,soc,shadow_esh,thresholds,pre_peak
2026-01-01T12:00:00Z,GRID_PASS,100.0,0.0,"Baseline UPS logic. V: 1.000, SOC: 100.0%",0
2026-01-01T12:00:05Z,GRID_PASS,100.0,0.0,"Baseline UPS logic. V: 0.982, SOC: 100.0%",0
2026-01-01T12:00:10Z,ISLAND,100.0,0.0,"Baseline UPS logic. V: 0.915, SOC: 100.0%",0
2026-01-01T12:00:15Z,GRID_PASS,100.0,0.0,"Baseline UPS logic. V: 1.005, SOC: 100.0%",0
2026-01-01T12:00:20Z,GRID_PASS,100.0,0.0,"Baseline UPS logic. V: 1.014, SOC: 100.0%",0
2026-01-01T12:00:25Z,ISLAND,100.0,0.0,"Baseline UPS logic. V: 0.870, SOC: 100.0%",0
2026-01-01T12:00:30Z,ISLAND,100.0,0.0,"Baseline UPS logic. V: 0.902, SOC: 100.0%",0
2026-01-01T12:00:35Z,GRID_PASS,100.0,0.0,"Baseline UPS logic. V: 0.973, SOC: 100.0%",0
2026-01-01T12:00:40Z,GRID_PASS,100.0,0.0,"Baseline UPS logic. V: 0.951, SOC: 100.0%",0
2026-01-01T12:00:45Z,GRID_PASS,100.0,0.0,"Baseline UPS logic. V: 0.966, SOC: 100.0%",0
2026-01-01T12:00:50Z,ISLAND,100.0,0.0,"Baseline UPS logic. V: 0.925, SOC: 100.0%",0
2026-01-01T12:00:55Z,GRID_PASS,100.0,0.0,"Baseline UPS logic. V: 1.011, SOC: 100.0%",0
2026-01-01T12:01:00Z,GRID_PASS,100.0,0.0,"Baseline UPS logic. V: 1.006, SOC: 100.0%",0
2026-01-01T12:01:05Z,GRID_PASS,100.0,0.0,"Baseline UPS logic. V: 0.970, SOC: 100.0%",0
2026-01-01T12:01:10Z,GRID_PASS,100.0,0.0,"Baseline UPS logic. V: 1.024, SOC: 100.0%",0
2026-01-01T12:01:15Z,GRID_PASS,100.0,0.0,"Baseline UPS logic. V: 0.991, SOC: 100.0%",0
2026-01-01T12:01:20Z,ISLAND,100.0,0.0,"Baseline UPS logic. V: 0.924, SOC: 100.0%",0
2026-01-01T12:01:25Z,GRID_PASS,100.0,0.0,"Baseline UPS logic. V: 0.986, SOC: 100.0%",0
2026-01-01T12:01:30Z,ISLAND,100.0,0.0,"Baseline UPS logic. V: 0.919, SOC: 100.0%",0
2026-01-01T12:01:35Z,GRID_PASS,100.0,0.0,"Baseline UPS logic. V: 1.011, SOC: 100.0%",0
2026-01-01T12:01:40Z,GRID_PASS,100.0,0.0,"Baseline UPS logic. V: 0.964, SOC: 100.0%",0
2026-01-01T12:01:45Z,GRID_PASS,100.0,0.0,"Baseline UPS logic. V: 0.958, SOC: 100.0%",0
2026-01-01T12:01:50Z,ISLAND,100.0,0.0,"Baseline UPS logic. V: 0.933, SOC: 100.0%",0
2026-01-01T12:01:55Z,GRID_PASS,100.0,0.0,"Baseline UPS logic. V: 1.028, SOC: 100.0%",0
2026-01-01T12:02:00Z,GRID_PASS,100.0,0.0,"Baseline UPS logic. V: 0.959, SOC: 100.0%",0
2026-01-01T12:02:05Z,GRID_PASS,100.0,0.0,"Baseline UPS logic. V: 0.946, SOC: 100.0%",0
2026-01-01T12:02:10Z,GRID_PASS,100.0,0.0,"Baseline UPS logic. V: 0.950, SOC: 100.0%",0
2026-01-01T12:02:15Z,GRID_PASS,100.0,0.0,"Baseline UPS logic. V: 0.994, SOC: 100.0%",0
2026-01-01T12:02:20Z,GRID_PASS,100.0,0.0,"Baseline UPS logic. V: 0.985, SOC: 100.0%",0
2026-01-01T12:02:25Z,GRID_PASS,100.0,0.0,"Baseline UPS logic. V: 0.988, SOC: 100.0%",0
2026-01-01T12:02:30Z,GRID_PASS,100.0,0.0,"Baseline UPS logic. V: 0.989, SOC: 100.0%",0
2026-01-01T12:02:35Z,GRID_PASS,100.0,0.0,"Baseline UPS logic. V: 1.074, SOC: 100.0%",0
2026-01-01T12:02:40Z,GRID_PASS,100.0,0.0,"Baseline UPS logic. V: 0.947, SOC: 100.0%",0
2026-01-01T12:02:45Z,GRID_PASS,100.0,0.0,"Baseline UPS logic. V: 0.942, SOC: 100.0%",0
2026-01-01T12:02:50Z,ISLAND,100.0,0.0,"Baseline UPS logic. V: 0.927, SOC: 100.0%",0
2026-01-01T12:02:55Z,GRID_PASS,100.0,0.0,"Baseline UPS logic. V: 0.998, SOC: 100.0%",0
2026-01-01T12:03:00Z,GRID_PASS,100.0,0.0,"Baseline UPS logic. V: 1.023, SOC: 100.0%",0
2026-01-01T12:03:05Z,GRID_PASS,100.0,0.0,"Baseline UPS logic. V: 0.961, SOC: 100.0%",0
2026-01-01T12:03:10Z,ISLAND,100.0,0.0,"Baseline UPS logic. V: 0.925, SOC: 100.0%",0
2026-01-01T12:03:15Z,ISLAND,100.0,0.0,"Baseline UPS logic. V: 0.926, SOC: 100.0%",0
2026-01-01T12:03:20Z,GRID_PASS,100.0,0.0,"Baseline UPS logic. V: 1.000, SOC: 100.0%",0
2026-01-01T12:03:25Z,GRID_PASS,100.0,0.0,"Baseline UPS logic. V: 1.004, SOC: 100.0%",0
2026-01-01T12:03:30Z,GRID_PASS,100.0,0.0,"Baseline UPS logic. V: 0.994, SOC: 100.0%",0
2026-01-01T12:03:35Z,ISLAND,100.0,0.0,"Baseline UPS logic. V: 0.934, SOC: 100.0%",0
2026-01-01T12:03:40Z,GRID_PASS,100.0,0.0,"Baseline UPS logic. V: 0.979, SOC: 100.0%",0
2026-01-01T12:03:45Z,GRID_PASS,100.0,0.0,"Baseline UPS logic. V: 0.973, SOC: 100.0%",0
2026-01-01T12:03:50Z,GRID_PASS,100.0,0.0,"Baseline UPS logic. V: 0.978, SOC: 100.0%",0
2026-01-01T12:03:55Z,GRID_PASS,100.0,0.0,"Baseline UPS logic. V: 1.011, SOC: 100.0%",0
2026-01-01T12:04:00Z,GRID_PASS,100.0,0.0,"Baseline UPS logic. V: 0.978, SOC: 100.0%",0
2026-01-01T12:04:05Z,GRID_PASS,100.0,0.0,"Baseline UPS logic. V: 1.001, SOC: 100.0%",0
2026-01-01T12:04:10Z,GRID_PASS,100.0,0.0,"Baseline UPS logic. V: 0.971, SOC: 100.0%",0
2026-01-01T12:04:15Z,GRID_PASS,100.0,0.0,"Baseline UPS logic. V: 0.982, SOC: 100.0%",0
2026-01-01T12:04:20Z,GRID_PASS,100.0,0.0,"Baseline UPS logic. V: 0.999, SOC: 100.0%",0
2026-01-01T12:04:25Z,ISLAND,100.0,0.0,"Baseline UPS logic. V: 0.894, SOC: 100.0%",0
2026-01-01T12:04:30Z,GRID_PASS,100.0,0.0,"Baseline UPS logic. V: 0.951, SOC: 100.0%",0
2026-01-01T12:04:35Z,GRID_PASS,100.0,0.0,"Baseline UPS logic. V: 0.943, SOC: 100.0%",0
2026-01-01T12:04:40Z,ISLAND,100.0,0.0,"Baseline UPS logic. V: 0.935, SOC: 100.0%",0
2026-01-01T12:04:45Z,GRID_PASS,100.0,0.0,"Baseline UPS logic. V: 0.953, SOC: 100.0%",0
2026-01-01T12:04:50Z,GRID_PASS,100.0,0.0,"Baseline UPS logic. V: 1.042, SOC: 100.0%",0
2026-01-01T12:04:55Z,ISLAND,100.0,0.0,"Baseline UPS logic. V: 0.924, SOC: 100.0%",0
2026-01-01T12:05:00Z,GRID_PASS,100.0,0.0,"Baseline UPS logic. V: 1.016, SOC: 100.0%",0
2026-01-01T12:05:05Z,ISLAND,100.0,0.0,"Baseline UPS logic. V: 0.883, SOC: 100.0%",0
2026-01-01T12:05:10Z,GRID_PASS,100.0,0.0,"Baseline UPS logic. V: 0.951, SOC: 100.0%",0
2026-01-01T12:05:15Z,GRID_PASS,100.0,0.0,"Baseline UPS logic. V: 0.975, SOC: 100.0%",0
2026-01-01T12:05:20Z,GRID_PASS,100.0,0.0,"Baseline UPS logic. V: 0.997, SOC: 100.0%",0
2026-01-01T12:05:25Z,GRID_PASS,100.0,0.0,"Baseline UPS logic. V: 1.003, SOC: 100.0%",0
2026-01-01T12:05:30Z,GRID_PASS,100.0,0.0,"Baseline UPS logic. V: 1.007, SOC: 100.0%",0
2026-01-01T12:05:35Z,GRID_PASS,100.0,0.0,"Baseline UPS logic. V: 0.950, SOC: 100.0%",0
2026-01-01T12:05:40Z,GRID_PASS,100.0,0.0,"Baseline UPS logic. V: 0.944, SOC: 100.0%",0
2026-01-01T12:05:45Z,GRID_PASS,100.0,0.0,"Baseline UPS logic. V: 1.010, SOC: 100.0%",0
2026-01-01T12:05:50Z,GRID_PASS,100.0,0.0,"Baseline UPS logic. V: 0.958, SOC: 100.0%",0
2026-01-01T12:05:55Z,ISLAND,100.0,0.0,"Baseline UPS logic. V: 0.903, SOC: 100.0%",0
2026-01-01T12:06:00Z,ISLAND,100.0,0.0,"Baseline UPS logic. V: 0.911, SOC: 100.0%",0
2026-01-01T12:06:05Z,ISLAND,100.0,0.0,"Baseline UPS logic. V: 0.921, SOC: 100.0%",0
2026-01-01T12:06:10Z,GRID_PASS,100.0,0.0,"Baseline UPS logic. V: 0.992, SOC: 100.0%",0
2026-01-01T12:06:15Z,GRID_PASS,100.0,0.0,"Baseline UPS logic. V: 0.974, SOC: 100.0%",0
2026-01-01T12:06:20Z,GRID_PASS,100.0,0.0,"Baseline UPS logic. V: 1.002, SOC: 100.0%",0
2026-01-01T12:06:25Z,GRID_PASS,100.0,0.0,"Baseline UPS logic. V: 0.946, SOC: 100.0%",0
2026-01-01T12:06:30Z,GRID_PASS,100.0,0.0,"Baseline UPS logic. V: 0.975, SOC: 100.0%",0
2026-01-01T12:06:35Z,GRID_PASS,100.0,0.0,"Baseline UPS logic. V: 0.998, SOC: 100.0%",0
2026-01-01T12:06:40Z,GRID_PASS,100.0,0.0,"Baseline UPS logic. V: 0.952, SOC: 100.0%",0
2026-01-01T12:06:45Z,GRID_PASS,100.0,0.0,"Baseline UPS logic. V: 0.990, SOC: 100.0%",0
2026-01-01T12:06:50Z,ISLAND,100.0,0.0,"Baseline UPS logic. V: 0.934, SOC: 100.0%",0
2026-01-01T12:06:55Z,GRID_PASS,100.0,0.0,"Baseline UPS logic. V: 0.949, SOC: 100.0%",0
2026-01-01T12:07:00Z,GRID_PASS,100.0,0.0,"Baseline UPS logic. V: 0.948, SOC: 100.0%",0
2026-01-01T12:07:05Z,ISLAND,100.0,0.0,"Baseline UPS logic. V: 0.907, SOC: 100.0%",0
2026-01-01T12:07:10Z,GRID_PASS,100.0,0.0,"Baseline UPS logic. V: 0.992, SOC: 100.0%",0
2026-01-01T12:07:15Z,GRID_PASS,100.0,0.0,"Baseline UPS logic. V: 0.944, SOC: 100.0%",0
2026-01-01T12:07:20Z,GRID_PASS,100.0,0.0,"Baseline UPS logic. V: 0.968, SOC: 100.0%",0
2026-01-01T12:07:25Z,GRID_PASS,100.0,0.0,"Baseline UPS logic. V: 0.991, SOC: 100.0%",0
2026-01-01T12:07:30Z,GRID_PASS,100.0,0.0,"Baseline UPS logic. V: 0.990, SOC: 100.0%",0
2026-01-01T12:07:35Z,GRID_PASS,100.0,0.0,"Baseline UPS logic. V: 1.000, SOC: 100.0%",0
2026-01-01T12:07:40Z,GRID_PASS,100.0,0.0,"Baseline UPS logic. V: 0.962, SOC: 100.0%",0
2026-01-01T12:07:45Z,GRID_PASS,100.0,0.0,"Baseline UPS logic. V: 0.946, SOC: 100.0%",0
2026-01-01T12:07:50Z,GRID_PASS,100.0,0.0,"Baseline UPS logic. V: 0.963, SOC: 100.0%",0
2026-01-01T12:07:55Z,ISLAND,100.0,0.0,"Baseline UPS logic. V: 0.883, SOC: 100.0%",0
2026-01-01T12:08:00Z,ISLAND,100.0,0.0,"Baseline UPS logic. V: 0.895, SOC: 100.0%",0
2026-01-01T12:08:05Z,ISLAND,100.0,0.0,"Baseline UPS logic. V: 0.901, SOC: 100.0%",0
2026-01-01T12:08:10Z,ISLAND,100.0,0.0,"Baseline UPS logic. V: 0.917, SOC: 100.0%",0
2026-01-01T12:08:15Z,GRID_PASS,100.0,0.0,"Baseline UPS logic. V: 0.987, SOC: 100.0%",0
2026-01-01T12:08:20Z,ISLAND,100.0,0.0,"Baseline UPS logic. V: 0.922, SOC: 100.0%",0
2026-01-01T12:08:25Z,GRID_PASS,100.0,0.0,"Baseline UPS logic. V: 0.948, SOC: 100.0%",0
2026-01-01T12:08:30Z,GRID_PASS,100.0,0.0,"Baseline UPS logic. V: 1.032, SOC: 100.0%",0
2026-01-01T12:08:35Z,GRID_PASS,100.0,0.0,"Baseline UPS logic. V: 0.949, SOC: 100.0%",0
2026-01-01T12:08:40Z,GRID_PASS,100.0,0.0,"Baseline UPS logic. V: 1.004, SOC: 100.0%",0
2026-01-01T12:08:45Z,ISLAND,100.0,0.0,"Baseline UPS logic. V: 0.921, SOC: 100.0%",0
2026-01-01T12:08:50Z,GRID_PASS,100.0,0.0,"Baseline UPS logic. V: 0.957, SOC: 100.0%",0
2026-01-01T12:08:55Z,ISLAND,100.0,0.0,"Baseline UPS logic. V: 0.919, SOC: 100.0%",0
2026-01-01T12:09:00Z,GRID_PASS,100.0,0.0,"Baseline UPS logic. V: 0.950, SOC: 100.0%",0
2026-01-01T12:09:05Z,GRID_PASS,100.0,0.0,"Baseline UPS logic. V: 1.009, SOC: 100.0%",0
2026-01-01T12:09:10Z,ISLAND,100.0,0.0,"Baseline UPS logic. V: 0.881, SOC: 100.0%",0
2026-01-01T12:09:15Z,GRID_PASS,100.0,0.0,"Baseline UPS logic. V: 0.989, SOC: 100.0%",0
2026-01-01T12:09:20Z,GRID_PASS,100.0,0.0,"Baseline UPS logic. V: 0.979, SOC: 100.0%",0
2026-01-01T12:09:25Z,ISLAND,100.0,0.0,"Baseline UPS logic. V: 0.938, SOC: 100.0%",0
2026-01-01T12:09:30Z,ISLAND,100.0,0.0,"Baseline UPS logic. V: 0.895, SOC: 100.0%",0
2026-01-01T12:09:35Z,GRID_PASS,100.0,0.0,"Baseline UPS logic. V: 0.971, SOC: 100.0%",0
2026-01-01T12:09:40Z,GRID_PASS,100.0,0.0,"Baseline UPS logic. V: 0.941, SOC: 100.0%",0
2026-01-01T12:09:45Z,GRID_PASS,100.0,0.0,"Baseline UPS logic. V: 0.979, SOC: 100.0%",0
2026-01-01T12:09:50Z,GRID_PASS,100.0,0.0,"Baseline UPS logic. V: 0.968, SOC: 100.0%",0
2026-01-01T12:09:55Z,GRID_PASS,100.0,0.0,"Baseline UPS logic. V: 1.047, SOC: 100.0%",0
2026-01-01T12:10:00Z,GRID_PASS,100.0,0.0,"Baseline UPS logic. V: 0.955, SOC: 100.0%",0
2026-01-01T12:10:05Z,ISLAND,100.0,0.0,"Baseline UPS logic. V: 0.916, SOC: 100.0%",0
2026-01-01T12:10:10Z,GRID_PASS,100.0,0.0,"Baseline UPS logic. V: 0.976, SOC: 100.0%",0
2026-01-01T12:10:15Z,GRID_PASS,100.0,0.0,"Baseline UPS logic. V: 0.978, SOC: 100.0%",0
2026-01-01T12:10:20Z,GRID_PASS,100.0,0.0,"Baseline UPS logic. V: 1.035, SOC: 100.0%",0
2026-01-01T12:10:25Z,GRID_PASS,100.0,0.0,"Baseline UPS logic. V: 1.009, SOC: 100.0%",0
2026-01-01T12:10:30Z,GRID_PASS,100.0,0.0,"Baseline UPS logic. V: 0.985, SOC: 100.0%",0
2026-01-01T12:10:35Z,GRID_PASS,100.0,0.0,"Baseline UPS logic. V: 1.040, SOC: 100.0%",0
2026-01-01T12:10:40Z,ISLAND,100.0,0.0,"Baseline UPS logic. V: 0.908, SOC: 100.0%",0
2026-01-01T12:10:45Z,ISLAND,100.0,0.0,"Baseline UPS logic. V: 0.935, SOC: 100.0%",0
2026-01-01T12:10:50Z,ISLAND,100.0,0.0,"Baseline UPS logic. V: 0.921, SOC: 100.0%",0
2026-01-01T12:10:55Z,GRID_PASS,100.0,0.0,"Baseline UPS logic. V: 0.947, SOC: 100.0%",0
2026-01-01T12:11:00Z,ISLAND,100.0,0.0,"Baseline UPS logic. V: 0.898, SOC: 100.0%",0
2026-01-01T12:11:05Z,GRID_PASS,100.0,0.0,"Baseline UPS logic. V: 0.999, SOC: 100.0%",0
2026-01-01T12:11:10Z,GRID_PASS,100.0,0.0,"Baseline UPS logic. V: 0.956, SOC: 100.0%",0
2026-01-01T12:11:15Z,ISLAND,100.0,0.0,"Baseline UPS logic. V: 0.894, SOC: 100.0%",0
2026-01-01T12:11:20Z,ISLAND,100.0,0.0,"Baseline UPS logic. V: 0.917, SOC: 100.0%",0
2026-01-01T12:11:25Z,GRID_PASS,100.0,0.0,"Baseline UPS logic. V: 0.983, SOC: 100.0%",0
2026-01-01T12:11:30Z,GRID_PASS,100.0,0.0,"Baseline UPS logic. V: 1.009, SOC: 100.0%",0
2026-01-01T12:11:35Z,GRID_PASS,100.0,0.0,"Baseline UPS logic. V: 1.067, SOC: 100.0%",0
2026-01-01T12:11:40Z,GRID_PASS,100.0,0.0,"Baseline UPS logic. V: 1.113, SOC: 100.0%",0
2026-01-01T12:11:45Z,GRID_PASS,100.0,0.0,"Baseline UPS logic. V: 0.988, SOC: 100.0%",0
2026-01-01T12:11:50Z,ISLAND,100.0,0.0,"Baseline UPS logic. V: 0.918, SOC: 100.0%",0
2026-01-01T12:11:55Z,ISLAND,100.0,0.0,"Baseline UPS logic. V: 0.861, SOC: 100.0%",0
2026-01-01T12:12:00Z,GRID_PASS,100.0,0.0,"Baseline UPS logic. V: 0.980, SOC: 100.0%",0
2026-01-01T12:12:05Z,ISLAND,100.0,0.0,"Baseline UPS logic. V: 0.926, SOC: 100.0%",0
2026-01-01T12:12:10Z,GRID_PASS,100.0,0.0,"Baseline UPS logic. V: 0.946, SOC: 100.0%",0
2026-01-01T12:12:15Z,ISLAND,100.0,0.0,"Baseline UPS logic. V: 0.936, SOC: 100.0%",0
2026-01-01T12:12:20Z,GRID_PASS,100.0,0.0,"Baseline UPS logic. V: 0.960, SOC: 100.0%",0
2026-01-01T12:12:25Z,GRID_PASS,100.0,0.0,"Baseline UPS logic. V: 1.020, SOC: 100.0%",0
2026-01-01T12:12:30Z,GRID_PASS,100.0,0.0,"Baseline UPS logic. V: 0.975, SOC: 100.0%",0
2026-01-01T12:12:35Z,GRID_PASS,100.0,0.0,"Baseline UPS logic. V: 0.959, SOC: 100.0%",0
2026-01-01T12:12:40Z,ISLAND,100.0,0.0,"Baseline UPS logic. V: 0.915, SOC: 100.0%",0
2026-01-01T12:12:45Z,ISLAND,100.0,0.0,"Baseline UPS logic. V: 0.884, SOC: 100.0%",0
2026-01-01T12:12:50Z,GRID_PASS,100.0,0.0,"Baseline UPS logic. V: 0.943, SOC: 100.0%",0
2026-01-01T12:12:55Z,GRID_PASS,100.0,0.0,"Baseline UPS logic. V: 0.964, SOC: 100.0%",0
2026-01-01T12:13:00Z,GRID_PASS,100.0,0.0,"Baseline UPS logic. V: 1.056, SOC: 100.0%",0
2026-01-01T12:13:05Z,GRID_PASS,100.0,0.0,"Baseline UPS logic. V: 0.974, SOC: 100.0%",0
2026-01-01T12:13:10Z,GRID_PASS,100.0,0.0,"Baseline UPS logic. V: 1.016, SOC: 100.0%",0
2026-01-01T12:13:15Z,GRID_PASS,100.0,0.0,"Baseline UPS logic. V: 0.942, SOC: 100.0%",0
2026-01-01T12:13:20Z,ISLAND,100.0,0.0,"Baseline UPS logic. V: 0.908, SOC: 100.0%",0
2026-01-01T12:13:25Z,ISLAND,100.0,0.0,"Baseline UPS logic. V: 0.919, SOC: 100.0%",0
2026-01-01T12:13:30Z,ISLAND,100.0,0.0,"Baseline UPS logic. V: 0.931, SOC: 100.0%",0
2026-01-01T12:13:35Z,GRID_PASS,100.0,0.0,"Baseline UPS logic. V: 1.073, SOC: 100.0%",0
2026-01-01T12:13:40Z,ISLAND,100.0,0.0,"Baseline UPS logic. V: 0.926, SOC: 100.0%",0
2026-01-01T12:13:45Z,GRID_PASS,100.0,0.0,"Baseline UPS logic. V: 1.009, SOC: 100.0%",0
2026-01-01T12:13:50Z,ISLAND,100.0,0.0,"Baseline UPS logic. V: 0.922, SOC: 100.0%",0
2026-01-01T12:13:55Z,GRID_PASS,100.0,0.0,"Baseline UPS logic. V: 1.014, SOC: 100.0%",0
2026-01-01T12:14:00Z,GRID_PASS,100.0,0.0,"Baseline UPS logic. V: 0.986, SOC: 100.0%",0
2026-01-01T12:14:05Z,GRID_PASS,100.0,0.0,"Baseline UPS logic. V: 0.959, SOC: 100.0%",0
2026-01-01T12:14:10Z,GRID_PASS,100.0,0.0,"Baseline UPS logic. V: 0.965, SOC: 100.0%",0
2026-01-01T12:14:15Z,ISLAND,100.0,0.0,"Baseline UPS logic. V: 0.934, SOC: 100.0%",0
2026-01-01T12:14:20Z,GRID_PASS,100.0,0.0,"Baseline UPS logic. V: 0.990, SOC: 100.0%",0
2026-01-01T12:14:25Z,GRID_PASS,100.0,0.0,"Baseline UPS logic. V: 0.944, SOC: 100.0%",0
2026-01-01T12:14:30Z,ISLAND,100.0,0.0,"Baseline UPS logic. V: 0.906, SOC: 100.0%",0
2026-01-01T12:14:35Z,ISLAND,100.0,0.0,"Baseline UPS logic. V: 0.903, SOC: 100.0%",0
2026-01-01T12:14:40Z,GRID_PASS,100.0,0.0,"Baseline UPS logic. V: 0.976, SOC: 100.0%",0
2026-01-01T12:14:45Z,GRID_PASS,100.0,0.0,"Baseline UPS logic. V: 1.046, SOC: 100.0%",0
2026-01-01T12:14:50Z,GRID_PASS,100.0,0.0,"Baseline UPS logic. V: 0.975, SOC: 100.0%",0
2026-01-01T12:14:55Z,GRID_PASS,100.0,0.0,"Baseline UPS logic. V: 0.961, SOC: 100.0%",0
2026-01-01T12:15:00Z,GRID_PASS,100.0,0.0,"Baseline UPS logic. V: 0.982, SOC: 100.0%",0
2026-01-01T12:15:05Z,GRID_PASS,100.0,0.0,"Baseline UPS logic. V: 1.033, SOC: 100.0%",0
2026-01-01T12:15:10Z,GRID_PASS,100.0,0.0,"Baseline UPS logic. V: 0.978, SOC: 100.0%",0
2026-01-01T12:15:15Z,GRID_PASS,100.0,0.0,"Baseline UPS logic. V: 0.947, SOC: 100.0%",0
2026-01-01T12:15:20Z,GRID_PASS,100.0,0.0,"Baseline UPS logic. V: 1.023, SOC: 100.0%",0
2026-01-01T12:15:25Z,GRID_PASS,100.0,0.0,"Baseline UPS logic. V: 0.989, SOC: 100.0%",0
2026-01-01T12:15:30Z,GRID_PASS,100.0,0.0,"Baseline UPS logic. V: 1.044, SOC: 100.0%",0
2026-01-01T12:15:35Z,GRID_PASS,100.0,0.0,"Baseline UPS logic. V: 0.976, SOC: 100.0%",0
2026-01-01T12:15:40Z,ISLAND,100.0,0.0,"Baseline UPS logic. V: 0.906, SOC: 100.0%",0
2026-01-01T12:15:45Z,ISLAND,100.0,0.0,"Baseline UPS logic. V: 0.899, SOC: 100.0%",0
2026-01-01T12:15:50Z,GRID_PASS,100.0,0.0,"Baseline UPS logic. V: 1.050, SOC: 100.0%",0
2026-01-01T12:15:55Z,GRID_PASS,100.0,0.0,"Baseline UPS logic. V: 1.053, SOC: 100.0%",0
2026-01-01T12:16:00Z,GRID_PASS,100.0,0.0,"Baseline UPS logic. V: 0.958, SOC: 100.0%",0
2026-01-01T12:16:05Z,GRID_PASS,100.0,0.0,"Baseline UPS logic. V: 0.948, SOC: 100.0%",0
2026-01-01T12:16:10Z,GRID_PASS,100.0,0.0,"Baseline UPS logic. V: 1.040, SOC: 100.0%",0
2026-01-01T12:16:15Z,ISLAND,100.0,0.0,"Baseline UPS logic. V: 0.912, SOC: 100.0%",0
2026-01-01T12:16:20Z,ISLAND,100.0,0.0,"Baseline UPS logic. V: 0.923, SOC: 100.0%",0
2026-01-01T12:16:25Z,GRID_PASS,100.0,0.0,"Baseline UPS logic. V: 0.999, SOC: 100.0%",0
2026-01-01T12:16:30Z,GRID_PASS,100.0,0.0,"Baseline UPS logic. V: 0.947, SOC: 100.0%",0
2026-01-01T12:16:35Z,GRID_PASS,100.0,0.0,"Baseline UPS logic. V: 0.967, SOC: 100.0%",0
2026-01-01T12:16:40Z,GRID_PASS,100.0,0.0,"Baseline UPS logic. V: 0.959, SOC: 100.0%",0
2026-01-01T12:16:45Z,GRID_PASS,100.0,0.0,"Baseline UPS logic. V: 0.984, SOC: 100.0%",0
2026-01-01T12:16:50Z,GRID_PASS,100.0,0.0,"Baseline UPS logic. V: 1.038, SOC: 100.0%",0
2026-01-01T12:16:55Z,GRID_PASS,100.0,0.0,"Baseline UPS logic. V: 0.972, SOC: 100.0%",0
2026-01-01T12:17:00Z,GRID_PASS,100.0,0.0,"Baseline UPS logic. V: 0.999, SOC: 100.0%",0
2026-01-01T12:17:05Z,ISLAND,100.0,0.0,"Baseline UPS logic. V: 0.865, SOC: 100.0%",0
2026-01-01T12:17:10Z,GRID_PASS,100.0,0.0,"Baseline UPS logic. V: 0.965, SOC: 100.0%",0
2026-01-01T12:17:15Z,ISLAND,100.0,0.0,"Baseline UPS logic. V: 0.925, SOC: 100.0%",0
2026-01-01T12:17:20Z,ISLAND,100.0,0.0,"Baseline UPS logic. V: 0.906, SOC: 100.0%",0
2026-01-01T12:17:25Z,ISLAND,100.0,0.0,"Baseline UPS logic. V: 0.923, SOC: 100.0%",0
2026-01-01T12:17:30Z,GRID_PASS,100.0,0.0,"Baseline UPS logic. V: 0.950, SOC: 100.0%",0
2026-01-01T12:17:35Z,GRID_PASS,100.0,0.0,"Baseline UPS logic. V: 1.013, SOC: 100.0%",0
2026-01-01T12:17:40Z,ISLAND,100.0,0.0,"Baseline UPS logic. V: 0.901, SOC: 100.0%",0
2026-01-01T12:17:45Z,GRID_PASS,100.0,0.0,"Baseline UPS logic. V: 0.969, SOC: 100.0%",0
2026-01-01T12:17:50Z,GRID_PASS,100.0,0.0,"Baseline UPS logic. V: 0.943, SOC: 100.0%",0
2026-01-01T12:17:55Z,GRID_PASS,100.0,0.0,"Baseline UPS logic. V: 0.951, SOC: 100.0%",0
2026-01-01T12:18:00Z,GRID_PASS,100.0,0.0,"Baseline UPS logic. V: 1.017, SOC: 100.0%",0
2026-01-01T12:18:05Z,GRID_PASS,100.0,0.0,"Baseline UPS logic. V: 0.994, SOC: 100.0%",0
2026-01-01T12:18:10Z,GRID_PASS,100.0,0.0,"Baseline UPS logic. V: 1.034, SOC: 100.0%",0
2026-01-01T12:18:15Z,GRID_PASS,100.0,0.0,"Baseline UPS logic. V: 0.959, SOC: 100.0%",0
2026-01-01T12:18:20Z,ISLAND,100.0,0.0,"Baseline UPS logic. V: 0.932, SOC: 100.0%",0
2026-01-01T12:18:25Z,GRID_PASS,100.0,0.0,"Baseline UPS logic. V: 0.956, SOC: 100.0%",0
2026-01-01T12:18:30Z,GRID_PASS,100.0,0.0,"Baseline UPS logic. V: 0.979, SOC: 100.0%",0
2026-01-01T12:18:35Z,GRID_PASS,100.0,0.0,"Baseline UPS logic. V: 0.976, SOC: 100.0%",0
2026-01-01T12:18:40Z,ISLAND,100.0,0.0,"Baseline UPS logic. V: 0.913, SOC: 100.0%",0
2026-01-01T12:18:45Z,GRID_PASS,100.0,0.0,"Baseline UPS logic. V: 0.972, SOC: 100.0%",0
2026-01-01T12:18:50Z,GRID_PASS,100.0,0.0,"Baseline UPS logic. V: 0.978, SOC: 100.0%",0
2026-01-01T12:18:55Z,GRID_PASS,100.0,0.0,"Baseline UPS logic. V: 1.093, SOC: 100.0%",0
2026-01-01T12:19:00Z,GRID_PASS,100.0,0.0,"Baseline UPS logic. V: 1.061, SOC: 100.0%",0
2026-01-01T12:19:05Z,ISLAND,100.0,0.0,"Baseline UPS logic. V: 0.924, SOC: 100.0%",0
2026-01-01T12:19:10Z,GRID_PASS,100.0,0.0,"Baseline UPS logic. V: 0.953, SOC: 100.0%",0
2026-01-01T12:19:15Z,ISLAND,100.0,0.0,"Baseline UPS logic. V: 0.894, SOC: 100.0%",0
2026-01-01T12:19:20Z,ISLAND,100.0,0.0,"Baseline UPS logic. V: 0.938, SOC: 100.0%",0
2026-01-01T12:19:25Z,GRID_PASS,100.0,0.0,"Baseline UPS logic. V: 0.983, SOC: 100.0%",0
2026-01-01T12:19:30Z,GRID_PASS,100.0,0.0,"Baseline UPS logic. V: 1.027, SOC: 100.0%",0
2026-01-01T12:19:35Z,ISLAND,100.0,0.0,"Baseline UPS logic. V: 0.931, SOC: 100.0%",0
2026-01-01T12:19:40Z,ISLAND,100.0,0.0,"Baseline UPS logic. V: 0.935, SOC: 100.0%",0
2026-01-01T12:19:45Z,ISLAND,100.0,0.0,"Baseline UPS logic. V: 0.860, SOC: 100.0%",0
2026-01-01T12:19:50Z,GRID_PASS,100.0,0.0,"Baseline UPS logic. V: 0.959, SOC: 100.0%",0
2026-01-01T12:19:55Z,ISLAND,100.0,0.0,"Baseline UPS logic. V: 0.914, SOC: 100.0%",0
2026-01-01T12:20:00Z,GRID_PASS,100.0,0.0,"Baseline UPS logic. V: 0.941, SOC: 100.0%",0
2026-01-01T12:20:05Z,ISLAND,100.0,0.0,"Baseline UPS logic. V: 0.923, SOC: 100.0%",0
2026-01-01T12:20:10Z,GRID_PASS,100.0,0.0,"Baseline UPS logic. V: 0.963, SOC: 100.0%",0
2026-01-01T12:20:15Z,ISLAND,100.0,0.0,"Baseline UPS logic. V: 0.879, SOC: 100.0%",0
2026-01-01T12:20:20Z,ISLAND,100.0,0.0,"Baseline UPS logic. V: 0.894, SOC: 100.0%",0
2026-01-01T12:20:25Z,GRID_PASS,100.0,0.0,"Baseline UPS logic. V: 1.073, SOC: 100.0%",0
2026-01-01T12:20:30Z,ISLAND,100.0,0.0,"Baseline UPS logic. V: 0.903, SOC: 100.0%",0
2026-01-01T12:20:35Z,ISLAND,100.0,0.0,"Baseline UPS logic. V: 0.912, SOC: 100.0%",0
2026-01-01T12:20:40Z,GRID_PASS,100.0,0.0,"Baseline UPS logic. V: 1.059, SOC: 100.0%",0
2026-01-01T12:20:45Z,GRID_PASS,100.0,0.0,"Baseline UPS logic. V: 1.112, SOC: 100.0%",0
2026-01-01T12:20:50Z,ISLAND,100.0,0.0,"Baseline UPS logic. V: 0.908, SOC: 100.0%",0
2026-01-01T12:20:55Z,GRID_PASS,100.0,0.0,"Baseline UPS logic. V: 0.949, SOC: 100.0%",0
2026-01-01T12:21:00Z,GRID_PASS,100.0,0.0,"Baseline UPS logic. V: 0.984, SOC: 100.0%",0
2026-01-01T12:21:05Z,GRID_PASS,100.0,0.0,"Baseline UPS logic. V: 1.054, SOC: 100.0%",0
2026-01-01T12:21:10Z,ISLAND,100.0,0.0,"Baseline UPS logic. V: 0.918, SOC: 100.0%",0
2026-01-01T12:21:15Z,GRID_PASS,100.0,0.0,"Baseline UPS logic. V: 0.955, SOC: 100.0%",0
2026-01-01T12:21:20Z,GRID_PASS,100.0,0.0,"Baseline UPS logic. V: 1.006, SOC: 100.0%",0
2026-01-01T12:21:25Z,GRID_PASS,100.0,0.0,"Baseline UPS logic. V: 0.989, SOC: 100.0%",0
2026-01-01T12:21:30Z,GRID_PASS,100.0,0.0,"Baseline UPS logic. V: 0.948, SOC: 100.0%",0
2026-01-01T12:21:35Z,GRID_PASS,100.0,0.0,"Baseline UPS logic. V: 0.961, SOC: 100.0%",0
2026-01-01T12:21:40Z,ISLAND,100.0,0.0,"Baseline UPS logic. V: 0.898, SOC: 100.0%",0
2026-01-01T12:21:45Z,GRID_PASS,100.0,0.0,"Baseline UPS logic. V: 0.955, SOC: 100.0%",0
2026-01-01T12:21:50Z,GRID_PASS,100.0,0.0,"Baseline UPS logic. V: 0.954, SOC: 100.0%",0
2026-01-01T12:21:55Z,GRID_PASS,100.0,0.0,"Baseline UPS logic. V: 0.979, SOC: 100.0%",0
2026-01-01T12:22:00Z,ISLAND,100.0,0.0,"Baseline UPS logic. V: 0.939, SOC: 100.0%",0
2026-01-01T12:22:05Z,GRID_PASS,100.0,0.0,"Baseline UPS logic. V: 0.991, SOC: 100.0%",0
2026-01-01T12:22:10Z,GRID_PASS,100.0,0.0,"Baseline UPS logic. V: 1.018, SOC: 100.0%",0
2026-01-01T12:22:15Z,GRID_PASS,100.0,0.0,"Baseline UPS logic. V: 0.975, SOC: 100.0%",0
2026-01-01T12:22:20Z,GRID_PASS,100.0,0.0,"Baseline UPS logic. V: 0.985, SOC: 100.0%",0
2026-01-01T12:22:25Z,GRID_PASS,100.0,0.0,"Baseline UPS logic. V: 0.970, SOC: 100.0%",0
2026-01-01T12:22:30Z,GRID_PASS,100.0,0.0,"Baseline UPS logic. V: 0.967, SOC: 100.0%",0
2026-01-01T12:22:35Z,ISLAND,100.0,0.0,"Baseline UPS logic. V: 0.931, SOC: 100.0%",0
2026-01-01T12:22:40Z,GRID_PASS,100.0,0.0,"Baseline UPS logic. V: 0.983, SOC: 100.0%",0
2026-01-01T12:22:45Z,GRID_PASS,100.0,0.0,"Baseline UPS logic. V: 0.962, SOC: 100.0%",0
2026-01-01T12:22:50Z,GRID_PASS,100.0,0.0,"Baseline UPS logic. V: 1.072, SOC: 100.0%",0
2026-01-01T12:22:55Z,GRID_PASS,100.0,0.0,"Baseline UPS logic. V: 1.046, SOC: 100.0%",0
2026-01-01T12:23:00Z,GRID_PASS,100.0,0.0,"Baseline UPS logic. V: 0.986, SOC: 100.0%",0
2026-01-01T12:23:05Z,ISLAND,100.0,0.0,"Baseline UPS logic. V: 0.929, SOC: 100.0%",0
2026-01-01T12:23:10Z,ISLAND,100.0,0.0,"Baseline UPS logic. V: 0.912, SOC: 100.0%",0
2026-01-01T12:23:15Z,GRID_PASS,100.0,0.0,"Baseline UPS logic. V: 1.027, SOC: 100.0%",0
2026-01-01T12:23:20Z,GRID_PASS,100.0,0.0,"Baseline UPS logic. V: 0.980, SOC: 100.0%",0
2026-01-01T12:23:25Z,GRID_PASS,100.0,0.0,"Baseline UPS logic. V: 0.991, SOC: 100.0%",0
2026-01-01T12:23:30Z,ISLAND,100.0,0.0,"Baseline UPS logic. V: 0.880, SOC: 100.0%",0
2026-01-01T12:23:35Z,GRID_PASS,100.0,0.0,"Baseline UPS logic. V: 1.014, SOC: 100.0%",0
2026-01-01T12:23:40Z,GRID_PASS,100.0,0.0,"Baseline UPS logic. V: 0.990, SOC: 100.0%",0
2026-01-01T12:23:45Z,ISLAND,100.0,0.0,"Baseline UPS logic. V: 0.912, SOC: 100.0%",0
2026-01-01T12:23:50Z,GRID_PASS,100.0,0.0,"Baseline UPS logic. V: 0.944, SOC: 100.0%",0
2026-01-01T12:23:55Z,GRID_PASS,100.0,0.0,"Baseline UPS logic. V: 0.980, SOC: 100.0%",0
2026-01-01T12:24:00Z,GRID_PASS,100.0,0.0,"Baseline UPS logic. V: 0.970, SOC: 100.0%",0
2026-01-01T12:24:05Z,GRID_PASS,100.0,0.0,"Baseline UPS logic. V: 0.953, SOC: 100.0%",0
2026-01-01T12:24:10Z,GRID_PASS,100.0,0.0,"Baseline UPS logic. V: 0.962, SOC: 100.0%",0
2026-01-01T12:24:15Z,GRID_PASS,100.0,0.0,"Baseline UPS logic. V: 0.955, SOC: 100.0%",0
2026-01-01T12:24:20Z,GRID_PASS,100.0,0.0,"Baseline UPS logic. V: 0.975, SOC: 100.0%",0
2026-01-01T12:24:25Z,GRID_PASS,100.0,0.0,"Baseline UPS logic. V: 1.041, SOC: 100.0%",0
2026-01-01T12:24:30Z,ISLAND,100.0,0.0,"Baseline UPS logic. V: 0.839, SOC: 100.0%",0
2026-01-01T12:24:35Z,GRID_PASS,100.0,0.0,"Baseline UPS logic. V: 0.955, SOC: 100.0%",0
2026-01-01T12:24:40Z,GRID_PASS,100.0,0.0,"Baseline UPS logic. V: 0.976, SOC: 100.0%",0
2026-01-01T12:24:45Z,GRID_PASS,100.0,0.0,"Baseline UPS logic. V: 0.982, SOC: 100.0%",0
2026-01-01T12:24:50Z,GRID_PASS,100.0,0.0,"Baseline UPS logic. V: 0.949, SOC: 100.0%",0
2026-01-01T12:24:55Z,ISLAND,100.0,0.0,"Baseline UPS logic. V: 0.879, SOC: 100.0%",0
2026-01-01T12:25:00Z,GRID_PASS,100.0,0.0,"Baseline UPS logic. V: 0.984, SOC: 100.0%",0
2026-01-01T12:25:05Z,GRID_PASS,100.0,0.0,"Baseline UPS logic. V: 1.053, SOC: 100.0%",0
2026-01-01T12:25:10Z,ISLAND,100.0,0.0,"Baseline UPS logic. V: 0.890, SOC: 100.0%",0
2026-01-01T12:25:15Z,GRID_PASS,100.0,0.0,"Baseline UPS logic. V: 1.010, SOC: 100.0%",0
2026-01-01T12:25:20Z,GRID_PASS,100.0,0.0,"Baseline UPS logic. V: 0.951, SOC: 100.0%",0
2026-01-01T12:25:25Z,GRID_PASS,100.0,0.0,"Baseline UPS logic. V: 0.964, SOC: 100.0%",0
2026-01-01T12:25:30Z,ISLAND,100.0,0.0,"Baseline UPS logic. V: 0.915, SOC: 100.0%",0
2026-01-01T12:25:35Z,GRID_PASS,100.0,0.0,"Baseline UPS logic. V: 0.951, SOC: 100.0%",0
2026-01-01T12:25:40Z,GRID_PASS,100.0,0.0,"Baseline UPS logic. V: 1.032, SOC: 100.0%",0
2026-01-01T12:25:45Z,GRID_PASS,100.0,0.0,"Baseline UPS logic. V: 0.996, SOC: 100.0%",0
2026-01-01T12:25:50Z,GRID_PASS,100.0,0.0,"Baseline UPS logic. V: 1.054, SOC: 100.0%",0
2026-01-01T12:25:55Z,GRID_PASS,100.0,0.0,"Baseline UPS logic. V: 1.026, SOC: 100.0%",0
2026-01-01T12:26:00Z,GRID_PASS,100.0,0.0,"Baseline UPS logic. V: 0.989, SOC: 100.0%",0
2026-01-01T12:26:05Z,GRID_PASS,100.0,0.0,"Baseline UPS logic. V: 1.054, SOC: 100.0%",0
2026-01-01T12:26:10Z,GRID_PASS,100.0,0.0,"Baseline UPS logic. V: 0.989, SOC: 100.0%",0
2026-01-01T12:26:15Z,GRID_PASS,100.0,0.0,"Baseline UPS logic. V: 1.009, SOC: 100.0%",0
2026-01-01T12:26:20Z,GRID_PASS,100.0,0.0,"Baseline UPS logic. V: 0.952, SOC: 100.0%",0
2026-01-01T12:26:25Z,GRID_PASS,100.0,0.0,"Baseline UPS logic. V: 0.971, SOC: 100.0%",0
2026-01-01T12:26:30Z,ISLAND,100.0,0.0,"Baseline UPS logic. V: 0.932, SOC: 100.0%",0
2026-01-01T12:26:35Z,GRID_PASS,100.0,0.0,"Baseline UPS logic. V: 1.017, SOC: 100.0%",0
2026-01-01T12:26:40Z,ISLAND,100.0,0.0,"Baseline UPS logic. V: 0.908, SOC: 100.0%",0
2026-01-01T12:26:45Z,GRID_PASS,100.0,0.0,"Baseline UPS logic. V: 1.006, SOC: 100.0%",0
2026-01-01T12:26:50Z,GRID_PASS,100.0,0.0,"Baseline UPS logic. V: 0.957, SOC: 100.0%",0
2026-01-01T12:26:55Z,GRID_PASS,100.0,0.0,"Baseline UPS logic. V: 1.026, SOC: 100.0%",0
2026-01-01T12:27:00Z,GRID_PASS,100.0,0.0,"Baseline UPS logic. V: 1.005, SOC: 100.0%",0
2026-01-01T12:27:05Z,GRID_PASS,100.0,0.0,"Baseline UPS logic. V: 1.058, SOC: 100.0%",0
2026-01-01T12:27:10Z,GRID_PASS,100.0,0.0,"Baseline UPS logic. V: 1.004, SOC: 100.0%",0
2026-01-01T12:27:15Z,ISLAND,100.0,0.0,"Baseline UPS logic. V: 0.889, SOC: 100.0%",0
2026-01-01T12:27:20Z,GRID_PASS,100.0,0.0,"Baseline UPS logic. V: 0.964, SOC: 100.0%",0
2026-01-01T12:27:25Z,ISLAND,100.0,0.0,"Baseline UPS logic. V: 0.908, SOC: 100.0%",0
2026-01-01T12:27:30Z,GRID_PASS,100.0,0.0,"Baseline UPS logic. V: 0.941, SOC: 100.0%",0
2026-01-01T12:27:35Z,GRID_PASS,100.0,0.0,"Baseline UPS logic. V: 1.043, SOC: 100.0%",0
2026-01-01T12:27:40Z,GRID_PASS,100.0,0.0,"Baseline UPS logic. V: 0.999, SOC: 100.0%",0
2026-01-01T12:27:45Z,ISLAND,100.0,0.0,"Baseline UPS logic. V: 0.932, SOC: 100.0%",0
2026-01-01T12:27:50Z,ISLAND,100.0,0.0,"Baseline UPS logic. V: 0.917, SOC: 100.0%",0
2026-01-01T12:27:55Z,GRID_PASS,100.0,0.0,"Baseline UPS logic. V: 0.969, SOC: 100.0%",0
2026-01-01T12:28:00Z,ISLAND,100.0,0.0,"Baseline UPS logic. V: 0.906, SOC: 100.0%",0
2026-01-01T12:28:05Z,ISLAND,100.0,0.0,"Baseline UPS logic. V: 0.934, SOC: 100.0%",0
2026-01-01T12:28:10Z,GRID_PASS,100.0,0.0,"Baseline UPS logic. V: 0.983, SOC: 100.0%",0
2026-01-01T12:28:15Z,GRID_PASS,100.0,0.0,"Baseline UPS logic. V: 1.025, SOC: 100.0%",0
2026-01-01T12:28:20Z,GRID_PASS,100.0,0.0,"Baseline UPS logic. V: 0.998, SOC: 100.0%",0
2026-01-01T12:28:25Z,ISLAND,100.0,0.0,"Baseline UPS logic. V: 0.853, SOC: 100.0%",0
2026-01-01T12:28:30Z,GRID_PASS,100.0,0.0,"Baseline UPS logic. V: 0.983, SOC: 100.0%",0
2026-01-01T12:28:35Z,GRID_PASS,100.0,0.0,"Baseline UPS logic. V: 0.971, SOC: 100.0%",0
2026-01-01T12:28:40Z,GRID_PASS,100.0,0.0,"Baseline UPS logic. V: 0.988, SOC: 100.0%",0
2026-01-01T12:28:45Z,GRID_PASS,100.0,0.0,"Baseline UPS logic. V: 1.048, SOC: 100.0%",0
2026-01-01T12:28:50Z,ISLAND,100.0,0.0,"Baseline UPS logic. V: 0.864, SOC: 100.0%",0
2026-01-01T12:28:55Z,ISLAND,100.0,0.0,"Baseline UPS logic. V: 0.938, SOC: 100.0%",0
2026-01-01T12:29:00Z,GRID_PASS,100.0,0.0,"Baseline UPS logic. V: 0.997, SOC: 100.0%",0
2026-01-01T12:29:05Z,ISLAND,100.0,0.0,"Baseline UPS logic. V: 0.888, SOC: 100.0%",0
2026-01-01T12:29:10Z,GRID_PASS,100.0,0.0,"Baseline UPS logic. V: 1.041, SOC: 100.0%",0
2026-01-01T12:29:15Z,GRID_PASS,100.0,0.0,"Baseline UPS logic. V: 0.985, SOC: 100.0%",0
2026-01-01T12:29:20Z,GRID_PASS,100.0,0.0,"Baseline UPS logic. V: 1.010, SOC: 100.0%",0
2026-01-01T12:29:25Z,ISLAND,100.0,0.0,"Baseline UPS logic. V: 0.939, SOC: 100.0%",0
2026-01-01T12:29:30Z,GRID_PASS,100.0,0.0,"Baseline UPS logic. V: 1.008, SOC: 100.0%",0
2026-01-01T12:29:35Z,GRID_PASS,100.0,0.0,"Baseline UPS logic. V: 1.020, SOC: 100.0%",0
2026-01-01T12:29:40Z,GRID_PASS,100.0,0.0,"Baseline UPS logic. V: 0.979, SOC: 100.0%",0
2026-01-01T12:29:45Z,GRID_PASS,100.0,0.0,"Baseline UPS logic. V: 0.979, SOC: 100.0%",0
2026-01-01T12:29:50Z,GRID_PASS,100.0,0.0,"Baseline UPS logic. V: 0.981, SOC: 100.0%",0
2026-01-01T12:29:55Z,ISLAND,100.0,0.0,"Baseline UPS logic. V: 0.924, SOC: 100.0%",0
2026-01-01T12:30:00Z,GRID_PASS,100.0,0.0,"Baseline UPS logic. V: 0.960, SOC: 100.0%",0
2026-01-01T12:30:05Z,GRID_PASS,100.0,0.0,"Baseline UPS logic. V: 0.959, SOC: 100.0%",0
2026-01-01T12:30:10Z,GRID_PASS,100.0,0.0,"Baseline UPS logic. V: 0.986, SOC: 100.0%",0
2026-01-01T12:30:15Z,GRID_PASS,100.0,0.0,"Baseline UPS logic. V: 1.017, SOC: 100.0%",0
2026-01-01T12:30:20Z,ISLAND,100.0,0.0,"Baseline UPS logic. V: 0.914, SOC: 100.0%",0
2026-01-01T12:30:25Z,GRID_PASS,100.0,0.0,"Baseline UPS logic. V: 0.961, SOC: 100.0%",0
2026-01-01T12:30:30Z,GRID_PASS,100.0,0.0,"Baseline UPS logic. V: 1.041, SOC: 100.0%",0
2026-01-01T12:30:35Z,ISLAND,100.0,0.0,"Baseline UPS logic. V: 0.930, SOC: 100.0%",0
2026-01-01T12:30:40Z,ISLAND,100.0,0.0,"Baseline UPS logic. V: 0.926, SOC: 100.0%",0
2026-01-01T12:30:45Z,GRID_PASS,100.0,0.0,"Baseline UPS logic. V: 0.977, SOC: 100.0%",0
2026-01-01T12:30:50Z,GRID_PASS,100.0,0.0,"Baseline UPS logic. V: 1.009, SOC: 100.0%",0
2026-01-01T12:30:55Z,GRID_PASS,100.0,0.0,"Baseline UPS logic. V: 0.968, SOC: 100.0%",0
2026-01-01T12:31:00Z,GRID_PASS,100.0,0.0,"Baseline UPS logic. V: 1.034, SOC: 100.0%",0
2026-01-01T12:31:05Z,GRID_PASS,100.0,0.0,"Baseline UPS logic. V: 1.010, SOC: 100.0%",0
2026-01-01T12:31:10Z,GRID_PASS,100.0,0.0,"Baseline UPS logic. V: 1.009, SOC: 100.0%",0
2026-01-01T12:31:15Z,GRID_PASS,100.0,0.0,"Baseline UPS logic. V: 0.995, SOC: 100.0%",0
2026-01-01T12:31:20Z,GRID_PASS,100.0,0.0,"Baseline UPS logic. V: 1.084, SOC: 100.0%",0
2026-01-01T12:31:25Z,GRID_PASS,100.0,0.0,"Baseline UPS logic. V: 0.957, SOC: 100.0%",0
2026-01-01T12:31:30Z,ISLAND,100.0,0.0,"Baseline UPS logic. V: 0.867, SOC: 100.0%",0
2026-01-01T12:31:35Z,GRID_PASS,100.0,0.0,"Baseline UPS logic. V: 1.048, SOC: 100.0%",0
2026-01-01T12:31:40Z,GRID_PASS,100.0,0.0,"Baseline UPS logic. V: 0.944, SOC: 100.0%",0
2026-01-01T12:31:45Z,GRID_PASS,100.0,0.0,"Baseline UPS logic. V: 0.973, SOC: 100.0%",0
2026-01-01T12:31:50Z,GRID_PASS,100.0,0.0,"Baseline UPS logic. V: 1.033, SOC: 100.0%",0
2026-01-01T12:31:55Z,ISLAND,100.0,0.0,"Baseline UPS logic. V: 0.887, SOC: 100.0%",0
2026-01-01T12:32:00Z,ISLAND,100.0,0.0,"Baseline UPS logic. V: 0.905, SOC: 100.0%",0
2026-01-01T12:32:05Z,ISLAND,100.0,0.0,"Baseline UPS logic. V: 0.887, SOC: 100.0%",0
2026-01-01T12:32:10Z,ISLAND,100.0,0.0,"Baseline UPS logic. V: 0.927, SOC: 100.0%",0
2026-01-01T12:32:15Z,GRID_PASS,100.0,0.0,"Baseline UPS logic. V: 0.989, SOC: 100.0%",0
2026-01-01T12:32:20Z,GRID_PASS,100.0,0.0,"Baseline UPS logic. V: 0.993, SOC: 100.0%",0
2026-01-01T12:32:25Z,GRID_PASS,100.0,0.0,"Baseline UPS logic. V: 0.981, SOC: 100.0%",0
2026-01-01T12:32:30Z,ISLAND,100.0,0.0,"Baseline UPS logic. V: 0.897, SOC: 100.0%",0
2026-01-01T12:32:35Z,ISLAND,100.0,0.0,"Baseline UPS logic. V: 0.852, SOC: 100.0%",0
2026-01-01T12:32:40Z,GRID_PASS,100.0,0.0,"Baseline UPS logic. V: 0.970, SOC: 100.0%",0
2026-01-01T12:32:45Z,GRID_PASS,100.0,0.0,"Baseline UPS logic. V: 0.943, SOC: 100.0%",0
2026-01-01T12:32:50Z,GRID_PASS,100.0,0.0,"Baseline UPS logic. V: 0.990, SOC: 100.0%",0
2026-01-01T12:32:55Z,GRID_PASS,100.0,0.0,"Baseline UPS logic. V: 1.002, SOC: 100.0%",0
2026-01-01T12:33:00Z,GRID_PASS,100.0,0.0,"Baseline UPS logic. V: 0.974, SOC: 100.0%",0
2026-01-01T12:33:05Z,GRID_PASS,100.0,0.0,"Baseline UPS logic. V: 1.005, SOC: 100.0%",0
2026-01-01T12:33:10Z,GRID_PASS,100.0,0.0,"Baseline UPS logic. V: 0.979, SOC: 100.0%",0
2026-01-01T12:33:15Z,GRID_PASS,100.0,0.0,"Baseline UPS logic. V: 0.994, SOC: 100.0%",0
2026-01-01T12:33:20Z,ISLAND,100.0,0.0,"Baseline UPS logic. V: 0.932, SOC: 100.0%",0
2026-01-01T12:33:25Z,GRID_PASS,100.0,0.0,"Baseline UPS logic. V: 0.958, SOC: 100.0%",0
2026-01-01T12:33:30Z,GRID_PASS,100.0,0.0,"Baseline UPS logic. V: 0.977, SOC: 100.0%",0
2026-01-01T12:33:35Z,GRID_PASS,100.0,0.0,"Baseline UPS logic. V: 1.008, SOC: 100.0%",0
2026-01-01T12:33:40Z,GRID_PASS,100.0,0.0,"Baseline UPS logic. V: 0.947, SOC: 100.0%",0
2026-01-01T12:33:45Z,GRID_PASS,100.0,0.0,"Baseline UPS logic. V: 0.993, SOC: 100.0%",0
2026-01-01T12:33:50Z,GRID_PASS,100.0,0.0,"Baseline UPS logic. V: 0.954, SOC: 100.0%",0
2026-01-01T12:33:55Z,GRID_PASS,100.0,0.0,"Baseline UPS logic. V: 0.961, SOC: 100.0%",0
2026-01-01T12:34:00Z,GRID_PASS,100.0,0.0,"Baseline UPS logic. V: 1.009, SOC: 100.0%",0
2026-01-01T12:34:05Z,ISLAND,100.0,0.0,"Baseline UPS logic. V: 0.868, SOC: 100.0%",0
2026-01-01T12:34:10Z,ISLAND,100.0,0.0,"Baseline UPS logic. V: 0.902, SOC: 100.0%",0
2026-01-01T12:34:15Z,ISLAND,100.0,0.0,"Baseline UPS logic. V: 0.893, SOC: 100.0%",0
2026-01-01T12:34:20Z,ISLAND,100.0,0.0,"Baseline UPS logic. V: 0.850, SOC: 100.0%",0
2026-01-01T12:34:25Z,ISLAND,100.0,0.0,"Baseline UPS logic. V: 0.933, SOC: 100.0%",0
2026-01-01T12:34:30Z,GRID_PASS,100.0,0.0,"Baseline UPS logic. V: 1.004, SOC: 100.0%",0
2026-01-01T12:34:35Z,GRID_PASS,100.0,0.0,"Baseline UPS logic. V: 0.953, SOC: 100.0%",0
2026-01-01T12:34:40Z,GRID_PASS,100.0,0.0,"Baseline UPS logic. V: 0.977, SOC: 100.0%",0
2026-01-01T12:34:45Z,GRID_PASS,100.0,0.0,"Baseline UPS logic. V: 1.022, SOC: 100.0%",0
2026-01-01T12:34:50Z,GRID_PASS,100.0,0.0,"Baseline UPS logic. V: 1.034, SOC: 100.0%",0
2026-01-01T12:34:55Z,GRID_PASS,100.0,0.0,"Baseline UPS logic. V: 0.964, SOC: 100.0%",0
2026-01-01T12:35:00Z,GRID_PASS,100.0,0.0,"Baseline UPS logic. V: 1.035, SOC: 100.0%",0
2026-01-01T12:35:05Z,GRID_PASS,100.0,0.0,"Baseline UPS logic. V: 0.972, SOC: 100.0%",0
2026-01-01T12:35:10Z,ISLAND,100.0,0.0,"Baseline UPS logic. V: 0.925, SOC: 100.0%",0
2026-01-01T12:35:15Z,ISLAND,100.0,0.0,"Baseline UPS logic. V: 0.938, SOC: 100.0%",0
2026-01-01T12:35:20Z,ISLAND,100.0,0.0,"Baseline UPS logic. V: 0.893, SOC: 100.0%",0
2026-01-01T12:35:25Z,ISLAND,100.0,0.0,"Baseline UPS logic. V: 0.923, SOC: 100.0%",0
2026-01-01T12:35:30Z,GRID_PASS,100.0,0.0,"Baseline UPS logic. V: 0.949, SOC: 100.0%",0
2026-01-01T12:35:35Z,GRID_PASS,100.0,0.0,"Baseline UPS logic. V: 1.007, SOC: 100.0%",0
2026-01-01T12:35:40Z,GRID_PASS,100.0,0.0,"Baseline UPS logic. V: 1.053, SOC: 100.0%",0
2026-01-01T12:35:45Z,ISLAND,100.0,0.0,"Baseline UPS logic. V: 0.898, SOC: 100.0%",0
2026-01-01T12:35:50Z,GRID_PASS,100.0,0.0,"Baseline UPS logic. V: 0.987, SOC: 100.0%",0
2026-01-01T12:35:55Z,ISLAND,100.0,0.0,"Baseline UPS logic. V: 0.915, SOC: 100.0%",0
2026-01-01T12:36:00Z,GRID_PASS,100.0,0.0,"Baseline UPS logic. V: 0.991, SOC: 100.0%",0
2026-01-01T12:36:05Z,GRID_PASS,100.0,0.0,"Baseline UPS logic. V: 0.960, SOC: 100.0%",0
2026-01-01T12:36:10Z,ISLAND,100.0,0.0,"Baseline UPS logic. V: 0.876, SOC: 100.0%",0
2026-01-01T12:36:15Z,GRID_PASS,100.0,0.0,"Baseline UPS logic. V: 1.014, SOC: 100.0%",0
2026-01-01T12:36:20Z,ISLAND,100.0,0.0,"Baseline UPS logic. V: 0.937, SOC: 100.0%",0
2026-01-01T12:36:25Z,GRID_PASS,100.0,0.0,"Baseline UPS logic. V: 0.941, SOC: 100.0%",0
2026-01-01T12:36:30Z,ISLAND,100.0,0.0,"Baseline UPS logic. V: 0.913, SOC: 100.0%",0
2026-01-01T12:36:35Z,ISLAND,100.0,0.0,"Baseline UPS logic. V: 0.935, SOC: 100.0%",0
2026-01-01T12:36:40Z,GRID_PASS,100.0,0.0,"Baseline UPS logic. V: 0.988, SOC: 100.0%",0
2026-01-01T12:36:45Z,GRID_PASS,100.0,0.0,"Baseline UPS logic. V: 0.958, SOC: 100.0%",0
2026-01-01T12:36:50Z,GRID_PASS,100.0,0.0,"Baseline UPS logic. V: 0.984, SOC: 100.0%",0
2026-01-01T12:36:55Z,GRID_PASS,100.0,0.0,"Baseline UPS logic. V: 0.985, SOC: 100.0%",0
2026-01-01T12:37:00Z,GRID_PASS,100.0,0.0,"Baseline UPS logic. V: 1.033, SOC: 100.0%",0
2026-01-01T12:37:05Z,GRID_PASS,100.0,0.0,"Baseline UPS logic. V: 0.950, SOC: 100.0%",0
2026-01-01T12:37:10Z,ISLAND,100.0,0.0,"Baseline UPS logic. V: 0.893, SOC: 100.0%",0
2026-01-01T12:37:15Z,GRID_PASS,100.0,0.0,"Baseline UPS logic. V: 1.021, SOC: 100.0%",0
2026-01-01T12:37:20Z,GRID_PASS,100.0,0.0,"Baseline UPS logic. V: 0.950, SOC: 100.0%",0
2026-01-01T12:37:25Z,GRID_PASS,100.0,0.0,"Baseline UPS logic. V: 1.023, SOC: 100.0%",0
2026-01-01T12:37:30Z,GRID_PASS,100.0,0.0,"Baseline UPS logic. V: 0.986, SOC: 100.0%",0
2026-01-01T12:37:35Z,GRID_PASS,100.0,0.0,"Baseline UPS logic. V: 0.961, SOC: 100.0%",0
2026-01-01T12:37:40Z,GRID_PASS,100.0,0.0,"Baseline UPS logic. V: 0.985, SOC: 100.0%",0
2026-01-01T12:37:45Z,GRID_PASS,100.0,0.0,"Baseline UPS logic. V: 1.065, SOC: 100.0%",0
2026-01-01T12:37:50Z,GRID_PASS,100.0,0.0,"Baseline UPS logic. V: 1.071, SOC: 100.0%",0
2026-01-01T12:37:55Z,GRID_PASS,100.0,0.0,"Baseline UPS logic. V: 0.971, SOC: 100.0%",0
2026-01-01T12:38:00Z,GRID_PASS,100.0,0.0,"Baseline UPS logic. V: 0.975, SOC: 100.0%",0
2026-01-01T12:38:05Z,GRID_PASS,100.0,0.0,"Baseline UPS logic. V: 1.021, SOC: 100.0%",0
2026-01-01T12:38:10Z,ISLAND,100.0,0.0,"Baseline UPS logic. V: 0.925, SOC: 100.0%",0
2026-01-01T12:38:15Z,GRID_PASS,100.0,0.0,"Baseline UPS logic. V: 0.984, SOC: 100.0%",0
2026-01-01T12:38:20Z,GRID_PASS,100.0,0.0,"Baseline UPS logic. V: 0.966, SOC: 100.0%",0
2026-01-01T12:38:25Z,GRID_PASS,100.0,0.0,"Baseline UPS logic. V: 0.983, SOC: 100.0%",0
2026-01-01T12:38:30Z,ISLAND,100.0,0.0,"Baseline UPS logic. V: 0.926, SOC: 100.0%",0
2026-01-01T12:38:35Z,ISLAND,100.0,0.0,"Baseline UPS logic. V: 0.888, SOC: 100.0%",0
2026-01-01T12:38:40Z,ISLAND,100.0,0.0,"Baseline UPS logic. V: 0.863, SOC: 100.0%",0
2026-01-01T12:38:45Z,ISLAND,100.0,0.0,"Baseline UPS logic. V: 0.911, SOC: 100.0%",0
2026-01-01T12:38:50Z,GRID_PASS,100.0,0.0,"Baseline UPS logic. V: 0.944, SOC: 100.0%",0
2026-01-01T12:38:55Z,GRID_PASS,100.0,0.0,"Baseline UPS logic. V: 0.952, SOC: 100.0%",0
2026-01-01T12:39:00Z,GRID_PASS,100.0,0.0,"Baseline UPS logic. V: 1.064, SOC: 100.0%",0
2026-01-01T12:39:05Z,GRID_PASS,100.0,0.0,"Baseline UPS logic. V: 1.022, SOC: 100.0%",0
2026-01-01T12:39:10Z,ISLAND,100.0,0.0,"Baseline UPS logic. V: 0.919, SOC: 100.0%",0
2026-01-01T12:39:15Z,GRID_PASS,100.0,0.0,"Baseline UPS logic. V: 0.985, SOC: 100.0%",0
2026-01-01T12:39:20Z,GRID_PASS,100.0,0.0,"Baseline UPS logic. V: 0.947, SOC: 100.0%",0
2026-01-01T12:39:25Z,GRID_PASS,100.0,0.0,"Baseline UPS logic. V: 0.953, SOC: 100.0%",0
2026-01-01T12:39:30Z,GRID_PASS,100.0,0.0,"Baseline UPS logic. V: 0.976, SOC: 100.0%",0
2026-01-01T12:39:35Z,GRID_PASS,100.0,0.0,"Baseline UPS logic. V: 0.998, SOC: 100.0%",0
2026-01-01T12:39:40Z,GRID_PASS,100.0,0.0,"Baseline UPS logic. V: 0.950, SOC: 100.0%",0
2026-01-01T12:39:45Z,GRID_PASS,100.0,0.0,"Baseline UPS logic. V: 1.020, SOC: 100.0%",0
2026-01-01T12:39:50Z,ISLAND,100.0,0.0,"Baseline UPS logic. V: 0.910, SOC: 100.0%",0
2026-01-01T12:39:55Z,GRID_PASS,100.0,0.0,"Baseline UPS logic. V: 0.968, SOC: 100.0%",0
2026-01-01T12:40:00Z,GRID_PASS,100.0,0.0,"Baseline UPS logic. V: 1.097, SOC: 100.0%",0
2026-01-01T12:40:05Z,GRID_PASS,100.0,0.0,"Baseline UPS logic. V: 0.978, SOC: 100.0%",0
2026-01-01T12:40:10Z,GRID_PASS,100.0,0.0,"Baseline UPS logic. V: 1.039, SOC: 100.0%",0
2026-01-01T12:40:15Z,GRID_PASS,100.0,0.0,"Baseline UPS logic. V: 0.972, SOC: 100.0%",0
2026-01-01T12:40:20Z,GRID_PASS,100.0,0.0,"Baseline UPS logic. V: 0.996, SOC: 100.0%",0
2026-01-01T12:40:25Z,GRID_PASS,100.0,0.0,"Baseline UPS logic. V: 0.964, SOC: 100.0%",0
2026-01-01T12:40:30Z,GRID_PASS,100.0,0.0,"Baseline UPS logic. V: 0.959, SOC: 100.0%",0
2026-01-01T12:40:35Z,ISLAND,100.0,0.0,"Baseline UPS logic. V: 0.928, SOC: 100.0%",0
2026-01-01T12:40:40Z,GRID_PASS,100.0,0.0,"Baseline UPS logic. V: 0.989, SOC: 100.0%",0
2026-01-01T12:40:45Z,ISLAND,100.0,0.0,"Baseline UPS logic. V: 0.924, SOC: 100.0%",0
2026-01-01T12:40:50Z,GRID_PASS,100.0,0.0,"Baseline UPS logic. V: 1.001, SOC: 100.0%",0
2026-01-01T12:40:55Z,GRID_PASS,100.0,0.0,"Baseline UPS logic. V: 1.021, SOC: 100.0%",0
2026-01-01T12:41:00Z,GRID_PASS,100.0,0.0,"Baseline UPS logic. V: 0.985, SOC: 100.0%",0
2026-01-01T12:41:05Z,GRID_PASS,100.0,0.0,"Baseline UPS logic. V: 0.953, SOC: 100.0%",0
2026-01-01T12:41:10Z,GRID_PASS,100.0,0.0,"Baseline UPS logic. V: 0.990, SOC: 100.0%",0
2026-01-01T12:41:15Z,GRID_PASS,100.0,0.0,"Baseline UPS logic. V: 0.952, SOC: 100.0%",0
2026-01-01T12:41:20Z,GRID_PASS,100.0,0.0,"Baseline UPS logic. V: 1.014, SOC: 100.0%",0
2026-01-01T12:41:25Z,ISLAND,100.0,0.0,"Baseline UPS logic. V: 0.876, SOC: 100.0%",0
2026-01-01T12:41:30Z,GRID_PASS,100.0,0.0,"Baseline UPS logic. V: 0.951, SOC: 100.0%",0
2026-01-01T12:41:35Z,ISLAND,100.0,0.0,"Baseline UPS logic. V: 0.867, SOC: 100.0%",0
2026-01-01T12:41:40Z,ISLAND,100.0,0.0,"Baseline UPS logic. V: 0.893, SOC: 100.0%",0
2026-01-01T12:41:45Z,GRID_PASS,100.0,0.0,"Baseline UPS logic. V: 1.035, SOC: 100.0%",0
2026-01-01T12:41:50Z,GRID_PASS,100.0,0.0,"Baseline UPS logic. V: 1.012, SOC: 100.0%",0
2026-01-01T12:41:55Z,ISLAND,100.0,0.0,"Baseline UPS logic. V: 0.931, SOC: 100.0%",0
2026-01-01T12:42:00Z,ISLAND,100.0,0.0,"Baseline UPS logic. V: 0.892, SOC: 100.0%",0
2026-01-01T12:42:05Z,ISLAND,100.0,0.0,"Baseline UPS logic. V: 0.819, SOC: 100.0%",0
2026-01-01T12:42:10Z,ISLAND,100.0,0.0,"Baseline UPS logic. V: 0.940, SOC: 100.0%",0
2026-01-01T12:42:15Z,GRID_PASS,100.0,0.0,"Baseline UPS logic. V: 1.088, SOC: 100.0%",0
2026-01-01T12:42:20Z,GRID_PASS,100.0,0.0,"Baseline UPS logic. V: 0.989, SOC: 100.0%",0
2026-01-01T12:42:25Z,ISLAND,100.0,0.0,"Baseline UPS logic. V: 0.939, SOC: 100.0%",0
2026-01-01T12:42:30Z,GRID_PASS,100.0,0.0,"Baseline UPS logic. V: 0.990, SOC: 100.0%",0
2026-01-01T12:42:35Z,ISLAND,100.0,0.0,"Baseline UPS logic. V: 0.889, SOC: 100.0%",0
2026-01-01T12:42:40Z,GRID_PASS,100.0,0.0,"Baseline UPS logic. V: 0.952, SOC: 100.0%",0
2026-01-01T12:42:45Z,GRID_PASS,100.0,0.0,"Baseline UPS logic. V: 0.972, SOC: 100.0%",0
2026-01-01T12:42:50Z,GRID_PASS,100.0,0.0,"Baseline UPS logic. V: 0.963, SOC: 100.0%",0
2026-01-01T12:42:55Z,GRID_PASS,100.0,0.0,"Baseline UPS logic. V: 1.007, SOC: 100.0%",0
2026-01-01T12:43:00Z,GRID_PASS,100.0,0.0,"Baseline UPS logic. V: 0.984, SOC: 100.0%",0
2026-01-01T12:43:05Z,GRID_PASS,100.0,0.0,"Baseline UPS logic. V: 1.001, SOC: 100.0%",0
2026-01-01T12:43:10Z,ISLAND,100.0,0.0,"Baseline UPS logic. V: 0.933, SOC: 100.0%",0
2026-01-01T12:43:15Z,GRID_PASS,100.0,0.0,"Baseline UPS logic. V: 1.012, SOC: 100.0%",0
2026-01-01T12:43:20Z,GRID_PASS,100.0,0.0,"Baseline UPS logic. V: 1.048, SOC: 100.0%",0
2026-01-01T12:43:25Z,ISLAND,100.0,0.0,"Baseline UPS logic. V: 0.919, SOC: 100.0%",0
2026-01-01T12:43:30Z,ISLAND,100.0,0.0,"Baseline UPS logic. V: 0.923, SOC: 100.0%",0
2026-01-01T12:43:35Z,GRID_PASS,100.0,0.0,"Baseline UPS logic. V: 1.034, SOC: 100.0%",0
2026-01-01T12:43:40Z,GRID_PASS,100.0,0.0,"Baseline UPS logic. V: 0.957, SOC: 100.0%",0
2026-01-01T12:43:45Z,GRID_PASS,100.0,0.0,"Baseline UPS logic. V: 1.037, SOC: 100.0%",0
2026-01-01T12:43:50Z,GRID_PASS,100.0,0.0,"Baseline UPS logic. V: 0.945, SOC: 100.0%",0
2026-01-01T12:43:55Z,GRID_PASS,100.0,0.0,"Baseline UPS logic. V: 1.040, SOC: 100.0%",0
2026-01-01T12:44:00Z,GRID_PASS,100.0,0.0,"Baseline UPS logic. V: 0.974, SOC: 100.0%",0
2026-01-01T12:44:05Z,GRID_PASS,100.0,0.0,"Baseline UPS logic. V: 0.980, SOC: 100.0%",0
2026-01-01T12:44:10Z,GRID_PASS,100.0,0.0,"Baseline UPS logic. V: 1.045, SOC: 100.0%",0
2026-01-01T12:44:15Z,GRID_PASS,100.0,0.0,"Baseline UPS logic. V: 0.949, SOC: 100.0%",0
2026-01-01T12:44:20Z,ISLAND,100.0,0.0,"Baseline UPS logic. V: 0.920, SOC: 100.0%",0
2026-01-01T12:44:25Z,GRID_PASS,100.0,0.0,"Baseline UPS logic. V: 0.945, SOC: 100.0%",0
2026-01-01T12:44:30Z,GRID_PASS,100.0,0.0,"Baseline UPS logic. V: 0.990, SOC: 100.0%",0
2026-01-01T12:44:35Z,ISLAND,100.0,0.0,"Baseline UPS logic. V: 0.889, SOC: 100.0%",0
2026-01-01T12:44:40Z,GRID_PASS,100.0,0.0,"Baseline UPS logic. V: 0.999, SOC: 100.0%",0
2026-01-01T12:44:45Z,GRID_PASS,100.0,0.0,"Baseline UPS logic. V: 0.940, SOC: 100.0%",0
2026-01-01T12:44:50Z,GRID_PASS,100.0,0.0,"Baseline UPS logic. V: 1.025, SOC: 100.0%",0
2026-01-01T12:44:55Z,ISLAND,100.0,0.0,"Baseline UPS logic. V: 0.847, SOC: 100.0%",0
2026-01-01T12:45:00Z,ISLAND,100.0,0.0,"Baseline UPS logic. V: 0.928, SOC: 100.0%",0
2026-01-01T12:45:05Z,ISLAND,100.0,0.0,"Baseline UPS logic. V: 0.883, SOC: 100.0%",0
2026-01-01T12:45:10Z,ISLAND,100.0,0.0,"Baseline UPS logic. V: 0.926, SOC: 100.0%",0
2026-01-01T12:45:15Z,GRID_PASS,100.0,0.0,"Baseline UPS logic. V: 0.979, SOC: 100.0%",0
2026-01-01T12:45:20Z,GRID_PASS,100.0,0.0,"Baseline UPS logic. V: 0.958, SOC: 100.0%",0
2026-01-01T12:45:25Z,GRID_PASS,100.0,0.0,"Baseline UPS logic. V: 0.955, SOC: 100.0%",0
2026-01-01T12:45:30Z,GRID_PASS,100.0,0.0,"Baseline UPS logic. V: 0.959, SOC: 100.0%",0
2026-01-01T12:45:35Z,GRID_PASS,100.0,0.0,"Baseline UPS logic. V: 0.977, SOC: 100.0%",0
2026-01-01T12:45:40Z,ISLAND,100.0,0.0,"Baseline UPS logic. V: 0.917, SOC: 100.0%",0
2026-01-01T12:45:45Z,GRID_PASS,100.0,0.0,"Baseline UPS logic. V: 1.003, SOC: 100.0%",0
2026-01-01T12:45:50Z,GRID_PASS,100.0,0.0,"Baseline UPS logic. V: 1.000, SOC: 100.0%",0
2026-01-01T12:45:55Z,GRID_PASS,100.0,0.0,"Baseline UPS logic. V: 0.986, SOC: 100.0%",0
2026-01-01T12:46:00Z,GRID_PASS,100.0,0.0,"Baseline UPS logic. V: 0.995, SOC: 100.0%",0
2026-01-01T12:46:05Z,GRID_PASS,100.0,0.0,"Baseline UPS logic. V: 0.982, SOC: 100.0%",0
2026-01-01T12:46:10Z,GRID_PASS,100.0,0.0,"Baseline UPS logic. V: 1.069, SOC: 100.0%",0
2026-01-01T12:46:15Z,GRID_PASS,100.0,0.0,"Baseline UPS logic. V: 0.963, SOC: 100.0%",0
2026-01-01T12:46:20Z,GRID_PASS,100.0,0.0,"Baseline UPS logic. V: 0.952, SOC: 100.0%",0
2026-01-01T12:46:25Z,ISLAND,100.0,0.0,"Baseline UPS logic. V: 0.930, SOC: 100.0%",0
2026-01-01T12:46:30Z,ISLAND,100.0,0.0,"Baseline UPS logic. V: 0.916, SOC: 100.0%",0
2026-01-01T12:46:35Z,ISLAND,100.0,0.0,"Baseline UPS logic. V: 0.905, SOC: 100.0%",0
2026-01-01T12:46:40Z,ISLAND,100.0,0.0,"Baseline UPS logic. V: 0.923, SOC: 100.0%",0
2026-01-01T12:46:45Z,GRID_PASS,100.0,0.0,"Baseline UPS logic. V: 0.963, SOC: 100.0%",0
2026-01-01T12:46:50Z,GRID_PASS,100.0,0.0,"Baseline UPS logic. V: 0.984, SOC: 100.0%",0
2026-01-01T12:46:55Z,GRID_PASS,100.0,0.0,"Baseline UPS logic. V: 0.970, SOC: 100.0%",0
2026-01-01T12:47:00Z,ISLAND,100.0,0.0,"Baseline UPS logic. V: 0.929, SOC: 100.0%",0
2026-01-01T12:47:05Z,GRID_PASS,100.0,0.0,"Baseline UPS logic. V: 1.012, SOC: 100.0%",0
2026-01-01T12:47:10Z,GRID_PASS,100.0,0.0,"Baseline UPS logic. V: 1.004, SOC: 100.0%",0
2026-01-01T12:47:15Z,GRID_PASS,100.0,0.0,"Baseline UPS logic. V: 0.959, SOC: 100.0%",0
2026-01-01T12:47:20Z,ISLAND,100.0,0.0,"Baseline UPS logic. V: 0.935, SOC: 100.0%",0
2026-01-01T12:47:25Z,GRID_PASS,100.0,0.0,"Baseline UPS logic. V: 0.995, SOC: 100.0%",0
2026-01-01T12:47:30Z,GRID_PASS,100.0,0.0,"Baseline UPS logic. V: 0.976, SOC: 100.0%",0
2026-01-01T12:47:35Z,ISLAND,100.0,0.0,"Baseline UPS logic. V: 0.895, SOC: 100.0%",0
2026-01-01T12:47:40Z,GRID_PASS,100.0,0.0,"Baseline UPS logic. V: 0.964, SOC: 100.0%",0
2026-01-01T12:47:45Z,GRID_PASS,100.0,0.0,"Baseline UPS logic. V: 0.980, SOC: 100.0%",0
2026-01-01T12:47:50Z,ISLAND,100.0,0.0,"Baseline UPS logic. V: 0.922, SOC: 100.0%",0
2026-01-01T12:47:55Z,GRID_PASS,100.0,0.0,"Baseline UPS logic. V: 0.977, SOC: 100.0%",0
2026-01-01T12:48:00Z,ISLAND,100.0,0.0,"Baseline UPS logic. V: 0.894, SOC: 100.0%",0
2026-01-01T12:48:05Z,GRID_PASS,100.0,0.0,"Baseline UPS logic. V: 1.034, SOC: 100.0%",0
2026-01-01T12:48:10Z,GRID_PASS,100.0,0.0,"Baseline UPS logic. V: 1.029, SOC: 100.0%",0
2026-01-01T12:48:15Z,GRID_PASS,100.0,0.0,"Baseline UPS logic. V: 0.954, SOC: 100.0%",0
2026-01-01T12:48:20Z,GRID_PASS,100.0,0.0,"Baseline UPS logic. V: 0.985, SOC: 100.0%",0
2026-01-01T12:48:25Z,ISLAND,100.0,0.0,"Baseline UPS logic. V: 0.847, SOC: 100.0%",0
2026-01-01T12:48:30Z,ISLAND,100.0,0.0,"Baseline UPS logic. V: 0.909, SOC: 100.0%",0
2026-01-01T12:48:35Z,GRID_PASS,100.0,0.0,"Baseline UPS logic. V: 0.952, SOC: 100.0%",0
2026-01-01T12:48:40Z,ISLAND,100.0,0.0,"Baseline UPS logic. V: 0.913, SOC: 100.0%",0
2026-01-01T12:48:45Z,GRID_PASS,100.0,0.0,"Baseline UPS logic. V: 1.003, SOC: 100.0%",0
2026-01-01T12:48:50Z,GRID_PASS,100.0,0.0,"Baseline UPS logic. V: 1.067, SOC: 100.0%",0
2026-01-01T12:48:55Z,ISLAND,100.0,0.0,"Baseline UPS logic. V: 0.908, SOC: 100.0%",0
2026-01-01T12:49:00Z,ISLAND,100.0,0.0,"Baseline UPS logic. V: 0.925, SOC: 100.0%",0
2026-01-01T12:49:05Z,GRID_PASS,100.0,0.0,"Baseline UPS logic. V: 0.979, SOC: 100.0%",0
2026-01-01T12:49:10Z,GRID_PASS,100.0,0.0,"Baseline UPS logic. V: 1.048, SOC: 100.0%",0
2026-01-01T12:49:15Z,ISLAND,100.0,0.0,"Baseline UPS logic. V: 0.906, SOC: 100.0%",0
2026-01-01T12:49:20Z,GRID_PASS,100.0,0.0,"Baseline UPS logic. V: 0.980, SOC: 100.0%",0
2026-01-01T12:49:25Z,GRID_PASS,100.0,0.0,"Baseline UPS logic. V: 1.058, SOC: 100.0%",0
2026-01-01T12:49:30Z,ISLAND,100.0,0.0,"Baseline UPS logic. V: 0.885, SOC: 100.0%",0
2026-01-01T12:49:35Z,ISLAND,100.0,0.0,"Baseline UPS logic. V: 0.903, SOC: 100.0%",0
2026-01-01T12:49:40Z,GRID_PASS,100.0,0.0,"Baseline UPS logic. V: 0.946, SOC: 100.0%",0
2026-01-01T12:49:45Z,GRID_PASS,100.0,0.0,"Baseline UPS logic. V: 0.941, SOC: 100.0%",0
2026-01-01T12:49:50Z,GRID_PASS,100.0,0.0,"Baseline UPS logic. V: 1.008, SOC: 100.0%",0
2026-01-01T12:49:55Z,GRID_PASS,100.0,0.0,"Baseline UPS logic. V: 0.979, SOC: 100.0%",0
2026-01-01T12:50:00Z,ISLAND,100.0,0.0,"Baseline UPS logic. V: 0.878, SOC: 100.0%",0
2026-01-01T12:50:05Z,GRID_PASS,100.0,0.0,"Baseline UPS logic. V: 0.993, SOC: 100.0%",0
2026-01-01T12:50:10Z,ISLAND,100.0,0.0,"Baseline UPS logic. V: 0.938, SOC: 100.0%",0
2026-01-01T12:50:15Z,GRID_PASS,100.0,0.0,"Baseline UPS logic. V: 1.031, SOC: 100.0%",0
2026-01-01T12:50:20Z,ISLAND,100.0,0.0,"Baseline UPS logic. V: 0.936, SOC: 100.0%",0
2026-01-01T12:50:25Z,ISLAND,100.0,0.0,"Baseline UPS logic. V: 0.935, SOC: 100.0%",0
2026-01-01T12:50:30Z,GRID_PASS,100.0,0.0,"Baseline UPS logic. V: 0.994, SOC: 100.0%",0
2026-01-01T12:50:35Z,GRID_PASS,100.0,0.0,"Baseline UPS logic. V: 1.005, SOC: 100.0%",0
2026-01-01T12:50:40Z,GRID_PASS,100.0,0.0,"Baseline UPS logic. V: 0.990, SOC: 100.0%",0
2026-01-01T12:50:45Z,ISLAND,100.0,0.0,"Baseline UPS logic. V: 0.883, SOC: 100.0%",0
2026-01-01T12:50:50Z,GRID_PASS,100.0,0.0,"Baseline UPS logic. V: 0.994, SOC: 100.0%",0
2026-01-01T12:50:55Z,ISLAND,100.0,0.0,"Baseline UPS logic. V: 0.915, SOC: 100.0%",0
2026-01-01T12:51:00Z,GRID_PASS,100.0,0.0,"Baseline UPS logic. V: 0.979, SOC: 100.0%",0
2026-01-01T12:51:05Z,ISLAND,100.0,0.0,"Baseline UPS logic. V: 0.896, SOC: 100.0%",0
2026-01-01T12:51:10Z,GRID_PASS,100.0,0.0,"Baseline UPS logic. V: 0.990, SOC: 100.0%",0
2026-01-01T12:51:15Z,ISLAND,100.0,0.0,"Baseline UPS logic. V: 0.927, SOC: 100.0%",0
2026-01-01T12:51:20Z,ISLAND,100.0,0.0,"Baseline UPS logic. V: 0.903, SOC: 100.0%",0
2026-01-01T12:51:25Z,GRID_PASS,100.0,0.0,"Baseline UPS logic. V: 1.003, SOC: 100.0%",0
2026-01-01T12:51:30Z,GRID_PASS,100.0,0.0,"Baseline UPS logic. V: 0.979, SOC: 100.0%",0
2026-01-01T12:51:35Z,ISLAND,100.0,0.0,"Baseline UPS logic. V: 0.936, SOC: 100.0%",0
2026-01-01T12:51:40Z,GRID_PASS,100.0,0.0,"Baseline UPS logic. V: 1.040, SOC: 100.0%",0
2026-01-01T12:51:45Z,GRID_PASS,100.0,0.0,"Baseline UPS logic. V: 0.945, SOC: 100.0%",0
2026-01-01T12:51:50Z,GRID_PASS,100.0,0.0,"Baseline UPS logic. V: 0.969, SOC: 100.0%",0
2026-01-01T12:51:55Z,GRID_PASS,100.0,0.0,"Baseline UPS logic. V: 0.981, SOC: 100.0%",0
2026-01-01T12:52:00Z,ISLAND,100.0,0.0,"Baseline UPS logic. V: 0.936, SOC: 100.0%",0
2026-01-01T12:52:05Z,GRID_PASS,100.0,0.0,"Baseline UPS logic. V: 0.991, SOC: 100.0%",0
2026-01-01T12:52:10Z,GRID_PASS,100.0,0.0,"Baseline UPS logic. V: 0.940, SOC: 100.0%",0
2026-01-01T12:52:15Z,GRID_PASS,100.0,0.0,"Baseline UPS logic. V: 0.947, SOC: 100.0%",0
2026-01-01T12:52:20Z,GRID_PASS,100.0,0.0,"Baseline UPS logic. V: 1.035, SOC: 100.0%",0
2026-01-01T12:52:25Z,ISLAND,100.0,0.0,"Baseline UPS logic. V: 0.915, SOC: 100.0%",0
2026-01-01T12:52:30Z,ISLAND,100.0,0.0,"Baseline UPS logic. V: 0.847, SOC: 100.0%",0
2026-01-01T12:52:35Z,GRID_PASS,100.0,0.0,"Baseline UPS logic. V: 1.047, SOC: 100.0%",0
2026-01-01T12:52:40Z,GRID_PASS,100.0,0.0,"Baseline UPS logic. V: 1.094, SOC: 100.0%",0
2026-01-01T12:52:45Z,GRID_PASS,100.0,0.0,"Baseline UPS logic. V: 0.947, SOC: 100.0%",0
2026-01-01T12:52:50Z,ISLAND,100.0,0.0,"Baseline UPS logic. V: 0.870, SOC: 100.0%",0
2026-01-01T12:52:55Z,GRID_PASS,100.0,0.0,"Baseline UPS logic. V: 0.952, SOC: 100.0%",0
2026-01-01T12:53:00Z,GRID_PASS,100.0,0.0,"Baseline UPS logic. V: 0.953, SOC: 100.0%",0
2026-01-01T12:53:05Z,GRID_PASS,100.0,0.0,"Baseline UPS logic. V: 0.958, SOC: 100.0%",0
2026-01-01T12:53:10Z,ISLAND,100.0,0.0,"Baseline UPS logic. V: 0.912, SOC: 100.0%",0
2026-01-01T12:53:15Z,GRID_PASS,100.0,0.0,"Baseline UPS logic. V: 0.996, SOC: 100.0%",0
2026-01-01T12:53:20Z,GRID_PASS,100.0,0.0,"Baseline UPS logic. V: 0.993, SOC: 100.0%",0
2026-01-01T12:53:25Z,ISLAND,100.0,0.0,"Baseline UPS logic. V: 0.892, SOC: 100.0%",0
2026-01-01T12:53:30Z,GRID_PASS,100.0,0.0,"Baseline UPS logic. V: 1.002, SOC: 100.0%",0
2026-01-01T12:53:35Z,GRID_PASS,100.0,0.0,"Baseline UPS logic. V: 1.070, SOC: 100.0%",0
2026-01-01T12:53:40Z,GRID_PASS,100.0,0.0,"Baseline UPS logic. V: 0.976, SOC: 100.0%",0
2026-01-01T12:53:45Z,GRID_PASS,100.0,0.0,"Baseline UPS logic. V: 0.950, SOC: 100.0%",0
2026-01-01T12:53:50Z,GRID_PASS,100.0,0.0,"Baseline UPS logic. V: 0.960, SOC: 100.0%",0
2026-01-01T12:53:55Z,GRID_PASS,100.0,0.0,"Baseline UPS logic. V: 0.998, SOC: 100.0%",0
2026-01-01T12:54:00Z,ISLAND,100.0,0.0,"Baseline UPS logic. V: 0.881, SOC: 100.0%",0
2026-01-01T12:54:05Z,GRID_PASS,100.0,0.0,"Baseline UPS logic. V: 0.975, SOC: 100.0%",0
2026-01-01T12:54:10Z,GRID_PASS,100.0,0.0,"Baseline UPS logic. V: 0.947, SOC: 100.0%",0
2026-01-01T12:54:15Z,GRID_PASS,100.0,0.0,"Baseline UPS logic. V: 1.060, SOC: 100.0%",0
2026-01-01T12:54:20Z,GRID_PASS,100.0,0.0,"Baseline UPS logic. V: 0.958, SOC: 100.0%",0
2026-01-01T12:54:25Z,GRID_PASS,100.0,0.0,"Baseline UPS logic. V: 1.051, SOC: 100.0%",0
2026-01-01T12:54:30Z,ISLAND,100.0,0.0,"Baseline UPS logic. V: 0.912, SOC: 100.0%",0
2026-01-01T12:54:35Z,GRID_PASS,100.0,0.0,"Baseline UPS logic. V: 0.997, SOC: 100.0%",0
2026-01-01T12:54:40Z,GRID_PASS,100.0,0.0,"Baseline UPS logic. V: 0.983, SOC: 100.0%",0
2026-01-01T12:54:45Z,ISLAND,100.0,0.0,"Baseline UPS logic. V: 0.924, SOC: 100.0%",0
2026-01-01T12:54:50Z,GRID_PASS,100.0,0.0,"Baseline UPS logic. V: 0.976, SOC: 100.0%",0
2026-01-01T12:54:55Z,GRID_PASS,100.0,0.0,"Baseline UPS logic. V: 1.028, SOC: 100.0%",0
2026-01-01T12:55:00Z,GRID_PASS,100.0,0.0,"Baseline UPS logic. V: 0.951, SOC: 100.0%",0
2026-01-01T12:55:05Z,ISLAND,100.0,0.0,"Baseline UPS logic. V: 0.883, SOC: 100.0%",0
2026-01-01T12:55:10Z,GRID_PASS,100.0,0.0,"Baseline UPS logic. V: 0.966, SOC: 100.0%",0
2026-01-01T12:55:15Z,ISLAND,100.0,0.0,"Baseline UPS logic. V: 0.922, SOC: 100.0%",0
2026-01-01T12:55:20Z,GRID_PASS,100.0,0.0,"Baseline UPS logic. V: 0.950, SOC: 100.0%",0
2026-01-01T12:55:25Z,GRID_PASS,100.0,0.0,"Baseline UPS logic. V: 0.963, SOC: 100.0%",0
2026-01-01T12:55:30Z,ISLAND,100.0,0.0,"Baseline UPS logic. V: 0.882, SOC: 100.0%",0
2026-01-01T12:55:35Z,ISLAND,100.0,0.0,"Baseline UPS logic. V: 0.886, SOC: 100.0%",0
2026-01-01T12:55:40Z,GRID_PASS,100.0,0.0,"Baseline UPS logic. V: 0.991, SOC: 100.0%",0
2026-01-01T12:55:45Z,GRID_PASS,100.0,0.0,"Baseline UPS logic. V: 0.941, SOC: 100.0%",0
2026-01-01T12:55:50Z,ISLAND,100.0,0.0,"Baseline UPS logic. V: 0.839, SOC: 100.0%",0
2026-01-01T12:55:55Z,GRID_PASS,100.0,0.0,"Baseline UPS logic. V: 1.007, SOC: 100.0%",0
2026-01-01T12:56:00Z,GRID_PASS,100.0,0.0,"Baseline UPS logic. V: 0.981, SOC: 100.0%",0
2026-01-01T12:56:05Z,ISLAND,100.0,0.0,"Baseline UPS logic. V: 0.931, SOC: 100.0%",0
2026-01-01T12:56:10Z,ISLAND,100.0,0.0,"Baseline UPS logic. V: 0.901, SOC: 100.0%",0
2026-01-01T12:56:15Z,GRID_PASS,100.0,0.0,"Baseline UPS logic. V: 1.009, SOC: 100.0%",0
2026-01-01T12:56:20Z,GRID_PASS,100.0,0.0,"Baseline UPS logic. V: 0.984, SOC: 100.0%",0
2026-01-01T12:56:25Z,GRID_PASS,100.0,0.0,"Baseline UPS logic. V: 1.086, SOC: 100.0%",0
2026-01-01T12:56:30Z,GRID_PASS,100.0,0.0,"Baseline UPS logic. V: 0.988, SOC: 100.0%",0
2026-01-01T12:56:35Z,GRID_PASS,100.0,0.0,"Baseline UPS logic. V: 0.987, SOC: 100.0%",0
2026-01-01T12:56:40Z,GRID_PASS,100.0,0.0,"Baseline UPS logic. V: 0.959, SOC: 100.0%",0
2026-01-01T12:56:45Z,GRID_PASS,100.0,0.0,"Baseline UPS logic. V: 1.008, SOC: 100.0%",0
2026-01-01T12:56:50Z,GRID_PASS,100.0,0.0,"Baseline UPS logic. V: 0.998, SOC: 100.0%",0
2026-01-01T12:56:55Z,GRID_PASS,100.0,0.0,"Baseline UPS logic. V: 1.030, SOC: 100.0%",0
2026-01-01T12:57:00Z,GRID_PASS,100.0,0.0,"Baseline UPS logic. V: 0.941, SOC: 100.0%",0
2026-01-01T12:57:05Z,GRID_PASS,100.0,0.0,"Baseline UPS logic. V: 0.945, SOC: 100.0%",0
2026-01-01T12:57:10Z,GRID_PASS,100.0,0.0,"Baseline UPS logic. V: 0.943, SOC: 100.0%",0
2026-01-01T12:57:15Z,GRID_PASS,100.0,0.0,"Baseline UPS logic. V: 1.007, SOC: 100.0%",0
2026-01-01T12:57:20Z,GRID_PASS,100.0,0.0,"Baseline UPS logic. V: 1.042, SOC: 100.0%",0
2026-01-01T12:57:25Z,GRID_PASS,100.0,0.0,"Baseline UPS logic. V: 0.944, SOC: 100.0%",0
2026-01-01T12:57:30Z,GRID_PASS,100.0,0.0,"Baseline UPS logic. V: 0.946, SOC: 100.0%",0
2026-01-01T12:57:35Z,GRID_PASS,100.0,0.0,"Baseline UPS logic. V: 0.983, SOC: 100.0%",0
2026-01-01T12:57:40Z,GRID_PASS,100.0,0.0,"Baseline UPS logic. V: 0.955, SOC: 100.0%",0
2026-01-01T12:57:45Z,GRID_PASS,100.0,0.0,"Baseline UPS logic. V: 1.015, SOC: 100.0%",0
2026-01-01T12:57:50Z,ISLAND,100.0,0.0,"Baseline UPS logic. V: 0.855, SOC: 100.0%",0
2026-01-01T12:57:55Z,ISLAND,100.0,0.0,"Baseline UPS logic. V: 0.926, SOC: 100.0%",0
2026-01-01T12:58:00Z,ISLAND,100.0,0.0,"Baseline UPS logic. V: 0.928, SOC: 100.0%",0
2026-01-01T12:58:05Z,ISLAND,100.0,0.0,"Baseline UPS logic. V: 0.851, SOC: 100.0%",0
2026-01-01T12:58:10Z,ISLAND,100.0,0.0,"Baseline UPS logic. V: 0.919, SOC: 100.0%",0
2026-01-01T12:58:15Z,ISLAND,100.0,0.0,"Baseline UPS logic. V: 0.921, SOC: 100.0%",0
2026-01-01T12:58:20Z,GRID_PASS,100.0,0.0,"Baseline UPS logic. V: 0.957, SOC: 100.0%",0
2026-01-01T12:58:25Z,GRID_PASS,100.0,0.0,"Baseline UPS logic. V: 1.023, SOC: 100.0%",0
2026-01-01T12:58:30Z,GRID_PASS,100.0,0.0,"Baseline UPS logic. V: 0.955, SOC: 100.0%",0
2026-01-01T12:58:35Z,ISLAND,100.0,0.0,"Baseline UPS logic. V: 0.916, SOC: 100.0%",0
2026-01-01T12:58:40Z,GRID_PASS,100.0,0.0,"Baseline UPS logic. V: 0.964, SOC: 100.0%",0
2026-01-01T12:58:45Z,GRID_PASS,100.0,0.0,"Baseline UPS logic. V: 1.019, SOC: 100.0%",0
2026-01-01T12:58:50Z,ISLAND,100.0,0.0,"Baseline UPS logic. V: 0.918, SOC: 100.0%",0
2026-01-01T12:58:55Z,ISLAND,100.0,0.0,"Baseline UPS logic. V: 0.922, SOC: 100.0%",0
2026-01-01T12:59:00Z,GRID_PASS,100.0,0.0,"Baseline UPS logic. V: 0.995, SOC: 100.0%",0
2026-01-01T12:59:05Z,GRID_PASS,100.0,0.0,"Baseline UPS logic. V: 0.956, SOC: 100.0%",0
2026-01-01T12:59:10Z,GRID_PASS,100.0,0.0,"Baseline UPS logic. V: 1.000, SOC: 100.0%",0
2026-01-01T12:59:15Z,GRID_PASS,100.0,0.0,"Baseline UPS logic. V: 0.966, SOC: 100.0%",0
2026-01-01T12:59:20Z,GRID_PASS,100.0,0.0,"Baseline UPS logic. V: 1.002, SOC: 100.0%",0
2026-01-01T12:59:25Z,ISLAND,100.0,0.0,"Baseline UPS logic. V: 0.915, SOC: 100.0%",0
2026-01-01T12:59:30Z,GRID_PASS,100.0,0.0,"Baseline UPS logic. V: 0.967, SOC: 100.0%",0
2026-01-01T12:59:35Z,GRID_PASS,100.0,0.0,"Baseline UPS logic. V: 0.956, SOC: 100.0%",0
2026-01-01T12:59:40Z,ISLAND,100.0,0.0,"Baseline UPS logic. V: 0.906, SOC: 100.0%",0
2026-01-01T12:59:45Z,ISLAND,100.0,0.0,"Baseline UPS logic. V: 0.889, SOC: 100.0%",0
2026-01-01T12:59:50Z,GRID_PASS,100.0,0.0,"Baseline UPS logic. V: 1.001, SOC: 100.0%",0
2026-01-01T12:59:55Z,GRID_PASS,100.0,0.0,"Baseline UPS logic. V: 0.949, SOC: 100.0%",0
2026-01-01T13:00:00Z,ISLAND,100.0,0.0,"Baseline UPS logic. V: 0.916, SOC: 100.0%",0
2026-01-01T13:00:05Z,GRID_PASS,100.0,0.0,"Baseline UPS logic. V: 0.962, SOC: 100.0%",0
2026-01-01T13:00:10Z,GRID_PASS,100.0,0.0,"Baseline UPS logic. V: 1.023, SOC: 100.0%",0
2026-01-01T13:00:15Z,ISLAND,100.0,0.0,"Baseline UPS logic. V: 0.853, SOC: 100.0%",0
2026-01-01T13:00:20Z,ISLAND,100.0,0.0,"Baseline UPS logic. V: 0.892, SOC: 100.0%",0
2026-01-01T13:00:25Z,ISLAND,100.0,0.0,"Baseline UPS logic. V: 0.921, SOC: 100.0%",0
2026-01-01T13:00:30Z,GRID_PASS,100.0,0.0,"Baseline UPS logic. V: 1.040, SOC: 100.0%",0
2026-01-01T13:00:35Z,GRID_PASS,100.0,0.0,"Baseline UPS logic. V: 0.981, SOC: 100.0%",0
2026-01-01T13:00:40Z,GRID_PASS,100.0,0.0,"Baseline UPS logic. V: 1.006, SOC: 100.0%",0
2026-01-01T13:00:45Z,ISLAND,100.0,0.0,"Baseline UPS logic. V: 0.910, SOC: 100.0%",0
2026-01-01T13:00:50Z,ISLAND,100.0,0.0,"Baseline UPS logic. V: 0.911, SOC: 100.0%",0
2026-01-01T13:00:55Z,GRID_PASS,100.0,0.0,"Baseline UPS logic. V: 0.989, SOC: 100.0%",0
2026-01-01T13:01:00Z,GRID_PASS,100.0,0.0,"Baseline UPS logic. V: 0.970, SOC: 100.0%",0
2026-01-01T13:01:05Z,GRID_PASS,100.0,0.0,"Baseline UPS logic. V: 0.995, SOC: 100.0%",0
2026-01-01T13:01:10Z,GRID_PASS,100.0,0.0,"Baseline UPS logic. V: 0.958, SOC: 100.0%",0
2026-01-01T13:01:15Z,GRID_PASS,100.0,0.0,"Baseline UPS logic. V: 0.981, SOC: 100.0%",0
2026-01-01T13:01:20Z,GRID_PASS,100.0,0.0,"Baseline UPS logic. V: 0.975, SOC: 100.0%",0
2026-01-01T13:01:25Z,GRID_PASS,100.0,0.0,"Baseline UPS logic. V: 1.006, SOC: 100.0%",0
2026-01-01T13:01:30Z,GRID_PASS,100.0,0.0,"Baseline UPS logic. V: 1.007, SOC: 100.0%",0
2026-01-01T13:01:35Z,ISLAND,100.0,0.0,"Baseline UPS logic. V: 0.886, SOC: 100.0%",0
2026-01-01T13:01:40Z,ISLAND,100.0,0.0,"Baseline UPS logic. V: 0.855, SOC: 100.0%",0
2026-01-01T13:01:45Z,GRID_PASS,100.0,0.0,"Baseline UPS logic. V: 1.017, SOC: 100.0%",0
2026-01-01T13:01:50Z,GRID_PASS,100.0,0.0,"Baseline UPS logic. V: 1.026, SOC: 100.0%",0
2026-01-01T13:01:55Z,ISLAND,100.0,0.0,"Baseline UPS logic. V: 0.916, SOC: 100.0%",0
2026-01-01T13:02:00Z,ISLAND,100.0,0.0,"Baseline UPS logic. V: 0.874, SOC: 100.0%",0
2026-01-01T13:02:05Z,GRID_PASS,100.0,0.0,"Baseline UPS logic. V: 0.972, SOC: 100.0%",0
2026-01-01T13:02:10Z,GRID_PASS,100.0,0.0,"Baseline UPS logic. V: 1.013, SOC: 100.0%",0
2026-01-01T13:02:15Z,GRID_PASS,100.0,0.0,"Baseline UPS logic. V: 1.057, SOC: 100.0%",0
2026-01-01T13:02:20Z,GRID_PASS,100.0,0.0,"Baseline UPS logic. V: 0.993, SOC: 100.0%",0
2026-01-01T13:02:25Z,GRID_PASS,100.0,0.0,"Baseline UPS logic. V: 0.949, SOC: 100.0%",0
2026-01-01T13:02:30Z,ISLAND,100.0,0.0,"Baseline UPS logic. V: 0.923, SOC: 100.0%",0
2026-01-01T13:02:35Z,GRID_PASS,100.0,0.0,"Baseline UPS logic. V: 0.968, SOC: 100.0%",0
2026-01-01T13:02:40Z,GRID_PASS,100.0,0.0,"Baseline UPS logic. V: 0.952, SOC: 100.0%",0
2026-01-01T13:02:45Z,ISLAND,100.0,0.0,"Baseline UPS logic. V: 0.916, SOC: 100.0%",0
2026-01-01T13:02:50Z,GRID_PASS,100.0,0.0,"Baseline UPS logic. V: 1.070, SOC: 100.0%",0
2026-01-01T13:02:55Z,GRID_PASS,100.0,0.0,"Baseline UPS logic. V: 1.056, SOC: 100.0%",0
2026-01-01T13:03:00Z,GRID_PASS,100.0,0.0,"Baseline UPS logic. V: 1.024, SOC: 100.0%",0
2026-01-01T13:03:05Z,ISLAND,100.0,0.0,"Baseline UPS logic. V: 0.921, SOC: 100.0%",0
2026-01-01T13:03:10Z,GRID_PASS,100.0,0.0,"Baseline UPS logic. V: 1.010, SOC: 100.0%",0
2026-01-01T13:03:15Z,GRID_PASS,100.0,0.0,"Baseline UPS logic. V: 0.999, SOC: 100.0%",0
2026-01-01T13:03:20Z,GRID_PASS,100.0,0.0,"Baseline UPS logic. V: 0.989, SOC: 100.0%",0
2026-01-01T13:03:25Z,GRID_PASS,100.0,0.0,"Baseline UPS logic. V: 1.030, SOC: 100.0%",0
2026-01-01T13:03:30Z,GRID_PASS,100.0,0.0,"Baseline UPS logic. V: 0.999, SOC: 100.0%",0
2026-01-01T13:03:35Z,GRID_PASS,100.0,0.0,"Baseline UPS logic. V: 1.004, SOC: 100.0%",0
2026-01-01T13:03:40Z,GRID_PASS,100.0,0.0,"Baseline UPS logic. V: 0.999, SOC: 100.0%",0
2026-01-01T13:03:45Z,GRID_PASS,100.0,0.0,"Baseline UPS logic. V: 0.984, SOC: 100.0%",0
2026-01-01T13:03:50Z,ISLAND,100.0,0.0,"Baseline UPS logic. V: 0.878, SOC: 100.0%",0
2026-01-01T13:03:55Z,GRID_PASS,100.0,0.0,"Baseline UPS logic. V: 0.971, SOC: 100.0%",0
2026-01-01T13:04:00Z,ISLAND,100.0,0.0,"Baseline UPS logic. V: 0.939, SOC: 100.0%",0
2026-01-01T13:04:05Z,ISLAND,100.0,0.0,"Baseline UPS logic. V: 0.903, SOC: 100.0%",0
2026-01-01T13:04:10Z,GRID_PASS,100.0,0.0,"Baseline UPS logic. V: 1.051, SOC: 100.0%",0
2026-01-01T13:04:15Z,GRID_PASS,100.0,0.0,"Baseline UPS logic. V: 1.053, SOC: 100.0%",0
2026-01-01T13:04:20Z,GRID_PASS,100.0,0.0,"Baseline UPS logic. V: 1.035, SOC: 100.0%",0
2026-01-01T13:04:25Z,GRID_PASS,100.0,0.0,"Baseline UPS logic. V: 0.980, SOC: 100.0%",0
2026-01-01T13:04:30Z,GRID_PASS,100.0,0.0,"Baseline UPS logic. V: 1.035, SOC: 100.0%",0
2026-01-01T13:04:35Z,GRID_PASS,100.0,0.0,"Baseline UPS logic. V: 0.968, SOC: 100.0%",0
2026-01-01T13:04:40Z,GRID_PASS,100.0,0.0,"Baseline UPS logic. V: 0.977, SOC: 100.0%",0
2026-01-01T13:04:45Z,ISLAND,100.0,0.0,"Baseline UPS logic. V: 0.912, SOC: 100.0%",0
2026-01-01T13:04:50Z,GRID_PASS,100.0,0.0,"Baseline UPS logic. V: 0.987, SOC: 100.0%",0
2026-01-01T13:04:55Z,GRID_PASS,100.0,0.0,"Baseline UPS logic. V: 0.970, SOC: 100.0%",0
2026-01-01T13:05:00Z,ISLAND,100.0,0.0,"Baseline UPS logic. V: 0.902, SOC: 100.0%",0
2026-01-01T13:05:05Z,GRID_PASS,100.0,0.0,"Baseline UPS logic. V: 0.965, SOC: 100.0%",0
2026-01-01T13:05:10Z,GRID_PASS,100.0,0.0,"Baseline UPS logic. V: 0.963, SOC: 100.0%",0
2026-01-01T13:05:15Z,GRID_PASS,100.0,0.0,"Baseline UPS logic. V: 1.057, SOC: 100.0%",0
2026-01-01T13:05:20Z,GRID_PASS,100.0,0.0,"Baseline UPS logic. V: 1.012, SOC: 100.0%",0
2026-01-01T13:05:25Z,GRID_PASS,100.0,0.0,"Baseline UPS logic. V: 0.968, SOC: 100.0%",0
2026-01-01T13:05:30Z,GRID_PASS,100.0,0.0,"Baseline UPS logic. V: 0.980, SOC: 100.0%",0
2026-01-01T13:05:35Z,GRID_PASS,100.0,0.0,"Baseline UPS logic. V: 0.969, SOC: 100.0%",0
2026-01-01T13:05:40Z,GRID_PASS,100.0,0.0,"Baseline UPS logic. V: 0.957, SOC: 100.0%",0
2026-01-01T13:05:45Z,ISLAND,100.0,0.0,"Baseline UPS logic. V: 0.913, SOC: 100.0%",0
2026-01-01T13:05:50Z,GRID_PASS,100.0,0.0,"Baseline UPS logic. V: 0.960, SOC: 100.0%",0
2026-01-01T13:05:55Z,ISLAND,100.0,0.0,"Baseline UPS logic. V: 0.930, SOC: 100.0%",0
2026-01-01T13:06:00Z,ISLAND,100.0,0.0,"Baseline UPS logic. V: 0.905, SOC: 100.0%",0
2026-01-01T13:06:05Z,GRID_PASS,100.0,0.0,"Baseline UPS logic. V: 0.992, SOC: 100.0%",0
2026-01-01T13:06:10Z,GRID_PASS,100.0,0.0,"Baseline UPS logic. V: 0.986, SOC: 100.0%",0
2026-01-01T13:06:15Z,ISLAND,100.0,0.0,"Baseline UPS logic. V: 0.878, SOC: 100.0%",0
2026-01-01T13:06:20Z,GRID_PASS,100.0,0.0,"Baseline UPS logic. V: 0.961, SOC: 100.0%",0
2026-01-01T13:06:25Z,GRID_PASS,100.0,0.0,"Baseline UPS logic. V: 1.017, SOC: 100.0%",0
2026-01-01T13:06:30Z,GRID_PASS,100.0,0.0,"Baseline UPS logic. V: 1.020, SOC: 100.0%",0
2026-01-01T13:06:35Z,GRID_PASS,100.0,0.0,"Baseline UPS logic. V: 1.018, SOC: 100.0%",0
2026-01-01T13:06:40Z,GRID_PASS,100.0,0.0,"Baseline UPS logic. V: 0.969, SOC: 100.0%",0
2026-01-01T13:06:45Z,ISLAND,100.0,0.0,"Baseline UPS logic. V: 0.925, SOC: 100.0%",0
2026-01-01T13:06:50Z,ISLAND,100.0,0.0,"Baseline UPS logic. V: 0.913, SOC: 100.0%",0
2026-01-01T13:06:55Z,GRID_PASS,100.0,0.0,"Baseline UPS logic. V: 0.984, SOC: 100.0%",0
2026-01-01T13:07:00Z,GRID_PASS,100.0,0.0,"Baseline UPS logic. V: 0.986, SOC: 100.0%",0
2026-01-01T13:07:05Z,GRID_PASS,100.0,0.0,"Baseline UPS logic. V: 1.031, SOC: 100.0%",0
2026-01-01T13:07:10Z,GRID_PASS,100.0,0.0,"Baseline UPS logic. V: 1.022, SOC: 100.0%",0
2026-01-01T13:07:15Z,GRID_PASS,100.0,0.0,"Baseline UPS logic. V: 0.960, SOC: 100.0%",0
2026-01-01T13:07:20Z,ISLAND,100.0,0.0,"Baseline UPS logic. V: 0.905, SOC: 100.0%",0
2026-01-01T13:07:25Z,GRID_PASS,100.0,0.0,"Baseline UPS logic. V: 0.951, SOC: 100.0%",0
2026-01-01T13:07:30Z,GRID_PASS,100.0,0.0,"Baseline UPS logic. V: 0.978, SOC: 100.0%",0
2026-01-01T13:07:35Z,GRID_PASS,100.0,0.0,"Baseline UPS logic. V: 0.957, SOC: 100.0%",0
2026-01-01T13:07:40Z,ISLAND,100.0,0.0,"Baseline UPS logic. V: 0.938, SOC: 100.0%",0
2026-01-01T13:07:45Z,GRID_PASS,100.0,0.0,"Baseline UPS logic. V: 0.980, SOC: 100.0%",0
2026-01-01T13:07:50Z,GRID_PASS,100.0,0.0,"Baseline UPS logic. V: 0.942, SOC: 100.0%",0
2026-01-01T13:07:55Z,ISLAND,100.0,0.0,"Baseline UPS logic. V: 0.936, SOC: 100.0%",0
2026-01-01T13:08:00Z,GRID_PASS,100.0,0.0,"Baseline UPS logic. V: 0.983, SOC: 100.0%",0
2026-01-01T13:08:05Z,GRID_PASS,100.0,0.0,"Baseline UPS logic. V: 0.947, SOC: 100.0%",0
2026-01-01T13:08:10Z,GRID_PASS,100.0,0.0,"Baseline UPS logic. V: 0.979, SOC: 100.0%",0
2026-01-01T13:08:15Z,GRID_PASS,100.0,0.0,"Baseline UPS logic. V: 0.981, SOC: 100.0%",0
2026-01-01T13:08:20Z,ISLAND,100.0,0.0,"Baseline UPS logic. V: 0.910, SOC: 100.0%",0
2026-01-01T13:08:25Z,GRID_PASS,100.0,0.0,"Baseline UPS logic. V: 0.943, SOC: 100.0%",0
2026-01-01T13:08:30Z,GRID_PASS,100.0,0.0,"Baseline UPS logic. V: 1.039, SOC: 100.0%",0
2026-01-01T13:08:35Z,ISLAND,100.0,0.0,"Baseline UPS logic. V: 0.909, SOC: 100.0%",0
2026-01-01T13:08:40Z,ISLAND,100.0,0.0,"Baseline UPS logic. V: 0.861, SOC: 100.0%",0
2026-01-01T13:08:45Z,ISLAND,100.0,0.0,"Baseline UPS logic. V: 0.874, SOC: 100.0%",0
2026-01-01T13:08:50Z,GRID_PASS,100.0,0.0,"Baseline UPS logic. V: 0.968, SOC: 100.0%",0
2026-01-01T13:08:55Z,GRID_PASS,100.0,0.0,"Baseline UPS logic. V: 0.968, SOC: 100.0%",0
2026-01-01T13:09:00Z,GRID_PASS,100.0,0.0,"Baseline UPS logic. V: 0.961, SOC: 100.0%",0
2026-01-01T13:09:05Z,GRID_PASS,100.0,0.0,"Baseline UPS logic. V: 1.028, SOC: 100.0%",0
2026-01-01T13:09:10Z,ISLAND,100.0,0.0,"Baseline UPS logic. V: 0.833, SOC: 100.0%",0
2026-01-01T13:09:15Z,GRID_PASS,100.0,0.0,"Baseline UPS logic. V: 0.987, SOC: 100.0%",0
2026-01-01T13:09:20Z,GRID_PASS,100.0,0.0,"Baseline UPS logic. V: 1.045, SOC: 100.0%",0
2026-01-01T13:09:25Z,ISLAND,100.0,0.0,"Baseline UPS logic. V: 0.911, SOC: 100.0%",0
2026-01-01T13:09:30Z,GRID_PASS,100.0,0.0,"Baseline UPS logic. V: 0.948, SOC: 100.0%",0
2026-01-01T13:09:35Z,ISLAND,100.0,0.0,"Baseline UPS logic. V: 0.929, SOC: 100.0%",0
2026-01-01T13:09:40Z,ISLAND,100.0,0.0,"Baseline UPS logic. V: 0.922, SOC: 100.0%",0
2026-01-01T13:09:45Z,GRID_PASS,100.0,0.0,"Baseline UPS logic. V: 0.951, SOC: 100.0%",0
2026-01-01T13:09:50Z,GRID_PASS,100.0,0.0,"Baseline UPS logic. V: 1.038, SOC: 100.0%",0
2026-01-01T13:09:55Z,GRID_PASS,100.0,0.0,"Baseline UPS logic. V: 1.059, SOC: 100.0%",0
2026-01-01T13:10:00Z,GRID_PASS,100.0,0.0,"Baseline UPS logic. V: 0.950, SOC: 100.0%",0
2026-01-01T13:10:05Z,GRID_PASS,100.0,0.0,"Baseline UPS logic. V: 1.062, SOC: 100.0%",0
2026-01-01T13:10:10Z,GRID_PASS,100.0,0.0,"Baseline UPS logic. V: 0.969, SOC: 100.0%",0
2026-01-01T13:10:15Z,GRID_PASS,100.0,0.0,"Baseline UPS logic. V: 1.055, SOC: 100.0%",0
2026-01-01T13:10:20Z,GRID_PASS,100.0,0.0,"Baseline UPS logic. V: 0.962, SOC: 100.0%",0
2026-01-01T13:10:25Z,GRID_PASS,100.0,0.0,"Baseline UPS logic. V: 0.974, SOC: 100.0%",0
2026-01-01T13:10:30Z,GRID_PASS,100.0,0.0,"Baseline UPS logic. V: 0.985, SOC: 100.0%",0
2026-01-01T13:10:35Z,GRID_PASS,100.0,0.0,"Baseline UPS logic. V: 1.126, SOC: 100.0%",0
2026-01-01T13:10:40Z,GRID_PASS,100.0,0.0,"Baseline UPS logic. V: 1.010, SOC: 100.0%",0
2026-01-01T13:10:45Z,ISLAND,100.0,0.0,"Baseline UPS logic. V: 0.932, SOC: 100.0%",0
2026-01-01T13:10:50Z,GRID_PASS,100.0,0.0,"Baseline UPS logic. V: 1.016, SOC: 100.0%",0
2026-01-01T13:10:55Z,GRID_PASS,100.0,0.0,"Baseline UPS logic. V: 0.949, SOC: 100.0%",0
2026-01-01T13:11:00Z,GRID_PASS,100.0,0.0,"Baseline UPS logic. V: 0.943, SOC: 100.0%",0
2026-01-01T13:11:05Z,GRID_PASS,100.0,0.0,"Baseline UPS logic. V: 1.013, SOC: 100.0%",0
2026-01-01T13:11:10Z,GRID_PASS,100.0,0.0,"Baseline UPS logic. V: 0.969, SOC: 100.0%",0
2026-01-01T13:11:15Z,GRID_PASS,100.0,0.0,"Baseline UPS logic. V: 0.981, SOC: 100.0%",0
2026-01-01T13:11:20Z,GRID_PASS,100.0,0.0,"Baseline UPS logic. V: 0.968, SOC: 100.0%",0
2026-01-01T13:11:25Z,GRID_PASS,100.0,0.0,"Baseline UPS logic. V: 0.984, SOC: 100.0%",0
2026-01-01T13:11:30Z,GRID_PASS,100.0,0.0,"Baseline UPS logic. V: 0.988, SOC: 100.0%",0
2026-01-01T13:11:35Z,ISLAND,100.0,0.0,"Baseline UPS logic. V: 0.870, SOC: 100.0%",0
2026-01-01T13:11:40Z,GRID_PASS,100.0,0.0,"Baseline UPS logic. V: 1.001, SOC: 100.0%",0
2026-01-01T13:11:45Z,ISLAND,100.0,0.0,"Baseline UPS logic. V: 0.918, SOC: 100.0%",0
2026-01-01T13:11:50Z,ISLAND,100.0,0.0,"Baseline UPS logic. V: 0.895, SOC: 100.0%",0
2026-01-01T13:11:55Z,GRID_PASS,100.0,0.0,"Baseline UPS logic. V: 0.964, SOC: 100.0%",0
2026-01-01T13:12:00Z,GRID_PASS,100.0,0.0,"Baseline UPS logic. V: 0.971, SOC: 100.0%",0
2026-01-01T13:12:05Z,ISLAND,100.0,0.0,"Baseline UPS logic. V: 0.932, SOC: 100.0%",0
2026-01-01T13:12:10Z,GRID_PASS,100.0,0.0,"Baseline UPS logic. V: 1.009, SOC: 100.0%",0
2026-01-01T13:12:15Z,ISLAND,100.0,0.0,"Baseline UPS logic. V: 0.900, SOC: 100.0%",0
2026-01-01T13:12:20Z,GRID_PASS,100.0,0.0,"Baseline UPS logic. V: 0.947, SOC: 100.0%",0
2026-01-01T13:12:25Z,ISLAND,100.0,0.0,"Baseline UPS logic. V: 0.938, SOC: 100.0%",0
2026-01-01T13:12:30Z,GRID_PASS,100.0,0.0,"Baseline UPS logic. V: 0.965, SOC: 100.0%",0
2026-01-01T13:12:35Z,GRID_PASS,100.0,0.0,"Baseline UPS logic. V: 0.981, SOC: 100.0%",0
2026-01-01T13:12:40Z,ISLAND,100.0,0.0,"Baseline UPS logic. V: 0.917, SOC: 100.0%",0
2026-01-01T13:12:45Z,GRID_PASS,100.0,0.0,"Baseline UPS logic. V: 1.003, SOC: 100.0%",0
2026-01-01T13:12:50Z,GRID_PASS,100.0,0.0,"Baseline UPS logic. V: 0.970, SOC: 100.0%",0
2026-01-01T13:12:55Z,ISLAND,100.0,0.0,"Baseline UPS logic. V: 0.873, SOC: 100.0%",0
2026-01-01T13:13:00Z,ISLAND,100.0,0.0,"Baseline UPS logic. V: 0.869, SOC: 100.0%",0
2026-01-01T13:13:05Z,GRID_PASS,100.0,0.0,"Baseline UPS logic. V: 0.966, SOC: 100.0%",0
2026-01-01T13:13:10Z,GRID_PASS,100.0,0.0,"Baseline UPS logic. V: 0.956, SOC: 100.0%",0
2026-01-01T13:13:15Z,GRID_PASS,100.0,0.0,"Baseline UPS logic. V: 0.962, SOC: 100.0%",0
2026-01-01T13:13:20Z,GRID_PASS,100.0,0.0,"Baseline UPS logic. V: 0.966, SOC: 100.0%",0
2026-01-01T13:13:25Z,GRID_PASS,100.0,0.0,"Baseline UPS logic. V: 0.978, SOC: 100.0%",0
2026-01-01T13:13:30Z,GRID_PASS,100.0,0.0,"Baseline UPS logic. V: 1.015, SOC: 100.0%",0
2026-01-01T13:13:35Z,ISLAND,100.0,0.0,"Baseline UPS logic. V: 0.912, SOC: 100.0%",0
2026-01-01T13:13:40Z,ISLAND,100.0,0.0,"Baseline UPS logic. V: 0.909, SOC: 100.0%",0
2026-01-01T13:13:45Z,ISLAND,100.0,0.0,"Baseline UPS logic. V: 0.912, SOC: 100.0%",0
2026-01-01T13:13:50Z,GRID_PASS,100.0,0.0,"Baseline UPS logic. V: 0.981, SOC: 100.0%",0
2026-01-01T13:13:55Z,GRID_PASS,100.0,0.0,"Baseline UPS logic. V: 1.029, SOC: 100.0%",0
2026-01-01T13:14:00Z,GRID_PASS,100.0,0.0,"Baseline UPS logic. V: 0.946, SOC: 100.0%",0
2026-01-01T13:14:05Z,ISLAND,100.0,0.0,"Baseline UPS logic. V: 0.842, SOC: 100.0%",0
2026-01-01T13:14:10Z,ISLAND,100.0,0.0,"Baseline UPS logic. V: 0.882, SOC: 100.0%",0
2026-01-01T13:14:15Z,ISLAND,100.0,0.0,"Baseline UPS logic. V: 0.925, SOC: 100.0%",0
2026-01-01T13:14:20Z,ISLAND,100.0,0.0,"Baseline UPS logic. V: 0.939, SOC: 100.0%",0
2026-01-01T13:14:25Z,GRID_PASS,100.0,0.0,"Baseline UPS logic. V: 0.946, SOC: 100.0%",0
2026-01-01T13:14:30Z,GRID_PASS,100.0,0.0,"Baseline UPS logic. V: 0.969, SOC: 100.0%",0
2026-01-01T13:14:35Z,GRID_PASS,100.0,0.0,"Baseline UPS logic. V: 0.952, SOC: 100.0%",0
2026-01-01T13:14:40Z,GRID_PASS,100.0,0.0,"Baseline UPS logic. V: 1.020, SOC: 100.0%",0
2026-01-01T13:14:45Z,ISLAND,100.0,0.0,"Baseline UPS logic. V: 0.933, SOC: 100.0%",0
2026-01-01T13:14:50Z,ISLAND,100.0,0.0,"Baseline UPS logic. V: 0.924, SOC: 100.0%",0
2026-01-01T13:14:55Z,GRID_PASS,100.0,0.0,"Baseline UPS logic. V: 0.991, SOC: 100.0%",0
2026-01-01T13:15:00Z,ISLAND,100.0,0.0,"Baseline UPS logic. V: 0.890, SOC: 100.0%",0
2026-01-01T13:15:05Z,GRID_PASS,100.0,0.0,"Baseline UPS logic. V: 0.987, SOC: 100.0%",0
2026-01-01T13:15:10Z,GRID_PASS,100.0,0.0,"Baseline UPS logic. V: 0.972, SOC: 100.0%",0
2026-01-01T13:15:15Z,GRID_PASS,100.0,0.0,"Baseline UPS logic. V: 0.960, SOC: 100.0%",0
2026-01-01T13:15:20Z,GRID_PASS,100.0,0.0,"Baseline UPS logic. V: 1.047, SOC: 100.0%",0
2026-01-01T13:15:25Z,ISLAND,100.0,0.0,"Baseline UPS logic. V: 0.936, SOC: 100.0%",0
2026-01-01T13:15:30Z,GRID_PASS,100.0,0.0,"Baseline UPS logic. V: 1.070, SOC: 100.0%",0
2026-01-01T13:15:35Z,GRID_PASS,100.0,0.0,"Baseline UPS logic. V: 0.956, SOC: 100.0%",0
2026-01-01T13:15:40Z,ISLAND,100.0,0.0,"Baseline UPS logic. V: 0.903, SOC: 100.0%",0
2026-01-01T13:15:45Z,GRID_PASS,100.0,0.0,"Baseline UPS logic. V: 0.971, SOC: 100.0%",0
2026-01-01T13:15:50Z,ISLAND,100.0,0.0,"Baseline UPS logic. V: 0.913, SOC: 100.0%",0
2026-01-01T13:15:55Z,ISLAND,100.0,0.0,"Baseline UPS logic. V: 0.930, SOC: 100.0%",0
2026-01-01T13:16:00Z,GRID_PASS,100.0,0.0,"Baseline UPS logic. V: 0.987, SOC: 100.0%",0
2026-01-01T13:16:05Z,GRID_PASS,100.0,0.0,"Baseline UPS logic. V: 0.995, SOC: 100.0%",0
2026-01-01T13:16:10Z,ISLAND,100.0,0.0,"Baseline UPS logic. V: 0.936, SOC: 100.0%",0
2026-01-01T13:16:15Z,GRID_PASS,100.0,0.0,"Baseline UPS logic. V: 1.017, SOC: 100.0%",0
2026-01-01T13:16:20Z,GRID_PASS,100.0,0.0,"Baseline UPS logic. V: 1.025, SOC: 100.0%",0
2026-01-01T13:16:25Z,GRID_PASS,100.0,0.0,"Baseline UPS logic. V: 1.039, SOC: 100.0%",0
2026-01-01T13:16:30Z,GRID_PASS,100.0,0.0,"Baseline UPS logic. V: 0.994, SOC: 100.0%",0
2026-01-01T13:16:35Z,GRID_PASS,100.0,0.0,"Baseline UPS logic. V: 1.035, SOC: 100.0%",0
2026-01-01T13:16:40Z,ISLAND,100.0,0.0,"Baseline UPS logic. V: 0.873, SOC: 100.0%",0
2026-01-01T13:16:45Z,GRID_PASS,100.0,0.0,"Baseline UPS logic. V: 0.951, SOC: 100.0%",0
2026-01-01T13:16:50Z,ISLAND,100.0,0.0,"Baseline UPS logic. V: 0.924, SOC: 100.0%",0
2026-01-01T13:16:55Z,GRID_PASS,100.0,0.0,"Baseline UPS logic. V: 0.973, SOC: 100.0%",0
2026-01-01T13:17:00Z,ISLAND,100.0,0.0,"Baseline UPS logic. V: 0.938, SOC: 100.0%",0
2026-01-01T13:17:05Z,GRID_PASS,100.0,0.0,"Baseline UPS logic. V: 0.959, SOC: 100.0%",0
2026-01-01T13:17:10Z,GRID_PASS,100.0,0.0,"Baseline UPS logic. V: 1.061, SOC: 100.0%",0
2026-01-01T13:17:15Z,GRID_PASS,100.0,0.0,"Baseline UPS logic. V: 0.959, SOC: 100.0%",0
2026-01-01T13:17:20Z,GRID_PASS,100.0,0.0,"Baseline UPS logic. V: 0.988, SOC: 100.0%",0
2026-01-01T13:17:25Z,GRID_PASS,100.0,0.0,"Baseline UPS logic. V: 0.955, SOC: 100.0%",0
2026-01-01T13:17:30Z,GRID_PASS,100.0,0.0,"Baseline UPS logic. V: 0.971, SOC: 100.0%",0
2026-01-01T13:17:35Z,GRID_PASS,100.0,0.0,"Baseline UPS logic. V: 0.967, SOC: 100.0%",0
2026-01-01T13:17:40Z,GRID_PASS,100.0,0.0,"Baseline UPS logic. V: 0.990, SOC: 100.0%",0
2026-01-01T13:17:45Z,GRID_PASS,100.0,0.0,"Baseline UPS logic. V: 1.025, SOC: 100.0%",0
2026-01-01T13:17:50Z,GRID_PASS,100.0,0.0,"Baseline UPS logic. V: 1.049, SOC: 100.0%",0
2026-01-01T13:17:55Z,GRID_PASS,100.0,0.0,"Baseline UPS logic. V: 0.983, SOC: 100.0%",0
2026-01-01T13:18:00Z,GRID_PASS,100.0,0.0,"Baseline UPS logic. V: 0.997, SOC: 100.0%",0
2026-01-01T13:18:05Z,ISLAND,100.0,0.0,"Baseline UPS logic. V: 0.910, SOC: 100.0%",0
2026-01-01T13:18:10Z,GRID_PASS,100.0,0.0,"Baseline UPS logic. V: 0.963, SOC: 100.0%",0
2026-01-01T13:18:15Z,GRID_PASS,100.0,0.0,"Baseline UPS logic. V: 1.014, SOC: 100.0%",0
2026-01-01T13:18:20Z,GRID_PASS,100.0,0.0,"Baseline UPS logic. V: 1.010, SOC: 100.0%",0
2026-01-01T13:18:25Z,GRID_PASS,100.0,0.0,"Baseline UPS logic. V: 0.978, SOC: 100.0%",0
2026-01-01T13:18:30Z,GRID_PASS,100.0,0.0,"Baseline UPS logic. V: 1.011, SOC: 100.0%",0
2026-01-01T13:18:35Z,GRID_PASS,100.0,0.0,"Baseline UPS logic. V: 0.992, SOC: 100.0%",0
2026-01-01T13:18:40Z,GRID_PASS,100.0,0.0,"Baseline UPS logic. V: 1.027, SOC: 100.0%",0
2026-01-01T13:18:45Z,GRID_PASS,100.0,0.0,"Baseline UPS logic. V: 0.982, SOC: 100.0%",0
2026-01-01T13:18:50Z,GRID_PASS,100.0,0.0,"Baseline UPS logic. V: 0.949, SOC: 100.0%",0
2026-01-01T13:18:55Z,GRID_PASS,100.0,0.0,"Baseline UPS logic. V: 0.984, SOC: 100.0%",0
2026-01-01T13:19:00Z,ISLAND,100.0,0.0,"Baseline UPS logic. V: 0.821, SOC: 100.0%",0
2026-01-01T13:19:05Z,GRID_PASS,100.0,0.0,"Baseline UPS logic. V: 0.986, SOC: 100.0%",0
2026-01-01T13:19:10Z,ISLAND,100.0,0.0,"Baseline UPS logic. V: 0.784, SOC: 100.0%",0
2026-01-01T13:19:15Z,ISLAND,100.0,0.0,"Baseline UPS logic. V: 0.881, SOC: 100.0%",0
2026-01-01T13:19:20Z,GRID_PASS,100.0,0.0,"Baseline UPS logic. V: 0.989, SOC: 100.0%",0
2026-01-01T13:19:25Z,GRID_PASS,100.0,0.0,"Baseline UPS logic. V: 0.991, SOC: 100.0%",0
2026-01-01T13:19:30Z,ISLAND,100.0,0.0,"Baseline UPS logic. V: 0.909, SOC: 100.0%",0
2026-01-01T13:19:35Z,ISLAND,100.0,0.0,"Baseline UPS logic. V: 0.932, SOC: 100.0%",0
2026-01-01T13:19:40Z,GRID_PASS,100.0,0.0,"Baseline UPS logic. V: 1.035, SOC: 100.0%",0
2026-01-01T13:19:45Z,GRID_PASS,100.0,0.0,"Baseline UPS logic. V: 0.943, SOC: 100.0%",0
2026-01-01T13:19:50Z,GRID_PASS,100.0,0.0,"Baseline UPS logic. V: 1.079, SOC: 100.0%",0
2026-01-01T13:19:55Z,GRID_PASS,100.0,0.0,"Baseline UPS logic. V: 0.967, SOC: 100.0%",0
2026-01-01T13:20:00Z,GRID_PASS,100.0,0.0,"Baseline UPS logic. V: 0.988, SOC: 100.0%",0
2026-01-01T13:20:05Z,GRID_PASS,100.0,0.0,"Baseline UPS logic. V: 1.048, SOC: 100.0%",0
2026-01-01T13:20:10Z,GRID_PASS,100.0,0.0,"Baseline UPS logic. V: 0.974, SOC: 100.0%",0
2026-01-01T13:20:15Z,ISLAND,100.0,0.0,"Baseline UPS logic. V: 0.917, SOC: 100.0%",0
2026-01-01T13:20:20Z,GRID_PASS,100.0,0.0,"Baseline UPS logic. V: 0.962, SOC: 100.0%",0
2026-01-01T13:20:25Z,GRID_PASS,100.0,0.0,"Baseline UPS logic. V: 0.965, SOC: 100.0%",0
2026-01-01T13:20:30Z,ISLAND,100.0,0.0,"Baseline UPS logic. V: 0.899, SOC: 100.0%",0
2026-01-01T13:20:35Z,GRID_PASS,100.0,0.0,"Baseline UPS logic. V: 0.954, SOC: 100.0%",0
2026-01-01T13:20:40Z,ISLAND,100.0,0.0,"Baseline UPS logic. V: 0.930, SOC: 100.0%",0
2026-01-01T13:20:45Z,GRID_PASS,100.0,0.0,"Baseline UPS logic. V: 1.013, SOC: 100.0%",0
2026-01-01T13:20:50Z,GRID_PASS,100.0,0.0,"Baseline UPS logic. V: 0.969, SOC: 100.0%",0
2026-01-01T13:20:55Z,GRID_PASS,100.0,0.0,"Baseline UPS logic. V: 0.953, SOC: 100.0%",0
2026-01-01T13:21:00Z,GRID_PASS,100.0,0.0,"Baseline UPS logic. V: 0.962, SOC: 100.0%",0
2026-01-01T13:21:05Z,GRID_PASS,100.0,0.0,"Baseline UPS logic. V: 0.978, SOC: 100.0%",0
2026-01-01T13:21:10Z,GRID_PASS,100.0,0.0,"Baseline UPS logic. V: 0.998, SOC: 100.0%",0
2026-01-01T13:21:15Z,ISLAND,100.0,0.0,"Baseline UPS logic. V: 0.917, SOC: 100.0%",0
2026-01-01T13:21:20Z,ISLAND,100.0,0.0,"Baseline UPS logic. V: 0.915, SOC: 100.0%",0
2026-01-01T13:21:25Z,GRID_PASS,100.0,0.0,"Baseline UPS logic. V: 1.022, SOC: 100.0%",0
2026-01-01T13:21:30Z,GRID_PASS,100.0,0.0,"Baseline UPS logic. V: 0.946, SOC: 100.0%",0
2026-01-01T13:21:35Z,ISLAND,100.0,0.0,"Baseline UPS logic. V: 0.896, SOC: 100.0%",0
2026-01-01T13:21:40Z,GRID_PASS,100.0,0.0,"Baseline UPS logic. V: 0.989, SOC: 100.0%",0
2026-01-01T13:21:45Z,GRID_PASS,100.0,0.0,"Baseline UPS logic. V: 0.990, SOC: 100.0%",0
2026-01-01T13:21:50Z,ISLAND,100.0,0.0,"Baseline UPS logic. V: 0.891, SOC: 100.0%",0
2026-01-01T13:21:55Z,GRID_PASS,100.0,0.0,"Baseline UPS logic. V: 0.979, SOC: 100.0%",0
2026-01-01T13:22:00Z,GRID_PASS,100.0,0.0,"Baseline UPS logic. V: 1.004, SOC: 100.0%",0
2026-01-01T13:22:05Z,GRID_PASS,100.0,0.0,"Baseline UPS logic. V: 0.986, SOC: 100.0%",0
2026-01-01T13:22:10Z,GRID_PASS,100.0,0.0,"Baseline UPS logic. V: 0.999, SOC: 100.0%",0
2026-01-01T13:22:15Z,ISLAND,100.0,0.0,"Baseline UPS logic. V: 0.897, SOC: 100.0%",0
2026-01-01T13:22:20Z,GRID_PASS,100.0,0.0,"Baseline UPS logic. V: 0.984, SOC: 100.0%",0
2026-01-01T13:22:25Z,GRID_PASS,100.0,0.0,"Baseline UPS logic. V: 0.952, SOC: 100.0%",0
2026-01-01T13:22:30Z,GRID_PASS,100.0,0.0,"Baseline UPS logic. V: 0.943, SOC: 100.0%",0
2026-01-01T13:22:35Z,GRID_PASS,100.0,0.0,"Baseline UPS logic. V: 1.011, SOC: 100.0%",0
2026-01-01T13:22:40Z,GRID_PASS,100.0,0.0,"Baseline UPS logic. V: 1.041, SOC: 100.0%",0
2026-01-01T13:22:45Z,GRID_PASS,100.0,0.0,"Baseline UPS logic. V: 1.057, SOC: 100.0%",0
2026-01-01T13:22:50Z,GRID_PASS,100.0,0.0,"Baseline UPS logic. V: 1.033, SOC: 100.0%",0
2026-01-01T13:22:55Z,GRID_PASS,100.0,0.0,"Baseline UPS logic. V: 0.962, SOC: 100.0%",0
2026-01-01T13:23:00Z,GRID_PASS,100.0,0.0,"Baseline UPS logic. V: 0.985, SOC: 100.0%",0
2026-01-01T13:23:05Z,GRID_PASS,100.0,0.0,"Baseline UPS logic. V: 1.005, SOC: 100.0%",0
2026-01-01T13:23:10Z,GRID_PASS,100.0,0.0,"Baseline UPS logic. V: 0.973, SOC: 100.0%",0
2026-01-01T13:23:15Z,GRID_PASS,100.0,0.0,"Baseline UPS logic. V: 0.974, SOC: 100.0%",0
2026-01-01T13:23:20Z,GRID_PASS,100.0,0.0,"Baseline UPS logic. V: 1.008, SOC: 100.0%",0
2026-01-01T13:23:25Z,GRID_PASS,100.0,0.0,"Baseline UPS logic. V: 0.964, SOC: 100.0%",0
2026-01-01T13:23:30Z,ISLAND,100.0,0.0,"Baseline UPS logic. V: 0.931, SOC: 100.0%",0
2026-01-01T13:23:35Z,GRID_PASS,100.0,0.0,"Baseline UPS logic. V: 0.946, SOC: 100.0%",0
2026-01-01T13:23:40Z,GRID_PASS,100.0,0.0,"Baseline UPS logic. V: 0.999, SOC: 100.0%",0
2026-01-01T13:23:45Z,GRID_PASS,100.0,0.0,"Baseline UPS logic. V: 0.967, SOC: 100.0%",0
2026-01-01T13:23:50Z,GRID_PASS,100.0,0.0,"Baseline UPS logic. V: 0.984, SOC: 100.0%",0
2026-01-01T13:23:55Z,GRID_PASS,100.0,0.0,"Baseline UPS logic. V: 1.001, SOC: 100.0%",0
2026-01-01T13:24:00Z,GRID_PASS,100.0,0.0,"Baseline UPS logic. V: 0.948, SOC: 100.0%",0
2026-01-01T13:24:05Z,GRID_PASS,100.0,0.0,"Baseline UPS logic. V: 1.005, SOC: 100.0%",0
2026-01-01T13:24:10Z,GRID_PASS,100.0,0.0,"Baseline UPS logic. V: 0.986, SOC: 100.0%",0
2026-01-01T13:24:15Z,ISLAND,100.0,0.0,"Baseline UPS logic. V: 0.905, SOC: 100.0%",0
2026-01-01T13:24:20Z,GRID_PASS,100.0,0.0,"Baseline UPS logic. V: 1.039, SOC: 100.0%",0
2026-01-01T13:24:25Z,GRID_PASS,100.0,0.0,"Baseline UPS logic. V: 0.942, SOC: 100.0%",0
2026-01-01T13:24:30Z,ISLAND,100.0,0.0,"Baseline UPS logic. V: 0.884, SOC: 100.0%",0
2026-01-01T13:24:35Z,ISLAND,100.0,0.0,"Baseline UPS logic. V: 0.915, SOC: 100.0%",0
2026-01-01T13:24:40Z,ISLAND,100.0,0.0,"Baseline UPS logic. V: 0.916, SOC: 100.0%",0
2026-01-01T13:24:45Z,GRID_PASS,100.0,0.0,"Baseline UPS logic. V: 0.969, SOC: 100.0%",0
2026-01-01T13:24:50Z,GRID_PASS,100.0,0.0,"Baseline UPS logic. V: 0.953, SOC: 100.0%",0
2026-01-01T13:24:55Z,GRID_PASS,100.0,0.0,"Baseline UPS logic. V: 0.950, SOC: 100.0%",0
2026-01-01T13:25:00Z,GRID_PASS,100.0,0.0,"Baseline UPS logic. V: 0.998, SOC: 100.0%",0
2026-01-01T13:25:05Z,GRID_PASS,100.0,0.0,"Baseline UPS logic. V: 0.984, SOC: 100.0%",0
2026-01-01T13:25:10Z,GRID_PASS,100.0,0.0,"Baseline UPS logic. V: 0.983, SOC: 100.0%",0
2026-01-01T13:25:15Z,GRID_PASS,100.0,0.0,"Baseline UPS logic. V: 0.988, SOC: 100.0%",0
2026-01-01T13:25:20Z,GRID_PASS,100.0,0.0,"Baseline UPS logic. V: 0.998, SOC: 100.0%",0
2026-01-01T13:25:25Z,ISLAND,100.0,0.0,"Baseline UPS logic. V: 0.862, SOC: 100.0%",0
2026-01-01T13:25:30Z,GRID_PASS,100.0,0.0,"Baseline UPS logic. V: 0.949, SOC: 100.0%",0
2026-01-01T13:25:35Z,ISLAND,100.0,0.0,"Baseline UPS logic. V: 0.858, SOC: 100.0%",0
2026-01-01T13:25:40Z,GRID_PASS,100.0,0.0,"Baseline UPS logic. V: 0.969, SOC: 100.0%",0
2026-01-01T13:25:45Z,GRID_PASS,100.0,0.0,"Baseline UPS logic. V: 0.967, SOC: 100.0%",0
2026-01-01T13:25:50Z,GRID_PASS,100.0,0.0,"Baseline UPS logic. V: 1.019, SOC: 100.0%",0
2026-01-01T13:25:55Z,GRID_PASS,100.0,0.0,"Baseline UPS logic. V: 1.026, SOC: 100.0%",0
2026-01-01T13:26:00Z,GRID_PASS,100.0,0.0,"Baseline UPS logic. V: 0.977, SOC: 100.0%",0
2026-01-01T13:26:05Z,GRID_PASS,100.0,0.0,"Baseline UPS logic. V: 0.942, SOC: 100.0%",0
2026-01-01T13:26:10Z,GRID_PASS,100.0,0.0,"Baseline UPS logic. V: 0.991, SOC: 100.0%",0
2026-01-01T13:26:15Z,GRID_PASS,100.0,0.0,"Baseline UPS logic. V: 0.941, SOC: 100.0%",0
2026-01-01T13:26:20Z,GRID_PASS,100.0,0.0,"Baseline UPS logic. V: 0.967, SOC: 100.0%",0
2026-01-01T13:26:25Z,GRID_PASS,100.0,0.0,"Baseline UPS logic. V: 1.016, SOC: 100.0%",0
2026-01-01T13:26:30Z,ISLAND,100.0,0.0,"Baseline UPS logic. V: 0.939, SOC: 100.0%",0
2026-01-01T13:26:35Z,GRID_PASS,100.0,0.0,"Baseline UPS logic. V: 1.007, SOC: 100.0%",0
2026-01-01T13:26:40Z,GRID_PASS,100.0,0.0,"Baseline UPS logic. V: 1.001, SOC: 100.0%",0
2026-01-01T13:26:45Z,ISLAND,100.0,0.0,"Baseline UPS logic. V: 0.919, SOC: 100.0%",0
2026-01-01T13:26:50Z,GRID_PASS,100.0,0.0,"Baseline UPS logic. V: 1.016, SOC: 100.0%",0
2026-01-01T13:26:55Z,GRID_PASS,100.0,0.0,"Baseline UPS logic. V: 1.002, SOC: 100.0%",0
2026-01-01T13:27:00Z,GRID_PASS,100.0,0.0,"Baseline UPS logic. V: 0.972, SOC: 100.0%",0
2026-01-01T13:27:05Z,ISLAND,100.0,0.0,"Baseline UPS logic. V: 0.929, SOC: 100.0%",0
2026-01-01T13:27:10Z,ISLAND,100.0,0.0,"Baseline UPS logic. V: 0.924, SOC: 100.0%",0
2026-01-01T13:27:15Z,ISLAND,100.0,0.0,"Baseline UPS logic. V: 0.940, SOC: 100.0%",0
2026-01-01T13:27:20Z,GRID_PASS,100.0,0.0,"Baseline UPS logic. V: 0.994, SOC: 100.0%",0
2026-01-01T13:27:25Z,ISLAND,100.0,0.0,"Baseline UPS logic. V: 0.919, SOC: 100.0%",0
2026-01-01T13:27:30Z,GRID_PASS,100.0,0.0,"Baseline UPS logic. V: 0.989, SOC: 100.0%",0
2026-01-01T13:27:35Z,ISLAND,100.0,0.0,"Baseline UPS logic. V: 0.905, SOC: 100.0%",0
2026-01-01T13:27:40Z,GRID_PASS,100.0,0.0,"Baseline UPS logic. V: 0.957, SOC: 100.0%",0
2026-01-01T13:27:45Z,GRID_PASS,100.0,0.0,"Baseline UPS logic. V: 0.972, SOC: 100.0%",0
2026-01-01T13:27:50Z,GRID_PASS,100.0,0.0,"Baseline UPS logic. V: 1.089, SOC: 100.0%",0
2026-01-01T13:27:55Z,ISLAND,100.0,0.0,"Baseline UPS logic. V: 0.898, SOC: 100.0%",0
2026-01-01T13:28:00Z,GRID_PASS,100.0,0.0,"Baseline UPS logic. V: 1.041, SOC: 100.0%",0
2026-01-01T13:28:05Z,GRID_PASS,100.0,0.0,"Baseline UPS logic. V: 0.974, SOC: 100.0%",0
2026-01-01T13:28:10Z,GRID_PASS,100.0,0.0,"Baseline UPS logic. V: 0.988, SOC: 100.0%",0
2026-01-01T13:28:15Z,GRID_PASS,100.0,0.0,"Baseline UPS logic. V: 0.973, SOC: 100.0%",0
2026-01-01T13:28:20Z,GRID_PASS,100.0,0.0,"Baseline UPS logic. V: 0.989, SOC: 100.0%",0
2026-01-01T13:28:25Z,GRID_PASS,100.0,0.0,"Baseline UPS logic. V: 0.959, SOC: 100.0%",0
2026-01-01T13:28:30Z,GRID_PASS,100.0,0.0,"Baseline UPS logic. V: 1.040, SOC: 100.0%",0
2026-01-01T13:28:35Z,GRID_PASS,100.0,0.0,"Baseline UPS logic. V: 0.944, SOC: 100.0%",0
2026-01-01T13:28:40Z,GRID_PASS,100.0,0.0,"Baseline UPS logic. V: 1.024, SOC: 100.0%",0
2026-01-01T13:28:45Z,ISLAND,100.0,0.0,"Baseline UPS logic. V: 0.935, SOC: 100.0%",0
2026-01-01T13:28:50Z,GRID_PASS,100.0,0.0,"Baseline UPS logic. V: 0.964, SOC: 100.0%",0
2026-01-01T13:28:55Z,ISLAND,100.0,0.0,"Baseline UPS logic. V: 0.913, SOC: 100.0%",0
2026-01-01T13:29:00Z,GRID_PASS,100.0,0.0,"Baseline UPS logic. V: 0.990, SOC: 100.0%",0
2026-01-01T13:29:05Z,GRID_PASS,100.0,0.0,"Baseline UPS logic. V: 1.039, SOC: 100.0%",0
2026-01-01T13:29:10Z,GRID_PASS,100.0,0.0,"Baseline UPS logic. V: 0.963, SOC: 100.0%",0
2026-01-01T13:29:15Z,GRID_PASS,100.0,0.0,"Baseline UPS logic. V: 0.957, SOC: 100.0%",0
2026-01-01T13:29:20Z,ISLAND,100.0,0.0,"Baseline UPS logic. V: 0.911, SOC: 100.0%",0
2026-01-01T13:29:25Z,GRID_PASS,100.0,0.0,"Baseline UPS logic. V: 0.956, SOC: 100.0%",0
2026-01-01T13:29:30Z,ISLAND,100.0,0.0,"Baseline UPS logic. V: 0.887, SOC: 100.0%",0
2026-01-01T13:29:35Z,ISLAND,100.0,0.0,"Baseline UPS logic. V: 0.922, SOC: 100.0%",0
2026-01-01T13:29:40Z,GRID_PASS,100.0,0.0,"Baseline UPS logic. V: 0.978, SOC: 100.0%",0
2026-01-01T13:29:45Z,GRID_PASS,100.0,0.0,"Baseline UPS logic. V: 1.033, SOC: 100.0%",0
2026-01-01T13:29:50Z,GRID_PASS,100.0,0.0,"Baseline UPS logic. V: 1.107, SOC: 100.0%",0
2026-01-01T13:29:55Z,ISLAND,100.0,0.0,"Baseline UPS logic. V: 0.938, SOC: 100.0%",0
2026-01-01T13:30:00Z,GRID_PASS,100.0,0.0,"Baseline UPS logic. V: 1.039, SOC: 100.0%",0
2026-01-01T13:30:05Z,GRID_PASS,100.0,0.0,"Baseline UPS logic. V: 0.979, SOC: 100.0%",0
2026-01-01T13:30:10Z,GRID_PASS,100.0,0.0,"Baseline UPS logic. V: 0.959, SOC: 100.0%",0
2026-01-01T13:30:15Z,GRID_PASS,100.0,0.0,"Baseline UPS logic. V: 0.989, SOC: 100.0%",0
2026-01-01T13:30:20Z,GRID_PASS,100.0,0.0,"Baseline UPS logic. V: 0.970, SOC: 100.0%",0
2026-01-01T13:30:25Z,GRID_PASS,100.0,0.0,"Baseline UPS logic. V: 0.973, SOC: 100.0%",0
2026-01-01T13:30:30Z,GRID_PASS,100.0,0.0,"Baseline UPS logic. V: 0.947, SOC: 100.0%",0
2026-01-01T13:30:35Z,ISLAND,100.0,0.0,"Baseline UPS logic. V: 0.897, SOC: 100.0%",0
2026-01-01T13:30:40Z,ISLAND,100.0,0.0,"Baseline UPS logic. V: 0.890, SOC: 100.0%",0
2026-01-01T13:30:45Z,GRID_PASS,100.0,0.0,"Baseline UPS logic. V: 0.999, SOC: 100.0%",0
2026-01-01T13:30:50Z,GRID_PASS,100.0,0.0,"Baseline UPS logic. V: 0.953, SOC: 100.0%",0
2026-01-01T13:30:55Z,ISLAND,100.0,0.0,"Baseline UPS logic. V: 0.937, SOC: 100.0%",0
2026-01-01T13:31:00Z,GRID_PASS,100.0,0.0,"Baseline UPS logic. V: 0.968, SOC: 100.0%",0
2026-01-01T13:31:05Z,GRID_PASS,100.0,0.0,"Baseline UPS logic. V: 1.007, SOC: 100.0%",0
2026-01-01T13:31:10Z,GRID_PASS,100.0,0.0,"Baseline UPS logic. V: 0.976, SOC: 100.0%",0
2026-01-01T13:31:15Z,ISLAND,100.0,0.0,"Baseline UPS logic. V: 0.934, SOC: 100.0%",0
2026-01-01T13:31:20Z,GRID_PASS,100.0,0.0,"Baseline UPS logic. V: 1.028, SOC: 100.0%",0
2026-01-01T13:31:25Z,GRID_PASS,100.0,0.0,"Baseline UPS logic. V: 1.046, SOC: 100.0%",0
2026-01-01T13:31:30Z,GRID_PASS,100.0,0.0,"Baseline UPS logic. V: 0.992, SOC: 100.0%",0
2026-01-01T13:31:35Z,GRID_PASS,100.0,0.0,"Baseline UPS logic. V: 1.016, SOC: 100.0%",0
2026-01-01T13:31:40Z,GRID_PASS,100.0,0.0,"Baseline UPS logic. V: 1.029, SOC: 100.0%",0
2026-01-01T13:31:45Z,GRID_PASS,100.0,0.0,"Baseline UPS logic. V: 1.024, SOC: 100.0%",0
2026-01-01T13:31:50Z,GRID_PASS,100.0,0.0,"Baseline UPS logic. V: 0.998, SOC: 100.0%",0
2026-01-01T13:31:55Z,GRID_PASS,100.0,0.0,"Baseline UPS logic. V: 0.997, SOC: 100.0%",0
2026-01-01T13:32:00Z,GRID_PASS,100.0,0.0,"Baseline UPS logic. V: 0.993, SOC: 100.0%",0
2026-01-01T13:32:05Z,ISLAND,100.0,0.0,"Baseline UPS logic. V: 0.912, SOC: 100.0%",0
2026-01-01T13:32:10Z,GRID_PASS,100.0,0.0,"Baseline UPS logic. V: 1.002, SOC: 100.0%",0
2026-01-01T13:32:15Z,ISLAND,100.0,0.0,"Baseline UPS logic. V: 0.899, SOC: 100.0%",0
2026-01-01T13:32:20Z,ISLAND,100.0,0.0,"Baseline UPS logic. V: 0.927, SOC: 100.0%",0
2026-01-01T13:32:25Z,GRID_PASS,100.0,0.0,"Baseline UPS logic. V: 1.032, SOC: 100.0%",0
2026-01-01T13:32:30Z,GRID_PASS,100.0,0.0,"Baseline UPS logic. V: 1.009, SOC: 100.0%",0
2026-01-01T13:32:35Z,GRID_PASS,100.0,0.0,"Baseline UPS logic. V: 1.041, SOC: 100.0%",0
2026-01-01T13:32:40Z,GRID_PASS,100.0,0.0,"Baseline UPS logic. V: 0.953, SOC: 100.0%",0
2026-01-01T13:32:45Z,ISLAND,100.0,0.0,"Baseline UPS logic. V: 0.909, SOC: 100.0%",0
2026-01-01T13:32:50Z,GRID_PASS,100.0,0.0,"Baseline UPS logic. V: 0.955, SOC: 100.0%",0
2026-01-01T13:32:55Z,GRID_PASS,100.0,0.0,"Baseline UPS logic. V: 0.972, SOC: 100.0%",0
2026-01-01T13:33:00Z,GRID_PASS,100.0,0.0,"Baseline UPS logic. V: 0.971, SOC: 100.0%",0
2026-01-01T13:33:05Z,GRID_PASS,100.0,0.0,"Baseline UPS logic. V: 1.024, SOC: 100.0%",0
2026-01-01T13:33:10Z,GRID_PASS,100.0,0.0,"Baseline UPS logic. V: 0.949, SOC: 100.0%",0
2026-01-01T13:33:15Z,GRID_PASS,100.0,0.0,"Baseline UPS logic. V: 0.985, SOC: 100.0%",0
2026-01-01T13:33:20Z,ISLAND,100.0,0.0,"Baseline UPS logic. V: 0.918, SOC: 100.0%",0
2026-01-01T13:33:25Z,GRID_PASS,100.0,0.0,"Baseline UPS logic. V: 0.990, SOC: 100.0%",0
2026-01-01T13:33:30Z,GRID_PASS,100.0,0.0,"Baseline UPS logic. V: 0.967, SOC: 100.0%",0
2026-01-01T13:33:35Z,ISLAND,100.0,0.0,"Baseline UPS logic. V: 0.930, SOC: 100.0%",0
2026-01-01T13:33:40Z,GRID_PASS,100.0,0.0,"Baseline UPS logic. V: 0.955, SOC: 100.0%",0
2026-01-01T13:33:45Z,GRID_PASS,100.0,0.0,"Baseline UPS logic. V: 0.958, SOC: 100.0%",0
2026-01-01T13:33:50Z,GRID_PASS,100.0,0.0,"Baseline UPS logic. V: 0.954, SOC: 100.0%",0
2026-01-01T13:33:55Z,GRID_PASS,100.0,0.0,"Baseline UPS logic. V: 1.056, SOC: 100.0%",0
2026-01-01T13:34:00Z,GRID_PASS,100.0,0.0,"Baseline UPS logic. V: 0.962, SOC: 100.0%",0
2026-01-01T13:34:05Z,GRID_PASS,100.0,0.0,"Baseline UPS logic. V: 0.955, SOC: 100.0%",0
2026-01-01T13:34:10Z,ISLAND,100.0,0.0,"Baseline UPS logic. V: 0.862, SOC: 100.0%",0
2026-01-01T13:34:15Z,ISLAND,100.0,0.0,"Baseline UPS logic. V: 0.922, SOC: 100.0%",0
2026-01-01T13:34:20Z,GRID_PASS,100.0,0.0,"Baseline UPS logic. V: 0.954, SOC: 100.0%",0
2026-01-01T13:34:25Z,ISLAND,100.0,0.0,"Baseline UPS logic. V: 0.933, SOC: 100.0%",0
2026-01-01T13:34:30Z,GRID_PASS,100.0,0.0,"Baseline UPS logic. V: 1.036, SOC: 100.0%",0
2026-01-01T13:34:35Z,GRID_PASS,100.0,0.0,"Baseline UPS logic. V: 0.959, SOC: 100.0%",0
2026-01-01T13:34:40Z,GRID_PASS,100.0,0.0,"Baseline UPS logic. V: 1.031, SOC: 100.0%",0
2026-01-01T13:34:45Z,GRID_PASS,100.0,0.0,"Baseline UPS logic. V: 0.970, SOC: 100.0%",0
2026-01-01T13:34:50Z,GRID_PASS,100.0,0.0,"Baseline UPS logic. V: 0.969, SOC: 100.0%",0
2026-01-01T13:34:55Z,GRID_PASS,100.0,0.0,"Baseline UPS logic. V: 0.963, SOC: 100.0%",0
2026-01-01T13:35:00Z,GRID_PASS,100.0,0.0,"Baseline UPS logic. V: 0.967, SOC: 100.0%",0
2026-01-01T13:35:05Z,GRID_PASS,100.0,0.0,"Baseline UPS logic. V: 1.053, SOC: 100.0%",0
2026-01-01T13:35:10Z,ISLAND,100.0,0.0,"Baseline UPS logic. V: 0.851, SOC: 100.0%",0
2026-01-01T13:35:15Z,ISLAND,100.0,0.0,"Baseline UPS logic. V: 0.867, SOC: 100.0%",0
2026-01-01T13:35:20Z,ISLAND,100.0,0.0,"Baseline UPS logic. V: 0.940, SOC: 100.0%",0
2026-01-01T13:35:25Z,GRID_PASS,100.0,0.0,"Baseline UPS logic. V: 0.968, SOC: 100.0%",0
2026-01-01T13:35:30Z,GRID_PASS,100.0,0.0,"Baseline UPS logic. V: 1.001, SOC: 100.0%",0
2026-01-01T13:35:35Z,GRID_PASS,100.0,0.0,"Baseline UPS logic. V: 0.991, SOC: 100.0%",0
2026-01-01T13:35:40Z,GRID_PASS,100.0,0.0,"Baseline UPS logic. V: 0.948, SOC: 100.0%",0
2026-01-01T13:35:45Z,GRID_PASS,100.0,0.0,"Baseline UPS logic. V: 1.018, SOC: 100.0%",0
2026-01-01T13:35:50Z,GRID_PASS,100.0,0.0,"Baseline UPS logic. V: 1.018, SOC: 100.0%",0
2026-01-01T13:35:55Z,GRID_PASS,100.0,0.0,"Baseline UPS logic. V: 0.976, SOC: 100.0%",0
2026-01-01T13:36:00Z,GRID_PASS,100.0,0.0,"Baseline UPS logic. V: 1.015, SOC: 100.0%",0
2026-01-01T13:36:05Z,GRID_PASS,100.0,0.0,"Baseline UPS logic. V: 0.981, SOC: 100.0%",0
2026-01-01T13:36:10Z,ISLAND,100.0,0.0,"Baseline UPS logic. V: 0.939, SOC: 100.0%",0
2026-01-01T13:36:15Z,GRID_PASS,100.0,0.0,"Baseline UPS logic. V: 1.002, SOC: 100.0%",0
2026-01-01T13:36:20Z,GRID_PASS,100.0,0.0,"Baseline UPS logic. V: 0.972, SOC: 100.0%",0
2026-01-01T13:36:25Z,GRID_PASS,100.0,0.0,"Baseline UPS logic. V: 0.967, SOC: 100.0%",0
2026-01-01T13:36:30Z,GRID_PASS,100.0,0.0,"Baseline UPS logic. V: 1.041, SOC: 100.0%",0
2026-01-01T13:36:35Z,ISLAND,100.0,0.0,"Baseline UPS logic. V: 0.844, SOC: 100.0%",0
2026-01-01T13:36:40Z,ISLAND,100.0,0.0,"Baseline UPS logic. V: 0.896, SOC: 100.0%",0
2026-01-01T13:36:45Z,ISLAND,100.0,0.0,"Baseline UPS logic. V: 0.907, SOC: 100.0%",0
2026-01-01T13:36:50Z,GRID_PASS,100.0,0.0,"Baseline UPS logic. V: 0.949, SOC: 100.0%",0
2026-01-01T13:36:55Z,GRID_PASS,100.0,0.0,"Baseline UPS logic. V: 0.954, SOC: 100.0%",0
2026-01-01T13:37:00Z,ISLAND,100.0,0.0,"Baseline UPS logic. V: 0.892, SOC: 100.0%",0
2026-01-01T13:37:05Z,ISLAND,100.0,0.0,"Baseline UPS logic. V: 0.918, SOC: 100.0%",0
2026-01-01T13:37:10Z,ISLAND,100.0,0.0,"Baseline UPS logic. V: 0.924, SOC: 100.0%",0
2026-01-01T13:37:15Z,GRID_PASS,100.0,0.0,"Baseline UPS logic. V: 1.090, SOC: 100.0%",0
2026-01-01T13:37:20Z,GRID_PASS,100.0,0.0,"Baseline UPS logic. V: 1.057, SOC: 100.0%",0
2026-01-01T13:37:25Z,GRID_PASS,100.0,0.0,"Baseline UPS logic. V: 0.946, SOC: 100.0%",0
2026-01-01T13:37:30Z,GRID_PASS,100.0,0.0,"Baseline UPS logic. V: 0.949, SOC: 100.0%",0
2026-01-01T13:37:35Z,ISLAND,100.0,0.0,"Baseline UPS logic. V: 0.910, SOC: 100.0%",0
2026-01-01T13:37:40Z,ISLAND,100.0,0.0,"Baseline UPS logic. V: 0.872, SOC: 100.0%",0
2026-01-01T13:37:45Z,GRID_PASS,100.0,0.0,"Baseline UPS logic. V: 0.961, SOC: 100.0%",0
2026-01-01T13:37:50Z,ISLAND,100.0,0.0,"Baseline UPS logic. V: 0.917, SOC: 100.0%",0
2026-01-01T13:37:55Z,GRID_PASS,100.0,0.0,"Baseline UPS logic. V: 0.963, SOC: 100.0%",0
2026-01-01T13:38:00Z,ISLAND,100.0,0.0,"Baseline UPS logic. V: 0.887, SOC: 100.0%",0
2026-01-01T13:38:05Z,ISLAND,100.0,0.0,"Baseline UPS logic. V: 0.929, SOC: 100.0%",0
2026-01-01T13:38:10Z,GRID_PASS,100.0,0.0,"Baseline UPS logic. V: 0.974, SOC: 100.0%",0
2026-01-01T13:38:15Z,GRID_PASS,100.0,0.0,"Baseline UPS logic. V: 0.985, SOC: 100.0%",0
2026-01-01T13:38:20Z,GRID_PASS,100.0,0.0,"Baseline UPS logic. V: 0.988, SOC: 100.0%",0
2026-01-01T13:38:25Z,ISLAND,100.0,0.0,"Baseline UPS logic. V: 0.901, SOC: 100.0%",0
2026-01-01T13:38:30Z,GRID_PASS,100.0,0.0,"Baseline UPS logic. V: 1.010, SOC: 100.0%",0
2026-01-01T13:38:35Z,ISLAND,100.0,0.0,"Baseline UPS logic. V: 0.927, SOC: 100.0%",0
2026-01-01T13:38:40Z,GRID_PASS,100.0,0.0,"Baseline UPS logic. V: 0.999, SOC: 100.0%",0
2026-01-01T13:38:45Z,GRID_PASS,100.0,0.0,"Baseline UPS logic. V: 0.966, SOC: 100.0%",0
2026-01-01T13:38:50Z,ISLAND,100.0,0.0,"Baseline UPS logic. V: 0.898, SOC: 100.0%",0
2026-01-01T13:38:55Z,GRID_PASS,100.0,0.0,"Baseline UPS logic. V: 0.951, SOC: 100.0%",0
2026-01-01T13:39:00Z,GRID_PASS,100.0,0.0,"Baseline UPS logic. V: 0.985, SOC: 100.0%",0
2026-01-01T13:39:05Z,GRID_PASS,100.0,0.0,"Baseline UPS logic. V: 0.998, SOC: 100.0%",0
2026-01-01T13:39:10Z,GRID_PASS,100.0,0.0,"Baseline UPS logic. V: 0.960, SOC: 100.0%",0
2026-01-01T13:39:15Z,GRID_PASS,100.0,0.0,"Baseline UPS logic. V: 1.044, SOC: 100.0%",0
2026-01-01T13:39:20Z,GRID_PASS,100.0,0.0,"Baseline UPS logic. V: 1.017, SOC: 100.0%",0
2026-01-01T13:39:25Z,GRID_PASS,100.0,0.0,"Baseline UPS logic. V: 0.954, SOC: 100.0%",0
2026-01-01T13:39:30Z,GRID_PASS,100.0,0.0,"Baseline UPS logic. V: 1.005, SOC: 100.0%",0
2026-01-01T13:39:35Z,GRID_PASS,100.0,0.0,"Baseline UPS logic. V: 1.064, SOC: 100.0%",0
2026-01-01T13:39:40Z,GRID_PASS,100.0,0.0,"Baseline UPS logic. V: 1.065, SOC: 100.0%",0
2026-01-01T13:39:45Z,ISLAND,100.0,0.0,"Baseline UPS logic. V: 0.906, SOC: 100.0%",0
2026-01-01T13:39:50Z,ISLAND,100.0,0.0,"Baseline UPS logic. V: 0.921, SOC: 100.0%",0
2026-01-01T13:39:55Z,GRID_PASS,100.0,0.0,"Baseline UPS logic. V: 1.041, SOC: 100.0%",0
2026-01-01T13:40:00Z,ISLAND,100.0,0.0,"Baseline UPS logic. V: 0.914, SOC: 100.0%",0
2026-01-01T13:40:05Z,ISLAND,100.0,0.0,"Baseline UPS logic. V: 0.901, SOC: 100.0%",0
2026-01-01T13:40:10Z,GRID_PASS,100.0,0.0,"Baseline UPS logic. V: 0.942, SOC: 100.0%",0
2026-01-01T13:40:15Z,GRID_PASS,100.0,0.0,"Baseline UPS logic. V: 0.988, SOC: 100.0%",0
2026-01-01T13:40:20Z,GRID_PASS,100.0,0.0,"Baseline UPS logic. V: 0.962, SOC: 100.0%",0
2026-01-01T13:40:25Z,ISLAND,100.0,0.0,"Baseline UPS logic. V: 0.934, SOC: 100.0%",0
2026-01-01T13:40:30Z,ISLAND,100.0,0.0,"Baseline UPS logic. V: 0.933, SOC: 100.0%",0
2026-01-01T13:40:35Z,ISLAND,100.0,0.0,"Baseline UPS logic. V: 0.931, SOC: 100.0%",0
2026-01-01T13:40:40Z,ISLAND,100.0,0.0,"Baseline UPS logic. V: 0.923, SOC: 100.0%",0
2026-01-01T13:40:45Z,GRID_PASS,100.0,0.0,"Baseline UPS logic. V: 1.081, SOC: 100.0%",0
2026-01-01T13:40:50Z,GRID_PASS,100.0,0.0,"Baseline UPS logic. V: 0.982, SOC: 100.0%",0
2026-01-01T13:40:55Z,GRID_PASS,100.0,0.0,"Baseline UPS logic. V: 1.011, SOC: 100.0%",0
2026-01-01T13:41:00Z,GRID_PASS,100.0,0.0,"Baseline UPS logic. V: 0.943, SOC: 100.0%",0
2026-01-01T13:41:05Z,GRID_PASS,100.0,0.0,"Baseline UPS logic. V: 0.958, SOC: 100.0%",0
2026-01-01T13:41:10Z,ISLAND,100.0,0.0,"Baseline UPS logic. V: 0.931, SOC: 100.0%",0
2026-01-01T13:41:15Z,ISLAND,100.0,0.0,"Baseline UPS logic. V: 0.834, SOC: 100.0%",0
2026-01-01T13:41:20Z,ISLAND,100.0,0.0,"Baseline UPS logic. V: 0.898, SOC: 100.0%",0
2026-01-01T13:41:25Z,ISLAND,100.0,0.0,"Baseline UPS logic. V: 0.876, SOC: 100.0%",0
2026-01-01T13:41:30Z,ISLAND,100.0,0.0,"Baseline UPS logic. V: 0.854, SOC: 100.0%",0
2026-01-01T13:41:35Z,ISLAND,100.0,0.0,"Baseline UPS logic. V: 0.907, SOC: 100.0%",0
2026-01-01T13:41:40Z,GRID_PASS,100.0,0.0,"Baseline UPS logic. V: 1.033, SOC: 100.0%",0
2026-01-01T13:41:45Z,GRID_PASS,100.0,0.0,"Baseline UPS logic. V: 0.965, SOC: 100.0%",0
2026-01-01T13:41:50Z,GRID_PASS,100.0,0.0,"Baseline UPS logic. V: 1.032, SOC: 100.0%",0
2026-01-01T13:41:55Z,GRID_PASS,100.0,0.0,"Baseline UPS logic. V: 0.987, SOC: 100.0%",0
2026-01-01T13:42:00Z,GRID_PASS,100.0,0.0,"Baseline UPS logic. V: 1.006, SOC: 100.0%",0
2026-01-01T13:42:05Z,ISLAND,100.0,0.0,"Baseline UPS logic. V: 0.922, SOC: 100.0%",0
2026-01-01T13:42:10Z,GRID_PASS,100.0,0.0,"Baseline UPS logic. V: 0.993, SOC: 100.0%",0
2026-01-01T13:42:15Z,GRID_PASS,100.0,0.0,"Baseline UPS logic. V: 1.003, SOC: 100.0%",0
2026-01-01T13:42:20Z,ISLAND,100.0,0.0,"Baseline UPS logic. V: 0.938, SOC: 100.0%",0
2026-01-01T13:42:25Z,GRID_PASS,100.0,0.0,"Baseline UPS logic. V: 0.995, SOC: 100.0%",0
2026-01-01T13:42:30Z,GRID_PASS,100.0,0.0,"Baseline UPS logic. V: 0.995, SOC: 100.0%",0
2026-01-01T13:42:35Z,ISLAND,100.0,0.0,"Baseline UPS logic. V: 0.939, SOC: 100.0%",0
2026-01-01T13:42:40Z,ISLAND,100.0,0.0,"Baseline UPS logic. V: 0.911, SOC: 100.0%",0
2026-01-01T13:42:45Z,ISLAND,100.0,0.0,"Baseline UPS logic. V: 0.908, SOC: 100.0%",0
2026-01-01T13:42:50Z,GRID_PASS,100.0,0.0,"Baseline UPS logic. V: 0.971, SOC: 100.0%",0
2026-01-01T13:42:55Z,GRID_PASS,100.0,0.0,"Baseline UPS logic. V: 0.983, SOC: 100.0%",0
2026-01-01T13:43:00Z,ISLAND,100.0,0.0,"Baseline UPS logic. V: 0.927, SOC: 100.0%",0
2026-01-01T13:43:05Z,GRID_PASS,100.0,0.0,"Baseline UPS logic. V: 0.968, SOC: 100.0%",0
2026-01-01T13:43:10Z,GRID_PASS,100.0,0.0,"Baseline UPS logic. V: 0.995, SOC: 100.0%",0
2026-01-01T13:43:15Z,GRID_PASS,100.0,0.0,"Baseline UPS logic. V: 0.998, SOC: 100.0%",0
2026-01-01T13:43:20Z,GRID_PASS,100.0,0.0,"Baseline UPS logic. V: 1.045, SOC: 100.0%",0
2026-01-01T13:43:25Z,GRID_PASS,100.0,0.0,"Baseline UPS logic. V: 1.031, SOC: 100.0%",0
2026-01-01T13:43:30Z,ISLAND,100.0,0.0,"Baseline UPS logic. V: 0.917, SOC: 100.0%",0
2026-01-01T13:43:35Z,GRID_PASS,100.0,0.0,"Baseline UPS logic. V: 1.051, SOC: 100.0%",0
2026-01-01T13:43:40Z,GRID_PASS,100.0,0.0,"Baseline UPS logic. V: 0.940, SOC: 100.0%",0
2026-01-01T13:43:45Z,GRID_PASS,100.0,0.0,"Baseline UPS logic. V: 1.019, SOC: 100.0%",0
2026-01-01T13:43:50Z,GRID_PASS,100.0,0.0,"Baseline UPS logic. V: 0.970, SOC: 100.0%",0
2026-01-01T13:43:55Z,GRID_PASS,100.0,0.0,"Baseline UPS logic. V: 0.946, SOC: 100.0%",0
2026-01-01T13:44:00Z,ISLAND,100.0,0.0,"Baseline UPS logic. V: 0.877, SOC: 100.0%",0
2026-01-01T13:44:05Z,GRID_PASS,100.0,0.0,"Baseline UPS logic. V: 0.958, SOC: 100.0%",0
2026-01-01T13:44:10Z,ISLAND,100.0,0.0,"Baseline UPS logic. V: 0.889, SOC: 100.0%",0
2026-01-01T13:44:15Z,GRID_PASS,100.0,0.0,"Baseline UPS logic. V: 1.015, SOC: 100.0%",0
2026-01-01T13:44:20Z,GRID_PASS,100.0,0.0,"Baseline UPS logic. V: 1.043, SOC: 100.0%",0
2026-01-01T13:44:25Z,ISLAND,100.0,0.0,"Baseline UPS logic. V: 0.927, SOC: 100.0%",0
2026-01-01T13:44:30Z,GRID_PASS,100.0,0.0,"Baseline UPS logic. V: 0.982, SOC: 100.0%",0
2026-01-01T13:44:35Z,ISLAND,100.0,0.0,"Baseline UPS logic. V: 0.930, SOC: 100.0%",0
2026-01-01T13:44:40Z,ISLAND,100.0,0.0,"Baseline UPS logic. V: 0.936, SOC: 100.0%",0
2026-01-01T13:44:45Z,GRID_PASS,100.0,0.0,"Baseline UPS logic. V: 1.005, SOC: 100.0%",0
2026-01-01T13:44:50Z,GRID_PASS,100.0,0.0,"Baseline UPS logic. V: 0.965, SOC: 100.0%",0
2026-01-01T13:44:55Z,GRID_PASS,100.0,0.0,"Baseline UPS logic. V: 1.054, SOC: 100.0%",0
2026-01-01T13:45:00Z,GRID_PASS,100.0,0.0,"Baseline UPS logic. V: 0.943, SOC: 100.0%",0
2026-01-01T13:45:05Z,GRID_PASS,100.0,0.0,"Baseline UPS logic. V: 1.017, SOC: 100.0%",0
2026-01-01T13:45:10Z,GRID_PASS,100.0,0.0,"Baseline UPS logic. V: 0.972, SOC: 100.0%",0
2026-01-01T13:45:15Z,GRID_PASS,100.0,0.0,"Baseline UPS logic. V: 1.007, SOC: 100.0%",0
2026-01-01T13:45:20Z,GRID_PASS,100.0,0.0,"Baseline UPS logic. V: 0.945, SOC: 100.0%",0
2026-01-01T13:45:25Z,GRID_PASS,100.0,0.0,"Baseline UPS logic. V: 0.965, SOC: 100.0%",0
2026-01-01T13:45:30Z,GRID_PASS,100.0,0.0,"Baseline UPS logic. V: 0.961, SOC: 100.0%",0
2026-01-01T13:45:35Z,ISLAND,100.0,0.0,"Baseline UPS logic. V: 0.925, SOC: 100.0%",0
2026-01-01T13:45:40Z,GRID_PASS,100.0,0.0,"Baseline UPS logic. V: 1.000, SOC: 100.0%",0
2026-01-01T13:45:45Z,GRID_PASS,100.0,0.0,"Baseline UPS logic. V: 0.999, SOC: 100.0%",0
2026-01-01T13:45:50Z,GRID_PASS,100.0,0.0,"Baseline UPS logic. V: 0.997, SOC: 100.0%",0
2026-01-01T13:45:55Z,GRID_PASS,100.0,0.0,"Baseline UPS logic. V: 1.044, SOC: 100.0%",0
2026-01-01T13:46:00Z,GRID_PASS,100.0,0.0,"Baseline UPS logic. V: 1.039, SOC: 100.0%",0
2026-01-01T13:46:05Z,GRID_PASS,100.0,0.0,"Baseline UPS logic. V: 0.948, SOC: 100.0%",0
2026-01-01T13:46:10Z,GRID_PASS,100.0,0.0,"Baseline UPS logic. V: 0.986, SOC: 100.0%",0
2026-01-01T13:46:15Z,ISLAND,100.0,0.0,"Baseline UPS logic. V: 0.936, SOC: 100.0%",0
2026-01-01T13:46:20Z,GRID_PASS,100.0,0.0,"Baseline UPS logic. V: 0.968, SOC: 100.0%",0
2026-01-01T13:46:25Z,ISLAND,100.0,0.0,"Baseline UPS logic. V: 0.937, SOC: 100.0%",0
2026-01-01T13:46:30Z,GRID_PASS,100.0,0.0,"Baseline UPS logic. V: 1.048, SOC: 100.0%",0
2026-01-01T13:46:35Z,GRID_PASS,100.0,0.0,"Baseline UPS logic. V: 0.985, SOC: 100.0%",0
2026-01-01T13:46:40Z,GRID_PASS,100.0,0.0,"Baseline UPS logic. V: 0.956, SOC: 100.0%",0
2026-01-01T13:46:45Z,GRID_PASS,100.0,0.0,"Baseline UPS logic. V: 1.027, SOC: 100.0%",0
2026-01-01T13:46:50Z,ISLAND,100.0,0.0,"Baseline UPS logic. V: 0.858, SOC: 100.0%",0
2026-01-01T13:46:55Z,ISLAND,100.0,0.0,"Baseline UPS logic. V: 0.866, SOC: 100.0%",0
2026-01-01T13:47:00Z,GRID_PASS,100.0,0.0,"Baseline UPS logic. V: 1.007, SOC: 100.0%",0
2026-01-01T13:47:05Z,GRID_PASS,100.0,0.0,"Baseline UPS logic. V: 0.970, SOC: 100.0%",0
2026-01-01T13:47:10Z,GRID_PASS,100.0,0.0,"Baseline UPS logic. V: 0.979, SOC: 100.0%",0
2026-01-01T13:47:15Z,ISLAND,100.0,0.0,"Baseline UPS logic. V: 0.901, SOC: 100.0%",0
2026-01-01T13:47:20Z,GRID_PASS,100.0,0.0,"Baseline UPS logic. V: 0.966, SOC: 100.0%",0
2026-01-01T13:47:25Z,GRID_PASS,100.0,0.0,"Baseline UPS logic. V: 1.067, SOC: 100.0%",0
2026-01-01T13:47:30Z,GRID_PASS,100.0,0.0,"Baseline UPS logic. V: 1.008, SOC: 100.0%",0
2026-01-01T13:47:35Z,GRID_PASS,100.0,0.0,"Baseline UPS logic. V: 0.975, SOC: 100.0%",0
2026-01-01T13:47:40Z,GRID_PASS,100.0,0.0,"Baseline UPS logic. V: 0.945, SOC: 100.0%",0
2026-01-01T13:47:45Z,GRID_PASS,100.0,0.0,"Baseline UPS logic. V: 0.947, SOC: 100.0%",0
2026-01-01T13:47:50Z,ISLAND,100.0,0.0,"Baseline UPS logic. V: 0.861, SOC: 100.0%",0
2026-01-01T13:47:55Z,GRID_PASS,100.0,0.0,"Baseline UPS logic. V: 0.980, SOC: 100.0%",0
2026-01-01T13:48:00Z,GRID_PASS,100.0,0.0,"Baseline UPS logic. V: 1.009, SOC: 100.0%",0
2026-01-01T13:48:05Z,ISLAND,100.0,0.0,"Baseline UPS logic. V: 0.888, SOC: 100.0%",0
2026-01-01T13:48:10Z,ISLAND,100.0,0.0,"Baseline UPS logic. V: 0.934, SOC: 100.0%",0
2026-01-01T13:48:15Z,ISLAND,100.0,0.0,"Baseline UPS logic. V: 0.909, SOC: 100.0%",0
2026-01-01T13:48:20Z,ISLAND,100.0,0.0,"Baseline UPS logic. V: 0.918, SOC: 100.0%",0
2026-01-01T13:48:25Z,GRID_PASS,100.0,0.0,"Baseline UPS logic. V: 0.969, SOC: 100.0%",0
2026-01-01T13:48:30Z,ISLAND,100.0,0.0,"Baseline UPS logic. V: 0.862, SOC: 100.0%",0
2026-01-01T13:48:35Z,GRID_PASS,100.0,0.0,"Baseline UPS logic. V: 0.998, SOC: 100.0%",0
2026-01-01T13:48:40Z,GRID_PASS,100.0,0.0,"Baseline UPS logic. V: 1.004, SOC: 100.0%",0
2026-01-01T13:48:45Z,GRID_PASS,100.0,0.0,"Baseline UPS logic. V: 0.954, SOC: 100.0%",0
2026-01-01T13:48:50Z,ISLAND,100.0,0.0,"Baseline UPS logic. V: 0.843, SOC: 100.0%",0
2026-01-01T13:48:55Z,ISLAND,100.0,0.0,"Baseline UPS logic. V: 0.917, SOC: 100.0%",0
2026-01-01T13:49:00Z,GRID_PASS,100.0,0.0,"Baseline UPS logic. V: 1.028, SOC: 100.0%",0
2026-01-01T13:49:05Z,ISLAND,100.0,0.0,"Baseline UPS logic. V: 0.828, SOC: 100.0%",0
2026-01-01T13:49:10Z,GRID_PASS,100.0,0.0,"Baseline UPS logic. V: 0.950, SOC: 100.0%",0
2026-01-01T13:49:15Z,ISLAND,100.0,0.0,"Baseline UPS logic. V: 0.908, SOC: 100.0%",0
2026-01-01T13:49:20Z,GRID_PASS,100.0,0.0,"Baseline UPS logic. V: 1.007, SOC: 100.0%",0
2026-01-01T13:49:25Z,ISLAND,100.0,0.0,"Baseline UPS logic. V: 0.933, SOC: 100.0%",0
2026-01-01T13:49:30Z,GRID_PASS,100.0,0.0,"Baseline UPS logic. V: 0.987, SOC: 100.0%",0
2026-01-01T13:49:35Z,GRID_PASS,100.0,0.0,"Baseline UPS logic. V: 0.995, SOC: 100.0%",0
2026-01-01T13:49:40Z,GRID_PASS,100.0,0.0,"Baseline UPS logic. V: 1.059, SOC: 100.0%",0
2026-01-01T13:49:45Z,GRID_PASS,100.0,0.0,"Baseline UPS logic. V: 0.957, SOC: 100.0%",0
2026-01-01T13:49:50Z,GRID_PASS,100.0,0.0,"Baseline UPS logic. V: 0.986, SOC: 100.0%",0
2026-01-01T13:49:55Z,ISLAND,100.0,0.0,"Baseline UPS logic. V: 0.893, SOC: 100.0%",0
2026-01-01T13:50:00Z,GRID_PASS,100.0,0.0,"Baseline UPS logic. V: 1.027, SOC: 100.0%",0
2026-01-01T13:50:05Z,ISLAND,100.0,0.0,"Baseline UPS logic. V: 0.929, SOC: 100.0%",0
2026-01-01T13:50:10Z,ISLAND,100.0,0.0,"Baseline UPS logic. V: 0.939, SOC: 100.0%",0
2026-01-01T13:50:15Z,GRID_PASS,100.0,0.0,"Baseline UPS logic. V: 0.966, SOC: 100.0%",0
2026-01-01T13:50:20Z,ISLAND,100.0,0.0,"Baseline UPS logic. V: 0.889, SOC: 100.0%",0
2026-01-01T13:50:25Z,GRID_PASS,100.0,0.0,"Baseline UPS logic. V: 0.978, SOC: 100.0%",0
2026-01-01T13:50:30Z,GRID_PASS,100.0,0.0,"Baseline UPS logic. V: 1.015, SOC: 100.0%",0
2026-01-01T13:50:35Z,GRID_PASS,100.0,0.0,"Baseline UPS logic. V: 0.982, SOC: 100.0%",0
2026-01-01T13:50:40Z,ISLAND,100.0,0.0,"Baseline UPS logic. V: 0.887, SOC: 100.0%",0
2026-01-01T13:50:45Z,GRID_PASS,100.0,0.0,"Baseline UPS logic. V: 0.961, SOC: 100.0%",0
2026-01-01T13:50:50Z,GRID_PASS,100.0,0.0,"Baseline UPS logic. V: 1.004, SOC: 100.0%",0
2026-01-01T13:50:55Z,ISLAND,100.0,0.0,"Baseline UPS logic. V: 0.873, SOC: 100.0%",0
2026-01-01T13:51:00Z,ISLAND,100.0,0.0,"Baseline UPS logic. V: 0.913, SOC: 100.0%",0
2026-01-01T13:51:05Z,GRID_PASS,100.0,0.0,"Baseline UPS logic. V: 1.011, SOC: 100.0%",0
2026-01-01T13:51:10Z,GRID_PASS,100.0,0.0,"Baseline UPS logic. V: 0.980, SOC: 100.0%",0
2026-01-01T13:51:15Z,GRID_PASS,100.0,0.0,"Baseline UPS logic. V: 0.988, SOC: 100.0%",0
2026-01-01T13:51:20Z,GRID_PASS,100.0,0.0,"Baseline UPS logic. V: 1.060, SOC: 100.0%",0
2026-01-01T13:51:25Z,GRID_PASS,100.0,0.0,"Baseline UPS logic. V: 0.990, SOC: 100.0%",0
2026-01-01T13:51:30Z,GRID_PASS,100.0,0.0,"Baseline UPS logic. V: 1.000, SOC: 100.0%",0
2026-01-01T13:51:35Z,GRID_PASS,100.0,0.0,"Baseline UPS logic. V: 1.102, SOC: 100.0%",0
2026-01-01T13:51:40Z,GRID_PASS,100.0,0.0,"Baseline UPS logic. V: 0.956, SOC: 100.0%",0
2026-01-01T13:51:45Z,ISLAND,100.0,0.0,"Baseline UPS logic. V: 0.927, SOC: 100.0%",0
2026-01-01T13:51:50Z,GRID_PASS,100.0,0.0,"Baseline UPS logic. V: 0.988, SOC: 100.0%",0
2026-01-01T13:51:55Z,GRID_PASS,100.0,0.0,"Baseline UPS logic. V: 0.989, SOC: 100.0%",0
2026-01-01T13:52:00Z,GRID_PASS,100.0,0.0,"Baseline UPS logic. V: 0.941, SOC: 100.0%",0
2026-01-01T13:52:05Z,ISLAND,100.0,0.0,"Baseline UPS logic. V: 0.915, SOC: 100.0%",0
2026-01-01T13:52:10Z,GRID_PASS,100.0,0.0,"Baseline UPS logic. V: 1.082, SOC: 100.0%",0
2026-01-01T13:52:15Z,GRID_PASS,100.0,0.0,"Baseline UPS logic. V: 0.983, SOC: 100.0%",0
2026-01-01T13:52:20Z,ISLAND,100.0,0.0,"Baseline UPS logic. V: 0.930, SOC: 100.0%",0
2026-01-01T13:52:25Z,GRID_PASS,100.0,0.0,"Baseline UPS logic. V: 1.013, SOC: 100.0%",0
2026-01-01T13:52:30Z,GRID_PASS,100.0,0.0,"Baseline UPS logic. V: 0.961, SOC: 100.0%",0
2026-01-01T13:52:35Z,GRID_PASS,100.0,0.0,"Baseline UPS logic. V: 0.954, SOC: 100.0%",0
2026-01-01T13:52:40Z,GRID_PASS,100.0,0.0,"Baseline UPS logic. V: 0.995, SOC: 100.0%",0
2026-01-01T13:52:45Z,ISLAND,100.0,0.0,"Baseline UPS logic. V: 0.902, SOC: 100.0%",0
2026-01-01T13:52:50Z,GRID_PASS,100.0,0.0,"Baseline UPS logic. V: 0.985, SOC: 100.0%",0
2026-01-01T13:52:55Z,GRID_PASS,100.0,0.0,"Baseline UPS logic. V: 1.062, SOC: 100.0%",0
2026-01-01T13:53:00Z,GRID_PASS,100.0,0.0,"Baseline UPS logic. V: 0.990, SOC: 100.0%",0
2026-01-01T13:53:05Z,GRID_PASS,100.0,0.0,"Baseline UPS logic. V: 0.948, SOC: 100.0%",0
2026-01-01T13:53:10Z,GRID_PASS,100.0,0.0,"Baseline UPS logic. V: 0.942, SOC: 100.0%",0
2026-01-01T13:53:15Z,GRID_PASS,100.0,0.0,"Baseline UPS logic. V: 0.946, SOC: 100.0%",0
2026-01-01T13:53:20Z,GRID_PASS,100.0,0.0,"Baseline UPS logic. V: 0.954, SOC: 100.0%",0
2026-01-01T13:53:25Z,GRID_PASS,100.0,0.0,"Baseline UPS logic. V: 0.948, SOC: 100.0%",0
2026-01-01T13:53:30Z,GRID_PASS,100.0,0.0,"Baseline UPS logic. V: 1.013, SOC: 100.0%",0
2026-01-01T13:53:35Z,ISLAND,100.0,0.0,"Baseline UPS logic. V: 0.880, SOC: 100.0%",0
2026-01-01T13:53:40Z,GRID_PASS,100.0,0.0,"Baseline UPS logic. V: 1.010, SOC: 100.0%",0
2026-01-01T13:53:45Z,GRID_PASS,100.0,0.0,"Baseline UPS logic. V: 0.948, SOC: 100.0%",0
2026-01-01T13:53:50Z,GRID_PASS,100.0,0.0,"Baseline UPS logic. V: 0.986, SOC: 100.0%",0
2026-01-01T13:53:55Z,ISLAND,100.0,0.0,"Baseline UPS logic. V: 0.911, SOC: 100.0%",0
2026-01-01T13:54:00Z,GRID_PASS,100.0,0.0,"Baseline UPS logic. V: 1.033, SOC: 100.0%",0
2026-01-01T13:54:05Z,GRID_PASS,100.0,0.0,"Baseline UPS logic. V: 1.029, SOC: 100.0%",0
2026-01-01T13:54:10Z,GRID_PASS,100.0,0.0,"Baseline UPS logic. V: 1.015, SOC: 100.0%",0
2026-01-01T13:54:15Z,ISLAND,100.0,0.0,"Baseline UPS logic. V: 0.891, SOC: 100.0%",0
2026-01-01T13:54:20Z,GRID_PASS,100.0,0.0,"Baseline UPS logic. V: 1.008, SOC: 100.0%",0
2026-01-01T13:54:25Z,GRID_PASS,100.0,0.0,"Baseline UPS logic. V: 0.987, SOC: 100.0%",0
2026-01-01T13:54:30Z,ISLAND,100.0,0.0,"Baseline UPS logic. V: 0.887, SOC: 100.0%",0
2026-01-01T13:54:35Z,GRID_PASS,100.0,0.0,"Baseline UPS logic. V: 0.966, SOC: 100.0%",0
2026-01-01T13:54:40Z,GRID_PASS,100.0,0.0,"Baseline UPS logic. V: 0.985, SOC: 100.0%",0
2026-01-01T13:54:45Z,GRID_PASS,100.0,0.0,"Baseline UPS logic. V: 0.995, SOC: 100.0%",0
2026-01-01T13:54:50Z,GRID_PASS,100.0,0.0,"Baseline UPS logic. V: 0.976, SOC: 100.0%",0
2026-01-01T13:54:55Z,GRID_PASS,100.0,0.0,"Baseline UPS logic. V: 0.981, SOC: 100.0%",0
2026-01-01T13:55:00Z,GRID_PASS,100.0,0.0,"Baseline UPS logic. V: 1.041, SOC: 100.0%",0
2026-01-01T13:55:05Z,GRID_PASS,100.0,0.0,"Baseline UPS logic. V: 1.028, SOC: 100.0%",0
2026-01-01T13:55:10Z,ISLAND,100.0,0.0,"Baseline UPS logic. V: 0.823, SOC: 100.0%",0
2026-01-01T13:55:15Z,GRID_PASS,100.0,0.0,"Baseline UPS logic. V: 0.951, SOC: 100.0%",0
2026-01-01T13:55:20Z,GRID_PASS,100.0,0.0,"Baseline UPS logic. V: 0.958, SOC: 100.0%",0
2026-01-01T13:55:25Z,ISLAND,100.0,0.0,"Baseline UPS logic. V: 0.879, SOC: 100.0%",0
2026-01-01T13:55:30Z,GRID_PASS,100.0,0.0,"Baseline UPS logic. V: 0.972, SOC: 100.0%",0
2026-01-01T13:55:35Z,GRID_PASS,100.0,0.0,"Baseline UPS logic. V: 1.029, SOC: 100.0%",0
2026-01-01T13:55:40Z,ISLAND,100.0,0.0,"Baseline UPS logic. V: 0.912, SOC: 100.0%",0
2026-01-01T13:55:45Z,GRID_PASS,100.0,0.0,"Baseline UPS logic. V: 0.984, SOC: 100.0%",0
2026-01-01T13:55:50Z,ISLAND,100.0,0.0,"Baseline UPS logic. V: 0.921, SOC: 100.0%",0
2026-01-01T13:55:55Z,ISLAND,100.0,0.0,"Baseline UPS logic. V: 0.933, SOC: 100.0%",0
2026-01-01T13:56:00Z,GRID_PASS,100.0,0.0,"Baseline UPS logic. V: 1.041, SOC: 100.0%",0
2026-01-01T13:56:05Z,ISLAND,100.0,0.0,"Baseline UPS logic. V: 0.940, SOC: 100.0%",0
2026-01-01T13:56:10Z,GRID_PASS,100.0,0.0,"Baseline UPS logic. V: 0.990, SOC: 100.0%",0
2026-01-01T13:56:15Z,ISLAND,100.0,0.0,"Baseline UPS logic. V: 0.873, SOC: 100.0%",0
2026-01-01T13:56:20Z,GRID_PASS,100.0,0.0,"Baseline UPS logic. V: 1.060, SOC: 100.0%",0
2026-01-01T13:56:25Z,GRID_PASS,100.0,0.0,"Baseline UPS logic. V: 0.997, SOC: 100.0%",0
2026-01-01T13:56:30Z,GRID_PASS,100.0,0.0,"Baseline UPS logic. V: 0.958, SOC: 100.0%",0
2026-01-01T13:56:35Z,GRID_PASS,100.0,0.0,"Baseline UPS logic. V: 0.996, SOC: 100.0%",0
2026-01-01T13:56:40Z,ISLAND,100.0,0.0,"Baseline UPS logic. V: 0.896, SOC: 100.0%",0
2026-01-01T13:56:45Z,GRID_PASS,100.0,0.0,"Baseline UPS logic. V: 1.026, SOC: 100.0%",0
2026-01-01T13:56:50Z,GRID_PASS,100.0,0.0,"Baseline UPS logic. V: 0.950, SOC: 100.0%",0
2026-01-01T13:56:55Z,GRID_PASS,100.0,0.0,"Baseline UPS logic. V: 0.957, SOC: 100.0%",0
2026-01-01T13:57:00Z,GRID_PASS,100.0,0.0,"Baseline UPS logic. V: 0.942, SOC: 100.0%",0
2026-01-01T13:57:05Z,ISLAND,100.0,0.0,"Baseline UPS logic. V: 0.938, SOC: 100.0%",0
2026-01-01T13:57:10Z,GRID_PASS,100.0,0.0,"Baseline UPS logic. V: 1.002, SOC: 100.0%",0
2026-01-01T13:57:15Z,GRID_PASS,100.0,0.0,"Baseline UPS logic. V: 0.979, SOC: 100.0%",0
2026-01-01T13:57:20Z,GRID_PASS,100.0,0.0,"Baseline UPS logic. V: 0.999, SOC: 100.0%",0
2026-01-01T13:57:25Z,GRID_PASS,100.0,0.0,"Baseline UPS logic. V: 0.966, SOC: 100.0%",0
2026-01-01T13:57:30Z,GRID_PASS,100.0,0.0,"Baseline UPS logic. V: 0.993, SOC: 100.0%",0
2026-01-01T13:57:35Z,GRID_PASS,100.0,0.0,"Baseline UPS logic. V: 0.946, SOC: 100.0%",0
2026-01-01T13:57:40Z,GRID_PASS,100.0,0.0,"Baseline UPS logic. V: 1.078, SOC: 100.0%",0
2026-01-01T13:57:45Z,ISLAND,100.0,0.0,"Baseline UPS logic. V: 0.888, SOC: 100.0%",0
2026-01-01T13:57:50Z,GRID_PASS,100.0,0.0,"Baseline UPS logic. V: 1.030, SOC: 100.0%",0
2026-01-01T13:57:55Z,GRID_PASS,100.0,0.0,"Baseline UPS logic. V: 1.035, SOC: 100.0%",0
2026-01-01T13:58:00Z,ISLAND,100.0,0.0,"Baseline UPS logic. V: 0.924, SOC: 100.0%",0
2026-01-01T13:58:05Z,GRID_PASS,100.0,0.0,"Baseline UPS logic. V: 1.078, SOC: 100.0%",0
2026-01-01T13:58:10Z,GRID_PASS,100.0,0.0,"Baseline UPS logic. V: 1.016, SOC: 100.0%",0
2026-01-01T13:58:15Z,GRID_PASS,100.0,0.0,"Baseline UPS logic. V: 1.015, SOC: 100.0%",0
2026-01-01T13:58:20Z,GRID_PASS,100.0,0.0,"Baseline UPS logic. V: 0.968, SOC: 100.0%",0
2026-01-01T13:58:25Z,GRID_PASS,100.0,0.0,"Baseline UPS logic. V: 0.956, SOC: 100.0%",0
2026-01-01T13:58:30Z,GRID_PASS,100.0,0.0,"Baseline UPS logic. V: 0.956, SOC: 100.0%",0
2026-01-01T13:58:35Z,GRID_PASS,100.0,0.0,"Baseline UPS logic. V: 0.986, SOC: 100.0%",0
2026-01-01T13:58:40Z,GRID_PASS,100.0,0.0,"Baseline UPS logic. V: 1.037, SOC: 100.0%",0
2026-01-01T13:58:45Z,GRID_PASS,100.0,0.0,"Baseline UPS logic. V: 0.976, SOC: 100.0%",0
2026-01-01T13:58:50Z,ISLAND,100.0,0.0,"Baseline UPS logic. V: 0.921, SOC: 100.0%",0
2026-01-01T13:58:55Z,GRID_PASS,100.0,0.0,"Baseline UPS logic. V: 1.008, SOC: 100.0%",0
2026-01-01T13:59:00Z,GRID_PASS,100.0,0.0,"Baseline UPS logic. V: 1.013, SOC: 100.0%",0
2026-01-01T13:59:05Z,GRID_PASS,100.0,0.0,"Baseline UPS logic. V: 1.000, SOC: 100.0%",0
2026-01-01T13:59:10Z,GRID_PASS,100.0,0.0,"Baseline UPS logic. V: 1.004, SOC: 100.0%",0
2026-01-01T13:59:15Z,GRID_PASS,100.0,0.0,"Baseline UPS logic. V: 0.953, SOC: 100.0%",0
2026-01-01T13:59:20Z,ISLAND,100.0,0.0,"Baseline UPS logic. V: 0.920, SOC: 100.0%",0
2026-01-01T13:59:25Z,ISLAND,100.0,0.0,"Baseline UPS logic. V: 0.923, SOC: 100.0%",0
2026-01-01T13:59:30Z,ISLAND,100.0,0.0,"Baseline UPS logic. V: 0.885, SOC: 100.0%",0
2026-01-01T13:59:35Z,GRID_PASS,100.0,0.0,"Baseline UPS logic. V: 0.978, SOC: 100.0%",0
2026-01-01T13:59:40Z,GRID_PASS,100.0,0.0,"Baseline UPS logic. V: 0.962, SOC: 100.0%",0
2026-01-01T13:59:45Z,GRID_PASS,100.0,0.0,"Baseline UPS logic. V: 0.945, SOC: 100.0%",0
2026-01-01T13:59:50Z,ISLAND,100.0,0.0,"Baseline UPS logic. V: 0.819, SOC: 100.0%",0
2026-01-01T13:59:55Z,ISLAND,100.0,0.0,"Baseline UPS logic. V: 0.905, SOC: 100.0%",0
2026-01-01T14:00:00Z,GRID_PASS,100.0,0.0,"Baseline UPS logic. V: 1.023, SOC: 100.0%",0
2026-01-01T14:00:05Z,ISLAND,100.0,0.0,"Baseline UPS logic. V: 0.933, SOC: 100.0%",0
2026-01-01T14:00:10Z,GRID_PASS,100.0,0.0,"Baseline UPS logic. V: 0.985, SOC: 100.0%",0
2026-01-01T14:00:15Z,ISLAND,100.0,0.0,"Baseline UPS logic. V: 0.897, SOC: 100.0%",0
2026-01-01T14:00:20Z,GRID_PASS,100.0,0.0,"Baseline UPS logic. V: 1.039, SOC: 100.0%",0
2026-01-01T14:00:25Z,GRID_PASS,100.0,0.0,"Baseline UPS logic. V: 0.959, SOC: 100.0%",0
2026-01-01T14:00:30Z,GRID_PASS,100.0,0.0,"Baseline UPS logic. V: 0.981, SOC: 100.0%",0
2026-01-01T14:00:35Z,GRID_PASS,100.0,0.0,"Baseline UPS logic. V: 1.083, SOC: 100.0%",0
2026-01-01T14:00:40Z,GRID_PASS,100.0,0.0,"Baseline UPS logic. V: 1.043, SOC: 100.0%",0
2026-01-01T14:00:45Z,GRID_PASS,100.0,0.0,"Baseline UPS logic. V: 0.951, SOC: 100.0%",0
2026-01-01T14:00:50Z,ISLAND,100.0,0.0,"Baseline UPS logic. V: 0.937, SOC: 100.0%",0
2026-01-01T14:00:55Z,GRID_PASS,100.0,0.0,"Baseline UPS logic. V: 0.951, SOC: 100.0%",0
2026-01-01T14:01:00Z,GRID_PASS,100.0,0.0,"Baseline UPS logic. V: 0.992, SOC: 100.0%",0
2026-01-01T14:01:05Z,GRID_PASS,100.0,0.0,"Baseline UPS logic. V: 0.962, SOC: 100.0%",0
2026-01-01T14:01:10Z,GRID_PASS,100.0,0.0,"Baseline UPS logic. V: 0.947, SOC: 100.0%",0
2026-01-01T14:01:15Z,GRID_PASS,100.0,0.0,"Baseline UPS logic. V: 1.040, SOC: 100.0%",0
2026-01-01T14:01:20Z,GRID_PASS,100.0,0.0,"Baseline UPS logic. V: 0.961, SOC: 100.0%",0
2026-01-01T14:01:25Z,GRID_PASS,100.0,0.0,"Baseline UPS logic. V: 1.082, SOC: 100.0%",0
2026-01-01T14:01:30Z,GRID_PASS,100.0,0.0,"Baseline UPS logic. V: 0.971, SOC: 100.0%",0
2026-01-01T14:01:35Z,GRID_PASS,100.0,0.0,"Baseline UPS logic. V: 1.056, SOC: 100.0%",0
2026-01-01T14:01:40Z,GRID_PASS,100.0,0.0,"Baseline UPS logic. V: 0.985, SOC: 100.0%",0
2026-01-01T14:01:45Z,GRID_PASS,100.0,0.0,"Baseline UPS logic. V: 1.015, SOC: 100.0%",0
2026-01-01T14:01:50Z,ISLAND,100.0,0.0,"Baseline UPS logic. V: 0.931, SOC: 100.0%",0
2026-01-01T14:01:55Z,ISLAND,100.0,0.0,"Baseline UPS logic. V: 0.924, SOC: 100.0%",0
2026-01-01T14:02:00Z,GRID_PASS,100.0,0.0,"Baseline UPS logic. V: 0.990, SOC: 100.0%",0
2026-01-01T14:02:05Z,GRID_PASS,100.0,0.0,"Baseline UPS logic. V: 1.016, SOC: 100.0%",0
2026-01-01T14:02:10Z,GRID_PASS,100.0,0.0,"Baseline UPS logic. V: 0.969, SOC: 100.0%",0
2026-01-01T14:02:15Z,ISLAND,100.0,0.0,"Baseline UPS logic. V: 0.902, SOC: 100.0%",0
2026-01-01T14:02:20Z,ISLAND,100.0,0.0,"Baseline UPS logic. V: 0.899, SOC: 100.0%",0
2026-01-01T14:02:25Z,ISLAND,100.0,0.0,"Baseline UPS logic. V: 0.895, SOC: 100.0%",0
2026-01-01T14:02:30Z,ISLAND,100.0,0.0,"Baseline UPS logic. V: 0.878, SOC: 100.0%",0
2026-01-01T14:02:35Z,GRID_PASS,100.0,0.0,"Baseline UPS logic. V: 0.972, SOC: 100.0%",0
2026-01-01T14:02:40Z,GRID_PASS,100.0,0.0,"Baseline UPS logic. V: 1.023, SOC: 100.0%",0
2026-01-01T14:02:45Z,GRID_PASS,100.0,0.0,"Baseline UPS logic. V: 0.966, SOC: 100.0%",0
2026-01-01T14:02:50Z,ISLAND,100.0,0.0,"Baseline UPS logic. V: 0.854, SOC: 100.0%",0
2026-01-01T14:02:55Z,GRID_PASS,100.0,0.0,"Baseline UPS logic. V: 0.957, SOC: 100.0%",0
2026-01-01T14:03:00Z,GRID_PASS,100.0,0.0,"Baseline UPS logic. V: 0.958, SOC: 100.0%",0
2026-01-01T14:03:05Z,GRID_PASS,100.0,0.0,"Baseline UPS logic. V: 1.072, SOC: 100.0%",0
2026-01-01T14:03:10Z,ISLAND,100.0,0.0,"Baseline UPS logic. V: 0.894, SOC: 100.0%",0
2026-01-01T14:03:15Z,GRID_PASS,100.0,0.0,"Baseline UPS logic. V: 0.947, SOC: 100.0%",0
2026-01-01T14:03:20Z,GRID_PASS,100.0,0.0,"Baseline UPS logic. V: 1.052, SOC: 100.0%",0
2026-01-01T14:03:25Z,GRID_PASS,100.0,0.0,"Baseline UPS logic. V: 0.989, SOC: 100.0%",0
2026-01-01T14:03:30Z,GRID_PASS,100.0,0.0,"Baseline UPS logic. V: 0.995, SOC: 100.0%",0
2026-01-01T14:03:35Z,GRID_PASS,100.0,0.0,"Baseline UPS logic. V: 0.973, SOC: 100.0%",0
2026-01-01T14:03:40Z,GRID_PASS,100.0,0.0,"Baseline UPS logic. V: 0.983, SOC: 100.0%",0
2026-01-01T14:03:45Z,GRID_PASS,100.0,0.0,"Baseline UPS logic. V: 1.006, SOC: 100.0%",0
2026-01-01T14:03:50Z,ISLAND,100.0,0.0,"Baseline UPS logic. V: 0.926, SOC: 100.0%",0
2026-01-01T14:03:55Z,GRID_PASS,100.0,0.0,"Baseline UPS logic. V: 1.011, SOC: 100.0%",0
2026-01-01T14:04:00Z,ISLAND,100.0,0.0,"Baseline UPS logic. V: 0.898, SOC: 100.0%",0
2026-01-01T14:04:05Z,GRID_PASS,100.0,0.0,"Baseline UPS logic. V: 0.983, SOC: 100.0%",0
2026-01-01T14:04:10Z,GRID_PASS,100.0,0.0,"Baseline UPS logic. V: 0.976, SOC: 100.0%",0
2026-01-01T14:04:15Z,ISLAND,100.0,0.0,"Baseline UPS logic. V: 0.936, SOC: 100.0%",0
2026-01-01T14:04:20Z,GRID_PASS,100.0,0.0,"Baseline UPS logic. V: 0.966, SOC: 100.0%",0
2026-01-01T14:04:25Z,ISLAND,100.0,0.0,"Baseline UPS logic. V: 0.935, SOC: 100.0%",0
2026-01-01T14:04:30Z,ISLAND,100.0,0.0,"Baseline UPS logic. V: 0.913, SOC: 100.0%",0
2026-01-01T14:04:35Z,GRID_PASS,100.0,0.0,"Baseline UPS logic. V: 0.949, SOC: 100.0%",0
2026-01-01T14:04:40Z,ISLAND,100.0,0.0,"Baseline UPS logic. V: 0.911, SOC: 100.0%",0
2026-01-01T14:04:45Z,GRID_PASS,100.0,0.0,"Baseline UPS logic. V: 0.983, SOC: 100.0%",0
2026-01-01T14:04:50Z,ISLAND,100.0,0.0,"Baseline UPS logic. V: 0.909, SOC: 100.0%",0
2026-01-01T14:04:55Z,GRID_PASS,100.0,0.0,"Baseline UPS logic. V: 1.002, SOC: 100.0%",0
2026-01-01T14:05:00Z,ISLAND,100.0,0.0,"Baseline UPS logic. V: 0.907, SOC: 100.0%",0
2026-01-01T14:05:05Z,ISLAND,100.0,0.0,"Baseline UPS logic. V: 0.939, SOC: 100.0%",0
2026-01-01T14:05:10Z,ISLAND,100.0,0.0,"Baseline UPS logic. V: 0.935, SOC: 100.0%",0
2026-01-01T14:05:15Z,GRID_PASS,100.0,0.0,"Baseline UPS logic. V: 1.033, SOC: 100.0%",0
2026-01-01T14:05:20Z,GRID_PASS,100.0,0.0,"Baseline UPS logic. V: 0.983, SOC: 100.0%",0
2026-01-01T14:05:25Z,GRID_PASS,100.0,0.0,"Baseline UPS logic. V: 0.956, SOC: 100.0%",0
2026-01-01T14:05:30Z,GRID_PASS,100.0,0.0,"Baseline UPS logic. V: 0.992, SOC: 100.0%",0
2026-01-01T14:05:35Z,ISLAND,100.0,0.0,"Baseline UPS logic. V: 0.861, SOC: 100.0%",0
2026-01-01T14:05:40Z,GRID_PASS,100.0,0.0,"Baseline UPS logic. V: 0.965, SOC: 100.0%",0
2026-01-01T14:05:45Z,GRID_PASS,100.0,0.0,"Baseline UPS logic. V: 1.066, SOC: 100.0%",0
2026-01-01T14:05:50Z,GRID_PASS,100.0,0.0,"Baseline UPS logic. V: 0.973, SOC: 100.0%",0
2026-01-01T14:05:55Z,GRID_PASS,100.0,0.0,"Baseline UPS logic. V: 0.970, SOC: 100.0%",0
2026-01-01T14:06:00Z,GRID_PASS,100.0,0.0,"Baseline UPS logic. V: 0.994, SOC: 100.0%",0
2026-01-01T14:06:05Z,GRID_PASS,100.0,0.0,"Baseline UPS logic. V: 1.012, SOC: 100.0%",0
2026-01-01T14:06:10Z,ISLAND,100.0,0.0,"Baseline UPS logic. V: 0.867, SOC: 100.0%",0
2026-01-01T14:06:15Z,ISLAND,100.0,0.0,"Baseline UPS logic. V: 0.883, SOC: 100.0%",0
2026-01-01T14:06:20Z,GRID_PASS,100.0,0.0,"Baseline UPS logic. V: 0.977, SOC: 100.0%",0
2026-01-01T14:06:25Z,ISLAND,100.0,0.0,"Baseline UPS logic. V: 0.931, SOC: 100.0%",0
2026-01-01T14:06:30Z,GRID_PASS,100.0,0.0,"Baseline UPS logic. V: 1.032, SOC: 100.0%",0
2026-01-01T14:06:35Z,GRID_PASS,100.0,0.0,"Baseline UPS logic. V: 0.951, SOC: 100.0%",0
2026-01-01T14:06:40Z,ISLAND,100.0,0.0,"Baseline UPS logic. V: 0.870, SOC: 100.0%",0
2026-01-01T14:06:45Z,ISLAND,100.0,0.0,"Baseline UPS logic. V: 0.903, SOC: 100.0%",0
2026-01-01T14:06:50Z,ISLAND,100.0,0.0,"Baseline UPS logic. V: 0.829, SOC: 100.0%",0
2026-01-01T14:06:55Z,GRID_PASS,100.0,0.0,"Baseline UPS logic. V: 0.955, SOC: 100.0%",0
2026-01-01T14:07:00Z,GRID_PASS,100.0,0.0,"Baseline UPS logic. V: 0.957, SOC: 100.0%",0
2026-01-01T14:07:05Z,GRID_PASS,100.0,0.0,"Baseline UPS logic. V: 0.946, SOC: 100.0%",0
2026-01-01T14:07:10Z,GRID_PASS,100.0,0.0,"Baseline UPS logic. V: 1.021, SOC: 100.0%",0
2026-01-01T14:07:15Z,GRID_PASS,100.0,0.0,"Baseline UPS logic. V: 1.027, SOC: 100.0%",0
2026-01-01T14:07:20Z,GRID_PASS,100.0,0.0,"Baseline UPS logic. V: 0.958, SOC: 100.0%",0
2026-01-01T14:07:25Z,ISLAND,100.0,0.0,"Baseline UPS logic. V: 0.860, SOC: 100.0%",0
2026-01-01T14:07:30Z,GRID_PASS,100.0,0.0,"Baseline UPS logic. V: 0.998, SOC: 100.0%",0
2026-01-01T14:07:35Z,GRID_PASS,100.0,0.0,"Baseline UPS logic. V: 0.994, SOC: 100.0%",0
2026-01-01T14:07:40Z,GRID_PASS,100.0,0.0,"Baseline UPS logic. V: 0.982, SOC: 100.0%",0
2026-01-01T14:07:45Z,GRID_PASS,100.0,0.0,"Baseline UPS logic. V: 1.016, SOC: 100.0%",0
2026-01-01T14:07:50Z,ISLAND,100.0,0.0,"Baseline UPS logic. V: 0.908, SOC: 100.0%",0
2026-01-01T14:07:55Z,GRID_PASS,100.0,0.0,"Baseline UPS logic. V: 1.067, SOC: 100.0%",0
2026-01-01T14:08:00Z,ISLAND,100.0,0.0,"Baseline UPS logic. V: 0.919, SOC: 100.0%",0
2026-01-01T14:08:05Z,GRID_PASS,100.0,0.0,"Baseline UPS logic. V: 1.004, SOC: 100.0%",0
2026-01-01T14:08:10Z,ISLAND,100.0,0.0,"Baseline UPS logic. V: 0.882, SOC: 100.0%",0
2026-01-01T14:08:15Z,ISLAND,100.0,0.0,"Baseline UPS logic. V: 0.920, SOC: 100.0%",0
2026-01-01T14:08:20Z,GRID_PASS,100.0,0.0,"Baseline UPS logic. V: 1.042, SOC: 100.0%",0
2026-01-01T14:08:25Z,GRID_PASS,100.0,0.0,"Baseline UPS logic. V: 0.953, SOC: 100.0%",0
2026-01-01T14:08:30Z,GRID_PASS,100.0,0.0,"Baseline UPS logic. V: 1.009, SOC: 100.0%",0
2026-01-01T14:08:35Z,GRID_PASS,100.0,0.0,"Baseline UPS logic. V: 0.979, SOC: 100.0%",0
2026-01-01T14:08:40Z,GRID_PASS,100.0,0.0,"Baseline UPS logic. V: 0.961, SOC: 100.0%",0
2026-01-01T14:08:45Z,GRID_PASS,100.0,0.0,"Baseline UPS logic. V: 1.035, SOC: 100.0%",0
2026-01-01T14:08:50Z,GRID_PASS,100.0,0.0,"Baseline UPS logic. V: 0.955, SOC: 100.0%",0
2026-01-01T14:08:55Z,ISLAND,100.0,0.0,"Baseline UPS logic. V: 0.878, SOC: 100.0%",0
2026-01-01T14:09:00Z,ISLAND,100.0,0.0,"Baseline UPS logic. V: 0.927, SOC: 100.0%",0
2026-01-01T14:09:05Z,GRID_PASS,100.0,0.0,"Baseline UPS logic. V: 0.994, SOC: 100.0%",0
2026-01-01T14:09:10Z,GRID_PASS,100.0,0.0,"Baseline UPS logic. V: 0.986, SOC: 100.0%",0
2026-01-01T14:09:15Z,ISLAND,100.0,0.0,"Baseline UPS logic. V: 0.888, SOC: 100.0%",0
2026-01-01T14:09:20Z,ISLAND,100.0,0.0,"Baseline UPS logic. V: 0.931, SOC: 100.0%",0
2026-01-01T14:09:25Z,ISLAND,100.0,0.0,"Baseline UPS logic. V: 0.937, SOC: 100.0%",0
2026-01-01T14:09:30Z,GRID_PASS,100.0,0.0,"Baseline UPS logic. V: 0.948, SOC: 100.0%",0
2026-01-01T14:09:35Z,ISLAND,100.0,0.0,"Baseline UPS logic. V: 0.898, SOC: 100.0%",0
2026-01-01T14:09:40Z,ISLAND,100.0,0.0,"Baseline UPS logic. V: 0.935, SOC: 100.0%",0
2026-01-01T14:09:45Z,ISLAND,100.0,0.0,"Baseline UPS logic. V: 0.930, SOC: 100.0%",0
2026-01-01T14:09:50Z,GRID_PASS,100.0,0.0,"Baseline UPS logic. V: 1.005, SOC: 100.0%",0
2026-01-01T14:09:55Z,GRID_PASS,100.0,0.0,"Baseline UPS logic. V: 1.007, SOC: 100.0%",0
2026-01-01T14:10:00Z,GRID_PASS,100.0,0.0,"Baseline UPS logic. V: 0.959, SOC: 100.0%",0
2026-01-01T14:10:05Z,GRID_PASS,100.0,0.0,"Baseline UPS logic. V: 0.947, SOC: 100.0%",0
2026-01-01T14:10:10Z,GRID_PASS,100.0,0.0,"Baseline UPS logic. V: 0.974, SOC: 100.0%",0
2026-01-01T14:10:15Z,ISLAND,100.0,0.0,"Baseline UPS logic. V: 0.926, SOC: 100.0%",0
2026-01-01T14:10:20Z,ISLAND,100.0,0.0,"Baseline UPS logic. V: 0.909, SOC: 100.0%",0
2026-01-01T14:10:25Z,ISLAND,100.0,0.0,"Baseline UPS logic. V: 0.919, SOC: 100.0%",0
2026-01-01T14:10:30Z,ISLAND,100.0,0.0,"Baseline UPS logic. V: 0.935, SOC: 100.0%",0
2026-01-01T14:10:35Z,ISLAND,100.0,0.0,"Baseline UPS logic. V: 0.908, SOC: 100.0%",0
2026-01-01T14:10:40Z,GRID_PASS,100.0,0.0,"Baseline UPS logic. V: 0.975, SOC: 100.0%",0
2026-01-01T14:10:45Z,GRID_PASS,100.0,0.0,"Baseline UPS logic. V: 1.003, SOC: 100.0%",0
2026-01-01T14:10:50Z,ISLAND,100.0,0.0,"Baseline UPS logic. V: 0.887, SOC: 100.0%",0
2026-01-01T14:10:55Z,GRID_PASS,100.0,0.0,"Baseline UPS logic. V: 0.968, SOC: 100.0%",0
2026-01-01T14:11:00Z,GRID_PASS,100.0,0.0,"Baseline UPS logic. V: 0.955, SOC: 100.0%",0
2026-01-01T14:11:05Z,GRID_PASS,100.0,0.0,"Baseline UPS logic. V: 0.984, SOC: 100.0%",0
2026-01-01T14:11:10Z,GRID_PASS,100.0,0.0,"Baseline UPS logic. V: 0.966, SOC: 100.0%",0
2026-01-01T14:11:15Z,ISLAND,100.0,0.0,"Baseline UPS logic. V: 0.894, SOC: 100.0%",0
2026-01-01T14:11:20Z,ISLAND,100.0,0.0,"Baseline UPS logic. V: 0.904, SOC: 100.0%",0
2026-01-01T14:11:25Z,GRID_PASS,100.0,0.0,"Baseline UPS logic. V: 0.968, SOC: 100.0%",0
2026-01-01T14:11:30Z,GRID_PASS,100.0,0.0,"Baseline UPS logic. V: 1.018, SOC: 100.0%",0
2026-01-01T14:11:35Z,ISLAND,100.0,0.0,"Baseline UPS logic. V: 0.856, SOC: 100.0%",0
2026-01-01T14:11:40Z,GRID_PASS,100.0,0.0,"Baseline UPS logic. V: 0.984, SOC: 100.0%",0
2026-01-01T14:11:45Z,GRID_PASS,100.0,0.0,"Baseline UPS logic. V: 1.026, SOC: 100.0%",0
2026-01-01T14:11:50Z,GRID_PASS,100.0,0.0,"Baseline UPS logic. V: 0.959, SOC: 100.0%",0
2026-01-01T14:11:55Z,GRID_PASS,100.0,0.0,"Baseline UPS logic. V: 0.994, SOC: 100.0%",0
2026-01-01T14:12:00Z,ISLAND,100.0,0.0,"Baseline UPS logic. V: 0.932, SOC: 100.0%",0
2026-01-01T14:12:05Z,GRID_PASS,100.0,0.0,"Baseline UPS logic. V: 0.961, SOC: 100.0%",0
2026-01-01T14:12:10Z,ISLAND,100.0,0.0,"Baseline UPS logic. V: 0.885, SOC: 100.0%",0
2026-01-01T14:12:15Z,ISLAND,100.0,0.0,"Baseline UPS logic. V: 0.850, SOC: 100.0%",0
2026-01-01T14:12:20Z,GRID_PASS,100.0,0.0,"Baseline UPS logic. V: 1.014, SOC: 100.0%",0
2026-01-01T14:12:25Z,ISLAND,100.0,0.0,"Baseline UPS logic. V: 0.917, SOC: 100.0%",0
2026-01-01T14:12:30Z,GRID_PASS,100.0,0.0,"Baseline UPS logic. V: 0.944, SOC: 100.0%",0
2026-01-01T14:12:35Z,ISLAND,100.0,0.0,"Baseline UPS logic. V: 0.897, SOC: 100.0%",0
2026-01-01T14:12:40Z,ISLAND,100.0,0.0,"Baseline UPS logic. V: 0.896, SOC: 100.0%",0
2026-01-01T14:12:45Z,GRID_PASS,100.0,0.0,"Baseline UPS logic. V: 0.958, SOC: 100.0%",0
2026-01-01T14:12:50Z,ISLAND,100.0,0.0,"Baseline UPS logic. V: 0.930, SOC: 100.0%",0
2026-01-01T14:12:55Z,GRID_PASS,100.0,0.0,"Baseline UPS logic. V: 0.986, SOC: 100.0%",0
2026-01-01T14:13:00Z,GRID_PASS,100.0,0.0,"Baseline UPS logic. V: 0.989, SOC: 100.0%",0
2026-01-01T14:13:05Z,GRID_PASS,100.0,0.0,"Baseline UPS logic. V: 0.983, SOC: 100.0%",0
2026-01-01T14:13:10Z,GRID_PASS,100.0,0.0,"Baseline UPS logic. V: 0.979, SOC: 100.0%",0
2026-01-01T14:13:15Z,GRID_PASS,100.0,0.0,"Baseline UPS logic. V: 1.046, SOC: 100.0%",0
2026-01-01T14:13:20Z,ISLAND,100.0,0.0,"Baseline UPS logic. V: 0.913, SOC: 100.0%",0
2026-01-01T14:13:25Z,GRID_PASS,100.0,0.0,"Baseline UPS logic. V: 0.964, SOC: 100.0%",0
2026-01-01T14:13:30Z,GRID_PASS,100.0,0.0,"Baseline UPS logic. V: 1.023, SOC: 100.0%",0
2026-01-01T14:13:35Z,GRID_PASS,100.0,0.0,"Baseline UPS logic. V: 1.030, SOC: 100.0%",0
2026-01-01T14:13:40Z,ISLAND,100.0,0.0,"Baseline UPS logic. V: 0.896, SOC: 100.0%",0
2026-01-01T14:13:45Z,GRID_PASS,100.0,0.0,"Baseline UPS logic. V: 0.951, SOC: 100.0%",0
2026-01-01T14:13:50Z,GRID_PASS,100.0,0.0,"Baseline UPS logic. V: 1.034, SOC: 100.0%",0
2026-01-01T14:13:55Z,GRID_PASS,100.0,0.0,"Baseline UPS logic. V: 0.992, SOC: 100.0%",0
2026-01-01T14:14:00Z,GRID_PASS,100.0,0.0,"Baseline UPS logic. V: 0.976, SOC: 100.0%",0
2026-01-01T14:14:05Z,GRID_PASS,100.0,0.0,"Baseline UPS logic. V: 0.956, SOC: 100.0%",0
2026-01-01T14:14:10Z,GRID_PASS,100.0,0.0,"Baseline UPS logic. V: 0.947, SOC: 100.0%",0
2026-01-01T14:14:15Z,GRID_PASS,100.0,0.0,"Baseline UPS logic. V: 0.981, SOC: 100.0%",0
2026-01-01T14:14:20Z,GRID_PASS,100.0,0.0,"Baseline UPS logic. V: 0.954, SOC: 100.0%",0
2026-01-01T14:14:25Z,GRID_PASS,100.0,0.0,"Baseline UPS logic. V: 0.965, SOC: 100.0%",0
2026-01-01T14:14:30Z,GRID_PASS,100.0,0.0,"Baseline UPS logic. V: 0.971, SOC: 100.0%",0
2026-01-01T14:14:35Z,ISLAND,100.0,0.0,"Baseline UPS logic. V: 0.933, SOC: 100.0%",0
2026-01-01T14:14:40Z,GRID_PASS,100.0,0.0,"Baseline UPS logic. V: 0.993, SOC: 100.0%",0
2026-01-01T14:14:45Z,GRID_PASS,100.0,0.0,"Baseline UPS logic. V: 1.112, SOC: 100.0%",0
2026-01-01T14:14:50Z,ISLAND,100.0,0.0,"Baseline UPS logic. V: 0.878, SOC: 100.0%",0
2026-01-01T14:14:55Z,GRID_PASS,100.0,0.0,"Baseline UPS logic. V: 0.983, SOC: 100.0%",0
2026-01-01T14:15:00Z,ISLAND,100.0,0.0,"Baseline UPS logic. V: 0.928, SOC: 100.0%",0
2026-01-01T14:15:05Z,GRID_PASS,100.0,0.0,"Baseline UPS logic. V: 0.996, SOC: 100.0%",0
2026-01-01T14:15:10Z,GRID_PASS,100.0,0.0,"Baseline UPS logic. V: 0.969, SOC: 100.0%",0
2026-01-01T14:15:15Z,GRID_PASS,100.0,0.0,"Baseline UPS logic. V: 1.005, SOC: 100.0%",0
2026-01-01T14:15:20Z,GRID_PASS,100.0,0.0,"Baseline UPS logic. V: 1.025, SOC: 100.0%",0
2026-01-01T14:15:25Z,GRID_PASS,100.0,0.0,"Baseline UPS logic. V: 0.976, SOC: 100.0%",0
2026-01-01T14:15:30Z,GRID_PASS,100.0,0.0,"Baseline UPS logic. V: 1.023, SOC: 100.0%",0
2026-01-01T14:15:35Z,ISLAND,100.0,0.0,"Baseline UPS logic. V: 0.849, SOC: 100.0%",0
2026-01-01T14:15:40Z,GRID_PASS,100.0,0.0,"Baseline UPS logic. V: 1.046, SOC: 100.0%",0
2026-01-01T14:15:45Z,GRID_PASS,100.0,0.0,"Baseline UPS logic. V: 0.985, SOC: 100.0%",0
2026-01-01T14:15:50Z,GRID_PASS,100.0,0.0,"Baseline UPS logic. V: 1.021, SOC: 100.0%",0
2026-01-01T14:15:55Z,ISLAND,100.0,0.0,"Baseline UPS logic. V: 0.906, SOC: 100.0%",0
2026-01-01T14:16:00Z,ISLAND,100.0,0.0,"Baseline UPS logic. V: 0.925, SOC: 100.0%",0
2026-01-01T14:16:05Z,GRID_PASS,100.0,0.0,"Baseline UPS logic. V: 0.974, SOC: 100.0%",0
2026-01-01T14:16:10Z,GRID_PASS,100.0,0.0,"Baseline UPS logic. V: 0.966, SOC: 100.0%",0
2026-01-01T14:16:15Z,GRID_PASS,100.0,0.0,"Baseline UPS logic. V: 0.981, SOC: 100.0%",0
2026-01-01T14:16:20Z,GRID_PASS,100.0,0.0,"Baseline UPS logic. V: 1.021, SOC: 100.0%",0
2026-01-01T14:16:25Z,ISLAND,100.0,0.0,"Baseline UPS logic. V: 0.878, SOC: 100.0%",0
2026-01-01T14:16:30Z,GRID_PASS,100.0,0.0,"Baseline UPS logic. V: 1.015, SOC: 100.0%",0
2026-01-01T14:16:35Z,GRID_PASS,100.0,0.0,"Baseline UPS logic. V: 0.967, SOC: 100.0%",0
2026-01-01T14:16:40Z,GRID_PASS,100.0,0.0,"Baseline UPS logic. V: 0.956, SOC: 100.0%",0
2026-01-01T14:16:45Z,ISLAND,100.0,0.0,"Baseline UPS logic. V: 0.893, SOC: 100.0%",0
2026-01-01T14:16:50Z,GRID_PASS,100.0,0.0,"Baseline UPS logic. V: 0.992, SOC: 100.0%",0
2026-01-01T14:16:55Z,ISLAND,100.0,0.0,"Baseline UPS logic. V: 0.846, SOC: 100.0%",0
2026-01-01T14:17:00Z,GRID_PASS,100.0,0.0,"Baseline UPS logic. V: 0.999, SOC: 100.0%",0
2026-01-01T14:17:05Z,ISLAND,100.0,0.0,"Baseline UPS logic. V: 0.892, SOC: 100.0%",0
2026-01-01T14:17:10Z,GRID_PASS,100.0,0.0,"Baseline UPS logic. V: 0.969, SOC: 100.0%",0
2026-01-01T14:17:15Z,GRID_PASS,100.0,0.0,"Baseline UPS logic. V: 0.960, SOC: 100.0%",0
2026-01-01T14:17:20Z,GRID_PASS,100.0,0.0,"Baseline UPS logic. V: 1.025, SOC: 100.0%",0
2026-01-01T14:17:25Z,GRID_PASS,100.0,0.0,"Baseline UPS logic. V: 0.958, SOC: 100.0%",0
2026-01-01T14:17:30Z,ISLAND,100.0,0.0,"Baseline UPS logic. V: 0.932, SOC: 100.0%",0
2026-01-01T14:17:35Z,GRID_PASS,100.0,0.0,"Baseline UPS logic. V: 0.941, SOC: 100.0%",0
2026-01-01T14:17:40Z,GRID_PASS,100.0,0.0,"Baseline UPS logic. V: 1.030, SOC: 100.0%",0
2026-01-01T14:17:45Z,GRID_PASS,100.0,0.0,"Baseline UPS logic. V: 0.993, SOC: 100.0%",0
2026-01-01T14:17:50Z,GRID_PASS,100.0,0.0,"Baseline UPS logic. V: 0.947, SOC: 100.0%",0
2026-01-01T14:17:55Z,GRID_PASS,100.0,0.0,"Baseline UPS logic. V: 0.955, SOC: 100.0%",0
2026-01-01T14:18:00Z,ISLAND,100.0,0.0,"Baseline UPS logic. V: 0.888, SOC: 100.0%",0
2026-01-01T14:18:05Z,GRID_PASS,100.0,0.0,"Baseline UPS logic. V: 0.986, SOC: 100.0%",0
2026-01-01T14:18:10Z,ISLAND,100.0,0.0,"Baseline UPS logic. V: 0.878, SOC: 100.0%",0
2026-01-01T14:18:15Z,GRID_PASS,100.0,0.0,"Baseline UPS logic. V: 1.004, SOC: 100.0%",0
2026-01-01T14:18:20Z,GRID_PASS,100.0,0.0,"Baseline UPS logic. V: 0.973, SOC: 100.0%",0
2026-01-01T14:18:25Z,GRID_PASS,100.0,0.0,"Baseline UPS logic. V: 1.086, SOC: 100.0%",0
2026-01-01T14:18:30Z,ISLAND,100.0,0.0,"Baseline UPS logic. V: 0.911, SOC: 100.0%",0
2026-01-01T14:18:35Z,GRID_PASS,100.0,0.0,"Baseline UPS logic. V: 0.962, SOC: 100.0%",0
2026-01-01T14:18:40Z,GRID_PASS,100.0,0.0,"Baseline UPS logic. V: 1.056, SOC: 100.0%",0
2026-01-01T14:18:45Z,GRID_PASS,100.0,0.0,"Baseline UPS logic. V: 1.026, SOC: 100.0%",0
2026-01-01T14:18:50Z,ISLAND,100.0,0.0,"Baseline UPS logic. V: 0.932, SOC: 100.0%",0
2026-01-01T14:18:55Z,GRID_PASS,100.0,0.0,"Baseline UPS logic. V: 0.978, SOC: 100.0%",0
2026-01-01T14:19:00Z,GRID_PASS,100.0,0.0,"Baseline UPS logic. V: 0.966, SOC: 100.0%",0
2026-01-01T14:19:05Z,GRID_PASS,100.0,0.0,"Baseline UPS logic. V: 0.981, SOC: 100.0%",0
2026-01-01T14:19:10Z,ISLAND,100.0,0.0,"Baseline UPS logic. V: 0.932, SOC: 100.0%",0
2026-01-01T14:19:15Z,GRID_PASS,100.0,0.0,"Baseline UPS logic. V: 0.962, SOC: 100.0%",0
2026-01-01T14:19:20Z,ISLAND,100.0,0.0,"Baseline UPS logic. V: 0.886, SOC: 100.0%",0
2026-01-01T14:19:25Z,GRID_PASS,100.0,0.0,"Baseline UPS logic. V: 0.973, SOC: 100.0%",0
2026-01-01T14:19:30Z,GRID_PASS,100.0,0.0,"Baseline UPS logic. V: 0.989, SOC: 100.0%",0
2026-01-01T14:19:35Z,GRID_PASS,100.0,0.0,"Baseline UPS logic. V: 0.955, SOC: 100.0%",0
2026-01-01T14:19:40Z,ISLAND,100.0,0.0,"Baseline UPS logic. V: 0.886, SOC: 100.0%",0
2026-01-01T14:19:45Z,GRID_PASS,100.0,0.0,"Baseline UPS logic. V: 1.016, SOC: 100.0%",0
2026-01-01T14:19:50Z,GRID_PASS,100.0,0.0,"Baseline UPS logic. V: 0.985, SOC: 100.0%",0
2026-01-01T14:19:55Z,ISLAND,100.0,0.0,"Baseline UPS logic. V: 0.930, SOC: 100.0%",0
2026-01-01T14:20:00Z,GRID_PASS,100.0,0.0,"Baseline UPS logic. V: 0.953, SOC: 100.0%",0
2026-01-01T14:20:05Z,ISLAND,100.0,0.0,"Baseline UPS logic. V: 0.891, SOC: 100.0%",0
2026-01-01T14:20:10Z,ISLAND,100.0,0.0,"Baseline UPS logic. V: 0.915, SOC: 100.0%",0
2026-01-01T14:20:15Z,ISLAND,100.0,0.0,"Baseline UPS logic. V: 0.939, SOC: 100.0%",0
2026-01-01T14:20:20Z,GRID_PASS,100.0,0.0,"Baseline UPS logic. V: 1.028, SOC: 100.0%",0
2026-01-01T14:20:25Z,ISLAND,100.0,0.0,"Baseline UPS logic. V: 0.934, SOC: 100.0%",0
2026-01-01T14:20:30Z,GRID_PASS,100.0,0.0,"Baseline UPS logic. V: 0.999, SOC: 100.0%",0
2026-01-01T14:20:35Z,ISLAND,100.0,0.0,"Baseline UPS logic. V: 0.939, SOC: 100.0%",0
2026-01-01T14:20:40Z,GRID_PASS,100.0,0.0,"Baseline UPS logic. V: 0.979, SOC: 100.0%",0
2026-01-01T14:20:45Z,GRID_PASS,100.0,0.0,"Baseline UPS logic. V: 0.959, SOC: 100.0%",0
2026-01-01T14:20:50Z,GRID_PASS,100.0,0.0,"Baseline UPS logic. V: 1.010, SOC: 100.0%",0
2026-01-01T14:20:55Z,ISLAND,100.0,0.0,"Baseline UPS logic. V: 0.940, SOC: 100.0%",0
2026-01-01T14:21:00Z,ISLAND,100.0,0.0,"Baseline UPS logic. V: 0.888, SOC: 100.0%",0
2026-01-01T14:21:05Z,ISLAND,100.0,0.0,"Baseline UPS logic. V: 0.897, SOC: 100.0%",0
2026-01-01T14:21:10Z,ISLAND,100.0,0.0,"Baseline UPS logic. V: 0.940, SOC: 100.0%",0
2026-01-01T14:21:15Z,ISLAND,100.0,0.0,"Baseline UPS logic. V: 0.904, SOC: 100.0%",0
2026-01-01T14:21:20Z,GRID_PASS,100.0,0.0,"Baseline UPS logic. V: 0.987, SOC: 100.0%",0
2026-01-01T14:21:25Z,GRID_PASS,100.0,0.0,"Baseline UPS logic. V: 0.943, SOC: 100.0%",0
2026-01-01T14:21:30Z,GRID_PASS,100.0,0.0,"Baseline UPS logic. V: 1.085, SOC: 100.0%",0
2026-01-01T14:21:35Z,ISLAND,100.0,0.0,"Baseline UPS logic. V: 0.880, SOC: 100.0%",0
2026-01-01T14:21:40Z,GRID_PASS,100.0,0.0,"Baseline UPS logic. V: 0.977, SOC: 100.0%",0
2026-01-01T14:21:45Z,ISLAND,100.0,0.0,"Baseline UPS logic. V: 0.910, SOC: 100.0%",0
2026-01-01T14:21:50Z,GRID_PASS,100.0,0.0,"Baseline UPS logic. V: 0.942, SOC: 100.0%",0
2026-01-01T14:21:55Z,GRID_PASS,100.0,0.0,"Baseline UPS logic. V: 0.973, SOC: 100.0%",0
2026-01-01T14:22:00Z,ISLAND,100.0,0.0,"Baseline UPS logic. V: 0.850, SOC: 100.0%",0
2026-01-01T14:22:05Z,GRID_PASS,100.0,0.0,"Baseline UPS logic. V: 0.978, SOC: 100.0%",0
2026-01-01T14:22:10Z,GRID_PASS,100.0,0.0,"Baseline UPS logic. V: 1.061, SOC: 100.0%",0
2026-01-01T14:22:15Z,GRID_PASS,100.0,0.0,"Baseline UPS logic. V: 0.944, SOC: 100.0%",0
2026-01-01T14:22:20Z,GRID_PASS,100.0,0.0,"Baseline UPS logic. V: 0.980, SOC: 100.0%",0
2026-01-01T14:22:25Z,GRID_PASS,100.0,0.0,"Baseline UPS logic. V: 1.018, SOC: 100.0%",0
2026-01-01T14:22:30Z,GRID_PASS,100.0,0.0,"Baseline UPS logic. V: 0.958, SOC: 100.0%",0
2026-01-01T14:22:35Z,ISLAND,100.0,0.0,"Baseline UPS logic. V: 0.937, SOC: 100.0%",0
2026-01-01T14:22:40Z,ISLAND,100.0,0.0,"Baseline UPS logic. V: 0.853, SOC: 100.0%",0
2026-01-01T14:22:45Z,GRID_PASS,100.0,0.0,"Baseline UPS logic. V: 0.998, SOC: 100.0%",0
2026-01-01T14:22:50Z,GRID_PASS,100.0,0.0,"Baseline UPS logic. V: 0.961, SOC: 100.0%",0
2026-01-01T14:22:55Z,ISLAND,100.0,0.0,"Baseline UPS logic. V: 0.916, SOC: 100.0%",0
2026-01-01T14:23:00Z,GRID_PASS,100.0,0.0,"Baseline UPS logic. V: 0.973, SOC: 100.0%",0
2026-01-01T14:23:05Z,ISLAND,100.0,0.0,"Baseline UPS logic. V: 0.937, SOC: 100.0%",0
2026-01-01T14:23:10Z,GRID_PASS,100.0,0.0,"Baseline UPS logic. V: 0.940, SOC: 100.0%",0
2026-01-01T14:23:15Z,GRID_PASS,100.0,0.0,"Baseline UPS logic. V: 0.997, SOC: 100.0%",0
2026-01-01T14:23:20Z,ISLAND,100.0,0.0,"Baseline UPS logic. V: 0.900, SOC: 100.0%",0
2026-01-01T14:23:25Z,GRID_PASS,100.0,0.0,"Baseline UPS logic. V: 1.019, SOC: 100.0%",0
2026-01-01T14:23:30Z,ISLAND,100.0,0.0,"Baseline UPS logic. V: 0.896, SOC: 100.0%",0
2026-01-01T14:23:35Z,ISLAND,100.0,0.0,"Baseline UPS logic. V: 0.933, SOC: 100.0%",0
2026-01-01T14:23:40Z,GRID_PASS,100.0,0.0,"Baseline UPS logic. V: 1.062, SOC: 100.0%",0
2026-01-01T14:23:45Z,GRID_PASS,100.0,0.0,"Baseline UPS logic. V: 1.023, SOC: 100.0%",0
2026-01-01T14:23:50Z,GRID_PASS,100.0,0.0,"Baseline UPS logic. V: 0.971, SOC: 100.0%",0
2026-01-01T14:23:55Z,ISLAND,100.0,0.0,"Baseline UPS logic. V: 0.919, SOC: 100.0%",0
2026-01-01T14:24:00Z,GRID_PASS,100.0,0.0,"Baseline UPS logic. V: 0.940, SOC: 100.0%",0
2026-01-01T14:24:05Z,GRID_PASS,100.0,0.0,"Baseline UPS logic. V: 0.970, SOC: 100.0%",0
2026-01-01T14:24:10Z,GRID_PASS,100.0,0.0,"Baseline UPS logic. V: 0.968, SOC: 100.0%",0
2026-01-01T14:24:15Z,GRID_PASS,100.0,0.0,"Baseline UPS logic. V: 0.962, SOC: 100.0%",0
2026-01-01T14:24:20Z,GRID_PASS,100.0,0.0,"Baseline UPS logic. V: 0.965, SOC: 100.0%",0
2026-01-01T14:24:25Z,GRID_PASS,100.0,0.0,"Baseline UPS logic. V: 0.956, SOC: 100.0%",0
2026-01-01T14:24:30Z,ISLAND,100.0,0.0,"Baseline UPS logic. V: 0.894, SOC: 100.0%",0
2026-01-01T14:24:35Z,GRID_PASS,100.0,0.0,"Baseline UPS logic. V: 0.941, SOC: 100.0%",0
2026-01-01T14:24:40Z,GRID_PASS,100.0,0.0,"Baseline UPS logic. V: 1.012, SOC: 100.0%",0
2026-01-01T14:24:45Z,ISLAND,100.0,0.0,"Baseline UPS logic. V: 0.898, SOC: 100.0%",0
2026-01-01T14:24:50Z,GRID_PASS,100.0,0.0,"Baseline UPS logic. V: 0.957, SOC: 100.0%",0
2026-01-01T14:24:55Z,ISLAND,100.0,0.0,"Baseline UPS logic. V: 0.925, SOC: 100.0%",0
2026-01-01T14:25:00Z,GRID_PASS,100.0,0.0,"Baseline UPS logic. V: 0.972, SOC: 100.0%",0
2026-01-01T14:25:05Z,GRID_PASS,100.0,0.0,"Baseline UPS logic. V: 0.947, SOC: 100.0%",0
2026-01-01T14:25:10Z,GRID_PASS,100.0,0.0,"Baseline UPS logic. V: 1.040, SOC: 100.0%",0
2026-01-01T14:25:15Z,GRID_PASS,100.0,0.0,"Baseline UPS logic. V: 0.992, SOC: 100.0%",0
2026-01-01T14:25:20Z,ISLAND,100.0,0.0,"Baseline UPS logic. V: 0.901, SOC: 100.0%",0
2026-01-01T14:25:25Z,GRID_PASS,100.0,0.0,"Baseline UPS logic. V: 1.000, SOC: 100.0%",0
2026-01-01T14:25:30Z,ISLAND,100.0,0.0,"Baseline UPS logic. V: 0.928, SOC: 100.0%",0
2026-01-01T14:25:35Z,ISLAND,100.0,0.0,"Baseline UPS logic. V: 0.938, SOC: 100.0%",0
2026-01-01T14:25:40Z,GRID_PASS,100.0,0.0,"Baseline UPS logic. V: 0.982, SOC: 100.0%",0
2026-01-01T14:25:45Z,GRID_PASS,100.0,0.0,"Baseline UPS logic. V: 0.942, SOC: 100.0%",0
2026-01-01T14:25:50Z,GRID_PASS,100.0,0.0,"Baseline UPS logic. V: 1.011, SOC: 100.0%",0
2026-01-01T14:25:55Z,ISLAND,100.0,0.0,"Baseline UPS logic. V: 0.928, SOC: 100.0%",0
2026-01-01T14:26:00Z,ISLAND,100.0,0.0,"Baseline UPS logic. V: 0.936, SOC: 100.0%",0
2026-01-01T14:26:05Z,ISLAND,100.0,0.0,"Baseline UPS logic. V: 0.933, SOC: 100.0%",0
2026-01-01T14:26:10Z,ISLAND,100.0,0.0,"Baseline UPS logic. V: 0.938, SOC: 100.0%",0
2026-01-01T14:26:15Z,GRID_PASS,100.0,0.0,"Baseline UPS logic. V: 1.021, SOC: 100.0%",0
2026-01-01T14:26:20Z,GRID_PASS,100.0,0.0,"Baseline UPS logic. V: 0.998, SOC: 100.0%",0
2026-01-01T14:26:25Z,GRID_PASS,100.0,0.0,"Baseline UPS logic. V: 1.052, SOC: 100.0%",0
2026-01-01T14:26:30Z,GRID_PASS,100.0,0.0,"Baseline UPS logic. V: 1.080, SOC: 100.0%",0
2026-01-01T14:26:35Z,ISLAND,100.0,0.0,"Baseline UPS logic. V: 0.915, SOC: 100.0%",0
2026-01-01T14:26:40Z,GRID_PASS,100.0,0.0,"Baseline UPS logic. V: 0.970, SOC: 100.0%",0
2026-01-01T14:26:45Z,ISLAND,100.0,0.0,"Baseline UPS logic. V: 0.907, SOC: 100.0%",0
2026-01-01T14:26:50Z,ISLAND,100.0,0.0,"Baseline UPS logic. V: 0.928, SOC: 100.0%",0
2026-01-01T14:26:55Z,ISLAND,100.0,0.0,"Baseline UPS logic. V: 0.935, SOC: 100.0%",0
2026-01-01T14:27:00Z,ISLAND,100.0,0.0,"Baseline UPS logic. V: 0.913, SOC: 100.0%",0
2026-01-01T14:27:05Z,ISLAND,100.0,0.0,"Baseline UPS logic. V: 0.914, SOC: 100.0%",0
2026-01-01T14:27:10Z,GRID_PASS,100.0,0.0,"Baseline UPS logic. V: 0.959, SOC: 100.0%",0
2026-01-01T14:27:15Z,ISLAND,100.0,0.0,"Baseline UPS logic. V: 0.905, SOC: 100.0%",0
2026-01-01T14:27:20Z,GRID_PASS,100.0,0.0,"Baseline UPS logic. V: 1.009, SOC: 100.0%",0
2026-01-01T14:27:25Z,ISLAND,100.0,0.0,"Baseline UPS logic. V: 0.920, SOC: 100.0%",0
2026-01-01T14:27:30Z,GRID_PASS,100.0,0.0,"Baseline UPS logic. V: 1.107, SOC: 100.0%",0
2026-01-01T14:27:35Z,GRID_PASS,100.0,0.0,"Baseline UPS logic. V: 0.944, SOC: 100.0%",0
2026-01-01T14:27:40Z,GRID_PASS,100.0,0.0,"Baseline UPS logic. V: 0.970, SOC: 100.0%",0
2026-01-01T14:27:45Z,ISLAND,100.0,0.0,"Baseline UPS logic. V: 0.902, SOC: 100.0%",0
2026-01-01T14:27:50Z,GRID_PASS,100.0,0.0,"Baseline UPS logic. V: 1.052, SOC: 100.0%",0
2026-01-01T14:27:55Z,GRID_PASS,100.0,0.0,"Baseline UPS logic. V: 1.022, SOC: 100.0%",0
2026-01-01T14:28:00Z,GRID_PASS,100.0,0.0,"Baseline UPS logic. V: 0.981, SOC: 100.0%",0
2026-01-01T14:28:05Z,ISLAND,100.0,0.0,"Baseline UPS logic. V: 0.899, SOC: 100.0%",0
2026-01-01T14:28:10Z,GRID_PASS,100.0,0.0,"Baseline UPS logic. V: 0.977, SOC: 100.0%",0
2026-01-01T14:28:15Z,ISLAND,100.0,0.0,"Baseline UPS logic. V: 0.910, SOC: 100.0%",0
2026-01-01T14:28:20Z,GRID_PASS,100.0,0.0,"Baseline UPS logic. V: 1.040, SOC: 100.0%",0
2026-01-01T14:28:25Z,GRID_PASS,100.0,0.0,"Baseline UPS logic. V: 1.007, SOC: 100.0%",0
2026-01-01T14:28:30Z,GRID_PASS,100.0,0.0,"Baseline UPS logic. V: 0.971, SOC: 100.0%",0
2026-01-01T14:28:35Z,ISLAND,100.0,0.0,"Baseline UPS logic. V: 0.845, SOC: 100.0%",0
2026-01-01T14:28:40Z,ISLAND,100.0,0.0,"Baseline UPS logic. V: 0.917, SOC: 100.0%",0
2026-01-01T14:28:45Z,GRID_PASS,100.0,0.0,"Baseline UPS logic. V: 1.001, SOC: 100.0%",0
2026-01-01T14:28:50Z,GRID_PASS,100.0,0.0,"Baseline UPS logic. V: 1.027, SOC: 100.0%",0
2026-01-01T14:28:55Z,GRID_PASS,100.0,0.0,"Baseline UPS logic. V: 1.022, SOC: 100.0%",0
2026-01-01T14:29:00Z,ISLAND,100.0,0.0,"Baseline UPS logic. V: 0.887, SOC: 100.0%",0
2026-01-01T14:29:05Z,GRID_PASS,100.0,0.0,"Baseline UPS logic. V: 0.982, SOC: 100.0%",0
2026-01-01T14:29:10Z,GRID_PASS,100.0,0.0,"Baseline UPS logic. V: 1.017, SOC: 100.0%",0
2026-01-01T14:29:15Z,ISLAND,100.0,0.0,"Baseline UPS logic. V: 0.883, SOC: 100.0%",0
2026-01-01T14:29:20Z,GRID_PASS,100.0,0.0,"Baseline UPS logic. V: 0.966, SOC: 100.0%",0
2026-01-01T14:29:25Z,GRID_PASS,100.0,0.0,"Baseline UPS logic. V: 0.980, SOC: 100.0%",0
2026-01-01T14:29:30Z,GRID_PASS,100.0,0.0,"Baseline UPS logic. V: 0.951, SOC: 100.0%",0
2026-01-01T14:29:35Z,ISLAND,100.0,0.0,"Baseline UPS logic. V: 0.874, SOC: 100.0%",0
2026-01-01T14:29:40Z,GRID_PASS,100.0,0.0,"Baseline UPS logic. V: 0.950, SOC: 100.0%",0
2026-01-01T14:29:45Z,GRID_PASS,100.0,0.0,"Baseline UPS logic. V: 0.950, SOC: 100.0%",0
2026-01-01T14:29:50Z,GRID_PASS,100.0,0.0,"Baseline UPS logic. V: 0.959, SOC: 100.0%",0
2026-01-01T14:29:55Z,ISLAND,100.0,0.0,"Baseline UPS logic. V: 0.938, SOC: 100.0%",0
2026-01-01T14:30:00Z,GRID_PASS,100.0,0.0,"Baseline UPS logic. V: 0.944, SOC: 100.0%",0
2026-01-01T14:30:05Z,GRID_PASS,100.0,0.0,"Baseline UPS logic. V: 0.964, SOC: 100.0%",0
2026-01-01T14:30:10Z,GRID_PASS,100.0,0.0,"Baseline UPS logic. V: 0.989, SOC: 100.0%",0
2026-01-01T14:30:15Z,GRID_PASS,100.0,0.0,"Baseline UPS logic. V: 0.951, SOC: 100.0%",0
2026-01-01T14:30:20Z,GRID_PASS,100.0,0.0,"Baseline UPS logic. V: 0.946, SOC: 100.0%",0
2026-01-01T14:30:25Z,GRID_PASS,100.0,0.0,"Baseline UPS logic. V: 0.971, SOC: 100.0%",0
2026-01-01T14:30:30Z,ISLAND,100.0,0.0,"Baseline UPS logic. V: 0.870, SOC: 100.0%",0
2026-01-01T14:30:35Z,GRID_PASS,100.0,0.0,"Baseline UPS logic. V: 0.990, SOC: 100.0%",0
2026-01-01T14:30:40Z,GRID_PASS,100.0,0.0,"Baseline UPS logic. V: 0.966, SOC: 100.0%",0
2026-01-01T14:30:45Z,GRID_PASS,100.0,0.0,"Baseline UPS logic. V: 0.968, SOC: 100.0%",0
2026-01-01T14:30:50Z,GRID_PASS,100.0,0.0,"Baseline UPS logic. V: 1.014, SOC: 100.0%",0
2026-01-01T14:30:55Z,ISLAND,100.0,0.0,"Baseline UPS logic. V: 0.869, SOC: 100.0%",0
2026-01-01T14:31:00Z,ISLAND,100.0,0.0,"Baseline UPS logic. V: 0.868, SOC: 100.0%",0
2026-01-01T14:31:05Z,GRID_PASS,100.0,0.0,"Baseline UPS logic. V: 0.980, SOC: 100.0%",0
2026-01-01T14:31:10Z,GRID_PASS,100.0,0.0,"Baseline UPS logic. V: 0.966, SOC: 100.0%",0
2026-01-01T14:31:15Z,GRID_PASS,100.0,0.0,"Baseline UPS logic. V: 0.975, SOC: 100.0%",0
2026-01-01T14:31:20Z,GRID_PASS,100.0,0.0,"Baseline UPS logic. V: 0.943, SOC: 100.0%",0
2026-01-01T14:31:25Z,GRID_PASS,100.0,0.0,"Baseline UPS logic. V: 1.000, SOC: 100.0%",0
2026-01-01T14:31:30Z,GRID_PASS,100.0,0.0,"Baseline UPS logic. V: 1.013, SOC: 100.0%",0
2026-01-01T14:31:35Z,GRID_PASS,100.0,0.0,"Baseline UPS logic. V: 0.991, SOC: 100.0%",0
2026-01-01T14:31:40Z,GRID_PASS,100.0,0.0,"Baseline UPS logic. V: 0.953, SOC: 100.0%",0
2026-01-01T14:31:45Z,ISLAND,100.0,0.0,"Baseline UPS logic. V: 0.861, SOC: 100.0%",0
2026-01-01T14:31:50Z,GRID_PASS,100.0,0.0,"Baseline UPS logic. V: 1.005, SOC: 100.0%",0
2026-01-01T14:31:55Z,GRID_PASS,100.0,0.0,"Baseline UPS logic. V: 1.027, SOC: 100.0%",0
2026-01-01T14:32:00Z,GRID_PASS,100.0,0.0,"Baseline UPS logic. V: 0.999, SOC: 100.0%",0
2026-01-01T14:32:05Z,ISLAND,100.0,0.0,"Baseline UPS logic. V: 0.922, SOC: 100.0%",0
2026-01-01T14:32:10Z,GRID_PASS,100.0,0.0,"Baseline UPS logic. V: 1.000, SOC: 100.0%",0
2026-01-01T14:32:15Z,GRID_PASS,100.0,0.0,"Baseline UPS logic. V: 1.009, SOC: 100.0%",0
2026-01-01T14:32:20Z,GRID_PASS,100.0,0.0,"Baseline UPS logic. V: 1.044, SOC: 100.0%",0
2026-01-01T14:32:25Z,ISLAND,100.0,0.0,"Baseline UPS logic. V: 0.922, SOC: 100.0%",0
2026-01-01T14:32:30Z,GRID_PASS,100.0,0.0,"Baseline UPS logic. V: 0.955, SOC: 100.0%",0
2026-01-01T14:32:35Z,GRID_PASS,100.0,0.0,"Baseline UPS logic. V: 1.003, SOC: 100.0%",0
2026-01-01T14:32:40Z,GRID_PASS,100.0,0.0,"Baseline UPS logic. V: 0.969, SOC: 100.0%",0
2026-01-01T14:32:45Z,ISLAND,100.0,0.0,"Baseline UPS logic. V: 0.910, SOC: 100.0%",0
2026-01-01T14:32:50Z,GRID_PASS,100.0,0.0,"Baseline UPS logic. V: 0.987, SOC: 100.0%",0
2026-01-01T14:32:55Z,GRID_PASS,100.0,0.0,"Baseline UPS logic. V: 0.995, SOC: 100.0%",0
2026-01-01T14:33:00Z,GRID_PASS,100.0,0.0,"Baseline UPS logic. V: 0.971, SOC: 100.0%",0
2026-01-01T14:33:05Z,GRID_PASS,100.0,0.0,"Baseline UPS logic. V: 0.977, SOC: 100.0%",0
2026-01-01T14:33:10Z,GRID_PASS,100.0,0.0,"Baseline UPS logic. V: 0.953, SOC: 100.0%",0
2026-01-01T14:33:15Z,GRID_PASS,100.0,0.0,"Baseline UPS logic. V: 1.040, SOC: 100.0%",0
2026-01-01T14:33:20Z,ISLAND,100.0,0.0,"Baseline UPS logic. V: 0.921, SOC: 100.0%",0
2026-01-01T14:33:25Z,ISLAND,100.0,0.0,"Baseline UPS logic. V: 0.937, SOC: 100.0%",0
2026-01-01T14:33:30Z,GRID_PASS,100.0,0.0,"Baseline UPS logic. V: 0.967, SOC: 100.0%",0
2026-01-01T14:33:35Z,GRID_PASS,100.0,0.0,"Baseline UPS logic. V: 1.010, SOC: 100.0%",0
2026-01-01T14:33:40Z,ISLAND,100.0,0.0,"Baseline UPS logic. V: 0.891, SOC: 100.0%",0
2026-01-01T14:33:45Z,ISLAND,100.0,0.0,"Baseline UPS logic. V: 0.901, SOC: 100.0%",0
2026-01-01T14:33:50Z,ISLAND,100.0,0.0,"Baseline UPS logic. V: 0.864, SOC: 100.0%",0
2026-01-01T14:33:55Z,GRID_PASS,100.0,0.0,"Baseline UPS logic. V: 0.968, SOC: 100.0%",0
2026-01-01T14:34:00Z,ISLAND,100.0,0.0,"Baseline UPS logic. V: 0.910, SOC: 100.0%",0
2026-01-01T14:34:05Z,GRID_PASS,100.0,0.0,"Baseline UPS logic. V: 0.947, SOC: 100.0%",0
2026-01-01T14:34:10Z,GRID_PASS,100.0,0.0,"Baseline UPS logic. V: 0.999, SOC: 100.0%",0
2026-01-01T14:34:15Z,ISLAND,100.0,0.0,"Baseline UPS logic. V: 0.934, SOC: 100.0%",0
2026-01-01T14:34:20Z,GRID_PASS,100.0,0.0,"Baseline UPS logic. V: 0.978, SOC: 100.0%",0
2026-01-01T14:34:25Z,GRID_PASS,100.0,0.0,"Baseline UPS logic. V: 0.951, SOC: 100.0%",0
2026-01-01T14:34:30Z,GRID_PASS,100.0,0.0,"Baseline UPS logic. V: 1.000, SOC: 100.0%",0
2026-01-01T14:34:35Z,GRID_PASS,100.0,0.0,"Baseline UPS logic. V: 0.990, SOC: 100.0%",0
2026-01-01T14:34:40Z,ISLAND,100.0,0.0,"Baseline UPS logic. V: 0.932, SOC: 100.0%",0
2026-01-01T14:34:45Z,GRID_PASS,100.0,0.0,"Baseline UPS logic. V: 0.958, SOC: 100.0%",0
2026-01-01T14:34:50Z,GRID_PASS,100.0,0.0,"Baseline UPS logic. V: 1.018, SOC: 100.0%",0
2026-01-01T14:34:55Z,GRID_PASS,100.0,0.0,"Baseline UPS logic. V: 0.986, SOC: 100.0%",0
2026-01-01T14:35:00Z,ISLAND,100.0,0.0,"Baseline UPS logic. V: 0.896, SOC: 100.0%",0
2026-01-01T14:35:05Z,GRID_PASS,100.0,0.0,"Baseline UPS logic. V: 0.999, SOC: 100.0%",0
2026-01-01T14:35:10Z,ISLAND,100.0,0.0,"Baseline UPS logic. V: 0.912, SOC: 100.0%",0
2026-01-01T14:35:15Z,GRID_PASS,100.0,0.0,"Baseline UPS logic. V: 1.037, SOC: 100.0%",0
2026-01-01T14:35:20Z,GRID_PASS,100.0,0.0,"Baseline UPS logic. V: 1.017, SOC: 100.0%",0
2026-01-01T14:35:25Z,GRID_PASS,100.0,0.0,"Baseline UPS logic. V: 0.981, SOC: 100.0%",0
2026-01-01T14:35:30Z,GRID_PASS,100.0,0.0,"Baseline UPS logic. V: 0.974, SOC: 100.0%",0
2026-01-01T14:35:35Z,GRID_PASS,100.0,0.0,"Baseline UPS logic. V: 0.956, SOC: 100.0%",0
2026-01-01T14:35:40Z,GRID_PASS,100.0,0.0,"Baseline UPS logic. V: 1.000, SOC: 100.0%",0
2026-01-01T14:35:45Z,GRID_PASS,100.0,0.0,"Baseline UPS logic. V: 0.948, SOC: 100.0%",0
2026-01-01T14:35:50Z,GRID_PASS,100.0,0.0,"Baseline UPS logic. V: 0.978, SOC: 100.0%",0
2026-01-01T14:35:55Z,GRID_PASS,100.0,0.0,"Baseline UPS logic. V: 1.010, SOC: 100.0%",0
2026-01-01T14:36:00Z,ISLAND,100.0,0.0,"Baseline UPS logic. V: 0.938, SOC: 100.0%",0
2026-01-01T14:36:05Z,ISLAND,100.0,0.0,"Baseline UPS logic. V: 0.935, SOC: 100.0%",0
2026-01-01T14:36:10Z,ISLAND,100.0,0.0,"Baseline UPS logic. V: 0.906, SOC: 100.0%",0
2026-01-01T14:36:15Z,ISLAND,100.0,0.0,"Baseline UPS logic. V: 0.913, SOC: 100.0%",0
2026-01-01T14:36:20Z,ISLAND,100.0,0.0,"Baseline UPS logic. V: 0.875, SOC: 100.0%",0
2026-01-01T14:36:25Z,GRID_PASS,100.0,0.0,"Baseline UPS logic. V: 1.002, SOC: 100.0%",0
2026-01-01T14:36:30Z,GRID_PASS,100.0,0.0,"Baseline UPS logic. V: 1.056, SOC: 100.0%",0
2026-01-01T14:36:35Z,GRID_PASS,100.0,0.0,"Baseline UPS logic. V: 1.037, SOC: 100.0%",0
2026-01-01T14:36:40Z,ISLAND,100.0,0.0,"Baseline UPS logic. V: 0.885, SOC: 100.0%",0
2026-01-01T14:36:45Z,GRID_PASS,100.0,0.0,"Baseline UPS logic. V: 1.003, SOC: 100.0%",0
2026-01-01T14:36:50Z,GRID_PASS,100.0,0.0,"Baseline UPS logic. V: 1.037, SOC: 100.0%",0
2026-01-01T14:36:55Z,GRID_PASS,100.0,0.0,"Baseline UPS logic. V: 0.943, SOC: 100.0%",0
2026-01-01T14:37:00Z,GRID_PASS,100.0,0.0,"Baseline UPS logic. V: 0.971, SOC: 100.0%",0
2026-01-01T14:37:05Z,ISLAND,100.0,0.0,"Baseline UPS logic. V: 0.866, SOC: 100.0%",0
2026-01-01T14:37:10Z,GRID_PASS,100.0,0.0,"Baseline UPS logic. V: 0.980, SOC: 100.0%",0
2026-01-01T14:37:15Z,ISLAND,100.0,0.0,"Baseline UPS logic. V: 0.913, SOC: 100.0%",0
2026-01-01T14:37:20Z,GRID_PASS,100.0,0.0,"Baseline UPS logic. V: 0.976, SOC: 100.0%",0
2026-01-01T14:37:25Z,ISLAND,100.0,0.0,"Baseline UPS logic. V: 0.888, SOC: 100.0%",0
2026-01-01T14:37:30Z,GRID_PASS,100.0,0.0,"Baseline UPS logic. V: 0.993, SOC: 100.0%",0
2026-01-01T14:37:35Z,GRID_PASS,100.0,0.0,"Baseline UPS logic. V: 1.017, SOC: 100.0%",0
2026-01-01T14:37:40Z,ISLAND,100.0,0.0,"Baseline UPS logic. V: 0.927, SOC: 100.0%",0
2026-01-01T14:37:45Z,ISLAND,100.0,0.0,"Baseline UPS logic. V: 0.909, SOC: 100.0%",0
2026-01-01T14:37:50Z,ISLAND,100.0,0.0,"Baseline UPS logic. V: 0.858, SOC: 100.0%",0
2026-01-01T14:37:55Z,GRID_PASS,100.0,0.0,"Baseline UPS logic. V: 0.953, SOC: 100.0%",0
2026-01-01T14:38:00Z,ISLAND,100.0,0.0,"Baseline UPS logic. V: 0.937, SOC: 100.0%",0
2026-01-01T14:38:05Z,ISLAND,100.0,0.0,"Baseline UPS logic. V: 0.889, SOC: 100.0%",0
2026-01-01T14:38:10Z,GRID_PASS,100.0,0.0,"Baseline UPS logic. V: 0.989, SOC: 100.0%",0
2026-01-01T14:38:15Z,GRID_PASS,100.0,0.0,"Baseline UPS logic. V: 0.943, SOC: 100.0%",0
2026-01-01T14:38:20Z,ISLAND,100.0,0.0,"Baseline UPS logic. V: 0.912, SOC: 100.0%",0
2026-01-01T14:38:25Z,ISLAND,100.0,0.0,"Baseline UPS logic. V: 0.939, SOC: 100.0%",0
2026-01-01T14:38:30Z,GRID_PASS,100.0,0.0,"Baseline UPS logic. V: 1.020, SOC: 100.0%",0
2026-01-01T14:38:35Z,GRID_PASS,100.0,0.0,"Baseline UPS logic. V: 0.996, SOC: 100.0%",0
2026-01-01T14:38:40Z,GRID_PASS,100.0,0.0,"Baseline UPS logic. V: 0.960, SOC: 100.0%",0
2026-01-01T14:38:45Z,GRID_PASS,100.0,0.0,"Baseline UPS logic. V: 0.997, SOC: 100.0%",0
2026-01-01T14:38:50Z,ISLAND,100.0,0.0,"Baseline UPS logic. V: 0.908, SOC: 100.0%",0
2026-01-01T14:38:55Z,GRID_PASS,100.0,0.0,"Baseline UPS logic. V: 0.968, SOC: 100.0%",0
2026-01-01T14:39:00Z,GRID_PASS,100.0,0.0,"Baseline UPS logic. V: 0.973, SOC: 100.0%",0
2026-01-01T14:39:05Z,GRID_PASS,100.0,0.0,"Baseline UPS logic. V: 0.943, SOC: 100.0%",0
2026-01-01T14:39:10Z,GRID_PASS,100.0,0.0,"Baseline UPS logic. V: 0.988, SOC: 100.0%",0
2026-01-01T14:39:15Z,ISLAND,100.0,0.0,"Baseline UPS logic. V: 0.927, SOC: 100.0%",0
2026-01-01T14:39:20Z,GRID_PASS,100.0,0.0,"Baseline UPS logic. V: 0.992, SOC: 100.0%",0
2026-01-01T14:39:25Z,GRID_PASS,100.0,0.0,"Baseline UPS logic. V: 0.994, SOC: 100.0%",0
2026-01-01T14:39:30Z,ISLAND,100.0,0.0,"Baseline UPS logic. V: 0.820, SOC: 100.0%",0
2026-01-01T14:39:35Z,GRID_PASS,100.0,0.0,"Baseline UPS logic. V: 1.026, SOC: 100.0%",0
2026-01-01T14:39:40Z,ISLAND,100.0,0.0,"Baseline UPS logic. V: 0.814, SOC: 100.0%",0
2026-01-01T14:39:45Z,ISLAND,100.0,0.0,"Baseline UPS logic. V: 0.936, SOC: 100.0%",0
2026-01-01T14:39:50Z,GRID_PASS,100.0,0.0,"Baseline UPS logic. V: 1.017, SOC: 100.0%",0
2026-01-01T14:39:55Z,GRID_PASS,100.0,0.0,"Baseline UPS logic. V: 0.950, SOC: 100.0%",0
2026-01-01T14:40:00Z,ISLAND,100.0,0.0,"Baseline UPS logic. V: 0.893, SOC: 100.0%",0
2026-01-01T14:40:05Z,ISLAND,100.0,0.0,"Baseline UPS logic. V: 0.912, SOC: 100.0%",0
2026-01-01T14:40:10Z,GRID_PASS,100.0,0.0,"Baseline UPS logic. V: 1.017, SOC: 100.0%",0
2026-01-01T14:40:15Z,ISLAND,100.0,0.0,"Baseline UPS logic. V: 0.870, SOC: 100.0%",0
2026-01-01T14:40:20Z,GRID_PASS,100.0,0.0,"Baseline UPS logic. V: 1.023, SOC: 100.0%",0
2026-01-01T14:40:25Z,GRID_PASS,100.0,0.0,"Baseline UPS logic. V: 0.963, SOC: 100.0%",0
2026-01-01T14:40:30Z,ISLAND,100.0,0.0,"Baseline UPS logic. V: 0.907, SOC: 100.0%",0
2026-01-01T14:40:35Z,ISLAND,100.0,0.0,"Baseline UPS logic. V: 0.937, SOC: 100.0%",0
2026-01-01T14:40:40Z,ISLAND,100.0,0.0,"Baseline UPS logic. V: 0.915, SOC: 100.0%",0
2026-01-01T14:40:45Z,GRID_PASS,100.0,0.0,"Baseline UPS logic. V: 1.009, SOC: 100.0%",0
2026-01-01T14:40:50Z,GRID_PASS,100.0,0.0,"Baseline UPS logic. V: 1.003, SOC: 100.0%",0
2026-01-01T14:40:55Z,ISLAND,100.0,0.0,"Baseline UPS logic. V: 0.880, SOC: 100.0%",0
2026-01-01T14:41:00Z,GRID_PASS,100.0,0.0,"Baseline UPS logic. V: 0.946, SOC: 100.0%",0
2026-01-01T14:41:05Z,ISLAND,100.0,0.0,"Baseline UPS logic. V: 0.923, SOC: 100.0%",0
2026-01-01T14:41:10Z,GRID_PASS,100.0,0.0,"Baseline UPS logic. V: 1.031, SOC: 100.0%",0
2026-01-01T14:41:15Z,ISLAND,100.0,0.0,"Baseline UPS logic. V: 0.898, SOC: 100.0%",0
2026-01-01T14:41:20Z,GRID_PASS,100.0,0.0,"Baseline UPS logic. V: 1.046, SOC: 100.0%",0
2026-01-01T14:41:25Z,GRID_PASS,100.0,0.0,"Baseline UPS logic. V: 0.964, SOC: 100.0%",0
2026-01-01T14:41:30Z,ISLAND,100.0,0.0,"Baseline UPS logic. V: 0.908, SOC: 100.0%",0
2026-01-01T14:41:35Z,ISLAND,100.0,0.0,"Baseline UPS logic. V: 0.932, SOC: 100.0%",0
2026-01-01T14:41:40Z,ISLAND,100.0,0.0,"Baseline UPS logic. V: 0.926, SOC: 100.0%",0
2026-01-01T14:41:45Z,ISLAND,100.0,0.0,"Baseline UPS logic. V: 0.902, SOC: 100.0%",0
2026-01-01T14:41:50Z,GRID_PASS,100.0,0.0,"Baseline UPS logic. V: 0.971, SOC: 100.0%",0
2026-01-01T14:41:55Z,ISLAND,100.0,0.0,"Baseline UPS logic. V: 0.904, SOC: 100.0%",0
2026-01-01T14:42:00Z,ISLAND,100.0,0.0,"Baseline UPS logic. V: 0.857, SOC: 100.0%",0
2026-01-01T14:42:05Z,GRID_PASS,100.0,0.0,"Baseline UPS logic. V: 0.947, SOC: 100.0%",0
2026-01-01T14:42:10Z,ISLAND,100.0,0.0,"Baseline UPS logic. V: 0.876, SOC: 100.0%",0
2026-01-01T14:42:15Z,ISLAND,100.0,0.0,"Baseline UPS logic. V: 0.929, SOC: 100.0%",0
2026-01-01T14:42:20Z,ISLAND,100.0,0.0,"Baseline UPS logic. V: 0.920, SOC: 100.0%",0
2026-01-01T14:42:25Z,ISLAND,100.0,0.0,"Baseline UPS logic. V: 0.922, SOC: 100.0%",0
2026-01-01T14:42:30Z,GRID_PASS,100.0,0.0,"Baseline UPS logic. V: 1.066, SOC: 100.0%",0
2026-01-01T14:42:35Z,GRID_PASS,100.0,0.0,"Baseline UPS logic. V: 0.969, SOC: 100.0%",0
2026-01-01T14:42:40Z,GRID_PASS,100.0,0.0,"Baseline UPS logic. V: 0.978, SOC: 100.0%",0
2026-01-01T14:42:45Z,ISLAND,100.0,0.0,"Baseline UPS logic. V: 0.877, SOC: 100.0%",0
2026-01-01T14:42:50Z,ISLAND,100.0,0.0,"Baseline UPS logic. V: 0.933, SOC: 100.0%",0
2026-01-01T14:42:55Z,GRID_PASS,100.0,0.0,"Baseline UPS logic. V: 0.977, SOC: 100.0%",0
2026-01-01T14:43:00Z,ISLAND,100.0,0.0,"Baseline UPS logic. V: 0.915, SOC: 100.0%",0
2026-01-01T14:43:05Z,GRID_PASS,100.0,0.0,"Baseline UPS logic. V: 1.012, SOC: 100.0%",0
2026-01-01T14:43:10Z,ISLAND,100.0,0.0,"Baseline UPS logic. V: 0.906, SOC: 100.0%",0
2026-01-01T14:43:15Z,GRID_PASS,100.0,0.0,"Baseline UPS logic. V: 0.952, SOC: 100.0%",0
2026-01-01T14:43:20Z,ISLAND,100.0,0.0,"Baseline UPS logic. V: 0.937, SOC: 100.0%",0
2026-01-01T14:43:25Z,GRID_PASS,100.0,0.0,"Baseline UPS logic. V: 0.974, SOC: 100.0%",0
2026-01-01T14:43:30Z,ISLAND,100.0,0.0,"Baseline UPS logic. V: 0.934, SOC: 100.0%",0
2026-01-01T14:43:35Z,GRID_PASS,100.0,0.0,"Baseline UPS logic. V: 0.953, SOC: 100.0%",0
2026-01-01T14:43:40Z,GRID_PASS,100.0,0.0,"Baseline UPS logic. V: 0.954, SOC: 100.0%",0
2026-01-01T14:43:45Z,ISLAND,100.0,0.0,"Baseline UPS logic. V: 0.929, SOC: 100.0%",0
2026-01-01T14:43:50Z,GRID_PASS,100.0,0.0,"Baseline UPS logic. V: 0.990, SOC: 100.0%",0
2026-01-01T14:43:55Z,GRID_PASS,100.0,0.0,"Baseline UPS logic. V: 0.978, SOC: 100.0%",0
2026-01-01T14:44:00Z,GRID_PASS,100.0,0.0,"Baseline UPS logic. V: 0.962, SOC: 100.0%",0
2026-01-01T14:44:05Z,GRID_PASS,100.0,0.0,"Baseline UPS logic. V: 0.945, SOC: 100.0%",0
2026-01-01T14:44:10Z,GRID_PASS,100.0,0.0,"Baseline UPS logic. V: 1.006, SOC: 100.0%",0
2026-01-01T14:44:15Z,GRID_PASS,100.0,0.0,"Baseline UPS logic. V: 0.954, SOC: 100.0%",0
2026-01-01T14:44:20Z,GRID_PASS,100.0,0.0,"Baseline UPS logic. V: 0.951, SOC: 100.0%",0
2026-01-01T14:44:25Z,GRID_PASS,100.0,0.0,"Baseline UPS logic. V: 0.971, SOC: 100.0%",0
2026-01-01T14:44:30Z,GRID_PASS,100.0,0.0,"Baseline UPS logic. V: 1.051, SOC: 100.0%",0
2026-01-01T14:44:35Z,ISLAND,100.0,0.0,"Baseline UPS logic. V: 0.899, SOC: 100.0%",0
2026-01-01T14:44:40Z,GRID_PASS,100.0,0.0,"Baseline UPS logic. V: 1.005, SOC: 100.0%",0
2026-01-01T14:44:45Z,ISLAND,100.0,0.0,"Baseline UPS logic. V: 0.871, SOC: 100.0%",0
2026-01-01T14:44:50Z,GRID_PASS,100.0,0.0,"Baseline UPS logic. V: 0.977, SOC: 100.0%",0
2026-01-01T14:44:55Z,GRID_PASS,100.0,0.0,"Baseline UPS logic. V: 1.045, SOC: 100.0%",0
2026-01-01T14:45:00Z,GRID_PASS,100.0,0.0,"Baseline UPS logic. V: 0.990, SOC: 100.0%",0
2026-01-01T14:45:05Z,GRID_PASS,100.0,0.0,"Baseline UPS logic. V: 0.975, SOC: 100.0%",0
2026-01-01T14:45:10Z,ISLAND,100.0,0.0,"Baseline UPS logic. V: 0.938, SOC: 100.0%",0
2026-01-01T14:45:15Z,GRID_PASS,100.0,0.0,"Baseline UPS logic. V: 0.968, SOC: 100.0%",0
2026-01-01T14:45:20Z,GRID_PASS,100.0,0.0,"Baseline UPS logic. V: 0.953, SOC: 100.0%",0
2026-01-01T14:45:25Z,ISLAND,100.0,0.0,"Baseline UPS logic. V: 0.927, SOC: 100.0%",0
2026-01-01T14:45:30Z,GRID_PASS,100.0,0.0,"Baseline UPS logic. V: 0.952, SOC: 100.0%",0
2026-01-01T14:45:35Z,GRID_PASS,100.0,0.0,"Baseline UPS logic. V: 0.976, SOC: 100.0%",0
2026-01-01T14:45:40Z,ISLAND,100.0,0.0,"Baseline UPS logic. V: 0.928, SOC: 100.0%",0
2026-01-01T14:45:45Z,ISLAND,100.0,0.0,"Baseline UPS logic. V: 0.926, SOC: 100.0%",0
2026-01-01T14:45:50Z,ISLAND,100.0,0.0,"Baseline UPS logic. V: 0.898, SOC: 100.0%",0
2026-01-01T14:45:55Z,GRID_PASS,100.0,0.0,"Baseline UPS logic. V: 0.985, SOC: 100.0%",0
2026-01-01T14:46:00Z,GRID_PASS,100.0,0.0,"Baseline UPS logic. V: 0.993, SOC: 100.0%",0
2026-01-01T14:46:05Z,GRID_PASS,100.0,0.0,"Baseline UPS logic. V: 0.978, SOC: 100.0%",0
2026-01-01T14:46:10Z,GRID_PASS,100.0,0.0,"Baseline UPS logic. V: 1.014, SOC: 100.0%",0
2026-01-01T14:46:15Z,GRID_PASS,100.0,0.0,"Baseline UPS logic. V: 0.970, SOC: 100.0%",0
2026-01-01T14:46:20Z,GRID_PASS,100.0,0.0,"Baseline UPS logic. V: 0.986, SOC: 100.0%",0
2026-01-01T14:46:25Z,GRID_PASS,100.0,0.0,"Baseline UPS logic. V: 0.981, SOC: 100.0%",0
2026-01-01T14:46:30Z,GRID_PASS,100.0,0.0,"Baseline UPS logic. V: 0.961, SOC: 100.0%",0
2026-01-01T14:46:35Z,ISLAND,100.0,0.0,"Baseline UPS logic. V: 0.939, SOC: 100.0%",0
2026-01-01T14:46:40Z,GRID_PASS,100.0,0.0,"Baseline UPS logic. V: 1.077, SOC: 100.0%",0
2026-01-01T14:46:45Z,GRID_PASS,100.0,0.0,"Baseline UPS logic. V: 0.943, SOC: 100.0%",0
2026-01-01T14:46:50Z,ISLAND,100.0,0.0,"Baseline UPS logic. V: 0.933, SOC: 100.0%",0
2026-01-01T14:46:55Z,GRID_PASS,100.0,0.0,"Baseline UPS logic. V: 0.988, SOC: 100.0%",0
2026-01-01T14:47:00Z,GRID_PASS,100.0,0.0,"Baseline UPS logic. V: 0.978, SOC: 100.0%",0
2026-01-01T14:47:05Z,ISLAND,100.0,0.0,"Baseline UPS logic. V: 0.896, SOC: 100.0%",0
2026-01-01T14:47:10Z,GRID_PASS,100.0,0.0,"Baseline UPS logic. V: 1.022, SOC: 100.0%",0
2026-01-01T14:47:15Z,GRID_PASS,100.0,0.0,"Baseline UPS logic. V: 0.961, SOC: 100.0%",0
2026-01-01T14:47:20Z,ISLAND,100.0,0.0,"Baseline UPS logic. V: 0.910, SOC: 100.0%",0
2026-01-01T14:47:25Z,GRID_PASS,100.0,0.0,"Baseline UPS logic. V: 1.025, SOC: 100.0%",0
2026-01-01T14:47:30Z,GRID_PASS,100.0,0.0,"Baseline UPS logic. V: 0.997, SOC: 100.0%",0
2026-01-01T14:47:35Z,ISLAND,100.0,0.0,"Baseline UPS logic. V: 0.903, SOC: 100.0%",0
2026-01-01T14:47:40Z,GRID_PASS,100.0,0.0,"Baseline UPS logic. V: 1.055, SOC: 100.0%",0
2026-01-01T14:47:45Z,GRID_PASS,100.0,0.0,"Baseline UPS logic. V: 0.999, SOC: 100.0%",0
2026-01-01T14:47:50Z,GRID_PASS,100.0,0.0,"Baseline UPS logic. V: 0.965, SOC: 100.0%",0
2026-01-01T14:47:55Z,GRID_PASS,100.0,0.0,"Baseline UPS logic. V: 1.045, SOC: 100.0%",0
2026-01-01T14:48:00Z,GRID_PASS,100.0,0.0,"Baseline UPS logic. V: 0.974, SOC: 100.0%",0
2026-01-01T14:48:05Z,GRID_PASS,100.0,0.0,"Baseline UPS logic. V: 0.964, SOC: 100.0%",0
2026-01-01T14:48:10Z,ISLAND,100.0,0.0,"Baseline UPS logic. V: 0.933, SOC: 100.0%",0
2026-01-01T14:48:15Z,GRID_PASS,100.0,0.0,"Baseline UPS logic. V: 0.995, SOC: 100.0%",0
2026-01-01T14:48:20Z,GRID_PASS,100.0,0.0,"Baseline UPS logic. V: 0.990, SOC: 100.0%",0
2026-01-01T14:48:25Z,GRID_PASS,100.0,0.0,"Baseline UPS logic. V: 0.967, SOC: 100.0%",0
2026-01-01T14:48:30Z,ISLAND,100.0,0.0,"Baseline UPS logic. V: 0.926, SOC: 100.0%",0
2026-01-01T14:48:35Z,GRID_PASS,100.0,0.0,"Baseline UPS logic. V: 0.972, SOC: 100.0%",0
2026-01-01T14:48:40Z,GRID_PASS,100.0,0.0,"Baseline UPS logic. V: 0.962, SOC: 100.0%",0
2026-01-01T14:48:45Z,ISLAND,100.0,0.0,"Baseline UPS logic. V: 0.899, SOC: 100.0%",0
2026-01-01T14:48:50Z,ISLAND,100.0,0.0,"Baseline UPS logic. V: 0.892, SOC: 100.0%",0
2026-01-01T14:48:55Z,GRID_PASS,100.0,0.0,"Baseline UPS logic. V: 0.994, SOC: 100.0%",0
2026-01-01T14:49:00Z,ISLAND,100.0,0.0,"Baseline UPS logic. V: 0.836, SOC: 100.0%",0
2026-01-01T14:49:05Z,GRID_PASS,100.0,0.0,"Baseline UPS logic. V: 0.976, SOC: 100.0%",0
2026-01-01T14:49:10Z,GRID_PASS,100.0,0.0,"Baseline UPS logic. V: 0.942, SOC: 100.0%",0
2026-01-01T14:49:15Z,GRID_PASS,100.0,0.0,"Baseline UPS logic. V: 1.031, SOC: 100.0%",0
2026-01-01T14:49:20Z,GRID_PASS,100.0,0.0,"Baseline UPS logic. V: 0.941, SOC: 100.0%",0
2026-01-01T14:49:25Z,GRID_PASS,100.0,0.0,"Baseline UPS logic. V: 0.999, SOC: 100.0%",0
2026-01-01T14:49:30Z,GRID_PASS,100.0,0.0,"Baseline UPS logic. V: 0.946, SOC: 100.0%",0
2026-01-01T14:49:35Z,GRID_PASS,100.0,0.0,"Baseline UPS logic. V: 0.972, SOC: 100.0%",0
2026-01-01T14:49:40Z,GRID_PASS,100.0,0.0,"Baseline UPS logic. V: 1.003, SOC: 100.0%",0
2026-01-01T14:49:45Z,GRID_PASS,100.0,0.0,"Baseline UPS logic. V: 0.943, SOC: 100.0%",0
2026-01-01T14:49:50Z,GRID_PASS,100.0,0.0,"Baseline UPS logic. V: 1.016, SOC: 100.0%",0
2026-01-01T14:49:55Z,ISLAND,100.0,0.0,"Baseline UPS logic. V: 0.916, SOC: 100.0%",0
2026-01-01T14:50:00Z,GRID_PASS,100.0,0.0,"Baseline UPS logic. V: 0.981, SOC: 100.0%",0
2026-01-01T14:50:05Z,GRID_PASS,100.0,0.0,"Baseline UPS logic. V: 1.012, SOC: 100.0%",0
2026-01-01T14:50:10Z,GRID_PASS,100.0,0.0,"Baseline UPS logic. V: 0.999, SOC: 100.0%",0
2026-01-01T14:50:15Z,GRID_PASS,100.0,0.0,"Baseline UPS logic. V: 1.062, SOC: 100.0%",0
2026-01-01T14:50:20Z,ISLAND,100.0,0.0,"Baseline UPS logic. V: 0.928, SOC: 100.0%",0
2026-01-01T14:50:25Z,ISLAND,100.0,0.0,"Baseline UPS logic. V: 0.897, SOC: 100.0%",0
2026-01-01T14:50:30Z,ISLAND,100.0,0.0,"Baseline UPS logic. V: 0.916, SOC: 100.0%",0
2026-01-01T14:50:35Z,GRID_PASS,100.0,0.0,"Baseline UPS logic. V: 0.999, SOC: 100.0%",0
2026-01-01T14:50:40Z,GRID_PASS,100.0,0.0,"Baseline UPS logic. V: 0.991, SOC: 100.0%",0
2026-01-01T14:50:45Z,GRID_PASS,100.0,0.0,"Baseline UPS logic. V: 0.971, SOC: 100.0%",0
2026-01-01T14:50:50Z,ISLAND,100.0,0.0,"Baseline UPS logic. V: 0.910, SOC: 100.0%",0
2026-01-01T14:50:55Z,GRID_PASS,100.0,0.0,"Baseline UPS logic. V: 1.004, SOC: 100.0%",0
2026-01-01T14:51:00Z,ISLAND,100.0,0.0,"Baseline UPS logic. V: 0.904, SOC: 100.0%",0
2026-01-01T14:51:05Z,GRID_PASS,100.0,0.0,"Baseline UPS logic. V: 1.024, SOC: 100.0%",0
2026-01-01T14:51:10Z,GRID_PASS,100.0,0.0,"Baseline UPS logic. V: 1.108, SOC: 100.0%",0
2026-01-01T14:51:15Z,GRID_PASS,100.0,0.0,"Baseline UPS logic. V: 0.984, SOC: 100.0%",0
2026-01-01T14:51:20Z,GRID_PASS,100.0,0.0,"Baseline UPS logic. V: 0.995, SOC: 100.0%",0
2026-01-01T14:51:25Z,GRID_PASS,100.0,0.0,"Baseline UPS logic. V: 0.941, SOC: 100.0%",0
2026-01-01T14:51:30Z,ISLAND,100.0,0.0,"Baseline UPS logic. V: 0.875, SOC: 100.0%",0
2026-01-01T14:51:35Z,ISLAND,100.0,0.0,"Baseline UPS logic. V: 0.936, SOC: 100.0%",0
2026-01-01T14:51:40Z,ISLAND,100.0,0.0,"Baseline UPS logic. V: 0.911, SOC: 100.0%",0
2026-01-01T14:51:45Z,ISLAND,100.0,0.0,"Baseline UPS logic. V: 0.893, SOC: 100.0%",0
2026-01-01T14:51:50Z,GRID_PASS,100.0,0.0,"Baseline UPS logic. V: 1.052, SOC: 100.0%",0
2026-01-01T14:51:55Z,GRID_PASS,100.0,0.0,"Baseline UPS logic. V: 0.979, SOC: 100.0%",0
2026-01-01T14:52:00Z,GRID_PASS,100.0,0.0,"Baseline UPS logic. V: 0.985, SOC: 100.0%",0
2026-01-01T14:52:05Z,GRID_PASS,100.0,0.0,"Baseline UPS logic. V: 0.950, SOC: 100.0%",0
2026-01-01T14:52:10Z,GRID_PASS,100.0,0.0,"Baseline UPS logic. V: 0.957, SOC: 100.0%",0
2026-01-01T14:52:15Z,GRID_PASS,100.0,0.0,"Baseline UPS logic. V: 1.014, SOC: 100.0%",0
2026-01-01T14:52:20Z,GRID_PASS,100.0,0.0,"Baseline UPS logic. V: 0.964, SOC: 100.0%",0
2026-01-01T14:52:25Z,GRID_PASS,100.0,0.0,"Baseline UPS logic. V: 0.992, SOC: 100.0%",0
2026-01-01T14:52:30Z,GRID_PASS,100.0,0.0,"Baseline UPS logic. V: 0.956, SOC: 100.0%",0
2026-01-01T14:52:35Z,GRID_PASS,100.0,0.0,"Baseline UPS logic. V: 0.949, SOC: 100.0%",0
2026-01-01T14:52:40Z,ISLAND,100.0,0.0,"Baseline UPS logic. V: 0.895, SOC: 100.0%",0
2026-01-01T14:52:45Z,ISLAND,100.0,0.0,"Baseline UPS logic. V: 0.867, SOC: 100.0%",0
2026-01-01T14:52:50Z,GRID_PASS,100.0,0.0,"Baseline UPS logic. V: 0.952, SOC: 100.0%",0
2026-01-01T14:52:55Z,GRID_PASS,100.0,0.0,"Baseline UPS logic. V: 0.968, SOC: 100.0%",0
2026-01-01T14:53:00Z,ISLAND,100.0,0.0,"Baseline UPS logic. V: 0.901, SOC: 100.0%",0
2026-01-01T14:53:05Z,GRID_PASS,100.0,0.0,"Baseline UPS logic. V: 0.964, SOC: 100.0%",0
2026-01-01T14:53:10Z,GRID_PASS,100.0,0.0,"Baseline UPS logic. V: 0.968, SOC: 100.0%",0
2026-01-01T14:53:15Z,ISLAND,100.0,0.0,"Baseline UPS logic. V: 0.858, SOC: 100.0%",0
2026-01-01T14:53:20Z,ISLAND,100.0,0.0,"Baseline UPS logic. V: 0.920, SOC: 100.0%",0
2026-01-01T14:53:25Z,GRID_PASS,100.0,0.0,"Baseline UPS logic. V: 0.986, SOC: 100.0%",0
2026-01-01T14:53:30Z,GRID_PASS,100.0,0.0,"Baseline UPS logic. V: 0.985, SOC: 100.0%",0
2026-01-01T14:53:35Z,ISLAND,100.0,0.0,"Baseline UPS logic. V: 0.908, SOC: 100.0%",0
2026-01-01T14:53:40Z,GRID_PASS,100.0,0.0,"Baseline UPS logic. V: 0.974, SOC: 100.0%",0
2026-01-01T14:53:45Z,GRID_PASS,100.0,0.0,"Baseline UPS logic. V: 1.017, SOC: 100.0%",0
2026-01-01T14:53:50Z,GRID_PASS,100.0,0.0,"Baseline UPS logic. V: 1.005, SOC: 100.0%",0
2026-01-01T14:53:55Z,GRID_PASS,100.0,0.0,"Baseline UPS logic. V: 0.961, SOC: 100.0%",0
2026-01-01T14:54:00Z,GRID_PASS,100.0,0.0,"Baseline UPS logic. V: 0.942, SOC: 100.0%",0
2026-01-01T14:54:05Z,ISLAND,100.0,0.0,"Baseline UPS logic. V: 0.934, SOC: 100.0%",0
2026-01-01T14:54:10Z,GRID_PASS,100.0,0.0,"Baseline UPS logic. V: 0.989, SOC: 100.0%",0
2026-01-01T14:54:15Z,GRID_PASS,100.0,0.0,"Baseline UPS logic. V: 0.975, SOC: 100.0%",0
2026-01-01T14:54:20Z,GRID_PASS,100.0,0.0,"Baseline UPS logic. V: 0.997, SOC: 100.0%",0
2026-01-01T14:54:25Z,GRID_PASS,100.0,0.0,"Baseline UPS logic. V: 0.972, SOC: 100.0%",0
2026-01-01T14:54:30Z,GRID_PASS,100.0,0.0,"Baseline UPS logic. V: 1.007, SOC: 100.0%",0
2026-01-01T14:54:35Z,GRID_PASS,100.0,0.0,"Baseline UPS logic. V: 0.970, SOC: 100.0%",0
2026-01-01T14:54:40Z,GRID_PASS,100.0,0.0,"Baseline UPS logic. V: 1.005, SOC: 100.0%",0
2026-01-01T14:54:45Z,GRID_PASS,100.0,0.0,"Baseline UPS logic. V: 1.009, SOC: 100.0%",0
2026-01-01T14:54:50Z,ISLAND,100.0,0.0,"Baseline UPS logic. V: 0.925, SOC: 100.0%",0
2026-01-01T14:54:55Z,ISLAND,100.0,0.0,"Baseline UPS logic. V: 0.875, SOC: 100.0%",0
2026-01-01T14:55:00Z,GRID_PASS,100.0,0.0,"Baseline UPS logic. V: 1.043, SOC: 100.0%",0
2026-01-01T14:55:05Z,GRID_PASS,100.0,0.0,"Baseline UPS logic. V: 0.978, SOC: 100.0%",0
2026-01-01T14:55:10Z,ISLAND,100.0,0.0,"Baseline UPS logic. V: 0.880, SOC: 100.0%",0
2026-01-01T14:55:15Z,ISLAND,100.0,0.0,"Baseline UPS logic. V: 0.930, SOC: 100.0%",0
2026-01-01T14:55:20Z,GRID_PASS,100.0,0.0,"Baseline UPS logic. V: 1.004, SOC: 100.0%",0
2026-01-01T14:55:25Z,GRID_PASS,100.0,0.0,"Baseline UPS logic. V: 0.951, SOC: 100.0%",0
2026-01-01T14:55:30Z,GRID_PASS,100.0,0.0,"Baseline UPS logic. V: 0.940, SOC: 100.0%",0
2026-01-01T14:55:35Z,GRID_PASS,100.0,0.0,"Baseline UPS logic. V: 1.036, SOC: 100.0%",0
2026-01-01T14:55:40Z,ISLAND,100.0,0.0,"Baseline UPS logic. V: 0.913, SOC: 100.0%",0
2026-01-01T14:55:45Z,ISLAND,100.0,0.0,"Baseline UPS logic. V: 0.926, SOC: 100.0%",0
2026-01-01T14:55:50Z,GRID_PASS,100.0,0.0,"Baseline UPS logic. V: 0.976, SOC: 100.0%",0
2026-01-01T14:55:55Z,GRID_PASS,100.0,0.0,"Baseline UPS logic. V: 0.985, SOC: 100.0%",0
2026-01-01T14:56:00Z,GRID_PASS,100.0,0.0,"Baseline UPS logic. V: 0.990, SOC: 100.0%",0
2026-01-01T14:56:05Z,GRID_PASS,100.0,0.0,"Baseline UPS logic. V: 1.011, SOC: 100.0%",0
2026-01-01T14:56:10Z,GRID_PASS,100.0,0.0,"Baseline UPS logic. V: 0.976, SOC: 100.0%",0
2026-01-01T14:56:15Z,GRID_PASS,100.0,0.0,"Baseline UPS logic. V: 0.990, SOC: 100.0%",0
2026-01-01T14:56:20Z,GRID_PASS,100.0,0.0,"Baseline UPS logic. V: 0.953, SOC: 100.0%",0
2026-01-01T14:56:25Z,GRID_PASS,100.0,0.0,"Baseline UPS logic. V: 0.969, SOC: 100.0%",0
2026-01-01T14:56:30Z,GRID_PASS,100.0,0.0,"Baseline UPS logic. V: 0.971, SOC: 100.0%",0
2026-01-01T14:56:35Z,GRID_PASS,100.0,0.0,"Baseline UPS logic. V: 0.976, SOC: 100.0%",0
2026-01-01T14:56:40Z,GRID_PASS,100.0,0.0,"Baseline UPS logic. V: 1.004, SOC: 100.0%",0
2026-01-01T14:56:45Z,GRID_PASS,100.0,0.0,"Baseline UPS logic. V: 0.993, SOC: 100.0%",0
2026-01-01T14:56:50Z,GRID_PASS,100.0,0.0,"Baseline UPS logic. V: 0.968, SOC: 100.0%",0
2026-01-01T14:56:55Z,ISLAND,100.0,0.0,"Baseline UPS logic. V: 0.925, SOC: 100.0%",0
2026-01-01T14:57:00Z,GRID_PASS,100.0,0.0,"Baseline UPS logic. V: 0.969, SOC: 100.0%",0
2026-01-01T14:57:05Z,GRID_PASS,100.0,0.0,"Baseline UPS logic. V: 0.964, SOC: 100.0%",0
2026-01-01T14:57:10Z,GRID_PASS,100.0,0.0,"Baseline UPS logic. V: 0.975, SOC: 100.0%",0
2026-01-01T14:57:15Z,GRID_PASS,100.0,0.0,"Baseline UPS logic. V: 1.076, SOC: 100.0%",0
2026-01-01T14:57:20Z,ISLAND,100.0,0.0,"Baseline UPS logic. V: 0.939, SOC: 100.0%",0
2026-01-01T14:57:25Z,GRID_PASS,100.0,0.0,"Baseline UPS logic. V: 0.987, SOC: 100.0%",0
2026-01-01T14:57:30Z,GRID_PASS,100.0,0.0,"Baseline UPS logic. V: 1.019, SOC: 100.0%",0
2026-01-01T14:57:35Z,GRID_PASS,100.0,0.0,"Baseline UPS logic. V: 0.970, SOC: 100.0%",0
2026-01-01T14:57:40Z,GRID_PASS,100.0,0.0,"Baseline UPS logic. V: 1.082, SOC: 100.0%",0
2026-01-01T14:57:45Z,GRID_PASS,100.0,0.0,"Baseline UPS logic. V: 0.947, SOC: 100.0%",0
2026-01-01T14:57:50Z,GRID_PASS,100.0,0.0,"Baseline UPS logic. V: 0.982, SOC: 100.0%",0
2026-01-01T14:57:55Z,ISLAND,100.0,0.0,"Baseline UPS logic. V: 0.926, SOC: 100.0%",0
2026-01-01T14:58:00Z,GRID_PASS,100.0,0.0,"Baseline UPS logic. V: 0.948, SOC: 100.0%",0
2026-01-01T14:58:05Z,GRID_PASS,100.0,0.0,"Baseline UPS logic. V: 0.978, SOC: 100.0%",0
2026-01-01T14:58:10Z,GRID_PASS,100.0,0.0,"Baseline UPS logic. V: 1.008, SOC: 100.0%",0
2026-01-01T14:58:15Z,GRID_PASS,100.0,0.0,"Baseline UPS logic. V: 0.981, SOC: 100.0%",0
2026-01-01T14:58:20Z,GRID_PASS,100.0,0.0,"Baseline UPS logic. V: 1.028, SOC: 100.0%",0
2026-01-01T14:58:25Z,GRID_PASS,100.0,0.0,"Baseline UPS logic. V: 0.961, SOC: 100.0%",0
2026-01-01T14:58:30Z,GRID_PASS,100.0,0.0,"Baseline UPS logic. V: 0.949, SOC: 100.0%",0
2026-01-01T14:58:35Z,GRID_PASS,100.0,0.0,"Baseline UPS logic. V: 1.101, SOC: 100.0%",0
2026-01-01T14:58:40Z,GRID_PASS,100.0,0.0,"Baseline UPS logic. V: 0.985, SOC: 100.0%",0
2026-01-01T14:58:45Z,ISLAND,100.0,0.0,"Baseline UPS logic. V: 0.930, SOC: 100.0%",0
2026-01-01T14:58:50Z,ISLAND,100.0,0.0,"Baseline UPS logic. V: 0.931, SOC: 100.0%",0
2026-01-01T14:58:55Z,ISLAND,100.0,0.0,"Baseline UPS logic. V: 0.918, SOC: 100.0%",0
2026-01-01T14:59:00Z,GRID_PASS,100.0,0.0,"Baseline UPS logic. V: 1.012, SOC: 100.0%",0
2026-01-01T14:59:05Z,GRID_PASS,100.0,0.0,"Baseline UPS logic. V: 0.947, SOC: 100.0%",0
2026-01-01T14:59:10Z,GRID_PASS,100.0,0.0,"Baseline UPS logic. V: 0.972, SOC: 100.0%",0
2026-01-01T14:59:15Z,GRID_PASS,100.0,0.0,"Baseline UPS logic. V: 0.962, SOC: 100.0%",0
2026-01-01T14:59:20Z,GRID_PASS,100.0,0.0,"Baseline UPS logic. V: 1.002, SOC: 100.0%",0
2026-01-01T14:59:25Z,ISLAND,100.0,0.0,"Baseline UPS logic. V: 0.923, SOC: 100.0%",0
2026-01-01T14:59:30Z,ISLAND,100.0,0.0,"Baseline UPS logic. V: 0.912, SOC: 100.0%",0
2026-01-01T14:59:35Z,GRID_PASS,100.0,0.0,"Baseline UPS logic. V: 0.976, SOC: 100.0%",0
2026-01-01T14:59:40Z,GRID_PASS,100.0,0.0,"Baseline UPS logic. V: 0.995, SOC: 100.0%",0
2026-01-01T14:59:45Z,GRID_PASS,100.0,0.0,"Baseline UPS logic. V: 0.982, SOC: 100.0%",0
2026-01-01T14:59:50Z,ISLAND,100.0,0.0,"Baseline UPS logic. V: 0.925, SOC: 100.0%",0
2026-01-01T14:59:55Z,GRID_PASS,100.0,0.0,"Baseline UPS logic. V: 0.999, SOC: 100.0%",0
2026-01-01T15:00:00Z,ISLAND,100.0,0.0,"Baseline UPS logic. V: 0.928, SOC: 100.0%",0
2026-01-01T15:00:05Z,ISLAND,100.0,0.0,"Baseline UPS logic. V: 0.939, SOC: 100.0%",0
2026-01-01T15:00:10Z,ISLAND,100.0,0.0,"Baseline UPS logic. V: 0.918, SOC: 100.0%",0
2026-01-01T15:00:15Z,GRID_PASS,100.0,0.0,"Baseline UPS logic. V: 1.030, SOC: 100.0%",0
2026-01-01T15:00:20Z,GRID_PASS,100.0,0.0,"Baseline UPS logic. V: 0.997, SOC: 100.0%",0
2026-01-01T15:00:25Z,GRID_PASS,100.0,0.0,"Baseline UPS logic. V: 0.996, SOC: 100.0%",0
2026-01-01T15:00:30Z,GRID_PASS,100.0,0.0,"Baseline UPS logic. V: 1.028, SOC: 100.0%",0
2026-01-01T15:00:35Z,GRID_PASS,100.0,0.0,"Baseline UPS logic. V: 1.106, SOC: 100.0%",0
2026-01-01T15:00:40Z,ISLAND,100.0,0.0,"Baseline UPS logic. V: 0.880, SOC: 100.0%",0
2026-01-01T15:00:45Z,ISLAND,100.0,0.0,"Baseline UPS logic. V: 0.929, SOC: 100.0%",0
2026-01-01T15:00:50Z,ISLAND,100.0,0.0,"Baseline UPS logic. V: 0.934, SOC: 100.0%",0
2026-01-01T15:00:55Z,ISLAND,100.0,0.0,"Baseline UPS logic. V: 0.923, SOC: 100.0%",0
2026-01-01T15:01:00Z,ISLAND,100.0,0.0,"Baseline UPS logic. V: 0.911, SOC: 100.0%",0
2026-01-01T15:01:05Z,GRID_PASS,100.0,0.0,"Baseline UPS logic. V: 0.950, SOC: 100.0%",0
2026-01-01T15:01:10Z,ISLAND,100.0,0.0,"Baseline UPS logic. V: 0.904, SOC: 100.0%",0
2026-01-01T15:01:15Z,GRID_PASS,100.0,0.0,"Baseline UPS logic. V: 0.982, SOC: 100.0%",0
2026-01-01T15:01:20Z,GRID_PASS,100.0,0.0,"Baseline UPS logic. V: 0.968, SOC: 100.0%",0
2026-01-01T15:01:25Z,GRID_PASS,100.0,0.0,"Baseline UPS logic. V: 0.989, SOC: 100.0%",0
2026-01-01T15:01:30Z,GRID_PASS,100.0,0.0,"Baseline UPS logic. V: 0.991, SOC: 100.0%",0
2026-01-01T15:01:35Z,GRID_PASS,100.0,0.0,"Baseline UPS logic. V: 0.996, SOC: 100.0%",0
2026-01-01T15:01:40Z,GRID_PASS,100.0,0.0,"Baseline UPS logic. V: 0.947, SOC: 100.0%",0
2026-01-01T15:01:45Z,GRID_PASS,100.0,0.0,"Baseline UPS logic. V: 1.072, SOC: 100.0%",0
2026-01-01T15:01:50Z,GRID_PASS,100.0,0.0,"Baseline UPS logic. V: 0.977, SOC: 100.0%",0
2026-01-01T15:01:55Z,ISLAND,100.0,0.0,"Baseline UPS logic. V: 0.872, SOC: 100.0%",0
2026-01-01T15:02:00Z,ISLAND,100.0,0.0,"Baseline UPS logic. V: 0.915, SOC: 100.0%",0
2026-01-01T15:02:05Z,ISLAND,100.0,0.0,"Baseline UPS logic. V: 0.878, SOC: 100.0%",0
2026-01-01T15:02:10Z,GRID_PASS,100.0,0.0,"Baseline UPS logic. V: 0.966, SOC: 100.0%",0
2026-01-01T15:02:15Z,GRID_PASS,100.0,0.0,"Baseline UPS logic. V: 0.959, SOC: 100.0%",0
2026-01-01T15:02:20Z,GRID_PASS,100.0,0.0,"Baseline UPS logic. V: 0.942, SOC: 100.0%",0
2026-01-01T15:02:25Z,GRID_PASS,100.0,0.0,"Baseline UPS logic. V: 1.066, SOC: 100.0%",0
2026-01-01T15:02:30Z,GRID_PASS,100.0,0.0,"Baseline UPS logic. V: 0.993, SOC: 100.0%",0
2026-01-01T15:02:35Z,GRID_PASS,100.0,0.0,"Baseline UPS logic. V: 1.002, SOC: 100.0%",0
2026-01-01T15:02:40Z,ISLAND,100.0,0.0,"Baseline UPS logic. V: 0.919, SOC: 100.0%",0
2026-01-01T15:02:45Z,ISLAND,100.0,0.0,"Baseline UPS logic. V: 0.915, SOC: 100.0%",0
2026-01-01T15:02:50Z,GRID_PASS,100.0,0.0,"Baseline UPS logic. V: 0.967, SOC: 100.0%",0
2026-01-01T15:02:55Z,GRID_PASS,100.0,0.0,"Baseline UPS logic. V: 0.974, SOC: 100.0%",0
2026-01-01T15:03:00Z,ISLAND,100.0,0.0,"Baseline UPS logic. V: 0.873, SOC: 100.0%",0
2026-01-01T15:03:05Z,GRID_PASS,100.0,0.0,"Baseline UPS logic. V: 0.956, SOC: 100.0%",0
2026-01-01T15:03:10Z,GRID_PASS,100.0,0.0,"Baseline UPS logic. V: 0.966, SOC: 100.0%",0
2026-01-01T15:03:15Z,GRID_PASS,100.0,0.0,"Baseline UPS logic. V: 0.955, SOC: 100.0%",0
2026-01-01T15:03:20Z,ISLAND,100.0,0.0,"Baseline UPS logic. V: 0.925, SOC: 100.0%",0
2026-01-01T15:03:25Z,ISLAND,100.0,0.0,"Baseline UPS logic. V: 0.938, SOC: 100.0%",0
2026-01-01T15:03:30Z,GRID_PASS,100.0,0.0,"Baseline UPS logic. V: 0.956, SOC: 100.0%",0
2026-01-01T15:03:35Z,GRID_PASS,100.0,0.0,"Baseline UPS logic. V: 0.970, SOC: 100.0%",0
2026-01-01T15:03:40Z,GRID_PASS,100.0,0.0,"Baseline UPS logic. V: 0.996, SOC: 100.0%",0
2026-01-01T15:03:45Z,GRID_PASS,100.0,0.0,"Baseline UPS logic. V: 1.019, SOC: 100.0%",0
2026-01-01T15:03:50Z,GRID_PASS,100.0,0.0,"Baseline UPS logic. V: 0.951, SOC: 100.0%",0
2026-01-01T15:03:55Z,GRID_PASS,100.0,0.0,"Baseline UPS logic. V: 0.943, SOC: 100.0%",0
2026-01-01T15:04:00Z,GRID_PASS,100.0,0.0,"Baseline UPS logic. V: 0.987, SOC: 100.0%",0
2026-01-01T15:04:05Z,GRID_PASS,100.0,0.0,"Baseline UPS logic. V: 0.996, SOC: 100.0%",0
2026-01-01T15:04:10Z,GRID_PASS,100.0,0.0,"Baseline UPS logic. V: 0.944, SOC: 100.0%",0
2026-01-01T15:04:15Z,GRID_PASS,100.0,0.0,"Baseline UPS logic. V: 1.005, SOC: 100.0%",0
2026-01-01T15:04:20Z,GRID_PASS,100.0,0.0,"Baseline UPS logic. V: 1.014, SOC: 100.0%",0
2026-01-01T15:04:25Z,GRID_PASS,100.0,0.0,"Baseline UPS logic. V: 1.030, SOC: 100.0%",0
2026-01-01T15:04:30Z,GRID_PASS,100.0,0.0,"Baseline UPS logic. V: 1.054, SOC: 100.0%",0
2026-01-01T15:04:35Z,ISLAND,100.0,0.0,"Baseline UPS logic. V: 0.922, SOC: 100.0%",0
2026-01-01T15:04:40Z,GRID_PASS,100.0,0.0,"Baseline UPS logic. V: 0.966, SOC: 100.0%",0
2026-01-01T15:04:45Z,GRID_PASS,100.0,0.0,"Baseline UPS logic. V: 0.966, SOC: 100.0%",0
2026-01-01T15:04:50Z,GRID_PASS,100.0,0.0,"Baseline UPS logic. V: 0.960, SOC: 100.0%",0
2026-01-01T15:04:55Z,ISLAND,100.0,0.0,"Baseline UPS logic. V: 0.933, SOC: 100.0%",0
2026-01-01T15:05:00Z,ISLAND,100.0,0.0,"Baseline UPS logic. V: 0.891, SOC: 100.0%",0
2026-01-01T15:05:05Z,GRID_PASS,100.0,0.0,"Baseline UPS logic. V: 0.970, SOC: 100.0%",0
2026-01-01T15:05:10Z,ISLAND,100.0,0.0,"Baseline UPS logic. V: 0.927, SOC: 100.0%",0
2026-01-01T15:05:15Z,GRID_PASS,100.0,0.0,"Baseline UPS logic. V: 0.970, SOC: 100.0%",0
2026-01-01T15:05:20Z,ISLAND,100.0,0.0,"Baseline UPS logic. V: 0.925, SOC: 100.0%",0
2026-01-01T15:05:25Z,ISLAND,100.0,0.0,"Baseline UPS logic. V: 0.910, SOC: 100.0%",0
2026-01-01T15:05:30Z,GRID_PASS,100.0,0.0,"Baseline UPS logic. V: 0.977, SOC: 100.0%",0
2026-01-01T15:05:35Z,GRID_PASS,100.0,0.0,"Baseline UPS logic. V: 0.973, SOC: 100.0%",0
2026-01-01T15:05:40Z,GRID_PASS,100.0,0.0,"Baseline UPS logic. V: 0.994, SOC: 100.0%",0
2026-01-01T15:05:45Z,GRID_PASS,100.0,0.0,"Baseline UPS logic. V: 1.075, SOC: 100.0%",0
2026-01-01T15:05:50Z,GRID_PASS,100.0,0.0,"Baseline UPS logic. V: 0.979, SOC: 100.0%",0
2026-01-01T15:05:55Z,GRID_PASS,100.0,0.0,"Baseline UPS logic. V: 0.990, SOC: 100.0%",0
2026-01-01T15:06:00Z,ISLAND,100.0,0.0,"Baseline UPS logic. V: 0.911, SOC: 100.0%",0
2026-01-01T15:06:05Z,ISLAND,100.0,0.0,"Baseline UPS logic. V: 0.901, SOC: 100.0%",0
2026-01-01T15:06:10Z,GRID_PASS,100.0,0.0,"Baseline UPS logic. V: 1.044, SOC: 100.0%",0
2026-01-01T15:06:15Z,ISLAND,100.0,0.0,"Baseline UPS logic. V: 0.919, SOC: 100.0%",0
2026-01-01T15:06:20Z,ISLAND,100.0,0.0,"Baseline UPS logic. V: 0.913, SOC: 100.0%",0
2026-01-01T15:06:25Z,GRID_PASS,100.0,0.0,"Baseline UPS logic. V: 0.963, SOC: 100.0%",0
2026-01-01T15:06:30Z,GRID_PASS,100.0,0.0,"Baseline UPS logic. V: 0.960, SOC: 100.0%",0
2026-01-01T15:06:35Z,ISLAND,100.0,0.0,"Baseline UPS logic. V: 0.920, SOC: 100.0%",0
2026-01-01T15:06:40Z,GRID_PASS,100.0,0.0,"Baseline UPS logic. V: 0.950, SOC: 100.0%",0
2026-01-01T15:06:45Z,GRID_PASS,100.0,0.0,"Baseline UPS logic. V: 1.026, SOC: 100.0%",0
2026-01-01T15:06:50Z,ISLAND,100.0,0.0,"Baseline UPS logic. V: 0.925, SOC: 100.0%",0
2026-01-01T15:06:55Z,ISLAND,100.0,0.0,"Baseline UPS logic. V: 0.896, SOC: 100.0%",0
2026-01-01T15:07:00Z,GRID_PASS,100.0,0.0,"Baseline UPS logic. V: 1.012, SOC: 100.0%",0
2026-01-01T15:07:05Z,GRID_PASS,100.0,0.0,"Baseline UPS logic. V: 0.990, SOC: 100.0%",0
2026-01-01T15:07:10Z,ISLAND,100.0,0.0,"Baseline UPS logic. V: 0.934, SOC: 100.0%",0
2026-01-01T15:07:15Z,ISLAND,100.0,0.0,"Baseline UPS logic. V: 0.886, SOC: 100.0%",0
2026-01-01T15:07:20Z,ISLAND,100.0,0.0,"Baseline UPS logic. V: 0.928, SOC: 100.0%",0
2026-01-01T15:07:25Z,GRID_PASS,100.0,0.0,"Baseline UPS logic. V: 0.962, SOC: 100.0%",0
2026-01-01T15:07:30Z,GRID_PASS,100.0,0.0,"Baseline UPS logic. V: 1.023, SOC: 100.0%",0
2026-01-01T15:07:35Z,ISLAND,100.0,0.0,"Baseline UPS logic. V: 0.913, SOC: 100.0%",0
2026-01-01T15:07:40Z,GRID_PASS,100.0,0.0,"Baseline UPS logic. V: 0.961, SOC: 100.0%",0
2026-01-01T15:07:45Z,GRID_PASS,100.0,0.0,"Baseline UPS logic. V: 0.999, SOC: 100.0%",0
2026-01-01T15:07:50Z,ISLAND,100.0,0.0,"Baseline UPS logic. V: 0.846, SOC: 100.0%",0
2026-01-01T15:07:55Z,GRID_PASS,100.0,0.0,"Baseline UPS logic. V: 1.017, SOC: 100.0%",0
2026-01-01T15:08:00Z,ISLAND,100.0,0.0,"Baseline UPS logic. V: 0.906, SOC: 100.0%",0
2026-01-01T15:08:05Z,GRID_PASS,100.0,0.0,"Baseline UPS logic. V: 0.982, SOC: 100.0%",0
2026-01-01T15:08:10Z,GRID_PASS,100.0,0.0,"Baseline UPS logic. V: 0.977, SOC: 100.0%",0
2026-01-01T15:08:15Z,GRID_PASS,100.0,0.0,"Baseline UPS logic. V: 1.019, SOC: 100.0%",0
2026-01-01T15:08:20Z,GRID_PASS,100.0,0.0,"Baseline UPS logic. V: 0.993, SOC: 100.0%",0
2026-01-01T15:08:25Z,ISLAND,100.0,0.0,"Baseline UPS logic. V: 0.846, SOC: 100.0%",0
2026-01-01T15:08:30Z,ISLAND,100.0,0.0,"Baseline UPS logic. V: 0.926, SOC: 100.0%",0
2026-01-01T15:08:35Z,GRID_PASS,100.0,0.0,"Baseline UPS logic. V: 0.972, SOC: 100.0%",0
2026-01-01T15:08:40Z,GRID_PASS,100.0,0.0,"Baseline UPS logic. V: 0.955, SOC: 100.0%",0
2026-01-01T15:08:45Z,GRID_PASS,100.0,0.0,"Baseline UPS logic. V: 0.989, SOC: 100.0%",0
2026-01-01T15:08:50Z,GRID_PASS,100.0,0.0,"Baseline UPS logic. V: 1.005, SOC: 100.0%",0
2026-01-01T15:08:55Z,GRID_PASS,100.0,0.0,"Baseline UPS logic. V: 0.996, SOC: 100.0%",0
2026-01-01T15:09:00Z,GRID_PASS,100.0,0.0,"Baseline UPS logic. V: 0.954, SOC: 100.0%",0
2026-01-01T15:09:05Z,ISLAND,100.0,0.0,"Baseline UPS logic. V: 0.873, SOC: 100.0%",0
2026-01-01T15:09:10Z,GRID_PASS,100.0,0.0,"Baseline UPS logic. V: 0.942, SOC: 100.0%",0
2026-01-01T15:09:15Z,GRID_PASS,100.0,0.0,"Baseline UPS logic. V: 0.986, SOC: 100.0%",0
2026-01-01T15:09:20Z,ISLAND,100.0,0.0,"Baseline UPS logic. V: 0.911, SOC: 100.0%",0
2026-01-01T15:09:25Z,GRID_PASS,100.0,0.0,"Baseline UPS logic. V: 0.997, SOC: 100.0%",0
2026-01-01T15:09:30Z,GRID_PASS,100.0,0.0,"Baseline UPS logic. V: 1.010, SOC: 100.0%",0
2026-01-01T15:09:35Z,GRID_PASS,100.0,0.0,"Baseline UPS logic. V: 0.971, SOC: 100.0%",0
2026-01-01T15:09:40Z,ISLAND,100.0,0.0,"Baseline UPS logic. V: 0.812, SOC: 100.0%",0
2026-01-01T15:09:45Z,ISLAND,100.0,0.0,"Baseline UPS logic. V: 0.901, SOC: 100.0%",0
2026-01-01T15:09:50Z,GRID_PASS,100.0,0.0,"Baseline UPS logic. V: 1.059, SOC: 100.0%",0
2026-01-01T15:09:55Z,ISLAND,100.0,0.0,"Baseline UPS logic. V: 0.938, SOC: 100.0%",0
2026-01-01T15:10:00Z,ISLAND,100.0,0.0,"Baseline UPS logic. V: 0.866, SOC: 100.0%",0
2026-01-01T15:10:05Z,GRID_PASS,100.0,0.0,"Baseline UPS logic. V: 1.027, SOC: 100.0%",0
2026-01-01T15:10:10Z,GRID_PASS,100.0,0.0,"Baseline UPS logic. V: 0.965, SOC: 100.0%",0
2026-01-01T15:10:15Z,GRID_PASS,100.0,0.0,"Baseline UPS logic. V: 1.020, SOC: 100.0%",0
2026-01-01T15:10:20Z,GRID_PASS,100.0,0.0,"Baseline UPS logic. V: 0.979, SOC: 100.0%",0
2026-01-01T15:10:25Z,GRID_PASS,100.0,0.0,"Baseline UPS logic. V: 0.988, SOC: 100.0%",0
2026-01-01T15:10:30Z,GRID_PASS,100.0,0.0,"Baseline UPS logic. V: 0.983, SOC: 100.0%",0
2026-01-01T15:10:35Z,GRID_PASS,100.0,0.0,"Baseline UPS logic. V: 1.000, SOC: 100.0%",0
2026-01-01T15:10:40Z,GRID_PASS,100.0,0.0,"Baseline UPS logic. V: 1.079, SOC: 100.0%",0
2026-01-01T15:10:45Z,GRID_PASS,100.0,0.0,"Baseline UPS logic. V: 1.013, SOC: 100.0%",0
2026-01-01T15:10:50Z,ISLAND,100.0,0.0,"Baseline UPS logic. V: 0.886, SOC: 100.0%",0
2026-01-01T15:10:55Z,GRID_PASS,100.0,0.0,"Baseline UPS logic. V: 0.987, SOC: 100.0%",0
2026-01-01T15:11:00Z,GRID_PASS,100.0,0.0,"Baseline UPS logic. V: 1.022, SOC: 100.0%",0
2026-01-01T15:11:05Z,GRID_PASS,100.0,0.0,"Baseline UPS logic. V: 1.025, SOC: 100.0%",0
2026-01-01T15:11:10Z,GRID_PASS,100.0,0.0,"Baseline UPS logic. V: 0.944, SOC: 100.0%",0
2026-01-01T15:11:15Z,GRID_PASS,100.0,0.0,"Baseline UPS logic. V: 1.023, SOC: 100.0%",0
2026-01-01T15:11:20Z,GRID_PASS,100.0,0.0,"Baseline UPS logic. V: 1.011, SOC: 100.0%",0
2026-01-01T15:11:25Z,GRID_PASS,100.0,0.0,"Baseline UPS logic. V: 1.094, SOC: 100.0%",0
2026-01-01T15:11:30Z,ISLAND,100.0,0.0,"Baseline UPS logic. V: 0.927, SOC: 100.0%",0
2026-01-01T15:11:35Z,ISLAND,100.0,0.0,"Baseline UPS logic. V: 0.940, SOC: 100.0%",0
2026-01-01T15:11:40Z,GRID_PASS,100.0,0.0,"Baseline UPS logic. V: 0.949, SOC: 100.0%",0
2026-01-01T15:11:45Z,GRID_PASS,100.0,0.0,"Baseline UPS logic. V: 0.940, SOC: 100.0%",0
2026-01-01T15:11:50Z,ISLAND,100.0,0.0,"Baseline UPS logic. V: 0.921, SOC: 100.0%",0
2026-01-01T15:11:55Z,ISLAND,100.0,0.0,"Baseline UPS logic. V: 0.827, SOC: 100.0%",0
2026-01-01T15:12:00Z,GRID_PASS,100.0,0.0,"Baseline UPS logic. V: 0.943, SOC: 100.0%",0
2026-01-01T15:12:05Z,GRID_PASS,100.0,0.0,"Baseline UPS logic. V: 0.983, SOC: 100.0%",0
2026-01-01T15:12:10Z,GRID_PASS,100.0,0.0,"Baseline UPS logic. V: 0.940, SOC: 100.0%",0
2026-01-01T15:12:15Z,GRID_PASS,100.0,0.0,"Baseline UPS logic. V: 1.062, SOC: 100.0%",0
2026-01-01T15:12:20Z,GRID_PASS,100.0,0.0,"Baseline UPS logic. V: 0.966, SOC: 100.0%",0
2026-01-01T15:12:25Z,GRID_PASS,100.0,0.0,"Baseline UPS logic. V: 1.029, SOC: 100.0%",0
2026-01-01T15:12:30Z,GRID_PASS,100.0,0.0,"Baseline UPS logic. V: 0.978, SOC: 100.0%",0
2026-01-01T15:12:35Z,GRID_PASS,100.0,0.0,"Baseline UPS logic. V: 1.006, SOC: 100.0%",0
2026-01-01T15:12:40Z,GRID_PASS,100.0,0.0,"Baseline UPS logic. V: 0.979, SOC: 100.0%",0
2026-01-01T15:12:45Z,GRID_PASS,100.0,0.0,"Baseline UPS logic. V: 1.033, SOC: 100.0%",0
2026-01-01T15:12:50Z,GRID_PASS,100.0,0.0,"Baseline UPS logic. V: 0.968, SOC: 100.0%",0
2026-01-01T15:12:55Z,GRID_PASS,100.0,0.0,"Baseline UPS logic. V: 0.990, SOC: 100.0%",0
2026-01-01T15:13:00Z,GRID_PASS,100.0,0.0,"Baseline UPS logic. V: 0.983, SOC: 100.0%",0
2026-01-01T15:13:05Z,GRID_PASS,100.0,0.0,"Baseline UPS logic. V: 0.950, SOC: 100.0%",0
2026-01-01T15:13:10Z,GRID_PASS,100.0,0.0,"Baseline UPS logic. V: 0.985, SOC: 100.0%",0
2026-01-01T15:13:15Z,GRID_PASS,100.0,0.0,"Baseline UPS logic. V: 1.077, SOC: 100.0%",0
2026-01-01T15:13:20Z,GRID_PASS,100.0,0.0,"Baseline UPS logic. V: 0.951, SOC: 100.0%",0
2026-01-01T15:13:25Z,GRID_PASS,100.0,0.0,"Baseline UPS logic. V: 0.986, SOC: 100.0%",0
2026-01-01T15:13:30Z,GRID_PASS,100.0,0.0,"Baseline UPS logic. V: 1.028, SOC: 100.0%",0
2026-01-01T15:13:35Z,GRID_PASS,100.0,0.0,"Baseline UPS logic. V: 1.022, SOC: 100.0%",0
2026-01-01T15:13:40Z,GRID_PASS,100.0,0.0,"Baseline UPS logic. V: 0.965, SOC: 100.0%",0
2026-01-01T15:13:45Z,ISLAND,100.0,0.0,"Baseline UPS logic. V: 0.846, SOC: 100.0%",0
2026-01-01T15:13:50Z,GRID_PASS,100.0,0.0,"Baseline UPS logic. V: 0.991, SOC: 100.0%",0
2026-01-01T15:13:55Z,ISLAND,100.0,0.0,"Baseline UPS logic. V: 0.854, SOC: 100.0%",0
2026-01-01T15:14:00Z,GRID_PASS,100.0,0.0,"Baseline UPS logic. V: 1.038, SOC: 100.0%",0
2026-01-01T15:14:05Z,GRID_PASS,100.0,0.0,"Baseline UPS logic. V: 0.973, SOC: 100.0%",0
2026-01-01T15:14:10Z,GRID_PASS,100.0,0.0,"Baseline UPS logic. V: 1.015, SOC: 100.0%",0
2026-01-01T15:14:15Z,ISLAND,100.0,0.0,"Baseline UPS logic. V: 0.920, SOC: 100.0%",0
2026-01-01T15:14:20Z,ISLAND,100.0,0.0,"Baseline UPS logic. V: 0.887, SOC: 100.0%",0
2026-01-01T15:14:25Z,GRID_PASS,100.0,0.0,"Baseline UPS logic. V: 0.978, SOC: 100.0%",0
2026-01-01T15:14:30Z,GRID_PASS,100.0,0.0,"Baseline UPS logic. V: 0.963, SOC: 100.0%",0
2026-01-01T15:14:35Z,GRID_PASS,100.0,0.0,"Baseline UPS logic. V: 0.940, SOC: 100.0%",0
2026-01-01T15:14:40Z,GRID_PASS,100.0,0.0,"Baseline UPS logic. V: 0.969, SOC: 100.0%",0
2026-01-01T15:14:45Z,GRID_PASS,100.0,0.0,"Baseline UPS logic. V: 1.103, SOC: 100.0%",0
2026-01-01T15:14:50Z,GRID_PASS,100.0,0.0,"Baseline UPS logic. V: 1.006, SOC: 100.0%",0
2026-01-01T15:14:55Z,GRID_PASS,100.0,0.0,"Baseline UPS logic. V: 1.017, SOC: 100.0%",0
2026-01-01T15:15:00Z,GRID_PASS,100.0,0.0,"Baseline UPS logic. V: 1.007, SOC: 100.0%",0
2026-01-01T15:15:05Z,GRID_PASS,100.0,0.0,"Baseline UPS logic. V: 1.039, SOC: 100.0%",0
2026-01-01T15:15:10Z,GRID_PASS,100.0,0.0,"Baseline UPS logic. V: 0.955, SOC: 100.0%",0
2026-01-01T15:15:15Z,ISLAND,100.0,0.0,"Baseline UPS logic. V: 0.862, SOC: 100.0%",0
2026-01-01T15:15:20Z,GRID_PASS,100.0,0.0,"Baseline UPS logic. V: 0.955, SOC: 100.0%",0
2026-01-01T15:15:25Z,GRID_PASS,100.0,0.0,"Baseline UPS logic. V: 1.005, SOC: 100.0%",0
2026-01-01T15:15:30Z,ISLAND,100.0,0.0,"Baseline UPS logic. V: 0.916, SOC: 100.0%",0
2026-01-01T15:15:35Z,GRID_PASS,100.0,0.0,"Baseline UPS logic. V: 0.956, SOC: 100.0%",0
2026-01-01T15:15:40Z,ISLAND,100.0,0.0,"Baseline UPS logic. V: 0.930, SOC: 100.0%",0
2026-01-01T15:15:45Z,GRID_PASS,100.0,0.0,"Baseline UPS logic. V: 1.040, SOC: 100.0%",0
2026-01-01T15:15:50Z,GRID_PASS,100.0,0.0,"Baseline UPS logic. V: 1.002, SOC: 100.0%",0
2026-01-01T15:15:55Z,GRID_PASS,100.0,0.0,"Baseline UPS logic. V: 0.997, SOC: 100.0%",0
2026-01-01T15:16:00Z,GRID_PASS,100.0,0.0,"Baseline UPS logic. V: 0.996, SOC: 100.0%",0
2026-01-01T15:16:05Z,GRID_PASS,100.0,0.0,"Baseline UPS logic. V: 0.963, SOC: 100.0%",0
2026-01-01T15:16:10Z,GRID_PASS,100.0,0.0,"Baseline UPS logic. V: 0.975, SOC: 100.0%",0
2026-01-01T15:16:15Z,ISLAND,100.0,0.0,"Baseline UPS logic. V: 0.905, SOC: 100.0%",0
2026-01-01T15:16:20Z,ISLAND,100.0,0.0,"Baseline UPS logic. V: 0.855, SOC: 100.0%",0
2026-01-01T15:16:25Z,GRID_PASS,100.0,0.0,"Baseline UPS logic. V: 0.972, SOC: 100.0%",0
2026-01-01T15:16:30Z,GRID_PASS,100.0,0.0,"Baseline UPS logic. V: 0.981, SOC: 100.0%",0
2026-01-01T15:16:35Z,GRID_PASS,100.0,0.0,"Baseline UPS logic. V: 1.025, SOC: 100.0%",0
2026-01-01T15:16:40Z,GRID_PASS,100.0,0.0,"Baseline UPS logic. V: 1.043, SOC: 100.0%",0
2026-01-01T15:16:45Z,GRID_PASS,100.0,0.0,"Baseline UPS logic. V: 1.043, SOC: 100.0%",0
2026-01-01T15:16:50Z,ISLAND,100.0,0.0,"Baseline UPS logic. V: 0.915, SOC: 100.0%",0
2026-01-01T15:16:55Z,GRID_PASS,100.0,0.0,"Baseline UPS logic. V: 0.947, SOC: 100.0%",0
2026-01-01T15:17:00Z,GRID_PASS,100.0,0.0,"Baseline UPS logic. V: 0.989, SOC: 100.0%",0
2026-01-01T15:17:05Z,GRID_PASS,100.0,0.0,"Baseline UPS logic. V: 1.091, SOC: 100.0%",0
2026-01-01T15:17:10Z,GRID_PASS,100.0,0.0,"Baseline UPS logic. V: 1.039, SOC: 100.0%",0
2026-01-01T15:17:15Z,GRID_PASS,100.0,0.0,"Baseline UPS logic. V: 1.021, SOC: 100.0%",0
2026-01-01T15:17:20Z,GRID_PASS,100.0,0.0,"Baseline UPS logic. V: 0.945, SOC: 100.0%",0
2026-01-01T15:17:25Z,ISLAND,100.0,0.0,"Baseline UPS logic. V: 0.921, SOC: 100.0%",0
2026-01-01T15:17:30Z,GRID_PASS,100.0,0.0,"Baseline UPS logic. V: 1.004, SOC: 100.0%",0
2026-01-01T15:17:35Z,ISLAND,100.0,0.0,"Baseline UPS logic. V: 0.909, SOC: 100.0%",0
2026-01-01T15:17:40Z,GRID_PASS,100.0,0.0,"Baseline UPS logic. V: 0.953, SOC: 100.0%",0
2026-01-01T15:17:45Z,GRID_PASS,100.0,0.0,"Baseline UPS logic. V: 0.959, SOC: 100.0%",0
2026-01-01T15:17:50Z,GRID_PASS,100.0,0.0,"Baseline UPS logic. V: 1.044, SOC: 100.0%",0
2026-01-01T15:17:55Z,GRID_PASS,100.0,0.0,"Baseline UPS logic. V: 0.947, SOC: 100.0%",0
2026-01-01T15:18:00Z,ISLAND,100.0,0.0,"Baseline UPS logic. V: 0.843, SOC: 100.0%",0
2026-01-01T15:18:05Z,GRID_PASS,100.0,0.0,"Baseline UPS logic. V: 0.990, SOC: 100.0%",0
2026-01-01T15:18:10Z,ISLAND,100.0,0.0,"Baseline UPS logic. V: 0.929, SOC: 100.0%",0
2026-01-01T15:18:15Z,GRID_PASS,100.0,0.0,"Baseline UPS logic. V: 0.967, SOC: 100.0%",0
2026-01-01T15:18:20Z,GRID_PASS,100.0,0.0,"Baseline UPS logic. V: 0.960, SOC: 100.0%",0
2026-01-01T15:18:25Z,GRID_PASS,100.0,0.0,"Baseline UPS logic. V: 0.951, SOC: 100.0%",0
2026-01-01T15:18:30Z,GRID_PASS,100.0,0.0,"Baseline UPS logic. V: 1.004, SOC: 100.0%",0
2026-01-01T15:18:35Z,ISLAND,100.0,0.0,"Baseline UPS logic. V: 0.888, SOC: 100.0%",0
2026-01-01T15:18:40Z,ISLAND,100.0,0.0,"Baseline UPS logic. V: 0.939, SOC: 100.0%",0
2026-01-01T15:18:45Z,GRID_PASS,100.0,0.0,"Baseline UPS logic. V: 0.999, SOC: 100.0%",0
2026-01-01T15:18:50Z,ISLAND,100.0,0.0,"Baseline UPS logic. V: 0.934, SOC: 100.0%",0
2026-01-01T15:18:55Z,ISLAND,100.0,0.0,"Baseline UPS logic. V: 0.884, SOC: 100.0%",0
2026-01-01T15:19:00Z,GRID_PASS,100.0,0.0,"Baseline UPS logic. V: 0.998, SOC: 100.0%",0
2026-01-01T15:19:05Z,GRID_PASS,100.0,0.0,"Baseline UPS logic. V: 1.020, SOC: 100.0%",0
2026-01-01T15:19:10Z,GRID_PASS,100.0,0.0,"Baseline UPS logic. V: 0.962, SOC: 100.0%",0
2026-01-01T15:19:15Z,ISLAND,100.0,0.0,"Baseline UPS logic. V: 0.867, SOC: 100.0%",0
2026-01-01T15:19:20Z,GRID_PASS,100.0,0.0,"Baseline UPS logic. V: 1.000, SOC: 100.0%",0
2026-01-01T15:19:25Z,ISLAND,100.0,0.0,"Baseline UPS logic. V: 0.881, SOC: 100.0%",0
2026-01-01T15:19:30Z,GRID_PASS,100.0,0.0,"Baseline UPS logic. V: 0.980, SOC: 100.0%",0
2026-01-01T15:19:35Z,ISLAND,100.0,0.0,"Baseline UPS logic. V: 0.920, SOC: 100.0%",0
2026-01-01T15:19:40Z,ISLAND,100.0,0.0,"Baseline UPS logic. V: 0.907, SOC: 100.0%",0
2026-01-01T15:19:45Z,GRID_PASS,100.0,0.0,"Baseline UPS logic. V: 0.942, SOC: 100.0%",0
2026-01-01T15:19:50Z,GRID_PASS,100.0,0.0,"Baseline UPS logic. V: 0.955, SOC: 100.0%",0
2026-01-01T15:19:55Z,ISLAND,100.0,0.0,"Baseline UPS logic. V: 0.932, SOC: 100.0%",0
2026-01-01T15:20:00Z,GRID_PASS,100.0,0.0,"Baseline UPS logic. V: 0.994, SOC: 100.0%",0
2026-01-01T15:20:05Z,GRID_PASS,100.0,0.0,"Baseline UPS logic. V: 0.942, SOC: 100.0%",0
2026-01-01T15:20:10Z,GRID_PASS,100.0,0.0,"Baseline UPS logic. V: 1.014, SOC: 100.0%",0
2026-01-01T15:20:15Z,GRID_PASS,100.0,0.0,"Baseline UPS logic. V: 0.979, SOC: 100.0%",0
2026-01-01T15:20:20Z,ISLAND,100.0,0.0,"Baseline UPS logic. V: 0.930, SOC: 100.0%",0
2026-01-01T15:20:25Z,ISLAND,100.0,0.0,"Baseline UPS logic. V: 0.921, SOC: 100.0%",0
2026-01-01T15:20:30Z,ISLAND,100.0,0.0,"Baseline UPS logic. V: 0.882, SOC: 100.0%",0
2026-01-01T15:20:35Z,GRID_PASS,100.0,0.0,"Baseline UPS logic. V: 0.979, SOC: 100.0%",0
2026-01-01T15:20:40Z,GRID_PASS,100.0,0.0,"Baseline UPS logic. V: 0.947, SOC: 100.0%",0
2026-01-01T15:20:45Z,ISLAND,100.0,0.0,"Baseline UPS logic. V: 0.846, SOC: 100.0%",0
2026-01-01T15:20:50Z,ISLAND,100.0,0.0,"Baseline UPS logic. V: 0.938, SOC: 100.0%",0
2026-01-01T15:20:55Z,ISLAND,100.0,0.0,"Baseline UPS logic. V: 0.919, SOC: 100.0%",0
2026-01-01T15:21:00Z,GRID_PASS,100.0,0.0,"Baseline UPS logic. V: 1.043, SOC: 100.0%",0
2026-01-01T15:21:05Z,ISLAND,100.0,0.0,"Baseline UPS logic. V: 0.879, SOC: 100.0%",0
2026-01-01T15:21:10Z,ISLAND,100.0,0.0,"Baseline UPS logic. V: 0.892, SOC: 100.0%",0
2026-01-01T15:21:15Z,GRID_PASS,100.0,0.0,"Baseline UPS logic. V: 1.020, SOC: 100.0%",0
2026-01-01T15:21:20Z,GRID_PASS,100.0,0.0,"Baseline UPS logic. V: 1.032, SOC: 100.0%",0
2026-01-01T15:21:25Z,ISLAND,100.0,0.0,"Baseline UPS logic. V: 0.927, SOC: 100.0%",0
2026-01-01T15:21:30Z,ISLAND,100.0,0.0,"Baseline UPS logic. V: 0.933, SOC: 100.0%",0
2026-01-01T15:21:35Z,GRID_PASS,100.0,0.0,"Baseline UPS logic. V: 0.995, SOC: 100.0%",0
2026-01-01T15:21:40Z,ISLAND,100.0,0.0,"Baseline UPS logic. V: 0.848, SOC: 100.0%",0
2026-01-01T15:21:45Z,ISLAND,100.0,0.0,"Baseline UPS logic. V: 0.871, SOC: 100.0%",0
2026-01-01T15:21:50Z,GRID_PASS,100.0,0.0,"Baseline UPS logic. V: 0.950, SOC: 100.0%",0
2026-01-01T15:21:55Z,GRID_PASS,100.0,0.0,"Baseline UPS logic. V: 1.042, SOC: 100.0%",0
2026-01-01T15:22:00Z,GRID_PASS,100.0,0.0,"Baseline UPS logic. V: 0.943, SOC: 100.0%",0
2026-01-01T15:22:05Z,GRID_PASS,100.0,0.0,"Baseline UPS logic. V: 0.969, SOC: 100.0%",0
2026-01-01T15:22:10Z,GRID_PASS,100.0,0.0,"Baseline UPS logic. V: 1.021, SOC: 100.0%",0
2026-01-01T15:22:15Z,GRID_PASS,100.0,0.0,"Baseline UPS logic. V: 1.070, SOC: 100.0%",0
2026-01-01T15:22:20Z,ISLAND,100.0,0.0,"Baseline UPS logic. V: 0.935, SOC: 100.0%",0
2026-01-01T15:22:25Z,GRID_PASS,100.0,0.0,"Baseline UPS logic. V: 0.964, SOC: 100.0%",0
2026-01-01T15:22:30Z,GRID_PASS,100.0,0.0,"Baseline UPS logic. V: 1.055, SOC: 100.0%",0
2026-01-01T15:22:35Z,ISLAND,100.0,0.0,"Baseline UPS logic. V: 0.888, SOC: 100.0%",0
2026-01-01T15:22:40Z,GRID_PASS,100.0,0.0,"Baseline UPS logic. V: 1.016, SOC: 100.0%",0
2026-01-01T15:22:45Z,ISLAND,100.0,0.0,"Baseline UPS logic. V: 0.913, SOC: 100.0%",0
2026-01-01T15:22:50Z,GRID_PASS,100.0,0.0,"Baseline UPS logic. V: 0.970, SOC: 100.0%",0
2026-01-01T15:22:55Z,GRID_PASS,100.0,0.0,"Baseline UPS logic. V: 0.952, SOC: 100.0%",0
2026-01-01T15:23:00Z,ISLAND,100.0,0.0,"Baseline UPS logic. V: 0.916, SOC: 100.0%",0
2026-01-01T15:23:05Z,ISLAND,100.0,0.0,"Baseline UPS logic. V: 0.915, SOC: 100.0%",0
2026-01-01T15:23:10Z,GRID_PASS,100.0,0.0,"Baseline UPS logic. V: 0.978, SOC: 100.0%",0
2026-01-01T15:23:15Z,GRID_PASS,100.0,0.0,"Baseline UPS logic. V: 1.014, SOC: 100.0%",0
2026-01-01T15:23:20Z,GRID_PASS,100.0,0.0,"Baseline UPS logic. V: 0.958, SOC: 100.0%",0
2026-01-01T15:23:25Z,GRID_PASS,100.0,0.0,"Baseline UPS logic. V: 0.968, SOC: 100.0%",0
2026-01-01T15:23:30Z,GRID_PASS,100.0,0.0,"Baseline UPS logic. V: 0.993, SOC: 100.0%",0
2026-01-01T15:23:35Z,ISLAND,100.0,0.0,"Baseline UPS logic. V: 0.916, SOC: 100.0%",0
2026-01-01T15:23:40Z,GRID_PASS,100.0,0.0,"Baseline UPS logic. V: 1.001, SOC: 100.0%",0
2026-01-01T15:23:45Z,GRID_PASS,100.0,0.0,"Baseline UPS logic. V: 1.005, SOC: 100.0%",0
2026-01-01T15:23:50Z,GRID_PASS,100.0,0.0,"Baseline UPS logic. V: 1.094, SOC: 100.0%",0
2026-01-01T15:23:55Z,GRID_PASS,100.0,0.0,"Baseline UPS logic. V: 0.945, SOC: 100.0%",0
2026-01-01T15:24:00Z,GRID_PASS,100.0,0.0,"Baseline UPS logic. V: 0.941, SOC: 100.0%",0
2026-01-01T15:24:05Z,GRID_PASS,100.0,0.0,"Baseline UPS logic. V: 1.003, SOC: 100.0%",0
2026-01-01T15:24:10Z,GRID_PASS,100.0,0.0,"Baseline UPS logic. V: 1.005, SOC: 100.0%",0
2026-01-01T15:24:15Z,ISLAND,100.0,0.0,"Baseline UPS logic. V: 0.937, SOC: 100.0%",0
2026-01-01T15:24:20Z,GRID_PASS,100.0,0.0,"Baseline UPS logic. V: 0.944, SOC: 100.0%",0
2026-01-01T15:24:25Z,GRID_PASS,100.0,0.0,"Baseline UPS logic. V: 0.991, SOC: 100.0%",0
2026-01-01T15:24:30Z,ISLAND,100.0,0.0,"Baseline UPS logic. V: 0.923, SOC: 100.0%",0
2026-01-01T15:24:35Z,GRID_PASS,100.0,0.0,"Baseline UPS logic. V: 0.944, SOC: 100.0%",0
2026-01-01T15:24:40Z,GRID_PASS,100.0,0.0,"Baseline UPS logic. V: 0.968, SOC: 100.0%",0
2026-01-01T15:24:45Z,GRID_PASS,100.0,0.0,"Baseline UPS logic. V: 1.014, SOC: 100.0%",0
2026-01-01T15:24:50Z,ISLAND,100.0,0.0,"Baseline UPS logic. V: 0.934, SOC: 100.0%",0
2026-01-01T15:24:55Z,ISLAND,100.0,0.0,"Baseline UPS logic. V: 0.872, SOC: 100.0%",0
2026-01-01T15:25:00Z,ISLAND,100.0,0.0,"Baseline UPS logic. V: 0.868, SOC: 100.0%",0
2026-01-01T15:25:05Z,ISLAND,100.0,0.0,"Baseline UPS logic. V: 0.901, SOC: 100.0%",0
2026-01-01T15:25:10Z,ISLAND,100.0,0.0,"Baseline UPS logic. V: 0.898, SOC: 100.0%",0
2026-01-01T15:25:15Z,GRID_PASS,100.0,0.0,"Baseline UPS logic. V: 0.956, SOC: 100.0%",0
2026-01-01T15:25:20Z,ISLAND,100.0,0.0,"Baseline UPS logic. V: 0.905, SOC: 100.0%",0
2026-01-01T15:25:25Z,ISLAND,100.0,0.0,"Baseline UPS logic. V: 0.929, SOC: 100.0%",0
2026-01-01T15:25:30Z,ISLAND,100.0,0.0,"Baseline UPS logic. V: 0.925, SOC: 100.0%",0
2026-01-01T15:25:35Z,GRID_PASS,100.0,0.0,"Baseline UPS logic. V: 0.942, SOC: 100.0%",0
2026-01-01T15:25:40Z,GRID_PASS,100.0,0.0,"Baseline UPS logic. V: 1.030, SOC: 100.0%",0
2026-01-01T15:25:45Z,GRID_PASS,100.0,0.0,"Baseline UPS logic. V: 0.997, SOC: 100.0%",0
2026-01-01T15:25:50Z,GRID_PASS,100.0,0.0,"Baseline UPS logic. V: 0.965, SOC: 100.0%",0
2026-01-01T15:25:55Z,GRID_PASS,100.0,0.0,"Baseline UPS logic. V: 0.941, SOC: 100.0%",0
2026-01-01T15:26:00Z,GRID_PASS,100.0,0.0,"Baseline UPS logic. V: 0.943, SOC: 100.0%",0
2026-01-01T15:26:05Z,GRID_PASS,100.0,0.0,"Baseline UPS logic. V: 0.981, SOC: 100.0%",0
2026-01-01T15:26:10Z,GRID_PASS,100.0,0.0,"Baseline UPS logic. V: 0.993, SOC: 100.0%",0
2026-01-01T15:26:15Z,ISLAND,100.0,0.0,"Baseline UPS logic. V: 0.919, SOC: 100.0%",0
2026-01-01T15:26:20Z,GRID_PASS,100.0,0.0,"Baseline UPS logic. V: 0.966, SOC: 100.0%",0
2026-01-01T15:26:25Z,ISLAND,100.0,0.0,"Baseline UPS logic. V: 0.862, SOC: 100.0%",0
2026-01-01T15:26:30Z,GRID_PASS,100.0,0.0,"Baseline UPS logic. V: 0.975, SOC: 100.0%",0
2026-01-01T15:26:35Z,GRID_PASS,100.0,0.0,"Baseline UPS logic. V: 1.002, SOC: 100.0%",0
2026-01-01T15:26:40Z,GRID_PASS,100.0,0.0,"Baseline UPS logic. V: 0.950, SOC: 100.0%",0
2026-01-01T15:26:45Z,GRID_PASS,100.0,0.0,"Baseline UPS logic. V: 1.055, SOC: 100.0%",0
2026-01-01T15:26:50Z,ISLAND,100.0,0.0,"Baseline UPS logic. V: 0.920, SOC: 100.0%",0
2026-01-01T15:26:55Z,GRID_PASS,100.0,0.0,"Baseline UPS logic. V: 0.975, SOC: 100.0%",0
2026-01-01T15:27:00Z,GRID_PASS,100.0,0.0,"Baseline UPS logic. V: 0.962, SOC: 100.0%",0
2026-01-01T15:27:05Z,GRID_PASS,100.0,0.0,"Baseline UPS logic. V: 0.959, SOC: 100.0%",0
2026-01-01T15:27:10Z,GRID_PASS,100.0,0.0,"Baseline UPS logic. V: 0.958, SOC: 100.0%",0
2026-01-01T15:27:15Z,GRID_PASS,100.0,0.0,"Baseline UPS logic. V: 0.969, SOC: 100.0%",0
2026-01-01T15:27:20Z,GRID_PASS,100.0,0.0,"Baseline UPS logic. V: 1.006, SOC: 100.0%",0
2026-01-01T15:27:25Z,GRID_PASS,100.0,0.0,"Baseline UPS logic. V: 1.033, SOC: 100.0%",0
2026-01-01T15:27:30Z,GRID_PASS,100.0,0.0,"Baseline UPS logic. V: 0.964, SOC: 100.0%",0
2026-01-01T15:27:35Z,GRID_PASS,100.0,0.0,"Baseline UPS logic. V: 1.005, SOC: 100.0%",0
2026-01-01T15:27:40Z,ISLAND,100.0,0.0,"Baseline UPS logic. V: 0.929, SOC: 100.0%",0
2026-01-01T15:27:45Z,GRID_PASS,100.0,0.0,"Baseline UPS logic. V: 1.002, SOC: 100.0%",0
2026-01-01T15:27:50Z,ISLAND,100.0,0.0,"Baseline UPS logic. V: 0.926, SOC: 100.0%",0
2026-01-01T15:27:55Z,GRID_PASS,100.0,0.0,"Baseline UPS logic. V: 1.019, SOC: 100.0%",0
2026-01-01T15:28:00Z,GRID_PASS,100.0,0.0,"Baseline UPS logic. V: 1.074, SOC: 100.0%",0
2026-01-01T15:28:05Z,GRID_PASS,100.0,0.0,"Baseline UPS logic. V: 0.958, SOC: 100.0%",0
2026-01-01T15:28:10Z,ISLAND,100.0,0.0,"Baseline UPS logic. V: 0.854, SOC: 100.0%",0
2026-01-01T15:28:15Z,ISLAND,100.0,0.0,"Baseline UPS logic. V: 0.937, SOC: 100.0%",0
2026-01-01T15:28:20Z,GRID_PASS,100.0,0.0,"Baseline UPS logic. V: 1.025, SOC: 100.0%",0
2026-01-01T15:28:25Z,GRID_PASS,100.0,0.0,"Baseline UPS logic. V: 0.991, SOC: 100.0%",0
2026-01-01T15:28:30Z,GRID_PASS,100.0,0.0,"Baseline UPS logic. V: 0.976, SOC: 100.0%",0
2026-01-01T15:28:35Z,GRID_PASS,100.0,0.0,"Baseline UPS logic. V: 1.014, SOC: 100.0%",0
2026-01-01T15:28:40Z,GRID_PASS,100.0,0.0,"Baseline UPS logic. V: 0.988, SOC: 100.0%",0
2026-01-01T15:28:45Z,GRID_PASS,100.0,0.0,"Baseline UPS logic. V: 1.025, SOC: 100.0%",0
2026-01-01T15:28:50Z,GRID_PASS,100.0,0.0,"Baseline UPS logic. V: 1.010, SOC: 100.0%",0
2026-01-01T15:28:55Z,GRID_PASS,100.0,0.0,"Baseline UPS logic. V: 1.040, SOC: 100.0%",0
2026-01-01T15:29:00Z,GRID_PASS,100.0,0.0,"Baseline UPS logic. V: 0.982, SOC: 100.0%",0
2026-01-01T15:29:05Z,GRID_PASS,100.0,0.0,"Baseline UPS logic. V: 1.009, SOC: 100.0%",0
2026-01-01T15:29:10Z,GRID_PASS,100.0,0.0,"Baseline UPS logic. V: 0.949, SOC: 100.0%",0
2026-01-01T15:29:15Z,ISLAND,100.0,0.0,"Baseline UPS logic. V: 0.934, SOC: 100.0%",0
2026-01-01T15:29:20Z,GRID_PASS,100.0,0.0,"Baseline UPS logic. V: 1.049, SOC: 100.0%",0
2026-01-01T15:29:25Z,GRID_PASS,100.0,0.0,"Baseline UPS logic. V: 0.974, SOC: 100.0%",0
2026-01-01T15:29:30Z,GRID_PASS,100.0,0.0,"Baseline UPS logic. V: 1.004, SOC: 100.0%",0
2026-01-01T15:29:35Z,GRID_PASS,100.0,0.0,"Baseline UPS logic. V: 0.970, SOC: 100.0%",0
2026-01-01T15:29:40Z,ISLAND,100.0,0.0,"Baseline UPS logic. V: 0.935, SOC: 100.0%",0
2026-01-01T15:29:45Z,GRID_PASS,100.0,0.0,"Baseline UPS logic. V: 0.965, SOC: 100.0%",0
2026-01-01T15:29:50Z,GRID_PASS,100.0,0.0,"Baseline UPS logic. V: 1.035, SOC: 100.0%",0
2026-01-01T15:29:55Z,GRID_PASS,100.0,0.0,"Baseline UPS logic. V: 0.992, SOC: 100.0%",0
2026-01-01T15:30:00Z,ISLAND,100.0,0.0,"Baseline UPS logic. V: 0.878, SOC: 100.0%",0
2026-01-01T15:30:05Z,GRID_PASS,100.0,0.0,"Baseline UPS logic. V: 0.953, SOC: 100.0%",0
2026-01-01T15:30:10Z,GRID_PASS,100.0,0.0,"Baseline UPS logic. V: 1.053, SOC: 100.0%",0
2026-01-01T15:30:15Z,GRID_PASS,100.0,0.0,"Baseline UPS logic. V: 0.953, SOC: 100.0%",0
2026-01-01T15:30:20Z,ISLAND,100.0,0.0,"Baseline UPS logic. V: 0.874, SOC: 100.0%",0
2026-01-01T15:30:25Z,GRID_PASS,100.0,0.0,"Baseline UPS logic. V: 1.059, SOC: 100.0%",0
2026-01-01T15:30:30Z,GRID_PASS,100.0,0.0,"Baseline UPS logic. V: 0.998, SOC: 100.0%",0
2026-01-01T15:30:35Z,GRID_PASS,100.0,0.0,"Baseline UPS logic. V: 0.960, SOC: 100.0%",0
2026-01-01T15:30:40Z,GRID_PASS,100.0,0.0,"Baseline UPS logic. V: 0.945, SOC: 100.0%",0
2026-01-01T15:30:45Z,GRID_PASS,100.0,0.0,"Baseline UPS logic. V: 1.018, SOC: 100.0%",0
2026-01-01T15:30:50Z,ISLAND,100.0,0.0,"Baseline UPS logic. V: 0.937, SOC: 100.0%",0
2026-01-01T15:30:55Z,GRID_PASS,100.0,0.0,"Baseline UPS logic. V: 1.021, SOC: 100.0%",0
2026-01-01T15:31:00Z,GRID_PASS,100.0,0.0,"Baseline UPS logic. V: 0.991, SOC: 100.0%",0
2026-01-01T15:31:05Z,GRID_PASS,100.0,0.0,"Baseline UPS logic. V: 0.976, SOC: 100.0%",0
2026-01-01T15:31:10Z,GRID_PASS,100.0,0.0,"Baseline UPS logic. V: 0.971, SOC: 100.0%",0
2026-01-01T15:31:15Z,GRID_PASS,100.0,0.0,"Baseline UPS logic. V: 0.955, SOC: 100.0%",0
2026-01-01T15:31:20Z,GRID_PASS,100.0,0.0,"Baseline UPS logic. V: 1.016, SOC: 100.0%",0
2026-01-01T15:31:25Z,ISLAND,100.0,0.0,"Baseline UPS logic. V: 0.920, SOC: 100.0%",0
2026-01-01T15:31:30Z,ISLAND,100.0,0.0,"Baseline UPS logic. V: 0.883, SOC: 100.0%",0
2026-01-01T15:31:35Z,GRID_PASS,100.0,0.0,"Baseline UPS logic. V: 0.994, SOC: 100.0%",0
2026-01-01T15:31:40Z,GRID_PASS,100.0,0.0,"Baseline UPS logic. V: 0.995, SOC: 100.0%",0
2026-01-01T15:31:45Z,GRID_PASS,100.0,0.0,"Baseline UPS logic. V: 0.988, SOC: 100.0%",0
2026-01-01T15:31:50Z,GRID_PASS,100.0,0.0,"Baseline UPS logic. V: 0.984, SOC: 100.0%",0
2026-01-01T15:31:55Z,GRID_PASS,100.0,0.0,"Baseline UPS logic. V: 0.948, SOC: 100.0%",0
2026-01-01T15:32:00Z,GRID_PASS,100.0,0.0,"Baseline UPS logic. V: 1.003, SOC: 100.0%",0
2026-01-01T15:32:05Z,GRID_PASS,100.0,0.0,"Baseline UPS logic. V: 0.961, SOC: 100.0%",0
2026-01-01T15:32:10Z,ISLAND,100.0,0.0,"Baseline UPS logic. V: 0.939, SOC: 100.0%",0
2026-01-01T15:32:15Z,GRID_PASS,100.0,0.0,"Baseline UPS logic. V: 0.948, SOC: 100.0%",0
2026-01-01T15:32:20Z,GRID_PASS,100.0,0.0,"Baseline UPS logic. V: 1.065, SOC: 100.0%",0
2026-01-01T15:32:25Z,ISLAND,100.0,0.0,"Baseline UPS logic. V: 0.877, SOC: 100.0%",0
2026-01-01T15:32:30Z,GRID_PASS,100.0,0.0,"Baseline UPS logic. V: 0.989, SOC: 100.0%",0
2026-01-01T15:32:35Z,ISLAND,100.0,0.0,"Baseline UPS logic. V: 0.880, SOC: 100.0%",0
2026-01-01T15:32:40Z,GRID_PASS,100.0,0.0,"Baseline UPS logic. V: 0.958, SOC: 100.0%",0
2026-01-01T15:32:45Z,GRID_PASS,100.0,0.0,"Baseline UPS logic. V: 0.942, SOC: 100.0%",0
2026-01-01T15:32:50Z,ISLAND,100.0,0.0,"Baseline UPS logic. V: 0.859, SOC: 100.0%",0
2026-01-01T15:32:55Z,GRID_PASS,100.0,0.0,"Baseline UPS logic. V: 0.983, SOC: 100.0%",0
2026-01-01T15:33:00Z,GRID_PASS,100.0,0.0,"Baseline UPS logic. V: 0.944, SOC: 100.0%",0
2026-01-01T15:33:05Z,ISLAND,100.0,0.0,"Baseline UPS logic. V: 0.859, SOC: 100.0%",0
2026-01-01T15:33:10Z,GRID_PASS,100.0,0.0,"Baseline UPS logic. V: 1.006, SOC: 100.0%",0
2026-01-01T15:33:15Z,GRID_PASS,100.0,0.0,"Baseline UPS logic. V: 1.035, SOC: 100.0%",0
2026-01-01T15:33:20Z,GRID_PASS,100.0,0.0,"Baseline UPS logic. V: 1.038, SOC: 100.0%",0
2026-01-01T15:33:25Z,GRID_PASS,100.0,0.0,"Baseline UPS logic. V: 0.982, SOC: 100.0%",0
2026-01-01T15:33:30Z,GRID_PASS,100.0,0.0,"Baseline UPS logic. V: 0.966, SOC: 100.0%",0
2026-01-01T15:33:35Z,GRID_PASS,100.0,0.0,"Baseline UPS logic. V: 1.030, SOC: 100.0%",0
2026-01-01T15:33:40Z,GRID_PASS,100.0,0.0,"Baseline UPS logic. V: 1.048, SOC: 100.0%",0
2026-01-01T15:33:45Z,GRID_PASS,100.0,0.0,"Baseline UPS logic. V: 1.020, SOC: 100.0%",0
2026-01-01T15:33:50Z,ISLAND,100.0,0.0,"Baseline UPS logic. V: 0.917, SOC: 100.0%",0
2026-01-01T15:33:55Z,GRID_PASS,100.0,0.0,"Baseline UPS logic. V: 0.974, SOC: 100.0%",0
2026-01-01T15:34:00Z,GRID_PASS,100.0,0.0,"Baseline UPS logic. V: 0.985, SOC: 100.0%",0
2026-01-01T15:34:05Z,ISLAND,100.0,0.0,"Baseline UPS logic. V: 0.873, SOC: 100.0%",0
2026-01-01T15:34:10Z,GRID_PASS,100.0,0.0,"Baseline UPS logic. V: 0.987, SOC: 100.0%",0
2026-01-01T15:34:15Z,GRID_PASS,100.0,0.0,"Baseline UPS logic. V: 1.077, SOC: 100.0%",0
2026-01-01T15:34:20Z,GRID_PASS,100.0,0.0,"Baseline UPS logic. V: 0.995, SOC: 100.0%",0
2026-01-01T15:34:25Z,GRID_PASS,100.0,0.0,"Baseline UPS logic. V: 1.037, SOC: 100.0%",0
2026-01-01T15:34:30Z,GRID_PASS,100.0,0.0,"Baseline UPS logic. V: 0.973, SOC: 100.0%",0
2026-01-01T15:34:35Z,GRID_PASS,100.0,0.0,"Baseline UPS logic. V: 0.960, SOC: 100.0%",0
2026-01-01T15:34:40Z,GRID_PASS,100.0,0.0,"Baseline UPS logic. V: 0.983, SOC: 100.0%",0
2026-01-01T15:34:45Z,ISLAND,100.0,0.0,"Baseline UPS logic. V: 0.923, SOC: 100.0%",0
2026-01-01T15:34:50Z,ISLAND,100.0,0.0,"Baseline UPS logic. V: 0.915, SOC: 100.0%",0
2026-01-01T15:34:55Z,GRID_PASS,100.0,0.0,"Baseline UPS logic. V: 1.027, SOC: 100.0%",0
2026-01-01T15:35:00Z,GRID_PASS,100.0,0.0,"Baseline UPS logic. V: 1.032, SOC: 100.0%",0
2026-01-01T15:35:05Z,ISLAND,100.0,0.0,"Baseline UPS logic. V: 0.914, SOC: 100.0%",0
2026-01-01T15:35:10Z,GRID_PASS,100.0,0.0,"Baseline UPS logic. V: 1.012, SOC: 100.0%",0
2026-01-01T15:35:15Z,GRID_PASS,100.0,0.0,"Baseline UPS logic. V: 0.959, SOC: 100.0%",0
2026-01-01T15:35:20Z,GRID_PASS,100.0,0.0,"Baseline UPS logic. V: 0.980, SOC: 100.0%",0
2026-01-01T15:35:25Z,GRID_PASS,100.0,0.0,"Baseline UPS logic. V: 0.986, SOC: 100.0%",0
2026-01-01T15:35:30Z,GRID_PASS,100.0,0.0,"Baseline UPS logic. V: 1.013, SOC: 100.0%",0
2026-01-01T15:35:35Z,GRID_PASS,100.0,0.0,"Baseline UPS logic. V: 0.968, SOC: 100.0%",0
2026-01-01T15:35:40Z,GRID_PASS,100.0,0.0,"Baseline UPS logic. V: 1.034, SOC: 100.0%",0
2026-01-01T15:35:45Z,GRID_PASS,100.0,0.0,"Baseline UPS logic. V: 0.979, SOC: 100.0%",0
2026-01-01T15:35:50Z,GRID_PASS,100.0,0.0,"Baseline UPS logic. V: 0.995, SOC: 100.0%",0
2026-01-01T15:35:55Z,ISLAND,100.0,0.0,"Baseline UPS logic. V: 0.922, SOC: 100.0%",0
2026-01-01T15:36:00Z,GRID_PASS,100.0,0.0,"Baseline UPS logic. V: 1.071, SOC: 100.0%",0
2026-01-01T15:36:05Z,GRID_PASS,100.0,0.0,"Baseline UPS logic. V: 0.987, SOC: 100.0%",0
2026-01-01T15:36:10Z,GRID_PASS,100.0,0.0,"Baseline UPS logic. V: 0.999, SOC: 100.0%",0
2026-01-01T15:36:15Z,ISLAND,100.0,0.0,"Baseline UPS logic. V: 0.883, SOC: 100.0%",0
2026-01-01T15:36:20Z,ISLAND,100.0,0.0,"Baseline UPS logic. V: 0.922, SOC: 100.0%",0
2026-01-01T15:36:25Z,GRID_PASS,100.0,0.0,"Baseline UPS logic. V: 1.025, SOC: 100.0%",0
2026-01-01T15:36:30Z,GRID_PASS,100.0,0.0,"Baseline UPS logic. V: 0.978, SOC: 100.0%",0
2026-01-01T15:36:35Z,ISLAND,100.0,0.0,"Baseline UPS logic. V: 0.868, SOC: 100.0%",0
2026-01-01T15:36:40Z,GRID_PASS,100.0,0.0,"Baseline UPS logic. V: 1.015, SOC: 100.0%",0
2026-01-01T15:36:45Z,ISLAND,100.0,0.0,"Baseline UPS logic. V: 0.936, SOC: 100.0%",0
2026-01-01T15:36:50Z,GRID_PASS,100.0,0.0,"Baseline UPS logic. V: 1.034, SOC: 100.0%",0
2026-01-01T15:36:55Z,GRID_PASS,100.0,0.0,"Baseline UPS logic. V: 0.959, SOC: 100.0%",0
2026-01-01T15:37:00Z,GRID_PASS,100.0,0.0,"Baseline UPS logic. V: 0.974, SOC: 100.0%",0
2026-01-01T15:37:05Z,GRID_PASS,100.0,0.0,"Baseline UPS logic. V: 1.022, SOC: 100.0%",0
2026-01-01T15:37:10Z,ISLAND,100.0,0.0,"Baseline UPS logic. V: 0.918, SOC: 100.0%",0
2026-01-01T15:37:15Z,ISLAND,100.0,0.0,"Baseline UPS logic. V: 0.914, SOC: 100.0%",0
2026-01-01T15:37:20Z,GRID_PASS,100.0,0.0,"Baseline UPS logic. V: 0.953, SOC: 100.0%",0
2026-01-01T15:37:25Z,GRID_PASS,100.0,0.0,"Baseline UPS logic. V: 1.004, SOC: 100.0%",0
2026-01-01T15:37:30Z,ISLAND,100.0,0.0,"Baseline UPS logic. V: 0.897, SOC: 100.0%",0
2026-01-01T15:37:35Z,ISLAND,100.0,0.0,"Baseline UPS logic. V: 0.880, SOC: 100.0%",0
2026-01-01T15:37:40Z,GRID_PASS,100.0,0.0,"Baseline UPS logic. V: 1.004, SOC: 100.0%",0
2026-01-01T15:37:45Z,ISLAND,100.0,0.0,"Baseline UPS logic. V: 0.933, SOC: 100.0%",0
2026-01-01T15:37:50Z,GRID_PASS,100.0,0.0,"Baseline UPS logic. V: 0.944, SOC: 100.0%",0
2026-01-01T15:37:55Z,ISLAND,100.0,0.0,"Baseline UPS logic. V: 0.870, SOC: 100.0%",0
2026-01-01T15:38:00Z,ISLAND,100.0,0.0,"Baseline UPS logic. V: 0.929, SOC: 100.0%",0
2026-01-01T15:38:05Z,GRID_PASS,100.0,0.0,"Baseline UPS logic. V: 0.963, SOC: 100.0%",0
2026-01-01T15:38:10Z,GRID_PASS,100.0,0.0,"Baseline UPS logic. V: 1.010, SOC: 100.0%",0
2026-01-01T15:38:15Z,ISLAND,100.0,0.0,"Baseline UPS logic. V: 0.925, SOC: 100.0%",0
2026-01-01T15:38:20Z,GRID_PASS,100.0,0.0,"Baseline UPS logic. V: 1.046, SOC: 100.0%",0
2026-01-01T15:38:25Z,ISLAND,100.0,0.0,"Baseline UPS logic. V: 0.929, SOC: 100.0%",0
2026-01-01T15:38:30Z,ISLAND,100.0,0.0,"Baseline UPS logic. V: 0.929, SOC: 100.0%",0
2026-01-01T15:38:35Z,GRID_PASS,100.0,0.0,"Baseline UPS logic. V: 1.040, SOC: 100.0%",0
2026-01-01T15:38:40Z,GRID_PASS,100.0,0.0,"Baseline UPS logic. V: 0.974, SOC: 100.0%",0
2026-01-01T15:38:45Z,ISLAND,100.0,0.0,"Baseline UPS logic. V: 0.936, SOC: 100.0%",0
2026-01-01T15:38:50Z,GRID_PASS,100.0,0.0,"Baseline UPS logic. V: 0.956, SOC: 100.0%",0
2026-01-01T15:38:55Z,GRID_PASS,100.0,0.0,"Baseline UPS logic. V: 1.031, SOC: 100.0%",0
2026-01-01T15:39:00Z,GRID_PASS,100.0,0.0,"Baseline UPS logic. V: 1.036, SOC: 100.0%",0
2026-01-01T15:39:05Z,ISLAND,100.0,0.0,"Baseline UPS logic. V: 0.922, SOC: 100.0%",0
2026-01-01T15:39:10Z,GRID_PASS,100.0,0.0,"Baseline UPS logic. V: 0.961, SOC: 100.0%",0
2026-01-01T15:39:15Z,GRID_PASS,100.0,0.0,"Baseline UPS logic. V: 0.967, SOC: 100.0%",0
2026-01-01T15:39:20Z,ISLAND,100.0,0.0,"Baseline UPS logic. V: 0.914, SOC: 100.0%",0
2026-01-01T15:39:25Z,GRID_PASS,100.0,0.0,"Baseline UPS logic. V: 0.960, SOC: 100.0%",0
2026-01-01T15:39:30Z,GRID_PASS,100.0,0.0,"Baseline UPS logic. V: 0.963, SOC: 100.0%",0
2026-01-01T15:39:35Z,GRID_PASS,100.0,0.0,"Baseline UPS logic. V: 1.020, SOC: 100.0%",0
2026-01-01T15:39:40Z,GRID_PASS,100.0,0.0,"Baseline UPS logic. V: 1.023, SOC: 100.0%",0
2026-01-01T15:39:45Z,GRID_PASS,100.0,0.0,"Baseline UPS logic. V: 0.947, SOC: 100.0%",0
2026-01-01T15:39:50Z,GRID_PASS,100.0,0.0,"Baseline UPS logic. V: 0.952, SOC: 100.0%",0
2026-01-01T15:39:55Z,GRID_PASS,100.0,0.0,"Baseline UPS logic. V: 0.996, SOC: 100.0%",0
2026-01-01T15:40:00Z,ISLAND,100.0,0.0,"Baseline UPS logic. V: 0.934, SOC: 100.0%",0
2026-01-01T15:40:05Z,GRID_PASS,100.0,0.0,"Baseline UPS logic. V: 0.993, SOC: 100.0%",0
2026-01-01T15:40:10Z,GRID_PASS,100.0,0.0,"Baseline UPS logic. V: 0.958, SOC: 100.0%",0
2026-01-01T15:40:15Z,ISLAND,100.0,0.0,"Baseline UPS logic. V: 0.915, SOC: 100.0%",0
2026-01-01T15:40:20Z,ISLAND,100.0,0.0,"Baseline UPS logic. V: 0.915, SOC: 100.0%",0
2026-01-01T15:40:25Z,GRID_PASS,100.0,0.0,"Baseline UPS logic. V: 1.035, SOC: 100.0%",0
2026-01-01T15:40:30Z,GRID_PASS,100.0,0.0,"Baseline UPS logic. V: 0.955, SOC: 100.0%",0
2026-01-01T15:40:35Z,GRID_PASS,100.0,0.0,"Baseline UPS logic. V: 1.045, SOC: 100.0%",0
2026-01-01T15:40:40Z,ISLAND,100.0,0.0,"Baseline UPS logic. V: 0.937, SOC: 100.0%",0
2026-01-01T15:40:45Z,GRID_PASS,100.0,0.0,"Baseline UPS logic. V: 0.978, SOC: 100.0%",0
2026-01-01T15:40:50Z,GRID_PASS,100.0,0.0,"Baseline UPS logic. V: 1.082, SOC: 100.0%",0
2026-01-01T15:40:55Z,ISLAND,100.0,0.0,"Baseline UPS logic. V: 0.910, SOC: 100.0%",0
2026-01-01T15:41:00Z,ISLAND,100.0,0.0,"Baseline UPS logic. V: 0.868, SOC: 100.0%",0
2026-01-01T15:41:05Z,GRID_PASS,100.0,0.0,"Baseline UPS logic. V: 1.027, SOC: 100.0%",0
2026-01-01T15:41:10Z,ISLAND,100.0,0.0,"Baseline UPS logic. V: 0.921, SOC: 100.0%",0
2026-01-01T15:41:15Z,GRID_PASS,100.0,0.0,"Baseline UPS logic. V: 0.962, SOC: 100.0%",0
2026-01-01T15:41:20Z,ISLAND,100.0,0.0,"Baseline UPS logic. V: 0.933, SOC: 100.0%",0
2026-01-01T15:41:25Z,GRID_PASS,100.0,0.0,"Baseline UPS logic. V: 0.976, SOC: 100.0%",0
2026-01-01T15:41:30Z,ISLAND,100.0,0.0,"Baseline UPS logic. V: 0.915, SOC: 100.0%",0
2026-01-01T15:41:35Z,GRID_PASS,100.0,0.0,"Baseline UPS logic. V: 0.954, SOC: 100.0%",0
2026-01-01T15:41:40Z,GRID_PASS,100.0,0.0,"Baseline UPS logic. V: 0.985, SOC: 100.0%",0
2026-01-01T15:41:45Z,ISLAND,100.0,0.0,"Baseline UPS logic. V: 0.913, SOC: 100.0%",0
2026-01-01T15:41:50Z,ISLAND,100.0,0.0,"Baseline UPS logic. V: 0.928, SOC: 100.0%",0
2026-01-01T15:41:55Z,GRID_PASS,100.0,0.0,"Baseline UPS logic. V: 0.945, SOC: 100.0%",0
2026-01-01T15:42:00Z,ISLAND,100.0,0.0,"Baseline UPS logic. V: 0.891, SOC: 100.0%",0
2026-01-01T15:42:05Z,GRID_PASS,100.0,0.0,"Baseline UPS logic. V: 0.942, SOC: 100.0%",0
2026-01-01T15:42:10Z,GRID_PASS,100.0,0.0,"Baseline UPS logic. V: 0.969, SOC: 100.0%",0
2026-01-01T15:42:15Z,GRID_PASS,100.0,0.0,"Baseline UPS logic. V: 0.943, SOC: 100.0%",0
2026-01-01T15:42:20Z,GRID_PASS,100.0,0.0,"Baseline UPS logic. V: 0.949, SOC: 100.0%",0
2026-01-01T15:42:25Z,GRID_PASS,100.0,0.0,"Baseline UPS logic. V: 0.962, SOC: 100.0%",0
2026-01-01T15:42:30Z,ISLAND,100.0,0.0,"Baseline UPS logic. V: 0.930, SOC: 100.0%",0
2026-01-01T15:42:35Z,GRID_PASS,100.0,0.0,"Baseline UPS logic. V: 0.998, SOC: 100.0%",0
2026-01-01T15:42:40Z,GRID_PASS,100.0,0.0,"Baseline UPS logic. V: 1.034, SOC: 100.0%",0
2026-01-01T15:42:45Z,ISLAND,100.0,0.0,"Baseline UPS logic. V: 0.940, SOC: 100.0%",0
2026-01-01T15:42:50Z,GRID_PASS,100.0,0.0,"Baseline UPS logic. V: 0.987, SOC: 100.0%",0
2026-01-01T15:42:55Z,GRID_PASS,100.0,0.0,"Baseline UPS logic. V: 0.951, SOC: 100.0%",0
2026-01-01T15:43:00Z,GRID_PASS,100.0,0.0,"Baseline UPS logic. V: 0.981, SOC: 100.0%",0
2026-01-01T15:43:05Z,GRID_PASS,100.0,0.0,"Baseline UPS logic. V: 1.041, SOC: 100.0%",0
2026-01-01T15:43:10Z,GRID_PASS,100.0,0.0,"Baseline UPS logic. V: 0.988, SOC: 100.0%",0
2026-01-01T15:43:15Z,ISLAND,100.0,0.0,"Baseline UPS logic. V: 0.874, SOC: 100.0%",0
2026-01-01T15:43:20Z,GRID_PASS,100.0,0.0,"Baseline UPS logic. V: 0.986, SOC: 100.0%",0
2026-01-01T15:43:25Z,GRID_PASS,100.0,0.0,"Baseline UPS logic. V: 1.024, SOC: 100.0%",0
2026-01-01T15:43:30Z,GRID_PASS,100.0,0.0,"Baseline UPS logic. V: 0.952, SOC: 100.0%",0
2026-01-01T15:43:35Z,GRID_PASS,100.0,0.0,"Baseline UPS logic. V: 1.013, SOC: 100.0%",0
2026-01-01T15:43:40Z,ISLAND,100.0,0.0,"Baseline UPS logic. V: 0.928, SOC: 100.0%",0
2026-01-01T15:43:45Z,ISLAND,100.0,0.0,"Baseline UPS logic. V: 0.889, SOC: 100.0%",0
2026-01-01T15:43:50Z,GRID_PASS,100.0,0.0,"Baseline UPS logic. V: 0.970, SOC: 100.0%",0
2026-01-01T15:43:55Z,ISLAND,100.0,0.0,"Baseline UPS logic. V: 0.875, SOC: 100.0%",0
2026-01-01T15:44:00Z,GRID_PASS,100.0,0.0,"Baseline UPS logic. V: 0.951, SOC: 100.0%",0
2026-01-01T15:44:05Z,GRID_PASS,100.0,0.0,"Baseline UPS logic. V: 1.027, SOC: 100.0%",0
2026-01-01T15:44:10Z,ISLAND,100.0,0.0,"Baseline UPS logic. V: 0.867, SOC: 100.0%",0
2026-01-01T15:44:15Z,ISLAND,100.0,0.0,"Baseline UPS logic. V: 0.899, SOC: 100.0%",0
2026-01-01T15:44:20Z,ISLAND,100.0,0.0,"Baseline UPS logic. V: 0.911, SOC: 100.0%",0
2026-01-01T15:44:25Z,GRID_PASS,100.0,0.0,"Baseline UPS logic. V: 0.959, SOC: 100.0%",0
2026-01-01T15:44:30Z,GRID_PASS,100.0,0.0,"Baseline UPS logic. V: 0.944, SOC: 100.0%",0
2026-01-01T15:44:35Z,GRID_PASS,100.0,0.0,"Baseline UPS logic. V: 1.033, SOC: 100.0%",0
2026-01-01T15:44:40Z,GRID_PASS,100.0,0.0,"Baseline UPS logic. V: 1.010, SOC: 100.0%",0
2026-01-01T15:44:45Z,GRID_PASS,100.0,0.0,"Baseline UPS logic. V: 0.987, SOC: 100.0%",0
2026-01-01T15:44:50Z,GRID_PASS,100.0,0.0,"Baseline UPS logic. V: 0.970, SOC: 100.0%",0
2026-01-01T15:44:55Z,GRID_PASS,100.0,0.0,"Baseline UPS logic. V: 0.982, SOC: 100.0%",0
2026-01-01T15:45:00Z,ISLAND,100.0,0.0,"Baseline UPS logic. V: 0.920, SOC: 100.0%",0
2026-01-01T15:45:05Z,GRID_PASS,100.0,0.0,"Baseline UPS logic. V: 1.006, SOC: 100.0%",0
2026-01-01T15:45:10Z,ISLAND,100.0,0.0,"Baseline UPS logic. V: 0.907, SOC: 100.0%",0
2026-01-01T15:45:15Z,GRID_PASS,100.0,0.0,"Baseline UPS logic. V: 1.004, SOC: 100.0%",0
2026-01-01T15:45:20Z,GRID_PASS,100.0,0.0,"Baseline UPS logic. V: 1.022, SOC: 100.0%",0
2026-01-01T15:45:25Z,GRID_PASS,100.0,0.0,"Baseline UPS logic. V: 0.973, SOC: 100.0%",0
2026-01-01T15:45:30Z,GRID_PASS,100.0,0.0,"Baseline UPS logic. V: 0.954, SOC: 100.0%",0
2026-01-01T15:45:35Z,GRID_PASS,100.0,0.0,"Baseline UPS logic. V: 0.983, SOC: 100.0%",0
2026-01-01T15:45:40Z,ISLAND,100.0,0.0,"Baseline UPS logic. V: 0.820, SOC: 100.0%",0
2026-01-01T15:45:45Z,GRID_PASS,100.0,0.0,"Baseline UPS logic. V: 0.978, SOC: 100.0%",0
2026-01-01T15:45:50Z,GRID_PASS,100.0,0.0,"Baseline UPS logic. V: 0.957, SOC: 100.0%",0
2026-01-01T15:45:55Z,GRID_PASS,100.0,0.0,"Baseline UPS logic. V: 0.960, SOC: 100.0%",0
2026-01-01T15:46:00Z,GRID_PASS,100.0,0.0,"Baseline UPS logic. V: 0.998, SOC: 100.0%",0
2026-01-01T15:46:05Z,GRID_PASS,100.0,0.0,"Baseline UPS logic. V: 0.959, SOC: 100.0%",0
2026-01-01T15:46:10Z,ISLAND,100.0,0.0,"Baseline UPS logic. V: 0.906, SOC: 100.0%",0
2026-01-01T15:46:15Z,GRID_PASS,100.0,0.0,"Baseline UPS logic. V: 0.956, SOC: 100.0%",0
2026-01-01T15:46:20Z,GRID_PASS,100.0,0.0,"Baseline UPS logic. V: 0.966, SOC: 100.0%",0
2026-01-01T15:46:25Z,GRID_PASS,100.0,0.0,"Baseline UPS logic. V: 0.968, SOC: 100.0%",0
2026-01-01T15:46:30Z,GRID_PASS,100.0,0.0,"Baseline UPS logic. V: 0.971, SOC: 100.0%",0
2026-01-01T15:46:35Z,GRID_PASS,100.0,0.0,"Baseline UPS logic. V: 1.015, SOC: 100.0%",0
2026-01-01T15:46:40Z,ISLAND,100.0,0.0,"Baseline UPS logic. V: 0.908, SOC: 100.0%",0
2026-01-01T15:46:45Z,GRID_PASS,100.0,0.0,"Baseline UPS logic. V: 0.971, SOC: 100.0%",0
2026-01-01T15:46:50Z,GRID_PASS,100.0,0.0,"Baseline UPS logic. V: 1.027, SOC: 100.0%",0
2026-01-01T15:46:55Z,ISLAND,100.0,0.0,"Baseline UPS logic. V: 0.876, SOC: 100.0%",0
2026-01-01T15:47:00Z,GRID_PASS,100.0,0.0,"Baseline UPS logic. V: 0.972, SOC: 100.0%",0
2026-01-01T15:47:05Z,ISLAND,100.0,0.0,"Baseline UPS logic. V: 0.933, SOC: 100.0%",0
2026-01-01T15:47:10Z,GRID_PASS,100.0,0.0,"Baseline UPS logic. V: 0.944, SOC: 100.0%",0
2026-01-01T15:47:15Z,ISLAND,100.0,0.0,"Baseline UPS logic. V: 0.917, SOC: 100.0%",0
2026-01-01T15:47:20Z,GRID_PASS,100.0,0.0,"Baseline UPS logic. V: 0.954, SOC: 100.0%",0
2026-01-01T15:47:25Z,GRID_PASS,100.0,0.0,"Baseline UPS logic. V: 1.054, SOC: 100.0%",0
2026-01-01T15:47:30Z,ISLAND,100.0,0.0,"Baseline UPS logic. V: 0.899, SOC: 100.0%",0
2026-01-01T15:47:35Z,ISLAND,100.0,0.0,"Baseline UPS logic. V: 0.904, SOC: 100.0%",0
2026-01-01T15:47:40Z,ISLAND,100.0,0.0,"Baseline UPS logic. V: 0.897, SOC: 100.0%",0
2026-01-01T15:47:45Z,GRID_PASS,100.0,0.0,"Baseline UPS logic. V: 1.049, SOC: 100.0%",0
2026-01-01T15:47:50Z,ISLAND,100.0,0.0,"Baseline UPS logic. V: 0.939, SOC: 100.0%",0
2026-01-01T15:47:55Z,GRID_PASS,100.0,0.0,"Baseline UPS logic. V: 0.961, SOC: 100.0%",0
2026-01-01T15:48:00Z,GRID_PASS,100.0,0.0,"Baseline UPS logic. V: 0.942, SOC: 100.0%",0
2026-01-01T15:48:05Z,ISLAND,100.0,0.0,"Baseline UPS logic. V: 0.915, SOC: 100.0%",0
2026-01-01T15:48:10Z,GRID_PASS,100.0,0.0,"Baseline UPS logic. V: 0.951, SOC: 100.0%",0
2026-01-01T15:48:15Z,GRID_PASS,100.0,0.0,"Baseline UPS logic. V: 1.085, SOC: 100.0%",0
2026-01-01T15:48:20Z,GRID_PASS,100.0,0.0,"Baseline UPS logic. V: 1.032, SOC: 100.0%",0
2026-01-01T15:48:25Z,ISLAND,100.0,0.0,"Baseline UPS logic. V: 0.920, SOC: 100.0%",0
2026-01-01T15:48:30Z,GRID_PASS,100.0,0.0,"Baseline UPS logic. V: 0.995, SOC: 100.0%",0
2026-01-01T15:48:35Z,ISLAND,100.0,0.0,"Baseline UPS logic. V: 0.921, SOC: 100.0%",0
2026-01-01T15:48:40Z,ISLAND,100.0,0.0,"Baseline UPS logic. V: 0.874, SOC: 100.0%",0
2026-01-01T15:48:45Z,GRID_PASS,100.0,0.0,"Baseline UPS logic. V: 1.013, SOC: 100.0%",0
2026-01-01T15:48:50Z,GRID_PASS,100.0,0.0,"Baseline UPS logic. V: 1.020, SOC: 100.0%",0
2026-01-01T15:48:55Z,GRID_PASS,100.0,0.0,"Baseline UPS logic. V: 1.015, SOC: 100.0%",0
2026-01-01T15:49:00Z,ISLAND,100.0,0.0,"Baseline UPS logic. V: 0.939, SOC: 100.0%",0
2026-01-01T15:49:05Z,GRID_PASS,100.0,0.0,"Baseline UPS logic. V: 0.954, SOC: 100.0%",0
2026-01-01T15:49:10Z,GRID_PASS,100.0,0.0,"Baseline UPS logic. V: 1.000, SOC: 100.0%",0
2026-01-01T15:49:15Z,GRID_PASS,100.0,0.0,"Baseline UPS logic. V: 0.982, SOC: 100.0%",0
2026-01-01T15:49:20Z,GRID_PASS,100.0,0.0,"Baseline UPS logic. V: 0.943, SOC: 100.0%",0
2026-01-01T15:49:25Z,ISLAND,100.0,0.0,"Baseline UPS logic. V: 0.881, SOC: 100.0%",0
2026-01-01T15:49:30Z,GRID_PASS,100.0,0.0,"Baseline UPS logic. V: 0.968, SOC: 100.0%",0
2026-01-01T15:49:35Z,GRID_PASS,100.0,0.0,"Baseline UPS logic. V: 1.016, SOC: 100.0%",0
2026-01-01T15:49:40Z,ISLAND,100.0,0.0,"Baseline UPS logic. V: 0.902, SOC: 100.0%",0
2026-01-01T15:49:45Z,GRID_PASS,100.0,0.0,"Baseline UPS logic. V: 0.994, SOC: 100.0%",0
2026-01-01T15:49:50Z,GRID_PASS,100.0,0.0,"Baseline UPS logic. V: 0.979, SOC: 100.0%",0
2026-01-01T15:49:55Z,GRID_PASS,100.0,0.0,"Baseline UPS logic. V: 1.000, SOC: 100.0%",0
2026-01-01T15:50:00Z,GRID_PASS,100.0,0.0,"Baseline UPS logic. V: 1.006, SOC: 100.0%",0
2026-01-01T15:50:05Z,ISLAND,100.0,0.0,"Baseline UPS logic. V: 0.927, SOC: 100.0%",0
2026-01-01T15:50:10Z,ISLAND,100.0,0.0,"Baseline UPS logic. V: 0.881, SOC: 100.0%",0
2026-01-01T15:50:15Z,ISLAND,100.0,0.0,"Baseline UPS logic. V: 0.935, SOC: 100.0%",0
2026-01-01T15:50:20Z,GRID_PASS,100.0,0.0,"Baseline UPS logic. V: 1.006, SOC: 100.0%",0
2026-01-01T15:50:25Z,ISLAND,100.0,0.0,"Baseline UPS logic. V: 0.935, SOC: 100.0%",0
2026-01-01T15:50:30Z,ISLAND,100.0,0.0,"Baseline UPS logic. V: 0.928, SOC: 100.0%",0
2026-01-01T15:50:35Z,ISLAND,100.0,0.0,"Baseline UPS logic. V: 0.871, SOC: 100.0%",0
2026-01-01T15:50:40Z,GRID_PASS,100.0,0.0,"Baseline UPS logic. V: 1.050, SOC: 100.0%",0
2026-01-01T15:50:45Z,GRID_PASS,100.0,0.0,"Baseline UPS logic. V: 1.003, SOC: 100.0%",0
2026-01-01T15:50:50Z,GRID_PASS,100.0,0.0,"Baseline UPS logic. V: 1.001, SOC: 100.0%",0
2026-01-01T15:50:55Z,GRID_PASS,100.0,0.0,"Baseline UPS logic. V: 1.011, SOC: 100.0%",0
2026-01-01T15:51:00Z,GRID_PASS,100.0,0.0,"Baseline UPS logic. V: 0.991, SOC: 100.0%",0
2026-01-01T15:51:05Z,GRID_PASS,100.0,0.0,"Baseline UPS logic. V: 0.950, SOC: 100.0%",0
2026-01-01T15:51:10Z,GRID_PASS,100.0,0.0,"Baseline UPS logic. V: 0.954, SOC: 100.0%",0
2026-01-01T15:51:15Z,GRID_PASS,100.0,0.0,"Baseline UPS logic. V: 0.941, SOC: 100.0%",0
2026-01-01T15:51:20Z,GRID_PASS,100.0,0.0,"Baseline UPS logic. V: 1.094, SOC: 100.0%",0
2026-01-01T15:51:25Z,GRID_PASS,100.0,0.0,"Baseline UPS logic. V: 0.990, SOC: 100.0%",0
2026-01-01T15:51:30Z,ISLAND,100.0,0.0,"Baseline UPS logic. V: 0.939, SOC: 100.0%",0
2026-01-01T15:51:35Z,GRID_PASS,100.0,0.0,"Baseline UPS logic. V: 0.985, SOC: 100.0%",0
2026-01-01T15:51:40Z,ISLAND,100.0,0.0,"Baseline UPS logic. V: 0.911, SOC: 100.0%",0
2026-01-01T15:51:45Z,GRID_PASS,100.0,0.0,"Baseline UPS logic. V: 1.037, SOC: 100.0%",0
2026-01-01T15:51:50Z,ISLAND,100.0,0.0,"Baseline UPS logic. V: 0.929, SOC: 100.0%",0
2026-01-01T15:51:55Z,GRID_PASS,100.0,0.0,"Baseline UPS logic. V: 0.987, SOC: 100.0%",0
2026-01-01T15:52:00Z,GRID_PASS,100.0,0.0,"Baseline UPS logic. V: 1.015, SOC: 100.0%",0
2026-01-01T15:52:05Z,GRID_PASS,100.0,0.0,"Baseline UPS logic. V: 0.981, SOC: 100.0%",0
2026-01-01T15:52:10Z,GRID_PASS,100.0,0.0,"Baseline UPS logic. V: 0.967, SOC: 100.0%",0
2026-01-01T15:52:15Z,GRID_PASS,100.0,0.0,"Baseline UPS logic. V: 0.963, SOC: 100.0%",0
2026-01-01T15:52:20Z,GRID_PASS,100.0,0.0,"Baseline UPS logic. V: 0.959, SOC: 100.0%",0
2026-01-01T15:52:25Z,ISLAND,100.0,0.0,"Baseline UPS logic. V: 0.933, SOC: 100.0%",0
2026-01-01T15:52:30Z,ISLAND,100.0,0.0,"Baseline UPS logic. V: 0.940, SOC: 100.0%",0
2026-01-01T15:52:35Z,GRID_PASS,100.0,0.0,"Baseline UPS logic. V: 1.036, SOC: 100.0%",0
2026-01-01T15:52:40Z,GRID_PASS,100.0,0.0,"Baseline UPS logic. V: 0.956, SOC: 100.0%",0
2026-01-01T15:52:45Z,ISLAND,100.0,0.0,"Baseline UPS logic. V: 0.923, SOC: 100.0%",0
2026-01-01T15:52:50Z,ISLAND,100.0,0.0,"Baseline UPS logic. V: 0.936, SOC: 100.0%",0
2026-01-01T15:52:55Z,GRID_PASS,100.0,0.0,"Baseline UPS logic. V: 1.017, SOC: 100.0%",0
2026-01-01T15:53:00Z,GRID_PASS,100.0,0.0,"Baseline UPS logic. V: 0.996, SOC: 100.0%",0
2026-01-01T15:53:05Z,GRID_PASS,100.0,0.0,"Baseline UPS logic. V: 0.990, SOC: 100.0%",0
2026-01-01T15:53:10Z,GRID_PASS,100.0,0.0,"Baseline UPS logic. V: 0.949, SOC: 100.0%",0
2026-01-01T15:53:15Z,GRID_PASS,100.0,0.0,"Baseline UPS logic. V: 0.991, SOC: 100.0%",0
2026-01-01T15:53:20Z,ISLAND,100.0,0.0,"Baseline UPS logic. V: 0.930, SOC: 100.0%",0
2026-01-01T15:53:25Z,GRID_PASS,100.0,0.0,"Baseline UPS logic. V: 0.949, SOC: 100.0%",0
2026-01-01T15:53:30Z,GRID_PASS,100.0,0.0,"Baseline UPS logic. V: 1.010, SOC: 100.0%",0
2026-01-01T15:53:35Z,GRID_PASS,100.0,0.0,"Baseline UPS logic. V: 1.006, SOC: 100.0%",0
2026-01-01T15:53:40Z,ISLAND,100.0,0.0,"Baseline UPS logic. V: 0.913, SOC: 100.0%",0
2026-01-01T15:53:45Z,ISLAND,100.0,0.0,"Baseline UPS logic. V: 0.919, SOC: 100.0%",0
2026-01-01T15:53:50Z,GRID_PASS,100.0,0.0,"Baseline UPS logic. V: 0.967, SOC: 100.0%",0
2026-01-01T15:53:55Z,GRID_PASS,100.0,0.0,"Baseline UPS logic. V: 1.048, SOC: 100.0%",0
2026-01-01T15:54:00Z,ISLAND,100.0,0.0,"Baseline UPS logic. V: 0.866, SOC: 100.0%",0
2026-01-01T15:54:05Z,GRID_PASS,100.0,0.0,"Baseline UPS logic. V: 0.976, SOC: 100.0%",0
2026-01-01T15:54:10Z,ISLAND,100.0,0.0,"Baseline UPS logic. V: 0.893, SOC: 100.0%",0
2026-01-01T15:54:15Z,ISLAND,100.0,0.0,"Baseline UPS logic. V: 0.930, SOC: 100.0%",0
2026-01-01T15:54:20Z,GRID_PASS,100.0,0.0,"Baseline UPS logic. V: 0.943, SOC: 100.0%",0
2026-01-01T15:54:25Z,GRID_PASS,100.0,0.0,"Baseline UPS logic. V: 0.941, SOC: 100.0%",0
2026-01-01T15:54:30Z,ISLAND,100.0,0.0,"Baseline UPS logic. V: 0.935, SOC: 100.0%",0
2026-01-01T15:54:35Z,GRID_PASS,100.0,0.0,"Baseline UPS logic. V: 0.962, SOC: 100.0%",0
2026-01-01T15:54:40Z,ISLAND,100.0,0.0,"Baseline UPS logic. V: 0.935, SOC: 100.0%",0
2026-01-01T15:54:45Z,ISLAND,100.0,0.0,"Baseline UPS logic. V: 0.889, SOC: 100.0%",0
2026-01-01T15:54:50Z,GRID_PASS,100.0,0.0,"Baseline UPS logic. V: 1.001, SOC: 100.0%",0
2026-01-01T15:54:55Z,GRID_PASS,100.0,0.0,"Baseline UPS logic. V: 0.999, SOC: 100.0%",0
2026-01-01T15:55:00Z,GRID_PASS,100.0,0.0,"Baseline UPS logic. V: 1.004, SOC: 100.0%",0
2026-01-01T15:55:05Z,ISLAND,100.0,0.0,"Baseline UPS logic. V: 0.885, SOC: 100.0%",0
2026-01-01T15:55:10Z,GRID_PASS,100.0,0.0,"Baseline UPS logic. V: 0.977, SOC: 100.0%",0
2026-01-01T15:55:15Z,GRID_PASS,100.0,0.0,"Baseline UPS logic. V: 0.995, SOC: 100.0%",0
2026-01-01T15:55:20Z,ISLAND,100.0,0.0,"Baseline UPS logic. V: 0.910, SOC: 100.0%",0
2026-01-01T15:55:25Z,GRID_PASS,100.0,0.0,"Baseline UPS logic. V: 0.962, SOC: 100.0%",0
2026-01-01T15:55:30Z,GRID_PASS,100.0,0.0,"Baseline UPS logic. V: 0.956, SOC: 100.0%",0
2026-01-01T15:55:35Z,GRID_PASS,100.0,0.0,"Baseline UPS logic. V: 1.054, SOC: 100.0%",0
2026-01-01T15:55:40Z,GRID_PASS,100.0,0.0,"Baseline UPS logic. V: 1.058, SOC: 100.0%",0
2026-01-01T15:55:45Z,ISLAND,100.0,0.0,"Baseline UPS logic. V: 0.878, SOC: 100.0%",0
2026-01-01T15:55:50Z,GRID_PASS,100.0,0.0,"Baseline UPS logic. V: 1.086, SOC: 100.0%",0
2026-01-01T15:55:55Z,ISLAND,100.0,0.0,"Baseline UPS logic. V: 0.916, SOC: 100.0%",0
2026-01-01T15:56:00Z,GRID_PASS,100.0,0.0,"Baseline UPS logic. V: 1.011, SOC: 100.0%",0
2026-01-01T15:56:05Z,GRID_PASS,100.0,0.0,"Baseline UPS logic. V: 1.010, SOC: 100.0%",0
2026-01-01T15:56:10Z,ISLAND,100.0,0.0,"Baseline UPS logic. V: 0.912, SOC: 100.0%",0
2026-01-01T15:56:15Z,GRID_PASS,100.0,0.0,"Baseline UPS logic. V: 0.986, SOC: 100.0%",0
2026-01-01T15:56:20Z,GRID_PASS,100.0,0.0,"Baseline UPS logic. V: 0.956, SOC: 100.0%",0
2026-01-01T15:56:25Z,GRID_PASS,100.0,0.0,"Baseline UPS logic. V: 0.989, SOC: 100.0%",0
2026-01-01T15:56:30Z,GRID_PASS,100.0,0.0,"Baseline UPS logic. V: 0.973, SOC: 100.0%",0
2026-01-01T15:56:35Z,GRID_PASS,100.0,0.0,"Baseline UPS logic. V: 1.021, SOC: 100.0%",0
2026-01-01T15:56:40Z,GRID_PASS,100.0,0.0,"Baseline UPS logic. V: 0.965, SOC: 100.0%",0
2026-01-01T15:56:45Z,GRID_PASS,100.0,0.0,"Baseline UPS logic. V: 0.953, SOC: 100.0%",0
2026-01-01T15:56:50Z,GRID_PASS,100.0,0.0,"Baseline UPS logic. V: 1.016, SOC: 100.0%",0
2026-01-01T15:56:55Z,GRID_PASS,100.0,0.0,"Baseline UPS logic. V: 0.991, SOC: 100.0%",0
2026-01-01T15:57:00Z,GRID_PASS,100.0,0.0,"Baseline UPS logic. V: 0.998, SOC: 100.0%",0
2026-01-01T15:57:05Z,ISLAND,100.0,0.0,"Baseline UPS logic. V: 0.928, SOC: 100.0%",0
2026-01-01T15:57:10Z,ISLAND,100.0,0.0,"Baseline UPS logic. V: 0.909, SOC: 100.0%",0
2026-01-01T15:57:15Z,ISLAND,100.0,0.0,"Baseline UPS logic. V: 0.933, SOC: 100.0%",0
2026-01-01T15:57:20Z,ISLAND,100.0,0.0,"Baseline UPS logic. V: 0.930, SOC: 100.0%",0
2026-01-01T15:57:25Z,GRID_PASS,100.0,0.0,"Baseline UPS logic. V: 1.001, SOC: 100.0%",0
2026-01-01T15:57:30Z,GRID_PASS,100.0,0.0,"Baseline UPS logic. V: 1.010, SOC: 100.0%",0
2026-01-01T15:57:35Z,GRID_PASS,100.0,0.0,"Baseline UPS logic. V: 0.954, SOC: 100.0%",0
2026-01-01T15:57:40Z,GRID_PASS,100.0,0.0,"Baseline UPS logic. V: 1.033, SOC: 100.0%",0
2026-01-01T15:57:45Z,GRID_PASS,100.0,0.0,"Baseline UPS logic. V: 1.030, SOC: 100.0%",0
2026-01-01T15:57:50Z,GRID_PASS,100.0,0.0,"Baseline UPS logic. V: 0.974, SOC: 100.0%",0
2026-01-01T15:57:55Z,ISLAND,100.0,0.0,"Baseline UPS logic. V: 0.920, SOC: 100.0%",0
2026-01-01T15:58:00Z,GRID_PASS,100.0,0.0,"Baseline UPS logic. V: 1.040, SOC: 100.0%",0
2026-01-01T15:58:05Z,GRID_PASS,100.0,0.0,"Baseline UPS logic. V: 0.958, SOC: 100.0%",0
2026-01-01T15:58:10Z,GRID_PASS,100.0,0.0,"Baseline UPS logic. V: 0.968, SOC: 100.0%",0
2026-01-01T15:58:15Z,GRID_PASS,100.0,0.0,"Baseline UPS logic. V: 0.944, SOC: 100.0%",0
2026-01-01T15:58:20Z,ISLAND,100.0,0.0,"Baseline UPS logic. V: 0.917, SOC: 100.0%",0
2026-01-01T15:58:25Z,ISLAND,100.0,0.0,"Baseline UPS logic. V: 0.888, SOC: 100.0%",0
2026-01-01T15:58:30Z,GRID_PASS,100.0,0.0,"Baseline UPS logic. V: 0.993, SOC: 100.0%",0
2026-01-01T15:58:35Z,ISLAND,100.0,0.0,"Baseline UPS logic. V: 0.922, SOC: 100.0%",0
2026-01-01T15:58:40Z,GRID_PASS,100.0,0.0,"Baseline UPS logic. V: 1.114, SOC: 100.0%",0
2026-01-01T15:58:45Z,ISLAND,100.0,0.0,"Baseline UPS logic. V: 0.907, SOC: 100.0%",0
2026-01-01T15:58:50Z,ISLAND,100.0,0.0,"Baseline UPS logic. V: 0.899, SOC: 100.0%",0
2026-01-01T15:58:55Z,GRID_PASS,100.0,0.0,"Baseline UPS logic. V: 0.987, SOC: 100.0%",0
2026-01-01T15:59:00Z,GRID_PASS,100.0,0.0,"Baseline UPS logic. V: 1.038, SOC: 100.0%",0
2026-01-01T15:59:05Z,GRID_PASS,100.0,0.0,"Baseline UPS logic. V: 0.964, SOC: 100.0%",0
2026-01-01T15:59:10Z,GRID_PASS,100.0,0.0,"Baseline UPS logic. V: 0.990, SOC: 100.0%",0
2026-01-01T15:59:15Z,ISLAND,100.0,0.0,"Baseline UPS logic. V: 0.869, SOC: 100.0%",0
2026-01-01T15:59:20Z,ISLAND,100.0,0.0,"Baseline UPS logic. V: 0.927, SOC: 100.0%",0
2026-01-01T15:59:25Z,ISLAND,100.0,0.0,"Baseline UPS logic. V: 0.907, SOC: 100.0%",0
2026-01-01T15:59:30Z,ISLAND,100.0,0.0,"Baseline UPS logic. V: 0.866, SOC: 100.0%",0
2026-01-01T15:59:35Z,GRID_PASS,100.0,0.0,"Baseline UPS logic. V: 0.967, SOC: 100.0%",0
2026-01-01T15:59:40Z,ISLAND,100.0,0.0,"Baseline UPS logic. V: 0.849, SOC: 100.0%",0
2026-01-01T15:59:45Z,ISLAND,100.0,0.0,"Baseline UPS logic. V: 0.895, SOC: 100.0%",0
2026-01-01T15:59:50Z,ISLAND,100.0,0.0,"Baseline UPS logic. V: 0.934, SOC: 100.0%",0
2026-01-01T15:59:55Z,ISLAND,100.0,0.0,"Baseline UPS logic. V: 0.919, SOC: 100.0%",0
2026-01-01T16:00:00Z,GRID_PASS,100.0,0.0,"Baseline UPS logic. V: 0.981, SOC: 100.0%",1
2026-01-01T16:00:05Z,GRID_PASS,100.0,0.0,"Baseline UPS logic. V: 0.976, SOC: 100.0%",1
2026-01-01T16:00:10Z,GRID_PASS,100.0,0.0,"Baseline UPS logic. V: 1.006, SOC: 100.0%",1
2026-01-01T16:00:15Z,GRID_PASS,100.0,0.0,"Baseline UPS logic. V: 0.999, SOC: 100.0%",1
2026-01-01T16:00:20Z,GRID_PASS,100.0,0.0,"Baseline UPS logic. V: 1.018, SOC: 100.0%",1
2026-01-01T16:00:25Z,GRID_PASS,100.0,0.0,"Baseline UPS logic. V: 0.961, SOC: 100.0%",1
2026-01-01T16:00:30Z,GRID_PASS,100.0,0.0,"Baseline UPS logic. V: 0.976, SOC: 100.0%",1
2026-01-01T16:00:35Z,GRID_PASS,100.0,0.0,"Baseline UPS logic. V: 0.987, SOC: 100.0%",1
2026-01-01T16:00:40Z,GRID_PASS,100.0,0.0,"Baseline UPS logic. V: 0.968, SOC: 100.0%",1
2026-01-01T16:00:45Z,GRID_PASS,100.0,0.0,"Baseline UPS logic. V: 0.941, SOC: 100.0%",1
2026-01-01T16:00:50Z,GRID_PASS,100.0,0.0,"Baseline UPS logic. V: 0.945, SOC: 100.0%",1
2026-01-01T16:00:55Z,ISLAND,100.0,0.0,"Baseline UPS logic. V: 0.920, SOC: 100.0%",1
2026-01-01T16:01:00Z,GRID_PASS,100.0,0.0,"Baseline UPS logic. V: 0.982, SOC: 100.0%",1
2026-01-01T16:01:05Z,GRID_PASS,100.0,0.0,"Baseline UPS logic. V: 0.956, SOC: 100.0%",1
2026-01-01T16:01:10Z,ISLAND,100.0,0.0,"Baseline UPS logic. V: 0.928, SOC: 100.0%",1
2026-01-01T16:01:15Z,ISLAND,100.0,0.0,"Baseline UPS logic. V: 0.928, SOC: 100.0%",1
2026-01-01T16:01:20Z,ISLAND,100.0,0.0,"Baseline UPS logic. V: 0.900, SOC: 100.0%",1
2026-01-01T16:01:25Z,GRID_PASS,100.0,0.0,"Baseline UPS logic. V: 1.010, SOC: 100.0%",1
2026-01-01T16:01:30Z,GRID_PASS,100.0,0.0,"Baseline UPS logic. V: 0.965, SOC: 100.0%",1
2026-01-01T16:01:35Z,ISLAND,100.0,0.0,"Baseline UPS logic. V: 0.918, SOC: 100.0%",1
2026-01-01T16:01:40Z,GRID_PASS,100.0,0.0,"Baseline UPS logic. V: 1.001, SOC: 100.0%",1
2026-01-01T16:01:45Z,ISLAND,100.0,0.0,"Baseline UPS logic. V: 0.933, SOC: 100.0%",1
2026-01-01T16:01:50Z,ISLAND,100.0,0.0,"Baseline UPS logic. V: 0.891, SOC: 100.0%",1
2026-01-01T16:01:55Z,GRID_PASS,100.0,0.0,"Baseline UPS logic. V: 1.012, SOC: 100.0%",1
2026-01-01T16:02:00Z,ISLAND,100.0,0.0,"Baseline UPS logic. V: 0.934, SOC: 100.0%",1
2026-01-01T16:02:05Z,GRID_PASS,100.0,0.0,"Baseline UPS logic. V: 0.940, SOC: 100.0%",1
2026-01-01T16:02:10Z,GRID_PASS,100.0,0.0,"Baseline UPS logic. V: 0.963, SOC: 100.0%",1
2026-01-01T16:02:15Z,GRID_PASS,100.0,0.0,"Baseline UPS logic. V: 1.018, SOC: 100.0%",1
2026-01-01T16:02:20Z,GRID_PASS,100.0,0.0,"Baseline UPS logic. V: 0.962, SOC: 100.0%",1
2026-01-01T16:02:25Z,ISLAND,100.0,0.0,"Baseline UPS logic. V: 0.901, SOC: 100.0%",1
2026-01-01T16:02:30Z,GRID_PASS,100.0,0.0,"Baseline UPS logic. V: 0.988, SOC: 100.0%",1
2026-01-01T16:02:35Z,ISLAND,100.0,0.0,"Baseline UPS logic. V: 0.936, SOC: 100.0%",1
2026-01-01T16:02:40Z,GRID_PASS,100.0,0.0,"Baseline UPS logic. V: 1.055, SOC: 100.0%",1
2026-01-01T16:02:45Z,GRID_PASS,100.0,0.0,"Baseline UPS logic. V: 0.961, SOC: 100.0%",1
2026-01-01T16:02:50Z,ISLAND,100.0,0.0,"Baseline UPS logic. V: 0.849, SOC: 100.0%",1
2026-01-01T16:02:55Z,GRID_PASS,100.0,0.0,"Baseline UPS logic. V: 0.979, SOC: 100.0%",1
2026-01-01T16:03:00Z,GRID_PASS,100.0,0.0,"Baseline UPS logic. V: 1.058, SOC: 100.0%",1
2026-01-01T16:03:05Z,GRID_PASS,100.0,0.0,"Baseline UPS logic. V: 1.039, SOC: 100.0%",1
2026-01-01T16:03:10Z,GRID_PASS,100.0,0.0,"Baseline UPS logic. V: 1.052, SOC: 100.0%",1
2026-01-01T16:03:15Z,ISLAND,100.0,0.0,"Baseline UPS logic. V: 0.910, SOC: 100.0%",1
2026-01-01T16:03:20Z,GRID_PASS,100.0,0.0,"Baseline UPS logic. V: 1.006, SOC: 100.0%",1
2026-01-01T16:03:25Z,ISLAND,100.0,0.0,"Baseline UPS logic. V: 0.924, SOC: 100.0%",1
2026-01-01T16:03:30Z,GRID_PASS,100.0,0.0,"Baseline UPS logic. V: 0.972, SOC: 100.0%",1
2026-01-01T16:03:35Z,ISLAND,100.0,0.0,"Baseline UPS logic. V: 0.897, SOC: 100.0%",1
2026-01-01T16:03:40Z,ISLAND,100.0,0.0,"Baseline UPS logic. V: 0.929, SOC: 100.0%",1
2026-01-01T16:03:45Z,ISLAND,100.0,0.0,"Baseline UPS logic. V: 0.927, SOC: 100.0%",1
2026-01-01T16:03:50Z,GRID_PASS,100.0,0.0,"Baseline UPS logic. V: 1.005, SOC: 100.0%",1
2026-01-01T16:03:55Z,GRID_PASS,100.0,0.0,"Baseline UPS logic. V: 1.001, SOC: 100.0%",1
2026-01-01T16:04:00Z,GRID_PASS,100.0,0.0,"Baseline UPS logic. V: 0.975, SOC: 100.0%",1
2026-01-01T16:04:05Z,ISLAND,100.0,0.0,"Baseline UPS logic. V: 0.893, SOC: 100.0%",1
2026-01-01T16:04:10Z,GRID_PASS,100.0,0.0,"Baseline UPS logic. V: 0.945, SOC: 100.0%",1
2026-01-01T16:04:15Z,ISLAND,100.0,0.0,"Baseline UPS logic. V: 0.923, SOC: 100.0%",1
2026-01-01T16:04:20Z,GRID_PASS,100.0,0.0,"Baseline UPS logic. V: 1.004, SOC: 100.0%",1
2026-01-01T16:04:25Z,GRID_PASS,100.0,0.0,"Baseline UPS logic. V: 1.019, SOC: 100.0%",1
2026-01-01T16:04:30Z,GRID_PASS,100.0,0.0,"Baseline UPS logic. V: 1.013, SOC: 100.0%",1
2026-01-01T16:04:35Z,ISLAND,100.0,0.0,"Baseline UPS logic. V: 0.923, SOC: 100.0%",1
2026-01-01T16:04:40Z,ISLAND,100.0,0.0,"Baseline UPS logic. V: 0.824, SOC: 100.0%",1
2026-01-01T16:04:45Z,ISLAND,100.0,0.0,"Baseline UPS logic. V: 0.872, SOC: 100.0%",1
2026-01-01T16:04:50Z,GRID_PASS,100.0,0.0,"Baseline UPS logic. V: 1.031, SOC: 100.0%",1
2026-01-01T16:04:55Z,GRID_PASS,100.0,0.0,"Baseline UPS logic. V: 0.940, SOC: 100.0%",1
2026-01-01T16:05:00Z,ISLAND,100.0,0.0,"Baseline UPS logic. V: 0.923, SOC: 100.0%",1
2026-01-01T16:05:05Z,GRID_PASS,100.0,0.0,"Baseline UPS logic. V: 1.043, SOC: 100.0%",1
2026-01-01T16:05:10Z,GRID_PASS,100.0,0.0,"Baseline UPS logic. V: 1.024, SOC: 100.0%",1
2026-01-01T16:05:15Z,GRID_PASS,100.0,0.0,"Baseline UPS logic. V: 0.962, SOC: 100.0%",1
2026-01-01T16:05:20Z,GRID_PASS,100.0,0.0,"Baseline UPS logic. V: 0.946, SOC: 100.0%",1
2026-01-01T16:05:25Z,GRID_PASS,100.0,0.0,"Baseline UPS logic. V: 0.954, SOC: 100.0%",1
2026-01-01T16:05:30Z,GRID_PASS,100.0,0.0,"Baseline UPS logic. V: 0.972, SOC: 100.0%",1
2026-01-01T16:05:35Z,GRID_PASS,100.0,0.0,"Baseline UPS logic. V: 1.041, SOC: 100.0%",1
2026-01-01T16:05:40Z,GRID_PASS,100.0,0.0,"Baseline UPS logic. V: 0.982, SOC: 100.0%",1
2026-01-01T16:05:45Z,GRID_PASS,100.0,0.0,"Baseline UPS logic. V: 0.997, SOC: 100.0%",1
2026-01-01T16:05:50Z,GRID_PASS,100.0,0.0,"Baseline UPS logic. V: 1.019, SOC: 100.0%",1
2026-01-01T16:05:55Z,ISLAND,100.0,0.0,"Baseline UPS logic. V: 0.902, SOC: 100.0%",1
2026-01-01T16:06:00Z,GRID_PASS,100.0,0.0,"Baseline UPS logic. V: 0.998, SOC: 100.0%",1
2026-01-01T16:06:05Z,GRID_PASS,100.0,0.0,"Baseline UPS logic. V: 0.945, SOC: 100.0%",1
2026-01-01T16:06:10Z,ISLAND,100.0,0.0,"Baseline UPS logic. V: 0.835, SOC: 100.0%",1
2026-01-01T16:06:15Z,ISLAND,100.0,0.0,"Baseline UPS logic. V: 0.854, SOC: 100.0%",1
2026-01-01T16:06:20Z,ISLAND,100.0,0.0,"Baseline UPS logic. V: 0.909, SOC: 100.0%",1
2026-01-01T16:06:25Z,GRID_PASS,100.0,0.0,"Baseline UPS logic. V: 0.987, SOC: 100.0%",1
2026-01-01T16:06:30Z,GRID_PASS,100.0,0.0,"Baseline UPS logic. V: 0.966, SOC: 100.0%",1
2026-01-01T16:06:35Z,GRID_PASS,100.0,0.0,"Baseline UPS logic. V: 0.970, SOC: 100.0%",1
2026-01-01T16:06:40Z,GRID_PASS,100.0,0.0,"Baseline UPS logic. V: 1.058, SOC: 100.0%",1
2026-01-01T16:06:45Z,ISLAND,100.0,0.0,"Baseline UPS logic. V: 0.897, SOC: 100.0%",1
2026-01-01T16:06:50Z,GRID_PASS,100.0,0.0,"Baseline UPS logic. V: 0.959, SOC: 100.0%",1
2026-01-01T16:06:55Z,GRID_PASS,100.0,0.0,"Baseline UPS logic. V: 0.975, SOC: 100.0%",1
2026-01-01T16:07:00Z,ISLAND,100.0,0.0,"Baseline UPS logic. V: 0.924, SOC: 100.0%",1
2026-01-01T16:07:05Z,GRID_PASS,100.0,0.0,"Baseline UPS logic. V: 0.962, SOC: 100.0%",1
2026-01-01T16:07:10Z,ISLAND,100.0,0.0,"Baseline UPS logic. V: 0.880, SOC: 100.0%",1
2026-01-01T16:07:15Z,GRID_PASS,100.0,0.0,"Baseline UPS logic. V: 1.031, SOC: 100.0%",1
2026-01-01T16:07:20Z,ISLAND,100.0,0.0,"Baseline UPS logic. V: 0.926, SOC: 100.0%",1
2026-01-01T16:07:25Z,GRID_PASS,100.0,0.0,"Baseline UPS logic. V: 1.062, SOC: 100.0%",1
2026-01-01T16:07:30Z,GRID_PASS,100.0,0.0,"Baseline UPS logic. V: 0.958, SOC: 100.0%",1
2026-01-01T16:07:35Z,GRID_PASS,100.0,0.0,"Baseline UPS logic. V: 1.012, SOC: 100.0%",1
2026-01-01T16:07:40Z,GRID_PASS,100.0,0.0,"Baseline UPS logic. V: 0.958, SOC: 100.0%",1
2026-01-01T16:07:45Z,GRID_PASS,100.0,0.0,"Baseline UPS logic. V: 0.959, SOC: 100.0%",1
2026-01-01T16:07:50Z,ISLAND,100.0,0.0,"Baseline UPS logic. V: 0.931, SOC: 100.0%",1
2026-01-01T16:07:55Z,GRID_PASS,100.0,0.0,"Baseline UPS logic. V: 0.966, SOC: 100.0%",1
2026-01-01T16:08:00Z,GRID_PASS,100.0,0.0,"Baseline UPS logic. V: 0.976, SOC: 100.0%",1
2026-01-01T16:08:05Z,ISLAND,100.0,0.0,"Baseline UPS logic. V: 0.921, SOC: 100.0%",1
2026-01-01T16:08:10Z,GRID_PASS,100.0,0.0,"Baseline UPS logic. V: 0.954, SOC: 100.0%",1
2026-01-01T16:08:15Z,ISLAND,100.0,0.0,"Baseline UPS logic. V: 0.929, SOC: 100.0%",1
2026-01-01T16:08:20Z,GRID_PASS,100.0,0.0,"Baseline UPS logic. V: 1.075, SOC: 100.0%",1
2026-01-01T16:08:25Z,GRID_PASS,100.0,0.0,"Baseline UPS logic. V: 0.955, SOC: 100.0%",1
2026-01-01T16:08:30Z,GRID_PASS,100.0,0.0,"Baseline UPS logic. V: 1.037, SOC: 100.0%",1
2026-01-01T16:08:35Z,GRID_PASS,100.0,0.0,"Baseline UPS logic. V: 0.950, SOC: 100.0%",1
2026-01-01T16:08:40Z,GRID_PASS,100.0,0.0,"Baseline UPS logic. V: 0.973, SOC: 100.0%",1
2026-01-01T16:08:45Z,ISLAND,100.0,0.0,"Baseline UPS logic. V: 0.894, SOC: 100.0%",1
2026-01-01T16:08:50Z,ISLAND,100.0,0.0,"Baseline UPS logic. V: 0.938, SOC: 100.0%",1
2026-01-01T16:08:55Z,GRID_PASS,100.0,0.0,"Baseline UPS logic. V: 0.970, SOC: 100.0%",1
2026-01-01T16:09:00Z,GRID_PASS,100.0,0.0,"Baseline UPS logic. V: 1.039, SOC: 100.0%",1
2026-01-01T16:09:05Z,GRID_PASS,100.0,0.0,"Baseline UPS logic. V: 0.971, SOC: 100.0%",1
2026-01-01T16:09:10Z,GRID_PASS,100.0,0.0,"Baseline UPS logic. V: 1.029, SOC: 100.0%",1
2026-01-01T16:09:15Z,GRID_PASS,100.0,0.0,"Baseline UPS logic. V: 0.992, SOC: 100.0%",1
2026-01-01T16:09:20Z,GRID_PASS,100.0,0.0,"Baseline UPS logic. V: 1.041, SOC: 100.0%",1
2026-01-01T16:09:25Z,GRID_PASS,100.0,0.0,"Baseline UPS logic. V: 0.957, SOC: 100.0%",1
2026-01-01T16:09:30Z,GRID_PASS,100.0,0.0,"Baseline UPS logic. V: 1.080, SOC: 100.0%",1
2026-01-01T16:09:35Z,ISLAND,100.0,0.0,"Baseline UPS logic. V: 0.936, SOC: 100.0%",1
2026-01-01T16:09:40Z,ISLAND,100.0,0.0,"Baseline UPS logic. V: 0.922, SOC: 100.0%",1
2026-01-01T16:09:45Z,ISLAND,100.0,0.0,"Baseline UPS logic. V: 0.899, SOC: 100.0%",1
2026-01-01T16:09:50Z,GRID_PASS,100.0,0.0,"Baseline UPS logic. V: 1.076, SOC: 100.0%",1
2026-01-01T16:09:55Z,GRID_PASS,100.0,0.0,"Baseline UPS logic. V: 1.001, SOC: 100.0%",1
2026-01-01T16:10:00Z,GRID_PASS,100.0,0.0,"Baseline UPS logic. V: 0.943, SOC: 100.0%",1
2026-01-01T16:10:05Z,GRID_PASS,100.0,0.0,"Baseline UPS logic. V: 1.022, SOC: 100.0%",1
2026-01-01T16:10:10Z,GRID_PASS,100.0,0.0,"Baseline UPS logic. V: 0.994, SOC: 100.0%",1
2026-01-01T16:10:15Z,GRID_PASS,100.0,0.0,"Baseline UPS logic. V: 1.058, SOC: 100.0%",1
2026-01-01T16:10:20Z,ISLAND,100.0,0.0,"Baseline UPS logic. V: 0.882, SOC: 100.0%",1
2026-01-01T16:10:25Z,GRID_PASS,100.0,0.0,"Baseline UPS logic. V: 0.947, SOC: 100.0%",1
2026-01-01T16:10:30Z,ISLAND,100.0,0.0,"Baseline UPS logic. V: 0.937, SOC: 100.0%",1
2026-01-01T16:10:35Z,ISLAND,100.0,0.0,"Baseline UPS logic. V: 0.861, SOC: 100.0%",1
2026-01-01T16:10:40Z,GRID_PASS,100.0,0.0,"Baseline UPS logic. V: 1.013, SOC: 100.0%",1
2026-01-01T16:10:45Z,GRID_PASS,100.0,0.0,"Baseline UPS logic. V: 0.946, SOC: 100.0%",1
2026-01-01T16:10:50Z,GRID_PASS,100.0,0.0,"Baseline UPS logic. V: 0.997, SOC: 100.0%",1
2026-01-01T16:10:55Z,GRID_PASS,100.0,0.0,"Baseline UPS logic. V: 1.078, SOC: 100.0%",1
2026-01-01T16:11:00Z,GRID_PASS,100.0,0.0,"Baseline UPS logic. V: 0.942, SOC: 100.0%",1
2026-01-01T16:11:05Z,ISLAND,100.0,0.0,"Baseline UPS logic. V: 0.939, SOC: 100.0%",1
2026-01-01T16:11:10Z,GRID_PASS,100.0,0.0,"Baseline UPS logic. V: 0.966, SOC: 100.0%",1
2026-01-01T16:11:15Z,GRID_PASS,100.0,0.0,"Baseline UPS logic. V: 1.009, SOC: 100.0%",1
2026-01-01T16:11:20Z,ISLAND,100.0,0.0,"Baseline UPS logic. V: 0.931, SOC: 100.0%",1
2026-01-01T16:11:25Z,ISLAND,100.0,0.0,"Baseline UPS logic. V: 0.928, SOC: 100.0%",1
2026-01-01T16:11:30Z,GRID_PASS,100.0,0.0,"Baseline UPS logic. V: 1.012, SOC: 100.0%",1
2026-01-01T16:11:35Z,GRID_PASS,100.0,0.0,"Baseline UPS logic. V: 0.978, SOC: 100.0%",1
2026-01-01T16:11:40Z,ISLAND,100.0,0.0,"Baseline UPS logic. V: 0.857, SOC: 100.0%",1
2026-01-01T16:11:45Z,ISLAND,100.0,0.0,"Baseline UPS logic. V: 0.899, SOC: 100.0%",1
2026-01-01T16:11:50Z,GRID_PASS,100.0,0.0,"Baseline UPS logic. V: 1.035, SOC: 100.0%",1
2026-01-01T16:11:55Z,GRID_PASS,100.0,0.0,"Baseline UPS logic. V: 0.980, SOC: 100.0%",1
2026-01-01T16:12:00Z,ISLAND,100.0,0.0,"Baseline UPS logic. V: 0.922, SOC: 100.0%",1
2026-01-01T16:12:05Z,GRID_PASS,100.0,0.0,"Baseline UPS logic. V: 0.951, SOC: 100.0%",1
2026-01-01T16:12:10Z,GRID_PASS,100.0,0.0,"Baseline UPS logic. V: 0.960, SOC: 100.0%",1
2026-01-01T16:12:15Z,GRID_PASS,100.0,0.0,"Baseline UPS logic. V: 0.996, SOC: 100.0%",1
2026-01-01T16:12:20Z,ISLAND,100.0,0.0,"Baseline UPS logic. V: 0.892, SOC: 100.0%",1
2026-01-01T16:12:25Z,ISLAND,100.0,0.0,"Baseline UPS logic. V: 0.918, SOC: 100.0%",1
2026-01-01T16:12:30Z,GRID_PASS,100.0,0.0,"Baseline UPS logic. V: 0.973, SOC: 100.0%",1
2026-01-01T16:12:35Z,GRID_PASS,100.0,0.0,"Baseline UPS logic. V: 0.954, SOC: 100.0%",1
2026-01-01T16:12:40Z,GRID_PASS,100.0,0.0,"Baseline UPS logic. V: 0.988, SOC: 100.0%",1
2026-01-01T16:12:45Z,ISLAND,100.0,0.0,"Baseline UPS logic. V: 0.898, SOC: 100.0%",1
2026-01-01T16:12:50Z,GRID_PASS,100.0,0.0,"Baseline UPS logic. V: 0.978, SOC: 100.0%",1
2026-01-01T16:12:55Z,GRID_PASS,100.0,0.0,"Baseline UPS logic. V: 1.014, SOC: 100.0%",1
2026-01-01T16:13:00Z,GRID_PASS,100.0,0.0,"Baseline UPS logic. V: 0.984, SOC: 100.0%",1
2026-01-01T16:13:05Z,GRID_PASS,100.0,0.0,"Baseline UPS logic. V: 0.966, SOC: 100.0%",1
2026-01-01T16:13:10Z,GRID_PASS,100.0,0.0,"Baseline UPS logic. V: 0.955, SOC: 100.0%",1
2026-01-01T16:13:15Z,ISLAND,100.0,0.0,"Baseline UPS logic. V: 0.918, SOC: 100.0%",1
2026-01-01T16:13:20Z,GRID_PASS,100.0,0.0,"Baseline UPS logic. V: 0.956, SOC: 100.0%",1
2026-01-01T16:13:25Z,GRID_PASS,100.0,0.0,"Baseline UPS logic. V: 1.022, SOC: 100.0%",1
2026-01-01T16:13:30Z,GRID_PASS,100.0,0.0,"Baseline UPS logic. V: 0.953, SOC: 100.0%",1
2026-01-01T16:13:35Z,ISLAND,100.0,0.0,"Baseline UPS logic. V: 0.915, SOC: 100.0%",1
2026-01-01T16:13:40Z,ISLAND,100.0,0.0,"Baseline UPS logic. V: 0.935, SOC: 100.0%",1
2026-01-01T16:13:45Z,GRID_PASS,100.0,0.0,"Baseline UPS logic. V: 0.969, SOC: 100.0%",1
2026-01-01T16:13:50Z,GRID_PASS,100.0,0.0,"Baseline UPS logic. V: 0.941, SOC: 100.0%",1
2026-01-01T16:13:55Z,GRID_PASS,100.0,0.0,"Baseline UPS logic. V: 0.984, SOC: 100.0%",1
2026-01-01T16:14:00Z,GRID_PASS,100.0,0.0,"Baseline UPS logic. V: 0.986, SOC: 100.0%",1
2026-01-01T16:14:05Z,GRID_PASS,100.0,0.0,"Baseline UPS logic. V: 1.004, SOC: 100.0%",1
2026-01-01T16:14:10Z,GRID_PASS,100.0,0.0,"Baseline UPS logic. V: 1.030, SOC: 100.0%",1
2026-01-01T16:14:15Z,GRID_PASS,100.0,0.0,"Baseline UPS logic. V: 1.009, SOC: 100.0%",1
2026-01-01T16:14:20Z,ISLAND,100.0,0.0,"Baseline UPS logic. V: 0.913, SOC: 100.0%",1
2026-01-01T16:14:25Z,ISLAND,100.0,0.0,"Baseline UPS logic. V: 0.914, SOC: 100.0%",1
2026-01-01T16:14:30Z,GRID_PASS,100.0,0.0,"Baseline UPS logic. V: 0.955, SOC: 100.0%",1
2026-01-01T16:14:35Z,ISLAND,100.0,0.0,"Baseline UPS logic. V: 0.937, SOC: 100.0%",1
2026-01-01T16:14:40Z,ISLAND,100.0,0.0,"Baseline UPS logic. V: 0.902, SOC: 100.0%",1
2026-01-01T16:14:45Z,ISLAND,100.0,0.0,"Baseline UPS logic. V: 0.937, SOC: 100.0%",1
2026-01-01T16:14:50Z,ISLAND,100.0,0.0,"Baseline UPS logic. V: 0.935, SOC: 100.0%",1
2026-01-01T16:14:55Z,ISLAND,100.0,0.0,"Baseline UPS logic. V: 0.925, SOC: 100.0%",1
2026-01-01T16:15:00Z,GRID_PASS,100.0,0.0,"Baseline UPS logic. V: 0.943, SOC: 100.0%",1
2026-01-01T16:15:05Z,GRID_PASS,100.0,0.0,"Baseline UPS logic. V: 1.018, SOC: 100.0%",1
2026-01-01T16:15:10Z,GRID_PASS,100.0,0.0,"Baseline UPS logic. V: 0.969, SOC: 100.0%",1
2026-01-01T16:15:15Z,GRID_PASS,100.0,0.0,"Baseline UPS logic. V: 1.083, SOC: 100.0%",1
2026-01-01T16:15:20Z,GRID_PASS,100.0,0.0,"Baseline UPS logic. V: 0.968, SOC: 100.0%",1
2026-01-01T16:15:25Z,GRID_PASS,100.0,0.0,"Baseline UPS logic. V: 0.945, SOC: 100.0%",1
2026-01-01T16:15:30Z,GRID_PASS,100.0,0.0,"Baseline UPS logic. V: 0.959, SOC: 100.0%",1
2026-01-01T16:15:35Z,GRID_PASS,100.0,0.0,"Baseline UPS logic. V: 0.972, SOC: 100.0%",1
2026-01-01T16:15:40Z,GRID_PASS,100.0,0.0,"Baseline UPS logic. V: 0.981, SOC: 100.0%",1
2026-01-01T16:15:45Z,GRID_PASS,100.0,0.0,"Baseline UPS logic. V: 1.063, SOC: 100.0%",1
2026-01-01T16:15:50Z,ISLAND,100.0,0.0,"Baseline UPS logic. V: 0.917, SOC: 100.0%",1
2026-01-01T16:15:55Z,GRID_PASS,100.0,0.0,"Baseline UPS logic. V: 1.002, SOC: 100.0%",1
2026-01-01T16:16:00Z,GRID_PASS,100.0,0.0,"Baseline UPS logic. V: 0.969, SOC: 100.0%",1
2026-01-01T16:16:05Z,ISLAND,100.0,0.0,"Baseline UPS logic. V: 0.880, SOC: 100.0%",1
2026-01-01T16:16:10Z,GRID_PASS,100.0,0.0,"Baseline UPS logic. V: 0.998, SOC: 100.0%",1
2026-01-01T16:16:15Z,GRID_PASS,100.0,0.0,"Baseline UPS logic. V: 1.022, SOC: 100.0%",1
2026-01-01T16:16:20Z,ISLAND,100.0,0.0,"Baseline UPS logic. V: 0.916, SOC: 100.0%",1
2026-01-01T16:16:25Z,GRID_PASS,100.0,0.0,"Baseline UPS logic. V: 0.959, SOC: 100.0%",1
2026-01-01T16:16:30Z,ISLAND,100.0,0.0,"Baseline UPS logic. V: 0.873, SOC: 100.0%",1
2026-01-01T16:16:35Z,ISLAND,100.0,0.0,"Baseline UPS logic. V: 0.896, SOC: 100.0%",1
2026-01-01T16:16:40Z,GRID_PASS,100.0,0.0,"Baseline UPS logic. V: 1.011, SOC: 100.0%",1
2026-01-01T16:16:45Z,ISLAND,100.0,0.0,"Baseline UPS logic. V: 0.935, SOC: 100.0%",1
2026-01-01T16:16:50Z,ISLAND,100.0,0.0,"Baseline UPS logic. V: 0.904, SOC: 100.0%",1
2026-01-01T16:16:55Z,GRID_PASS,100.0,0.0,"Baseline UPS logic. V: 0.970, SOC: 100.0%",1
2026-01-01T16:17:00Z,ISLAND,100.0,0.0,"Baseline UPS logic. V: 0.933, SOC: 100.0%",1
2026-01-01T16:17:05Z,ISLAND,100.0,0.0,"Baseline UPS logic. V: 0.935, SOC: 100.0%",1
2026-01-01T16:17:10Z,GRID_PASS,100.0,0.0,"Baseline UPS logic. V: 0.996, SOC: 100.0%",1
2026-01-01T16:17:15Z,ISLAND,100.0,0.0,"Baseline UPS logic. V: 0.901, SOC: 100.0%",1
2026-01-01T16:17:20Z,ISLAND,100.0,0.0,"Baseline UPS logic. V: 0.914, SOC: 100.0%",1
2026-01-01T16:17:25Z,GRID_PASS,100.0,0.0,"Baseline UPS logic. V: 0.966, SOC: 100.0%",1
2026-01-01T16:17:30Z,GRID_PASS,100.0,0.0,"Baseline UPS logic. V: 1.007, SOC: 100.0%",1
2026-01-01T16:17:35Z,GRID_PASS,100.0,0.0,"Baseline UPS logic. V: 1.021, SOC: 100.0%",1
2026-01-01T16:17:40Z,ISLAND,100.0,0.0,"Baseline UPS logic. V: 0.926, SOC: 100.0%",1
2026-01-01T16:17:45Z,GRID_PASS,100.0,0.0,"Baseline UPS logic. V: 1.006, SOC: 100.0%",1
2026-01-01T16:17:50Z,ISLAND,100.0,0.0,"Baseline UPS logic. V: 0.919, SOC: 100.0%",1
2026-01-01T16:17:55Z,GRID_PASS,100.0,0.0,"Baseline UPS logic. V: 1.050, SOC: 100.0%",1
2026-01-01T16:18:00Z,ISLAND,100.0,0.0,"Baseline UPS logic. V: 0.902, SOC: 100.0%",1
2026-01-01T16:18:05Z,GRID_PASS,100.0,0.0,"Baseline UPS logic. V: 1.025, SOC: 100.0%",1
2026-01-01T16:18:10Z,ISLAND,100.0,0.0,"Baseline UPS logic. V: 0.926, SOC: 100.0%",1
2026-01-01T16:18:15Z,GRID_PASS,100.0,0.0,"Baseline UPS logic. V: 1.059, SOC: 100.0%",1
2026-01-01T16:18:20Z,GRID_PASS,100.0,0.0,"Baseline UPS logic. V: 0.988, SOC: 100.0%",1
2026-01-01T16:18:25Z,ISLAND,100.0,0.0,"Baseline UPS logic. V: 0.908, SOC: 100.0%",1
2026-01-01T16:18:30Z,ISLAND,100.0,0.0,"Baseline UPS logic. V: 0.933, SOC: 100.0%",1
2026-01-01T16:18:35Z,GRID_PASS,100.0,0.0,"Baseline UPS logic. V: 0.998, SOC: 100.0%",1
2026-01-01T16:18:40Z,GRID_PASS,100.0,0.0,"Baseline UPS logic. V: 1.011, SOC: 100.0%",1
2026-01-01T16:18:45Z,GRID_PASS,100.0,0.0,"Baseline UPS logic. V: 0.955, SOC: 100.0%",1
2026-01-01T16:18:50Z,GRID_PASS,100.0,0.0,"Baseline UPS logic. V: 0.961, SOC: 100.0%",1
2026-01-01T16:18:55Z,GRID_PASS,100.0,0.0,"Baseline UPS logic. V: 0.997, SOC: 100.0%",1
2026-01-01T16:19:00Z,GRID_PASS,100.0,0.0,"Baseline UPS logic. V: 0.965, SOC: 100.0%",1
2026-01-01T16:19:05Z,ISLAND,100.0,0.0,"Baseline UPS logic. V: 0.894, SOC: 100.0%",1
2026-01-01T16:19:10Z,ISLAND,100.0,0.0,"Baseline UPS logic. V: 0.918, SOC: 100.0%",1
2026-01-01T16:19:15Z,GRID_PASS,100.0,0.0,"Baseline UPS logic. V: 0.970, SOC: 100.0%",1
2026-01-01T16:19:20Z,GRID_PASS,100.0,0.0,"Baseline UPS logic. V: 1.019, SOC: 100.0%",1
2026-01-01T16:19:25Z,GRID_PASS,100.0,0.0,"Baseline UPS logic. V: 1.039, SOC: 100.0%",1
2026-01-01T16:19:30Z,GRID_PASS,100.0,0.0,"Baseline UPS logic. V: 0.997, SOC: 100.0%",1
2026-01-01T16:19:35Z,GRID_PASS,100.0,0.0,"Baseline UPS logic. V: 0.973, SOC: 100.0%",1
2026-01-01T16:19:40Z,GRID_PASS,100.0,0.0,"Baseline UPS logic. V: 0.996, SOC: 100.0%",1
2026-01-01T16:19:45Z,ISLAND,100.0,0.0,"Baseline UPS logic. V: 0.925, SOC: 100.0%",1
2026-01-01T16:19:50Z,GRID_PASS,100.0,0.0,"Baseline UPS logic. V: 0.951, SOC: 100.0%",1
2026-01-01T16:19:55Z,ISLAND,100.0,0.0,"Baseline UPS logic. V: 0.917, SOC: 100.0%",1
2026-01-01T16:20:00Z,ISLAND,100.0,0.0,"Baseline UPS logic. V: 0.896, SOC: 100.0%",1
2026-01-01T16:20:05Z,GRID_PASS,100.0,0.0,"Baseline UPS logic. V: 0.975, SOC: 100.0%",1
2026-01-01T16:20:10Z,GRID_PASS,100.0,0.0,"Baseline UPS logic. V: 0.967, SOC: 100.0%",1
2026-01-01T16:20:15Z,GRID_PASS,100.0,0.0,"Baseline UPS logic. V: 0.993, SOC: 100.0%",1
2026-01-01T16:20:20Z,GRID_PASS,100.0,0.0,"Baseline UPS logic. V: 0.986, SOC: 100.0%",1
2026-01-01T16:20:25Z,GRID_PASS,100.0,0.0,"Baseline UPS logic. V: 0.971, SOC: 100.0%",1
2026-01-01T16:20:30Z,GRID_PASS,100.0,0.0,"Baseline UPS logic. V: 0.986, SOC: 100.0%",1
2026-01-01T16:20:35Z,GRID_PASS,100.0,0.0,"Baseline UPS logic. V: 0.956, SOC: 100.0%",1
2026-01-01T16:20:40Z,GRID_PASS,100.0,0.0,"Baseline UPS logic. V: 0.979, SOC: 100.0%",1
2026-01-01T16:20:45Z,ISLAND,100.0,0.0,"Baseline UPS logic. V: 0.922, SOC: 100.0%",1
2026-01-01T16:20:50Z,GRID_PASS,100.0,0.0,"Baseline UPS logic. V: 0.977, SOC: 100.0%",1
2026-01-01T16:20:55Z,GRID_PASS,100.0,0.0,"Baseline UPS logic. V: 0.992, SOC: 100.0%",1
2026-01-01T16:21:00Z,ISLAND,100.0,0.0,"Baseline UPS logic. V: 0.925, SOC: 100.0%",1
2026-01-01T16:21:05Z,GRID_PASS,100.0,0.0,"Baseline UPS logic. V: 0.961, SOC: 100.0%",1
2026-01-01T16:21:10Z,ISLAND,100.0,0.0,"Baseline UPS logic. V: 0.927, SOC: 100.0%",1
2026-01-01T16:21:15Z,ISLAND,100.0,0.0,"Baseline UPS logic. V: 0.932, SOC: 100.0%",1
2026-01-01T16:21:20Z,ISLAND,100.0,0.0,"Baseline UPS logic. V: 0.902, SOC: 100.0%",1
2026-01-01T16:21:25Z,GRID_PASS,100.0,0.0,"Baseline UPS logic. V: 1.021, SOC: 100.0%",1
2026-01-01T16:21:30Z,GRID_PASS,100.0,0.0,"Baseline UPS logic. V: 1.011, SOC: 100.0%",1
2026-01-01T16:21:35Z,GRID_PASS,100.0,0.0,"Baseline UPS logic. V: 0.985, SOC: 100.0%",1
2026-01-01T16:21:40Z,GRID_PASS,100.0,0.0,"Baseline UPS logic. V: 1.057, SOC: 100.0%",1
2026-01-01T16:21:45Z,GRID_PASS,100.0,0.0,"Baseline UPS logic. V: 0.949, SOC: 100.0%",1
2026-01-01T16:21:50Z,GRID_PASS,100.0,0.0,"Baseline UPS logic. V: 1.110, SOC: 100.0%",1
2026-01-01T16:21:55Z,GRID_PASS,100.0,0.0,"Baseline UPS logic. V: 0.947, SOC: 100.0%",1
2026-01-01T16:22:00Z,GRID_PASS,100.0,0.0,"Baseline UPS logic. V: 0.971, SOC: 100.0%",1
2026-01-01T16:22:05Z,ISLAND,100.0,0.0,"Baseline UPS logic. V: 0.938, SOC: 100.0%",1
2026-01-01T16:22:10Z,GRID_PASS,100.0,0.0,"Baseline UPS logic. V: 0.977, SOC: 100.0%",1
2026-01-01T16:22:15Z,GRID_PASS,100.0,0.0,"Baseline UPS logic. V: 1.000, SOC: 100.0%",1
2026-01-01T16:22:20Z,GRID_PASS,100.0,0.0,"Baseline UPS logic. V: 0.952, SOC: 100.0%",1
2026-01-01T16:22:25Z,GRID_PASS,100.0,0.0,"Baseline UPS logic. V: 1.047, SOC: 100.0%",1
2026-01-01T16:22:30Z,GRID_PASS,100.0,0.0,"Baseline UPS logic. V: 0.970, SOC: 100.0%",1
2026-01-01T16:22:35Z,GRID_PASS,100.0,0.0,"Baseline UPS logic. V: 0.972, SOC: 100.0%",1
2026-01-01T16:22:40Z,ISLAND,100.0,0.0,"Baseline UPS logic. V: 0.913, SOC: 100.0%",1
2026-01-01T16:22:45Z,GRID_PASS,100.0,0.0,"Baseline UPS logic. V: 0.979, SOC: 100.0%",1
2026-01-01T16:22:50Z,GRID_PASS,100.0,0.0,"Baseline UPS logic. V: 0.951, SOC: 100.0%",1
2026-01-01T16:22:55Z,ISLAND,100.0,0.0,"Baseline UPS logic. V: 0.928, SOC: 100.0%",1
2026-01-01T16:23:00Z,ISLAND,100.0,0.0,"Baseline UPS logic. V: 0.919, SOC: 100.0%",1
2026-01-01T16:23:05Z,GRID_PASS,100.0,0.0,"Baseline UPS logic. V: 1.091, SOC: 100.0%",1
2026-01-01T16:23:10Z,GRID_PASS,100.0,0.0,"Baseline UPS logic. V: 0.945, SOC: 100.0%",1
2026-01-01T16:23:15Z,ISLAND,100.0,0.0,"Baseline UPS logic. V: 0.885, SOC: 100.0%",1
2026-01-01T16:23:20Z,ISLAND,100.0,0.0,"Baseline UPS logic. V: 0.923, SOC: 100.0%",1
2026-01-01T16:23:25Z,GRID_PASS,100.0,0.0,"Baseline UPS logic. V: 0.955, SOC: 100.0%",1
2026-01-01T16:23:30Z,GRID_PASS,100.0,0.0,"Baseline UPS logic. V: 0.985, SOC: 100.0%",1
2026-01-01T16:23:35Z,GRID_PASS,100.0,0.0,"Baseline UPS logic. V: 0.986, SOC: 100.0%",1
2026-01-01T16:23:40Z,GRID_PASS,100.0,0.0,"Baseline UPS logic. V: 0.992, SOC: 100.0%",1
2026-01-01T16:23:45Z,ISLAND,100.0,0.0,"Baseline UPS logic. V: 0.926, SOC: 100.0%",1
2026-01-01T16:23:50Z,GRID_PASS,100.0,0.0,"Baseline UPS logic. V: 0.975, SOC: 100.0%",1
2026-01-01T16:23:55Z,ISLAND,100.0,0.0,"Baseline UPS logic. V: 0.914, SOC: 100.0%",1
2026-01-01T16:24:00Z,ISLAND,100.0,0.0,"Baseline UPS logic. V: 0.927, SOC: 100.0%",1
2026-01-01T16:24:05Z,ISLAND,100.0,0.0,"Baseline UPS logic. V: 0.912, SOC: 100.0%",1
2026-01-01T16:24:10Z,ISLAND,100.0,0.0,"Baseline UPS logic. V: 0.898, SOC: 100.0%",1
2026-01-01T16:24:15Z,GRID_PASS,100.0,0.0,"Baseline UPS logic. V: 1.011, SOC: 100.0%",1
2026-01-01T16:24:20Z,GRID_PASS,100.0,0.0,"Baseline UPS logic. V: 0.992, SOC: 100.0%",1
2026-01-01T16:24:25Z,GRID_PASS,100.0,0.0,"Baseline UPS logic. V: 1.007, SOC: 100.0%",1
2026-01-01T16:24:30Z,GRID_PASS,100.0,0.0,"Baseline UPS logic. V: 0.960, SOC: 100.0%",1
2026-01-01T16:24:35Z,GRID_PASS,100.0,0.0,"Baseline UPS logic. V: 0.997, SOC: 100.0%",1
2026-01-01T16:24:40Z,ISLAND,100.0,0.0,"Baseline UPS logic. V: 0.870, SOC: 100.0%",1
2026-01-01T16:24:45Z,GRID_PASS,100.0,0.0,"Baseline UPS logic. V: 1.001, SOC: 100.0%",1
2026-01-01T16:24:50Z,GRID_PASS,100.0,0.0,"Baseline UPS logic. V: 0.966, SOC: 100.0%",1
2026-01-01T16:24:55Z,GRID_PASS,100.0,0.0,"Baseline UPS logic. V: 0.989, SOC: 100.0%",1
2026-01-01T16:25:00Z,GRID_PASS,100.0,0.0,"Baseline UPS logic. V: 0.977, SOC: 100.0%",1
2026-01-01T16:25:05Z,ISLAND,100.0,0.0,"Baseline UPS logic. V: 0.908, SOC: 100.0%",1
2026-01-01T16:25:10Z,ISLAND,100.0,0.0,"Baseline UPS logic. V: 0.883, SOC: 100.0%",1
2026-01-01T16:25:15Z,ISLAND,100.0,0.0,"Baseline UPS logic. V: 0.922, SOC: 100.0%",1
2026-01-01T16:25:20Z,GRID_PASS,100.0,0.0,"Baseline UPS logic. V: 0.986, SOC: 100.0%",1
2026-01-01T16:25:25Z,GRID_PASS,100.0,0.0,"Baseline UPS logic. V: 0.992, SOC: 100.0%",1
2026-01-01T16:25:30Z,ISLAND,100.0,0.0,"Baseline UPS logic. V: 0.889, SOC: 100.0%",1
2026-01-01T16:25:35Z,ISLAND,100.0,0.0,"Baseline UPS logic. V: 0.909, SOC: 100.0%",1
2026-01-01T16:25:40Z,ISLAND,100.0,0.0,"Baseline UPS logic. V: 0.921, SOC: 100.0%",1
2026-01-01T16:25:45Z,ISLAND,100.0,0.0,"Baseline UPS logic. V: 0.940, SOC: 100.0%",1
2026-01-01T16:25:50Z,ISLAND,100.0,0.0,"Baseline UPS logic. V: 0.889, SOC: 100.0%",1
2026-01-01T16:25:55Z,ISLAND,100.0,0.0,"Baseline UPS logic. V: 0.886, SOC: 100.0%",1
2026-01-01T16:26:00Z,ISLAND,100.0,0.0,"Baseline UPS logic. V: 0.916, SOC: 100.0%",1
2026-01-01T16:26:05Z,GRID_PASS,100.0,0.0,"Baseline UPS logic. V: 0.962, SOC: 100.0%",1
2026-01-01T16:26:10Z,ISLAND,100.0,0.0,"Baseline UPS logic. V: 0.898, SOC: 100.0%",1
2026-01-01T16:26:15Z,GRID_PASS,100.0,0.0,"Baseline UPS logic. V: 0.952, SOC: 100.0%",1
2026-01-01T16:26:20Z,GRID_PASS,100.0,0.0,"Baseline UPS logic. V: 1.010, SOC: 100.0%",1
2026-01-01T16:26:25Z,ISLAND,100.0,0.0,"Baseline UPS logic. V: 0.892, SOC: 100.0%",1
2026-01-01T16:26:30Z,GRID_PASS,100.0,0.0,"Baseline UPS logic. V: 0.947, SOC: 100.0%",1
2026-01-01T16:26:35Z,GRID_PASS,100.0,0.0,"Baseline UPS logic. V: 1.008, SOC: 100.0%",1
2026-01-01T16:26:40Z,ISLAND,100.0,0.0,"Baseline UPS logic. V: 0.937, SOC: 100.0%",1
2026-01-01T16:26:45Z,ISLAND,100.0,0.0,"Baseline UPS logic. V: 0.929, SOC: 100.0%",1
2026-01-01T16:26:50Z,GRID_PASS,100.0,0.0,"Baseline UPS logic. V: 1.015, SOC: 100.0%",1
2026-01-01T16:26:55Z,GRID_PASS,100.0,0.0,"Baseline UPS logic. V: 0.942, SOC: 100.0%",1
2026-01-01T16:27:00Z,GRID_PASS,100.0,0.0,"Baseline UPS logic. V: 1.013, SOC: 100.0%",1
2026-01-01T16:27:05Z,GRID_PASS,100.0,0.0,"Baseline UPS logic. V: 0.979, SOC: 100.0%",1
2026-01-01T16:27:10Z,GRID_PASS,100.0,0.0,"Baseline UPS logic. V: 0.940, SOC: 100.0%",1
2026-01-01T16:27:15Z,GRID_PASS,100.0,0.0,"Baseline UPS logic. V: 0.981, SOC: 100.0%",1
2026-01-01T16:27:20Z,GRID_PASS,100.0,0.0,"Baseline UPS logic. V: 0.973, SOC: 100.0%",1
2026-01-01T16:27:25Z,GRID_PASS,100.0,0.0,"Baseline UPS logic. V: 1.008, SOC: 100.0%",1
2026-01-01T16:27:30Z,ISLAND,100.0,0.0,"Baseline UPS logic. V: 0.930, SOC: 100.0%",1
2026-01-01T16:27:35Z,GRID_PASS,100.0,0.0,"Baseline UPS logic. V: 0.959, SOC: 100.0%",1
2026-01-01T16:27:40Z,GRID_PASS,100.0,0.0,"Baseline UPS logic. V: 0.954, SOC: 100.0%",1
2026-01-01T16:27:45Z,GRID_PASS,100.0,0.0,"Baseline UPS logic. V: 0.993, SOC: 100.0%",1
2026-01-01T16:27:50Z,ISLAND,100.0,0.0,"Baseline UPS logic. V: 0.906, SOC: 100.0%",1
2026-01-01T16:27:55Z,GRID_PASS,100.0,0.0,"Baseline UPS logic. V: 1.008, SOC: 100.0%",1
2026-01-01T16:28:00Z,GRID_PASS,100.0,0.0,"Baseline UPS logic. V: 0.980, SOC: 100.0%",1
2026-01-01T16:28:05Z,ISLAND,100.0,0.0,"Baseline UPS logic. V: 0.891, SOC: 100.0%",1
2026-01-01T16:28:10Z,GRID_PASS,100.0,0.0,"Baseline UPS logic. V: 1.018, SOC: 100.0%",1
2026-01-01T16:28:15Z,GRID_PASS,100.0,0.0,"Baseline UPS logic. V: 1.069, SOC: 100.0%",1
2026-01-01T16:28:20Z,GRID_PASS,100.0,0.0,"Baseline UPS logic. V: 1.007, SOC: 100.0%",1
2026-01-01T16:28:25Z,GRID_PASS,100.0,0.0,"Baseline UPS logic. V: 1.028, SOC: 100.0%",1
2026-01-01T16:28:30Z,GRID_PASS,100.0,0.0,"Baseline UPS logic. V: 0.961, SOC: 100.0%",1
2026-01-01T16:28:35Z,ISLAND,100.0,0.0,"Baseline UPS logic. V: 0.874, SOC: 100.0%",1
2026-01-01T16:28:40Z,ISLAND,100.0,0.0,"Baseline UPS logic. V: 0.865, SOC: 100.0%",1
2026-01-01T16:28:45Z,GRID_PASS,100.0,0.0,"Baseline UPS logic. V: 0.970, SOC: 100.0%",1
2026-01-01T16:28:50Z,ISLAND,100.0,0.0,"Baseline UPS logic. V: 0.927, SOC: 100.0%",1
2026-01-01T16:28:55Z,ISLAND,100.0,0.0,"Baseline UPS logic. V: 0.911, SOC: 100.0%",1
2026-01-01T16:29:00Z,GRID_PASS,100.0,0.0,"Baseline UPS logic. V: 0.954, SOC: 100.0%",1
2026-01-01T16:29:05Z,GRID_PASS,100.0,0.0,"Baseline UPS logic. V: 0.988, SOC: 100.0%",1
2026-01-01T16:29:10Z,ISLAND,100.0,0.0,"Baseline UPS logic. V: 0.884, SOC: 100.0%",1
2026-01-01T16:29:15Z,ISLAND,100.0,0.0,"Baseline UPS logic. V: 0.935, SOC: 100.0%",1
2026-01-01T16:29:20Z,GRID_PASS,100.0,0.0,"Baseline UPS logic. V: 1.032, SOC: 100.0%",1
2026-01-01T16:29:25Z,ISLAND,100.0,0.0,"Baseline UPS logic. V: 0.903, SOC: 100.0%",1
2026-01-01T16:29:30Z,GRID_PASS,100.0,0.0,"Baseline UPS logic. V: 1.001, SOC: 100.0%",1
2026-01-01T16:29:35Z,ISLAND,100.0,0.0,"Baseline UPS logic. V: 0.933, SOC: 100.0%",1
2026-01-01T16:29:40Z,GRID_PASS,100.0,0.0,"Baseline UPS logic. V: 0.984, SOC: 100.0%",1
2026-01-01T16:29:45Z,GRID_PASS,100.0,0.0,"Baseline UPS logic. V: 1.012, SOC: 100.0%",1
2026-01-01T16:29:50Z,GRID_PASS,100.0,0.0,"Baseline UPS logic. V: 0.994, SOC: 100.0%",1
2026-01-01T16:29:55Z,GRID_PASS,100.0,0.0,"Baseline UPS logic. V: 1.002, SOC: 100.0%",1
2026-01-01T16:30:00Z,ISLAND,100.0,0.0,"Baseline UPS logic. V: 0.899, SOC: 100.0%",1
2026-01-01T16:30:05Z,GRID_PASS,100.0,0.0,"Baseline UPS logic. V: 1.013, SOC: 100.0%",1
2026-01-01T16:30:10Z,ISLAND,100.0,0.0,"Baseline UPS logic. V: 0.914, SOC: 100.0%",1
2026-01-01T16:30:15Z,GRID_PASS,100.0,0.0,"Baseline UPS logic. V: 0.970, SOC: 100.0%",1
2026-01-01T16:30:20Z,GRID_PASS,100.0,0.0,"Baseline UPS logic. V: 0.969, SOC: 100.0%",1
2026-01-01T16:30:25Z,GRID_PASS,100.0,0.0,"Baseline UPS logic. V: 0.981, SOC: 100.0%",1
2026-01-01T16:30:30Z,GRID_PASS,100.0,0.0,"Baseline UPS logic. V: 0.974, SOC: 100.0%",1
2026-01-01T16:30:35Z,ISLAND,100.0,0.0,"Baseline UPS logic. V: 0.915, SOC: 100.0%",1
2026-01-01T16:30:40Z,ISLAND,100.0,0.0,"Baseline UPS logic. V: 0.889, SOC: 100.0%",1
2026-01-01T16:30:45Z,GRID_PASS,100.0,0.0,"Baseline UPS logic. V: 1.000, SOC: 100.0%",1
2026-01-01T16:30:50Z,GRID_PASS,100.0,0.0,"Baseline UPS logic. V: 0.966, SOC: 100.0%",1
2026-01-01T16:30:55Z,GRID_PASS,100.0,0.0,"Baseline UPS logic. V: 1.014, SOC: 100.0%",1
2026-01-01T16:31:00Z,GRID_PASS,100.0,0.0,"Baseline UPS logic. V: 0.955, SOC: 100.0%",1
2026-01-01T16:31:05Z,ISLAND,100.0,0.0,"Baseline UPS logic. V: 0.886, SOC: 100.0%",1
2026-01-01T16:31:10Z,GRID_PASS,100.0,0.0,"Baseline UPS logic. V: 1.005, SOC: 100.0%",1
2026-01-01T16:31:15Z,ISLAND,100.0,0.0,"Baseline UPS logic. V: 0.938, SOC: 100.0%",1
2026-01-01T16:31:20Z,GRID_PASS,100.0,0.0,"Baseline UPS logic. V: 0.974, SOC: 100.0%",1
2026-01-01T16:31:25Z,ISLAND,100.0,0.0,"Baseline UPS logic. V: 0.924, SOC: 100.0%",1
2026-01-01T16:31:30Z,GRID_PASS,100.0,0.0,"Baseline UPS logic. V: 1.039, SOC: 100.0%",1
2026-01-01T16:31:35Z,ISLAND,100.0,0.0,"Baseline UPS logic. V: 0.913, SOC: 100.0%",1
2026-01-01T16:31:40Z,ISLAND,100.0,0.0,"Baseline UPS logic. V: 0.940, SOC: 100.0%",1
2026-01-01T16:31:45Z,GRID_PASS,100.0,0.0,"Baseline UPS logic. V: 0.962, SOC: 100.0%",1
2026-01-01T16:31:50Z,ISLAND,100.0,0.0,"Baseline UPS logic. V: 0.902, SOC: 100.0%",1
2026-01-01T16:31:55Z,GRID_PASS,100.0,0.0,"Baseline UPS logic. V: 0.973, SOC: 100.0%",1
2026-01-01T16:32:00Z,GRID_PASS,100.0,0.0,"Baseline UPS logic. V: 1.037, SOC: 100.0%",1
2026-01-01T16:32:05Z,ISLAND,100.0,0.0,"Baseline UPS logic. V: 0.932, SOC: 100.0%",1
2026-01-01T16:32:10Z,GRID_PASS,100.0,0.0,"Baseline UPS logic. V: 0.976, SOC: 100.0%",1
2026-01-01T16:32:15Z,ISLAND,100.0,0.0,"Baseline UPS logic. V: 0.819, SOC: 100.0%",1
2026-01-01T16:32:20Z,GRID_PASS,100.0,0.0,"Baseline UPS logic. V: 0.955, SOC: 100.0%",1
2026-01-01T16:32:25Z,GRID_PASS,100.0,0.0,"Baseline UPS logic. V: 0.941, SOC: 100.0%",1
2026-01-01T16:32:30Z,ISLAND,100.0,0.0,"Baseline UPS logic. V: 0.916, SOC: 100.0%",1
2026-01-01T16:32:35Z,GRID_PASS,100.0,0.0,"Baseline UPS logic. V: 1.011, SOC: 100.0%",1
2026-01-01T16:32:40Z,ISLAND,100.0,0.0,"Baseline UPS logic. V: 0.940, SOC: 100.0%",1
2026-01-01T16:32:45Z,GRID_PASS,100.0,0.0,"Baseline UPS logic. V: 0.948, SOC: 100.0%",1
2026-01-01T16:32:50Z,ISLAND,100.0,0.0,"Baseline UPS logic. V: 0.937, SOC: 100.0%",1
2026-01-01T16:32:55Z,ISLAND,100.0,0.0,"Baseline UPS logic. V: 0.861, SOC: 100.0%",1
2026-01-01T16:33:00Z,ISLAND,100.0,0.0,"Baseline UPS logic. V: 0.900, SOC: 100.0%",1
2026-01-01T16:33:05Z,GRID_PASS,100.0,0.0,"Baseline UPS logic. V: 1.004, SOC: 100.0%",1
2026-01-01T16:33:10Z,ISLAND,100.0,0.0,"Baseline UPS logic. V: 0.851, SOC: 100.0%",1
2026-01-01T16:33:15Z,ISLAND,100.0,0.0,"Baseline UPS logic. V: 0.918, SOC: 100.0%",1
2026-01-01T16:33:20Z,ISLAND,100.0,0.0,"Baseline UPS logic. V: 0.936, SOC: 100.0%",1
2026-01-01T16:33:25Z,GRID_PASS,100.0,0.0,"Baseline UPS logic. V: 1.043, SOC: 100.0%",1
2026-01-01T16:33:30Z,GRID_PASS,100.0,0.0,"Baseline UPS logic. V: 0.994, SOC: 100.0%",1
2026-01-01T16:33:35Z,ISLAND,100.0,0.0,"Baseline UPS logic. V: 0.928, SOC: 100.0%",1
2026-01-01T16:33:40Z,GRID_PASS,100.0,0.0,"Baseline UPS logic. V: 1.022, SOC: 100.0%",1
2026-01-01T16:33:45Z,ISLAND,100.0,0.0,"Baseline UPS logic. V: 0.919, SOC: 100.0%",1
2026-01-01T16:33:50Z,GRID_PASS,100.0,0.0,"Baseline UPS logic. V: 1.007, SOC: 100.0%",1
2026-01-01T16:33:55Z,ISLAND,100.0,0.0,"Baseline UPS logic. V: 0.888, SOC: 100.0%",1
2026-01-01T16:34:00Z,GRID_PASS,100.0,0.0,"Baseline UPS logic. V: 1.010, SOC: 100.0%",1
2026-01-01T16:34:05Z,ISLAND,100.0,0.0,"Baseline UPS logic. V: 0.936, SOC: 100.0%",1
2026-01-01T16:34:10Z,ISLAND,100.0,0.0,"Baseline UPS logic. V: 0.905, SOC: 100.0%",1
2026-01-01T16:34:15Z,GRID_PASS,100.0,0.0,"Baseline UPS logic. V: 0.945, SOC: 100.0%",1
2026-01-01T16:34:20Z,GRID_PASS,100.0,0.0,"Baseline UPS logic. V: 0.970, SOC: 100.0%",1
2026-01-01T16:34:25Z,ISLAND,100.0,0.0,"Baseline UPS logic. V: 0.931, SOC: 100.0%",1
2026-01-01T16:34:30Z,GRID_PASS,100.0,0.0,"Baseline UPS logic. V: 0.984, SOC: 100.0%",1
2026-01-01T16:34:35Z,ISLAND,100.0,0.0,"Baseline UPS logic. V: 0.927, SOC: 100.0%",1
2026-01-01T16:34:40Z,GRID_PASS,100.0,0.0,"Baseline UPS logic. V: 0.987, SOC: 100.0%",1
2026-01-01T16:34:45Z,GRID_PASS,100.0,0.0,"Baseline UPS logic. V: 0.978, SOC: 100.0%",1
2026-01-01T16:34:50Z,GRID_PASS,100.0,0.0,"Baseline UPS logic. V: 0.953, SOC: 100.0%",1
2026-01-01T16:34:55Z,ISLAND,100.0,0.0,"Baseline UPS logic. V: 0.934, SOC: 100.0%",1
2026-01-01T16:35:00Z,GRID_PASS,100.0,0.0,"Baseline UPS logic. V: 0.964, SOC: 100.0%",1
2026-01-01T16:35:05Z,GRID_PASS,100.0,0.0,"Baseline UPS logic. V: 0.983, SOC: 100.0%",1
2026-01-01T16:35:10Z,GRID_PASS,100.0,0.0,"Baseline UPS logic. V: 1.059, SOC: 100.0%",1
2026-01-01T16:35:15Z,GRID_PASS,100.0,0.0,"Baseline UPS logic. V: 1.003, SOC: 100.0%",1
2026-01-01T16:35:20Z,GRID_PASS,100.0,0.0,"Baseline UPS logic. V: 1.005, SOC: 100.0%",1
2026-01-01T16:35:25Z,GRID_PASS,100.0,0.0,"Baseline UPS logic. V: 1.110, SOC: 100.0%",1
2026-01-01T16:35:30Z,GRID_PASS,100.0,0.0,"Baseline UPS logic. V: 0.982, SOC: 100.0%",1
2026-01-01T16:35:35Z,GRID_PASS,100.0,0.0,"Baseline UPS logic. V: 0.980, SOC: 100.0%",1
2026-01-01T16:35:40Z,GRID_PASS,100.0,0.0,"Baseline UPS logic. V: 0.991, SOC: 100.0%",1
2026-01-01T16:35:45Z,ISLAND,100.0,0.0,"Baseline UPS logic. V: 0.905, SOC: 100.0%",1
2026-01-01T16:35:50Z,ISLAND,100.0,0.0,"Baseline UPS logic. V: 0.934, SOC: 100.0%",1
2026-01-01T16:35:55Z,ISLAND,100.0,0.0,"Baseline UPS logic. V: 0.930, SOC: 100.0%",1
2026-01-01T16:36:00Z,GRID_PASS,100.0,0.0,"Baseline UPS logic. V: 0.988, SOC: 100.0%",1
2026-01-01T16:36:05Z,GRID_PASS,100.0,0.0,"Baseline UPS logic. V: 0.947, SOC: 100.0%",1
2026-01-01T16:36:10Z,GRID_PASS,100.0,0.0,"Baseline UPS logic. V: 0.963, SOC: 100.0%",1
2026-01-01T16:36:15Z,GRID_PASS,100.0,0.0,"Baseline UPS logic. V: 1.010, SOC: 100.0%",1
2026-01-01T16:36:20Z,GRID_PASS,100.0,0.0,"Baseline UPS logic. V: 0.999, SOC: 100.0%",1
2026-01-01T16:36:25Z,GRID_PASS,100.0,0.0,"Baseline UPS logic. V: 0.948, SOC: 100.0%",1
2026-01-01T16:36:30Z,ISLAND,100.0,0.0,"Baseline UPS logic. V: 0.922, SOC: 100.0%",1
2026-01-01T16:36:35Z,GRID_PASS,100.0,0.0,"Baseline UPS logic. V: 1.013, SOC: 100.0%",1
2026-01-01T16:36:40Z,GRID_PASS,100.0,0.0,"Baseline UPS logic. V: 0.994, SOC: 100.0%",1
2026-01-01T16:36:45Z,ISLAND,100.0,0.0,"Baseline UPS logic. V: 0.875, SOC: 100.0%",1
2026-01-01T16:36:50Z,GRID_PASS,100.0,0.0,"Baseline UPS logic. V: 0.940, SOC: 100.0%",1
2026-01-01T16:36:55Z,GRID_PASS,100.0,0.0,"Baseline UPS logic. V: 0.964, SOC: 100.0%",1
2026-01-01T16:37:00Z,GRID_PASS,100.0,0.0,"Baseline UPS logic. V: 0.995, SOC: 100.0%",1
2026-01-01T16:37:05Z,GRID_PASS,100.0,0.0,"Baseline UPS logic. V: 1.001, SOC: 100.0%",1
2026-01-01T16:37:10Z,GRID_PASS,100.0,0.0,"Baseline UPS logic. V: 0.970, SOC: 100.0%",1
2026-01-01T16:37:15Z,GRID_PASS,100.0,0.0,"Baseline UPS logic. V: 0.985, SOC: 100.0%",1
2026-01-01T16:37:20Z,GRID_PASS,100.0,0.0,"Baseline UPS logic. V: 0.959, SOC: 100.0%",1
2026-01-01T16:37:25Z,ISLAND,100.0,0.0,"Baseline UPS logic. V: 0.922, SOC: 100.0%",1
2026-01-01T16:37:30Z,GRID_PASS,100.0,0.0,"Baseline UPS logic. V: 0.943, SOC: 100.0%",1
2026-01-01T16:37:35Z,GRID_PASS,100.0,0.0,"Baseline UPS logic. V: 0.956, SOC: 100.0%",1
2026-01-01T16:37:40Z,GRID_PASS,100.0,0.0,"Baseline UPS logic. V: 0.954, SOC: 100.0%",1
2026-01-01T16:37:45Z,ISLAND,100.0,0.0,"Baseline UPS logic. V: 0.861, SOC: 100.0%",1
2026-01-01T16:37:50Z,ISLAND,100.0,0.0,"Baseline UPS logic. V: 0.936, SOC: 100.0%",1
2026-01-01T16:37:55Z,GRID_PASS,100.0,0.0,"Baseline UPS logic. V: 0.958, SOC: 100.0%",1
2026-01-01T16:38:00Z,GRID_PASS,100.0,0.0,"Baseline UPS logic. V: 0.941, SOC: 100.0%",1
2026-01-01T16:38:05Z,GRID_PASS,100.0,0.0,"Baseline UPS logic. V: 0.943, SOC: 100.0%",1
2026-01-01T16:38:10Z,GRID_PASS,100.0,0.0,"Baseline UPS logic. V: 0.980, SOC: 100.0%",1
2026-01-01T16:38:15Z,ISLAND,100.0,0.0,"Baseline UPS logic. V: 0.901, SOC: 100.0%",1
2026-01-01T16:38:20Z,ISLAND,100.0,0.0,"Baseline UPS logic. V: 0.874, SOC: 100.0%",1
2026-01-01T16:38:25Z,ISLAND,100.0,0.0,"Baseline UPS logic. V: 0.938, SOC: 100.0%",1
2026-01-01T16:38:30Z,GRID_PASS,100.0,0.0,"Baseline UPS logic. V: 0.993, SOC: 100.0%",1
2026-01-01T16:38:35Z,GRID_PASS,100.0,0.0,"Baseline UPS logic. V: 1.039, SOC: 100.0%",1
2026-01-01T16:38:40Z,GRID_PASS,100.0,0.0,"Baseline UPS logic. V: 0.994, SOC: 100.0%",1
2026-01-01T16:38:45Z,ISLAND,100.0,0.0,"Baseline UPS logic. V: 0.882, SOC: 100.0%",1
2026-01-01T16:38:50Z,GRID_PASS,100.0,0.0,"Baseline UPS logic. V: 0.944, SOC: 100.0%",1
2026-01-01T16:38:55Z,GRID_PASS,100.0,0.0,"Baseline UPS logic. V: 0.968, SOC: 100.0%",1
2026-01-01T16:39:00Z,GRID_PASS,100.0,0.0,"Baseline UPS logic. V: 0.964, SOC: 100.0%",1
2026-01-01T16:39:05Z,GRID_PASS,100.0,0.0,"Baseline UPS logic. V: 0.982, SOC: 100.0%",1
2026-01-01T16:39:10Z,ISLAND,100.0,0.0,"Baseline UPS logic. V: 0.909, SOC: 100.0%",1
2026-01-01T16:39:15Z,GRID_PASS,100.0,0.0,"Baseline UPS logic. V: 0.958, SOC: 100.0%",1
2026-01-01T16:39:20Z,GRID_PASS,100.0,0.0,"Baseline UPS logic. V: 0.976, SOC: 100.0%",1
2026-01-01T16:39:25Z,GRID_PASS,100.0,0.0,"Baseline UPS logic. V: 0.996, SOC: 100.0%",1
2026-01-01T16:39:30Z,ISLAND,100.0,0.0,"Baseline UPS logic. V: 0.915, SOC: 100.0%",1
2026-01-01T16:39:35Z,ISLAND,100.0,0.0,"Baseline UPS logic. V: 0.938, SOC: 100.0%",1
2026-01-01T16:39:40Z,ISLAND,100.0,0.0,"Baseline UPS logic. V: 0.820, SOC: 100.0%",1
2026-01-01T16:39:45Z,ISLAND,100.0,0.0,"Baseline UPS logic. V: 0.924, SOC: 100.0%",1
2026-01-01T16:39:50Z,ISLAND,100.0,0.0,"Baseline UPS logic. V: 0.929, SOC: 100.0%",1
2026-01-01T16:39:55Z,ISLAND,100.0,0.0,"Baseline UPS logic. V: 0.904, SOC: 100.0%",1
2026-01-01T16:40:00Z,GRID_PASS,100.0,0.0,"Baseline UPS logic. V: 0.963, SOC: 100.0%",1
2026-01-01T16:40:05Z,GRID_PASS,100.0,0.0,"Baseline UPS logic. V: 0.952, SOC: 100.0%",1
2026-01-01T16:40:10Z,ISLAND,100.0,0.0,"Baseline UPS logic. V: 0.842, SOC: 100.0%",1
2026-01-01T16:40:15Z,GRID_PASS,100.0,0.0,"Baseline UPS logic. V: 0.966, SOC: 100.0%",1
2026-01-01T16:40:20Z,ISLAND,100.0,0.0,"Baseline UPS logic. V: 0.908, SOC: 100.0%",1
2026-01-01T16:40:25Z,GRID_PASS,100.0,0.0,"Baseline UPS logic. V: 0.979, SOC: 100.0%",1
2026-01-01T16:40:30Z,ISLAND,100.0,0.0,"Baseline UPS logic. V: 0.891, SOC: 100.0%",1
2026-01-01T16:40:35Z,GRID_PASS,100.0,0.0,"Baseline UPS logic. V: 0.957, SOC: 100.0%",1
2026-01-01T16:40:40Z,GRID_PASS,100.0,0.0,"Baseline UPS logic. V: 0.941, SOC: 100.0%",1
2026-01-01T16:40:45Z,GRID_PASS,100.0,0.0,"Baseline UPS logic. V: 0.970, SOC: 100.0%",1
2026-01-01T16:40:50Z,GRID_PASS,100.0,0.0,"Baseline UPS logic. V: 0.961, SOC: 100.0%",1
2026-01-01T16:40:55Z,GRID_PASS,100.0,0.0,"Baseline UPS logic. V: 0.942, SOC: 100.0%",1
2026-01-01T16:41:00Z,ISLAND,100.0,0.0,"Baseline UPS logic. V: 0.878, SOC: 100.0%",1
2026-01-01T16:41:05Z,ISLAND,100.0,0.0,"Baseline UPS logic. V: 0.881, SOC: 100.0%",1
2026-01-01T16:41:10Z,ISLAND,100.0,0.0,"Baseline UPS logic. V: 0.925, SOC: 100.0%",1
2026-01-01T16:41:15Z,GRID_PASS,100.0,0.0,"Baseline UPS logic. V: 0.954, SOC: 100.0%",1
2026-01-01T16:41:20Z,ISLAND,100.0,0.0,"Baseline UPS logic. V: 0.924, SOC: 100.0%",1
2026-01-01T16:41:25Z,GRID_PASS,100.0,0.0,"Baseline UPS logic. V: 0.986, SOC: 100.0%",1
2026-01-01T16:41:30Z,GRID_PASS,100.0,0.0,"Baseline UPS logic. V: 0.941, SOC: 100.0%",1
2026-01-01T16:41:35Z,ISLAND,100.0,0.0,"Baseline UPS logic. V: 0.907, SOC: 100.0%",1
2026-01-01T16:41:40Z,GRID_PASS,100.0,0.0,"Baseline UPS logic. V: 0.941, SOC: 100.0%",1
2026-01-01T16:41:45Z,GRID_PASS,100.0,0.0,"Baseline UPS logic. V: 0.966, SOC: 100.0%",1
2026-01-01T16:41:50Z,GRID_PASS,100.0,0.0,"Baseline UPS logic. V: 0.971, SOC: 100.0%",1
2026-01-01T16:41:55Z,GRID_PASS,100.0,0.0,"Baseline UPS logic. V: 1.049, SOC: 100.0%",1
2026-01-01T16:42:00Z,ISLAND,100.0,0.0,"Baseline UPS logic. V: 0.921, SOC: 100.0%",1
2026-01-01T16:42:05Z,GRID_PASS,100.0,0.0,"Baseline UPS logic. V: 0.951, SOC: 100.0%",1
2026-01-01T16:42:10Z,GRID_PASS,100.0,0.0,"Baseline UPS logic. V: 0.976, SOC: 100.0%",1
2026-01-01T16:42:15Z,GRID_PASS,100.0,0.0,"Baseline UPS logic. V: 0.953, SOC: 100.0%",1
2026-01-01T16:42:20Z,ISLAND,100.0,0.0,"Baseline UPS logic. V: 0.930, SOC: 100.0%",1
2026-01-01T16:42:25Z,ISLAND,100.0,0.0,"Baseline UPS logic. V: 0.877, SOC: 100.0%",1
2026-01-01T16:42:30Z,ISLAND,100.0,0.0,"Baseline UPS logic. V: 0.929, SOC: 100.0%",1
2026-01-01T16:42:35Z,ISLAND,100.0,0.0,"Baseline UPS logic. V: 0.901, SOC: 100.0%",1
2026-01-01T16:42:40Z,ISLAND,100.0,0.0,"Baseline UPS logic. V: 0.868, SOC: 100.0%",1
2026-01-01T16:42:45Z,ISLAND,100.0,0.0,"Baseline UPS logic. V: 0.915, SOC: 100.0%",1
2026-01-01T16:42:50Z,ISLAND,100.0,0.0,"Baseline UPS logic. V: 0.902, SOC: 100.0%",1
2026-01-01T16:42:55Z,GRID_PASS,100.0,0.0,"Baseline UPS logic. V: 0.984, SOC: 100.0%",1
2026-01-01T16:43:00Z,GRID_PASS,100.0,0.0,"Baseline UPS logic. V: 0.984, SOC: 100.0%",1
2026-01-01T16:43:05Z,ISLAND,100.0,0.0,"Baseline UPS logic. V: 0.909, SOC: 100.0%",1
2026-01-01T16:43:10Z,GRID_PASS,100.0,0.0,"Baseline UPS logic. V: 0.941, SOC: 100.0%",1
2026-01-01T16:43:15Z,ISLAND,100.0,0.0,"Baseline UPS logic. V: 0.861, SOC: 100.0%",1
2026-01-01T16:43:20Z,ISLAND,100.0,0.0,"Baseline UPS logic. V: 0.930, SOC: 100.0%",1
2026-01-01T16:43:25Z,GRID_PASS,100.0,0.0,"Baseline UPS logic. V: 0.974, SOC: 100.0%",1
2026-01-01T16:43:30Z,GRID_PASS,100.0,0.0,"Baseline UPS logic. V: 0.995, SOC: 100.0%",1
2026-01-01T16:43:35Z,ISLAND,100.0,0.0,"Baseline UPS logic. V: 0.919, SOC: 100.0%",1
2026-01-01T16:43:40Z,GRID_PASS,100.0,0.0,"Baseline UPS logic. V: 1.007, SOC: 100.0%",1
2026-01-01T16:43:45Z,ISLAND,100.0,0.0,"Baseline UPS logic. V: 0.878, SOC: 100.0%",1
2026-01-01T16:43:50Z,ISLAND,100.0,0.0,"Baseline UPS logic. V: 0.892, SOC: 100.0%",1
2026-01-01T16:43:55Z,GRID_PASS,100.0,0.0,"Baseline UPS logic. V: 0.990, SOC: 100.0%",1
2026-01-01T16:44:00Z,GRID_PASS,100.0,0.0,"Baseline UPS logic. V: 1.038, SOC: 100.0%",1
2026-01-01T16:44:05Z,GRID_PASS,100.0,0.0,"Baseline UPS logic. V: 0.979, SOC: 100.0%",1
2026-01-01T16:44:10Z,GRID_PASS,100.0,0.0,"Baseline UPS logic. V: 0.952, SOC: 100.0%",1
2026-01-01T16:44:15Z,ISLAND,100.0,0.0,"Baseline UPS logic. V: 0.844, SOC: 100.0%",1
2026-01-01T16:44:20Z,ISLAND,100.0,0.0,"Baseline UPS logic. V: 0.853, SOC: 100.0%",1
2026-01-01T16:44:25Z,GRID_PASS,100.0,0.0,"Baseline UPS logic. V: 0.960, SOC: 100.0%",1
2026-01-01T16:44:30Z,ISLAND,100.0,0.0,"Baseline UPS logic. V: 0.936, SOC: 100.0%",1
2026-01-01T16:44:35Z,ISLAND,100.0,0.0,"Baseline UPS logic. V: 0.899, SOC: 100.0%",1
2026-01-01T16:44:40Z,GRID_PASS,100.0,0.0,"Baseline UPS logic. V: 0.957, SOC: 100.0%",1
2026-01-01T16:44:45Z,GRID_PASS,100.0,0.0,"Baseline UPS logic. V: 0.960, SOC: 100.0%",1
2026-01-01T16:44:50Z,GRID_PASS,100.0,0.0,"Baseline UPS logic. V: 1.001, SOC: 100.0%",1
2026-01-01T16:44:55Z,GRID_PASS,100.0,0.0,"Baseline UPS logic. V: 0.961, SOC: 100.0%",1
2026-01-01T16:45:00Z,GRID_PASS,100.0,0.0,"Baseline UPS logic. V: 1.016, SOC: 100.0%",1
2026-01-01T16:45:05Z,GRID_PASS,100.0,0.0,"Baseline UPS logic. V: 0.954, SOC: 100.0%",1
2026-01-01T16:45:10Z,GRID_PASS,100.0,0.0,"Baseline UPS logic. V: 0.948, SOC: 100.0%",1
2026-01-01T16:45:15Z,GRID_PASS,100.0,0.0,"Baseline UPS logic. V: 1.007, SOC: 100.0%",1
2026-01-01T16:45:20Z,ISLAND,100.0,0.0,"Baseline UPS logic. V: 0.905, SOC: 100.0%",1
2026-01-01T16:45:25Z,GRID_PASS,100.0,0.0,"Baseline UPS logic. V: 1.095, SOC: 100.0%",1
2026-01-01T16:45:30Z,GRID_PASS,100.0,0.0,"Baseline UPS logic. V: 0.972, SOC: 100.0%",1
2026-01-01T16:45:35Z,GRID_PASS,100.0,0.0,"Baseline UPS logic. V: 0.973, SOC: 100.0%",1
2026-01-01T16:45:40Z,GRID_PASS,100.0,0.0,"Baseline UPS logic. V: 0.980, SOC: 100.0%",1
2026-01-01T16:45:45Z,GRID_PASS,100.0,0.0,"Baseline UPS logic. V: 1.048, SOC: 100.0%",1
2026-01-01T16:45:50Z,GRID_PASS,100.0,0.0,"Baseline UPS logic. V: 0.993, SOC: 100.0%",1
2026-01-01T16:45:55Z,ISLAND,100.0,0.0,"Baseline UPS logic. V: 0.874, SOC: 100.0%",1
2026-01-01T16:46:00Z,GRID_PASS,100.0,0.0,"Baseline UPS logic. V: 1.024, SOC: 100.0%",1
2026-01-01T16:46:05Z,ISLAND,100.0,0.0,"Baseline UPS logic. V: 0.936, SOC: 100.0%",1
2026-01-01T16:46:10Z,GRID_PASS,100.0,0.0,"Baseline UPS logic. V: 0.959, SOC: 100.0%",1
2026-01-01T16:46:15Z,ISLAND,100.0,0.0,"Baseline UPS logic. V: 0.890, SOC: 100.0%",1
2026-01-01T16:46:20Z,GRID_PASS,100.0,0.0,"Baseline UPS logic. V: 0.980, SOC: 100.0%",1
2026-01-01T16:46:25Z,ISLAND,100.0,0.0,"Baseline UPS logic. V: 0.921, SOC: 100.0%",1
2026-01-01T16:46:30Z,GRID_PASS,100.0,0.0,"Baseline UPS logic. V: 0.959, SOC: 100.0%",1
2026-01-01T16:46:35Z,ISLAND,100.0,0.0,"Baseline UPS logic. V: 0.939, SOC: 100.0%",1
2026-01-01T16:46:40Z,GRID_PASS,100.0,0.0,"Baseline UPS logic. V: 1.050, SOC: 100.0%",1
2026-01-01T16:46:45Z,GRID_PASS,100.0,0.0,"Baseline UPS logic. V: 1.053, SOC: 100.0%",1
2026-01-01T16:46:50Z,GRID_PASS,100.0,0.0,"Baseline UPS logic. V: 0.956, SOC: 100.0%",1
2026-01-01T16:46:55Z,GRID_PASS,100.0,0.0,"Baseline UPS logic. V: 0.957, SOC: 100.0%",1
2026-01-01T16:47:00Z,ISLAND,100.0,0.0,"Baseline UPS logic. V: 0.935, SOC: 100.0%",1
2026-01-01T16:47:05Z,GRID_PASS,100.0,0.0,"Baseline UPS logic. V: 1.009, SOC: 100.0%",1
2026-01-01T16:47:10Z,ISLAND,100.0,0.0,"Baseline UPS logic. V: 0.937, SOC: 100.0%",1
2026-01-01T16:47:15Z,ISLAND,100.0,0.0,"Baseline UPS logic. V: 0.933, SOC: 100.0%",1
2026-01-01T16:47:20Z,GRID_PASS,100.0,0.0,"Baseline UPS logic. V: 1.002, SOC: 100.0%",1
2026-01-01T16:47:25Z,ISLAND,100.0,0.0,"Baseline UPS logic. V: 0.926, SOC: 100.0%",1
2026-01-01T16:47:30Z,GRID_PASS,100.0,0.0,"Baseline UPS logic. V: 0.952, SOC: 100.0%",1
2026-01-01T16:47:35Z,ISLAND,100.0,0.0,"Baseline UPS logic. V: 0.874, SOC: 100.0%",1
2026-01-01T16:47:40Z,GRID_PASS,100.0,0.0,"Baseline UPS logic. V: 0.989, SOC: 100.0%",1
2026-01-01T16:47:45Z,GRID_PASS,100.0,0.0,"Baseline UPS logic. V: 1.050, SOC: 100.0%",1
2026-01-01T16:47:50Z,GRID_PASS,100.0,0.0,"Baseline UPS logic. V: 0.990, SOC: 100.0%",1
2026-01-01T16:47:55Z,GRID_PASS,100.0,0.0,"Baseline UPS logic. V: 1.027, SOC: 100.0%",1
2026-01-01T16:48:00Z,ISLAND,100.0,0.0,"Baseline UPS logic. V: 0.911, SOC: 100.0%",1
2026-01-01T16:48:05Z,GRID_PASS,100.0,0.0,"Baseline UPS logic. V: 0.965, SOC: 100.0%",1
2026-01-01T16:48:10Z,ISLAND,100.0,0.0,"Baseline UPS logic. V: 0.906, SOC: 100.0%",1
2026-01-01T16:48:15Z,GRID_PASS,100.0,0.0,"Baseline UPS logic. V: 0.942, SOC: 100.0%",1
2026-01-01T16:48:20Z,GRID_PASS,100.0,0.0,"Baseline UPS logic. V: 0.992, SOC: 100.0%",1
2026-01-01T16:48:25Z,GRID_PASS,100.0,0.0,"Baseline UPS logic. V: 0.958, SOC: 100.0%",1
2026-01-01T16:48:30Z,ISLAND,100.0,0.0,"Baseline UPS logic. V: 0.883, SOC: 100.0%",1
2026-01-01T16:48:35Z,ISLAND,100.0,0.0,"Baseline UPS logic. V: 0.888, SOC: 100.0%",1
2026-01-01T16:48:40Z,ISLAND,100.0,0.0,"Baseline UPS logic. V: 0.884, SOC: 100.0%",1
2026-01-01T16:48:45Z,GRID_PASS,100.0,0.0,"Baseline UPS logic. V: 0.978, SOC: 100.0%",1
2026-01-01T16:48:50Z,GRID_PASS,100.0,0.0,"Baseline UPS logic. V: 1.056, SOC: 100.0%",1
2026-01-01T16:48:55Z,GRID_PASS,100.0,0.0,"Baseline UPS logic. V: 1.021, SOC: 100.0%",1
2026-01-01T16:49:00Z,ISLAND,100.0,0.0,"Baseline UPS logic. V: 0.858, SOC: 100.0%",1
2026-01-01T16:49:05Z,GRID_PASS,100.0,0.0,"Baseline UPS logic. V: 1.024, SOC: 100.0%",1
2026-01-01T16:49:10Z,GRID_PASS,100.0,0.0,"Baseline UPS logic. V: 1.000, SOC: 100.0%",1
2026-01-01T16:49:15Z,ISLAND,100.0,0.0,"Baseline UPS logic. V: 0.876, SOC: 100.0%",1
2026-01-01T16:49:20Z,ISLAND,100.0,0.0,"Baseline UPS logic. V: 0.938, SOC: 100.0%",1
2026-01-01T16:49:25Z,GRID_PASS,100.0,0.0,"Baseline UPS logic. V: 1.008, SOC: 100.0%",1
2026-01-01T16:49:30Z,GRID_PASS,100.0,0.0,"Baseline UPS logic. V: 0.980, SOC: 100.0%",1
2026-01-01T16:49:35Z,ISLAND,100.0,0.0,"Baseline UPS logic. V: 0.888, SOC: 100.0%",1
2026-01-01T16:49:40Z,GRID_PASS,100.0,0.0,"Baseline UPS logic. V: 0.984, SOC: 100.0%",1
2026-01-01T16:49:45Z,ISLAND,100.0,0.0,"Baseline UPS logic. V: 0.846, SOC: 100.0%",1
2026-01-01T16:49:50Z,GRID_PASS,100.0,0.0,"Baseline UPS logic. V: 0.942, SOC: 100.0%",1
2026-01-01T16:49:55Z,GRID_PASS,100.0,0.0,"Baseline UPS logic. V: 1.010, SOC: 100.0%",1
2026-01-01T16:50:00Z,GRID_PASS,100.0,0.0,"Baseline UPS logic. V: 0.954, SOC: 100.0%",1
2026-01-01T16:50:05Z,ISLAND,100.0,0.0,"Baseline UPS logic. V: 0.928, SOC: 100.0%",1
2026-01-01T16:50:10Z,GRID_PASS,100.0,0.0,"Baseline UPS logic. V: 0.997, SOC: 100.0%",1
2026-01-01T16:50:15Z,GRID_PASS,100.0,0.0,"Baseline UPS logic. V: 1.001, SOC: 100.0%",1
2026-01-01T16:50:20Z,GRID_PASS,100.0,0.0,"Baseline UPS logic. V: 1.018, SOC: 100.0%",1
2026-01-01T16:50:25Z,GRID_PASS,100.0,0.0,"Baseline UPS logic. V: 0.997, SOC: 100.0%",1
2026-01-01T16:50:30Z,GRID_PASS,100.0,0.0,"Baseline UPS logic. V: 1.007, SOC: 100.0%",1
2026-01-01T16:50:35Z,GRID_PASS,100.0,0.0,"Baseline UPS logic. V: 0.989, SOC: 100.0%",1
2026-01-01T16:50:40Z,GRID_PASS,100.0,0.0,"Baseline UPS logic. V: 0.966, SOC: 100.0%",1
2026-01-01T16:50:45Z,GRID_PASS,100.0,0.0,"Baseline UPS logic. V: 0.957, SOC: 100.0%",1
2026-01-01T16:50:50Z,GRID_PASS,100.0,0.0,"Baseline UPS logic. V: 0.941, SOC: 100.0%",1
2026-01-01T16:50:55Z,ISLAND,100.0,0.0,"Baseline UPS logic. V: 0.892, SOC: 100.0%",1
2026-01-01T16:51:00Z,ISLAND,100.0,0.0,"Baseline UPS logic. V: 0.905, SOC: 100.0%",1
2026-01-01T16:51:05Z,ISLAND,100.0,0.0,"Baseline UPS logic. V: 0.938, SOC: 100.0%",1
2026-01-01T16:51:10Z,GRID_PASS,100.0,0.0,"Baseline UPS logic. V: 0.965, SOC: 100.0%",1
2026-01-01T16:51:15Z,GRID_PASS,100.0,0.0,"Baseline UPS logic. V: 1.024, SOC: 100.0%",1
2026-01-01T16:51:20Z,GRID_PASS,100.0,0.0,"Baseline UPS logic. V: 0.951, SOC: 100.0%",1
2026-01-01T16:51:25Z,GRID_PASS,100.0,0.0,"Baseline UPS logic. V: 1.003, SOC: 100.0%",1
2026-01-01T16:51:30Z,GRID_PASS,100.0,0.0,"Baseline UPS logic. V: 1.007, SOC: 100.0%",1
2026-01-01T16:51:35Z,GRID_PASS,100.0,0.0,"Baseline UPS logic. V: 0.941, SOC: 100.0%",1
2026-01-01T16:51:40Z,GRID_PASS,100.0,0.0,"Baseline UPS logic. V: 0.982, SOC: 100.0%",1
2026-01-01T16:51:45Z,GRID_PASS,100.0,0.0,"Baseline UPS logic. V: 0.940, SOC: 100.0%",1
2026-01-01T16:51:50Z,GRID_PASS,100.0,0.0,"Baseline UPS logic. V: 1.019, SOC: 100.0%",1
2026-01-01T16:51:55Z,GRID_PASS,100.0,0.0,"Baseline UPS logic. V: 0.984, SOC: 100.0%",1
2026-01-01T16:52:00Z,ISLAND,100.0,0.0,"Baseline UPS logic. V: 0.893, SOC: 100.0%",1
2026-01-01T16:52:05Z,GRID_PASS,100.0,0.0,"Baseline UPS logic. V: 0.961, SOC: 100.0%",1
2026-01-01T16:52:10Z,GRID_PASS,100.0,0.0,"Baseline UPS logic. V: 1.035, SOC: 100.0%",1
2026-01-01T16:52:15Z,GRID_PASS,100.0,0.0,"Baseline UPS logic. V: 0.943, SOC: 100.0%",1
2026-01-01T16:52:20Z,GRID_PASS,100.0,0.0,"Baseline UPS logic. V: 0.975, SOC: 100.0%",1
2026-01-01T16:52:25Z,GRID_PASS,100.0,0.0,"Baseline UPS logic. V: 0.980, SOC: 100.0%",1
2026-01-01T16:52:30Z,ISLAND,100.0,0.0,"Baseline UPS logic. V: 0.901, SOC: 100.0%",1
2026-01-01T16:52:35Z,GRID_PASS,100.0,0.0,"Baseline UPS logic. V: 0.978, SOC: 100.0%",1
2026-01-01T16:52:40Z,ISLAND,100.0,0.0,"Baseline UPS logic. V: 0.883, SOC: 100.0%",1
2026-01-01T16:52:45Z,ISLAND,100.0,0.0,"Baseline UPS logic. V: 0.921, SOC: 100.0%",1
2026-01-01T16:52:50Z,GRID_PASS,100.0,0.0,"Baseline UPS logic. V: 1.006, SOC: 100.0%",1
2026-01-01T16:52:55Z,GRID_PASS,100.0,0.0,"Baseline UPS logic. V: 0.970, SOC: 100.0%",1
2026-01-01T16:53:00Z,ISLAND,100.0,0.0,"Baseline UPS logic. V: 0.937, SOC: 100.0%",1
2026-01-01T16:53:05Z,GRID_PASS,100.0,0.0,"Baseline UPS logic. V: 0.975, SOC: 100.0%",1
2026-01-01T16:53:10Z,GRID_PASS,100.0,0.0,"Baseline UPS logic. V: 0.949, SOC: 100.0%",1
2026-01-01T16:53:15Z,GRID_PASS,100.0,0.0,"Baseline UPS logic. V: 0.953, SOC: 100.0%",1
2026-01-01T16:53:20Z,GRID_PASS,100.0,0.0,"Baseline UPS logic. V: 0.985, SOC: 100.0%",1
2026-01-01T16:53:25Z,ISLAND,100.0,0.0,"Baseline UPS logic. V: 0.916, SOC: 100.0%",1
2026-01-01T16:53:30Z,GRID_PASS,100.0,0.0,"Baseline UPS logic. V: 0.954, SOC: 100.0%",1
2026-01-01T16:53:35Z,ISLAND,100.0,0.0,"Baseline UPS logic. V: 0.936, SOC: 100.0%",1
2026-01-01T16:53:40Z,ISLAND,100.0,0.0,"Baseline UPS logic. V: 0.873, SOC: 100.0%",1
2026-01-01T16:53:45Z,ISLAND,100.0,0.0,"Baseline UPS logic. V: 0.906, SOC: 100.0%",1
2026-01-01T16:53:50Z,GRID_PASS,100.0,0.0,"Baseline UPS logic. V: 1.030, SOC: 100.0%",1
2026-01-01T16:53:55Z,GRID_PASS,100.0,0.0,"Baseline UPS logic. V: 0.971, SOC: 100.0%",1
2026-01-01T16:54:00Z,ISLAND,100.0,0.0,"Baseline UPS logic. V: 0.886, SOC: 100.0%",1
2026-01-01T16:54:05Z,ISLAND,100.0,0.0,"Baseline UPS logic. V: 0.875, SOC: 100.0%",1
2026-01-01T16:54:10Z,GRID_PASS,100.0,0.0,"Baseline UPS logic. V: 0.946, SOC: 100.0%",1
2026-01-01T16:54:15Z,GRID_PASS,100.0,0.0,"Baseline UPS logic. V: 1.030, SOC: 100.0%",1
2026-01-01T16:54:20Z,GRID_PASS,100.0,0.0,"Baseline UPS logic. V: 0.943, SOC: 100.0%",1
2026-01-01T16:54:25Z,GRID_PASS,100.0,0.0,"Baseline UPS logic. V: 1.017, SOC: 100.0%",1
2026-01-01T16:54:30Z,GRID_PASS,100.0,0.0,"Baseline UPS logic. V: 0.970, SOC: 100.0%",1
2026-01-01T16:54:35Z,GRID_PASS,100.0,0.0,"Baseline UPS logic. V: 0.976, SOC: 100.0%",1
2026-01-01T16:54:40Z,ISLAND,100.0,0.0,"Baseline UPS logic. V: 0.885, SOC: 100.0%",1
2026-01-01T16:54:45Z,GRID_PASS,100.0,0.0,"Baseline UPS logic. V: 0.999, SOC: 100.0%",1
2026-01-01T16:54:50Z,ISLAND,100.0,0.0,"Baseline UPS logic. V: 0.935, SOC: 100.0%",1
2026-01-01T16:54:55Z,GRID_PASS,100.0,0.0,"Baseline UPS logic. V: 0.995, SOC: 100.0%",1
2026-01-01T16:55:00Z,ISLAND,100.0,0.0,"Baseline UPS logic. V: 0.911, SOC: 100.0%",1
2026-01-01T16:55:05Z,GRID_PASS,100.0,0.0,"Baseline UPS logic. V: 0.961, SOC: 100.0%",1
2026-01-01T16:55:10Z,GRID_PASS,100.0,0.0,"Baseline UPS logic. V: 0.969, SOC: 100.0%",1
2026-01-01T16:55:15Z,GRID_PASS,100.0,0.0,"Baseline UPS logic. V: 0.944, SOC: 100.0%",1
2026-01-01T16:55:20Z,GRID_PASS,100.0,0.0,"Baseline UPS logic. V: 0.972, SOC: 100.0%",1
2026-01-01T16:55:25Z,ISLAND,100.0,0.0,"Baseline UPS logic. V: 0.938, SOC: 100.0%",1
2026-01-01T16:55:30Z,ISLAND,100.0,0.0,"Baseline UPS logic. V: 0.919, SOC: 100.0%",1
2026-01-01T16:55:35Z,GRID_PASS,100.0,0.0,"Baseline UPS logic. V: 1.032, SOC: 100.0%",1
2026-01-01T16:55:40Z,GRID_PASS,100.0,0.0,"Baseline UPS logic. V: 1.004, SOC: 100.0%",1
2026-01-01T16:55:45Z,ISLAND,100.0,0.0,"Baseline UPS logic. V: 0.914, SOC: 100.0%",1
2026-01-01T16:55:50Z,GRID_PASS,100.0,0.0,"Baseline UPS logic. V: 0.980, SOC: 100.0%",1
2026-01-01T16:55:55Z,ISLAND,100.0,0.0,"Baseline UPS logic. V: 0.914, SOC: 100.0%",1
2026-01-01T16:56:00Z,ISLAND,100.0,0.0,"Baseline UPS logic. V: 0.893, SOC: 100.0%",1
2026-01-01T16:56:05Z,GRID_PASS,100.0,0.0,"Baseline UPS logic. V: 1.003, SOC: 100.0%",1
2026-01-01T16:56:10Z,ISLAND,100.0,0.0,"Baseline UPS logic. V: 0.866, SOC: 100.0%",1
2026-01-01T16:56:15Z,GRID_PASS,100.0,0.0,"Baseline UPS logic. V: 0.998, SOC: 100.0%",1
2026-01-01T16:56:20Z,ISLAND,100.0,0.0,"Baseline UPS logic. V: 0.939, SOC: 100.0%",1
2026-01-01T16:56:25Z,GRID_PASS,100.0,0.0,"Baseline UPS logic. V: 0.941, SOC: 100.0%",1
2026-01-01T16:56:30Z,GRID_PASS,100.0,0.0,"Baseline UPS logic. V: 0.972, SOC: 100.0%",1
2026-01-01T16:56:35Z,GRID_PASS,100.0,0.0,"Baseline UPS logic. V: 0.981, SOC: 100.0%",1
2026-01-01T16:56:40Z,ISLAND,100.0,0.0,"Baseline UPS logic. V: 0.910, SOC: 100.0%",1
2026-01-01T16:56:45Z,GRID_PASS,100.0,0.0,"Baseline UPS logic. V: 0.987, SOC: 100.0%",1
2026-01-01T16:56:50Z,GRID_PASS,100.0,0.0,"Baseline UPS logic. V: 0.957, SOC: 100.0%",1
2026-01-01T16:56:55Z,ISLAND,100.0,0.0,"Baseline UPS logic. V: 0.889, SOC: 100.0%",1
2026-01-01T16:57:00Z,GRID_PASS,100.0,0.0,"Baseline UPS logic. V: 0.943, SOC: 100.0%",1
2026-01-01T16:57:05Z,GRID_PASS,100.0,0.0,"Baseline UPS logic. V: 1.020, SOC: 100.0%",1
2026-01-01T16:57:10Z,GRID_PASS,100.0,0.0,"Baseline UPS logic. V: 1.035, SOC: 100.0%",1
2026-01-01T16:57:15Z,GRID_PASS,100.0,0.0,"Baseline UPS logic. V: 0.987, SOC: 100.0%",1
2026-01-01T16:57:20Z,ISLAND,100.0,0.0,"Baseline UPS logic. V: 0.892, SOC: 100.0%",1
2026-01-01T16:57:25Z,GRID_PASS,100.0,0.0,"Baseline UPS logic. V: 0.976, SOC: 100.0%",1
2026-01-01T16:57:30Z,GRID_PASS,100.0,0.0,"Baseline UPS logic. V: 0.994, SOC: 100.0%",1
2026-01-01T16:57:35Z,GRID_PASS,100.0,0.0,"Baseline UPS logic. V: 0.988, SOC: 100.0%",1
2026-01-01T16:57:40Z,GRID_PASS,100.0,0.0,"Baseline UPS logic. V: 0.991, SOC: 100.0%",1
2026-01-01T16:57:45Z,GRID_PASS,100.0,0.0,"Baseline UPS logic. V: 0.969, SOC: 100.0%",1
2026-01-01T16:57:50Z,GRID_PASS,100.0,0.0,"Baseline UPS logic. V: 0.948, SOC: 100.0%",1
2026-01-01T16:57:55Z,ISLAND,100.0,0.0,"Baseline UPS logic. V: 0.921, SOC: 100.0%",1
2026-01-01T16:58:00Z,ISLAND,100.0,0.0,"Baseline UPS logic. V: 0.856, SOC: 100.0%",1
2026-01-01T16:58:05Z,GRID_PASS,100.0,0.0,"Baseline UPS logic. V: 0.968, SOC: 100.0%",1
2026-01-01T16:58:10Z,GRID_PASS,100.0,0.0,"Baseline UPS logic. V: 0.960, SOC: 100.0%",1
2026-01-01T16:58:15Z,GRID_PASS,100.0,0.0,"Baseline UPS logic. V: 0.979, SOC: 100.0%",1
2026-01-01T16:58:20Z,ISLAND,100.0,0.0,"Baseline UPS logic. V: 0.884, SOC: 100.0%",1
2026-01-01T16:58:25Z,GRID_PASS,100.0,0.0,"Baseline UPS logic. V: 0.983, SOC: 100.0%",1
2026-01-01T16:58:30Z,GRID_PASS,100.0,0.0,"Baseline UPS logic. V: 1.054, SOC: 100.0%",1
2026-01-01T16:58:35Z,GRID_PASS,100.0,0.0,"Baseline UPS logic. V: 0.955, SOC: 100.0%",1
2026-01-01T16:58:40Z,GRID_PASS,100.0,0.0,"Baseline UPS logic. V: 0.948, SOC: 100.0%",1
2026-01-01T16:58:45Z,GRID_PASS,100.0,0.0,"Baseline UPS logic. V: 0.967, SOC: 100.0%",1
2026-01-01T16:58:50Z,GRID_PASS,100.0,0.0,"Baseline UPS logic. V: 1.053, SOC: 100.0%",1
2026-01-01T16:58:55Z,ISLAND,100.0,0.0,"Baseline UPS logic. V: 0.900, SOC: 100.0%",1
2026-01-01T16:59:00Z,GRID_PASS,100.0,0.0,"Baseline UPS logic. V: 0.961, SOC: 100.0%",1
2026-01-01T16:59:05Z,ISLAND,100.0,0.0,"Baseline UPS logic. V: 0.911, SOC: 100.0%",1
2026-01-01T16:59:10Z,ISLAND,100.0,0.0,"Baseline UPS logic. V: 0.924, SOC: 100.0%",1
2026-01-01T16:59:15Z,GRID_PASS,100.0,0.0,"Baseline UPS logic. V: 0.948, SOC: 100.0%",1
2026-01-01T16:59:20Z,GRID_PASS,100.0,0.0,"Baseline UPS logic. V: 1.018, SOC: 100.0%",1
2026-01-01T16:59:25Z,GRID_PASS,100.0,0.0,"Baseline UPS logic. V: 1.041, SOC: 100.0%",1
2026-01-01T16:59:30Z,GRID_PASS,100.0,0.0,"Baseline UPS logic. V: 0.973, SOC: 100.0%",1
2026-01-01T16:59:35Z,ISLAND,100.0,0.0,"Baseline UPS logic. V: 0.932, SOC: 100.0%",1
2026-01-01T16:59:40Z,GRID_PASS,100.0,0.0,"Baseline UPS logic. V: 1.075, SOC: 100.0%",1
2026-01-01T16:59:45Z,ISLAND,100.0,0.0,"Baseline UPS logic. V: 0.929, SOC: 100.0%",1
2026-01-01T16:59:50Z,ISLAND,100.0,0.0,"Baseline UPS logic. V: 0.922, SOC: 100.0%",1
2026-01-01T16:59:55Z,ISLAND,100.0,0.0,"Baseline UPS logic. V: 0.862, SOC: 100.0%",1
2026-01-01T17:00:00Z,GRID_PASS,100.0,0.0,"Baseline UPS logic. V: 1.020, SOC: 100.0%",1
2026-01-01T17:00:05Z,GRID_PASS,100.0,0.0,"Baseline UPS logic. V: 0.999, SOC: 100.0%",1
2026-01-01T17:00:10Z,GRID_PASS,100.0,0.0,"Baseline UPS logic. V: 1.069, SOC: 100.0%",1
2026-01-01T17:00:15Z,ISLAND,99.96710526315789,0.0,"Baseline UPS logic. V: 0.879, SOC: 100.0%",1
2026-01-01T17:00:20Z,GRID_PASS,99.96710526315789,0.0,"Baseline UPS logic. V: 1.022, SOC: 100.0%",1
2026-01-01T17:00:25Z,GRID_PASS,99.96710526315789,0.0,"Baseline UPS logic. V: 0.954, SOC: 100.0%",1
2026-01-01T17:00:30Z,GRID_PASS,99.96710526315789,0.0,"Baseline UPS logic. V: 0.989, SOC: 100.0%",1
2026-01-01T17:00:35Z,ISLAND,99.9342105263158,0.0,"Baseline UPS logic. V: 0.866, SOC: 100.0%",1
2026-01-01T17:00:40Z,GRID_PASS,99.9342105263158,0.0,"Baseline UPS logic. V: 1.022, SOC: 99.9%",1
2026-01-01T17:00:45Z,GRID_PASS,99.9342105263158,0.0,"Baseline UPS logic. V: 0.990, SOC: 99.9%",1
2026-01-01T17:00:50Z,GRID_PASS,99.9342105263158,0.0,"Baseline UPS logic. V: 0.947, SOC: 99.9%",1
2026-01-01T17:00:55Z,GRID_PASS,99.9342105263158,0.0,"Baseline UPS logic. V: 0.981, SOC: 99.9%",1
2026-01-01T17:01:00Z,ISLAND,99.90131578947367,0.0,"Baseline UPS logic. V: 0.910, SOC: 99.9%",1
2026-01-01T17:01:05Z,ISLAND,99.86842105263158,0.0,"Baseline UPS logic. V: 0.919, SOC: 99.9%",1
2026-01-01T17:01:10Z,ISLAND,99.83552631578947,0.0,"Baseline UPS logic. V: 0.927, SOC: 99.9%",1
2026-01-01T17:01:15Z,ISLAND,99.80263157894737,0.0,"Baseline UPS logic. V: 0.857, SOC: 99.8%",1
2026-01-01T17:01:20Z,GRID_PASS,99.80263157894737,0.0,"Baseline UPS logic. V: 0.993, SOC: 99.8%",1
2026-01-01T17:01:25Z,GRID_PASS,99.80263157894737,0.0,"Baseline UPS logic. V: 1.010, SOC: 99.8%",1
2026-01-01T17:01:30Z,ISLAND,99.76973684210526,0.0,"Baseline UPS logic. V: 0.913, SOC: 99.8%",1
2026-01-01T17:01:35Z,GRID_PASS,99.76973684210526,0.0,"Baseline UPS logic. V: 0.966, SOC: 99.8%",1
2026-01-01T17:01:40Z,ISLAND,99.73684210526315,0.0,"Baseline UPS logic. V: 0.937, SOC: 99.8%",1
2026-01-01T17:01:45Z,GRID_PASS,99.73684210526315,0.0,"Baseline UPS logic. V: 0.965, SOC: 99.7%",1
2026-01-01T17:01:50Z,ISLAND,99.70394736842104,0.0,"Baseline UPS logic. V: 0.919, SOC: 99.7%",1
2026-01-01T17:01:55Z,ISLAND,99.67105263157893,0.0,"Baseline UPS logic. V: 0.904, SOC: 99.7%",1
2026-01-01T17:02:00Z,GRID_PASS,99.67105263157893,0.0,"Baseline UPS logic. V: 1.003, SOC: 99.7%",1
2026-01-01T17:02:05Z,GRID_PASS,99.67105263157893,0.0,"Baseline UPS logic. V: 0.947, SOC: 99.7%",1
2026-01-01T17:02:10Z,GRID_PASS,99.67105263157893,0.0,"Baseline UPS logic. V: 1.049, SOC: 99.7%",1
2026-01-01T17:02:15Z,GRID_PASS,99.67105263157893,0.0,"Baseline UPS logic. V: 0.950, SOC: 99.7%",1
2026-01-01T17:02:20Z,ISLAND,99.63815789473684,0.0,"Baseline UPS logic. V: 0.902, SOC: 99.7%",1
2026-01-01T17:02:25Z,GRID_PASS,99.63815789473684,0.0,"Baseline UPS logic. V: 1.010, SOC: 99.6%",1
2026-01-01T17:02:30Z,GRID_PASS,99.63815789473684,0.0,"Baseline UPS logic. V: 0.981, SOC: 99.6%",1
2026-01-01T17:02:35Z,GRID_PASS,99.63815789473684,0.0,"Baseline UPS logic. V: 0.984, SOC: 99.6%",1
2026-01-01T17:02:40Z,GRID_PASS,99.63815789473684,0.0,"Baseline UPS logic. V: 1.008, SOC: 99.6%",1
2026-01-01T17:02:45Z,ISLAND,99.60526315789473,0.0,"Baseline UPS logic. V: 0.915, SOC: 99.6%",1
2026-01-01T17:02:50Z,GRID_PASS,99.60526315789473,0.0,"Baseline UPS logic. V: 0.942, SOC: 99.6%",1
2026-01-01T17:02:55Z,GRID_PASS,99.60526315789473,0.0,"Baseline UPS logic. V: 0.941, SOC: 99.6%",1
2026-01-01T17:03:00Z,ISLAND,99.57236842105262,0.0,"Baseline UPS logic. V: 0.884, SOC: 99.6%",1
2026-01-01T17:03:05Z,ISLAND,99.5394736842105,0.0,"Baseline UPS logic. V: 0.935, SOC: 99.6%",1
2026-01-01T17:03:10Z,GRID_PASS,99.5394736842105,0.0,"Baseline UPS logic. V: 1.016, SOC: 99.5%",1
2026-01-01T17:03:15Z,GRID_PASS,99.5394736842105,0.0,"Baseline UPS logic. V: 0.961, SOC: 99.5%",1
2026-01-01T17:03:20Z,ISLAND,99.50657894736841,0.0,"Baseline UPS logic. V: 0.881, SOC: 99.5%",1
2026-01-01T17:03:25Z,ISLAND,99.4736842105263,0.0,"Baseline UPS logic. V: 0.870, SOC: 99.5%",1
2026-01-01T17:03:30Z,GRID_PASS,99.4736842105263,0.0,"Baseline UPS logic. V: 1.033, SOC: 99.5%",1
2026-01-01T17:03:35Z,GRID_PASS,99.4736842105263,0.0,"Baseline UPS logic. V: 0.945, SOC: 99.5%",1
2026-01-01T17:03:40Z,ISLAND,99.4407894736842,0.0,"Baseline UPS logic. V: 0.915, SOC: 99.5%",1
2026-01-01T17:03:45Z,ISLAND,99.40789473684208,0.0,"Baseline UPS logic. V: 0.934, SOC: 99.4%",1
2026-01-01T17:03:50Z,ISLAND,99.37499999999999,0.0,"Baseline UPS logic. V: 0.876, SOC: 99.4%",1
2026-01-01T17:03:55Z,GRID_PASS,99.37499999999999,0.0,"Baseline UPS logic. V: 1.021, SOC: 99.4%",1
2026-01-01T17:04:00Z,ISLAND,99.34210526315788,0.0,"Baseline UPS logic. V: 0.930, SOC: 99.4%",1
2026-01-01T17:04:05Z,GRID_PASS,99.34210526315788,0.0,"Baseline UPS logic. V: 1.016, SOC: 99.3%",1
2026-01-01T17:04:10Z,GRID_PASS,99.34210526315788,0.0,"Baseline UPS logic. V: 0.952, SOC: 99.3%",1
2026-01-01T17:04:15Z,GRID_PASS,99.34210526315788,0.0,"Baseline UPS logic. V: 1.019, SOC: 99.3%",1
2026-01-01T17:04:20Z,GRID_PASS,99.34210526315788,0.0,"Baseline UPS logic. V: 0.960, SOC: 99.3%",1
2026-01-01T17:04:25Z,GRID_PASS,99.34210526315788,0.0,"Baseline UPS logic. V: 0.990, SOC: 99.3%",1
2026-01-01T17:04:30Z,GRID_PASS,99.34210526315788,0.0,"Baseline UPS logic. V: 0.984, SOC: 99.3%",1
2026-01-01T17:04:35Z,GRID_PASS,99.34210526315788,0.0,"Baseline UPS logic. V: 0.979, SOC: 99.3%",1
2026-01-01T17:04:40Z,GRID_PASS,99.34210526315788,0.0,"Baseline UPS logic. V: 0.965, SOC: 99.3%",1
2026-01-01T17:04:45Z,ISLAND,99.30921052631577,0.0,"Baseline UPS logic. V: 0.936, SOC: 99.3%",1
2026-01-01T17:04:50Z,GRID_PASS,99.30921052631577,0.0,"Baseline UPS logic. V: 1.043, SOC: 99.3%",1
2026-01-01T17:04:55Z,ISLAND,99.27631578947367,0.0,"Baseline UPS logic. V: 0.904, SOC: 99.3%",1
2026-01-01T17:05:00Z,GRID_PASS,99.27631578947367,0.0,"Baseline UPS logic. V: 0.948, SOC: 99.3%",1
2026-01-01T17:05:05Z,GRID_PASS,99.27631578947367,0.0,"Baseline UPS logic. V: 0.950, SOC: 99.3%",1
2026-01-01T17:05:10Z,GRID_PASS,99.27631578947367,0.0,"Baseline UPS logic. V: 0.967, SOC: 99.3%",1
2026-01-01T17:05:15Z,ISLAND,99.24342105263155,0.0,"Baseline UPS logic. V: 0.926, SOC: 99.3%",1
2026-01-01T17:05:20Z,GRID_PASS,99.24342105263155,0.0,"Baseline UPS logic. V: 0.963, SOC: 99.2%",1
2026-01-01T17:05:25Z,GRID_PASS,99.24342105263155,0.0,"Baseline UPS logic. V: 0.941, SOC: 99.2%",1
2026-01-01T17:05:30Z,ISLAND,99.21052631578945,0.0,"Baseline UPS logic. V: 0.868, SOC: 99.2%",1
2026-01-01T17:05:35Z,GRID_PASS,99.21052631578945,0.0,"Baseline UPS logic. V: 0.948, SOC: 99.2%",1
2026-01-01T17:05:40Z,ISLAND,99.17763157894734,0.0,"Baseline UPS logic. V: 0.894, SOC: 99.2%",1
2026-01-01T17:05:45Z,ISLAND,99.14473684210525,0.0,"Baseline UPS logic. V: 0.861, SOC: 99.2%",1
2026-01-01T17:05:50Z,GRID_PASS,99.14473684210525,0.0,"Baseline UPS logic. V: 0.956, SOC: 99.1%",1
2026-01-01T17:05:55Z,GRID_PASS,99.14473684210525,0.0,"Baseline UPS logic. V: 0.973, SOC: 99.1%",1
2026-01-01T17:06:00Z,GRID_PASS,99.14473684210525,0.0,"Baseline UPS logic. V: 0.974, SOC: 99.1%",1
2026-01-01T17:06:05Z,GRID_PASS,99.14473684210525,0.0,"Baseline UPS logic. V: 0.975, SOC: 99.1%",1
2026-01-01T17:06:10Z,ISLAND,99.11184210526314,0.0,"Baseline UPS logic. V: 0.850, SOC: 99.1%",1
2026-01-01T17:06:15Z,ISLAND,99.07894736842103,0.0,"Baseline UPS logic. V: 0.879, SOC: 99.1%",1
2026-01-01T17:06:20Z,GRID_PASS,99.07894736842103,0.0,"Baseline UPS logic. V: 1.048, SOC: 99.1%",1
2026-01-01T17:06:25Z,ISLAND,99.04605263157892,0.0,"Baseline UPS logic. V: 0.896, SOC: 99.1%",1
2026-01-01T17:06:30Z,GRID_PASS,99.04605263157892,0.0,"Baseline UPS logic. V: 0.978, SOC: 99.0%",1
2026-01-01T17:06:35Z,ISLAND,99.01315789473682,0.0,"Baseline UPS logic. V: 0.915, SOC: 99.0%",1
2026-01-01T17:06:40Z,GRID_PASS,99.01315789473682,0.0,"Baseline UPS logic. V: 0.951, SOC: 99.0%",1
2026-01-01T17:06:45Z,ISLAND,98.98026315789471,0.0,"Baseline UPS logic. V: 0.917, SOC: 99.0%",1
2026-01-01T17:06:50Z,GRID_PASS,98.98026315789471,0.0,"Baseline UPS logic. V: 0.975, SOC: 99.0%",1
2026-01-01T17:06:55Z,GRID_PASS,98.98026315789471,0.0,"Baseline UPS logic. V: 0.956, SOC: 99.0%",1
2026-01-01T17:07:00Z,ISLAND,98.9473684210526,0.0,"Baseline UPS logic. V: 0.925, SOC: 99.0%",1
2026-01-01T17:07:05Z,ISLAND,98.91447368421049,0.0,"Baseline UPS logic. V: 0.894, SOC: 98.9%",1
2026-01-01T17:07:10Z,GRID_PASS,98.91447368421049,0.0,"Baseline UPS logic. V: 0.962, SOC: 98.9%",1
2026-01-01T17:07:15Z,ISLAND,98.88157894736838,0.0,"Baseline UPS logic. V: 0.888, SOC: 98.9%",1
2026-01-01T17:07:20Z,GRID_PASS,98.88157894736838,0.0,"Baseline UPS logic. V: 0.968, SOC: 98.9%",1
2026-01-01T17:07:25Z,GRID_PASS,98.88157894736838,0.0,"Baseline UPS logic. V: 1.080, SOC: 98.9%",1
2026-01-01T17:07:30Z,GRID_PASS,98.88157894736838,0.0,"Baseline UPS logic. V: 1.014, SOC: 98.9%",1
2026-01-01T17:07:35Z,GRID_PASS,98.88157894736838,0.0,"Baseline UPS logic. V: 0.983, SOC: 98.9%",1
2026-01-01T17:07:40Z,GRID_PASS,98.88157894736838,0.0,"Baseline UPS logic. V: 0.943, SOC: 98.9%",1
2026-01-01T17:07:45Z,ISLAND,98.84868421052629,0.0,"Baseline UPS logic. V: 0.850, SOC: 98.9%",1
2026-01-01T17:07:50Z,ISLAND,98.81578947368418,0.0,"Baseline UPS logic. V: 0.881, SOC: 98.8%",1
2026-01-01T17:07:55Z,GRID_PASS,98.81578947368418,0.0,"Baseline UPS logic. V: 1.013, SOC: 98.8%",1
2026-01-01T17:08:00Z,ISLAND,98.78289473684208,0.0,"Baseline UPS logic. V: 0.909, SOC: 98.8%",1
2026-01-01T17:08:05Z,ISLAND,98.74999999999996,0.0,"Baseline UPS logic. V: 0.912, SOC: 98.8%",1
2026-01-01T17:08:10Z,GRID_PASS,98.74999999999996,0.0,"Baseline UPS logic. V: 0.940, SOC: 98.7%",1
2026-01-01T17:08:15Z,ISLAND,98.71710526315786,0.0,"Baseline UPS logic. V: 0.895, SOC: 98.7%",1
2026-01-01T17:08:20Z,ISLAND,98.68421052631575,0.0,"Baseline UPS logic. V: 0.885, SOC: 98.7%",1
2026-01-01T17:08:25Z,GRID_PASS,98.68421052631575,0.0,"Baseline UPS logic. V: 0.946, SOC: 98.7%",1
2026-01-01T17:08:30Z,ISLAND,98.65131578947364,0.0,"Baseline UPS logic. V: 0.904, SOC: 98.7%",1
2026-01-01T17:08:35Z,ISLAND,98.61842105263155,0.0,"Baseline UPS logic. V: 0.910, SOC: 98.7%",1
2026-01-01T17:08:40Z,ISLAND,98.58552631578942,0.0,"Baseline UPS logic. V: 0.909, SOC: 98.6%",1
2026-01-01T17:08:45Z,GRID_PASS,98.58552631578942,0.0,"Baseline UPS logic. V: 0.974, SOC: 98.6%",1
2026-01-01T17:08:50Z,ISLAND,98.55263157894733,0.0,"Baseline UPS logic. V: 0.937, SOC: 98.6%",1
2026-01-01T17:08:55Z,ISLAND,98.51973684210522,0.0,"Baseline UPS logic. V: 0.938, SOC: 98.6%",1
2026-01-01T17:09:00Z,GRID_PASS,98.51973684210522,0.0,"Baseline UPS logic. V: 0.978, SOC: 98.5%",1
2026-01-01T17:09:05Z,GRID_PASS,98.51973684210522,0.0,"Baseline UPS logic. V: 0.941, SOC: 98.5%",1
2026-01-01T17:09:10Z,ISLAND,98.48684210526312,0.0,"Baseline UPS logic. V: 0.932, SOC: 98.5%",1
2026-01-01T17:09:15Z,GRID_PASS,98.48684210526312,0.0,"Baseline UPS logic. V: 0.970, SOC: 98.5%",1
2026-01-01T17:09:20Z,GRID_PASS,98.48684210526312,0.0,"Baseline UPS logic. V: 0.981, SOC: 98.5%",1
2026-01-01T17:09:25Z,ISLAND,98.45394736842101,0.0,"Baseline UPS logic. V: 0.939, SOC: 98.5%",1
2026-01-01T17:09:30Z,GRID_PASS,98.45394736842101,0.0,"Baseline UPS logic. V: 0.950, SOC: 98.5%",1
2026-01-01T17:09:35Z,ISLAND,98.4210526315789,0.0,"Baseline UPS logic. V: 0.909, SOC: 98.5%",1
2026-01-01T17:09:40Z,ISLAND,98.38815789473679,0.0,"Baseline UPS logic. V: 0.903, SOC: 98.4%",1
2026-01-01T17:09:45Z,GRID_PASS,98.38815789473679,0.0,"Baseline UPS logic. V: 0.987, SOC: 98.4%",1
2026-01-01T17:09:50Z,GRID_PASS,98.38815789473679,0.0,"Baseline UPS logic. V: 0.970, SOC: 98.4%",1
2026-01-01T17:09:55Z,GRID_PASS,98.38815789473679,0.0,"Baseline UPS logic. V: 0.969, SOC: 98.4%",1
2026-01-01T17:10:00Z,GRID_PASS,98.38815789473679,0.0,"Baseline UPS logic. V: 0.960, SOC: 98.4%",1
2026-01-01T17:10:05Z,GRID_PASS,98.38815789473679,0.0,"Baseline UPS logic. V: 0.948, SOC: 98.4%",1
2026-01-01T17:10:10Z,GRID_PASS,98.38815789473679,0.0,"Baseline UPS logic. V: 0.981, SOC: 98.4%",1
2026-01-01T17:10:15Z,GRID_PASS,98.38815789473679,0.0,"Baseline UPS logic. V: 0.993, SOC: 98.4%",1
2026-01-01T17:10:20Z,GRID_PASS,98.38815789473679,0.0,"Baseline UPS logic. V: 0.992, SOC: 98.4%",1
2026-01-01T17:10:25Z,GRID_PASS,98.38815789473679,0.0,"Baseline UPS logic. V: 0.941, SOC: 98.4%",1
2026-01-01T17:10:30Z,GRID_PASS,98.38815789473679,0.0,"Baseline UPS logic. V: 1.015, SOC: 98.4%",1
2026-01-01T17:10:35Z,GRID_PASS,98.38815789473679,0.0,"Baseline UPS logic. V: 0.957, SOC: 98.4%",1
2026-01-01T17:10:40Z,GRID_PASS,98.38815789473679,0.0,"Baseline UPS logic. V: 0.978, SOC: 98.4%",1
2026-01-01T17:10:45Z,GRID_PASS,98.38815789473679,0.0,"Baseline UPS logic. V: 0.960, SOC: 98.4%",1
2026-01-01T17:10:50Z,GRID_PASS,98.38815789473679,0.0,"Baseline UPS logic. V: 0.958, SOC: 98.4%",1
2026-01-01T17:10:55Z,ISLAND,98.35526315789468,0.0,"Baseline UPS logic. V: 0.909, SOC: 98.4%",1
2026-01-01T17:11:00Z,GRID_PASS,98.35526315789468,0.0,"Baseline UPS logic. V: 0.981, SOC: 98.4%",1
2026-01-01T17:11:05Z,GRID_PASS,98.35526315789468,0.0,"Baseline UPS logic. V: 1.090, SOC: 98.4%",1
2026-01-01T17:11:10Z,ISLAND,98.32236842105259,0.0,"Baseline UPS logic. V: 0.927, SOC: 98.4%",1
2026-01-01T17:11:15Z,GRID_PASS,98.32236842105259,0.0,"Baseline UPS logic. V: 0.949, SOC: 98.3%",1
2026-01-01T17:11:20Z,ISLAND,98.28947368421048,0.0,"Baseline UPS logic. V: 0.925, SOC: 98.3%",1
2026-01-01T17:11:25Z,ISLAND,98.25657894736837,0.0,"Baseline UPS logic. V: 0.921, SOC: 98.3%",1
2026-01-01T17:11:30Z,GRID_PASS,98.25657894736837,0.0,"Baseline UPS logic. V: 1.025, SOC: 98.3%",1
2026-01-01T17:11:35Z,ISLAND,98.22368421052626,0.0,"Baseline UPS logic. V: 0.914, SOC: 98.3%",1
2026-01-01T17:11:40Z,ISLAND,98.19078947368416,0.0,"Baseline UPS logic. V: 0.922, SOC: 98.2%",1
2026-01-01T17:11:45Z,ISLAND,98.15789473684205,0.0,"Baseline UPS logic. V: 0.868, SOC: 98.2%",1
2026-01-01T17:11:50Z,ISLAND,98.12499999999996,0.0,"Baseline UPS logic. V: 0.910, SOC: 98.2%",1
2026-01-01T17:11:55Z,ISLAND,98.09210526315783,0.0,"Baseline UPS logic. V: 0.862, SOC: 98.1%",1
2026-01-01T17:12:00Z,GRID_PASS,98.09210526315783,0.0,"Baseline UPS logic. V: 0.979, SOC: 98.1%",1
2026-01-01T17:12:05Z,GRID_PASS,98.09210526315783,0.0,"Baseline UPS logic. V: 1.087, SOC: 98.1%",1
2026-01-01T17:12:10Z,ISLAND,98.05921052631574,0.0,"Baseline UPS logic. V: 0.927, SOC: 98.1%",1
2026-01-01T17:12:15Z,ISLAND,98.02631578947363,0.0,"Baseline UPS logic. V: 0.862, SOC: 98.1%",1
2026-01-01T17:12:20Z,GRID_PASS,98.02631578947363,0.0,"Baseline UPS logic. V: 0.992, SOC: 98.0%",1
2026-01-01T17:12:25Z,ISLAND,97.99342105263152,0.0,"Baseline UPS logic. V: 0.911, SOC: 98.0%",1
2026-01-01T17:12:30Z,GRID_PASS,97.99342105263152,0.0,"Baseline UPS logic. V: 1.011, SOC: 98.0%",1
2026-01-01T17:12:35Z,ISLAND,97.96052631578942,0.0,"Baseline UPS logic. V: 0.933, SOC: 98.0%",1
2026-01-01T17:12:40Z,ISLAND,97.9276315789473,0.0,"Baseline UPS logic. V: 0.914, SOC: 98.0%",1
2026-01-01T17:12:45Z,ISLAND,97.8947368421052,0.0,"Baseline UPS logic. V: 0.938, SOC: 97.9%",1
2026-01-01T17:12:50Z,GRID_PASS,97.8947368421052,0.0,"Baseline UPS logic. V: 0.985, SOC: 97.9%",1
2026-01-01T17:12:55Z,ISLAND,97.8618421052631,0.0,"Baseline UPS logic. V: 0.936, SOC: 97.9%",1
2026-01-01T17:13:00Z,ISLAND,97.828947368421,0.0,"Baseline UPS logic. V: 0.921, SOC: 97.9%",1
2026-01-01T17:13:05Z,ISLAND,97.79605263157889,0.0,"Baseline UPS logic. V: 0.937, SOC: 97.8%",1
2026-01-01T17:13:10Z,ISLAND,97.76315789473678,0.0,"Baseline UPS logic. V: 0.883, SOC: 97.8%",1
2026-01-01T17:13:15Z,GRID_PASS,97.76315789473678,0.0,"Baseline UPS logic. V: 0.967, SOC: 97.8%",1
2026-01-01T17:13:20Z,ISLAND,97.73026315789467,0.0,"Baseline UPS logic. V: 0.858, SOC: 97.8%",1
2026-01-01T17:13:25Z,ISLAND,97.69736842105257,0.0,"Baseline UPS logic. V: 0.923, SOC: 97.7%",1
2026-01-01T17:13:30Z,GRID_PASS,97.69736842105257,0.0,"Baseline UPS logic. V: 0.985, SOC: 97.7%",1
2026-01-01T17:13:35Z,GRID_PASS,97.69736842105257,0.0,"Baseline UPS logic. V: 0.962, SOC: 97.7%",1
2026-01-01T17:13:40Z,GRID_PASS,97.69736842105257,0.0,"Baseline UPS logic. V: 0.975, SOC: 97.7%",1
2026-01-01T17:13:45Z,GRID_PASS,97.69736842105257,0.0,"Baseline UPS logic. V: 0.942, SOC: 97.7%",1
2026-01-01T17:13:50Z,GRID_PASS,97.69736842105257,0.0,"Baseline UPS logic. V: 1.004, SOC: 97.7%",1
2026-01-01T17:13:55Z,GRID_PASS,97.69736842105257,0.0,"Baseline UPS logic. V: 0.991, SOC: 97.7%",1
2026-01-01T17:14:00Z,GRID_PASS,97.69736842105257,0.0,"Baseline UPS logic. V: 0.968, SOC: 97.7%",1
2026-01-01T17:14:05Z,GRID_PASS,97.69736842105257,0.0,"Baseline UPS logic. V: 0.991, SOC: 97.7%",1
2026-01-01T17:14:10Z,GRID_PASS,97.69736842105257,0.0,"Baseline UPS logic. V: 0.982, SOC: 97.7%",1
2026-01-01T17:14:15Z,ISLAND,97.66447368421046,0.0,"Baseline UPS logic. V: 0.923, SOC: 97.7%",1
2026-01-01T17:14:20Z,ISLAND,97.63157894736835,0.0,"Baseline UPS logic. V: 0.878, SOC: 97.7%",1
2026-01-01T17:14:25Z,GRID_PASS,97.63157894736835,0.0,"Baseline UPS logic. V: 0.968, SOC: 97.6%",1
2026-01-01T17:14:30Z,GRID_PASS,97.63157894736835,0.0,"Baseline UPS logic. V: 0.974, SOC: 97.6%",1
2026-01-01T17:14:35Z,GRID_PASS,97.63157894736835,0.0,"Baseline UPS logic. V: 0.999, SOC: 97.6%",1
2026-01-01T17:14:40Z,ISLAND,97.59868421052624,0.0,"Baseline UPS logic. V: 0.898, SOC: 97.6%",1
2026-01-01T17:14:45Z,ISLAND,97.56578947368413,0.0,"Baseline UPS logic. V: 0.900, SOC: 97.6%",1
2026-01-01T17:14:50Z,GRID_PASS,97.56578947368413,0.0,"Baseline UPS logic. V: 0.970, SOC: 97.6%",1
2026-01-01T17:14:55Z,GRID_PASS,97.56578947368413,0.0,"Baseline UPS logic. V: 0.943, SOC: 97.6%",1
2026-01-01T17:15:00Z,ISLAND,97.53289473684204,0.0,"Baseline UPS logic. V: 0.851, SOC: 97.6%",1
2026-01-01T17:15:05Z,GRID_PASS,97.53289473684204,0.0,"Baseline UPS logic. V: 0.964, SOC: 97.5%",1
2026-01-01T17:15:10Z,ISLAND,97.49999999999993,0.0,"Baseline UPS logic. V: 0.854, SOC: 97.5%",1
2026-01-01T17:15:15Z,ISLAND,97.46710526315783,0.0,"Baseline UPS logic. V: 0.898, SOC: 97.5%",1
2026-01-01T17:15:20Z,GRID_PASS,97.46710526315783,0.0,"Baseline UPS logic. V: 1.014, SOC: 97.5%",1
2026-01-01T17:15:25Z,GRID_PASS,97.46710526315783,0.0,"Baseline UPS logic. V: 1.038, SOC: 97.5%",1
2026-01-01T17:15:30Z,ISLAND,97.43421052631571,0.0,"Baseline UPS logic. V: 0.884, SOC: 97.5%",1
2026-01-01T17:15:35Z,ISLAND,97.40131578947361,0.0,"Baseline UPS logic. V: 0.928, SOC: 97.4%",1
2026-01-01T17:15:40Z,GRID_PASS,97.40131578947361,0.0,"Baseline UPS logic. V: 0.949, SOC: 97.4%",1
2026-01-01T17:15:45Z,GRID_PASS,97.40131578947361,0.0,"Baseline UPS logic. V: 1.035, SOC: 97.4%",1
2026-01-01T17:15:50Z,ISLAND,97.3684210526315,0.0,"Baseline UPS logic. V: 0.920, SOC: 97.4%",1
2026-01-01T17:15:55Z,ISLAND,97.3355263157894,0.0,"Baseline UPS logic. V: 0.921, SOC: 97.4%",1
2026-01-01T17:16:00Z,GRID_PASS,97.3355263157894,0.0,"Baseline UPS logic. V: 1.024, SOC: 97.3%",1
2026-01-01T17:16:05Z,ISLAND,97.3026315789473,0.0,"Baseline UPS logic. V: 0.927, SOC: 97.3%",1
2026-01-01T17:16:10Z,GRID_PASS,97.3026315789473,0.0,"Baseline UPS logic. V: 0.981, SOC: 97.3%",1
2026-01-01T17:16:15Z,ISLAND,97.26973684210517,0.0,"Baseline UPS logic. V: 0.872, SOC: 97.3%",1
2026-01-01T17:16:20Z,ISLAND,97.23684210526308,0.0,"Baseline UPS logic. V: 0.936, SOC: 97.3%",1
2026-01-01T17:16:25Z,ISLAND,97.20394736842097,0.0,"Baseline UPS logic. V: 0.863, SOC: 97.2%",1
2026-01-01T17:16:30Z,ISLAND,97.17105263157887,0.0,"Baseline UPS logic. V: 0.893, SOC: 97.2%",1
2026-01-01T17:16:35Z,GRID_PASS,97.17105263157887,0.0,"Baseline UPS logic. V: 0.988, SOC: 97.2%",1
2026-01-01T17:16:40Z,GRID_PASS,97.17105263157887,0.0,"Baseline UPS logic. V: 0.944, SOC: 97.2%",1
2026-01-01T17:16:45Z,ISLAND,97.13815789473676,0.0,"Baseline UPS logic. V: 0.928, SOC: 97.2%",1
2026-01-01T17:16:50Z,ISLAND,97.10526315789465,0.0,"Baseline UPS logic. V: 0.907, SOC: 97.1%",1
2026-01-01T17:16:55Z,ISLAND,97.07236842105254,0.0,"Baseline UPS logic. V: 0.935, SOC: 97.1%",1
2026-01-01T17:17:00Z,GRID_PASS,97.07236842105254,0.0,"Baseline UPS logic. V: 0.961, SOC: 97.1%",1
2026-01-01T17:17:05Z,GRID_PASS,97.07236842105254,0.0,"Baseline UPS logic. V: 0.995, SOC: 97.1%",1
2026-01-01T17:17:10Z,ISLAND,97.03947368421044,0.0,"Baseline UPS logic. V: 0.813, SOC: 97.1%",1
2026-01-01T17:17:15Z,ISLAND,97.00657894736834,0.0,"Baseline UPS logic. V: 0.903, SOC: 97.0%",1
2026-01-01T17:17:20Z,GRID_PASS,97.00657894736834,0.0,"Baseline UPS logic. V: 0.954, SOC: 97.0%",1
2026-01-01T17:17:25Z,GRID_PASS,97.00657894736834,0.0,"Baseline UPS logic. V: 0.941, SOC: 97.0%",1
2026-01-01T17:17:30Z,GRID_PASS,97.00657894736834,0.0,"Baseline UPS logic. V: 0.964, SOC: 97.0%",1
2026-01-01T17:17:35Z,GRID_PASS,97.00657894736834,0.0,"Baseline UPS logic. V: 0.957, SOC: 97.0%",1
2026-01-01T17:17:40Z,ISLAND,96.97368421052623,0.0,"Baseline UPS logic. V: 0.929, SOC: 97.0%",1
2026-01-01T17:17:45Z,ISLAND,96.94078947368412,0.0,"Baseline UPS logic. V: 0.918, SOC: 97.0%",1
2026-01-01T17:17:50Z,ISLAND,96.90789473684201,0.0,"Baseline UPS logic. V: 0.934, SOC: 96.9%",1
2026-01-01T17:17:55Z,GRID_PASS,96.90789473684201,0.0,"Baseline UPS logic. V: 1.003, SOC: 96.9%",1
2026-01-01T17:18:00Z,ISLAND,96.87499999999991,0.0,"Baseline UPS logic. V: 0.909, SOC: 96.9%",1
2026-01-01T17:18:05Z,GRID_PASS,96.87499999999991,0.0,"Baseline UPS logic. V: 0.941, SOC: 96.9%",1
2026-01-01T17:18:10Z,GRID_PASS,96.87499999999991,0.0,"Baseline UPS logic. V: 0.955, SOC: 96.9%",1
2026-01-01T17:18:15Z,GRID_PASS,96.87499999999991,0.0,"Baseline UPS logic. V: 1.022, SOC: 96.9%",1
2026-01-01T17:18:20Z,ISLAND,96.8421052631578,0.0,"Baseline UPS logic. V: 0.929, SOC: 96.9%",1
2026-01-01T17:18:25Z,GRID_PASS,96.8421052631578,0.0,"Baseline UPS logic. V: 0.992, SOC: 96.8%",1
2026-01-01T17:18:30Z,GRID_PASS,96.8421052631578,0.0,"Baseline UPS logic. V: 1.007, SOC: 96.8%",1
2026-01-01T17:18:35Z,GRID_PASS,96.8421052631578,0.0,"Baseline UPS logic. V: 0.941, SOC: 96.8%",1
2026-01-01T17:18:40Z,ISLAND,96.80921052631571,0.0,"Baseline UPS logic. V: 0.933, SOC: 96.8%",1
2026-01-01T17:18:45Z,ISLAND,96.77631578947359,0.0,"Baseline UPS logic. V: 0.927, SOC: 96.8%",1
2026-01-01T17:18:50Z,ISLAND,96.74342105263149,0.0,"Baseline UPS logic. V: 0.933, SOC: 96.8%",1
2026-01-01T17:18:55Z,GRID_PASS,96.74342105263149,0.0,"Baseline UPS logic. V: 0.988, SOC: 96.7%",1
2026-01-01T17:19:00Z,GRID_PASS,96.74342105263149,0.0,"Baseline UPS logic. V: 0.957, SOC: 96.7%",1
2026-01-01T17:19:05Z,GRID_PASS,96.74342105263149,0.0,"Baseline UPS logic. V: 0.955, SOC: 96.7%",1
2026-01-01T17:19:10Z,ISLAND,96.71052631578938,0.0,"Baseline UPS logic. V: 0.887, SOC: 96.7%",1
2026-01-01T17:19:15Z,ISLAND,96.67763157894727,0.0,"Baseline UPS logic. V: 0.895, SOC: 96.7%",1
2026-01-01T17:19:20Z,GRID_PASS,96.67763157894727,0.0,"Baseline UPS logic. V: 1.052, SOC: 96.7%",1
2026-01-01T17:19:25Z,ISLAND,96.64473684210517,0.0,"Baseline UPS logic. V: 0.936, SOC: 96.7%",1
2026-01-01T17:19:30Z,ISLAND,96.61184210526305,0.0,"Baseline UPS logic. V: 0.905, SOC: 96.6%",1
2026-01-01T17:19:35Z,GRID_PASS,96.61184210526305,0.0,"Baseline UPS logic. V: 1.017, SOC: 96.6%",1
2026-01-01T17:19:40Z,GRID_PASS,96.61184210526305,0.0,"Baseline UPS logic. V: 0.959, SOC: 96.6%",1
2026-01-01T17:19:45Z,GRID_PASS,96.61184210526305,0.0,"Baseline UPS logic. V: 0.972, SOC: 96.6%",1
2026-01-01T17:19:50Z,ISLAND,96.57894736842096,0.0,"Baseline UPS logic. V: 0.937, SOC: 96.6%",1
2026-01-01T17:19:55Z,ISLAND,96.54605263157885,0.0,"Baseline UPS logic. V: 0.928, SOC: 96.6%",1
2026-01-01T17:20:00Z,ISLAND,96.51315789473675,0.0,"Baseline UPS logic. V: 0.937, SOC: 96.5%",1
2026-01-01T17:20:05Z,ISLAND,96.48026315789464,0.0,"Baseline UPS logic. V: 0.876, SOC: 96.5%",1
2026-01-01T17:20:10Z,GRID_PASS,96.48026315789464,0.0,"Baseline UPS logic. V: 0.941, SOC: 96.5%",1
2026-01-01T17:20:15Z,GRID_PASS,96.48026315789464,0.0,"Baseline UPS logic. V: 0.960, SOC: 96.5%",1
2026-01-01T17:20:20Z,GRID_PASS,96.48026315789464,0.0,"Baseline UPS logic. V: 1.036, SOC: 96.5%",1
2026-01-01T17:20:25Z,GRID_PASS,96.48026315789464,0.0,"Baseline UPS logic. V: 0.947, SOC: 96.5%",1
2026-01-01T17:20:30Z,ISLAND,96.44736842105253,0.0,"Baseline UPS logic. V: 0.827, SOC: 96.5%",1
2026-01-01T17:20:35Z,ISLAND,96.41447368421042,0.0,"Baseline UPS logic. V: 0.939, SOC: 96.4%",1
2026-01-01T17:20:40Z,GRID_PASS,96.41447368421042,0.0,"Baseline UPS logic. V: 1.082, SOC: 96.4%",1
2026-01-01T17:20:45Z,GRID_PASS,96.41447368421042,0.0,"Baseline UPS logic. V: 0.988, SOC: 96.4%",1
2026-01-01T17:20:50Z,ISLAND,96.38157894736833,0.0,"Baseline UPS logic. V: 0.903, SOC: 96.4%",1
2026-01-01T17:20:55Z,GRID_PASS,96.38157894736833,0.0,"Baseline UPS logic. V: 0.973, SOC: 96.4%",1
2026-01-01T17:21:00Z,ISLAND,96.34868421052622,0.0,"Baseline UPS logic. V: 0.908, SOC: 96.4%",1
2026-01-01T17:21:05Z,ISLAND,96.3157894736841,0.0,"Baseline UPS logic. V: 0.875, SOC: 96.3%",1
2026-01-01T17:21:10Z,ISLAND,96.282894736842,0.0,"Baseline UPS logic. V: 0.927, SOC: 96.3%",1
2026-01-01T17:21:15Z,GRID_PASS,96.282894736842,0.0,"Baseline UPS logic. V: 0.949, SOC: 96.3%",1
2026-01-01T17:21:20Z,ISLAND,96.24999999999989,0.0,"Baseline UPS logic. V: 0.851, SOC: 96.3%",1
2026-01-01T17:21:25Z,ISLAND,96.21710526315779,0.0,"Baseline UPS logic. V: 0.886, SOC: 96.2%",1
2026-01-01T17:21:30Z,GRID_PASS,96.21710526315779,0.0,"Baseline UPS logic. V: 0.945, SOC: 96.2%",1
2026-01-01T17:21:35Z,ISLAND,96.18421052631568,0.0,"Baseline UPS logic. V: 0.924, SOC: 96.2%",1
2026-01-01T17:21:40Z,GRID_PASS,96.18421052631568,0.0,"Baseline UPS logic. V: 0.963, SOC: 96.2%",1
2026-01-01T17:21:45Z,ISLAND,96.15131578947359,0.0,"Baseline UPS logic. V: 0.884, SOC: 96.2%",1
2026-01-01T17:21:50Z,GRID_PASS,96.15131578947359,0.0,"Baseline UPS logic. V: 0.979, SOC: 96.2%",1
2026-01-01T17:21:55Z,ISLAND,96.11842105263146,0.0,"Baseline UPS logic. V: 0.886, SOC: 96.2%",1
2026-01-01T17:22:00Z,GRID_PASS,96.11842105263146,0.0,"Baseline UPS logic. V: 1.025, SOC: 96.1%",1
2026-01-01T17:22:05Z,ISLAND,96.08552631578937,0.0,"Baseline UPS logic. V: 0.859, SOC: 96.1%",1
2026-01-01T17:22:10Z,ISLAND,96.05263157894726,0.0,"Baseline UPS logic. V: 0.888, SOC: 96.1%",1
2026-01-01T17:22:15Z,GRID_PASS,96.05263157894726,0.0,"Baseline UPS logic. V: 0.965, SOC: 96.1%",1
2026-01-01T17:22:20Z,GRID_PASS,96.05263157894726,0.0,"Baseline UPS logic. V: 1.028, SOC: 96.1%",1
2026-01-01T17:22:25Z,GRID_PASS,96.05263157894726,0.0,"Baseline UPS logic. V: 0.958, SOC: 96.1%",1
2026-01-01T17:22:30Z,GRID_PASS,96.05263157894726,0.0,"Baseline UPS logic. V: 0.971, SOC: 96.1%",1
2026-01-01T17:22:35Z,GRID_PASS,96.05263157894726,0.0,"Baseline UPS logic. V: 0.944, SOC: 96.1%",1
2026-01-01T17:22:40Z,ISLAND,96.01973684210515,0.0,"Baseline UPS logic. V: 0.891, SOC: 96.1%",1
2026-01-01T17:22:45Z,ISLAND,95.98684210526305,0.0,"Baseline UPS logic. V: 0.918, SOC: 96.0%",1
2026-01-01T17:22:50Z,ISLAND,95.95394736842093,0.0,"Baseline UPS logic. V: 0.884, SOC: 96.0%",1
2026-01-01T17:22:55Z,ISLAND,95.92105263157883,0.0,"Baseline UPS logic. V: 0.880, SOC: 96.0%",1
2026-01-01T17:23:00Z,GRID_PASS,95.92105263157883,0.0,"Baseline UPS logic. V: 0.965, SOC: 95.9%",1
2026-01-01T17:23:05Z,ISLAND,95.88815789473672,0.0,"Baseline UPS logic. V: 0.888, SOC: 95.9%",1
2026-01-01T17:23:10Z,GRID_PASS,95.88815789473672,0.0,"Baseline UPS logic. V: 0.958, SOC: 95.9%",1
2026-01-01T17:23:15Z,ISLAND,95.85526315789463,0.0,"Baseline UPS logic. V: 0.879, SOC: 95.9%",1
2026-01-01T17:23:20Z,GRID_PASS,95.85526315789463,0.0,"Baseline UPS logic. V: 0.957, SOC: 95.9%",1
2026-01-01T17:23:25Z,ISLAND,95.82236842105252,0.0,"Baseline UPS logic. V: 0.920, SOC: 95.9%",1
2026-01-01T17:23:30Z,GRID_PASS,95.82236842105252,0.0,"Baseline UPS logic. V: 1.013, SOC: 95.8%",1
2026-01-01T17:23:35Z,GRID_PASS,95.82236842105252,0.0,"Baseline UPS logic. V: 0.960, SOC: 95.8%",1
2026-01-01T17:23:40Z,GRID_PASS,95.82236842105252,0.0,"Baseline UPS logic. V: 1.004, SOC: 95.8%",1
2026-01-01T17:23:45Z,ISLAND,95.7894736842104,0.0,"Baseline UPS logic. V: 0.905, SOC: 95.8%",1
2026-01-01T17:23:50Z,GRID_PASS,95.7894736842104,0.0,"Baseline UPS logic. V: 0.945, SOC: 95.8%",1
2026-01-01T17:23:55Z,ISLAND,95.7565789473683,0.0,"Baseline UPS logic. V: 0.895, SOC: 95.8%",1
2026-01-01T17:24:00Z,ISLAND,95.72368421052619,0.0,"Baseline UPS logic. V: 0.922, SOC: 95.8%",1
2026-01-01T17:24:05Z,ISLAND,95.69078947368409,0.0,"Baseline UPS logic. V: 0.931, SOC: 95.7%",1
2026-01-01T17:24:10Z,ISLAND,95.65789473684198,0.0,"Baseline UPS logic. V: 0.908, SOC: 95.7%",1
2026-01-01T17:24:15Z,ISLAND,95.62499999999987,0.0,"Baseline UPS logic. V: 0.883, SOC: 95.7%",1
2026-01-01T17:24:20Z,ISLAND,95.59210526315776,0.0,"Baseline UPS logic. V: 0.873, SOC: 95.6%",1
2026-01-01T17:24:25Z,ISLAND,95.55921052631567,0.0,"Baseline UPS logic. V: 0.827, SOC: 95.6%",1
2026-01-01T17:24:30Z,ISLAND,95.52631578947356,0.0,"Baseline UPS logic. V: 0.891, SOC: 95.6%",1
2026-01-01T17:24:35Z,GRID_PASS,95.52631578947356,0.0,"Baseline UPS logic. V: 0.975, SOC: 95.5%",1
2026-01-01T17:24:40Z,ISLAND,95.49342105263146,0.0,"Baseline UPS logic. V: 0.864, SOC: 95.5%",1
2026-01-01T17:24:45Z,ISLAND,95.46052631578934,0.0,"Baseline UPS logic. V: 0.874, SOC: 95.5%",1
2026-01-01T17:24:50Z,GRID_PASS,95.46052631578934,0.0,"Baseline UPS logic. V: 1.033, SOC: 95.5%",1
2026-01-01T17:24:55Z,ISLAND,95.42763157894724,0.0,"Baseline UPS logic. V: 0.912, SOC: 95.5%",1
2026-01-01T17:25:00Z,GRID_PASS,95.42763157894724,0.0,"Baseline UPS logic. V: 0.958, SOC: 95.4%",1
2026-01-01T17:25:05Z,GRID_PASS,95.42763157894724,0.0,"Baseline UPS logic. V: 0.976, SOC: 95.4%",1
2026-01-01T17:25:10Z,GRID_PASS,95.42763157894724,0.0,"Baseline UPS logic. V: 0.975, SOC: 95.4%",1
2026-01-01T17:25:15Z,ISLAND,95.39473684210513,0.0,"Baseline UPS logic. V: 0.866, SOC: 95.4%",1
2026-01-01T17:25:20Z,ISLAND,95.36184210526302,0.0,"Baseline UPS logic. V: 0.930, SOC: 95.4%",1
2026-01-01T17:25:25Z,ISLAND,95.32894736842093,0.0,"Baseline UPS logic. V: 0.863, SOC: 95.4%",1
2026-01-01T17:25:30Z,GRID_PASS,95.32894736842093,0.0,"Baseline UPS logic. V: 1.066, SOC: 95.3%",1
2026-01-01T17:25:35Z,ISLAND,95.2960526315788,0.0,"Baseline UPS logic. V: 0.864, SOC: 95.3%",1
2026-01-01T17:25:40Z,ISLAND,95.26315789473671,0.0,"Baseline UPS logic. V: 0.889, SOC: 95.3%",1
2026-01-01T17:25:45Z,ISLAND,95.2302631578946,0.0,"Baseline UPS logic. V: 0.892, SOC: 95.3%",1
2026-01-01T17:25:50Z,ISLAND,95.1973684210525,0.0,"Baseline UPS logic. V: 0.869, SOC: 95.2%",1
2026-01-01T17:25:55Z,GRID_PASS,95.1973684210525,0.0,"Baseline UPS logic. V: 1.011, SOC: 95.2%",1
2026-01-01T17:26:00Z,GRID_PASS,95.1973684210525,0.0,"Baseline UPS logic. V: 1.065, SOC: 95.2%",1
2026-01-01T17:26:05Z,ISLAND,95.16447368421039,0.0,"Baseline UPS logic. V: 0.918, SOC: 95.2%",1
2026-01-01T17:26:10Z,ISLAND,95.13157894736828,0.0,"Baseline UPS logic. V: 0.875, SOC: 95.2%",1
2026-01-01T17:26:15Z,ISLAND,95.09868421052617,0.0,"Baseline UPS logic. V: 0.831, SOC: 95.1%",1
2026-01-01T17:26:20Z,ISLAND,95.06578947368408,0.0,"Baseline UPS logic. V: 0.931, SOC: 95.1%",1
2026-01-01T17:26:25Z,ISLAND,95.03289473684197,0.0,"Baseline UPS logic. V: 0.927, SOC: 95.1%",1
2026-01-01T17:26:30Z,ISLAND,94.99999999999986,0.0,"Baseline UPS logic. V: 0.911, SOC: 95.0%",1
2026-01-01T17:26:35Z,GRID_PASS,94.99999999999986,0.0,"Baseline UPS logic. V: 0.954, SOC: 95.0%",1
2026-01-01T17:26:40Z,GRID_PASS,94.99999999999986,0.0,"Baseline UPS logic. V: 0.963, SOC: 95.0%",1
2026-01-01T17:26:45Z,GRID_PASS,94.99999999999986,0.0,"Baseline UPS logic. V: 0.958, SOC: 95.0%",1
2026-01-01T17:26:50Z,ISLAND,94.96710526315775,0.0,"Baseline UPS logic. V: 0.926, SOC: 95.0%",1
2026-01-01T17:26:55Z,ISLAND,94.93421052631564,0.0,"Baseline UPS logic. V: 0.886, SOC: 95.0%",1
2026-01-01T17:27:00Z,GRID_PASS,94.93421052631564,0.0,"Baseline UPS logic. V: 0.977, SOC: 94.9%",1
2026-01-01T17:27:05Z,GRID_PASS,94.93421052631564,0.0,"Baseline UPS logic. V: 0.944, SOC: 94.9%",1
2026-01-01T17:27:10Z,GRID_PASS,94.93421052631564,0.0,"Baseline UPS logic. V: 0.986, SOC: 94.9%",1
2026-01-01T17:27:15Z,GRID_PASS,94.93421052631564,0.0,"Baseline UPS logic. V: 0.981, SOC: 94.9%",1
2026-01-01T17:27:20Z,ISLAND,94.90131578947354,0.0,"Baseline UPS logic. V: 0.870, SOC: 94.9%",1
2026-01-01T17:27:25Z,ISLAND,94.86842105263143,0.0,"Baseline UPS logic. V: 0.870, SOC: 94.9%",1
2026-01-01T17:27:30Z,ISLAND,94.83552631578934,0.0,"Baseline UPS logic. V: 0.905, SOC: 94.9%",1
2026-01-01T17:27:35Z,ISLAND,94.80263157894721,0.0,"Baseline UPS logic. V: 0.890, SOC: 94.8%",1
2026-01-01T17:27:40Z,GRID_PASS,94.80263157894721,0.0,"Baseline UPS logic. V: 0.981, SOC: 94.8%",1
2026-01-01T17:27:45Z,GRID_PASS,94.80263157894721,0.0,"Baseline UPS logic. V: 0.960, SOC: 94.8%",1
2026-01-01T17:27:50Z,GRID_PASS,94.80263157894721,0.0,"Baseline UPS logic. V: 0.996, SOC: 94.8%",1
2026-01-01T17:27:55Z,GRID_PASS,94.80263157894721,0.0,"Baseline UPS logic. V: 0.961, SOC: 94.8%",1
2026-01-01T17:28:00Z,GRID_PASS,94.80263157894721,0.0,"Baseline UPS logic. V: 0.952, SOC: 94.8%",1
2026-01-01T17:28:05Z,GRID_PASS,94.80263157894721,0.0,"Baseline UPS logic. V: 1.001, SOC: 94.8%",1
2026-01-01T17:28:10Z,GRID_PASS,94.80263157894721,0.0,"Baseline UPS logic. V: 0.964, SOC: 94.8%",1
2026-01-01T17:28:15Z,GRID_PASS,94.80263157894721,0.0,"Baseline UPS logic. V: 0.944, SOC: 94.8%",1
2026-01-01T17:28:20Z,GRID_PASS,94.80263157894721,0.0,"Baseline UPS logic. V: 1.015, SOC: 94.8%",1
2026-01-01T17:28:25Z,GRID_PASS,94.80263157894721,0.0,"Baseline UPS logic. V: 0.947, SOC: 94.8%",1
2026-01-01T17:28:30Z,ISLAND,94.76973684210512,0.0,"Baseline UPS logic. V: 0.926, SOC: 94.8%",1
2026-01-01T17:28:35Z,ISLAND,94.73684210526301,0.0,"Baseline UPS logic. V: 0.899, SOC: 94.8%",1
2026-01-01T17:28:40Z,GRID_PASS,94.73684210526301,0.0,"Baseline UPS logic. V: 0.978, SOC: 94.7%",1
2026-01-01T17:28:45Z,GRID_PASS,94.73684210526301,0.0,"Baseline UPS logic. V: 1.004, SOC: 94.7%",1
2026-01-01T17:28:50Z,ISLAND,94.7039473684209,0.0,"Baseline UPS logic. V: 0.938, SOC: 94.7%",1
2026-01-01T17:28:55Z,GRID_PASS,94.7039473684209,0.0,"Baseline UPS logic. V: 1.006, SOC: 94.7%",1
2026-01-01T17:29:00Z,ISLAND,94.6710526315788,0.0,"Baseline UPS logic. V: 0.844, SOC: 94.7%",1
2026-01-01T17:29:05Z,ISLAND,94.63815789473668,0.0,"Baseline UPS logic. V: 0.938, SOC: 94.7%",1
2026-01-01T17:29:10Z,GRID_PASS,94.63815789473668,0.0,"Baseline UPS logic. V: 0.940, SOC: 94.6%",1
2026-01-01T17:29:15Z,ISLAND,94.60526315789458,0.0,"Baseline UPS logic. V: 0.906, SOC: 94.6%",1
2026-01-01T17:29:20Z,GRID_PASS,94.60526315789458,0.0,"Baseline UPS logic. V: 1.060, SOC: 94.6%",1
2026-01-01T17:29:25Z,ISLAND,94.57236842105247,0.0,"Baseline UPS logic. V: 0.939, SOC: 94.6%",1
2026-01-01T17:29:30Z,ISLAND,94.53947368421038,0.0,"Baseline UPS logic. V: 0.920, SOC: 94.6%",1
2026-01-01T17:29:35Z,GRID_PASS,94.53947368421038,0.0,"Baseline UPS logic. V: 0.944, SOC: 94.5%",1
2026-01-01T17:29:40Z,ISLAND,94.50657894736827,0.0,"Baseline UPS logic. V: 0.842, SOC: 94.5%",1
2026-01-01T17:29:45Z,ISLAND,94.47368421052616,0.0,"Baseline UPS logic. V: 0.903, SOC: 94.5%",1
2026-01-01T17:29:50Z,GRID_PASS,94.47368421052616,0.0,"Baseline UPS logic. V: 0.991, SOC: 94.5%",1
2026-01-01T17:29:55Z,ISLAND,94.44078947368405,0.0,"Baseline UPS logic. V: 0.911, SOC: 94.5%",1
2026-01-01T17:30:00Z,ISLAND,94.40789473684194,0.0,"Baseline UPS logic. V: 0.899, SOC: 94.4%",1
2026-01-01T17:30:05Z,GRID_PASS,94.40789473684194,0.0,"Baseline UPS logic. V: 1.007, SOC: 94.4%",1
2026-01-01T17:30:10Z,GRID_PASS,94.40789473684194,0.0,"Baseline UPS logic. V: 1.009, SOC: 94.4%",1
2026-01-01T17:30:15Z,GRID_PASS,94.40789473684194,0.0,"Baseline UPS logic. V: 0.966, SOC: 94.4%",1
2026-01-01T17:30:20Z,ISLAND,94.37499999999984,0.0,"Baseline UPS logic. V: 0.917, SOC: 94.4%",1
2026-01-01T17:30:25Z,ISLAND,94.34210526315773,0.0,"Baseline UPS logic. V: 0.928, SOC: 94.4%",1
2026-01-01T17:30:30Z,ISLAND,94.30921052631562,0.0,"Baseline UPS logic. V: 0.902, SOC: 94.3%",1
2026-01-01T17:30:35Z,ISLAND,94.27631578947351,0.0,"Baseline UPS logic. V: 0.892, SOC: 94.3%",1
2026-01-01T17:30:40Z,ISLAND,94.24342105263142,0.0,"Baseline UPS logic. V: 0.890, SOC: 94.3%",1
2026-01-01T17:30:45Z,ISLAND,94.21052631578931,0.0,"Baseline UPS logic. V: 0.911, SOC: 94.2%",1
2026-01-01T17:30:50Z,ISLAND,94.17763157894721,0.0,"Baseline UPS logic. V: 0.890, SOC: 94.2%",1
2026-01-01T17:30:55Z,ISLAND,94.14473684210509,0.0,"Baseline UPS logic. V: 0.864, SOC: 94.2%",1
2026-01-01T17:31:00Z,GRID_PASS,94.14473684210509,0.0,"Baseline UPS logic. V: 0.953, SOC: 94.1%",1
2026-01-01T17:31:05Z,GRID_PASS,94.14473684210509,0.0,"Baseline UPS logic. V: 0.953, SOC: 94.1%",1
2026-01-01T17:31:10Z,GRID_PASS,94.14473684210509,0.0,"Baseline UPS logic. V: 1.025, SOC: 94.1%",1
2026-01-01T17:31:15Z,ISLAND,94.111842105263,0.0,"Baseline UPS logic. V: 0.906, SOC: 94.1%",1
2026-01-01T17:31:20Z,GRID_PASS,94.111842105263,0.0,"Baseline UPS logic. V: 0.955, SOC: 94.1%",1
2026-01-01T17:31:25Z,GRID_PASS,94.111842105263,0.0,"Baseline UPS logic. V: 0.957, SOC: 94.1%",1
2026-01-01T17:31:30Z,ISLAND,94.07894736842088,0.0,"Baseline UPS logic. V: 0.927, SOC: 94.1%",1
2026-01-01T17:31:35Z,GRID_PASS,94.07894736842088,0.0,"Baseline UPS logic. V: 0.977, SOC: 94.1%",1
2026-01-01T17:31:40Z,GRID_PASS,94.07894736842088,0.0,"Baseline UPS logic. V: 0.980, SOC: 94.1%",1
2026-01-01T17:31:45Z,GRID_PASS,94.07894736842088,0.0,"Baseline UPS logic. V: 0.956, SOC: 94.1%",1
2026-01-01T17:31:50Z,ISLAND,94.04605263157877,0.0,"Baseline UPS logic. V: 0.927, SOC: 94.1%",1
2026-01-01T17:31:55Z,ISLAND,94.01315789473668,0.0,"Baseline UPS logic. V: 0.922, SOC: 94.0%",1
2026-01-01T17:32:00Z,ISLAND,93.98026315789456,0.0,"Baseline UPS logic. V: 0.873, SOC: 94.0%",1
2026-01-01T17:32:05Z,ISLAND,93.94736842105246,0.0,"Baseline UPS logic. V: 0.901, SOC: 94.0%",1
2026-01-01T17:32:10Z,ISLAND,93.91447368421035,0.0,"Baseline UPS logic. V: 0.910, SOC: 93.9%",1
2026-01-01T17:32:15Z,ISLAND,93.88157894736825,0.0,"Baseline UPS logic. V: 0.885, SOC: 93.9%",1
2026-01-01T17:32:20Z,GRID_PASS,93.88157894736825,0.0,"Baseline UPS logic. V: 0.963, SOC: 93.9%",1
2026-01-01T17:32:25Z,GRID_PASS,93.88157894736825,0.0,"Baseline UPS logic. V: 1.001, SOC: 93.9%",1
2026-01-01T17:32:30Z,ISLAND,93.84868421052614,0.0,"Baseline UPS logic. V: 0.894, SOC: 93.9%",1
2026-01-01T17:32:35Z,GRID_PASS,93.84868421052614,0.0,"Baseline UPS logic. V: 0.954, SOC: 93.8%",1
2026-01-01T17:32:40Z,ISLAND,93.81578947368403,0.0,"Baseline UPS logic. V: 0.890, SOC: 93.8%",1
2026-01-01T17:32:45Z,ISLAND,93.78289473684193,0.0,"Baseline UPS logic. V: 0.924, SOC: 93.8%",1
2026-01-01T17:32:50Z,ISLAND,93.74999999999983,0.0,"Baseline UPS logic. V: 0.907, SOC: 93.8%",1
2026-01-01T17:32:55Z,GRID_PASS,93.74999999999983,0.0,"Baseline UPS logic. V: 0.971, SOC: 93.7%",1
2026-01-01T17:33:00Z,ISLAND,93.71710526315772,0.0,"Baseline UPS logic. V: 0.907, SOC: 93.7%",1
2026-01-01T17:33:05Z,GRID_PASS,93.71710526315772,0.0,"Baseline UPS logic. V: 0.990, SOC: 93.7%",1
2026-01-01T17:33:10Z,ISLAND,93.68421052631561,0.0,"Baseline UPS logic. V: 0.929, SOC: 93.7%",1
2026-01-01T17:33:15Z,ISLAND,93.6513157894735,0.0,"Baseline UPS logic. V: 0.907, SOC: 93.7%",1
2026-01-01T17:33:20Z,ISLAND,93.61842105263139,0.0,"Baseline UPS logic. V: 0.878, SOC: 93.7%",1
2026-01-01T17:33:25Z,GRID_PASS,93.61842105263139,0.0,"Baseline UPS logic. V: 0.954, SOC: 93.6%",1
2026-01-01T17:33:30Z,GRID_PASS,93.61842105263139,0.0,"Baseline UPS logic. V: 0.986, SOC: 93.6%",1
2026-01-01T17:33:35Z,GRID_PASS,93.61842105263139,0.0,"Baseline UPS logic. V: 0.953, SOC: 93.6%",1
2026-01-01T17:33:40Z,GRID_PASS,93.61842105263139,0.0,"Baseline UPS logic. V: 1.051, SOC: 93.6%",1
2026-01-01T17:33:45Z,GRID_PASS,93.61842105263139,0.0,"Baseline UPS logic. V: 1.011, SOC: 93.6%",1
2026-01-01T17:33:50Z,ISLAND,93.5855263157893,0.0,"Baseline UPS logic. V: 0.924, SOC: 93.6%",1
2026-01-01T17:33:55Z,ISLAND,93.55263157894719,0.0,"Baseline UPS logic. V: 0.923, SOC: 93.6%",1
2026-01-01T17:34:00Z,GRID_PASS,93.55263157894719,0.0,"Baseline UPS logic. V: 0.965, SOC: 93.6%",1
2026-01-01T17:34:05Z,ISLAND,93.51973684210509,0.0,"Baseline UPS logic. V: 0.899, SOC: 93.6%",1
2026-01-01T17:34:10Z,GRID_PASS,93.51973684210509,0.0,"Baseline UPS logic. V: 0.997, SOC: 93.5%",1
2026-01-01T17:34:15Z,GRID_PASS,93.51973684210509,0.0,"Baseline UPS logic. V: 0.959, SOC: 93.5%",1
2026-01-01T17:34:20Z,GRID_PASS,93.51973684210509,0.0,"Baseline UPS logic. V: 0.952, SOC: 93.5%",1
2026-01-01T17:34:25Z,GRID_PASS,93.51973684210509,0.0,"Baseline UPS logic. V: 0.973, SOC: 93.5%",1
2026-01-01T17:34:30Z,GRID_PASS,93.51973684210509,0.0,"Baseline UPS logic. V: 1.025, SOC: 93.5%",1
2026-01-01T17:34:35Z,GRID_PASS,93.51973684210509,0.0,"Baseline UPS logic. V: 0.947, SOC: 93.5%",1
2026-01-01T17:34:40Z,ISLAND,93.48684210526297,0.0,"Baseline UPS logic. V: 0.933, SOC: 93.5%",1
2026-01-01T17:34:45Z,GRID_PASS,93.48684210526297,0.0,"Baseline UPS logic. V: 1.014, SOC: 93.5%",1
2026-01-01T17:34:50Z,GRID_PASS,93.48684210526297,0.0,"Baseline UPS logic. V: 0.989, SOC: 93.5%",1
2026-01-01T17:34:55Z,ISLAND,93.45394736842087,0.0,"Baseline UPS logic. V: 0.923, SOC: 93.5%",1
2026-01-01T17:35:00Z,ISLAND,93.42105263157876,0.0,"Baseline UPS logic. V: 0.939, SOC: 93.5%",1
2026-01-01T17:35:05Z,GRID_PASS,93.42105263157876,0.0,"Baseline UPS logic. V: 0.950, SOC: 93.4%",1
2026-01-01T17:35:10Z,GRID_PASS,93.42105263157876,0.0,"Baseline UPS logic. V: 0.959, SOC: 93.4%",1
2026-01-01T17:35:15Z,ISLAND,93.38815789473665,0.0,"Baseline UPS logic. V: 0.871, SOC: 93.4%",1
2026-01-01T17:35:20Z,ISLAND,93.35526315789456,0.0,"Baseline UPS logic. V: 0.862, SOC: 93.4%",1
2026-01-01T17:35:25Z,ISLAND,93.32236842105243,0.0,"Baseline UPS logic. V: 0.896, SOC: 93.4%",1
2026-01-01T17:35:30Z,ISLAND,93.28947368421034,0.0,"Baseline UPS logic. V: 0.892, SOC: 93.3%",1
2026-01-01T17:35:35Z,ISLAND,93.25657894736823,0.0,"Baseline UPS logic. V: 0.908, SOC: 93.3%",1
2026-01-01T17:35:40Z,GRID_PASS,93.25657894736823,0.0,"Baseline UPS logic. V: 0.972, SOC: 93.3%",1
2026-01-01T17:35:45Z,ISLAND,93.22368421052613,0.0,"Baseline UPS logic. V: 0.932, SOC: 93.3%",1
2026-01-01T17:35:50Z,GRID_PASS,93.22368421052613,0.0,"Baseline UPS logic. V: 0.949, SOC: 93.2%",1
2026-01-01T17:35:55Z,ISLAND,93.19078947368402,0.0,"Baseline UPS logic. V: 0.879, SOC: 93.2%",1
2026-01-01T17:36:00Z,ISLAND,93.15789473684191,0.0,"Baseline UPS logic. V: 0.916, SOC: 93.2%",1
2026-01-01T17:36:05Z,GRID_PASS,93.15789473684191,0.0,"Baseline UPS logic. V: 0.969, SOC: 93.2%",1
2026-01-01T17:36:10Z,GRID_PASS,93.15789473684191,0.0,"Baseline UPS logic. V: 0.970, SOC: 93.2%",1
2026-01-01T17:36:15Z,ISLAND,93.1249999999998,0.0,"Baseline UPS logic. V: 0.902, SOC: 93.2%",1
2026-01-01T17:36:20Z,GRID_PASS,93.1249999999998,0.0,"Baseline UPS logic. V: 0.946, SOC: 93.1%",1
2026-01-01T17:36:25Z,GRID_PASS,93.1249999999998,0.0,"Baseline UPS logic. V: 1.050, SOC: 93.1%",1
2026-01-01T17:36:30Z,ISLAND,93.09210526315769,0.0,"Baseline UPS logic. V: 0.937, SOC: 93.1%",1
2026-01-01T17:36:35Z,ISLAND,93.0592105263156,0.0,"Baseline UPS logic. V: 0.904, SOC: 93.1%",1
2026-01-01T17:36:40Z,ISLAND,93.02631578947349,0.0,"Baseline UPS logic. V: 0.931, SOC: 93.1%",1
2026-01-01T17:36:45Z,GRID_PASS,93.02631578947349,0.0,"Baseline UPS logic. V: 0.945, SOC: 93.0%",1
2026-01-01T17:36:50Z,ISLAND,92.99342105263138,0.0,"Baseline UPS logic. V: 0.933, SOC: 93.0%",1
2026-01-01T17:36:55Z,ISLAND,92.96052631578927,0.0,"Baseline UPS logic. V: 0.937, SOC: 93.0%",1
2026-01-01T17:37:00Z,ISLAND,92.92763157894717,0.0,"Baseline UPS logic. V: 0.868, SOC: 93.0%",1
2026-01-01T17:37:05Z,ISLAND,92.89473684210506,0.0,"Baseline UPS logic. V: 0.892, SOC: 92.9%",1
2026-01-01T17:37:10Z,ISLAND,92.86184210526297,0.0,"Baseline UPS logic. V: 0.932, SOC: 92.9%",1
2026-01-01T17:37:15Z,ISLAND,92.82894736842084,0.0,"Baseline UPS logic. V: 0.931, SOC: 92.9%",1
2026-01-01T17:37:20Z,ISLAND,92.79605263157875,0.0,"Baseline UPS logic. V: 0.911, SOC: 92.8%",1
2026-01-01T17:37:25Z,ISLAND,92.76315789473664,0.0,"Baseline UPS logic. V: 0.931, SOC: 92.8%",1
2026-01-01T17:37:30Z,GRID_PASS,92.76315789473664,0.0,"Baseline UPS logic. V: 0.943, SOC: 92.8%",1
2026-01-01T17:37:35Z,GRID_PASS,92.76315789473664,0.0,"Baseline UPS logic. V: 0.984, SOC: 92.8%",1
2026-01-01T17:37:40Z,ISLAND,92.73026315789453,0.0,"Baseline UPS logic. V: 0.933, SOC: 92.8%",1
2026-01-01T17:37:45Z,GRID_PASS,92.73026315789453,0.0,"Baseline UPS logic. V: 0.958, SOC: 92.7%",1
2026-01-01T17:37:50Z,ISLAND,92.69736842105243,0.0,"Baseline UPS logic. V: 0.913, SOC: 92.7%",1
2026-01-01T17:37:55Z,GRID_PASS,92.69736842105243,0.0,"Baseline UPS logic. V: 0.967, SOC: 92.7%",1
2026-01-01T17:38:00Z,GRID_PASS,92.69736842105243,0.0,"Baseline UPS logic. V: 0.959, SOC: 92.7%",1
2026-01-01T17:38:05Z,GRID_PASS,92.69736842105243,0.0,"Baseline UPS logic. V: 0.981, SOC: 92.7%",1
2026-01-01T17:38:10Z,GRID_PASS,92.69736842105243,0.0,"Baseline UPS logic. V: 0.973, SOC: 92.7%",1
2026-01-01T17:38:15Z,GRID_PASS,92.69736842105243,0.0,"Baseline UPS logic. V: 0.967, SOC: 92.7%",1
2026-01-01T17:38:20Z,ISLAND,92.66447368421031,0.0,"Baseline UPS logic. V: 0.933, SOC: 92.7%",1
2026-01-01T17:38:25Z,GRID_PASS,92.66447368421031,0.0,"Baseline UPS logic. V: 0.950, SOC: 92.7%",1
2026-01-01T17:38:30Z,GRID_PASS,92.66447368421031,0.0,"Baseline UPS logic. V: 0.993, SOC: 92.7%",1
2026-01-01T17:38:35Z,ISLAND,92.63157894736821,0.0,"Baseline UPS logic. V: 0.905, SOC: 92.7%",1
2026-01-01T17:38:40Z,ISLAND,92.5986842105261,0.0,"Baseline UPS logic. V: 0.906, SOC: 92.6%",1
2026-01-01T17:38:45Z,GRID_PASS,92.5986842105261,0.0,"Baseline UPS logic. V: 0.949, SOC: 92.6%",1
2026-01-01T17:38:50Z,GRID_PASS,92.5986842105261,0.0,"Baseline UPS logic. V: 0.960, SOC: 92.6%",1
2026-01-01T17:38:55Z,ISLAND,92.565789473684,0.0,"Baseline UPS logic. V: 0.896, SOC: 92.6%",1
2026-01-01T17:39:00Z,ISLAND,92.5328947368419,0.0,"Baseline UPS logic. V: 0.934, SOC: 92.6%",1
2026-01-01T17:39:05Z,ISLAND,92.49999999999979,0.0,"Baseline UPS logic. V: 0.934, SOC: 92.5%",1
2026-01-01T17:39:10Z,ISLAND,92.46710526315768,0.0,"Baseline UPS logic. V: 0.828, SOC: 92.5%",1
2026-01-01T17:39:15Z,ISLAND,92.43421052631558,0.0,"Baseline UPS logic. V: 0.928, SOC: 92.5%",1
2026-01-01T17:39:20Z,ISLAND,92.40131578947347,0.0,"Baseline UPS logic. V: 0.931, SOC: 92.4%",1
2026-01-01T17:39:25Z,ISLAND,92.36842105263136,0.0,"Baseline UPS logic. V: 0.931, SOC: 92.4%",1
2026-01-01T17:39:30Z,GRID_PASS,92.36842105263136,0.0,"Baseline UPS logic. V: 1.010, SOC: 92.4%",1
2026-01-01T17:39:35Z,ISLAND,92.33552631578925,0.0,"Baseline UPS logic. V: 0.878, SOC: 92.4%",1
2026-01-01T17:39:40Z,ISLAND,92.30263157894714,0.0,"Baseline UPS logic. V: 0.896, SOC: 92.3%",1
2026-01-01T17:39:45Z,ISLAND,92.26973684210505,0.0,"Baseline UPS logic. V: 0.808, SOC: 92.3%",1
2026-01-01T17:39:50Z,ISLAND,92.23684210526294,0.0,"Baseline UPS logic. V: 0.915, SOC: 92.3%",1
2026-01-01T17:39:55Z,ISLAND,92.20394736842084,0.0,"Baseline UPS logic. V: 0.919, SOC: 92.2%",1
2026-01-01T17:40:00Z,ISLAND,92.17105263157872,0.0,"Baseline UPS logic. V: 0.914, SOC: 92.2%",1
2026-01-01T17:40:05Z,GRID_PASS,92.17105263157872,0.0,"Baseline UPS logic. V: 0.994, SOC: 92.2%",1
2026-01-01T17:40:10Z,GRID_PASS,92.17105263157872,0.0,"Baseline UPS logic. V: 0.982, SOC: 92.2%",1
2026-01-01T17:40:15Z,GRID_PASS,92.17105263157872,0.0,"Baseline UPS logic. V: 0.941, SOC: 92.2%",1
2026-01-01T17:40:20Z,ISLAND,92.13815789473662,0.0,"Baseline UPS logic. V: 0.919, SOC: 92.2%",1
2026-01-01T17:40:25Z,GRID_PASS,92.13815789473662,0.0,"Baseline UPS logic. V: 0.988, SOC: 92.1%",1
2026-01-01T17:40:30Z,ISLAND,92.10526315789451,0.0,"Baseline UPS logic. V: 0.938, SOC: 92.1%",1
2026-01-01T17:40:35Z,ISLAND,92.0723684210524,0.0,"Baseline UPS logic. V: 0.896, SOC: 92.1%",1
2026-01-01T17:40:40Z,ISLAND,92.03947368421031,0.0,"Baseline UPS logic. V: 0.853, SOC: 92.1%",1
2026-01-01T17:40:45Z,ISLAND,92.00657894736818,0.0,"Baseline UPS logic. V: 0.917, SOC: 92.0%",1
2026-01-01T17:40:50Z,GRID_PASS,92.00657894736818,0.0,"Baseline UPS logic. V: 0.977, SOC: 92.0%",1
2026-01-01T17:40:55Z,GRID_PASS,92.00657894736818,0.0,"Baseline UPS logic. V: 1.053, SOC: 92.0%",1
2026-01-01T17:41:00Z,ISLAND,91.97368421052609,0.0,"Baseline UPS logic. V: 0.940, SOC: 92.0%",1
2026-01-01T17:41:05Z,ISLAND,91.94078947368398,0.0,"Baseline UPS logic. V: 0.898, SOC: 92.0%",1
2026-01-01T17:41:10Z,ISLAND,91.90789473684188,0.0,"Baseline UPS logic. V: 0.879, SOC: 91.9%",1
2026-01-01T17:41:15Z,GRID_PASS,91.90789473684188,0.0,"Baseline UPS logic. V: 0.966, SOC: 91.9%",1
2026-01-01T17:41:20Z,ISLAND,91.87499999999977,0.0,"Baseline UPS logic. V: 0.850, SOC: 91.9%",1
2026-01-01T17:41:25Z,GRID_PASS,91.87499999999977,0.0,"Baseline UPS logic. V: 0.964, SOC: 91.9%",1
2026-01-01T17:41:30Z,GRID_PASS,91.87499999999977,0.0,"Baseline UPS logic. V: 0.979, SOC: 91.9%",1
2026-01-01T17:41:35Z,GRID_PASS,91.87499999999977,0.0,"Baseline UPS logic. V: 0.958, SOC: 91.9%",1
2026-01-01T17:41:40Z,ISLAND,91.84210526315766,0.0,"Baseline UPS logic. V: 0.926, SOC: 91.9%",1
2026-01-01T17:41:45Z,GRID_PASS,91.84210526315766,0.0,"Baseline UPS logic. V: 0.965, SOC: 91.8%",1
2026-01-01T17:41:50Z,GRID_PASS,91.84210526315766,0.0,"Baseline UPS logic. V: 0.947, SOC: 91.8%",1
2026-01-01T17:41:55Z,ISLAND,91.80921052631555,0.0,"Baseline UPS logic. V: 0.898, SOC: 91.8%",1
2026-01-01T17:42:00Z,GRID_PASS,91.80921052631555,0.0,"Baseline UPS logic. V: 1.029, SOC: 91.8%",1
2026-01-01T17:42:05Z,ISLAND,91.77631578947344,0.0,"Baseline UPS logic. V: 0.921, SOC: 91.8%",1
2026-01-01T17:42:10Z,GRID_PASS,91.77631578947344,0.0,"Baseline UPS logic. V: 0.975, SOC: 91.8%",1
2026-01-01T17:42:15Z,ISLAND,91.74342105263135,0.0,"Baseline UPS logic. V: 0.817, SOC: 91.8%",1
2026-01-01T17:42:20Z,GRID_PASS,91.74342105263135,0.0,"Baseline UPS logic. V: 1.000, SOC: 91.7%",1
2026-01-01T17:42:25Z,GRID_PASS,91.74342105263135,0.0,"Baseline UPS logic. V: 1.012, SOC: 91.7%",1
2026-01-01T17:42:30Z,ISLAND,91.71052631578924,0.0,"Baseline UPS logic. V: 0.938, SOC: 91.7%",1
2026-01-01T17:42:35Z,GRID_PASS,91.71052631578924,0.0,"Baseline UPS logic. V: 0.964, SOC: 91.7%",1
2026-01-01T17:42:40Z,GRID_PASS,91.71052631578924,0.0,"Baseline UPS logic. V: 0.966, SOC: 91.7%",1
2026-01-01T17:42:45Z,ISLAND,91.67763157894713,0.0,"Baseline UPS logic. V: 0.904, SOC: 91.7%",1
2026-01-01T17:42:50Z,GRID_PASS,91.67763157894713,0.0,"Baseline UPS logic. V: 0.964, SOC: 91.7%",1
2026-01-01T17:42:55Z,ISLAND,91.64473684210502,0.0,"Baseline UPS logic. V: 0.898, SOC: 91.7%",1
2026-01-01T17:43:00Z,ISLAND,91.61184210526292,0.0,"Baseline UPS logic. V: 0.906, SOC: 91.6%",1
2026-01-01T17:43:05Z,GRID_PASS,91.61184210526292,0.0,"Baseline UPS logic. V: 0.994, SOC: 91.6%",1
2026-01-01T17:43:10Z,GRID_PASS,91.61184210526292,0.0,"Baseline UPS logic. V: 0.986, SOC: 91.6%",1
2026-01-01T17:43:15Z,ISLAND,91.57894736842081,0.0,"Baseline UPS logic. V: 0.901, SOC: 91.6%",1
2026-01-01T17:43:20Z,ISLAND,91.54605263157872,0.0,"Baseline UPS logic. V: 0.899, SOC: 91.6%",1
2026-01-01T17:43:25Z,ISLAND,91.5131578947366,0.0,"Baseline UPS logic. V: 0.905, SOC: 91.5%",1
2026-01-01T17:43:30Z,GRID_PASS,91.5131578947366,0.0,"Baseline UPS logic. V: 0.974, SOC: 91.5%",1
2026-01-01T17:43:35Z,ISLAND,91.4802631578945,0.0,"Baseline UPS logic. V: 0.888, SOC: 91.5%",1
2026-01-01T17:43:40Z,GRID_PASS,91.4802631578945,0.0,"Baseline UPS logic. V: 0.954, SOC: 91.5%",1
2026-01-01T17:43:45Z,GRID_PASS,91.4802631578945,0.0,"Baseline UPS logic. V: 0.975, SOC: 91.5%",1
2026-01-01T17:43:50Z,ISLAND,91.44736842105239,0.0,"Baseline UPS logic. V: 0.932, SOC: 91.5%",1
2026-01-01T17:43:55Z,GRID_PASS,91.44736842105239,0.0,"Baseline UPS logic. V: 0.987, SOC: 91.4%",1
2026-01-01T17:44:00Z,ISLAND,91.41447368421028,0.0,"Baseline UPS logic. V: 0.923, SOC: 91.4%",1
2026-01-01T17:44:05Z,ISLAND,91.38157894736818,0.0,"Baseline UPS logic. V: 0.925, SOC: 91.4%",1
2026-01-01T17:44:10Z,ISLAND,91.34868421052606,0.0,"Baseline UPS logic. V: 0.889, SOC: 91.4%",1
2026-01-01T17:44:15Z,GRID_PASS,91.34868421052606,0.0,"Baseline UPS logic. V: 0.988, SOC: 91.3%",1
2026-01-01T17:44:20Z,ISLAND,91.31578947368396,0.0,"Baseline UPS logic. V: 0.899, SOC: 91.3%",1
2026-01-01T17:44:25Z,GRID_PASS,91.31578947368396,0.0,"Baseline UPS logic. V: 0.953, SOC: 91.3%",1
2026-01-01T17:44:30Z,ISLAND,91.28289473684185,0.0,"Baseline UPS logic. V: 0.934, SOC: 91.3%",1
2026-01-01T17:44:35Z,ISLAND,91.24999999999976,0.0,"Baseline UPS logic. V: 0.883, SOC: 91.3%",1
2026-01-01T17:44:40Z,ISLAND,91.21710526315765,0.0,"Baseline UPS logic. V: 0.907, SOC: 91.2%",1
2026-01-01T17:44:45Z,GRID_PASS,91.21710526315765,0.0,"Baseline UPS logic. V: 1.007, SOC: 91.2%",1
2026-01-01T17:44:50Z,GRID_PASS,91.21710526315765,0.0,"Baseline UPS logic. V: 0.948, SOC: 91.2%",1
2026-01-01T17:44:55Z,ISLAND,91.18421052631554,0.0,"Baseline UPS logic. V: 0.885, SOC: 91.2%",1
2026-01-01T17:45:00Z,GRID_PASS,91.18421052631554,0.0,"Baseline UPS logic. V: 0.951, SOC: 91.2%",1
2026-01-01T17:45:05Z,ISLAND,91.15131578947343,0.0,"Baseline UPS logic. V: 0.930, SOC: 91.2%",1
2026-01-01T17:45:10Z,GRID_PASS,91.15131578947343,0.0,"Baseline UPS logic. V: 1.108, SOC: 91.2%",1
2026-01-01T17:45:15Z,GRID_PASS,91.15131578947343,0.0,"Baseline UPS logic. V: 0.951, SOC: 91.2%",1
2026-01-01T17:45:20Z,ISLAND,91.11842105263133,0.0,"Baseline UPS logic. V: 0.916, SOC: 91.2%",1
2026-01-01T17:45:25Z,GRID_PASS,91.11842105263133,0.0,"Baseline UPS logic. V: 1.006, SOC: 91.1%",1
2026-01-01T17:45:30Z,ISLAND,91.08552631578922,0.0,"Baseline UPS logic. V: 0.845, SOC: 91.1%",1
2026-01-01T17:45:35Z,GRID_PASS,91.08552631578922,0.0,"Baseline UPS logic. V: 0.940, SOC: 91.1%",1
2026-01-01T17:45:40Z,GRID_PASS,91.08552631578922,0.0,"Baseline UPS logic. V: 1.037, SOC: 91.1%",1
2026-01-01T17:45:45Z,ISLAND,91.05263157894711,0.0,"Baseline UPS logic. V: 0.929, SOC: 91.1%",1
2026-01-01T17:45:50Z,ISLAND,91.019736842105,0.0,"Baseline UPS logic. V: 0.849, SOC: 91.1%",1
2026-01-01T17:45:55Z,ISLAND,90.9868421052629,0.0,"Baseline UPS logic. V: 0.917, SOC: 91.0%",1
2026-01-01T17:46:00Z,GRID_PASS,90.9868421052629,0.0,"Baseline UPS logic. V: 1.010, SOC: 91.0%",1
2026-01-01T17:46:05Z,GRID_PASS,90.9868421052629,0.0,"Baseline UPS logic. V: 0.956, SOC: 91.0%",1
2026-01-01T17:46:10Z,ISLAND,90.9539473684208,0.0,"Baseline UPS logic. V: 0.893, SOC: 91.0%",1
2026-01-01T17:46:15Z,ISLAND,90.92105263157869,0.0,"Baseline UPS logic. V: 0.901, SOC: 91.0%",1
2026-01-01T17:46:20Z,ISLAND,90.8881578947366,0.0,"Baseline UPS logic. V: 0.909, SOC: 90.9%",1
2026-01-01T17:46:25Z,GRID_PASS,90.8881578947366,0.0,"Baseline UPS logic. V: 0.955, SOC: 90.9%",1
2026-01-01T17:46:30Z,GRID_PASS,90.8881578947366,0.0,"Baseline UPS logic. V: 1.004, SOC: 90.9%",1
2026-01-01T17:46:35Z,GRID_PASS,90.8881578947366,0.0,"Baseline UPS logic. V: 0.988, SOC: 90.9%",1
2026-01-01T17:46:40Z,GRID_PASS,90.8881578947366,0.0,"Baseline UPS logic. V: 0.958, SOC: 90.9%",1
2026-01-01T17:46:45Z,ISLAND,90.85526315789447,0.0,"Baseline UPS logic. V: 0.868, SOC: 90.9%",1
2026-01-01T17:46:50Z,ISLAND,90.82236842105237,0.0,"Baseline UPS logic. V: 0.869, SOC: 90.9%",1
2026-01-01T17:46:55Z,GRID_PASS,90.82236842105237,0.0,"Baseline UPS logic. V: 0.963, SOC: 90.8%",1
2026-01-01T17:47:00Z,ISLAND,90.78947368421026,0.0,"Baseline UPS logic. V: 0.869, SOC: 90.8%",1
2026-01-01T17:47:05Z,ISLAND,90.75657894736815,0.0,"Baseline UPS logic. V: 0.923, SOC: 90.8%",1
2026-01-01T17:47:10Z,GRID_PASS,90.75657894736815,0.0,"Baseline UPS logic. V: 0.952, SOC: 90.8%",1
2026-01-01T17:47:15Z,ISLAND,90.72368421052606,0.0,"Baseline UPS logic. V: 0.880, SOC: 90.8%",1
2026-01-01T17:47:20Z,ISLAND,90.69078947368394,0.0,"Baseline UPS logic. V: 0.883, SOC: 90.7%",1
2026-01-01T17:47:25Z,ISLAND,90.65789473684184,0.0,"Baseline UPS logic. V: 0.932, SOC: 90.7%",1
2026-01-01T17:47:30Z,GRID_PASS,90.65789473684184,0.0,"Baseline UPS logic. V: 0.962, SOC: 90.7%",1
2026-01-01T17:47:35Z,GRID_PASS,90.65789473684184,0.0,"Baseline UPS logic. V: 0.989, SOC: 90.7%",1
2026-01-01T17:47:40Z,GRID_PASS,90.65789473684184,0.0,"Baseline UPS logic. V: 0.965, SOC: 90.7%",1
2026-01-01T17:47:45Z,ISLAND,90.62499999999973,0.0,"Baseline UPS logic. V: 0.938, SOC: 90.7%",1
2026-01-01T17:47:50Z,ISLAND,90.59210526315763,0.0,"Baseline UPS logic. V: 0.897, SOC: 90.6%",1
2026-01-01T17:47:55Z,ISLAND,90.55921052631552,0.0,"Baseline UPS logic. V: 0.883, SOC: 90.6%",1
2026-01-01T17:48:00Z,ISLAND,90.52631578947341,0.0,"Baseline UPS logic. V: 0.911, SOC: 90.6%",1
2026-01-01T17:48:05Z,GRID_PASS,90.52631578947341,0.0,"Baseline UPS logic. V: 0.957, SOC: 90.5%",1
2026-01-01T17:48:10Z,GRID_PASS,90.52631578947341,0.0,"Baseline UPS logic. V: 0.953, SOC: 90.5%",1
2026-01-01T17:48:15Z,ISLAND,90.4934210526313,0.0,"Baseline UPS logic. V: 0.829, SOC: 90.5%",1
2026-01-01T17:48:20Z,ISLAND,90.4605263157892,0.0,"Baseline UPS logic. V: 0.895, SOC: 90.5%",1
2026-01-01T17:48:25Z,GRID_PASS,90.4605263157892,0.0,"Baseline UPS logic. V: 0.996, SOC: 90.5%",1
2026-01-01T17:48:30Z,GRID_PASS,90.4605263157892,0.0,"Baseline UPS logic. V: 0.940, SOC: 90.5%",1
2026-01-01T17:48:35Z,ISLAND,90.4276315789471,0.0,"Baseline UPS logic. V: 0.863, SOC: 90.5%",1
2026-01-01T17:48:40Z,GRID_PASS,90.4276315789471,0.0,"Baseline UPS logic. V: 1.052, SOC: 90.4%",1
2026-01-01T17:48:45Z,ISLAND,90.39473684210499,0.0,"Baseline UPS logic. V: 0.935, SOC: 90.4%",1
2026-01-01T17:48:50Z,GRID_PASS,90.39473684210499,0.0,"Baseline UPS logic. V: 0.954, SOC: 90.4%",1
2026-01-01T17:48:55Z,GRID_PASS,90.39473684210499,0.0,"Baseline UPS logic. V: 0.956, SOC: 90.4%",1
2026-01-01T17:49:00Z,ISLAND,90.36184210526288,0.0,"Baseline UPS logic. V: 0.916, SOC: 90.4%",1
2026-01-01T17:49:05Z,ISLAND,90.32894736842077,0.0,"Baseline UPS logic. V: 0.898, SOC: 90.4%",1
2026-01-01T17:49:10Z,GRID_PASS,90.32894736842077,0.0,"Baseline UPS logic. V: 1.042, SOC: 90.3%",1
2026-01-01T17:49:15Z,GRID_PASS,90.32894736842077,0.0,"Baseline UPS logic. V: 0.986, SOC: 90.3%",1
2026-01-01T17:49:20Z,GRID_PASS,90.32894736842077,0.0,"Baseline UPS logic. V: 0.975, SOC: 90.3%",1
2026-01-01T17:49:25Z,GRID_PASS,90.32894736842077,0.0,"Baseline UPS logic. V: 0.963, SOC: 90.3%",1
2026-01-01T17:49:30Z,ISLAND,90.29605263157868,0.0,"Baseline UPS logic. V: 0.884, SOC: 90.3%",1
2026-01-01T17:49:35Z,GRID_PASS,90.29605263157868,0.0,"Baseline UPS logic. V: 0.998, SOC: 90.3%",1
2026-01-01T17:49:40Z,ISLAND,90.26315789473657,0.0,"Baseline UPS logic. V: 0.894, SOC: 90.3%",1
2026-01-01T17:49:45Z,GRID_PASS,90.26315789473657,0.0,"Baseline UPS logic. V: 0.948, SOC: 90.3%",1
2026-01-01T17:49:50Z,ISLAND,90.23026315789447,0.0,"Baseline UPS logic. V: 0.854, SOC: 90.3%",1
2026-01-01T17:49:55Z,ISLAND,90.19736842105235,0.0,"Baseline UPS logic. V: 0.832, SOC: 90.2%",1
2026-01-01T17:50:00Z,GRID_PASS,90.19736842105235,0.0,"Baseline UPS logic. V: 0.952, SOC: 90.2%",1
2026-01-01T17:50:05Z,ISLAND,90.16447368421025,0.0,"Baseline UPS logic. V: 0.895, SOC: 90.2%",1
2026-01-01T17:50:10Z,ISLAND,90.13157894736814,0.0,"Baseline UPS logic. V: 0.834, SOC: 90.2%",1
2026-01-01T17:50:15Z,GRID_PASS,90.13157894736814,0.0,"Baseline UPS logic. V: 0.962, SOC: 90.1%",1
2026-01-01T17:50:20Z,GRID_PASS,90.13157894736814,0.0,"Baseline UPS logic. V: 1.041, SOC: 90.1%",1
2026-01-01T17:50:25Z,GRID_PASS,90.13157894736814,0.0,"Baseline UPS logic. V: 1.003, SOC: 90.1%",1
2026-01-01T17:50:30Z,ISLAND,90.09868421052603,0.0,"Baseline UPS logic. V: 0.921, SOC: 90.1%",1
2026-01-01T17:50:35Z,ISLAND,90.06578947368394,0.0,"Baseline UPS logic. V: 0.934, SOC: 90.1%",1
2026-01-01T17:50:40Z,GRID_PASS,90.06578947368394,0.0,"Baseline UPS logic. V: 0.980, SOC: 90.1%",1
2026-01-01T17:50:45Z,GRID_PASS,90.06578947368394,0.0,"Baseline UPS logic. V: 0.991, SOC: 90.1%",1
2026-01-01T17:50:50Z,ISLAND,90.03289473684181,0.0,"Baseline UPS logic. V: 0.916, SOC: 90.1%",1
2026-01-01T17:50:55Z,ISLAND,89.99999999999972,0.0,"Baseline UPS logic. V: 0.935, SOC: 90.0%",1
2026-01-01T17:51:00Z,GRID_PASS,89.99999999999972,0.0,"Baseline UPS logic. V: 0.950, SOC: 90.0%",1
2026-01-01T17:51:05Z,GRID_PASS,89.99999999999972,0.0,"Baseline UPS logic. V: 0.963, SOC: 90.0%",1
2026-01-01T17:51:10Z,ISLAND,89.9671052631576,0.0,"Baseline UPS logic. V: 0.927, SOC: 90.0%",1
2026-01-01T17:51:15Z,ISLAND,89.93421052631551,0.0,"Baseline UPS logic. V: 0.927, SOC: 90.0%",1
2026-01-01T17:51:20Z,GRID_PASS,89.93421052631551,0.0,"Baseline UPS logic. V: 1.004, SOC: 89.9%",1
2026-01-01T17:51:25Z,GRID_PASS,89.93421052631551,0.0,"Baseline UPS logic. V: 0.995, SOC: 89.9%",1
2026-01-01T17:51:30Z,GRID_PASS,89.93421052631551,0.0,"Baseline UPS logic. V: 0.957, SOC: 89.9%",1
2026-01-01T17:51:35Z,GRID_PASS,89.93421052631551,0.0,"Baseline UPS logic. V: 1.019, SOC: 89.9%",1
2026-01-01T17:51:40Z,ISLAND,89.9013157894734,0.0,"Baseline UPS logic. V: 0.914, SOC: 89.9%",1
2026-01-01T17:51:45Z,GRID_PASS,89.9013157894734,0.0,"Baseline UPS logic. V: 1.014, SOC: 89.9%",1
2026-01-01T17:51:50Z,GRID_PASS,89.9013157894734,0.0,"Baseline UPS logic. V: 0.962, SOC: 89.9%",1
2026-01-01T17:51:55Z,GRID_PASS,89.9013157894734,0.0,"Baseline UPS logic. V: 1.097, SOC: 89.9%",1
2026-01-01T17:52:00Z,ISLAND,89.86842105263129,0.0,"Baseline UPS logic. V: 0.873, SOC: 89.9%",1
2026-01-01T17:52:05Z,ISLAND,89.83552631578918,0.0,"Baseline UPS logic. V: 0.898, SOC: 89.9%",1
2026-01-01T17:52:10Z,GRID_PASS,89.83552631578918,0.0,"Baseline UPS logic. V: 0.956, SOC: 89.8%",1
2026-01-01T17:52:15Z,GRID_PASS,89.83552631578918,0.0,"Baseline UPS logic. V: 0.954, SOC: 89.8%",1
2026-01-01T17:52:20Z,GRID_PASS,89.83552631578918,0.0,"Baseline UPS logic. V: 1.030, SOC: 89.8%",1
2026-01-01T17:52:25Z,ISLAND,89.80263157894709,0.0,"Baseline UPS logic. V: 0.899, SOC: 89.8%",1
2026-01-01T17:52:30Z,GRID_PASS,89.80263157894709,0.0,"Baseline UPS logic. V: 0.978, SOC: 89.8%",1
2026-01-01T17:52:35Z,GRID_PASS,89.80263157894709,0.0,"Baseline UPS logic. V: 0.993, SOC: 89.8%",1
2026-01-01T17:52:40Z,GRID_PASS,89.80263157894709,0.0,"Baseline UPS logic. V: 0.968, SOC: 89.8%",1
2026-01-01T17:52:45Z,ISLAND,89.76973684210498,0.0,"Baseline UPS logic. V: 0.885, SOC: 89.8%",1
2026-01-01T17:52:50Z,GRID_PASS,89.76973684210498,0.0,"Baseline UPS logic. V: 1.003, SOC: 89.8%",1
2026-01-01T17:52:55Z,GRID_PASS,89.76973684210498,0.0,"Baseline UPS logic. V: 0.996, SOC: 89.8%",1
2026-01-01T17:53:00Z,GRID_PASS,89.76973684210498,0.0,"Baseline UPS logic. V: 0.963, SOC: 89.8%",1
2026-01-01T17:53:05Z,GRID_PASS,89.76973684210498,0.0,"Baseline UPS logic. V: 0.943, SOC: 89.8%",1
2026-01-01T17:53:10Z,GRID_PASS,89.76973684210498,0.0,"Baseline UPS logic. V: 0.944, SOC: 89.8%",1
2026-01-01T17:53:15Z,ISLAND,89.73684210526287,0.0,"Baseline UPS logic. V: 0.929, SOC: 89.8%",1
2026-01-01T17:53:20Z,GRID_PASS,89.73684210526287,0.0,"Baseline UPS logic. V: 0.965, SOC: 89.7%",1
2026-01-01T17:53:25Z,ISLAND,89.70394736842076,0.0,"Baseline UPS logic. V: 0.936, SOC: 89.7%",1
2026-01-01T17:53:30Z,ISLAND,89.67105263157865,0.0,"Baseline UPS logic. V: 0.890, SOC: 89.7%",1
2026-01-01T17:53:35Z,ISLAND,89.63815789473655,0.0,"Baseline UPS logic. V: 0.882, SOC: 89.7%",1
2026-01-01T17:53:40Z,ISLAND,89.60526315789444,0.0,"Baseline UPS logic. V: 0.897, SOC: 89.6%",1
2026-01-01T17:53:45Z,GRID_PASS,89.60526315789444,0.0,"Baseline UPS logic. V: 0.945, SOC: 89.6%",1
2026-01-01T17:53:50Z,ISLAND,89.57236842105235,0.0,"Baseline UPS logic. V: 0.933, SOC: 89.6%",1
2026-01-01T17:53:55Z,GRID_PASS,89.57236842105235,0.0,"Baseline UPS logic. V: 0.943, SOC: 89.6%",1
2026-01-01T17:54:00Z,GRID_PASS,89.57236842105235,0.0,"Baseline UPS logic. V: 0.959, SOC: 89.6%",1
2026-01-01T17:54:05Z,ISLAND,89.53947368421022,0.0,"Baseline UPS logic. V: 0.901, SOC: 89.6%",1
2026-01-01T17:54:10Z,GRID_PASS,89.53947368421022,0.0,"Baseline UPS logic. V: 1.006, SOC: 89.5%",1
2026-01-01T17:54:15Z,ISLAND,89.50657894736813,0.0,"Baseline UPS logic. V: 0.921, SOC: 89.5%",1
2026-01-01T17:54:20Z,ISLAND,89.47368421052602,0.0,"Baseline UPS logic. V: 0.911, SOC: 89.5%",1
2026-01-01T17:54:25Z,GRID_PASS,89.47368421052602,0.0,"Baseline UPS logic. V: 0.958, SOC: 89.5%",1
2026-01-01T17:54:30Z,ISLAND,89.4407894736839,0.0,"Baseline UPS logic. V: 0.842, SOC: 89.5%",1
2026-01-01T17:54:35Z,ISLAND,89.40789473684181,0.0,"Baseline UPS logic. V: 0.893, SOC: 89.4%",1
2026-01-01T17:54:40Z,GRID_PASS,89.40789473684181,0.0,"Baseline UPS logic. V: 0.983, SOC: 89.4%",1
2026-01-01T17:54:45Z,ISLAND,89.37499999999969,0.0,"Baseline UPS logic. V: 0.847, SOC: 89.4%",1
2026-01-01T17:54:50Z,GRID_PASS,89.37499999999969,0.0,"Baseline UPS logic. V: 0.988, SOC: 89.4%",1
2026-01-01T17:54:55Z,GRID_PASS,89.37499999999969,0.0,"Baseline UPS logic. V: 1.009, SOC: 89.4%",1
2026-01-01T17:55:00Z,ISLAND,89.34210526315759,0.0,"Baseline UPS logic. V: 0.914, SOC: 89.4%",1
2026-01-01T17:55:05Z,GRID_PASS,89.34210526315759,0.0,"Baseline UPS logic. V: 0.946, SOC: 89.3%",1
2026-01-01T17:55:10Z,GRID_PASS,89.34210526315759,0.0,"Baseline UPS logic. V: 0.990, SOC: 89.3%",1
2026-01-01T17:55:15Z,ISLAND,89.30921052631548,0.0,"Baseline UPS logic. V: 0.908, SOC: 89.3%",1
2026-01-01T17:55:20Z,GRID_PASS,89.30921052631548,0.0,"Baseline UPS logic. V: 0.975, SOC: 89.3%",1
2026-01-01T17:55:25Z,ISLAND,89.27631578947339,0.0,"Baseline UPS logic. V: 0.900, SOC: 89.3%",1
2026-01-01T17:55:30Z,ISLAND,89.24342105263128,0.0,"Baseline UPS logic. V: 0.908, SOC: 89.3%",1
2026-01-01T17:55:35Z,ISLAND,89.21052631578917,0.0,"Baseline UPS logic. V: 0.894, SOC: 89.2%",1
2026-01-01T17:55:40Z,GRID_PASS,89.21052631578917,0.0,"Baseline UPS logic. V: 0.951, SOC: 89.2%",1
2026-01-01T17:55:45Z,GRID_PASS,89.21052631578917,0.0,"Baseline UPS logic. V: 0.991, SOC: 89.2%",1
2026-01-01T17:55:50Z,ISLAND,89.17763157894706,0.0,"Baseline UPS logic. V: 0.923, SOC: 89.2%",1
2026-01-01T17:55:55Z,ISLAND,89.14473684210495,0.0,"Baseline UPS logic. V: 0.868, SOC: 89.2%",1
2026-01-01T17:56:00Z,ISLAND,89.11184210526285,0.0,"Baseline UPS logic. V: 0.879, SOC: 89.1%",1
2026-01-01T17:56:05Z,GRID_PASS,89.11184210526285,0.0,"Baseline UPS logic. V: 0.953, SOC: 89.1%",1
2026-01-01T17:56:10Z,GRID_PASS,89.11184210526285,0.0,"Baseline UPS logic. V: 1.025, SOC: 89.1%",1
2026-01-01T17:56:15Z,GRID_PASS,89.11184210526285,0.0,"Baseline UPS logic. V: 0.951, SOC: 89.1%",1
2026-01-01T17:56:20Z,ISLAND,89.07894736842074,0.0,"Baseline UPS logic. V: 0.912, SOC: 89.1%",1
2026-01-01T17:56:25Z,GRID_PASS,89.07894736842074,0.0,"Baseline UPS logic. V: 0.970, SOC: 89.1%",1
2026-01-01T17:56:30Z,ISLAND,89.04605263157863,0.0,"Baseline UPS logic. V: 0.921, SOC: 89.1%",1
2026-01-01T17:56:35Z,ISLAND,89.01315789473652,0.0,"Baseline UPS logic. V: 0.913, SOC: 89.0%",1
2026-01-01T17:56:40Z,ISLAND,88.98026315789443,0.0,"Baseline UPS logic. V: 0.885, SOC: 89.0%",1
2026-01-01T17:56:45Z,GRID_PASS,88.98026315789443,0.0,"Baseline UPS logic. V: 1.004, SOC: 89.0%",1
2026-01-01T17:56:50Z,ISLAND,88.94736842105232,0.0,"Baseline UPS logic. V: 0.806, SOC: 89.0%",1
2026-01-01T17:56:55Z,GRID_PASS,88.94736842105232,0.0,"Baseline UPS logic. V: 0.971, SOC: 88.9%",1
2026-01-01T17:57:00Z,ISLAND,88.91447368421022,0.0,"Baseline UPS logic. V: 0.910, SOC: 88.9%",1
2026-01-01T17:57:05Z,ISLAND,88.8815789473681,0.0,"Baseline UPS logic. V: 0.911, SOC: 88.9%",1
2026-01-01T17:57:10Z,GRID_PASS,88.8815789473681,0.0,"Baseline UPS logic. V: 1.017, SOC: 88.9%",1
2026-01-01T17:57:15Z,ISLAND,88.848684210526,0.0,"Baseline UPS logic. V: 0.897, SOC: 88.9%",1
2026-01-01T17:57:20Z,ISLAND,88.81578947368389,0.0,"Baseline UPS logic. V: 0.897, SOC: 88.8%",1
2026-01-01T17:57:25Z,ISLAND,88.78289473684178,0.0,"Baseline UPS logic. V: 0.926, SOC: 88.8%",1
2026-01-01T17:57:30Z,GRID_PASS,88.78289473684178,0.0,"Baseline UPS logic. V: 0.954, SOC: 88.8%",1
2026-01-01T17:57:35Z,ISLAND,88.74999999999969,0.0,"Baseline UPS logic. V: 0.911, SOC: 88.8%",1
2026-01-01T17:57:40Z,ISLAND,88.71710526315756,0.0,"Baseline UPS logic. V: 0.852, SOC: 88.7%",1
2026-01-01T17:57:45Z,ISLAND,88.68421052631547,0.0,"Baseline UPS logic. V: 0.890, SOC: 88.7%",1
2026-01-01T17:57:50Z,GRID_PASS,88.68421052631547,0.0,"Baseline UPS logic. V: 0.997, SOC: 88.7%",1
2026-01-01T17:57:55Z,ISLAND,88.65131578947336,0.0,"Baseline UPS logic. V: 0.937, SOC: 88.7%",1
2026-01-01T17:58:00Z,GRID_PASS,88.65131578947336,0.0,"Baseline UPS logic. V: 0.954, SOC: 88.7%",1
2026-01-01T17:58:05Z,ISLAND,88.61842105263126,0.0,"Baseline UPS logic. V: 0.919, SOC: 88.7%",1
2026-01-01T17:58:10Z,ISLAND,88.58552631578915,0.0,"Baseline UPS logic. V: 0.898, SOC: 88.6%",1
2026-01-01T17:58:15Z,GRID_PASS,88.58552631578915,0.0,"Baseline UPS logic. V: 1.016, SOC: 88.6%",1
2026-01-01T17:58:20Z,ISLAND,88.55263157894704,0.0,"Baseline UPS logic. V: 0.923, SOC: 88.6%",1
2026-01-01T17:58:25Z,ISLAND,88.51973684210493,0.0,"Baseline UPS logic. V: 0.909, SOC: 88.6%",1
2026-01-01T17:58:30Z,GRID_PASS,88.51973684210493,0.0,"Baseline UPS logic. V: 0.987, SOC: 88.5%",1
2026-01-01T17:58:35Z,ISLAND,88.48684210526284,0.0,"Baseline UPS logic. V: 0.896, SOC: 88.5%",1
2026-01-01T17:58:40Z,ISLAND,88.45394736842073,0.0,"Baseline UPS logic. V: 0.901, SOC: 88.5%",1
2026-01-01T17:58:45Z,ISLAND,88.42105263157862,0.0,"Baseline UPS logic. V: 0.933, SOC: 88.5%",1
2026-01-01T17:58:50Z,ISLAND,88.38815789473651,0.0,"Baseline UPS logic. V: 0.932, SOC: 88.4%",1
2026-01-01T17:58:55Z,GRID_PASS,88.38815789473651,0.0,"Baseline UPS logic. V: 0.945, SOC: 88.4%",1
2026-01-01T17:59:00Z,GRID_PASS,88.38815789473651,0.0,"Baseline UPS logic. V: 1.037, SOC: 88.4%",1
2026-01-01T17:59:05Z,GRID_PASS,88.38815789473651,0.0,"Baseline UPS logic. V: 0.947, SOC: 88.4%",1
2026-01-01T17:59:10Z,ISLAND,88.3552631578944,0.0,"Baseline UPS logic. V: 0.811, SOC: 88.4%",1
2026-01-01T17:59:15Z,GRID_PASS,88.3552631578944,0.0,"Baseline UPS logic. V: 0.947, SOC: 88.4%",1
2026-01-01T17:59:20Z,ISLAND,88.3223684210523,0.0,"Baseline UPS logic. V: 0.934, SOC: 88.4%",1
2026-01-01T17:59:25Z,ISLAND,88.2894736842102,0.0,"Baseline UPS logic. V: 0.933, SOC: 88.3%",1
2026-01-01T17:59:30Z,GRID_PASS,88.2894736842102,0.0,"Baseline UPS logic. V: 0.944, SOC: 88.3%",1
2026-01-01T17:59:35Z,ISLAND,88.2565789473681,0.0,"Baseline UPS logic. V: 0.931, SOC: 88.3%",1
2026-01-01T17:59:40Z,ISLAND,88.22368421052597,0.0,"Baseline UPS logic. V: 0.928, SOC: 88.3%",1
2026-01-01T17:59:45Z,GRID_PASS,88.22368421052597,0.0,"Baseline UPS logic. V: 0.963, SOC: 88.2%",1
2026-01-01T17:59:50Z,ISLAND,88.19078947368388,0.0,"Baseline UPS logic. V: 0.905, SOC: 88.2%",1
2026-01-01T17:59:55Z,ISLAND,88.15789473684177,0.0,"Baseline UPS logic. V: 0.883, SOC: 88.2%",1
2026-01-01T18:00:00Z,GRID_PASS,88.15789473684177,0.0,"Baseline UPS logic. V: 1.083, SOC: 88.2%",0
2026-01-01T18:00:05Z,ISLAND,88.12499999999966,0.0,"Baseline UPS logic. V: 0.896, SOC: 88.2%",0
2026-01-01T18:00:10Z,ISLAND,88.09210526315756,0.0,"Baseline UPS logic. V: 0.935, SOC: 88.1%",0
2026-01-01T18:00:15Z,ISLAND,88.05921052631544,0.0,"Baseline UPS logic. V: 0.857, SOC: 88.1%",0
2026-01-01T18:00:20Z,ISLAND,88.02631578947334,0.0,"Baseline UPS logic. V: 0.938, SOC: 88.1%",0
2026-01-01T18:00:25Z,ISLAND,87.99342105263123,0.0,"Baseline UPS logic. V: 0.885, SOC: 88.0%",0
2026-01-01T18:00:30Z,ISLAND,87.96052631578914,0.0,"Baseline UPS logic. V: 0.910, SOC: 88.0%",0
2026-01-01T18:00:35Z,GRID_PASS,87.96052631578914,0.0,"Baseline UPS logic. V: 0.984, SOC: 88.0%",0
2026-01-01T18:00:40Z,GRID_PASS,87.96052631578914,0.0,"Baseline UPS logic. V: 0.955, SOC: 88.0%",0
2026-01-01T18:00:45Z,GRID_PASS,87.96052631578914,0.0,"Baseline UPS logic. V: 0.958, SOC: 88.0%",0
2026-01-01T18:00:50Z,ISLAND,87.92763157894703,0.0,"Baseline UPS logic. V: 0.841, SOC: 88.0%",0
2026-01-01T18:00:55Z,GRID_PASS,87.92763157894703,0.0,"Baseline UPS logic. V: 1.022, SOC: 87.9%",0
2026-01-01T18:01:00Z,ISLAND,87.89473684210492,0.0,"Baseline UPS logic. V: 0.872, SOC: 87.9%",0
2026-01-01T18:01:05Z,GRID_PASS,87.89473684210492,0.0,"Baseline UPS logic. V: 1.006, SOC: 87.9%",0
2026-01-01T18:01:10Z,GRID_PASS,87.89473684210492,0.0,"Baseline UPS logic. V: 0.982, SOC: 87.9%",0
2026-01-01T18:01:15Z,GRID_PASS,87.89473684210492,0.0,"Baseline UPS logic. V: 0.958, SOC: 87.9%",0
2026-01-01T18:01:20Z,ISLAND,87.86184210526281,0.0,"Baseline UPS logic. V: 0.887, SOC: 87.9%",0
2026-01-01T18:01:25Z,ISLAND,87.8289473684207,0.0,"Baseline UPS logic. V: 0.937, SOC: 87.9%",0
2026-01-01T18:01:30Z,ISLAND,87.7960526315786,0.0,"Baseline UPS logic. V: 0.908, SOC: 87.8%",0
2026-01-01T18:01:35Z,ISLAND,87.7631578947365,0.0,"Baseline UPS logic. V: 0.933, SOC: 87.8%",0
2026-01-01T18:01:40Z,ISLAND,87.73026315789438,0.0,"Baseline UPS logic. V: 0.919, SOC: 87.8%",0
2026-01-01T18:01:45Z,ISLAND,87.69736842105227,0.0,"Baseline UPS logic. V: 0.829, SOC: 87.7%",0
2026-01-01T18:01:50Z,GRID_PASS,87.69736842105227,0.0,"Baseline UPS logic. V: 0.987, SOC: 87.7%",0
2026-01-01T18:01:55Z,ISLAND,87.66447368421018,0.0,"Baseline UPS logic. V: 0.927, SOC: 87.7%",0
2026-01-01T18:02:00Z,ISLAND,87.63157894736807,0.0,"Baseline UPS logic. V: 0.905, SOC: 87.7%",0
2026-01-01T18:02:05Z,ISLAND,87.59868421052597,0.0,"Baseline UPS logic. V: 0.903, SOC: 87.6%",0
2026-01-01T18:02:10Z,GRID_PASS,87.59868421052597,0.0,"Baseline UPS logic. V: 0.949, SOC: 87.6%",0
2026-01-01T18:02:15Z,ISLAND,87.56578947368385,0.0,"Baseline UPS logic. V: 0.886, SOC: 87.6%",0
2026-01-01T18:02:20Z,ISLAND,87.53289473684175,0.0,"Baseline UPS logic. V: 0.817, SOC: 87.6%",0
2026-01-01T18:02:25Z,GRID_PASS,87.53289473684175,0.0,"Baseline UPS logic. V: 0.951, SOC: 87.5%",0
2026-01-01T18:02:30Z,GRID_PASS,87.53289473684175,0.0,"Baseline UPS logic. V: 0.957, SOC: 87.5%",0
2026-01-01T18:02:35Z,ISLAND,87.49999999999964,0.0,"Baseline UPS logic. V: 0.919, SOC: 87.5%",0
2026-01-01T18:02:40Z,ISLAND,87.46710526315753,0.0,"Baseline UPS logic. V: 0.872, SOC: 87.5%",0
2026-01-01T18:02:45Z,ISLAND,87.43421052631544,0.0,"Baseline UPS logic. V: 0.935, SOC: 87.5%",0
2026-01-01T18:02:50Z,ISLAND,87.40131578947332,0.0,"Baseline UPS logic. V: 0.858, SOC: 87.4%",0
2026-01-01T18:02:55Z,ISLAND,87.36842105263122,0.0,"Baseline UPS logic. V: 0.880, SOC: 87.4%",0
2026-01-01T18:03:00Z,ISLAND,87.33552631578911,0.0,"Baseline UPS logic. V: 0.893, SOC: 87.4%",0
2026-01-01T18:03:05Z,GRID_PASS,87.33552631578911,0.0,"Baseline UPS logic. V: 0.973, SOC: 87.3%",0
2026-01-01T18:03:10Z,ISLAND,87.30263157894701,0.0,"Baseline UPS logic. V: 0.913, SOC: 87.3%",0
2026-01-01T18:03:15Z,ISLAND,87.2697368421049,0.0,"Baseline UPS logic. V: 0.907, SOC: 87.3%",0
2026-01-01T18:03:20Z,GRID_PASS,87.2697368421049,0.0,"Baseline UPS logic. V: 1.028, SOC: 87.3%",0
2026-01-01T18:03:25Z,GRID_PASS,87.2697368421049,0.0,"Baseline UPS logic. V: 0.948, SOC: 87.3%",0
2026-01-01T18:03:30Z,GRID_PASS,87.2697368421049,0.0,"Baseline UPS logic. V: 0.946, SOC: 87.3%",0
2026-01-01T18:03:35Z,ISLAND,87.2368421052628,0.0,"Baseline UPS logic. V: 0.910, SOC: 87.3%",0
2026-01-01T18:03:40Z,ISLAND,87.20394736842069,0.0,"Baseline UPS logic. V: 0.899, SOC: 87.2%",0
2026-01-01T18:03:45Z,ISLAND,87.17105263157859,0.0,"Baseline UPS logic. V: 0.821, SOC: 87.2%",0
2026-01-01T18:03:50Z,GRID_PASS,87.17105263157859,0.0,"Baseline UPS logic. V: 0.979, SOC: 87.2%",0
2026-01-01T18:03:55Z,GRID_PASS,87.17105263157859,0.0,"Baseline UPS logic. V: 0.953, SOC: 87.2%",0
2026-01-01T18:04:00Z,ISLAND,87.13815789473648,0.0,"Baseline UPS logic. V: 0.920, SOC: 87.2%",0
2026-01-01T18:04:05Z,ISLAND,87.10526315789437,0.0,"Baseline UPS logic. V: 0.922, SOC: 87.1%",0
2026-01-01T18:04:10Z,GRID_PASS,87.10526315789437,0.0,"Baseline UPS logic. V: 0.967, SOC: 87.1%",0
2026-01-01T18:04:15Z,ISLAND,87.07236842105226,0.0,"Baseline UPS logic. V: 0.853, SOC: 87.1%",0
2026-01-01T18:04:20Z,ISLAND,87.03947368421015,0.0,"Baseline UPS logic. V: 0.899, SOC: 87.1%",0
2026-01-01T18:04:25Z,ISLAND,87.00657894736806,0.0,"Baseline UPS logic. V: 0.873, SOC: 87.0%",0
2026-01-01T18:04:30Z,GRID_PASS,87.00657894736806,0.0,"Baseline UPS logic. V: 1.019, SOC: 87.0%",0
2026-01-01T18:04:35Z,GRID_PASS,87.00657894736806,0.0,"Baseline UPS logic. V: 0.974, SOC: 87.0%",0
2026-01-01T18:04:40Z,ISLAND,86.97368421052595,0.0,"Baseline UPS logic. V: 0.818, SOC: 87.0%",0
2026-01-01T18:04:45Z,ISLAND,86.94078947368385,0.0,"Baseline UPS logic. V: 0.853, SOC: 87.0%",0
2026-01-01T18:04:50Z,ISLAND,86.90789473684173,0.0,"Baseline UPS logic. V: 0.924, SOC: 86.9%",0
2026-01-01T18:04:55Z,ISLAND,86.87499999999963,0.0,"Baseline UPS logic. V: 0.907, SOC: 86.9%",0
2026-01-01T18:05:00Z,ISLAND,86.84210526315752,0.0,"Baseline UPS logic. V: 0.864, SOC: 86.9%",0
2026-01-01T18:05:05Z,GRID_PASS,86.84210526315752,0.0,"Baseline UPS logic. V: 1.027, SOC: 86.8%",0
2026-01-01T18:05:10Z,GRID_PASS,86.84210526315752,0.0,"Baseline UPS logic. V: 0.946, SOC: 86.8%",0
2026-01-01T18:05:15Z,GRID_PASS,86.84210526315752,0.0,"Baseline UPS logic. V: 0.952, SOC: 86.8%",0
2026-01-01T18:05:20Z,ISLAND,86.80921052631541,0.0,"Baseline UPS logic. V: 0.894, SOC: 86.8%",0
2026-01-01T18:05:25Z,GRID_PASS,86.80921052631541,0.0,"Baseline UPS logic. V: 0.964, SOC: 86.8%",0
2026-01-01T18:05:30Z,ISLAND,86.77631578947332,0.0,"Baseline UPS logic. V: 0.911, SOC: 86.8%",0
2026-01-01T18:05:35Z,ISLAND,86.74342105263119,0.0,"Baseline UPS logic. V: 0.914, SOC: 86.8%",0
2026-01-01T18:05:40Z,GRID_PASS,86.74342105263119,0.0,"Baseline UPS logic. V: 0.960, SOC: 86.7%",0
2026-01-01T18:05:45Z,ISLAND,86.7105263157891,0.0,"Baseline UPS logic. V: 0.848, SOC: 86.7%",0
2026-01-01T18:05:50Z,GRID_PASS,86.7105263157891,0.0,"Baseline UPS logic. V: 1.008, SOC: 86.7%",0
2026-01-01T18:05:55Z,ISLAND,86.67763157894699,0.0,"Baseline UPS logic. V: 0.939, SOC: 86.7%",0
2026-01-01T18:06:00Z,GRID_PASS,86.67763157894699,0.0,"Baseline UPS logic. V: 0.992, SOC: 86.7%",0
2026-01-01T18:06:05Z,ISLAND,86.64473684210489,0.0,"Baseline UPS logic. V: 0.876, SOC: 86.7%",0
2026-01-01T18:06:10Z,ISLAND,86.61184210526278,0.0,"Baseline UPS logic. V: 0.882, SOC: 86.6%",0
2026-01-01T18:06:15Z,ISLAND,86.57894736842067,0.0,"Baseline UPS logic. V: 0.871, SOC: 86.6%",0
2026-01-01T18:06:20Z,GRID_PASS,86.57894736842067,0.0,"Baseline UPS logic. V: 0.942, SOC: 86.6%",0
2026-01-01T18:06:25Z,ISLAND,86.54605263157856,0.0,"Baseline UPS logic. V: 0.933, SOC: 86.6%",0
2026-01-01T18:06:30Z,ISLAND,86.51315789473645,0.0,"Baseline UPS logic. V: 0.905, SOC: 86.5%",0
2026-01-01T18:06:35Z,ISLAND,86.48026315789436,0.0,"Baseline UPS logic. V: 0.879, SOC: 86.5%",0
2026-01-01T18:06:40Z,ISLAND,86.44736842105225,0.0,"Baseline UPS logic. V: 0.866, SOC: 86.5%",0
2026-01-01T18:06:45Z,ISLAND,86.41447368421014,0.0,"Baseline UPS logic. V: 0.927, SOC: 86.4%",0
2026-01-01T18:06:50Z,ISLAND,86.38157894736803,0.0,"Baseline UPS logic. V: 0.906, SOC: 86.4%",0
2026-01-01T18:06:55Z,ISLAND,86.34868421052593,0.0,"Baseline UPS logic. V: 0.895, SOC: 86.4%",0
2026-01-01T18:07:00Z,GRID_PASS,86.34868421052593,0.0,"Baseline UPS logic. V: 1.007, SOC: 86.3%",0
2026-01-01T18:07:05Z,ISLAND,86.31578947368382,0.0,"Baseline UPS logic. V: 0.925, SOC: 86.3%",0
2026-01-01T18:07:10Z,GRID_PASS,86.31578947368382,0.0,"Baseline UPS logic. V: 0.991, SOC: 86.3%",0
2026-01-01T18:07:15Z,ISLAND,86.28289473684173,0.0,"Baseline UPS logic. V: 0.902, SOC: 86.3%",0
2026-01-01T18:07:20Z,ISLAND,86.2499999999996,0.0,"Baseline UPS logic. V: 0.940, SOC: 86.3%",0
2026-01-01T18:07:25Z,ISLAND,86.2171052631575,0.0,"Baseline UPS logic. V: 0.926, SOC: 86.2%",0
2026-01-01T18:07:30Z,ISLAND,86.1842105263154,0.0,"Baseline UPS logic. V: 0.844, SOC: 86.2%",0
2026-01-01T18:07:35Z,GRID_PASS,86.1842105263154,0.0,"Baseline UPS logic. V: 1.001, SOC: 86.2%",0
2026-01-01T18:07:40Z,ISLAND,86.15131578947329,0.0,"Baseline UPS logic. V: 0.922, SOC: 86.2%",0
2026-01-01T18:07:45Z,GRID_PASS,86.15131578947329,0.0,"Baseline UPS logic. V: 0.965, SOC: 86.2%",0
2026-01-01T18:07:50Z,ISLAND,86.11842105263119,0.0,"Baseline UPS logic. V: 0.892, SOC: 86.2%",0
2026-01-01T18:07:55Z,ISLAND,86.08552631578907,0.0,"Baseline UPS logic. V: 0.919, SOC: 86.1%",0
2026-01-01T18:08:00Z,ISLAND,86.05263157894697,0.0,"Baseline UPS logic. V: 0.886, SOC: 86.1%",0
2026-01-01T18:08:05Z,GRID_PASS,86.05263157894697,0.0,"Baseline UPS logic. V: 0.991, SOC: 86.1%",0
2026-01-01T18:08:10Z,GRID_PASS,86.05263157894697,0.0,"Baseline UPS logic. V: 0.944, SOC: 86.1%",0
2026-01-01T18:08:15Z,GRID_PASS,86.05263157894697,0.0,"Baseline UPS logic. V: 0.945, SOC: 86.1%",0
2026-01-01T18:08:20Z,GRID_PASS,86.05263157894697,0.0,"Baseline UPS logic. V: 0.995, SOC: 86.1%",0
2026-01-01T18:08:25Z,GRID_PASS,86.05263157894697,0.0,"Baseline UPS logic. V: 0.985, SOC: 86.1%",0
2026-01-01T18:08:30Z,GRID_PASS,86.05263157894697,0.0,"Baseline UPS logic. V: 0.965, SOC: 86.1%",0
2026-01-01T18:08:35Z,ISLAND,86.01973684210486,0.0,"Baseline UPS logic. V: 0.856, SOC: 86.1%",0
2026-01-01T18:08:40Z,ISLAND,85.98684210526277,0.0,"Baseline UPS logic. V: 0.892, SOC: 86.0%",0
2026-01-01T18:08:45Z,ISLAND,85.95394736842066,0.0,"Baseline UPS logic. V: 0.879, SOC: 86.0%",0
2026-01-01T18:08:50Z,GRID_PASS,85.95394736842066,0.0,"Baseline UPS logic. V: 0.965, SOC: 86.0%",0
2026-01-01T18:08:55Z,ISLAND,85.92105263157855,0.0,"Baseline UPS logic. V: 0.937, SOC: 86.0%",0
2026-01-01T18:09:00Z,ISLAND,85.88815789473644,0.0,"Baseline UPS logic. V: 0.858, SOC: 85.9%",0
2026-01-01T18:09:05Z,ISLAND,85.85526315789434,0.0,"Baseline UPS logic. V: 0.919, SOC: 85.9%",0
2026-01-01T18:09:10Z,ISLAND,85.82236842105223,0.0,"Baseline UPS logic. V: 0.854, SOC: 85.9%",0
2026-01-01T18:09:15Z,ISLAND,85.78947368421012,0.0,"Baseline UPS logic. V: 0.926, SOC: 85.8%",0
2026-01-01T18:09:20Z,ISLAND,85.75657894736801,0.0,"Baseline UPS logic. V: 0.846, SOC: 85.8%",0
2026-01-01T18:09:25Z,GRID_PASS,85.75657894736801,0.0,"Baseline UPS logic. V: 0.955, SOC: 85.8%",0
2026-01-01T18:09:30Z,GRID_PASS,85.75657894736801,0.0,"Baseline UPS logic. V: 0.947, SOC: 85.8%",0
2026-01-01T18:09:35Z,GRID_PASS,85.75657894736801,0.0,"Baseline UPS logic. V: 1.022, SOC: 85.8%",0
2026-01-01T18:09:40Z,GRID_PASS,85.75657894736801,0.0,"Baseline UPS logic. V: 0.969, SOC: 85.8%",0
2026-01-01T18:09:45Z,ISLAND,85.7236842105259,0.0,"Baseline UPS logic. V: 0.905, SOC: 85.8%",0
2026-01-01T18:09:50Z,GRID_PASS,85.7236842105259,0.0,"Baseline UPS logic. V: 0.968, SOC: 85.7%",0
2026-01-01T18:09:55Z,ISLAND,85.69078947368381,0.0,"Baseline UPS logic. V: 0.859, SOC: 85.7%",0
2026-01-01T18:10:00Z,ISLAND,85.6578947368417,0.0,"Baseline UPS logic. V: 0.879, SOC: 85.7%",0
2026-01-01T18:10:05Z,GRID_PASS,85.6578947368417,0.0,"Baseline UPS logic. V: 0.945, SOC: 85.7%",0
2026-01-01T18:10:10Z,ISLAND,85.6249999999996,0.0,"Baseline UPS logic. V: 0.820, SOC: 85.7%",0
2026-01-01T18:10:15Z,ISLAND,85.59210526315748,0.0,"Baseline UPS logic. V: 0.925, SOC: 85.6%",0
2026-01-01T18:10:20Z,ISLAND,85.55921052631538,0.0,"Baseline UPS logic. V: 0.877, SOC: 85.6%",0
2026-01-01T18:10:25Z,ISLAND,85.52631578947327,0.0,"Baseline UPS logic. V: 0.933, SOC: 85.6%",0
2026-01-01T18:10:30Z,ISLAND,85.49342105263116,0.0,"Baseline UPS logic. V: 0.874, SOC: 85.5%",0
2026-01-01T18:10:35Z,GRID_PASS,85.49342105263116,0.0,"Baseline UPS logic. V: 0.949, SOC: 85.5%",0
2026-01-01T18:10:40Z,ISLAND,85.46052631578907,0.0,"Baseline UPS logic. V: 0.929, SOC: 85.5%",0
2026-01-01T18:10:45Z,GRID_PASS,85.46052631578907,0.0,"Baseline UPS logic. V: 0.996, SOC: 85.5%",0
2026-01-01T18:10:50Z,ISLAND,85.42763157894694,0.0,"Baseline UPS logic. V: 0.928, SOC: 85.5%",0
2026-01-01T18:10:55Z,ISLAND,85.39473684210485,0.0,"Baseline UPS logic. V: 0.888, SOC: 85.4%",0
2026-01-01T18:11:00Z,ISLAND,85.36184210526274,0.0,"Baseline UPS logic. V: 0.916, SOC: 85.4%",0
2026-01-01T18:11:05Z,ISLAND,85.32894736842064,0.0,"Baseline UPS logic. V: 0.860, SOC: 85.4%",0
2026-01-01T18:11:10Z,GRID_PASS,85.32894736842064,0.0,"Baseline UPS logic. V: 0.948, SOC: 85.3%",0
2026-01-01T18:11:15Z,GRID_PASS,85.32894736842064,0.0,"Baseline UPS logic. V: 0.957, SOC: 85.3%",0
2026-01-01T18:11:20Z,GRID_PASS,85.32894736842064,0.0,"Baseline UPS logic. V: 1.049, SOC: 85.3%",0
2026-01-01T18:11:25Z,ISLAND,85.29605263157853,0.0,"Baseline UPS logic. V: 0.895, SOC: 85.3%",0
2026-01-01T18:11:30Z,ISLAND,85.26315789473642,0.0,"Baseline UPS logic. V: 0.913, SOC: 85.3%",0
2026-01-01T18:11:35Z,ISLAND,85.23026315789431,0.0,"Baseline UPS logic. V: 0.899, SOC: 85.3%",0
2026-01-01T18:11:40Z,ISLAND,85.1973684210522,0.0,"Baseline UPS logic. V: 0.938, SOC: 85.2%",0
2026-01-01T18:11:45Z,GRID_PASS,85.1973684210522,0.0,"Baseline UPS logic. V: 0.947, SOC: 85.2%",0
2026-01-01T18:11:50Z,ISLAND,85.16447368421011,0.0,"Baseline UPS logic. V: 0.925, SOC: 85.2%",0
2026-01-01T18:11:55Z,GRID_PASS,85.16447368421011,0.0,"Baseline UPS logic. V: 0.980, SOC: 85.2%",0
2026-01-01T18:12:00Z,ISLAND,85.131578947368,0.0,"Baseline UPS logic. V: 0.897, SOC: 85.2%",0
2026-01-01T18:12:05Z,GRID_PASS,85.131578947368,0.0,"Baseline UPS logic. V: 0.975, SOC: 85.1%",0
2026-01-01T18:12:10Z,GRID_PASS,85.131578947368,0.0,"Baseline UPS logic. V: 0.954, SOC: 85.1%",0
2026-01-01T18:12:15Z,ISLAND,85.09868421052589,0.0,"Baseline UPS logic. V: 0.925, SOC: 85.1%",0
2026-01-01T18:12:20Z,ISLAND,85.06578947368378,0.0,"Baseline UPS logic. V: 0.910, SOC: 85.1%",0
2026-01-01T18:12:25Z,GRID_PASS,85.06578947368378,0.0,"Baseline UPS logic. V: 1.049, SOC: 85.1%",0
2026-01-01T18:12:30Z,ISLAND,85.03289473684168,0.0,"Baseline UPS logic. V: 0.886, SOC: 85.1%",0
2026-01-01T18:12:35Z,GRID_PASS,85.03289473684168,0.0,"Baseline UPS logic. V: 0.940, SOC: 85.0%",0
2026-01-01T18:12:40Z,ISLAND,84.99999999999957,0.0,"Baseline UPS logic. V: 0.890, SOC: 85.0%",0
2026-01-01T18:12:45Z,GRID_PASS,84.99999999999957,0.0,"Baseline UPS logic. V: 1.015, SOC: 85.0%",0
2026-01-01T18:12:50Z,GRID_PASS,84.99999999999957,0.0,"Baseline UPS logic. V: 0.972, SOC: 85.0%",0
2026-01-01T18:12:55Z,ISLAND,84.96710526315748,0.0,"Baseline UPS logic. V: 0.892, SOC: 85.0%",0
2026-01-01T18:13:00Z,GRID_PASS,84.96710526315748,0.0,"Baseline UPS logic. V: 0.951, SOC: 85.0%",0
2026-01-01T18:13:05Z,ISLAND,84.93421052631535,0.0,"Baseline UPS logic. V: 0.940, SOC: 85.0%",0
2026-01-01T18:13:10Z,ISLAND,84.90131578947326,0.0,"Baseline UPS logic. V: 0.899, SOC: 84.9%",0
2026-01-01T18:13:15Z,GRID_PASS,84.90131578947326,0.0,"Baseline UPS logic. V: 0.965, SOC: 84.9%",0
2026-01-01T18:13:20Z,GRID_PASS,84.90131578947326,0.0,"Baseline UPS logic. V: 0.946, SOC: 84.9%",0
2026-01-01T18:13:25Z,ISLAND,84.86842105263115,0.0,"Baseline UPS logic. V: 0.936, SOC: 84.9%",0
2026-01-01T18:13:30Z,ISLAND,84.83552631578904,0.0,"Baseline UPS logic. V: 0.923, SOC: 84.9%",0
2026-01-01T18:13:35Z,GRID_PASS,84.83552631578904,0.0,"Baseline UPS logic. V: 0.948, SOC: 84.8%",0
2026-01-01T18:13:40Z,ISLAND,84.80263157894694,0.0,"Baseline UPS logic. V: 0.938, SOC: 84.8%",0
2026-01-01T18:13:45Z,ISLAND,84.76973684210482,0.0,"Baseline UPS logic. V: 0.928, SOC: 84.8%",0
2026-01-01T18:13:50Z,ISLAND,84.73684210526272,0.0,"Baseline UPS logic. V: 0.895, SOC: 84.8%",0
2026-01-01T18:13:55Z,GRID_PASS,84.73684210526272,0.0,"Baseline UPS logic. V: 1.012, SOC: 84.7%",0
2026-01-01T18:14:00Z,ISLAND,84.70394736842061,0.0,"Baseline UPS logic. V: 0.874, SOC: 84.7%",0
2026-01-01T18:14:05Z,GRID_PASS,84.70394736842061,0.0,"Baseline UPS logic. V: 0.946, SOC: 84.7%",0
2026-01-01T18:14:10Z,ISLAND,84.67105263157852,0.0,"Baseline UPS logic. V: 0.910, SOC: 84.7%",0
2026-01-01T18:14:15Z,GRID_PASS,84.67105263157852,0.0,"Baseline UPS logic. V: 1.013, SOC: 84.7%",0
2026-01-01T18:14:20Z,ISLAND,84.63815789473641,0.0,"Baseline UPS logic. V: 0.881, SOC: 84.7%",0
2026-01-01T18:14:25Z,ISLAND,84.6052631578943,0.0,"Baseline UPS logic. V: 0.888, SOC: 84.6%",0
2026-01-01T18:14:30Z,ISLAND,84.57236842105219,0.0,"Baseline UPS logic. V: 0.878, SOC: 84.6%",0
2026-01-01T18:14:35Z,GRID_PASS,84.57236842105219,0.0,"Baseline UPS logic. V: 0.943, SOC: 84.6%",0
2026-01-01T18:14:40Z,ISLAND,84.5394736842101,0.0,"Baseline UPS logic. V: 0.858, SOC: 84.6%",0
2026-01-01T18:14:45Z,ISLAND,84.50657894736798,0.0,"Baseline UPS logic. V: 0.901, SOC: 84.5%",0
2026-01-01T18:14:50Z,ISLAND,84.47368421052587,0.0,"Baseline UPS logic. V: 0.819, SOC: 84.5%",0
2026-01-01T18:14:55Z,ISLAND,84.44078947368376,0.0,"Baseline UPS logic. V: 0.939, SOC: 84.5%",0
2026-01-01T18:15:00Z,ISLAND,84.40789473684166,0.0,"Baseline UPS logic. V: 0.901, SOC: 84.4%",0
2026-01-01T18:15:05Z,ISLAND,84.37499999999956,0.0,"Baseline UPS logic. V: 0.852, SOC: 84.4%",0
2026-01-01T18:15:10Z,GRID_PASS,84.37499999999956,0.0,"Baseline UPS logic. V: 0.980, SOC: 84.4%",0
2026-01-01T18:15:15Z,ISLAND,84.34210526315745,0.0,"Baseline UPS logic. V: 0.861, SOC: 84.4%",0
2026-01-01T18:15:20Z,GRID_PASS,84.34210526315745,0.0,"Baseline UPS logic. V: 0.964, SOC: 84.3%",0
2026-01-01T18:15:25Z,ISLAND,84.30921052631535,0.0,"Baseline UPS logic. V: 0.891, SOC: 84.3%",0
2026-01-01T18:15:30Z,GRID_PASS,84.30921052631535,0.0,"Baseline UPS logic. V: 1.004, SOC: 84.3%",0
2026-01-01T18:15:35Z,GRID_PASS,84.30921052631535,0.0,"Baseline UPS logic. V: 0.964, SOC: 84.3%",0
2026-01-01T18:15:40Z,ISLAND,84.27631578947323,0.0,"Baseline UPS logic. V: 0.874, SOC: 84.3%",0
2026-01-01T18:15:45Z,ISLAND,84.24342105263113,0.0,"Baseline UPS logic. V: 0.879, SOC: 84.3%",0
2026-01-01T18:15:50Z,GRID_PASS,84.24342105263113,0.0,"Baseline UPS logic. V: 0.956, SOC: 84.2%",0
2026-01-01T18:15:55Z,ISLAND,84.21052631578902,0.0,"Baseline UPS logic. V: 0.913, SOC: 84.2%",0
2026-01-01T18:16:00Z,ISLAND,84.17763157894692,0.0,"Baseline UPS logic. V: 0.916, SOC: 84.2%",0
2026-01-01T18:16:05Z,GRID_PASS,84.17763157894692,0.0,"Baseline UPS logic. V: 0.989, SOC: 84.2%",0
2026-01-01T18:16:10Z,ISLAND,84.14473684210482,0.0,"Baseline UPS logic. V: 0.888, SOC: 84.2%",0
2026-01-01T18:16:15Z,ISLAND,84.1118421052627,0.0,"Baseline UPS logic. V: 0.929, SOC: 84.1%",0
2026-01-01T18:16:20Z,GRID_PASS,84.1118421052627,0.0,"Baseline UPS logic. V: 0.973, SOC: 84.1%",0
2026-01-01T18:16:25Z,GRID_PASS,84.1118421052627,0.0,"Baseline UPS logic. V: 0.966, SOC: 84.1%",0
2026-01-01T18:16:30Z,ISLAND,84.0789473684206,0.0,"Baseline UPS logic. V: 0.916, SOC: 84.1%",0
2026-01-01T18:16:35Z,ISLAND,84.04605263157849,0.0,"Baseline UPS logic. V: 0.910, SOC: 84.1%",0
2026-01-01T18:16:40Z,ISLAND,84.0131578947364,0.0,"Baseline UPS logic. V: 0.839, SOC: 84.0%",0
2026-01-01T18:16:45Z,ISLAND,83.98026315789429,0.0,"Baseline UPS logic. V: 0.873, SOC: 84.0%",0
2026-01-01T18:16:50Z,GRID_PASS,83.98026315789429,0.0,"Baseline UPS logic. V: 0.942, SOC: 84.0%",0
2026-01-01T18:16:55Z,ISLAND,83.94736842105218,0.0,"Baseline UPS logic. V: 0.919, SOC: 84.0%",0
2026-01-01T18:17:00Z,ISLAND,83.91447368421007,0.0,"Baseline UPS logic. V: 0.928, SOC: 83.9%",0
2026-01-01T18:17:05Z,GRID_PASS,83.91447368421007,0.0,"Baseline UPS logic. V: 0.977, SOC: 83.9%",0
2026-01-01T18:17:10Z,ISLAND,83.88157894736796,0.0,"Baseline UPS logic. V: 0.866, SOC: 83.9%",0
2026-01-01T18:17:15Z,ISLAND,83.84868421052586,0.0,"Baseline UPS logic. V: 0.912, SOC: 83.9%",0
2026-01-01T18:17:20Z,ISLAND,83.81578947368375,0.0,"Baseline UPS logic. V: 0.935, SOC: 83.8%",0
2026-01-01T18:17:25Z,ISLAND,83.78289473684164,0.0,"Baseline UPS logic. V: 0.890, SOC: 83.8%",0
2026-01-01T18:17:30Z,GRID_PASS,83.78289473684164,0.0,"Baseline UPS logic. V: 0.997, SOC: 83.8%",0
2026-01-01T18:17:35Z,GRID_PASS,83.78289473684164,0.0,"Baseline UPS logic. V: 0.971, SOC: 83.8%",0
2026-01-01T18:17:40Z,ISLAND,83.74999999999953,0.0,"Baseline UPS logic. V: 0.938, SOC: 83.8%",0
2026-01-01T18:17:45Z,GRID_PASS,83.74999999999953,0.0,"Baseline UPS logic. V: 1.013, SOC: 83.7%",0
2026-01-01T18:17:50Z,ISLAND,83.71710526315744,0.0,"Baseline UPS logic. V: 0.850, SOC: 83.7%",0
2026-01-01T18:17:55Z,ISLAND,83.68421052631533,0.0,"Baseline UPS logic. V: 0.923, SOC: 83.7%",0
2026-01-01T18:18:00Z,GRID_PASS,83.68421052631533,0.0,"Baseline UPS logic. V: 0.944, SOC: 83.7%",0
2026-01-01T18:18:05Z,ISLAND,83.65131578947323,0.0,"Baseline UPS logic. V: 0.879, SOC: 83.7%",0
2026-01-01T18:18:10Z,ISLAND,83.6184210526311,0.0,"Baseline UPS logic. V: 0.938, SOC: 83.7%",0
2026-01-01T18:18:15Z,ISLAND,83.58552631578901,0.0,"Baseline UPS logic. V: 0.870, SOC: 83.6%",0
2026-01-01T18:18:20Z,GRID_PASS,83.58552631578901,0.0,"Baseline UPS logic. V: 0.959, SOC: 83.6%",0
2026-01-01T18:18:25Z,GRID_PASS,83.58552631578901,0.0,"Baseline UPS logic. V: 0.978, SOC: 83.6%",0
2026-01-01T18:18:30Z,ISLAND,83.5526315789469,0.0,"Baseline UPS logic. V: 0.937, SOC: 83.6%",0
2026-01-01T18:18:35Z,ISLAND,83.51973684210479,0.0,"Baseline UPS logic. V: 0.831, SOC: 83.6%",0
2026-01-01T18:18:40Z,ISLAND,83.4868421052627,0.0,"Baseline UPS logic. V: 0.877, SOC: 83.5%",0
2026-01-01T18:18:45Z,GRID_PASS,83.4868421052627,0.0,"Baseline UPS logic. V: 0.953, SOC: 83.5%",0
2026-01-01T18:18:50Z,ISLAND,83.45394736842057,0.0,"Baseline UPS logic. V: 0.926, SOC: 83.5%",0
2026-01-01T18:18:55Z,ISLAND,83.42105263157848,0.0,"Baseline UPS logic. V: 0.789, SOC: 83.5%",0
2026-01-01T18:19:00Z,GRID_PASS,83.42105263157848,0.0,"Baseline UPS logic. V: 0.987, SOC: 83.4%",0
2026-01-01T18:19:05Z,ISLAND,83.38815789473637,0.0,"Baseline UPS logic. V: 0.931, SOC: 83.4%",0
2026-01-01T18:19:10Z,ISLAND,83.35526315789427,0.0,"Baseline UPS logic. V: 0.882, SOC: 83.4%",0
2026-01-01T18:19:15Z,GRID_PASS,83.35526315789427,0.0,"Baseline UPS logic. V: 0.974, SOC: 83.4%",0
2026-01-01T18:19:20Z,ISLAND,83.32236842105216,0.0,"Baseline UPS logic. V: 0.891, SOC: 83.4%",0
2026-01-01T18:19:25Z,ISLAND,83.28947368421005,0.0,"Baseline UPS logic. V: 0.888, SOC: 83.3%",0
2026-01-01T18:19:30Z,GRID_PASS,83.28947368421005,0.0,"Baseline UPS logic. V: 0.942, SOC: 83.3%",0
2026-01-01T18:19:35Z,GRID_PASS,83.28947368421005,0.0,"Baseline UPS logic. V: 1.014, SOC: 83.3%",0
2026-01-01T18:19:40Z,GRID_PASS,83.28947368421005,0.0,"Baseline UPS logic. V: 1.004, SOC: 83.3%",0
2026-01-01T18:19:45Z,GRID_PASS,83.28947368421005,0.0,"Baseline UPS logic. V: 0.941, SOC: 83.3%",0
2026-01-01T18:19:50Z,GRID_PASS,83.28947368421005,0.0,"Baseline UPS logic. V: 0.946, SOC: 83.3%",0
2026-01-01T18:19:55Z,GRID_PASS,83.28947368421005,0.0,"Baseline UPS logic. V: 0.962, SOC: 83.3%",0
2026-01-01T18:20:00Z,ISLAND,83.25657894736794,0.0,"Baseline UPS logic. V: 0.860, SOC: 83.3%",0
2026-01-01T18:20:05Z,GRID_PASS,83.25657894736794,0.0,"Baseline UPS logic. V: 0.955, SOC: 83.3%",0
2026-01-01T18:20:10Z,ISLAND,83.22368421052585,0.0,"Baseline UPS logic. V: 0.887, SOC: 83.3%",0
2026-01-01T18:20:15Z,ISLAND,83.19078947368374,0.0,"Baseline UPS logic. V: 0.938, SOC: 83.2%",0
2026-01-01T18:20:20Z,ISLAND,83.15789473684163,0.0,"Baseline UPS logic. V: 0.913, SOC: 83.2%",0
2026-01-01T18:20:25Z,GRID_PASS,83.15789473684163,0.0,"Baseline UPS logic. V: 0.949, SOC: 83.2%",0
2026-01-01T18:20:30Z,ISLAND,83.12499999999952,0.0,"Baseline UPS logic. V: 0.930, SOC: 83.2%",0
2026-01-01T18:20:35Z,ISLAND,83.0921052631574,0.0,"Baseline UPS logic. V: 0.769, SOC: 83.1%",0
2026-01-01T18:20:40Z,ISLAND,83.05921052631531,0.0,"Baseline UPS logic. V: 0.933, SOC: 83.1%",0
2026-01-01T18:20:45Z,GRID_PASS,83.05921052631531,0.0,"Baseline UPS logic. V: 0.956, SOC: 83.1%",0
2026-01-01T18:20:50Z,GRID_PASS,83.05921052631531,0.0,"Baseline UPS logic. V: 0.946, SOC: 83.1%",0
2026-01-01T18:20:55Z,ISLAND,83.0263157894732,0.0,"Baseline UPS logic. V: 0.917, SOC: 83.1%",0
2026-01-01T18:21:00Z,GRID_PASS,83.0263157894732,0.0,"Baseline UPS logic. V: 1.005, SOC: 83.0%",0
2026-01-01T18:21:05Z,ISLAND,82.9934210526311,0.0,"Baseline UPS logic. V: 0.939, SOC: 83.0%",0
2026-01-01T18:21:10Z,GRID_PASS,82.9934210526311,0.0,"Baseline UPS logic. V: 0.944, SOC: 83.0%",0
2026-01-01T18:21:15Z,GRID_PASS,82.9934210526311,0.0,"Baseline UPS logic. V: 0.976, SOC: 83.0%",0
2026-01-01T18:21:20Z,GRID_PASS,82.9934210526311,0.0,"Baseline UPS logic. V: 0.940, SOC: 83.0%",0
2026-01-01T18:21:25Z,ISLAND,82.96052631578898,0.0,"Baseline UPS logic. V: 0.877, SOC: 83.0%",0
2026-01-01T18:21:30Z,ISLAND,82.92763157894689,0.0,"Baseline UPS logic. V: 0.800, SOC: 83.0%",0
2026-01-01T18:21:35Z,ISLAND,82.89473684210478,0.0,"Baseline UPS logic. V: 0.900, SOC: 82.9%",0
2026-01-01T18:21:40Z,GRID_PASS,82.89473684210478,0.0,"Baseline UPS logic. V: 0.962, SOC: 82.9%",0
2026-01-01T18:21:45Z,ISLAND,82.86184210526267,0.0,"Baseline UPS logic. V: 0.906, SOC: 82.9%",0
2026-01-01T18:21:50Z,GRID_PASS,82.86184210526267,0.0,"Baseline UPS logic. V: 0.962, SOC: 82.9%",0
2026-01-01T18:21:55Z,ISLAND,82.82894736842057,0.0,"Baseline UPS logic. V: 0.931, SOC: 82.9%",0
2026-01-01T18:22:00Z,GRID_PASS,82.82894736842057,0.0,"Baseline UPS logic. V: 0.986, SOC: 82.8%",0
2026-01-01T18:22:05Z,ISLAND,82.79605263157845,0.0,"Baseline UPS logic. V: 0.909, SOC: 82.8%",0
2026-01-01T18:22:10Z,GRID_PASS,82.79605263157845,0.0,"Baseline UPS logic. V: 0.945, SOC: 82.8%",0
2026-01-01T18:22:15Z,GRID_PASS,82.79605263157845,0.0,"Baseline UPS logic. V: 0.949, SOC: 82.8%",0
2026-01-01T18:22:20Z,GRID_PASS,82.79605263157845,0.0,"Baseline UPS logic. V: 0.997, SOC: 82.8%",0
2026-01-01T18:22:25Z,ISLAND,82.76315789473635,0.0,"Baseline UPS logic. V: 0.836, SOC: 82.8%",0
2026-01-01T18:22:30Z,ISLAND,82.73026315789424,0.0,"Baseline UPS logic. V: 0.899, SOC: 82.8%",0
2026-01-01T18:22:35Z,GRID_PASS,82.73026315789424,0.0,"Baseline UPS logic. V: 0.966, SOC: 82.7%",0
2026-01-01T18:22:40Z,GRID_PASS,82.73026315789424,0.0,"Baseline UPS logic. V: 1.001, SOC: 82.7%",0
2026-01-01T18:22:45Z,ISLAND,82.69736842105215,0.0,"Baseline UPS logic. V: 0.934, SOC: 82.7%",0
2026-01-01T18:22:50Z,ISLAND,82.66447368421004,0.0,"Baseline UPS logic. V: 0.907, SOC: 82.7%",0
2026-01-01T18:22:55Z,GRID_PASS,82.66447368421004,0.0,"Baseline UPS logic. V: 0.961, SOC: 82.7%",0
2026-01-01T18:23:00Z,GRID_PASS,82.66447368421004,0.0,"Baseline UPS logic. V: 0.967, SOC: 82.7%",0
2026-01-01T18:23:05Z,ISLAND,82.63157894736793,0.0,"Baseline UPS logic. V: 0.903, SOC: 82.7%",0
2026-01-01T18:23:10Z,ISLAND,82.59868421052582,0.0,"Baseline UPS logic. V: 0.938, SOC: 82.6%",0
2026-01-01T18:23:15Z,GRID_PASS,82.59868421052582,0.0,"Baseline UPS logic. V: 0.982, SOC: 82.6%",0
2026-01-01T18:23:20Z,GRID_PASS,82.59868421052582,0.0,"Baseline UPS logic. V: 1.018, SOC: 82.6%",0
2026-01-01T18:23:25Z,GRID_PASS,82.59868421052582,0.0,"Baseline UPS logic. V: 0.958, SOC: 82.6%",0
2026-01-01T18:23:30Z,ISLAND,82.56578947368371,0.0,"Baseline UPS logic. V: 0.923, SOC: 82.6%",0
2026-01-01T18:23:35Z,ISLAND,82.53289473684161,0.0,"Baseline UPS logic. V: 0.919, SOC: 82.6%",0
2026-01-01T18:23:40Z,GRID_PASS,82.53289473684161,0.0,"Baseline UPS logic. V: 0.951, SOC: 82.5%",0
2026-01-01T18:23:45Z,ISLAND,82.4999999999995,0.0,"Baseline UPS logic. V: 0.917, SOC: 82.5%",0
2026-01-01T18:23:50Z,ISLAND,82.46710526315739,0.0,"Baseline UPS logic. V: 0.931, SOC: 82.5%",0
2026-01-01T18:23:55Z,ISLAND,82.43421052631528,0.0,"Baseline UPS logic. V: 0.870, SOC: 82.5%",0
2026-01-01T18:24:00Z,GRID_PASS,82.43421052631528,0.0,"Baseline UPS logic. V: 0.988, SOC: 82.4%",0
2026-01-01T18:24:05Z,ISLAND,82.40131578947319,0.0,"Baseline UPS logic. V: 0.866, SOC: 82.4%",0
2026-01-01T18:24:10Z,ISLAND,82.36842105263108,0.0,"Baseline UPS logic. V: 0.899, SOC: 82.4%",0
2026-01-01T18:24:15Z,ISLAND,82.33552631578898,0.0,"Baseline UPS logic. V: 0.928, SOC: 82.4%",0
2026-01-01T18:24:20Z,GRID_PASS,82.33552631578898,0.0,"Baseline UPS logic. V: 1.022, SOC: 82.3%",0
2026-01-01T18:24:25Z,ISLAND,82.30263157894686,0.0,"Baseline UPS logic. V: 0.901, SOC: 82.3%",0
2026-01-01T18:24:30Z,ISLAND,82.26973684210476,0.0,"Baseline UPS logic. V: 0.888, SOC: 82.3%",0
2026-01-01T18:24:35Z,ISLAND,82.23684210526265,0.0,"Baseline UPS logic. V: 0.895, SOC: 82.3%",0
2026-01-01T18:24:40Z,GRID_PASS,82.23684210526265,0.0,"Baseline UPS logic. V: 1.006, SOC: 82.2%",0
2026-01-01T18:24:45Z,ISLAND,82.20394736842054,0.0,"Baseline UPS logic. V: 0.782, SOC: 82.2%",0
2026-01-01T18:24:50Z,ISLAND,82.17105263157845,0.0,"Baseline UPS logic. V: 0.871, SOC: 82.2%",0
2026-01-01T18:24:55Z,GRID_PASS,82.17105263157845,0.0,"Baseline UPS logic. V: 1.059, SOC: 82.2%",0
2026-01-01T18:25:00Z,GRID_PASS,82.17105263157845,0.0,"Baseline UPS logic. V: 0.952, SOC: 82.2%",0
2026-01-01T18:25:05Z,ISLAND,82.13815789473632,0.0,"Baseline UPS logic. V: 0.865, SOC: 82.2%",0
2026-01-01T18:25:10Z,ISLAND,82.10526315789423,0.0,"Baseline UPS logic. V: 0.918, SOC: 82.1%",0
2026-01-01T18:25:15Z,ISLAND,82.07236842105212,0.0,"Baseline UPS logic. V: 0.926, SOC: 82.1%",0
2026-01-01T18:25:20Z,GRID_PASS,82.07236842105212,0.0,"Baseline UPS logic. V: 0.965, SOC: 82.1%",0
2026-01-01T18:25:25Z,GRID_PASS,82.07236842105212,0.0,"Baseline UPS logic. V: 1.014, SOC: 82.1%",0
2026-01-01T18:25:30Z,ISLAND,82.03947368421002,0.0,"Baseline UPS logic. V: 0.940, SOC: 82.1%",0
2026-01-01T18:25:35Z,ISLAND,82.00657894736791,0.0,"Baseline UPS logic. V: 0.894, SOC: 82.0%",0
2026-01-01T18:25:40Z,GRID_PASS,82.00657894736791,0.0,"Baseline UPS logic. V: 0.962, SOC: 82.0%",0
2026-01-01T18:25:45Z,ISLAND,81.9736842105258,0.0,"Baseline UPS logic. V: 0.887, SOC: 82.0%",0
2026-01-01T18:25:50Z,ISLAND,81.9407894736837,0.0,"Baseline UPS logic. V: 0.869, SOC: 82.0%",0
2026-01-01T18:25:55Z,ISLAND,81.9078947368416,0.0,"Baseline UPS logic. V: 0.834, SOC: 81.9%",0
2026-01-01T18:26:00Z,ISLAND,81.87499999999949,0.0,"Baseline UPS logic. V: 0.844, SOC: 81.9%",0
2026-01-01T18:26:05Z,ISLAND,81.84210526315738,0.0,"Baseline UPS logic. V: 0.877, SOC: 81.9%",0
2026-01-01T18:26:10Z,ISLAND,81.80921052631527,0.0,"Baseline UPS logic. V: 0.863, SOC: 81.8%",0
2026-01-01T18:26:15Z,ISLAND,81.77631578947316,0.0,"Baseline UPS logic. V: 0.938, SOC: 81.8%",0
2026-01-01T18:26:20Z,ISLAND,81.74342105263106,0.0,"Baseline UPS logic. V: 0.862, SOC: 81.8%",0
2026-01-01T18:26:25Z,ISLAND,81.71052631578895,0.0,"Baseline UPS logic. V: 0.765, SOC: 81.7%",0
2026-01-01T18:26:30Z,ISLAND,81.67763157894686,0.0,"Baseline UPS logic. V: 0.870, SOC: 81.7%",0
2026-01-01T18:26:35Z,ISLAND,81.64473684210473,0.0,"Baseline UPS logic. V: 0.898, SOC: 81.7%",0
2026-01-01T18:26:40Z,ISLAND,81.61184210526264,0.0,"Baseline UPS logic. V: 0.892, SOC: 81.6%",0
2026-01-01T18:26:45Z,GRID_PASS,81.61184210526264,0.0,"Baseline UPS logic. V: 0.998, SOC: 81.6%",0
2026-01-01T18:26:50Z,ISLAND,81.57894736842053,0.0,"Baseline UPS logic. V: 0.891, SOC: 81.6%",0
2026-01-01T18:26:55Z,GRID_PASS,81.57894736842053,0.0,"Baseline UPS logic. V: 0.964, SOC: 81.6%",0
2026-01-01T18:27:00Z,ISLAND,81.54605263157842,0.0,"Baseline UPS logic. V: 0.921, SOC: 81.6%",0
2026-01-01T18:27:05Z,ISLAND,81.51315789473632,0.0,"Baseline UPS logic. V: 0.918, SOC: 81.5%",0
2026-01-01T18:27:10Z,ISLAND,81.4802631578942,0.0,"Baseline UPS logic. V: 0.880, SOC: 81.5%",0
2026-01-01T18:27:15Z,ISLAND,81.4473684210521,0.0,"Baseline UPS logic. V: 0.919, SOC: 81.5%",0
2026-01-01T18:27:20Z,ISLAND,81.41447368421,0.0,"Baseline UPS logic. V: 0.883, SOC: 81.4%",0
2026-01-01T18:27:25Z,ISLAND,81.3815789473679,0.0,"Baseline UPS logic. V: 0.930, SOC: 81.4%",0
2026-01-01T18:27:30Z,ISLAND,81.34868421052579,0.0,"Baseline UPS logic. V: 0.910, SOC: 81.4%",0
2026-01-01T18:27:35Z,ISLAND,81.31578947368368,0.0,"Baseline UPS logic. V: 0.874, SOC: 81.3%",0
2026-01-01T18:27:40Z,GRID_PASS,81.31578947368368,0.0,"Baseline UPS logic. V: 0.971, SOC: 81.3%",0
2026-01-01T18:27:45Z,GRID_PASS,81.31578947368368,0.0,"Baseline UPS logic. V: 0.943, SOC: 81.3%",0
2026-01-01T18:27:50Z,ISLAND,81.28289473684157,0.0,"Baseline UPS logic. V: 0.897, SOC: 81.3%",0
2026-01-01T18:27:55Z,ISLAND,81.24999999999946,0.0,"Baseline UPS logic. V: 0.927, SOC: 81.3%",0
2026-01-01T18:28:00Z,ISLAND,81.21710526315736,0.0,"Baseline UPS logic. V: 0.917, SOC: 81.2%",0
2026-01-01T18:28:05Z,ISLAND,81.18421052631525,0.0,"Baseline UPS logic. V: 0.878, SOC: 81.2%",0
2026-01-01T18:28:10Z,ISLAND,81.15131578947314,0.0,"Baseline UPS logic. V: 0.925, SOC: 81.2%",0
2026-01-01T18:28:15Z,ISLAND,81.11842105263104,0.0,"Baseline UPS logic. V: 0.890, SOC: 81.2%",0
2026-01-01T18:28:20Z,ISLAND,81.08552631578894,0.0,"Baseline UPS logic. V: 0.874, SOC: 81.1%",0
2026-01-01T18:28:25Z,ISLAND,81.05263157894683,0.0,"Baseline UPS logic. V: 0.840, SOC: 81.1%",0
2026-01-01T18:28:30Z,ISLAND,81.01973684210473,0.0,"Baseline UPS logic. V: 0.903, SOC: 81.1%",0
2026-01-01T18:28:35Z,GRID_PASS,81.01973684210473,0.0,"Baseline UPS logic. V: 0.949, SOC: 81.0%",0
2026-01-01T18:28:40Z,ISLAND,80.98684210526261,0.0,"Baseline UPS logic. V: 0.886, SOC: 81.0%",0
2026-01-01T18:28:45Z,GRID_PASS,80.98684210526261,0.0,"Baseline UPS logic. V: 1.045, SOC: 81.0%",0
2026-01-01T18:28:50Z,GRID_PASS,80.98684210526261,0.0,"Baseline UPS logic. V: 0.965, SOC: 81.0%",0
2026-01-01T18:28:55Z,GRID_PASS,80.98684210526261,0.0,"Baseline UPS logic. V: 0.985, SOC: 81.0%",0
2026-01-01T18:29:00Z,GRID_PASS,80.98684210526261,0.0,"Baseline UPS logic. V: 0.959, SOC: 81.0%",0
2026-01-01T18:29:05Z,GRID_PASS,80.98684210526261,0.0,"Baseline UPS logic. V: 1.012, SOC: 81.0%",0
2026-01-01T18:29:10Z,ISLAND,80.95394736842051,0.0,"Baseline UPS logic. V: 0.880, SOC: 81.0%",0
2026-01-01T18:29:15Z,ISLAND,80.9210526315784,0.0,"Baseline UPS logic. V: 0.791, SOC: 81.0%",0
2026-01-01T18:29:20Z,ISLAND,80.8881578947363,0.0,"Baseline UPS logic. V: 0.898, SOC: 80.9%",0
2026-01-01T18:29:25Z,GRID_PASS,80.8881578947363,0.0,"Baseline UPS logic. V: 0.949, SOC: 80.9%",0
2026-01-01T18:29:30Z,ISLAND,80.8552631578942,0.0,"Baseline UPS logic. V: 0.928, SOC: 80.9%",0
2026-01-01T18:29:35Z,ISLAND,80.82236842105208,0.0,"Baseline UPS logic. V: 0.933, SOC: 80.9%",0
2026-01-01T18:29:40Z,GRID_PASS,80.82236842105208,0.0,"Baseline UPS logic. V: 0.987, SOC: 80.8%",0
2026-01-01T18:29:45Z,ISLAND,80.78947368420998,0.0,"Baseline UPS logic. V: 0.940, SOC: 80.8%",0
2026-01-01T18:29:50Z,GRID_PASS,80.78947368420998,0.0,"Baseline UPS logic. V: 0.959, SOC: 80.8%",0
2026-01-01T18:29:55Z,ISLAND,80.75657894736787,0.0,"Baseline UPS logic. V: 0.874, SOC: 80.8%",0
2026-01-01T18:30:00Z,ISLAND,80.72368421052578,0.0,"Baseline UPS logic. V: 0.864, SOC: 80.8%",0
2026-01-01T18:30:05Z,GRID_PASS,80.72368421052578,0.0,"Baseline UPS logic. V: 1.001, SOC: 80.7%",0
2026-01-01T18:30:10Z,ISLAND,80.69078947368367,0.0,"Baseline UPS logic. V: 0.925, SOC: 80.7%",0
2026-01-01T18:30:15Z,ISLAND,80.65789473684156,0.0,"Baseline UPS logic. V: 0.887, SOC: 80.7%",0
2026-01-01T18:30:20Z,ISLAND,80.62499999999945,0.0,"Baseline UPS logic. V: 0.889, SOC: 80.7%",0
2026-01-01T18:30:25Z,ISLAND,80.59210526315735,0.0,"Baseline UPS logic. V: 0.888, SOC: 80.6%",0
2026-01-01T18:30:30Z,ISLAND,80.55921052631524,0.0,"Baseline UPS logic. V: 0.885, SOC: 80.6%",0
2026-01-01T18:30:35Z,ISLAND,80.52631578947313,0.0,"Baseline UPS logic. V: 0.856, SOC: 80.6%",0
2026-01-01T18:30:40Z,ISLAND,80.49342105263102,0.0,"Baseline UPS logic. V: 0.845, SOC: 80.5%",0
2026-01-01T18:30:45Z,ISLAND,80.46052631578891,0.0,"Baseline UPS logic. V: 0.911, SOC: 80.5%",0
2026-01-01T18:30:50Z,ISLAND,80.42763157894682,0.0,"Baseline UPS logic. V: 0.891, SOC: 80.5%",0
2026-01-01T18:30:55Z,GRID_PASS,80.42763157894682,0.0,"Baseline UPS logic. V: 0.976, SOC: 80.4%",0
2026-01-01T18:31:00Z,ISLAND,80.3947368421047,0.0,"Baseline UPS logic. V: 0.935, SOC: 80.4%",0
2026-01-01T18:31:05Z,ISLAND,80.36184210526261,0.0,"Baseline UPS logic. V: 0.931, SOC: 80.4%",0
2026-01-01T18:31:10Z,ISLAND,80.32894736842049,0.0,"Baseline UPS logic. V: 0.883, SOC: 80.4%",0
2026-01-01T18:31:15Z,ISLAND,80.29605263157839,0.0,"Baseline UPS logic. V: 0.914, SOC: 80.3%",0
2026-01-01T18:31:20Z,ISLAND,80.26315789473628,0.0,"Baseline UPS logic. V: 0.938, SOC: 80.3%",0
2026-01-01T18:31:25Z,GRID_PASS,80.26315789473628,0.0,"Baseline UPS logic. V: 0.956, SOC: 80.3%",0
2026-01-01T18:31:30Z,ISLAND,80.23026315789417,0.0,"Baseline UPS logic. V: 0.915, SOC: 80.3%",0
2026-01-01T18:31:35Z,GRID_PASS,80.23026315789417,0.0,"Baseline UPS logic. V: 0.972, SOC: 80.2%",0
2026-01-01T18:31:40Z,ISLAND,80.19736842105208,0.0,"Baseline UPS logic. V: 0.920, SOC: 80.2%",0
2026-01-01T18:31:45Z,GRID_PASS,80.19736842105208,0.0,"Baseline UPS logic. V: 0.958, SOC: 80.2%",0
2026-01-01T18:31:50Z,ISLAND,80.16447368420995,0.0,"Baseline UPS logic. V: 0.895, SOC: 80.2%",0
2026-01-01T18:31:55Z,ISLAND,80.13157894736786,0.0,"Baseline UPS logic. V: 0.828, SOC: 80.2%",0
2026-01-01T18:32:00Z,ISLAND,80.09868421052575,0.0,"Baseline UPS logic. V: 0.933, SOC: 80.1%",0
2026-01-01T18:32:05Z,GRID_PASS,80.09868421052575,0.0,"Baseline UPS logic. V: 0.956, SOC: 80.1%",0
2026-01-01T18:32:10Z,GRID_PASS,80.09868421052575,0.0,"Baseline UPS logic. V: 0.948, SOC: 80.1%",0
2026-01-01T18:32:15Z,ISLAND,80.06578947368365,0.0,"Baseline UPS logic. V: 0.939, SOC: 80.1%",0
2026-01-01T18:32:20Z,ISLAND,80.03289473684154,0.0,"Baseline UPS logic. V: 0.900, SOC: 80.1%",0
2026-01-01T18:32:25Z,ISLAND,79.99999999999943,0.0,"Baseline UPS logic. V: 0.879, SOC: 80.0%",0
2026-01-01T18:32:30Z,GRID_PASS,79.99999999999943,0.0,"Baseline UPS logic. V: 0.947, SOC: 80.0%",0
2026-01-01T18:32:35Z,GRID_PASS,79.99999999999943,0.0,"Baseline UPS logic. V: 0.941, SOC: 80.0%",0
2026-01-01T18:32:40Z,ISLAND,79.96710526315732,0.0,"Baseline UPS logic. V: 0.890, SOC: 80.0%",0
2026-01-01T18:32:45Z,GRID_PASS,79.96710526315732,0.0,"Baseline UPS logic. V: 0.973, SOC: 80.0%",0
2026-01-01T18:32:50Z,ISLAND,79.93421052631521,0.0,"Baseline UPS logic. V: 0.875, SOC: 80.0%",0
2026-01-01T18:32:55Z,ISLAND,79.90131578947312,0.0,"Baseline UPS logic. V: 0.889, SOC: 79.9%",0
2026-01-01T18:33:00Z,GRID_PASS,79.90131578947312,0.0,"Baseline UPS logic. V: 1.001, SOC: 79.9%",0
2026-01-01T18:33:05Z,GRID_PASS,79.90131578947312,0.0,"Baseline UPS logic. V: 0.963, SOC: 79.9%",0
2026-01-01T18:33:10Z,ISLAND,79.868421052631,0.0,"Baseline UPS logic. V: 0.899, SOC: 79.9%",0
2026-01-01T18:33:15Z,ISLAND,79.8355263157889,0.0,"Baseline UPS logic. V: 0.932, SOC: 79.9%",0
2026-01-01T18:33:20Z,ISLAND,79.80263157894679,0.0,"Baseline UPS logic. V: 0.927, SOC: 79.8%",0
2026-01-01T18:33:25Z,ISLAND,79.76973684210469,0.0,"Baseline UPS logic. V: 0.782, SOC: 79.8%",0
2026-01-01T18:33:30Z,ISLAND,79.73684210526258,0.0,"Baseline UPS logic. V: 0.874, SOC: 79.8%",0
2026-01-01T18:33:35Z,ISLAND,79.70394736842049,0.0,"Baseline UPS logic. V: 0.917, SOC: 79.7%",0
2026-01-01T18:33:40Z,ISLAND,79.67105263157836,0.0,"Baseline UPS logic. V: 0.901, SOC: 79.7%",0
2026-01-01T18:33:45Z,ISLAND,79.63815789473627,0.0,"Baseline UPS logic. V: 0.931, SOC: 79.7%",0
2026-01-01T18:33:50Z,GRID_PASS,79.63815789473627,0.0,"Baseline UPS logic. V: 0.976, SOC: 79.6%",0
2026-01-01T18:33:55Z,ISLAND,79.60526315789416,0.0,"Baseline UPS logic. V: 0.903, SOC: 79.6%",0
2026-01-01T18:34:00Z,ISLAND,79.57236842105205,0.0,"Baseline UPS logic. V: 0.865, SOC: 79.6%",0
2026-01-01T18:34:05Z,ISLAND,79.53947368420995,0.0,"Baseline UPS logic. V: 0.935, SOC: 79.6%",0
2026-01-01T18:34:10Z,ISLAND,79.50657894736783,0.0,"Baseline UPS logic. V: 0.902, SOC: 79.5%",0
2026-01-01T18:34:15Z,ISLAND,79.47368421052573,0.0,"Baseline UPS logic. V: 0.911, SOC: 79.5%",0
2026-01-01T18:34:20Z,ISLAND,79.44078947368362,0.0,"Baseline UPS logic. V: 0.904, SOC: 79.5%",0
2026-01-01T18:34:25Z,GRID_PASS,79.44078947368362,0.0,"Baseline UPS logic. V: 1.031, SOC: 79.4%",0
2026-01-01T18:34:30Z,ISLAND,79.40789473684153,0.0,"Baseline UPS logic. V: 0.807, SOC: 79.4%",0
2026-01-01T18:34:35Z,ISLAND,79.37499999999942,0.0,"Baseline UPS logic. V: 0.898, SOC: 79.4%",0
2026-01-01T18:34:40Z,ISLAND,79.34210526315731,0.0,"Baseline UPS logic. V: 0.919, SOC: 79.4%",0
2026-01-01T18:34:45Z,ISLAND,79.3092105263152,0.0,"Baseline UPS logic. V: 0.880, SOC: 79.3%",0
2026-01-01T18:34:50Z,GRID_PASS,79.3092105263152,0.0,"Baseline UPS logic. V: 0.964, SOC: 79.3%",0
2026-01-01T18:34:55Z,GRID_PASS,79.3092105263152,0.0,"Baseline UPS logic. V: 0.959, SOC: 79.3%",0
2026-01-01T18:35:00Z,ISLAND,79.2763157894731,0.0,"Baseline UPS logic. V: 0.915, SOC: 79.3%",0
2026-01-01T18:35:05Z,ISLAND,79.24342105263099,0.0,"Baseline UPS logic. V: 0.903, SOC: 79.3%",0
2026-01-01T18:35:10Z,ISLAND,79.21052631578888,0.0,"Baseline UPS logic. V: 0.913, SOC: 79.2%",0
2026-01-01T18:35:15Z,ISLAND,79.17763157894677,0.0,"Baseline UPS logic. V: 0.913, SOC: 79.2%",0
2026-01-01T18:35:20Z,ISLAND,79.14473684210466,0.0,"Baseline UPS logic. V: 0.914, SOC: 79.2%",0
2026-01-01T18:35:25Z,ISLAND,79.11184210526257,0.0,"Baseline UPS logic. V: 0.909, SOC: 79.1%",0
2026-01-01T18:35:30Z,ISLAND,79.07894736842046,0.0,"Baseline UPS logic. V: 0.931, SOC: 79.1%",0
2026-01-01T18:35:35Z,GRID_PASS,79.07894736842046,0.0,"Baseline UPS logic. V: 0.956, SOC: 79.1%",0
2026-01-01T18:35:40Z,ISLAND,79.04605263157836,0.0,"Baseline UPS logic. V: 0.857, SOC: 79.1%",0
2026-01-01T18:35:45Z,ISLAND,79.01315789473624,0.0,"Baseline UPS logic. V: 0.864, SOC: 79.0%",0
2026-01-01T18:35:50Z,ISLAND,78.98026315789414,0.0,"Baseline UPS logic. V: 0.831, SOC: 79.0%",0
2026-01-01T18:35:55Z,GRID_PASS,78.98026315789414,0.0,"Baseline UPS logic. V: 0.962, SOC: 79.0%",0
2026-01-01T18:36:00Z,ISLAND,78.94736842105203,0.0,"Baseline UPS logic. V: 0.931, SOC: 79.0%",0
2026-01-01T18:36:05Z,GRID_PASS,78.94736842105203,0.0,"Baseline UPS logic. V: 0.941, SOC: 78.9%",0
2026-01-01T18:36:10Z,ISLAND,78.91447368420992,0.0,"Baseline UPS logic. V: 0.846, SOC: 78.9%",0
2026-01-01T18:36:15Z,GRID_PASS,78.91447368420992,0.0,"Baseline UPS logic. V: 1.006, SOC: 78.9%",0
2026-01-01T18:36:20Z,ISLAND,78.88157894736783,0.0,"Baseline UPS logic. V: 0.888, SOC: 78.9%",0
2026-01-01T18:36:25Z,ISLAND,78.8486842105257,0.0,"Baseline UPS logic. V: 0.925, SOC: 78.9%",0
2026-01-01T18:36:30Z,GRID_PASS,78.8486842105257,0.0,"Baseline UPS logic. V: 0.961, SOC: 78.8%",0
2026-01-01T18:36:35Z,ISLAND,78.81578947368361,0.0,"Baseline UPS logic. V: 0.869, SOC: 78.8%",0
2026-01-01T18:36:40Z,ISLAND,78.7828947368415,0.0,"Baseline UPS logic. V: 0.889, SOC: 78.8%",0
2026-01-01T18:36:45Z,ISLAND,78.7499999999994,0.0,"Baseline UPS logic. V: 0.927, SOC: 78.8%",0
2026-01-01T18:36:50Z,GRID_PASS,78.7499999999994,0.0,"Baseline UPS logic. V: 1.061, SOC: 78.7%",0
2026-01-01T18:36:55Z,ISLAND,78.7171052631573,0.0,"Baseline UPS logic. V: 0.933, SOC: 78.7%",0
2026-01-01T18:37:00Z,GRID_PASS,78.7171052631573,0.0,"Baseline UPS logic. V: 0.997, SOC: 78.7%",0
2026-01-01T18:37:05Z,GRID_PASS,78.7171052631573,0.0,"Baseline UPS logic. V: 0.978, SOC: 78.7%",0
2026-01-01T18:37:10Z,ISLAND,78.68421052631518,0.0,"Baseline UPS logic. V: 0.934, SOC: 78.7%",0
2026-01-01T18:37:15Z,ISLAND,78.65131578947307,0.0,"Baseline UPS logic. V: 0.866, SOC: 78.7%",0
2026-01-01T18:37:20Z,GRID_PASS,78.65131578947307,0.0,"Baseline UPS logic. V: 0.971, SOC: 78.7%",0
2026-01-01T18:37:25Z,ISLAND,78.61842105263096,0.0,"Baseline UPS logic. V: 0.843, SOC: 78.7%",0
2026-01-01T18:37:30Z,GRID_PASS,78.61842105263096,0.0,"Baseline UPS logic. V: 0.996, SOC: 78.6%",0
2026-01-01T18:37:35Z,ISLAND,78.58552631578887,0.0,"Baseline UPS logic. V: 0.928, SOC: 78.6%",0
2026-01-01T18:37:40Z,ISLAND,78.55263157894676,0.0,"Baseline UPS logic. V: 0.783, SOC: 78.6%",0
2026-01-01T18:37:45Z,ISLAND,78.51973684210465,0.0,"Baseline UPS logic. V: 0.901, SOC: 78.6%",0
2026-01-01T18:37:50Z,GRID_PASS,78.51973684210465,0.0,"Baseline UPS logic. V: 0.950, SOC: 78.5%",0
2026-01-01T18:37:55Z,ISLAND,78.48684210526254,0.0,"Baseline UPS logic. V: 0.906, SOC: 78.5%",0
2026-01-01T18:38:00Z,GRID_PASS,78.48684210526254,0.0,"Baseline UPS logic. V: 0.952, SOC: 78.5%",0
2026-01-01T18:38:05Z,ISLAND,78.45394736842044,0.0,"Baseline UPS logic. V: 0.875, SOC: 78.5%",0
2026-01-01T18:38:10Z,ISLAND,78.42105263157833,0.0,"Baseline UPS logic. V: 0.850, SOC: 78.5%",0
2026-01-01T18:38:15Z,ISLAND,78.38815789473624,0.0,"Baseline UPS logic. V: 0.914, SOC: 78.4%",0
2026-01-01T18:38:20Z,ISLAND,78.35526315789411,0.0,"Baseline UPS logic. V: 0.919, SOC: 78.4%",0
2026-01-01T18:38:25Z,ISLAND,78.32236842105202,0.0,"Baseline UPS logic. V: 0.900, SOC: 78.4%",0
2026-01-01T18:38:30Z,GRID_PASS,78.32236842105202,0.0,"Baseline UPS logic. V: 0.979, SOC: 78.3%",0
2026-01-01T18:38:35Z,ISLAND,78.28947368420991,0.0,"Baseline UPS logic. V: 0.875, SOC: 78.3%",0
2026-01-01T18:38:40Z,ISLAND,78.2565789473678,0.0,"Baseline UPS logic. V: 0.931, SOC: 78.3%",0
2026-01-01T18:38:45Z,ISLAND,78.2236842105257,0.0,"Baseline UPS logic. V: 0.921, SOC: 78.3%",0
2026-01-01T18:38:50Z,ISLAND,78.19078947368358,0.0,"Baseline UPS logic. V: 0.839, SOC: 78.2%",0
2026-01-01T18:38:55Z,ISLAND,78.15789473684148,0.0,"Baseline UPS logic. V: 0.851, SOC: 78.2%",0
2026-01-01T18:39:00Z,ISLAND,78.12499999999937,0.0,"Baseline UPS logic. V: 0.918, SOC: 78.2%",0
2026-01-01T18:39:05Z,GRID_PASS,78.12499999999937,0.0,"Baseline UPS logic. V: 1.016, SOC: 78.1%",0
2026-01-01T18:39:10Z,GRID_PASS,78.12499999999937,0.0,"Baseline UPS logic. V: 0.946, SOC: 78.1%",0
2026-01-01T18:39:15Z,ISLAND,78.09210526315728,0.0,"Baseline UPS logic. V: 0.829, SOC: 78.1%",0
2026-01-01T18:39:20Z,ISLAND,78.05921052631517,0.0,"Baseline UPS logic. V: 0.760, SOC: 78.1%",0
2026-01-01T18:39:25Z,GRID_PASS,78.05921052631517,0.0,"Baseline UPS logic. V: 0.953, SOC: 78.1%",0
2026-01-01T18:39:30Z,ISLAND,78.02631578947306,0.0,"Baseline UPS logic. V: 0.912, SOC: 78.1%",0
2026-01-01T18:39:35Z,GRID_PASS,78.02631578947306,0.0,"Baseline UPS logic. V: 0.972, SOC: 78.0%",0
2026-01-01T18:39:40Z,ISLAND,77.99342105263095,0.0,"Baseline UPS logic. V: 0.873, SOC: 78.0%",0
2026-01-01T18:39:45Z,ISLAND,77.96052631578885,0.0,"Baseline UPS logic. V: 0.933, SOC: 78.0%",0
2026-01-01T18:39:50Z,GRID_PASS,77.96052631578885,0.0,"Baseline UPS logic. V: 0.959, SOC: 78.0%",0
2026-01-01T18:39:55Z,ISLAND,77.92763157894674,0.0,"Baseline UPS logic. V: 0.894, SOC: 78.0%",0
2026-01-01T18:40:00Z,ISLAND,77.89473684210463,0.0,"Baseline UPS logic. V: 0.894, SOC: 77.9%",0
2026-01-01T18:40:05Z,ISLAND,77.86184210526253,0.0,"Baseline UPS logic. V: 0.918, SOC: 77.9%",0
2026-01-01T18:40:10Z,GRID_PASS,77.86184210526253,0.0,"Baseline UPS logic. V: 0.944, SOC: 77.9%",0
2026-01-01T18:40:15Z,ISLAND,77.82894736842042,0.0,"Baseline UPS logic. V: 0.916, SOC: 77.9%",0
2026-01-01T18:40:20Z,GRID_PASS,77.82894736842042,0.0,"Baseline UPS logic. V: 0.963, SOC: 77.8%",0
2026-01-01T18:40:25Z,ISLAND,77.79605263157832,0.0,"Baseline UPS logic. V: 0.893, SOC: 77.8%",0
2026-01-01T18:40:30Z,ISLAND,77.76315789473621,0.0,"Baseline UPS logic. V: 0.848, SOC: 77.8%",0
2026-01-01T18:40:35Z,GRID_PASS,77.76315789473621,0.0,"Baseline UPS logic. V: 1.015, SOC: 77.8%",0
2026-01-01T18:40:40Z,ISLAND,77.73026315789411,0.0,"Baseline UPS logic. V: 0.886, SOC: 77.8%",0
2026-01-01T18:40:45Z,ISLAND,77.69736842105199,0.0,"Baseline UPS logic. V: 0.886, SOC: 77.7%",0
2026-01-01T18:40:50Z,ISLAND,77.6644736842099,0.0,"Baseline UPS logic. V: 0.913, SOC: 77.7%",0
2026-01-01T18:40:55Z,ISLAND,77.63157894736779,0.0,"Baseline UPS logic. V: 0.920, SOC: 77.7%",0
2026-01-01T18:41:00Z,ISLAND,77.59868421052568,0.0,"Baseline UPS logic. V: 0.897, SOC: 77.6%",0
2026-01-01T18:41:05Z,ISLAND,77.56578947368358,0.0,"Baseline UPS logic. V: 0.915, SOC: 77.6%",0
2026-01-01T18:41:10Z,ISLAND,77.53289473684146,0.0,"Baseline UPS logic. V: 0.914, SOC: 77.6%",0
2026-01-01T18:41:15Z,ISLAND,77.49999999999936,0.0,"Baseline UPS logic. V: 0.925, SOC: 77.5%",0
2026-01-01T18:41:20Z,ISLAND,77.46710526315725,0.0,"Baseline UPS logic. V: 0.798, SOC: 77.5%",0
2026-01-01T18:41:25Z,GRID_PASS,77.46710526315725,0.0,"Baseline UPS logic. V: 1.010, SOC: 77.5%",0
2026-01-01T18:41:30Z,ISLAND,77.43421052631516,0.0,"Baseline UPS logic. V: 0.909, SOC: 77.5%",0
2026-01-01T18:41:35Z,GRID_PASS,77.43421052631516,0.0,"Baseline UPS logic. V: 0.943, SOC: 77.4%",0
2026-01-01T18:41:40Z,ISLAND,77.40131578947305,0.0,"Baseline UPS logic. V: 0.847, SOC: 77.4%",0
2026-01-01T18:41:45Z,ISLAND,77.36842105263094,0.0,"Baseline UPS logic. V: 0.891, SOC: 77.4%",0
2026-01-01T18:41:50Z,ISLAND,77.33552631578883,0.0,"Baseline UPS logic. V: 0.882, SOC: 77.4%",0
2026-01-01T18:41:55Z,GRID_PASS,77.33552631578883,0.0,"Baseline UPS logic. V: 0.990, SOC: 77.3%",0
2026-01-01T18:42:00Z,ISLAND,77.30263157894672,0.0,"Baseline UPS logic. V: 0.887, SOC: 77.3%",0
2026-01-01T18:42:05Z,GRID_PASS,77.30263157894672,0.0,"Baseline UPS logic. V: 0.952, SOC: 77.3%",0
2026-01-01T18:42:10Z,ISLAND,77.26973684210462,0.0,"Baseline UPS logic. V: 0.883, SOC: 77.3%",0
2026-01-01T18:42:15Z,ISLAND,77.23684210526251,0.0,"Baseline UPS logic. V: 0.891, SOC: 77.3%",0
2026-01-01T18:42:20Z,ISLAND,77.2039473684204,0.0,"Baseline UPS logic. V: 0.903, SOC: 77.2%",0
2026-01-01T18:42:25Z,GRID_PASS,77.2039473684204,0.0,"Baseline UPS logic. V: 0.980, SOC: 77.2%",0
2026-01-01T18:42:30Z,ISLAND,77.17105263157829,0.0,"Baseline UPS logic. V: 0.821, SOC: 77.2%",0
2026-01-01T18:42:35Z,ISLAND,77.1381578947362,0.0,"Baseline UPS logic. V: 0.848, SOC: 77.2%",0
2026-01-01T18:42:40Z,ISLAND,77.10526315789409,0.0,"Baseline UPS logic. V: 0.818, SOC: 77.1%",0
2026-01-01T18:42:45Z,ISLAND,77.07236842105199,0.0,"Baseline UPS logic. V: 0.861, SOC: 77.1%",0
2026-01-01T18:42:50Z,ISLAND,77.03947368420987,0.0,"Baseline UPS logic. V: 0.875, SOC: 77.1%",0
2026-01-01T18:42:55Z,ISLAND,77.00657894736777,0.0,"Baseline UPS logic. V: 0.835, SOC: 77.0%",0
2026-01-01T18:43:00Z,ISLAND,76.97368421052566,0.0,"Baseline UPS logic. V: 0.879, SOC: 77.0%",0
2026-01-01T18:43:05Z,ISLAND,76.94078947368355,0.0,"Baseline UPS logic. V: 0.815, SOC: 77.0%",0
2026-01-01T18:43:10Z,ISLAND,76.90789473684146,0.0,"Baseline UPS logic. V: 0.864, SOC: 76.9%",0
2026-01-01T18:43:15Z,GRID_PASS,76.90789473684146,0.0,"Baseline UPS logic. V: 0.975, SOC: 76.9%",0
2026-01-01T18:43:20Z,ISLAND,76.87499999999933,0.0,"Baseline UPS logic. V: 0.935, SOC: 76.9%",0
2026-01-01T18:43:25Z,ISLAND,76.84210526315724,0.0,"Baseline UPS logic. V: 0.923, SOC: 76.9%",0
2026-01-01T18:43:30Z,ISLAND,76.80921052631513,0.0,"Baseline UPS logic. V: 0.865, SOC: 76.8%",0
2026-01-01T18:43:35Z,ISLAND,76.77631578947303,0.0,"Baseline UPS logic. V: 0.838, SOC: 76.8%",0
2026-01-01T18:43:40Z,ISLAND,76.74342105263092,0.0,"Baseline UPS logic. V: 0.858, SOC: 76.8%",0
2026-01-01T18:43:45Z,ISLAND,76.71052631578881,0.0,"Baseline UPS logic. V: 0.913, SOC: 76.7%",0
2026-01-01T18:43:50Z,GRID_PASS,76.71052631578881,0.0,"Baseline UPS logic. V: 0.959, SOC: 76.7%",0
2026-01-01T18:43:55Z,GRID_PASS,76.71052631578881,0.0,"Baseline UPS logic. V: 0.960, SOC: 76.7%",0
2026-01-01T18:44:00Z,GRID_PASS,76.71052631578881,0.0,"Baseline UPS logic. V: 0.945, SOC: 76.7%",0
2026-01-01T18:44:05Z,ISLAND,76.6776315789467,0.0,"Baseline UPS logic. V: 0.876, SOC: 76.7%",0
2026-01-01T18:44:10Z,ISLAND,76.6447368421046,0.0,"Baseline UPS logic. V: 0.914, SOC: 76.7%",0
2026-01-01T18:44:15Z,ISLAND,76.6118421052625,0.0,"Baseline UPS logic. V: 0.899, SOC: 76.6%",0
2026-01-01T18:44:20Z,ISLAND,76.57894736842039,0.0,"Baseline UPS logic. V: 0.905, SOC: 76.6%",0
2026-01-01T18:44:25Z,GRID_PASS,76.57894736842039,0.0,"Baseline UPS logic. V: 1.017, SOC: 76.6%",0
2026-01-01T18:44:30Z,ISLAND,76.54605263157828,0.0,"Baseline UPS logic. V: 0.827, SOC: 76.6%",0
2026-01-01T18:44:35Z,ISLAND,76.51315789473617,0.0,"Baseline UPS logic. V: 0.902, SOC: 76.5%",0
2026-01-01T18:44:40Z,GRID_PASS,76.51315789473617,0.0,"Baseline UPS logic. V: 0.975, SOC: 76.5%",0
2026-01-01T18:44:45Z,ISLAND,76.48026315789407,0.0,"Baseline UPS logic. V: 0.842, SOC: 76.5%",0
2026-01-01T18:44:50Z,ISLAND,76.44736842105196,0.0,"Baseline UPS logic. V: 0.881, SOC: 76.5%",0
2026-01-01T18:44:55Z,ISLAND,76.41447368420987,0.0,"Baseline UPS logic. V: 0.888, SOC: 76.4%",0
2026-01-01T18:45:00Z,ISLAND,76.38157894736774,0.0,"Baseline UPS logic. V: 0.904, SOC: 76.4%",0
2026-01-01T18:45:05Z,ISLAND,76.34868421052565,0.0,"Baseline UPS logic. V: 0.835, SOC: 76.4%",0
2026-01-01T18:45:10Z,GRID_PASS,76.34868421052565,0.0,"Baseline UPS logic. V: 0.944, SOC: 76.3%",0
2026-01-01T18:45:15Z,GRID_PASS,76.34868421052565,0.0,"Baseline UPS logic. V: 0.948, SOC: 76.3%",0
2026-01-01T18:45:20Z,ISLAND,76.31578947368354,0.0,"Baseline UPS logic. V: 0.938, SOC: 76.3%",0
2026-01-01T18:45:25Z,ISLAND,76.28289473684143,0.0,"Baseline UPS logic. V: 0.869, SOC: 76.3%",0
2026-01-01T18:45:30Z,ISLAND,76.24999999999933,0.0,"Baseline UPS logic. V: 0.919, SOC: 76.3%",0
2026-01-01T18:45:35Z,ISLAND,76.21710526315721,0.0,"Baseline UPS logic. V: 0.870, SOC: 76.2%",0
2026-01-01T18:45:40Z,ISLAND,76.18421052631511,0.0,"Baseline UPS logic. V: 0.898, SOC: 76.2%",0
2026-01-01T18:45:45Z,GRID_PASS,76.18421052631511,0.0,"Baseline UPS logic. V: 1.022, SOC: 76.2%",0
2026-01-01T18:45:50Z,ISLAND,76.151315789473,0.0,"Baseline UPS logic. V: 0.919, SOC: 76.2%",0
2026-01-01T18:45:55Z,ISLAND,76.11842105263091,0.0,"Baseline UPS logic. V: 0.853, SOC: 76.2%",0
2026-01-01T18:46:00Z,ISLAND,76.0855263157888,0.0,"Baseline UPS logic. V: 0.924, SOC: 76.1%",0
2026-01-01T18:46:05Z,ISLAND,76.05263157894669,0.0,"Baseline UPS logic. V: 0.847, SOC: 76.1%",0
2026-01-01T18:46:10Z,ISLAND,76.01973684210458,0.0,"Baseline UPS logic. V: 0.854, SOC: 76.1%",0
2026-01-01T18:46:15Z,ISLAND,75.98684210526247,0.0,"Baseline UPS logic. V: 0.862, SOC: 76.0%",0
2026-01-01T18:46:20Z,ISLAND,75.95394736842037,0.0,"Baseline UPS logic. V: 0.892, SOC: 76.0%",0
2026-01-01T18:46:25Z,GRID_PASS,75.95394736842037,0.0,"Baseline UPS logic. V: 0.961, SOC: 76.0%",0
2026-01-01T18:46:30Z,GRID_PASS,75.95394736842037,0.0,"Baseline UPS logic. V: 0.943, SOC: 76.0%",0
2026-01-01T18:46:35Z,ISLAND,75.92105263157826,0.0,"Baseline UPS logic. V: 0.939, SOC: 76.0%",0
2026-01-01T18:46:40Z,ISLAND,75.88815789473615,0.0,"Baseline UPS logic. V: 0.857, SOC: 75.9%",0
2026-01-01T18:46:45Z,ISLAND,75.85526315789404,0.0,"Baseline UPS logic. V: 0.887, SOC: 75.9%",0
2026-01-01T18:46:50Z,ISLAND,75.82236842105195,0.0,"Baseline UPS logic. V: 0.928, SOC: 75.9%",0
2026-01-01T18:46:55Z,ISLAND,75.78947368420984,0.0,"Baseline UPS logic. V: 0.883, SOC: 75.8%",0
2026-01-01T18:47:00Z,ISLAND,75.75657894736774,0.0,"Baseline UPS logic. V: 0.900, SOC: 75.8%",0
2026-01-01T18:47:05Z,ISLAND,75.72368421052562,0.0,"Baseline UPS logic. V: 0.936, SOC: 75.8%",0
2026-01-01T18:47:10Z,ISLAND,75.69078947368352,0.0,"Baseline UPS logic. V: 0.896, SOC: 75.7%",0
2026-01-01T18:47:15Z,ISLAND,75.65789473684141,0.0,"Baseline UPS logic. V: 0.925, SOC: 75.7%",0
2026-01-01T18:47:20Z,GRID_PASS,75.65789473684141,0.0,"Baseline UPS logic. V: 0.993, SOC: 75.7%",0
2026-01-01T18:47:25Z,ISLAND,75.6249999999993,0.0,"Baseline UPS logic. V: 0.905, SOC: 75.7%",0
2026-01-01T18:47:30Z,GRID_PASS,75.6249999999993,0.0,"Baseline UPS logic. V: 0.971, SOC: 75.6%",0
2026-01-01T18:47:35Z,GRID_PASS,75.6249999999993,0.0,"Baseline UPS logic. V: 0.942, SOC: 75.6%",0
2026-01-01T18:47:40Z,ISLAND,75.59210526315721,0.0,"Baseline UPS logic. V: 0.839, SOC: 75.6%",0
2026-01-01T18:47:45Z,ISLAND,75.55921052631508,0.0,"Baseline UPS logic. V: 0.857, SOC: 75.6%",0
2026-01-01T18:47:50Z,ISLAND,75.52631578947299,0.0,"Baseline UPS logic. V: 0.872, SOC: 75.6%",0
2026-01-01T18:47:55Z,ISLAND,75.49342105263088,0.0,"Baseline UPS logic. V: 0.871, SOC: 75.5%",0
2026-01-01T18:48:00Z,ISLAND,75.46052631578878,0.0,"Baseline UPS logic. V: 0.909, SOC: 75.5%",0
2026-01-01T18:48:05Z,GRID_PASS,75.46052631578878,0.0,"Baseline UPS logic. V: 0.944, SOC: 75.5%",0
2026-01-01T18:48:10Z,GRID_PASS,75.46052631578878,0.0,"Baseline UPS logic. V: 0.976, SOC: 75.5%",0
2026-01-01T18:48:15Z,ISLAND,75.42763157894667,0.0,"Baseline UPS logic. V: 0.927, SOC: 75.5%",0
2026-01-01T18:48:20Z,ISLAND,75.39473684210456,0.0,"Baseline UPS logic. V: 0.889, SOC: 75.4%",0
2026-01-01T18:48:25Z,ISLAND,75.36184210526245,0.0,"Baseline UPS logic. V: 0.809, SOC: 75.4%",0
2026-01-01T18:48:30Z,ISLAND,75.32894736842036,0.0,"Baseline UPS logic. V: 0.917, SOC: 75.4%",0
2026-01-01T18:48:35Z,ISLAND,75.29605263157825,0.0,"Baseline UPS logic. V: 0.915, SOC: 75.3%",0
2026-01-01T18:48:40Z,ISLAND,75.26315789473614,0.0,"Baseline UPS logic. V: 0.922, SOC: 75.3%",0
2026-01-01T18:48:45Z,GRID_PASS,75.26315789473614,0.0,"Baseline UPS logic. V: 1.019, SOC: 75.3%",0
2026-01-01T18:48:50Z,GRID_PASS,75.26315789473614,0.0,"Baseline UPS logic. V: 0.975, SOC: 75.3%",0
2026-01-01T18:48:55Z,GRID_PASS,75.26315789473614,0.0,"Baseline UPS logic. V: 0.951, SOC: 75.3%",0
2026-01-01T18:49:00Z,ISLAND,75.23026315789403,0.0,"Baseline UPS logic. V: 0.863, SOC: 75.3%",0
2026-01-01T18:49:05Z,ISLAND,75.19736842105192,0.0,"Baseline UPS logic. V: 0.886, SOC: 75.2%",0
2026-01-01T18:49:10Z,ISLAND,75.16447368420982,0.0,"Baseline UPS logic. V: 0.908, SOC: 75.2%",0
2026-01-01T18:49:15Z,ISLAND,75.13157894736771,0.0,"Baseline UPS logic. V: 0.874, SOC: 75.2%",0
2026-01-01T18:49:20Z,ISLAND,75.09868421052562,0.0,"Baseline UPS logic. V: 0.938, SOC: 75.1%",0
2026-01-01T18:49:25Z,ISLAND,75.0657894736835,0.0,"Baseline UPS logic. V: 0.931, SOC: 75.1%",0
2026-01-01T18:49:30Z,ISLAND,75.0328947368414,0.0,"Baseline UPS logic. V: 0.859, SOC: 75.1%",0
2026-01-01T18:49:35Z,GRID_PASS,75.0328947368414,0.0,"Baseline UPS logic. V: 0.973, SOC: 75.0%",0
2026-01-01T18:49:40Z,ISLAND,74.99999999999929,0.0,"Baseline UPS logic. V: 0.918, SOC: 75.0%",0
2026-01-01T18:49:45Z,ISLAND,74.96710526315718,0.0,"Baseline UPS logic. V: 0.825, SOC: 75.0%",0
2026-01-01T18:49:50Z,ISLAND,74.93421052631508,0.0,"Baseline UPS logic. V: 0.910, SOC: 75.0%",0
2026-01-01T18:49:55Z,ISLAND,74.90131578947296,0.0,"Baseline UPS logic. V: 0.927, SOC: 74.9%",0
2026-01-01T18:50:00Z,GRID_PASS,74.90131578947296,0.0,"Baseline UPS logic. V: 0.962, SOC: 74.9%",0
2026-01-01T18:50:05Z,ISLAND,74.86842105263086,0.0,"Baseline UPS logic. V: 0.896, SOC: 74.9%",0
2026-01-01T18:50:10Z,GRID_PASS,74.86842105263086,0.0,"Baseline UPS logic. V: 0.952, SOC: 74.9%",0
2026-01-01T18:50:15Z,ISLAND,74.83552631578875,0.0,"Baseline UPS logic. V: 0.922, SOC: 74.9%",0
2026-01-01T18:50:20Z,ISLAND,74.80263157894666,0.0,"Baseline UPS logic. V: 0.845, SOC: 74.8%",0
2026-01-01T18:50:25Z,ISLAND,74.76973684210455,0.0,"Baseline UPS logic. V: 0.842, SOC: 74.8%",0
2026-01-01T18:50:30Z,GRID_PASS,74.76973684210455,0.0,"Baseline UPS logic. V: 0.969, SOC: 74.8%",0
2026-01-01T18:50:35Z,GRID_PASS,74.76973684210455,0.0,"Baseline UPS logic. V: 0.972, SOC: 74.8%",0
2026-01-01T18:50:40Z,ISLAND,74.73684210526244,0.0,"Baseline UPS logic. V: 0.927, SOC: 74.8%",0
2026-01-01T18:50:45Z,GRID_PASS,74.73684210526244,0.0,"Baseline UPS logic. V: 0.986, SOC: 74.7%",0
2026-01-01T18:50:50Z,GRID_PASS,74.73684210526244,0.0,"Baseline UPS logic. V: 0.965, SOC: 74.7%",0
2026-01-01T18:50:55Z,GRID_PASS,74.73684210526244,0.0,"Baseline UPS logic. V: 0.945, SOC: 74.7%",0
2026-01-01T18:51:00Z,ISLAND,74.70394736842033,0.0,"Baseline UPS logic. V: 0.865, SOC: 74.7%",0
2026-01-01T18:51:05Z,GRID_PASS,74.70394736842033,0.0,"Baseline UPS logic. V: 0.997, SOC: 74.7%",0
2026-01-01T18:51:10Z,ISLAND,74.67105263157822,0.0,"Baseline UPS logic. V: 0.939, SOC: 74.7%",0
2026-01-01T18:51:15Z,ISLAND,74.63815789473612,0.0,"Baseline UPS logic. V: 0.891, SOC: 74.7%",0
2026-01-01T18:51:20Z,ISLAND,74.60526315789402,0.0,"Baseline UPS logic. V: 0.879, SOC: 74.6%",0
2026-01-01T18:51:25Z,ISLAND,74.5723684210519,0.0,"Baseline UPS logic. V: 0.925, SOC: 74.6%",0
2026-01-01T18:51:30Z,ISLAND,74.5394736842098,0.0,"Baseline UPS logic. V: 0.829, SOC: 74.6%",0
2026-01-01T18:51:35Z,GRID_PASS,74.5394736842098,0.0,"Baseline UPS logic. V: 0.947, SOC: 74.5%",0
2026-01-01T18:51:40Z,ISLAND,74.5065789473677,0.0,"Baseline UPS logic. V: 0.865, SOC: 74.5%",0
2026-01-01T18:51:45Z,ISLAND,74.47368421052559,0.0,"Baseline UPS logic. V: 0.929, SOC: 74.5%",0
2026-01-01T18:51:50Z,ISLAND,74.4407894736835,0.0,"Baseline UPS logic. V: 0.886, SOC: 74.5%",0
2026-01-01T18:51:55Z,ISLAND,74.40789473684137,0.0,"Baseline UPS logic. V: 0.899, SOC: 74.4%",0
2026-01-01T18:52:00Z,ISLAND,74.37499999999928,0.0,"Baseline UPS logic. V: 0.874, SOC: 74.4%",0
2026-01-01T18:52:05Z,ISLAND,74.34210526315717,0.0,"Baseline UPS logic. V: 0.904, SOC: 74.4%",0
2026-01-01T18:52:10Z,GRID_PASS,74.34210526315717,0.0,"Baseline UPS logic. V: 1.006, SOC: 74.3%",0
2026-01-01T18:52:15Z,GRID_PASS,74.34210526315717,0.0,"Baseline UPS logic. V: 0.981, SOC: 74.3%",0
2026-01-01T18:52:20Z,ISLAND,74.30921052631506,0.0,"Baseline UPS logic. V: 0.928, SOC: 74.3%",0
2026-01-01T18:52:25Z,ISLAND,74.27631578947296,0.0,"Baseline UPS logic. V: 0.909, SOC: 74.3%",0
2026-01-01T18:52:30Z,GRID_PASS,74.27631578947296,0.0,"Baseline UPS logic. V: 0.954, SOC: 74.3%",0
2026-01-01T18:52:35Z,GRID_PASS,74.27631578947296,0.0,"Baseline UPS logic. V: 0.968, SOC: 74.3%",0
2026-01-01T18:52:40Z,ISLAND,74.24342105263084,0.0,"Baseline UPS logic. V: 0.869, SOC: 74.3%",0
2026-01-01T18:52:45Z,ISLAND,74.21052631578874,0.0,"Baseline UPS logic. V: 0.906, SOC: 74.2%",0
2026-01-01T18:52:50Z,ISLAND,74.17763157894663,0.0,"Baseline UPS logic. V: 0.821, SOC: 74.2%",0
2026-01-01T18:52:55Z,GRID_PASS,74.17763157894663,0.0,"Baseline UPS logic. V: 0.968, SOC: 74.2%",0
2026-01-01T18:53:00Z,GRID_PASS,74.17763157894663,0.0,"Baseline UPS logic. V: 1.015, SOC: 74.2%",0
2026-01-01T18:53:05Z,ISLAND,74.14473684210454,0.0,"Baseline UPS logic. V: 0.914, SOC: 74.2%",0
2026-01-01T18:53:10Z,ISLAND,74.11184210526243,0.0,"Baseline UPS logic. V: 0.803, SOC: 74.1%",0
2026-01-01T18:53:15Z,GRID_PASS,74.11184210526243,0.0,"Baseline UPS logic. V: 0.942, SOC: 74.1%",0
2026-01-01T18:53:20Z,ISLAND,74.07894736842032,0.0,"Baseline UPS logic. V: 0.866, SOC: 74.1%",0
2026-01-01T18:53:25Z,ISLAND,74.0460526315782,0.0,"Baseline UPS logic. V: 0.877, SOC: 74.1%",0
2026-01-01T18:53:30Z,GRID_PASS,74.0460526315782,0.0,"Baseline UPS logic. V: 0.943, SOC: 74.0%",0
2026-01-01T18:53:35Z,ISLAND,74.01315789473611,0.0,"Baseline UPS logic. V: 0.924, SOC: 74.0%",0
2026-01-01T18:53:40Z,ISLAND,73.980263157894,0.0,"Baseline UPS logic. V: 0.885, SOC: 74.0%",0
2026-01-01T18:53:45Z,ISLAND,73.94736842105189,0.0,"Baseline UPS logic. V: 0.879, SOC: 74.0%",0
2026-01-01T18:53:50Z,ISLAND,73.91447368420978,0.0,"Baseline UPS logic. V: 0.918, SOC: 73.9%",0
2026-01-01T18:53:55Z,ISLAND,73.88157894736767,0.0,"Baseline UPS logic. V: 0.891, SOC: 73.9%",0
2026-01-01T18:54:00Z,ISLAND,73.84868421052558,0.0,"Baseline UPS logic. V: 0.856, SOC: 73.9%",0
2026-01-01T18:54:05Z,ISLAND,73.81578947368347,0.0,"Baseline UPS logic. V: 0.894, SOC: 73.8%",0
2026-01-01T18:54:10Z,ISLAND,73.78289473684137,0.0,"Baseline UPS logic. V: 0.928, SOC: 73.8%",0
2026-01-01T18:54:15Z,ISLAND,73.74999999999925,0.0,"Baseline UPS logic. V: 0.902, SOC: 73.8%",0
2026-01-01T18:54:20Z,ISLAND,73.71710526315715,0.0,"Baseline UPS logic. V: 0.840, SOC: 73.7%",0
2026-01-01T18:54:25Z,GRID_PASS,73.71710526315715,0.0,"Baseline UPS logic. V: 0.961, SOC: 73.7%",0
2026-01-01T18:54:30Z,ISLAND,73.68421052631504,0.0,"Baseline UPS logic. V: 0.774, SOC: 73.7%",0
2026-01-01T18:54:35Z,ISLAND,73.65131578947293,0.0,"Baseline UPS logic. V: 0.887, SOC: 73.7%",0
2026-01-01T18:54:40Z,ISLAND,73.61842105263084,0.0,"Baseline UPS logic. V: 0.880, SOC: 73.7%",0
2026-01-01T18:54:45Z,ISLAND,73.58552631578871,0.0,"Baseline UPS logic. V: 0.918, SOC: 73.6%",0
2026-01-01T18:54:50Z,ISLAND,73.55263157894662,0.0,"Baseline UPS logic. V: 0.939, SOC: 73.6%",0
2026-01-01T18:54:55Z,GRID_PASS,73.55263157894662,0.0,"Baseline UPS logic. V: 0.967, SOC: 73.6%",0
2026-01-01T18:55:00Z,ISLAND,73.5197368421045,0.0,"Baseline UPS logic. V: 0.875, SOC: 73.6%",0
2026-01-01T18:55:05Z,ISLAND,73.48684210526241,0.0,"Baseline UPS logic. V: 0.938, SOC: 73.5%",0
2026-01-01T18:55:10Z,ISLAND,73.4539473684203,0.0,"Baseline UPS logic. V: 0.921, SOC: 73.5%",0
2026-01-01T18:55:15Z,ISLAND,73.42105263157819,0.0,"Baseline UPS logic. V: 0.825, SOC: 73.5%",0
2026-01-01T18:55:20Z,GRID_PASS,73.42105263157819,0.0,"Baseline UPS logic. V: 1.006, SOC: 73.4%",0
2026-01-01T18:55:25Z,ISLAND,73.38815789473608,0.0,"Baseline UPS logic. V: 0.839, SOC: 73.4%",0
2026-01-01T18:55:30Z,ISLAND,73.35526315789397,0.0,"Baseline UPS logic. V: 0.930, SOC: 73.4%",0
2026-01-01T18:55:35Z,ISLAND,73.32236842105188,0.0,"Baseline UPS logic. V: 0.930, SOC: 73.4%",0
2026-01-01T18:55:40Z,ISLAND,73.28947368420977,0.0,"Baseline UPS logic. V: 0.924, SOC: 73.3%",0
2026-01-01T18:55:45Z,ISLAND,73.25657894736766,0.0,"Baseline UPS logic. V: 0.886, SOC: 73.3%",0
2026-01-01T18:55:50Z,GRID_PASS,73.25657894736766,0.0,"Baseline UPS logic. V: 0.952, SOC: 73.3%",0
2026-01-01T18:55:55Z,ISLAND,73.22368421052555,0.0,"Baseline UPS logic. V: 0.833, SOC: 73.3%",0
2026-01-01T18:56:00Z,ISLAND,73.19078947368345,0.0,"Baseline UPS logic. V: 0.906, SOC: 73.2%",0
2026-01-01T18:56:05Z,ISLAND,73.15789473684134,0.0,"Baseline UPS logic. V: 0.882, SOC: 73.2%",0
2026-01-01T18:56:10Z,ISLAND,73.12499999999925,0.0,"Baseline UPS logic. V: 0.876, SOC: 73.2%",0
2026-01-01T18:56:15Z,ISLAND,73.09210526315712,0.0,"Baseline UPS logic. V: 0.932, SOC: 73.1%",0
2026-01-01T18:56:20Z,GRID_PASS,73.09210526315712,0.0,"Baseline UPS logic. V: 0.964, SOC: 73.1%",0
2026-01-01T18:56:25Z,ISLAND,73.05921052631503,0.0,"Baseline UPS logic. V: 0.893, SOC: 73.1%",0
2026-01-01T18:56:30Z,GRID_PASS,73.05921052631503,0.0,"Baseline UPS logic. V: 0.948, SOC: 73.1%",0
2026-01-01T18:56:35Z,ISLAND,73.02631578947292,0.0,"Baseline UPS logic. V: 0.913, SOC: 73.1%",0
2026-01-01T18:56:40Z,ISLAND,72.99342105263081,0.0,"Baseline UPS logic. V: 0.864, SOC: 73.0%",0
2026-01-01T18:56:45Z,ISLAND,72.96052631578871,0.0,"Baseline UPS logic. V: 0.897, SOC: 73.0%",0
2026-01-01T18:56:50Z,ISLAND,72.92763157894659,0.0,"Baseline UPS logic. V: 0.895, SOC: 73.0%",0
2026-01-01T18:56:55Z,ISLAND,72.89473684210449,0.0,"Baseline UPS logic. V: 0.876, SOC: 72.9%",0
2026-01-01T18:57:00Z,ISLAND,72.86184210526238,0.0,"Baseline UPS logic. V: 0.932, SOC: 72.9%",0
2026-01-01T18:57:05Z,ISLAND,72.82894736842029,0.0,"Baseline UPS logic. V: 0.922, SOC: 72.9%",0
2026-01-01T18:57:10Z,ISLAND,72.79605263157818,0.0,"Baseline UPS logic. V: 0.830, SOC: 72.8%",0
2026-01-01T18:57:15Z,ISLAND,72.76315789473607,0.0,"Baseline UPS logic. V: 0.827, SOC: 72.8%",0
2026-01-01T18:57:20Z,ISLAND,72.73026315789396,0.0,"Baseline UPS logic. V: 0.931, SOC: 72.8%",0
2026-01-01T18:57:25Z,ISLAND,72.69736842105186,0.0,"Baseline UPS logic. V: 0.869, SOC: 72.7%",0
2026-01-01T18:57:30Z,ISLAND,72.66447368420975,0.0,"Baseline UPS logic. V: 0.925, SOC: 72.7%",0
2026-01-01T18:57:35Z,GRID_PASS,72.66447368420975,0.0,"Baseline UPS logic. V: 0.949, SOC: 72.7%",0
2026-01-01T18:57:40Z,ISLAND,72.63157894736764,0.0,"Baseline UPS logic. V: 0.846, SOC: 72.7%",0
2026-01-01T18:57:45Z,ISLAND,72.59868421052553,0.0,"Baseline UPS logic. V: 0.838, SOC: 72.6%",0
2026-01-01T18:57:50Z,GRID_PASS,72.59868421052553,0.0,"Baseline UPS logic. V: 0.994, SOC: 72.6%",0
2026-01-01T18:57:55Z,ISLAND,72.56578947368342,0.0,"Baseline UPS logic. V: 0.928, SOC: 72.6%",0
2026-01-01T18:58:00Z,ISLAND,72.53289473684133,0.0,"Baseline UPS logic. V: 0.887, SOC: 72.6%",0
2026-01-01T18:58:05Z,ISLAND,72.49999999999922,0.0,"Baseline UPS logic. V: 0.863, SOC: 72.5%",0
2026-01-01T18:58:10Z,ISLAND,72.46710526315712,0.0,"Baseline UPS logic. V: 0.884, SOC: 72.5%",0
2026-01-01T18:58:15Z,ISLAND,72.434210526315,0.0,"Baseline UPS logic. V: 0.850, SOC: 72.5%",0
2026-01-01T18:58:20Z,GRID_PASS,72.434210526315,0.0,"Baseline UPS logic. V: 0.954, SOC: 72.4%",0
2026-01-01T18:58:25Z,ISLAND,72.4013157894729,0.0,"Baseline UPS logic. V: 0.871, SOC: 72.4%",0
2026-01-01T18:58:30Z,GRID_PASS,72.4013157894729,0.0,"Baseline UPS logic. V: 0.963, SOC: 72.4%",0
2026-01-01T18:58:35Z,ISLAND,72.3684210526308,0.0,"Baseline UPS logic. V: 0.890, SOC: 72.4%",0
2026-01-01T18:58:40Z,ISLAND,72.33552631578868,0.0,"Baseline UPS logic. V: 0.856, SOC: 72.4%",0
2026-01-01T18:58:45Z,ISLAND,72.30263157894659,0.0,"Baseline UPS logic. V: 0.888, SOC: 72.3%",0
2026-01-01T18:58:50Z,ISLAND,72.26973684210446,0.0,"Baseline UPS logic. V: 0.778, SOC: 72.3%",0
2026-01-01T18:58:55Z,ISLAND,72.23684210526237,0.0,"Baseline UPS logic. V: 0.904, SOC: 72.3%",0
2026-01-01T18:59:00Z,ISLAND,72.20394736842026,0.0,"Baseline UPS logic. V: 0.901, SOC: 72.2%",0
2026-01-01T18:59:05Z,GRID_PASS,72.20394736842026,0.0,"Baseline UPS logic. V: 0.950, SOC: 72.2%",0
2026-01-01T18:59:10Z,ISLAND,72.17105263157816,0.0,"Baseline UPS logic. V: 0.815, SOC: 72.2%",0
2026-01-01T18:59:15Z,GRID_PASS,72.17105263157816,0.0,"Baseline UPS logic. V: 0.966, SOC: 72.2%",0
2026-01-01T18:59:20Z,GRID_PASS,72.17105263157816,0.0,"Baseline UPS logic. V: 0.950, SOC: 72.2%",0
2026-01-01T18:59:25Z,GRID_PASS,72.17105263157816,0.0,"Baseline UPS logic. V: 0.970, SOC: 72.2%",0
2026-01-01T18:59:30Z,ISLAND,72.13815789473605,0.0,"Baseline UPS logic. V: 0.905, SOC: 72.2%",0
2026-01-01T18:59:35Z,GRID_PASS,72.13815789473605,0.0,"Baseline UPS logic. V: 0.958, SOC: 72.1%",0
2026-01-01T18:59:40Z,ISLAND,72.10526315789394,0.0,"Baseline UPS logic. V: 0.836, SOC: 72.1%",0
2026-01-01T18:59:45Z,GRID_PASS,72.10526315789394,0.0,"Baseline UPS logic. V: 0.943, SOC: 72.1%",0
2026-01-01T18:59:50Z,ISLAND,72.07236842105183,0.0,"Baseline UPS logic. V: 0.871, SOC: 72.1%",0
2026-01-01T18:59:55Z,ISLAND,72.03947368420972,0.0,"Baseline UPS logic. V: 0.825, SOC: 72.1%",0
2026-01-01T19:00:00Z,ISLAND,72.00657894736763,0.0,"Baseline UPS logic. V: 0.853, SOC: 72.0%",0
2026-01-01T19:00:05Z,ISLAND,71.97368421052552,0.0,"Baseline UPS logic. V: 0.909, SOC: 72.0%",0
2026-01-01T19:00:10Z,ISLAND,71.94078947368341,0.0,"Baseline UPS logic. V: 0.868, SOC: 72.0%",0
2026-01-01T19:00:15Z,ISLAND,71.9078947368413,0.0,"Baseline UPS logic. V: 0.928, SOC: 71.9%",0
2026-01-01T19:00:20Z,ISLAND,71.8749999999992,0.0,"Baseline UPS logic. V: 0.818, SOC: 71.9%",0
2026-01-01T19:00:25Z,ISLAND,71.8421052631571,0.0,"Baseline UPS logic. V: 0.803, SOC: 71.9%",0
2026-01-01T19:00:30Z,GRID_PASS,71.8421052631571,0.0,"Baseline UPS logic. V: 0.977, SOC: 71.8%",0
2026-01-01T19:00:35Z,GRID_PASS,71.8421052631571,0.0,"Baseline UPS logic. V: 0.954, SOC: 71.8%",0
2026-01-01T19:00:40Z,ISLAND,71.809210526315,0.0,"Baseline UPS logic. V: 0.855, SOC: 71.8%",0
2026-01-01T19:00:45Z,ISLAND,71.77631578947287,0.0,"Baseline UPS logic. V: 0.907, SOC: 71.8%",0
2026-01-01T19:00:50Z,GRID_PASS,71.77631578947287,0.0,"Baseline UPS logic. V: 0.960, SOC: 71.8%",0
2026-01-01T19:00:55Z,ISLAND,71.74342105263078,0.0,"Baseline UPS logic. V: 0.930, SOC: 71.8%",0
2026-01-01T19:01:00Z,ISLAND,71.71052631578867,0.0,"Baseline UPS logic. V: 0.915, SOC: 71.7%",0
2026-01-01T19:01:05Z,GRID_PASS,71.71052631578867,0.0,"Baseline UPS logic. V: 0.963, SOC: 71.7%",0
2026-01-01T19:01:10Z,ISLAND,71.67763157894656,0.0,"Baseline UPS logic. V: 0.872, SOC: 71.7%",0
2026-01-01T19:01:15Z,ISLAND,71.64473684210446,0.0,"Baseline UPS logic. V: 0.908, SOC: 71.7%",0
2026-01-01T19:01:20Z,ISLAND,71.61184210526234,0.0,"Baseline UPS logic. V: 0.908, SOC: 71.6%",0
2026-01-01T19:01:25Z,ISLAND,71.57894736842024,0.0,"Baseline UPS logic. V: 0.895, SOC: 71.6%",0
2026-01-01T19:01:30Z,ISLAND,71.54605263157814,0.0,"Baseline UPS logic. V: 0.889, SOC: 71.6%",0
2026-01-01T19:01:35Z,ISLAND,71.51315789473604,0.0,"Baseline UPS logic. V: 0.912, SOC: 71.5%",0
2026-01-01T19:01:40Z,ISLAND,71.48026315789393,0.0,"Baseline UPS logic. V: 0.910, SOC: 71.5%",0
2026-01-01T19:01:45Z,ISLAND,71.44736842105182,0.0,"Baseline UPS logic. V: 0.856, SOC: 71.5%",0
2026-01-01T19:01:50Z,GRID_PASS,71.44736842105182,0.0,"Baseline UPS logic. V: 0.949, SOC: 71.4%",0
2026-01-01T19:01:55Z,ISLAND,71.41447368420971,0.0,"Baseline UPS logic. V: 0.860, SOC: 71.4%",0
2026-01-01T19:02:00Z,ISLAND,71.38157894736761,0.0,"Baseline UPS logic. V: 0.896, SOC: 71.4%",0
2026-01-01T19:02:05Z,ISLAND,71.3486842105255,0.0,"Baseline UPS logic. V: 0.893, SOC: 71.4%",0
2026-01-01T19:02:10Z,ISLAND,71.3157894736834,0.0,"Baseline UPS logic. V: 0.926, SOC: 71.3%",0
2026-01-01T19:02:15Z,ISLAND,71.28289473684129,0.0,"Baseline UPS logic. V: 0.802, SOC: 71.3%",0
2026-01-01T19:02:20Z,GRID_PASS,71.28289473684129,0.0,"Baseline UPS logic. V: 0.953, SOC: 71.3%",0
2026-01-01T19:02:25Z,ISLAND,71.24999999999918,0.0,"Baseline UPS logic. V: 0.874, SOC: 71.3%",0
2026-01-01T19:02:30Z,GRID_PASS,71.24999999999918,0.0,"Baseline UPS logic. V: 0.967, SOC: 71.2%",0
2026-01-01T19:02:35Z,ISLAND,71.21710526315708,0.0,"Baseline UPS logic. V: 0.884, SOC: 71.2%",0
2026-01-01T19:02:40Z,ISLAND,71.18421052631497,0.0,"Baseline UPS logic. V: 0.904, SOC: 71.2%",0
2026-01-01T19:02:45Z,GRID_PASS,71.18421052631497,0.0,"Baseline UPS logic. V: 1.004, SOC: 71.2%",0
2026-01-01T19:02:50Z,ISLAND,71.15131578947287,0.0,"Baseline UPS logic. V: 0.894, SOC: 71.2%",0
2026-01-01T19:02:55Z,GRID_PASS,71.15131578947287,0.0,"Baseline UPS logic. V: 0.968, SOC: 71.2%",0
2026-01-01T19:03:00Z,ISLAND,71.11842105263075,0.0,"Baseline UPS logic. V: 0.910, SOC: 71.2%",0
2026-01-01T19:03:05Z,ISLAND,71.08552631578866,0.0,"Baseline UPS logic. V: 0.927, SOC: 71.1%",0
2026-01-01T19:03:10Z,ISLAND,71.05263157894655,0.0,"Baseline UPS logic. V: 0.911, SOC: 71.1%",0
2026-01-01T19:03:15Z,GRID_PASS,71.05263157894655,0.0,"Baseline UPS logic. V: 0.950, SOC: 71.1%",0
2026-01-01T19:03:20Z,ISLAND,71.01973684210444,0.0,"Baseline UPS logic. V: 0.874, SOC: 71.1%",0
2026-01-01T19:03:25Z,ISLAND,70.98684210526234,0.0,"Baseline UPS logic. V: 0.857, SOC: 71.0%",0
2026-01-01T19:03:30Z,ISLAND,70.95394736842022,0.0,"Baseline UPS logic. V: 0.876, SOC: 71.0%",0
2026-01-01T19:03:35Z,ISLAND,70.92105263157812,0.0,"Baseline UPS logic. V: 0.913, SOC: 71.0%",0
2026-01-01T19:03:40Z,ISLAND,70.88815789473601,0.0,"Baseline UPS logic. V: 0.897, SOC: 70.9%",0
2026-01-01T19:03:45Z,GRID_PASS,70.88815789473601,0.0,"Baseline UPS logic. V: 0.943, SOC: 70.9%",0
2026-01-01T19:03:50Z,GRID_PASS,70.88815789473601,0.0,"Baseline UPS logic. V: 0.973, SOC: 70.9%",0
2026-01-01T19:03:55Z,ISLAND,70.85526315789392,0.0,"Baseline UPS logic. V: 0.857, SOC: 70.9%",0
2026-01-01T19:04:00Z,ISLAND,70.8223684210518,0.0,"Baseline UPS logic. V: 0.869, SOC: 70.9%",0
2026-01-01T19:04:05Z,ISLAND,70.7894736842097,0.0,"Baseline UPS logic. V: 0.836, SOC: 70.8%",0
2026-01-01T19:04:10Z,GRID_PASS,70.7894736842097,0.0,"Baseline UPS logic. V: 1.009, SOC: 70.8%",0
2026-01-01T19:04:15Z,ISLAND,70.75657894736759,0.0,"Baseline UPS logic. V: 0.923, SOC: 70.8%",0
2026-01-01T19:04:20Z,ISLAND,70.72368421052548,0.0,"Baseline UPS logic. V: 0.930, SOC: 70.8%",0
2026-01-01T19:04:25Z,ISLAND,70.69078947368338,0.0,"Baseline UPS logic. V: 0.840, SOC: 70.7%",0
2026-01-01T19:04:30Z,ISLAND,70.65789473684127,0.0,"Baseline UPS logic. V: 0.907, SOC: 70.7%",0
2026-01-01T19:04:35Z,ISLAND,70.62499999999916,0.0,"Baseline UPS logic. V: 0.933, SOC: 70.7%",0
2026-01-01T19:04:40Z,ISLAND,70.59210526315705,0.0,"Baseline UPS logic. V: 0.895, SOC: 70.6%",0
2026-01-01T19:04:45Z,GRID_PASS,70.59210526315705,0.0,"Baseline UPS logic. V: 0.961, SOC: 70.6%",0
2026-01-01T19:04:50Z,GRID_PASS,70.59210526315705,0.0,"Baseline UPS logic. V: 1.023, SOC: 70.6%",0
2026-01-01T19:04:55Z,ISLAND,70.55921052631496,0.0,"Baseline UPS logic. V: 0.858, SOC: 70.6%",0
2026-01-01T19:05:00Z,ISLAND,70.52631578947285,0.0,"Baseline UPS logic. V: 0.855, SOC: 70.6%",0
2026-01-01T19:05:05Z,ISLAND,70.49342105263075,0.0,"Baseline UPS logic. V: 0.863, SOC: 70.5%",0
2026-01-01T19:05:10Z,GRID_PASS,70.49342105263075,0.0,"Baseline UPS logic. V: 0.987, SOC: 70.5%",0
2026-01-01T19:05:15Z,GRID_PASS,70.49342105263075,0.0,"Baseline UPS logic. V: 0.959, SOC: 70.5%",0
2026-01-01T19:05:20Z,ISLAND,70.46052631578863,0.0,"Baseline UPS logic. V: 0.899, SOC: 70.5%",0
2026-01-01T19:05:25Z,ISLAND,70.42763157894653,0.0,"Baseline UPS logic. V: 0.907, SOC: 70.5%",0
2026-01-01T19:05:30Z,ISLAND,70.39473684210442,0.0,"Baseline UPS logic. V: 0.866, SOC: 70.4%",0
2026-01-01T19:05:35Z,GRID_PASS,70.39473684210442,0.0,"Baseline UPS logic. V: 0.952, SOC: 70.4%",0
2026-01-01T19:05:40Z,ISLAND,70.36184210526231,0.0,"Baseline UPS logic. V: 0.888, SOC: 70.4%",0
2026-01-01T19:05:45Z,ISLAND,70.32894736842022,0.0,"Baseline UPS logic. V: 0.892, SOC: 70.4%",0
2026-01-01T19:05:50Z,ISLAND,70.29605263157809,0.0,"Baseline UPS logic. V: 0.938, SOC: 70.3%",0
2026-01-01T19:05:55Z,ISLAND,70.263157894736,0.0,"Baseline UPS logic. V: 0.898, SOC: 70.3%",0
2026-01-01T19:06:00Z,ISLAND,70.23026315789389,0.0,"Baseline UPS logic. V: 0.895, SOC: 70.3%",0
2026-01-01T19:06:05Z,ISLAND,70.19736842105179,0.0,"Baseline UPS logic. V: 0.907, SOC: 70.2%",0
2026-01-01T19:06:10Z,GRID_PASS,70.19736842105179,0.0,"Baseline UPS logic. V: 0.946, SOC: 70.2%",0
2026-01-01T19:06:15Z,GRID_PASS,70.19736842105179,0.0,"Baseline UPS logic. V: 0.989, SOC: 70.2%",0
2026-01-01T19:06:20Z,ISLAND,70.16447368420968,0.0,"Baseline UPS logic. V: 0.934, SOC: 70.2%",0
2026-01-01T19:06:25Z,GRID_PASS,70.16447368420968,0.0,"Baseline UPS logic. V: 0.945, SOC: 70.2%",0
2026-01-01T19:06:30Z,ISLAND,70.13157894736757,0.0,"Baseline UPS logic. V: 0.897, SOC: 70.2%",0
2026-01-01T19:06:35Z,ISLAND,70.09868421052546,0.0,"Baseline UPS logic. V: 0.870, SOC: 70.1%",0
2026-01-01T19:06:40Z,ISLAND,70.06578947368337,0.0,"Baseline UPS logic. V: 0.939, SOC: 70.1%",0
2026-01-01T19:06:45Z,ISLAND,70.03289473684126,0.0,"Baseline UPS logic. V: 0.915, SOC: 70.1%",0
2026-01-01T19:06:50Z,ISLAND,69.99999999999915,0.0,"Baseline UPS logic. V: 0.836, SOC: 70.0%",0
2026-01-01T19:06:55Z,ISLAND,69.96710526315704,0.0,"Baseline UPS logic. V: 0.890, SOC: 70.0%",0
2026-01-01T19:07:00Z,ISLAND,69.93421052631493,0.0,"Baseline UPS logic. V: 0.903, SOC: 70.0%",0
2026-01-01T19:07:05Z,ISLAND,69.90131578947283,0.0,"Baseline UPS logic. V: 0.881, SOC: 69.9%",0
2026-01-01T19:07:10Z,GRID_PASS,69.90131578947283,0.0,"Baseline UPS logic. V: 0.980, SOC: 69.9%",0
2026-01-01T19:07:15Z,ISLAND,69.86842105263072,0.0,"Baseline UPS logic. V: 0.930, SOC: 69.9%",0
2026-01-01T19:07:20Z,GRID_PASS,69.86842105263072,0.0,"Baseline UPS logic. V: 0.973, SOC: 69.9%",0
2026-01-01T19:07:25Z,ISLAND,69.83552631578863,0.0,"Baseline UPS logic. V: 0.920, SOC: 69.9%",0
2026-01-01T19:07:30Z,ISLAND,69.8026315789465,0.0,"Baseline UPS logic. V: 0.909, SOC: 69.8%",0
2026-01-01T19:07:35Z,ISLAND,69.76973684210441,0.0,"Baseline UPS logic. V: 0.860, SOC: 69.8%",0
2026-01-01T19:07:40Z,ISLAND,69.7368421052623,0.0,"Baseline UPS logic. V: 0.907, SOC: 69.8%",0
2026-01-01T19:07:45Z,ISLAND,69.70394736842019,0.0,"Baseline UPS logic. V: 0.907, SOC: 69.7%",0
2026-01-01T19:07:50Z,ISLAND,69.67105263157809,0.0,"Baseline UPS logic. V: 0.838, SOC: 69.7%",0
2026-01-01T19:07:55Z,ISLAND,69.63815789473597,0.0,"Baseline UPS logic. V: 0.879, SOC: 69.7%",0
2026-01-01T19:08:00Z,ISLAND,69.60526315789387,0.0,"Baseline UPS logic. V: 0.890, SOC: 69.6%",0
2026-01-01T19:08:05Z,ISLAND,69.57236842105176,0.0,"Baseline UPS logic. V: 0.927, SOC: 69.6%",0
2026-01-01T19:08:10Z,ISLAND,69.53947368420967,0.0,"Baseline UPS logic. V: 0.929, SOC: 69.6%",0
2026-01-01T19:08:15Z,ISLAND,69.50657894736756,0.0,"Baseline UPS logic. V: 0.877, SOC: 69.5%",0
2026-01-01T19:08:20Z,ISLAND,69.47368421052545,0.0,"Baseline UPS logic. V: 0.929, SOC: 69.5%",0
2026-01-01T19:08:25Z,ISLAND,69.44078947368334,0.0,"Baseline UPS logic. V: 0.897, SOC: 69.5%",0
2026-01-01T19:08:30Z,ISLAND,69.40789473684123,0.0,"Baseline UPS logic. V: 0.763, SOC: 69.4%",0
2026-01-01T19:08:35Z,ISLAND,69.37499999999913,0.0,"Baseline UPS logic. V: 0.882, SOC: 69.4%",0
2026-01-01T19:08:40Z,GRID_PASS,69.37499999999913,0.0,"Baseline UPS logic. V: 0.960, SOC: 69.4%",0
2026-01-01T19:08:45Z,ISLAND,69.34210526315702,0.0,"Baseline UPS logic. V: 0.822, SOC: 69.4%",0
2026-01-01T19:08:50Z,ISLAND,69.30921052631491,0.0,"Baseline UPS logic. V: 0.910, SOC: 69.3%",0
2026-01-01T19:08:55Z,GRID_PASS,69.30921052631491,0.0,"Baseline UPS logic. V: 0.985, SOC: 69.3%",0
2026-01-01T19:09:00Z,ISLAND,69.2763157894728,0.0,"Baseline UPS logic. V: 0.868, SOC: 69.3%",0
2026-01-01T19:09:05Z,ISLAND,69.24342105263071,0.0,"Baseline UPS logic. V: 0.904, SOC: 69.3%",0
2026-01-01T19:09:10Z,ISLAND,69.2105263157886,0.0,"Baseline UPS logic. V: 0.840, SOC: 69.2%",0
2026-01-01T19:09:15Z,GRID_PASS,69.2105263157886,0.0,"Baseline UPS logic. V: 0.987, SOC: 69.2%",0
2026-01-01T19:09:20Z,ISLAND,69.1776315789465,0.0,"Baseline UPS logic. V: 0.902, SOC: 69.2%",0
2026-01-01T19:09:25Z,ISLAND,69.14473684210438,0.0,"Baseline UPS logic. V: 0.906, SOC: 69.2%",0
2026-01-01T19:09:30Z,GRID_PASS,69.14473684210438,0.0,"Baseline UPS logic. V: 0.973, SOC: 69.1%",0
2026-01-01T19:09:35Z,ISLAND,69.11184210526228,0.0,"Baseline UPS logic. V: 0.939, SOC: 69.1%",0
2026-01-01T19:09:40Z,ISLAND,69.07894736842017,0.0,"Baseline UPS logic. V: 0.860, SOC: 69.1%",0
2026-01-01T19:09:45Z,ISLAND,69.04605263157806,0.0,"Baseline UPS logic. V: 0.873, SOC: 69.1%",0
2026-01-01T19:09:50Z,ISLAND,69.01315789473597,0.0,"Baseline UPS logic. V: 0.930, SOC: 69.0%",0
2026-01-01T19:09:55Z,ISLAND,68.98026315789384,0.0,"Baseline UPS logic. V: 0.874, SOC: 69.0%",0
2026-01-01T19:10:00Z,ISLAND,68.94736842105175,0.0,"Baseline UPS logic. V: 0.800, SOC: 69.0%",0
2026-01-01T19:10:05Z,ISLAND,68.91447368420964,0.0,"Baseline UPS logic. V: 0.903, SOC: 68.9%",0
2026-01-01T19:10:10Z,ISLAND,68.88157894736754,0.0,"Baseline UPS logic. V: 0.831, SOC: 68.9%",0
2026-01-01T19:10:15Z,GRID_PASS,68.88157894736754,0.0,"Baseline UPS logic. V: 0.986, SOC: 68.9%",0
2026-01-01T19:10:20Z,ISLAND,68.84868421052543,0.0,"Baseline UPS logic. V: 0.914, SOC: 68.9%",0
2026-01-01T19:10:25Z,ISLAND,68.81578947368332,0.0,"Baseline UPS logic. V: 0.858, SOC: 68.8%",0
2026-01-01T19:10:30Z,ISLAND,68.78289473684121,0.0,"Baseline UPS logic. V: 0.870, SOC: 68.8%",0
2026-01-01T19:10:35Z,ISLAND,68.74999999999912,0.0,"Baseline UPS logic. V: 0.811, SOC: 68.8%",0
2026-01-01T19:10:40Z,ISLAND,68.71710526315701,0.0,"Baseline UPS logic. V: 0.850, SOC: 68.7%",0
2026-01-01T19:10:45Z,GRID_PASS,68.71710526315701,0.0,"Baseline UPS logic. V: 0.956, SOC: 68.7%",0
2026-01-01T19:10:50Z,GRID_PASS,68.71710526315701,0.0,"Baseline UPS logic. V: 1.017, SOC: 68.7%",0
2026-01-01T19:10:55Z,ISLAND,68.6842105263149,0.0,"Baseline UPS logic. V: 0.940, SOC: 68.7%",0
2026-01-01T19:11:00Z,ISLAND,68.65131578947279,0.0,"Baseline UPS logic. V: 0.899, SOC: 68.7%",0
2026-01-01T19:11:05Z,ISLAND,68.61842105263068,0.0,"Baseline UPS logic. V: 0.883, SOC: 68.7%",0
2026-01-01T19:11:10Z,ISLAND,68.58552631578858,0.0,"Baseline UPS logic. V: 0.857, SOC: 68.6%",0
2026-01-01T19:11:15Z,GRID_PASS,68.58552631578858,0.0,"Baseline UPS logic. V: 1.008, SOC: 68.6%",0
2026-01-01T19:11:20Z,ISLAND,68.55263157894647,0.0,"Baseline UPS logic. V: 0.896, SOC: 68.6%",0
2026-01-01T19:11:25Z,GRID_PASS,68.55263157894647,0.0,"Baseline UPS logic. V: 1.009, SOC: 68.6%",0
2026-01-01T19:11:30Z,GRID_PASS,68.55263157894647,0.0,"Baseline UPS logic. V: 0.975, SOC: 68.6%",0
2026-01-01T19:11:35Z,ISLAND,68.51973684210438,0.0,"Baseline UPS logic. V: 0.816, SOC: 68.6%",0
2026-01-01T19:11:40Z,ISLAND,68.48684210526226,0.0,"Baseline UPS logic. V: 0.870, SOC: 68.5%",0
2026-01-01T19:11:45Z,ISLAND,68.45394736842016,0.0,"Baseline UPS logic. V: 0.872, SOC: 68.5%",0
2026-01-01T19:11:50Z,ISLAND,68.42105263157805,0.0,"Baseline UPS logic. V: 0.901, SOC: 68.5%",0
2026-01-01T19:11:55Z,ISLAND,68.38815789473594,0.0,"Baseline UPS logic. V: 0.902, SOC: 68.4%",0
2026-01-01T19:12:00Z,GRID_PASS,68.38815789473594,0.0,"Baseline UPS logic. V: 1.055, SOC: 68.4%",0
2026-01-01T19:12:05Z,ISLAND,68.35526315789384,0.0,"Baseline UPS logic. V: 0.851, SOC: 68.4%",0
2026-01-01T19:12:10Z,ISLAND,68.32236842105172,0.0,"Baseline UPS logic. V: 0.914, SOC: 68.4%",0
2026-01-01T19:12:15Z,ISLAND,68.28947368420963,0.0,"Baseline UPS logic. V: 0.935, SOC: 68.3%",0
2026-01-01T19:12:20Z,ISLAND,68.25657894736752,0.0,"Baseline UPS logic. V: 0.905, SOC: 68.3%",0
2026-01-01T19:12:25Z,ISLAND,68.22368421052542,0.0,"Baseline UPS logic. V: 0.910, SOC: 68.3%",0
2026-01-01T19:12:30Z,ISLAND,68.19078947368331,0.0,"Baseline UPS logic. V: 0.852, SOC: 68.2%",0
2026-01-01T19:12:35Z,ISLAND,68.1578947368412,0.0,"Baseline UPS logic. V: 0.910, SOC: 68.2%",0
2026-01-01T19:12:40Z,ISLAND,68.12499999999909,0.0,"Baseline UPS logic. V: 0.930, SOC: 68.2%",0
2026-01-01T19:12:45Z,ISLAND,68.09210526315698,0.0,"Baseline UPS logic. V: 0.921, SOC: 68.1%",0
2026-01-01T19:12:50Z,ISLAND,68.05921052631489,0.0,"Baseline UPS logic. V: 0.933, SOC: 68.1%",0
2026-01-01T19:12:55Z,GRID_PASS,68.05921052631489,0.0,"Baseline UPS logic. V: 0.975, SOC: 68.1%",0
2026-01-01T19:13:00Z,GRID_PASS,68.05921052631489,0.0,"Baseline UPS logic. V: 0.952, SOC: 68.1%",0
2026-01-01T19:13:05Z,ISLAND,68.02631578947278,0.0,"Baseline UPS logic. V: 0.906, SOC: 68.1%",0
2026-01-01T19:13:10Z,ISLAND,67.99342105263067,0.0,"Baseline UPS logic. V: 0.844, SOC: 68.0%",0
2026-01-01T19:13:15Z,ISLAND,67.96052631578856,0.0,"Baseline UPS logic. V: 0.874, SOC: 68.0%",0
2026-01-01T19:13:20Z,ISLAND,67.92763157894646,0.0,"Baseline UPS logic. V: 0.893, SOC: 68.0%",0
2026-01-01T19:13:25Z,ISLAND,67.89473684210435,0.0,"Baseline UPS logic. V: 0.917, SOC: 67.9%",0
2026-01-01T19:13:30Z,ISLAND,67.86184210526226,0.0,"Baseline UPS logic. V: 0.880, SOC: 67.9%",0
2026-01-01T19:13:35Z,ISLAND,67.82894736842013,0.0,"Baseline UPS logic. V: 0.858, SOC: 67.9%",0
2026-01-01T19:13:40Z,ISLAND,67.79605263157804,0.0,"Baseline UPS logic. V: 0.845, SOC: 67.8%",0
2026-01-01T19:13:45Z,ISLAND,67.76315789473593,0.0,"Baseline UPS logic. V: 0.822, SOC: 67.8%",0
2026-01-01T19:13:50Z,ISLAND,67.73026315789382,0.0,"Baseline UPS logic. V: 0.893, SOC: 67.8%",0
2026-01-01T19:13:55Z,ISLAND,67.69736842105172,0.0,"Baseline UPS logic. V: 0.831, SOC: 67.7%",0
2026-01-01T19:14:00Z,ISLAND,67.6644736842096,0.0,"Baseline UPS logic. V: 0.854, SOC: 67.7%",0
2026-01-01T19:14:05Z,ISLAND,67.6315789473675,0.0,"Baseline UPS logic. V: 0.884, SOC: 67.7%",0
2026-01-01T19:14:10Z,ISLAND,67.59868421052539,0.0,"Baseline UPS logic. V: 0.837, SOC: 67.6%",0
2026-01-01T19:14:15Z,ISLAND,67.5657894736833,0.0,"Baseline UPS logic. V: 0.923, SOC: 67.6%",0
2026-01-01T19:14:20Z,GRID_PASS,67.5657894736833,0.0,"Baseline UPS logic. V: 0.941, SOC: 67.6%",0
2026-01-01T19:14:25Z,ISLAND,67.53289473684119,0.0,"Baseline UPS logic. V: 0.877, SOC: 67.6%",0
2026-01-01T19:14:30Z,ISLAND,67.49999999999908,0.0,"Baseline UPS logic. V: 0.880, SOC: 67.5%",0
2026-01-01T19:14:35Z,ISLAND,67.46710526315697,0.0,"Baseline UPS logic. V: 0.931, SOC: 67.5%",0
2026-01-01T19:14:40Z,ISLAND,67.43421052631487,0.0,"Baseline UPS logic. V: 0.868, SOC: 67.5%",0
2026-01-01T19:14:45Z,ISLAND,67.40131578947276,0.0,"Baseline UPS logic. V: 0.865, SOC: 67.4%",0
2026-01-01T19:14:50Z,GRID_PASS,67.40131578947276,0.0,"Baseline UPS logic. V: 0.964, SOC: 67.4%",0
2026-01-01T19:14:55Z,GRID_PASS,67.40131578947276,0.0,"Baseline UPS logic. V: 0.948, SOC: 67.4%",0
2026-01-01T19:15:00Z,ISLAND,67.36842105263065,0.0,"Baseline UPS logic. V: 0.932, SOC: 67.4%",0
2026-01-01T19:15:05Z,GRID_PASS,67.36842105263065,0.0,"Baseline UPS logic. V: 0.948, SOC: 67.4%",0
2026-01-01T19:15:10Z,ISLAND,67.33552631578854,0.0,"Baseline UPS logic. V: 0.805, SOC: 67.4%",0
2026-01-01T19:15:15Z,GRID_PASS,67.33552631578854,0.0,"Baseline UPS logic. V: 0.970, SOC: 67.3%",0
2026-01-01T19:15:20Z,ISLAND,67.30263157894643,0.0,"Baseline UPS logic. V: 0.923, SOC: 67.3%",0
2026-01-01T19:15:25Z,GRID_PASS,67.30263157894643,0.0,"Baseline UPS logic. V: 0.952, SOC: 67.3%",0
2026-01-01T19:15:30Z,ISLAND,67.26973684210434,0.0,"Baseline UPS logic. V: 0.923, SOC: 67.3%",0
2026-01-01T19:15:35Z,ISLAND,67.23684210526223,0.0,"Baseline UPS logic. V: 0.904, SOC: 67.3%",0
2026-01-01T19:15:40Z,ISLAND,67.20394736842013,0.0,"Baseline UPS logic. V: 0.890, SOC: 67.2%",0
2026-01-01T19:15:45Z,ISLAND,67.17105263157801,0.0,"Baseline UPS logic. V: 0.922, SOC: 67.2%",0
2026-01-01T19:15:50Z,ISLAND,67.13815789473591,0.0,"Baseline UPS logic. V: 0.888, SOC: 67.2%",0
2026-01-01T19:15:55Z,GRID_PASS,67.13815789473591,0.0,"Baseline UPS logic. V: 0.947, SOC: 67.1%",0
2026-01-01T19:16:00Z,ISLAND,67.1052631578938,0.0,"Baseline UPS logic. V: 0.824, SOC: 67.1%",0
2026-01-01T19:16:05Z,ISLAND,67.07236842105169,0.0,"Baseline UPS logic. V: 0.875, SOC: 67.1%",0
2026-01-01T19:16:10Z,GRID_PASS,67.07236842105169,0.0,"Baseline UPS logic. V: 1.006, SOC: 67.1%",0
2026-01-01T19:16:15Z,ISLAND,67.0394736842096,0.0,"Baseline UPS logic. V: 0.872, SOC: 67.1%",0
2026-01-01T19:16:20Z,ISLAND,67.00657894736747,0.0,"Baseline UPS logic. V: 0.890, SOC: 67.0%",0
2026-01-01T19:16:25Z,ISLAND,66.97368421052538,0.0,"Baseline UPS logic. V: 0.859, SOC: 67.0%",0
2026-01-01T19:16:30Z,ISLAND,66.94078947368327,0.0,"Baseline UPS logic. V: 0.920, SOC: 67.0%",0
2026-01-01T19:16:35Z,ISLAND,66.90789473684117,0.0,"Baseline UPS logic. V: 0.867, SOC: 66.9%",0
2026-01-01T19:16:40Z,ISLAND,66.87499999999906,0.0,"Baseline UPS logic. V: 0.894, SOC: 66.9%",0
2026-01-01T19:16:45Z,GRID_PASS,66.87499999999906,0.0,"Baseline UPS logic. V: 0.946, SOC: 66.9%",0
2026-01-01T19:16:50Z,ISLAND,66.84210526315695,0.0,"Baseline UPS logic. V: 0.868, SOC: 66.9%",0
2026-01-01T19:16:55Z,GRID_PASS,66.84210526315695,0.0,"Baseline UPS logic. V: 0.941, SOC: 66.8%",0
2026-01-01T19:17:00Z,GRID_PASS,66.84210526315695,0.0,"Baseline UPS logic. V: 0.944, SOC: 66.8%",0
2026-01-01T19:17:05Z,GRID_PASS,66.84210526315695,0.0,"Baseline UPS logic. V: 0.954, SOC: 66.8%",0
2026-01-01T19:17:10Z,ISLAND,66.80921052631484,0.0,"Baseline UPS logic. V: 0.908, SOC: 66.8%",0
2026-01-01T19:17:15Z,GRID_PASS,66.80921052631484,0.0,"Baseline UPS logic. V: 1.063, SOC: 66.8%",0
2026-01-01T19:17:20Z,GRID_PASS,66.80921052631484,0.0,"Baseline UPS logic. V: 0.956, SOC: 66.8%",0
2026-01-01T19:17:25Z,ISLAND,66.77631578947273,0.0,"Baseline UPS logic. V: 0.917, SOC: 66.8%",0
2026-01-01T19:17:30Z,ISLAND,66.74342105263064,0.0,"Baseline UPS logic. V: 0.857, SOC: 66.8%",0
2026-01-01T19:17:35Z,ISLAND,66.71052631578853,0.0,"Baseline UPS logic. V: 0.898, SOC: 66.7%",0
2026-01-01T19:17:40Z,GRID_PASS,66.71052631578853,0.0,"Baseline UPS logic. V: 0.974, SOC: 66.7%",0
2026-01-01T19:17:45Z,GRID_PASS,66.71052631578853,0.0,"Baseline UPS logic. V: 0.988, SOC: 66.7%",0
2026-01-01T19:17:50Z,GRID_PASS,66.71052631578853,0.0,"Baseline UPS logic. V: 0.975, SOC: 66.7%",0
2026-01-01T19:17:55Z,GRID_PASS,66.71052631578853,0.0,"Baseline UPS logic. V: 0.940, SOC: 66.7%",0
2026-01-01T19:18:00Z,ISLAND,66.67763157894642,0.0,"Baseline UPS logic. V: 0.838, SOC: 66.7%",0
2026-01-01T19:18:05Z,ISLAND,66.64473684210431,0.0,"Baseline UPS logic. V: 0.925, SOC: 66.7%",0
2026-01-01T19:18:10Z,ISLAND,66.61184210526221,0.0,"Baseline UPS logic. V: 0.841, SOC: 66.6%",0
2026-01-01T19:18:15Z,ISLAND,66.5789473684201,0.0,"Baseline UPS logic. V: 0.828, SOC: 66.6%",0
2026-01-01T19:18:20Z,ISLAND,66.54605263157801,0.0,"Baseline UPS logic. V: 0.915, SOC: 66.6%",0
2026-01-01T19:18:25Z,ISLAND,66.51315789473588,0.0,"Baseline UPS logic. V: 0.929, SOC: 66.5%",0
2026-01-01T19:18:30Z,GRID_PASS,66.51315789473588,0.0,"Baseline UPS logic. V: 0.948, SOC: 66.5%",0
2026-01-01T19:18:35Z,ISLAND,66.48026315789379,0.0,"Baseline UPS logic. V: 0.928, SOC: 66.5%",0
2026-01-01T19:18:40Z,ISLAND,66.44736842105168,0.0,"Baseline UPS logic. V: 0.928, SOC: 66.5%",0
2026-01-01T19:18:45Z,ISLAND,66.41447368420957,0.0,"Baseline UPS logic. V: 0.853, SOC: 66.4%",0
2026-01-01T19:18:50Z,ISLAND,66.38157894736747,0.0,"Baseline UPS logic. V: 0.897, SOC: 66.4%",0
2026-01-01T19:18:55Z,ISLAND,66.34868421052535,0.0,"Baseline UPS logic. V: 0.827, SOC: 66.4%",0
2026-01-01T19:19:00Z,ISLAND,66.31578947368325,0.0,"Baseline UPS logic. V: 0.803, SOC: 66.3%",0
2026-01-01T19:19:05Z,ISLAND,66.28289473684114,0.0,"Baseline UPS logic. V: 0.939, SOC: 66.3%",0
2026-01-01T19:19:10Z,ISLAND,66.24999999999905,0.0,"Baseline UPS logic. V: 0.865, SOC: 66.3%",0
2026-01-01T19:19:15Z,GRID_PASS,66.24999999999905,0.0,"Baseline UPS logic. V: 0.946, SOC: 66.2%",0
2026-01-01T19:19:20Z,GRID_PASS,66.24999999999905,0.0,"Baseline UPS logic. V: 0.958, SOC: 66.2%",0
2026-01-01T19:19:25Z,ISLAND,66.21710526315694,0.0,"Baseline UPS logic. V: 0.870, SOC: 66.2%",0
2026-01-01T19:19:30Z,ISLAND,66.18421052631483,0.0,"Baseline UPS logic. V: 0.930, SOC: 66.2%",0
2026-01-01T19:19:35Z,ISLAND,66.15131578947272,0.0,"Baseline UPS logic. V: 0.869, SOC: 66.2%",0
2026-01-01T19:19:40Z,ISLAND,66.11842105263062,0.0,"Baseline UPS logic. V: 0.810, SOC: 66.2%",0
2026-01-01T19:19:45Z,ISLAND,66.08552631578851,0.0,"Baseline UPS logic. V: 0.909, SOC: 66.1%",0
2026-01-01T19:19:50Z,ISLAND,66.0526315789464,0.0,"Baseline UPS logic. V: 0.879, SOC: 66.1%",0
2026-01-01T19:19:55Z,ISLAND,66.0197368421043,0.0,"Baseline UPS logic. V: 0.880, SOC: 66.1%",0
2026-01-01T19:20:00Z,GRID_PASS,66.0197368421043,0.0,"Baseline UPS logic. V: 1.001, SOC: 66.0%",0
2026-01-01T19:20:05Z,ISLAND,65.98684210526218,0.0,"Baseline UPS logic. V: 0.826, SOC: 66.0%",0
2026-01-01T19:20:10Z,ISLAND,65.95394736842009,0.0,"Baseline UPS logic. V: 0.920, SOC: 66.0%",0
2026-01-01T19:20:15Z,ISLAND,65.92105263157798,0.0,"Baseline UPS logic. V: 0.852, SOC: 66.0%",0
2026-01-01T19:20:20Z,GRID_PASS,65.92105263157798,0.0,"Baseline UPS logic. V: 0.947, SOC: 65.9%",0
2026-01-01T19:20:25Z,ISLAND,65.88815789473588,0.0,"Baseline UPS logic. V: 0.917, SOC: 65.9%",0
2026-01-01T19:20:30Z,ISLAND,65.85526315789376,0.0,"Baseline UPS logic. V: 0.919, SOC: 65.9%",0
2026-01-01T19:20:35Z,ISLAND,65.82236842105166,0.0,"Baseline UPS logic. V: 0.855, SOC: 65.9%",0
2026-01-01T19:20:40Z,ISLAND,65.78947368420955,0.0,"Baseline UPS logic. V: 0.864, SOC: 65.8%",0
2026-01-01T19:20:45Z,GRID_PASS,65.78947368420955,0.0,"Baseline UPS logic. V: 0.948, SOC: 65.8%",0
2026-01-01T19:20:50Z,GRID_PASS,65.78947368420955,0.0,"Baseline UPS logic. V: 0.991, SOC: 65.8%",0
2026-01-01T19:20:55Z,ISLAND,65.75657894736744,0.0,"Baseline UPS logic. V: 0.924, SOC: 65.8%",0
2026-01-01T19:21:00Z,ISLAND,65.72368421052535,0.0,"Baseline UPS logic. V: 0.855, SOC: 65.8%",0
2026-01-01T19:21:05Z,ISLAND,65.69078947368322,0.0,"Baseline UPS logic. V: 0.919, SOC: 65.7%",0
2026-01-01T19:21:10Z,GRID_PASS,65.69078947368322,0.0,"Baseline UPS logic. V: 1.023, SOC: 65.7%",0
2026-01-01T19:21:15Z,ISLAND,65.65789473684113,0.0,"Baseline UPS logic. V: 0.907, SOC: 65.7%",0
2026-01-01T19:21:20Z,GRID_PASS,65.65789473684113,0.0,"Baseline UPS logic. V: 0.973, SOC: 65.7%",0
2026-01-01T19:21:25Z,ISLAND,65.62499999999902,0.0,"Baseline UPS logic. V: 0.865, SOC: 65.7%",0
2026-01-01T19:21:30Z,ISLAND,65.59210526315692,0.0,"Baseline UPS logic. V: 0.898, SOC: 65.6%",0
2026-01-01T19:21:35Z,ISLAND,65.55921052631481,0.0,"Baseline UPS logic. V: 0.933, SOC: 65.6%",0
2026-01-01T19:21:40Z,ISLAND,65.5263157894727,0.0,"Baseline UPS logic. V: 0.922, SOC: 65.6%",0
2026-01-01T19:21:45Z,ISLAND,65.4934210526306,0.0,"Baseline UPS logic. V: 0.863, SOC: 65.5%",0
2026-01-01T19:21:50Z,ISLAND,65.46052631578848,0.0,"Baseline UPS logic. V: 0.861, SOC: 65.5%",0
2026-01-01T19:21:55Z,GRID_PASS,65.46052631578848,0.0,"Baseline UPS logic. V: 0.951, SOC: 65.5%",0
2026-01-01T19:22:00Z,GRID_PASS,65.46052631578848,0.0,"Baseline UPS logic. V: 0.961, SOC: 65.5%",0
2026-01-01T19:22:05Z,GRID_PASS,65.46052631578848,0.0,"Baseline UPS logic. V: 0.975, SOC: 65.5%",0
2026-01-01T19:22:10Z,GRID_PASS,65.46052631578848,0.0,"Baseline UPS logic. V: 0.990, SOC: 65.5%",0
2026-01-01T19:22:15Z,ISLAND,65.42763157894639,0.0,"Baseline UPS logic. V: 0.906, SOC: 65.5%",0
2026-01-01T19:22:20Z,ISLAND,65.39473684210428,0.0,"Baseline UPS logic. V: 0.884, SOC: 65.4%",0
2026-01-01T19:22:25Z,GRID_PASS,65.39473684210428,0.0,"Baseline UPS logic. V: 0.969, SOC: 65.4%",0
2026-01-01T19:22:30Z,ISLAND,65.36184210526217,0.0,"Baseline UPS logic. V: 0.937, SOC: 65.4%",0
2026-01-01T19:22:35Z,ISLAND,65.32894736842006,0.0,"Baseline UPS logic. V: 0.851, SOC: 65.4%",0
2026-01-01T19:22:40Z,ISLAND,65.29605263157796,0.0,"Baseline UPS logic. V: 0.850, SOC: 65.3%",0
2026-01-01T19:22:45Z,ISLAND,65.26315789473585,0.0,"Baseline UPS logic. V: 0.926, SOC: 65.3%",0
2026-01-01T19:22:50Z,ISLAND,65.23026315789376,0.0,"Baseline UPS logic. V: 0.893, SOC: 65.3%",0
2026-01-01T19:22:55Z,ISLAND,65.19736842105164,0.0,"Baseline UPS logic. V: 0.900, SOC: 65.2%",0
2026-01-01T19:23:00Z,GRID_PASS,65.19736842105164,0.0,"Baseline UPS logic. V: 0.955, SOC: 65.2%",0
2026-01-01T19:23:05Z,ISLAND,65.16447368420954,0.0,"Baseline UPS logic. V: 0.939, SOC: 65.2%",0
2026-01-01T19:23:10Z,GRID_PASS,65.16447368420954,0.0,"Baseline UPS logic. V: 0.966, SOC: 65.2%",0
2026-01-01T19:23:15Z,ISLAND,65.13157894736743,0.0,"Baseline UPS logic. V: 0.805, SOC: 65.2%",0
2026-01-01T19:23:20Z,ISLAND,65.09868421052532,0.0,"Baseline UPS logic. V: 0.912, SOC: 65.1%",0
2026-01-01T19:23:25Z,ISLAND,65.06578947368322,0.0,"Baseline UPS logic. V: 0.936, SOC: 65.1%",0
2026-01-01T19:23:30Z,ISLAND,65.0328947368411,0.0,"Baseline UPS logic. V: 0.825, SOC: 65.1%",0
2026-01-01T19:23:35Z,ISLAND,64.999999999999,0.0,"Baseline UPS logic. V: 0.868, SOC: 65.0%",0
2026-01-01T19:23:40Z,ISLAND,64.9671052631569,0.0,"Baseline UPS logic. V: 0.859, SOC: 65.0%",0
2026-01-01T19:23:45Z,ISLAND,64.9342105263148,0.0,"Baseline UPS logic. V: 0.902, SOC: 65.0%",0
2026-01-01T19:23:50Z,GRID_PASS,64.9342105263148,0.0,"Baseline UPS logic. V: 0.983, SOC: 64.9%",0
2026-01-01T19:23:55Z,GRID_PASS,64.9342105263148,0.0,"Baseline UPS logic. V: 1.002, SOC: 64.9%",0
2026-01-01T19:24:00Z,ISLAND,64.90131578947269,0.0,"Baseline UPS logic. V: 0.859, SOC: 64.9%",0
2026-01-01T19:24:05Z,ISLAND,64.86842105263058,0.0,"Baseline UPS logic. V: 0.925, SOC: 64.9%",0
2026-01-01T19:24:10Z,ISLAND,64.83552631578847,0.0,"Baseline UPS logic. V: 0.929, SOC: 64.9%",0
2026-01-01T19:24:15Z,ISLAND,64.80263157894638,0.0,"Baseline UPS logic. V: 0.920, SOC: 64.8%",0
2026-01-01T19:24:20Z,ISLAND,64.76973684210427,0.0,"Baseline UPS logic. V: 0.921, SOC: 64.8%",0
2026-01-01T19:24:25Z,ISLAND,64.73684210526216,0.0,"Baseline UPS logic. V: 0.916, SOC: 64.8%",0
2026-01-01T19:24:30Z,GRID_PASS,64.73684210526216,0.0,"Baseline UPS logic. V: 0.985, SOC: 64.7%",0
2026-01-01T19:24:35Z,GRID_PASS,64.73684210526216,0.0,"Baseline UPS logic. V: 0.956, SOC: 64.7%",0
2026-01-01T19:24:40Z,ISLAND,64.70394736842005,0.0,"Baseline UPS logic. V: 0.846, SOC: 64.7%",0
2026-01-01T19:24:45Z,ISLAND,64.67105263157794,0.0,"Baseline UPS logic. V: 0.939, SOC: 64.7%",0
2026-01-01T19:24:50Z,GRID_PASS,64.67105263157794,0.0,"Baseline UPS logic. V: 0.945, SOC: 64.7%",0
2026-01-01T19:24:55Z,ISLAND,64.63815789473584,0.0,"Baseline UPS logic. V: 0.917, SOC: 64.7%",0
2026-01-01T19:25:00Z,GRID_PASS,64.63815789473584,0.0,"Baseline UPS logic. V: 0.956, SOC: 64.6%",0
2026-01-01T19:25:05Z,ISLAND,64.60526315789373,0.0,"Baseline UPS logic. V: 0.910, SOC: 64.6%",0
2026-01-01T19:25:10Z,ISLAND,64.57236842105164,0.0,"Baseline UPS logic. V: 0.909, SOC: 64.6%",0
2026-01-01T19:25:15Z,ISLAND,64.53947368420951,0.0,"Baseline UPS logic. V: 0.907, SOC: 64.6%",0
2026-01-01T19:25:20Z,ISLAND,64.50657894736742,0.0,"Baseline UPS logic. V: 0.800, SOC: 64.5%",0
2026-01-01T19:25:25Z,ISLAND,64.4736842105253,0.0,"Baseline UPS logic. V: 0.896, SOC: 64.5%",0
2026-01-01T19:25:30Z,ISLAND,64.4407894736832,0.0,"Baseline UPS logic. V: 0.867, SOC: 64.5%",0
2026-01-01T19:25:35Z,ISLAND,64.4078947368411,0.0,"Baseline UPS logic. V: 0.841, SOC: 64.4%",0
2026-01-01T19:25:40Z,GRID_PASS,64.4078947368411,0.0,"Baseline UPS logic. V: 0.972, SOC: 64.4%",0
2026-01-01T19:25:45Z,ISLAND,64.37499999999898,0.0,"Baseline UPS logic. V: 0.926, SOC: 64.4%",0
2026-01-01T19:25:50Z,ISLAND,64.34210526315688,0.0,"Baseline UPS logic. V: 0.897, SOC: 64.4%",0
2026-01-01T19:25:55Z,ISLAND,64.30921052631477,0.0,"Baseline UPS logic. V: 0.872, SOC: 64.3%",0
2026-01-01T19:26:00Z,ISLAND,64.27631578947268,0.0,"Baseline UPS logic. V: 0.915, SOC: 64.3%",0
2026-01-01T19:26:05Z,GRID_PASS,64.27631578947268,0.0,"Baseline UPS logic. V: 0.950, SOC: 64.3%",0
2026-01-01T19:26:10Z,ISLAND,64.24342105263057,0.0,"Baseline UPS logic. V: 0.859, SOC: 64.3%",0
2026-01-01T19:26:15Z,ISLAND,64.21052631578846,0.0,"Baseline UPS logic. V: 0.898, SOC: 64.2%",0
2026-01-01T19:26:20Z,GRID_PASS,64.21052631578846,0.0,"Baseline UPS logic. V: 0.944, SOC: 64.2%",0
2026-01-01T19:26:25Z,ISLAND,64.17763157894635,0.0,"Baseline UPS logic. V: 0.803, SOC: 64.2%",0
2026-01-01T19:26:30Z,ISLAND,64.14473684210424,0.0,"Baseline UPS logic. V: 0.896, SOC: 64.2%",0
2026-01-01T19:26:35Z,ISLAND,64.11184210526214,0.0,"Baseline UPS logic. V: 0.879, SOC: 64.1%",0
2026-01-01T19:26:40Z,ISLAND,64.07894736842003,0.0,"Baseline UPS logic. V: 0.894, SOC: 64.1%",0
2026-01-01T19:26:45Z,ISLAND,64.04605263157792,0.0,"Baseline UPS logic. V: 0.875, SOC: 64.1%",0
2026-01-01T19:26:50Z,ISLAND,64.01315789473581,0.0,"Baseline UPS logic. V: 0.907, SOC: 64.0%",0
2026-01-01T19:26:55Z,GRID_PASS,64.01315789473581,0.0,"Baseline UPS logic. V: 0.996, SOC: 64.0%",0
2026-01-01T19:27:00Z,ISLAND,63.98026315789372,0.0,"Baseline UPS logic. V: 0.884, SOC: 64.0%",0
2026-01-01T19:27:05Z,ISLAND,63.94736842105161,0.0,"Baseline UPS logic. V: 0.913, SOC: 64.0%",0
2026-01-01T19:27:10Z,GRID_PASS,63.94736842105161,0.0,"Baseline UPS logic. V: 1.000, SOC: 63.9%",0
2026-01-01T19:27:15Z,ISLAND,63.914473684209504,0.0,"Baseline UPS logic. V: 0.872, SOC: 63.9%",0
2026-01-01T19:27:20Z,GRID_PASS,63.914473684209504,0.0,"Baseline UPS logic. V: 0.989, SOC: 63.9%",0
2026-01-01T19:27:25Z,ISLAND,63.88157894736739,0.0,"Baseline UPS logic. V: 0.900, SOC: 63.9%",0
2026-01-01T19:27:30Z,GRID_PASS,63.88157894736739,0.0,"Baseline UPS logic. V: 0.987, SOC: 63.9%",0
2026-01-01T19:27:35Z,ISLAND,63.848684210525285,0.0,"Baseline UPS logic. V: 0.937, SOC: 63.9%",0
2026-01-01T19:27:40Z,ISLAND,63.81578947368318,0.0,"Baseline UPS logic. V: 0.914, SOC: 63.8%",0
2026-01-01T19:27:45Z,ISLAND,63.78289473684108,0.0,"Baseline UPS logic. V: 0.897, SOC: 63.8%",0
2026-01-01T19:27:50Z,ISLAND,63.74999999999898,0.0,"Baseline UPS logic. V: 0.869, SOC: 63.8%",0
2026-01-01T19:27:55Z,ISLAND,63.71710526315686,0.0,"Baseline UPS logic. V: 0.904, SOC: 63.7%",0
2026-01-01T19:28:00Z,GRID_PASS,63.71710526315686,0.0,"Baseline UPS logic. V: 0.945, SOC: 63.7%",0
2026-01-01T19:28:05Z,ISLAND,63.68421052631476,0.0,"Baseline UPS logic. V: 0.899, SOC: 63.7%",0
2026-01-01T19:28:10Z,ISLAND,63.65131578947265,0.0,"Baseline UPS logic. V: 0.882, SOC: 63.7%",0
2026-01-01T19:28:15Z,ISLAND,63.618421052630545,0.0,"Baseline UPS logic. V: 0.887, SOC: 63.7%",0
2026-01-01T19:28:20Z,GRID_PASS,63.618421052630545,0.0,"Baseline UPS logic. V: 0.949, SOC: 63.6%",0
2026-01-01T19:28:25Z,GRID_PASS,63.618421052630545,0.0,"Baseline UPS logic. V: 0.961, SOC: 63.6%",0
2026-01-01T19:28:30Z,ISLAND,63.58552631578844,0.0,"Baseline UPS logic. V: 0.865, SOC: 63.6%",0
2026-01-01T19:28:35Z,ISLAND,63.552631578946325,0.0,"Baseline UPS logic. V: 0.865, SOC: 63.6%",0
2026-01-01T19:28:40Z,ISLAND,63.51973684210422,0.0,"Baseline UPS logic. V: 0.919, SOC: 63.6%",0
2026-01-01T19:28:45Z,GRID_PASS,63.51973684210422,0.0,"Baseline UPS logic. V: 0.976, SOC: 63.5%",0
2026-01-01T19:28:50Z,GRID_PASS,63.51973684210422,0.0,"Baseline UPS logic. V: 0.957, SOC: 63.5%",0
2026-01-01T19:28:55Z,ISLAND,63.48684210526212,0.0,"Baseline UPS logic. V: 0.835, SOC: 63.5%",0
2026-01-01T19:29:00Z,ISLAND,63.45394736842002,0.0,"Baseline UPS logic. V: 0.885, SOC: 63.5%",0
2026-01-01T19:29:05Z,ISLAND,63.421052631577915,0.0,"Baseline UPS logic. V: 0.853, SOC: 63.5%",0
2026-01-01T19:29:10Z,ISLAND,63.3881578947358,0.0,"Baseline UPS logic. V: 0.886, SOC: 63.4%",0
2026-01-01T19:29:15Z,GRID_PASS,63.3881578947358,0.0,"Baseline UPS logic. V: 0.980, SOC: 63.4%",0
2026-01-01T19:29:20Z,ISLAND,63.355263157893695,0.0,"Baseline UPS logic. V: 0.828, SOC: 63.4%",0
2026-01-01T19:29:25Z,ISLAND,63.32236842105159,0.0,"Baseline UPS logic. V: 0.817, SOC: 63.4%",0
2026-01-01T19:29:30Z,ISLAND,63.28947368420948,0.0,"Baseline UPS logic. V: 0.858, SOC: 63.3%",0
2026-01-01T19:29:35Z,ISLAND,63.25657894736738,0.0,"Baseline UPS logic. V: 0.914, SOC: 63.3%",0
2026-01-01T19:29:40Z,ISLAND,63.22368421052526,0.0,"Baseline UPS logic. V: 0.930, SOC: 63.3%",0
2026-01-01T19:29:45Z,ISLAND,63.19078947368316,0.0,"Baseline UPS logic. V: 0.921, SOC: 63.2%",0
2026-01-01T19:29:50Z,GRID_PASS,63.19078947368316,0.0,"Baseline UPS logic. V: 0.958, SOC: 63.2%",0
2026-01-01T19:29:55Z,ISLAND,63.15789473684106,0.0,"Baseline UPS logic. V: 0.811, SOC: 63.2%",0
2026-01-01T19:30:00Z,GRID_PASS,63.15789473684106,0.0,"Baseline UPS logic. V: 0.957, SOC: 63.2%",0
2026-01-01T19:30:05Z,ISLAND,63.124999999998956,0.0,"Baseline UPS logic. V: 0.883, SOC: 63.2%",0
2026-01-01T19:30:10Z,ISLAND,63.09210526315685,0.0,"Baseline UPS logic. V: 0.934, SOC: 63.1%",0
2026-01-01T19:30:15Z,ISLAND,63.059210526314736,0.0,"Baseline UPS logic. V: 0.833, SOC: 63.1%",0
2026-01-01T19:30:20Z,ISLAND,63.02631578947263,0.0,"Baseline UPS logic. V: 0.899, SOC: 63.1%",0
2026-01-01T19:30:25Z,ISLAND,62.993421052630524,0.0,"Baseline UPS logic. V: 0.911, SOC: 63.0%",0
2026-01-01T19:30:30Z,GRID_PASS,62.993421052630524,0.0,"Baseline UPS logic. V: 0.957, SOC: 63.0%",0
2026-01-01T19:30:35Z,ISLAND,62.96052631578842,0.0,"Baseline UPS logic. V: 0.820, SOC: 63.0%",0
2026-01-01T19:30:40Z,ISLAND,62.92763157894632,0.0,"Baseline UPS logic. V: 0.899, SOC: 63.0%",0
2026-01-01T19:30:45Z,ISLAND,62.8947368421042,0.0,"Baseline UPS logic. V: 0.845, SOC: 62.9%",0
2026-01-01T19:30:50Z,ISLAND,62.8618421052621,0.0,"Baseline UPS logic. V: 0.924, SOC: 62.9%",0
2026-01-01T19:30:55Z,ISLAND,62.828947368419996,0.0,"Baseline UPS logic. V: 0.938, SOC: 62.9%",0
2026-01-01T19:31:00Z,GRID_PASS,62.828947368419996,0.0,"Baseline UPS logic. V: 0.963, SOC: 62.8%",0
2026-01-01T19:31:05Z,ISLAND,62.79605263157789,0.0,"Baseline UPS logic. V: 0.872, SOC: 62.8%",0
2026-01-01T19:31:10Z,GRID_PASS,62.79605263157789,0.0,"Baseline UPS logic. V: 0.943, SOC: 62.8%",0
2026-01-01T19:31:15Z,GRID_PASS,62.79605263157789,0.0,"Baseline UPS logic. V: 0.967, SOC: 62.8%",0
2026-01-01T19:31:20Z,ISLAND,62.76315789473579,0.0,"Baseline UPS logic. V: 0.815, SOC: 62.8%",0
2026-01-01T19:31:25Z,ISLAND,62.730263157893674,0.0,"Baseline UPS logic. V: 0.928, SOC: 62.8%",0
2026-01-01T19:31:30Z,GRID_PASS,62.730263157893674,0.0,"Baseline UPS logic. V: 0.947, SOC: 62.7%",0
2026-01-01T19:31:35Z,ISLAND,62.69736842105157,0.0,"Baseline UPS logic. V: 0.886, SOC: 62.7%",0
2026-01-01T19:31:40Z,ISLAND,62.66447368420947,0.0,"Baseline UPS logic. V: 0.837, SOC: 62.7%",0
2026-01-01T19:31:45Z,GRID_PASS,62.66447368420947,0.0,"Baseline UPS logic. V: 0.946, SOC: 62.7%",0
2026-01-01T19:31:50Z,ISLAND,62.63157894736736,0.0,"Baseline UPS logic. V: 0.839, SOC: 62.7%",0
2026-01-01T19:31:55Z,ISLAND,62.598684210525256,0.0,"Baseline UPS logic. V: 0.888, SOC: 62.6%",0
2026-01-01T19:32:00Z,ISLAND,62.56578947368314,0.0,"Baseline UPS logic. V: 0.897, SOC: 62.6%",0
2026-01-01T19:32:05Z,ISLAND,62.53289473684104,0.0,"Baseline UPS logic. V: 0.934, SOC: 62.6%",0
2026-01-01T19:32:10Z,ISLAND,62.499999999998934,0.0,"Baseline UPS logic. V: 0.867, SOC: 62.5%",0
2026-01-01T19:32:15Z,ISLAND,62.46710526315683,0.0,"Baseline UPS logic. V: 0.864, SOC: 62.5%",0
2026-01-01T19:32:20Z,ISLAND,62.43421052631473,0.0,"Baseline UPS logic. V: 0.903, SOC: 62.5%",0
2026-01-01T19:32:25Z,GRID_PASS,62.43421052631473,0.0,"Baseline UPS logic. V: 0.949, SOC: 62.4%",0
2026-01-01T19:32:30Z,GRID_PASS,62.43421052631473,0.0,"Baseline UPS logic. V: 1.013, SOC: 62.4%",0
2026-01-01T19:32:35Z,ISLAND,62.40131578947261,0.0,"Baseline UPS logic. V: 0.821, SOC: 62.4%",0
2026-01-01T19:32:40Z,ISLAND,62.36842105263051,0.0,"Baseline UPS logic. V: 0.913, SOC: 62.4%",0
2026-01-01T19:32:45Z,ISLAND,62.3355263157884,0.0,"Baseline UPS logic. V: 0.844, SOC: 62.4%",0
2026-01-01T19:32:50Z,GRID_PASS,62.3355263157884,0.0,"Baseline UPS logic. V: 0.949, SOC: 62.3%",0
2026-01-01T19:32:55Z,ISLAND,62.3026315789463,0.0,"Baseline UPS logic. V: 0.852, SOC: 62.3%",0
2026-01-01T19:33:00Z,ISLAND,62.269736842104194,0.0,"Baseline UPS logic. V: 0.863, SOC: 62.3%",0
2026-01-01T19:33:05Z,ISLAND,62.23684210526208,0.0,"Baseline UPS logic. V: 0.869, SOC: 62.3%",0
2026-01-01T19:33:10Z,ISLAND,62.203947368419975,0.0,"Baseline UPS logic. V: 0.894, SOC: 62.2%",0
2026-01-01T19:33:15Z,ISLAND,62.17105263157787,0.0,"Baseline UPS logic. V: 0.914, SOC: 62.2%",0
2026-01-01T19:33:20Z,ISLAND,62.13815789473577,0.0,"Baseline UPS logic. V: 0.922, SOC: 62.2%",0
2026-01-01T19:33:25Z,ISLAND,62.10526315789367,0.0,"Baseline UPS logic. V: 0.898, SOC: 62.1%",0
2026-01-01T19:33:30Z,ISLAND,62.07236842105155,0.0,"Baseline UPS logic. V: 0.832, SOC: 62.1%",0
2026-01-01T19:33:35Z,ISLAND,62.03947368420945,0.0,"Baseline UPS logic. V: 0.935, SOC: 62.1%",0
2026-01-01T19:33:40Z,ISLAND,62.006578947367345,0.0,"Baseline UPS logic. V: 0.896, SOC: 62.0%",0
2026-01-01T19:33:45Z,GRID_PASS,62.006578947367345,0.0,"Baseline UPS logic. V: 0.956, SOC: 62.0%",0
2026-01-01T19:33:50Z,ISLAND,61.973684210525235,0.0,"Baseline UPS logic. V: 0.863, SOC: 62.0%",0
2026-01-01T19:33:55Z,ISLAND,61.94078947368313,0.0,"Baseline UPS logic. V: 0.816, SOC: 62.0%",0
2026-01-01T19:34:00Z,ISLAND,61.907894736841016,0.0,"Baseline UPS logic. V: 0.897, SOC: 61.9%",0
2026-01-01T19:34:05Z,GRID_PASS,61.907894736841016,0.0,"Baseline UPS logic. V: 0.963, SOC: 61.9%",0
2026-01-01T19:34:10Z,ISLAND,61.87499999999891,0.0,"Baseline UPS logic. V: 0.906, SOC: 61.9%",0
2026-01-01T19:34:15Z,ISLAND,61.84210526315681,0.0,"Baseline UPS logic. V: 0.886, SOC: 61.9%",0
2026-01-01T19:34:20Z,ISLAND,61.80921052631471,0.0,"Baseline UPS logic. V: 0.854, SOC: 61.8%",0
2026-01-01T19:34:25Z,GRID_PASS,61.80921052631471,0.0,"Baseline UPS logic. V: 0.986, SOC: 61.8%",0
2026-01-01T19:34:30Z,ISLAND,61.776315789472605,0.0,"Baseline UPS logic. V: 0.846, SOC: 61.8%",0
2026-01-01T19:34:35Z,ISLAND,61.74342105263049,0.0,"Baseline UPS logic. V: 0.860, SOC: 61.8%",0
2026-01-01T19:34:40Z,ISLAND,61.710526315788385,0.0,"Baseline UPS logic. V: 0.926, SOC: 61.7%",0
2026-01-01T19:34:45Z,ISLAND,61.677631578946276,0.0,"Baseline UPS logic. V: 0.805, SOC: 61.7%",0
2026-01-01T19:34:50Z,GRID_PASS,61.677631578946276,0.0,"Baseline UPS logic. V: 0.962, SOC: 61.7%",0
2026-01-01T19:34:55Z,ISLAND,61.64473684210417,0.0,"Baseline UPS logic. V: 0.929, SOC: 61.7%",0
2026-01-01T19:35:00Z,GRID_PASS,61.64473684210417,0.0,"Baseline UPS logic. V: 0.941, SOC: 61.6%",0
2026-01-01T19:35:05Z,ISLAND,61.61184210526207,0.0,"Baseline UPS logic. V: 0.926, SOC: 61.6%",0
2026-01-01T19:35:10Z,ISLAND,61.57894736841995,0.0,"Baseline UPS logic. V: 0.888, SOC: 61.6%",0
2026-01-01T19:35:15Z,ISLAND,61.54605263157785,0.0,"Baseline UPS logic. V: 0.845, SOC: 61.6%",0
2026-01-01T19:35:20Z,ISLAND,61.51315789473575,0.0,"Baseline UPS logic. V: 0.891, SOC: 61.5%",0
2026-01-01T19:35:25Z,ISLAND,61.480263157893646,0.0,"Baseline UPS logic. V: 0.849, SOC: 61.5%",0
2026-01-01T19:35:30Z,ISLAND,61.44736842105154,0.0,"Baseline UPS logic. V: 0.922, SOC: 61.5%",0
2026-01-01T19:35:35Z,ISLAND,61.414473684209426,0.0,"Baseline UPS logic. V: 0.938, SOC: 61.4%",0
2026-01-01T19:35:40Z,GRID_PASS,61.414473684209426,0.0,"Baseline UPS logic. V: 0.972, SOC: 61.4%",0
2026-01-01T19:35:45Z,ISLAND,61.38157894736732,0.0,"Baseline UPS logic. V: 0.916, SOC: 61.4%",0
2026-01-01T19:35:50Z,GRID_PASS,61.38157894736732,0.0,"Baseline UPS logic. V: 0.942, SOC: 61.4%",0
2026-01-01T19:35:55Z,ISLAND,61.34868421052522,0.0,"Baseline UPS logic. V: 0.883, SOC: 61.4%",0
2026-01-01T19:36:00Z,ISLAND,61.31578947368311,0.0,"Baseline UPS logic. V: 0.872, SOC: 61.3%",0
2026-01-01T19:36:05Z,ISLAND,61.28289473684101,0.0,"Baseline UPS logic. V: 0.921, SOC: 61.3%",0
2026-01-01T19:36:10Z,ISLAND,61.24999999999889,0.0,"Baseline UPS logic. V: 0.878, SOC: 61.3%",0
2026-01-01T19:36:15Z,ISLAND,61.21710526315679,0.0,"Baseline UPS logic. V: 0.911, SOC: 61.2%",0
2026-01-01T19:36:20Z,ISLAND,61.184210526314686,0.0,"Baseline UPS logic. V: 0.844, SOC: 61.2%",0
2026-01-01T19:36:25Z,ISLAND,61.151315789472584,0.0,"Baseline UPS logic. V: 0.853, SOC: 61.2%",0
2026-01-01T19:36:30Z,ISLAND,61.11842105263048,0.0,"Baseline UPS logic. V: 0.929, SOC: 61.2%",0
2026-01-01T19:36:35Z,GRID_PASS,61.11842105263048,0.0,"Baseline UPS logic. V: 0.942, SOC: 61.1%",0
2026-01-01T19:36:40Z,ISLAND,61.085526315788364,0.0,"Baseline UPS logic. V: 0.848, SOC: 61.1%",0
2026-01-01T19:36:45Z,ISLAND,61.05263157894626,0.0,"Baseline UPS logic. V: 0.929, SOC: 61.1%",0
2026-01-01T19:36:50Z,ISLAND,61.01973684210415,0.0,"Baseline UPS logic. V: 0.871, SOC: 61.1%",0
2026-01-01T19:36:55Z,ISLAND,60.98684210526205,0.0,"Baseline UPS logic. V: 0.898, SOC: 61.0%",0
2026-01-01T19:37:00Z,GRID_PASS,60.98684210526205,0.0,"Baseline UPS logic. V: 0.968, SOC: 61.0%",0
2026-01-01T19:37:05Z,ISLAND,60.953947368419946,0.0,"Baseline UPS logic. V: 0.938, SOC: 61.0%",0
2026-01-01T19:37:10Z,ISLAND,60.92105263157783,0.0,"Baseline UPS logic. V: 0.935, SOC: 61.0%",0
2026-01-01T19:37:15Z,GRID_PASS,60.92105263157783,0.0,"Baseline UPS logic. V: 0.993, SOC: 60.9%",0
2026-01-01T19:37:20Z,ISLAND,60.88815789473573,0.0,"Baseline UPS logic. V: 0.862, SOC: 60.9%",0
2026-01-01T19:37:25Z,ISLAND,60.855263157893624,0.0,"Baseline UPS logic. V: 0.846, SOC: 60.9%",0
2026-01-01T19:37:30Z,ISLAND,60.82236842105152,0.0,"Baseline UPS logic. V: 0.861, SOC: 60.9%",0
2026-01-01T19:37:35Z,ISLAND,60.78947368420942,0.0,"Baseline UPS logic. V: 0.884, SOC: 60.8%",0
2026-01-01T19:37:40Z,ISLAND,60.7565789473673,0.0,"Baseline UPS logic. V: 0.779, SOC: 60.8%",0
2026-01-01T19:37:45Z,ISLAND,60.7236842105252,0.0,"Baseline UPS logic. V: 0.887, SOC: 60.8%",0
2026-01-01T19:37:50Z,ISLAND,60.6907894736831,0.0,"Baseline UPS logic. V: 0.870, SOC: 60.7%",0
2026-01-01T19:37:55Z,ISLAND,60.65789473684099,0.0,"Baseline UPS logic. V: 0.936, SOC: 60.7%",0
2026-01-01T19:38:00Z,ISLAND,60.624999999998884,0.0,"Baseline UPS logic. V: 0.915, SOC: 60.7%",0
2026-01-01T19:38:05Z,ISLAND,60.59210526315677,0.0,"Baseline UPS logic. V: 0.867, SOC: 60.6%",0
2026-01-01T19:38:10Z,ISLAND,60.559210526314665,0.0,"Baseline UPS logic. V: 0.926, SOC: 60.6%",0
2026-01-01T19:38:15Z,ISLAND,60.52631578947256,0.0,"Baseline UPS logic. V: 0.933, SOC: 60.6%",0
2026-01-01T19:38:20Z,ISLAND,60.49342105263046,0.0,"Baseline UPS logic. V: 0.858, SOC: 60.5%",0
2026-01-01T19:38:25Z,ISLAND,60.46052631578836,0.0,"Baseline UPS logic. V: 0.872, SOC: 60.5%",0
2026-01-01T19:38:30Z,ISLAND,60.42763157894624,0.0,"Baseline UPS logic. V: 0.786, SOC: 60.5%",0
2026-01-01T19:38:35Z,ISLAND,60.39473684210414,0.0,"Baseline UPS logic. V: 0.842, SOC: 60.4%",0
2026-01-01T19:38:40Z,ISLAND,60.36184210526203,0.0,"Baseline UPS logic. V: 0.860, SOC: 60.4%",0
2026-01-01T19:38:45Z,ISLAND,60.328947368419925,0.0,"Baseline UPS logic. V: 0.901, SOC: 60.4%",0
2026-01-01T19:38:50Z,ISLAND,60.29605263157782,0.0,"Baseline UPS logic. V: 0.850, SOC: 60.3%",0
2026-01-01T19:38:55Z,ISLAND,60.263157894735706,0.0,"Baseline UPS logic. V: 0.871, SOC: 60.3%",0
2026-01-01T19:39:00Z,ISLAND,60.2302631578936,0.0,"Baseline UPS logic. V: 0.836, SOC: 60.3%",0
2026-01-01T19:39:05Z,ISLAND,60.1973684210515,0.0,"Baseline UPS logic. V: 0.905, SOC: 60.2%",0
2026-01-01T19:39:10Z,ISLAND,60.1644736842094,0.0,"Baseline UPS logic. V: 0.918, SOC: 60.2%",0
2026-01-01T19:39:15Z,ISLAND,60.131578947367295,0.0,"Baseline UPS logic. V: 0.917, SOC: 60.2%",0
2026-01-01T19:39:20Z,ISLAND,60.09868421052518,0.0,"Baseline UPS logic. V: 0.897, SOC: 60.1%",0
2026-01-01T19:39:25Z,ISLAND,60.065789473683076,0.0,"Baseline UPS logic. V: 0.820, SOC: 60.1%",0
2026-01-01T19:39:30Z,ISLAND,60.03289473684097,0.0,"Baseline UPS logic. V: 0.866, SOC: 60.1%",0
2026-01-01T19:39:35Z,ISLAND,59.99999999999886,0.0,"Baseline UPS logic. V: 0.876, SOC: 60.0%",0
2026-01-01T19:39:40Z,ISLAND,59.96710526315676,0.0,"Baseline UPS logic. V: 0.876, SOC: 60.0%",0
2026-01-01T19:39:45Z,ISLAND,59.934210526314644,0.0,"Baseline UPS logic. V: 0.900, SOC: 60.0%",0
2026-01-01T19:39:50Z,GRID_PASS,59.934210526314644,0.0,"Baseline UPS logic. V: 0.968, SOC: 59.9%",0
2026-01-01T19:39:55Z,ISLAND,59.90131578947254,0.0,"Baseline UPS logic. V: 0.937, SOC: 59.9%",0
2026-01-01T19:40:00Z,ISLAND,59.86842105263044,0.0,"Baseline UPS logic. V: 0.846, SOC: 59.9%",0
2026-01-01T19:40:05Z,ISLAND,59.835526315788336,0.0,"Baseline UPS logic. V: 0.930, SOC: 59.9%",0
2026-01-01T19:40:10Z,ISLAND,59.80263157894623,0.0,"Baseline UPS logic. V: 0.928, SOC: 59.8%",0
2026-01-01T19:40:15Z,ISLAND,59.769736842104116,0.0,"Baseline UPS logic. V: 0.856, SOC: 59.8%",0
2026-01-01T19:40:20Z,ISLAND,59.73684210526201,0.0,"Baseline UPS logic. V: 0.939, SOC: 59.8%",0
2026-01-01T19:40:25Z,ISLAND,59.703947368419904,0.0,"Baseline UPS logic. V: 0.888, SOC: 59.7%",0
2026-01-01T19:40:30Z,ISLAND,59.6710526315778,0.0,"Baseline UPS logic. V: 0.826, SOC: 59.7%",0
2026-01-01T19:40:35Z,ISLAND,59.6381578947357,0.0,"Baseline UPS logic. V: 0.919, SOC: 59.7%",0
2026-01-01T19:40:40Z,ISLAND,59.60526315789358,0.0,"Baseline UPS logic. V: 0.907, SOC: 59.6%",0
2026-01-01T19:40:45Z,ISLAND,59.57236842105148,0.0,"Baseline UPS logic. V: 0.885, SOC: 59.6%",0
2026-01-01T19:40:50Z,ISLAND,59.539473684209376,0.0,"Baseline UPS logic. V: 0.895, SOC: 59.6%",0
2026-01-01T19:40:55Z,ISLAND,59.506578947367274,0.0,"Baseline UPS logic. V: 0.860, SOC: 59.5%",0
2026-01-01T19:41:00Z,ISLAND,59.47368421052517,0.0,"Baseline UPS logic. V: 0.927, SOC: 59.5%",0
2026-01-01T19:41:05Z,ISLAND,59.440789473683054,0.0,"Baseline UPS logic. V: 0.894, SOC: 59.5%",0
2026-01-01T19:41:10Z,ISLAND,59.40789473684095,0.0,"Baseline UPS logic. V: 0.904, SOC: 59.4%",0
2026-01-01T19:41:15Z,ISLAND,59.37499999999885,0.0,"Baseline UPS logic. V: 0.914, SOC: 59.4%",0
2026-01-01T19:41:20Z,ISLAND,59.34210526315674,0.0,"Baseline UPS logic. V: 0.838, SOC: 59.4%",0
2026-01-01T19:41:25Z,ISLAND,59.30921052631464,0.0,"Baseline UPS logic. V: 0.851, SOC: 59.3%",0
2026-01-01T19:41:30Z,ISLAND,59.27631578947252,0.0,"Baseline UPS logic. V: 0.786, SOC: 59.3%",0
2026-01-01T19:41:35Z,ISLAND,59.24342105263042,0.0,"Baseline UPS logic. V: 0.924, SOC: 59.3%",0
2026-01-01T19:41:40Z,ISLAND,59.210526315788314,0.0,"Baseline UPS logic. V: 0.836, SOC: 59.2%",0
2026-01-01T19:41:45Z,ISLAND,59.17763157894621,0.0,"Baseline UPS logic. V: 0.903, SOC: 59.2%",0
2026-01-01T19:41:50Z,ISLAND,59.14473684210411,0.0,"Baseline UPS logic. V: 0.915, SOC: 59.2%",0
2026-01-01T19:41:55Z,ISLAND,59.11184210526199,0.0,"Baseline UPS logic. V: 0.926, SOC: 59.1%",0
2026-01-01T19:42:00Z,ISLAND,59.07894736841989,0.0,"Baseline UPS logic. V: 0.836, SOC: 59.1%",0
2026-01-01T19:42:05Z,ISLAND,59.04605263157778,0.0,"Baseline UPS logic. V: 0.893, SOC: 59.1%",0
2026-01-01T19:42:10Z,GRID_PASS,59.04605263157778,0.0,"Baseline UPS logic. V: 0.979, SOC: 59.0%",0
2026-01-01T19:42:15Z,GRID_PASS,59.04605263157778,0.0,"Baseline UPS logic. V: 0.982, SOC: 59.0%",0
2026-01-01T19:42:20Z,GRID_PASS,59.04605263157778,0.0,"Baseline UPS logic. V: 0.944, SOC: 59.0%",0
2026-01-01T19:42:25Z,ISLAND,59.01315789473568,0.0,"Baseline UPS logic. V: 0.911, SOC: 59.0%",0
2026-01-01T19:42:30Z,ISLAND,58.980263157893575,0.0,"Baseline UPS logic. V: 0.844, SOC: 59.0%",0
2026-01-01T19:42:35Z,ISLAND,58.94736842105146,0.0,"Baseline UPS logic. V: 0.932, SOC: 59.0%",0
2026-01-01T19:42:40Z,ISLAND,58.914473684209355,0.0,"Baseline UPS logic. V: 0.888, SOC: 58.9%",0
2026-01-01T19:42:45Z,ISLAND,58.88157894736725,0.0,"Baseline UPS logic. V: 0.924, SOC: 58.9%",0
2026-01-01T19:42:50Z,ISLAND,58.84868421052515,0.0,"Baseline UPS logic. V: 0.864, SOC: 58.9%",0
2026-01-01T19:42:55Z,ISLAND,58.81578947368305,0.0,"Baseline UPS logic. V: 0.887, SOC: 58.8%",0
2026-01-01T19:43:00Z,ISLAND,58.78289473684093,0.0,"Baseline UPS logic. V: 0.904, SOC: 58.8%",0
2026-01-01T19:43:05Z,ISLAND,58.74999999999883,0.0,"Baseline UPS logic. V: 0.908, SOC: 58.8%",0
2026-01-01T19:43:10Z,ISLAND,58.717105263156725,0.0,"Baseline UPS logic. V: 0.920, SOC: 58.7%",0
2026-01-01T19:43:15Z,ISLAND,58.684210526314615,0.0,"Baseline UPS logic. V: 0.867, SOC: 58.7%",0
2026-01-01T19:43:20Z,ISLAND,58.65131578947251,0.0,"Baseline UPS logic. V: 0.829, SOC: 58.7%",0
2026-01-01T19:43:25Z,GRID_PASS,58.65131578947251,0.0,"Baseline UPS logic. V: 0.977, SOC: 58.7%",0
2026-01-01T19:43:30Z,GRID_PASS,58.65131578947251,0.0,"Baseline UPS logic. V: 1.020, SOC: 58.7%",0
2026-01-01T19:43:35Z,ISLAND,58.618421052630396,0.0,"Baseline UPS logic. V: 0.916, SOC: 58.7%",0
2026-01-01T19:43:40Z,ISLAND,58.58552631578829,0.0,"Baseline UPS logic. V: 0.828, SOC: 58.6%",0
2026-01-01T19:43:45Z,ISLAND,58.55263157894619,0.0,"Baseline UPS logic. V: 0.857, SOC: 58.6%",0
2026-01-01T19:43:50Z,ISLAND,58.51973684210409,0.0,"Baseline UPS logic. V: 0.921, SOC: 58.6%",0
2026-01-01T19:43:55Z,GRID_PASS,58.51973684210409,0.0,"Baseline UPS logic. V: 0.963, SOC: 58.5%",0
2026-01-01T19:44:00Z,ISLAND,58.486842105261985,0.0,"Baseline UPS logic. V: 0.835, SOC: 58.5%",0
2026-01-01T19:44:05Z,ISLAND,58.45394736841987,0.0,"Baseline UPS logic. V: 0.888, SOC: 58.5%",0
2026-01-01T19:44:10Z,ISLAND,58.421052631577766,0.0,"Baseline UPS logic. V: 0.905, SOC: 58.5%",0
2026-01-01T19:44:15Z,ISLAND,58.388157894735656,0.0,"Baseline UPS logic. V: 0.939, SOC: 58.4%",0
2026-01-01T19:44:20Z,ISLAND,58.35526315789355,0.0,"Baseline UPS logic. V: 0.878, SOC: 58.4%",0
2026-01-01T19:44:25Z,ISLAND,58.32236842105145,0.0,"Baseline UPS logic. V: 0.817, SOC: 58.4%",0
2026-01-01T19:44:30Z,ISLAND,58.289473684209334,0.0,"Baseline UPS logic. V: 0.927, SOC: 58.3%",0
2026-01-01T19:44:35Z,GRID_PASS,58.289473684209334,0.0,"Baseline UPS logic. V: 0.952, SOC: 58.3%",0
2026-01-01T19:44:40Z,ISLAND,58.25657894736723,0.0,"Baseline UPS logic. V: 0.891, SOC: 58.3%",0
2026-01-01T19:44:45Z,ISLAND,58.22368421052513,0.0,"Baseline UPS logic. V: 0.914, SOC: 58.3%",0
2026-01-01T19:44:50Z,ISLAND,58.190789473683026,0.0,"Baseline UPS logic. V: 0.872, SOC: 58.2%",0
2026-01-01T19:44:55Z,ISLAND,58.15789473684092,0.0,"Baseline UPS logic. V: 0.853, SOC: 58.2%",0
2026-01-01T19:45:00Z,GRID_PASS,58.15789473684092,0.0,"Baseline UPS logic. V: 0.947, SOC: 58.2%",0
2026-01-01T19:45:05Z,ISLAND,58.124999999998806,0.0,"Baseline UPS logic. V: 0.915, SOC: 58.2%",0
2026-01-01T19:45:10Z,ISLAND,58.092105263156704,0.0,"Baseline UPS logic. V: 0.918, SOC: 58.1%",0
2026-01-01T19:45:15Z,GRID_PASS,58.092105263156704,0.0,"Baseline UPS logic. V: 0.970, SOC: 58.1%",0
2026-01-01T19:45:20Z,ISLAND,58.0592105263146,0.0,"Baseline UPS logic. V: 0.842, SOC: 58.1%",0
2026-01-01T19:45:25Z,ISLAND,58.02631578947249,0.0,"Baseline UPS logic. V: 0.866, SOC: 58.1%",0
2026-01-01T19:45:30Z,ISLAND,57.99342105263039,0.0,"Baseline UPS logic. V: 0.903, SOC: 58.0%",0
2026-01-01T19:45:35Z,ISLAND,57.96052631578827,0.0,"Baseline UPS logic. V: 0.867, SOC: 58.0%",0
2026-01-01T19:45:40Z,ISLAND,57.92763157894617,0.0,"Baseline UPS logic. V: 0.934, SOC: 58.0%",0
2026-01-01T19:45:45Z,ISLAND,57.89473684210407,0.0,"Baseline UPS logic. V: 0.886, SOC: 57.9%",0
2026-01-01T19:45:50Z,ISLAND,57.861842105261964,0.0,"Baseline UPS logic. V: 0.846, SOC: 57.9%",0
2026-01-01T19:45:55Z,ISLAND,57.82894736841986,0.0,"Baseline UPS logic. V: 0.899, SOC: 57.9%",0
2026-01-01T19:46:00Z,ISLAND,57.796052631577744,0.0,"Baseline UPS logic. V: 0.904, SOC: 57.8%",0
2026-01-01T19:46:05Z,GRID_PASS,57.796052631577744,0.0,"Baseline UPS logic. V: 0.942, SOC: 57.8%",0
2026-01-01T19:46:10Z,ISLAND,57.76315789473564,0.0,"Baseline UPS logic. V: 0.915, SOC: 57.8%",0
2026-01-01T19:46:15Z,ISLAND,57.73026315789353,0.0,"Baseline UPS logic. V: 0.916, SOC: 57.8%",0
2026-01-01T19:46:20Z,ISLAND,57.69736842105143,0.0,"Baseline UPS logic. V: 0.911, SOC: 57.7%",0
2026-01-01T19:46:25Z,ISLAND,57.66447368420933,0.0,"Baseline UPS logic. V: 0.886, SOC: 57.7%",0
2026-01-01T19:46:30Z,ISLAND,57.63157894736721,0.0,"Baseline UPS logic. V: 0.859, SOC: 57.7%",0
2026-01-01T19:46:35Z,ISLAND,57.59868421052511,0.0,"Baseline UPS logic. V: 0.909, SOC: 57.6%",0
2026-01-01T19:46:40Z,ISLAND,57.565789473683004,0.0,"Baseline UPS logic. V: 0.878, SOC: 57.6%",0
2026-01-01T19:46:45Z,GRID_PASS,57.565789473683004,0.0,"Baseline UPS logic. V: 0.979, SOC: 57.6%",0
2026-01-01T19:46:50Z,GRID_PASS,57.565789473683004,0.0,"Baseline UPS logic. V: 0.962, SOC: 57.6%",0
2026-01-01T19:46:55Z,ISLAND,57.5328947368409,0.0,"Baseline UPS logic. V: 0.925, SOC: 57.6%",0
2026-01-01T19:47:00Z,ISLAND,57.4999999999988,0.0,"Baseline UPS logic. V: 0.912, SOC: 57.5%",0
2026-01-01T19:47:05Z,ISLAND,57.46710526315668,0.0,"Baseline UPS logic. V: 0.890, SOC: 57.5%",0
2026-01-01T19:47:10Z,ISLAND,57.43421052631458,0.0,"Baseline UPS logic. V: 0.832, SOC: 57.5%",0
2026-01-01T19:47:15Z,ISLAND,57.40131578947248,0.0,"Baseline UPS logic. V: 0.884, SOC: 57.4%",0
2026-01-01T19:47:20Z,ISLAND,57.36842105263037,0.0,"Baseline UPS logic. V: 0.900, SOC: 57.4%",0
2026-01-01T19:47:25Z,ISLAND,57.335526315788265,0.0,"Baseline UPS logic. V: 0.906, SOC: 57.4%",0
2026-01-01T19:47:30Z,ISLAND,57.30263157894615,0.0,"Baseline UPS logic. V: 0.918, SOC: 57.3%",0
2026-01-01T19:47:35Z,GRID_PASS,57.30263157894615,0.0,"Baseline UPS logic. V: 0.941, SOC: 57.3%",0
2026-01-01T19:47:40Z,ISLAND,57.269736842104045,0.0,"Baseline UPS logic. V: 0.860, SOC: 57.3%",0
2026-01-01T19:47:45Z,ISLAND,57.23684210526194,0.0,"Baseline UPS logic. V: 0.859, SOC: 57.3%",0
2026-01-01T19:47:50Z,GRID_PASS,57.23684210526194,0.0,"Baseline UPS logic. V: 0.967, SOC: 57.2%",0
2026-01-01T19:47:55Z,ISLAND,57.20394736841984,0.0,"Baseline UPS logic. V: 0.933, SOC: 57.2%",0
2026-01-01T19:48:00Z,ISLAND,57.17105263157774,0.0,"Baseline UPS logic. V: 0.874, SOC: 57.2%",0
2026-01-01T19:48:05Z,ISLAND,57.13815789473562,0.0,"Baseline UPS logic. V: 0.889, SOC: 57.2%",0
2026-01-01T19:48:10Z,ISLAND,57.10526315789352,0.0,"Baseline UPS logic. V: 0.889, SOC: 57.1%",0
2026-01-01T19:48:15Z,ISLAND,57.07236842105141,0.0,"Baseline UPS logic. V: 0.896, SOC: 57.1%",0
2026-01-01T19:48:20Z,ISLAND,57.039473684209305,0.0,"Baseline UPS logic. V: 0.918, SOC: 57.1%",0
2026-01-01T19:48:25Z,GRID_PASS,57.039473684209305,0.0,"Baseline UPS logic. V: 1.021, SOC: 57.0%",0
2026-01-01T19:48:30Z,ISLAND,57.0065789473672,0.0,"Baseline UPS logic. V: 0.904, SOC: 57.0%",0
2026-01-01T19:48:35Z,ISLAND,56.973684210525086,0.0,"Baseline UPS logic. V: 0.926, SOC: 57.0%",0
2026-01-01T19:48:40Z,ISLAND,56.94078947368298,0.0,"Baseline UPS logic. V: 0.810, SOC: 57.0%",0
2026-01-01T19:48:45Z,ISLAND,56.90789473684088,0.0,"Baseline UPS logic. V: 0.870, SOC: 56.9%",0
2026-01-01T19:48:50Z,GRID_PASS,56.90789473684088,0.0,"Baseline UPS logic. V: 0.956, SOC: 56.9%",0
2026-01-01T19:48:55Z,ISLAND,56.87499999999878,0.0,"Baseline UPS logic. V: 0.915, SOC: 56.9%",0
2026-01-01T19:49:00Z,ISLAND,56.842105263156675,0.0,"Baseline UPS logic. V: 0.673, SOC: 56.9%",0
2026-01-01T19:49:05Z,ISLAND,56.80921052631456,0.0,"Baseline UPS logic. V: 0.928, SOC: 56.8%",0
2026-01-01T19:49:10Z,GRID_PASS,56.80921052631456,0.0,"Baseline UPS logic. V: 0.990, SOC: 56.8%",0
2026-01-01T19:49:15Z,ISLAND,56.776315789472456,0.0,"Baseline UPS logic. V: 0.795, SOC: 56.8%",0
2026-01-01T19:49:20Z,GRID_PASS,56.776315789472456,0.0,"Baseline UPS logic. V: 0.969, SOC: 56.8%",0
2026-01-01T19:49:25Z,ISLAND,56.74342105263035,0.0,"Baseline UPS logic. V: 0.756, SOC: 56.8%",0
2026-01-01T19:49:30Z,ISLAND,56.71052631578824,0.0,"Baseline UPS logic. V: 0.940, SOC: 56.7%",0
2026-01-01T19:49:35Z,ISLAND,56.67763157894614,0.0,"Baseline UPS logic. V: 0.894, SOC: 56.7%",0
2026-01-01T19:49:40Z,ISLAND,56.644736842104024,0.0,"Baseline UPS logic. V: 0.777, SOC: 56.7%",0
2026-01-01T19:49:45Z,ISLAND,56.61184210526192,0.0,"Baseline UPS logic. V: 0.917, SOC: 56.6%",0
2026-01-01T19:49:50Z,GRID_PASS,56.61184210526192,0.0,"Baseline UPS logic. V: 0.952, SOC: 56.6%",0
2026-01-01T19:49:55Z,ISLAND,56.57894736841982,0.0,"Baseline UPS logic. V: 0.913, SOC: 56.6%",0
2026-01-01T19:50:00Z,ISLAND,56.546052631577716,0.0,"Baseline UPS logic. V: 0.922, SOC: 56.6%",0
2026-01-01T19:50:05Z,ISLAND,56.51315789473561,0.0,"Baseline UPS logic. V: 0.874, SOC: 56.5%",0
2026-01-01T19:50:10Z,ISLAND,56.480263157893496,0.0,"Baseline UPS logic. V: 0.801, SOC: 56.5%",0
2026-01-01T19:50:15Z,ISLAND,56.447368421051394,0.0,"Baseline UPS logic. V: 0.929, SOC: 56.5%",0
2026-01-01T19:50:20Z,GRID_PASS,56.447368421051394,0.0,"Baseline UPS logic. V: 0.982, SOC: 56.4%",0
2026-01-01T19:50:25Z,GRID_PASS,56.447368421051394,0.0,"Baseline UPS logic. V: 0.951, SOC: 56.4%",0
2026-01-01T19:50:30Z,ISLAND,56.414473684209284,0.0,"Baseline UPS logic. V: 0.793, SOC: 56.4%",0
2026-01-01T19:50:35Z,ISLAND,56.38157894736718,0.0,"Baseline UPS logic. V: 0.817, SOC: 56.4%",0
2026-01-01T19:50:40Z,ISLAND,56.34868421052508,0.0,"Baseline UPS logic. V: 0.852, SOC: 56.4%",0
2026-01-01T19:50:45Z,ISLAND,56.31578947368296,0.0,"Baseline UPS logic. V: 0.815, SOC: 56.3%",0
2026-01-01T19:50:50Z,ISLAND,56.28289473684086,0.0,"Baseline UPS logic. V: 0.896, SOC: 56.3%",0
2026-01-01T19:50:55Z,ISLAND,56.24999999999876,0.0,"Baseline UPS logic. V: 0.914, SOC: 56.3%",0
2026-01-01T19:51:00Z,ISLAND,56.217105263156654,0.0,"Baseline UPS logic. V: 0.823, SOC: 56.2%",0
2026-01-01T19:51:05Z,ISLAND,56.18421052631455,0.0,"Baseline UPS logic. V: 0.933, SOC: 56.2%",0
2026-01-01T19:51:10Z,ISLAND,56.151315789472434,0.0,"Baseline UPS logic. V: 0.924, SOC: 56.2%",0
2026-01-01T19:51:15Z,ISLAND,56.11842105263033,0.0,"Baseline UPS logic. V: 0.867, SOC: 56.2%",0
2026-01-01T19:51:20Z,ISLAND,56.08552631578823,0.0,"Baseline UPS logic. V: 0.885, SOC: 56.1%",0
2026-01-01T19:51:25Z,ISLAND,56.05263157894612,0.0,"Baseline UPS logic. V: 0.796, SOC: 56.1%",0
2026-01-01T19:51:30Z,ISLAND,56.01973684210402,0.0,"Baseline UPS logic. V: 0.877, SOC: 56.1%",0
2026-01-01T19:51:35Z,ISLAND,55.9868421052619,0.0,"Baseline UPS logic. V: 0.894, SOC: 56.0%",0
2026-01-01T19:51:40Z,ISLAND,55.9539473684198,0.0,"Baseline UPS logic. V: 0.902, SOC: 56.0%",0
2026-01-01T19:51:45Z,ISLAND,55.921052631577695,0.0,"Baseline UPS logic. V: 0.913, SOC: 56.0%",0
2026-01-01T19:51:50Z,ISLAND,55.88815789473559,0.0,"Baseline UPS logic. V: 0.906, SOC: 55.9%",0
2026-01-01T19:51:55Z,ISLAND,55.85526315789349,0.0,"Baseline UPS logic. V: 0.881, SOC: 55.9%",0
2026-01-01T19:52:00Z,ISLAND,55.82236842105137,0.0,"Baseline UPS logic. V: 0.908, SOC: 55.9%",0
2026-01-01T19:52:05Z,GRID_PASS,55.82236842105137,0.0,"Baseline UPS logic. V: 0.944, SOC: 55.8%",0
2026-01-01T19:52:10Z,ISLAND,55.78947368420927,0.0,"Baseline UPS logic. V: 0.889, SOC: 55.8%",0
2026-01-01T19:52:15Z,ISLAND,55.75657894736716,0.0,"Baseline UPS logic. V: 0.908, SOC: 55.8%",0
2026-01-01T19:52:20Z,ISLAND,55.72368421052506,0.0,"Baseline UPS logic. V: 0.884, SOC: 55.8%",0
2026-01-01T19:52:25Z,ISLAND,55.690789473682955,0.0,"Baseline UPS logic. V: 0.861, SOC: 55.7%",0
2026-01-01T19:52:30Z,ISLAND,55.65789473684084,0.0,"Baseline UPS logic. V: 0.920, SOC: 55.7%",0
2026-01-01T19:52:35Z,ISLAND,55.624999999998735,0.0,"Baseline UPS logic. V: 0.866, SOC: 55.7%",0
2026-01-01T19:52:40Z,ISLAND,55.59210526315663,0.0,"Baseline UPS logic. V: 0.913, SOC: 55.6%",0
2026-01-01T19:52:45Z,ISLAND,55.55921052631453,0.0,"Baseline UPS logic. V: 0.895, SOC: 55.6%",0
2026-01-01T19:52:50Z,ISLAND,55.52631578947243,0.0,"Baseline UPS logic. V: 0.879, SOC: 55.6%",0
2026-01-01T19:52:55Z,ISLAND,55.49342105263031,0.0,"Baseline UPS logic. V: 0.877, SOC: 55.5%",0
2026-01-01T19:53:00Z,ISLAND,55.46052631578821,0.0,"Baseline UPS logic. V: 0.868, SOC: 55.5%",0
2026-01-01T19:53:05Z,ISLAND,55.427631578946105,0.0,"Baseline UPS logic. V: 0.811, SOC: 55.5%",0
2026-01-01T19:53:10Z,ISLAND,55.394736842103995,0.0,"Baseline UPS logic. V: 0.913, SOC: 55.4%",0
2026-01-01T19:53:15Z,ISLAND,55.36184210526189,0.0,"Baseline UPS logic. V: 0.905, SOC: 55.4%",0
2026-01-01T19:53:20Z,ISLAND,55.328947368419776,0.0,"Baseline UPS logic. V: 0.936, SOC: 55.4%",0
2026-01-01T19:53:25Z,ISLAND,55.29605263157767,0.0,"Baseline UPS logic. V: 0.867, SOC: 55.3%",0
2026-01-01T19:53:30Z,GRID_PASS,55.29605263157767,0.0,"Baseline UPS logic. V: 0.988, SOC: 55.3%",0
2026-01-01T19:53:35Z,ISLAND,55.26315789473557,0.0,"Baseline UPS logic. V: 0.875, SOC: 55.3%",0
2026-01-01T19:53:40Z,ISLAND,55.23026315789347,0.0,"Baseline UPS logic. V: 0.848, SOC: 55.3%",0
2026-01-01T19:53:45Z,ISLAND,55.197368421051365,0.0,"Baseline UPS logic. V: 0.844, SOC: 55.2%",0
2026-01-01T19:53:50Z,ISLAND,55.16447368420925,0.0,"Baseline UPS logic. V: 0.807, SOC: 55.2%",0
2026-01-01T19:53:55Z,GRID_PASS,55.16447368420925,0.0,"Baseline UPS logic. V: 0.970, SOC: 55.2%",0
2026-01-01T19:54:00Z,GRID_PASS,55.16447368420925,0.0,"Baseline UPS logic. V: 0.962, SOC: 55.2%",0
2026-01-01T19:54:05Z,ISLAND,55.131578947367146,0.0,"Baseline UPS logic. V: 0.922, SOC: 55.2%",0
2026-01-01T19:54:10Z,ISLAND,55.098684210525036,0.0,"Baseline UPS logic. V: 0.847, SOC: 55.1%",0
2026-01-01T19:54:15Z,GRID_PASS,55.098684210525036,0.0,"Baseline UPS logic. V: 0.984, SOC: 55.1%",0
2026-01-01T19:54:20Z,ISLAND,55.06578947368293,0.0,"Baseline UPS logic. V: 0.876, SOC: 55.1%",0
2026-01-01T19:54:25Z,ISLAND,55.03289473684083,0.0,"Baseline UPS logic. V: 0.878, SOC: 55.1%",0
2026-01-01T19:54:30Z,GRID_PASS,55.03289473684083,0.0,"Baseline UPS logic. V: 0.965, SOC: 55.0%",0
2026-01-01T19:54:35Z,ISLAND,54.999999999998714,0.0,"Baseline UPS logic. V: 0.926, SOC: 55.0%",0
2026-01-01T19:54:40Z,GRID_PASS,54.999999999998714,0.0,"Baseline UPS logic. V: 1.002, SOC: 55.0%",0
2026-01-01T19:54:45Z,ISLAND,54.96710526315661,0.0,"Baseline UPS logic. V: 0.906, SOC: 55.0%",0
2026-01-01T19:54:50Z,ISLAND,54.93421052631451,0.0,"Baseline UPS logic. V: 0.872, SOC: 55.0%",0
2026-01-01T19:54:55Z,ISLAND,54.901315789472406,0.0,"Baseline UPS logic. V: 0.863, SOC: 54.9%",0
2026-01-01T19:55:00Z,ISLAND,54.8684210526303,0.0,"Baseline UPS logic. V: 0.801, SOC: 54.9%",0
2026-01-01T19:55:05Z,ISLAND,54.83552631578819,0.0,"Baseline UPS logic. V: 0.879, SOC: 54.9%",0
2026-01-01T19:55:10Z,GRID_PASS,54.83552631578819,0.0,"Baseline UPS logic. V: 0.950, SOC: 54.8%",0
2026-01-01T19:55:15Z,ISLAND,54.802631578946084,0.0,"Baseline UPS logic. V: 0.923, SOC: 54.8%",0
2026-01-01T19:55:20Z,ISLAND,54.76973684210398,0.0,"Baseline UPS logic. V: 0.892, SOC: 54.8%",0
2026-01-01T19:55:25Z,ISLAND,54.73684210526187,0.0,"Baseline UPS logic. V: 0.843, SOC: 54.8%",0
2026-01-01T19:55:30Z,ISLAND,54.70394736841977,0.0,"Baseline UPS logic. V: 0.905, SOC: 54.7%",0
2026-01-01T19:55:35Z,GRID_PASS,54.70394736841977,0.0,"Baseline UPS logic. V: 0.944, SOC: 54.7%",0
2026-01-01T19:55:40Z,ISLAND,54.67105263157765,0.0,"Baseline UPS logic. V: 0.915, SOC: 54.7%",0
2026-01-01T19:55:45Z,ISLAND,54.63815789473555,0.0,"Baseline UPS logic. V: 0.900, SOC: 54.7%",0
2026-01-01T19:55:50Z,ISLAND,54.60526315789345,0.0,"Baseline UPS logic. V: 0.853, SOC: 54.6%",0
2026-01-01T19:55:55Z,ISLAND,54.572368421051344,0.0,"Baseline UPS logic. V: 0.937, SOC: 54.6%",0
2026-01-01T19:56:00Z,ISLAND,54.53947368420924,0.0,"Baseline UPS logic. V: 0.737, SOC: 54.6%",0
2026-01-01T19:56:05Z,ISLAND,54.506578947367124,0.0,"Baseline UPS logic. V: 0.912, SOC: 54.5%",0
2026-01-01T19:56:10Z,GRID_PASS,54.506578947367124,0.0,"Baseline UPS logic. V: 1.022, SOC: 54.5%",0
2026-01-01T19:56:15Z,ISLAND,54.47368421052502,0.0,"Baseline UPS logic. V: 0.818, SOC: 54.5%",0
2026-01-01T19:56:20Z,ISLAND,54.44078947368291,0.0,"Baseline UPS logic. V: 0.879, SOC: 54.5%",0
2026-01-01T19:56:25Z,ISLAND,54.40789473684081,0.0,"Baseline UPS logic. V: 0.893, SOC: 54.4%",0
2026-01-01T19:56:30Z,ISLAND,54.37499999999871,0.0,"Baseline UPS logic. V: 0.870, SOC: 54.4%",0
2026-01-01T19:56:35Z,GRID_PASS,54.37499999999871,0.0,"Baseline UPS logic. V: 0.945, SOC: 54.4%",0
2026-01-01T19:56:40Z,ISLAND,54.34210526315659,0.0,"Baseline UPS logic. V: 0.917, SOC: 54.4%",0
2026-01-01T19:56:45Z,ISLAND,54.30921052631449,0.0,"Baseline UPS logic. V: 0.899, SOC: 54.3%",0
2026-01-01T19:56:50Z,ISLAND,54.276315789472385,0.0,"Baseline UPS logic. V: 0.933, SOC: 54.3%",0
2026-01-01T19:56:55Z,ISLAND,54.24342105263028,0.0,"Baseline UPS logic. V: 0.894, SOC: 54.3%",0
2026-01-01T19:57:00Z,GRID_PASS,54.24342105263028,0.0,"Baseline UPS logic. V: 1.052, SOC: 54.2%",0
2026-01-01T19:57:05Z,ISLAND,54.21052631578818,0.0,"Baseline UPS logic. V: 0.900, SOC: 54.2%",0
2026-01-01T19:57:10Z,ISLAND,54.17763157894606,0.0,"Baseline UPS logic. V: 0.901, SOC: 54.2%",0
2026-01-01T19:57:15Z,ISLAND,54.14473684210396,0.0,"Baseline UPS logic. V: 0.807, SOC: 54.2%",0
2026-01-01T19:57:20Z,ISLAND,54.11184210526186,0.0,"Baseline UPS logic. V: 0.866, SOC: 54.1%",0
2026-01-01T19:57:25Z,GRID_PASS,54.11184210526186,0.0,"Baseline UPS logic. V: 0.950, SOC: 54.1%",0
2026-01-01T19:57:30Z,ISLAND,54.07894736841975,0.0,"Baseline UPS logic. V: 0.826, SOC: 54.1%",0
2026-01-01T19:57:35Z,ISLAND,54.046052631577645,0.0,"Baseline UPS logic. V: 0.783, SOC: 54.1%",0
2026-01-01T19:57:40Z,ISLAND,54.01315789473553,0.0,"Baseline UPS logic. V: 0.894, SOC: 54.0%",0
2026-01-01T19:57:45Z,GRID_PASS,54.01315789473553,0.0,"Baseline UPS logic. V: 0.961, SOC: 54.0%",0
2026-01-01T19:57:50Z,ISLAND,53.980263157893425,0.0,"Baseline UPS logic. V: 0.895, SOC: 54.0%",0
2026-01-01T19:57:55Z,ISLAND,53.94736842105132,0.0,"Baseline UPS logic. V: 0.874, SOC: 54.0%",0
2026-01-01T19:58:00Z,ISLAND,53.91447368420922,0.0,"Baseline UPS logic. V: 0.800, SOC: 53.9%",0
2026-01-01T19:58:05Z,ISLAND,53.88157894736712,0.0,"Baseline UPS logic. V: 0.915, SOC: 53.9%",0
2026-01-01T19:58:10Z,ISLAND,53.848684210525,0.0,"Baseline UPS logic. V: 0.926, SOC: 53.9%",0
2026-01-01T19:58:15Z,ISLAND,53.8157894736829,0.0,"Baseline UPS logic. V: 0.804, SOC: 53.8%",0
2026-01-01T19:58:20Z,GRID_PASS,53.8157894736829,0.0,"Baseline UPS logic. V: 0.949, SOC: 53.8%",0
2026-01-01T19:58:25Z,ISLAND,53.78289473684079,0.0,"Baseline UPS logic. V: 0.931, SOC: 53.8%",0
2026-01-01T19:58:30Z,GRID_PASS,53.78289473684079,0.0,"Baseline UPS logic. V: 0.948, SOC: 53.8%",0
2026-01-01T19:58:35Z,ISLAND,53.749999999998685,0.0,"Baseline UPS logic. V: 0.922, SOC: 53.8%",0
2026-01-01T19:58:40Z,ISLAND,53.71710526315658,0.0,"Baseline UPS logic. V: 0.924, SOC: 53.7%",0
2026-01-01T19:58:45Z,ISLAND,53.684210526314466,0.0,"Baseline UPS logic. V: 0.919, SOC: 53.7%",0
2026-01-01T19:58:50Z,ISLAND,53.65131578947236,0.0,"Baseline UPS logic. V: 0.936, SOC: 53.7%",0
2026-01-01T19:58:55Z,ISLAND,53.61842105263026,0.0,"Baseline UPS logic. V: 0.802, SOC: 53.7%",0
2026-01-01T19:59:00Z,ISLAND,53.58552631578816,0.0,"Baseline UPS logic. V: 0.818, SOC: 53.6%",0
2026-01-01T19:59:05Z,ISLAND,53.552631578946055,0.0,"Baseline UPS logic. V: 0.856, SOC: 53.6%",0
2026-01-01T19:59:10Z,ISLAND,53.51973684210394,0.0,"Baseline UPS logic. V: 0.886, SOC: 53.6%",0
2026-01-01T19:59:15Z,ISLAND,53.486842105261836,0.0,"Baseline UPS logic. V: 0.912, SOC: 53.5%",0
2026-01-01T19:59:20Z,ISLAND,53.45394736841973,0.0,"Baseline UPS logic. V: 0.909, SOC: 53.5%",0
2026-01-01T19:59:25Z,GRID_PASS,53.45394736841973,0.0,"Baseline UPS logic. V: 0.948, SOC: 53.5%",0
2026-01-01T19:59:30Z,GRID_PASS,53.45394736841973,0.0,"Baseline UPS logic. V: 0.950, SOC: 53.5%",0
2026-01-01T19:59:35Z,ISLAND,53.42105263157762,0.0,"Baseline UPS logic. V: 0.847, SOC: 53.5%",0
2026-01-01T19:59:40Z,ISLAND,53.38815789473552,0.0,"Baseline UPS logic. V: 0.903, SOC: 53.4%",0
2026-01-01T19:59:45Z,ISLAND,53.355263157893404,0.0,"Baseline UPS logic. V: 0.850, SOC: 53.4%",0
2026-01-01T19:59:50Z,ISLAND,53.3223684210513,0.0,"Baseline UPS logic. V: 0.883, SOC: 53.4%",0
2026-01-01T19:59:55Z,ISLAND,53.2894736842092,0.0,"Baseline UPS logic. V: 0.909, SOC: 53.3%",0
2026-01-01T20:00:00Z,ISLAND,53.256578947367096,0.0,"Baseline UPS logic. V: 0.722, SOC: 53.3%",0
2026-01-01T20:00:05Z,GRID_PASS,53.256578947367096,0.0,"Baseline UPS logic. V: 1.013, SOC: 53.3%",0
2026-01-01T20:00:10Z,ISLAND,53.22368421052499,0.0,"Baseline UPS logic. V: 0.921, SOC: 53.3%",0
2026-01-01T20:00:15Z,ISLAND,53.19078947368288,0.0,"Baseline UPS logic. V: 0.861, SOC: 53.2%",0
2026-01-01T20:00:20Z,GRID_PASS,53.19078947368288,0.0,"Baseline UPS logic. V: 0.989, SOC: 53.2%",0
2026-01-01T20:00:25Z,ISLAND,53.157894736840774,0.0,"Baseline UPS logic. V: 0.875, SOC: 53.2%",0
2026-01-01T20:00:30Z,ISLAND,53.124999999998664,0.0,"Baseline UPS logic. V: 0.897, SOC: 53.2%",0
2026-01-01T20:00:35Z,ISLAND,53.09210526315656,0.0,"Baseline UPS logic. V: 0.868, SOC: 53.1%",0
2026-01-01T20:00:40Z,GRID_PASS,53.09210526315656,0.0,"Baseline UPS logic. V: 0.975, SOC: 53.1%",0
2026-01-01T20:00:45Z,ISLAND,53.05921052631446,0.0,"Baseline UPS logic. V: 0.887, SOC: 53.1%",0
2026-01-01T20:00:50Z,ISLAND,53.02631578947234,0.0,"Baseline UPS logic. V: 0.898, SOC: 53.1%",0
2026-01-01T20:00:55Z,GRID_PASS,53.02631578947234,0.0,"Baseline UPS logic. V: 0.953, SOC: 53.0%",0
2026-01-01T20:01:00Z,ISLAND,52.99342105263024,0.0,"Baseline UPS logic. V: 0.922, SOC: 53.0%",0
2026-01-01T20:01:05Z,ISLAND,52.96052631578814,0.0,"Baseline UPS logic. V: 0.888, SOC: 53.0%",0
2026-01-01T20:01:10Z,GRID_PASS,52.96052631578814,0.0,"Baseline UPS logic. V: 0.948, SOC: 53.0%",0
2026-01-01T20:01:15Z,GRID_PASS,52.96052631578814,0.0,"Baseline UPS logic. V: 1.019, SOC: 53.0%",0
2026-01-01T20:01:20Z,ISLAND,52.927631578946034,0.0,"Baseline UPS logic. V: 0.906, SOC: 53.0%",0
2026-01-01T20:01:25Z,ISLAND,52.89473684210393,0.0,"Baseline UPS logic. V: 0.896, SOC: 52.9%",0
2026-01-01T20:01:30Z,ISLAND,52.861842105261815,0.0,"Baseline UPS logic. V: 0.901, SOC: 52.9%",0
2026-01-01T20:01:35Z,GRID_PASS,52.861842105261815,0.0,"Baseline UPS logic. V: 0.958, SOC: 52.9%",0
2026-01-01T20:01:40Z,ISLAND,52.82894736841971,0.0,"Baseline UPS logic. V: 0.862, SOC: 52.9%",0
2026-01-01T20:01:45Z,ISLAND,52.79605263157761,0.0,"Baseline UPS logic. V: 0.877, SOC: 52.8%",0
2026-01-01T20:01:50Z,ISLAND,52.7631578947355,0.0,"Baseline UPS logic. V: 0.815, SOC: 52.8%",0
2026-01-01T20:01:55Z,ISLAND,52.7302631578934,0.0,"Baseline UPS logic. V: 0.833, SOC: 52.8%",0
2026-01-01T20:02:00Z,ISLAND,52.69736842105128,0.0,"Baseline UPS logic. V: 0.866, SOC: 52.7%",0
2026-01-01T20:02:05Z,ISLAND,52.66447368420918,0.0,"Baseline UPS logic. V: 0.889, SOC: 52.7%",0
2026-01-01T20:02:10Z,GRID_PASS,52.66447368420918,0.0,"Baseline UPS logic. V: 0.981, SOC: 52.7%",0
2026-01-01T20:02:15Z,ISLAND,52.631578947367075,0.0,"Baseline UPS logic. V: 0.919, SOC: 52.7%",0
2026-01-01T20:02:20Z,ISLAND,52.59868421052497,0.0,"Baseline UPS logic. V: 0.845, SOC: 52.6%",0
2026-01-01T20:02:25Z,ISLAND,52.56578947368287,0.0,"Baseline UPS logic. V: 0.856, SOC: 52.6%",0
2026-01-01T20:02:30Z,GRID_PASS,52.56578947368287,0.0,"Baseline UPS logic. V: 0.961, SOC: 52.6%",0
2026-01-01T20:02:35Z,GRID_PASS,52.56578947368287,0.0,"Baseline UPS logic. V: 0.948, SOC: 52.6%",0
2026-01-01T20:02:40Z,ISLAND,52.53289473684075,0.0,"Baseline UPS logic. V: 0.892, SOC: 52.6%",0
2026-01-01T20:02:45Z,ISLAND,52.49999999999865,0.0,"Baseline UPS logic. V: 0.868, SOC: 52.5%",0
2026-01-01T20:02:50Z,GRID_PASS,52.49999999999865,0.0,"Baseline UPS logic. V: 0.948, SOC: 52.5%",0
2026-01-01T20:02:55Z,ISLAND,52.46710526315654,0.0,"Baseline UPS logic. V: 0.842, SOC: 52.5%",0
2026-01-01T20:03:00Z,ISLAND,52.43421052631444,0.0,"Baseline UPS logic. V: 0.910, SOC: 52.5%",0
2026-01-01T20:03:05Z,GRID_PASS,52.43421052631444,0.0,"Baseline UPS logic. V: 1.006, SOC: 52.4%",0
2026-01-01T20:03:10Z,ISLAND,52.401315789472335,0.0,"Baseline UPS logic. V: 0.902, SOC: 52.4%",0
2026-01-01T20:03:15Z,ISLAND,52.36842105263022,0.0,"Baseline UPS logic. V: 0.851, SOC: 52.4%",0
2026-01-01T20:03:20Z,ISLAND,52.335526315788115,0.0,"Baseline UPS logic. V: 0.912, SOC: 52.4%",0
2026-01-01T20:03:25Z,ISLAND,52.30263157894601,0.0,"Baseline UPS logic. V: 0.868, SOC: 52.3%",0
2026-01-01T20:03:30Z,ISLAND,52.26973684210391,0.0,"Baseline UPS logic. V: 0.822, SOC: 52.3%",0
2026-01-01T20:03:35Z,ISLAND,52.23684210526181,0.0,"Baseline UPS logic. V: 0.927, SOC: 52.3%",0
2026-01-01T20:03:40Z,GRID_PASS,52.23684210526181,0.0,"Baseline UPS logic. V: 0.948, SOC: 52.2%",0
2026-01-01T20:03:45Z,ISLAND,52.20394736841969,0.0,"Baseline UPS logic. V: 0.876, SOC: 52.2%",0
2026-01-01T20:03:50Z,ISLAND,52.17105263157759,0.0,"Baseline UPS logic. V: 0.871, SOC: 52.2%",0
2026-01-01T20:03:55Z,ISLAND,52.138157894735485,0.0,"Baseline UPS logic. V: 0.844, SOC: 52.2%",0
2026-01-01T20:04:00Z,ISLAND,52.105263157893376,0.0,"Baseline UPS logic. V: 0.884, SOC: 52.1%",0
2026-01-01T20:04:05Z,ISLAND,52.07236842105127,0.0,"Baseline UPS logic. V: 0.864, SOC: 52.1%",0
2026-01-01T20:04:10Z,ISLAND,52.039473684209156,0.0,"Baseline UPS logic. V: 0.841, SOC: 52.1%",0
2026-01-01T20:04:15Z,GRID_PASS,52.039473684209156,0.0,"Baseline UPS logic. V: 0.986, SOC: 52.0%",0
2026-01-01T20:04:20Z,ISLAND,52.00657894736705,0.0,"Baseline UPS logic. V: 0.915, SOC: 52.0%",0
2026-01-01T20:04:25Z,ISLAND,51.97368421052495,0.0,"Baseline UPS logic. V: 0.919, SOC: 52.0%",0
2026-01-01T20:04:30Z,ISLAND,51.94078947368285,0.0,"Baseline UPS logic. V: 0.936, SOC: 52.0%",0
2026-01-01T20:04:35Z,ISLAND,51.907894736840746,0.0,"Baseline UPS logic. V: 0.930, SOC: 51.9%",0
2026-01-01T20:04:40Z,ISLAND,51.87499999999863,0.0,"Baseline UPS logic. V: 0.871, SOC: 51.9%",0
2026-01-01T20:04:45Z,ISLAND,51.842105263156526,0.0,"Baseline UPS logic. V: 0.905, SOC: 51.9%",0
2026-01-01T20:04:50Z,ISLAND,51.809210526314416,0.0,"Baseline UPS logic. V: 0.878, SOC: 51.8%",0
2026-01-01T20:04:55Z,ISLAND,51.776315789472314,0.0,"Baseline UPS logic. V: 0.914, SOC: 51.8%",0
2026-01-01T20:05:00Z,ISLAND,51.74342105263021,0.0,"Baseline UPS logic. V: 0.909, SOC: 51.8%",0
2026-01-01T20:05:05Z,ISLAND,51.710526315788094,0.0,"Baseline UPS logic. V: 0.873, SOC: 51.7%",0
2026-01-01T20:05:10Z,ISLAND,51.67763157894599,0.0,"Baseline UPS logic. V: 0.825, SOC: 51.7%",0
2026-01-01T20:05:15Z,ISLAND,51.64473684210389,0.0,"Baseline UPS logic. V: 0.899, SOC: 51.7%",0
2026-01-01T20:05:20Z,ISLAND,51.611842105261786,0.0,"Baseline UPS logic. V: 0.881, SOC: 51.6%",0
2026-01-01T20:05:25Z,ISLAND,51.57894736841968,0.0,"Baseline UPS logic. V: 0.797, SOC: 51.6%",0
2026-01-01T20:05:30Z,ISLAND,51.54605263157757,0.0,"Baseline UPS logic. V: 0.917, SOC: 51.6%",0
2026-01-01T20:05:35Z,ISLAND,51.513157894735464,0.0,"Baseline UPS logic. V: 0.940, SOC: 51.5%",0
2026-01-01T20:05:40Z,GRID_PASS,51.513157894735464,0.0,"Baseline UPS logic. V: 1.018, SOC: 51.5%",0
2026-01-01T20:05:45Z,ISLAND,51.48026315789336,0.0,"Baseline UPS logic. V: 0.872, SOC: 51.5%",0
2026-01-01T20:05:50Z,ISLAND,51.44736842105125,0.0,"Baseline UPS logic. V: 0.863, SOC: 51.5%",0
2026-01-01T20:05:55Z,ISLAND,51.41447368420915,0.0,"Baseline UPS logic. V: 0.836, SOC: 51.4%",0
2026-01-01T20:06:00Z,ISLAND,51.38157894736703,0.0,"Baseline UPS logic. V: 0.902, SOC: 51.4%",0
2026-01-01T20:06:05Z,ISLAND,51.34868421052493,0.0,"Baseline UPS logic. V: 0.902, SOC: 51.4%",0
2026-01-01T20:06:10Z,ISLAND,51.31578947368283,0.0,"Baseline UPS logic. V: 0.851, SOC: 51.3%",0
2026-01-01T20:06:15Z,ISLAND,51.282894736840724,0.0,"Baseline UPS logic. V: 0.883, SOC: 51.3%",0
2026-01-01T20:06:20Z,ISLAND,51.24999999999862,0.0,"Baseline UPS logic. V: 0.793, SOC: 51.3%",0
2026-01-01T20:06:25Z,ISLAND,51.217105263156505,0.0,"Baseline UPS logic. V: 0.938, SOC: 51.2%",0
2026-01-01T20:06:30Z,ISLAND,51.1842105263144,0.0,"Baseline UPS logic. V: 0.853, SOC: 51.2%",0
2026-01-01T20:06:35Z,ISLAND,51.15131578947229,0.0,"Baseline UPS logic. V: 0.890, SOC: 51.2%",0
2026-01-01T20:06:40Z,ISLAND,51.11842105263019,0.0,"Baseline UPS logic. V: 0.820, SOC: 51.2%",0
2026-01-01T20:06:45Z,ISLAND,51.08552631578809,0.0,"Baseline UPS logic. V: 0.862, SOC: 51.1%",0
2026-01-01T20:06:50Z,ISLAND,51.05263157894597,0.0,"Baseline UPS logic. V: 0.878, SOC: 51.1%",0
2026-01-01T20:06:55Z,ISLAND,51.01973684210387,0.0,"Baseline UPS logic. V: 0.891, SOC: 51.1%",0
2026-01-01T20:07:00Z,ISLAND,50.986842105261765,0.0,"Baseline UPS logic. V: 0.916, SOC: 51.0%",0
2026-01-01T20:07:05Z,GRID_PASS,50.986842105261765,0.0,"Baseline UPS logic. V: 0.963, SOC: 51.0%",0
2026-01-01T20:07:10Z,ISLAND,50.95394736841966,0.0,"Baseline UPS logic. V: 0.928, SOC: 51.0%",0
2026-01-01T20:07:15Z,ISLAND,50.92105263157756,0.0,"Baseline UPS logic. V: 0.938, SOC: 51.0%",0
2026-01-01T20:07:20Z,GRID_PASS,50.92105263157756,0.0,"Baseline UPS logic. V: 0.964, SOC: 50.9%",0
2026-01-01T20:07:25Z,ISLAND,50.88815789473544,0.0,"Baseline UPS logic. V: 0.920, SOC: 50.9%",0
2026-01-01T20:07:30Z,ISLAND,50.85526315789334,0.0,"Baseline UPS logic. V: 0.888, SOC: 50.9%",0
2026-01-01T20:07:35Z,GRID_PASS,50.85526315789334,0.0,"Baseline UPS logic. V: 0.942, SOC: 50.9%",0
2026-01-01T20:07:40Z,GRID_PASS,50.85526315789334,0.0,"Baseline UPS logic. V: 0.945, SOC: 50.9%",0
2026-01-01T20:07:45Z,ISLAND,50.82236842105124,0.0,"Baseline UPS logic. V: 0.922, SOC: 50.9%",0
2026-01-01T20:07:50Z,ISLAND,50.78947368420913,0.0,"Baseline UPS logic. V: 0.817, SOC: 50.8%",0
2026-01-01T20:07:55Z,ISLAND,50.756578947367025,0.0,"Baseline UPS logic. V: 0.849, SOC: 50.8%",0
2026-01-01T20:08:00Z,ISLAND,50.72368421052491,0.0,"Baseline UPS logic. V: 0.878, SOC: 50.8%",0
2026-01-01T20:08:05Z,ISLAND,50.690789473682806,0.0,"Baseline UPS logic. V: 0.930, SOC: 50.7%",0
2026-01-01T20:08:10Z,ISLAND,50.6578947368407,0.0,"Baseline UPS logic. V: 0.890, SOC: 50.7%",0
2026-01-01T20:08:15Z,GRID_PASS,50.6578947368407,0.0,"Baseline UPS logic. V: 0.948, SOC: 50.7%",0
2026-01-01T20:08:20Z,GRID_PASS,50.6578947368407,0.0,"Baseline UPS logic. V: 0.957, SOC: 50.7%",0
2026-01-01T20:08:25Z,GRID_PASS,50.6578947368407,0.0,"Baseline UPS logic. V: 0.949, SOC: 50.7%",0
2026-01-01T20:08:30Z,GRID_PASS,50.6578947368407,0.0,"Baseline UPS logic. V: 0.950, SOC: 50.7%",0
2026-01-01T20:08:35Z,ISLAND,50.6249999999986,0.0,"Baseline UPS logic. V: 0.838, SOC: 50.7%",0
2026-01-01T20:08:40Z,ISLAND,50.5921052631565,0.0,"Baseline UPS logic. V: 0.914, SOC: 50.6%",0
2026-01-01T20:08:45Z,ISLAND,50.55921052631438,0.0,"Baseline UPS logic. V: 0.861, SOC: 50.6%",0
2026-01-01T20:08:50Z,ISLAND,50.52631578947228,0.0,"Baseline UPS logic. V: 0.809, SOC: 50.6%",0
2026-01-01T20:08:55Z,ISLAND,50.49342105263017,0.0,"Baseline UPS logic. V: 0.877, SOC: 50.5%",0
2026-01-01T20:09:00Z,GRID_PASS,50.49342105263017,0.0,"Baseline UPS logic. V: 0.958, SOC: 50.5%",0
2026-01-01T20:09:05Z,ISLAND,50.460526315788066,0.0,"Baseline UPS logic. V: 0.914, SOC: 50.5%",0
2026-01-01T20:09:10Z,GRID_PASS,50.460526315788066,0.0,"Baseline UPS logic. V: 0.990, SOC: 50.5%",0
2026-01-01T20:09:15Z,ISLAND,50.42763157894596,0.0,"Baseline UPS logic. V: 0.900, SOC: 50.5%",0
2026-01-01T20:09:20Z,GRID_PASS,50.42763157894596,0.0,"Baseline UPS logic. V: 1.012, SOC: 50.4%",0
2026-01-01T20:09:25Z,ISLAND,50.394736842103846,0.0,"Baseline UPS logic. V: 0.900, SOC: 50.4%",0
2026-01-01T20:09:30Z,ISLAND,50.36184210526174,0.0,"Baseline UPS logic. V: 0.891, SOC: 50.4%",0
2026-01-01T20:09:35Z,ISLAND,50.32894736841964,0.0,"Baseline UPS logic. V: 0.827, SOC: 50.4%",0
2026-01-01T20:09:40Z,GRID_PASS,50.32894736841964,0.0,"Baseline UPS logic. V: 0.947, SOC: 50.3%",0
2026-01-01T20:09:45Z,ISLAND,50.29605263157754,0.0,"Baseline UPS logic. V: 0.866, SOC: 50.3%",0
2026-01-01T20:09:50Z,ISLAND,50.263157894735436,0.0,"Baseline UPS logic. V: 0.857, SOC: 50.3%",0
2026-01-01T20:09:55Z,GRID_PASS,50.263157894735436,0.0,"Baseline UPS logic. V: 0.955, SOC: 50.3%",0
2026-01-01T20:10:00Z,GRID_PASS,50.263157894735436,0.0,"Baseline UPS logic. V: 0.949, SOC: 50.3%",0
2026-01-01T20:10:05Z,GRID_PASS,50.263157894735436,0.0,"Baseline UPS logic. V: 0.946, SOC: 50.3%",0
2026-01-01T20:10:10Z,ISLAND,50.23026315789332,0.0,"Baseline UPS logic. V: 0.871, SOC: 50.3%",0
2026-01-01T20:10:15Z,ISLAND,50.197368421051216,0.0,"Baseline UPS logic. V: 0.887, SOC: 50.2%",0
2026-01-01T20:10:20Z,ISLAND,50.16447368420911,0.0,"Baseline UPS logic. V: 0.888, SOC: 50.2%",0
2026-01-01T20:10:25Z,ISLAND,50.131578947367004,0.0,"Baseline UPS logic. V: 0.930, SOC: 50.2%",0
2026-01-01T20:10:30Z,GRID_PASS,50.131578947367004,0.0,"Baseline UPS logic. V: 0.969, SOC: 50.1%",0
2026-01-01T20:10:35Z,ISLAND,50.0986842105249,0.0,"Baseline UPS logic. V: 0.909, SOC: 50.1%",0
2026-01-01T20:10:40Z,GRID_PASS,50.0986842105249,0.0,"Baseline UPS logic. V: 0.988, SOC: 50.1%",0
2026-01-01T20:10:45Z,ISLAND,50.065789473682784,0.0,"Baseline UPS logic. V: 0.936, SOC: 50.1%",0
2026-01-01T20:10:50Z,ISLAND,50.03289473684068,0.0,"Baseline UPS logic. V: 0.878, SOC: 50.1%",0
2026-01-01T20:10:55Z,ISLAND,49.99999999999858,0.0,"Baseline UPS logic. V: 0.932, SOC: 50.0%",0
2026-01-01T20:11:00Z,GRID_PASS,49.99999999999858,0.0,"Baseline UPS logic. V: 0.976, SOC: 50.0%",0
2026-01-01T20:11:05Z,GRID_PASS,49.99999999999858,0.0,"Baseline UPS logic. V: 0.991, SOC: 50.0%",0
2026-01-01T20:11:10Z,GRID_PASS,49.99999999999858,0.0,"Baseline UPS logic. V: 0.949, SOC: 50.0%",0
2026-01-01T20:11:15Z,ISLAND,49.974415204676944,0.0,"Baseline UPS logic. V: 0.891, SOC: 50.0%",0
2026-01-01T20:11:20Z,ISLAND,49.9488304093553,0.0,"Baseline UPS logic. V: 0.879, SOC: 50.0%",0
2026-01-01T20:11:25Z,ISLAND,49.92324561403366,0.0,"Baseline UPS logic. V: 0.920, SOC: 49.9%",0
2026-01-01T20:11:30Z,GRID_PASS,49.92324561403366,0.0,"Baseline UPS logic. V: 0.975, SOC: 49.9%",0
2026-01-01T20:11:35Z,ISLAND,49.897660818712026,0.0,"Baseline UPS logic. V: 0.913, SOC: 49.9%",0
2026-01-01T20:11:40Z,ISLAND,49.87207602339039,0.0,"Baseline UPS logic. V: 0.912, SOC: 49.9%",0
2026-01-01T20:11:45Z,ISLAND,49.84649122806875,0.0,"Baseline UPS logic. V: 0.894, SOC: 49.9%",0
2026-01-01T20:11:50Z,ISLAND,49.820906432747115,0.0,"Baseline UPS logic. V: 0.875, SOC: 49.8%",0
2026-01-01T20:11:55Z,ISLAND,49.795321637425474,0.0,"Baseline UPS logic. V: 0.883, SOC: 49.8%",0
2026-01-01T20:12:00Z,ISLAND,49.76973684210383,0.0,"Baseline UPS logic. V: 0.898, SOC: 49.8%",0
2026-01-01T20:12:05Z,GRID_PASS,49.76973684210383,0.0,"Baseline UPS logic. V: 0.977, SOC: 49.8%",0
2026-01-01T20:12:10Z,ISLAND,49.7441520467822,0.0,"Baseline UPS logic. V: 0.879, SOC: 49.8%",0
2026-01-01T20:12:15Z,ISLAND,49.71856725146056,0.0,"Baseline UPS logic. V: 0.892, SOC: 49.7%",0
2026-01-01T20:12:20Z,ISLAND,49.69298245613892,0.0,"Baseline UPS logic. V: 0.848, SOC: 49.7%",0
2026-01-01T20:12:25Z,ISLAND,49.66739766081728,0.0,"Baseline UPS logic. V: 0.927, SOC: 49.7%",0
2026-01-01T20:12:30Z,GRID_PASS,49.66739766081728,0.0,"Baseline UPS logic. V: 0.959, SOC: 49.7%",0
2026-01-01T20:12:35Z,GRID_PASS,49.66739766081728,0.0,"Baseline UPS logic. V: 0.972, SOC: 49.7%",0
2026-01-01T20:12:40Z,ISLAND,49.641812865495645,0.0,"Baseline UPS logic. V: 0.900, SOC: 49.7%",0
2026-01-01T20:12:45Z,ISLAND,49.616228070174,0.0,"Baseline UPS logic. V: 0.918, SOC: 49.6%",0
2026-01-01T20:12:50Z,ISLAND,49.59064327485237,0.0,"Baseline UPS logic. V: 0.883, SOC: 49.6%",0
2026-01-01T20:12:55Z,ISLAND,49.565058479530734,0.0,"Baseline UPS logic. V: 0.917, SOC: 49.6%",0
2026-01-01T20:13:00Z,ISLAND,49.53947368420909,0.0,"Baseline UPS logic. V: 0.907, SOC: 49.6%",0
2026-01-01T20:13:05Z,ISLAND,49.51388888888745,0.0,"Baseline UPS logic. V: 0.894, SOC: 49.5%",0
2026-01-01T20:13:10Z,ISLAND,49.488304093565816,0.0,"Baseline UPS logic. V: 0.898, SOC: 49.5%",0
2026-01-01T20:13:15Z,ISLAND,49.46271929824418,0.0,"Baseline UPS logic. V: 0.913, SOC: 49.5%",0
2026-01-01T20:13:20Z,ISLAND,49.43713450292254,0.0,"Baseline UPS logic. V: 0.876, SOC: 49.5%",0
2026-01-01T20:13:25Z,ISLAND,49.4115497076009,0.0,"Baseline UPS logic. V: 0.879, SOC: 49.4%",0
2026-01-01T20:13:30Z,GRID_PASS,49.4115497076009,0.0,"Baseline UPS logic. V: 0.976, SOC: 49.4%",0
2026-01-01T20:13:35Z,GRID_PASS,49.4115497076009,0.0,"Baseline UPS logic. V: 1.026, SOC: 49.4%",0
2026-01-01T20:13:40Z,ISLAND,49.38596491227926,0.0,"Baseline UPS logic. V: 0.829, SOC: 49.4%",0
2026-01-01T20:13:45Z,ISLAND,49.36038011695763,0.0,"Baseline UPS logic. V: 0.827, SOC: 49.4%",0
2026-01-01T20:13:50Z,ISLAND,49.33479532163599,0.0,"Baseline UPS logic. V: 0.843, SOC: 49.4%",0
2026-01-01T20:13:55Z,ISLAND,49.30921052631435,0.0,"Baseline UPS logic. V: 0.886, SOC: 49.3%",0
2026-01-01T20:14:00Z,ISLAND,49.28362573099271,0.0,"Baseline UPS logic. V: 0.936, SOC: 49.3%",0
2026-01-01T20:14:05Z,ISLAND,49.25804093567107,0.0,"Baseline UPS logic. V: 0.920, SOC: 49.3%",0
2026-01-01T20:14:10Z,ISLAND,49.232456140349434,0.0,"Baseline UPS logic. V: 0.899, SOC: 49.3%",0
2026-01-01T20:14:15Z,ISLAND,49.2068713450278,0.0,"Baseline UPS logic. V: 0.917, SOC: 49.2%",0
2026-01-01T20:14:20Z,ISLAND,49.18128654970616,0.0,"Baseline UPS logic. V: 0.856, SOC: 49.2%",0
2026-01-01T20:14:25Z,ISLAND,49.155701754384516,0.0,"Baseline UPS logic. V: 0.878, SOC: 49.2%",0
2026-01-01T20:14:30Z,ISLAND,49.13011695906288,0.0,"Baseline UPS logic. V: 0.890, SOC: 49.2%",0
2026-01-01T20:14:35Z,ISLAND,49.10453216374124,0.0,"Baseline UPS logic. V: 0.811, SOC: 49.1%",0
2026-01-01T20:14:40Z,ISLAND,49.078947368419605,0.0,"Baseline UPS logic. V: 0.833, SOC: 49.1%",0
2026-01-01T20:14:45Z,ISLAND,49.05336257309797,0.0,"Baseline UPS logic. V: 0.835, SOC: 49.1%",0
2026-01-01T20:14:50Z,ISLAND,49.02777777777633,0.0,"Baseline UPS logic. V: 0.929, SOC: 49.1%",0
2026-01-01T20:14:55Z,ISLAND,49.00219298245469,0.0,"Baseline UPS logic. V: 0.903, SOC: 49.0%",0
2026-01-01T20:15:00Z,ISLAND,48.97660818713305,0.0,"Baseline UPS logic. V: 0.921, SOC: 49.0%",0
2026-01-01T20:15:05Z,ISLAND,48.95102339181142,0.0,"Baseline UPS logic. V: 0.799, SOC: 49.0%",0
2026-01-01T20:15:10Z,ISLAND,48.925438596489776,0.0,"Baseline UPS logic. V: 0.816, SOC: 49.0%",0
2026-01-01T20:15:15Z,ISLAND,48.899853801168135,0.0,"Baseline UPS logic. V: 0.924, SOC: 48.9%",0
2026-01-01T20:15:20Z,ISLAND,48.8742690058465,0.0,"Baseline UPS logic. V: 0.752, SOC: 48.9%",0
2026-01-01T20:15:25Z,GRID_PASS,48.8742690058465,0.0,"Baseline UPS logic. V: 0.952, SOC: 48.9%",0
2026-01-01T20:15:30Z,ISLAND,48.848684210524866,0.0,"Baseline UPS logic. V: 0.799, SOC: 48.9%",0
2026-01-01T20:15:35Z,ISLAND,48.823099415203224,0.0,"Baseline UPS logic. V: 0.932, SOC: 48.8%",0
2026-01-01T20:15:40Z,ISLAND,48.79751461988159,0.0,"Baseline UPS logic. V: 0.846, SOC: 48.8%",0
2026-01-01T20:15:45Z,GRID_PASS,48.79751461988159,0.0,"Baseline UPS logic. V: 0.943, SOC: 48.8%",0
2026-01-01T20:15:50Z,GRID_PASS,48.79751461988159,0.0,"Baseline UPS logic. V: 1.051, SOC: 48.8%",0
2026-01-01T20:15:55Z,ISLAND,48.77192982455995,0.0,"Baseline UPS logic. V: 0.775, SOC: 48.8%",0
2026-01-01T20:16:00Z,ISLAND,48.746345029238306,0.0,"Baseline UPS logic. V: 0.924, SOC: 48.8%",0
2026-01-01T20:16:05Z,ISLAND,48.72076023391667,0.0,"Baseline UPS logic. V: 0.800, SOC: 48.7%",0
2026-01-01T20:16:10Z,ISLAND,48.69517543859504,0.0,"Baseline UPS logic. V: 0.912, SOC: 48.7%",0
2026-01-01T20:16:15Z,ISLAND,48.669590643273395,0.0,"Baseline UPS logic. V: 0.880, SOC: 48.7%",0
2026-01-01T20:16:20Z,ISLAND,48.64400584795175,0.0,"Baseline UPS logic. V: 0.897, SOC: 48.7%",0
2026-01-01T20:16:25Z,ISLAND,48.61842105263012,0.0,"Baseline UPS logic. V: 0.845, SOC: 48.6%",0
2026-01-01T20:16:30Z,ISLAND,48.59283625730848,0.0,"Baseline UPS logic. V: 0.930, SOC: 48.6%",0
2026-01-01T20:16:35Z,ISLAND,48.56725146198684,0.0,"Baseline UPS logic. V: 0.818, SOC: 48.6%",0
2026-01-01T20:16:40Z,GRID_PASS,48.56725146198684,0.0,"Baseline UPS logic. V: 0.953, SOC: 48.6%",0
2026-01-01T20:16:45Z,ISLAND,48.54166666666521,0.0,"Baseline UPS logic. V: 0.870, SOC: 48.6%",0
2026-01-01T20:16:50Z,ISLAND,48.516081871343566,0.0,"Baseline UPS logic. V: 0.819, SOC: 48.5%",0
2026-01-01T20:16:55Z,GRID_PASS,48.516081871343566,0.0,"Baseline UPS logic. V: 0.970, SOC: 48.5%",0
2026-01-01T20:17:00Z,ISLAND,48.490497076021924,0.0,"Baseline UPS logic. V: 0.887, SOC: 48.5%",0
2026-01-01T20:17:05Z,GRID_PASS,48.490497076021924,0.0,"Baseline UPS logic. V: 0.985, SOC: 48.5%",0
2026-01-01T20:17:10Z,GRID_PASS,48.490497076021924,0.0,"Baseline UPS logic. V: 0.952, SOC: 48.5%",0
2026-01-01T20:17:15Z,ISLAND,48.46491228070029,0.0,"Baseline UPS logic. V: 0.849, SOC: 48.5%",0
2026-01-01T20:17:20Z,ISLAND,48.439327485378655,0.0,"Baseline UPS logic. V: 0.885, SOC: 48.5%",0
2026-01-01T20:17:25Z,ISLAND,48.41374269005701,0.0,"Baseline UPS logic. V: 0.897, SOC: 48.4%",0
2026-01-01T20:17:30Z,GRID_PASS,48.41374269005701,0.0,"Baseline UPS logic. V: 0.967, SOC: 48.4%",0
2026-01-01T20:17:35Z,ISLAND,48.38815789473537,0.0,"Baseline UPS logic. V: 0.912, SOC: 48.4%",0
2026-01-01T20:17:40Z,ISLAND,48.36257309941374,0.0,"Baseline UPS logic. V: 0.898, SOC: 48.4%",0
2026-01-01T20:17:45Z,ISLAND,48.3369883040921,0.0,"Baseline UPS logic. V: 0.880, SOC: 48.4%",0
2026-01-01T20:17:50Z,ISLAND,48.31140350877046,0.0,"Baseline UPS logic. V: 0.888, SOC: 48.3%",0
2026-01-01T20:17:55Z,GRID_PASS,48.31140350877046,0.0,"Baseline UPS logic. V: 0.956, SOC: 48.3%",0
2026-01-01T20:18:00Z,ISLAND,48.285818713448826,0.0,"Baseline UPS logic. V: 0.891, SOC: 48.3%",0
2026-01-01T20:18:05Z,ISLAND,48.260233918127184,0.0,"Baseline UPS logic. V: 0.869, SOC: 48.3%",0
2026-01-01T20:18:10Z,ISLAND,48.23464912280554,0.0,"Baseline UPS logic. V: 0.862, SOC: 48.3%",0
2026-01-01T20:18:15Z,ISLAND,48.20906432748391,0.0,"Baseline UPS logic. V: 0.863, SOC: 48.2%",0
2026-01-01T20:18:20Z,ISLAND,48.18347953216227,0.0,"Baseline UPS logic. V: 0.820, SOC: 48.2%",0
2026-01-01T20:18:25Z,ISLAND,48.15789473684063,0.0,"Baseline UPS logic. V: 0.853, SOC: 48.2%",0
2026-01-01T20:18:30Z,GRID_PASS,48.15789473684063,0.0,"Baseline UPS logic. V: 0.965, SOC: 48.2%",0
2026-01-01T20:18:35Z,ISLAND,48.13230994151899,0.0,"Baseline UPS logic. V: 0.880, SOC: 48.2%",0
2026-01-01T20:18:40Z,ISLAND,48.106725146197356,0.0,"Baseline UPS logic. V: 0.924, SOC: 48.1%",0
2026-01-01T20:18:45Z,ISLAND,48.081140350875714,0.0,"Baseline UPS logic. V: 0.766, SOC: 48.1%",0
2026-01-01T20:18:50Z,ISLAND,48.05555555555408,0.0,"Baseline UPS logic. V: 0.919, SOC: 48.1%",0
2026-01-01T20:18:55Z,ISLAND,48.029970760232445,0.0,"Baseline UPS logic. V: 0.882, SOC: 48.1%",0
2026-01-01T20:19:00Z,ISLAND,48.0043859649108,0.0,"Baseline UPS logic. V: 0.866, SOC: 48.0%",0
2026-01-01T20:19:05Z,ISLAND,47.97880116958916,0.0,"Baseline UPS logic. V: 0.899, SOC: 48.0%",0
2026-01-01T20:19:10Z,ISLAND,47.95321637426753,0.0,"Baseline UPS logic. V: 0.866, SOC: 48.0%",0
2026-01-01T20:19:15Z,ISLAND,47.92763157894589,0.0,"Baseline UPS logic. V: 0.784, SOC: 48.0%",0
2026-01-01T20:19:20Z,ISLAND,47.90204678362425,0.0,"Baseline UPS logic. V: 0.936, SOC: 47.9%",0
2026-01-01T20:19:25Z,ISLAND,47.87646198830261,0.0,"Baseline UPS logic. V: 0.902, SOC: 47.9%",0
2026-01-01T20:19:30Z,ISLAND,47.850877192980974,0.0,"Baseline UPS logic. V: 0.875, SOC: 47.9%",0
2026-01-01T20:19:35Z,ISLAND,47.82529239765934,0.0,"Baseline UPS logic. V: 0.842, SOC: 47.9%",0
2026-01-01T20:19:40Z,ISLAND,47.7997076023377,0.0,"Baseline UPS logic. V: 0.817, SOC: 47.8%",0
2026-01-01T20:19:45Z,ISLAND,47.77412280701606,0.0,"Baseline UPS logic. V: 0.902, SOC: 47.8%",0
2026-01-01T20:19:50Z,GRID_PASS,47.77412280701606,0.0,"Baseline UPS logic. V: 0.971, SOC: 47.8%",0
2026-01-01T20:19:55Z,ISLAND,47.74853801169442,0.0,"Baseline UPS logic. V: 0.900, SOC: 47.8%",0
2026-01-01T20:20:00Z,ISLAND,47.72295321637278,0.0,"Baseline UPS logic. V: 0.820, SOC: 47.7%",0
2026-01-01T20:20:05Z,ISLAND,47.697368421051145,0.0,"Baseline UPS logic. V: 0.902, SOC: 47.7%",0
2026-01-01T20:20:10Z,ISLAND,47.67178362572951,0.0,"Baseline UPS logic. V: 0.888, SOC: 47.7%",0
2026-01-01T20:20:15Z,ISLAND,47.64619883040787,0.0,"Baseline UPS logic. V: 0.933, SOC: 47.7%",0
2026-01-01T20:20:20Z,ISLAND,47.62061403508623,0.0,"Baseline UPS logic. V: 0.921, SOC: 47.6%",0
2026-01-01T20:20:25Z,ISLAND,47.59502923976459,0.0,"Baseline UPS logic. V: 0.741, SOC: 47.6%",0
2026-01-01T20:20:30Z,ISLAND,47.56944444444295,0.0,"Baseline UPS logic. V: 0.918, SOC: 47.6%",0
2026-01-01T20:20:35Z,ISLAND,47.543859649121316,0.0,"Baseline UPS logic. V: 0.840, SOC: 47.6%",0
2026-01-01T20:20:40Z,ISLAND,47.51827485379968,0.0,"Baseline UPS logic. V: 0.819, SOC: 47.5%",0
2026-01-01T20:20:45Z,ISLAND,47.49269005847804,0.0,"Baseline UPS logic. V: 0.881, SOC: 47.5%",0
2026-01-01T20:20:50Z,ISLAND,47.4671052631564,0.0,"Baseline UPS logic. V: 0.911, SOC: 47.5%",0
2026-01-01T20:20:55Z,ISLAND,47.44152046783476,0.0,"Baseline UPS logic. V: 0.808, SOC: 47.5%",0
2026-01-01T20:21:00Z,ISLAND,47.41593567251313,0.0,"Baseline UPS logic. V: 0.925, SOC: 47.4%",0
2026-01-01T20:21:05Z,ISLAND,47.39035087719149,0.0,"Baseline UPS logic. V: 0.928, SOC: 47.4%",0
2026-01-01T20:21:10Z,ISLAND,47.364766081869845,0.0,"Baseline UPS logic. V: 0.893, SOC: 47.4%",0
2026-01-01T20:21:15Z,ISLAND,47.33918128654821,0.0,"Baseline UPS logic. V: 0.847, SOC: 47.4%",0
2026-01-01T20:21:20Z,ISLAND,47.313596491226576,0.0,"Baseline UPS logic. V: 0.841, SOC: 47.3%",0
2026-01-01T20:21:25Z,GRID_PASS,47.313596491226576,0.0,"Baseline UPS logic. V: 0.942, SOC: 47.3%",0
2026-01-01T20:21:30Z,ISLAND,47.288011695904935,0.0,"Baseline UPS logic. V: 0.815, SOC: 47.3%",0
2026-01-01T20:21:35Z,GRID_PASS,47.288011695904935,0.0,"Baseline UPS logic. V: 0.942, SOC: 47.3%",0
2026-01-01T20:21:40Z,ISLAND,47.2624269005833,0.0,"Baseline UPS logic. V: 0.882, SOC: 47.3%",0
2026-01-01T20:21:45Z,ISLAND,47.23684210526166,0.0,"Baseline UPS logic. V: 0.884, SOC: 47.3%",0
2026-01-01T20:21:50Z,ISLAND,47.21125730994002,0.0,"Baseline UPS logic. V: 0.805, SOC: 47.2%",0
2026-01-01T20:21:55Z,ISLAND,47.18567251461838,0.0,"Baseline UPS logic. V: 0.883, SOC: 47.2%",0
2026-01-01T20:22:00Z,ISLAND,47.16008771929675,0.0,"Baseline UPS logic. V: 0.921, SOC: 47.2%",0
2026-01-01T20:22:05Z,ISLAND,47.134502923975106,0.0,"Baseline UPS logic. V: 0.823, SOC: 47.2%",0
2026-01-01T20:22:10Z,ISLAND,47.108918128653464,0.0,"Baseline UPS logic. V: 0.915, SOC: 47.1%",0
2026-01-01T20:22:15Z,ISLAND,47.08333333333183,0.0,"Baseline UPS logic. V: 0.895, SOC: 47.1%",0
2026-01-01T20:22:20Z,ISLAND,47.05774853801019,0.0,"Baseline UPS logic. V: 0.858, SOC: 47.1%",0
2026-01-01T20:22:25Z,ISLAND,47.03216374268855,0.0,"Baseline UPS logic. V: 0.933, SOC: 47.1%",0
2026-01-01T20:22:30Z,ISLAND,47.00657894736692,0.0,"Baseline UPS logic. V: 0.780, SOC: 47.0%",0
2026-01-01T20:22:35Z,ISLAND,46.98099415204528,0.0,"Baseline UPS logic. V: 0.908, SOC: 47.0%",0
2026-01-01T20:22:40Z,GRID_PASS,46.98099415204528,0.0,"Baseline UPS logic. V: 0.971, SOC: 47.0%",0
2026-01-01T20:22:45Z,GRID_PASS,46.98099415204528,0.0,"Baseline UPS logic. V: 0.962, SOC: 47.0%",0
2026-01-01T20:22:50Z,ISLAND,46.955409356723635,0.0,"Baseline UPS logic. V: 0.908, SOC: 47.0%",0
2026-01-01T20:22:55Z,ISLAND,46.929824561402,0.0,"Baseline UPS logic. V: 0.874, SOC: 47.0%",0
2026-01-01T20:23:00Z,ISLAND,46.904239766080366,0.0,"Baseline UPS logic. V: 0.858, SOC: 46.9%",0
2026-01-01T20:23:05Z,ISLAND,46.878654970758724,0.0,"Baseline UPS logic. V: 0.875, SOC: 46.9%",0
2026-01-01T20:23:10Z,ISLAND,46.85307017543708,0.0,"Baseline UPS logic. V: 0.917, SOC: 46.9%",0
2026-01-01T20:23:15Z,ISLAND,46.82748538011545,0.0,"Baseline UPS logic. V: 0.850, SOC: 46.9%",0
2026-01-01T20:23:20Z,ISLAND,46.80190058479381,0.0,"Baseline UPS logic. V: 0.928, SOC: 46.8%",0
2026-01-01T20:23:25Z,GRID_PASS,46.80190058479381,0.0,"Baseline UPS logic. V: 0.997, SOC: 46.8%",0
2026-01-01T20:23:30Z,ISLAND,46.77631578947217,0.0,"Baseline UPS logic. V: 0.887, SOC: 46.8%",0
2026-01-01T20:23:35Z,ISLAND,46.75073099415054,0.0,"Baseline UPS logic. V: 0.822, SOC: 46.8%",0
2026-01-01T20:23:40Z,ISLAND,46.725146198828895,0.0,"Baseline UPS logic. V: 0.823, SOC: 46.8%",0
2026-01-01T20:23:45Z,ISLAND,46.69956140350725,0.0,"Baseline UPS logic. V: 0.929, SOC: 46.7%",0
2026-01-01T20:23:50Z,ISLAND,46.67397660818562,0.0,"Baseline UPS logic. V: 0.887, SOC: 46.7%",0
2026-01-01T20:23:55Z,ISLAND,46.648391812863984,0.0,"Baseline UPS logic. V: 0.934, SOC: 46.7%",0
2026-01-01T20:24:00Z,ISLAND,46.62280701754234,0.0,"Baseline UPS logic. V: 0.863, SOC: 46.6%",0
2026-01-01T20:24:05Z,ISLAND,46.5972222222207,0.0,"Baseline UPS logic. V: 0.932, SOC: 46.6%",0
2026-01-01T20:24:10Z,ISLAND,46.571637426899066,0.0,"Baseline UPS logic. V: 0.882, SOC: 46.6%",0
2026-01-01T20:24:15Z,ISLAND,46.546052631577425,0.0,"Baseline UPS logic. V: 0.853, SOC: 46.6%",0
2026-01-01T20:24:20Z,ISLAND,46.52046783625579,0.0,"Baseline UPS logic. V: 0.870, SOC: 46.5%",0
2026-01-01T20:24:25Z,ISLAND,46.494883040934155,0.0,"Baseline UPS logic. V: 0.830, SOC: 46.5%",0
2026-01-01T20:24:30Z,GRID_PASS,46.494883040934155,0.0,"Baseline UPS logic. V: 0.990, SOC: 46.5%",0
2026-01-01T20:24:35Z,ISLAND,46.469298245612514,0.0,"Baseline UPS logic. V: 0.885, SOC: 46.5%",0
2026-01-01T20:24:40Z,ISLAND,46.44371345029087,0.0,"Baseline UPS logic. V: 0.921, SOC: 46.5%",0
2026-01-01T20:24:45Z,ISLAND,46.41812865496924,0.0,"Baseline UPS logic. V: 0.863, SOC: 46.4%",0
2026-01-01T20:24:50Z,ISLAND,46.3925438596476,0.0,"Baseline UPS logic. V: 0.837, SOC: 46.4%",0
2026-01-01T20:24:55Z,ISLAND,46.36695906432596,0.0,"Baseline UPS logic. V: 0.878, SOC: 46.4%",0
2026-01-01T20:25:00Z,GRID_PASS,46.36695906432596,0.0,"Baseline UPS logic. V: 0.945, SOC: 46.4%",0
2026-01-01T20:25:05Z,ISLAND,46.34137426900432,0.0,"Baseline UPS logic. V: 0.864, SOC: 46.4%",0
2026-01-01T20:25:10Z,ISLAND,46.315789473682685,0.0,"Baseline UPS logic. V: 0.845, SOC: 46.3%",0
2026-01-01T20:25:15Z,ISLAND,46.29020467836105,0.0,"Baseline UPS logic. V: 0.898, SOC: 46.3%",0
2026-01-01T20:25:20Z,ISLAND,46.26461988303941,0.0,"Baseline UPS logic. V: 0.915, SOC: 46.3%",0
2026-01-01T20:25:25Z,GRID_PASS,46.26461988303941,0.0,"Baseline UPS logic. V: 0.972, SOC: 46.3%",0
2026-01-01T20:25:30Z,ISLAND,46.239035087717774,0.0,"Baseline UPS logic. V: 0.908, SOC: 46.3%",0
2026-01-01T20:25:35Z,ISLAND,46.21345029239613,0.0,"Baseline UPS logic. V: 0.921, SOC: 46.2%",0
2026-01-01T20:25:40Z,ISLAND,46.18786549707449,0.0,"Baseline UPS logic. V: 0.926, SOC: 46.2%",0
2026-01-01T20:25:45Z,ISLAND,46.162280701752856,0.0,"Baseline UPS logic. V: 0.832, SOC: 46.2%",0
2026-01-01T20:25:50Z,ISLAND,46.13669590643122,0.0,"Baseline UPS logic. V: 0.842, SOC: 46.2%",0
2026-01-01T20:25:55Z,ISLAND,46.11111111110958,0.0,"Baseline UPS logic. V: 0.836, SOC: 46.1%",0
2026-01-01T20:26:00Z,ISLAND,46.08552631578794,0.0,"Baseline UPS logic. V: 0.823, SOC: 46.1%",0
2026-01-01T20:26:05Z,ISLAND,46.0599415204663,0.0,"Baseline UPS logic. V: 0.930, SOC: 46.1%",0
2026-01-01T20:26:10Z,ISLAND,46.03435672514466,0.0,"Baseline UPS logic. V: 0.905, SOC: 46.1%",0
2026-01-01T20:26:15Z,ISLAND,46.00877192982303,0.0,"Baseline UPS logic. V: 0.894, SOC: 46.0%",0
2026-01-01T20:26:20Z,ISLAND,45.98318713450139,0.0,"Baseline UPS logic. V: 0.760, SOC: 46.0%",0
2026-01-01T20:26:25Z,GRID_PASS,45.98318713450139,0.0,"Baseline UPS logic. V: 0.993, SOC: 46.0%",0
2026-01-01T20:26:30Z,ISLAND,45.95760233917975,0.0,"Baseline UPS logic. V: 0.845, SOC: 46.0%",0
2026-01-01T20:26:35Z,GRID_PASS,45.95760233917975,0.0,"Baseline UPS logic. V: 0.991, SOC: 46.0%",0
2026-01-01T20:26:40Z,ISLAND,45.93201754385811,0.0,"Baseline UPS logic. V: 0.818, SOC: 46.0%",0
2026-01-01T20:26:45Z,ISLAND,45.906432748536474,0.0,"Baseline UPS logic. V: 0.848, SOC: 45.9%",0
2026-01-01T20:26:50Z,ISLAND,45.88084795321484,0.0,"Baseline UPS logic. V: 0.780, SOC: 45.9%",0
2026-01-01T20:26:55Z,ISLAND,45.8552631578932,0.0,"Baseline UPS logic. V: 0.908, SOC: 45.9%",0
2026-01-01T20:27:00Z,ISLAND,45.829678362571556,0.0,"Baseline UPS logic. V: 0.835, SOC: 45.9%",0
2026-01-01T20:27:05Z,ISLAND,45.80409356724992,0.0,"Baseline UPS logic. V: 0.836, SOC: 45.8%",0
2026-01-01T20:27:10Z,ISLAND,45.77850877192829,0.0,"Baseline UPS logic. V: 0.821, SOC: 45.8%",0
2026-01-01T20:27:15Z,ISLAND,45.752923976606645,0.0,"Baseline UPS logic. V: 0.929, SOC: 45.8%",0
2026-01-01T20:27:20Z,ISLAND,45.72733918128501,0.0,"Baseline UPS logic. V: 0.926, SOC: 45.8%",0
2026-01-01T20:27:25Z,GRID_PASS,45.72733918128501,0.0,"Baseline UPS logic. V: 0.981, SOC: 45.7%",0
2026-01-01T20:27:30Z,ISLAND,45.70175438596337,0.0,"Baseline UPS logic. V: 0.856, SOC: 45.7%",0
2026-01-01T20:27:35Z,ISLAND,45.67616959064173,0.0,"Baseline UPS logic. V: 0.900, SOC: 45.7%",0
2026-01-01T20:27:40Z,ISLAND,45.65058479532009,0.0,"Baseline UPS logic. V: 0.826, SOC: 45.7%",0
2026-01-01T20:27:45Z,ISLAND,45.62499999999846,0.0,"Baseline UPS logic. V: 0.873, SOC: 45.7%",0
2026-01-01T20:27:50Z,ISLAND,45.599415204676816,0.0,"Baseline UPS logic. V: 0.864, SOC: 45.6%",0
2026-01-01T20:27:55Z,ISLAND,45.573830409355175,0.0,"Baseline UPS logic. V: 0.913, SOC: 45.6%",0
2026-01-01T20:28:00Z,GRID_PASS,45.573830409355175,0.0,"Baseline UPS logic. V: 0.941, SOC: 45.6%",0
2026-01-01T20:28:05Z,ISLAND,45.54824561403354,0.0,"Baseline UPS logic. V: 0.940, SOC: 45.6%",0
2026-01-01T20:28:10Z,ISLAND,45.5226608187119,0.0,"Baseline UPS logic. V: 0.847, SOC: 45.5%",0
2026-01-01T20:28:15Z,ISLAND,45.497076023390264,0.0,"Baseline UPS logic. V: 0.940, SOC: 45.5%",0
2026-01-01T20:28:20Z,ISLAND,45.47149122806863,0.0,"Baseline UPS logic. V: 0.888, SOC: 45.5%",0
2026-01-01T20:28:25Z,ISLAND,45.44590643274699,0.0,"Baseline UPS logic. V: 0.874, SOC: 45.5%",0
2026-01-01T20:28:30Z,ISLAND,45.420321637425346,0.0,"Baseline UPS logic. V: 0.855, SOC: 45.4%",0
2026-01-01T20:28:35Z,ISLAND,45.39473684210371,0.0,"Baseline UPS logic. V: 0.862, SOC: 45.4%",0
2026-01-01T20:28:40Z,GRID_PASS,45.39473684210371,0.0,"Baseline UPS logic. V: 0.977, SOC: 45.4%",0
2026-01-01T20:28:45Z,ISLAND,45.36915204678208,0.0,"Baseline UPS logic. V: 0.905, SOC: 45.4%",0
2026-01-01T20:28:50Z,ISLAND,45.343567251460435,0.0,"Baseline UPS logic. V: 0.897, SOC: 45.4%",0
2026-01-01T20:28:55Z,ISLAND,45.31798245613879,0.0,"Baseline UPS logic. V: 0.877, SOC: 45.3%",0
2026-01-01T20:29:00Z,GRID_PASS,45.31798245613879,0.0,"Baseline UPS logic. V: 1.012, SOC: 45.3%",0
2026-01-01T20:29:05Z,GRID_PASS,45.31798245613879,0.0,"Baseline UPS logic. V: 0.955, SOC: 45.3%",0
2026-01-01T20:29:10Z,ISLAND,45.29239766081716,0.0,"Baseline UPS logic. V: 0.853, SOC: 45.3%",0
2026-01-01T20:29:15Z,ISLAND,45.266812865495524,0.0,"Baseline UPS logic. V: 0.875, SOC: 45.3%",0
2026-01-01T20:29:20Z,ISLAND,45.24122807017388,0.0,"Baseline UPS logic. V: 0.879, SOC: 45.3%",0
2026-01-01T20:29:25Z,ISLAND,45.21564327485225,0.0,"Baseline UPS logic. V: 0.897, SOC: 45.2%",0
2026-01-01T20:29:30Z,ISLAND,45.190058479530606,0.0,"Baseline UPS logic. V: 0.855, SOC: 45.2%",0
2026-01-01T20:29:35Z,ISLAND,45.164473684208964,0.0,"Baseline UPS logic. V: 0.912, SOC: 45.2%",0
2026-01-01T20:29:40Z,GRID_PASS,45.164473684208964,0.0,"Baseline UPS logic. V: 0.963, SOC: 45.2%",0
2026-01-01T20:29:45Z,ISLAND,45.13888888888733,0.0,"Baseline UPS logic. V: 0.824, SOC: 45.2%",0
2026-01-01T20:29:50Z,ISLAND,45.113304093565695,0.0,"Baseline UPS logic. V: 0.832, SOC: 45.1%",0
2026-01-01T20:29:55Z,ISLAND,45.08771929824405,0.0,"Baseline UPS logic. V: 0.866, SOC: 45.1%",0
2026-01-01T20:30:00Z,ISLAND,45.06213450292241,0.0,"Baseline UPS logic. V: 0.868, SOC: 45.1%",0
2026-01-01T20:30:05Z,GRID_PASS,45.06213450292241,0.0,"Baseline UPS logic. V: 0.990, SOC: 45.1%",0
2026-01-01T20:30:10Z,GRID_PASS,45.06213450292241,0.0,"Baseline UPS logic. V: 0.940, SOC: 45.1%",0
2026-01-01T20:30:15Z,ISLAND,45.03654970760078,0.0,"Baseline UPS logic. V: 0.936, SOC: 45.1%",0
2026-01-01T20:30:20Z,ISLAND,45.010964912279135,0.0,"Baseline UPS logic. V: 0.875, SOC: 45.0%",0
2026-01-01T20:30:25Z,ISLAND,44.9853801169575,0.0,"Baseline UPS logic. V: 0.876, SOC: 45.0%",0
2026-01-01T20:30:30Z,ISLAND,44.959795321635866,0.0,"Baseline UPS logic. V: 0.817, SOC: 45.0%",0
2026-01-01T20:30:35Z,ISLAND,44.934210526314224,0.0,"Baseline UPS logic. V: 0.929, SOC: 45.0%",0
2026-01-01T20:30:40Z,ISLAND,44.90862573099258,0.0,"Baseline UPS logic. V: 0.915, SOC: 44.9%",0
2026-01-01T20:30:45Z,GRID_PASS,44.90862573099258,0.0,"Baseline UPS logic. V: 0.954, SOC: 44.9%",0
2026-01-01T20:30:50Z,ISLAND,44.88304093567095,0.0,"Baseline UPS logic. V: 0.879, SOC: 44.9%",0
2026-01-01T20:30:55Z,ISLAND,44.85745614034931,0.0,"Baseline UPS logic. V: 0.882, SOC: 44.9%",0
2026-01-01T20:31:00Z,ISLAND,44.83187134502767,0.0,"Baseline UPS logic. V: 0.899, SOC: 44.9%",0
2026-01-01T20:31:05Z,ISLAND,44.80628654970603,0.0,"Baseline UPS logic. V: 0.935, SOC: 44.8%",0
2026-01-01T20:31:10Z,ISLAND,44.780701754384395,0.0,"Baseline UPS logic. V: 0.816, SOC: 44.8%",0
2026-01-01T20:31:15Z,ISLAND,44.75511695906276,0.0,"Baseline UPS logic. V: 0.927, SOC: 44.8%",0
2026-01-01T20:31:20Z,ISLAND,44.72953216374112,0.0,"Baseline UPS logic. V: 0.889, SOC: 44.8%",0
2026-01-01T20:31:25Z,ISLAND,44.703947368419485,0.0,"Baseline UPS logic. V: 0.837, SOC: 44.7%",0
2026-01-01T20:31:30Z,ISLAND,44.67836257309784,0.0,"Baseline UPS logic. V: 0.786, SOC: 44.7%",0
2026-01-01T20:31:35Z,ISLAND,44.6527777777762,0.0,"Baseline UPS logic. V: 0.883, SOC: 44.7%",0
2026-01-01T20:31:40Z,GRID_PASS,44.6527777777762,0.0,"Baseline UPS logic. V: 0.962, SOC: 44.7%",0
2026-01-01T20:31:45Z,GRID_PASS,44.6527777777762,0.0,"Baseline UPS logic. V: 0.974, SOC: 44.7%",0
2026-01-01T20:31:50Z,ISLAND,44.62719298245457,0.0,"Baseline UPS logic. V: 0.906, SOC: 44.7%",0
2026-01-01T20:31:55Z,GRID_PASS,44.62719298245457,0.0,"Baseline UPS logic. V: 0.987, SOC: 44.6%",0
2026-01-01T20:32:00Z,ISLAND,44.60160818713293,0.0,"Baseline UPS logic. V: 0.888, SOC: 44.6%",0
2026-01-01T20:32:05Z,ISLAND,44.57602339181129,0.0,"Baseline UPS logic. V: 0.936, SOC: 44.6%",0
2026-01-01T20:32:10Z,ISLAND,44.55043859648965,0.0,"Baseline UPS logic. V: 0.867, SOC: 44.6%",0
2026-01-01T20:32:15Z,ISLAND,44.524853801168014,0.0,"Baseline UPS logic. V: 0.864, SOC: 44.6%",0
2026-01-01T20:32:20Z,ISLAND,44.49926900584637,0.0,"Baseline UPS logic. V: 0.856, SOC: 44.5%",0
2026-01-01T20:32:25Z,ISLAND,44.47368421052474,0.0,"Baseline UPS logic. V: 0.787, SOC: 44.5%",0
2026-01-01T20:32:30Z,GRID_PASS,44.47368421052474,0.0,"Baseline UPS logic. V: 0.954, SOC: 44.5%",0
2026-01-01T20:32:35Z,ISLAND,44.4480994152031,0.0,"Baseline UPS logic. V: 0.858, SOC: 44.5%",0
2026-01-01T20:32:40Z,ISLAND,44.42251461988146,0.0,"Baseline UPS logic. V: 0.849, SOC: 44.4%",0
2026-01-01T20:32:45Z,ISLAND,44.39692982455982,0.0,"Baseline UPS logic. V: 0.831, SOC: 44.4%",0
2026-01-01T20:32:50Z,ISLAND,44.371345029238185,0.0,"Baseline UPS logic. V: 0.880, SOC: 44.4%",0
2026-01-01T20:32:55Z,GRID_PASS,44.371345029238185,0.0,"Baseline UPS logic. V: 0.978, SOC: 44.4%",0
2026-01-01T20:33:00Z,GRID_PASS,44.371345029238185,0.0,"Baseline UPS logic. V: 0.995, SOC: 44.4%",0
2026-01-01T20:33:05Z,ISLAND,44.34576023391655,0.0,"Baseline UPS logic. V: 0.806, SOC: 44.4%",0
2026-01-01T20:33:10Z,ISLAND,44.32017543859491,0.0,"Baseline UPS logic. V: 0.871, SOC: 44.3%",0
2026-01-01T20:33:15Z,ISLAND,44.29459064327327,0.0,"Baseline UPS logic. V: 0.838, SOC: 44.3%",0
2026-01-01T20:33:20Z,ISLAND,44.26900584795163,0.0,"Baseline UPS logic. V: 0.939, SOC: 44.3%",0
2026-01-01T20:33:25Z,ISLAND,44.24342105263,0.0,"Baseline UPS logic. V: 0.904, SOC: 44.3%",0
2026-01-01T20:33:30Z,ISLAND,44.217836257308356,0.0,"Baseline UPS logic. V: 0.858, SOC: 44.2%",0
2026-01-01T20:33:35Z,ISLAND,44.19225146198672,0.0,"Baseline UPS logic. V: 0.894, SOC: 44.2%",0
2026-01-01T20:33:40Z,ISLAND,44.16666666666508,0.0,"Baseline UPS logic. V: 0.866, SOC: 44.2%",0
2026-01-01T20:33:45Z,GRID_PASS,44.16666666666508,0.0,"Baseline UPS logic. V: 0.971, SOC: 44.2%",0
2026-01-01T20:33:50Z,ISLAND,44.14108187134344,0.0,"Baseline UPS logic. V: 0.917, SOC: 44.2%",0
2026-01-01T20:33:55Z,ISLAND,44.1154970760218,0.0,"Baseline UPS logic. V: 0.922, SOC: 44.1%",0
2026-01-01T20:34:00Z,ISLAND,44.08991228070017,0.0,"Baseline UPS logic. V: 0.757, SOC: 44.1%",0
2026-01-01T20:34:05Z,ISLAND,44.06432748537853,0.0,"Baseline UPS logic. V: 0.887, SOC: 44.1%",0
2026-01-01T20:34:10Z,GRID_PASS,44.06432748537853,0.0,"Baseline UPS logic. V: 0.994, SOC: 44.1%",0
2026-01-01T20:34:15Z,GRID_PASS,44.06432748537853,0.0,"Baseline UPS logic. V: 0.956, SOC: 44.1%",0
2026-01-01T20:34:20Z,ISLAND,44.038742690056885,0.0,"Baseline UPS logic. V: 0.796, SOC: 44.1%",0
2026-01-01T20:34:25Z,ISLAND,44.01315789473525,0.0,"Baseline UPS logic. V: 0.873, SOC: 44.0%",0
2026-01-01T20:34:30Z,ISLAND,43.98757309941361,0.0,"Baseline UPS logic. V: 0.830, SOC: 44.0%",0
2026-01-01T20:34:35Z,GRID_PASS,43.98757309941361,0.0,"Baseline UPS logic. V: 0.976, SOC: 44.0%",0
2026-01-01T20:34:40Z,ISLAND,43.961988304091975,0.0,"Baseline UPS logic. V: 0.902, SOC: 44.0%",0
2026-01-01T20:34:45Z,ISLAND,43.93640350877034,0.0,"Baseline UPS logic. V: 0.850, SOC: 44.0%",0
2026-01-01T20:34:50Z,ISLAND,43.9108187134487,0.0,"Baseline UPS logic. V: 0.892, SOC: 43.9%",0
2026-01-01T20:34:55Z,ISLAND,43.88523391812706,0.0,"Baseline UPS logic. V: 0.760, SOC: 43.9%",0
2026-01-01T20:35:00Z,ISLAND,43.85964912280542,0.0,"Baseline UPS logic. V: 0.836, SOC: 43.9%",0
2026-01-01T20:35:05Z,ISLAND,43.83406432748379,0.0,"Baseline UPS logic. V: 0.892, SOC: 43.9%",0
2026-01-01T20:35:10Z,ISLAND,43.808479532162146,0.0,"Baseline UPS logic. V: 0.932, SOC: 43.8%",0
2026-01-01T20:35:15Z,ISLAND,43.782894736840504,0.0,"Baseline UPS logic. V: 0.793, SOC: 43.8%",0
2026-01-01T20:35:20Z,ISLAND,43.75730994151887,0.0,"Baseline UPS logic. V: 0.871, SOC: 43.8%",0
2026-01-01T20:35:25Z,GRID_PASS,43.75730994151887,0.0,"Baseline UPS logic. V: 0.941, SOC: 43.8%",0
2026-01-01T20:35:30Z,ISLAND,43.731725146197235,0.0,"Baseline UPS logic. V: 0.817, SOC: 43.8%",0
2026-01-01T20:35:35Z,ISLAND,43.70614035087559,0.0,"Baseline UPS logic. V: 0.900, SOC: 43.7%",0
2026-01-01T20:35:40Z,ISLAND,43.68055555555396,0.0,"Baseline UPS logic. V: 0.893, SOC: 43.7%",0
2026-01-01T20:35:45Z,GRID_PASS,43.68055555555396,0.0,"Baseline UPS logic. V: 0.976, SOC: 43.7%",0
2026-01-01T20:35:50Z,ISLAND,43.65497076023232,0.0,"Baseline UPS logic. V: 0.879, SOC: 43.7%",0
2026-01-01T20:35:55Z,ISLAND,43.629385964910675,0.0,"Baseline UPS logic. V: 0.880, SOC: 43.7%",0
2026-01-01T20:36:00Z,ISLAND,43.60380116958904,0.0,"Baseline UPS logic. V: 0.933, SOC: 43.6%",0
2026-01-01T20:36:05Z,ISLAND,43.578216374267406,0.0,"Baseline UPS logic. V: 0.824, SOC: 43.6%",0
2026-01-01T20:36:10Z,ISLAND,43.552631578945764,0.0,"Baseline UPS logic. V: 0.879, SOC: 43.6%",0
2026-01-01T20:36:15Z,ISLAND,43.52704678362412,0.0,"Baseline UPS logic. V: 0.867, SOC: 43.6%",0
2026-01-01T20:36:20Z,ISLAND,43.50146198830249,0.0,"Baseline UPS logic. V: 0.883, SOC: 43.5%",0
2026-01-01T20:36:25Z,ISLAND,43.475877192980846,0.0,"Baseline UPS logic. V: 0.933, SOC: 43.5%",0
2026-01-01T20:36:30Z,ISLAND,43.45029239765921,0.0,"Baseline UPS logic. V: 0.918, SOC: 43.5%",0
2026-01-01T20:36:35Z,ISLAND,43.42470760233758,0.0,"Baseline UPS logic. V: 0.853, SOC: 43.5%",0
2026-01-01T20:36:40Z,ISLAND,43.399122807015935,0.0,"Baseline UPS logic. V: 0.897, SOC: 43.4%",0
2026-01-01T20:36:45Z,GRID_PASS,43.399122807015935,0.0,"Baseline UPS logic. V: 0.965, SOC: 43.4%",0
2026-01-01T20:36:50Z,ISLAND,43.37353801169429,0.0,"Baseline UPS logic. V: 0.849, SOC: 43.4%",0
2026-01-01T20:36:55Z,ISLAND,43.34795321637266,0.0,"Baseline UPS logic. V: 0.896, SOC: 43.4%",0
2026-01-01T20:37:00Z,ISLAND,43.322368421051024,0.0,"Baseline UPS logic. V: 0.880, SOC: 43.3%",0
2026-01-01T20:37:05Z,ISLAND,43.29678362572938,0.0,"Baseline UPS logic. V: 0.887, SOC: 43.3%",0
2026-01-01T20:37:10Z,ISLAND,43.27119883040774,0.0,"Baseline UPS logic. V: 0.809, SOC: 43.3%",0
2026-01-01T20:37:15Z,GRID_PASS,43.27119883040774,0.0,"Baseline UPS logic. V: 0.961, SOC: 43.3%",0
2026-01-01T20:37:20Z,ISLAND,43.245614035086106,0.0,"Baseline UPS logic. V: 0.851, SOC: 43.3%",0
2026-01-01T20:37:25Z,GRID_PASS,43.245614035086106,0.0,"Baseline UPS logic. V: 0.940, SOC: 43.2%",0
2026-01-01T20:37:30Z,ISLAND,43.22002923976447,0.0,"Baseline UPS logic. V: 0.859, SOC: 43.2%",0
2026-01-01T20:37:35Z,ISLAND,43.19444444444283,0.0,"Baseline UPS logic. V: 0.858, SOC: 43.2%",0
2026-01-01T20:37:40Z,GRID_PASS,43.19444444444283,0.0,"Baseline UPS logic. V: 0.951, SOC: 43.2%",0
2026-01-01T20:37:45Z,ISLAND,43.168859649121195,0.0,"Baseline UPS logic. V: 0.940, SOC: 43.2%",0
2026-01-01T20:37:50Z,ISLAND,43.143274853799554,0.0,"Baseline UPS logic. V: 0.899, SOC: 43.2%",0
2026-01-01T20:37:55Z,ISLAND,43.11769005847791,0.0,"Baseline UPS logic. V: 0.928, SOC: 43.1%",0
2026-01-01T20:38:00Z,ISLAND,43.09210526315628,0.0,"Baseline UPS logic. V: 0.876, SOC: 43.1%",0
2026-01-01T20:38:05Z,ISLAND,43.06652046783464,0.0,"Baseline UPS logic. V: 0.890, SOC: 43.1%",0
2026-01-01T20:38:10Z,ISLAND,43.040935672513,0.0,"Baseline UPS logic. V: 0.857, SOC: 43.1%",0
2026-01-01T20:38:15Z,ISLAND,43.01535087719136,0.0,"Baseline UPS logic. V: 0.935, SOC: 43.0%",0
2026-01-01T20:38:20Z,ISLAND,42.989766081869725,0.0,"Baseline UPS logic. V: 0.856, SOC: 43.0%",0
2026-01-01T20:38:25Z,GRID_PASS,42.989766081869725,0.0,"Baseline UPS logic. V: 0.964, SOC: 43.0%",0
2026-01-01T20:38:30Z,ISLAND,42.96418128654808,0.0,"Baseline UPS logic. V: 0.874, SOC: 43.0%",0
2026-01-01T20:38:35Z,ISLAND,42.93859649122645,0.0,"Baseline UPS logic. V: 0.890, SOC: 43.0%",0
2026-01-01T20:38:40Z,ISLAND,42.913011695904814,0.0,"Baseline UPS logic. V: 0.928, SOC: 42.9%",0
2026-01-01T20:38:45Z,ISLAND,42.88742690058317,0.0,"Baseline UPS logic. V: 0.891, SOC: 42.9%",0
2026-01-01T20:38:50Z,ISLAND,42.86184210526153,0.0,"Baseline UPS logic. V: 0.875, SOC: 42.9%",0
2026-01-01T20:38:55Z,ISLAND,42.836257309939896,0.0,"Baseline UPS logic. V: 0.889, SOC: 42.9%",0
2026-01-01T20:39:00Z,ISLAND,42.81067251461826,0.0,"Baseline UPS logic. V: 0.935, SOC: 42.8%",0
2026-01-01T20:39:05Z,ISLAND,42.78508771929662,0.0,"Baseline UPS logic. V: 0.857, SOC: 42.8%",0
2026-01-01T20:39:10Z,ISLAND,42.75950292397498,0.0,"Baseline UPS logic. V: 0.884, SOC: 42.8%",0
2026-01-01T20:39:15Z,ISLAND,42.73391812865334,0.0,"Baseline UPS logic. V: 0.891, SOC: 42.8%",0
2026-01-01T20:39:20Z,ISLAND,42.70833333333171,0.0,"Baseline UPS logic. V: 0.933, SOC: 42.7%",0
2026-01-01T20:39:25Z,ISLAND,42.68274853801007,0.0,"Baseline UPS logic. V: 0.885, SOC: 42.7%",0
2026-01-01T20:39:30Z,GRID_PASS,42.68274853801007,0.0,"Baseline UPS logic. V: 0.981, SOC: 42.7%",0
2026-01-01T20:39:35Z,ISLAND,42.65716374268843,0.0,"Baseline UPS logic. V: 0.882, SOC: 42.7%",0
2026-01-01T20:39:40Z,ISLAND,42.63157894736679,0.0,"Baseline UPS logic. V: 0.877, SOC: 42.7%",0
2026-01-01T20:39:45Z,ISLAND,42.60599415204515,0.0,"Baseline UPS logic. V: 0.882, SOC: 42.6%",0
2026-01-01T20:39:50Z,ISLAND,42.580409356723514,0.0,"Baseline UPS logic. V: 0.824, SOC: 42.6%",0
2026-01-01T20:39:55Z,ISLAND,42.55482456140188,0.0,"Baseline UPS logic. V: 0.838, SOC: 42.6%",0
2026-01-01T20:40:00Z,ISLAND,42.52923976608024,0.0,"Baseline UPS logic. V: 0.864, SOC: 42.6%",0
2026-01-01T20:40:05Z,GRID_PASS,42.52923976608024,0.0,"Baseline UPS logic. V: 0.947, SOC: 42.5%",0
2026-01-01T20:40:10Z,ISLAND,42.503654970758596,0.0,"Baseline UPS logic. V: 0.889, SOC: 42.5%",0
2026-01-01T20:40:15Z,ISLAND,42.47807017543696,0.0,"Baseline UPS logic. V: 0.865, SOC: 42.5%",0
2026-01-01T20:40:20Z,GRID_PASS,42.47807017543696,0.0,"Baseline UPS logic. V: 0.952, SOC: 42.5%",0
2026-01-01T20:40:25Z,GRID_PASS,42.47807017543696,0.0,"Baseline UPS logic. V: 0.968, SOC: 42.5%",0
2026-01-01T20:40:30Z,GRID_PASS,42.47807017543696,0.0,"Baseline UPS logic. V: 0.952, SOC: 42.5%",0
2026-01-01T20:40:35Z,ISLAND,42.45248538011532,0.0,"Baseline UPS logic. V: 0.846, SOC: 42.5%",0
2026-01-01T20:40:40Z,ISLAND,42.426900584793685,0.0,"Baseline UPS logic. V: 0.864, SOC: 42.5%",0
2026-01-01T20:40:45Z,GRID_PASS,42.426900584793685,0.0,"Baseline UPS logic. V: 0.981, SOC: 42.4%",0
2026-01-01T20:40:50Z,ISLAND,42.40131578947205,0.0,"Baseline UPS logic. V: 0.902, SOC: 42.4%",0
2026-01-01T20:40:55Z,ISLAND,42.37573099415041,0.0,"Baseline UPS logic. V: 0.876, SOC: 42.4%",0
2026-01-01T20:41:00Z,ISLAND,42.35014619882877,0.0,"Baseline UPS logic. V: 0.926, SOC: 42.4%",0
2026-01-01T20:41:05Z,GRID_PASS,42.35014619882877,0.0,"Baseline UPS logic. V: 0.941, SOC: 42.4%",0
2026-01-01T20:41:10Z,ISLAND,42.32456140350713,0.0,"Baseline UPS logic. V: 0.862, SOC: 42.4%",0
2026-01-01T20:41:15Z,ISLAND,42.2989766081855,0.0,"Baseline UPS logic. V: 0.900, SOC: 42.3%",0
2026-01-01T20:41:20Z,ISLAND,42.273391812863856,0.0,"Baseline UPS logic. V: 0.937, SOC: 42.3%",0
2026-01-01T20:41:25Z,ISLAND,42.247807017542215,0.0,"Baseline UPS logic. V: 0.832, SOC: 42.3%",0
2026-01-01T20:41:30Z,ISLAND,42.22222222222058,0.0,"Baseline UPS logic. V: 0.891, SOC: 42.2%",0
2026-01-01T20:41:35Z,ISLAND,42.196637426898945,0.0,"Baseline UPS logic. V: 0.835, SOC: 42.2%",0
2026-01-01T20:41:40Z,ISLAND,42.171052631577304,0.0,"Baseline UPS logic. V: 0.841, SOC: 42.2%",0
2026-01-01T20:41:45Z,ISLAND,42.14546783625567,0.0,"Baseline UPS logic. V: 0.862, SOC: 42.2%",0
2026-01-01T20:41:50Z,ISLAND,42.11988304093403,0.0,"Baseline UPS logic. V: 0.914, SOC: 42.1%",0
2026-01-01T20:41:55Z,ISLAND,42.094298245612386,0.0,"Baseline UPS logic. V: 0.874, SOC: 42.1%",0
2026-01-01T20:42:00Z,ISLAND,42.06871345029075,0.0,"Baseline UPS logic. V: 0.858, SOC: 42.1%",0
2026-01-01T20:42:05Z,ISLAND,42.04312865496912,0.0,"Baseline UPS logic. V: 0.893, SOC: 42.1%",0
2026-01-01T20:42:10Z,ISLAND,42.017543859647475,0.0,"Baseline UPS logic. V: 0.833, SOC: 42.0%",0
2026-01-01T20:42:15Z,ISLAND,41.99195906432583,0.0,"Baseline UPS logic. V: 0.912, SOC: 42.0%",0
2026-01-01T20:42:20Z,GRID_PASS,41.99195906432583,0.0,"Baseline UPS logic. V: 0.947, SOC: 42.0%",0
2026-01-01T20:42:25Z,ISLAND,41.9663742690042,0.0,"Baseline UPS logic. V: 0.886, SOC: 42.0%",0
2026-01-01T20:42:30Z,ISLAND,41.94078947368256,0.0,"Baseline UPS logic. V: 0.879, SOC: 42.0%",0
2026-01-01T20:42:35Z,ISLAND,41.91520467836092,0.0,"Baseline UPS logic. V: 0.909, SOC: 41.9%",0
2026-01-01T20:42:40Z,ISLAND,41.88961988303929,0.0,"Baseline UPS logic. V: 0.789, SOC: 41.9%",0
2026-01-01T20:42:45Z,ISLAND,41.864035087717646,0.0,"Baseline UPS logic. V: 0.917, SOC: 41.9%",0
2026-01-01T20:42:50Z,GRID_PASS,41.864035087717646,0.0,"Baseline UPS logic. V: 1.045, SOC: 41.9%",0
2026-01-01T20:42:55Z,ISLAND,41.838450292396004,0.0,"Baseline UPS logic. V: 0.884, SOC: 41.9%",0
2026-01-01T20:43:00Z,ISLAND,41.81286549707437,0.0,"Baseline UPS logic. V: 0.883, SOC: 41.8%",0
2026-01-01T20:43:05Z,ISLAND,41.787280701752735,0.0,"Baseline UPS logic. V: 0.928, SOC: 41.8%",0
2026-01-01T20:43:10Z,GRID_PASS,41.787280701752735,0.0,"Baseline UPS logic. V: 0.973, SOC: 41.8%",0
2026-01-01T20:43:15Z,ISLAND,41.76169590643109,0.0,"Baseline UPS logic. V: 0.939, SOC: 41.8%",0
2026-01-01T20:43:20Z,ISLAND,41.73611111110945,0.0,"Baseline UPS logic. V: 0.781, SOC: 41.8%",0
2026-01-01T20:43:25Z,ISLAND,41.71052631578782,0.0,"Baseline UPS logic. V: 0.919, SOC: 41.7%",0
2026-01-01T20:43:30Z,GRID_PASS,41.71052631578782,0.0,"Baseline UPS logic. V: 1.019, SOC: 41.7%",0
2026-01-01T20:43:35Z,ISLAND,41.68494152046618,0.0,"Baseline UPS logic. V: 0.922, SOC: 41.7%",0
2026-01-01T20:43:40Z,ISLAND,41.65935672514454,0.0,"Baseline UPS logic. V: 0.831, SOC: 41.7%",0
2026-01-01T20:43:45Z,ISLAND,41.633771929822906,0.0,"Baseline UPS logic. V: 0.905, SOC: 41.7%",0
2026-01-01T20:43:50Z,ISLAND,41.608187134501264,0.0,"Baseline UPS logic. V: 0.826, SOC: 41.6%",0
2026-01-01T20:43:55Z,GRID_PASS,41.608187134501264,0.0,"Baseline UPS logic. V: 0.952, SOC: 41.6%",0
2026-01-01T20:44:00Z,ISLAND,41.58260233917962,0.0,"Baseline UPS logic. V: 0.843, SOC: 41.6%",0
2026-01-01T20:44:05Z,ISLAND,41.55701754385799,0.0,"Baseline UPS logic. V: 0.893, SOC: 41.6%",0
2026-01-01T20:44:10Z,ISLAND,41.53143274853635,0.0,"Baseline UPS logic. V: 0.848, SOC: 41.6%",0
2026-01-01T20:44:15Z,ISLAND,41.50584795321471,0.0,"Baseline UPS logic. V: 0.863, SOC: 41.5%",0
2026-01-01T20:44:20Z,GRID_PASS,41.50584795321471,0.0,"Baseline UPS logic. V: 0.965, SOC: 41.5%",0
2026-01-01T20:44:25Z,ISLAND,41.48026315789307,0.0,"Baseline UPS logic. V: 0.896, SOC: 41.5%",0
2026-01-01T20:44:30Z,ISLAND,41.454678362571435,0.0,"Baseline UPS logic. V: 0.861, SOC: 41.5%",0
2026-01-01T20:44:35Z,ISLAND,41.429093567249794,0.0,"Baseline UPS logic. V: 0.833, SOC: 41.5%",0
2026-01-01T20:44:40Z,ISLAND,41.40350877192816,0.0,"Baseline UPS logic. V: 0.797, SOC: 41.4%",0
2026-01-01T20:44:45Z,ISLAND,41.377923976606525,0.0,"Baseline UPS logic. V: 0.828, SOC: 41.4%",0
2026-01-01T20:44:50Z,ISLAND,41.35233918128488,0.0,"Baseline UPS logic. V: 0.896, SOC: 41.4%",0
2026-01-01T20:44:55Z,ISLAND,41.32675438596324,0.0,"Baseline UPS logic. V: 0.940, SOC: 41.4%",0
2026-01-01T20:45:00Z,ISLAND,41.30116959064161,0.0,"Baseline UPS logic. V: 0.863, SOC: 41.3%",0
2026-01-01T20:45:05Z,GRID_PASS,41.30116959064161,0.0,"Baseline UPS logic. V: 0.969, SOC: 41.3%",0
2026-01-01T20:45:10Z,ISLAND,41.27558479531997,0.0,"Baseline UPS logic. V: 0.855, SOC: 41.3%",0
2026-01-01T20:45:15Z,ISLAND,41.24999999999833,0.0,"Baseline UPS logic. V: 0.877, SOC: 41.3%",0
2026-01-01T20:45:20Z,ISLAND,41.22441520467669,0.0,"Baseline UPS logic. V: 0.837, SOC: 41.2%",0
2026-01-01T20:45:25Z,GRID_PASS,41.22441520467669,0.0,"Baseline UPS logic. V: 0.940, SOC: 41.2%",0
2026-01-01T20:45:30Z,GRID_PASS,41.22441520467669,0.0,"Baseline UPS logic. V: 0.995, SOC: 41.2%",0
2026-01-01T20:45:35Z,ISLAND,41.198830409355054,0.0,"Baseline UPS logic. V: 0.801, SOC: 41.2%",0
2026-01-01T20:45:40Z,ISLAND,41.17324561403342,0.0,"Baseline UPS logic. V: 0.872, SOC: 41.2%",0
2026-01-01T20:45:45Z,GRID_PASS,41.17324561403342,0.0,"Baseline UPS logic. V: 0.954, SOC: 41.2%",0
2026-01-01T20:45:50Z,ISLAND,41.14766081871178,0.0,"Baseline UPS logic. V: 0.818, SOC: 41.2%",0
2026-01-01T20:45:55Z,ISLAND,41.12207602339014,0.0,"Baseline UPS logic. V: 0.918, SOC: 41.1%",0
2026-01-01T20:46:00Z,GRID_PASS,41.12207602339014,0.0,"Baseline UPS logic. V: 0.952, SOC: 41.1%",0
2026-01-01T20:46:05Z,ISLAND,41.0964912280685,0.0,"Baseline UPS logic. V: 0.895, SOC: 41.1%",0
2026-01-01T20:46:10Z,ISLAND,41.07090643274686,0.0,"Baseline UPS logic. V: 0.917, SOC: 41.1%",0
2026-01-01T20:46:15Z,GRID_PASS,41.07090643274686,0.0,"Baseline UPS logic. V: 0.979, SOC: 41.1%",0
2026-01-01T20:46:20Z,GRID_PASS,41.07090643274686,0.0,"Baseline UPS logic. V: 0.988, SOC: 41.1%",0
2026-01-01T20:46:25Z,ISLAND,41.045321637425225,0.0,"Baseline UPS logic. V: 0.886, SOC: 41.1%",0
2026-01-01T20:46:30Z,ISLAND,41.01973684210359,0.0,"Baseline UPS logic. V: 0.863, SOC: 41.0%",0
2026-01-01T20:46:35Z,ISLAND,40.99415204678195,0.0,"Baseline UPS logic. V: 0.845, SOC: 41.0%",0
2026-01-01T20:46:40Z,ISLAND,40.96856725146031,0.0,"Baseline UPS logic. V: 0.940, SOC: 41.0%",0
2026-01-01T20:46:45Z,ISLAND,40.94298245613867,0.0,"Baseline UPS logic. V: 0.822, SOC: 41.0%",0
2026-01-01T20:46:50Z,ISLAND,40.91739766081703,0.0,"Baseline UPS logic. V: 0.878, SOC: 40.9%",0
2026-01-01T20:46:55Z,ISLAND,40.891812865495396,0.0,"Baseline UPS logic. V: 0.896, SOC: 40.9%",0
2026-01-01T20:47:00Z,ISLAND,40.86622807017376,0.0,"Baseline UPS logic. V: 0.866, SOC: 40.9%",0
2026-01-01T20:47:05Z,ISLAND,40.84064327485212,0.0,"Baseline UPS logic. V: 0.905, SOC: 40.9%",0
2026-01-01T20:47:10Z,GRID_PASS,40.84064327485212,0.0,"Baseline UPS logic. V: 1.019, SOC: 40.8%",0
2026-01-01T20:47:15Z,ISLAND,40.81505847953048,0.0,"Baseline UPS logic. V: 0.885, SOC: 40.8%",0
2026-01-01T20:47:20Z,ISLAND,40.78947368420884,0.0,"Baseline UPS logic. V: 0.868, SOC: 40.8%",0
2026-01-01T20:47:25Z,GRID_PASS,40.78947368420884,0.0,"Baseline UPS logic. V: 0.942, SOC: 40.8%",0
2026-01-01T20:47:30Z,ISLAND,40.76388888888721,0.0,"Baseline UPS logic. V: 0.903, SOC: 40.8%",0
2026-01-01T20:47:35Z,GRID_PASS,40.76388888888721,0.0,"Baseline UPS logic. V: 0.961, SOC: 40.8%",0
2026-01-01T20:47:40Z,ISLAND,40.73830409356557,0.0,"Baseline UPS logic. V: 0.899, SOC: 40.8%",0
2026-01-01T20:47:45Z,ISLAND,40.712719298243925,0.0,"Baseline UPS logic. V: 0.877, SOC: 40.7%",0
2026-01-01T20:47:50Z,ISLAND,40.68713450292229,0.0,"Baseline UPS logic. V: 0.802, SOC: 40.7%",0
2026-01-01T20:47:55Z,ISLAND,40.661549707600656,0.0,"Baseline UPS logic. V: 0.810, SOC: 40.7%",0
2026-01-01T20:48:00Z,ISLAND,40.635964912279015,0.0,"Baseline UPS logic. V: 0.799, SOC: 40.7%",0
2026-01-01T20:48:05Z,ISLAND,40.61038011695738,0.0,"Baseline UPS logic. V: 0.910, SOC: 40.6%",0
2026-01-01T20:48:10Z,ISLAND,40.58479532163574,0.0,"Baseline UPS logic. V: 0.823, SOC: 40.6%",0
2026-01-01T20:48:15Z,GRID_PASS,40.58479532163574,0.0,"Baseline UPS logic. V: 0.954, SOC: 40.6%",0
2026-01-01T20:48:20Z,ISLAND,40.5592105263141,0.0,"Baseline UPS logic. V: 0.892, SOC: 40.6%",0
2026-01-01T20:48:25Z,ISLAND,40.53362573099246,0.0,"Baseline UPS logic. V: 0.877, SOC: 40.6%",0
2026-01-01T20:48:30Z,ISLAND,40.50804093567083,0.0,"Baseline UPS logic. V: 0.849, SOC: 40.5%",0
2026-01-01T20:48:35Z,ISLAND,40.482456140349186,0.0,"Baseline UPS logic. V: 0.922, SOC: 40.5%",0
2026-01-01T20:48:40Z,ISLAND,40.456871345027544,0.0,"Baseline UPS logic. V: 0.851, SOC: 40.5%",0
2026-01-01T20:48:45Z,ISLAND,40.43128654970591,0.0,"Baseline UPS logic. V: 0.842, SOC: 40.5%",0
2026-01-01T20:48:50Z,GRID_PASS,40.43128654970591,0.0,"Baseline UPS logic. V: 0.950, SOC: 40.4%",0
2026-01-01T20:48:55Z,ISLAND,40.40570175438427,0.0,"Baseline UPS logic. V: 0.909, SOC: 40.4%",0
2026-01-01T20:49:00Z,ISLAND,40.38011695906263,0.0,"Baseline UPS logic. V: 0.878, SOC: 40.4%",0
2026-01-01T20:49:05Z,ISLAND,40.354532163741,0.0,"Baseline UPS logic. V: 0.923, SOC: 40.4%",0
2026-01-01T20:49:10Z,ISLAND,40.32894736841936,0.0,"Baseline UPS logic. V: 0.891, SOC: 40.4%",0
2026-01-01T20:49:15Z,ISLAND,40.303362573097715,0.0,"Baseline UPS logic. V: 0.910, SOC: 40.3%",0
2026-01-01T20:49:20Z,ISLAND,40.27777777777608,0.0,"Baseline UPS logic. V: 0.850, SOC: 40.3%",0
2026-01-01T20:49:25Z,GRID_PASS,40.27777777777608,0.0,"Baseline UPS logic. V: 0.994, SOC: 40.3%",0
2026-01-01T20:49:30Z,ISLAND,40.252192982454446,0.0,"Baseline UPS logic. V: 0.862, SOC: 40.3%",0
2026-01-01T20:49:35Z,GRID_PASS,40.252192982454446,0.0,"Baseline UPS logic. V: 0.967, SOC: 40.3%",0
2026-01-01T20:49:40Z,ISLAND,40.226608187132804,0.0,"Baseline UPS logic. V: 0.882, SOC: 40.3%",0
2026-01-01T20:49:45Z,ISLAND,40.20102339181116,0.0,"Baseline UPS logic. V: 0.930, SOC: 40.2%",0
2026-01-01T20:49:50Z,ISLAND,40.17543859648953,0.0,"Baseline UPS logic. V: 0.928, SOC: 40.2%",0
2026-01-01T20:49:55Z,GRID_PASS,40.17543859648953,0.0,"Baseline UPS logic. V: 0.948, SOC: 40.2%",0
2026-01-01T20:50:00Z,ISLAND,40.14985380116789,0.0,"Baseline UPS logic. V: 0.849, SOC: 40.2%",0
2026-01-01T20:50:05Z,GRID_PASS,40.14985380116789,0.0,"Baseline UPS logic. V: 0.944, SOC: 40.1%",0
2026-01-01T20:50:10Z,GRID_PASS,40.14985380116789,0.0,"Baseline UPS logic. V: 0.983, SOC: 40.1%",0
2026-01-01T20:50:15Z,ISLAND,40.12426900584625,0.0,"Baseline UPS logic. V: 0.877, SOC: 40.1%",0
2026-01-01T20:50:20Z,ISLAND,40.09868421052462,0.0,"Baseline UPS logic. V: 0.892, SOC: 40.1%",0
2026-01-01T20:50:25Z,ISLAND,40.073099415202975,0.0,"Baseline UPS logic. V: 0.865, SOC: 40.1%",0
2026-01-01T20:50:30Z,ISLAND,40.04751461988133,0.0,"Baseline UPS logic. V: 0.874, SOC: 40.1%",0
2026-01-01T20:50:35Z,GRID_PASS,40.04751461988133,0.0,"Baseline UPS logic. V: 0.977, SOC: 40.0%",0
2026-01-01T20:50:40Z,ISLAND,40.0219298245597,0.0,"Baseline UPS logic. V: 0.841, SOC: 40.0%",0
2026-01-01T20:50:45Z,ISLAND,39.996345029238064,0.0,"Baseline UPS logic. V: 0.843, SOC: 40.0%",0
2026-01-01T20:50:50Z,GRID_PASS,39.996345029238064,0.0,"Baseline UPS logic. V: 0.972, SOC: 40.0%",0
2026-01-01T20:50:55Z,ISLAND,39.97076023391642,0.0,"Baseline UPS logic. V: 0.922, SOC: 40.0%",0
2026-01-01T20:51:00Z,GRID_PASS,39.97076023391642,0.0,"Baseline UPS logic. V: 0.996, SOC: 40.0%",0
2026-01-01T20:51:05Z,ISLAND,39.94517543859478,0.0,"Baseline UPS logic. V: 0.869, SOC: 40.0%",0
2026-01-01T20:51:10Z,ISLAND,39.919590643273146,0.0,"Baseline UPS logic. V: 0.896, SOC: 39.9%",0
2026-01-01T20:51:15Z,ISLAND,39.894005847951505,0.0,"Baseline UPS logic. V: 0.858, SOC: 39.9%",0
2026-01-01T20:51:20Z,ISLAND,39.86842105262987,0.0,"Baseline UPS logic. V: 0.898, SOC: 39.9%",0
2026-01-01T20:51:25Z,ISLAND,39.842836257308235,0.0,"Baseline UPS logic. V: 0.802, SOC: 39.9%",0
2026-01-01T20:51:30Z,ISLAND,39.817251461986594,0.0,"Baseline UPS logic. V: 0.925, SOC: 39.8%",0
2026-01-01T20:51:35Z,ISLAND,39.79166666666495,0.0,"Baseline UPS logic. V: 0.907, SOC: 39.8%",0
2026-01-01T20:51:40Z,ISLAND,39.76608187134332,0.0,"Baseline UPS logic. V: 0.888, SOC: 39.8%",0
2026-01-01T20:51:45Z,ISLAND,39.74049707602168,0.0,"Baseline UPS logic. V: 0.872, SOC: 39.8%",0
2026-01-01T20:51:50Z,ISLAND,39.71491228070004,0.0,"Baseline UPS logic. V: 0.846, SOC: 39.7%",0
2026-01-01T20:51:55Z,ISLAND,39.6893274853784,0.0,"Baseline UPS logic. V: 0.928, SOC: 39.7%",0
2026-01-01T20:52:00Z,ISLAND,39.663742690056765,0.0,"Baseline UPS logic. V: 0.833, SOC: 39.7%",0
2026-01-01T20:52:05Z,ISLAND,39.63815789473513,0.0,"Baseline UPS logic. V: 0.917, SOC: 39.7%",0
2026-01-01T20:52:10Z,GRID_PASS,39.63815789473513,0.0,"Baseline UPS logic. V: 0.995, SOC: 39.6%",0
2026-01-01T20:52:15Z,GRID_PASS,39.63815789473513,0.0,"Baseline UPS logic. V: 0.966, SOC: 39.6%",0
2026-01-01T20:52:20Z,ISLAND,39.61257309941349,0.0,"Baseline UPS logic. V: 0.815, SOC: 39.6%",0
2026-01-01T20:52:25Z,ISLAND,39.586988304091854,0.0,"Baseline UPS logic. V: 0.863, SOC: 39.6%",0
2026-01-01T20:52:30Z,ISLAND,39.56140350877021,0.0,"Baseline UPS logic. V: 0.912, SOC: 39.6%",0
2026-01-01T20:52:35Z,ISLAND,39.53581871344857,0.0,"Baseline UPS logic. V: 0.888, SOC: 39.6%",0
2026-01-01T20:52:40Z,ISLAND,39.510233918126936,0.0,"Baseline UPS logic. V: 0.821, SOC: 39.5%",0
2026-01-01T20:52:45Z,ISLAND,39.4846491228053,0.0,"Baseline UPS logic. V: 0.911, SOC: 39.5%",0
2026-01-01T20:52:50Z,ISLAND,39.45906432748366,0.0,"Baseline UPS logic. V: 0.891, SOC: 39.5%",0
2026-01-01T20:52:55Z,GRID_PASS,39.45906432748366,0.0,"Baseline UPS logic. V: 0.987, SOC: 39.5%",0
2026-01-01T20:53:00Z,ISLAND,39.43347953216202,0.0,"Baseline UPS logic. V: 0.879, SOC: 39.5%",0
2026-01-01T20:53:05Z,GRID_PASS,39.43347953216202,0.0,"Baseline UPS logic. V: 0.949, SOC: 39.4%",0
2026-01-01T20:53:10Z,ISLAND,39.40789473684038,0.0,"Baseline UPS logic. V: 0.828, SOC: 39.4%",0
2026-01-01T20:53:15Z,ISLAND,39.38230994151874,0.0,"Baseline UPS logic. V: 0.839, SOC: 39.4%",0
2026-01-01T20:53:20Z,ISLAND,39.35672514619711,0.0,"Baseline UPS logic. V: 0.927, SOC: 39.4%",0
2026-01-01T20:53:25Z,GRID_PASS,39.35672514619711,0.0,"Baseline UPS logic. V: 0.946, SOC: 39.4%",0
2026-01-01T20:53:30Z,ISLAND,39.33114035087547,0.0,"Baseline UPS logic. V: 0.844, SOC: 39.4%",0
2026-01-01T20:53:35Z,ISLAND,39.30555555555383,0.0,"Baseline UPS logic. V: 0.891, SOC: 39.3%",0
2026-01-01T20:53:40Z,ISLAND,39.27997076023219,0.0,"Baseline UPS logic. V: 0.822, SOC: 39.3%",0
2026-01-01T20:53:45Z,ISLAND,39.254385964910554,0.0,"Baseline UPS logic. V: 0.882, SOC: 39.3%",0
2026-01-01T20:53:50Z,ISLAND,39.22880116958892,0.0,"Baseline UPS logic. V: 0.933, SOC: 39.3%",0
2026-01-01T20:53:55Z,ISLAND,39.20321637426728,0.0,"Baseline UPS logic. V: 0.870, SOC: 39.2%",0
2026-01-01T20:54:00Z,ISLAND,39.177631578945636,0.0,"Baseline UPS logic. V: 0.879, SOC: 39.2%",0
2026-01-01T20:54:05Z,ISLAND,39.152046783624,0.0,"Baseline UPS logic. V: 0.835, SOC: 39.2%",0
2026-01-01T20:54:10Z,ISLAND,39.12646198830237,0.0,"Baseline UPS logic. V: 0.859, SOC: 39.2%",0
2026-01-01T20:54:15Z,GRID_PASS,39.12646198830237,0.0,"Baseline UPS logic. V: 0.979, SOC: 39.1%",0
2026-01-01T20:54:20Z,ISLAND,39.100877192980725,0.0,"Baseline UPS logic. V: 0.895, SOC: 39.1%",0
2026-01-01T20:54:25Z,ISLAND,39.07529239765909,0.0,"Baseline UPS logic. V: 0.840, SOC: 39.1%",0
2026-01-01T20:54:30Z,ISLAND,39.04970760233745,0.0,"Baseline UPS logic. V: 0.876, SOC: 39.1%",0
2026-01-01T20:54:35Z,ISLAND,39.02412280701581,0.0,"Baseline UPS logic. V: 0.812, SOC: 39.0%",0
2026-01-01T20:54:40Z,ISLAND,38.99853801169417,0.0,"Baseline UPS logic. V: 0.841, SOC: 39.0%",0
2026-01-01T20:54:45Z,GRID_PASS,38.99853801169417,0.0,"Baseline UPS logic. V: 0.960, SOC: 39.0%",0
2026-01-01T20:54:50Z,ISLAND,38.97295321637254,0.0,"Baseline UPS logic. V: 0.884, SOC: 39.0%",0
2026-01-01T20:54:55Z,GRID_PASS,38.97295321637254,0.0,"Baseline UPS logic. V: 0.985, SOC: 39.0%",0
2026-01-01T20:55:00Z,ISLAND,38.947368421050896,0.0,"Baseline UPS logic. V: 0.887, SOC: 39.0%",0
2026-01-01T20:55:05Z,ISLAND,38.921783625729255,0.0,"Baseline UPS logic. V: 0.889, SOC: 38.9%",0
2026-01-01T20:55:10Z,ISLAND,38.89619883040762,0.0,"Baseline UPS logic. V: 0.924, SOC: 38.9%",0
2026-01-01T20:55:15Z,ISLAND,38.87061403508598,0.0,"Baseline UPS logic. V: 0.758, SOC: 38.9%",0
2026-01-01T20:55:20Z,ISLAND,38.845029239764344,0.0,"Baseline UPS logic. V: 0.902, SOC: 38.9%",0
2026-01-01T20:55:25Z,ISLAND,38.81944444444271,0.0,"Baseline UPS logic. V: 0.889, SOC: 38.8%",0
2026-01-01T20:55:30Z,GRID_PASS,38.81944444444271,0.0,"Baseline UPS logic. V: 0.966, SOC: 38.8%",0
2026-01-01T20:55:35Z,ISLAND,38.79385964912107,0.0,"Baseline UPS logic. V: 0.940, SOC: 38.8%",0
2026-01-01T20:55:40Z,ISLAND,38.768274853799426,0.0,"Baseline UPS logic. V: 0.834, SOC: 38.8%",0
2026-01-01T20:55:45Z,GRID_PASS,38.768274853799426,0.0,"Baseline UPS logic. V: 0.954, SOC: 38.8%",0
2026-01-01T20:55:50Z,ISLAND,38.74269005847779,0.0,"Baseline UPS logic. V: 0.879, SOC: 38.8%",0
2026-01-01T20:55:55Z,ISLAND,38.71710526315616,0.0,"Baseline UPS logic. V: 0.845, SOC: 38.7%",0
2026-01-01T20:56:00Z,ISLAND,38.691520467834515,0.0,"Baseline UPS logic. V: 0.902, SOC: 38.7%",0
2026-01-01T20:56:05Z,ISLAND,38.66593567251287,0.0,"Baseline UPS logic. V: 0.882, SOC: 38.7%",0
2026-01-01T20:56:10Z,GRID_PASS,38.66593567251287,0.0,"Baseline UPS logic. V: 0.969, SOC: 38.7%",0
2026-01-01T20:56:15Z,ISLAND,38.64035087719124,0.0,"Baseline UPS logic. V: 0.909, SOC: 38.7%",0
2026-01-01T20:56:20Z,ISLAND,38.614766081869604,0.0,"Baseline UPS logic. V: 0.901, SOC: 38.6%",0
2026-01-01T20:56:25Z,ISLAND,38.58918128654796,0.0,"Baseline UPS logic. V: 0.937, SOC: 38.6%",0
2026-01-01T20:56:30Z,GRID_PASS,38.58918128654796,0.0,"Baseline UPS logic. V: 0.946, SOC: 38.6%",0
2026-01-01T20:56:35Z,ISLAND,38.56359649122633,0.0,"Baseline UPS logic. V: 0.931, SOC: 38.6%",0
2026-01-01T20:56:40Z,GRID_PASS,38.56359649122633,0.0,"Baseline UPS logic. V: 0.961, SOC: 38.6%",0
2026-01-01T20:56:45Z,ISLAND,38.538011695904686,0.0,"Baseline UPS logic. V: 0.922, SOC: 38.6%",0
2026-01-01T20:56:50Z,ISLAND,38.512426900583044,0.0,"Baseline UPS logic. V: 0.899, SOC: 38.5%",0
2026-01-01T20:56:55Z,GRID_PASS,38.512426900583044,0.0,"Baseline UPS logic. V: 0.954, SOC: 38.5%",0
2026-01-01T20:57:00Z,ISLAND,38.48684210526141,0.0,"Baseline UPS logic. V: 0.887, SOC: 38.5%",0
2026-01-01T20:57:05Z,ISLAND,38.461257309939775,0.0,"Baseline UPS logic. V: 0.892, SOC: 38.5%",0
2026-01-01T20:57:10Z,GRID_PASS,38.461257309939775,0.0,"Baseline UPS logic. V: 0.978, SOC: 38.5%",0
2026-01-01T20:57:15Z,GRID_PASS,38.461257309939775,0.0,"Baseline UPS logic. V: 0.973, SOC: 38.5%",0
2026-01-01T20:57:20Z,ISLAND,38.43567251461813,0.0,"Baseline UPS logic. V: 0.890, SOC: 38.5%",0
2026-01-01T20:57:25Z,ISLAND,38.41008771929649,0.0,"Baseline UPS logic. V: 0.868, SOC: 38.4%",0
2026-01-01T20:57:30Z,GRID_PASS,38.41008771929649,0.0,"Baseline UPS logic. V: 0.965, SOC: 38.4%",0
2026-01-01T20:57:35Z,ISLAND,38.38450292397486,0.0,"Baseline UPS logic. V: 0.932, SOC: 38.4%",0
2026-01-01T20:57:40Z,ISLAND,38.358918128653215,0.0,"Baseline UPS logic. V: 0.906, SOC: 38.4%",0
2026-01-01T20:57:45Z,ISLAND,38.33333333333158,0.0,"Baseline UPS logic. V: 0.876, SOC: 38.4%",0
2026-01-01T20:57:50Z,ISLAND,38.307748538009946,0.0,"Baseline UPS logic. V: 0.909, SOC: 38.3%",0
2026-01-01T20:57:55Z,ISLAND,38.282163742688304,0.0,"Baseline UPS logic. V: 0.891, SOC: 38.3%",0
2026-01-01T20:58:00Z,ISLAND,38.25657894736666,0.0,"Baseline UPS logic. V: 0.859, SOC: 38.3%",0
2026-01-01T20:58:05Z,ISLAND,38.23099415204503,0.0,"Baseline UPS logic. V: 0.899, SOC: 38.3%",0
2026-01-01T20:58:10Z,ISLAND,38.20540935672339,0.0,"Baseline UPS logic. V: 0.905, SOC: 38.2%",0
2026-01-01T20:58:15Z,ISLAND,38.17982456140175,0.0,"Baseline UPS logic. V: 0.873, SOC: 38.2%",0
2026-01-01T20:58:20Z,ISLAND,38.15423976608011,0.0,"Baseline UPS logic. V: 0.937, SOC: 38.2%",0
2026-01-01T20:58:25Z,GRID_PASS,38.15423976608011,0.0,"Baseline UPS logic. V: 0.957, SOC: 38.2%",0
2026-01-01T20:58:30Z,GRID_PASS,38.15423976608011,0.0,"Baseline UPS logic. V: 0.941, SOC: 38.2%",0
2026-01-01T20:58:35Z,ISLAND,38.128654970758475,0.0,"Baseline UPS logic. V: 0.877, SOC: 38.2%",0
2026-01-01T20:58:40Z,ISLAND,38.10307017543684,0.0,"Baseline UPS logic. V: 0.929, SOC: 38.1%",0
2026-01-01T20:58:45Z,ISLAND,38.0774853801152,0.0,"Baseline UPS logic. V: 0.896, SOC: 38.1%",0
2026-01-01T20:58:50Z,ISLAND,38.051900584793565,0.0,"Baseline UPS logic. V: 0.830, SOC: 38.1%",0
2026-01-01T20:58:55Z,ISLAND,38.02631578947192,0.0,"Baseline UPS logic. V: 0.926, SOC: 38.1%",0
2026-01-01T20:59:00Z,ISLAND,38.00073099415028,0.0,"Baseline UPS logic. V: 0.899, SOC: 38.0%",0
2026-01-01T20:59:05Z,GRID_PASS,38.00073099415028,0.0,"Baseline UPS logic. V: 1.022, SOC: 38.0%",0
2026-01-01T20:59:10Z,GRID_PASS,38.00073099415028,0.0,"Baseline UPS logic. V: 0.965, SOC: 38.0%",0
2026-01-01T20:59:15Z,ISLAND,37.97514619882865,0.0,"Baseline UPS logic. V: 0.926, SOC: 38.0%",0
2026-01-01T20:59:20Z,ISLAND,37.94956140350701,0.0,"Baseline UPS logic. V: 0.903, SOC: 38.0%",0
2026-01-01T20:59:25Z,ISLAND,37.92397660818537,0.0,"Baseline UPS logic. V: 0.900, SOC: 37.9%",0
2026-01-01T20:59:30Z,ISLAND,37.89839181286373,0.0,"Baseline UPS logic. V: 0.842, SOC: 37.9%",0
2026-01-01T20:59:35Z,ISLAND,37.872807017542094,0.0,"Baseline UPS logic. V: 0.805, SOC: 37.9%",0
2026-01-01T20:59:40Z,ISLAND,37.84722222222045,0.0,"Baseline UPS logic. V: 0.849, SOC: 37.9%",0
2026-01-01T20:59:45Z,ISLAND,37.82163742689882,0.0,"Baseline UPS logic. V: 0.890, SOC: 37.8%",0
2026-01-01T20:59:50Z,ISLAND,37.79605263157718,0.0,"Baseline UPS logic. V: 0.787, SOC: 37.8%",0
2026-01-01T20:59:55Z,ISLAND,37.77046783625554,0.0,"Baseline UPS logic. V: 0.865, SOC: 37.8%",0
2026-01-01T21:00:00Z,ISLAND,37.7448830409339,0.0,"Baseline UPS logic. V: 0.880, SOC: 37.8%",0
2026-01-01T21:00:05Z,ISLAND,37.719298245612265,0.0,"Baseline UPS logic. V: 0.882, SOC: 37.7%",0
2026-01-01T21:00:10Z,ISLAND,37.69371345029063,0.0,"Baseline UPS logic. V: 0.859, SOC: 37.7%",0
2026-01-01T21:00:15Z,ISLAND,37.66812865496899,0.0,"Baseline UPS logic. V: 0.875, SOC: 37.7%",0
2026-01-01T21:00:20Z,GRID_PASS,37.66812865496899,0.0,"Baseline UPS logic. V: 0.979, SOC: 37.7%",0
2026-01-01T21:00:25Z,ISLAND,37.64254385964735,0.0,"Baseline UPS logic. V: 0.925, SOC: 37.7%",0
2026-01-01T21:00:30Z,ISLAND,37.61695906432571,0.0,"Baseline UPS logic. V: 0.863, SOC: 37.6%",0
2026-01-01T21:00:35Z,ISLAND,37.59137426900408,0.0,"Baseline UPS logic. V: 0.889, SOC: 37.6%",0
2026-01-01T21:00:40Z,ISLAND,37.565789473682436,0.0,"Baseline UPS logic. V: 0.891, SOC: 37.6%",0
2026-01-01T21:00:45Z,ISLAND,37.5402046783608,0.0,"Baseline UPS logic. V: 0.854, SOC: 37.6%",0
2026-01-01T21:00:50Z,ISLAND,37.51461988303916,0.0,"Baseline UPS logic. V: 0.854, SOC: 37.5%",0
2026-01-01T21:00:55Z,GRID_PASS,37.51461988303916,0.0,"Baseline UPS logic. V: 0.943, SOC: 37.5%",0
2026-01-01T21:01:00Z,ISLAND,37.48903508771752,0.0,"Baseline UPS logic. V: 0.871, SOC: 37.5%",0
2026-01-01T21:01:05Z,ISLAND,37.46345029239588,0.0,"Baseline UPS logic. V: 0.837, SOC: 37.5%",0
2026-01-01T21:01:10Z,ISLAND,37.43786549707425,0.0,"Baseline UPS logic. V: 0.890, SOC: 37.5%",0
2026-01-01T21:01:15Z,ISLAND,37.41228070175261,0.0,"Baseline UPS logic. V: 0.898, SOC: 37.4%",0
2026-01-01T21:01:20Z,ISLAND,37.386695906430965,0.0,"Baseline UPS logic. V: 0.794, SOC: 37.4%",0
2026-01-01T21:01:25Z,ISLAND,37.36111111110933,0.0,"Baseline UPS logic. V: 0.890, SOC: 37.4%",0
2026-01-01T21:01:30Z,ISLAND,37.33552631578769,0.0,"Baseline UPS logic. V: 0.936, SOC: 37.4%",0
2026-01-01T21:01:35Z,ISLAND,37.309941520466054,0.0,"Baseline UPS logic. V: 0.915, SOC: 37.3%",0
2026-01-01T21:01:40Z,GRID_PASS,37.309941520466054,0.0,"Baseline UPS logic. V: 1.004, SOC: 37.3%",0
2026-01-01T21:01:45Z,GRID_PASS,37.309941520466054,0.0,"Baseline UPS logic. V: 0.955, SOC: 37.3%",0
2026-01-01T21:01:50Z,GRID_PASS,37.309941520466054,0.0,"Baseline UPS logic. V: 0.964, SOC: 37.3%",0
2026-01-01T21:01:55Z,GRID_PASS,37.309941520466054,0.0,"Baseline UPS logic. V: 1.031, SOC: 37.3%",0
2026-01-01T21:02:00Z,ISLAND,37.28435672514442,0.0,"Baseline UPS logic. V: 0.929, SOC: 37.3%",0
2026-01-01T21:02:05Z,ISLAND,37.25877192982278,0.0,"Baseline UPS logic. V: 0.900, SOC: 37.3%",0
2026-01-01T21:02:10Z,GRID_PASS,37.25877192982278,0.0,"Baseline UPS logic. V: 0.941, SOC: 37.3%",0
2026-01-01T21:02:15Z,ISLAND,37.23318713450114,0.0,"Baseline UPS logic. V: 0.865, SOC: 37.3%",0
2026-01-01T21:02:20Z,ISLAND,37.2076023391795,0.0,"Baseline UPS logic. V: 0.897, SOC: 37.2%",0
2026-01-01T21:02:25Z,ISLAND,37.18201754385787,0.0,"Baseline UPS logic. V: 0.860, SOC: 37.2%",0
2026-01-01T21:02:30Z,ISLAND,37.156432748536226,0.0,"Baseline UPS logic. V: 0.913, SOC: 37.2%",0
2026-01-01T21:02:35Z,ISLAND,37.130847953214584,0.0,"Baseline UPS logic. V: 0.860, SOC: 37.2%",0
2026-01-01T21:02:40Z,ISLAND,37.10526315789295,0.0,"Baseline UPS logic. V: 0.858, SOC: 37.1%",0
2026-01-01T21:02:45Z,ISLAND,37.079678362571315,0.0,"Baseline UPS logic. V: 0.913, SOC: 37.1%",0
2026-01-01T21:02:50Z,ISLAND,37.05409356724967,0.0,"Baseline UPS logic. V: 0.886, SOC: 37.1%",0
2026-01-01T21:02:55Z,ISLAND,37.02850877192804,0.0,"Baseline UPS logic. V: 0.796, SOC: 37.1%",0
2026-01-01T21:03:00Z,ISLAND,37.0029239766064,0.0,"Baseline UPS logic. V: 0.820, SOC: 37.0%",0
2026-01-01T21:03:05Z,ISLAND,36.977339181284755,0.0,"Baseline UPS logic. V: 0.835, SOC: 37.0%",0
2026-01-01T21:03:10Z,ISLAND,36.95175438596312,0.0,"Baseline UPS logic. V: 0.849, SOC: 37.0%",0
2026-01-01T21:03:15Z,ISLAND,36.926169590641486,0.0,"Baseline UPS logic. V: 0.914, SOC: 37.0%",0
2026-01-01T21:03:20Z,ISLAND,36.900584795319844,0.0,"Baseline UPS logic. V: 0.904, SOC: 36.9%",0
2026-01-01T21:03:25Z,GRID_PASS,36.900584795319844,0.0,"Baseline UPS logic. V: 0.946, SOC: 36.9%",0
2026-01-01T21:03:30Z,ISLAND,36.8749999999982,0.0,"Baseline UPS logic. V: 0.930, SOC: 36.9%",0
2026-01-01T21:03:35Z,GRID_PASS,36.8749999999982,0.0,"Baseline UPS logic. V: 0.945, SOC: 36.9%",0
2026-01-01T21:03:40Z,ISLAND,36.84941520467657,0.0,"Baseline UPS logic. V: 0.923, SOC: 36.9%",0
2026-01-01T21:03:45Z,ISLAND,36.823830409354926,0.0,"Baseline UPS logic. V: 0.902, SOC: 36.8%",0
2026-01-01T21:03:50Z,GRID_PASS,36.823830409354926,0.0,"Baseline UPS logic. V: 0.948, SOC: 36.8%",0
2026-01-01T21:03:55Z,ISLAND,36.79824561403329,0.0,"Baseline UPS logic. V: 0.939, SOC: 36.8%",0
2026-01-01T21:04:00Z,ISLAND,36.77266081871166,0.0,"Baseline UPS logic. V: 0.910, SOC: 36.8%",0
2026-01-01T21:04:05Z,GRID_PASS,36.77266081871166,0.0,"Baseline UPS logic. V: 0.957, SOC: 36.8%",0
2026-01-01T21:04:10Z,ISLAND,36.747076023390015,0.0,"Baseline UPS logic. V: 0.776, SOC: 36.8%",0
2026-01-01T21:04:15Z,ISLAND,36.72149122806837,0.0,"Baseline UPS logic. V: 0.877, SOC: 36.7%",0
2026-01-01T21:04:20Z,ISLAND,36.69590643274674,0.0,"Baseline UPS logic. V: 0.878, SOC: 36.7%",0
2026-01-01T21:04:25Z,GRID_PASS,36.69590643274674,0.0,"Baseline UPS logic. V: 0.951, SOC: 36.7%",0
2026-01-01T21:04:30Z,GRID_PASS,36.69590643274674,0.0,"Baseline UPS logic. V: 0.972, SOC: 36.7%",0
2026-01-01T21:04:35Z,ISLAND,36.670321637425104,0.0,"Baseline UPS logic. V: 0.819, SOC: 36.7%",0
2026-01-01T21:04:40Z,GRID_PASS,36.670321637425104,0.0,"Baseline UPS logic. V: 0.962, SOC: 36.7%",0
2026-01-01T21:04:45Z,ISLAND,36.64473684210346,0.0,"Baseline UPS logic. V: 0.834, SOC: 36.7%",0
2026-01-01T21:04:50Z,ISLAND,36.61915204678182,0.0,"Baseline UPS logic. V: 0.835, SOC: 36.6%",0
2026-01-01T21:04:55Z,ISLAND,36.593567251460186,0.0,"Baseline UPS logic. V: 0.881, SOC: 36.6%",0
2026-01-01T21:05:00Z,ISLAND,36.56798245613855,0.0,"Baseline UPS logic. V: 0.877, SOC: 36.6%",0
2026-01-01T21:05:05Z,ISLAND,36.54239766081691,0.0,"Baseline UPS logic. V: 0.815, SOC: 36.6%",0
2026-01-01T21:05:10Z,ISLAND,36.516812865495275,0.0,"Baseline UPS logic. V: 0.926, SOC: 36.5%",0
2026-01-01T21:05:15Z,ISLAND,36.491228070173634,0.0,"Baseline UPS logic. V: 0.927, SOC: 36.5%",0
2026-01-01T21:05:20Z,GRID_PASS,36.491228070173634,0.0,"Baseline UPS logic. V: 0.946, SOC: 36.5%",0
2026-01-01T21:05:25Z,ISLAND,36.46564327485199,0.0,"Baseline UPS logic. V: 0.872, SOC: 36.5%",0
2026-01-01T21:05:30Z,ISLAND,36.44005847953036,0.0,"Baseline UPS logic. V: 0.890, SOC: 36.5%",0
2026-01-01T21:05:35Z,ISLAND,36.41447368420872,0.0,"Baseline UPS logic. V: 0.892, SOC: 36.4%",0
2026-01-01T21:05:40Z,GRID_PASS,36.41447368420872,0.0,"Baseline UPS logic. V: 0.978, SOC: 36.4%",0
2026-01-01T21:05:45Z,ISLAND,36.38888888888708,0.0,"Baseline UPS logic. V: 0.751, SOC: 36.4%",0
2026-01-01T21:05:50Z,ISLAND,36.36330409356544,0.0,"Baseline UPS logic. V: 0.844, SOC: 36.4%",0
2026-01-01T21:05:55Z,ISLAND,36.337719298243805,0.0,"Baseline UPS logic. V: 0.893, SOC: 36.4%",0
2026-01-01T21:06:00Z,ISLAND,36.31213450292216,0.0,"Baseline UPS logic. V: 0.839, SOC: 36.3%",0
2026-01-01T21:06:05Z,ISLAND,36.28654970760053,0.0,"Baseline UPS logic. V: 0.880, SOC: 36.3%",0
2026-01-01T21:06:10Z,ISLAND,36.260964912278894,0.0,"Baseline UPS logic. V: 0.887, SOC: 36.3%",0
2026-01-01T21:06:15Z,ISLAND,36.23538011695725,0.0,"Baseline UPS logic. V: 0.861, SOC: 36.3%",0
2026-01-01T21:06:20Z,ISLAND,36.20979532163561,0.0,"Baseline UPS logic. V: 0.897, SOC: 36.2%",0
2026-01-01T21:06:25Z,ISLAND,36.184210526313976,0.0,"Baseline UPS logic. V: 0.925, SOC: 36.2%",0
2026-01-01T21:06:30Z,ISLAND,36.15862573099234,0.0,"Baseline UPS logic. V: 0.882, SOC: 36.2%",0
2026-01-01T21:06:35Z,ISLAND,36.1330409356707,0.0,"Baseline UPS logic. V: 0.871, SOC: 36.2%",0
2026-01-01T21:06:40Z,ISLAND,36.10745614034906,0.0,"Baseline UPS logic. V: 0.885, SOC: 36.1%",0
2026-01-01T21:06:45Z,ISLAND,36.08187134502742,0.0,"Baseline UPS logic. V: 0.893, SOC: 36.1%",0
2026-01-01T21:06:50Z,ISLAND,36.05628654970579,0.0,"Baseline UPS logic. V: 0.806, SOC: 36.1%",0
2026-01-01T21:06:55Z,ISLAND,36.03070175438415,0.0,"Baseline UPS logic. V: 0.916, SOC: 36.1%",0
2026-01-01T21:07:00Z,ISLAND,36.00511695906251,0.0,"Baseline UPS logic. V: 0.871, SOC: 36.0%",0
2026-01-01T21:07:05Z,GRID_PASS,36.00511695906251,0.0,"Baseline UPS logic. V: 0.957, SOC: 36.0%",0
2026-01-01T21:07:10Z,ISLAND,35.97953216374087,0.0,"Baseline UPS logic. V: 0.923, SOC: 36.0%",0
2026-01-01T21:07:15Z,GRID_PASS,35.97953216374087,0.0,"Baseline UPS logic. V: 0.951, SOC: 36.0%",0
2026-01-01T21:07:20Z,ISLAND,35.95394736841923,0.0,"Baseline UPS logic. V: 0.843, SOC: 36.0%",0
2026-01-01T21:07:25Z,ISLAND,35.928362573097594,0.0,"Baseline UPS logic. V: 0.874, SOC: 36.0%",0
2026-01-01T21:07:30Z,ISLAND,35.90277777777596,0.0,"Baseline UPS logic. V: 0.831, SOC: 35.9%",0
2026-01-01T21:07:35Z,ISLAND,35.87719298245432,0.0,"Baseline UPS logic. V: 0.858, SOC: 35.9%",0
2026-01-01T21:07:40Z,GRID_PASS,35.87719298245432,0.0,"Baseline UPS logic. V: 0.956, SOC: 35.9%",0
2026-01-01T21:07:45Z,GRID_PASS,35.87719298245432,0.0,"Baseline UPS logic. V: 0.968, SOC: 35.9%",0
2026-01-01T21:07:50Z,ISLAND,35.851608187132676,0.0,"Baseline UPS logic. V: 0.835, SOC: 35.9%",0
2026-01-01T21:07:55Z,ISLAND,35.82602339181104,0.0,"Baseline UPS logic. V: 0.869, SOC: 35.9%",0
2026-01-01T21:08:00Z,ISLAND,35.8004385964894,0.0,"Baseline UPS logic. V: 0.890, SOC: 35.8%",0
2026-01-01T21:08:05Z,ISLAND,35.774853801167765,0.0,"Baseline UPS logic. V: 0.923, SOC: 35.8%",0
2026-01-01T21:08:10Z,ISLAND,35.74926900584613,0.0,"Baseline UPS logic. V: 0.806, SOC: 35.8%",0
2026-01-01T21:08:15Z,ISLAND,35.72368421052449,0.0,"Baseline UPS logic. V: 0.814, SOC: 35.7%",0
2026-01-01T21:08:20Z,ISLAND,35.69809941520285,0.0,"Baseline UPS logic. V: 0.918, SOC: 35.7%",0
2026-01-01T21:08:25Z,ISLAND,35.67251461988121,0.0,"Baseline UPS logic. V: 0.796, SOC: 35.7%",0
2026-01-01T21:08:30Z,ISLAND,35.64692982455958,0.0,"Baseline UPS logic. V: 0.871, SOC: 35.7%",0
2026-01-01T21:08:35Z,ISLAND,35.621345029237936,0.0,"Baseline UPS logic. V: 0.902, SOC: 35.6%",0
2026-01-01T21:08:40Z,ISLAND,35.595760233916295,0.0,"Baseline UPS logic. V: 0.915, SOC: 35.6%",0
2026-01-01T21:08:45Z,ISLAND,35.57017543859466,0.0,"Baseline UPS logic. V: 0.887, SOC: 35.6%",0
2026-01-01T21:08:50Z,ISLAND,35.544590643273025,0.0,"Baseline UPS logic. V: 0.875, SOC: 35.6%",0
2026-01-01T21:08:55Z,ISLAND,35.519005847951384,0.0,"Baseline UPS logic. V: 0.936, SOC: 35.5%",0
2026-01-01T21:09:00Z,ISLAND,35.49342105262975,0.0,"Baseline UPS logic. V: 0.908, SOC: 35.5%",0
2026-01-01T21:09:05Z,ISLAND,35.46783625730811,0.0,"Baseline UPS logic. V: 0.862, SOC: 35.5%",0
2026-01-01T21:09:10Z,ISLAND,35.442251461986466,0.0,"Baseline UPS logic. V: 0.896, SOC: 35.5%",0
2026-01-01T21:09:15Z,ISLAND,35.41666666666483,0.0,"Baseline UPS logic. V: 0.913, SOC: 35.4%",0
2026-01-01T21:09:20Z,GRID_PASS,35.41666666666483,0.0,"Baseline UPS logic. V: 0.980, SOC: 35.4%",0
2026-01-01T21:09:25Z,ISLAND,35.3910818713432,0.0,"Baseline UPS logic. V: 0.933, SOC: 35.4%",0
2026-01-01T21:09:30Z,GRID_PASS,35.3910818713432,0.0,"Baseline UPS logic. V: 0.953, SOC: 35.4%",0
2026-01-01T21:09:35Z,ISLAND,35.365497076021555,0.0,"Baseline UPS logic. V: 0.863, SOC: 35.4%",0
2026-01-01T21:09:40Z,ISLAND,35.33991228069991,0.0,"Baseline UPS logic. V: 0.866, SOC: 35.4%",0
2026-01-01T21:09:45Z,ISLAND,35.31432748537828,0.0,"Baseline UPS logic. V: 0.882, SOC: 35.3%",0
2026-01-01T21:09:50Z,ISLAND,35.28874269005664,0.0,"Baseline UPS logic. V: 0.887, SOC: 35.3%",0
2026-01-01T21:09:55Z,ISLAND,35.263157894735,0.0,"Baseline UPS logic. V: 0.844, SOC: 35.3%",0
2026-01-01T21:10:00Z,GRID_PASS,35.263157894735,0.0,"Baseline UPS logic. V: 0.957, SOC: 35.3%",0
2026-01-01T21:10:05Z,ISLAND,35.23757309941337,0.0,"Baseline UPS logic. V: 0.938, SOC: 35.3%",0
2026-01-01T21:10:10Z,ISLAND,35.211988304091726,0.0,"Baseline UPS logic. V: 0.878, SOC: 35.2%",0
2026-01-01T21:10:15Z,ISLAND,35.186403508770084,0.0,"Baseline UPS logic. V: 0.926, SOC: 35.2%",0
2026-01-01T21:10:20Z,ISLAND,35.16081871344845,0.0,"Baseline UPS logic. V: 0.905, SOC: 35.2%",0
2026-01-01T21:10:25Z,ISLAND,35.135233918126815,0.0,"Baseline UPS logic. V: 0.930, SOC: 35.2%",0
2026-01-01T21:10:30Z,ISLAND,35.10964912280517,0.0,"Baseline UPS logic. V: 0.827, SOC: 35.1%",0
2026-01-01T21:10:35Z,ISLAND,35.08406432748353,0.0,"Baseline UPS logic. V: 0.887, SOC: 35.1%",0
2026-01-01T21:10:40Z,ISLAND,35.0584795321619,0.0,"Baseline UPS logic. V: 0.891, SOC: 35.1%",0
2026-01-01T21:10:45Z,ISLAND,35.03289473684026,0.0,"Baseline UPS logic. V: 0.925, SOC: 35.1%",0
2026-01-01T21:10:50Z,ISLAND,35.00730994151862,0.0,"Baseline UPS logic. V: 0.863, SOC: 35.0%",0
2026-01-01T21:10:55Z,ISLAND,34.981725146196986,0.0,"Baseline UPS logic. V: 0.769, SOC: 35.0%",0
2026-01-01T21:11:00Z,ISLAND,34.956140350875344,0.0,"Baseline UPS logic. V: 0.840, SOC: 35.0%",0
2026-01-01T21:11:05Z,ISLAND,34.9305555555537,0.0,"Baseline UPS logic. V: 0.891, SOC: 35.0%",0
2026-01-01T21:11:10Z,ISLAND,34.90497076023207,0.0,"Baseline UPS logic. V: 0.898, SOC: 34.9%",0
2026-01-01T21:11:15Z,GRID_PASS,34.90497076023207,0.0,"Baseline UPS logic. V: 0.979, SOC: 34.9%",0
2026-01-01T21:11:20Z,ISLAND,34.87938596491043,0.0,"Baseline UPS logic. V: 0.924, SOC: 34.9%",0
2026-01-01T21:11:25Z,ISLAND,34.85380116958879,0.0,"Baseline UPS logic. V: 0.897, SOC: 34.9%",0
2026-01-01T21:11:30Z,ISLAND,34.82821637426715,0.0,"Baseline UPS logic. V: 0.893, SOC: 34.9%",0
2026-01-01T21:11:35Z,GRID_PASS,34.82821637426715,0.0,"Baseline UPS logic. V: 0.950, SOC: 34.8%",0
2026-01-01T21:11:40Z,ISLAND,34.802631578945515,0.0,"Baseline UPS logic. V: 0.865, SOC: 34.8%",0
2026-01-01T21:11:45Z,ISLAND,34.777046783623874,0.0,"Baseline UPS logic. V: 0.886, SOC: 34.8%",0
2026-01-01T21:11:50Z,ISLAND,34.75146198830224,0.0,"Baseline UPS logic. V: 0.840, SOC: 34.8%",0
2026-01-01T21:11:55Z,GRID_PASS,34.75146198830224,0.0,"Baseline UPS logic. V: 0.965, SOC: 34.8%",0
2026-01-01T21:12:00Z,ISLAND,34.725877192980604,0.0,"Baseline UPS logic. V: 0.914, SOC: 34.8%",0
2026-01-01T21:12:05Z,ISLAND,34.70029239765896,0.0,"Baseline UPS logic. V: 0.858, SOC: 34.7%",0
2026-01-01T21:12:10Z,ISLAND,34.67470760233732,0.0,"Baseline UPS logic. V: 0.889, SOC: 34.7%",0
2026-01-01T21:12:15Z,ISLAND,34.64912280701569,0.0,"Baseline UPS logic. V: 0.920, SOC: 34.7%",0
2026-01-01T21:12:20Z,ISLAND,34.62353801169405,0.0,"Baseline UPS logic. V: 0.882, SOC: 34.6%",0
2026-01-01T21:12:25Z,ISLAND,34.59795321637241,0.0,"Baseline UPS logic. V: 0.868, SOC: 34.6%",0
2026-01-01T21:12:30Z,ISLAND,34.57236842105077,0.0,"Baseline UPS logic. V: 0.862, SOC: 34.6%",0
2026-01-01T21:12:35Z,ISLAND,34.546783625729134,0.0,"Baseline UPS logic. V: 0.912, SOC: 34.6%",0
2026-01-01T21:12:40Z,ISLAND,34.5211988304075,0.0,"Baseline UPS logic. V: 0.877, SOC: 34.5%",0
2026-01-01T21:12:45Z,ISLAND,34.49561403508586,0.0,"Baseline UPS logic. V: 0.872, SOC: 34.5%",0
2026-01-01T21:12:50Z,ISLAND,34.47002923976422,0.0,"Baseline UPS logic. V: 0.828, SOC: 34.5%",0
2026-01-01T21:12:55Z,ISLAND,34.44444444444258,0.0,"Baseline UPS logic. V: 0.898, SOC: 34.5%",0
2026-01-01T21:13:00Z,ISLAND,34.41885964912094,0.0,"Baseline UPS logic. V: 0.886, SOC: 34.4%",0
2026-01-01T21:13:05Z,ISLAND,34.393274853799305,0.0,"Baseline UPS logic. V: 0.879, SOC: 34.4%",0
2026-01-01T21:13:10Z,ISLAND,34.36769005847767,0.0,"Baseline UPS logic. V: 0.905, SOC: 34.4%",0
2026-01-01T21:13:15Z,ISLAND,34.34210526315603,0.0,"Baseline UPS logic. V: 0.932, SOC: 34.4%",0
2026-01-01T21:13:20Z,ISLAND,34.31652046783439,0.0,"Baseline UPS logic. V: 0.930, SOC: 34.3%",0
2026-01-01T21:13:25Z,ISLAND,34.29093567251275,0.0,"Baseline UPS logic. V: 0.922, SOC: 34.3%",0
2026-01-01T21:13:30Z,ISLAND,34.26535087719111,0.0,"Baseline UPS logic. V: 0.883, SOC: 34.3%",0
2026-01-01T21:13:35Z,ISLAND,34.239766081869476,0.0,"Baseline UPS logic. V: 0.866, SOC: 34.3%",0
2026-01-01T21:13:40Z,ISLAND,34.21418128654784,0.0,"Baseline UPS logic. V: 0.843, SOC: 34.2%",0
2026-01-01T21:13:45Z,ISLAND,34.1885964912262,0.0,"Baseline UPS logic. V: 0.865, SOC: 34.2%",0
2026-01-01T21:13:50Z,ISLAND,34.16301169590456,0.0,"Baseline UPS logic. V: 0.896, SOC: 34.2%",0
2026-01-01T21:13:55Z,ISLAND,34.13742690058292,0.0,"Baseline UPS logic. V: 0.855, SOC: 34.2%",0
2026-01-01T21:14:00Z,ISLAND,34.11184210526129,0.0,"Baseline UPS logic. V: 0.900, SOC: 34.1%",0
2026-01-01T21:14:05Z,ISLAND,34.08625730993965,0.0,"Baseline UPS logic. V: 0.847, SOC: 34.1%",0
2026-01-01T21:14:10Z,ISLAND,34.060672514618005,0.0,"Baseline UPS logic. V: 0.812, SOC: 34.1%",0
2026-01-01T21:14:15Z,ISLAND,34.03508771929637,0.0,"Baseline UPS logic. V: 0.936, SOC: 34.1%",0
2026-01-01T21:14:20Z,ISLAND,34.009502923974736,0.0,"Baseline UPS logic. V: 0.871, SOC: 34.0%",0
2026-01-01T21:14:25Z,ISLAND,33.983918128653094,0.0,"Baseline UPS logic. V: 0.853, SOC: 34.0%",0
2026-01-01T21:14:30Z,ISLAND,33.95833333333146,0.0,"Baseline UPS logic. V: 0.840, SOC: 34.0%",0
2026-01-01T21:14:35Z,ISLAND,33.93274853800982,0.0,"Baseline UPS logic. V: 0.916, SOC: 34.0%",0
2026-01-01T21:14:40Z,GRID_PASS,33.93274853800982,0.0,"Baseline UPS logic. V: 0.964, SOC: 33.9%",0
2026-01-01T21:14:45Z,ISLAND,33.90716374268818,0.0,"Baseline UPS logic. V: 0.875, SOC: 33.9%",0
2026-01-01T21:14:50Z,ISLAND,33.88157894736654,0.0,"Baseline UPS logic. V: 0.883, SOC: 33.9%",0
2026-01-01T21:14:55Z,GRID_PASS,33.88157894736654,0.0,"Baseline UPS logic. V: 0.949, SOC: 33.9%",0
2026-01-01T21:15:00Z,ISLAND,33.85599415204491,0.0,"Baseline UPS logic. V: 0.804, SOC: 33.9%",0
2026-01-01T21:15:05Z,GRID_PASS,33.85599415204491,0.0,"Baseline UPS logic. V: 0.992, SOC: 33.9%",0
2026-01-01T21:15:10Z,GRID_PASS,33.85599415204491,0.0,"Baseline UPS logic. V: 1.017, SOC: 33.9%",0
2026-01-01T21:15:15Z,ISLAND,33.830409356723266,0.0,"Baseline UPS logic. V: 0.758, SOC: 33.9%",0
2026-01-01T21:15:20Z,ISLAND,33.804824561401624,0.0,"Baseline UPS logic. V: 0.889, SOC: 33.8%",0
2026-01-01T21:15:25Z,ISLAND,33.77923976607999,0.0,"Baseline UPS logic. V: 0.859, SOC: 33.8%",0
2026-01-01T21:15:30Z,ISLAND,33.75365497075835,0.0,"Baseline UPS logic. V: 0.882, SOC: 33.8%",0
2026-01-01T21:15:35Z,ISLAND,33.72807017543671,0.0,"Baseline UPS logic. V: 0.874, SOC: 33.8%",0
2026-01-01T21:15:40Z,ISLAND,33.70248538011508,0.0,"Baseline UPS logic. V: 0.936, SOC: 33.7%",0
2026-01-01T21:15:45Z,ISLAND,33.67690058479344,0.0,"Baseline UPS logic. V: 0.890, SOC: 33.7%",0
2026-01-01T21:15:50Z,ISLAND,33.651315789471795,0.0,"Baseline UPS logic. V: 0.850, SOC: 33.7%",0
2026-01-01T21:15:55Z,ISLAND,33.62573099415016,0.0,"Baseline UPS logic. V: 0.887, SOC: 33.7%",0
2026-01-01T21:16:00Z,ISLAND,33.600146198828526,0.0,"Baseline UPS logic. V: 0.921, SOC: 33.6%",0
2026-01-01T21:16:05Z,ISLAND,33.574561403506884,0.0,"Baseline UPS logic. V: 0.836, SOC: 33.6%",0
2026-01-01T21:16:10Z,ISLAND,33.54897660818524,0.0,"Baseline UPS logic. V: 0.813, SOC: 33.6%",0
2026-01-01T21:16:15Z,GRID_PASS,33.54897660818524,0.0,"Baseline UPS logic. V: 0.995, SOC: 33.5%",0
2026-01-01T21:16:20Z,ISLAND,33.52339181286361,0.0,"Baseline UPS logic. V: 0.863, SOC: 33.5%",0
2026-01-01T21:16:25Z,ISLAND,33.49780701754197,0.0,"Baseline UPS logic. V: 0.887, SOC: 33.5%",0
2026-01-01T21:16:30Z,ISLAND,33.47222222222033,0.0,"Baseline UPS logic. V: 0.876, SOC: 33.5%",0
2026-01-01T21:16:35Z,ISLAND,33.4466374268987,0.0,"Baseline UPS logic. V: 0.923, SOC: 33.5%",0
2026-01-01T21:16:40Z,GRID_PASS,33.4466374268987,0.0,"Baseline UPS logic. V: 0.984, SOC: 33.4%",0
2026-01-01T21:16:45Z,ISLAND,33.421052631577055,0.0,"Baseline UPS logic. V: 0.924, SOC: 33.4%",0
2026-01-01T21:16:50Z,ISLAND,33.39546783625541,0.0,"Baseline UPS logic. V: 0.818, SOC: 33.4%",0
2026-01-01T21:16:55Z,ISLAND,33.36988304093378,0.0,"Baseline UPS logic. V: 0.826, SOC: 33.4%",0
2026-01-01T21:17:00Z,ISLAND,33.344298245612144,0.0,"Baseline UPS logic. V: 0.876, SOC: 33.4%",0
2026-01-01T21:17:05Z,ISLAND,33.3187134502905,0.0,"Baseline UPS logic. V: 0.882, SOC: 33.3%",0
2026-01-01T21:17:10Z,ISLAND,33.29312865496886,0.0,"Baseline UPS logic. V: 0.810, SOC: 33.3%",0
2026-01-01T21:17:15Z,ISLAND,33.267543859647226,0.0,"Baseline UPS logic. V: 0.937, SOC: 33.3%",0
2026-01-01T21:17:20Z,ISLAND,33.241959064325584,0.0,"Baseline UPS logic. V: 0.841, SOC: 33.3%",0
2026-01-01T21:17:25Z,GRID_PASS,33.241959064325584,0.0,"Baseline UPS logic. V: 0.970, SOC: 33.2%",0
2026-01-01T21:17:30Z,GRID_PASS,33.241959064325584,0.0,"Baseline UPS logic. V: 0.987, SOC: 33.2%",0
2026-01-01T21:17:35Z,ISLAND,33.21637426900395,0.0,"Baseline UPS logic. V: 0.882, SOC: 33.2%",0
2026-01-01T21:17:40Z,ISLAND,33.190789473682315,0.0,"Baseline UPS logic. V: 0.916, SOC: 33.2%",0
2026-01-01T21:17:45Z,ISLAND,33.16520467836067,0.0,"Baseline UPS logic. V: 0.834, SOC: 33.2%",0
2026-01-01T21:17:50Z,ISLAND,33.13961988303903,0.0,"Baseline UPS logic. V: 0.927, SOC: 33.2%",0
2026-01-01T21:17:55Z,ISLAND,33.1140350877174,0.0,"Baseline UPS logic. V: 0.871, SOC: 33.1%",0
2026-01-01T21:18:00Z,ISLAND,33.08845029239576,0.0,"Baseline UPS logic. V: 0.841, SOC: 33.1%",0
2026-01-01T21:18:05Z,ISLAND,33.06286549707412,0.0,"Baseline UPS logic. V: 0.881, SOC: 33.1%",0
2026-01-01T21:18:10Z,ISLAND,33.03728070175248,0.0,"Baseline UPS logic. V: 0.873, SOC: 33.1%",0
2026-01-01T21:18:15Z,ISLAND,33.011695906430845,0.0,"Baseline UPS logic. V: 0.880, SOC: 33.0%",0
2026-01-01T21:18:20Z,GRID_PASS,33.011695906430845,0.0,"Baseline UPS logic. V: 0.943, SOC: 33.0%",0
2026-01-01T21:18:25Z,ISLAND,32.98611111110921,0.0,"Baseline UPS logic. V: 0.857, SOC: 33.0%",0
2026-01-01T21:18:30Z,GRID_PASS,32.98611111110921,0.0,"Baseline UPS logic. V: 0.981, SOC: 33.0%",0
2026-01-01T21:18:35Z,ISLAND,32.96052631578757,0.0,"Baseline UPS logic. V: 0.830, SOC: 33.0%",0
2026-01-01T21:18:40Z,GRID_PASS,32.96052631578757,0.0,"Baseline UPS logic. V: 0.975, SOC: 33.0%",0
2026-01-01T21:18:45Z,ISLAND,32.934941520465934,0.0,"Baseline UPS logic. V: 0.845, SOC: 33.0%",0
2026-01-01T21:18:50Z,ISLAND,32.90935672514429,0.0,"Baseline UPS logic. V: 0.895, SOC: 32.9%",0
2026-01-01T21:18:55Z,ISLAND,32.88377192982265,0.0,"Baseline UPS logic. V: 0.871, SOC: 32.9%",0
2026-01-01T21:19:00Z,ISLAND,32.858187134501016,0.0,"Baseline UPS logic. V: 0.879, SOC: 32.9%",0
2026-01-01T21:19:05Z,ISLAND,32.83260233917938,0.0,"Baseline UPS logic. V: 0.936, SOC: 32.9%",0
2026-01-01T21:19:10Z,GRID_PASS,32.83260233917938,0.0,"Baseline UPS logic. V: 0.971, SOC: 32.8%",0
2026-01-01T21:19:15Z,GRID_PASS,32.83260233917938,0.0,"Baseline UPS logic. V: 0.956, SOC: 32.8%",0
2026-01-01T21:19:20Z,ISLAND,32.80701754385774,0.0,"Baseline UPS logic. V: 0.875, SOC: 32.8%",0
2026-01-01T21:19:25Z,ISLAND,32.7814327485361,0.0,"Baseline UPS logic. V: 0.904, SOC: 32.8%",0
2026-01-01T21:19:30Z,ISLAND,32.75584795321446,0.0,"Baseline UPS logic. V: 0.857, SOC: 32.8%",0
2026-01-01T21:19:35Z,ISLAND,32.73026315789282,0.0,"Baseline UPS logic. V: 0.847, SOC: 32.8%",0
2026-01-01T21:19:40Z,ISLAND,32.70467836257119,0.0,"Baseline UPS logic. V: 0.839, SOC: 32.7%",0
2026-01-01T21:19:45Z,ISLAND,32.67909356724955,0.0,"Baseline UPS logic. V: 0.874, SOC: 32.7%",0
2026-01-01T21:19:50Z,ISLAND,32.65350877192791,0.0,"Baseline UPS logic. V: 0.909, SOC: 32.7%",0
2026-01-01T21:19:55Z,ISLAND,32.62792397660627,0.0,"Baseline UPS logic. V: 0.801, SOC: 32.7%",0
2026-01-01T21:20:00Z,ISLAND,32.602339181284634,0.0,"Baseline UPS logic. V: 0.894, SOC: 32.6%",0
2026-01-01T21:20:05Z,GRID_PASS,32.602339181284634,0.0,"Baseline UPS logic. V: 0.972, SOC: 32.6%",0
2026-01-01T21:20:10Z,GRID_PASS,32.602339181284634,0.0,"Baseline UPS logic. V: 0.952, SOC: 32.6%",0
2026-01-01T21:20:15Z,ISLAND,32.576754385963,0.0,"Baseline UPS logic. V: 0.866, SOC: 32.6%",0
2026-01-01T21:20:20Z,ISLAND,32.55116959064136,0.0,"Baseline UPS logic. V: 0.825, SOC: 32.6%",0
2026-01-01T21:20:25Z,ISLAND,32.525584795319716,0.0,"Baseline UPS logic. V: 0.919, SOC: 32.6%",0
2026-01-01T21:20:30Z,ISLAND,32.49999999999808,0.0,"Baseline UPS logic. V: 0.781, SOC: 32.5%",0
2026-01-01T21:20:35Z,GRID_PASS,32.49999999999808,0.0,"Baseline UPS logic. V: 0.952, SOC: 32.5%",0
2026-01-01T21:20:40Z,ISLAND,32.47441520467645,0.0,"Baseline UPS logic. V: 0.886, SOC: 32.5%",0
2026-01-01T21:20:45Z,GRID_PASS,32.47441520467645,0.0,"Baseline UPS logic. V: 0.987, SOC: 32.5%",0
2026-01-01T21:20:50Z,ISLAND,32.448830409354805,0.0,"Baseline UPS logic. V: 0.810, SOC: 32.5%",0
2026-01-01T21:20:55Z,GRID_PASS,32.448830409354805,0.0,"Baseline UPS logic. V: 0.941, SOC: 32.4%",0
2026-01-01T21:21:00Z,ISLAND,32.42324561403317,0.0,"Baseline UPS logic. V: 0.891, SOC: 32.4%",0
2026-01-01T21:21:05Z,ISLAND,32.39766081871153,0.0,"Baseline UPS logic. V: 0.879, SOC: 32.4%",0
2026-01-01T21:21:10Z,ISLAND,32.37207602338989,0.0,"Baseline UPS logic. V: 0.828, SOC: 32.4%",0
2026-01-01T21:21:15Z,ISLAND,32.34649122806825,0.0,"Baseline UPS logic. V: 0.926, SOC: 32.4%",0
2026-01-01T21:21:20Z,ISLAND,32.32090643274662,0.0,"Baseline UPS logic. V: 0.930, SOC: 32.3%",0
2026-01-01T21:21:25Z,GRID_PASS,32.32090643274662,0.0,"Baseline UPS logic. V: 0.986, SOC: 32.3%",0
2026-01-01T21:21:30Z,GRID_PASS,32.32090643274662,0.0,"Baseline UPS logic. V: 0.947, SOC: 32.3%",0
2026-01-01T21:21:35Z,ISLAND,32.295321637424976,0.0,"Baseline UPS logic. V: 0.866, SOC: 32.3%",0
2026-01-01T21:21:40Z,ISLAND,32.269736842103335,0.0,"Baseline UPS logic. V: 0.845, SOC: 32.3%",0
2026-01-01T21:21:45Z,ISLAND,32.2441520467817,0.0,"Baseline UPS logic. V: 0.828, SOC: 32.3%",0
2026-01-01T21:21:50Z,GRID_PASS,32.2441520467817,0.0,"Baseline UPS logic. V: 0.970, SOC: 32.2%",0
2026-01-01T21:21:55Z,ISLAND,32.21856725146006,0.0,"Baseline UPS logic. V: 0.858, SOC: 32.2%",0
2026-01-01T21:22:00Z,GRID_PASS,32.21856725146006,0.0,"Baseline UPS logic. V: 0.969, SOC: 32.2%",0
2026-01-01T21:22:05Z,ISLAND,32.192982456138424,0.0,"Baseline UPS logic. V: 0.923, SOC: 32.2%",0
2026-01-01T21:22:10Z,ISLAND,32.16739766081679,0.0,"Baseline UPS logic. V: 0.912, SOC: 32.2%",0
2026-01-01T21:22:15Z,ISLAND,32.14181286549515,0.0,"Baseline UPS logic. V: 0.882, SOC: 32.2%",0
2026-01-01T21:22:20Z,ISLAND,32.116228070173506,0.0,"Baseline UPS logic. V: 0.930, SOC: 32.1%",0
2026-01-01T21:22:25Z,ISLAND,32.09064327485187,0.0,"Baseline UPS logic. V: 0.896, SOC: 32.1%",0
2026-01-01T21:22:30Z,ISLAND,32.06505847953024,0.0,"Baseline UPS logic. V: 0.878, SOC: 32.1%",0
2026-01-01T21:22:35Z,ISLAND,32.039473684208595,0.0,"Baseline UPS logic. V: 0.932, SOC: 32.1%",0
2026-01-01T21:22:40Z,ISLAND,32.01388888888695,0.0,"Baseline UPS logic. V: 0.890, SOC: 32.0%",0
2026-01-01T21:22:45Z,ISLAND,31.98830409356532,0.0,"Baseline UPS logic. V: 0.857, SOC: 32.0%",0
2026-01-01T21:22:50Z,ISLAND,31.96271929824368,0.0,"Baseline UPS logic. V: 0.927, SOC: 32.0%",0
2026-01-01T21:22:55Z,ISLAND,31.937134502922042,0.0,"Baseline UPS logic. V: 0.894, SOC: 32.0%",0
2026-01-01T21:23:00Z,ISLAND,31.911549707600408,0.0,"Baseline UPS logic. V: 0.921, SOC: 31.9%",0
2026-01-01T21:23:05Z,ISLAND,31.885964912278762,0.0,"Baseline UPS logic. V: 0.874, SOC: 31.9%",0
2026-01-01T21:23:10Z,ISLAND,31.860380116957128,0.0,"Baseline UPS logic. V: 0.837, SOC: 31.9%",0
2026-01-01T21:23:15Z,GRID_PASS,31.860380116957128,0.0,"Baseline UPS logic. V: 0.984, SOC: 31.9%",0
2026-01-01T21:23:20Z,GRID_PASS,31.860380116957128,0.0,"Baseline UPS logic. V: 0.974, SOC: 31.9%",0
2026-01-01T21:23:25Z,ISLAND,31.83479532163549,0.0,"Baseline UPS logic. V: 0.940, SOC: 31.9%",0
2026-01-01T21:23:30Z,ISLAND,31.80921052631385,0.0,"Baseline UPS logic. V: 0.876, SOC: 31.8%",0
2026-01-01T21:23:35Z,ISLAND,31.783625730992217,0.0,"Baseline UPS logic. V: 0.882, SOC: 31.8%",0
2026-01-01T21:23:40Z,GRID_PASS,31.783625730992217,0.0,"Baseline UPS logic. V: 0.966, SOC: 31.8%",0
2026-01-01T21:23:45Z,ISLAND,31.75804093567057,0.0,"Baseline UPS logic. V: 0.879, SOC: 31.8%",0
2026-01-01T21:23:50Z,ISLAND,31.732456140348937,0.0,"Baseline UPS logic. V: 0.864, SOC: 31.8%",0
2026-01-01T21:23:55Z,GRID_PASS,31.732456140348937,0.0,"Baseline UPS logic. V: 0.991, SOC: 31.7%",0
2026-01-01T21:24:00Z,ISLAND,31.7068713450273,0.0,"Baseline UPS logic. V: 0.895, SOC: 31.7%",0
2026-01-01T21:24:05Z,GRID_PASS,31.7068713450273,0.0,"Baseline UPS logic. V: 0.985, SOC: 31.7%",0
2026-01-01T21:24:10Z,ISLAND,31.68128654970566,0.0,"Baseline UPS logic. V: 0.827, SOC: 31.7%",0
2026-01-01T21:24:15Z,ISLAND,31.655701754384026,0.0,"Baseline UPS logic. V: 0.922, SOC: 31.7%",0
2026-01-01T21:24:20Z,GRID_PASS,31.655701754384026,0.0,"Baseline UPS logic. V: 1.001, SOC: 31.7%",0
2026-01-01T21:24:25Z,ISLAND,31.63011695906238,0.0,"Baseline UPS logic. V: 0.899, SOC: 31.7%",0
2026-01-01T21:24:30Z,ISLAND,31.604532163740746,0.0,"Baseline UPS logic. V: 0.883, SOC: 31.6%",0
2026-01-01T21:24:35Z,ISLAND,31.578947368419108,0.0,"Baseline UPS logic. V: 0.839, SOC: 31.6%",0
2026-01-01T21:24:40Z,GRID_PASS,31.578947368419108,0.0,"Baseline UPS logic. V: 0.952, SOC: 31.6%",0
2026-01-01T21:24:45Z,ISLAND,31.55336257309747,0.0,"Baseline UPS logic. V: 0.859, SOC: 31.6%",0
2026-01-01T21:24:50Z,ISLAND,31.527777777775835,0.0,"Baseline UPS logic. V: 0.891, SOC: 31.6%",0
2026-01-01T21:24:55Z,ISLAND,31.50219298245419,0.0,"Baseline UPS logic. V: 0.836, SOC: 31.5%",0
2026-01-01T21:25:00Z,GRID_PASS,31.50219298245419,0.0,"Baseline UPS logic. V: 0.975, SOC: 31.5%",0
2026-01-01T21:25:05Z,GRID_PASS,31.50219298245419,0.0,"Baseline UPS logic. V: 0.955, SOC: 31.5%",0
2026-01-01T21:25:10Z,ISLAND,31.476608187132555,0.0,"Baseline UPS logic. V: 0.895, SOC: 31.5%",0
2026-01-01T21:25:15Z,ISLAND,31.451023391810917,0.0,"Baseline UPS logic. V: 0.839, SOC: 31.5%",0
2026-01-01T21:25:20Z,GRID_PASS,31.451023391810917,0.0,"Baseline UPS logic. V: 0.974, SOC: 31.5%",0
2026-01-01T21:25:25Z,ISLAND,31.42543859648928,0.0,"Baseline UPS logic. V: 0.879, SOC: 31.5%",0
2026-01-01T21:25:30Z,ISLAND,31.399853801167644,0.0,"Baseline UPS logic. V: 0.841, SOC: 31.4%",0
2026-01-01T21:25:35Z,ISLAND,31.374269005846,0.0,"Baseline UPS logic. V: 0.810, SOC: 31.4%",0
2026-01-01T21:25:40Z,ISLAND,31.348684210524365,0.0,"Baseline UPS logic. V: 0.865, SOC: 31.4%",0
2026-01-01T21:25:45Z,ISLAND,31.323099415202726,0.0,"Baseline UPS logic. V: 0.825, SOC: 31.3%",0
2026-01-01T21:25:50Z,ISLAND,31.29751461988109,0.0,"Baseline UPS logic. V: 0.867, SOC: 31.3%",0
2026-01-01T21:25:55Z,ISLAND,31.271929824559454,0.0,"Baseline UPS logic. V: 0.935, SOC: 31.3%",0
2026-01-01T21:26:00Z,ISLAND,31.24634502923781,0.0,"Baseline UPS logic. V: 0.879, SOC: 31.3%",0
2026-01-01T21:26:05Z,ISLAND,31.220760233916174,0.0,"Baseline UPS logic. V: 0.916, SOC: 31.2%",0
2026-01-01T21:26:10Z,ISLAND,31.195175438594536,0.0,"Baseline UPS logic. V: 0.862, SOC: 31.2%",0
2026-01-01T21:26:15Z,ISLAND,31.169590643272898,0.0,"Baseline UPS logic. V: 0.901, SOC: 31.2%",0
2026-01-01T21:26:20Z,GRID_PASS,31.169590643272898,0.0,"Baseline UPS logic. V: 0.994, SOC: 31.2%",0
2026-01-01T21:26:25Z,ISLAND,31.144005847951263,0.0,"Baseline UPS logic. V: 0.881, SOC: 31.2%",0
2026-01-01T21:26:30Z,ISLAND,31.118421052629618,0.0,"Baseline UPS logic. V: 0.916, SOC: 31.1%",0
2026-01-01T21:26:35Z,ISLAND,31.092836257307983,0.0,"Baseline UPS logic. V: 0.820, SOC: 31.1%",0
2026-01-01T21:26:40Z,GRID_PASS,31.092836257307983,0.0,"Baseline UPS logic. V: 0.974, SOC: 31.1%",0
2026-01-01T21:26:45Z,ISLAND,31.067251461986345,0.0,"Baseline UPS logic. V: 0.874, SOC: 31.1%",0
2026-01-01T21:26:50Z,GRID_PASS,31.067251461986345,0.0,"Baseline UPS logic. V: 0.949, SOC: 31.1%",0
2026-01-01T21:26:55Z,ISLAND,31.041666666664707,0.0,"Baseline UPS logic. V: 0.892, SOC: 31.1%",0
2026-01-01T21:27:00Z,ISLAND,31.016081871343072,0.0,"Baseline UPS logic. V: 0.927, SOC: 31.0%",0
2026-01-01T21:27:05Z,ISLAND,30.990497076021427,0.0,"Baseline UPS logic. V: 0.932, SOC: 31.0%",0
2026-01-01T21:27:10Z,ISLAND,30.964912280699792,0.0,"Baseline UPS logic. V: 0.876, SOC: 31.0%",0
2026-01-01T21:27:15Z,GRID_PASS,30.964912280699792,0.0,"Baseline UPS logic. V: 0.953, SOC: 31.0%",0
2026-01-01T21:27:20Z,ISLAND,30.939327485378154,0.0,"Baseline UPS logic. V: 0.860, SOC: 31.0%",0
2026-01-01T21:27:25Z,ISLAND,30.913742690056516,0.0,"Baseline UPS logic. V: 0.936, SOC: 30.9%",0
2026-01-01T21:27:30Z,ISLAND,30.88815789473488,0.0,"Baseline UPS logic. V: 0.879, SOC: 30.9%",0
2026-01-01T21:27:35Z,ISLAND,30.862573099413236,0.0,"Baseline UPS logic. V: 0.916, SOC: 30.9%",0
2026-01-01T21:27:40Z,ISLAND,30.8369883040916,0.0,"Baseline UPS logic. V: 0.875, SOC: 30.9%",0
2026-01-01T21:27:45Z,ISLAND,30.811403508769963,0.0,"Baseline UPS logic. V: 0.901, SOC: 30.8%",0
2026-01-01T21:27:50Z,ISLAND,30.785818713448325,0.0,"Baseline UPS logic. V: 0.844, SOC: 30.8%",0
2026-01-01T21:27:55Z,ISLAND,30.76023391812669,0.0,"Baseline UPS logic. V: 0.911, SOC: 30.8%",0
2026-01-01T21:28:00Z,ISLAND,30.734649122805045,0.0,"Baseline UPS logic. V: 0.900, SOC: 30.8%",0
2026-01-01T21:28:05Z,ISLAND,30.70906432748341,0.0,"Baseline UPS logic. V: 0.871, SOC: 30.7%",0
2026-01-01T21:28:10Z,ISLAND,30.683479532161773,0.0,"Baseline UPS logic. V: 0.896, SOC: 30.7%",0
2026-01-01T21:28:15Z,ISLAND,30.657894736840134,0.0,"Baseline UPS logic. V: 0.905, SOC: 30.7%",0
2026-01-01T21:28:20Z,ISLAND,30.6323099415185,0.0,"Baseline UPS logic. V: 0.868, SOC: 30.7%",0
2026-01-01T21:28:25Z,ISLAND,30.606725146196855,0.0,"Baseline UPS logic. V: 0.892, SOC: 30.6%",0
2026-01-01T21:28:30Z,ISLAND,30.58114035087522,0.0,"Baseline UPS logic. V: 0.848, SOC: 30.6%",0
2026-01-01T21:28:35Z,GRID_PASS,30.58114035087522,0.0,"Baseline UPS logic. V: 1.016, SOC: 30.6%",0
2026-01-01T21:28:40Z,GRID_PASS,30.58114035087522,0.0,"Baseline UPS logic. V: 0.951, SOC: 30.6%",0
2026-01-01T21:28:45Z,ISLAND,30.555555555553582,0.0,"Baseline UPS logic. V: 0.911, SOC: 30.6%",0
2026-01-01T21:28:50Z,GRID_PASS,30.555555555553582,0.0,"Baseline UPS logic. V: 0.956, SOC: 30.6%",0
2026-01-01T21:28:55Z,ISLAND,30.529970760231944,0.0,"Baseline UPS logic. V: 0.800, SOC: 30.6%",0
2026-01-01T21:29:00Z,ISLAND,30.50438596491031,0.0,"Baseline UPS logic. V: 0.769, SOC: 30.5%",0
2026-01-01T21:29:05Z,ISLAND,30.478801169588664,0.0,"Baseline UPS logic. V: 0.879, SOC: 30.5%",0
2026-01-01T21:29:10Z,ISLAND,30.45321637426703,0.0,"Baseline UPS logic. V: 0.830, SOC: 30.5%",0
2026-01-01T21:29:15Z,ISLAND,30.42763157894539,0.0,"Baseline UPS logic. V: 0.887, SOC: 30.5%",0
2026-01-01T21:29:20Z,ISLAND,30.402046783623753,0.0,"Baseline UPS logic. V: 0.909, SOC: 30.4%",0
2026-01-01T21:29:25Z,GRID_PASS,30.402046783623753,0.0,"Baseline UPS logic. V: 0.945, SOC: 30.4%",0
2026-01-01T21:29:30Z,ISLAND,30.37646198830212,0.0,"Baseline UPS logic. V: 0.842, SOC: 30.4%",0
2026-01-01T21:29:35Z,ISLAND,30.350877192980473,0.0,"Baseline UPS logic. V: 0.917, SOC: 30.4%",0
2026-01-01T21:29:40Z,ISLAND,30.32529239765884,0.0,"Baseline UPS logic. V: 0.899, SOC: 30.4%",0
2026-01-01T21:29:45Z,ISLAND,30.2997076023372,0.0,"Baseline UPS logic. V: 0.916, SOC: 30.3%",0
2026-01-01T21:29:50Z,ISLAND,30.274122807015562,0.0,"Baseline UPS logic. V: 0.873, SOC: 30.3%",0
2026-01-01T21:29:55Z,GRID_PASS,30.274122807015562,0.0,"Baseline UPS logic. V: 0.968, SOC: 30.3%",0
2026-01-01T21:30:00Z,ISLAND,30.248538011693928,0.0,"Baseline UPS logic. V: 0.894, SOC: 30.3%",0
2026-01-01T21:30:05Z,GRID_PASS,30.248538011693928,0.0,"Baseline UPS logic. V: 0.986, SOC: 30.2%",0
2026-01-01T21:30:10Z,ISLAND,30.222953216372282,0.0,"Baseline UPS logic. V: 0.860, SOC: 30.2%",0
2026-01-01T21:30:15Z,ISLAND,30.197368421050648,0.0,"Baseline UPS logic. V: 0.935, SOC: 30.2%",0
2026-01-01T21:30:20Z,ISLAND,30.17178362572901,0.0,"Baseline UPS logic. V: 0.896, SOC: 30.2%",0
2026-01-01T21:30:25Z,ISLAND,30.14619883040737,0.0,"Baseline UPS logic. V: 0.883, SOC: 30.2%",0
2026-01-01T21:30:30Z,ISLAND,30.120614035085737,0.0,"Baseline UPS logic. V: 0.931, SOC: 30.1%",0
2026-01-01T21:30:35Z,ISLAND,30.09502923976409,0.0,"Baseline UPS logic. V: 0.884, SOC: 30.1%",0
2026-01-01T21:30:40Z,ISLAND,30.069444444442457,0.0,"Baseline UPS logic. V: 0.766, SOC: 30.1%",0
2026-01-01T21:30:45Z,ISLAND,30.04385964912082,0.0,"Baseline UPS logic. V: 0.746, SOC: 30.1%",0
2026-01-01T21:30:50Z,GRID_PASS,30.04385964912082,0.0,"Baseline UPS logic. V: 0.963, SOC: 30.0%",0
2026-01-01T21:30:55Z,GRID_PASS,30.04385964912082,0.0,"Baseline UPS logic. V: 0.961, SOC: 30.0%",0
2026-01-01T21:31:00Z,GRID_PASS,30.04385964912082,0.0,"Baseline UPS logic. V: 0.992, SOC: 30.0%",0
2026-01-01T21:31:05Z,ISLAND,30.01827485379918,0.0,"Baseline UPS logic. V: 0.897, SOC: 30.0%",0
2026-01-01T21:31:10Z,ISLAND,29.992690058477546,0.0,"Baseline UPS logic. V: 0.833, SOC: 30.0%",0
2026-01-01T21:31:15Z,ISLAND,30.019078947366427,0.0,"Baseline UPS logic. V: 0.878, SOC: 30.0%",0
2026-01-01T21:31:20Z,ISLAND,30.04546783625532,0.0,"Baseline UPS logic. V: 0.900, SOC: 30.0%",0
2026-01-01T21:31:25Z,ISLAND,30.071856725144208,0.0,"Baseline UPS logic. V: 0.849, SOC: 30.0%",0
2026-01-01T21:31:30Z,GRID_PASS,30.098073064122143,0.0,"Baseline UPS logic. V: 0.982, SOC: 30.1%",0
2026-01-01T21:31:35Z,GRID_PASS,30.12558188378228,0.0,"Baseline UPS logic. V: 1.011, SOC: 30.1%",0
2026-01-01T21:31:40Z,ISLAND,30.15197077267117,0.0,"Baseline UPS logic. V: 0.923, SOC: 30.1%",0
2026-01-01T21:31:45Z,ISLAND,30.178359661560062,0.0,"Baseline UPS logic. V: 0.899, SOC: 30.2%",0
2026-01-01T21:31:50Z,ISLAND,30.20474855044895,0.0,"Baseline UPS logic. V: 0.835, SOC: 30.2%",0
2026-01-01T21:31:55Z,GRID_PASS,30.232535867689865,0.0,"Baseline UPS logic. V: 0.977, SOC: 30.2%",0
2026-01-01T21:32:00Z,ISLAND,30.258924756578754,0.0,"Baseline UPS logic. V: 0.903, SOC: 30.2%",0
2026-01-01T21:32:05Z,ISLAND,30.28531364546764,0.0,"Baseline UPS logic. V: 0.885, SOC: 30.3%",0
2026-01-01T21:32:10Z,ISLAND,30.311702534356527,0.0,"Baseline UPS logic. V: 0.924, SOC: 30.3%",0
2026-01-01T21:32:15Z,ISLAND,30.338091423245416,0.0,"Baseline UPS logic. V: 0.870, SOC: 30.3%",0
2026-01-01T21:32:20Z,ISLAND,30.364480312134308,0.0,"Baseline UPS logic. V: 0.907, SOC: 30.3%",0
2026-01-01T21:32:25Z,ISLAND,30.390869201023197,0.0,"Baseline UPS logic. V: 0.827, SOC: 30.4%",0
2026-01-01T21:32:30Z,GRID_PASS,30.41877581378608,0.0,"Baseline UPS logic. V: 0.954, SOC: 30.4%",0
2026-01-01T21:32:35Z,ISLAND,30.445164702674965,0.0,"Baseline UPS logic. V: 0.894, SOC: 30.4%",0
2026-01-01T21:32:40Z,GRID_PASS,30.473136772205933,0.0,"Baseline UPS logic. V: 0.958, SOC: 30.4%",0
2026-01-01T21:32:45Z,ISLAND,30.49952566109482,0.0,"Baseline UPS logic. V: 0.890, SOC: 30.5%",0
2026-01-01T21:32:50Z,ISLAND,30.525914549983714,0.0,"Baseline UPS logic. V: 0.893, SOC: 30.5%",0
2026-01-01T21:32:55Z,ISLAND,30.552303438872595,0.0,"Baseline UPS logic. V: 0.839, SOC: 30.5%",0
2026-01-01T21:33:00Z,ISLAND,30.578692327761487,0.0,"Baseline UPS logic. V: 0.938, SOC: 30.6%",0
2026-01-01T21:33:05Z,ISLAND,30.605081216650376,0.0,"Baseline UPS logic. V: 0.856, SOC: 30.6%",0
2026-01-01T21:33:10Z,ISLAND,30.631470105539265,0.0,"Baseline UPS logic. V: 0.876, SOC: 30.6%",0
2026-01-01T21:33:15Z,ISLAND,30.657858994428157,0.0,"Baseline UPS logic. V: 0.900, SOC: 30.6%",0
2026-01-01T21:33:20Z,ISLAND,30.68424788331704,0.0,"Baseline UPS logic. V: 0.906, SOC: 30.7%",0
2026-01-01T21:33:25Z,ISLAND,30.71063677220593,0.0,"Baseline UPS logic. V: 0.815, SOC: 30.7%",0
2026-01-01T21:33:30Z,ISLAND,30.73702566109482,0.0,"Baseline UPS logic. V: 0.888, SOC: 30.7%",0
2026-01-01T21:33:35Z,ISLAND,30.763414549983708,0.0,"Baseline UPS logic. V: 0.940, SOC: 30.7%",0
2026-01-01T21:33:40Z,ISLAND,30.7898034388726,0.0,"Baseline UPS logic. V: 0.881, SOC: 30.8%",0
2026-01-01T21:33:45Z,ISLAND,30.81619232776148,0.0,"Baseline UPS logic. V: 0.889, SOC: 30.8%",0
2026-01-01T21:33:50Z,ISLAND,30.842581216650373,0.0,"Baseline UPS logic. V: 0.908, SOC: 30.8%",0
2026-01-01T21:33:55Z,ISLAND,30.868970105539262,0.0,"Baseline UPS logic. V: 0.894, SOC: 30.8%",0
2026-01-01T21:34:00Z,ISLAND,30.89535899442815,0.0,"Baseline UPS logic. V: 0.848, SOC: 30.9%",0
2026-01-01T21:34:05Z,ISLAND,30.921747883317042,0.0,"Baseline UPS logic. V: 0.898, SOC: 30.9%",0
2026-01-01T21:34:10Z,GRID_PASS,30.950272388295968,0.0,"Baseline UPS logic. V: 0.950, SOC: 30.9%",0
2026-01-01T21:34:15Z,ISLAND,30.97666127718486,0.0,"Baseline UPS logic. V: 0.848, SOC: 31.0%",0
2026-01-01T21:34:20Z,ISLAND,31.00305016607375,0.0,"Baseline UPS logic. V: 0.881, SOC: 31.0%",0
2026-01-01T21:34:25Z,ISLAND,31.029439054962637,0.0,"Baseline UPS logic. V: 0.831, SOC: 31.0%",0
2026-01-01T21:34:30Z,GRID_PASS,31.05732951209943,0.0,"Baseline UPS logic. V: 0.947, SOC: 31.0%",0
2026-01-01T21:34:35Z,ISLAND,31.08371840098832,0.0,"Baseline UPS logic. V: 0.896, SOC: 31.1%",0
2026-01-01T21:34:40Z,ISLAND,31.11010728987721,0.0,"Baseline UPS logic. V: 0.858, SOC: 31.1%",0
2026-01-01T21:34:45Z,ISLAND,31.136496178766095,0.0,"Baseline UPS logic. V: 0.905, SOC: 31.1%",0
2026-01-01T21:34:50Z,ISLAND,31.162885067654983,0.0,"Baseline UPS logic. V: 0.840, SOC: 31.1%",0
2026-01-01T21:34:55Z,ISLAND,31.18927395654387,0.0,"Baseline UPS logic. V: 0.849, SOC: 31.2%",0
2026-01-01T21:35:00Z,ISLAND,31.215662845432764,0.0,"Baseline UPS logic. V: 0.827, SOC: 31.2%",0
2026-01-01T21:35:05Z,ISLAND,31.242051734321652,0.0,"Baseline UPS logic. V: 0.847, SOC: 31.2%",0
2026-01-01T21:35:10Z,GRID_PASS,31.270365867303575,0.0,"Baseline UPS logic. V: 0.968, SOC: 31.2%",0
2026-01-01T21:35:15Z,ISLAND,31.296754756192463,0.0,"Baseline UPS logic. V: 0.864, SOC: 31.3%",0
2026-01-01T21:35:20Z,ISLAND,31.323143645081352,0.0,"Baseline UPS logic. V: 0.924, SOC: 31.3%",0
2026-01-01T21:35:25Z,ISLAND,31.349532533970244,0.0,"Baseline UPS logic. V: 0.859, SOC: 31.3%",0
2026-01-01T21:35:30Z,ISLAND,31.375921422859133,0.0,"Baseline UPS logic. V: 0.938, SOC: 31.3%",0
2026-01-01T21:35:35Z,ISLAND,31.402310311748018,0.0,"Baseline UPS logic. V: 0.849, SOC: 31.4%",0
2026-01-01T21:35:40Z,ISLAND,31.428699200636906,0.0,"Baseline UPS logic. V: 0.902, SOC: 31.4%",0
2026-01-01T21:35:45Z,ISLAND,31.455088089525795,0.0,"Baseline UPS logic. V: 0.903, SOC: 31.4%",0
2026-01-01T21:35:50Z,GRID_PASS,31.482473309781085,0.0,"Baseline UPS logic. V: 1.017, SOC: 31.5%",0
2026-01-01T21:35:55Z,ISLAND,31.508862198669974,0.0,"Baseline UPS logic. V: 0.932, SOC: 31.5%",0
2026-01-01T21:36:00Z,ISLAND,31.535251087558862,0.0,"Baseline UPS logic. V: 0.871, SOC: 31.5%",0
2026-01-01T21:36:05Z,ISLAND,31.561639976447754,0.0,"Baseline UPS logic. V: 0.935, SOC: 31.5%",0
2026-01-01T21:36:10Z,GRID_PASS,31.590522679665124,0.0,"Baseline UPS logic. V: 1.008, SOC: 31.6%",0
2026-01-01T21:36:15Z,ISLAND,31.616911568554006,0.0,"Baseline UPS logic. V: 0.819, SOC: 31.6%",0
2026-01-01T21:36:20Z,ISLAND,31.643300457442898,0.0,"Baseline UPS logic. V: 0.859, SOC: 31.6%",0
2026-01-01T21:36:25Z,ISLAND,31.669689346331786,0.0,"Baseline UPS logic. V: 0.889, SOC: 31.6%",0
2026-01-01T21:36:30Z,ISLAND,31.696078235220675,0.0,"Baseline UPS logic. V: 0.880, SOC: 31.7%",0
2026-01-01T21:36:35Z,ISLAND,31.722467124109567,0.0,"Baseline UPS logic. V: 0.884, SOC: 31.7%",0
2026-01-01T21:36:40Z,ISLAND,31.74885601299845,0.0,"Baseline UPS logic. V: 0.836, SOC: 31.7%",0
2026-01-01T21:36:45Z,GRID_PASS,31.777609213530987,0.0,"Baseline UPS logic. V: 0.971, SOC: 31.7%",0
2026-01-01T21:36:50Z,ISLAND,31.80399810241988,0.0,"Baseline UPS logic. V: 0.830, SOC: 31.8%",0
2026-01-01T21:36:55Z,ISLAND,31.830386991308767,0.0,"Baseline UPS logic. V: 0.891, SOC: 31.8%",0
2026-01-01T21:37:00Z,GRID_PASS,31.858222779847473,0.0,"Baseline UPS logic. V: 0.953, SOC: 31.8%",0
2026-01-01T21:37:05Z,ISLAND,31.884611668736362,0.0,"Baseline UPS logic. V: 0.900, SOC: 31.9%",0
2026-01-01T21:37:10Z,ISLAND,31.911000557625247,0.0,"Baseline UPS logic. V: 0.852, SOC: 31.9%",0
2026-01-01T21:37:15Z,ISLAND,31.937389446514135,0.0,"Baseline UPS logic. V: 0.834, SOC: 31.9%",0
2026-01-01T21:37:20Z,ISLAND,31.963778335403028,0.0,"Baseline UPS logic. V: 0.890, SOC: 31.9%",0
2026-01-01T21:37:25Z,ISLAND,31.990167224291916,0.0,"Baseline UPS logic. V: 0.863, SOC: 32.0%",0
2026-01-01T21:37:30Z,ISLAND,32.016556113180805,0.0,"Baseline UPS logic. V: 0.911, SOC: 32.0%",0
2026-01-01T21:37:35Z,ISLAND,32.042945002069686,0.0,"Baseline UPS logic. V: 0.831, SOC: 32.0%",0
2026-01-01T21:37:40Z,GRID_PASS,32.07068092230407,0.0,"Baseline UPS logic. V: 0.942, SOC: 32.0%",0
2026-01-01T21:37:45Z,ISLAND,32.097069811192966,0.0,"Baseline UPS logic. V: 0.907, SOC: 32.1%",0
2026-01-01T21:37:50Z,ISLAND,32.123458700081855,0.0,"Baseline UPS logic. V: 0.911, SOC: 32.1%",0
2026-01-01T21:37:55Z,GRID_PASS,32.151569536500325,0.0,"Baseline UPS logic. V: 0.973, SOC: 32.1%",0
2026-01-01T21:38:00Z,ISLAND,32.17795842538921,0.0,"Baseline UPS logic. V: 0.879, SOC: 32.2%",0
2026-01-01T21:38:05Z,ISLAND,32.204347314278095,0.0,"Baseline UPS logic. V: 0.865, SOC: 32.2%",0
2026-01-01T21:38:10Z,ISLAND,32.230736203166984,0.0,"Baseline UPS logic. V: 0.874, SOC: 32.2%",0
2026-01-01T21:38:15Z,ISLAND,32.25712509205588,0.0,"Baseline UPS logic. V: 0.892, SOC: 32.2%",0
2026-01-01T21:38:20Z,ISLAND,32.28351398094477,0.0,"Baseline UPS logic. V: 0.897, SOC: 32.3%",0
2026-01-01T21:38:25Z,ISLAND,32.30990286983365,0.0,"Baseline UPS logic. V: 0.860, SOC: 32.3%",0
2026-01-01T21:38:30Z,ISLAND,32.33629175872254,0.0,"Baseline UPS logic. V: 0.800, SOC: 32.3%",0
2026-01-01T21:38:35Z,ISLAND,32.36268064761143,0.0,"Baseline UPS logic. V: 0.873, SOC: 32.3%",0
2026-01-01T21:38:40Z,ISLAND,32.38906953650032,0.0,"Baseline UPS logic. V: 0.919, SOC: 32.4%",0
2026-01-01T21:38:45Z,ISLAND,32.41545842538921,0.0,"Baseline UPS logic. V: 0.908, SOC: 32.4%",0
2026-01-01T21:38:50Z,GRID_PASS,32.44185951353379,0.0,"Baseline UPS logic. V: 0.961, SOC: 32.4%",0
2026-01-01T21:38:55Z,GRID_PASS,32.46914023197442,0.0,"Baseline UPS logic. V: 0.999, SOC: 32.4%",0
2026-01-01T21:39:00Z,ISLAND,32.49552912086331,0.0,"Baseline UPS logic. V: 0.939, SOC: 32.5%",0
2026-01-01T21:39:05Z,GRID_PASS,32.52280009693374,0.0,"Baseline UPS logic. V: 0.971, SOC: 32.5%",0
2026-01-01T21:39:10Z,GRID_PASS,32.54938155238211,0.0,"Baseline UPS logic. V: 0.940, SOC: 32.5%",0
2026-01-01T21:39:15Z,GRID_PASS,32.57585705752294,0.0,"Baseline UPS logic. V: 0.987, SOC: 32.5%",0
2026-01-01T21:39:20Z,GRID_PASS,32.60299587859304,0.0,"Baseline UPS logic. V: 0.994, SOC: 32.6%",0
2026-01-01T21:39:25Z,GRID_PASS,32.630309859421345,0.0,"Baseline UPS logic. V: 0.949, SOC: 32.6%",0
2026-01-01T21:39:30Z,ISLAND,32.656698748310234,0.0,"Baseline UPS logic. V: 0.937, SOC: 32.6%",0
2026-01-01T21:39:35Z,ISLAND,32.68308763719913,0.0,"Baseline UPS logic. V: 0.891, SOC: 32.7%",0
2026-01-01T21:39:40Z,ISLAND,32.70947652608801,0.0,"Baseline UPS logic. V: 0.900, SOC: 32.7%",0
2026-01-01T21:39:45Z,ISLAND,32.7358654149769,0.0,"Baseline UPS logic. V: 0.885, SOC: 32.7%",0
2026-01-01T21:39:50Z,ISLAND,32.76225430386579,0.0,"Baseline UPS logic. V: 0.933, SOC: 32.7%",0
2026-01-01T21:39:55Z,ISLAND,32.78864319275468,0.0,"Baseline UPS logic. V: 0.866, SOC: 32.8%",0
2026-01-01T21:40:00Z,ISLAND,32.81503208164357,0.0,"Baseline UPS logic. V: 0.892, SOC: 32.8%",0
2026-01-01T21:40:05Z,ISLAND,32.841420970532454,0.0,"Baseline UPS logic. V: 0.784, SOC: 32.8%",0
2026-01-01T21:40:10Z,GRID_PASS,32.869373331861226,0.0,"Baseline UPS logic. V: 0.988, SOC: 32.8%",0
2026-01-01T21:40:15Z,ISLAND,32.89576222075012,0.0,"Baseline UPS logic. V: 0.891, SOC: 32.9%",0
2026-01-01T21:40:20Z,ISLAND,32.92215110963901,0.0,"Baseline UPS logic. V: 0.925, SOC: 32.9%",0
2026-01-01T21:40:25Z,GRID_PASS,32.949746286954294,0.0,"Baseline UPS logic. V: 0.975, SOC: 32.9%",0
2026-01-01T21:40:30Z,ISLAND,32.97613517584318,0.0,"Baseline UPS logic. V: 0.917, SOC: 32.9%",0
2026-01-01T21:40:35Z,GRID_PASS,33.004758130868254,0.0,"Baseline UPS logic. V: 0.974, SOC: 33.0%",0
2026-01-01T21:40:40Z,ISLAND,33.03114701975714,0.0,"Baseline UPS logic. V: 0.840, SOC: 33.0%",0
2026-01-01T21:40:45Z,GRID_PASS,33.05818302190463,0.0,"Baseline UPS logic. V: 1.022, SOC: 33.0%",0
2026-01-01T21:40:50Z,GRID_PASS,33.08584141897801,0.0,"Baseline UPS logic. V: 0.956, SOC: 33.1%",0
2026-01-01T21:40:55Z,ISLAND,33.1122303078669,0.0,"Baseline UPS logic. V: 0.913, SOC: 33.1%",0
2026-01-01T21:41:00Z,GRID_PASS,33.14080251443535,0.0,"Baseline UPS logic. V: 0.973, SOC: 33.1%",0
2026-01-01T21:41:05Z,ISLAND,33.16719140332424,0.0,"Baseline UPS logic. V: 0.844, SOC: 33.1%",0
2026-01-01T21:41:10Z,ISLAND,33.19358029221312,0.0,"Baseline UPS logic. V: 0.888, SOC: 33.2%",0
2026-01-01T21:41:15Z,GRID_PASS,33.222590430991175,0.0,"Baseline UPS logic. V: 0.975, SOC: 33.2%",0
2026-01-01T21:41:20Z,ISLAND,33.248979319880064,0.0,"Baseline UPS logic. V: 0.809, SOC: 33.2%",0
2026-01-01T21:41:25Z,ISLAND,33.27536820876895,0.0,"Baseline UPS logic. V: 0.930, SOC: 33.2%",0
2026-01-01T21:41:30Z,ISLAND,33.30175709765784,0.0,"Baseline UPS logic. V: 0.929, SOC: 33.3%",0
2026-01-01T21:41:35Z,GRID_PASS,33.33059132741371,0.0,"Baseline UPS logic. V: 1.001, SOC: 33.3%",0
2026-01-01T21:41:40Z,ISLAND,33.356980216302595,0.0,"Baseline UPS logic. V: 0.823, SOC: 33.3%",0
2026-01-01T21:41:45Z,GRID_PASS,33.38515535198156,0.0,"Baseline UPS logic. V: 0.983, SOC: 33.4%",0
2026-01-01T21:41:50Z,ISLAND,33.41154424087045,0.0,"Baseline UPS logic. V: 0.874, SOC: 33.4%",0
2026-01-01T21:41:55Z,ISLAND,33.43793312975934,0.0,"Baseline UPS logic. V: 0.880, SOC: 33.4%",0
2026-01-01T21:42:00Z,ISLAND,33.46432201864823,0.0,"Baseline UPS logic. V: 0.841, SOC: 33.4%",0
2026-01-01T21:42:05Z,ISLAND,33.490710907537114,0.0,"Baseline UPS logic. V: 0.848, SOC: 33.5%",0
2026-01-01T21:42:10Z,ISLAND,33.517099796426,0.0,"Baseline UPS logic. V: 0.923, SOC: 33.5%",0
2026-01-01T21:42:15Z,ISLAND,33.54348868531489,0.0,"Baseline UPS logic. V: 0.847, SOC: 33.5%",0
2026-01-01T21:42:20Z,ISLAND,33.56987757420378,0.0,"Baseline UPS logic. V: 0.940, SOC: 33.5%",0
2026-01-01T21:42:25Z,ISLAND,33.596266463092675,0.0,"Baseline UPS logic. V: 0.870, SOC: 33.6%",0
2026-01-01T21:42:30Z,ISLAND,33.62265535198156,0.0,"Baseline UPS logic. V: 0.842, SOC: 33.6%",0
2026-01-01T21:42:35Z,ISLAND,33.649044240870445,0.0,"Baseline UPS logic. V: 0.876, SOC: 33.6%",0
2026-01-01T21:42:40Z,ISLAND,33.675433129759334,0.0,"Baseline UPS logic. V: 0.920, SOC: 33.6%",0
2026-01-01T21:42:45Z,ISLAND,33.70182201864822,0.0,"Baseline UPS logic. V: 0.889, SOC: 33.7%",0
2026-01-01T21:42:50Z,ISLAND,33.72821090753712,0.0,"Baseline UPS logic. V: 0.904, SOC: 33.7%",0
2026-01-01T21:42:55Z,ISLAND,33.754599796426,0.0,"Baseline UPS logic. V: 0.937, SOC: 33.7%",0
2026-01-01T21:43:00Z,GRID_PASS,33.78259966337735,0.0,"Baseline UPS logic. V: 0.957, SOC: 33.8%",0
2026-01-01T21:43:05Z,ISLAND,33.808988552266236,0.0,"Baseline UPS logic. V: 0.888, SOC: 33.8%",0
2026-01-01T21:43:10Z,ISLAND,33.835377441155124,0.0,"Baseline UPS logic. V: 0.851, SOC: 33.8%",0
2026-01-01T21:43:15Z,ISLAND,33.86176633004401,0.0,"Baseline UPS logic. V: 0.907, SOC: 33.8%",0
2026-01-01T21:43:20Z,ISLAND,33.8881552189329,0.0,"Baseline UPS logic. V: 0.927, SOC: 33.9%",0
2026-01-01T21:43:25Z,ISLAND,33.91454410782179,0.0,"Baseline UPS logic. V: 0.830, SOC: 33.9%",0
2026-01-01T21:43:30Z,ISLAND,33.94093299671068,0.0,"Baseline UPS logic. V: 0.858, SOC: 33.9%",0
2026-01-01T21:43:35Z,ISLAND,33.96732188559957,0.0,"Baseline UPS logic. V: 0.867, SOC: 33.9%",0
2026-01-01T21:43:40Z,ISLAND,33.993710774488456,0.0,"Baseline UPS logic. V: 0.893, SOC: 34.0%",0
2026-01-01T21:43:45Z,ISLAND,34.020099663377344,0.0,"Baseline UPS logic. V: 0.865, SOC: 34.0%",0
2026-01-01T21:43:50Z,ISLAND,34.04648855226623,0.0,"Baseline UPS logic. V: 0.938, SOC: 34.0%",0
2026-01-01T21:43:55Z,ISLAND,34.07287744115512,0.0,"Baseline UPS logic. V: 0.823, SOC: 34.0%",0
2026-01-01T21:44:00Z,ISLAND,34.09926633004401,0.0,"Baseline UPS logic. V: 0.824, SOC: 34.1%",0
2026-01-01T21:44:05Z,ISLAND,34.1256552189329,0.0,"Baseline UPS logic. V: 0.887, SOC: 34.1%",0
2026-01-01T21:44:10Z,ISLAND,34.15204410782179,0.0,"Baseline UPS logic. V: 0.895, SOC: 34.1%",0
2026-01-01T21:44:15Z,ISLAND,34.178432996710676,0.0,"Baseline UPS logic. V: 0.831, SOC: 34.2%",0
2026-01-01T21:44:20Z,ISLAND,34.204821885599564,0.0,"Baseline UPS logic. V: 0.873, SOC: 34.2%",0
2026-01-01T21:44:25Z,ISLAND,34.23121077448845,0.0,"Baseline UPS logic. V: 0.883, SOC: 34.2%",0
2026-01-01T21:44:30Z,ISLAND,34.25759966337734,0.0,"Baseline UPS logic. V: 0.884, SOC: 34.2%",0
2026-01-01T21:44:35Z,ISLAND,34.28398855226623,0.0,"Baseline UPS logic. V: 0.911, SOC: 34.3%",0
2026-01-01T21:44:40Z,ISLAND,34.31037744115512,0.0,"Baseline UPS logic. V: 0.870, SOC: 34.3%",0
2026-01-01T21:44:45Z,GRID_PASS,34.33782311526434,0.0,"Baseline UPS logic. V: 0.977, SOC: 34.3%",0
2026-01-01T21:44:50Z,ISLAND,34.36421200415323,0.0,"Baseline UPS logic. V: 0.928, SOC: 34.3%",0
2026-01-01T21:44:55Z,ISLAND,34.39060089304212,0.0,"Baseline UPS logic. V: 0.863, SOC: 34.4%",0
2026-01-01T21:45:00Z,ISLAND,34.41698978193101,0.0,"Baseline UPS logic. V: 0.908, SOC: 34.4%",0
2026-01-01T21:45:05Z,ISLAND,34.4433786708199,0.0,"Baseline UPS logic. V: 0.910, SOC: 34.4%",0
2026-01-01T21:45:10Z,GRID_PASS,34.47156372792759,0.0,"Baseline UPS logic. V: 0.964, SOC: 34.4%",0
2026-01-01T21:45:15Z,ISLAND,34.49795261681648,0.0,"Baseline UPS logic. V: 0.874, SOC: 34.5%",0
2026-01-01T21:45:20Z,GRID_PASS,34.52570416605426,0.0,"Baseline UPS logic. V: 0.942, SOC: 34.5%",0
2026-01-01T21:45:25Z,ISLAND,34.55209305494314,0.0,"Baseline UPS logic. V: 0.906, SOC: 34.5%",0
2026-01-01T21:45:30Z,GRID_PASS,34.578956702963374,0.0,"Baseline UPS logic. V: 0.978, SOC: 34.6%",0
2026-01-01T21:45:35Z,GRID_PASS,34.60660119739326,0.0,"Baseline UPS logic. V: 0.968, SOC: 34.6%",0
2026-01-01T21:45:40Z,ISLAND,34.63299008628214,0.0,"Baseline UPS logic. V: 0.914, SOC: 34.6%",0
2026-01-01T21:45:45Z,ISLAND,34.65937897517104,0.0,"Baseline UPS logic. V: 0.891, SOC: 34.6%",0
2026-01-01T21:45:50Z,ISLAND,34.685767864059926,0.0,"Baseline UPS logic. V: 0.929, SOC: 34.7%",0
2026-01-01T21:45:55Z,ISLAND,34.712156752948815,0.0,"Baseline UPS logic. V: 0.895, SOC: 34.7%",0
2026-01-01T21:46:00Z,GRID_PASS,34.73987855316619,0.0,"Baseline UPS logic. V: 0.988, SOC: 34.7%",0
2026-01-01T21:46:05Z,ISLAND,34.76626744205508,0.0,"Baseline UPS logic. V: 0.908, SOC: 34.7%",0
2026-01-01T21:46:10Z,ISLAND,34.79265633094397,0.0,"Baseline UPS logic. V: 0.884, SOC: 34.8%",0
2026-01-01T21:46:15Z,ISLAND,34.81904521983286,0.0,"Baseline UPS logic. V: 0.881, SOC: 34.8%",0
2026-01-01T21:46:20Z,ISLAND,34.845434108721754,0.0,"Baseline UPS logic. V: 0.843, SOC: 34.8%",0
2026-01-01T21:46:25Z,ISLAND,34.871822997610636,0.0,"Baseline UPS logic. V: 0.932, SOC: 34.8%",0
2026-01-01T21:46:30Z,ISLAND,34.898211886499524,0.0,"Baseline UPS logic. V: 0.863, SOC: 34.9%",0
2026-01-01T21:46:35Z,GRID_PASS,34.926842663562255,0.0,"Baseline UPS logic. V: 0.959, SOC: 34.9%",0
2026-01-01T21:46:40Z,ISLAND,34.95323155245115,0.0,"Baseline UPS logic. V: 0.839, SOC: 34.9%",0
2026-01-01T21:46:45Z,ISLAND,34.97962044134003,0.0,"Baseline UPS logic. V: 0.910, SOC: 35.0%",0
2026-01-01T21:46:50Z,GRID_PASS,35.00878441884276,0.0,"Baseline UPS logic. V: 0.962, SOC: 35.0%",0
2026-01-01T21:46:55Z,ISLAND,35.03517330773165,0.0,"Baseline UPS logic. V: 0.796, SOC: 35.0%",0
2026-01-01T21:47:00Z,GRID_PASS,35.06323281826886,0.0,"Baseline UPS logic. V: 1.005, SOC: 35.0%",0
2026-01-01T21:47:05Z,ISLAND,35.08962170715775,0.0,"Baseline UPS logic. V: 0.883, SOC: 35.1%",0
2026-01-01T21:47:10Z,ISLAND,35.116010596046635,0.0,"Baseline UPS logic. V: 0.911, SOC: 35.1%",0
2026-01-01T21:47:15Z,ISLAND,35.142399484935524,0.0,"Baseline UPS logic. V: 0.933, SOC: 35.1%",0
2026-01-01T21:47:20Z,GRID_PASS,35.1699813067829,0.0,"Baseline UPS logic. V: 0.941, SOC: 35.1%",0
2026-01-01T21:47:25Z,ISLAND,35.1963701956718,0.0,"Baseline UPS logic. V: 0.918, SOC: 35.2%",0
2026-01-01T21:47:30Z,GRID_PASS,35.223780108495504,0.0,"Baseline UPS logic. V: 0.954, SOC: 35.2%",0
2026-01-01T21:47:35Z,ISLAND,35.25016899738439,0.0,"Baseline UPS logic. V: 0.930, SOC: 35.2%",0
2026-01-01T21:47:40Z,GRID_PASS,35.27757661138377,0.0,"Baseline UPS logic. V: 0.992, SOC: 35.3%",0
2026-01-01T21:47:45Z,ISLAND,35.30396550027266,0.0,"Baseline UPS logic. V: 0.930, SOC: 35.3%",0
2026-01-01T21:47:50Z,GRID_PASS,35.33110302946253,0.0,"Baseline UPS logic. V: 1.003, SOC: 35.3%",0
2026-01-01T21:47:55Z,GRID_PASS,35.36005125421695,0.0,"Baseline UPS logic. V: 0.949, SOC: 35.3%",0
2026-01-01T21:48:00Z,ISLAND,35.386440143105844,0.0,"Baseline UPS logic. V: 0.814, SOC: 35.4%",0
2026-01-01T21:48:05Z,GRID_PASS,35.41459462575626,0.0,"Baseline UPS logic. V: 1.035, SOC: 35.4%",0
2026-01-01T21:48:10Z,ISLAND,35.44098351464514,0.0,"Baseline UPS logic. V: 0.876, SOC: 35.4%",0
2026-01-01T21:48:15Z,GRID_PASS,35.46873164946261,0.0,"Baseline UPS logic. V: 0.979, SOC: 35.4%",0
2026-01-01T21:48:20Z,ISLAND,35.4951205383515,0.0,"Baseline UPS logic. V: 0.906, SOC: 35.5%",0
2026-01-01T21:48:25Z,GRID_PASS,35.52335062369332,0.0,"Baseline UPS logic. V: 0.958, SOC: 35.5%",0
2026-01-01T21:48:30Z,ISLAND,35.54973951258221,0.0,"Baseline UPS logic. V: 0.870, SOC: 35.5%",0
2026-01-01T21:48:35Z,ISLAND,35.576128401471095,0.0,"Baseline UPS logic. V: 0.936, SOC: 35.5%",0
2026-01-01T21:48:40Z,ISLAND,35.602517290359984,0.0,"Baseline UPS logic. V: 0.892, SOC: 35.6%",0
2026-01-01T21:48:45Z,GRID_PASS,35.6299790986703,0.0,"Baseline UPS logic. V: 0.984, SOC: 35.6%",0
2026-01-01T21:48:50Z,ISLAND,35.65636798755919,0.0,"Baseline UPS logic. V: 0.927, SOC: 35.6%",0
2026-01-01T21:48:55Z,GRID_PASS,35.68553101343947,0.0,"Baseline UPS logic. V: 0.951, SOC: 35.7%",0
2026-01-01T21:49:00Z,ISLAND,35.71191990232836,0.0,"Baseline UPS logic. V: 0.796, SOC: 35.7%",0
2026-01-01T21:49:05Z,ISLAND,35.73830879121725,0.0,"Baseline UPS logic. V: 0.901, SOC: 35.7%",0
2026-01-01T21:49:10Z,ISLAND,35.76469768010614,0.0,"Baseline UPS logic. V: 0.926, SOC: 35.7%",0
2026-01-01T21:49:15Z,ISLAND,35.79108656899502,0.0,"Baseline UPS logic. V: 0.916, SOC: 35.8%",0
2026-01-01T21:49:20Z,GRID_PASS,35.81909714729912,0.0,"Baseline UPS logic. V: 0.953, SOC: 35.8%",0
2026-01-01T21:49:25Z,ISLAND,35.84548603618801,0.0,"Baseline UPS logic. V: 0.887, SOC: 35.8%",0
2026-01-01T21:49:30Z,ISLAND,35.871874925076895,0.0,"Baseline UPS logic. V: 0.907, SOC: 35.8%",0
2026-01-01T21:49:35Z,GRID_PASS,35.901102890063626,0.0,"Baseline UPS logic. V: 0.964, SOC: 35.9%",0
2026-01-01T21:49:40Z,ISLAND,35.927491778952515,0.0,"Baseline UPS logic. V: 0.791, SOC: 35.9%",0
2026-01-01T21:49:45Z,ISLAND,35.9538806678414,0.0,"Baseline UPS logic. V: 0.934, SOC: 35.9%",0
2026-01-01T21:49:50Z,ISLAND,35.98026955673029,0.0,"Baseline UPS logic. V: 0.888, SOC: 36.0%",0
2026-01-01T21:49:55Z,ISLAND,36.00665844561918,0.0,"Baseline UPS logic. V: 0.859, SOC: 36.0%",0
2026-01-01T21:50:00Z,ISLAND,36.03304733450807,0.0,"Baseline UPS logic. V: 0.922, SOC: 36.0%",0
2026-01-01T21:50:05Z,GRID_PASS,36.060070297666655,0.0,"Baseline UPS logic. V: 0.967, SOC: 36.0%",0
2026-01-01T21:50:10Z,GRID_PASS,36.087919952994326,0.0,"Baseline UPS logic. V: 0.957, SOC: 36.1%",0
2026-01-01T21:50:15Z,ISLAND,36.11430884188322,0.0,"Baseline UPS logic. V: 0.899, SOC: 36.1%",0
2026-01-01T21:50:20Z,GRID_PASS,36.14145549985431,0.0,"Baseline UPS logic. V: 0.949, SOC: 36.1%",0
2026-01-01T21:50:25Z,GRID_PASS,36.16927256443947,0.0,"Baseline UPS logic. V: 0.949, SOC: 36.1%",0
2026-01-01T21:50:30Z,ISLAND,36.19566145332836,0.0,"Baseline UPS logic. V: 0.901, SOC: 36.2%",0
2026-01-01T21:50:35Z,ISLAND,36.22205034221725,0.0,"Baseline UPS logic. V: 0.871, SOC: 36.2%",0
2026-01-01T21:50:40Z,ISLAND,36.24843923110613,0.0,"Baseline UPS logic. V: 0.874, SOC: 36.2%",0
2026-01-01T21:50:45Z,GRID_PASS,36.276225343633236,0.0,"Baseline UPS logic. V: 0.947, SOC: 36.2%",0
2026-01-01T21:50:50Z,ISLAND,36.302614232522124,0.0,"Baseline UPS logic. V: 0.903, SOC: 36.3%",0
2026-01-01T21:50:55Z,ISLAND,36.32900312141101,0.0,"Baseline UPS logic. V: 0.853, SOC: 36.3%",0
2026-01-01T21:51:00Z,ISLAND,36.3553920102999,0.0,"Baseline UPS logic. V: 0.821, SOC: 36.3%",0
2026-01-01T21:51:05Z,GRID_PASS,36.38351452039581,0.0,"Baseline UPS logic. V: 0.947, SOC: 36.4%",0
2026-01-01T21:51:10Z,ISLAND,36.4099034092847,0.0,"Baseline UPS logic. V: 0.878, SOC: 36.4%",0
2026-01-01T21:51:15Z,ISLAND,36.43629229817359,0.0,"Baseline UPS logic. V: 0.922, SOC: 36.4%",0
2026-01-01T21:51:20Z,GRID_PASS,36.464911674090295,0.0,"Baseline UPS logic. V: 0.968, SOC: 36.4%",0
2026-01-01T21:51:25Z,ISLAND,36.491300562979184,0.0,"Baseline UPS logic. V: 0.840, SOC: 36.5%",0
2026-01-01T21:51:30Z,ISLAND,36.51768945186807,0.0,"Baseline UPS logic. V: 0.903, SOC: 36.5%",0
2026-01-01T21:51:35Z,ISLAND,36.54407834075696,0.0,"Baseline UPS logic. V: 0.897, SOC: 36.5%",0
2026-01-01T21:51:40Z,ISLAND,36.57046722964585,0.0,"Baseline UPS logic. V: 0.925, SOC: 36.5%",0
2026-01-01T21:51:45Z,GRID_PASS,36.59909968322051,0.0,"Baseline UPS logic. V: 0.968, SOC: 36.6%",0
2026-01-01T21:51:50Z,ISLAND,36.6254885721094,0.0,"Baseline UPS logic. V: 0.839, SOC: 36.6%",0
2026-01-01T21:51:55Z,ISLAND,36.651877460998286,0.0,"Baseline UPS logic. V: 0.934, SOC: 36.6%",0
2026-01-01T21:52:00Z,GRID_PASS,36.67975263384812,0.0,"Baseline UPS logic. V: 0.957, SOC: 36.7%",0
2026-01-01T21:52:05Z,ISLAND,36.706141522737,0.0,"Baseline UPS logic. V: 0.897, SOC: 36.7%",0
2026-01-01T21:52:10Z,ISLAND,36.73253041162589,0.0,"Baseline UPS logic. V: 0.899, SOC: 36.7%",0
2026-01-01T21:52:15Z,ISLAND,36.75891930051478,0.0,"Baseline UPS logic. V: 0.927, SOC: 36.7%",0
2026-01-01T21:52:20Z,ISLAND,36.78530818940367,0.0,"Baseline UPS logic. V: 0.923, SOC: 36.8%",0
2026-01-01T21:52:25Z,ISLAND,36.81169707829256,0.0,"Baseline UPS logic. V: 0.935, SOC: 36.8%",0
2026-01-01T21:52:30Z,ISLAND,36.83808596718144,0.0,"Baseline UPS logic. V: 0.934, SOC: 36.8%",0
2026-01-01T21:52:35Z,ISLAND,36.86447485607033,0.0,"Baseline UPS logic. V: 0.857, SOC: 36.8%",0
2026-01-01T21:52:40Z,GRID_PASS,36.89139471813262,0.0,"Baseline UPS logic. V: 0.956, SOC: 36.9%",0
2026-01-01T21:52:45Z,GRID_PASS,36.91901386795994,0.0,"Baseline UPS logic. V: 0.964, SOC: 36.9%",0
2026-01-01T21:52:50Z,ISLAND,36.945402756848836,0.0,"Baseline UPS logic. V: 0.915, SOC: 36.9%",0
2026-01-01T21:52:55Z,ISLAND,36.971791645737724,0.0,"Baseline UPS logic. V: 0.831, SOC: 36.9%",0
2026-01-01T21:53:00Z,ISLAND,36.99818053462661,0.0,"Baseline UPS logic. V: 0.900, SOC: 37.0%",0
2026-01-01T21:53:05Z,ISLAND,37.024569423515494,0.0,"Baseline UPS logic. V: 0.916, SOC: 37.0%",0
2026-01-01T21:53:10Z,ISLAND,37.05095831240438,0.0,"Baseline UPS logic. V: 0.849, SOC: 37.0%",0
2026-01-01T21:53:15Z,ISLAND,37.07734720129328,0.0,"Baseline UPS logic. V: 0.888, SOC: 37.1%",0
2026-01-01T21:53:20Z,ISLAND,37.10373609018217,0.0,"Baseline UPS logic. V: 0.836, SOC: 37.1%",0
2026-01-01T21:53:25Z,ISLAND,37.130124979071056,0.0,"Baseline UPS logic. V: 0.937, SOC: 37.1%",0
2026-01-01T21:53:30Z,ISLAND,37.15651386795994,0.0,"Baseline UPS logic. V: 0.915, SOC: 37.1%",0
2026-01-01T21:53:35Z,ISLAND,37.182902756848826,0.0,"Baseline UPS logic. V: 0.824, SOC: 37.2%",0
2026-01-01T21:53:40Z,ISLAND,37.20929164573772,0.0,"Baseline UPS logic. V: 0.924, SOC: 37.2%",0
2026-01-01T21:53:45Z,ISLAND,37.23568053462661,0.0,"Baseline UPS logic. V: 0.904, SOC: 37.2%",0
2026-01-01T21:53:50Z,ISLAND,37.2620694235155,0.0,"Baseline UPS logic. V: 0.932, SOC: 37.2%",0
2026-01-01T21:53:55Z,ISLAND,37.28845831240438,0.0,"Baseline UPS logic. V: 0.887, SOC: 37.3%",0
2026-01-01T21:54:00Z,ISLAND,37.31484720129327,0.0,"Baseline UPS logic. V: 0.866, SOC: 37.3%",0
2026-01-01T21:54:05Z,ISLAND,37.341236090182164,0.0,"Baseline UPS logic. V: 0.868, SOC: 37.3%",0
2026-01-01T21:54:10Z,ISLAND,37.36762497907105,0.0,"Baseline UPS logic. V: 0.880, SOC: 37.3%",0
2026-01-01T21:54:15Z,ISLAND,37.39401386795994,0.0,"Baseline UPS logic. V: 0.908, SOC: 37.4%",0
2026-01-01T21:54:20Z,ISLAND,37.42040275684882,0.0,"Baseline UPS logic. V: 0.914, SOC: 37.4%",0
2026-01-01T21:54:25Z,ISLAND,37.44679164573771,0.0,"Baseline UPS logic. V: 0.897, SOC: 37.4%",0
2026-01-01T21:54:30Z,ISLAND,37.47318053462661,0.0,"Baseline UPS logic. V: 0.886, SOC: 37.4%",0
2026-01-01T21:54:35Z,ISLAND,37.499569423515496,0.0,"Baseline UPS logic. V: 0.889, SOC: 37.5%",0
2026-01-01T21:54:40Z,GRID_PASS,37.52782646150279,0.0,"Baseline UPS logic. V: 1.032, SOC: 37.5%",0
2026-01-01T21:54:45Z,ISLAND,37.55421535039168,0.0,"Baseline UPS logic. V: 0.868, SOC: 37.5%",0
2026-01-01T21:54:50Z,ISLAND,37.58060423928057,0.0,"Baseline UPS logic. V: 0.879, SOC: 37.6%",0
2026-01-01T21:54:55Z,GRID_PASS,37.60804936163928,0.0,"Baseline UPS logic. V: 1.071, SOC: 37.6%",0
2026-01-01T21:55:00Z,ISLAND,37.63443825052817,0.0,"Baseline UPS logic. V: 0.928, SOC: 37.6%",0
2026-01-01T21:55:05Z,ISLAND,37.66082713941706,0.0,"Baseline UPS logic. V: 0.838, SOC: 37.6%",0
2026-01-01T21:55:10Z,GRID_PASS,37.689170963889254,0.0,"Baseline UPS logic. V: 0.949, SOC: 37.7%",0
2026-01-01T21:55:15Z,ISLAND,37.715559852778135,0.0,"Baseline UPS logic. V: 0.862, SOC: 37.7%",0
2026-01-01T21:55:20Z,GRID_PASS,37.74343744542094,0.0,"Baseline UPS logic. V: 0.953, SOC: 37.7%",0
2026-01-01T21:55:25Z,ISLAND,37.76982633430983,0.0,"Baseline UPS logic. V: 0.897, SOC: 37.7%",0
2026-01-01T21:55:30Z,ISLAND,37.79621522319872,0.0,"Baseline UPS logic. V: 0.885, SOC: 37.8%",0
2026-01-01T21:55:35Z,GRID_PASS,37.82355260339294,0.0,"Baseline UPS logic. V: 0.988, SOC: 37.8%",0
2026-01-01T21:55:40Z,ISLAND,37.84994149228183,0.0,"Baseline UPS logic. V: 0.935, SOC: 37.8%",0
2026-01-01T21:55:45Z,GRID_PASS,37.877371853599605,0.0,"Baseline UPS logic. V: 0.956, SOC: 37.8%",0
2026-01-01T21:55:50Z,ISLAND,37.903760742488494,0.0,"Baseline UPS logic. V: 0.929, SOC: 37.9%",0
2026-01-01T21:55:55Z,ISLAND,37.93014963137738,0.0,"Baseline UPS logic. V: 0.885, SOC: 37.9%",0
2026-01-01T21:56:00Z,ISLAND,37.95653852026627,0.0,"Baseline UPS logic. V: 0.938, SOC: 37.9%",0
2026-01-01T21:56:05Z,GRID_PASS,37.984173786996436,0.0,"Baseline UPS logic. V: 0.968, SOC: 38.0%",0
2026-01-01T21:56:10Z,ISLAND,38.010562675885325,0.0,"Baseline UPS logic. V: 0.914, SOC: 38.0%",0
2026-01-01T21:56:15Z,GRID_PASS,38.03769180549529,0.0,"Baseline UPS logic. V: 0.998, SOC: 38.0%",0
2026-01-01T21:56:20Z,GRID_PASS,38.065273384773114,0.0,"Baseline UPS logic. V: 0.950, SOC: 38.0%",0
2026-01-01T21:56:25Z,ISLAND,38.091662273662,0.0,"Baseline UPS logic. V: 0.918, SOC: 38.1%",0
2026-01-01T21:56:30Z,ISLAND,38.11805116255089,0.0,"Baseline UPS logic. V: 0.920, SOC: 38.1%",0
2026-01-01T21:56:35Z,ISLAND,38.14444005143978,0.0,"Baseline UPS logic. V: 0.914, SOC: 38.1%",0
2026-01-01T21:56:40Z,ISLAND,38.17082894032867,0.0,"Baseline UPS logic. V: 0.845, SOC: 38.1%",0
2026-01-01T21:56:45Z,ISLAND,38.19721782921756,0.0,"Baseline UPS logic. V: 0.903, SOC: 38.2%",0
2026-01-01T21:56:50Z,ISLAND,38.223606718106446,0.0,"Baseline UPS logic. V: 0.918, SOC: 38.2%",0
2026-01-01T21:56:55Z,ISLAND,38.249995606995334,0.0,"Baseline UPS logic. V: 0.887, SOC: 38.2%",0
2026-01-01T21:57:00Z,ISLAND,38.27638449588422,0.0,"Baseline UPS logic. V: 0.924, SOC: 38.2%",0
2026-01-01T21:57:05Z,ISLAND,38.30277338477311,0.0,"Baseline UPS logic. V: 0.909, SOC: 38.3%",0
2026-01-01T21:57:10Z,GRID_PASS,38.330031801055156,0.0,"Baseline UPS logic. V: 0.946, SOC: 38.3%",0
2026-01-01T21:57:15Z,GRID_PASS,38.3576396079523,0.0,"Baseline UPS logic. V: 0.941, SOC: 38.3%",0
2026-01-01T21:57:20Z,ISLAND,38.38402849684119,0.0,"Baseline UPS logic. V: 0.916, SOC: 38.4%",0
2026-01-01T21:57:25Z,ISLAND,38.41041738573008,0.0,"Baseline UPS logic. V: 0.839, SOC: 38.4%",0
2026-01-01T21:57:30Z,GRID_PASS,38.43823818785063,0.0,"Baseline UPS logic. V: 0.997, SOC: 38.4%",0
2026-01-01T21:57:35Z,ISLAND,38.46462707673951,0.0,"Baseline UPS logic. V: 0.901, SOC: 38.4%",0
2026-01-01T21:57:40Z,ISLAND,38.4910159656284,0.0,"Baseline UPS logic. V: 0.904, SOC: 38.5%",0
2026-01-01T21:57:45Z,ISLAND,38.51740485451729,0.0,"Baseline UPS logic. V: 0.891, SOC: 38.5%",0
2026-01-01T21:57:50Z,ISLAND,38.54379374340618,0.0,"Baseline UPS logic. V: 0.883, SOC: 38.5%",0
2026-01-01T21:57:55Z,GRID_PASS,38.57052615919072,0.0,"Baseline UPS logic. V: 0.985, SOC: 38.5%",0
2026-01-01T21:58:00Z,GRID_PASS,38.5979347453312,0.0,"Baseline UPS logic. V: 0.977, SOC: 38.6%",0
2026-01-01T21:58:05Z,ISLAND,38.62432363422009,0.0,"Baseline UPS logic. V: 0.930, SOC: 38.6%",0
2026-01-01T21:58:10Z,ISLAND,38.65071252310898,0.0,"Baseline UPS logic. V: 0.903, SOC: 38.6%",0
2026-01-01T21:58:15Z,ISLAND,38.67710141199787,0.0,"Baseline UPS logic. V: 0.939, SOC: 38.7%",0
2026-01-01T21:58:20Z,ISLAND,38.703490300886756,0.0,"Baseline UPS logic. V: 0.912, SOC: 38.7%",0
2026-01-01T21:58:25Z,ISLAND,38.729879189775644,0.0,"Baseline UPS logic. V: 0.899, SOC: 38.7%",0
2026-01-01T21:58:30Z,ISLAND,38.75626807866453,0.0,"Baseline UPS logic. V: 0.925, SOC: 38.7%",0
2026-01-01T21:58:35Z,ISLAND,38.78265696755342,0.0,"Baseline UPS logic. V: 0.886, SOC: 38.8%",0
2026-01-01T21:58:40Z,ISLAND,38.80904585644231,0.0,"Baseline UPS logic. V: 0.921, SOC: 38.8%",0
2026-01-01T21:58:45Z,ISLAND,38.8354347453312,0.0,"Baseline UPS logic. V: 0.918, SOC: 38.8%",0
2026-01-01T21:58:50Z,ISLAND,38.86182363422009,0.0,"Baseline UPS logic. V: 0.938, SOC: 38.8%",0
2026-01-01T21:58:55Z,ISLAND,38.888212523108976,0.0,"Baseline UPS logic. V: 0.877, SOC: 38.9%",0
2026-01-01T21:59:00Z,GRID_PASS,38.91653518852214,0.0,"Baseline UPS logic. V: 0.944, SOC: 38.9%",0
2026-01-01T21:59:05Z,ISLAND,38.94292407741103,0.0,"Baseline UPS logic. V: 0.863, SOC: 38.9%",0
2026-01-01T21:59:10Z,ISLAND,38.96931296629992,0.0,"Baseline UPS logic. V: 0.880, SOC: 38.9%",0
2026-01-01T21:59:15Z,ISLAND,38.995701855188805,0.0,"Baseline UPS logic. V: 0.882, SOC: 39.0%",0
2026-01-01T21:59:20Z,ISLAND,39.022090744077694,0.0,"Baseline UPS logic. V: 0.855, SOC: 39.0%",0
2026-01-01T21:59:25Z,GRID_PASS,39.0504544234343,0.0,"Baseline UPS logic. V: 0.959, SOC: 39.0%",0
2026-01-01T21:59:30Z,ISLAND,39.07684331232319,0.0,"Baseline UPS logic. V: 0.860, SOC: 39.1%",0
2026-01-01T21:59:35Z,ISLAND,39.10323220121208,0.0,"Baseline UPS logic. V: 0.874, SOC: 39.1%",0
2026-01-01T21:59:40Z,GRID_PASS,39.13133286247895,0.0,"Baseline UPS logic. V: 0.971, SOC: 39.1%",0
2026-01-01T21:59:45Z,ISLAND,39.15772175136784,0.0,"Baseline UPS logic. V: 0.880, SOC: 39.1%",0
2026-01-01T21:59:50Z,ISLAND,39.184110640256726,0.0,"Baseline UPS logic. V: 0.899, SOC: 39.2%",0
2026-01-01T21:59:55Z,ISLAND,39.210499529145615,0.0,"Baseline UPS logic. V: 0.858, SOC: 39.2%",0
2026-01-01T22:00:00Z,GRID_PASS,39.237610618318506,0.0,"Baseline UPS logic. V: 0.950, SOC: 39.2%",0
2026-01-01T22:00:05Z,GRID_PASS,39.26479927592394,0.0,"Baseline UPS logic. V: 0.951, SOC: 39.2%",0
2026-01-01T22:00:10Z,GRID_PASS,39.292131695966866,0.0,"Baseline UPS logic. V: 0.946, SOC: 39.3%",0
2026-01-01T22:00:15Z,ISLAND,39.318520584855754,0.0,"Baseline UPS logic. V: 0.936, SOC: 39.3%",0
2026-01-01T22:00:20Z,ISLAND,39.344909473744636,0.0,"Baseline UPS logic. V: 0.913, SOC: 39.3%",0
2026-01-01T22:00:25Z,ISLAND,39.371298362633524,0.0,"Baseline UPS logic. V: 0.883, SOC: 39.3%",0
2026-01-01T22:00:30Z,ISLAND,39.39768725152242,0.0,"Baseline UPS logic. V: 0.868, SOC: 39.4%",0
2026-01-01T22:00:35Z,GRID_PASS,39.42485734102989,0.0,"Baseline UPS logic. V: 0.973, SOC: 39.4%",0
2026-01-01T22:00:40Z,GRID_PASS,39.453034843117116,0.0,"Baseline UPS logic. V: 0.947, SOC: 39.4%",0
2026-01-01T22:00:45Z,ISLAND,39.479423732006005,0.0,"Baseline UPS logic. V: 0.874, SOC: 39.5%",0
2026-01-01T22:00:50Z,ISLAND,39.505812620894886,0.0,"Baseline UPS logic. V: 0.911, SOC: 39.5%",0
2026-01-01T22:00:55Z,ISLAND,39.532201509783775,0.0,"Baseline UPS logic. V: 0.894, SOC: 39.5%",0
2026-01-01T22:01:00Z,ISLAND,39.55859039867266,0.0,"Baseline UPS logic. V: 0.852, SOC: 39.5%",0
2026-01-01T22:01:05Z,ISLAND,39.58497928756156,0.0,"Baseline UPS logic. V: 0.918, SOC: 39.6%",0
2026-01-01T22:01:10Z,ISLAND,39.61136817645045,0.0,"Baseline UPS logic. V: 0.888, SOC: 39.6%",0
2026-01-01T22:01:15Z,ISLAND,39.63775706533933,0.0,"Baseline UPS logic. V: 0.862, SOC: 39.6%",0
2026-01-01T22:01:20Z,ISLAND,39.66414595422822,0.0,"Baseline UPS logic. V: 0.835, SOC: 39.6%",0
2026-01-01T22:01:25Z,ISLAND,39.690534843117106,0.0,"Baseline UPS logic. V: 0.831, SOC: 39.7%",0
2026-01-01T22:01:30Z,ISLAND,39.716923732006,0.0,"Baseline UPS logic. V: 0.891, SOC: 39.7%",0
2026-01-01T22:01:35Z,ISLAND,39.74331262089489,0.0,"Baseline UPS logic. V: 0.905, SOC: 39.7%",0
2026-01-01T22:01:40Z,ISLAND,39.76970150978377,0.0,"Baseline UPS logic. V: 0.865, SOC: 39.7%",0
2026-01-01T22:01:45Z,GRID_PASS,39.7974501737578,0.0,"Baseline UPS logic. V: 0.942, SOC: 39.8%",0
2026-01-01T22:01:50Z,ISLAND,39.82383906264669,0.0,"Baseline UPS logic. V: 0.906, SOC: 39.8%",0
2026-01-01T22:01:55Z,ISLAND,39.85022795153558,0.0,"Baseline UPS logic. V: 0.938, SOC: 39.8%",0
2026-01-01T22:02:00Z,ISLAND,39.87661684042447,0.0,"Baseline UPS logic. V: 0.900, SOC: 39.9%",0
2026-01-01T22:02:05Z,ISLAND,39.90300572931336,0.0,"Baseline UPS logic. V: 0.870, SOC: 39.9%",0
2026-01-01T22:02:10Z,ISLAND,39.929394618202245,0.0,"Baseline UPS logic. V: 0.915, SOC: 39.9%",0
2026-01-01T22:02:15Z,ISLAND,39.955783507091134,0.0,"Baseline UPS logic. V: 0.846, SOC: 39.9%",0
2026-01-01T22:02:20Z,ISLAND,39.98217239598002,0.0,"Baseline UPS logic. V: 0.937, SOC: 40.0%",0
2026-01-01T22:02:25Z,ISLAND,40.00856128486891,0.0,"Baseline UPS logic. V: 0.863, SOC: 40.0%",0
2026-01-01T22:02:30Z,GRID_PASS,40.03649116246434,0.0,"Baseline UPS logic. V: 0.956, SOC: 40.0%",0
2026-01-01T22:02:35Z,ISLAND,40.062880051353225,0.0,"Baseline UPS logic. V: 0.893, SOC: 40.0%",0
2026-01-01T22:02:40Z,GRID_PASS,40.09132935290932,0.0,"Baseline UPS logic. V: 0.963, SOC: 40.1%",0
2026-01-01T22:02:45Z,ISLAND,40.11771824179821,0.0,"Baseline UPS logic. V: 0.853, SOC: 40.1%",0
2026-01-01T22:02:50Z,ISLAND,40.1441071306871,0.0,"Baseline UPS logic. V: 0.876, SOC: 40.1%",0
2026-01-01T22:02:55Z,ISLAND,40.170496019575985,0.0,"Baseline UPS logic. V: 0.929, SOC: 40.1%",0
2026-01-01T22:03:00Z,GRID_PASS,40.19698615172491,0.0,"Baseline UPS logic. V: 0.968, SOC: 40.2%",0
2026-01-01T22:03:05Z,GRID_PASS,40.224650969330824,0.0,"Baseline UPS logic. V: 0.993, SOC: 40.2%",0
2026-01-01T22:03:10Z,ISLAND,40.25103985821971,0.0,"Baseline UPS logic. V: 0.912, SOC: 40.2%",0
2026-01-01T22:03:15Z,GRID_PASS,40.278931653894354,0.0,"Baseline UPS logic. V: 1.002, SOC: 40.3%",0
2026-01-01T22:03:20Z,ISLAND,40.30532054278324,0.0,"Baseline UPS logic. V: 0.895, SOC: 40.3%",0
2026-01-01T22:03:25Z,GRID_PASS,40.33364757721863,0.0,"Baseline UPS logic. V: 0.965, SOC: 40.3%",0
2026-01-01T22:03:30Z,ISLAND,40.360036466107516,0.0,"Baseline UPS logic. V: 0.863, SOC: 40.3%",0
2026-01-01T22:03:35Z,ISLAND,40.386425354996405,0.0,"Baseline UPS logic. V: 0.931, SOC: 40.4%",0
2026-01-01T22:03:40Z,ISLAND,40.41281424388529,0.0,"Baseline UPS logic. V: 0.793, SOC: 40.4%",0
2026-01-01T22:03:45Z,ISLAND,40.43920313277418,0.0,"Baseline UPS logic. V: 0.854, SOC: 40.4%",0
2026-01-01T22:03:50Z,ISLAND,40.46559202166307,0.0,"Baseline UPS logic. V: 0.933, SOC: 40.4%",0
2026-01-01T22:03:55Z,ISLAND,40.49198091055196,0.0,"Baseline UPS logic. V: 0.844, SOC: 40.5%",0
2026-01-01T22:04:00Z,ISLAND,40.51836979944085,0.0,"Baseline UPS logic. V: 0.931, SOC: 40.5%",0
2026-01-01T22:04:05Z,GRID_PASS,40.54639958598358,0.0,"Baseline UPS logic. V: 0.956, SOC: 40.5%",0
2026-01-01T22:04:10Z,ISLAND,40.57278847487247,0.0,"Baseline UPS logic. V: 0.885, SOC: 40.5%",0
2026-01-01T22:04:15Z,ISLAND,40.599177363761356,0.0,"Baseline UPS logic. V: 0.862, SOC: 40.6%",0
2026-01-01T22:04:20Z,ISLAND,40.625566252650245,0.0,"Baseline UPS logic. V: 0.887, SOC: 40.6%",0
2026-01-01T22:04:25Z,ISLAND,40.65195514153913,0.0,"Baseline UPS logic. V: 0.862, SOC: 40.6%",0
2026-01-01T22:04:30Z,ISLAND,40.67834403042802,0.0,"Baseline UPS logic. V: 0.905, SOC: 40.7%",0
2026-01-01T22:04:35Z,ISLAND,40.70473291931691,0.0,"Baseline UPS logic. V: 0.915, SOC: 40.7%",0
2026-01-01T22:04:40Z,ISLAND,40.7311218082058,0.0,"Baseline UPS logic. V: 0.895, SOC: 40.7%",0
2026-01-01T22:04:45Z,GRID_PASS,40.75929716703454,0.0,"Baseline UPS logic. V: 0.994, SOC: 40.7%",0
2026-01-01T22:04:50Z,ISLAND,40.785686055923435,0.0,"Baseline UPS logic. V: 0.874, SOC: 40.8%",0
2026-01-01T22:04:55Z,GRID_PASS,40.81407294625025,0.0,"Baseline UPS logic. V: 0.980, SOC: 40.8%",0
2026-01-01T22:05:00Z,ISLAND,40.84046183513914,0.0,"Baseline UPS logic. V: 0.858, SOC: 40.8%",0
2026-01-01T22:05:05Z,ISLAND,40.86685072402803,0.0,"Baseline UPS logic. V: 0.914, SOC: 40.8%",0
2026-01-01T22:05:10Z,GRID_PASS,40.893727936788885,0.0,"Baseline UPS logic. V: 0.970, SOC: 40.9%",0
2026-01-01T22:05:15Z,GRID_PASS,40.92169815186906,0.0,"Baseline UPS logic. V: 0.967, SOC: 40.9%",0
2026-01-01T22:05:20Z,ISLAND,40.94808704075795,0.0,"Baseline UPS logic. V: 0.890, SOC: 40.9%",0
2026-01-01T22:05:25Z,ISLAND,40.974475929646836,0.0,"Baseline UPS logic. V: 0.938, SOC: 40.9%",0
2026-01-01T22:05:30Z,ISLAND,41.00086481853572,0.0,"Baseline UPS logic. V: 0.932, SOC: 41.0%",0
2026-01-01T22:05:35Z,ISLAND,41.02725370742461,0.0,"Baseline UPS logic. V: 0.884, SOC: 41.0%",0
2026-01-01T22:05:40Z,GRID_PASS,41.05358423170671,0.0,"Baseline UPS logic. V: 0.942, SOC: 41.0%",0
2026-01-01T22:05:45Z,GRID_PASS,41.0809372854219,0.0,"Baseline UPS logic. V: 1.004, SOC: 41.1%",0
2026-01-01T22:05:50Z,ISLAND,41.10732617431079,0.0,"Baseline UPS logic. V: 0.934, SOC: 41.1%",0
2026-01-01T22:05:55Z,ISLAND,41.13371506319968,0.0,"Baseline UPS logic. V: 0.939, SOC: 41.1%",0
2026-01-01T22:06:00Z,GRID_PASS,41.162362489658086,0.0,"Baseline UPS logic. V: 0.944, SOC: 41.1%",0
2026-01-01T22:06:05Z,ISLAND,41.188751378546975,0.0,"Baseline UPS logic. V: 0.838, SOC: 41.2%",0
2026-01-01T22:06:10Z,ISLAND,41.215140267435864,0.0,"Baseline UPS logic. V: 0.934, SOC: 41.2%",0
2026-01-01T22:06:15Z,ISLAND,41.24152915632475,0.0,"Baseline UPS logic. V: 0.860, SOC: 41.2%",0
2026-01-01T22:06:20Z,ISLAND,41.26791804521364,0.0,"Baseline UPS logic. V: 0.882, SOC: 41.2%",0
2026-01-01T22:06:25Z,GRID_PASS,41.29576993814834,0.0,"Baseline UPS logic. V: 1.019, SOC: 41.3%",0
2026-01-01T22:06:30Z,ISLAND,41.32215882703723,0.0,"Baseline UPS logic. V: 0.898, SOC: 41.3%",0
2026-01-01T22:06:35Z,ISLAND,41.348547715926124,0.0,"Baseline UPS logic. V: 0.874, SOC: 41.3%",0
2026-01-01T22:06:40Z,GRID_PASS,41.376863787643686,0.0,"Baseline UPS logic. V: 0.969, SOC: 41.3%",0
2026-01-01T22:06:45Z,ISLAND,41.403252676532574,0.0,"Baseline UPS logic. V: 0.864, SOC: 41.4%",0
2026-01-01T22:06:50Z,ISLAND,41.42964156542146,0.0,"Baseline UPS logic. V: 0.889, SOC: 41.4%",0
2026-01-01T22:06:55Z,GRID_PASS,41.45729001787492,0.0,"Baseline UPS logic. V: 0.974, SOC: 41.4%",0
2026-01-01T22:07:00Z,ISLAND,41.4836789067638,0.0,"Baseline UPS logic. V: 0.913, SOC: 41.5%",0
2026-01-01T22:07:05Z,ISLAND,41.51006779565269,0.0,"Baseline UPS logic. V: 0.833, SOC: 41.5%",0
2026-01-01T22:07:10Z,ISLAND,41.53645668454158,0.0,"Baseline UPS logic. V: 0.939, SOC: 41.5%",0
2026-01-01T22:07:15Z,ISLAND,41.562845573430465,0.0,"Baseline UPS logic. V: 0.892, SOC: 41.5%",0
2026-01-01T22:07:20Z,GRID_PASS,41.59093067160827,0.0,"Baseline UPS logic. V: 0.988, SOC: 41.6%",0
2026-01-01T22:07:25Z,ISLAND,41.61731956049716,0.0,"Baseline UPS logic. V: 0.881, SOC: 41.6%",0
2026-01-01T22:07:30Z,GRID_PASS,41.64370473335362,0.0,"Baseline UPS logic. V: 0.964, SOC: 41.6%",0
2026-01-01T22:07:35Z,GRID_PASS,41.6719523177698,0.0,"Baseline UPS logic. V: 1.000, SOC: 41.6%",0
2026-01-01T22:07:40Z,ISLAND,41.69834120665869,0.0,"Baseline UPS logic. V: 0.869, SOC: 41.7%",0
2026-01-01T22:07:45Z,ISLAND,41.72473009554758,0.0,"Baseline UPS logic. V: 0.902, SOC: 41.7%",0
2026-01-01T22:07:50Z,ISLAND,41.75111898443647,0.0,"Baseline UPS logic. V: 0.931, SOC: 41.7%",0
2026-01-01T22:07:55Z,ISLAND,41.77750787332536,0.0,"Baseline UPS logic. V: 0.869, SOC: 41.8%",0
2026-01-01T22:08:00Z,ISLAND,41.803896762214244,0.0,"Baseline UPS logic. V: 0.925, SOC: 41.8%",0
2026-01-01T22:08:05Z,ISLAND,41.83028565110313,0.0,"Baseline UPS logic. V: 0.901, SOC: 41.8%",0
2026-01-01T22:08:10Z,ISLAND,41.85667453999202,0.0,"Baseline UPS logic. V: 0.900, SOC: 41.8%",0
2026-01-01T22:08:15Z,ISLAND,41.88306342888091,0.0,"Baseline UPS logic. V: 0.914, SOC: 41.9%",0
2026-01-01T22:08:20Z,ISLAND,41.909452317769805,0.0,"Baseline UPS logic. V: 0.915, SOC: 41.9%",0
2026-01-01T22:08:25Z,ISLAND,41.93584120665869,0.0,"Baseline UPS logic. V: 0.920, SOC: 41.9%",0
2026-01-01T22:08:30Z,ISLAND,41.962230095547575,0.0,"Baseline UPS logic. V: 0.882, SOC: 41.9%",0
2026-01-01T22:08:35Z,ISLAND,41.988618984436464,0.0,"Baseline UPS logic. V: 0.884, SOC: 42.0%",0
2026-01-01T22:08:40Z,ISLAND,42.01500787332535,0.0,"Baseline UPS logic. V: 0.906, SOC: 42.0%",0
2026-01-01T22:08:45Z,ISLAND,42.04139676221425,0.0,"Baseline UPS logic. V: 0.910, SOC: 42.0%",0
2026-01-01T22:08:50Z,ISLAND,42.06778565110313,0.0,"Baseline UPS logic. V: 0.890, SOC: 42.0%",0
2026-01-01T22:08:55Z,ISLAND,42.09417453999202,0.0,"Baseline UPS logic. V: 0.928, SOC: 42.1%",0
2026-01-01T22:09:00Z,ISLAND,42.12056342888091,0.0,"Baseline UPS logic. V: 0.821, SOC: 42.1%",0
2026-01-01T22:09:05Z,ISLAND,42.146952317769795,0.0,"Baseline UPS logic. V: 0.876, SOC: 42.1%",0
2026-01-01T22:09:10Z,ISLAND,42.17334120665869,0.0,"Baseline UPS logic. V: 0.898, SOC: 42.1%",0
2026-01-01T22:09:15Z,ISLAND,42.19973009554757,0.0,"Baseline UPS logic. V: 0.869, SOC: 42.2%",0
2026-01-01T22:09:20Z,GRID_PASS,42.22737953181278,0.0,"Baseline UPS logic. V: 0.994, SOC: 42.2%",0
2026-01-01T22:09:25Z,ISLAND,42.25376842070167,0.0,"Baseline UPS logic. V: 0.913, SOC: 42.2%",0
2026-01-01T22:09:30Z,ISLAND,42.280157309590564,0.0,"Baseline UPS logic. V: 0.921, SOC: 42.3%",0
2026-01-01T22:09:35Z,ISLAND,42.30654619847945,0.0,"Baseline UPS logic. V: 0.888, SOC: 42.3%",0
2026-01-01T22:09:40Z,ISLAND,42.33293508736834,0.0,"Baseline UPS logic. V: 0.911, SOC: 42.3%",0
2026-01-01T22:09:45Z,ISLAND,42.35932397625722,0.0,"Baseline UPS logic. V: 0.851, SOC: 42.3%",0
2026-01-01T22:09:50Z,ISLAND,42.38571286514611,0.0,"Baseline UPS logic. V: 0.904, SOC: 42.4%",0
2026-01-01T22:09:55Z,ISLAND,42.41210175403501,0.0,"Baseline UPS logic. V: 0.865, SOC: 42.4%",0
2026-01-01T22:10:00Z,ISLAND,42.438490642923895,0.0,"Baseline UPS logic. V: 0.898, SOC: 42.4%",0
2026-01-01T22:10:05Z,ISLAND,42.464879531812784,0.0,"Baseline UPS logic. V: 0.785, SOC: 42.4%",0
2026-01-01T22:10:10Z,ISLAND,42.491268420701665,0.0,"Baseline UPS logic. V: 0.856, SOC: 42.5%",0
2026-01-01T22:10:15Z,GRID_PASS,42.51833767899856,0.0,"Baseline UPS logic. V: 0.986, SOC: 42.5%",0
2026-01-01T22:10:20Z,GRID_PASS,42.5450486988847,0.0,"Baseline UPS logic. V: 0.954, SOC: 42.5%",0
2026-01-01T22:10:25Z,GRID_PASS,42.57170863987937,0.0,"Baseline UPS logic. V: 0.979, SOC: 42.5%",0
2026-01-01T22:10:30Z,GRID_PASS,42.59889137174738,0.0,"Baseline UPS logic. V: 0.982, SOC: 42.6%",0
2026-01-01T22:10:35Z,GRID_PASS,42.62685830498533,0.0,"Baseline UPS logic. V: 0.946, SOC: 42.6%",0
2026-01-01T22:10:40Z,ISLAND,42.65324719387422,0.0,"Baseline UPS logic. V: 0.890, SOC: 42.6%",0
2026-01-01T22:10:45Z,ISLAND,42.67963608276311,0.0,"Baseline UPS logic. V: 0.861, SOC: 42.7%",0
2026-01-01T22:10:50Z,GRID_PASS,42.707248572960985,0.0,"Baseline UPS logic. V: 0.970, SOC: 42.7%",0
2026-01-01T22:10:55Z,ISLAND,42.733637461849874,0.0,"Baseline UPS logic. V: 0.916, SOC: 42.7%",0
2026-01-01T22:11:00Z,GRID_PASS,42.76153985116846,0.0,"Baseline UPS logic. V: 1.037, SOC: 42.7%",0
2026-01-01T22:11:05Z,ISLAND,42.787928740057346,0.0,"Baseline UPS logic. V: 0.895, SOC: 42.8%",0
2026-01-01T22:11:10Z,GRID_PASS,42.81568890806777,0.0,"Baseline UPS logic. V: 1.012, SOC: 42.8%",0
2026-01-01T22:11:15Z,ISLAND,42.84207779695666,0.0,"Baseline UPS logic. V: 0.905, SOC: 42.8%",0
2026-01-01T22:11:20Z,GRID_PASS,42.868500014457744,0.0,"Baseline UPS logic. V: 0.980, SOC: 42.8%",0
2026-01-01T22:11:25Z,GRID_PASS,42.89684074554121,0.0,"Baseline UPS logic. V: 0.998, SOC: 42.9%",0
2026-01-01T22:11:30Z,ISLAND,42.92322963443011,0.0,"Baseline UPS logic. V: 0.862, SOC: 42.9%",0
2026-01-01T22:11:35Z,ISLAND,42.94961852331899,0.0,"Baseline UPS logic. V: 0.889, SOC: 42.9%",0
2026-01-01T22:11:40Z,ISLAND,42.97600741220788,0.0,"Baseline UPS logic. V: 0.861, SOC: 42.9%",0
2026-01-01T22:11:45Z,ISLAND,43.002396301096766,0.0,"Baseline UPS logic. V: 0.851, SOC: 43.0%",0
2026-01-01T22:11:50Z,GRID_PASS,43.03018379487405,0.0,"Baseline UPS logic. V: 0.946, SOC: 43.0%",0
2026-01-01T22:11:55Z,ISLAND,43.05657268376294,0.0,"Baseline UPS logic. V: 0.903, SOC: 43.0%",0
2026-01-01T22:12:00Z,ISLAND,43.082961572651826,0.0,"Baseline UPS logic. V: 0.916, SOC: 43.1%",0
2026-01-01T22:12:05Z,GRID_PASS,43.111829966160144,0.0,"Baseline UPS logic. V: 0.941, SOC: 43.1%",0
2026-01-01T22:12:10Z,ISLAND,43.13821885504903,0.0,"Baseline UPS logic. V: 0.820, SOC: 43.1%",0
2026-01-01T22:12:15Z,GRID_PASS,43.16610521802395,0.0,"Baseline UPS logic. V: 0.978, SOC: 43.1%",0
2026-01-01T22:12:20Z,ISLAND,43.19249410691284,0.0,"Baseline UPS logic. V: 0.896, SOC: 43.2%",0
2026-01-01T22:12:25Z,ISLAND,43.21888299580173,0.0,"Baseline UPS logic. V: 0.940, SOC: 43.2%",0
2026-01-01T22:12:30Z,GRID_PASS,43.245544252203416,0.0,"Baseline UPS logic. V: 0.944, SOC: 43.2%",0
2026-01-01T22:12:35Z,GRID_PASS,43.27326347717041,0.0,"Baseline UPS logic. V: 0.982, SOC: 43.2%",0
2026-01-01T22:12:40Z,ISLAND,43.2996523660593,0.0,"Baseline UPS logic. V: 0.908, SOC: 43.3%",0
2026-01-01T22:12:45Z,ISLAND,43.32604125494819,0.0,"Baseline UPS logic. V: 0.807, SOC: 43.3%",0
2026-01-01T22:12:50Z,ISLAND,43.352430143837076,0.0,"Baseline UPS logic. V: 0.916, SOC: 43.3%",0
2026-01-01T22:12:55Z,ISLAND,43.37881903272597,0.0,"Baseline UPS logic. V: 0.923, SOC: 43.4%",0
2026-01-01T22:13:00Z,ISLAND,43.40520792161485,0.0,"Baseline UPS logic. V: 0.862, SOC: 43.4%",0
2026-01-01T22:13:05Z,ISLAND,43.43159681050374,0.0,"Baseline UPS logic. V: 0.921, SOC: 43.4%",0
2026-01-01T22:13:10Z,ISLAND,43.45798569939263,0.0,"Baseline UPS logic. V: 0.896, SOC: 43.4%",0
2026-01-01T22:13:15Z,ISLAND,43.48437458828152,0.0,"Baseline UPS logic. V: 0.847, SOC: 43.5%",0
2026-01-01T22:13:20Z,GRID_PASS,43.51240084882077,0.0,"Baseline UPS logic. V: 0.947, SOC: 43.5%",0
2026-01-01T22:13:25Z,ISLAND,43.53878973770966,0.0,"Baseline UPS logic. V: 0.886, SOC: 43.5%",0
2026-01-01T22:13:30Z,ISLAND,43.56517862659855,0.0,"Baseline UPS logic. V: 0.893, SOC: 43.5%",0
2026-01-01T22:13:35Z,ISLAND,43.59156751548744,0.0,"Baseline UPS logic. V: 0.891, SOC: 43.6%",0
2026-01-01T22:13:40Z,GRID_PASS,43.61923734663009,0.0,"Baseline UPS logic. V: 0.976, SOC: 43.6%",0
2026-01-01T22:13:45Z,ISLAND,43.645626235518975,0.0,"Baseline UPS logic. V: 0.912, SOC: 43.6%",0
2026-01-01T22:13:50Z,ISLAND,43.672015124407864,0.0,"Baseline UPS logic. V: 0.918, SOC: 43.6%",0
2026-01-01T22:13:55Z,ISLAND,43.69840401329675,0.0,"Baseline UPS logic. V: 0.892, SOC: 43.7%",0
2026-01-01T22:14:00Z,ISLAND,43.72479290218564,0.0,"Baseline UPS logic. V: 0.937, SOC: 43.7%",0
2026-01-01T22:14:05Z,GRID_PASS,43.75197184729013,0.0,"Baseline UPS logic. V: 0.982, SOC: 43.7%",0
2026-01-01T22:14:10Z,GRID_PASS,43.779122753535866,0.0,"Baseline UPS logic. V: 0.947, SOC: 43.8%",0
2026-01-01T22:14:15Z,GRID_PASS,43.80633156037866,0.0,"Baseline UPS logic. V: 0.948, SOC: 43.8%",0
2026-01-01T22:14:20Z,GRID_PASS,43.83488885521372,0.0,"Baseline UPS logic. V: 0.944, SOC: 43.8%",0
2026-01-01T22:14:25Z,ISLAND,43.86127774410261,0.0,"Baseline UPS logic. V: 0.845, SOC: 43.8%",0
2026-01-01T22:14:30Z,ISLAND,43.8876666329915,0.0,"Baseline UPS logic. V: 0.870, SOC: 43.9%",0
2026-01-01T22:14:35Z,ISLAND,43.91405552188038,0.0,"Baseline UPS logic. V: 0.904, SOC: 43.9%",0
2026-01-01T22:14:40Z,ISLAND,43.94044441076927,0.0,"Baseline UPS logic. V: 0.878, SOC: 43.9%",0
2026-01-01T22:14:45Z,ISLAND,43.96683329965816,0.0,"Baseline UPS logic. V: 0.861, SOC: 43.9%",0
2026-01-01T22:14:50Z,ISLAND,43.99322218854705,0.0,"Baseline UPS logic. V: 0.820, SOC: 44.0%",0
2026-01-01T22:14:55Z,ISLAND,44.01961107743594,0.0,"Baseline UPS logic. V: 0.847, SOC: 44.0%",0
2026-01-01T22:15:00Z,ISLAND,44.04599996632482,0.0,"Baseline UPS logic. V: 0.901, SOC: 44.0%",0
2026-01-01T22:15:05Z,ISLAND,44.07238885521371,0.0,"Baseline UPS logic. V: 0.911, SOC: 44.0%",0
2026-01-01T22:15:10Z,ISLAND,44.098777744102605,0.0,"Baseline UPS logic. V: 0.875, SOC: 44.1%",0
2026-01-01T22:15:15Z,ISLAND,44.125166632991494,0.0,"Baseline UPS logic. V: 0.918, SOC: 44.1%",0
2026-01-01T22:15:20Z,ISLAND,44.15155552188038,0.0,"Baseline UPS logic. V: 0.893, SOC: 44.1%",0
2026-01-01T22:15:25Z,GRID_PASS,44.179298065520534,0.0,"Baseline UPS logic. V: 0.969, SOC: 44.2%",0
2026-01-01T22:15:30Z,ISLAND,44.20568695440942,0.0,"Baseline UPS logic. V: 0.906, SOC: 44.2%",0
2026-01-01T22:15:35Z,GRID_PASS,44.23317608233591,0.0,"Baseline UPS logic. V: 0.949, SOC: 44.2%",0
2026-01-01T22:15:40Z,ISLAND,44.259564971224805,0.0,"Baseline UPS logic. V: 0.925, SOC: 44.2%",0
2026-01-01T22:15:45Z,ISLAND,44.28595386011369,0.0,"Baseline UPS logic. V: 0.844, SOC: 44.3%",0
2026-01-01T22:15:50Z,ISLAND,44.31234274900258,0.0,"Baseline UPS logic. V: 0.910, SOC: 44.3%",0
2026-01-01T22:15:55Z,ISLAND,44.33873163789147,0.0,"Baseline UPS logic. V: 0.853, SOC: 44.3%",0
2026-01-01T22:16:00Z,ISLAND,44.36512052678035,0.0,"Baseline UPS logic. V: 0.909, SOC: 44.3%",0
2026-01-01T22:16:05Z,ISLAND,44.39150941566925,0.0,"Baseline UPS logic. V: 0.878, SOC: 44.4%",0
2026-01-01T22:16:10Z,ISLAND,44.417898304558136,0.0,"Baseline UPS logic. V: 0.934, SOC: 44.4%",0
2026-01-01T22:16:15Z,ISLAND,44.444287193447025,0.0,"Baseline UPS logic. V: 0.848, SOC: 44.4%",0
2026-01-01T22:16:20Z,ISLAND,44.47067608233591,0.0,"Baseline UPS logic. V: 0.916, SOC: 44.4%",0
2026-01-01T22:16:25Z,GRID_PASS,44.49765608161207,0.0,"Baseline UPS logic. V: 0.943, SOC: 44.5%",0
2026-01-01T22:16:30Z,GRID_PASS,44.52580099467391,0.0,"Baseline UPS logic. V: 0.960, SOC: 44.5%",0
2026-01-01T22:16:35Z,ISLAND,44.5521898835628,0.0,"Baseline UPS logic. V: 0.877, SOC: 44.5%",0
2026-01-01T22:16:40Z,ISLAND,44.578578772451685,0.0,"Baseline UPS logic. V: 0.916, SOC: 44.6%",0
2026-01-01T22:16:45Z,ISLAND,44.60496766134058,0.0,"Baseline UPS logic. V: 0.924, SOC: 44.6%",0
2026-01-01T22:16:50Z,GRID_PASS,44.633579810390884,0.0,"Baseline UPS logic. V: 0.992, SOC: 44.6%",0
2026-01-01T22:16:55Z,ISLAND,44.65996869927977,0.0,"Baseline UPS logic. V: 0.841, SOC: 44.6%",0
2026-01-01T22:17:00Z,ISLAND,44.68635758816866,0.0,"Baseline UPS logic. V: 0.869, SOC: 44.7%",0
2026-01-01T22:17:05Z,GRID_PASS,44.71416605840638,0.0,"Baseline UPS logic. V: 1.055, SOC: 44.7%",0
2026-01-01T22:17:10Z,ISLAND,44.740554947295266,0.0,"Baseline UPS logic. V: 0.902, SOC: 44.7%",0
2026-01-01T22:17:15Z,ISLAND,44.766943836184154,0.0,"Baseline UPS logic. V: 0.821, SOC: 44.7%",0
2026-01-01T22:17:20Z,ISLAND,44.79333272507304,0.0,"Baseline UPS logic. V: 0.886, SOC: 44.8%",0
2026-01-01T22:17:25Z,ISLAND,44.81972161396193,0.0,"Baseline UPS logic. V: 0.777, SOC: 44.8%",0
2026-01-01T22:17:30Z,ISLAND,44.84611050285082,0.0,"Baseline UPS logic. V: 0.927, SOC: 44.8%",0
2026-01-01T22:17:35Z,GRID_PASS,44.87434803586847,0.0,"Baseline UPS logic. V: 0.956, SOC: 44.8%",0
2026-01-01T22:17:40Z,ISLAND,44.90073692475736,0.0,"Baseline UPS logic. V: 0.870, SOC: 44.9%",0
2026-01-01T22:17:45Z,ISLAND,44.92712581364625,0.0,"Baseline UPS logic. V: 0.892, SOC: 44.9%",0
2026-01-01T22:17:50Z,GRID_PASS,44.95590329145038,0.0,"Baseline UPS logic. V: 0.961, SOC: 44.9%",0
2026-01-01T22:17:55Z,ISLAND,44.98229218033927,0.0,"Baseline UPS logic. V: 0.828, SOC: 45.0%",0
2026-01-01T22:18:00Z,ISLAND,45.00868106922816,0.0,"Baseline UPS logic. V: 0.849, SOC: 45.0%",0
2026-01-01T22:18:05Z,ISLAND,45.03506995811705,0.0,"Baseline UPS logic. V: 0.904, SOC: 45.0%",0
2026-01-01T22:18:10Z,ISLAND,45.06145884700594,0.0,"Baseline UPS logic. V: 0.878, SOC: 45.0%",0
2026-01-01T22:18:15Z,ISLAND,45.087847735894826,0.0,"Baseline UPS logic. V: 0.901, SOC: 45.1%",0
2026-01-01T22:18:20Z,ISLAND,45.114236624783715,0.0,"Baseline UPS logic. V: 0.852, SOC: 45.1%",0
2026-01-01T22:18:25Z,ISLAND,45.1406255136726,0.0,"Baseline UPS logic. V: 0.926, SOC: 45.1%",0
2026-01-01T22:18:30Z,ISLAND,45.16701440256149,0.0,"Baseline UPS logic. V: 0.908, SOC: 45.1%",0
2026-01-01T22:18:35Z,GRID_PASS,45.19448933093388,0.0,"Baseline UPS logic. V: 0.943, SOC: 45.2%",0
2026-01-01T22:18:40Z,ISLAND,45.220878219822765,0.0,"Baseline UPS logic. V: 0.926, SOC: 45.2%",0
2026-01-01T22:18:45Z,ISLAND,45.24726710871166,0.0,"Baseline UPS logic. V: 0.926, SOC: 45.2%",0
2026-01-01T22:18:50Z,ISLAND,45.27365599760055,0.0,"Baseline UPS logic. V: 0.843, SOC: 45.2%",0
2026-01-01T22:18:55Z,GRID_PASS,45.301498671317006,0.0,"Baseline UPS logic. V: 0.940, SOC: 45.3%",0
2026-01-01T22:19:00Z,ISLAND,45.327887560205895,0.0,"Baseline UPS logic. V: 0.899, SOC: 45.3%",0
2026-01-01T22:19:05Z,ISLAND,45.35427644909478,0.0,"Baseline UPS logic. V: 0.908, SOC: 45.3%",0
2026-01-01T22:19:10Z,GRID_PASS,45.38237616664838,0.0,"Baseline UPS logic. V: 0.968, SOC: 45.4%",0
2026-01-01T22:19:15Z,ISLAND,45.40876505553727,0.0,"Baseline UPS logic. V: 0.880, SOC: 45.4%",0
2026-01-01T22:19:20Z,GRID_PASS,45.43533115603239,0.0,"Baseline UPS logic. V: 0.984, SOC: 45.4%",0
2026-01-01T22:19:25Z,GRID_PASS,45.46240678943258,0.0,"Baseline UPS logic. V: 0.988, SOC: 45.4%",0
2026-01-01T22:19:30Z,GRID_PASS,45.49067960173132,0.0,"Baseline UPS logic. V: 0.954, SOC: 45.5%",0
2026-01-01T22:19:35Z,ISLAND,45.51706849062021,0.0,"Baseline UPS logic. V: 0.867, SOC: 45.5%",0
2026-01-01T22:19:40Z,ISLAND,45.5434573795091,0.0,"Baseline UPS logic. V: 0.807, SOC: 45.5%",0
2026-01-01T22:19:45Z,GRID_PASS,45.570989281059006,0.0,"Baseline UPS logic. V: 0.970, SOC: 45.5%",0
2026-01-01T22:19:50Z,ISLAND,45.597378169947895,0.0,"Baseline UPS logic. V: 0.922, SOC: 45.6%",0
2026-01-01T22:19:55Z,ISLAND,45.62376705883678,0.0,"Baseline UPS logic. V: 0.879, SOC: 45.6%",0
2026-01-01T22:20:00Z,GRID_PASS,45.65195617072618,0.0,"Baseline UPS logic. V: 0.975, SOC: 45.6%",0
2026-01-01T22:20:05Z,ISLAND,45.67834505961507,0.0,"Baseline UPS logic. V: 0.873, SOC: 45.7%",0
2026-01-01T22:20:10Z,ISLAND,45.70473394850396,0.0,"Baseline UPS logic. V: 0.895, SOC: 45.7%",0
2026-01-01T22:20:15Z,GRID_PASS,45.73308885563067,0.0,"Baseline UPS logic. V: 0.943, SOC: 45.7%",0
2026-01-01T22:20:20Z,ISLAND,45.75947774451956,0.0,"Baseline UPS logic. V: 0.861, SOC: 45.7%",0
2026-01-01T22:20:25Z,ISLAND,45.78586663340845,0.0,"Baseline UPS logic. V: 0.911, SOC: 45.8%",0
2026-01-01T22:20:30Z,GRID_PASS,45.813323188379215,0.0,"Baseline UPS logic. V: 0.971, SOC: 45.8%",0
2026-01-01T22:20:35Z,ISLAND,45.83971207726811,0.0,"Baseline UPS logic. V: 0.927, SOC: 45.8%",0
2026-01-01T22:20:40Z,GRID_PASS,45.866503727040815,0.0,"Baseline UPS logic. V: 0.979, SOC: 45.8%",0
2026-01-01T22:20:45Z,GRID_PASS,45.89410252407408,0.0,"Baseline UPS logic. V: 0.973, SOC: 45.9%",0
2026-01-01T22:20:50Z,ISLAND,45.92049141296297,0.0,"Baseline UPS logic. V: 0.917, SOC: 45.9%",0
2026-01-01T22:20:55Z,ISLAND,45.946880301851856,0.0,"Baseline UPS logic. V: 0.800, SOC: 45.9%",0
2026-01-01T22:21:00Z,ISLAND,45.973269190740744,0.0,"Baseline UPS logic. V: 0.861, SOC: 45.9%",0
2026-01-01T22:21:05Z,GRID_PASS,46.00190069951287,0.0,"Baseline UPS logic. V: 0.955, SOC: 46.0%",0
2026-01-01T22:21:10Z,ISLAND,46.02828958840177,0.0,"Baseline UPS logic. V: 0.839, SOC: 46.0%",0
2026-01-01T22:21:15Z,ISLAND,46.05467847729066,0.0,"Baseline UPS logic. V: 0.900, SOC: 46.0%",0
2026-01-01T22:21:20Z,ISLAND,46.081067366179546,0.0,"Baseline UPS logic. V: 0.934, SOC: 46.1%",0
2026-01-01T22:21:25Z,GRID_PASS,46.10905985521463,0.0,"Baseline UPS logic. V: 0.990, SOC: 46.1%",0
2026-01-01T22:21:30Z,ISLAND,46.13544874410353,0.0,"Baseline UPS logic. V: 0.888, SOC: 46.1%",0
2026-01-01T22:21:35Z,ISLAND,46.16183763299241,0.0,"Baseline UPS logic. V: 0.885, SOC: 46.1%",0
2026-01-01T22:21:40Z,ISLAND,46.1882265218813,0.0,"Baseline UPS logic. V: 0.914, SOC: 46.2%",0
2026-01-01T22:21:45Z,ISLAND,46.214615410770186,0.0,"Baseline UPS logic. V: 0.934, SOC: 46.2%",0
2026-01-01T22:21:50Z,ISLAND,46.241004299659075,0.0,"Baseline UPS logic. V: 0.909, SOC: 46.2%",0
2026-01-01T22:21:55Z,GRID_PASS,46.269146838771846,0.0,"Baseline UPS logic. V: 0.969, SOC: 46.2%",0
2026-01-01T22:22:00Z,ISLAND,46.29553572766073,0.0,"Baseline UPS logic. V: 0.877, SOC: 46.3%",0
2026-01-01T22:22:05Z,ISLAND,46.32192461654962,0.0,"Baseline UPS logic. V: 0.923, SOC: 46.3%",0
2026-01-01T22:22:10Z,ISLAND,46.34831350543851,0.0,"Baseline UPS logic. V: 0.939, SOC: 46.3%",0
2026-01-01T22:22:15Z,ISLAND,46.3747023943274,0.0,"Baseline UPS logic. V: 0.897, SOC: 46.3%",0
2026-01-01T22:22:20Z,GRID_PASS,46.40219173301141,0.0,"Baseline UPS logic. V: 0.959, SOC: 46.4%",0
2026-01-01T22:22:25Z,ISLAND,46.42858062190031,0.0,"Baseline UPS logic. V: 0.925, SOC: 46.4%",0
2026-01-01T22:22:30Z,GRID_PASS,46.456038252152865,0.0,"Baseline UPS logic. V: 0.957, SOC: 46.4%",0
2026-01-01T22:22:35Z,ISLAND,46.482427141041754,0.0,"Baseline UPS logic. V: 0.927, SOC: 46.5%",0
2026-01-01T22:22:40Z,ISLAND,46.50881602993064,0.0,"Baseline UPS logic. V: 0.936, SOC: 46.5%",0
2026-01-01T22:22:45Z,ISLAND,46.53520491881953,0.0,"Baseline UPS logic. V: 0.886, SOC: 46.5%",0
2026-01-01T22:22:50Z,ISLAND,46.56159380770843,0.0,"Baseline UPS logic. V: 0.886, SOC: 46.5%",0
2026-01-01T22:22:55Z,GRID_PASS,46.58873733840251,0.0,"Baseline UPS logic. V: 0.978, SOC: 46.6%",0
2026-01-01T22:23:00Z,GRID_PASS,46.6170176412366,0.0,"Baseline UPS logic. V: 0.949, SOC: 46.6%",0
2026-01-01T22:23:05Z,ISLAND,46.64340653012549,0.0,"Baseline UPS logic. V: 0.866, SOC: 46.6%",0
2026-01-01T22:23:10Z,ISLAND,46.669795419014385,0.0,"Baseline UPS logic. V: 0.927, SOC: 46.6%",0
2026-01-01T22:23:15Z,ISLAND,46.696184307903266,0.0,"Baseline UPS logic. V: 0.799, SOC: 46.7%",0
2026-01-01T22:23:20Z,ISLAND,46.722573196792155,0.0,"Baseline UPS logic. V: 0.889, SOC: 46.7%",0
2026-01-01T22:23:25Z,GRID_PASS,46.75024803632788,0.0,"Baseline UPS logic. V: 0.966, SOC: 46.7%",0
2026-01-01T22:23:30Z,ISLAND,46.77663692521678,0.0,"Baseline UPS logic. V: 0.911, SOC: 46.8%",0
2026-01-01T22:23:35Z,ISLAND,46.80302581410566,0.0,"Baseline UPS logic. V: 0.923, SOC: 46.8%",0
2026-01-01T22:23:40Z,ISLAND,46.82941470299455,0.0,"Baseline UPS logic. V: 0.767, SOC: 46.8%",0
2026-01-01T22:23:45Z,ISLAND,46.855803591883436,0.0,"Baseline UPS logic. V: 0.898, SOC: 46.8%",0
2026-01-01T22:23:50Z,ISLAND,46.882192480772325,0.0,"Baseline UPS logic. V: 0.934, SOC: 46.9%",0
2026-01-01T22:23:55Z,GRID_PASS,46.9090929906731,0.0,"Baseline UPS logic. V: 0.941, SOC: 46.9%",0
2026-01-01T22:24:00Z,GRID_PASS,46.936821197623615,0.0,"Baseline UPS logic. V: 0.966, SOC: 46.9%",0
2026-01-01T22:24:05Z,ISLAND,46.96321008651251,0.0,"Baseline UPS logic. V: 0.907, SOC: 46.9%",0
2026-01-01T22:24:10Z,ISLAND,46.98959897540139,0.0,"Baseline UPS logic. V: 0.910, SOC: 47.0%",0
2026-01-01T22:24:15Z,ISLAND,47.01598786429028,0.0,"Baseline UPS logic. V: 0.851, SOC: 47.0%",0
2026-01-01T22:24:20Z,ISLAND,47.04237675317917,0.0,"Baseline UPS logic. V: 0.908, SOC: 47.0%",0
2026-01-01T22:24:25Z,ISLAND,47.06876564206806,0.0,"Baseline UPS logic. V: 0.855, SOC: 47.0%",0
2026-01-01T22:24:30Z,ISLAND,47.095154530956954,0.0,"Baseline UPS logic. V: 0.826, SOC: 47.1%",0
2026-01-01T22:24:35Z,ISLAND,47.121543419845835,0.0,"Baseline UPS logic. V: 0.864, SOC: 47.1%",0
2026-01-01T22:24:40Z,GRID_PASS,47.14931307466665,0.0,"Baseline UPS logic. V: 0.993, SOC: 47.1%",0
2026-01-01T22:24:45Z,ISLAND,47.17570196355555,0.0,"Baseline UPS logic. V: 0.904, SOC: 47.1%",0
2026-01-01T22:24:50Z,ISLAND,47.202090852444435,0.0,"Baseline UPS logic. V: 0.929, SOC: 47.2%",0
2026-01-01T22:24:55Z,ISLAND,47.22847974133332,0.0,"Baseline UPS logic. V: 0.892, SOC: 47.2%",0
2026-01-01T22:25:00Z,ISLAND,47.254868630222205,0.0,"Baseline UPS logic. V: 0.828, SOC: 47.2%",0
2026-01-01T22:25:05Z,GRID_PASS,47.28386978689141,0.0,"Baseline UPS logic. V: 0.965, SOC: 47.3%",0
2026-01-01T22:25:10Z,ISLAND,47.3102586757803,0.0,"Baseline UPS logic. V: 0.810, SOC: 47.3%",0
2026-01-01T22:25:15Z,ISLAND,47.336647564669185,0.0,"Baseline UPS logic. V: 0.891, SOC: 47.3%",0
2026-01-01T22:25:20Z,ISLAND,47.363036453558074,0.0,"Baseline UPS logic. V: 0.916, SOC: 47.3%",0
2026-01-01T22:25:25Z,ISLAND,47.38942534244696,0.0,"Baseline UPS logic. V: 0.930, SOC: 47.4%",0
2026-01-01T22:25:30Z,ISLAND,47.41581423133585,0.0,"Baseline UPS logic. V: 0.882, SOC: 47.4%",0
2026-01-01T22:25:35Z,ISLAND,47.44220312022474,0.0,"Baseline UPS logic. V: 0.826, SOC: 47.4%",0
2026-01-01T22:25:40Z,ISLAND,47.46859200911363,0.0,"Baseline UPS logic. V: 0.878, SOC: 47.4%",0
2026-01-01T22:25:45Z,ISLAND,47.49498089800252,0.0,"Baseline UPS logic. V: 0.881, SOC: 47.5%",0
2026-01-01T22:25:50Z,ISLAND,47.521369786891405,0.0,"Baseline UPS logic. V: 0.880, SOC: 47.5%",0
2026-01-01T22:25:55Z,GRID_PASS,47.54976461520116,0.0,"Baseline UPS logic. V: 0.967, SOC: 47.5%",0
2026-01-01T22:26:00Z,ISLAND,47.57615350409005,0.0,"Baseline UPS logic. V: 0.858, SOC: 47.5%",0
2026-01-01T22:26:05Z,ISLAND,47.60254239297894,0.0,"Baseline UPS logic. V: 0.934, SOC: 47.6%",0
2026-01-01T22:26:10Z,ISLAND,47.62893128186783,0.0,"Baseline UPS logic. V: 0.927, SOC: 47.6%",0
2026-01-01T22:26:15Z,GRID_PASS,47.65659552878902,0.0,"Baseline UPS logic. V: 0.967, SOC: 47.6%",0
2026-01-01T22:26:20Z,ISLAND,47.68298441767791,0.0,"Baseline UPS logic. V: 0.912, SOC: 47.7%",0
2026-01-01T22:26:25Z,GRID_PASS,47.71067568394439,0.0,"Baseline UPS logic. V: 0.958, SOC: 47.7%",0
2026-01-01T22:26:30Z,ISLAND,47.737064572833276,0.0,"Baseline UPS logic. V: 0.910, SOC: 47.7%",0
2026-01-01T22:26:35Z,GRID_PASS,47.76564111198276,0.0,"Baseline UPS logic. V: 0.940, SOC: 47.7%",0
2026-01-01T22:26:40Z,ISLAND,47.79203000087165,0.0,"Baseline UPS logic. V: 0.844, SOC: 47.8%",0
2026-01-01T22:26:45Z,ISLAND,47.81841888976054,0.0,"Baseline UPS logic. V: 0.787, SOC: 47.8%",0
2026-01-01T22:26:50Z,ISLAND,47.844807778649425,0.0,"Baseline UPS logic. V: 0.938, SOC: 47.8%",0
2026-01-01T22:26:55Z,GRID_PASS,47.87204383640703,0.0,"Baseline UPS logic. V: 0.940, SOC: 47.8%",0
2026-01-01T22:27:00Z,GRID_PASS,47.89997102306894,0.0,"Baseline UPS logic. V: 0.943, SOC: 47.9%",0
2026-01-01T22:27:05Z,ISLAND,47.926359911957825,0.0,"Baseline UPS logic. V: 0.893, SOC: 47.9%",0
2026-01-01T22:27:10Z,GRID_PASS,47.954242949443056,0.0,"Baseline UPS logic. V: 0.994, SOC: 47.9%",0
2026-01-01T22:27:15Z,ISLAND,47.98063183833195,0.0,"Baseline UPS logic. V: 0.896, SOC: 48.0%",0
2026-01-01T22:27:20Z,GRID_PASS,48.00777684054645,0.0,"Baseline UPS logic. V: 0.940, SOC: 48.0%",0
2026-01-01T22:27:25Z,GRID_PASS,48.0340886526993,0.0,"Baseline UPS logic. V: 0.949, SOC: 48.0%",0
2026-01-01T22:27:30Z,GRID_PASS,48.06187418339124,0.0,"Baseline UPS logic. V: 1.005, SOC: 48.0%",0
2026-01-01T22:27:35Z,ISLAND,48.08826307228012,0.0,"Baseline UPS logic. V: 0.903, SOC: 48.1%",0
2026-01-01T22:27:40Z,ISLAND,48.11465196116902,0.0,"Baseline UPS logic. V: 0.886, SOC: 48.1%",0
2026-01-01T22:27:45Z,ISLAND,48.141040850057905,0.0,"Baseline UPS logic. V: 0.844, SOC: 48.1%",0
2026-01-01T22:27:50Z,GRID_PASS,48.16830998506698,0.0,"Baseline UPS logic. V: 0.997, SOC: 48.1%",0
2026-01-01T22:27:55Z,GRID_PASS,48.19555652461805,0.0,"Baseline UPS logic. V: 0.940, SOC: 48.2%",0
2026-01-01T22:28:00Z,GRID_PASS,48.22075894092839,0.0,"Baseline UPS logic. V: 0.942, SOC: 48.2%",0
2026-01-01T22:28:05Z,GRID_PASS,48.248091116387364,0.0,"Baseline UPS logic. V: 1.075, SOC: 48.2%",0
2026-01-01T22:28:10Z,ISLAND,48.27448000527625,0.0,"Baseline UPS logic. V: 0.936, SOC: 48.2%",0
2026-01-01T22:28:15Z,ISLAND,48.30086889416514,0.0,"Baseline UPS logic. V: 0.854, SOC: 48.3%",0
2026-01-01T22:28:20Z,ISLAND,48.32725778305404,0.0,"Baseline UPS logic. V: 0.910, SOC: 48.3%",0
2026-01-01T22:28:25Z,ISLAND,48.35364667194292,0.0,"Baseline UPS logic. V: 0.871, SOC: 48.3%",0
2026-01-01T22:28:30Z,ISLAND,48.38003556083181,0.0,"Baseline UPS logic. V: 0.900, SOC: 48.4%",0
2026-01-01T22:28:35Z,ISLAND,48.406424449720696,0.0,"Baseline UPS logic. V: 0.899, SOC: 48.4%",0
2026-01-01T22:28:40Z,ISLAND,48.432813338609584,0.0,"Baseline UPS logic. V: 0.890, SOC: 48.4%",0
2026-01-01T22:28:45Z,ISLAND,48.45920222749848,0.0,"Baseline UPS logic. V: 0.850, SOC: 48.4%",0
2026-01-01T22:28:50Z,GRID_PASS,48.486552988320284,0.0,"Baseline UPS logic. V: 0.999, SOC: 48.5%",0
2026-01-01T22:28:55Z,ISLAND,48.51294187720917,0.0,"Baseline UPS logic. V: 0.934, SOC: 48.5%",0
2026-01-01T22:29:00Z,ISLAND,48.53933076609806,0.0,"Baseline UPS logic. V: 0.908, SOC: 48.5%",0
2026-01-01T22:29:05Z,GRID_PASS,48.56655329875692,0.0,"Baseline UPS logic. V: 0.958, SOC: 48.5%",0
2026-01-01T22:29:10Z,GRID_PASS,48.59391495515364,0.0,"Baseline UPS logic. V: 0.943, SOC: 48.6%",0
2026-01-01T22:29:15Z,ISLAND,48.62030384404253,0.0,"Baseline UPS logic. V: 0.934, SOC: 48.6%",0
2026-01-01T22:29:20Z,GRID_PASS,48.64776553560684,0.0,"Baseline UPS logic. V: 0.954, SOC: 48.6%",0
2026-01-01T22:29:25Z,ISLAND,48.674154424495725,0.0,"Baseline UPS logic. V: 0.927, SOC: 48.6%",0
2026-01-01T22:29:30Z,GRID_PASS,48.7011735645269,0.0,"Baseline UPS logic. V: 0.953, SOC: 48.7%",0
2026-01-01T22:29:35Z,GRID_PASS,48.7286150053182,0.0,"Baseline UPS logic. V: 0.958, SOC: 48.7%",0
2026-01-01T22:29:40Z,ISLAND,48.755003894207086,0.0,"Baseline UPS logic. V: 0.928, SOC: 48.7%",0
2026-01-01T22:29:45Z,ISLAND,48.78139278309598,0.0,"Baseline UPS logic. V: 0.909, SOC: 48.8%",0
2026-01-01T22:29:50Z,GRID_PASS,48.80927749352953,0.0,"Baseline UPS logic. V: 0.996, SOC: 48.8%",0
2026-01-01T22:29:55Z,ISLAND,48.83566638241842,0.0,"Baseline UPS logic. V: 0.896, SOC: 48.8%",0
2026-01-01T22:30:00Z,ISLAND,48.862055271307305,0.0,"Baseline UPS logic. V: 0.939, SOC: 48.8%",0
2026-01-01T22:30:05Z,GRID_PASS,48.890023897810266,0.0,"Baseline UPS logic. V: 0.941, SOC: 48.9%",0
2026-01-01T22:30:10Z,ISLAND,48.916412786699155,0.0,"Baseline UPS logic. V: 0.890, SOC: 48.9%",0
2026-01-01T22:30:15Z,ISLAND,48.94280167558804,0.0,"Baseline UPS logic. V: 0.880, SOC: 48.9%",0
2026-01-01T22:30:20Z,ISLAND,48.96919056447693,0.0,"Baseline UPS logic. V: 0.903, SOC: 48.9%",0
2026-01-01T22:30:25Z,ISLAND,48.99557945336582,0.0,"Baseline UPS logic. V: 0.896, SOC: 49.0%",0
2026-01-01T22:30:30Z,ISLAND,49.02196834225471,0.0,"Baseline UPS logic. V: 0.847, SOC: 49.0%",0
2026-01-01T22:30:35Z,ISLAND,49.0483572311436,0.0,"Baseline UPS logic. V: 0.888, SOC: 49.0%",0
2026-01-01T22:30:40Z,ISLAND,49.074746120032486,0.0,"Baseline UPS logic. V: 0.934, SOC: 49.0%",0
2026-01-01T22:30:45Z,GRID_PASS,49.10190328166653,0.0,"Baseline UPS logic. V: 0.984, SOC: 49.1%",0
2026-01-01T22:30:50Z,GRID_PASS,49.13114020912988,0.0,"Baseline UPS logic. V: 0.948, SOC: 49.1%",0
2026-01-01T22:30:55Z,ISLAND,49.15752909801877,0.0,"Baseline UPS logic. V: 0.790, SOC: 49.1%",0
2026-01-01T22:31:00Z,GRID_PASS,49.18545769978518,0.0,"Baseline UPS logic. V: 0.952, SOC: 49.2%",0
2026-01-01T22:31:05Z,ISLAND,49.21184658867407,0.0,"Baseline UPS logic. V: 0.893, SOC: 49.2%",0
2026-01-01T22:31:10Z,GRID_PASS,49.23940109626114,0.0,"Baseline UPS logic. V: 0.943, SOC: 49.2%",0
2026-01-01T22:31:15Z,ISLAND,49.265789985150036,0.0,"Baseline UPS logic. V: 0.920, SOC: 49.2%",0
2026-01-01T22:31:20Z,ISLAND,49.292178874038925,0.0,"Baseline UPS logic. V: 0.911, SOC: 49.3%",0
2026-01-01T22:31:25Z,ISLAND,49.31856776292781,0.0,"Baseline UPS logic. V: 0.916, SOC: 49.3%",0
2026-01-01T22:31:30Z,ISLAND,49.344956651816695,0.0,"Baseline UPS logic. V: 0.920, SOC: 49.3%",0
2026-01-01T22:31:35Z,GRID_PASS,49.372515015062035,0.0,"Baseline UPS logic. V: 0.988, SOC: 49.3%",0
2026-01-01T22:31:40Z,ISLAND,49.398903903950924,0.0,"Baseline UPS logic. V: 0.920, SOC: 49.4%",0
2026-01-01T22:31:45Z,GRID_PASS,49.4257752552085,0.0,"Baseline UPS logic. V: 0.975, SOC: 49.4%",0
2026-01-01T22:31:50Z,GRID_PASS,49.45284551778506,0.0,"Baseline UPS logic. V: 0.968, SOC: 49.4%",0
2026-01-01T22:31:55Z,GRID_PASS,49.48157757816104,0.0,"Baseline UPS logic. V: 0.954, SOC: 49.5%",0
2026-01-01T22:32:00Z,ISLAND,49.507966467049926,0.0,"Baseline UPS logic. V: 0.831, SOC: 49.5%",0
2026-01-01T22:32:05Z,GRID_PASS,49.53582167300898,0.0,"Baseline UPS logic. V: 0.977, SOC: 49.5%",0
2026-01-01T22:32:10Z,ISLAND,49.56221056189787,0.0,"Baseline UPS logic. V: 0.898, SOC: 49.5%",0
2026-01-01T22:32:15Z,GRID_PASS,49.59041143092147,0.0,"Baseline UPS logic. V: 0.957, SOC: 49.6%",0
2026-01-01T22:32:20Z,ISLAND,49.61680031981036,0.0,"Baseline UPS logic. V: 0.872, SOC: 49.6%",0
2026-01-01T22:32:25Z,ISLAND,49.64318920869925,0.0,"Baseline UPS logic. V: 0.862, SOC: 49.6%",0
2026-01-01T22:32:30Z,GRID_PASS,49.67137978059168,0.0,"Baseline UPS logic. V: 1.020, SOC: 49.6%",0
2026-01-01T22:32:35Z,ISLAND,49.69776866948057,0.0,"Baseline UPS logic. V: 0.873, SOC: 49.7%",0
2026-01-01T22:32:40Z,GRID_PASS,49.72522485162354,0.0,"Baseline UPS logic. V: 0.978, SOC: 49.7%",0
2026-01-01T22:32:45Z,ISLAND,49.751613740512425,0.0,"Baseline UPS logic. V: 0.927, SOC: 49.7%",0
2026-01-01T22:32:50Z,ISLAND,49.778002629401314,0.0,"Baseline UPS logic. V: 0.900, SOC: 49.8%",0
2026-01-01T22:32:55Z,ISLAND,49.8043915182902,0.0,"Baseline UPS logic. V: 0.919, SOC: 49.8%",0
2026-01-01T22:33:00Z,ISLAND,49.830780407179084,0.0,"Baseline UPS logic. V: 0.856, SOC: 49.8%",0
2026-01-01T22:33:05Z,ISLAND,49.85716929606798,0.0,"Baseline UPS logic. V: 0.921, SOC: 49.8%",0
2026-01-01T22:33:10Z,ISLAND,49.88355818495687,0.0,"Baseline UPS logic. V: 0.867, SOC: 49.9%",0
2026-01-01T22:33:15Z,ISLAND,49.90994707384576,0.0,"Baseline UPS logic. V: 0.902, SOC: 49.9%",0
2026-01-01T22:33:20Z,GRID_PASS,49.93730190671831,0.0,"Baseline UPS logic. V: 0.968, SOC: 49.9%",0
2026-01-01T22:33:25Z,ISLAND,49.9636907956072,0.0,"Baseline UPS logic. V: 0.934, SOC: 49.9%",0
2026-01-01T22:33:30Z,ISLAND,49.990079684496095,0.0,"Baseline UPS logic. V: 0.847, SOC: 50.0%",0
2026-01-01T22:33:35Z,GRID_PASS,50.01761840933383,0.0,"Baseline UPS logic. V: 0.964, SOC: 50.0%",0
2026-01-01T22:33:40Z,ISLAND,50.044007298222716,0.0,"Baseline UPS logic. V: 0.921, SOC: 50.0%",0
2026-01-01T22:33:45Z,ISLAND,50.0703961871116,0.0,"Baseline UPS logic. V: 0.894, SOC: 50.0%",0
2026-01-01T22:33:50Z,GRID_PASS,50.09804631302715,0.0,"Baseline UPS logic. V: 0.959, SOC: 50.1%",0
2026-01-01T22:33:55Z,ISLAND,50.12443520191604,0.0,"Baseline UPS logic. V: 0.913, SOC: 50.1%",0
2026-01-01T22:34:00Z,ISLAND,50.150824090804925,0.0,"Baseline UPS logic. V: 0.863, SOC: 50.1%",0
2026-01-01T22:34:05Z,GRID_PASS,50.17836450003631,0.0,"Baseline UPS logic. V: 1.014, SOC: 50.2%",0
2026-01-01T22:34:10Z,ISLAND,50.20475338892519,0.0,"Baseline UPS logic. V: 0.921, SOC: 50.2%",0
2026-01-01T22:34:15Z,ISLAND,50.23114227781409,0.0,"Baseline UPS logic. V: 0.918, SOC: 50.2%",0
2026-01-01T22:34:20Z,ISLAND,50.257531166702975,0.0,"Baseline UPS logic. V: 0.902, SOC: 50.2%",0
2026-01-01T22:34:25Z,GRID_PASS,50.28542136146872,0.0,"Baseline UPS logic. V: 0.981, SOC: 50.3%",0
2026-01-01T22:34:30Z,ISLAND,50.31181025035762,0.0,"Baseline UPS logic. V: 0.896, SOC: 50.3%",0
2026-01-01T22:34:35Z,ISLAND,50.3381991392465,0.0,"Baseline UPS logic. V: 0.845, SOC: 50.3%",0
2026-01-01T22:34:40Z,ISLAND,50.364588028135394,0.0,"Baseline UPS logic. V: 0.888, SOC: 50.3%",0
2026-01-01T22:34:45Z,GRID_PASS,50.39152123199887,0.0,"Baseline UPS logic. V: 0.988, SOC: 50.4%",0
2026-01-01T22:34:50Z,GRID_PASS,50.41922667867189,0.0,"Baseline UPS logic. V: 0.963, SOC: 50.4%",0
2026-01-01T22:34:55Z,ISLAND,50.44561556756078,0.0,"Baseline UPS logic. V: 0.909, SOC: 50.4%",0
2026-01-01T22:35:00Z,GRID_PASS,50.47260451828628,0.0,"Baseline UPS logic. V: 0.991, SOC: 50.4%",0
2026-01-01T22:35:05Z,GRID_PASS,50.50031258613225,0.0,"Baseline UPS logic. V: 0.960, SOC: 50.5%",0
2026-01-01T22:35:10Z,ISLAND,50.52670147502114,0.0,"Baseline UPS logic. V: 0.909, SOC: 50.5%",0
2026-01-01T22:35:15Z,ISLAND,50.55309036391004,0.0,"Baseline UPS logic. V: 0.914, SOC: 50.5%",0
2026-01-01T22:35:20Z,ISLAND,50.57947925279892,0.0,"Baseline UPS logic. V: 0.939, SOC: 50.6%",0
2026-01-01T22:35:25Z,ISLAND,50.605868141687814,0.0,"Baseline UPS logic. V: 0.881, SOC: 50.6%",0
2026-01-01T22:35:30Z,ISLAND,50.632257030576696,0.0,"Baseline UPS logic. V: 0.922, SOC: 50.6%",0
2026-01-01T22:35:35Z,ISLAND,50.658645919465584,0.0,"Baseline UPS logic. V: 0.938, SOC: 50.6%",0
2026-01-01T22:35:40Z,ISLAND,50.68503480835448,0.0,"Baseline UPS logic. V: 0.838, SOC: 50.7%",0
2026-01-01T22:35:45Z,ISLAND,50.71142369724336,0.0,"Baseline UPS logic. V: 0.913, SOC: 50.7%",0
2026-01-01T22:35:50Z,ISLAND,50.73781258613226,0.0,"Baseline UPS logic. V: 0.907, SOC: 50.7%",0
2026-01-01T22:35:55Z,GRID_PASS,50.7665615145164,0.0,"Baseline UPS logic. V: 0.974, SOC: 50.7%",0
2026-01-01T22:36:00Z,ISLAND,50.79295040340528,0.0,"Baseline UPS logic. V: 0.830, SOC: 50.8%",0
2026-01-01T22:36:05Z,ISLAND,50.819339292294174,0.0,"Baseline UPS logic. V: 0.904, SOC: 50.8%",0
2026-01-01T22:36:10Z,ISLAND,50.845728181183055,0.0,"Baseline UPS logic. V: 0.899, SOC: 50.8%",0
2026-01-01T22:36:15Z,GRID_PASS,50.873276077635296,0.0,"Baseline UPS logic. V: 0.971, SOC: 50.8%",0
2026-01-01T22:36:20Z,ISLAND,50.89966496652419,0.0,"Baseline UPS logic. V: 0.920, SOC: 50.9%",0
2026-01-01T22:36:25Z,GRID_PASS,50.926710562343104,0.0,"Baseline UPS logic. V: 1.012, SOC: 50.9%",0
2026-01-01T22:36:30Z,GRID_PASS,50.95451196973111,0.0,"Baseline UPS logic. V: 0.956, SOC: 50.9%",0
2026-01-01T22:36:35Z,ISLAND,50.98090085861999,0.0,"Baseline UPS logic. V: 0.902, SOC: 51.0%",0
2026-01-01T22:36:40Z,ISLAND,51.00728974750888,0.0,"Baseline UPS logic. V: 0.935, SOC: 51.0%",0
2026-01-01T22:36:45Z,ISLAND,51.033678636397774,0.0,"Baseline UPS logic. V: 0.905, SOC: 51.0%",0
2026-01-01T22:36:50Z,GRID_PASS,51.06209493933306,0.0,"Baseline UPS logic. V: 0.966, SOC: 51.0%",0
2026-01-01T22:36:55Z,ISLAND,51.08848382822194,0.0,"Baseline UPS logic. V: 0.856, SOC: 51.1%",0
2026-01-01T22:37:00Z,ISLAND,51.114872717110835,0.0,"Baseline UPS logic. V: 0.881, SOC: 51.1%",0
2026-01-01T22:37:05Z,GRID_PASS,51.14149786825085,0.0,"Baseline UPS logic. V: 0.946, SOC: 51.1%",0
2026-01-01T22:37:10Z,GRID_PASS,51.17045990626406,0.0,"Baseline UPS logic. V: 0.984, SOC: 51.1%",0
2026-01-01T22:37:15Z,ISLAND,51.19684879515294,0.0,"Baseline UPS logic. V: 0.813, SOC: 51.2%",0
2026-01-01T22:37:20Z,GRID_PASS,51.22445857263319,0.0,"Baseline UPS logic. V: 0.992, SOC: 51.2%",0
2026-01-01T22:37:25Z,ISLAND,51.25084746152208,0.0,"Baseline UPS logic. V: 0.916, SOC: 51.2%",0
2026-01-01T22:37:30Z,ISLAND,51.27723635041097,0.0,"Baseline UPS logic. V: 0.829, SOC: 51.3%",0
2026-01-01T22:37:35Z,ISLAND,51.303625239299855,0.0,"Baseline UPS logic. V: 0.773, SOC: 51.3%",0
2026-01-01T22:37:40Z,ISLAND,51.330014128188736,0.0,"Baseline UPS logic. V: 0.847, SOC: 51.3%",0
2026-01-01T22:37:45Z,ISLAND,51.35640301707763,0.0,"Baseline UPS logic. V: 0.922, SOC: 51.3%",0
2026-01-01T22:37:50Z,ISLAND,51.38279190596652,0.0,"Baseline UPS logic. V: 0.920, SOC: 51.4%",0
2026-01-01T22:37:55Z,GRID_PASS,51.410682988561604,0.0,"Baseline UPS logic. V: 0.955, SOC: 51.4%",0
2026-01-01T22:38:00Z,ISLAND,51.4370718774505,0.0,"Baseline UPS logic. V: 0.896, SOC: 51.4%",0
2026-01-01T22:38:05Z,ISLAND,51.46346076633939,0.0,"Baseline UPS logic. V: 0.868, SOC: 51.4%",0
2026-01-01T22:38:10Z,ISLAND,51.48984965522827,0.0,"Baseline UPS logic. V: 0.903, SOC: 51.5%",0
2026-01-01T22:38:15Z,ISLAND,51.516238544117165,0.0,"Baseline UPS logic. V: 0.925, SOC: 51.5%",0
2026-01-01T22:38:20Z,ISLAND,51.54262743300605,0.0,"Baseline UPS logic. V: 0.935, SOC: 51.5%",0
2026-01-01T22:38:25Z,ISLAND,51.56901632189494,0.0,"Baseline UPS logic. V: 0.884, SOC: 51.5%",0
2026-01-01T22:38:30Z,GRID_PASS,51.59695091576164,0.0,"Baseline UPS logic. V: 0.968, SOC: 51.6%",0
2026-01-01T22:38:35Z,ISLAND,51.623339804650534,0.0,"Baseline UPS logic. V: 0.892, SOC: 51.6%",0
2026-01-01T22:38:40Z,ISLAND,51.64972869353942,0.0,"Baseline UPS logic. V: 0.880, SOC: 51.6%",0
2026-01-01T22:38:45Z,ISLAND,51.67611758242832,0.0,"Baseline UPS logic. V: 0.896, SOC: 51.6%",0
2026-01-01T22:38:50Z,GRID_PASS,51.7037168667614,0.0,"Baseline UPS logic. V: 0.977, SOC: 51.7%",0
2026-01-01T22:38:55Z,ISLAND,51.73010575565028,0.0,"Baseline UPS logic. V: 0.917, SOC: 51.7%",0
2026-01-01T22:39:00Z,ISLAND,51.756494644539174,0.0,"Baseline UPS logic. V: 0.889, SOC: 51.7%",0
2026-01-01T22:39:05Z,GRID_PASS,51.78240694243967,0.0,"Baseline UPS logic. V: 0.970, SOC: 51.8%",0
2026-01-01T22:39:10Z,GRID_PASS,51.80976030752271,0.0,"Baseline UPS logic. V: 1.031, SOC: 51.8%",0
2026-01-01T22:39:15Z,ISLAND,51.8361491964116,0.0,"Baseline UPS logic. V: 0.934, SOC: 51.8%",0
2026-01-01T22:39:20Z,GRID_PASS,51.86290384431953,0.0,"Baseline UPS logic. V: 0.985, SOC: 51.8%",0
2026-01-01T22:39:25Z,GRID_PASS,51.890822516421345,0.0,"Baseline UPS logic. V: 0.976, SOC: 51.9%",0
2026-01-01T22:39:30Z,ISLAND,51.91721140531024,0.0,"Baseline UPS logic. V: 0.894, SOC: 51.9%",0
2026-01-01T22:39:35Z,ISLAND,51.94360029419912,0.0,"Baseline UPS logic. V: 0.925, SOC: 51.9%",0
2026-01-01T22:39:40Z,ISLAND,51.96998918308802,0.0,"Baseline UPS logic. V: 0.860, SOC: 51.9%",0
2026-01-01T22:39:45Z,ISLAND,51.9963780719769,0.0,"Baseline UPS logic. V: 0.914, SOC: 52.0%",0
2026-01-01T22:39:50Z,ISLAND,52.02276696086579,0.0,"Baseline UPS logic. V: 0.892, SOC: 52.0%",0
2026-01-01T22:39:55Z,ISLAND,52.04915584975468,0.0,"Baseline UPS logic. V: 0.904, SOC: 52.0%",0
2026-01-01T22:40:00Z,ISLAND,52.075544738643565,0.0,"Baseline UPS logic. V: 0.886, SOC: 52.0%",0
2026-01-01T22:40:05Z,ISLAND,52.10193362753246,0.0,"Baseline UPS logic. V: 0.910, SOC: 52.1%",0
2026-01-01T22:40:10Z,GRID_PASS,52.12951287414417,0.0,"Baseline UPS logic. V: 0.951, SOC: 52.1%",0
2026-01-01T22:40:15Z,ISLAND,52.155901763033064,0.0,"Baseline UPS logic. V: 0.918, SOC: 52.1%",0
2026-01-01T22:40:20Z,ISLAND,52.182290651921946,0.0,"Baseline UPS logic. V: 0.831, SOC: 52.2%",0
2026-01-01T22:40:25Z,ISLAND,52.208679540810834,0.0,"Baseline UPS logic. V: 0.887, SOC: 52.2%",0
2026-01-01T22:40:30Z,ISLAND,52.23506842969973,0.0,"Baseline UPS logic. V: 0.848, SOC: 52.2%",0
2026-01-01T22:40:35Z,ISLAND,52.26145731858861,0.0,"Baseline UPS logic. V: 0.936, SOC: 52.2%",0
2026-01-01T22:40:40Z,GRID_PASS,52.28877192427953,0.0,"Baseline UPS logic. V: 0.949, SOC: 52.3%",0
2026-01-01T22:40:45Z,ISLAND,52.315160813168426,0.0,"Baseline UPS logic. V: 0.937, SOC: 52.3%",0
2026-01-01T22:40:50Z,ISLAND,52.34154970205731,0.0,"Baseline UPS logic. V: 0.885, SOC: 52.3%",0
2026-01-01T22:40:55Z,ISLAND,52.367938590946196,0.0,"Baseline UPS logic. V: 0.937, SOC: 52.3%",0
2026-01-01T22:41:00Z,ISLAND,52.39432747983509,0.0,"Baseline UPS logic. V: 0.901, SOC: 52.4%",0
2026-01-01T22:41:05Z,ISLAND,52.42071636872397,0.0,"Baseline UPS logic. V: 0.868, SOC: 52.4%",0
2026-01-01T22:41:10Z,GRID_PASS,52.44762018695853,0.0,"Baseline UPS logic. V: 0.962, SOC: 52.4%",0
2026-01-01T22:41:15Z,GRID_PASS,52.474427822136704,0.0,"Baseline UPS logic. V: 0.965, SOC: 52.4%",0
2026-01-01T22:41:20Z,GRID_PASS,52.50233784567387,0.0,"Baseline UPS logic. V: 0.972, SOC: 52.5%",0
2026-01-01T22:41:25Z,ISLAND,52.52872673456277,0.0,"Baseline UPS logic. V: 0.894, SOC: 52.5%",0
2026-01-01T22:41:30Z,GRID_PASS,52.55655865382539,0.0,"Baseline UPS logic. V: 0.984, SOC: 52.5%",0
2026-01-01T22:41:35Z,ISLAND,52.58294754271427,0.0,"Baseline UPS logic. V: 0.900, SOC: 52.6%",0
2026-01-01T22:41:40Z,GRID_PASS,52.61079128822095,0.0,"Baseline UPS logic. V: 0.957, SOC: 52.6%",0
2026-01-01T22:41:45Z,ISLAND,52.63718017710983,0.0,"Baseline UPS logic. V: 0.899, SOC: 52.6%",0
2026-01-01T22:41:50Z,ISLAND,52.66356906599873,0.0,"Baseline UPS logic. V: 0.913, SOC: 52.6%",0
2026-01-01T22:41:55Z,ISLAND,52.68995795488761,0.0,"Baseline UPS logic. V: 0.804, SOC: 52.7%",0
2026-01-01T22:42:00Z,ISLAND,52.716346843776506,0.0,"Baseline UPS logic. V: 0.909, SOC: 52.7%",0
2026-01-01T22:42:05Z,ISLAND,52.742735732665395,0.0,"Baseline UPS logic. V: 0.930, SOC: 52.7%",0
2026-01-01T22:42:10Z,ISLAND,52.769124621554276,0.0,"Baseline UPS logic. V: 0.904, SOC: 52.7%",0
2026-01-01T22:42:15Z,GRID_PASS,52.79739964755159,0.0,"Baseline UPS logic. V: 1.013, SOC: 52.8%",0
2026-01-01T22:42:20Z,ISLAND,52.823788536440475,0.0,"Baseline UPS logic. V: 0.867, SOC: 52.8%",0
2026-01-01T22:42:25Z,ISLAND,52.850177425329356,0.0,"Baseline UPS logic. V: 0.897, SOC: 52.8%",0
2026-01-01T22:42:30Z,ISLAND,52.87656631421825,0.0,"Baseline UPS logic. V: 0.880, SOC: 52.9%",0
2026-01-01T22:42:35Z,ISLAND,52.90295520310714,0.0,"Baseline UPS logic. V: 0.897, SOC: 52.9%",0
2026-01-01T22:42:40Z,GRID_PASS,52.92936147312955,0.0,"Baseline UPS logic. V: 0.977, SOC: 52.9%",0
2026-01-01T22:42:45Z,GRID_PASS,52.95732883860874,0.0,"Baseline UPS logic. V: 0.999, SOC: 52.9%",0
2026-01-01T22:42:50Z,ISLAND,52.983717727497634,0.0,"Baseline UPS logic. V: 0.890, SOC: 53.0%",0
2026-01-01T22:42:55Z,ISLAND,53.01010661638652,0.0,"Baseline UPS logic. V: 0.889, SOC: 53.0%",0
2026-01-01T22:43:00Z,ISLAND,53.036495505275404,0.0,"Baseline UPS logic. V: 0.867, SOC: 53.0%",0
2026-01-01T22:43:05Z,GRID_PASS,53.06316418306602,0.0,"Baseline UPS logic. V: 0.991, SOC: 53.0%",0
2026-01-01T22:43:10Z,GRID_PASS,53.09071787059013,0.0,"Baseline UPS logic. V: 0.981, SOC: 53.1%",0
2026-01-01T22:43:15Z,ISLAND,53.117106759479014,0.0,"Baseline UPS logic. V: 0.920, SOC: 53.1%",0
2026-01-01T22:43:20Z,ISLAND,53.14349564836791,0.0,"Baseline UPS logic. V: 0.856, SOC: 53.1%",0
2026-01-01T22:43:25Z,ISLAND,53.16988453725679,0.0,"Baseline UPS logic. V: 0.860, SOC: 53.1%",0
2026-01-01T22:43:30Z,ISLAND,53.19627342614568,0.0,"Baseline UPS logic. V: 0.934, SOC: 53.2%",0
2026-01-01T22:43:35Z,GRID_PASS,53.22512246138273,0.0,"Baseline UPS logic. V: 0.953, SOC: 53.2%",0
2026-01-01T22:43:40Z,ISLAND,53.25151135027163,0.0,"Baseline UPS logic. V: 0.822, SOC: 53.2%",0
2026-01-01T22:43:45Z,ISLAND,53.277900239160516,0.0,"Baseline UPS logic. V: 0.909, SOC: 53.3%",0
2026-01-01T22:43:50Z,GRID_PASS,53.30553153858776,0.0,"Baseline UPS logic. V: 1.006, SOC: 53.3%",0
2026-01-01T22:43:55Z,ISLAND,53.33192042747664,0.0,"Baseline UPS logic. V: 0.914, SOC: 53.3%",0
2026-01-01T22:44:00Z,GRID_PASS,53.358930693020525,0.0,"Baseline UPS logic. V: 1.000, SOC: 53.3%",0
2026-01-01T22:44:05Z,GRID_PASS,53.387144011578805,0.0,"Baseline UPS logic. V: 0.958, SOC: 53.4%",0
2026-01-01T22:44:10Z,ISLAND,53.413532900467686,0.0,"Baseline UPS logic. V: 0.872, SOC: 53.4%",0
2026-01-01T22:44:15Z,ISLAND,53.43992178935657,0.0,"Baseline UPS logic. V: 0.911, SOC: 53.4%",0
2026-01-01T22:44:20Z,ISLAND,53.46631067824546,0.0,"Baseline UPS logic. V: 0.919, SOC: 53.4%",0
2026-01-01T22:44:25Z,ISLAND,53.49269956713435,0.0,"Baseline UPS logic. V: 0.878, SOC: 53.5%",0
2026-01-01T22:44:30Z,ISLAND,53.51908845602325,0.0,"Baseline UPS logic. V: 0.877, SOC: 53.5%",0
2026-01-01T22:44:35Z,GRID_PASS,53.547230863345874,0.0,"Baseline UPS logic. V: 1.001, SOC: 53.5%",0
2026-01-01T22:44:40Z,ISLAND,53.573619752234755,0.0,"Baseline UPS logic. V: 0.877, SOC: 53.5%",0
2026-01-01T22:44:45Z,GRID_PASS,53.60139679190892,0.0,"Baseline UPS logic. V: 0.980, SOC: 53.6%",0
2026-01-01T22:44:50Z,ISLAND,53.6277856807978,0.0,"Baseline UPS logic. V: 0.904, SOC: 53.6%",0
2026-01-01T22:44:55Z,ISLAND,53.65417456968669,0.0,"Baseline UPS logic. V: 0.924, SOC: 53.6%",0
2026-01-01T22:45:00Z,GRID_PASS,53.6820570394118,0.0,"Baseline UPS logic. V: 0.954, SOC: 53.7%",0
2026-01-01T22:45:05Z,ISLAND,53.708445928300684,0.0,"Baseline UPS logic. V: 0.896, SOC: 53.7%",0
2026-01-01T22:45:10Z,GRID_PASS,53.737273062615884,0.0,"Baseline UPS logic. V: 0.955, SOC: 53.7%",0
2026-01-01T22:45:15Z,ISLAND,53.76366195150478,0.0,"Baseline UPS logic. V: 0.824, SOC: 53.7%",0
2026-01-01T22:45:20Z,GRID_PASS,53.79274951461158,0.0,"Baseline UPS logic. V: 0.948, SOC: 53.8%",0
2026-01-01T22:45:25Z,ISLAND,53.819138403500475,0.0,"Baseline UPS logic. V: 0.803, SOC: 53.8%",0
2026-01-01T22:45:30Z,ISLAND,53.84552729238936,0.0,"Baseline UPS logic. V: 0.915, SOC: 53.8%",0
2026-01-01T22:45:35Z,GRID_PASS,53.87255141810121,0.0,"Baseline UPS logic. V: 0.969, SOC: 53.8%",0
2026-01-01T22:45:40Z,GRID_PASS,53.90090043596876,0.0,"Baseline UPS logic. V: 0.957, SOC: 53.9%",0
2026-01-01T22:45:45Z,ISLAND,53.92728932485764,0.0,"Baseline UPS logic. V: 0.861, SOC: 53.9%",0
2026-01-01T22:45:50Z,ISLAND,53.95367821374653,0.0,"Baseline UPS logic. V: 0.868, SOC: 53.9%",0
2026-01-01T22:45:55Z,ISLAND,53.980067102635424,0.0,"Baseline UPS logic. V: 0.892, SOC: 54.0%",0
2026-01-01T22:46:00Z,ISLAND,54.006455991524305,0.0,"Baseline UPS logic. V: 0.935, SOC: 54.0%",0
2026-01-01T22:46:05Z,ISLAND,54.0328448804132,0.0,"Baseline UPS logic. V: 0.825, SOC: 54.0%",0
2026-01-01T22:46:10Z,ISLAND,54.05923376930208,0.0,"Baseline UPS logic. V: 0.926, SOC: 54.0%",0
2026-01-01T22:46:15Z,GRID_PASS,54.08689452283129,0.0,"Baseline UPS logic. V: 0.942, SOC: 54.1%",0
2026-01-01T22:46:20Z,ISLAND,54.11328341172018,0.0,"Baseline UPS logic. V: 0.912, SOC: 54.1%",0
2026-01-01T22:46:25Z,GRID_PASS,54.14058852829964,0.0,"Baseline UPS logic. V: 0.953, SOC: 54.1%",0
2026-01-01T22:46:30Z,ISLAND,54.16697741718852,0.0,"Baseline UPS logic. V: 0.938, SOC: 54.1%",0
2026-01-01T22:46:35Z,ISLAND,54.193366306077415,0.0,"Baseline UPS logic. V: 0.899, SOC: 54.2%",0
2026-01-01T22:46:40Z,ISLAND,54.219755194966304,0.0,"Baseline UPS logic. V: 0.830, SOC: 54.2%",0
2026-01-01T22:46:45Z,ISLAND,54.2461440838552,0.0,"Baseline UPS logic. V: 0.933, SOC: 54.2%",0
2026-01-01T22:46:50Z,ISLAND,54.27253297274408,0.0,"Baseline UPS logic. V: 0.879, SOC: 54.2%",0
2026-01-01T22:46:55Z,ISLAND,54.29892186163296,0.0,"Baseline UPS logic. V: 0.898, SOC: 54.3%",0
2026-01-01T22:47:00Z,GRID_PASS,54.3253450423164,0.0,"Baseline UPS logic. V: 0.950, SOC: 54.3%",0
2026-01-01T22:47:05Z,GRID_PASS,54.352829728160536,0.0,"Baseline UPS logic. V: 0.998, SOC: 54.3%",0
2026-01-01T22:47:10Z,ISLAND,54.37921861704942,0.0,"Baseline UPS logic. V: 0.925, SOC: 54.4%",0
2026-01-01T22:47:15Z,GRID_PASS,54.407652747694726,0.0,"Baseline UPS logic. V: 0.955, SOC: 54.4%",0
2026-01-01T22:47:20Z,ISLAND,54.43404163658362,0.0,"Baseline UPS logic. V: 0.855, SOC: 54.4%",0
2026-01-01T22:47:25Z,ISLAND,54.4604305254725,0.0,"Baseline UPS logic. V: 0.939, SOC: 54.4%",0
2026-01-01T22:47:30Z,ISLAND,54.4868194143614,0.0,"Baseline UPS logic. V: 0.924, SOC: 54.5%",0
2026-01-01T22:47:35Z,GRID_PASS,54.514651873452635,0.0,"Baseline UPS logic. V: 0.988, SOC: 54.5%",0
2026-01-01T22:47:40Z,ISLAND,54.54104076234152,0.0,"Baseline UPS logic. V: 0.900, SOC: 54.5%",0
2026-01-01T22:47:45Z,ISLAND,54.56742965123041,0.0,"Baseline UPS logic. V: 0.915, SOC: 54.5%",0
2026-01-01T22:47:50Z,GRID_PASS,54.59495215811738,0.0,"Baseline UPS logic. V: 0.980, SOC: 54.6%",0
2026-01-01T22:47:55Z,ISLAND,54.62134104700627,0.0,"Baseline UPS logic. V: 0.922, SOC: 54.6%",0
2026-01-01T22:48:00Z,ISLAND,54.64772993589515,0.0,"Baseline UPS logic. V: 0.871, SOC: 54.6%",0
2026-01-01T22:48:05Z,GRID_PASS,54.675919232672385,0.0,"Baseline UPS logic. V: 1.055, SOC: 54.6%",0
2026-01-01T22:48:10Z,ISLAND,54.70230812156127,0.0,"Baseline UPS logic. V: 0.873, SOC: 54.7%",0
2026-01-01T22:48:15Z,ISLAND,54.728697010450155,0.0,"Baseline UPS logic. V: 0.924, SOC: 54.7%",0
2026-01-01T22:48:20Z,GRID_PASS,54.75595997131336,0.0,"Baseline UPS logic. V: 0.945, SOC: 54.7%",0
2026-01-01T22:48:25Z,GRID_PASS,54.78354535592462,0.0,"Baseline UPS logic. V: 0.941, SOC: 54.8%",0
2026-01-01T22:48:30Z,ISLAND,54.809934244813505,0.0,"Baseline UPS logic. V: 0.918, SOC: 54.8%",0
2026-01-01T22:48:35Z,ISLAND,54.8363231337024,0.0,"Baseline UPS logic. V: 0.918, SOC: 54.8%",0
2026-01-01T22:48:40Z,ISLAND,54.86271202259129,0.0,"Baseline UPS logic. V: 0.916, SOC: 54.8%",0
2026-01-01T22:48:45Z,ISLAND,54.889100911480185,0.0,"Baseline UPS logic. V: 0.871, SOC: 54.9%",0
2026-01-01T22:48:50Z,GRID_PASS,54.916707339584484,0.0,"Baseline UPS logic. V: 1.035, SOC: 54.9%",0
2026-01-01T22:48:55Z,ISLAND,54.943096228473365,0.0,"Baseline UPS logic. V: 0.916, SOC: 54.9%",0
2026-01-01T22:49:00Z,GRID_PASS,54.97077685611828,0.0,"Baseline UPS logic. V: 0.957, SOC: 54.9%",0
2026-01-01T22:49:05Z,ISLAND,54.99716574500717,0.0,"Baseline UPS logic. V: 0.911, SOC: 55.0%",0
2026-01-01T22:49:10Z,ISLAND,55.023554633896055,0.0,"Baseline UPS logic. V: 0.910, SOC: 55.0%",0
2026-01-01T22:49:15Z,ISLAND,55.049943522784936,0.0,"Baseline UPS logic. V: 0.905, SOC: 55.0%",0
2026-01-01T22:49:20Z,ISLAND,55.07633241167383,0.0,"Baseline UPS logic. V: 0.850, SOC: 55.0%",0
2026-01-01T22:49:25Z,ISLAND,55.10272130056272,0.0,"Baseline UPS logic. V: 0.920, SOC: 55.1%",0
2026-01-01T22:49:30Z,ISLAND,55.129110189451616,0.0,"Baseline UPS logic. V: 0.907, SOC: 55.1%",0
2026-01-01T22:49:35Z,GRID_PASS,55.15737246766137,0.0,"Baseline UPS logic. V: 0.986, SOC: 55.1%",0
2026-01-01T22:49:40Z,ISLAND,55.18376135655026,0.0,"Baseline UPS logic. V: 0.868, SOC: 55.2%",0
2026-01-01T22:49:45Z,ISLAND,55.21015024543915,0.0,"Baseline UPS logic. V: 0.899, SOC: 55.2%",0
2026-01-01T22:49:50Z,ISLAND,55.236539134328034,0.0,"Baseline UPS logic. V: 0.883, SOC: 55.2%",0
2026-01-01T22:49:55Z,GRID_PASS,55.26458389811609,0.0,"Baseline UPS logic. V: 1.000, SOC: 55.2%",0
2026-01-01T22:50:00Z,ISLAND,55.29097278700499,0.0,"Baseline UPS logic. V: 0.884, SOC: 55.3%",0
2026-01-01T22:50:05Z,GRID_PASS,55.31771376617236,0.0,"Baseline UPS logic. V: 0.956, SOC: 55.3%",0
2026-01-01T22:50:10Z,GRID_PASS,55.34525812888225,0.0,"Baseline UPS logic. V: 0.977, SOC: 55.3%",0
2026-01-01T22:50:15Z,ISLAND,55.37164701777113,0.0,"Baseline UPS logic. V: 0.921, SOC: 55.3%",0
2026-01-01T22:50:20Z,ISLAND,55.39803590666003,0.0,"Baseline UPS logic. V: 0.859, SOC: 55.4%",0
2026-01-01T22:50:25Z,ISLAND,55.42442479554891,0.0,"Baseline UPS logic. V: 0.860, SOC: 55.4%",0
2026-01-01T22:50:30Z,GRID_PASS,55.45272408266467,0.0,"Baseline UPS logic. V: 0.971, SOC: 55.4%",0
2026-01-01T22:50:35Z,ISLAND,55.47911297155357,0.0,"Baseline UPS logic. V: 0.865, SOC: 55.5%",0
2026-01-01T22:50:40Z,GRID_PASS,55.506474102061865,0.0,"Baseline UPS logic. V: 0.948, SOC: 55.5%",0
2026-01-01T22:50:45Z,ISLAND,55.53286299095076,0.0,"Baseline UPS logic. V: 0.934, SOC: 55.5%",0
2026-01-01T22:50:50Z,GRID_PASS,55.559968634277,0.0,"Baseline UPS logic. V: 0.947, SOC: 55.5%",0
2026-01-01T22:50:55Z,GRID_PASS,55.58805135236192,0.0,"Baseline UPS logic. V: 0.952, SOC: 55.6%",0
2026-01-01T22:51:00Z,ISLAND,55.61444024125082,0.0,"Baseline UPS logic. V: 0.881, SOC: 55.6%",0
2026-01-01T22:51:05Z,ISLAND,55.6408291301397,0.0,"Baseline UPS logic. V: 0.880, SOC: 55.6%",0
2026-01-01T22:51:10Z,GRID_PASS,55.66870145400906,0.0,"Baseline UPS logic. V: 0.964, SOC: 55.6%",0
2026-01-01T22:51:15Z,ISLAND,55.69509034289795,0.0,"Baseline UPS logic. V: 0.897, SOC: 55.7%",0
2026-01-01T22:51:20Z,ISLAND,55.721479231786844,0.0,"Baseline UPS logic. V: 0.791, SOC: 55.7%",0
2026-01-01T22:51:25Z,GRID_PASS,55.749625313086746,0.0,"Baseline UPS logic. V: 0.961, SOC: 55.7%",0
2026-01-01T22:51:30Z,ISLAND,55.776014201975634,0.0,"Baseline UPS logic. V: 0.877, SOC: 55.7%",0
2026-01-01T22:51:35Z,GRID_PASS,55.80243292613917,0.0,"Baseline UPS logic. V: 0.952, SOC: 55.8%",0
2026-01-01T22:51:40Z,GRID_PASS,55.82985767024009,0.0,"Baseline UPS logic. V: 0.998, SOC: 55.8%",0
2026-01-01T22:51:45Z,ISLAND,55.85624655912898,0.0,"Baseline UPS logic. V: 0.929, SOC: 55.8%",0
2026-01-01T22:51:50Z,GRID_PASS,55.88357433888789,0.0,"Baseline UPS logic. V: 0.978, SOC: 55.9%",0
2026-01-01T22:51:55Z,ISLAND,55.909963227776785,0.0,"Baseline UPS logic. V: 0.936, SOC: 55.9%",0
2026-01-01T22:52:00Z,GRID_PASS,55.93812146979968,0.0,"Baseline UPS logic. V: 1.008, SOC: 55.9%",0
2026-01-01T22:52:05Z,ISLAND,55.96451035868857,0.0,"Baseline UPS logic. V: 0.876, SOC: 55.9%",0
2026-01-01T22:52:10Z,ISLAND,55.99089924757747,0.0,"Baseline UPS logic. V: 0.928, SOC: 56.0%",0
2026-01-01T22:52:15Z,GRID_PASS,56.01846396804524,0.0,"Baseline UPS logic. V: 0.962, SOC: 56.0%",0
2026-01-01T22:52:20Z,ISLAND,56.044852856934135,0.0,"Baseline UPS logic. V: 0.919, SOC: 56.0%",0
2026-01-01T22:52:25Z,GRID_PASS,56.07258498494952,0.0,"Baseline UPS logic. V: 0.986, SOC: 56.0%",0
2026-01-01T22:52:30Z,ISLAND,56.09897387383842,0.0,"Baseline UPS logic. V: 0.907, SOC: 56.1%",0
2026-01-01T22:52:35Z,GRID_PASS,56.12482430652087,0.0,"Baseline UPS logic. V: 1.032, SOC: 56.1%",0
2026-01-01T22:52:40Z,GRID_PASS,56.15205527536708,0.0,"Baseline UPS logic. V: 1.035, SOC: 56.1%",0
2026-01-01T22:52:45Z,GRID_PASS,56.17909133614303,0.0,"Baseline UPS logic. V: 0.943, SOC: 56.2%",0
2026-01-01T22:52:50Z,GRID_PASS,56.20565594070099,0.0,"Baseline UPS logic. V: 0.956, SOC: 56.2%",0
2026-01-01T22:52:55Z,GRID_PASS,56.23389698947082,0.0,"Baseline UPS logic. V: 0.988, SOC: 56.2%",0
2026-01-01T22:53:00Z,ISLAND,56.2602858783597,0.0,"Baseline UPS logic. V: 0.869, SOC: 56.2%",0
2026-01-01T22:53:05Z,ISLAND,56.2866747672486,0.0,"Baseline UPS logic. V: 0.864, SOC: 56.3%",0
2026-01-01T22:53:10Z,GRID_PASS,56.31390613248486,0.0,"Baseline UPS logic. V: 0.992, SOC: 56.3%",0
2026-01-01T22:53:15Z,GRID_PASS,56.34149075852041,0.0,"Baseline UPS logic. V: 0.943, SOC: 56.3%",0
2026-01-01T22:53:20Z,ISLAND,56.3678796474093,0.0,"Baseline UPS logic. V: 0.918, SOC: 56.3%",0
2026-01-01T22:53:25Z,ISLAND,56.394268536298185,0.0,"Baseline UPS logic. V: 0.930, SOC: 56.4%",0
2026-01-01T22:53:30Z,ISLAND,56.42065742518707,0.0,"Baseline UPS logic. V: 0.810, SOC: 56.4%",0
2026-01-01T22:53:35Z,ISLAND,56.44704631407597,0.0,"Baseline UPS logic. V: 0.920, SOC: 56.4%",0
2026-01-01T22:53:40Z,ISLAND,56.47343520296485,0.0,"Baseline UPS logic. V: 0.891, SOC: 56.4%",0
2026-01-01T22:53:45Z,GRID_PASS,56.50014093302447,0.0,"Baseline UPS logic. V: 0.975, SOC: 56.5%",0
2026-01-01T22:53:50Z,GRID_PASS,56.52715403974167,0.0,"Baseline UPS logic. V: 0.979, SOC: 56.5%",0
2026-01-01T22:53:55Z,GRID_PASS,56.55429823537553,0.0,"Baseline UPS logic. V: 0.958, SOC: 56.5%",0
2026-01-01T22:54:00Z,GRID_PASS,56.58273228954459,0.0,"Baseline UPS logic. V: 0.949, SOC: 56.6%",0
2026-01-01T22:54:05Z,ISLAND,56.60912117843348,0.0,"Baseline UPS logic. V: 0.855, SOC: 56.6%",0
2026-01-01T22:54:10Z,GRID_PASS,56.63609044482754,0.0,"Baseline UPS logic. V: 0.959, SOC: 56.6%",0
2026-01-01T22:54:15Z,GRID_PASS,56.66260355255097,0.0,"Baseline UPS logic. V: 0.961, SOC: 56.6%",0
2026-01-01T22:54:20Z,GRID_PASS,56.688445307888855,0.0,"Baseline UPS logic. V: 0.992, SOC: 56.7%",0
2026-01-01T22:54:25Z,GRID_PASS,56.71700521760547,0.0,"Baseline UPS logic. V: 1.035, SOC: 56.7%",0
2026-01-01T22:54:30Z,ISLAND,56.74339410649435,0.0,"Baseline UPS logic. V: 0.845, SOC: 56.7%",0
2026-01-01T22:54:35Z,ISLAND,56.769782995383245,0.0,"Baseline UPS logic. V: 0.910, SOC: 56.7%",0
2026-01-01T22:54:40Z,ISLAND,56.79617188427213,0.0,"Baseline UPS logic. V: 0.892, SOC: 56.8%",0
2026-01-01T22:54:45Z,ISLAND,56.822560773161015,0.0,"Baseline UPS logic. V: 0.938, SOC: 56.8%",0
2026-01-01T22:54:50Z,ISLAND,56.84894966204991,0.0,"Baseline UPS logic. V: 0.930, SOC: 56.8%",0
2026-01-01T22:54:55Z,ISLAND,56.87533855093879,0.0,"Baseline UPS logic. V: 0.918, SOC: 56.8%",0
2026-01-01T22:55:00Z,GRID_PASS,56.903507939381456,0.0,"Baseline UPS logic. V: 0.981, SOC: 56.9%",0
2026-01-01T22:55:05Z,ISLAND,56.929896828270344,0.0,"Baseline UPS logic. V: 0.875, SOC: 56.9%",0
2026-01-01T22:55:10Z,ISLAND,56.95628571715924,0.0,"Baseline UPS logic. V: 0.878, SOC: 56.9%",0
2026-01-01T22:55:15Z,ISLAND,56.98267460604812,0.0,"Baseline UPS logic. V: 0.879, SOC: 57.0%",0
2026-01-01T22:55:20Z,ISLAND,57.00906349493702,0.0,"Baseline UPS logic. V: 0.912, SOC: 57.0%",0
2026-01-01T22:55:25Z,ISLAND,57.0354523838259,0.0,"Baseline UPS logic. V: 0.868, SOC: 57.0%",0
2026-01-01T22:55:30Z,ISLAND,57.06184127271479,0.0,"Baseline UPS logic. V: 0.927, SOC: 57.0%",0
2026-01-01T22:55:35Z,ISLAND,57.08823016160368,0.0,"Baseline UPS logic. V: 0.922, SOC: 57.1%",0
2026-01-01T22:55:40Z,ISLAND,57.114619050492564,0.0,"Baseline UPS logic. V: 0.891, SOC: 57.1%",0
2026-01-01T22:55:45Z,GRID_PASS,57.14207631840278,0.0,"Baseline UPS logic. V: 0.974, SOC: 57.1%",0
2026-01-01T22:55:50Z,ISLAND,57.16846520729166,0.0,"Baseline UPS logic. V: 0.927, SOC: 57.1%",0
2026-01-01T22:55:55Z,GRID_PASS,57.196017449822214,0.0,"Baseline UPS logic. V: 0.983, SOC: 57.2%",0
2026-01-01T22:56:00Z,ISLAND,57.22240633871111,0.0,"Baseline UPS logic. V: 0.920, SOC: 57.2%",0
2026-01-01T22:56:05Z,ISLAND,57.24879522759999,0.0,"Baseline UPS logic. V: 0.929, SOC: 57.2%",0
2026-01-01T22:56:10Z,ISLAND,57.27518411648889,0.0,"Baseline UPS logic. V: 0.902, SOC: 57.2%",0
2026-01-01T22:56:15Z,ISLAND,57.30157300537777,0.0,"Baseline UPS logic. V: 0.930, SOC: 57.3%",0
2026-01-01T22:56:20Z,GRID_PASS,57.32927019931028,0.0,"Baseline UPS logic. V: 0.966, SOC: 57.3%",0
2026-01-01T22:56:25Z,ISLAND,57.35565908819916,0.0,"Baseline UPS logic. V: 0.910, SOC: 57.3%",0
2026-01-01T22:56:30Z,GRID_PASS,57.38363026982989,0.0,"Baseline UPS logic. V: 0.956, SOC: 57.4%",0
2026-01-01T22:56:35Z,ISLAND,57.410019158718775,0.0,"Baseline UPS logic. V: 0.890, SOC: 57.4%",0
2026-01-01T22:56:40Z,GRID_PASS,57.43783215710108,0.0,"Baseline UPS logic. V: 0.968, SOC: 57.4%",0
2026-01-01T22:56:45Z,ISLAND,57.46422104598997,0.0,"Baseline UPS logic. V: 0.901, SOC: 57.4%",0
2026-01-01T22:56:50Z,GRID_PASS,57.491588033056274,0.0,"Baseline UPS logic. V: 0.973, SOC: 57.5%",0
2026-01-01T22:56:55Z,ISLAND,57.51797692194517,0.0,"Baseline UPS logic. V: 0.933, SOC: 57.5%",0
2026-01-01T22:57:00Z,GRID_PASS,57.54617134287005,0.0,"Baseline UPS logic. V: 1.006, SOC: 57.5%",0
2026-01-01T22:57:05Z,ISLAND,57.57256023175895,0.0,"Baseline UPS logic. V: 0.873, SOC: 57.5%",0
2026-01-01T22:57:10Z,ISLAND,57.59894912064784,0.0,"Baseline UPS logic. V: 0.857, SOC: 57.6%",0
2026-01-01T22:57:15Z,ISLAND,57.62533800953673,0.0,"Baseline UPS logic. V: 0.900, SOC: 57.6%",0
2026-01-01T22:57:20Z,ISLAND,57.651726898425615,0.0,"Baseline UPS logic. V: 0.861, SOC: 57.6%",0
2026-01-01T22:57:25Z,ISLAND,57.678115787314496,0.0,"Baseline UPS logic. V: 0.862, SOC: 57.7%",0
2026-01-01T22:57:30Z,GRID_PASS,57.70552358147605,0.0,"Baseline UPS logic. V: 0.962, SOC: 57.7%",0
2026-01-01T22:57:35Z,ISLAND,57.731912470364946,0.0,"Baseline UPS logic. V: 0.930, SOC: 57.7%",0
2026-01-01T22:57:40Z,ISLAND,57.75830135925383,0.0,"Baseline UPS logic. V: 0.907, SOC: 57.7%",0
2026-01-01T22:57:45Z,ISLAND,57.784690248142724,0.0,"Baseline UPS logic. V: 0.911, SOC: 57.8%",0
2026-01-01T22:57:50Z,ISLAND,57.811079137031605,0.0,"Baseline UPS logic. V: 0.901, SOC: 57.8%",0
2026-01-01T22:57:55Z,GRID_PASS,57.83899303005112,0.0,"Baseline UPS logic. V: 1.013, SOC: 57.8%",0
2026-01-01T22:58:00Z,ISLAND,57.86538191894002,0.0,"Baseline UPS logic. V: 0.894, SOC: 57.8%",0
2026-01-01T22:58:05Z,ISLAND,57.891770807828905,0.0,"Baseline UPS logic. V: 0.865, SOC: 57.9%",0
2026-01-01T22:58:10Z,GRID_PASS,57.91932193195757,0.0,"Baseline UPS logic. V: 0.971, SOC: 57.9%",0
2026-01-01T22:58:15Z,ISLAND,57.94571082084645,0.0,"Baseline UPS logic. V: 0.920, SOC: 57.9%",0
2026-01-01T22:58:20Z,GRID_PASS,57.97347685901385,0.0,"Baseline UPS logic. V: 1.033, SOC: 57.9%",0
2026-01-01T22:58:25Z,ISLAND,57.99986574790273,0.0,"Baseline UPS logic. V: 0.905, SOC: 58.0%",0
2026-01-01T22:58:30Z,GRID_PASS,58.026478746996204,0.0,"Baseline UPS logic. V: 0.973, SOC: 58.0%",0
2026-01-01T22:58:35Z,GRID_PASS,58.05424144218644,0.0,"Baseline UPS logic. V: 0.985, SOC: 58.0%",0
2026-01-01T22:58:40Z,ISLAND,58.08063033107532,0.0,"Baseline UPS logic. V: 0.905, SOC: 58.1%",0
2026-01-01T22:58:45Z,ISLAND,58.107019219964215,0.0,"Baseline UPS logic. V: 0.894, SOC: 58.1%",0
2026-01-01T22:58:50Z,GRID_PASS,58.134006493254574,0.0,"Baseline UPS logic. V: 0.968, SOC: 58.1%",0
2026-01-01T22:58:55Z,GRID_PASS,58.16236473159848,0.0,"Baseline UPS logic. V: 0.960, SOC: 58.1%",0
2026-01-01T22:59:00Z,ISLAND,58.18875362048737,0.0,"Baseline UPS logic. V: 0.860, SOC: 58.2%",0
2026-01-01T22:59:05Z,ISLAND,58.215142509376264,0.0,"Baseline UPS logic. V: 0.875, SOC: 58.2%",0
2026-01-01T22:59:10Z,ISLAND,58.241531398265145,0.0,"Baseline UPS logic. V: 0.805, SOC: 58.2%",0
2026-01-01T22:59:15Z,GRID_PASS,58.26910950330665,0.0,"Baseline UPS logic. V: 0.961, SOC: 58.2%",0
2026-01-01T22:59:20Z,ISLAND,58.29549839219553,0.0,"Baseline UPS logic. V: 0.918, SOC: 58.3%",0
2026-01-01T22:59:25Z,ISLAND,58.32188728108443,0.0,"Baseline UPS logic. V: 0.923, SOC: 58.3%",0
2026-01-01T22:59:30Z,ISLAND,58.34827616997331,0.0,"Baseline UPS logic. V: 0.847, SOC: 58.3%",0
2026-01-01T22:59:35Z,ISLAND,58.3746650588622,0.0,"Baseline UPS logic. V: 0.876, SOC: 58.3%",0
2026-01-01T22:59:40Z,ISLAND,58.401053947751095,0.0,"Baseline UPS logic. V: 0.907, SOC: 58.4%",0
2026-01-01T22:59:45Z,ISLAND,58.427442836639976,0.0,"Baseline UPS logic. V: 0.898, SOC: 58.4%",0
2026-01-01T22:59:50Z,ISLAND,58.45383172552887,0.0,"Baseline UPS logic. V: 0.937, SOC: 58.4%",0
2026-01-01T22:59:55Z,GRID_PASS,58.47952466541535,0.0,"Baseline UPS logic. V: 0.961, SOC: 58.5%",0
2026-01-01T23:00:00Z,GRID_PASS,58.506928000652216,0.0,"Baseline UPS logic. V: 1.045, SOC: 58.5%",0
2026-01-01T23:00:05Z,ISLAND,58.53331688954111,0.0,"Baseline UPS logic. V: 0.931, SOC: 58.5%",0
2026-01-01T23:00:10Z,GRID_PASS,58.56127972312136,0.0,"Baseline UPS logic. V: 0.988, SOC: 58.5%",0
2026-01-01T23:00:15Z,ISLAND,58.587668612010255,0.0,"Baseline UPS logic. V: 0.890, SOC: 58.6%",0
2026-01-01T23:00:20Z,ISLAND,58.61405750089914,0.0,"Baseline UPS logic. V: 0.848, SOC: 58.6%",0
2026-01-01T23:00:25Z,ISLAND,58.640446389788025,0.0,"Baseline UPS logic. V: 0.914, SOC: 58.6%",0
2026-01-01T23:00:30Z,ISLAND,58.66683527867692,0.0,"Baseline UPS logic. V: 0.852, SOC: 58.6%",0
2026-01-01T23:00:35Z,ISLAND,58.6932241675658,0.0,"Baseline UPS logic. V: 0.932, SOC: 58.7%",0
2026-01-01T23:00:40Z,ISLAND,58.7196130564547,0.0,"Baseline UPS logic. V: 0.893, SOC: 58.7%",0
2026-01-01T23:00:45Z,ISLAND,58.746001945343586,0.0,"Baseline UPS logic. V: 0.834, SOC: 58.7%",0
2026-01-01T23:00:50Z,GRID_PASS,58.77376565863963,0.0,"Baseline UPS logic. V: 1.019, SOC: 58.7%",0
2026-01-01T23:00:55Z,ISLAND,58.80015454752853,0.0,"Baseline UPS logic. V: 0.905, SOC: 58.8%",0
2026-01-01T23:01:00Z,ISLAND,58.82654343641741,0.0,"Baseline UPS logic. V: 0.850, SOC: 58.8%",0
2026-01-01T23:01:05Z,GRID_PASS,58.854432635909234,0.0,"Baseline UPS logic. V: 0.977, SOC: 58.8%",0
2026-01-01T23:01:10Z,ISLAND,58.88082152479812,0.0,"Baseline UPS logic. V: 0.896, SOC: 58.9%",0
2026-01-01T23:01:15Z,GRID_PASS,58.908713972024515,0.0,"Baseline UPS logic. V: 0.987, SOC: 58.9%",0
2026-01-01T23:01:20Z,ISLAND,58.93510286091341,0.0,"Baseline UPS logic. V: 0.895, SOC: 58.9%",0
2026-01-01T23:01:25Z,ISLAND,58.9614917498023,0.0,"Baseline UPS logic. V: 0.905, SOC: 58.9%",0
2026-01-01T23:01:30Z,GRID_PASS,58.988449574345324,0.0,"Baseline UPS logic. V: 0.949, SOC: 59.0%",0
2026-01-01T23:01:35Z,GRID_PASS,59.0152789294627,0.0,"Baseline UPS logic. V: 0.962, SOC: 59.0%",0
2026-01-01T23:01:40Z,GRID_PASS,59.042726249401944,0.0,"Baseline UPS logic. V: 0.971, SOC: 59.0%",0
2026-01-01T23:01:45Z,ISLAND,59.069115138290826,0.0,"Baseline UPS logic. V: 0.928, SOC: 59.0%",0
2026-01-01T23:01:50Z,GRID_PASS,59.09596131237227,0.0,"Baseline UPS logic. V: 0.959, SOC: 59.1%",0
2026-01-01T23:01:55Z,GRID_PASS,59.123202721515376,0.0,"Baseline UPS logic. V: 0.969, SOC: 59.1%",0
2026-01-01T23:02:00Z,GRID_PASS,59.150682104356875,0.0,"Baseline UPS logic. V: 0.942, SOC: 59.1%",0
2026-01-01T23:02:05Z,ISLAND,59.17707099324576,0.0,"Baseline UPS logic. V: 0.925, SOC: 59.2%",0
2026-01-01T23:02:10Z,ISLAND,59.203459882134645,0.0,"Baseline UPS logic. V: 0.860, SOC: 59.2%",0
2026-01-01T23:02:15Z,GRID_PASS,59.230808857372566,0.0,"Baseline UPS logic. V: 0.962, SOC: 59.2%",0
2026-01-01T23:02:20Z,ISLAND,59.25719774626146,0.0,"Baseline UPS logic. V: 0.935, SOC: 59.2%",0
2026-01-01T23:02:25Z,ISLAND,59.28358663515034,0.0,"Baseline UPS logic. V: 0.912, SOC: 59.3%",0
2026-01-01T23:02:30Z,GRID_PASS,59.31193693741727,0.0,"Baseline UPS logic. V: 0.996, SOC: 59.3%",0
2026-01-01T23:02:35Z,ISLAND,59.33832582630616,0.0,"Baseline UPS logic. V: 0.861, SOC: 59.3%",0
2026-01-01T23:02:40Z,GRID_PASS,59.365720419095716,0.0,"Baseline UPS logic. V: 1.015, SOC: 59.3%",0
2026-01-01T23:02:45Z,ISLAND,59.39210930798461,0.0,"Baseline UPS logic. V: 0.931, SOC: 59.4%",0
2026-01-01T23:02:50Z,GRID_PASS,59.41976466814608,0.0,"Baseline UPS logic. V: 0.948, SOC: 59.4%",0
2026-01-01T23:02:55Z,ISLAND,59.44615355703496,0.0,"Baseline UPS logic. V: 0.913, SOC: 59.4%",0
2026-01-01T23:03:00Z,ISLAND,59.47254244592386,0.0,"Baseline UPS logic. V: 0.849, SOC: 59.4%",0
2026-01-01T23:03:05Z,ISLAND,59.498931334812745,0.0,"Baseline UPS logic. V: 0.926, SOC: 59.5%",0
2026-01-01T23:03:10Z,GRID_PASS,59.52581777546665,0.0,"Baseline UPS logic. V: 0.950, SOC: 59.5%",0
2026-01-01T23:03:15Z,GRID_PASS,59.55333088390133,0.0,"Baseline UPS logic. V: 0.967, SOC: 59.5%",0
2026-01-01T23:03:20Z,ISLAND,59.57971977279022,0.0,"Baseline UPS logic. V: 0.923, SOC: 59.6%",0
2026-01-01T23:03:25Z,ISLAND,59.6061086616791,0.0,"Baseline UPS logic. V: 0.823, SOC: 59.6%",0
2026-01-01T23:03:30Z,ISLAND,59.632497550568,0.0,"Baseline UPS logic. V: 0.856, SOC: 59.6%",0
2026-01-01T23:03:35Z,GRID_PASS,59.66062182887535,0.0,"Baseline UPS logic. V: 1.035, SOC: 59.6%",0
2026-01-01T23:03:40Z,ISLAND,59.68701071776423,0.0,"Baseline UPS logic. V: 0.878, SOC: 59.7%",0
2026-01-01T23:03:45Z,GRID_PASS,59.71502894754277,0.0,"Baseline UPS logic. V: 1.004, SOC: 59.7%",0
2026-01-01T23:03:50Z,ISLAND,59.74141783643165,0.0,"Baseline UPS logic. V: 0.886, SOC: 59.7%",0
2026-01-01T23:03:55Z,ISLAND,59.76780672532055,0.0,"Baseline UPS logic. V: 0.924, SOC: 59.7%",0
2026-01-01T23:04:00Z,GRID_PASS,59.795743237668496,0.0,"Baseline UPS logic. V: 0.964, SOC: 59.8%",0
2026-01-01T23:04:05Z,ISLAND,59.82213212655738,0.0,"Baseline UPS logic. V: 0.892, SOC: 59.8%",0
2026-01-01T23:04:10Z,GRID_PASS,59.8494469727036,0.0,"Baseline UPS logic. V: 1.013, SOC: 59.8%",0
2026-01-01T23:04:15Z,ISLAND,59.875835861592485,0.0,"Baseline UPS logic. V: 0.937, SOC: 59.8%",0
2026-01-01T23:04:20Z,GRID_PASS,59.903392541017,0.0,"Baseline UPS logic. V: 0.956, SOC: 59.9%",0
2026-01-01T23:04:25Z,ISLAND,59.92978142990588,0.0,"Baseline UPS logic. V: 0.920, SOC: 59.9%",0
2026-01-01T23:04:30Z,GRID_PASS,59.95598493235671,0.0,"Baseline UPS logic. V: 0.966, SOC: 59.9%",0
2026-01-01T23:04:35Z,GRID_PASS,59.98344612730172,0.0,"Baseline UPS logic. V: 1.012, SOC: 60.0%",0
2026-01-01T23:04:40Z,ISLAND,60.00983501619061,0.0,"Baseline UPS logic. V: 0.927, SOC: 60.0%",0
2026-01-01T23:04:45Z,GRID_PASS,60.037629504743826,0.0,"Baseline UPS logic. V: 1.020, SOC: 60.0%",0
2026-01-01T23:04:50Z,ISLAND,60.064018393632715,0.0,"Baseline UPS logic. V: 0.903, SOC: 60.0%",0
2026-01-01T23:04:55Z,GRID_PASS,60.09103613210598,0.0,"Baseline UPS logic. V: 0.971, SOC: 60.1%",0
2026-01-01T23:05:00Z,GRID_PASS,60.11913478994126,0.0,"Baseline UPS logic. V: 0.958, SOC: 60.1%",0
2026-01-01T23:05:05Z,ISLAND,60.14552367883016,0.0,"Baseline UPS logic. V: 0.880, SOC: 60.1%",0
2026-01-01T23:05:10Z,GRID_PASS,60.17288192358862,0.0,"Baseline UPS logic. V: 0.944, SOC: 60.1%",0
2026-01-01T23:05:15Z,ISLAND,60.199270812477515,0.0,"Baseline UPS logic. V: 0.934, SOC: 60.2%",0
2026-01-01T23:05:20Z,ISLAND,60.225659701366396,0.0,"Baseline UPS logic. V: 0.891, SOC: 60.2%",0
2026-01-01T23:05:25Z,GRID_PASS,60.252919144769,0.0,"Baseline UPS logic. V: 0.951, SOC: 60.2%",0
2026-01-01T23:05:30Z,GRID_PASS,60.28033391945898,0.0,"Baseline UPS logic. V: 0.941, SOC: 60.3%",0
2026-01-01T23:05:35Z,ISLAND,60.30672280834788,0.0,"Baseline UPS logic. V: 0.930, SOC: 60.3%",0
2026-01-01T23:05:40Z,ISLAND,60.33311169723676,0.0,"Baseline UPS logic. V: 0.930, SOC: 60.3%",0
2026-01-01T23:05:45Z,ISLAND,60.35950058612565,0.0,"Baseline UPS logic. V: 0.929, SOC: 60.3%",0
2026-01-01T23:05:50Z,ISLAND,60.385889475014544,0.0,"Baseline UPS logic. V: 0.915, SOC: 60.4%",0
2026-01-01T23:05:55Z,GRID_PASS,60.41370114373148,0.0,"Baseline UPS logic. V: 0.941, SOC: 60.4%",0
2026-01-01T23:06:00Z,ISLAND,60.44009003262036,0.0,"Baseline UPS logic. V: 0.901, SOC: 60.4%",0
2026-01-01T23:06:05Z,GRID_PASS,60.468409318040116,0.0,"Baseline UPS logic. V: 1.067, SOC: 60.4%",0
2026-01-01T23:06:10Z,ISLAND,60.494798206929005,0.0,"Baseline UPS logic. V: 0.863, SOC: 60.5%",0
2026-01-01T23:06:15Z,ISLAND,60.521187095817886,0.0,"Baseline UPS logic. V: 0.905, SOC: 60.5%",0
2026-01-01T23:06:20Z,ISLAND,60.54757598470678,0.0,"Baseline UPS logic. V: 0.909, SOC: 60.5%",0
2026-01-01T23:06:25Z,GRID_PASS,60.5758366862563,0.0,"Baseline UPS logic. V: 1.036, SOC: 60.5%",0
2026-01-01T23:06:30Z,ISLAND,60.6022255751452,0.0,"Baseline UPS logic. V: 0.868, SOC: 60.6%",0
2026-01-01T23:06:35Z,GRID_PASS,60.629406780217366,0.0,"Baseline UPS logic. V: 0.955, SOC: 60.6%",0
2026-01-01T23:06:40Z,GRID_PASS,60.6565266703967,0.0,"Baseline UPS logic. V: 0.946, SOC: 60.6%",0
2026-01-01T23:06:45Z,GRID_PASS,60.68298004242808,0.0,"Baseline UPS logic. V: 0.951, SOC: 60.7%",0
2026-01-01T23:06:50Z,GRID_PASS,60.709448903620334,0.0,"Baseline UPS logic. V: 0.996, SOC: 60.7%",0
2026-01-01T23:06:55Z,GRID_PASS,60.73712294688279,0.0,"Baseline UPS logic. V: 0.995, SOC: 60.7%",0
2026-01-01T23:07:00Z,ISLAND,60.76351183577169,0.0,"Baseline UPS logic. V: 0.911, SOC: 60.7%",0
2026-01-01T23:07:05Z,GRID_PASS,60.792120550452985,0.0,"Baseline UPS logic. V: 0.944, SOC: 60.8%",0
2026-01-01T23:07:10Z,ISLAND,60.81850943934188,0.0,"Baseline UPS logic. V: 0.841, SOC: 60.8%",0
2026-01-01T23:07:15Z,ISLAND,60.84489832823077,0.0,"Baseline UPS logic. V: 0.939, SOC: 60.8%",0
2026-01-01T23:07:20Z,ISLAND,60.87128721711965,0.0,"Baseline UPS logic. V: 0.895, SOC: 60.8%",0
2026-01-01T23:07:25Z,ISLAND,60.89767610600855,0.0,"Baseline UPS logic. V: 0.925, SOC: 60.9%",0
2026-01-01T23:07:30Z,ISLAND,60.92406499489743,0.0,"Baseline UPS logic. V: 0.850, SOC: 60.9%",0
2026-01-01T23:07:35Z,GRID_PASS,60.95256627279575,0.0,"Baseline UPS logic. V: 0.955, SOC: 60.9%",0
2026-01-01T23:07:40Z,ISLAND,60.97895516168463,0.0,"Baseline UPS logic. V: 0.849, SOC: 61.0%",0
2026-01-01T23:07:45Z,GRID_PASS,61.00714931008263,0.0,"Baseline UPS logic. V: 0.942, SOC: 61.0%",0
2026-01-01T23:07:50Z,ISLAND,61.03353819897153,0.0,"Baseline UPS logic. V: 0.873, SOC: 61.0%",0
2026-01-01T23:07:55Z,ISLAND,61.05992708786041,0.0,"Baseline UPS logic. V: 0.892, SOC: 61.0%",0
2026-01-01T23:08:00Z,GRID_PASS,61.086851905499884,0.0,"Baseline UPS logic. V: 0.992, SOC: 61.1%",0
2026-01-01T23:08:05Z,GRID_PASS,61.113360227463396,0.0,"Baseline UPS logic. V: 0.964, SOC: 61.1%",0
2026-01-01T23:08:10Z,GRID_PASS,61.139556357576396,0.0,"Baseline UPS logic. V: 0.992, SOC: 61.1%",0
2026-01-01T23:08:15Z,GRID_PASS,61.16744130322229,0.0,"Baseline UPS logic. V: 1.013, SOC: 61.1%",0
2026-01-01T23:08:20Z,ISLAND,61.19383019211118,0.0,"Baseline UPS logic. V: 0.896, SOC: 61.2%",0
2026-01-01T23:08:25Z,GRID_PASS,61.222176894897515,0.0,"Baseline UPS logic. V: 1.010, SOC: 61.2%",0
2026-01-01T23:08:30Z,ISLAND,61.248565783786404,0.0,"Baseline UPS logic. V: 0.861, SOC: 61.2%",0
2026-01-01T23:08:35Z,GRID_PASS,61.27625925008755,0.0,"Baseline UPS logic. V: 0.972, SOC: 61.2%",0
2026-01-01T23:08:40Z,ISLAND,61.30264813897644,0.0,"Baseline UPS logic. V: 0.910, SOC: 61.3%",0
2026-01-01T23:08:45Z,ISLAND,61.32903702786533,0.0,"Baseline UPS logic. V: 0.888, SOC: 61.3%",0
2026-01-01T23:08:50Z,GRID_PASS,61.35569829571777,0.0,"Baseline UPS logic. V: 0.965, SOC: 61.3%",0
2026-01-01T23:08:55Z,GRID_PASS,61.38238165893053,0.0,"Baseline UPS logic. V: 0.982, SOC: 61.4%",0
2026-01-01T23:09:00Z,GRID_PASS,61.4095716063523,0.0,"Baseline UPS logic. V: 0.980, SOC: 61.4%",0
2026-01-01T23:09:05Z,GRID_PASS,61.43682090690049,0.0,"Baseline UPS logic. V: 0.946, SOC: 61.4%",0
2026-01-01T23:09:10Z,GRID_PASS,61.463785139812074,0.0,"Baseline UPS logic. V: 0.942, SOC: 61.4%",0
2026-01-01T23:09:15Z,GRID_PASS,61.49091114762493,0.0,"Baseline UPS logic. V: 0.961, SOC: 61.5%",0
2026-01-01T23:09:20Z,GRID_PASS,61.5178648088716,0.0,"Baseline UPS logic. V: 0.950, SOC: 61.5%",0
2026-01-01T23:09:25Z,GRID_PASS,61.54506254652807,0.0,"Baseline UPS logic. V: 0.962, SOC: 61.5%",0
2026-01-01T23:09:30Z,GRID_PASS,61.57179447340786,0.0,"Baseline UPS logic. V: 0.945, SOC: 61.5%",0
2026-01-01T23:09:35Z,GRID_PASS,61.6002417647642,0.0,"Baseline UPS logic. V: 0.977, SOC: 61.6%",0
2026-01-01T23:09:40Z,ISLAND,61.626630653653095,0.0,"Baseline UPS logic. V: 0.854, SOC: 61.6%",0
2026-01-01T23:09:45Z,ISLAND,61.653019542541976,0.0,"Baseline UPS logic. V: 0.928, SOC: 61.6%",0
2026-01-01T23:09:50Z,ISLAND,61.67940843143087,0.0,"Baseline UPS logic. V: 0.866, SOC: 61.7%",0
2026-01-01T23:09:55Z,GRID_PASS,61.70553581393835,0.0,"Baseline UPS logic. V: 0.949, SOC: 61.7%",0
2026-01-01T23:10:00Z,GRID_PASS,61.73320620761522,0.0,"Baseline UPS logic. V: 1.017, SOC: 61.7%",0
2026-01-01T23:10:05Z,ISLAND,61.75959509650411,0.0,"Baseline UPS logic. V: 0.912, SOC: 61.7%",0
2026-01-01T23:10:10Z,GRID_PASS,61.78638565137877,0.0,"Baseline UPS logic. V: 0.942, SOC: 61.8%",0
2026-01-01T23:10:15Z,GRID_PASS,61.81511010453394,0.0,"Baseline UPS logic. V: 0.973, SOC: 61.8%",0
2026-01-01T23:10:20Z,ISLAND,61.841498993422825,0.0,"Baseline UPS logic. V: 0.832, SOC: 61.8%",0
2026-01-01T23:10:25Z,ISLAND,61.86788788231172,0.0,"Baseline UPS logic. V: 0.909, SOC: 61.8%",0
2026-01-01T23:10:30Z,GRID_PASS,61.89712272049914,0.0,"Baseline UPS logic. V: 0.954, SOC: 61.9%",0
2026-01-01T23:10:35Z,ISLAND,61.92351160938803,0.0,"Baseline UPS logic. V: 0.790, SOC: 61.9%",0
2026-01-01T23:10:40Z,ISLAND,61.949900498276925,0.0,"Baseline UPS logic. V: 0.887, SOC: 61.9%",0
2026-01-01T23:10:45Z,GRID_PASS,61.976507896151766,0.0,"Baseline UPS logic. V: 0.990, SOC: 61.9%",0
2026-01-01T23:10:50Z,GRID_PASS,62.003577845070126,0.0,"Baseline UPS logic. V: 0.985, SOC: 62.0%",0
2026-01-01T23:10:55Z,GRID_PASS,62.03027528479124,0.0,"Baseline UPS logic. V: 0.954, SOC: 62.0%",0
2026-01-01T23:11:00Z,GRID_PASS,62.057454958366755,0.0,"Baseline UPS logic. V: 0.979, SOC: 62.0%",0
2026-01-01T23:11:05Z,GRID_PASS,62.0843880886819,0.0,"Baseline UPS logic. V: 0.946, SOC: 62.1%",0
2026-01-01T23:11:10Z,GRID_PASS,62.11194353179482,0.0,"Baseline UPS logic. V: 0.963, SOC: 62.1%",0
2026-01-01T23:11:15Z,ISLAND,62.1383324206837,0.0,"Baseline UPS logic. V: 0.920, SOC: 62.1%",0
2026-01-01T23:11:20Z,GRID_PASS,62.16610700405191,0.0,"Baseline UPS logic. V: 0.941, SOC: 62.1%",0
2026-01-01T23:11:25Z,ISLAND,62.192495892940805,0.0,"Baseline UPS logic. V: 0.904, SOC: 62.2%",0
2026-01-01T23:11:30Z,GRID_PASS,62.21870508837485,0.0,"Baseline UPS logic. V: 0.999, SOC: 62.2%",0
2026-01-01T23:11:35Z,GRID_PASS,62.24502263298781,0.0,"Baseline UPS logic. V: 1.012, SOC: 62.2%",0
2026-01-01T23:11:40Z,GRID_PASS,62.27264244017975,0.0,"Baseline UPS logic. V: 1.005, SOC: 62.2%",0
2026-01-01T23:11:45Z,ISLAND,62.29903132906863,0.0,"Baseline UPS logic. V: 0.915, SOC: 62.3%",0
2026-01-01T23:11:50Z,ISLAND,62.32542021795753,0.0,"Baseline UPS logic. V: 0.888, SOC: 62.3%",0
2026-01-01T23:11:55Z,GRID_PASS,62.35236174284694,0.0,"Baseline UPS logic. V: 1.000, SOC: 62.3%",0
2026-01-01T23:12:00Z,GRID_PASS,62.37945464250914,0.0,"Baseline UPS logic. V: 0.963, SOC: 62.4%",0
2026-01-01T23:12:05Z,GRID_PASS,62.40722530125499,0.0,"Baseline UPS logic. V: 0.952, SOC: 62.4%",0
2026-01-01T23:12:10Z,ISLAND,62.433614190143885,0.0,"Baseline UPS logic. V: 0.904, SOC: 62.4%",0
2026-01-01T23:12:15Z,GRID_PASS,62.46169086435578,0.0,"Baseline UPS logic. V: 0.957, SOC: 62.4%",0
2026-01-01T23:12:20Z,ISLAND,62.48807975324466,0.0,"Baseline UPS logic. V: 0.882, SOC: 62.5%",0
2026-01-01T23:12:25Z,GRID_PASS,62.51439275690165,0.0,"Baseline UPS logic. V: 0.968, SOC: 62.5%",0
2026-01-01T23:12:30Z,GRID_PASS,62.540512292170305,0.0,"Baseline UPS logic. V: 1.005, SOC: 62.5%",0
2026-01-01T23:12:35Z,GRID_PASS,62.567327900622224,0.0,"Baseline UPS logic. V: 1.018, SOC: 62.5%",0
2026-01-01T23:12:40Z,GRID_PASS,62.5956014229945,0.0,"Baseline UPS logic. V: 0.971, SOC: 62.6%",0
2026-01-01T23:12:45Z,ISLAND,62.621990311883394,0.0,"Baseline UPS logic. V: 0.867, SOC: 62.6%",0
2026-01-01T23:12:50Z,GRID_PASS,62.64771225738013,0.0,"Baseline UPS logic. V: 0.946, SOC: 62.6%",0
2026-01-01T23:12:55Z,GRID_PASS,62.675643093565355,0.0,"Baseline UPS logic. V: 1.043, SOC: 62.6%",0
2026-01-01T23:13:00Z,ISLAND,62.70203198245425,0.0,"Baseline UPS logic. V: 0.893, SOC: 62.7%",0
2026-01-01T23:13:05Z,ISLAND,62.72842087134314,0.0,"Baseline UPS logic. V: 0.933, SOC: 62.7%",0
2026-01-01T23:13:10Z,GRID_PASS,62.755298581981556,0.0,"Baseline UPS logic. V: 1.007, SOC: 62.7%",0
2026-01-01T23:13:15Z,GRID_PASS,62.78074331440945,0.0,"Baseline UPS logic. V: 0.967, SOC: 62.8%",0
2026-01-01T23:13:20Z,GRID_PASS,62.80857713388065,0.0,"Baseline UPS logic. V: 1.060, SOC: 62.8%",0
2026-01-01T23:13:25Z,ISLAND,62.83496602276954,0.0,"Baseline UPS logic. V: 0.900, SOC: 62.8%",0
2026-01-01T23:13:30Z,ISLAND,62.86135491165843,0.0,"Baseline UPS logic. V: 0.887, SOC: 62.8%",0
2026-01-01T23:13:35Z,GRID_PASS,62.88950072509263,0.0,"Baseline UPS logic. V: 0.998, SOC: 62.9%",0
2026-01-01T23:13:40Z,ISLAND,62.91588961398151,0.0,"Baseline UPS logic. V: 0.877, SOC: 62.9%",0
2026-01-01T23:13:45Z,ISLAND,62.942278502870394,0.0,"Baseline UPS logic. V: 0.927, SOC: 62.9%",0
2026-01-01T23:13:50Z,ISLAND,62.96866739175929,0.0,"Baseline UPS logic. V: 0.933, SOC: 62.9%",0
2026-01-01T23:13:55Z,GRID_PASS,62.995547205372326,0.0,"Baseline UPS logic. V: 0.988, SOC: 63.0%",0
2026-01-01T23:14:00Z,GRID_PASS,63.0225368631942,0.0,"Baseline UPS logic. V: 0.967, SOC: 63.0%",0
2026-01-01T23:14:05Z,GRID_PASS,63.05013824188197,0.0,"Baseline UPS logic. V: 0.960, SOC: 63.0%",0
2026-01-01T23:14:10Z,ISLAND,63.07652713077086,0.0,"Baseline UPS logic. V: 0.917, SOC: 63.1%",0
2026-01-01T23:14:15Z,GRID_PASS,63.10067708634717,0.0,"Baseline UPS logic. V: 0.997, SOC: 63.1%",0
2026-01-01T23:14:20Z,GRID_PASS,63.12749518826123,0.0,"Baseline UPS logic. V: 1.138, SOC: 63.1%",0
2026-01-01T23:14:25Z,GRID_PASS,63.15474261342915,0.0,"Baseline UPS logic. V: 0.971, SOC: 63.1%",0
2026-01-01T23:14:30Z,GRID_PASS,63.182951484467495,0.0,"Baseline UPS logic. V: 0.942, SOC: 63.2%",0
2026-01-01T23:14:35Z,ISLAND,63.20934037335639,0.0,"Baseline UPS logic. V: 0.872, SOC: 63.2%",0
2026-01-01T23:14:40Z,ISLAND,63.23572926224528,0.0,"Baseline UPS logic. V: 0.905, SOC: 63.2%",0
2026-01-01T23:14:45Z,ISLAND,63.26211815113416,0.0,"Baseline UPS logic. V: 0.926, SOC: 63.2%",0
2026-01-01T23:14:50Z,ISLAND,63.288507040023056,0.0,"Baseline UPS logic. V: 0.910, SOC: 63.3%",0
2026-01-01T23:14:55Z,ISLAND,63.31489592891194,0.0,"Baseline UPS logic. V: 0.936, SOC: 63.3%",0
2026-01-01T23:15:00Z,GRID_PASS,63.34129332219709,0.0,"Baseline UPS logic. V: 1.026, SOC: 63.3%",0
2026-01-01T23:15:05Z,GRID_PASS,63.36871932738267,0.0,"Baseline UPS logic. V: 0.999, SOC: 63.3%",0
2026-01-01T23:15:10Z,ISLAND,63.39510821627157,0.0,"Baseline UPS logic. V: 0.929, SOC: 63.4%",0
2026-01-01T23:15:15Z,ISLAND,63.421497105160455,0.0,"Baseline UPS logic. V: 0.877, SOC: 63.4%",0
2026-01-01T23:15:20Z,GRID_PASS,63.44884549675008,0.0,"Baseline UPS logic. V: 1.004, SOC: 63.4%",0
2026-01-01T23:15:25Z,ISLAND,63.47523438563897,0.0,"Baseline UPS logic. V: 0.935, SOC: 63.4%",0
2026-01-01T23:15:30Z,ISLAND,63.501623274527866,0.0,"Baseline UPS logic. V: 0.851, SOC: 63.5%",0
2026-01-01T23:15:35Z,GRID_PASS,63.528187675956836,0.0,"Baseline UPS logic. V: 0.973, SOC: 63.5%",0
2026-01-01T23:15:40Z,GRID_PASS,63.55711430463317,0.0,"Baseline UPS logic. V: 0.988, SOC: 63.5%",0
2026-01-01T23:15:45Z,ISLAND,63.58350319352206,0.0,"Baseline UPS logic. V: 0.816, SOC: 63.6%",0
2026-01-01T23:15:50Z,ISLAND,63.609892082410944,0.0,"Baseline UPS logic. V: 0.896, SOC: 63.6%",0
2026-01-01T23:15:55Z,ISLAND,63.63628097129983,0.0,"Baseline UPS logic. V: 0.932, SOC: 63.6%",0
2026-01-01T23:16:00Z,GRID_PASS,63.66395142760608,0.0,"Baseline UPS logic. V: 0.974, SOC: 63.6%",0
2026-01-01T23:16:05Z,ISLAND,63.690340316494975,0.0,"Baseline UPS logic. V: 0.912, SOC: 63.7%",0
2026-01-01T23:16:10Z,ISLAND,63.71672920538386,0.0,"Baseline UPS logic. V: 0.896, SOC: 63.7%",0
2026-01-01T23:16:15Z,GRID_PASS,63.74436681854154,0.0,"Baseline UPS logic. V: 0.974, SOC: 63.7%",0
2026-01-01T23:16:20Z,ISLAND,63.77075570743044,0.0,"Baseline UPS logic. V: 0.914, SOC: 63.7%",0
2026-01-01T23:16:25Z,GRID_PASS,63.79883148940502,0.0,"Baseline UPS logic. V: 0.965, SOC: 63.8%",0
2026-01-01T23:16:30Z,ISLAND,63.82522037829391,0.0,"Baseline UPS logic. V: 0.882, SOC: 63.8%",0
2026-01-01T23:16:35Z,ISLAND,63.851609267182795,0.0,"Baseline UPS logic. V: 0.870, SOC: 63.8%",0
2026-01-01T23:16:40Z,GRID_PASS,63.87873716453654,0.0,"Baseline UPS logic. V: 0.975, SOC: 63.9%",0
2026-01-01T23:16:45Z,GRID_PASS,63.90537367045036,0.0,"Baseline UPS logic. V: 0.950, SOC: 63.9%",0
2026-01-01T23:16:50Z,GRID_PASS,63.933055773032365,0.0,"Baseline UPS logic. V: 0.984, SOC: 63.9%",0
2026-01-01T23:16:55Z,ISLAND,63.95944466192126,0.0,"Baseline UPS logic. V: 0.911, SOC: 63.9%",0
2026-01-01T23:17:00Z,ISLAND,63.98583355081014,0.0,"Baseline UPS logic. V: 0.898, SOC: 64.0%",0
2026-01-01T23:17:05Z,GRID_PASS,64.01417694953403,0.0,"Baseline UPS logic. V: 1.006, SOC: 64.0%",0
2026-01-01T23:17:10Z,ISLAND,64.0405658384229,0.0,"Baseline UPS logic. V: 0.862, SOC: 64.0%",0
2026-01-01T23:17:15Z,GRID_PASS,64.06689713826545,0.0,"Baseline UPS logic. V: 1.000, SOC: 64.0%",0
2026-01-01T23:17:20Z,GRID_PASS,64.09357504873144,0.0,"Baseline UPS logic. V: 1.004, SOC: 64.1%",0
2026-01-01T23:17:25Z,GRID_PASS,64.12135928791665,0.0,"Baseline UPS logic. V: 0.981, SOC: 64.1%",0
2026-01-01T23:17:30Z,ISLAND,64.14774817680554,0.0,"Baseline UPS logic. V: 0.903, SOC: 64.1%",0
2026-01-01T23:17:35Z,ISLAND,64.17413706569441,0.0,"Baseline UPS logic. V: 0.897, SOC: 64.1%",0
2026-01-01T23:17:40Z,ISLAND,64.20052595458331,0.0,"Baseline UPS logic. V: 0.927, SOC: 64.2%",0
2026-01-01T23:17:45Z,ISLAND,64.22691484347219,0.0,"Baseline UPS logic. V: 0.873, SOC: 64.2%",0
2026-01-01T23:17:50Z,ISLAND,64.25330373236109,0.0,"Baseline UPS logic. V: 0.890, SOC: 64.2%",0
2026-01-01T23:17:55Z,GRID_PASS,64.2801376101208,0.0,"Baseline UPS logic. V: 0.970, SOC: 64.3%",0
2026-01-01T23:18:00Z,GRID_PASS,64.30816276914506,0.0,"Baseline UPS logic. V: 0.970, SOC: 64.3%",0
2026-01-01T23:18:05Z,ISLAND,64.33455165803396,0.0,"Baseline UPS logic. V: 0.886, SOC: 64.3%",0
2026-01-01T23:18:10Z,GRID_PASS,64.36152345795523,0.0,"Baseline UPS logic. V: 0.972, SOC: 64.3%",0
2026-01-01T23:18:15Z,GRID_PASS,64.38770465386932,0.0,"Baseline UPS logic. V: 0.961, SOC: 64.4%",0
2026-01-01T23:18:20Z,GRID_PASS,64.41459249576879,0.0,"Baseline UPS logic. V: 1.014, SOC: 64.4%",0
2026-01-01T23:18:25Z,GRID_PASS,64.44111688003333,0.0,"Baseline UPS logic. V: 0.967, SOC: 64.4%",0
2026-01-01T23:18:30Z,GRID_PASS,64.46807206874315,0.0,"Baseline UPS logic. V: 0.991, SOC: 64.4%",0
2026-01-01T23:18:35Z,GRID_PASS,64.49465547212661,0.0,"Baseline UPS logic. V: 0.962, SOC: 64.5%",0
2026-01-01T23:18:40Z,GRID_PASS,64.52283916665323,0.0,"Baseline UPS logic. V: 0.987, SOC: 64.5%",0
2026-01-01T23:18:45Z,ISLAND,64.54922805554213,0.0,"Baseline UPS logic. V: 0.874, SOC: 64.5%",0
2026-01-01T23:18:50Z,ISLAND,64.57561694443102,0.0,"Baseline UPS logic. V: 0.932, SOC: 64.5%",0
2026-01-01T23:18:55Z,ISLAND,64.6020058333199,0.0,"Baseline UPS logic. V: 0.936, SOC: 64.6%",0
2026-01-01T23:19:00Z,ISLAND,64.6283947222088,0.0,"Baseline UPS logic. V: 0.926, SOC: 64.6%",0
2026-01-01T23:19:05Z,GRID_PASS,64.65522969188183,0.0,"Baseline UPS logic. V: 0.961, SOC: 64.6%",0
2026-01-01T23:19:10Z,GRID_PASS,64.68224176122168,0.0,"Baseline UPS logic. V: 0.970, SOC: 64.7%",0
2026-01-01T23:19:15Z,GRID_PASS,64.70966141142107,0.0,"Baseline UPS logic. V: 0.958, SOC: 64.7%",0
2026-01-01T23:19:20Z,ISLAND,64.73605030030996,0.0,"Baseline UPS logic. V: 0.930, SOC: 64.7%",0
2026-01-01T23:19:25Z,ISLAND,64.76243918919884,0.0,"Baseline UPS logic. V: 0.902, SOC: 64.7%",0
2026-01-01T23:19:30Z,GRID_PASS,64.78948213316801,0.0,"Baseline UPS logic. V: 0.993, SOC: 64.8%",0
2026-01-01T23:19:35Z,GRID_PASS,64.81748194473256,0.0,"Baseline UPS logic. V: 0.956, SOC: 64.8%",0
2026-01-01T23:19:40Z,ISLAND,64.84387083362145,0.0,"Baseline UPS logic. V: 0.888, SOC: 64.8%",0
2026-01-01T23:19:45Z,ISLAND,64.87025972251035,0.0,"Baseline UPS logic. V: 0.929, SOC: 64.8%",0
2026-01-01T23:19:50Z,ISLAND,64.89664861139923,0.0,"Baseline UPS logic. V: 0.851, SOC: 64.9%",0
2026-01-01T23:19:55Z,GRID_PASS,64.9240833709203,0.0,"Baseline UPS logic. V: 0.940, SOC: 64.9%",0
2026-01-01T23:20:00Z,ISLAND,64.95047225980917,0.0,"Baseline UPS logic. V: 0.929, SOC: 64.9%",0
2026-01-01T23:20:05Z,ISLAND,64.97686114869808,0.0,"Baseline UPS logic. V: 0.910, SOC: 65.0%",0
2026-01-01T23:20:10Z,GRID_PASS,65.00494874495823,0.0,"Baseline UPS logic. V: 1.018, SOC: 65.0%",0
2026-01-01T23:20:15Z,ISLAND,65.0313376338471,0.0,"Baseline UPS logic. V: 0.881, SOC: 65.0%",0
2026-01-01T23:20:20Z,GRID_PASS,65.05697900976115,0.0,"Baseline UPS logic. V: 0.974, SOC: 65.0%",0
2026-01-01T23:20:25Z,GRID_PASS,65.0834792428068,0.0,"Baseline UPS logic. V: 1.048, SOC: 65.1%",0
2026-01-01T23:20:30Z,GRID_PASS,65.11079119111301,0.0,"Baseline UPS logic. V: 0.993, SOC: 65.1%",0
2026-01-01T23:20:35Z,ISLAND,65.13718008000188,0.0,"Baseline UPS logic. V: 0.937, SOC: 65.1%",0
2026-01-01T23:20:40Z,ISLAND,65.16356896889077,0.0,"Baseline UPS logic. V: 0.882, SOC: 65.1%",0
2026-01-01T23:20:45Z,ISLAND,65.18995785777967,0.0,"Baseline UPS logic. V: 0.871, SOC: 65.2%",0
2026-01-01T23:20:50Z,ISLAND,65.21634674666855,0.0,"Baseline UPS logic. V: 0.918, SOC: 65.2%",0
2026-01-01T23:20:55Z,ISLAND,65.24273563555745,0.0,"Baseline UPS logic. V: 0.904, SOC: 65.2%",0
2026-01-01T23:21:00Z,ISLAND,65.26912452444633,0.0,"Baseline UPS logic. V: 0.903, SOC: 65.2%",0
2026-01-01T23:21:05Z,ISLAND,65.29551341333521,0.0,"Baseline UPS logic. V: 0.923, SOC: 65.3%",0
2026-01-01T23:21:10Z,ISLAND,65.32190230222412,0.0,"Baseline UPS logic. V: 0.934, SOC: 65.3%",0
2026-01-01T23:21:15Z,GRID_PASS,65.35003991745117,0.0,"Baseline UPS logic. V: 0.963, SOC: 65.3%",0
2026-01-01T23:21:20Z,ISLAND,65.37642880634006,0.0,"Baseline UPS logic. V: 0.877, SOC: 65.4%",0
2026-01-01T23:21:25Z,ISLAND,65.40281769522895,0.0,"Baseline UPS logic. V: 0.905, SOC: 65.4%",0
2026-01-01T23:21:30Z,ISLAND,65.42920658411784,0.0,"Baseline UPS logic. V: 0.931, SOC: 65.4%",0
2026-01-01T23:21:35Z,ISLAND,65.45559547300672,0.0,"Baseline UPS logic. V: 0.929, SOC: 65.4%",0
2026-01-01T23:21:40Z,GRID_PASS,65.4827137495706,0.0,"Baseline UPS logic. V: 1.031, SOC: 65.5%",0
2026-01-01T23:21:45Z,GRID_PASS,65.5110987863454,0.0,"Baseline UPS logic. V: 0.951, SOC: 65.5%",0
2026-01-01T23:21:50Z,ISLAND,65.5374876752343,0.0,"Baseline UPS logic. V: 0.858, SOC: 65.5%",0
2026-01-01T23:21:55Z,GRID_PASS,65.56437802408695,0.0,"Baseline UPS logic. V: 0.960, SOC: 65.5%",0
2026-01-01T23:22:00Z,GRID_PASS,65.5917469732788,0.0,"Baseline UPS logic. V: 0.966, SOC: 65.6%",0
2026-01-01T23:22:05Z,ISLAND,65.6181358621677,0.0,"Baseline UPS logic. V: 0.933, SOC: 65.6%",0
2026-01-01T23:22:10Z,ISLAND,65.6445247510566,0.0,"Baseline UPS logic. V: 0.879, SOC: 65.6%",0
2026-01-01T23:22:15Z,GRID_PASS,65.67254564274558,0.0,"Baseline UPS logic. V: 1.027, SOC: 65.6%",0
2026-01-01T23:22:20Z,ISLAND,65.69893453163445,0.0,"Baseline UPS logic. V: 0.886, SOC: 65.7%",0
2026-01-01T23:22:25Z,GRID_PASS,65.72607125411618,0.0,"Baseline UPS logic. V: 0.972, SOC: 65.7%",0
2026-01-01T23:22:30Z,GRID_PASS,65.75291625526367,0.0,"Baseline UPS logic. V: 0.949, SOC: 65.7%",0
2026-01-01T23:22:35Z,GRID_PASS,65.77892453169626,0.0,"Baseline UPS logic. V: 0.969, SOC: 65.8%",0
2026-01-01T23:22:40Z,GRID_PASS,65.8057983153498,0.0,"Baseline UPS logic. V: 1.025, SOC: 65.8%",0
2026-01-01T23:22:45Z,GRID_PASS,65.83347063618345,0.0,"Baseline UPS logic. V: 0.968, SOC: 65.8%",0
2026-01-01T23:22:50Z,ISLAND,65.85985952507234,0.0,"Baseline UPS logic. V: 0.912, SOC: 65.8%",0
2026-01-01T23:22:55Z,GRID_PASS,65.88758183809237,0.0,"Baseline UPS logic. V: 0.995, SOC: 65.9%",0
2026-01-01T23:23:00Z,ISLAND,65.91397072698125,0.0,"Baseline UPS logic. V: 0.908, SOC: 65.9%",0
2026-01-01T23:23:05Z,GRID_PASS,65.94213633855908,0.0,"Baseline UPS logic. V: 0.948, SOC: 65.9%",0
2026-01-01T23:23:10Z,ISLAND,65.96852522744797,0.0,"Baseline UPS logic. V: 0.875, SOC: 65.9%",0
2026-01-01T23:23:15Z,ISLAND,65.99491411633686,0.0,"Baseline UPS logic. V: 0.888, SOC: 66.0%",0
2026-01-01T23:23:20Z,GRID_PASS,66.02192449207894,0.0,"Baseline UPS logic. V: 0.942, SOC: 66.0%",0
2026-01-01T23:23:25Z,GRID_PASS,66.05035867624261,0.0,"Baseline UPS logic. V: 0.958, SOC: 66.0%",0
2026-01-01T23:23:30Z,ISLAND,66.0767475651315,0.0,"Baseline UPS logic. V: 0.855, SOC: 66.1%",0
2026-01-01T23:23:35Z,GRID_PASS,66.10459444916161,0.0,"Baseline UPS logic. V: 0.965, SOC: 66.1%",0
2026-01-01T23:23:40Z,ISLAND,66.1309833380505,0.0,"Baseline UPS logic. V: 0.899, SOC: 66.1%",0
2026-01-01T23:23:45Z,GRID_PASS,66.15850731556478,0.0,"Baseline UPS logic. V: 1.004, SOC: 66.1%",0
2026-01-01T23:23:50Z,ISLAND,66.18489620445366,0.0,"Baseline UPS logic. V: 0.922, SOC: 66.2%",0
2026-01-01T23:23:55Z,ISLAND,66.21128509334255,0.0,"Baseline UPS logic. V: 0.884, SOC: 66.2%",0
2026-01-01T23:24:00Z,GRID_PASS,66.23919338553736,0.0,"Baseline UPS logic. V: 0.944, SOC: 66.2%",0
2026-01-01T23:24:05Z,ISLAND,66.26558227442625,0.0,"Baseline UPS logic. V: 0.894, SOC: 66.2%",0
2026-01-01T23:24:10Z,GRID_PASS,66.29285262762534,0.0,"Baseline UPS logic. V: 1.004, SOC: 66.3%",0
2026-01-01T23:24:15Z,GRID_PASS,66.32023110247385,0.0,"Baseline UPS logic. V: 0.940, SOC: 66.3%",0
2026-01-01T23:24:20Z,ISLAND,66.34661999136274,0.0,"Baseline UPS logic. V: 0.933, SOC: 66.3%",0
2026-01-01T23:24:25Z,GRID_PASS,66.37458832304775,0.0,"Baseline UPS logic. V: 0.970, SOC: 66.3%",0
2026-01-01T23:24:30Z,ISLAND,66.40097721193663,0.0,"Baseline UPS logic. V: 0.890, SOC: 66.4%",0
2026-01-01T23:24:35Z,ISLAND,66.42736610082551,0.0,"Baseline UPS logic. V: 0.876, SOC: 66.4%",0
2026-01-01T23:24:40Z,GRID_PASS,66.45539821049337,0.0,"Baseline UPS logic. V: 0.961, SOC: 66.4%",0
2026-01-01T23:24:45Z,ISLAND,66.48178709938226,0.0,"Baseline UPS logic. V: 0.885, SOC: 66.5%",0
2026-01-01T23:24:50Z,ISLAND,66.50817598827115,0.0,"Baseline UPS logic. V: 0.885, SOC: 66.5%",0
2026-01-01T23:24:55Z,GRID_PASS,66.53506700076285,0.0,"Baseline UPS logic. V: 0.982, SOC: 66.5%",0
2026-01-01T23:25:00Z,GRID_PASS,66.56319786290568,0.0,"Baseline UPS logic. V: 0.966, SOC: 66.5%",0
2026-01-01T23:25:05Z,ISLAND,66.58958675179456,0.0,"Baseline UPS logic. V: 0.878, SOC: 66.6%",0
2026-01-01T23:25:10Z,ISLAND,66.61597564068346,0.0,"Baseline UPS logic. V: 0.909, SOC: 66.6%",0
2026-01-01T23:25:15Z,ISLAND,66.64236452957233,0.0,"Baseline UPS logic. V: 0.895, SOC: 66.6%",0
2026-01-01T23:25:20Z,GRID_PASS,66.66896865340026,0.0,"Baseline UPS logic. V: 1.029, SOC: 66.6%",0
2026-01-01T23:25:25Z,GRID_PASS,66.69653166222663,0.0,"Baseline UPS logic. V: 0.986, SOC: 66.7%",0
2026-01-01T23:25:30Z,ISLAND,66.72292055111552,0.0,"Baseline UPS logic. V: 0.919, SOC: 66.7%",0
2026-01-01T23:25:35Z,GRID_PASS,66.75111937485053,0.0,"Baseline UPS logic. V: 0.969, SOC: 66.7%",0
2026-01-01T23:25:40Z,ISLAND,66.77750826373942,0.0,"Baseline UPS logic. V: 0.873, SOC: 66.8%",0
2026-01-01T23:25:45Z,ISLAND,66.80389715262831,0.0,"Baseline UPS logic. V: 0.907, SOC: 66.8%",0
2026-01-01T23:25:50Z,GRID_PASS,66.83083672606543,0.0,"Baseline UPS logic. V: 0.946, SOC: 66.8%",0
2026-01-01T23:25:55Z,GRID_PASS,66.858172187092,0.0,"Baseline UPS logic. V: 0.963, SOC: 66.8%",0
2026-01-01T23:26:00Z,ISLAND,66.88456107598088,0.0,"Baseline UPS logic. V: 0.936, SOC: 66.9%",0
2026-01-01T23:26:05Z,GRID_PASS,66.91176655975426,0.0,"Baseline UPS logic. V: 0.953, SOC: 66.9%",0
2026-01-01T23:26:10Z,GRID_PASS,66.93914431046977,0.0,"Baseline UPS logic. V: 0.945, SOC: 66.9%",0
2026-01-01T23:26:15Z,ISLAND,66.96553319935867,0.0,"Baseline UPS logic. V: 0.933, SOC: 66.9%",0
2026-01-01T23:26:20Z,ISLAND,66.99192208824756,0.0,"Baseline UPS logic. V: 0.926, SOC: 67.0%",0
2026-01-01T23:26:25Z,ISLAND,67.01831097713644,0.0,"Baseline UPS logic. V: 0.919, SOC: 67.0%",0
2026-01-01T23:26:30Z,GRID_PASS,67.04527608021003,0.0,"Baseline UPS logic. V: 0.952, SOC: 67.0%",0
2026-01-01T23:26:35Z,GRID_PASS,67.0723952718347,0.0,"Baseline UPS logic. V: 0.961, SOC: 67.0%",0
2026-01-01T23:26:40Z,GRID_PASS,67.10047162003369,0.0,"Baseline UPS logic. V: 0.951, SOC: 67.1%",0
2026-01-01T23:26:45Z,ISLAND,67.12686050892258,0.0,"Baseline UPS logic. V: 0.882, SOC: 67.1%",0
2026-01-01T23:26:50Z,ISLAND,67.15324939781146,0.0,"Baseline UPS logic. V: 0.891, SOC: 67.1%",0
2026-01-01T23:26:55Z,GRID_PASS,67.17941947046529,0.0,"Baseline UPS logic. V: 0.961, SOC: 67.2%",0
2026-01-01T23:27:00Z,GRID_PASS,67.20656715346296,0.0,"Baseline UPS logic. V: 1.014, SOC: 67.2%",0
2026-01-01T23:27:05Z,GRID_PASS,67.23411479595738,0.0,"Baseline UPS logic. V: 0.949, SOC: 67.2%",0
2026-01-01T23:27:10Z,ISLAND,67.26050368484626,0.0,"Baseline UPS logic. V: 0.920, SOC: 67.2%",0
2026-01-01T23:27:15Z,GRID_PASS,67.2885477595688,0.0,"Baseline UPS logic. V: 0.952, SOC: 67.3%",0
2026-01-01T23:27:20Z,ISLAND,67.31493664845767,0.0,"Baseline UPS logic. V: 0.884, SOC: 67.3%",0
2026-01-01T23:27:25Z,GRID_PASS,67.34205970947893,0.0,"Baseline UPS logic. V: 1.007, SOC: 67.3%",0
2026-01-01T23:27:30Z,GRID_PASS,67.36978611668181,0.0,"Baseline UPS logic. V: 0.950, SOC: 67.3%",0
2026-01-01T23:27:35Z,ISLAND,67.3961750055707,0.0,"Baseline UPS logic. V: 0.908, SOC: 67.4%",0
2026-01-01T23:27:40Z,ISLAND,67.42256389445959,0.0,"Baseline UPS logic. V: 0.933, SOC: 67.4%",0
2026-01-01T23:27:45Z,ISLAND,67.44895278334847,0.0,"Baseline UPS logic. V: 0.915, SOC: 67.4%",0
2026-01-01T23:27:50Z,GRID_PASS,67.47635334101358,0.0,"Baseline UPS logic. V: 1.007, SOC: 67.4%",0
2026-01-01T23:27:55Z,ISLAND,67.50274222990245,0.0,"Baseline UPS logic. V: 0.931, SOC: 67.5%",0
2026-01-01T23:28:00Z,GRID_PASS,67.52957863339873,0.0,"Baseline UPS logic. V: 0.949, SOC: 67.5%",0
2026-01-01T23:28:05Z,GRID_PASS,67.55734968450795,0.0,"Baseline UPS logic. V: 0.970, SOC: 67.5%",0
2026-01-01T23:28:10Z,ISLAND,67.58373857339686,0.0,"Baseline UPS logic. V: 0.904, SOC: 67.6%",0
2026-01-01T23:28:15Z,GRID_PASS,67.61079354546703,0.0,"Baseline UPS logic. V: 0.951, SOC: 67.6%",0
2026-01-01T23:28:20Z,GRID_PASS,67.63911006445133,0.0,"Baseline UPS logic. V: 0.955, SOC: 67.6%",0
2026-01-01T23:28:25Z,ISLAND,67.66549895334022,0.0,"Baseline UPS logic. V: 0.864, SOC: 67.6%",0
2026-01-01T23:28:30Z,GRID_PASS,67.69278399965962,0.0,"Baseline UPS logic. V: 0.954, SOC: 67.7%",0
2026-01-01T23:28:35Z,ISLAND,67.71917288854851,0.0,"Baseline UPS logic. V: 0.939, SOC: 67.7%",0
2026-01-01T23:28:40Z,GRID_PASS,67.74639982042021,0.0,"Baseline UPS logic. V: 0.948, SOC: 67.7%",0
2026-01-01T23:28:45Z,GRID_PASS,67.77346584976868,0.0,"Baseline UPS logic. V: 0.943, SOC: 67.7%",0
2026-01-01T23:28:50Z,GRID_PASS,67.79972919836945,0.0,"Baseline UPS logic. V: 0.954, SOC: 67.8%",0
2026-01-01T23:28:55Z,GRID_PASS,67.82779761884508,0.0,"Baseline UPS logic. V: 1.008, SOC: 67.8%",0
2026-01-01T23:29:00Z,ISLAND,67.85418650773396,0.0,"Baseline UPS logic. V: 0.882, SOC: 67.8%",0
2026-01-01T23:29:05Z,ISLAND,67.88057539662285,0.0,"Baseline UPS logic. V: 0.925, SOC: 67.9%",0
2026-01-01T23:29:10Z,GRID_PASS,67.90747530912948,0.0,"Baseline UPS logic. V: 0.975, SOC: 67.9%",0
2026-01-01T23:29:15Z,GRID_PASS,67.93439098044168,0.0,"Baseline UPS logic. V: 0.966, SOC: 67.9%",0
2026-01-01T23:29:20Z,GRID_PASS,67.95952779414208,0.0,"Baseline UPS logic. V: 0.965, SOC: 67.9%",0
2026-01-01T23:29:25Z,GRID_PASS,67.98632976950117,0.0,"Baseline UPS logic. V: 1.079, SOC: 68.0%",0
2026-01-01T23:29:30Z,GRID_PASS,68.0127454148223,0.0,"Baseline UPS logic. V: 0.972, SOC: 68.0%",0
2026-01-01T23:29:35Z,GRID_PASS,68.04021090339593,0.0,"Baseline UPS logic. V: 0.998, SOC: 68.0%",0
2026-01-01T23:29:40Z,ISLAND,68.06659979228482,0.0,"Baseline UPS logic. V: 0.926, SOC: 68.0%",0
2026-01-01T23:29:45Z,ISLAND,68.09298868117371,0.0,"Baseline UPS logic. V: 0.892, SOC: 68.1%",0
2026-01-01T23:29:50Z,ISLAND,68.1193775700626,0.0,"Baseline UPS logic. V: 0.926, SOC: 68.1%",0
2026-01-01T23:29:55Z,GRID_PASS,68.14633166885768,0.0,"Baseline UPS logic. V: 0.977, SOC: 68.1%",0
2026-01-01T23:30:00Z,GRID_PASS,68.17328380071068,0.0,"Baseline UPS logic. V: 0.962, SOC: 68.1%",0
2026-01-01T23:30:05Z,GRID_PASS,68.20067952776935,0.0,"Baseline UPS logic. V: 0.962, SOC: 68.2%",0
2026-01-01T23:30:10Z,ISLAND,68.22706841665824,0.0,"Baseline UPS logic. V: 0.931, SOC: 68.2%",0
2026-01-01T23:30:15Z,ISLAND,68.25345730554713,0.0,"Baseline UPS logic. V: 0.923, SOC: 68.2%",0
2026-01-01T23:30:20Z,ISLAND,68.27984619443602,0.0,"Baseline UPS logic. V: 0.933, SOC: 68.3%",0
2026-01-01T23:30:25Z,GRID_PASS,68.30647534953552,0.0,"Baseline UPS logic. V: 0.978, SOC: 68.3%",0
2026-01-01T23:30:30Z,GRID_PASS,68.33441869536534,0.0,"Baseline UPS logic. V: 0.984, SOC: 68.3%",0
2026-01-01T23:30:35Z,ISLAND,68.36080758425422,0.0,"Baseline UPS logic. V: 0.892, SOC: 68.3%",0
2026-01-01T23:30:40Z,GRID_PASS,68.38850802048027,0.0,"Baseline UPS logic. V: 0.980, SOC: 68.4%",0
2026-01-01T23:30:45Z,ISLAND,68.41489690936918,0.0,"Baseline UPS logic. V: 0.909, SOC: 68.4%",0
2026-01-01T23:30:50Z,GRID_PASS,68.4422768153545,0.0,"Baseline UPS logic. V: 0.965, SOC: 68.4%",0
2026-01-01T23:30:55Z,ISLAND,68.46866570424339,0.0,"Baseline UPS logic. V: 0.932, SOC: 68.4%",0
2026-01-01T23:31:00Z,GRID_PASS,68.49620023629856,0.0,"Baseline UPS logic. V: 1.020, SOC: 68.5%",0
2026-01-01T23:31:05Z,ISLAND,68.52258912518747,0.0,"Baseline UPS logic. V: 0.921, SOC: 68.5%",0
2026-01-01T23:31:10Z,GRID_PASS,68.54938744337939,0.0,"Baseline UPS logic. V: 0.951, SOC: 68.5%",0
2026-01-01T23:31:15Z,GRID_PASS,68.57723672184308,0.0,"Baseline UPS logic. V: 0.973, SOC: 68.5%",0
2026-01-01T23:31:20Z,ISLAND,68.60362561073197,0.0,"Baseline UPS logic. V: 0.899, SOC: 68.6%",0
2026-01-01T23:31:25Z,ISLAND,68.63001449962086,0.0,"Baseline UPS logic. V: 0.939, SOC: 68.6%",0
2026-01-01T23:31:30Z,ISLAND,68.65640338850974,0.0,"Baseline UPS logic. V: 0.929, SOC: 68.6%",0
2026-01-01T23:31:35Z,ISLAND,68.68279227739865,0.0,"Baseline UPS logic. V: 0.917, SOC: 68.7%",0
2026-01-01T23:31:40Z,ISLAND,68.70918116628752,0.0,"Baseline UPS logic. V: 0.920, SOC: 68.7%",0
2026-01-01T23:31:45Z,GRID_PASS,68.73684124335433,0.0,"Baseline UPS logic. V: 0.998, SOC: 68.7%",0
2026-01-01T23:31:50Z,ISLAND,68.76323013224322,0.0,"Baseline UPS logic. V: 0.912, SOC: 68.7%",0
2026-01-01T23:31:55Z,GRID_PASS,68.79024230604537,0.0,"Baseline UPS logic. V: 0.971, SOC: 68.8%",0
2026-01-01T23:32:00Z,GRID_PASS,68.81843887791561,0.0,"Baseline UPS logic. V: 0.958, SOC: 68.8%",0
2026-01-01T23:32:05Z,ISLAND,68.8448277668045,0.0,"Baseline UPS logic. V: 0.873, SOC: 68.8%",0
2026-01-01T23:32:10Z,GRID_PASS,68.87303528098042,0.0,"Baseline UPS logic. V: 0.969, SOC: 68.8%",0
2026-01-01T23:32:15Z,ISLAND,68.8994241698693,0.0,"Baseline UPS logic. V: 0.872, SOC: 68.9%",0
2026-01-01T23:32:20Z,GRID_PASS,68.92701654618192,0.0,"Baseline UPS logic. V: 0.974, SOC: 68.9%",0
2026-01-01T23:32:25Z,ISLAND,68.95340543507082,0.0,"Baseline UPS logic. V: 0.917, SOC: 68.9%",0
2026-01-01T23:32:30Z,GRID_PASS,68.98153380334121,0.0,"Baseline UPS logic. V: 0.943, SOC: 69.0%",0
2026-01-01T23:32:35Z,ISLAND,69.00792269223011,0.0,"Baseline UPS logic. V: 0.878, SOC: 69.0%",0
2026-01-01T23:32:40Z,GRID_PASS,69.0344780248976,0.0,"Baseline UPS logic. V: 0.949, SOC: 69.0%",0
2026-01-01T23:32:45Z,GRID_PASS,69.06227731215611,0.0,"Baseline UPS logic. V: 0.989, SOC: 69.0%",0
2026-01-01T23:32:50Z,ISLAND,69.08866620104502,0.0,"Baseline UPS logic. V: 0.902, SOC: 69.1%",0
2026-01-01T23:32:55Z,ISLAND,69.11505508993389,0.0,"Baseline UPS logic. V: 0.912, SOC: 69.1%",0
2026-01-01T23:33:00Z,GRID_PASS,69.14193776243283,0.0,"Baseline UPS logic. V: 0.965, SOC: 69.1%",0
2026-01-01T23:33:05Z,GRID_PASS,69.1707968929503,0.0,"Baseline UPS logic. V: 0.967, SOC: 69.1%",0
2026-01-01T23:33:10Z,ISLAND,69.19718578183918,0.0,"Baseline UPS logic. V: 0.821, SOC: 69.2%",0
2026-01-01T23:33:15Z,GRID_PASS,69.22403251125873,0.0,"Baseline UPS logic. V: 1.044, SOC: 69.2%",0
2026-01-01T23:33:20Z,GRID_PASS,69.25075488182738,0.0,"Baseline UPS logic. V: 0.969, SOC: 69.2%",0
2026-01-01T23:33:25Z,GRID_PASS,69.27808732325853,0.0,"Baseline UPS logic. V: 0.978, SOC: 69.3%",0
2026-01-01T23:33:30Z,ISLAND,69.30447621214742,0.0,"Baseline UPS logic. V: 0.936, SOC: 69.3%",0
2026-01-01T23:33:35Z,ISLAND,69.33086510103631,0.0,"Baseline UPS logic. V: 0.850, SOC: 69.3%",0
2026-01-01T23:33:40Z,GRID_PASS,69.35849351364708,0.0,"Baseline UPS logic. V: 0.977, SOC: 69.3%",0
2026-01-01T23:33:45Z,ISLAND,69.38488240253598,0.0,"Baseline UPS logic. V: 0.915, SOC: 69.4%",0
2026-01-01T23:33:50Z,GRID_PASS,69.41226816684392,0.0,"Baseline UPS logic. V: 0.970, SOC: 69.4%",0
2026-01-01T23:33:55Z,ISLAND,69.4386570557328,0.0,"Baseline UPS logic. V: 0.932, SOC: 69.4%",0
2026-01-01T23:34:00Z,GRID_PASS,69.4664260460302,0.0,"Baseline UPS logic. V: 0.955, SOC: 69.4%",0
2026-01-01T23:34:05Z,ISLAND,69.49281493491908,0.0,"Baseline UPS logic. V: 0.904, SOC: 69.5%",0
2026-01-01T23:34:10Z,GRID_PASS,69.52086435327888,0.0,"Baseline UPS logic. V: 0.986, SOC: 69.5%",0
2026-01-01T23:34:15Z,ISLAND,69.54725324216777,0.0,"Baseline UPS logic. V: 0.884, SOC: 69.5%",0
2026-01-01T23:34:20Z,GRID_PASS,69.57278252591802,0.0,"Baseline UPS logic. V: 1.056, SOC: 69.5%",0
2026-01-01T23:34:25Z,GRID_PASS,69.59878936814198,0.0,"Baseline UPS logic. V: 1.055, SOC: 69.6%",0
2026-01-01T23:34:30Z,GRID_PASS,69.62507154631238,0.0,"Baseline UPS logic. V: 1.025, SOC: 69.6%",0
2026-01-01T23:34:35Z,GRID_PASS,69.65235769912063,0.0,"Baseline UPS logic. V: 1.007, SOC: 69.6%",0
2026-01-01T23:34:40Z,ISLAND,69.67874658800952,0.0,"Baseline UPS logic. V: 0.939, SOC: 69.7%",0
2026-01-01T23:34:45Z,GRID_PASS,69.7060410222116,0.0,"Baseline UPS logic. V: 1.002, SOC: 69.7%",0
2026-01-01T23:34:50Z,ISLAND,69.73242991110048,0.0,"Baseline UPS logic. V: 0.938, SOC: 69.7%",0
2026-01-01T23:34:55Z,ISLAND,69.75881879998937,0.0,"Baseline UPS logic. V: 0.866, SOC: 69.7%",0
2026-01-01T23:35:00Z,GRID_PASS,69.78520802381315,0.0,"Baseline UPS logic. V: 1.018, SOC: 69.8%",0
2026-01-01T23:35:05Z,GRID_PASS,69.81245189253798,0.0,"Baseline UPS logic. V: 1.000, SOC: 69.8%",0
2026-01-01T23:35:10Z,GRID_PASS,69.84052191458679,0.0,"Baseline UPS logic. V: 0.942, SOC: 69.8%",0
2026-01-01T23:35:15Z,ISLAND,69.86691080347566,0.0,"Baseline UPS logic. V: 0.882, SOC: 69.8%",0
2026-01-01T23:35:20Z,ISLAND,69.89329969236456,0.0,"Baseline UPS logic. V: 0.914, SOC: 69.9%",0
2026-01-01T23:35:25Z,ISLAND,69.91968858125345,0.0,"Baseline UPS logic. V: 0.852, SOC: 69.9%",0
2026-01-01T23:35:30Z,GRID_PASS,69.94800899554885,0.0,"Baseline UPS logic. V: 0.991, SOC: 69.9%",0
2026-01-01T23:35:35Z,ISLAND,69.97439788443775,0.0,"Baseline UPS logic. V: 0.863, SOC: 69.9%",0
2026-01-01T23:35:40Z,GRID_PASS,70.00220978877587,0.0,"Baseline UPS logic. V: 0.958, SOC: 70.0%",0
2026-01-01T23:35:45Z,ISLAND,70.02200145544253,0.0,"Baseline UPS logic. V: 0.901, SOC: 70.0%",0
2026-01-01T23:35:50Z,ISLAND,70.0417931221092,0.0,"Baseline UPS logic. V: 0.872, SOC: 70.0%",0
2026-01-01T23:35:55Z,GRID_PASS,70.06279544002253,0.0,"Baseline UPS logic. V: 0.955, SOC: 70.0%",0
2026-01-01T23:36:00Z,ISLAND,70.0825871066892,0.0,"Baseline UPS logic. V: 0.927, SOC: 70.1%",0
2026-01-01T23:36:05Z,GRID_PASS,70.10431142436002,0.0,"Baseline UPS logic. V: 0.986, SOC: 70.1%",0
2026-01-01T23:36:10Z,ISLAND,70.1241030910267,0.0,"Baseline UPS logic. V: 0.880, SOC: 70.1%",0
2026-01-01T23:36:15Z,ISLAND,70.14389475769336,0.0,"Baseline UPS logic. V: 0.906, SOC: 70.1%",0
2026-01-01T23:36:20Z,ISLAND,70.16368642436002,0.0,"Baseline UPS logic. V: 0.824, SOC: 70.1%",0
2026-01-01T23:36:25Z,ISLAND,70.18347809102669,0.0,"Baseline UPS logic. V: 0.835, SOC: 70.2%",0
2026-01-01T23:36:30Z,GRID_PASS,70.20242712056324,0.0,"Baseline UPS logic. V: 1.034, SOC: 70.2%",0
2026-01-01T23:36:35Z,GRID_PASS,70.22308071827385,0.0,"Baseline UPS logic. V: 1.048, SOC: 70.2%",0
2026-01-01T23:36:40Z,GRID_PASS,70.2444641240584,0.0,"Baseline UPS logic. V: 0.948, SOC: 70.2%",0
2026-01-01T23:36:45Z,ISLAND,70.26425579072507,0.0,"Baseline UPS logic. V: 0.903, SOC: 70.2%",0
2026-01-01T23:36:50Z,ISLAND,70.28404745739174,0.0,"Baseline UPS logic. V: 0.929, SOC: 70.3%",0
2026-01-01T23:36:55Z,GRID_PASS,70.30518834447751,0.0,"Baseline UPS logic. V: 0.988, SOC: 70.3%",0
2026-01-01T23:37:00Z,ISLAND,70.32498001114419,0.0,"Baseline UPS logic. V: 0.918, SOC: 70.3%",0
2026-01-01T23:37:05Z,GRID_PASS,70.34571452900357,0.0,"Baseline UPS logic. V: 0.956, SOC: 70.3%",0
2026-01-01T23:37:10Z,GRID_PASS,70.36689365856904,0.0,"Baseline UPS logic. V: 0.943, SOC: 70.3%",0
2026-01-01T23:37:15Z,ISLAND,70.3866853252357,0.0,"Baseline UPS logic. V: 0.916, SOC: 70.4%",0
2026-01-01T23:37:20Z,ISLAND,70.40647699190237,0.0,"Baseline UPS logic. V: 0.918, SOC: 70.4%",0
2026-01-01T23:37:25Z,GRID_PASS,70.42797429915866,0.0,"Baseline UPS logic. V: 0.959, SOC: 70.4%",0
2026-01-01T23:37:30Z,ISLAND,70.44776596582534,0.0,"Baseline UPS logic. V: 0.895, SOC: 70.4%",0
2026-01-01T23:37:35Z,GRID_PASS,70.46886826902559,0.0,"Baseline UPS logic. V: 0.967, SOC: 70.4%",0
2026-01-01T23:37:40Z,ISLAND,70.48865993569227,0.0,"Baseline UPS logic. V: 0.921, SOC: 70.5%",0
2026-01-01T23:37:45Z,GRID_PASS,70.50822143484724,0.0,"Baseline UPS logic. V: 0.951, SOC: 70.5%",0
2026-01-01T23:37:50Z,GRID_PASS,70.52908152000253,0.0,"Baseline UPS logic. V: 1.013, SOC: 70.5%",0
2026-01-01T23:37:55Z,ISLAND,70.5488731866692,0.0,"Baseline UPS logic. V: 0.936, SOC: 70.5%",0
2026-01-01T23:38:00Z,GRID_PASS,70.57098114350453,0.0,"Baseline UPS logic. V: 0.990, SOC: 70.5%",0
2026-01-01T23:38:05Z,ISLAND,70.59077281017119,0.0,"Baseline UPS logic. V: 0.855, SOC: 70.6%",0
2026-01-01T23:38:10Z,ISLAND,70.61056447683785,0.0,"Baseline UPS logic. V: 0.921, SOC: 70.6%",0
2026-01-01T23:38:15Z,GRID_PASS,70.62964619381067,0.0,"Baseline UPS logic. V: 0.946, SOC: 70.6%",0
2026-01-01T23:38:20Z,GRID_PASS,70.65187748085839,0.0,"Baseline UPS logic. V: 1.041, SOC: 70.6%",0
2026-01-01T23:38:25Z,ISLAND,70.67166914752505,0.0,"Baseline UPS logic. V: 0.846, SOC: 70.7%",0
2026-01-01T23:38:30Z,ISLAND,70.69146081419171,0.0,"Baseline UPS logic. V: 0.940, SOC: 70.7%",0
2026-01-01T23:38:35Z,GRID_PASS,70.71280476649558,0.0,"Baseline UPS logic. V: 1.017, SOC: 70.7%",0
2026-01-01T23:38:40Z,ISLAND,70.73259643316223,0.0,"Baseline UPS logic. V: 0.905, SOC: 70.7%",0
2026-01-01T23:38:45Z,ISLAND,70.7523880998289,0.0,"Baseline UPS logic. V: 0.934, SOC: 70.7%",0
2026-01-01T23:38:50Z,GRID_PASS,70.77295697839335,0.0,"Baseline UPS logic. V: 0.961, SOC: 70.8%",0
2026-01-01T23:38:55Z,GRID_PASS,70.79235468779193,0.0,"Baseline UPS logic. V: 0.954, SOC: 70.8%",0
2026-01-01T23:39:00Z,GRID_PASS,70.81270095628827,0.0,"Baseline UPS logic. V: 1.023, SOC: 70.8%",0
2026-01-01T23:39:05Z,GRID_PASS,70.83230098531435,0.0,"Baseline UPS logic. V: 0.967, SOC: 70.8%",0
2026-01-01T23:39:10Z,GRID_PASS,70.85330526089324,0.0,"Baseline UPS logic. V: 1.011, SOC: 70.8%",0
2026-01-01T23:39:15Z,ISLAND,70.87309692755991,0.0,"Baseline UPS logic. V: 0.927, SOC: 70.9%",0
2026-01-01T23:39:20Z,ISLAND,70.89288859422658,0.0,"Baseline UPS logic. V: 0.908, SOC: 70.9%",0
2026-01-01T23:39:25Z,ISLAND,70.91268026089324,0.0,"Baseline UPS logic. V: 0.933, SOC: 70.9%",0
2026-01-01T23:39:30Z,ISLAND,70.9324719275599,0.0,"Baseline UPS logic. V: 0.887, SOC: 70.9%",0
2026-01-01T23:39:35Z,GRID_PASS,70.95349681301053,0.0,"Baseline UPS logic. V: 0.969, SOC: 70.9%",0
2026-01-01T23:39:40Z,ISLAND,70.9732884796772,0.0,"Baseline UPS logic. V: 0.925, SOC: 71.0%",0
2026-01-01T23:39:45Z,ISLAND,70.99308014634387,0.0,"Baseline UPS logic. V: 0.911, SOC: 71.0%",0
2026-01-01T23:39:50Z,GRID_PASS,71.01469654008025,0.0,"Baseline UPS logic. V: 0.970, SOC: 71.0%",0
2026-01-01T23:39:55Z,ISLAND,71.03448820674691,0.0,"Baseline UPS logic. V: 0.888, SOC: 71.0%",0
2026-01-01T23:40:00Z,GRID_PASS,71.0555819113662,0.0,"Baseline UPS logic. V: 0.983, SOC: 71.0%",0
2026-01-01T23:40:05Z,ISLAND,71.07537357803288,0.0,"Baseline UPS logic. V: 0.921, SOC: 71.1%",0
2026-01-01T23:40:10Z,GRID_PASS,71.0963992875138,0.0,"Baseline UPS logic. V: 1.003, SOC: 71.1%",0
2026-01-01T23:40:15Z,ISLAND,71.11619095418047,0.0,"Baseline UPS logic. V: 0.925, SOC: 71.1%",0
2026-01-01T23:40:20Z,GRID_PASS,71.1367543019802,0.0,"Baseline UPS logic. V: 0.977, SOC: 71.1%",0
2026-01-01T23:40:25Z,GRID_PASS,71.1568484950064,0.0,"Baseline UPS logic. V: 0.954, SOC: 71.1%",0
2026-01-01T23:40:30Z,GRID_PASS,71.17746880668093,0.0,"Baseline UPS logic. V: 0.982, SOC: 71.2%",0
2026-01-01T23:40:35Z,GRID_PASS,71.19947280468195,0.0,"Baseline UPS logic. V: 0.951, SOC: 71.2%",0
2026-01-01T23:40:40Z,ISLAND,71.21926447134861,0.0,"Baseline UPS logic. V: 0.862, SOC: 71.2%",0
2026-01-01T23:40:45Z,GRID_PASS,71.24004540761352,0.0,"Baseline UPS logic. V: 0.995, SOC: 71.2%",0
2026-01-01T23:40:50Z,GRID_PASS,71.26010110638978,0.0,"Baseline UPS logic. V: 0.941, SOC: 71.2%",0
2026-01-01T23:40:55Z,GRID_PASS,71.28024046989376,0.0,"Baseline UPS logic. V: 0.984, SOC: 71.3%",0
2026-01-01T23:41:00Z,GRID_PASS,71.30156164719604,0.0,"Baseline UPS logic. V: 0.980, SOC: 71.3%",0
2026-01-01T23:41:05Z,ISLAND,71.32135331386272,0.0,"Baseline UPS logic. V: 0.907, SOC: 71.3%",0
2026-01-01T23:41:10Z,ISLAND,71.34114498052938,0.0,"Baseline UPS logic. V: 0.900, SOC: 71.3%",0
2026-01-01T23:41:15Z,GRID_PASS,71.36209466066903,0.0,"Baseline UPS logic. V: 0.978, SOC: 71.3%",0
2026-01-01T23:41:20Z,ISLAND,71.38188632733569,0.0,"Baseline UPS logic. V: 0.930, SOC: 71.4%",0
2026-01-01T23:41:25Z,GRID_PASS,71.402735642833,0.0,"Baseline UPS logic. V: 0.992, SOC: 71.4%",0
2026-01-01T23:41:30Z,ISLAND,71.42252730949966,0.0,"Baseline UPS logic. V: 0.936, SOC: 71.4%",0
2026-01-01T23:41:35Z,GRID_PASS,71.44288484183458,0.0,"Baseline UPS logic. V: 0.996, SOC: 71.4%",0
2026-01-01T23:41:40Z,GRID_PASS,71.46335431846323,0.0,"Baseline UPS logic. V: 0.966, SOC: 71.4%",0
2026-01-01T23:41:45Z,GRID_PASS,71.4843605072542,0.0,"Baseline UPS logic. V: 0.960, SOC: 71.5%",0
2026-01-01T23:41:50Z,ISLAND,71.50415217392087,0.0,"Baseline UPS logic. V: 0.927, SOC: 71.5%",0
2026-01-01T23:41:55Z,GRID_PASS,71.52385878132924,0.0,"Baseline UPS logic. V: 0.957, SOC: 71.5%",0
2026-01-01T23:42:00Z,GRID_PASS,71.54460330300888,0.0,"Baseline UPS logic. V: 1.005, SOC: 71.5%",0
2026-01-01T23:42:05Z,GRID_PASS,71.56486628084735,0.0,"Baseline UPS logic. V: 0.943, SOC: 71.5%",0
2026-01-01T23:42:10Z,GRID_PASS,71.58552907399121,0.0,"Baseline UPS logic. V: 0.972, SOC: 71.6%",0
2026-01-01T23:42:15Z,GRID_PASS,71.60612799696764,0.0,"Baseline UPS logic. V: 0.948, SOC: 71.6%",0
2026-01-01T23:42:20Z,GRID_PASS,71.62536654371515,0.0,"Baseline UPS logic. V: 0.952, SOC: 71.6%",0
2026-01-01T23:42:25Z,GRID_PASS,71.64506055743539,0.0,"Baseline UPS logic. V: 1.032, SOC: 71.6%",0
2026-01-01T23:42:30Z,GRID_PASS,71.66569640792885,0.0,"Baseline UPS logic. V: 1.006, SOC: 71.6%",0
2026-01-01T23:42:35Z,GRID_PASS,71.68622167537903,0.0,"Baseline UPS logic. V: 0.950, SOC: 71.7%",0
2026-01-01T23:42:40Z,GRID_PASS,71.70748249648946,0.0,"Baseline UPS logic. V: 0.956, SOC: 71.7%",0
2026-01-01T23:42:45Z,ISLAND,71.72727416315612,0.0,"Baseline UPS logic. V: 0.910, SOC: 71.7%",0
2026-01-01T23:42:50Z,ISLAND,71.74706582982279,0.0,"Baseline UPS logic. V: 0.937, SOC: 71.7%",0
2026-01-01T23:42:55Z,GRID_PASS,71.76706007697385,0.0,"Baseline UPS logic. V: 0.961, SOC: 71.7%",0
2026-01-01T23:43:00Z,GRID_PASS,71.78713527974128,0.0,"Baseline UPS logic. V: 0.988, SOC: 71.8%",0
2026-01-01T23:43:05Z,GRID_PASS,71.80870764095329,0.0,"Baseline UPS logic. V: 0.983, SOC: 71.8%",0
2026-01-01T23:43:10Z,ISLAND,71.82849930761995,0.0,"Baseline UPS logic. V: 0.890, SOC: 71.8%",0
2026-01-01T23:43:15Z,GRID_PASS,71.8492672142125,0.0,"Baseline UPS logic. V: 0.995, SOC: 71.8%",0
2026-01-01T23:43:20Z,GRID_PASS,71.87074545522412,0.0,"Baseline UPS logic. V: 0.941, SOC: 71.8%",0
2026-01-01T23:43:25Z,ISLAND,71.8905371218908,0.0,"Baseline UPS logic. V: 0.897, SOC: 71.9%",0
2026-01-01T23:43:30Z,GRID_PASS,71.9099992211587,0.0,"Baseline UPS logic. V: 1.013, SOC: 71.9%",0
2026-01-01T23:43:35Z,GRID_PASS,71.93047925507537,0.0,"Baseline UPS logic. V: 1.019, SOC: 71.9%",0
2026-01-01T23:43:40Z,GRID_PASS,71.95058854063156,0.0,"Baseline UPS logic. V: 0.959, SOC: 71.9%",0
2026-01-01T23:43:45Z,GRID_PASS,71.97064835372642,0.0,"Baseline UPS logic. V: 0.981, SOC: 72.0%",0
2026-01-01T23:43:50Z,GRID_PASS,71.99016931545283,0.0,"Baseline UPS logic. V: 0.984, SOC: 72.0%",0
2026-01-01T23:43:55Z,GRID_PASS,72.01026235942433,0.0,"Baseline UPS logic. V: 1.016, SOC: 72.0%",0
2026-01-01T23:44:00Z,GRID_PASS,72.0319970539032,0.0,"Baseline UPS logic. V: 0.982, SOC: 72.0%",0
2026-01-01T23:44:05Z,ISLAND,72.05178872056986,0.0,"Baseline UPS logic. V: 0.880, SOC: 72.0%",0
2026-01-01T23:44:10Z,GRID_PASS,72.07158998633538,0.0,"Baseline UPS logic. V: 1.047, SOC: 72.1%",0
2026-01-01T23:44:15Z,GRID_PASS,72.09269030841206,0.0,"Baseline UPS logic. V: 0.999, SOC: 72.1%",0
2026-01-01T23:44:20Z,ISLAND,72.11248197507871,0.0,"Baseline UPS logic. V: 0.921, SOC: 72.1%",0
2026-01-01T23:44:25Z,ISLAND,72.13227364174539,0.0,"Baseline UPS logic. V: 0.895, SOC: 72.1%",0
2026-01-01T23:44:30Z,GRID_PASS,72.153189647157,0.0,"Baseline UPS logic. V: 0.971, SOC: 72.1%",0
2026-01-01T23:44:35Z,ISLAND,72.17298131382368,0.0,"Baseline UPS logic. V: 0.932, SOC: 72.2%",0
2026-01-01T23:44:40Z,GRID_PASS,72.193056664102,0.0,"Baseline UPS logic. V: 0.963, SOC: 72.2%",0
2026-01-01T23:44:45Z,GRID_PASS,72.21420201119406,0.0,"Baseline UPS logic. V: 0.983, SOC: 72.2%",0
2026-01-01T23:44:50Z,ISLAND,72.23399367786072,0.0,"Baseline UPS logic. V: 0.918, SOC: 72.2%",0
2026-01-01T23:44:55Z,ISLAND,72.2537853445274,0.0,"Baseline UPS logic. V: 0.890, SOC: 72.2%",0
2026-01-01T23:45:00Z,GRID_PASS,72.2749001346077,0.0,"Baseline UPS logic. V: 0.965, SOC: 72.3%",0
2026-01-01T23:45:05Z,ISLAND,72.29469180127438,0.0,"Baseline UPS logic. V: 0.920, SOC: 72.3%",0
2026-01-01T23:45:10Z,GRID_PASS,72.31643411320235,0.0,"Baseline UPS logic. V: 0.954, SOC: 72.3%",0
2026-01-01T23:45:15Z,ISLAND,72.33622577986901,0.0,"Baseline UPS logic. V: 0.879, SOC: 72.3%",0
2026-01-01T23:45:20Z,ISLAND,72.35601744653567,0.0,"Baseline UPS logic. V: 0.934, SOC: 72.3%",0
2026-01-01T23:45:25Z,GRID_PASS,72.37620373196523,0.0,"Baseline UPS logic. V: 0.982, SOC: 72.4%",0
2026-01-01T23:45:30Z,GRID_PASS,72.39751898426358,0.0,"Baseline UPS logic. V: 0.977, SOC: 72.4%",0
2026-01-01T23:45:35Z,ISLAND,72.41731065093025,0.0,"Baseline UPS logic. V: 0.907, SOC: 72.4%",0
2026-01-01T23:45:40Z,ISLAND,72.43710231759691,0.0,"Baseline UPS logic. V: 0.888, SOC: 72.4%",0
2026-01-01T23:45:45Z,GRID_PASS,72.45732620772614,0.0,"Baseline UPS logic. V: 0.947, SOC: 72.4%",0
2026-01-01T23:45:50Z,GRID_PASS,72.47767998770497,0.0,"Baseline UPS logic. V: 0.974, SOC: 72.5%",0
2026-01-01T23:45:55Z,GRID_PASS,72.4987779670544,0.0,"Baseline UPS logic. V: 0.967, SOC: 72.5%",0
2026-01-01T23:46:00Z,ISLAND,72.51856963372106,0.0,"Baseline UPS logic. V: 0.921, SOC: 72.5%",0
2026-01-01T23:46:05Z,GRID_PASS,72.53798288917788,0.0,"Baseline UPS logic. V: 0.962, SOC: 72.5%",0
2026-01-01T23:46:10Z,GRID_PASS,72.55849734563891,0.0,"Baseline UPS logic. V: 1.022, SOC: 72.5%",0
2026-01-01T23:46:15Z,GRID_PASS,72.58045349506008,0.0,"Baseline UPS logic. V: 0.957, SOC: 72.6%",0
2026-01-01T23:46:20Z,ISLAND,72.60024516172675,0.0,"Baseline UPS logic. V: 0.865, SOC: 72.6%",0
2026-01-01T23:46:25Z,GRID_PASS,72.6191781203194,0.0,"Baseline UPS logic. V: 0.957, SOC: 72.6%",0
2026-01-01T23:46:30Z,GRID_PASS,72.64087374661582,0.0,"Baseline UPS logic. V: 1.049, SOC: 72.6%",0
2026-01-01T23:46:35Z,ISLAND,72.6606654132825,0.0,"Baseline UPS logic. V: 0.882, SOC: 72.6%",0
2026-01-01T23:46:40Z,GRID_PASS,72.6815307751832,0.0,"Baseline UPS logic. V: 0.948, SOC: 72.7%",0
2026-01-01T23:46:45Z,ISLAND,72.70132244184988,0.0,"Baseline UPS logic. V: 0.935, SOC: 72.7%",0
2026-01-01T23:46:50Z,GRID_PASS,72.72184585121995,0.0,"Baseline UPS logic. V: 0.952, SOC: 72.7%",0
2026-01-01T23:46:55Z,GRID_PASS,72.74157371778122,0.0,"Baseline UPS logic. V: 0.956, SOC: 72.7%",0
2026-01-01T23:47:00Z,GRID_PASS,72.76218233722093,0.0,"Baseline UPS logic. V: 1.004, SOC: 72.7%",0
2026-01-01T23:47:05Z,GRID_PASS,72.7817868872054,0.0,"Baseline UPS logic. V: 0.951, SOC: 72.8%",0
2026-01-01T23:47:10Z,GRID_PASS,72.80256013924713,0.0,"Baseline UPS logic. V: 1.011, SOC: 72.8%",0
2026-01-01T23:47:15Z,GRID_PASS,72.82352037102602,0.0,"Baseline UPS logic. V: 0.941, SOC: 72.8%",0
2026-01-01T23:47:20Z,ISLAND,72.84331203769267,0.0,"Baseline UPS logic. V: 0.929, SOC: 72.8%",0
2026-01-01T23:47:25Z,ISLAND,72.86310370435935,0.0,"Baseline UPS logic. V: 0.914, SOC: 72.8%",0
2026-01-01T23:47:30Z,ISLAND,72.88289537102601,0.0,"Baseline UPS logic. V: 0.856, SOC: 72.9%",0
2026-01-01T23:47:35Z,GRID_PASS,72.90181436830032,0.0,"Baseline UPS logic. V: 0.961, SOC: 72.9%",0
2026-01-01T23:47:40Z,GRID_PASS,72.92211484544443,0.0,"Baseline UPS logic. V: 1.050, SOC: 72.9%",0
2026-01-01T23:47:45Z,GRID_PASS,72.94222393732403,0.0,"Baseline UPS logic. V: 0.970, SOC: 72.9%",0
2026-01-01T23:47:50Z,GRID_PASS,72.9632343708852,0.0,"Baseline UPS logic. V: 0.981, SOC: 72.9%",0
2026-01-01T23:47:55Z,ISLAND,72.98302603755188,0.0,"Baseline UPS logic. V: 0.926, SOC: 73.0%",0
2026-01-01T23:48:00Z,ISLAND,73.00281770421854,0.0,"Baseline UPS logic. V: 0.935, SOC: 73.0%",0
2026-01-01T23:48:05Z,GRID_PASS,73.02177248310417,0.0,"Baseline UPS logic. V: 0.996, SOC: 73.0%",0
2026-01-01T23:48:10Z,GRID_PASS,73.04118876561766,0.0,"Baseline UPS logic. V: 1.048, SOC: 73.0%",0
2026-01-01T23:48:15Z,GRID_PASS,73.06119314608812,0.0,"Baseline UPS logic. V: 1.022, SOC: 73.0%",0
2026-01-01T23:48:20Z,GRID_PASS,73.08183783977653,0.0,"Baseline UPS logic. V: 0.988, SOC: 73.1%",0
2026-01-01T23:48:25Z,GRID_PASS,73.10233952769593,0.0,"Baseline UPS logic. V: 0.949, SOC: 73.1%",0
2026-01-01T23:48:30Z,GRID_PASS,73.12361462586472,0.0,"Baseline UPS logic. V: 0.958, SOC: 73.1%",0
2026-01-01T23:48:35Z,ISLAND,73.14340629253138,0.0,"Baseline UPS logic. V: 0.910, SOC: 73.1%",0
2026-01-01T23:48:40Z,ISLAND,73.16319795919806,0.0,"Baseline UPS logic. V: 0.875, SOC: 73.1%",0
2026-01-01T23:48:45Z,ISLAND,73.18298962586472,0.0,"Baseline UPS logic. V: 0.891, SOC: 73.2%",0
2026-01-01T23:48:50Z,GRID_PASS,73.2038989300418,0.0,"Baseline UPS logic. V: 0.950, SOC: 73.2%",0
2026-01-01T23:48:55Z,ISLAND,73.22369059670845,0.0,"Baseline UPS logic. V: 0.933, SOC: 73.2%",0
2026-01-01T23:49:00Z,ISLAND,73.24348226337513,0.0,"Baseline UPS logic. V: 0.874, SOC: 73.2%",0
2026-01-01T23:49:05Z,GRID_PASS,73.26440842973263,0.0,"Baseline UPS logic. V: 0.946, SOC: 73.2%",0
2026-01-01T23:49:10Z,ISLAND,73.2842000963993,0.0,"Baseline UPS logic. V: 0.932, SOC: 73.3%",0
2026-01-01T23:49:15Z,ISLAND,73.30399176306597,0.0,"Baseline UPS logic. V: 0.889, SOC: 73.3%",0
2026-01-01T23:49:20Z,ISLAND,73.32378342973264,0.0,"Baseline UPS logic. V: 0.929, SOC: 73.3%",0
2026-01-01T23:49:25Z,ISLAND,73.3435750963993,0.0,"Baseline UPS logic. V: 0.931, SOC: 73.3%",0
2026-01-01T23:49:30Z,ISLAND,73.36336676306597,0.0,"Baseline UPS logic. V: 0.917, SOC: 73.3%",0
2026-01-01T23:49:35Z,GRID_PASS,73.38551071494608,0.0,"Baseline UPS logic. V: 0.994, SOC: 73.4%",0
2026-01-01T23:49:40Z,ISLAND,73.40530238161274,0.0,"Baseline UPS logic. V: 0.852, SOC: 73.4%",0
2026-01-01T23:49:45Z,ISLAND,73.42509404827942,0.0,"Baseline UPS logic. V: 0.848, SOC: 73.4%",0
2026-01-01T23:49:50Z,GRID_PASS,73.44568451095478,0.0,"Baseline UPS logic. V: 0.948, SOC: 73.4%",0
2026-01-01T23:49:55Z,GRID_PASS,73.46602089773785,0.0,"Baseline UPS logic. V: 0.952, SOC: 73.4%",0
2026-01-01T23:50:00Z,GRID_PASS,73.4871185254692,0.0,"Baseline UPS logic. V: 0.968, SOC: 73.5%",0
2026-01-01T23:50:05Z,ISLAND,73.50691019213586,0.0,"Baseline UPS logic. V: 0.921, SOC: 73.5%",0
2026-01-01T23:50:10Z,ISLAND,73.52670185880254,0.0,"Baseline UPS logic. V: 0.902, SOC: 73.5%",0
2026-01-01T23:50:15Z,GRID_PASS,73.54772211793365,0.0,"Baseline UPS logic. V: 0.947, SOC: 73.5%",0
2026-01-01T23:50:20Z,ISLAND,73.56751378460031,0.0,"Baseline UPS logic. V: 0.926, SOC: 73.5%",0
2026-01-01T23:50:25Z,GRID_PASS,73.58844030339513,0.0,"Baseline UPS logic. V: 1.025, SOC: 73.6%",0
2026-01-01T23:50:30Z,ISLAND,73.6082319700618,0.0,"Baseline UPS logic. V: 0.932, SOC: 73.6%",0
2026-01-01T23:50:35Z,GRID_PASS,73.62675375709665,0.0,"Baseline UPS logic. V: 0.945, SOC: 73.6%",0
2026-01-01T23:50:40Z,GRID_PASS,73.64757619834799,0.0,"Baseline UPS logic. V: 1.072, SOC: 73.6%",0
2026-01-01T23:50:45Z,ISLAND,73.66736786501467,0.0,"Baseline UPS logic. V: 0.938, SOC: 73.6%",0
2026-01-01T23:50:50Z,GRID_PASS,73.6874973479658,0.0,"Baseline UPS logic. V: 0.976, SOC: 73.7%",0
2026-01-01T23:50:55Z,GRID_PASS,73.7075550985881,0.0,"Baseline UPS logic. V: 0.980, SOC: 73.7%",0
2026-01-01T23:51:00Z,GRID_PASS,73.727977740893,0.0,"Baseline UPS logic. V: 0.984, SOC: 73.7%",0
2026-01-01T23:51:05Z,GRID_PASS,73.7484792700439,0.0,"Baseline UPS logic. V: 0.963, SOC: 73.7%",0
2026-01-01T23:51:10Z,GRID_PASS,73.76905755640782,0.0,"Baseline UPS logic. V: 0.958, SOC: 73.7%",0
2026-01-01T23:51:15Z,GRID_PASS,73.79018029000657,0.0,"Baseline UPS logic. V: 0.953, SOC: 73.8%",0
2026-01-01T23:51:20Z,ISLAND,73.80997195667325,0.0,"Baseline UPS logic. V: 0.919, SOC: 73.8%",0
2026-01-01T23:51:25Z,GRID_PASS,73.82889439693597,0.0,"Baseline UPS logic. V: 0.964, SOC: 73.8%",0
2026-01-01T23:51:30Z,GRID_PASS,73.8485379491768,0.0,"Baseline UPS logic. V: 1.049, SOC: 73.8%",0
2026-01-01T23:51:35Z,GRID_PASS,73.86894865660106,0.0,"Baseline UPS logic. V: 1.009, SOC: 73.8%",0
2026-01-01T23:51:40Z,GRID_PASS,73.88889646426206,0.0,"Baseline UPS logic. V: 0.963, SOC: 73.9%",0
2026-01-01T23:51:45Z,GRID_PASS,73.91024935065062,0.0,"Baseline UPS logic. V: 0.991, SOC: 73.9%",0
2026-01-01T23:51:50Z,ISLAND,73.93004101731728,0.0,"Baseline UPS logic. V: 0.905, SOC: 73.9%",0
2026-01-01T23:51:55Z,ISLAND,73.94983268398396,0.0,"Baseline UPS logic. V: 0.935, SOC: 73.9%",0
2026-01-01T23:52:00Z,GRID_PASS,73.9692309640666,0.0,"Baseline UPS logic. V: 0.995, SOC: 73.9%",0
2026-01-01T23:52:05Z,GRID_PASS,73.99050294964445,0.0,"Baseline UPS logic. V: 1.023, SOC: 74.0%",0
2026-01-01T23:52:10Z,ISLAND,74.01029461631113,0.0,"Baseline UPS logic. V: 0.910, SOC: 74.0%",0
2026-01-01T23:52:15Z,ISLAND,74.03008628297779,0.0,"Baseline UPS logic. V: 0.924, SOC: 74.0%",0
2026-01-01T23:52:20Z,GRID_PASS,74.0506635954804,0.0,"Baseline UPS logic. V: 1.057, SOC: 74.0%",0
2026-01-01T23:52:25Z,GRID_PASS,74.0697649218602,0.0,"Baseline UPS logic. V: 0.953, SOC: 74.1%",0
2026-01-01T23:52:30Z,GRID_PASS,74.0902514043554,0.0,"Baseline UPS logic. V: 1.039, SOC: 74.1%",0
2026-01-01T23:52:35Z,GRID_PASS,74.11070547026495,0.0,"Baseline UPS logic. V: 0.959, SOC: 74.1%",0
2026-01-01T23:52:40Z,GRID_PASS,74.13160848895986,0.0,"Baseline UPS logic. V: 0.961, SOC: 74.1%",0
2026-01-01T23:52:45Z,ISLAND,74.15140015562652,0.0,"Baseline UPS logic. V: 0.933, SOC: 74.1%",0
2026-01-01T23:52:50Z,GRID_PASS,74.17091148086662,0.0,"Baseline UPS logic. V: 0.995, SOC: 74.2%",0
2026-01-01T23:52:55Z,GRID_PASS,74.19238891079922,0.0,"Baseline UPS logic. V: 1.016, SOC: 74.2%",0
2026-01-01T23:53:00Z,ISLAND,74.21218057746589,0.0,"Baseline UPS logic. V: 0.897, SOC: 74.2%",0
2026-01-01T23:53:05Z,ISLAND,74.23197224413255,0.0,"Baseline UPS logic. V: 0.931, SOC: 74.2%",0
2026-01-01T23:53:10Z,GRID_PASS,74.25272922024672,0.0,"Baseline UPS logic. V: 0.994, SOC: 74.2%",0
2026-01-01T23:53:15Z,GRID_PASS,74.27377813911487,0.0,"Baseline UPS logic. V: 0.942, SOC: 74.3%",0
2026-01-01T23:53:20Z,ISLAND,74.29356980578153,0.0,"Baseline UPS logic. V: 0.924, SOC: 74.3%",0
2026-01-01T23:53:25Z,GRID_PASS,74.31329682936784,0.0,"Baseline UPS logic. V: 0.999, SOC: 74.3%",0
2026-01-01T23:53:30Z,GRID_PASS,74.33431093720893,0.0,"Baseline UPS logic. V: 1.004, SOC: 74.3%",0
2026-01-01T23:53:35Z,ISLAND,74.35410260387559,0.0,"Baseline UPS logic. V: 0.926, SOC: 74.3%",0
2026-01-01T23:53:40Z,GRID_PASS,74.37570940449952,0.0,"Baseline UPS logic. V: 0.959, SOC: 74.4%",0
2026-01-01T23:53:45Z,ISLAND,74.39550107116618,0.0,"Baseline UPS logic. V: 0.888, SOC: 74.4%",0
2026-01-01T23:53:50Z,ISLAND,74.41529273783286,0.0,"Baseline UPS logic. V: 0.904, SOC: 74.4%",0
2026-01-01T23:53:55Z,GRID_PASS,74.4359188218553,0.0,"Baseline UPS logic. V: 0.955, SOC: 74.4%",0
2026-01-01T23:54:00Z,GRID_PASS,74.45733548909365,0.0,"Baseline UPS logic. V: 0.950, SOC: 74.4%",0
2026-01-01T23:54:05Z,ISLAND,74.47712715576031,0.0,"Baseline UPS logic. V: 0.901, SOC: 74.5%",0
2026-01-01T23:54:10Z,ISLAND,74.49691882242698,0.0,"Baseline UPS logic. V: 0.913, SOC: 74.5%",0
2026-01-01T23:54:15Z,ISLAND,74.51671048909365,0.0,"Baseline UPS logic. V: 0.896, SOC: 74.5%",0
2026-01-01T23:54:20Z,GRID_PASS,74.53888268941945,0.0,"Baseline UPS logic. V: 0.972, SOC: 74.5%",0
2026-01-01T23:54:25Z,ISLAND,74.55867435608612,0.0,"Baseline UPS logic. V: 0.850, SOC: 74.5%",0
2026-01-01T23:54:30Z,ISLAND,74.57846602275279,0.0,"Baseline UPS logic. V: 0.898, SOC: 74.6%",0
2026-01-01T23:54:35Z,ISLAND,74.59825768941946,0.0,"Baseline UPS logic. V: 0.856, SOC: 74.6%",0
2026-01-01T23:54:40Z,GRID_PASS,74.62030823478123,0.0,"Baseline UPS logic. V: 0.970, SOC: 74.6%",0
2026-01-01T23:54:45Z,ISLAND,74.6400999014479,0.0,"Baseline UPS logic. V: 0.859, SOC: 74.6%",0
2026-01-01T23:54:50Z,GRID_PASS,74.65935502007402,0.0,"Baseline UPS logic. V: 0.950, SOC: 74.6%",0
2026-01-01T23:54:55Z,GRID_PASS,74.67858017053477,0.0,"Baseline UPS logic. V: 1.031, SOC: 74.7%",0
2026-01-01T23:55:00Z,GRID_PASS,74.70062927407716,0.0,"Baseline UPS logic. V: 1.033, SOC: 74.7%",0
2026-01-01T23:55:05Z,ISLAND,74.72042094074382,0.0,"Baseline UPS logic. V: 0.859, SOC: 74.7%",0
2026-01-01T23:55:10Z,GRID_PASS,74.74185076831799,0.0,"Baseline UPS logic. V: 0.964, SOC: 74.7%",0
2026-01-01T23:55:15Z,ISLAND,74.76164243498465,0.0,"Baseline UPS logic. V: 0.900, SOC: 74.7%",0
2026-01-01T23:55:20Z,ISLAND,74.78143410165133,0.0,"Baseline UPS logic. V: 0.889, SOC: 74.8%",0
2026-01-01T23:55:25Z,GRID_PASS,74.80104444174911,0.0,"Baseline UPS logic. V: 0.943, SOC: 74.8%",0
2026-01-01T23:55:30Z,GRID_PASS,74.8211912268192,0.0,"Baseline UPS logic. V: 1.011, SOC: 74.8%",0
2026-01-01T23:55:35Z,GRID_PASS,74.84240732035956,0.0,"Baseline UPS logic. V: 0.979, SOC: 74.8%",0
2026-01-01T23:55:40Z,ISLAND,74.86219898702622,0.0,"Baseline UPS logic. V: 0.913, SOC: 74.8%",0
2026-01-01T23:55:45Z,GRID_PASS,74.88456863900149,0.0,"Baseline UPS logic. V: 0.984, SOC: 74.9%",0
2026-01-01T23:55:50Z,ISLAND,74.90436030566815,0.0,"Baseline UPS logic. V: 0.837, SOC: 74.9%",0
2026-01-01T23:55:55Z,ISLAND,74.92415197233481,0.0,"Baseline UPS logic. V: 0.911, SOC: 74.9%",0
2026-01-01T23:56:00Z,ISLAND,74.94394363900147,0.0,"Baseline UPS logic. V: 0.908, SOC: 74.9%",0
2026-01-01T23:56:05Z,GRID_PASS,74.96474745645882,0.0,"Baseline UPS logic. V: 0.953, SOC: 74.9%",0
2026-01-01T23:56:10Z,ISLAND,74.98453912312549,0.0,"Baseline UPS logic. V: 0.939, SOC: 75.0%",0
2026-01-01T23:56:15Z,GRID_PASS,75.00532022637005,0.0,"Baseline UPS logic. V: 0.942, SOC: 75.0%",0
2026-01-01T23:56:20Z,GRID_PASS,75.025941117598,0.0,"Baseline UPS logic. V: 0.941, SOC: 75.0%",0
2026-01-01T23:56:25Z,GRID_PASS,75.04613360613568,0.0,"Baseline UPS logic. V: 0.950, SOC: 75.0%",0
2026-01-01T23:56:30Z,GRID_PASS,75.06665049389511,0.0,"Baseline UPS logic. V: 0.976, SOC: 75.0%",0
2026-01-01T23:56:35Z,GRID_PASS,75.08752000590067,0.0,"Baseline UPS logic. V: 0.957, SOC: 75.1%",0
2026-01-01T23:56:40Z,ISLAND,75.10731167256733,0.0,"Baseline UPS logic. V: 0.935, SOC: 75.1%",0
2026-01-01T23:56:45Z,GRID_PASS,75.12726277100867,0.0,"Baseline UPS logic. V: 0.969, SOC: 75.1%",0
2026-01-01T23:56:50Z,GRID_PASS,75.14834922850613,0.0,"Baseline UPS logic. V: 0.991, SOC: 75.1%",0
2026-01-01T23:56:55Z,ISLAND,75.16814089517278,0.0,"Baseline UPS logic. V: 0.922, SOC: 75.1%",0
2026-01-01T23:57:00Z,GRID_PASS,75.18779993377237,0.0,"Baseline UPS logic. V: 0.946, SOC: 75.2%",0
2026-01-01T23:57:05Z,GRID_PASS,75.20930989080978,0.0,"Baseline UPS logic. V: 1.008, SOC: 75.2%",0
2026-01-01T23:57:10Z,ISLAND,75.22910155747644,0.0,"Baseline UPS logic. V: 0.894, SOC: 75.2%",0
2026-01-01T23:57:15Z,GRID_PASS,75.25079253106492,0.0,"Baseline UPS logic. V: 1.040, SOC: 75.2%",0
2026-01-01T23:57:20Z,ISLAND,75.27058419773158,0.0,"Baseline UPS logic. V: 0.883, SOC: 75.3%",0
2026-01-01T23:57:25Z,ISLAND,75.29037586439824,0.0,"Baseline UPS logic. V: 0.932, SOC: 75.3%",0
2026-01-01T23:57:30Z,ISLAND,75.3101675310649,0.0,"Baseline UPS logic. V: 0.902, SOC: 75.3%",0
2026-01-01T23:57:35Z,GRID_PASS,75.33120816686096,0.0,"Baseline UPS logic. V: 1.059, SOC: 75.3%",0
2026-01-01T23:57:40Z,ISLAND,75.35099983352762,0.0,"Baseline UPS logic. V: 0.924, SOC: 75.3%",0
2026-01-01T23:57:45Z,ISLAND,75.37079150019429,0.0,"Baseline UPS logic. V: 0.925, SOC: 75.4%",0
2026-01-01T23:57:50Z,ISLAND,75.39058316686096,0.0,"Baseline UPS logic. V: 0.931, SOC: 75.4%",0
2026-01-01T23:57:55Z,GRID_PASS,75.41148406237804,0.0,"Baseline UPS logic. V: 0.954, SOC: 75.4%",0
2026-01-01T23:58:00Z,ISLAND,75.4312757290447,0.0,"Baseline UPS logic. V: 0.933, SOC: 75.4%",0
2026-01-01T23:58:05Z,GRID_PASS,75.45453082145126,0.0,"Baseline UPS logic. V: 0.943, SOC: 75.4%",0
2026-01-01T23:58:10Z,ISLAND,75.47432248811792,0.0,"Baseline UPS logic. V: 0.773, SOC: 75.5%",0
2026-01-01T23:58:15Z,GRID_PASS,75.4949389683486,0.0,"Baseline UPS logic. V: 0.953, SOC: 75.5%",0
2026-01-01T23:58:20Z,GRID_PASS,75.51469998149211,0.0,"Baseline UPS logic. V: 0.951, SOC: 75.5%",0
2026-01-01T23:58:25Z,GRID_PASS,75.53422710334449,0.0,"Baseline UPS logic. V: 1.002, SOC: 75.5%",0
2026-01-01T23:58:30Z,GRID_PASS,75.55501062296595,0.0,"Baseline UPS logic. V: 1.015, SOC: 75.5%",0
2026-01-01T23:58:35Z,GRID_PASS,75.57496163151652,0.0,"Baseline UPS logic. V: 0.940, SOC: 75.6%",0
2026-01-01T23:58:40Z,GRID_PASS,75.59646683451139,0.0,"Baseline UPS logic. V: 0.991, SOC: 75.6%",0
2026-01-01T23:58:45Z,ISLAND,75.61625850117805,0.0,"Baseline UPS logic. V: 0.895, SOC: 75.6%",0
2026-01-01T23:58:50Z,GRID_PASS,75.63735007209374,0.0,"Baseline UPS logic. V: 0.988, SOC: 75.6%",0
2026-01-01T23:58:55Z,ISLAND,75.65714173876042,0.0,"Baseline UPS logic. V: 0.921, SOC: 75.6%",0
2026-01-01T23:59:00Z,ISLAND,75.67693340542708,0.0,"Baseline UPS logic. V: 0.891, SOC: 75.7%",0
2026-01-01T23:59:05Z,GRID_PASS,75.6963764946307,0.0,"Baseline UPS logic. V: 0.941, SOC: 75.7%",0
2026-01-01T23:59:10Z,GRID_PASS,75.7168550281775,0.0,"Baseline UPS logic. V: 1.020, SOC: 75.7%",0
2026-01-01T23:59:15Z,GRID_PASS,75.73621398685921,0.0,"Baseline UPS logic. V: 0.959, SOC: 75.7%",0
2026-01-01T23:59:20Z,GRID_PASS,75.75744076184112,0.0,"Baseline UPS logic. V: 1.025, SOC: 75.7%",0
2026-01-01T23:59:25Z,ISLAND,75.77723242850779,0.0,"Baseline UPS logic. V: 0.913, SOC: 75.8%",0
2026-01-01T23:59:30Z,GRID_PASS,75.79838314184688,0.0,"Baseline UPS logic. V: 1.002, SOC: 75.8%",0
2026-01-01T23:59:35Z,ISLAND,75.81817480851353,0.0,"Baseline UPS logic. V: 0.917, SOC: 75.8%",0
2026-01-01T23:59:40Z,GRID_PASS,75.83862391933641,0.0,"Baseline UPS logic. V: 0.961, SOC: 75.8%",0
2026-01-01T23:59:45Z,GRID_PASS,75.8587017942646,0.0,"Baseline UPS logic. V: 0.961, SOC: 75.8%",0
2026-01-01T23:59:50Z,GRID_PASS,75.87912276898614,0.0,"Baseline UPS logic. V: 0.983, SOC: 75.9%",0
2026-01-01T23:59:55Z,GRID_PASS,75.9003420408561,0.0,"Baseline UPS logic. V: 0.963, SOC: 75.9%",0
