time,mode,soc,shadow_esh,thresholds,pre_peak
2026-01-01T12:00:00Z,GRID_PASS,100.0,90.93333333333403,Mode: NORMAL. V_pcc: 1.000,0
2026-01-01T12:00:05Z,GRID_PASS,100.0,90.93333333333403,Mode: NORMAL. V_pcc: 0.964,0
2026-01-01T12:00:10Z,GRID_PASS,100.0,90.93333333333403,Mode: NORMAL. V_pcc: 0.964,0
2026-01-01T12:00:15Z,GRID_PASS,100.0,90.93333333333403,Mode: NORMAL. V_pcc: 0.964,0
2026-01-01T12:00:20Z,GRID_PASS,100.0,90.93333333333403,Mode: NORMAL. V_pcc: 0.964,0
2026-01-01T12:00:25Z,GRID_PASS,100.0,90.93333333333403,Mode: NORMAL. V_pcc: 0.964,0
2026-01-01T12:00:30Z,GRID_PASS,100.0,90.93333333333403,Mode: NORMAL. V_pcc: 0.964,0
2026-01-01T12:00:35Z,GRID_PASS,100.0,90.93333333333403,Mode: NORMAL. V_pcc: 0.964,0
2026-01-01T12:00:40Z,GRID_PASS,100.0,90.93333333333403,Mode: NORMAL. V_pcc: 0.964,0
2026-01-01T12:00:45Z,GRID_PASS,100.0,90.93333333333403,Mode: NORMAL. V_pcc: 0.964,0
2026-01-01T12:00:50Z,GRID_PASS,100.0,90.93333333333403,Mode: NORMAL. V_pcc: 0.964,0
2026-01-01T12:00:55Z,GRID_PASS,100.0,90.93333333333403,Mode: NORMAL. V_pcc: 0.964,0
2026-01-01T12:01:00Z,GRID_PASS,100.0,90.93333333333403,Mode: NORMAL. V_pcc: 0.964,0
2026-01-01T12:01:05Z,GRID_PASS,100.0,90.93333333333403,Mode: NORMAL. V_pcc: 0.964,0
2026-01-01T12:01:10Z,GRID_PASS,100.0,90.93333333333403,Mode: NORMAL. V_pcc: 0.964,0
2026-01-01T12:01:15Z,GRID_PASS,100.0,90.93333333333403,Mode: NORMAL. V_pcc: 0.964,0
2026-01-01T12:01:20Z,GRID_PASS,100.0,90.93333333333403,Mode: NORMAL. V_pcc: 0.964,0
2026-01-01T12:01:25Z,GRID_PASS,100.0,90.93333333333403,Mode: NORMAL. V_pcc: 0.964,0
2026-01-01T12:01:30Z,GRID_PASS,100.0,90.93333333333403,Mode: NORMAL. V_pcc: 0.964,0
2026-01-01T12:01:35Z,GRID_PASS,100.0,90.93333333333403,Mode: NORMAL. V_pcc: 0.964,0
2026-01-01T12:01:40Z,GRID_PASS,100.0,90.93333333333403,Mode: NORMAL. V_pcc: 0.964,0
2026-01-01T12:01:45Z,GRID_PASS,100.0,90.93333333333403,Mode: NORMAL. V_pcc: 0.964,0
2026-01-01T12:01:50Z,GRID_PASS,100.0,90.93333333333403,Mode: NORMAL. V_pcc: 0.964,0
2026-01-01T12:01:55Z,GRID_PASS,100.0,90.93333333333403,Mode: NORMAL. V_pcc: 0.964,0
2026-01-01T12:02:00Z,GRID_PASS,100.0,90.93333333333403,Mode: NORMAL. V_pcc: 0.964,0
2026-01-01T12:02:05Z,GRID_PASS,100.0,90.93333333333403,Mode: NORMAL. V_pcc: 0.964,0
2026-01-01T12:02:10Z,GRID_PASS,100.0,90.93333333333403,Mode: NORMAL. V_pcc: 0.964,0
2026-01-01T12:02:15Z,GRID_PASS,100.0,90.93333333333403,Mode: NORMAL. V_pcc: 0.964,0
2026-01-01T12:02:20Z,GRID_PASS,100.0,90.93333333333403,Mode: NORMAL. V_pcc: 0.964,0
2026-01-01T12:02:25Z,GRID_PASS,100.0,90.93333333333403,Mode: NORMAL. V_pcc: 0.964,0
2026-01-01T12:02:30Z,GRID_PASS,100.0,90.93333333333403,Mode: NORMAL. V_pcc: 0.964,0
2026-01-01T12:02:35Z,GRID_PASS,100.0,90.93333333333403,Mode: NORMAL. V_pcc: 0.964,0
2026-01-01T12:02:40Z,GRID_PASS,100.0,90.93333333333403,Mode: NORMAL. V_pcc: 0.964,0
2026-01-01T12:02:45Z,GRID_PASS,100.0,90.93333333333403,Mode: NORMAL. V_pcc: 0.964,0
2026-01-01T12:02:50Z,GRID_PASS,100.0,90.93333333333403,Mode: NORMAL. V_pcc: 0.964,0
2026-01-01T12:02:55Z,GRID_PASS,100.0,90.93333333333403,Mode: NORMAL. V_pcc: 0.964,0
2026-01-01T12:03:00Z,GRID_PASS,100.0,90.93333333333403,Mode: NORMAL. V_pcc: 0.964,0
2026-01-01T12:03:05Z,GRID_PASS,100.0,90.93333333333403,Mode: NORMAL. V_pcc: 0.964,0
2026-01-01T12:03:10Z,GRID_PASS,100.0,90.93333333333403,Mode: NORMAL. V_pcc: 0.964,0
2026-01-01T12:03:15Z,GRID_PASS,100.0,90.93333333333403,Mode: NORMAL. V_pcc: 0.964,0
2026-01-01T12:03:20Z,GRID_PASS,100.0,90.93333333333403,Mode: NORMAL. V_pcc: 0.964,0
2026-01-01T12:03:25Z,GRID_PASS,100.0,90.93333333333403,Mode: NORMAL. V_pcc: 0.964,0
2026-01-01T12:03:30Z,GRID_PASS,100.0,90.93333333333403,Mode: NORMAL. V_pcc: 0.964,0
2026-01-01T12:03:35Z,GRID_PASS,100.0,90.93333333333403,Mode: NORMAL. V_pcc: 0.964,0
2026-01-01T12:03:40Z,GRID_PASS,100.0,90.93333333333403,Mode: NORMAL. V_pcc: 0.964,0
2026-01-01T12:03:45Z,GRID_PASS,100.0,90.93333333333403,Mode: NORMAL. V_pcc: 0.964,0
2026-01-01T12:03:50Z,GRID_PASS,100.0,90.93333333333403,Mode: NORMAL. V_pcc: 0.964,0
2026-01-01T12:03:55Z,GRID_PASS,100.0,90.93333333333403,Mode: NORMAL. V_pcc: 0.964,0
2026-01-01T12:04:00Z,GRID_PASS,100.0,90.93333333333403,Mode: NORMAL. V_pcc: 0.964,0
2026-01-01T12:04:05Z,GRID_PASS,100.0,90.93333333333403,Mode: NORMAL. V_pcc: 0.964,0
2026-01-01T12:04:10Z,GRID_PASS,100.0,90.93333333333403,Mode: NORMAL. V_pcc: 0.964,0
2026-01-01T12:04:15Z,GRID_PASS,100.0,90.93333333333403,Mode: NORMAL. V_pcc: 0.964,0
2026-01-01T12:04:20Z,GRID_PASS,100.0,90.93333333333403,Mode: NORMAL. V_pcc: 0.964,0
2026-01-01T12:04:25Z,GRID_PASS,100.0,90.93333333333403,Mode: NORMAL. V_pcc: 0.964,0
2026-01-01T12:04:30Z,GRID_PASS,100.0,90.93333333333403,Mode: NORMAL. V_pcc: 0.964,0
2026-01-01T12:04:35Z,GRID_PASS,100.0,90.93333333333403,Mode: NORMAL. V_pcc: 0.964,0
2026-01-01T12:04:40Z,GRID_PASS,100.0,90.93333333333403,Mode: NORMAL. V_pcc: 0.964,0
2026-01-01T12:04:45Z,GRID_PASS,100.0,90.93333333333403,Mode: NORMAL. V_pcc: 0.964,0
2026-01-01T12:04:50Z,GRID_PASS,100.0,90.93333333333403,Mode: NORMAL. V_pcc: 0.964,0
2026-01-01T12:04:55Z,GRID_PASS,100.0,90.93333333333403,Mode: NORMAL. V_pcc: 0.964,0
2026-01-01T12:05:00Z,GRID_PASS,100.0,90.93333333333403,Mode: NORMAL. V_pcc: 0.964,0
2026-01-01T12:05:05Z,GRID_PASS,100.0,90.93333333333403,Mode: NORMAL. V_pcc: 0.964,0
2026-01-01T12:05:10Z,GRID_PASS,100.0,90.93333333333403,Mode: NORMAL. V_pcc: 0.964,0
2026-01-01T12:05:15Z,GRID_PASS,100.0,90.93333333333403,Mode: NORMAL. V_pcc: 0.964,0
2026-01-01T12:05:20Z,GRID_PASS,100.0,90.93333333333403,Mode: NORMAL. V_pcc: 0.964,0
2026-01-01T12:05:25Z,GRID_PASS,100.0,90.93333333333403,Mode: NORMAL. V_pcc: 0.964,0
2026-01-01T12:05:30Z,GRID_PASS,100.0,90.93333333333403,Mode: NORMAL. V_pcc: 0.964,0
2026-01-01T12:05:35Z,GRID_PASS,100.0,90.93333333333403,Mode: NORMAL. V_pcc: 0.964,0
2026-01-01T12:05:40Z,GRID_PASS,100.0,90.93333333333403,Mode: NORMAL. V_pcc: 0.964,0
2026-01-01T12:05:45Z,GRID_PASS,100.0,90.93333333333403,Mode: NORMAL. V_pcc: 0.964,0
2026-01-01T12:05:50Z,GRID_PASS,100.0,90.93333333333403,Mode: NORMAL. V_pcc: 0.964,0
2026-01-01T12:05:55Z,GRID_PASS,100.0,90.93333333333403,Mode: NORMAL. V_pcc: 0.964,0
2026-01-01T12:06:00Z,GRID_PASS,100.0,90.93333333333403,Mode: NORMAL. V_pcc: 0.964,0
2026-01-01T12:06:05Z,GRID_PASS,100.0,90.93333333333403,Mode: NORMAL. V_pcc: 0.964,0
2026-01-01T12:06:10Z,GRID_PASS,100.0,90.93333333333403,Mode: NORMAL. V_pcc: 0.964,0
2026-01-01T12:06:15Z,GRID_PASS,100.0,90.93333333333403,Mode: NORMAL. V_pcc: 0.964,0
2026-01-01T12:06:20Z,GRID_PASS,100.0,90.93333333333403,Mode: NORMAL. V_pcc: 0.964,0
2026-01-01T12:06:25Z,GRID_PASS,100.0,90.93333333333403,Mode: NORMAL. V_pcc: 0.964,0
2026-01-01T12:06:30Z,GRID_PASS,100.0,90.93333333333403,Mode: NORMAL. V_pcc: 0.964,0
2026-01-01T12:06:35Z,GRID_PASS,100.0,90.93333333333403,Mode: NORMAL. V_pcc: 0.964,0
2026-01-01T12:06:40Z,GRID_PASS,100.0,90.93333333333403,Mode: NORMAL. V_pcc: 0.964,0
2026-01-01T12:06:45Z,GRID_PASS,100.0,90.93333333333403,Mode: NORMAL. V_pcc: 0.964,0
2026-01-01T12:06:50Z,GRID_PASS,100.0,90.93333333333403,Mode: NORMAL. V_pcc: 0.964,0
2026-01-01T12:06:55Z,GRID_PASS,100.0,90.93333333333403,Mode: NORMAL. V_pcc: 0.964,0
2026-01-01T12:07:00Z,GRID_PASS,100.0,90.93333333333403,Mode: NORMAL. V_pcc: 0.964,0
2026-01-01T12:07:05Z,GRID_PASS,100.0,90.93333333333403,Mode: NORMAL. V_pcc: 0.964,0
2026-01-01T12:07:10Z,GRID_PASS,100.0,90.93333333333403,Mode: NORMAL. V_pcc: 0.964,0
2026-01-01T12:07:15Z,GRID_PASS,100.0,90.93333333333403,Mode: NORMAL. V_pcc: 0.964,0
2026-01-01T12:07:20Z,GRID_PASS,100.0,90.93333333333403,Mode: NORMAL. V_pcc: 0.964,0
2026-01-01T12:07:25Z,GRID_PASS,100.0,90.93333333333403,Mode: NORMAL. V_pcc: 0.964,0
2026-01-01T12:07:30Z,GRID_PASS,100.0,90.93333333333403,Mode: NORMAL. V_pcc: 0.964,0
2026-01-01T12:07:35Z,GRID_PASS,100.0,90.93333333333403,Mode: NORMAL. V_pcc: 0.964,0
2026-01-01T12:07:40Z,GRID_PASS,100.0,90.93333333333403,Mode: NORMAL. V_pcc: 0.964,0
2026-01-01T12:07:45Z,GRID_PASS,100.0,90.93333333333403,Mode: NORMAL. V_pcc: 0.964,0
2026-01-01T12:07:50Z,GRID_PASS,100.0,90.93333333333403,Mode: NORMAL. V_pcc: 0.964,0
2026-01-01T12:07:55Z,GRID_PASS,100.0,90.93333333333403,Mode: NORMAL. V_pcc: 0.964,0
2026-01-01T12:08:00Z,GRID_PASS,100.0,90.93333333333403,Mode: NORMAL. V_pcc: 0.964,0
2026-01-01T12:08:05Z,GRID_PASS,100.0,90.93333333333403,Mode: NORMAL. V_pcc: 0.964,0
2026-01-01T12:08:10Z,GRID_PASS,100.0,90.93333333333403,Mode: NORMAL. V_pcc: 0.964,0
2026-01-01T12:08:15Z,GRID_PASS,100.0,90.93333333333403,Mode: NORMAL. V_pcc: 0.964,0
2026-01-01T12:08:20Z,GRID_PASS,100.0,90.93333333333403,Mode: NORMAL. V_pcc: 0.964,0
2026-01-01T12:08:25Z,GRID_PASS,100.0,90.93333333333403,Mode: NORMAL. V_pcc: 0.964,0
2026-01-01T12:08:30Z,GRID_PASS,100.0,90.93333333333403,Mode: NORMAL. V_pcc: 0.964,0
2026-01-01T12:08:35Z,GRID_PASS,100.0,90.93333333333403,Mode: NORMAL. V_pcc: 0.964,0
2026-01-01T12:08:40Z,GRID_PASS,100.0,90.93333333333403,Mode: NORMAL. V_pcc: 0.964,0
2026-01-01T12:08:45Z,GRID_PASS,100.0,90.93333333333403,Mode: NORMAL. V_pcc: 0.964,0
2026-01-01T12:08:50Z,GRID_PASS,100.0,90.93333333333403,Mode: NORMAL. V_pcc: 0.964,0
2026-01-01T12:08:55Z,GRID_PASS,100.0,90.93333333333403,Mode: NORMAL. V_pcc: 0.964,0
2026-01-01T12:09:00Z,GRID_PASS,100.0,90.93333333333403,Mode: NORMAL. V_pcc: 0.964,0
2026-01-01T12:09:05Z,GRID_PASS,100.0,90.93333333333403,Mode: NORMAL. V_pcc: 0.964,0
2026-01-01T12:09:10Z,GRID_PASS,100.0,90.93333333333403,Mode: NORMAL. V_pcc: 0.964,0
2026-01-01T12:09:15Z,GRID_PASS,100.0,90.93333333333403,Mode: NORMAL. V_pcc: 0.964,0
2026-01-01T12:09:20Z,GRID_PASS,100.0,90.93333333333403,Mode: NORMAL. V_pcc: 0.964,0
2026-01-01T12:09:25Z,GRID_PASS,100.0,90.93333333333403,Mode: NORMAL. V_pcc: 0.964,0
2026-01-01T12:09:30Z,GRID_PASS,100.0,90.93333333333403,Mode: NORMAL. V_pcc: 0.964,0
2026-01-01T12:09:35Z,GRID_PASS,100.0,90.93333333333403,Mode: NORMAL. V_pcc: 0.964,0
2026-01-01T12:09:40Z,GRID_PASS,100.0,90.93333333333403,Mode: NORMAL. V_pcc: 0.964,0
2026-01-01T12:09:45Z,GRID_PASS,100.0,90.93333333333403,Mode: NORMAL. V_pcc: 0.964,0
2026-01-01T12:09:50Z,GRID_PASS,100.0,90.93333333333403,Mode: NORMAL. V_pcc: 0.964,0
2026-01-01T12:09:55Z,GRID_PASS,100.0,90.93333333333403,Mode: NORMAL. V_pcc: 0.964,0
2026-01-01T12:10:00Z,GRID_PASS,100.0,90.93333333333403,Mode: NORMAL. V_pcc: 0.964,0
2026-01-01T12:10:05Z,GRID_PASS,100.0,90.93333333333403,Mode: NORMAL. V_pcc: 0.964,0
2026-01-01T12:10:10Z,GRID_PASS,100.0,90.93333333333403,Mode: NORMAL. V_pcc: 0.964,0
2026-01-01T12:10:15Z,GRID_PASS,100.0,90.93333333333403,Mode: NORMAL. V_pcc: 0.964,0
2026-01-01T12:10:20Z,GRID_PASS,100.0,90.93333333333403,Mode: NORMAL. V_pcc: 0.964,0
2026-01-01T12:10:25Z,GRID_PASS,100.0,90.93333333333403,Mode: NORMAL. V_pcc: 0.964,0
2026-01-01T12:10:30Z,GRID_PASS,100.0,90.93333333333403,Mode: NORMAL. V_pcc: 0.964,0
2026-01-01T12:10:35Z,GRID_PASS,100.0,90.93333333333403,Mode: NORMAL. V_pcc: 0.964,0
2026-01-01T12:10:40Z,GRID_PASS,100.0,90.93333333333403,Mode: NORMAL. V_pcc: 0.964,0
2026-01-01T12:10:45Z,GRID_PASS,100.0,90.93333333333403,Mode: NORMAL. V_pcc: 0.964,0
2026-01-01T12:10:50Z,GRID_PASS,100.0,90.93333333333403,Mode: NORMAL. V_pcc: 0.964,0
2026-01-01T12:10:55Z,GRID_PASS,100.0,90.93333333333403,Mode: NORMAL. V_pcc: 0.964,0
2026-01-01T12:11:00Z,GRID_PASS,100.0,90.93333333333403,Mode: NORMAL. V_pcc: 0.964,0
2026-01-01T12:11:05Z,GRID_PASS,100.0,90.93333333333403,Mode: NORMAL. V_pcc: 0.964,0
2026-01-01T12:11:10Z,GRID_PASS,100.0,90.93333333333403,Mode: NORMAL. V_pcc: 0.964,0
2026-01-01T12:11:15Z,GRID_PASS,100.0,90.93333333333403,Mode: NORMAL. V_pcc: 0.964,0
2026-01-01T12:11:20Z,GRID_PASS,100.0,90.93333333333403,Mode: NORMAL. V_pcc: 0.964,0
2026-01-01T12:11:25Z,GRID_PASS,100.0,90.93333333333403,Mode: NORMAL. V_pcc: 0.964,0
2026-01-01T12:11:30Z,GRID_PASS,100.0,90.93333333333403,Mode: NORMAL. V_pcc: 0.964,0
2026-01-01T12:11:35Z,GRID_PASS,100.0,90.93333333333403,Mode: NORMAL. V_pcc: 0.964,0
2026-01-01T12:11:40Z,GRID_PASS,100.0,90.93333333333403,Mode: NORMAL. V_pcc: 0.964,0
2026-01-01T12:11:45Z,GRID_PASS,100.0,90.93333333333403,Mode: NORMAL. V_pcc: 0.964,0
2026-01-01T12:11:50Z,GRID_PASS,100.0,90.93333333333403,Mode: NORMAL. V_pcc: 0.964,0
2026-01-01T12:11:55Z,GRID_PASS,100.0,90.93333333333403,Mode: NORMAL. V_pcc: 0.964,0
2026-01-01T12:12:00Z,GRID_PASS,100.0,90.93333333333403,Mode: NORMAL. V_pcc: 0.964,0
2026-01-01T12:12:05Z,GRID_PASS,100.0,90.93333333333403,Mode: NORMAL. V_pcc: 0.964,0
2026-01-01T12:12:10Z,GRID_PASS,100.0,90.93333333333403,Mode: NORMAL. V_pcc: 0.964,0
2026-01-01T12:12:15Z,GRID_PASS,100.0,90.93333333333403,Mode: NORMAL. V_pcc: 0.964,0
2026-01-01T12:12:20Z,GRID_PASS,100.0,90.93333333333403,Mode: NORMAL. V_pcc: 0.964,0
2026-01-01T12:12:25Z,GRID_PASS,100.0,90.93333333333403,Mode: NORMAL. V_pcc: 0.964,0
2026-01-01T12:12:30Z,GRID_PASS,100.0,90.93333333333403,Mode: NORMAL. V_pcc: 0.964,0
2026-01-01T12:12:35Z,GRID_PASS,100.0,90.93333333333403,Mode: NORMAL. V_pcc: 0.964,0
2026-01-01T12:12:40Z,GRID_PASS,100.0,90.93333333333403,Mode: NORMAL. V_pcc: 0.964,0
2026-01-01T12:12:45Z,GRID_PASS,100.0,90.93333333333403,Mode: NORMAL. V_pcc: 0.964,0
2026-01-01T12:12:50Z,GRID_PASS,100.0,90.93333333333403,Mode: NORMAL. V_pcc: 0.964,0
2026-01-01T12:12:55Z,GRID_PASS,100.0,90.93333333333403,Mode: NORMAL. V_pcc: 0.964,0
2026-01-01T12:13:00Z,GRID_PASS,100.0,90.93333333333403,Mode: NORMAL. V_pcc: 0.964,0
2026-01-01T12:13:05Z,GRID_PASS,100.0,90.93333333333403,Mode: NORMAL. V_pcc: 0.964,0
2026-01-01T12:13:10Z,GRID_PASS,100.0,90.93333333333403,Mode: NORMAL. V_pcc: 0.964,0
2026-01-01T12:13:15Z,GRID_PASS,100.0,90.93333333333403,Mode: NORMAL. V_pcc: 0.964,0
2026-01-01T12:13:20Z,GRID_PASS,100.0,90.93333333333403,Mode: NORMAL. V_pcc: 0.964,0
2026-01-01T12:13:25Z,GRID_PASS,100.0,90.93333333333403,Mode: NORMAL. V_pcc: 0.964,0
2026-01-01T12:13:30Z,GRID_PASS,100.0,90.93333333333403,Mode: NORMAL. V_pcc: 0.964,0
2026-01-01T12:13:35Z,GRID_PASS,100.0,90.93333333333403,Mode: NORMAL. V_pcc: 0.964,0
2026-01-01T12:13:40Z,GRID_PASS,100.0,90.93333333333403,Mode: NORMAL. V_pcc: 0.964,0
2026-01-01T12:13:45Z,GRID_PASS,100.0,90.93333333333403,Mode: NORMAL. V_pcc: 0.964,0
2026-01-01T12:13:50Z,GRID_PASS,100.0,90.93333333333403,Mode: NORMAL. V_pcc: 0.964,0
2026-01-01T12:13:55Z,GRID_PASS,100.0,90.93333333333403,Mode: NORMAL. V_pcc: 0.964,0
2026-01-01T12:14:00Z,GRID_PASS,100.0,90.93333333333403,Mode: NORMAL. V_pcc: 0.964,0
2026-01-01T12:14:05Z,GRID_PASS,100.0,90.93333333333403,Mode: NORMAL. V_pcc: 0.964,0
2026-01-01T12:14:10Z,GRID_PASS,100.0,90.93333333333403,Mode: NORMAL. V_pcc: 0.964,0
2026-01-01T12:14:15Z,GRID_PASS,100.0,90.93333333333403,Mode: NORMAL. V_pcc: 0.964,0
2026-01-01T12:14:20Z,GRID_PASS,100.0,90.93333333333403,Mode: NORMAL. V_pcc: 0.964,0
2026-01-01T12:14:25Z,GRID_PASS,100.0,90.93333333333403,Mode: NORMAL. V_pcc: 0.964,0
2026-01-01T12:14:30Z,GRID_PASS,100.0,90.93333333333403,Mode: NORMAL. V_pcc: 0.964,0
2026-01-01T12:14:35Z,GRID_PASS,100.0,90.93333333333403,Mode: NORMAL. V_pcc: 0.964,0
2026-01-01T12:14:40Z,GRID_PASS,100.0,90.93333333333403,Mode: NORMAL. V_pcc: 0.964,0
2026-01-01T12:14:45Z,GRID_PASS,100.0,90.93333333333403,Mode: NORMAL. V_pcc: 0.964,0
2026-01-01T12:14:50Z,GRID_PASS,100.0,90.93333333333403,Mode: NORMAL. V_pcc: 0.964,0
2026-01-01T12:14:55Z,GRID_PASS,100.0,90.93333333333403,Mode: NORMAL. V_pcc: 0.964,0
2026-01-01T12:15:00Z,GRID_PASS,100.0,90.93333333333403,Mode: NORMAL. V_pcc: 0.964,0
2026-01-01T12:15:05Z,GRID_PASS,100.0,90.93333333333403,Mode: NORMAL. V_pcc: 0.964,0
2026-01-01T12:15:10Z,GRID_PASS,100.0,90.93333333333403,Mode: NORMAL. V_pcc: 0.964,0
2026-01-01T12:15:15Z,GRID_PASS,100.0,90.93333333333403,Mode: NORMAL. V_pcc: 0.964,0
2026-01-01T12:15:20Z,GRID_PASS,100.0,90.93333333333403,Mode: NORMAL. V_pcc: 0.964,0
2026-01-01T12:15:25Z,GRID_PASS,100.0,90.93333333333403,Mode: NORMAL. V_pcc: 0.964,0
2026-01-01T12:15:30Z,GRID_PASS,100.0,90.93333333333403,Mode: NORMAL. V_pcc: 0.964,0
2026-01-01T12:15:35Z,GRID_PASS,100.0,90.93333333333403,Mode: NORMAL. V_pcc: 0.964,0
2026-01-01T12:15:40Z,GRID_PASS,100.0,90.93333333333403,Mode: NORMAL. V_pcc: 0.964,0
2026-01-01T12:15:45Z,GRID_PASS,100.0,90.93333333333403,Mode: NORMAL. V_pcc: 0.964,0
2026-01-01T12:15:50Z,GRID_PASS,100.0,90.93333333333403,Mode: NORMAL. V_pcc: 0.964,0
2026-01-01T12:15:55Z,GRID_PASS,100.0,90.93333333333403,Mode: NORMAL. V_pcc: 0.964,0
2026-01-01T12:16:00Z,GRID_PASS,100.0,90.93333333333403,Mode: NORMAL. V_pcc: 0.964,0
2026-01-01T12:16:05Z,GRID_PASS,100.0,90.93333333333403,Mode: NORMAL. V_pcc: 0.964,0
2026-01-01T12:16:10Z,GRID_PASS,100.0,90.93333333333403,Mode: NORMAL. V_pcc: 0.964,0
2026-01-01T12:16:15Z,GRID_PASS,100.0,90.93333333333403,Mode: NORMAL. V_pcc: 0.964,0
2026-01-01T12:16:20Z,GRID_PASS,100.0,90.93333333333403,Mode: NORMAL. V_pcc: 0.964,0
2026-01-01T12:16:25Z,GRID_PASS,100.0,90.93333333333403,Mode: NORMAL. V_pcc: 0.964,0
2026-01-01T12:16:30Z,GRID_PASS,100.0,90.93333333333403,Mode: NORMAL. V_pcc: 0.964,0
2026-01-01T12:16:35Z,GRID_PASS,100.0,90.93333333333403,Mode: NORMAL. V_pcc: 0.964,0
2026-01-01T12:16:40Z,GRID_PASS,100.0,90.93333333333403,Mode: NORMAL. V_pcc: 0.964,0
2026-01-01T12:16:45Z,GRID_PASS,100.0,90.93333333333403,Mode: NORMAL. V_pcc: 0.964,0
2026-01-01T12:16:50Z,GRID_PASS,100.0,90.93333333333403,Mode: NORMAL. V_pcc: 0.964,0
2026-01-01T12:16:55Z,GRID_PASS,100.0,90.93333333333403,Mode: NORMAL. V_pcc: 0.964,0
2026-01-01T12:17:00Z,GRID_PASS,100.0,90.93333333333403,Mode: NORMAL. V_pcc: 0.964,0
2026-01-01T12:17:05Z,GRID_PASS,100.0,90.93333333333403,Mode: NORMAL. V_pcc: 0.964,0
2026-01-01T12:17:10Z,GRID_PASS,100.0,90.93333333333403,Mode: NORMAL. V_pcc: 0.964,0
2026-01-01T12:17:15Z,GRID_PASS,100.0,90.93333333333403,Mode: NORMAL. V_pcc: 0.964,0
2026-01-01T12:17:20Z,GRID_PASS,100.0,90.93333333333403,Mode: NORMAL. V_pcc: 0.964,0
2026-01-01T12:17:25Z,GRID_PASS,100.0,90.93333333333403,Mode: NORMAL. V_pcc: 0.964,0
2026-01-01T12:17:30Z,GRID_PASS,100.0,90.93333333333403,Mode: NORMAL. V_pcc: 0.964,0
2026-01-01T12:17:35Z,GRID_PASS,100.0,90.93333333333403,Mode: NORMAL. V_pcc: 0.964,0
2026-01-01T12:17:40Z,GRID_PASS,100.0,90.93333333333403,Mode: NORMAL. V_pcc: 0.964,0
2026-01-01T12:17:45Z,GRID_PASS,100.0,90.93333333333403,Mode: NORMAL. V_pcc: 0.964,0
2026-01-01T12:17:50Z,GRID_PASS,100.0,90.93333333333403,Mode: NORMAL. V_pcc: 0.964,0
2026-01-01T12:17:55Z,GRID_PASS,100.0,90.93333333333403,Mode: NORMAL. V_pcc: 0.964,0
2026-01-01T12:18:00Z,GRID_PASS,100.0,90.93333333333403,Mode: NORMAL. V_pcc: 0.964,0
2026-01-01T12:18:05Z,GRID_PASS,100.0,90.93333333333403,Mode: NORMAL. V_pcc: 0.964,0
2026-01-01T12:18:10Z,GRID_PASS,100.0,90.93333333333403,Mode: NORMAL. V_pcc: 0.964,0
2026-01-01T12:18:15Z,GRID_PASS,100.0,90.93333333333403,Mode: NORMAL. V_pcc: 0.964,0
2026-01-01T12:18:20Z,GRID_PASS,100.0,90.93333333333403,Mode: NORMAL. V_pcc: 0.964,0
2026-01-01T12:18:25Z,GRID_PASS,100.0,90.93333333333403,Mode: NORMAL. V_pcc: 0.964,0
2026-01-01T12:18:30Z,GRID_PASS,100.0,90.93333333333403,Mode: NORMAL. V_pcc: 0.964,0
2026-01-01T12:18:35Z,GRID_PASS,100.0,90.93333333333403,Mode: NORMAL. V_pcc: 0.964,0
2026-01-01T12:18:40Z,GRID_PASS,100.0,90.93333333333403,Mode: NORMAL. V_pcc: 0.964,0
2026-01-01T12:18:45Z,GRID_PASS,100.0,90.93333333333403,Mode: NORMAL. V_pcc: 0.964,0
2026-01-01T12:18:50Z,GRID_PASS,100.0,90.93333333333403,Mode: NORMAL. V_pcc: 0.964,0
2026-01-01T12:18:55Z,GRID_PASS,100.0,90.93333333333403,Mode: NORMAL. V_pcc: 0.964,0
2026-01-01T12:19:00Z,GRID_PASS,100.0,90.93333333333403,Mode: NORMAL. V_pcc: 0.964,0
2026-01-01T12:19:05Z,GRID_PASS,100.0,90.93333333333403,Mode: NORMAL. V_pcc: 0.964,0
2026-01-01T12:19:10Z,GRID_PASS,100.0,90.93333333333403,Mode: NORMAL. V_pcc: 0.964,0
2026-01-01T12:19:15Z,GRID_PASS,100.0,90.93333333333403,Mode: NORMAL. V_pcc: 0.964,0
2026-01-01T12:19:20Z,GRID_PASS,100.0,90.93333333333403,Mode: NORMAL. V_pcc: 0.964,0
2026-01-01T12:19:25Z,GRID_PASS,100.0,90.93333333333403,Mode: NORMAL. V_pcc: 0.964,0
2026-01-01T12:19:30Z,GRID_PASS,100.0,90.93333333333403,Mode: NORMAL. V_pcc: 0.964,0
2026-01-01T12:19:35Z,GRID_PASS,100.0,90.93333333333403,Mode: NORMAL. V_pcc: 0.964,0
2026-01-01T12:19:40Z,GRID_PASS,100.0,90.93333333333403,Mode: NORMAL. V_pcc: 0.964,0
2026-01-01T12:19:45Z,GRID_PASS,100.0,90.93333333333403,Mode: NORMAL. V_pcc: 0.964,0
2026-01-01T12:19:50Z,GRID_PASS,100.0,90.93333333333403,Mode: NORMAL. V_pcc: 0.964,0
2026-01-01T12:19:55Z,GRID_PASS,100.0,90.93333333333403,Mode: NORMAL. V_pcc: 0.964,0
2026-01-01T12:20:00Z,GRID_PASS,100.0,90.93333333333403,Mode: NORMAL. V_pcc: 0.964,0
2026-01-01T12:20:05Z,GRID_PASS,100.0,90.93333333333403,Mode: NORMAL. V_pcc: 0.964,0
2026-01-01T12:20:10Z,GRID_PASS,100.0,90.93333333333403,Mode: NORMAL. V_pcc: 0.964,0
2026-01-01T12:20:15Z,GRID_PASS,100.0,90.93333333333403,Mode: NORMAL. V_pcc: 0.964,0
2026-01-01T12:20:20Z,GRID_PASS,100.0,90.93333333333403,Mode: NORMAL. V_pcc: 0.964,0
2026-01-01T12:20:25Z,GRID_PASS,100.0,90.93333333333403,Mode: NORMAL. V_pcc: 0.964,0
2026-01-01T12:20:30Z,GRID_PASS,100.0,90.93333333333403,Mode: NORMAL. V_pcc: 0.964,0
2026-01-01T12:20:35Z,GRID_PASS,100.0,90.93333333333403,Mode: NORMAL. V_pcc: 0.964,0
2026-01-01T12:20:40Z,GRID_PASS,100.0,90.93333333333403,Mode: NORMAL. V_pcc: 0.964,0
2026-01-01T12:20:45Z,GRID_PASS,100.0,90.93333333333403,Mode: NORMAL. V_pcc: 0.964,0
2026-01-01T12:20:50Z,GRID_PASS,100.0,90.93333333333403,Mode: NORMAL. V_pcc: 0.964,0
2026-01-01T12:20:55Z,GRID_PASS,100.0,90.93333333333403,Mode: NORMAL. V_pcc: 0.964,0
2026-01-01T12:21:00Z,GRID_PASS,100.0,90.93333333333403,Mode: NORMAL. V_pcc: 0.964,0
2026-01-01T12:21:05Z,GRID_PASS,100.0,90.93333333333403,Mode: NORMAL. V_pcc: 0.964,0
2026-01-01T12:21:10Z,GRID_PASS,100.0,90.93333333333403,Mode: NORMAL. V_pcc: 0.964,0
2026-01-01T12:21:15Z,GRID_PASS,100.0,90.93333333333403,Mode: NORMAL. V_pcc: 0.964,0
2026-01-01T12:21:20Z,GRID_PASS,100.0,90.93333333333403,Mode: NORMAL. V_pcc: 0.964,0
2026-01-01T12:21:25Z,GRID_PASS,100.0,90.93333333333403,Mode: NORMAL. V_pcc: 0.964,0
2026-01-01T12:21:30Z,GRID_PASS,100.0,90.93333333333403,Mode: NORMAL. V_pcc: 0.964,0
2026-01-01T12:21:35Z,GRID_PASS,100.0,90.93333333333403,Mode: NORMAL. V_pcc: 0.964,0
2026-01-01T12:21:40Z,GRID_PASS,100.0,90.93333333333403,Mode: NORMAL. V_pcc: 0.964,0
2026-01-01T12:21:45Z,GRID_PASS,100.0,90.93333333333403,Mode: NORMAL. V_pcc: 0.964,0
2026-01-01T12:21:50Z,GRID_PASS,100.0,90.93333333333403,Mode: NORMAL. V_pcc: 0.964,0
2026-01-01T12:21:55Z,GRID_PASS,100.0,90.93333333333403,Mode: NORMAL. V_pcc: 0.964,0
2026-01-01T12:22:00Z,GRID_PASS,100.0,90.93333333333403,Mode: NORMAL. V_pcc: 0.964,0
2026-01-01T12:22:05Z,GRID_PASS,100.0,90.93333333333403,Mode: NORMAL. V_pcc: 0.964,0
2026-01-01T12:22:10Z,GRID_PASS,100.0,90.93333333333403,Mode: NORMAL. V_pcc: 0.964,0
2026-01-01T12:22:15Z,GRID_PASS,100.0,90.93333333333403,Mode: NORMAL. V_pcc: 0.964,0
2026-01-01T12:22:20Z,GRID_PASS,100.0,90.93333333333403,Mode: NORMAL. V_pcc: 0.964,0
2026-01-01T12:22:25Z,GRID_PASS,100.0,90.93333333333403,Mode: NORMAL. V_pcc: 0.964,0
2026-01-01T12:22:30Z,GRID_PASS,100.0,90.93333333333403,Mode: NORMAL. V_pcc: 0.964,0
2026-01-01T12:22:35Z,GRID_PASS,100.0,90.93333333333403,Mode: NORMAL. V_pcc: 0.964,0
2026-01-01T12:22:40Z,GRID_PASS,100.0,90.93333333333403,Mode: NORMAL. V_pcc: 0.964,0
2026-01-01T12:22:45Z,GRID_PASS,100.0,90.93333333333403,Mode: NORMAL. V_pcc: 0.964,0
2026-01-01T12:22:50Z,GRID_PASS,100.0,90.93333333333403,Mode: NORMAL. V_pcc: 0.964,0
2026-01-01T12:22:55Z,GRID_PASS,100.0,90.93333333333403,Mode: NORMAL. V_pcc: 0.964,0
2026-01-01T12:23:00Z,GRID_PASS,100.0,90.93333333333403,Mode: NORMAL. V_pcc: 0.964,0
2026-01-01T12:23:05Z,GRID_PASS,100.0,90.93333333333403,Mode: NORMAL. V_pcc: 0.964,0
2026-01-01T12:23:10Z,GRID_PASS,100.0,90.93333333333403,Mode: NORMAL. V_pcc: 0.964,0
2026-01-01T12:23:15Z,GRID_PASS,100.0,90.93333333333403,Mode: NORMAL. V_pcc: 0.964,0
2026-01-01T12:23:20Z,GRID_PASS,100.0,90.93333333333403,Mode: NORMAL. V_pcc: 0.964,0
2026-01-01T12:23:25Z,GRID_PASS,100.0,90.93333333333403,Mode: NORMAL. V_pcc: 0.964,0
2026-01-01T12:23:30Z,GRID_PASS,100.0,90.93333333333403,Mode: NORMAL. V_pcc: 0.964,0
2026-01-01T12:23:35Z,GRID_PASS,100.0,90.93333333333403,Mode: NORMAL. V_pcc: 0.964,0
2026-01-01T12:23:40Z,GRID_PASS,100.0,90.93333333333403,Mode: NORMAL. V_pcc: 0.964,0
2026-01-01T12:23:45Z,GRID_PASS,100.0,90.93333333333403,Mode: NORMAL. V_pcc: 0.964,0
2026-01-01T12:23:50Z,GRID_PASS,100.0,90.93333333333403,Mode: NORMAL. V_pcc: 0.964,0
2026-01-01T12:23:55Z,GRID_PASS,100.0,90.93333333333403,Mode: NORMAL. V_pcc: 0.964,0
2026-01-01T12:24:00Z,GRID_PASS,100.0,90.93333333333403,Mode: NORMAL. V_pcc: 0.964,0
2026-01-01T12:24:05Z,GRID_PASS,100.0,90.93333333333403,Mode: NORMAL. V_pcc: 0.964,0
2026-01-01T12:24:10Z,GRID_PASS,100.0,90.93333333333403,Mode: NORMAL. V_pcc: 0.964,0
2026-01-01T12:24:15Z,GRID_PASS,100.0,90.93333333333403,Mode: NORMAL. V_pcc: 0.964,0
2026-01-01T12:24:20Z,GRID_PASS,100.0,90.93333333333403,Mode: NORMAL. V_pcc: 0.964,0
2026-01-01T12:24:25Z,GRID_PASS,100.0,90.93333333333403,Mode: NORMAL. V_pcc: 0.964,0
2026-01-01T12:24:30Z,GRID_PASS,100.0,90.93333333333403,Mode: NORMAL. V_pcc: 0.964,0
2026-01-01T12:24:35Z,GRID_PASS,100.0,90.93333333333403,Mode: NORMAL. V_pcc: 0.964,0
2026-01-01T12:24:40Z,GRID_PASS,100.0,90.93333333333403,Mode: NORMAL. V_pcc: 0.964,0
2026-01-01T12:24:45Z,GRID_PASS,100.0,90.93333333333403,Mode: NORMAL. V_pcc: 0.964,0
2026-01-01T12:24:50Z,GRID_PASS,100.0,90.93333333333403,Mode: NORMAL. V_pcc: 0.964,0
2026-01-01T12:24:55Z,GRID_PASS,100.0,90.93333333333403,Mode: NORMAL. V_pcc: 0.964,0
2026-01-01T12:25:00Z,GRID_PASS,100.0,90.93333333333403,Mode: NORMAL. V_pcc: 0.964,0
2026-01-01T12:25:05Z,GRID_PASS,100.0,90.93333333333403,Mode: NORMAL. V_pcc: 0.964,0
2026-01-01T12:25:10Z,GRID_PASS,100.0,90.93333333333403,Mode: NORMAL. V_pcc: 0.964,0
2026-01-01T12:25:15Z,GRID_PASS,100.0,90.93333333333403,Mode: NORMAL. V_pcc: 0.964,0
2026-01-01T12:25:20Z,GRID_PASS,100.0,90.93333333333403,Mode: NORMAL. V_pcc: 0.964,0
2026-01-01T12:25:25Z,GRID_PASS,100.0,90.93333333333403,Mode: NORMAL. V_pcc: 0.964,0
2026-01-01T12:25:30Z,GRID_PASS,100.0,90.93333333333403,Mode: NORMAL. V_pcc: 0.964,0
2026-01-01T12:25:35Z,GRID_PASS,100.0,90.93333333333403,Mode: NORMAL. V_pcc: 0.964,0
2026-01-01T12:25:40Z,GRID_PASS,100.0,90.93333333333403,Mode: NORMAL. V_pcc: 0.964,0
2026-01-01T12:25:45Z,GRID_PASS,100.0,90.93333333333403,Mode: NORMAL. V_pcc: 0.964,0
2026-01-01T12:25:50Z,GRID_PASS,100.0,90.93333333333403,Mode: NORMAL. V_pcc: 0.964,0
2026-01-01T12:25:55Z,GRID_PASS,100.0,90.93333333333403,Mode: NORMAL. V_pcc: 0.964,0
2026-01-01T12:26:00Z,GRID_PASS,100.0,90.93333333333403,Mode: NORMAL. V_pcc: 0.964,0
2026-01-01T12:26:05Z,GRID_PASS,100.0,90.93333333333403,Mode: NORMAL. V_pcc: 0.964,0
2026-01-01T12:26:10Z,GRID_PASS,100.0,90.93333333333403,Mode: NORMAL. V_pcc: 0.964,0
2026-01-01T12:26:15Z,GRID_PASS,100.0,90.93333333333403,Mode: NORMAL. V_pcc: 0.964,0
2026-01-01T12:26:20Z,GRID_PASS,100.0,90.93333333333403,Mode: NORMAL. V_pcc: 0.964,0
2026-01-01T12:26:25Z,GRID_PASS,100.0,90.93333333333403,Mode: NORMAL. V_pcc: 0.964,0
2026-01-01T12:26:30Z,GRID_PASS,100.0,90.93333333333403,Mode: NORMAL. V_pcc: 0.964,0
2026-01-01T12:26:35Z,GRID_PASS,100.0,90.93333333333403,Mode: NORMAL. V_pcc: 0.964,0
2026-01-01T12:26:40Z,GRID_PASS,100.0,90.93333333333403,Mode: NORMAL. V_pcc: 0.964,0
2026-01-01T12:26:45Z,GRID_PASS,100.0,90.93333333333403,Mode: NORMAL. V_pcc: 0.964,0
2026-01-01T12:26:50Z,GRID_PASS,100.0,90.93333333333403,Mode: NORMAL. V_pcc: 0.964,0
2026-01-01T12:26:55Z,GRID_PASS,100.0,90.93333333333403,Mode: NORMAL. V_pcc: 0.964,0
2026-01-01T12:27:00Z,GRID_PASS,100.0,90.93333333333403,Mode: NORMAL. V_pcc: 0.964,0
2026-01-01T12:27:05Z,GRID_PASS,100.0,90.93333333333403,Mode: NORMAL. V_pcc: 0.964,0
2026-01-01T12:27:10Z,GRID_PASS,100.0,90.93333333333403,Mode: NORMAL. V_pcc: 0.964,0
2026-01-01T12:27:15Z,GRID_PASS,100.0,90.93333333333403,Mode: NORMAL. V_pcc: 0.964,0
2026-01-01T12:27:20Z,GRID_PASS,100.0,90.93333333333403,Mode: NORMAL. V_pcc: 0.964,0
2026-01-01T12:27:25Z,GRID_PASS,100.0,90.93333333333403,Mode: NORMAL. V_pcc: 0.964,0
2026-01-01T12:27:30Z,GRID_PASS,100.0,90.93333333333403,Mode: NORMAL. V_pcc: 0.964,0
2026-01-01T12:27:35Z,GRID_PASS,100.0,90.93333333333403,Mode: NORMAL. V_pcc: 0.964,0
2026-01-01T12:27:40Z,GRID_PASS,100.0,90.93333333333403,Mode: NORMAL. V_pcc: 0.964,0
2026-01-01T12:27:45Z,GRID_PASS,100.0,90.93333333333403,Mode: NORMAL. V_pcc: 0.964,0
2026-01-01T12:27:50Z,GRID_PASS,100.0,90.93333333333403,Mode: NORMAL. V_pcc: 0.964,0
2026-01-01T12:27:55Z,GRID_PASS,100.0,90.93333333333403,Mode: NORMAL. V_pcc: 0.964,0
2026-01-01T12:28:00Z,GRID_PASS,100.0,90.93333333333403,Mode: NORMAL. V_pcc: 0.964,0
2026-01-01T12:28:05Z,GRID_PASS,100.0,90.93333333333403,Mode: NORMAL. V_pcc: 0.964,0
2026-01-01T12:28:10Z,GRID_PASS,100.0,90.93333333333403,Mode: NORMAL. V_pcc: 0.964,0
2026-01-01T12:28:15Z,GRID_PASS,100.0,90.93333333333403,Mode: NORMAL. V_pcc: 0.964,0
2026-01-01T12:28:20Z,GRID_PASS,100.0,90.93333333333403,Mode: NORMAL. V_pcc: 0.964,0
2026-01-01T12:28:25Z,GRID_PASS,100.0,90.93333333333403,Mode: NORMAL. V_pcc: 0.964,0
2026-01-01T12:28:30Z,GRID_PASS,100.0,90.93333333333403,Mode: NORMAL. V_pcc: 0.964,0
2026-01-01T12:28:35Z,GRID_PASS,100.0,90.93333333333403,Mode: NORMAL. V_pcc: 0.964,0
2026-01-01T12:28:40Z,GRID_PASS,100.0,90.93333333333403,Mode: NORMAL. V_pcc: 0.964,0
2026-01-01T12:28:45Z,GRID_PASS,100.0,90.93333333333403,Mode: NORMAL. V_pcc: 0.964,0
2026-01-01T12:28:50Z,GRID_PASS,100.0,90.93333333333403,Mode: NORMAL. V_pcc: 0.964,0
2026-01-01T12:28:55Z,GRID_PASS,100.0,90.93333333333403,Mode: NORMAL. V_pcc: 0.964,0
2026-01-01T12:29:00Z,GRID_PASS,100.0,90.93333333333403,Mode: NORMAL. V_pcc: 0.964,0
2026-01-01T12:29:05Z,GRID_PASS,100.0,90.93333333333403,Mode: NORMAL. V_pcc: 0.964,0
2026-01-01T12:29:10Z,GRID_PASS,100.0,90.93333333333403,Mode: NORMAL. V_pcc: 0.964,0
2026-01-01T12:29:15Z,GRID_PASS,100.0,90.93333333333403,Mode: NORMAL. V_pcc: 0.964,0
2026-01-01T12:29:20Z,GRID_PASS,100.0,90.93333333333403,Mode: NORMAL. V_pcc: 0.964,0
2026-01-01T12:29:25Z,GRID_PASS,100.0,90.93333333333403,Mode: NORMAL. V_pcc: 0.964,0
2026-01-01T12:29:30Z,GRID_PASS,100.0,90.93333333333403,Mode: NORMAL. V_pcc: 0.964,0
2026-01-01T12:29:35Z,GRID_PASS,100.0,90.93333333333403,Mode: NORMAL. V_pcc: 0.964,0
2026-01-01T12:29:40Z,GRID_PASS,100.0,90.93333333333403,Mode: NORMAL. V_pcc: 0.964,0
2026-01-01T12:29:45Z,GRID_PASS,100.0,90.93333333333403,Mode: NORMAL. V_pcc: 0.964,0
2026-01-01T12:29:50Z,GRID_PASS,100.0,90.93333333333403,Mode: NORMAL. V_pcc: 0.964,0
2026-01-01T12:29:55Z,GRID_PASS,100.0,90.93333333333403,Mode: NORMAL. V_pcc: 0.964,0
2026-01-01T12:30:00Z,GRID_PASS,100.0,90.93333333333403,Mode: NORMAL. V_pcc: 0.964,0
2026-01-01T12:30:05Z,GRID_PASS,100.0,90.93333333333403,Mode: NORMAL. V_pcc: 0.964,0
2026-01-01T12:30:10Z,GRID_PASS,100.0,90.93333333333403,Mode: NORMAL. V_pcc: 0.964,0
2026-01-01T12:30:15Z,GRID_PASS,100.0,90.93333333333403,Mode: NORMAL. V_pcc: 0.964,0
2026-01-01T12:30:20Z,GRID_PASS,100.0,90.93333333333403,Mode: NORMAL. V_pcc: 0.964,0
2026-01-01T12:30:25Z,GRID_PASS,100.0,90.93333333333403,Mode: NORMAL. V_pcc: 0.964,0
2026-01-01T12:30:30Z,GRID_PASS,100.0,90.93333333333403,Mode: NORMAL. V_pcc: 0.964,0
2026-01-01T12:30:35Z,GRID_PASS,100.0,90.93333333333403,Mode: NORMAL. V_pcc: 0.964,0
2026-01-01T12:30:40Z,GRID_PASS,100.0,90.93333333333403,Mode: NORMAL. V_pcc: 0.964,0
2026-01-01T12:30:45Z,GRID_PASS,100.0,90.93333333333403,Mode: NORMAL. V_pcc: 0.964,0
2026-01-01T12:30:50Z,GRID_PASS,100.0,90.93333333333403,Mode: NORMAL. V_pcc: 0.964,0
2026-01-01T12:30:55Z,GRID_PASS,100.0,90.93333333333403,Mode: NORMAL. V_pcc: 0.964,0
2026-01-01T12:31:00Z,GRID_PASS,100.0,90.93333333333403,Mode: NORMAL. V_pcc: 0.964,0
2026-01-01T12:31:05Z,GRID_PASS,100.0,90.93333333333403,Mode: NORMAL. V_pcc: 0.964,0
2026-01-01T12:31:10Z,GRID_PASS,100.0,90.93333333333403,Mode: NORMAL. V_pcc: 0.964,0
2026-01-01T12:31:15Z,GRID_PASS,100.0,90.93333333333403,Mode: NORMAL. V_pcc: 0.964,0
2026-01-01T12:31:20Z,GRID_PASS,100.0,90.93333333333403,Mode: NORMAL. V_pcc: 0.964,0
2026-01-01T12:31:25Z,GRID_PASS,100.0,90.93333333333403,Mode: NORMAL. V_pcc: 0.964,0
2026-01-01T12:31:30Z,GRID_PASS,100.0,90.93333333333403,Mode: NORMAL. V_pcc: 0.964,0
2026-01-01T12:31:35Z,GRID_PASS,100.0,90.93333333333403,Mode: NORMAL. V_pcc: 0.964,0
2026-01-01T12:31:40Z,GRID_PASS,100.0,90.93333333333403,Mode: NORMAL. V_pcc: 0.964,0
2026-01-01T12:31:45Z,GRID_PASS,100.0,90.93333333333403,Mode: NORMAL. V_pcc: 0.964,0
2026-01-01T12:31:50Z,GRID_PASS,100.0,90.93333333333403,Mode: NORMAL. V_pcc: 0.964,0
2026-01-01T12:31:55Z,GRID_PASS,100.0,90.93333333333403,Mode: NORMAL. V_pcc: 0.964,0
2026-01-01T12:32:00Z,GRID_PASS,100.0,90.93333333333403,Mode: NORMAL. V_pcc: 0.964,0
2026-01-01T12:32:05Z,GRID_PASS,100.0,90.93333333333403,Mode: NORMAL. V_pcc: 0.964,0
2026-01-01T12:32:10Z,GRID_PASS,100.0,90.93333333333403,Mode: NORMAL. V_pcc: 0.964,0
2026-01-01T12:32:15Z,GRID_PASS,100.0,90.93333333333403,Mode: NORMAL. V_pcc: 0.964,0
2026-01-01T12:32:20Z,GRID_PASS,100.0,90.93333333333403,Mode: NORMAL. V_pcc: 0.964,0
2026-01-01T12:32:25Z,GRID_PASS,100.0,90.93333333333403,Mode: NORMAL. V_pcc: 0.964,0
2026-01-01T12:32:30Z,GRID_PASS,100.0,90.93333333333403,Mode: NORMAL. V_pcc: 0.964,0
2026-01-01T12:32:35Z,GRID_PASS,100.0,90.93333333333403,Mode: NORMAL. V_pcc: 0.964,0
2026-01-01T12:32:40Z,GRID_PASS,100.0,90.93333333333403,Mode: NORMAL. V_pcc: 0.964,0
2026-01-01T12:32:45Z,GRID_PASS,100.0,90.93333333333403,Mode: NORMAL. V_pcc: 0.964,0
2026-01-01T12:32:50Z,GRID_PASS,100.0,90.93333333333403,Mode: NORMAL. V_pcc: 0.964,0
2026-01-01T12:32:55Z,GRID_PASS,100.0,90.93333333333403,Mode: NORMAL. V_pcc: 0.964,0
2026-01-01T12:33:00Z,GRID_PASS,100.0,90.93333333333403,Mode: NORMAL. V_pcc: 0.964,0
2026-01-01T12:33:05Z,GRID_PASS,100.0,90.93333333333403,Mode: NORMAL. V_pcc: 0.964,0
2026-01-01T12:33:10Z,GRID_PASS,100.0,90.93333333333403,Mode: NORMAL. V_pcc: 0.964,0
2026-01-01T12:33:15Z,GRID_PASS,100.0,90.93333333333403,Mode: NORMAL. V_pcc: 0.964,0
2026-01-01T12:33:20Z,GRID_PASS,100.0,90.93333333333403,Mode: NORMAL. V_pcc: 0.964,0
2026-01-01T12:33:25Z,GRID_PASS,100.0,90.93333333333403,Mode: NORMAL. V_pcc: 0.964,0
2026-01-01T12:33:30Z,GRID_PASS,100.0,90.93333333333403,Mode: NORMAL. V_pcc: 0.964,0
2026-01-01T12:33:35Z,GRID_PASS,100.0,90.93333333333403,Mode: NORMAL. V_pcc: 0.964,0
2026-01-01T12:33:40Z,GRID_PASS,100.0,90.93333333333403,Mode: NORMAL. V_pcc: 0.964,0
2026-01-01T12:33:45Z,GRID_PASS,100.0,90.93333333333403,Mode: NORMAL. V_pcc: 0.964,0
2026-01-01T12:33:50Z,GRID_PASS,100.0,90.93333333333403,Mode: NORMAL. V_pcc: 0.964,0
2026-01-01T12:33:55Z,GRID_PASS,100.0,90.93333333333403,Mode: NORMAL. V_pcc: 0.964,0
2026-01-01T12:34:00Z,GRID_PASS,100.0,90.93333333333403,Mode: NORMAL. V_pcc: 0.964,0
2026-01-01T12:34:05Z,GRID_PASS,100.0,90.93333333333403,Mode: NORMAL. V_pcc: 0.964,0
2026-01-01T12:34:10Z,GRID_PASS,100.0,90.93333333333403,Mode: NORMAL. V_pcc: 0.964,0
2026-01-01T12:34:15Z,GRID_PASS,100.0,90.93333333333403,Mode: NORMAL. V_pcc: 0.964,0
2026-01-01T12:34:20Z,GRID_PASS,100.0,90.93333333333403,Mode: NORMAL. V_pcc: 0.964,0
2026-01-01T12:34:25Z,GRID_PASS,100.0,90.93333333333403,Mode: NORMAL. V_pcc: 0.964,0
2026-01-01T12:34:30Z,GRID_PASS,100.0,90.93333333333403,Mode: NORMAL. V_pcc: 0.964,0
2026-01-01T12:34:35Z,GRID_PASS,100.0,90.93333333333403,Mode: NORMAL. V_pcc: 0.964,0
2026-01-01T12:34:40Z,GRID_PASS,100.0,90.93333333333403,Mode: NORMAL. V_pcc: 0.964,0
2026-01-01T12:34:45Z,GRID_PASS,100.0,90.93333333333403,Mode: NORMAL. V_pcc: 0.964,0
2026-01-01T12:34:50Z,GRID_PASS,100.0,90.93333333333403,Mode: NORMAL. V_pcc: 0.964,0
2026-01-01T12:34:55Z,GRID_PASS,100.0,90.93333333333403,Mode: NORMAL. V_pcc: 0.964,0
2026-01-01T12:35:00Z,GRID_PASS,100.0,90.93333333333403,Mode: NORMAL. V_pcc: 0.964,0
2026-01-01T12:35:05Z,GRID_PASS,100.0,90.93333333333403,Mode: NORMAL. V_pcc: 0.964,0
2026-01-01T12:35:10Z,GRID_PASS,100.0,90.93333333333403,Mode: NORMAL. V_pcc: 0.964,0
2026-01-01T12:35:15Z,GRID_PASS,100.0,90.93333333333403,Mode: NORMAL. V_pcc: 0.964,0
2026-01-01T12:35:20Z,GRID_PASS,100.0,90.93333333333403,Mode: NORMAL. V_pcc: 0.964,0
2026-01-01T12:35:25Z,GRID_PASS,100.0,90.93333333333403,Mode: NORMAL. V_pcc: 0.964,0
2026-01-01T12:35:30Z,GRID_PASS,100.0,90.93333333333403,Mode: NORMAL. V_pcc: 0.964,0
2026-01-01T12:35:35Z,GRID_PASS,100.0,90.93333333333403,Mode: NORMAL. V_pcc: 0.964,0
2026-01-01T12:35:40Z,GRID_PASS,100.0,90.93333333333403,Mode: NORMAL. V_pcc: 0.964,0
2026-01-01T12:35:45Z,GRID_PASS,100.0,90.93333333333403,Mode: NORMAL. V_pcc: 0.964,0
2026-01-01T12:35:50Z,GRID_PASS,100.0,90.93333333333403,Mode: NORMAL. V_pcc: 0.964,0
2026-01-01T12:35:55Z,GRID_PASS,100.0,90.93333333333403,Mode: NORMAL. V_pcc: 0.964,0
2026-01-01T12:36:00Z,GRID_PASS,100.0,90.93333333333403,Mode: NORMAL. V_pcc: 0.964,0
2026-01-01T12:36:05Z,GRID_PASS,100.0,90.93333333333403,Mode: NORMAL. V_pcc: 0.964,0
2026-01-01T12:36:10Z,GRID_PASS,100.0,90.93333333333403,Mode: NORMAL. V_pcc: 0.964,0
2026-01-01T12:36:15Z,GRID_PASS,100.0,90.93333333333403,Mode: NORMAL. V_pcc: 0.964,0
2026-01-01T12:36:20Z,GRID_PASS,100.0,90.93333333333403,Mode: NORMAL. V_pcc: 0.964,0
2026-01-01T12:36:25Z,GRID_PASS,100.0,90.93333333333403,Mode: NORMAL. V_pcc: 0.964,0
2026-01-01T12:36:30Z,GRID_PASS,100.0,90.93333333333403,Mode: NORMAL. V_pcc: 0.964,0
2026-01-01T12:36:35Z,GRID_PASS,100.0,90.93333333333403,Mode: NORMAL. V_pcc: 0.964,0
2026-01-01T12:36:40Z,GRID_PASS,100.0,90.93333333333403,Mode: NORMAL. V_pcc: 0.964,0
2026-01-01T12:36:45Z,GRID_PASS,100.0,90.93333333333403,Mode: NORMAL. V_pcc: 0.964,0
2026-01-01T12:36:50Z,GRID_PASS,100.0,90.93333333333403,Mode: NORMAL. V_pcc: 0.964,0
2026-01-01T12:36:55Z,GRID_PASS,100.0,90.93333333333403,Mode: NORMAL. V_pcc: 0.964,0
2026-01-01T12:37:00Z,GRID_PASS,100.0,90.93333333333403,Mode: NORMAL. V_pcc: 0.964,0
2026-01-01T12:37:05Z,GRID_PASS,100.0,90.93333333333403,Mode: NORMAL. V_pcc: 0.964,0
2026-01-01T12:37:10Z,GRID_PASS,100.0,90.93333333333403,Mode: NORMAL. V_pcc: 0.964,0
2026-01-01T12:37:15Z,GRID_PASS,100.0,90.93333333333403,Mode: NORMAL. V_pcc: 0.964,0
2026-01-01T12:37:20Z,GRID_PASS,100.0,90.93333333333403,Mode: NORMAL. V_pcc: 0.964,0
2026-01-01T12:37:25Z,GRID_PASS,100.0,90.93333333333403,Mode: NORMAL. V_pcc: 0.964,0
2026-01-01T12:37:30Z,GRID_PASS,100.0,90.93333333333403,Mode: NORMAL. V_pcc: 0.964,0
2026-01-01T12:37:35Z,GRID_PASS,100.0,90.93333333333403,Mode: NORMAL. V_pcc: 0.964,0
2026-01-01T12:37:40Z,GRID_PASS,100.0,90.93333333333403,Mode: NORMAL. V_pcc: 0.964,0
2026-01-01T12:37:45Z,GRID_PASS,100.0,90.93333333333403,Mode: NORMAL. V_pcc: 0.964,0
2026-01-01T12:37:50Z,GRID_PASS,100.0,90.93333333333403,Mode: NORMAL. V_pcc: 0.964,0
2026-01-01T12:37:55Z,GRID_PASS,100.0,90.93333333333403,Mode: NORMAL. V_pcc: 0.964,0
2026-01-01T12:38:00Z,GRID_PASS,100.0,90.93333333333403,Mode: NORMAL. V_pcc: 0.964,0
2026-01-01T12:38:05Z,GRID_PASS,100.0,90.93333333333403,Mode: NORMAL. V_pcc: 0.964,0
2026-01-01T12:38:10Z,GRID_PASS,100.0,90.93333333333403,Mode: NORMAL. V_pcc: 0.964,0
2026-01-01T12:38:15Z,GRID_PASS,100.0,90.93333333333403,Mode: NORMAL. V_pcc: 0.964,0
2026-01-01T12:38:20Z,GRID_PASS,100.0,90.93333333333403,Mode: NORMAL. V_pcc: 0.964,0
2026-01-01T12:38:25Z,GRID_PASS,100.0,90.93333333333403,Mode: NORMAL. V_pcc: 0.964,0
2026-01-01T12:38:30Z,GRID_PASS,100.0,90.93333333333403,Mode: NORMAL. V_pcc: 0.964,0
2026-01-01T12:38:35Z,GRID_PASS,100.0,90.93333333333403,Mode: NORMAL. V_pcc: 0.964,0
2026-01-01T12:38:40Z,GRID_PASS,100.0,90.93333333333403,Mode: NORMAL. V_pcc: 0.964,0
2026-01-01T12:38:45Z,GRID_PASS,100.0,90.93333333333403,Mode: NORMAL. V_pcc: 0.964,0
2026-01-01T12:38:50Z,GRID_PASS,100.0,90.93333333333403,Mode: NORMAL. V_pcc: 0.964,0
2026-01-01T12:38:55Z,GRID_PASS,100.0,90.93333333333403,Mode: NORMAL. V_pcc: 0.964,0
2026-01-01T12:39:00Z,GRID_PASS,100.0,90.93333333333403,Mode: NORMAL. V_pcc: 0.964,0
2026-01-01T12:39:05Z,GRID_PASS,100.0,90.93333333333403,Mode: NORMAL. V_pcc: 0.964,0
2026-01-01T12:39:10Z,GRID_PASS,100.0,90.93333333333403,Mode: NORMAL. V_pcc: 0.964,0
2026-01-01T12:39:15Z,GRID_PASS,100.0,90.93333333333403,Mode: NORMAL. V_pcc: 0.964,0
2026-01-01T12:39:20Z,GRID_PASS,100.0,90.93333333333403,Mode: NORMAL. V_pcc: 0.964,0
2026-01-01T12:39:25Z,GRID_PASS,100.0,90.93333333333403,Mode: NORMAL. V_pcc: 0.964,0
2026-01-01T12:39:30Z,GRID_PASS,100.0,90.93333333333403,Mode: NORMAL. V_pcc: 0.964,0
2026-01-01T12:39:35Z,GRID_PASS,100.0,90.93333333333403,Mode: NORMAL. V_pcc: 0.964,0
2026-01-01T12:39:40Z,GRID_PASS,100.0,90.93333333333403,Mode: NORMAL. V_pcc: 0.964,0
2026-01-01T12:39:45Z,GRID_PASS,100.0,90.93333333333403,Mode: NORMAL. V_pcc: 0.964,0
2026-01-01T12:39:50Z,GRID_PASS,100.0,90.93333333333403,Mode: NORMAL. V_pcc: 0.964,0
2026-01-01T12:39:55Z,GRID_PASS,100.0,90.93333333333403,Mode: NORMAL. V_pcc: 0.964,0
2026-01-01T12:40:00Z,GRID_PASS,100.0,90.93333333333403,Mode: NORMAL. V_pcc: 0.964,0
2026-01-01T12:40:05Z,GRID_PASS,100.0,90.93333333333403,Mode: NORMAL. V_pcc: 0.964,0
2026-01-01T12:40:10Z,GRID_PASS,100.0,90.93333333333403,Mode: NORMAL. V_pcc: 0.964,0
2026-01-01T12:40:15Z,GRID_PASS,100.0,90.93333333333403,Mode: NORMAL. V_pcc: 0.964,0
2026-01-01T12:40:20Z,GRID_PASS,100.0,90.93333333333403,Mode: NORMAL. V_pcc: 0.964,0
2026-01-01T12:40:25Z,GRID_PASS,100.0,90.93333333333403,Mode: NORMAL. V_pcc: 0.964,0
2026-01-01T12:40:30Z,GRID_PASS,100.0,90.93333333333403,Mode: NORMAL. V_pcc: 0.964,0
2026-01-01T12:40:35Z,GRID_PASS,100.0,90.93333333333403,Mode: NORMAL. V_pcc: 0.964,0
2026-01-01T12:40:40Z,GRID_PASS,100.0,90.93333333333403,Mode: NORMAL. V_pcc: 0.964,0
2026-01-01T12:40:45Z,GRID_PASS,100.0,90.93333333333403,Mode: NORMAL. V_pcc: 0.964,0
2026-01-01T12:40:50Z,GRID_PASS,100.0,90.93333333333403,Mode: NORMAL. V_pcc: 0.964,0
2026-01-01T12:40:55Z,GRID_PASS,100.0,90.93333333333403,Mode: NORMAL. V_pcc: 0.964,0
2026-01-01T12:41:00Z,GRID_PASS,100.0,90.93333333333403,Mode: NORMAL. V_pcc: 0.964,0
2026-01-01T12:41:05Z,GRID_PASS,100.0,90.93333333333403,Mode: NORMAL. V_pcc: 0.964,0
2026-01-01T12:41:10Z,GRID_PASS,100.0,90.93333333333403,Mode: NORMAL. V_pcc: 0.964,0
2026-01-01T12:41:15Z,GRID_PASS,100.0,90.93333333333403,Mode: NORMAL. V_pcc: 0.964,0
2026-01-01T12:41:20Z,GRID_PASS,100.0,90.93333333333403,Mode: NORMAL. V_pcc: 0.964,0
2026-01-01T12:41:25Z,GRID_PASS,100.0,90.93333333333403,Mode: NORMAL. V_pcc: 0.964,0
2026-01-01T12:41:30Z,GRID_PASS,100.0,90.93333333333403,Mode: NORMAL. V_pcc: 0.964,0
2026-01-01T12:41:35Z,GRID_PASS,100.0,90.93333333333403,Mode: NORMAL. V_pcc: 0.964,0
2026-01-01T12:41:40Z,GRID_PASS,100.0,90.93333333333403,Mode: NORMAL. V_pcc: 0.964,0
2026-01-01T12:41:45Z,GRID_PASS,100.0,90.93333333333403,Mode: NORMAL. V_pcc: 0.964,0
2026-01-01T12:41:50Z,GRID_PASS,100.0,90.93333333333403,Mode: NORMAL. V_pcc: 0.964,0
2026-01-01T12:41:55Z,GRID_PASS,100.0,90.93333333333403,Mode: NORMAL. V_pcc: 0.964,0
2026-01-01T12:42:00Z,GRID_PASS,100.0,90.93333333333403,Mode: NORMAL. V_pcc: 0.964,0
2026-01-01T12:42:05Z,GRID_PASS,100.0,90.93333333333403,Mode: NORMAL. V_pcc: 0.964,0
2026-01-01T12:42:10Z,GRID_PASS,100.0,90.93333333333403,Mode: NORMAL. V_pcc: 0.964,0
2026-01-01T12:42:15Z,GRID_PASS,100.0,90.93333333333403,Mode: NORMAL. V_pcc: 0.964,0
2026-01-01T12:42:20Z,GRID_PASS,100.0,90.93333333333403,Mode: NORMAL. V_pcc: 0.964,0
2026-01-01T12:42:25Z,GRID_PASS,100.0,90.93333333333403,Mode: NORMAL. V_pcc: 0.964,0
2026-01-01T12:42:30Z,GRID_PASS,100.0,90.93333333333403,Mode: NORMAL. V_pcc: 0.964,0
2026-01-01T12:42:35Z,GRID_PASS,100.0,90.93333333333403,Mode: NORMAL. V_pcc: 0.964,0
2026-01-01T12:42:40Z,GRID_PASS,100.0,90.93333333333403,Mode: NORMAL. V_pcc: 0.964,0
2026-01-01T12:42:45Z,GRID_PASS,100.0,90.93333333333403,Mode: NORMAL. V_pcc: 0.964,0
2026-01-01T12:42:50Z,GRID_PASS,100.0,90.93333333333403,Mode: NORMAL. V_pcc: 0.964,0
2026-01-01T12:42:55Z,GRID_PASS,100.0,90.93333333333403,Mode: NORMAL. V_pcc: 0.964,0
2026-01-01T12:43:00Z,GRID_PASS,100.0,90.93333333333403,Mode: NORMAL. V_pcc: 0.964,0
2026-01-01T12:43:05Z,GRID_PASS,100.0,90.93333333333403,Mode: NORMAL. V_pcc: 0.964,0
2026-01-01T12:43:10Z,GRID_PASS,100.0,90.93333333333403,Mode: NORMAL. V_pcc: 0.964,0
2026-01-01T12:43:15Z,GRID_PASS,100.0,90.93333333333403,Mode: NORMAL. V_pcc: 0.964,0
2026-01-01T12:43:20Z,GRID_PASS,100.0,90.93333333333403,Mode: NORMAL. V_pcc: 0.964,0
2026-01-01T12:43:25Z,GRID_PASS,100.0,90.93333333333403,Mode: NORMAL. V_pcc: 0.964,0
2026-01-01T12:43:30Z,GRID_PASS,100.0,90.93333333333403,Mode: NORMAL. V_pcc: 0.964,0
2026-01-01T12:43:35Z,GRID_PASS,100.0,90.93333333333403,Mode: NORMAL. V_pcc: 0.964,0
2026-01-01T12:43:40Z,GRID_PASS,100.0,90.93333333333403,Mode: NORMAL. V_pcc: 0.964,0
2026-01-01T12:43:45Z,GRID_PASS,100.0,90.93333333333403,Mode: NORMAL. V_pcc: 0.964,0
2026-01-01T12:43:50Z,GRID_PASS,100.0,90.93333333333403,Mode: NORMAL. V_pcc: 0.964,0
2026-01-01T12:43:55Z,GRID_PASS,100.0,90.93333333333403,Mode: NORMAL. V_pcc: 0.964,0
2026-01-01T12:44:00Z,GRID_PASS,100.0,90.93333333333403,Mode: NORMAL. V_pcc: 0.964,0
2026-01-01T12:44:05Z,GRID_PASS,100.0,90.93333333333403,Mode: NORMAL. V_pcc: 0.964,0
2026-01-01T12:44:10Z,GRID_PASS,100.0,90.93333333333403,Mode: NORMAL. V_pcc: 0.964,0
2026-01-01T12:44:15Z,GRID_PASS,100.0,90.93333333333403,Mode: NORMAL. V_pcc: 0.964,0
2026-01-01T12:44:20Z,GRID_PASS,100.0,90.93333333333403,Mode: NORMAL. V_pcc: 0.964,0
2026-01-01T12:44:25Z,GRID_PASS,100.0,90.93333333333403,Mode: NORMAL. V_pcc: 0.964,0
2026-01-01T12:44:30Z,GRID_PASS,100.0,90.93333333333403,Mode: NORMAL. V_pcc: 0.964,0
2026-01-01T12:44:35Z,GRID_PASS,100.0,90.93333333333403,Mode: NORMAL. V_pcc: 0.964,0
2026-01-01T12:44:40Z,GRID_PASS,100.0,90.93333333333403,Mode: NORMAL. V_pcc: 0.964,0
2026-01-01T12:44:45Z,GRID_PASS,100.0,90.93333333333403,Mode: NORMAL. V_pcc: 0.964,0
2026-01-01T12:44:50Z,GRID_PASS,100.0,90.93333333333403,Mode: NORMAL. V_pcc: 0.964,0
2026-01-01T12:44:55Z,GRID_PASS,100.0,90.93333333333403,Mode: NORMAL. V_pcc: 0.964,0
2026-01-01T12:45:00Z,GRID_PASS,100.0,90.93333333333403,Mode: NORMAL. V_pcc: 0.964,0
2026-01-01T12:45:05Z,GRID_PASS,100.0,90.93333333333403,Mode: NORMAL. V_pcc: 0.964,0
2026-01-01T12:45:10Z,GRID_PASS,100.0,90.93333333333403,Mode: NORMAL. V_pcc: 0.964,0
2026-01-01T12:45:15Z,GRID_PASS,100.0,90.93333333333403,Mode: NORMAL. V_pcc: 0.964,0
2026-01-01T12:45:20Z,GRID_PASS,100.0,90.93333333333403,Mode: NORMAL. V_pcc: 0.964,0
2026-01-01T12:45:25Z,GRID_PASS,100.0,90.93333333333403,Mode: NORMAL. V_pcc: 0.964,0
2026-01-01T12:45:30Z,GRID_PASS,100.0,90.93333333333403,Mode: NORMAL. V_pcc: 0.964,0
2026-01-01T12:45:35Z,GRID_PASS,100.0,90.93333333333403,Mode: NORMAL. V_pcc: 0.964,0
2026-01-01T12:45:40Z,GRID_PASS,100.0,90.93333333333403,Mode: NORMAL. V_pcc: 0.964,0
2026-01-01T12:45:45Z,GRID_PASS,100.0,90.93333333333403,Mode: NORMAL. V_pcc: 0.964,0
2026-01-01T12:45:50Z,GRID_PASS,100.0,90.93333333333403,Mode: NORMAL. V_pcc: 0.964,0
2026-01-01T12:45:55Z,GRID_PASS,100.0,90.93333333333403,Mode: NORMAL. V_pcc: 0.964,0
2026-01-01T12:46:00Z,GRID_PASS,100.0,90.93333333333403,Mode: NORMAL. V_pcc: 0.964,0
2026-01-01T12:46:05Z,GRID_PASS,100.0,90.93333333333403,Mode: NORMAL. V_pcc: 0.964,0
2026-01-01T12:46:10Z,GRID_PASS,100.0,90.93333333333403,Mode: NORMAL. V_pcc: 0.964,0
2026-01-01T12:46:15Z,GRID_PASS,100.0,90.93333333333403,Mode: NORMAL. V_pcc: 0.964,0
2026-01-01T12:46:20Z,GRID_PASS,100.0,90.93333333333403,Mode: NORMAL. V_pcc: 0.964,0
2026-01-01T12:46:25Z,GRID_PASS,100.0,90.93333333333403,Mode: NORMAL. V_pcc: 0.964,0
2026-01-01T12:46:30Z,GRID_PASS,100.0,90.93333333333403,Mode: NORMAL. V_pcc: 0.964,0
2026-01-01T12:46:35Z,GRID_PASS,100.0,90.93333333333403,Mode: NORMAL. V_pcc: 0.964,0
2026-01-01T12:46:40Z,GRID_PASS,100.0,90.93333333333403,Mode: NORMAL. V_pcc: 0.964,0
2026-01-01T12:46:45Z,GRID_PASS,100.0,90.93333333333403,Mode: NORMAL. V_pcc: 0.964,0
2026-01-01T12:46:50Z,GRID_PASS,100.0,90.93333333333403,Mode: NORMAL. V_pcc: 0.964,0
2026-01-01T12:46:55Z,GRID_PASS,100.0,90.93333333333403,Mode: NORMAL. V_pcc: 0.964,0
2026-01-01T12:47:00Z,GRID_PASS,100.0,90.93333333333403,Mode: NORMAL. V_pcc: 0.964,0
2026-01-01T12:47:05Z,GRID_PASS,100.0,90.93333333333403,Mode: NORMAL. V_pcc: 0.964,0
2026-01-01T12:47:10Z,GRID_PASS,100.0,90.93333333333403,Mode: NORMAL. V_pcc: 0.964,0
2026-01-01T12:47:15Z,GRID_PASS,100.0,90.93333333333403,Mode: NORMAL. V_pcc: 0.964,0
2026-01-01T12:47:20Z,GRID_PASS,100.0,90.93333333333403,Mode: NORMAL. V_pcc: 0.964,0
2026-01-01T12:47:25Z,GRID_PASS,100.0,90.93333333333403,Mode: NORMAL. V_pcc: 0.964,0
2026-01-01T12:47:30Z,GRID_PASS,100.0,90.93333333333403,Mode: NORMAL. V_pcc: 0.964,0
2026-01-01T12:47:35Z,GRID_PASS,100.0,90.93333333333403,Mode: NORMAL. V_pcc: 0.964,0
2026-01-01T12:47:40Z,GRID_PASS,100.0,90.93333333333403,Mode: NORMAL. V_pcc: 0.964,0
2026-01-01T12:47:45Z,GRID_PASS,100.0,90.93333333333403,Mode: NORMAL. V_pcc: 0.964,0
2026-01-01T12:47:50Z,GRID_PASS,100.0,90.93333333333403,Mode: NORMAL. V_pcc: 0.964,0
2026-01-01T12:47:55Z,GRID_PASS,100.0,90.93333333333403,Mode: NORMAL. V_pcc: 0.964,0
2026-01-01T12:48:00Z,GRID_PASS,100.0,90.93333333333403,Mode: NORMAL. V_pcc: 0.964,0
2026-01-01T12:48:05Z,GRID_PASS,100.0,90.93333333333403,Mode: NORMAL. V_pcc: 0.964,0
2026-01-01T12:48:10Z,GRID_PASS,100.0,90.93333333333403,Mode: NORMAL. V_pcc: 0.964,0
2026-01-01T12:48:15Z,GRID_PASS,100.0,90.93333333333403,Mode: NORMAL. V_pcc: 0.964,0
2026-01-01T12:48:20Z,GRID_PASS,100.0,90.93333333333403,Mode: NORMAL. V_pcc: 0.964,0
2026-01-01T12:48:25Z,GRID_PASS,100.0,90.93333333333403,Mode: NORMAL. V_pcc: 0.964,0
2026-01-01T12:48:30Z,GRID_PASS,100.0,90.93333333333403,Mode: NORMAL. V_pcc: 0.964,0
2026-01-01T12:48:35Z,GRID_PASS,100.0,90.93333333333403,Mode: NORMAL. V_pcc: 0.964,0
2026-01-01T12:48:40Z,GRID_PASS,100.0,90.93333333333403,Mode: NORMAL. V_pcc: 0.964,0
2026-01-01T12:48:45Z,GRID_PASS,100.0,90.93333333333403,Mode: NORMAL. V_pcc: 0.964,0
2026-01-01T12:48:50Z,GRID_PASS,100.0,90.93333333333403,Mode: NORMAL. V_pcc: 0.964,0
2026-01-01T12:48:55Z,GRID_PASS,100.0,90.93333333333403,Mode: NORMAL. V_pcc: 0.964,0
2026-01-01T12:49:00Z,GRID_PASS,100.0,90.93333333333403,Mode: NORMAL. V_pcc: 0.964,0
2026-01-01T12:49:05Z,GRID_PASS,100.0,90.93333333333403,Mode: NORMAL. V_pcc: 0.964,0
2026-01-01T12:49:10Z,GRID_PASS,100.0,90.93333333333403,Mode: NORMAL. V_pcc: 0.964,0
2026-01-01T12:49:15Z,GRID_PASS,100.0,90.93333333333403,Mode: NORMAL. V_pcc: 0.964,0
2026-01-01T12:49:20Z,GRID_PASS,100.0,90.93333333333403,Mode: NORMAL. V_pcc: 0.964,0
2026-01-01T12:49:25Z,GRID_PASS,100.0,90.93333333333403,Mode: NORMAL. V_pcc: 0.964,0
2026-01-01T12:49:30Z,GRID_PASS,100.0,90.93333333333403,Mode: NORMAL. V_pcc: 0.964,0
2026-01-01T12:49:35Z,GRID_PASS,100.0,90.93333333333403,Mode: NORMAL. V_pcc: 0.964,0
2026-01-01T12:49:40Z,GRID_PASS,100.0,90.93333333333403,Mode: NORMAL. V_pcc: 0.964,0
2026-01-01T12:49:45Z,GRID_PASS,100.0,90.93333333333403,Mode: NORMAL. V_pcc: 0.964,0
2026-01-01T12:49:50Z,GRID_PASS,100.0,90.93333333333403,Mode: NORMAL. V_pcc: 0.964,0
2026-01-01T12:49:55Z,GRID_PASS,100.0,90.93333333333403,Mode: NORMAL. V_pcc: 0.964,0
2026-01-01T12:50:00Z,GRID_PASS,100.0,90.93333333333403,Mode: NORMAL. V_pcc: 0.964,0
2026-01-01T12:50:05Z,GRID_PASS,100.0,90.93333333333403,Mode: NORMAL. V_pcc: 0.964,0
2026-01-01T12:50:10Z,GRID_PASS,100.0,90.93333333333403,Mode: NORMAL. V_pcc: 0.964,0
2026-01-01T12:50:15Z,GRID_PASS,100.0,90.93333333333403,Mode: NORMAL. V_pcc: 0.964,0
2026-01-01T12:50:20Z,GRID_PASS,100.0,90.93333333333403,Mode: NORMAL. V_pcc: 0.964,0
2026-01-01T12:50:25Z,GRID_PASS,100.0,90.93333333333403,Mode: NORMAL. V_pcc: 0.964,0
2026-01-01T12:50:30Z,GRID_PASS,100.0,90.93333333333403,Mode: NORMAL. V_pcc: 0.964,0
2026-01-01T12:50:35Z,GRID_PASS,100.0,90.93333333333403,Mode: NORMAL. V_pcc: 0.964,0
2026-01-01T12:50:40Z,GRID_PASS,100.0,90.93333333333403,Mode: NORMAL. V_pcc: 0.964,0
2026-01-01T12:50:45Z,GRID_PASS,100.0,90.93333333333403,Mode: NORMAL. V_pcc: 0.964,0
2026-01-01T12:50:50Z,GRID_PASS,100.0,90.93333333333403,Mode: NORMAL. V_pcc: 0.964,0
2026-01-01T12:50:55Z,GRID_PASS,100.0,90.93333333333403,Mode: NORMAL. V_pcc: 0.964,0
2026-01-01T12:51:00Z,GRID_PASS,100.0,90.93333333333403,Mode: NORMAL. V_pcc: 0.964,0
2026-01-01T12:51:05Z,GRID_PASS,100.0,90.93333333333403,Mode: NORMAL. V_pcc: 0.964,0
2026-01-01T12:51:10Z,GRID_PASS,100.0,90.93333333333403,Mode: NORMAL. V_pcc: 0.964,0
2026-01-01T12:51:15Z,GRID_PASS,100.0,90.93333333333403,Mode: NORMAL. V_pcc: 0.964,0
2026-01-01T12:51:20Z,GRID_PASS,100.0,90.93333333333403,Mode: NORMAL. V_pcc: 0.964,0
2026-01-01T12:51:25Z,GRID_PASS,100.0,90.93333333333403,Mode: NORMAL. V_pcc: 0.964,0
2026-01-01T12:51:30Z,GRID_PASS,100.0,90.93333333333403,Mode: NORMAL. V_pcc: 0.964,0
2026-01-01T12:51:35Z,GRID_PASS,100.0,90.93333333333403,Mode: NORMAL. V_pcc: 0.964,0
2026-01-01T12:51:40Z,GRID_PASS,100.0,90.93333333333403,Mode: NORMAL. V_pcc: 0.964,0
2026-01-01T12:51:45Z,GRID_PASS,100.0,90.93333333333403,Mode: NORMAL. V_pcc: 0.964,0
2026-01-01T12:51:50Z,GRID_PASS,100.0,90.93333333333403,Mode: NORMAL. V_pcc: 0.964,0
2026-01-01T12:51:55Z,GRID_PASS,100.0,90.93333333333403,Mode: NORMAL. V_pcc: 0.964,0
2026-01-01T12:52:00Z,GRID_PASS,100.0,90.93333333333403,Mode: NORMAL. V_pcc: 0.964,0
2026-01-01T12:52:05Z,GRID_PASS,100.0,90.93333333333403,Mode: NORMAL. V_pcc: 0.964,0
2026-01-01T12:52:10Z,GRID_PASS,100.0,90.93333333333403,Mode: NORMAL. V_pcc: 0.964,0
2026-01-01T12:52:15Z,GRID_PASS,100.0,90.93333333333403,Mode: NORMAL. V_pcc: 0.964,0
2026-01-01T12:52:20Z,GRID_PASS,100.0,90.93333333333403,Mode: NORMAL. V_pcc: 0.964,0
2026-01-01T12:52:25Z,GRID_PASS,100.0,90.93333333333403,Mode: NORMAL. V_pcc: 0.964,0
2026-01-01T12:52:30Z,GRID_PASS,100.0,90.93333333333403,Mode: NORMAL. V_pcc: 0.964,0
2026-01-01T12:52:35Z,GRID_PASS,100.0,90.93333333333403,Mode: NORMAL. V_pcc: 0.964,0
2026-01-01T12:52:40Z,GRID_PASS,100.0,90.93333333333403,Mode: NORMAL. V_pcc: 0.964,0
2026-01-01T12:52:45Z,GRID_PASS,100.0,90.93333333333403,Mode: NORMAL. V_pcc: 0.964,0
2026-01-01T12:52:50Z,GRID_PASS,100.0,90.93333333333403,Mode: NORMAL. V_pcc: 0.964,0
2026-01-01T12:52:55Z,GRID_PASS,100.0,90.93333333333403,Mode: NORMAL. V_pcc: 0.964,0
2026-01-01T12:53:00Z,GRID_PASS,100.0,90.93333333333403,Mode: NORMAL. V_pcc: 0.964,0
2026-01-01T12:53:05Z,GRID_PASS,100.0,90.93333333333403,Mode: NORMAL. V_pcc: 0.964,0
2026-01-01T12:53:10Z,GRID_PASS,100.0,90.93333333333403,Mode: NORMAL. V_pcc: 0.964,0
2026-01-01T12:53:15Z,GRID_PASS,100.0,90.93333333333403,Mode: NORMAL. V_pcc: 0.964,0
2026-01-01T12:53:20Z,GRID_PASS,100.0,90.93333333333403,Mode: NORMAL. V_pcc: 0.964,0
2026-01-01T12:53:25Z,GRID_PASS,100.0,90.93333333333403,Mode: NORMAL. V_pcc: 0.964,0
2026-01-01T12:53:30Z,GRID_PASS,100.0,90.93333333333403,Mode: NORMAL. V_pcc: 0.964,0
2026-01-01T12:53:35Z,GRID_PASS,100.0,90.93333333333403,Mode: NORMAL. V_pcc: 0.964,0
2026-01-01T12:53:40Z,GRID_PASS,100.0,90.93333333333403,Mode: NORMAL. V_pcc: 0.964,0
2026-01-01T12:53:45Z,GRID_PASS,100.0,90.93333333333403,Mode: NORMAL. V_pcc: 0.964,0
2026-01-01T12:53:50Z,GRID_PASS,100.0,90.93333333333403,Mode: NORMAL. V_pcc: 0.964,0
2026-01-01T12:53:55Z,GRID_PASS,100.0,90.93333333333403,Mode: NORMAL. V_pcc: 0.964,0
2026-01-01T12:54:00Z,GRID_PASS,100.0,90.93333333333403,Mode: NORMAL. V_pcc: 0.964,0
2026-01-01T12:54:05Z,GRID_PASS,100.0,90.93333333333403,Mode: NORMAL. V_pcc: 0.964,0
2026-01-01T12:54:10Z,GRID_PASS,100.0,90.93333333333403,Mode: NORMAL. V_pcc: 0.964,0
2026-01-01T12:54:15Z,GRID_PASS,100.0,90.93333333333403,Mode: NORMAL. V_pcc: 0.964,0
2026-01-01T12:54:20Z,GRID_PASS,100.0,90.93333333333403,Mode: NORMAL. V_pcc: 0.964,0
2026-01-01T12:54:25Z,GRID_PASS,100.0,90.93333333333403,Mode: NORMAL. V_pcc: 0.964,0
2026-01-01T12:54:30Z,GRID_PASS,100.0,90.93333333333403,Mode: NORMAL. V_pcc: 0.964,0
2026-01-01T12:54:35Z,GRID_PASS,100.0,90.93333333333403,Mode: NORMAL. V_pcc: 0.964,0
2026-01-01T12:54:40Z,GRID_PASS,100.0,90.93333333333403,Mode: NORMAL. V_pcc: 0.964,0
2026-01-01T12:54:45Z,GRID_PASS,100.0,90.93333333333403,Mode: NORMAL. V_pcc: 0.964,0
2026-01-01T12:54:50Z,GRID_PASS,100.0,90.93333333333403,Mode: NORMAL. V_pcc: 0.964,0
2026-01-01T12:54:55Z,GRID_PASS,100.0,90.93333333333403,Mode: NORMAL. V_pcc: 0.964,0
2026-01-01T12:55:00Z,GRID_PASS,100.0,90.93333333333403,Mode: NORMAL. V_pcc: 0.964,0
2026-01-01T12:55:05Z,GRID_PASS,100.0,90.93333333333403,Mode: NORMAL. V_pcc: 0.964,0
2026-01-01T12:55:10Z,GRID_PASS,100.0,90.93333333333403,Mode: NORMAL. V_pcc: 0.964,0
2026-01-01T12:55:15Z,GRID_PASS,100.0,90.93333333333403,Mode: NORMAL. V_pcc: 0.964,0
2026-01-01T12:55:20Z,GRID_PASS,100.0,90.93333333333403,Mode: NORMAL. V_pcc: 0.964,0
2026-01-01T12:55:25Z,GRID_PASS,100.0,90.93333333333403,Mode: NORMAL. V_pcc: 0.964,0
2026-01-01T12:55:30Z,GRID_PASS,100.0,90.93333333333403,Mode: NORMAL. V_pcc: 0.964,0
2026-01-01T12:55:35Z,GRID_PASS,100.0,90.93333333333403,Mode: NORMAL. V_pcc: 0.964,0
2026-01-01T12:55:40Z,GRID_PASS,100.0,90.93333333333403,Mode: NORMAL. V_pcc: 0.964,0
2026-01-01T12:55:45Z,GRID_PASS,100.0,90.93333333333403,Mode: NORMAL. V_pcc: 0.964,0
2026-01-01T12:55:50Z,GRID_PASS,100.0,90.93333333333403,Mode: NORMAL. V_pcc: 0.964,0
2026-01-01T12:55:55Z,GRID_PASS,100.0,90.93333333333403,Mode: NORMAL. V_pcc: 0.964,0
2026-01-01T12:56:00Z,GRID_PASS,100.0,90.93333333333403,Mode: NORMAL. V_pcc: 0.964,0
2026-01-01T12:56:05Z,GRID_PASS,100.0,90.93333333333403,Mode: NORMAL. V_pcc: 0.964,0
2026-01-01T12:56:10Z,GRID_PASS,100.0,90.93333333333403,Mode: NORMAL. V_pcc: 0.964,0
2026-01-01T12:56:15Z,GRID_PASS,100.0,90.93333333333403,Mode: NORMAL. V_pcc: 0.964,0
2026-01-01T12:56:20Z,GRID_PASS,100.0,90.93333333333403,Mode: NORMAL. V_pcc: 0.964,0
2026-01-01T12:56:25Z,GRID_PASS,100.0,90.93333333333403,Mode: NORMAL. V_pcc: 0.964,0
2026-01-01T12:56:30Z,GRID_PASS,100.0,90.93333333333403,Mode: NORMAL. V_pcc: 0.964,0
2026-01-01T12:56:35Z,GRID_PASS,100.0,90.93333333333403,Mode: NORMAL. V_pcc: 0.964,0
2026-01-01T12:56:40Z,GRID_PASS,100.0,90.93333333333403,Mode: NORMAL. V_pcc: 0.964,0
2026-01-01T12:56:45Z,GRID_PASS,100.0,90.93333333333403,Mode: NORMAL. V_pcc: 0.964,0
2026-01-01T12:56:50Z,GRID_PASS,100.0,90.93333333333403,Mode: NORMAL. V_pcc: 0.964,0
2026-01-01T12:56:55Z,GRID_PASS,100.0,90.93333333333403,Mode: NORMAL. V_pcc: 0.964,0
2026-01-01T12:57:00Z,GRID_PASS,100.0,90.93333333333403,Mode: NORMAL. V_pcc: 0.964,0
2026-01-01T12:57:05Z,GRID_PASS,100.0,90.93333333333403,Mode: NORMAL. V_pcc: 0.964,0
2026-01-01T12:57:10Z,GRID_PASS,100.0,90.93333333333403,Mode: NORMAL. V_pcc: 0.964,0
2026-01-01T12:57:15Z,GRID_PASS,100.0,90.93333333333403,Mode: NORMAL. V_pcc: 0.964,0
2026-01-01T12:57:20Z,GRID_PASS,100.0,90.93333333333403,Mode: NORMAL. V_pcc: 0.964,0
2026-01-01T12:57:25Z,GRID_PASS,100.0,90.93333333333403,Mode: NORMAL. V_pcc: 0.964,0
2026-01-01T12:57:30Z,GRID_PASS,100.0,90.93333333333403,Mode: NORMAL. V_pcc: 0.964,0
2026-01-01T12:57:35Z,GRID_PASS,100.0,90.93333333333403,Mode: NORMAL. V_pcc: 0.964,0
2026-01-01T12:57:40Z,GRID_PASS,100.0,90.93333333333403,Mode: NORMAL. V_pcc: 0.964,0
2026-01-01T12:57:45Z,GRID_PASS,100.0,90.93333333333403,Mode: NORMAL. V_pcc: 0.964,0
2026-01-01T12:57:50Z,GRID_PASS,100.0,90.93333333333403,Mode: NORMAL. V_pcc: 0.964,0
2026-01-01T12:57:55Z,GRID_PASS,100.0,90.93333333333403,Mode: NORMAL. V_pcc: 0.964,0
2026-01-01T12:58:00Z,GRID_PASS,100.0,90.93333333333403,Mode: NORMAL. V_pcc: 0.964,0
2026-01-01T12:58:05Z,GRID_PASS,100.0,90.93333333333403,Mode: NORMAL. V_pcc: 0.964,0
2026-01-01T12:58:10Z,GRID_PASS,100.0,90.93333333333403,Mode: NORMAL. V_pcc: 0.964,0
2026-01-01T12:58:15Z,GRID_PASS,100.0,90.93333333333403,Mode: NORMAL. V_pcc: 0.964,0
2026-01-01T12:58:20Z,GRID_PASS,100.0,90.93333333333403,Mode: NORMAL. V_pcc: 0.964,0
2026-01-01T12:58:25Z,GRID_PASS,100.0,90.93333333333403,Mode: NORMAL. V_pcc: 0.964,0
2026-01-01T12:58:30Z,GRID_PASS,100.0,90.93333333333403,Mode: NORMAL. V_pcc: 0.964,0
2026-01-01T12:58:35Z,GRID_PASS,100.0,90.93333333333403,Mode: NORMAL. V_pcc: 0.964,0
2026-01-01T12:58:40Z,GRID_PASS,100.0,90.93333333333403,Mode: NORMAL. V_pcc: 0.964,0
2026-01-01T12:58:45Z,GRID_PASS,100.0,90.93333333333403,Mode: NORMAL. V_pcc: 0.964,0
2026-01-01T12:58:50Z,GRID_PASS,100.0,90.93333333333403,Mode: NORMAL. V_pcc: 0.964,0
2026-01-01T12:58:55Z,GRID_PASS,100.0,90.93333333333403,Mode: NORMAL. V_pcc: 0.964,0
2026-01-01T12:59:00Z,GRID_PASS,100.0,90.93333333333403,Mode: NORMAL. V_pcc: 0.964,0
2026-01-01T12:59:05Z,GRID_PASS,100.0,90.93333333333403,Mode: NORMAL. V_pcc: 0.964,0
2026-01-01T12:59:10Z,GRID_PASS,100.0,90.93333333333403,Mode: NORMAL. V_pcc: 0.964,0
2026-01-01T12:59:15Z,GRID_PASS,100.0,90.93333333333403,Mode: NORMAL. V_pcc: 0.964,0
2026-01-01T12:59:20Z,GRID_PASS,100.0,90.93333333333403,Mode: NORMAL. V_pcc: 0.964,0
2026-01-01T12:59:25Z,GRID_PASS,100.0,90.93333333333403,Mode: NORMAL. V_pcc: 0.964,0
2026-01-01T12:59:30Z,GRID_PASS,100.0,90.93333333333403,Mode: NORMAL. V_pcc: 0.964,0
2026-01-01T12:59:35Z,GRID_PASS,100.0,90.93333333333403,Mode: NORMAL. V_pcc: 0.964,0
2026-01-01T12:59:40Z,GRID_PASS,100.0,90.93333333333403,Mode: NORMAL. V_pcc: 0.964,0
2026-01-01T12:59:45Z,GRID_PASS,100.0,90.93333333333403,Mode: NORMAL. V_pcc: 0.964,0
2026-01-01T12:59:50Z,GRID_PASS,100.0,90.93333333333403,Mode: NORMAL. V_pcc: 0.964,0
2026-01-01T12:59:55Z,GRID_PASS,100.0,90.93333333333403,Mode: NORMAL. V_pcc: 0.964,0
2026-01-01T13:00:00Z,GRID_PASS,100.0,90.93333333333403,Mode: NORMAL. V_pcc: 0.964,0
2026-01-01T13:00:05Z,GRID_PASS,100.0,90.93333333333403,Mode: NORMAL. V_pcc: 0.964,0
2026-01-01T13:00:10Z,GRID_PASS,100.0,90.93333333333403,Mode: NORMAL. V_pcc: 0.964,0
2026-01-01T13:00:15Z,GRID_PASS,100.0,90.93333333333403,Mode: NORMAL. V_pcc: 0.964,0
2026-01-01T13:00:20Z,GRID_PASS,100.0,90.93333333333403,Mode: NORMAL. V_pcc: 0.964,0
2026-01-01T13:00:25Z,GRID_PASS,100.0,90.93333333333403,Mode: NORMAL. V_pcc: 0.964,0
2026-01-01T13:00:30Z,GRID_PASS,100.0,90.93333333333403,Mode: NORMAL. V_pcc: 0.964,0
2026-01-01T13:00:35Z,GRID_PASS,100.0,90.93333333333403,Mode: NORMAL. V_pcc: 0.964,0
2026-01-01T13:00:40Z,GRID_PASS,100.0,90.93333333333403,Mode: NORMAL. V_pcc: 0.964,0
2026-01-01T13:00:45Z,GRID_PASS,100.0,90.93333333333403,Mode: NORMAL. V_pcc: 0.964,0
2026-01-01T13:00:50Z,GRID_PASS,100.0,90.93333333333403,Mode: NORMAL. V_pcc: 0.964,0
2026-01-01T13:00:55Z,GRID_PASS,100.0,90.93333333333403,Mode: NORMAL. V_pcc: 0.964,0
2026-01-01T13:01:00Z,GRID_PASS,100.0,90.93333333333403,Mode: NORMAL. V_pcc: 0.964,0
2026-01-01T13:01:05Z,GRID_PASS,100.0,90.93333333333403,Mode: NORMAL. V_pcc: 0.964,0
2026-01-01T13:01:10Z,GRID_PASS,100.0,90.93333333333403,Mode: NORMAL. V_pcc: 0.964,0
2026-01-01T13:01:15Z,GRID_PASS,100.0,90.93333333333403,Mode: NORMAL. V_pcc: 0.964,0
2026-01-01T13:01:20Z,GRID_PASS,100.0,90.93333333333403,Mode: NORMAL. V_pcc: 0.964,0
2026-01-01T13:01:25Z,GRID_PASS,100.0,90.93333333333403,Mode: NORMAL. V_pcc: 0.964,0
2026-01-01T13:01:30Z,GRID_PASS,100.0,90.93333333333403,Mode: NORMAL. V_pcc: 0.964,0
2026-01-01T13:01:35Z,GRID_PASS,100.0,90.93333333333403,Mode: NORMAL. V_pcc: 0.964,0
2026-01-01T13:01:40Z,GRID_PASS,100.0,90.93333333333403,Mode: NORMAL. V_pcc: 0.964,0
2026-01-01T13:01:45Z,GRID_PASS,100.0,90.93333333333403,Mode: NORMAL. V_pcc: 0.964,0
2026-01-01T13:01:50Z,GRID_PASS,100.0,90.93333333333403,Mode: NORMAL. V_pcc: 0.964,0
2026-01-01T13:01:55Z,GRID_PASS,100.0,90.93333333333403,Mode: NORMAL. V_pcc: 0.964,0
2026-01-01T13:02:00Z,GRID_PASS,100.0,90.93333333333403,Mode: NORMAL. V_pcc: 0.964,0
2026-01-01T13:02:05Z,GRID_PASS,100.0,90.93333333333403,Mode: NORMAL. V_pcc: 0.964,0
2026-01-01T13:02:10Z,GRID_PASS,100.0,90.93333333333403,Mode: NORMAL. V_pcc: 0.964,0
2026-01-01T13:02:15Z,GRID_PASS,100.0,90.93333333333403,Mode: NORMAL. V_pcc: 0.964,0
2026-01-01T13:02:20Z,GRID_PASS,100.0,90.93333333333403,Mode: NORMAL. V_pcc: 0.964,0
2026-01-01T13:02:25Z,GRID_PASS,100.0,90.93333333333403,Mode: NORMAL. V_pcc: 0.964,0
2026-01-01T13:02:30Z,GRID_PASS,100.0,90.93333333333403,Mode: NORMAL. V_pcc: 0.964,0
2026-01-01T13:02:35Z,GRID_PASS,100.0,90.93333333333403,Mode: NORMAL. V_pcc: 0.964,0
2026-01-01T13:02:40Z,GRID_PASS,100.0,90.93333333333403,Mode: NORMAL. V_pcc: 0.964,0
2026-01-01T13:02:45Z,GRID_PASS,100.0,90.93333333333403,Mode: NORMAL. V_pcc: 0.964,0
2026-01-01T13:02:50Z,GRID_PASS,100.0,90.93333333333403,Mode: NORMAL. V_pcc: 0.964,0
2026-01-01T13:02:55Z,GRID_PASS,100.0,90.93333333333403,Mode: NORMAL. V_pcc: 0.964,0
2026-01-01T13:03:00Z,GRID_PASS,100.0,90.93333333333403,Mode: NORMAL. V_pcc: 0.964,0
2026-01-01T13:03:05Z,GRID_PASS,100.0,90.93333333333403,Mode: NORMAL. V_pcc: 0.964,0
2026-01-01T13:03:10Z,GRID_PASS,100.0,90.93333333333403,Mode: NORMAL. V_pcc: 0.964,0
2026-01-01T13:03:15Z,GRID_PASS,100.0,90.93333333333403,Mode: NORMAL. V_pcc: 0.964,0
2026-01-01T13:03:20Z,GRID_PASS,100.0,90.93333333333403,Mode: NORMAL. V_pcc: 0.964,0
2026-01-01T13:03:25Z,GRID_PASS,100.0,90.93333333333403,Mode: NORMAL. V_pcc: 0.964,0
2026-01-01T13:03:30Z,GRID_PASS,100.0,90.93333333333403,Mode: NORMAL. V_pcc: 0.964,0
2026-01-01T13:03:35Z,GRID_PASS,100.0,90.93333333333403,Mode: NORMAL. V_pcc: 0.964,0
2026-01-01T13:03:40Z,GRID_PASS,100.0,90.93333333333403,Mode: NORMAL. V_pcc: 0.964,0
2026-01-01T13:03:45Z,GRID_PASS,100.0,90.93333333333403,Mode: NORMAL. V_pcc: 0.964,0
2026-01-01T13:03:50Z,GRID_PASS,100.0,90.93333333333403,Mode: NORMAL. V_pcc: 0.964,0
2026-01-01T13:03:55Z,GRID_PASS,100.0,90.93333333333403,Mode: NORMAL. V_pcc: 0.964,0
2026-01-01T13:04:00Z,GRID_PASS,100.0,90.93333333333403,Mode: NORMAL. V_pcc: 0.964,0
2026-01-01T13:04:05Z,GRID_PASS,100.0,90.93333333333403,Mode: NORMAL. V_pcc: 0.964,0
2026-01-01T13:04:10Z,GRID_PASS,100.0,90.93333333333403,Mode: NORMAL. V_pcc: 0.964,0
2026-01-01T13:04:15Z,GRID_PASS,100.0,90.93333333333403,Mode: NORMAL. V_pcc: 0.964,0
2026-01-01T13:04:20Z,GRID_PASS,100.0,90.93333333333403,Mode: NORMAL. V_pcc: 0.964,0
2026-01-01T13:04:25Z,GRID_PASS,100.0,90.93333333333403,Mode: NORMAL. V_pcc: 0.964,0
2026-01-01T13:04:30Z,GRID_PASS,100.0,90.93333333333403,Mode: NORMAL. V_pcc: 0.964,0
2026-01-01T13:04:35Z,GRID_PASS,100.0,90.93333333333403,Mode: NORMAL. V_pcc: 0.964,0
2026-01-01T13:04:40Z,GRID_PASS,100.0,90.93333333333403,Mode: NORMAL. V_pcc: 0.964,0
2026-01-01T13:04:45Z,GRID_PASS,100.0,90.93333333333403,Mode: NORMAL. V_pcc: 0.964,0
2026-01-01T13:04:50Z,GRID_PASS,100.0,90.93333333333403,Mode: NORMAL. V_pcc: 0.964,0
2026-01-01T13:04:55Z,GRID_PASS,100.0,90.93333333333403,Mode: NORMAL. V_pcc: 0.964,0
2026-01-01T13:05:00Z,GRID_PASS,100.0,90.93333333333403,Mode: NORMAL. V_pcc: 0.964,0
2026-01-01T13:05:05Z,GRID_PASS,100.0,90.93333333333403,Mode: NORMAL. V_pcc: 0.964,0
2026-01-01T13:05:10Z,GRID_PASS,100.0,90.93333333333403,Mode: NORMAL. V_pcc: 0.964,0
2026-01-01T13:05:15Z,GRID_PASS,100.0,90.93333333333403,Mode: NORMAL. V_pcc: 0.964,0
2026-01-01T13:05:20Z,GRID_PASS,100.0,90.93333333333403,Mode: NORMAL. V_pcc: 0.964,0
2026-01-01T13:05:25Z,GRID_PASS,100.0,90.93333333333403,Mode: NORMAL. V_pcc: 0.964,0
2026-01-01T13:05:30Z,GRID_PASS,100.0,90.93333333333403,Mode: NORMAL. V_pcc: 0.964,0
2026-01-01T13:05:35Z,GRID_PASS,100.0,90.93333333333403,Mode: NORMAL. V_pcc: 0.964,0
2026-01-01T13:05:40Z,GRID_PASS,100.0,90.93333333333403,Mode: NORMAL. V_pcc: 0.964,0
2026-01-01T13:05:45Z,GRID_PASS,100.0,90.93333333333403,Mode: NORMAL. V_pcc: 0.964,0
2026-01-01T13:05:50Z,GRID_PASS,100.0,90.93333333333403,Mode: NORMAL. V_pcc: 0.964,0
2026-01-01T13:05:55Z,GRID_PASS,100.0,90.93333333333403,Mode: NORMAL. V_pcc: 0.964,0
2026-01-01T13:06:00Z,GRID_PASS,100.0,90.93333333333403,Mode: NORMAL. V_pcc: 0.964,0
2026-01-01T13:06:05Z,GRID_PASS,100.0,90.93333333333403,Mode: NORMAL. V_pcc: 0.964,0
2026-01-01T13:06:10Z,GRID_PASS,100.0,90.93333333333403,Mode: NORMAL. V_pcc: 0.964,0
2026-01-01T13:06:15Z,GRID_PASS,100.0,90.93333333333403,Mode: NORMAL. V_pcc: 0.964,0
2026-01-01T13:06:20Z,GRID_PASS,100.0,90.93333333333403,Mode: NORMAL. V_pcc: 0.964,0
2026-01-01T13:06:25Z,GRID_PASS,100.0,90.93333333333403,Mode: NORMAL. V_pcc: 0.964,0
2026-01-01T13:06:30Z,GRID_PASS,100.0,90.93333333333403,Mode: NORMAL. V_pcc: 0.964,0
2026-01-01T13:06:35Z,GRID_PASS,100.0,90.93333333333403,Mode: NORMAL. V_pcc: 0.964,0
2026-01-01T13:06:40Z,GRID_PASS,100.0,90.93333333333403,Mode: NORMAL. V_pcc: 0.964,0
2026-01-01T13:06:45Z,GRID_PASS,100.0,90.93333333333403,Mode: NORMAL. V_pcc: 0.964,0
2026-01-01T13:06:50Z,GRID_PASS,100.0,90.93333333333403,Mode: NORMAL. V_pcc: 0.964,0
2026-01-01T13:06:55Z,GRID_PASS,100.0,90.93333333333403,Mode: NORMAL. V_pcc: 0.964,0
2026-01-01T13:07:00Z,GRID_PASS,100.0,90.93333333333403,Mode: NORMAL. V_pcc: 0.964,0
2026-01-01T13:07:05Z,GRID_PASS,100.0,90.93333333333403,Mode: NORMAL. V_pcc: 0.964,0
2026-01-01T13:07:10Z,GRID_PASS,100.0,90.93333333333403,Mode: NORMAL. V_pcc: 0.964,0
2026-01-01T13:07:15Z,GRID_PASS,100.0,90.93333333333403,Mode: NORMAL. V_pcc: 0.964,0
2026-01-01T13:07:20Z,GRID_PASS,100.0,90.93333333333403,Mode: NORMAL. V_pcc: 0.964,0
2026-01-01T13:07:25Z,GRID_PASS,100.0,90.93333333333403,Mode: NORMAL. V_pcc: 0.964,0
2026-01-01T13:07:30Z,GRID_PASS,100.0,90.93333333333403,Mode: NORMAL. V_pcc: 0.964,0
2026-01-01T13:07:35Z,GRID_PASS,100.0,90.93333333333403,Mode: NORMAL. V_pcc: 0.964,0
2026-01-01T13:07:40Z,GRID_PASS,100.0,90.93333333333403,Mode: NORMAL. V_pcc: 0.964,0
2026-01-01T13:07:45Z,GRID_PASS,100.0,90.93333333333403,Mode: NORMAL. V_pcc: 0.964,0
2026-01-01T13:07:50Z,GRID_PASS,100.0,90.93333333333403,Mode: NORMAL. V_pcc: 0.964,0
2026-01-01T13:07:55Z,GRID_PASS,100.0,90.93333333333403,Mode: NORMAL. V_pcc: 0.964,0
2026-01-01T13:08:00Z,GRID_PASS,100.0,90.93333333333403,Mode: NORMAL. V_pcc: 0.964,0
2026-01-01T13:08:05Z,GRID_PASS,100.0,90.93333333333403,Mode: NORMAL. V_pcc: 0.964,0
2026-01-01T13:08:10Z,GRID_PASS,100.0,90.93333333333403,Mode: NORMAL. V_pcc: 0.964,0
2026-01-01T13:08:15Z,GRID_PASS,100.0,90.93333333333403,Mode: NORMAL. V_pcc: 0.964,0
2026-01-01T13:08:20Z,GRID_PASS,100.0,90.93333333333403,Mode: NORMAL. V_pcc: 0.964,0
2026-01-01T13:08:25Z,GRID_PASS,100.0,90.93333333333403,Mode: NORMAL. V_pcc: 0.964,0
2026-01-01T13:08:30Z,GRID_PASS,100.0,90.93333333333403,Mode: NORMAL. V_pcc: 0.964,0
2026-01-01T13:08:35Z,GRID_PASS,100.0,90.93333333333403,Mode: NORMAL. V_pcc: 0.964,0
2026-01-01T13:08:40Z,GRID_PASS,100.0,90.93333333333403,Mode: NORMAL. V_pcc: 0.964,0
2026-01-01T13:08:45Z,GRID_PASS,100.0,90.93333333333403,Mode: NORMAL. V_pcc: 0.964,0
2026-01-01T13:08:50Z,GRID_PASS,100.0,90.93333333333403,Mode: NORMAL. V_pcc: 0.964,0
2026-01-01T13:08:55Z,GRID_PASS,100.0,90.93333333333403,Mode: NORMAL. V_pcc: 0.964,0
2026-01-01T13:09:00Z,GRID_PASS,100.0,90.93333333333403,Mode: NORMAL. V_pcc: 0.964,0
2026-01-01T13:09:05Z,GRID_PASS,100.0,90.93333333333403,Mode: NORMAL. V_pcc: 0.964,0
2026-01-01T13:09:10Z,GRID_PASS,100.0,90.93333333333403,Mode: NORMAL. V_pcc: 0.964,0
2026-01-01T13:09:15Z,GRID_PASS,100.0,90.93333333333403,Mode: NORMAL. V_pcc: 0.964,0
2026-01-01T13:09:20Z,GRID_PASS,100.0,90.93333333333403,Mode: NORMAL. V_pcc: 0.964,0
2026-01-01T13:09:25Z,GRID_PASS,100.0,90.93333333333403,Mode: NORMAL. V_pcc: 0.964,0
2026-01-01T13:09:30Z,GRID_PASS,100.0,90.93333333333403,Mode: NORMAL. V_pcc: 0.964,0
2026-01-01T13:09:35Z,GRID_PASS,100.0,90.93333333333403,Mode: NORMAL. V_pcc: 0.964,0
2026-01-01T13:09:40Z,GRID_PASS,100.0,90.93333333333403,Mode: NORMAL. V_pcc: 0.964,0
2026-01-01T13:09:45Z,GRID_PASS,100.0,90.93333333333403,Mode: NORMAL. V_pcc: 0.964,0
2026-01-01T13:09:50Z,GRID_PASS,100.0,90.93333333333403,Mode: NORMAL. V_pcc: 0.964,0
2026-01-01T13:09:55Z,GRID_PASS,100.0,90.93333333333403,Mode: NORMAL. V_pcc: 0.964,0
2026-01-01T13:10:00Z,GRID_PASS,100.0,90.93333333333403,Mode: NORMAL. V_pcc: 0.964,0
2026-01-01T13:10:05Z,GRID_PASS,100.0,90.93333333333403,Mode: NORMAL. V_pcc: 0.964,0
2026-01-01T13:10:10Z,GRID_PASS,100.0,90.93333333333403,Mode: NORMAL. V_pcc: 0.964,0
2026-01-01T13:10:15Z,GRID_PASS,100.0,90.93333333333403,Mode: NORMAL. V_pcc: 0.964,0
2026-01-01T13:10:20Z,GRID_PASS,100.0,90.93333333333403,Mode: NORMAL. V_pcc: 0.964,0
2026-01-01T13:10:25Z,GRID_PASS,100.0,90.93333333333403,Mode: NORMAL. V_pcc: 0.964,0
2026-01-01T13:10:30Z,GRID_PASS,100.0,90.93333333333403,Mode: NORMAL. V_pcc: 0.964,0
2026-01-01T13:10:35Z,GRID_PASS,100.0,90.93333333333403,Mode: NORMAL. V_pcc: 0.964,0
2026-01-01T13:10:40Z,GRID_PASS,100.0,90.93333333333403,Mode: NORMAL. V_pcc: 0.964,0
2026-01-01T13:10:45Z,GRID_PASS,100.0,90.93333333333403,Mode: NORMAL. V_pcc: 0.964,0
2026-01-01T13:10:50Z,GRID_PASS,100.0,90.93333333333403,Mode: NORMAL. V_pcc: 0.964,0
2026-01-01T13:10:55Z,GRID_PASS,100.0,90.93333333333403,Mode: NORMAL. V_pcc: 0.964,0
2026-01-01T13:11:00Z,GRID_PASS,100.0,90.93333333333403,Mode: NORMAL. V_pcc: 0.964,0
2026-01-01T13:11:05Z,GRID_PASS,100.0,90.93333333333403,Mode: NORMAL. V_pcc: 0.964,0
2026-01-01T13:11:10Z,GRID_PASS,100.0,90.93333333333403,Mode: NORMAL. V_pcc: 0.964,0
2026-01-01T13:11:15Z,GRID_PASS,100.0,90.93333333333403,Mode: NORMAL. V_pcc: 0.964,0
2026-01-01T13:11:20Z,GRID_PASS,100.0,90.93333333333403,Mode: NORMAL. V_pcc: 0.964,0
2026-01-01T13:11:25Z,GRID_PASS,100.0,90.93333333333403,Mode: NORMAL. V_pcc: 0.964,0
2026-01-01T13:11:30Z,GRID_PASS,100.0,90.93333333333403,Mode: NORMAL. V_pcc: 0.964,0
2026-01-01T13:11:35Z,GRID_PASS,100.0,90.93333333333403,Mode: NORMAL. V_pcc: 0.964,0
2026-01-01T13:11:40Z,GRID_PASS,100.0,90.93333333333403,Mode: NORMAL. V_pcc: 0.964,0
2026-01-01T13:11:45Z,GRID_PASS,100.0,90.93333333333403,Mode: NORMAL. V_pcc: 0.964,0
2026-01-01T13:11:50Z,GRID_PASS,100.0,90.93333333333403,Mode: NORMAL. V_pcc: 0.964,0
2026-01-01T13:11:55Z,GRID_PASS,100.0,90.93333333333403,Mode: NORMAL. V_pcc: 0.964,0
2026-01-01T13:12:00Z,GRID_PASS,100.0,90.93333333333403,Mode: NORMAL. V_pcc: 0.964,0
2026-01-01T13:12:05Z,GRID_PASS,100.0,90.93333333333403,Mode: NORMAL. V_pcc: 0.964,0
2026-01-01T13:12:10Z,GRID_PASS,100.0,90.93333333333403,Mode: NORMAL. V_pcc: 0.964,0
2026-01-01T13:12:15Z,GRID_PASS,100.0,90.93333333333403,Mode: NORMAL. V_pcc: 0.964,0
2026-01-01T13:12:20Z,GRID_PASS,100.0,90.93333333333403,Mode: NORMAL. V_pcc: 0.964,0
2026-01-01T13:12:25Z,GRID_PASS,100.0,90.93333333333403,Mode: NORMAL. V_pcc: 0.964,0
2026-01-01T13:12:30Z,GRID_PASS,100.0,90.93333333333403,Mode: NORMAL. V_pcc: 0.964,0
2026-01-01T13:12:35Z,GRID_PASS,100.0,90.93333333333403,Mode: NORMAL. V_pcc: 0.964,0
2026-01-01T13:12:40Z,GRID_PASS,100.0,90.93333333333403,Mode: NORMAL. V_pcc: 0.964,0
2026-01-01T13:12:45Z,GRID_PASS,100.0,90.93333333333403,Mode: NORMAL. V_pcc: 0.964,0
2026-01-01T13:12:50Z,GRID_PASS,100.0,90.93333333333403,Mode: NORMAL. V_pcc: 0.964,0
2026-01-01T13:12:55Z,GRID_PASS,100.0,90.93333333333403,Mode: NORMAL. V_pcc: 0.964,0
2026-01-01T13:13:00Z,GRID_PASS,100.0,90.93333333333403,Mode: NORMAL. V_pcc: 0.964,0
2026-01-01T13:13:05Z,GRID_PASS,100.0,90.93333333333403,Mode: NORMAL. V_pcc: 0.964,0
2026-01-01T13:13:10Z,GRID_PASS,100.0,90.93333333333403,Mode: NORMAL. V_pcc: 0.964,0
2026-01-01T13:13:15Z,GRID_PASS,100.0,90.93333333333403,Mode: NORMAL. V_pcc: 0.964,0
2026-01-01T13:13:20Z,GRID_PASS,100.0,90.93333333333403,Mode: NORMAL. V_pcc: 0.964,0
2026-01-01T13:13:25Z,GRID_PASS,100.0,90.93333333333403,Mode: NORMAL. V_pcc: 0.964,0
2026-01-01T13:13:30Z,GRID_PASS,100.0,90.93333333333403,Mode: NORMAL. V_pcc: 0.964,0
2026-01-01T13:13:35Z,GRID_PASS,100.0,90.93333333333403,Mode: NORMAL. V_pcc: 0.964,0
2026-01-01T13:13:40Z,GRID_PASS,100.0,90.93333333333403,Mode: NORMAL. V_pcc: 0.964,0
2026-01-01T13:13:45Z,GRID_PASS,100.0,90.93333333333403,Mode: NORMAL. V_pcc: 0.964,0
2026-01-01T13:13:50Z,GRID_PASS,100.0,90.93333333333403,Mode: NORMAL. V_pcc: 0.964,0
2026-01-01T13:13:55Z,GRID_PASS,100.0,90.93333333333403,Mode: NORMAL. V_pcc: 0.964,0
2026-01-01T13:14:00Z,GRID_PASS,100.0,90.93333333333403,Mode: NORMAL. V_pcc: 0.964,0
2026-01-01T13:14:05Z,GRID_PASS,100.0,90.93333333333403,Mode: NORMAL. V_pcc: 0.964,0
2026-01-01T13:14:10Z,GRID_PASS,100.0,90.93333333333403,Mode: NORMAL. V_pcc: 0.964,0
2026-01-01T13:14:15Z,GRID_PASS,100.0,90.93333333333403,Mode: NORMAL. V_pcc: 0.964,0
2026-01-01T13:14:20Z,GRID_PASS,100.0,90.93333333333403,Mode: NORMAL. V_pcc: 0.964,0
2026-01-01T13:14:25Z,GRID_PASS,100.0,90.93333333333403,Mode: NORMAL. V_pcc: 0.964,0
2026-01-01T13:14:30Z,GRID_PASS,100.0,90.93333333333403,Mode: NORMAL. V_pcc: 0.964,0
2026-01-01T13:14:35Z,GRID_PASS,100.0,90.93333333333403,Mode: NORMAL. V_pcc: 0.964,0
2026-01-01T13:14:40Z,GRID_PASS,100.0,90.93333333333403,Mode: NORMAL. V_pcc: 0.964,0
2026-01-01T13:14:45Z,GRID_PASS,100.0,90.93333333333403,Mode: NORMAL. V_pcc: 0.964,0
2026-01-01T13:14:50Z,GRID_PASS,100.0,90.93333333333403,Mode: NORMAL. V_pcc: 0.964,0
2026-01-01T13:14:55Z,GRID_PASS,100.0,90.93333333333403,Mode: NORMAL. V_pcc: 0.964,0
2026-01-01T13:15:00Z,GRID_PASS,100.0,90.93333333333403,Mode: NORMAL. V_pcc: 0.964,0
2026-01-01T13:15:05Z,GRID_PASS,100.0,90.93333333333403,Mode: NORMAL. V_pcc: 0.964,0
2026-01-01T13:15:10Z,GRID_PASS,100.0,90.93333333333403,Mode: NORMAL. V_pcc: 0.964,0
2026-01-01T13:15:15Z,GRID_PASS,100.0,90.93333333333403,Mode: NORMAL. V_pcc: 0.964,0
2026-01-01T13:15:20Z,GRID_PASS,100.0,90.93333333333403,Mode: NORMAL. V_pcc: 0.964,0
2026-01-01T13:15:25Z,GRID_PASS,100.0,90.93333333333403,Mode: NORMAL. V_pcc: 0.964,0
2026-01-01T13:15:30Z,GRID_PASS,100.0,90.93333333333403,Mode: NORMAL. V_pcc: 0.964,0
2026-01-01T13:15:35Z,GRID_PASS,100.0,90.93333333333403,Mode: NORMAL. V_pcc: 0.964,0
2026-01-01T13:15:40Z,GRID_PASS,100.0,90.93333333333403,Mode: NORMAL. V_pcc: 0.964,0
2026-01-01T13:15:45Z,GRID_PASS,100.0,90.93333333333403,Mode: NORMAL. V_pcc: 0.964,0
2026-01-01T13:15:50Z,GRID_PASS,100.0,90.93333333333403,Mode: NORMAL. V_pcc: 0.964,0
2026-01-01T13:15:55Z,GRID_PASS,100.0,90.93333333333403,Mode: NORMAL. V_pcc: 0.964,0
2026-01-01T13:16:00Z,GRID_PASS,100.0,90.93333333333403,Mode: NORMAL. V_pcc: 0.964,0
2026-01-01T13:16:05Z,GRID_PASS,100.0,90.93333333333403,Mode: NORMAL. V_pcc: 0.964,0
2026-01-01T13:16:10Z,GRID_PASS,100.0,90.93333333333403,Mode: NORMAL. V_pcc: 0.964,0
2026-01-01T13:16:15Z,GRID_PASS,100.0,90.93333333333403,Mode: NORMAL. V_pcc: 0.964,0
2026-01-01T13:16:20Z,GRID_PASS,100.0,90.93333333333403,Mode: NORMAL. V_pcc: 0.964,0
2026-01-01T13:16:25Z,GRID_PASS,100.0,90.93333333333403,Mode: NORMAL. V_pcc: 0.964,0
2026-01-01T13:16:30Z,GRID_PASS,100.0,90.93333333333403,Mode: NORMAL. V_pcc: 0.964,0
2026-01-01T13:16:35Z,GRID_PASS,100.0,90.93333333333403,Mode: NORMAL. V_pcc: 0.964,0
2026-01-01T13:16:40Z,GRID_PASS,100.0,90.93333333333403,Mode: NORMAL. V_pcc: 0.964,0
2026-01-01T13:16:45Z,GRID_PASS,100.0,90.93333333333403,Mode: NORMAL. V_pcc: 0.964,0
2026-01-01T13:16:50Z,GRID_PASS,100.0,90.93333333333403,Mode: NORMAL. V_pcc: 0.964,0
2026-01-01T13:16:55Z,GRID_PASS,100.0,90.93333333333403,Mode: NORMAL. V_pcc: 0.964,0
2026-01-01T13:17:00Z,GRID_PASS,100.0,90.93333333333403,Mode: NORMAL. V_pcc: 0.964,0
2026-01-01T13:17:05Z,GRID_PASS,100.0,90.93333333333403,Mode: NORMAL. V_pcc: 0.964,0
2026-01-01T13:17:10Z,GRID_PASS,100.0,90.93333333333403,Mode: NORMAL. V_pcc: 0.964,0
2026-01-01T13:17:15Z,GRID_PASS,100.0,90.93333333333403,Mode: NORMAL. V_pcc: 0.964,0
2026-01-01T13:17:20Z,GRID_PASS,100.0,90.93333333333403,Mode: NORMAL. V_pcc: 0.964,0
2026-01-01T13:17:25Z,GRID_PASS,100.0,90.93333333333403,Mode: NORMAL. V_pcc: 0.964,0
2026-01-01T13:17:30Z,GRID_PASS,100.0,90.93333333333403,Mode: NORMAL. V_pcc: 0.964,0
2026-01-01T13:17:35Z,GRID_PASS,100.0,90.93333333333403,Mode: NORMAL. V_pcc: 0.964,0
2026-01-01T13:17:40Z,GRID_PASS,100.0,90.93333333333403,Mode: NORMAL. V_pcc: 0.964,0
2026-01-01T13:17:45Z,GRID_PASS,100.0,90.93333333333403,Mode: NORMAL. V_pcc: 0.964,0
2026-01-01T13:17:50Z,GRID_PASS,100.0,90.93333333333403,Mode: NORMAL. V_pcc: 0.964,0
2026-01-01T13:17:55Z,GRID_PASS,100.0,90.93333333333403,Mode: NORMAL. V_pcc: 0.964,0
2026-01-01T13:18:00Z,GRID_PASS,100.0,90.93333333333403,Mode: NORMAL. V_pcc: 0.964,0
2026-01-01T13:18:05Z,GRID_PASS,100.0,90.93333333333403,Mode: NORMAL. V_pcc: 0.964,0
2026-01-01T13:18:10Z,GRID_PASS,100.0,90.93333333333403,Mode: NORMAL. V_pcc: 0.964,0
2026-01-01T13:18:15Z,GRID_PASS,100.0,90.93333333333403,Mode: NORMAL. V_pcc: 0.964,0
2026-01-01T13:18:20Z,GRID_PASS,100.0,90.93333333333403,Mode: NORMAL. V_pcc: 0.964,0
2026-01-01T13:18:25Z,GRID_PASS,100.0,90.93333333333403,Mode: NORMAL. V_pcc: 0.964,0
2026-01-01T13:18:30Z,GRID_PASS,100.0,90.93333333333403,Mode: NORMAL. V_pcc: 0.964,0
2026-01-01T13:18:35Z,GRID_PASS,100.0,90.93333333333403,Mode: NORMAL. V_pcc: 0.964,0
2026-01-01T13:18:40Z,GRID_PASS,100.0,90.93333333333403,Mode: NORMAL. V_pcc: 0.964,0
2026-01-01T13:18:45Z,GRID_PASS,100.0,90.93333333333403,Mode: NORMAL. V_pcc: 0.964,0
2026-01-01T13:18:50Z,GRID_PASS,100.0,90.93333333333403,Mode: NORMAL. V_pcc: 0.964,0
2026-01-01T13:18:55Z,GRID_PASS,100.0,90.93333333333403,Mode: NORMAL. V_pcc: 0.964,0
2026-01-01T13:19:00Z,GRID_PASS,100.0,90.93333333333403,Mode: NORMAL. V_pcc: 0.964,0
2026-01-01T13:19:05Z,GRID_PASS,100.0,90.93333333333403,Mode: NORMAL. V_pcc: 0.964,0
2026-01-01T13:19:10Z,GRID_PASS,100.0,90.93333333333403,Mode: NORMAL. V_pcc: 0.964,0
2026-01-01T13:19:15Z,GRID_PASS,100.0,90.93333333333403,Mode: NORMAL. V_pcc: 0.964,0
2026-01-01T13:19:20Z,GRID_PASS,100.0,90.93333333333403,Mode: NORMAL. V_pcc: 0.964,0
2026-01-01T13:19:25Z,GRID_PASS,100.0,90.93333333333403,Mode: NORMAL. V_pcc: 0.964,0
2026-01-01T13:19:30Z,GRID_PASS,100.0,90.93333333333403,Mode: NORMAL. V_pcc: 0.964,0
2026-01-01T13:19:35Z,GRID_PASS,100.0,90.93333333333403,Mode: NORMAL. V_pcc: 0.964,0
2026-01-01T13:19:40Z,GRID_PASS,100.0,90.93333333333403,Mode: NORMAL. V_pcc: 0.964,0
2026-01-01T13:19:45Z,GRID_PASS,100.0,90.93333333333403,Mode: NORMAL. V_pcc: 0.964,0
2026-01-01T13:19:50Z,GRID_PASS,100.0,90.93333333333403,Mode: NORMAL. V_pcc: 0.964,0
2026-01-01T13:19:55Z,GRID_PASS,100.0,90.93333333333403,Mode: NORMAL. V_pcc: 0.964,0
2026-01-01T13:20:00Z,GRID_PASS,100.0,90.93333333333403,Mode: NORMAL. V_pcc: 0.964,0
2026-01-01T13:20:05Z,GRID_PASS,100.0,90.93333333333403,Mode: NORMAL. V_pcc: 0.964,0
2026-01-01T13:20:10Z,GRID_PASS,100.0,90.93333333333403,Mode: NORMAL. V_pcc: 0.964,0
2026-01-01T13:20:15Z,GRID_PASS,100.0,90.93333333333403,Mode: NORMAL. V_pcc: 0.964,0
2026-01-01T13:20:20Z,GRID_PASS,100.0,90.93333333333403,Mode: NORMAL. V_pcc: 0.964,0
2026-01-01T13:20:25Z,GRID_PASS,100.0,90.93333333333403,Mode: NORMAL. V_pcc: 0.964,0
2026-01-01T13:20:30Z,GRID_PASS,100.0,90.93333333333403,Mode: NORMAL. V_pcc: 0.964,0
2026-01-01T13:20:35Z,GRID_PASS,100.0,90.93333333333403,Mode: NORMAL. V_pcc: 0.964,0
2026-01-01T13:20:40Z,GRID_PASS,100.0,90.93333333333403,Mode: NORMAL. V_pcc: 0.964,0
2026-01-01T13:20:45Z,GRID_PASS,100.0,90.93333333333403,Mode: NORMAL. V_pcc: 0.964,0
2026-01-01T13:20:50Z,GRID_PASS,100.0,90.93333333333403,Mode: NORMAL. V_pcc: 0.964,0
2026-01-01T13:20:55Z,GRID_PASS,100.0,90.93333333333403,Mode: NORMAL. V_pcc: 0.964,0
2026-01-01T13:21:00Z,GRID_PASS,100.0,90.93333333333403,Mode: NORMAL. V_pcc: 0.964,0
2026-01-01T13:21:05Z,GRID_PASS,100.0,90.93333333333403,Mode: NORMAL. V_pcc: 0.964,0
2026-01-01T13:21:10Z,GRID_PASS,100.0,90.93333333333403,Mode: NORMAL. V_pcc: 0.964,0
2026-01-01T13:21:15Z,GRID_PASS,100.0,90.93333333333403,Mode: NORMAL. V_pcc: 0.964,0
2026-01-01T13:21:20Z,GRID_PASS,100.0,90.93333333333403,Mode: NORMAL. V_pcc: 0.964,0
2026-01-01T13:21:25Z,GRID_PASS,100.0,90.93333333333403,Mode: NORMAL. V_pcc: 0.964,0
2026-01-01T13:21:30Z,GRID_PASS,100.0,90.93333333333403,Mode: NORMAL. V_pcc: 0.964,0
2026-01-01T13:21:35Z,GRID_PASS,100.0,90.93333333333403,Mode: NORMAL. V_pcc: 0.964,0
2026-01-01T13:21:40Z,GRID_PASS,100.0,90.93333333333403,Mode: NORMAL. V_pcc: 0.964,0
2026-01-01T13:21:45Z,GRID_PASS,100.0,90.93333333333403,Mode: NORMAL. V_pcc: 0.964,0
2026-01-01T13:21:50Z,GRID_PASS,100.0,90.93333333333403,Mode: NORMAL. V_pcc: 0.964,0
2026-01-01T13:21:55Z,GRID_PASS,100.0,90.93333333333403,Mode: NORMAL. V_pcc: 0.964,0
2026-01-01T13:22:00Z,GRID_PASS,100.0,90.93333333333403,Mode: NORMAL. V_pcc: 0.964,0
2026-01-01T13:22:05Z,GRID_PASS,100.0,90.93333333333403,Mode: NORMAL. V_pcc: 0.964,0
2026-01-01T13:22:10Z,GRID_PASS,100.0,90.93333333333403,Mode: NORMAL. V_pcc: 0.964,0
2026-01-01T13:22:15Z,GRID_PASS,100.0,90.93333333333403,Mode: NORMAL. V_pcc: 0.964,0
2026-01-01T13:22:20Z,GRID_PASS,100.0,90.93333333333403,Mode: NORMAL. V_pcc: 0.964,0
2026-01-01T13:22:25Z,GRID_PASS,100.0,90.93333333333403,Mode: NORMAL. V_pcc: 0.964,0
2026-01-01T13:22:30Z,GRID_PASS,100.0,90.93333333333403,Mode: NORMAL. V_pcc: 0.964,0
2026-01-01T13:22:35Z,GRID_PASS,100.0,90.93333333333403,Mode: NORMAL. V_pcc: 0.964,0
2026-01-01T13:22:40Z,GRID_PASS,100.0,90.93333333333403,Mode: NORMAL. V_pcc: 0.964,0
2026-01-01T13:22:45Z,GRID_PASS,100.0,90.93333333333403,Mode: NORMAL. V_pcc: 0.964,0
2026-01-01T13:22:50Z,GRID_PASS,100.0,90.93333333333403,Mode: NORMAL. V_pcc: 0.964,0
2026-01-01T13:22:55Z,GRID_PASS,100.0,90.93333333333403,Mode: NORMAL. V_pcc: 0.964,0
2026-01-01T13:23:00Z,GRID_PASS,100.0,90.93333333333403,Mode: NORMAL. V_pcc: 0.964,0
2026-01-01T13:23:05Z,GRID_PASS,100.0,90.93333333333403,Mode: NORMAL. V_pcc: 0.964,0
2026-01-01T13:23:10Z,GRID_PASS,100.0,90.93333333333403,Mode: NORMAL. V_pcc: 0.964,0
2026-01-01T13:23:15Z,GRID_PASS,100.0,90.93333333333403,Mode: NORMAL. V_pcc: 0.964,0
2026-01-01T13:23:20Z,GRID_PASS,100.0,90.93333333333403,Mode: NORMAL. V_pcc: 0.964,0
2026-01-01T13:23:25Z,GRID_PASS,100.0,90.93333333333403,Mode: NORMAL. V_pcc: 0.964,0
2026-01-01T13:23:30Z,GRID_PASS,100.0,90.93333333333403,Mode: NORMAL. V_pcc: 0.964,0
2026-01-01T13:23:35Z,GRID_PASS,100.0,90.93333333333403,Mode: NORMAL. V_pcc: 0.964,0
2026-01-01T13:23:40Z,GRID_PASS,100.0,90.93333333333403,Mode: NORMAL. V_pcc: 0.964,0
2026-01-01T13:23:45Z,GRID_PASS,100.0,90.93333333333403,Mode: NORMAL. V_pcc: 0.964,0
2026-01-01T13:23:50Z,GRID_PASS,100.0,90.93333333333403,Mode: NORMAL. V_pcc: 0.964,0
2026-01-01T13:23:55Z,GRID_PASS,100.0,90.93333333333403,Mode: NORMAL. V_pcc: 0.964,0
2026-01-01T13:24:00Z,GRID_PASS,100.0,90.93333333333403,Mode: NORMAL. V_pcc: 0.964,0
2026-01-01T13:24:05Z,GRID_PASS,100.0,90.93333333333403,Mode: NORMAL. V_pcc: 0.964,0
2026-01-01T13:24:10Z,GRID_PASS,100.0,90.93333333333403,Mode: NORMAL. V_pcc: 0.964,0
2026-01-01T13:24:15Z,GRID_PASS,100.0,90.93333333333403,Mode: NORMAL. V_pcc: 0.964,0
2026-01-01T13:24:20Z,GRID_PASS,100.0,90.93333333333403,Mode: NORMAL. V_pcc: 0.964,0
2026-01-01T13:24:25Z,GRID_PASS,100.0,90.93333333333403,Mode: NORMAL. V_pcc: 0.964,0
2026-01-01T13:24:30Z,GRID_PASS,100.0,90.93333333333403,Mode: NORMAL. V_pcc: 0.964,0
2026-01-01T13:24:35Z,GRID_PASS,100.0,90.93333333333403,Mode: NORMAL. V_pcc: 0.964,0
2026-01-01T13:24:40Z,GRID_PASS,100.0,90.93333333333403,Mode: NORMAL. V_pcc: 0.964,0
2026-01-01T13:24:45Z,GRID_PASS,100.0,90.93333333333403,Mode: NORMAL. V_pcc: 0.964,0
2026-01-01T13:24:50Z,GRID_PASS,100.0,90.93333333333403,Mode: NORMAL. V_pcc: 0.964,0
2026-01-01T13:24:55Z,GRID_PASS,100.0,90.93333333333403,Mode: NORMAL. V_pcc: 0.964,0
2026-01-01T13:25:00Z,GRID_PASS,100.0,90.93333333333403,Mode: NORMAL. V_pcc: 0.964,0
2026-01-01T13:25:05Z,GRID_PASS,100.0,90.93333333333403,Mode: NORMAL. V_pcc: 0.964,0
2026-01-01T13:25:10Z,GRID_PASS,100.0,90.93333333333403,Mode: NORMAL. V_pcc: 0.964,0
2026-01-01T13:25:15Z,GRID_PASS,100.0,90.93333333333403,Mode: NORMAL. V_pcc: 0.964,0
2026-01-01T13:25:20Z,GRID_PASS,100.0,90.93333333333403,Mode: NORMAL. V_pcc: 0.964,0
2026-01-01T13:25:25Z,GRID_PASS,100.0,90.93333333333403,Mode: NORMAL. V_pcc: 0.964,0
2026-01-01T13:25:30Z,GRID_PASS,100.0,90.93333333333403,Mode: NORMAL. V_pcc: 0.964,0
2026-01-01T13:25:35Z,GRID_PASS,100.0,90.93333333333403,Mode: NORMAL. V_pcc: 0.964,0
2026-01-01T13:25:40Z,GRID_PASS,100.0,90.93333333333403,Mode: NORMAL. V_pcc: 0.964,0
2026-01-01T13:25:45Z,GRID_PASS,100.0,90.93333333333403,Mode: NORMAL. V_pcc: 0.964,0
2026-01-01T13:25:50Z,GRID_PASS,100.0,90.93333333333403,Mode: NORMAL. V_pcc: 0.964,0
2026-01-01T13:25:55Z,GRID_PASS,100.0,90.93333333333403,Mode: NORMAL. V_pcc: 0.964,0
2026-01-01T13:26:00Z,GRID_PASS,100.0,90.93333333333403,Mode: NORMAL. V_pcc: 0.964,0
2026-01-01T13:26:05Z,GRID_PASS,100.0,90.93333333333403,Mode: NORMAL. V_pcc: 0.964,0
2026-01-01T13:26:10Z,GRID_PASS,100.0,90.93333333333403,Mode: NORMAL. V_pcc: 0.964,0
2026-01-01T13:26:15Z,GRID_PASS,100.0,90.93333333333403,Mode: NORMAL. V_pcc: 0.964,0
2026-01-01T13:26:20Z,GRID_PASS,100.0,90.93333333333403,Mode: NORMAL. V_pcc: 0.964,0
2026-01-01T13:26:25Z,GRID_PASS,100.0,90.93333333333403,Mode: NORMAL. V_pcc: 0.964,0
2026-01-01T13:26:30Z,GRID_PASS,100.0,90.93333333333403,Mode: NORMAL. V_pcc: 0.964,0
2026-01-01T13:26:35Z,GRID_PASS,100.0,90.93333333333403,Mode: NORMAL. V_pcc: 0.964,0
2026-01-01T13:26:40Z,GRID_PASS,100.0,90.93333333333403,Mode: NORMAL. V_pcc: 0.964,0
2026-01-01T13:26:45Z,GRID_PASS,100.0,90.93333333333403,Mode: NORMAL. V_pcc: 0.964,0
2026-01-01T13:26:50Z,GRID_PASS,100.0,90.93333333333403,Mode: NORMAL. V_pcc: 0.964,0
2026-01-01T13:26:55Z,GRID_PASS,100.0,90.93333333333403,Mode: NORMAL. V_pcc: 0.964,0
2026-01-01T13:27:00Z,GRID_PASS,100.0,90.93333333333403,Mode: NORMAL. V_pcc: 0.964,0
2026-01-01T13:27:05Z,GRID_PASS,100.0,90.93333333333403,Mode: NORMAL. V_pcc: 0.964,0
2026-01-01T13:27:10Z,GRID_PASS,100.0,90.93333333333403,Mode: NORMAL. V_pcc: 0.964,0
2026-01-01T13:27:15Z,GRID_PASS,100.0,90.93333333333403,Mode: NORMAL. V_pcc: 0.964,0
2026-01-01T13:27:20Z,GRID_PASS,100.0,90.93333333333403,Mode: NORMAL. V_pcc: 0.964,0
2026-01-01T13:27:25Z,GRID_PASS,100.0,90.93333333333403,Mode: NORMAL. V_pcc: 0.964,0
2026-01-01T13:27:30Z,GRID_PASS,100.0,90.93333333333403,Mode: NORMAL. V_pcc: 0.964,0
2026-01-01T13:27:35Z,GRID_PASS,100.0,90.93333333333403,Mode: NORMAL. V_pcc: 0.964,0
2026-01-01T13:27:40Z,GRID_PASS,100.0,90.93333333333403,Mode: NORMAL. V_pcc: 0.964,0
2026-01-01T13:27:45Z,GRID_PASS,100.0,90.93333333333403,Mode: NORMAL. V_pcc: 0.964,0
2026-01-01T13:27:50Z,GRID_PASS,100.0,90.93333333333403,Mode: NORMAL. V_pcc: 0.964,0
2026-01-01T13:27:55Z,GRID_PASS,100.0,90.93333333333403,Mode: NORMAL. V_pcc: 0.964,0
2026-01-01T13:28:00Z,GRID_PASS,100.0,90.93333333333403,Mode: NORMAL. V_pcc: 0.964,0
2026-01-01T13:28:05Z,GRID_PASS,100.0,90.93333333333403,Mode: NORMAL. V_pcc: 0.964,0
2026-01-01T13:28:10Z,GRID_PASS,100.0,90.93333333333403,Mode: NORMAL. V_pcc: 0.964,0
2026-01-01T13:28:15Z,GRID_PASS,100.0,90.93333333333403,Mode: NORMAL. V_pcc: 0.964,0
2026-01-01T13:28:20Z,GRID_PASS,100.0,90.93333333333403,Mode: NORMAL. V_pcc: 0.964,0
2026-01-01T13:28:25Z,GRID_PASS,100.0,90.93333333333403,Mode: NORMAL. V_pcc: 0.964,0
2026-01-01T13:28:30Z,GRID_PASS,100.0,90.93333333333403,Mode: NORMAL. V_pcc: 0.964,0
2026-01-01T13:28:35Z,GRID_PASS,100.0,90.93333333333403,Mode: NORMAL. V_pcc: 0.964,0
2026-01-01T13:28:40Z,GRID_PASS,100.0,90.93333333333403,Mode: NORMAL. V_pcc: 0.964,0
2026-01-01T13:28:45Z,GRID_PASS,100.0,90.93333333333403,Mode: NORMAL. V_pcc: 0.964,0
2026-01-01T13:28:50Z,GRID_PASS,100.0,90.93333333333403,Mode: NORMAL. V_pcc: 0.964,0
2026-01-01T13:28:55Z,GRID_PASS,100.0,90.93333333333403,Mode: NORMAL. V_pcc: 0.964,0
2026-01-01T13:29:00Z,GRID_PASS,100.0,90.93333333333403,Mode: NORMAL. V_pcc: 0.964,0
2026-01-01T13:29:05Z,GRID_PASS,100.0,90.93333333333403,Mode: NORMAL. V_pcc: 0.964,0
2026-01-01T13:29:10Z,GRID_PASS,100.0,90.93333333333403,Mode: NORMAL. V_pcc: 0.964,0
2026-01-01T13:29:15Z,GRID_PASS,100.0,90.93333333333403,Mode: NORMAL. V_pcc: 0.964,0
2026-01-01T13:29:20Z,GRID_PASS,100.0,90.93333333333403,Mode: NORMAL. V_pcc: 0.964,0
2026-01-01T13:29:25Z,GRID_PASS,100.0,90.93333333333403,Mode: NORMAL. V_pcc: 0.964,0
2026-01-01T13:29:30Z,GRID_PASS,100.0,90.93333333333403,Mode: NORMAL. V_pcc: 0.964,0
2026-01-01T13:29:35Z,GRID_PASS,100.0,90.93333333333403,Mode: NORMAL. V_pcc: 0.964,0
2026-01-01T13:29:40Z,GRID_PASS,100.0,90.93333333333403,Mode: NORMAL. V_pcc: 0.964,0
2026-01-01T13:29:45Z,GRID_PASS,100.0,90.93333333333403,Mode: NORMAL. V_pcc: 0.964,0
2026-01-01T13:29:50Z,GRID_PASS,100.0,90.93333333333403,Mode: NORMAL. V_pcc: 0.964,0
2026-01-01T13:29:55Z,GRID_PASS,100.0,90.93333333333403,Mode: NORMAL. V_pcc: 0.964,0
2026-01-01T13:30:00Z,GRID_PASS,100.0,90.93333333333403,Mode: NORMAL. V_pcc: 0.964,0
2026-01-01T13:30:05Z,GRID_PASS,100.0,90.93333333333403,Mode: NORMAL. V_pcc: 0.964,0
2026-01-01T13:30:10Z,GRID_PASS,100.0,90.93333333333403,Mode: NORMAL. V_pcc: 0.964,0
2026-01-01T13:30:15Z,GRID_PASS,100.0,90.93333333333403,Mode: NORMAL. V_pcc: 0.964,0
2026-01-01T13:30:20Z,GRID_PASS,100.0,90.93333333333403,Mode: NORMAL. V_pcc: 0.964,0
2026-01-01T13:30:25Z,GRID_PASS,100.0,90.93333333333403,Mode: NORMAL. V_pcc: 0.964,0
2026-01-01T13:30:30Z,GRID_PASS,100.0,90.93333333333403,Mode: NORMAL. V_pcc: 0.964,0
2026-01-01T13:30:35Z,GRID_PASS,100.0,90.93333333333403,Mode: NORMAL. V_pcc: 0.964,0
2026-01-01T13:30:40Z,GRID_PASS,100.0,90.93333333333403,Mode: NORMAL. V_pcc: 0.964,0
2026-01-01T13:30:45Z,GRID_PASS,100.0,90.93333333333403,Mode: NORMAL. V_pcc: 0.964,0
2026-01-01T13:30:50Z,GRID_PASS,100.0,90.93333333333403,Mode: NORMAL. V_pcc: 0.964,0
2026-01-01T13:30:55Z,GRID_PASS,100.0,90.93333333333403,Mode: NORMAL. V_pcc: 0.964,0
2026-01-01T13:31:00Z,GRID_PASS,100.0,90.93333333333403,Mode: NORMAL. V_pcc: 0.964,0
2026-01-01T13:31:05Z,GRID_PASS,100.0,90.93333333333403,Mode: NORMAL. V_pcc: 0.964,0
2026-01-01T13:31:10Z,GRID_PASS,100.0,90.93333333333403,Mode: NORMAL. V_pcc: 0.964,0
2026-01-01T13:31:15Z,GRID_PASS,100.0,90.93333333333403,Mode: NORMAL. V_pcc: 0.964,0
2026-01-01T13:31:20Z,GRID_PASS,100.0,90.93333333333403,Mode: NORMAL. V_pcc: 0.964,0
2026-01-01T13:31:25Z,GRID_PASS,100.0,90.93333333333403,Mode: NORMAL. V_pcc: 0.964,0
2026-01-01T13:31:30Z,GRID_PASS,100.0,90.93333333333403,Mode: NORMAL. V_pcc: 0.964,0
2026-01-01T13:31:35Z,GRID_PASS,100.0,90.93333333333403,Mode: NORMAL. V_pcc: 0.964,0
2026-01-01T13:31:40Z,GRID_PASS,100.0,90.93333333333403,Mode: NORMAL. V_pcc: 0.964,0
2026-01-01T13:31:45Z,GRID_PASS,100.0,90.93333333333403,Mode: NORMAL. V_pcc: 0.964,0
2026-01-01T13:31:50Z,GRID_PASS,100.0,90.93333333333403,Mode: NORMAL. V_pcc: 0.964,0
2026-01-01T13:31:55Z,GRID_PASS,100.0,90.93333333333403,Mode: NORMAL. V_pcc: 0.964,0
2026-01-01T13:32:00Z,GRID_PASS,100.0,90.93333333333403,Mode: NORMAL. V_pcc: 0.964,0
2026-01-01T13:32:05Z,GRID_PASS,100.0,90.93333333333403,Mode: NORMAL. V_pcc: 0.964,0
2026-01-01T13:32:10Z,GRID_PASS,100.0,90.93333333333403,Mode: NORMAL. V_pcc: 0.964,0
2026-01-01T13:32:15Z,GRID_PASS,100.0,90.93333333333403,Mode: NORMAL. V_pcc: 0.964,0
2026-01-01T13:32:20Z,GRID_PASS,100.0,90.93333333333403,Mode: NORMAL. V_pcc: 0.964,0
2026-01-01T13:32:25Z,GRID_PASS,100.0,90.93333333333403,Mode: NORMAL. V_pcc: 0.964,0
2026-01-01T13:32:30Z,GRID_PASS,100.0,90.93333333333403,Mode: NORMAL. V_pcc: 0.964,0
2026-01-01T13:32:35Z,GRID_PASS,100.0,90.93333333333403,Mode: NORMAL. V_pcc: 0.964,0
2026-01-01T13:32:40Z,GRID_PASS,100.0,90.93333333333403,Mode: NORMAL. V_pcc: 0.964,0
2026-01-01T13:32:45Z,GRID_PASS,100.0,90.93333333333403,Mode: NORMAL. V_pcc: 0.964,0
2026-01-01T13:32:50Z,GRID_PASS,100.0,90.93333333333403,Mode: NORMAL. V_pcc: 0.964,0
2026-01-01T13:32:55Z,GRID_PASS,100.0,90.93333333333403,Mode: NORMAL. V_pcc: 0.964,0
2026-01-01T13:33:00Z,GRID_PASS,100.0,90.93333333333403,Mode: NORMAL. V_pcc: 0.964,0
2026-01-01T13:33:05Z,GRID_PASS,100.0,90.93333333333403,Mode: NORMAL. V_pcc: 0.964,0
2026-01-01T13:33:10Z,GRID_PASS,100.0,90.93333333333403,Mode: NORMAL. V_pcc: 0.964,0
2026-01-01T13:33:15Z,GRID_PASS,100.0,90.93333333333403,Mode: NORMAL. V_pcc: 0.964,0
2026-01-01T13:33:20Z,GRID_PASS,100.0,90.93333333333403,Mode: NORMAL. V_pcc: 0.964,0
2026-01-01T13:33:25Z,GRID_PASS,100.0,90.93333333333403,Mode: NORMAL. V_pcc: 0.964,0
2026-01-01T13:33:30Z,GRID_PASS,100.0,90.93333333333403,Mode: NORMAL. V_pcc: 0.964,0
2026-01-01T13:33:35Z,GRID_PASS,100.0,90.93333333333403,Mode: NORMAL. V_pcc: 0.964,0
2026-01-01T13:33:40Z,GRID_PASS,100.0,90.93333333333403,Mode: NORMAL. V_pcc: 0.964,0
2026-01-01T13:33:45Z,GRID_PASS,100.0,90.93333333333403,Mode: NORMAL. V_pcc: 0.964,0
2026-01-01T13:33:50Z,GRID_PASS,100.0,90.93333333333403,Mode: NORMAL. V_pcc: 0.964,0
2026-01-01T13:33:55Z,GRID_PASS,100.0,90.93333333333403,Mode: NORMAL. V_pcc: 0.964,0
2026-01-01T13:34:00Z,GRID_PASS,100.0,90.93333333333403,Mode: NORMAL. V_pcc: 0.964,0
2026-01-01T13:34:05Z,GRID_PASS,100.0,90.93333333333403,Mode: NORMAL. V_pcc: 0.964,0
2026-01-01T13:34:10Z,GRID_PASS,100.0,90.93333333333403,Mode: NORMAL. V_pcc: 0.964,0
2026-01-01T13:34:15Z,GRID_PASS,100.0,90.93333333333403,Mode: NORMAL. V_pcc: 0.964,0
2026-01-01T13:34:20Z,GRID_PASS,100.0,90.93333333333403,Mode: NORMAL. V_pcc: 0.964,0
2026-01-01T13:34:25Z,GRID_PASS,100.0,90.93333333333403,Mode: NORMAL. V_pcc: 0.964,0
2026-01-01T13:34:30Z,GRID_PASS,100.0,90.93333333333403,Mode: NORMAL. V_pcc: 0.964,0
2026-01-01T13:34:35Z,GRID_PASS,100.0,90.93333333333403,Mode: NORMAL. V_pcc: 0.964,0
2026-01-01T13:34:40Z,GRID_PASS,100.0,90.93333333333403,Mode: NORMAL. V_pcc: 0.964,0
2026-01-01T13:34:45Z,GRID_PASS,100.0,90.93333333333403,Mode: NORMAL. V_pcc: 0.964,0
2026-01-01T13:34:50Z,GRID_PASS,100.0,90.93333333333403,Mode: NORMAL. V_pcc: 0.964,0
2026-01-01T13:34:55Z,GRID_PASS,100.0,90.93333333333403,Mode: NORMAL. V_pcc: 0.964,0
2026-01-01T13:35:00Z,GRID_PASS,100.0,90.93333333333403,Mode: NORMAL. V_pcc: 0.964,0
2026-01-01T13:35:05Z,GRID_PASS,100.0,90.93333333333403,Mode: NORMAL. V_pcc: 0.964,0
2026-01-01T13:35:10Z,GRID_PASS,100.0,90.93333333333403,Mode: NORMAL. V_pcc: 0.964,0
2026-01-01T13:35:15Z,GRID_PASS,100.0,90.93333333333403,Mode: NORMAL. V_pcc: 0.964,0
2026-01-01T13:35:20Z,GRID_PASS,100.0,90.93333333333403,Mode: NORMAL. V_pcc: 0.964,0
2026-01-01T13:35:25Z,GRID_PASS,100.0,90.93333333333403,Mode: NORMAL. V_pcc: 0.964,0
2026-01-01T13:35:30Z,GRID_PASS,100.0,90.93333333333403,Mode: NORMAL. V_pcc: 0.964,0
2026-01-01T13:35:35Z,GRID_PASS,100.0,90.93333333333403,Mode: NORMAL. V_pcc: 0.964,0
2026-01-01T13:35:40Z,GRID_PASS,100.0,90.93333333333403,Mode: NORMAL. V_pcc: 0.964,0
2026-01-01T13:35:45Z,GRID_PASS,100.0,90.93333333333403,Mode: NORMAL. V_pcc: 0.964,0
2026-01-01T13:35:50Z,GRID_PASS,100.0,90.93333333333403,Mode: NORMAL. V_pcc: 0.964,0
2026-01-01T13:35:55Z,GRID_PASS,100.0,90.93333333333403,Mode: NORMAL. V_pcc: 0.964,0
2026-01-01T13:36:00Z,GRID_PASS,100.0,90.93333333333403,Mode: NORMAL. V_pcc: 0.964,0
2026-01-01T13:36:05Z,GRID_PASS,100.0,90.93333333333403,Mode: NORMAL. V_pcc: 0.964,0
2026-01-01T13:36:10Z,GRID_PASS,100.0,90.93333333333403,Mode: NORMAL. V_pcc: 0.964,0
2026-01-01T13:36:15Z,GRID_PASS,100.0,90.93333333333403,Mode: NORMAL. V_pcc: 0.964,0
2026-01-01T13:36:20Z,GRID_PASS,100.0,90.93333333333403,Mode: NORMAL. V_pcc: 0.964,0
2026-01-01T13:36:25Z,GRID_PASS,100.0,90.93333333333403,Mode: NORMAL. V_pcc: 0.964,0
2026-01-01T13:36:30Z,GRID_PASS,100.0,90.93333333333403,Mode: NORMAL. V_pcc: 0.964,0
2026-01-01T13:36:35Z,GRID_PASS,100.0,90.93333333333403,Mode: NORMAL. V_pcc: 0.964,0
2026-01-01T13:36:40Z,GRID_PASS,100.0,90.93333333333403,Mode: NORMAL. V_pcc: 0.964,0
2026-01-01T13:36:45Z,GRID_PASS,100.0,90.93333333333403,Mode: NORMAL. V_pcc: 0.964,0
2026-01-01T13:36:50Z,GRID_PASS,100.0,90.93333333333403,Mode: NORMAL. V_pcc: 0.964,0
2026-01-01T13:36:55Z,GRID_PASS,100.0,90.93333333333403,Mode: NORMAL. V_pcc: 0.964,0
2026-01-01T13:37:00Z,GRID_PASS,100.0,90.93333333333403,Mode: NORMAL. V_pcc: 0.964,0
2026-01-01T13:37:05Z,GRID_PASS,100.0,90.93333333333403,Mode: NORMAL. V_pcc: 0.964,0
2026-01-01T13:37:10Z,GRID_PASS,100.0,90.93333333333403,Mode: NORMAL. V_pcc: 0.964,0
2026-01-01T13:37:15Z,GRID_PASS,100.0,90.93333333333403,Mode: NORMAL. V_pcc: 0.964,0
2026-01-01T13:37:20Z,GRID_PASS,100.0,90.93333333333403,Mode: NORMAL. V_pcc: 0.964,0
2026-01-01T13:37:25Z,GRID_PASS,100.0,90.93333333333403,Mode: NORMAL. V_pcc: 0.964,0
2026-01-01T13:37:30Z,GRID_PASS,100.0,90.93333333333403,Mode: NORMAL. V_pcc: 0.964,0
2026-01-01T13:37:35Z,GRID_PASS,100.0,90.93333333333403,Mode: NORMAL. V_pcc: 0.964,0
2026-01-01T13:37:40Z,GRID_PASS,100.0,90.93333333333403,Mode: NORMAL. V_pcc: 0.964,0
2026-01-01T13:37:45Z,GRID_PASS,100.0,90.93333333333403,Mode: NORMAL. V_pcc: 0.964,0
2026-01-01T13:37:50Z,GRID_PASS,100.0,90.93333333333403,Mode: NORMAL. V_pcc: 0.964,0
2026-01-01T13:37:55Z,GRID_PASS,100.0,90.93333333333403,Mode: NORMAL. V_pcc: 0.964,0
2026-01-01T13:38:00Z,GRID_PASS,100.0,90.93333333333403,Mode: NORMAL. V_pcc: 0.964,0
2026-01-01T13:38:05Z,GRID_PASS,100.0,90.93333333333403,Mode: NORMAL. V_pcc: 0.964,0
2026-01-01T13:38:10Z,GRID_PASS,100.0,90.93333333333403,Mode: NORMAL. V_pcc: 0.964,0
2026-01-01T13:38:15Z,GRID_PASS,100.0,90.93333333333403,Mode: NORMAL. V_pcc: 0.964,0
2026-01-01T13:38:20Z,GRID_PASS,100.0,90.93333333333403,Mode: NORMAL. V_pcc: 0.964,0
2026-01-01T13:38:25Z,GRID_PASS,100.0,90.93333333333403,Mode: NORMAL. V_pcc: 0.964,0
2026-01-01T13:38:30Z,GRID_PASS,100.0,90.93333333333403,Mode: NORMAL. V_pcc: 0.964,0
2026-01-01T13:38:35Z,GRID_PASS,100.0,90.93333333333403,Mode: NORMAL. V_pcc: 0.964,0
2026-01-01T13:38:40Z,GRID_PASS,100.0,90.93333333333403,Mode: NORMAL. V_pcc: 0.964,0
2026-01-01T13:38:45Z,GRID_PASS,100.0,90.93333333333403,Mode: NORMAL. V_pcc: 0.964,0
2026-01-01T13:38:50Z,GRID_PASS,100.0,90.93333333333403,Mode: NORMAL. V_pcc: 0.964,0
2026-01-01T13:38:55Z,GRID_PASS,100.0,90.93333333333403,Mode: NORMAL. V_pcc: 0.964,0
2026-01-01T13:39:00Z,GRID_PASS,100.0,90.93333333333403,Mode: NORMAL. V_pcc: 0.964,0
2026-01-01T13:39:05Z,GRID_PASS,100.0,90.93333333333403,Mode: NORMAL. V_pcc: 0.964,0
2026-01-01T13:39:10Z,GRID_PASS,100.0,90.93333333333403,Mode: NORMAL. V_pcc: 0.964,0
2026-01-01T13:39:15Z,GRID_PASS,100.0,90.93333333333403,Mode: NORMAL. V_pcc: 0.964,0
2026-01-01T13:39:20Z,GRID_PASS,100.0,90.93333333333403,Mode: NORMAL. V_pcc: 0.964,0
2026-01-01T13:39:25Z,GRID_PASS,100.0,90.93333333333403,Mode: NORMAL. V_pcc: 0.964,0
2026-01-01T13:39:30Z,GRID_PASS,100.0,90.93333333333403,Mode: NORMAL. V_pcc: 0.964,0
2026-01-01T13:39:35Z,GRID_PASS,100.0,90.93333333333403,Mode: NORMAL. V_pcc: 0.964,0
2026-01-01T13:39:40Z,GRID_PASS,100.0,90.93333333333403,Mode: NORMAL. V_pcc: 0.964,0
2026-01-01T13:39:45Z,GRID_PASS,100.0,90.93333333333403,Mode: NORMAL. V_pcc: 0.964,0
2026-01-01T13:39:50Z,GRID_PASS,100.0,90.93333333333403,Mode: NORMAL. V_pcc: 0.964,0
2026-01-01T13:39:55Z,GRID_PASS,100.0,90.93333333333403,Mode: NORMAL. V_pcc: 0.964,0
2026-01-01T13:40:00Z,GRID_PASS,100.0,90.93333333333403,Mode: NORMAL. V_pcc: 0.964,0
2026-01-01T13:40:05Z,GRID_PASS,100.0,90.93333333333403,Mode: NORMAL. V_pcc: 0.964,0
2026-01-01T13:40:10Z,GRID_PASS,100.0,90.93333333333403,Mode: NORMAL. V_pcc: 0.964,0
2026-01-01T13:40:15Z,GRID_PASS,100.0,90.93333333333403,Mode: NORMAL. V_pcc: 0.964,0
2026-01-01T13:40:20Z,GRID_PASS,100.0,90.93333333333403,Mode: NORMAL. V_pcc: 0.964,0
2026-01-01T13:40:25Z,GRID_PASS,100.0,90.93333333333403,Mode: NORMAL. V_pcc: 0.964,0
2026-01-01T13:40:30Z,GRID_PASS,100.0,90.93333333333403,Mode: NORMAL. V_pcc: 0.964,0
2026-01-01T13:40:35Z,GRID_PASS,100.0,90.93333333333403,Mode: NORMAL. V_pcc: 0.964,0
2026-01-01T13:40:40Z,GRID_PASS,100.0,90.93333333333403,Mode: NORMAL. V_pcc: 0.964,0
2026-01-01T13:40:45Z,GRID_PASS,100.0,90.93333333333403,Mode: NORMAL. V_pcc: 0.964,0
2026-01-01T13:40:50Z,GRID_PASS,100.0,90.93333333333403,Mode: NORMAL. V_pcc: 0.964,0
2026-01-01T13:40:55Z,GRID_PASS,100.0,90.93333333333403,Mode: NORMAL. V_pcc: 0.964,0
2026-01-01T13:41:00Z,GRID_PASS,100.0,90.93333333333403,Mode: NORMAL. V_pcc: 0.964,0
2026-01-01T13:41:05Z,GRID_PASS,100.0,90.93333333333403,Mode: NORMAL. V_pcc: 0.964,0
2026-01-01T13:41:10Z,GRID_PASS,100.0,90.93333333333403,Mode: NORMAL. V_pcc: 0.964,0
2026-01-01T13:41:15Z,GRID_PASS,100.0,90.93333333333403,Mode: NORMAL. V_pcc: 0.964,0
2026-01-01T13:41:20Z,GRID_PASS,100.0,90.93333333333403,Mode: NORMAL. V_pcc: 0.964,0
2026-01-01T13:41:25Z,GRID_PASS,100.0,90.93333333333403,Mode: NORMAL. V_pcc: 0.964,0
2026-01-01T13:41:30Z,GRID_PASS,100.0,90.93333333333403,Mode: NORMAL. V_pcc: 0.964,0
2026-01-01T13:41:35Z,GRID_PASS,100.0,90.93333333333403,Mode: NORMAL. V_pcc: 0.964,0
2026-01-01T13:41:40Z,GRID_PASS,100.0,90.93333333333403,Mode: NORMAL. V_pcc: 0.964,0
2026-01-01T13:41:45Z,GRID_PASS,100.0,90.93333333333403,Mode: NORMAL. V_pcc: 0.964,0
2026-01-01T13:41:50Z,GRID_PASS,100.0,90.93333333333403,Mode: NORMAL. V_pcc: 0.964,0
2026-01-01T13:41:55Z,GRID_PASS,100.0,90.93333333333403,Mode: NORMAL. V_pcc: 0.964,0
2026-01-01T13:42:00Z,GRID_PASS,100.0,90.93333333333403,Mode: NORMAL. V_pcc: 0.964,0
2026-01-01T13:42:05Z,GRID_PASS,100.0,90.93333333333403,Mode: NORMAL. V_pcc: 0.964,0
2026-01-01T13:42:10Z,GRID_PASS,100.0,90.93333333333403,Mode: NORMAL. V_pcc: 0.964,0
2026-01-01T13:42:15Z,GRID_PASS,100.0,90.93333333333403,Mode: NORMAL. V_pcc: 0.964,0
2026-01-01T13:42:20Z,GRID_PASS,100.0,90.93333333333403,Mode: NORMAL. V_pcc: 0.964,0
2026-01-01T13:42:25Z,GRID_PASS,100.0,90.93333333333403,Mode: NORMAL. V_pcc: 0.964,0
2026-01-01T13:42:30Z,GRID_PASS,100.0,90.93333333333403,Mode: NORMAL. V_pcc: 0.964,0
2026-01-01T13:42:35Z,GRID_PASS,100.0,90.93333333333403,Mode: NORMAL. V_pcc: 0.964,0
2026-01-01T13:42:40Z,GRID_PASS,100.0,90.93333333333403,Mode: NORMAL. V_pcc: 0.964,0
2026-01-01T13:42:45Z,GRID_PASS,100.0,90.93333333333403,Mode: NORMAL. V_pcc: 0.964,0
2026-01-01T13:42:50Z,GRID_PASS,100.0,90.93333333333403,Mode: NORMAL. V_pcc: 0.964,0
2026-01-01T13:42:55Z,GRID_PASS,100.0,90.93333333333403,Mode: NORMAL. V_pcc: 0.964,0
2026-01-01T13:43:00Z,GRID_PASS,100.0,90.93333333333403,Mode: NORMAL. V_pcc: 0.964,0
2026-01-01T13:43:05Z,GRID_PASS,100.0,90.93333333333403,Mode: NORMAL. V_pcc: 0.964,0
2026-01-01T13:43:10Z,GRID_PASS,100.0,90.93333333333403,Mode: NORMAL. V_pcc: 0.964,0
2026-01-01T13:43:15Z,GRID_PASS,100.0,90.93333333333403,Mode: NORMAL. V_pcc: 0.964,0
2026-01-01T13:43:20Z,GRID_PASS,100.0,90.93333333333403,Mode: NORMAL. V_pcc: 0.964,0
2026-01-01T13:43:25Z,GRID_PASS,100.0,90.93333333333403,Mode: NORMAL. V_pcc: 0.964,0
2026-01-01T13:43:30Z,GRID_PASS,100.0,90.93333333333403,Mode: NORMAL. V_pcc: 0.964,0
2026-01-01T13:43:35Z,GRID_PASS,100.0,90.93333333333403,Mode: NORMAL. V_pcc: 0.964,0
2026-01-01T13:43:40Z,GRID_PASS,100.0,90.93333333333403,Mode: NORMAL. V_pcc: 0.964,0
2026-01-01T13:43:45Z,GRID_PASS,100.0,90.93333333333403,Mode: NORMAL. V_pcc: 0.964,0
2026-01-01T13:43:50Z,GRID_PASS,100.0,90.93333333333403,Mode: NORMAL. V_pcc: 0.964,0
2026-01-01T13:43:55Z,GRID_PASS,100.0,90.93333333333403,Mode: NORMAL. V_pcc: 0.964,0
2026-01-01T13:44:00Z,GRID_PASS,100.0,90.93333333333403,Mode: NORMAL. V_pcc: 0.964,0
2026-01-01T13:44:05Z,GRID_PASS,100.0,90.93333333333403,Mode: NORMAL. V_pcc: 0.964,0
2026-01-01T13:44:10Z,GRID_PASS,100.0,90.93333333333403,Mode: NORMAL. V_pcc: 0.964,0
2026-01-01T13:44:15Z,GRID_PASS,100.0,90.93333333333403,Mode: NORMAL. V_pcc: 0.964,0
2026-01-01T13:44:20Z,GRID_PASS,100.0,90.93333333333403,Mode: NORMAL. V_pcc: 0.964,0
2026-01-01T13:44:25Z,GRID_PASS,100.0,90.93333333333403,Mode: NORMAL. V_pcc: 0.964,0
2026-01-01T13:44:30Z,GRID_PASS,100.0,90.93333333333403,Mode: NORMAL. V_pcc: 0.964,0
2026-01-01T13:44:35Z,GRID_PASS,100.0,90.93333333333403,Mode: NORMAL. V_pcc: 0.964,0
2026-01-01T13:44:40Z,GRID_PASS,100.0,90.93333333333403,Mode: NORMAL. V_pcc: 0.964,0
2026-01-01T13:44:45Z,GRID_PASS,100.0,90.93333333333403,Mode: NORMAL. V_pcc: 0.964,0
2026-01-01T13:44:50Z,GRID_PASS,100.0,90.93333333333403,Mode: NORMAL. V_pcc: 0.964,0
2026-01-01T13:44:55Z,GRID_PASS,100.0,90.93333333333403,Mode: NORMAL. V_pcc: 0.964,0
2026-01-01T13:45:00Z,GRID_PASS,100.0,90.93333333333403,Mode: NORMAL. V_pcc: 0.964,0
2026-01-01T13:45:05Z,GRID_PASS,100.0,90.93333333333403,Mode: NORMAL. V_pcc: 0.964,0
2026-01-01T13:45:10Z,GRID_PASS,100.0,90.93333333333403,Mode: NORMAL. V_pcc: 0.964,0
2026-01-01T13:45:15Z,GRID_PASS,100.0,90.93333333333403,Mode: NORMAL. V_pcc: 0.964,0
2026-01-01T13:45:20Z,GRID_PASS,100.0,90.93333333333403,Mode: NORMAL. V_pcc: 0.964,0
2026-01-01T13:45:25Z,GRID_PASS,100.0,90.93333333333403,Mode: NORMAL. V_pcc: 0.964,0
2026-01-01T13:45:30Z,GRID_PASS,100.0,90.93333333333403,Mode: NORMAL. V_pcc: 0.964,0
2026-01-01T13:45:35Z,GRID_PASS,100.0,90.93333333333403,Mode: NORMAL. V_pcc: 0.964,0
2026-01-01T13:45:40Z,GRID_PASS,100.0,90.93333333333403,Mode: NORMAL. V_pcc: 0.964,0
2026-01-01T13:45:45Z,GRID_PASS,100.0,90.93333333333403,Mode: NORMAL. V_pcc: 0.964,0
2026-01-01T13:45:50Z,GRID_PASS,100.0,90.93333333333403,Mode: NORMAL. V_pcc: 0.964,0
2026-01-01T13:45:55Z,GRID_PASS,100.0,90.93333333333403,Mode: NORMAL. V_pcc: 0.964,0
2026-01-01T13:46:00Z,GRID_PASS,100.0,90.93333333333403,Mode: NORMAL. V_pcc: 0.964,0
2026-01-01T13:46:05Z,GRID_PASS,100.0,90.93333333333403,Mode: NORMAL. V_pcc: 0.964,0
2026-01-01T13:46:10Z,GRID_PASS,100.0,90.93333333333403,Mode: NORMAL. V_pcc: 0.964,0
2026-01-01T13:46:15Z,GRID_PASS,100.0,90.93333333333403,Mode: NORMAL. V_pcc: 0.964,0
2026-01-01T13:46:20Z,GRID_PASS,100.0,90.93333333333403,Mode: NORMAL. V_pcc: 0.964,0
2026-01-01T13:46:25Z,GRID_PASS,100.0,90.93333333333403,Mode: NORMAL. V_pcc: 0.964,0
2026-01-01T13:46:30Z,GRID_PASS,100.0,90.93333333333403,Mode: NORMAL. V_pcc: 0.964,0
2026-01-01T13:46:35Z,GRID_PASS,100.0,90.93333333333403,Mode: NORMAL. V_pcc: 0.964,0
2026-01-01T13:46:40Z,GRID_PASS,100.0,90.93333333333403,Mode: NORMAL. V_pcc: 0.964,0
2026-01-01T13:46:45Z,GRID_PASS,100.0,90.93333333333403,Mode: NORMAL. V_pcc: 0.964,0
2026-01-01T13:46:50Z,GRID_PASS,100.0,90.93333333333403,Mode: NORMAL. V_pcc: 0.964,0
2026-01-01T13:46:55Z,GRID_PASS,100.0,90.93333333333403,Mode: NORMAL. V_pcc: 0.964,0
2026-01-01T13:47:00Z,GRID_PASS,100.0,90.93333333333403,Mode: NORMAL. V_pcc: 0.964,0
2026-01-01T13:47:05Z,GRID_PASS,100.0,90.93333333333403,Mode: NORMAL. V_pcc: 0.964,0
2026-01-01T13:47:10Z,GRID_PASS,100.0,90.93333333333403,Mode: NORMAL. V_pcc: 0.964,0
2026-01-01T13:47:15Z,GRID_PASS,100.0,90.93333333333403,Mode: NORMAL. V_pcc: 0.964,0
2026-01-01T13:47:20Z,GRID_PASS,100.0,90.93333333333403,Mode: NORMAL. V_pcc: 0.964,0
2026-01-01T13:47:25Z,GRID_PASS,100.0,90.93333333333403,Mode: NORMAL. V_pcc: 0.964,0
2026-01-01T13:47:30Z,GRID_PASS,100.0,90.93333333333403,Mode: NORMAL. V_pcc: 0.964,0
2026-01-01T13:47:35Z,GRID_PASS,100.0,90.93333333333403,Mode: NORMAL. V_pcc: 0.964,0
2026-01-01T13:47:40Z,GRID_PASS,100.0,90.93333333333403,Mode: NORMAL. V_pcc: 0.964,0
2026-01-01T13:47:45Z,GRID_PASS,100.0,90.93333333333403,Mode: NORMAL. V_pcc: 0.964,0
2026-01-01T13:47:50Z,GRID_PASS,100.0,90.93333333333403,Mode: NORMAL. V_pcc: 0.964,0
2026-01-01T13:47:55Z,GRID_PASS,100.0,90.93333333333403,Mode: NORMAL. V_pcc: 0.964,0
2026-01-01T13:48:00Z,GRID_PASS,100.0,90.93333333333403,Mode: NORMAL. V_pcc: 0.964,0
2026-01-01T13:48:05Z,GRID_PASS,100.0,90.93333333333403,Mode: NORMAL. V_pcc: 0.964,0
2026-01-01T13:48:10Z,GRID_PASS,100.0,90.93333333333403,Mode: NORMAL. V_pcc: 0.964,0
2026-01-01T13:48:15Z,GRID_PASS,100.0,90.93333333333403,Mode: NORMAL. V_pcc: 0.964,0
2026-01-01T13:48:20Z,GRID_PASS,100.0,90.93333333333403,Mode: NORMAL. V_pcc: 0.964,0
2026-01-01T13:48:25Z,GRID_PASS,100.0,90.93333333333403,Mode: NORMAL. V_pcc: 0.964,0
2026-01-01T13:48:30Z,GRID_PASS,100.0,90.93333333333403,Mode: NORMAL. V_pcc: 0.964,0
2026-01-01T13:48:35Z,GRID_PASS,100.0,90.93333333333403,Mode: NORMAL. V_pcc: 0.964,0
2026-01-01T13:48:40Z,GRID_PASS,100.0,90.93333333333403,Mode: NORMAL. V_pcc: 0.964,0
2026-01-01T13:48:45Z,GRID_PASS,100.0,90.93333333333403,Mode: NORMAL. V_pcc: 0.964,0
2026-01-01T13:48:50Z,GRID_PASS,100.0,90.93333333333403,Mode: NORMAL. V_pcc: 0.964,0
2026-01-01T13:48:55Z,GRID_PASS,100.0,90.93333333333403,Mode: NORMAL. V_pcc: 0.964,0
2026-01-01T13:49:00Z,GRID_PASS,100.0,90.93333333333403,Mode: NORMAL. V_pcc: 0.964,0
2026-01-01T13:49:05Z,GRID_PASS,100.0,90.93333333333403,Mode: NORMAL. V_pcc: 0.964,0
2026-01-01T13:49:10Z,GRID_PASS,100.0,90.93333333333403,Mode: NORMAL. V_pcc: 0.964,0
2026-01-01T13:49:15Z,GRID_PASS,100.0,90.93333333333403,Mode: NORMAL. V_pcc: 0.964,0
2026-01-01T13:49:20Z,GRID_PASS,100.0,90.93333333333403,Mode: NORMAL. V_pcc: 0.964,0
2026-01-01T13:49:25Z,GRID_PASS,100.0,90.93333333333403,Mode: NORMAL. V_pcc: 0.964,0
2026-01-01T13:49:30Z,GRID_PASS,100.0,90.93333333333403,Mode: NORMAL. V_pcc: 0.964,0
2026-01-01T13:49:35Z,GRID_PASS,100.0,90.93333333333403,Mode: NORMAL. V_pcc: 0.964,0
2026-01-01T13:49:40Z,GRID_PASS,100.0,90.93333333333403,Mode: NORMAL. V_pcc: 0.964,0
2026-01-01T13:49:45Z,GRID_PASS,100.0,90.93333333333403,Mode: NORMAL. V_pcc: 0.964,0
2026-01-01T13:49:50Z,GRID_PASS,100.0,90.93333333333403,Mode: NORMAL. V_pcc: 0.964,0
2026-01-01T13:49:55Z,GRID_PASS,100.0,90.93333333333403,Mode: NORMAL. V_pcc: 0.964,0
2026-01-01T13:50:00Z,GRID_PASS,100.0,90.93333333333403,Mode: NORMAL. V_pcc: 0.964,0
2026-01-01T13:50:05Z,GRID_PASS,100.0,90.93333333333403,Mode: NORMAL. V_pcc: 0.964,0
2026-01-01T13:50:10Z,GRID_PASS,100.0,90.93333333333403,Mode: NORMAL. V_pcc: 0.964,0
2026-01-01T13:50:15Z,GRID_PASS,100.0,90.93333333333403,Mode: NORMAL. V_pcc: 0.964,0
2026-01-01T13:50:20Z,GRID_PASS,100.0,90.93333333333403,Mode: NORMAL. V_pcc: 0.964,0
2026-01-01T13:50:25Z,GRID_PASS,100.0,90.93333333333403,Mode: NORMAL. V_pcc: 0.964,0
2026-01-01T13:50:30Z,GRID_PASS,100.0,90.93333333333403,Mode: NORMAL. V_pcc: 0.964,0
2026-01-01T13:50:35Z,GRID_PASS,100.0,90.93333333333403,Mode: NORMAL. V_pcc: 0.964,0
2026-01-01T13:50:40Z,GRID_PASS,100.0,90.93333333333403,Mode: NORMAL. V_pcc: 0.964,0
2026-01-01T13:50:45Z,GRID_PASS,100.0,90.93333333333403,Mode: NORMAL. V_pcc: 0.964,0
2026-01-01T13:50:50Z,GRID_PASS,100.0,90.93333333333403,Mode: NORMAL. V_pcc: 0.964,0
2026-01-01T13:50:55Z,GRID_PASS,100.0,90.93333333333403,Mode: NORMAL. V_pcc: 0.964,0
2026-01-01T13:51:00Z,GRID_PASS,100.0,90.93333333333403,Mode: NORMAL. V_pcc: 0.964,0
2026-01-01T13:51:05Z,GRID_PASS,100.0,90.93333333333403,Mode: NORMAL. V_pcc: 0.964,0
2026-01-01T13:51:10Z,GRID_PASS,100.0,90.93333333333403,Mode: NORMAL. V_pcc: 0.964,0
2026-01-01T13:51:15Z,GRID_PASS,100.0,90.93333333333403,Mode: NORMAL. V_pcc: 0.964,0
2026-01-01T13:51:20Z,GRID_PASS,100.0,90.93333333333403,Mode: NORMAL. V_pcc: 0.964,0
2026-01-01T13:51:25Z,GRID_PASS,100.0,90.93333333333403,Mode: NORMAL. V_pcc: 0.964,0
2026-01-01T13:51:30Z,GRID_PASS,100.0,90.93333333333403,Mode: NORMAL. V_pcc: 0.964,0
2026-01-01T13:51:35Z,GRID_PASS,100.0,90.93333333333403,Mode: NORMAL. V_pcc: 0.964,0
2026-01-01T13:51:40Z,GRID_PASS,100.0,90.93333333333403,Mode: NORMAL. V_pcc: 0.964,0
2026-01-01T13:51:45Z,GRID_PASS,100.0,90.93333333333403,Mode: NORMAL. V_pcc: 0.964,0
2026-01-01T13:51:50Z,GRID_PASS,100.0,90.93333333333403,Mode: NORMAL. V_pcc: 0.964,0
2026-01-01T13:51:55Z,GRID_PASS,100.0,90.93333333333403,Mode: NORMAL. V_pcc: 0.964,0
2026-01-01T13:52:00Z,GRID_PASS,100.0,90.93333333333403,Mode: NORMAL. V_pcc: 0.964,0
2026-01-01T13:52:05Z,GRID_PASS,100.0,90.93333333333403,Mode: NORMAL. V_pcc: 0.964,0
2026-01-01T13:52:10Z,GRID_PASS,100.0,90.93333333333403,Mode: NORMAL. V_pcc: 0.964,0
2026-01-01T13:52:15Z,GRID_PASS,100.0,90.93333333333403,Mode: NORMAL. V_pcc: 0.964,0
2026-01-01T13:52:20Z,GRID_PASS,100.0,90.93333333333403,Mode: NORMAL. V_pcc: 0.964,0
2026-01-01T13:52:25Z,GRID_PASS,100.0,90.93333333333403,Mode: NORMAL. V_pcc: 0.964,0
2026-01-01T13:52:30Z,GRID_PASS,100.0,90.93333333333403,Mode: NORMAL. V_pcc: 0.964,0
2026-01-01T13:52:35Z,GRID_PASS,100.0,90.93333333333403,Mode: NORMAL. V_pcc: 0.964,0
2026-01-01T13:52:40Z,GRID_PASS,100.0,90.93333333333403,Mode: NORMAL. V_pcc: 0.964,0
2026-01-01T13:52:45Z,GRID_PASS,100.0,90.93333333333403,Mode: NORMAL. V_pcc: 0.964,0
2026-01-01T13:52:50Z,GRID_PASS,100.0,90.93333333333403,Mode: NORMAL. V_pcc: 0.964,0
2026-01-01T13:52:55Z,GRID_PASS,100.0,90.93333333333403,Mode: NORMAL. V_pcc: 0.964,0
2026-01-01T13:53:00Z,GRID_PASS,100.0,90.93333333333403,Mode: NORMAL. V_pcc: 0.964,0
2026-01-01T13:53:05Z,GRID_PASS,100.0,90.93333333333403,Mode: NORMAL. V_pcc: 0.964,0
2026-01-01T13:53:10Z,GRID_PASS,100.0,90.93333333333403,Mode: NORMAL. V_pcc: 0.964,0
2026-01-01T13:53:15Z,GRID_PASS,100.0,90.93333333333403,Mode: NORMAL. V_pcc: 0.964,0
2026-01-01T13:53:20Z,GRID_PASS,100.0,90.93333333333403,Mode: NORMAL. V_pcc: 0.964,0
2026-01-01T13:53:25Z,GRID_PASS,100.0,90.93333333333403,Mode: NORMAL. V_pcc: 0.964,0
2026-01-01T13:53:30Z,GRID_PASS,100.0,90.93333333333403,Mode: NORMAL. V_pcc: 0.964,0
2026-01-01T13:53:35Z,GRID_PASS,100.0,90.93333333333403,Mode: NORMAL. V_pcc: 0.964,0
2026-01-01T13:53:40Z,GRID_PASS,100.0,90.93333333333403,Mode: NORMAL. V_pcc: 0.964,0
2026-01-01T13:53:45Z,GRID_PASS,100.0,90.93333333333403,Mode: NORMAL. V_pcc: 0.964,0
2026-01-01T13:53:50Z,GRID_PASS,100.0,90.93333333333403,Mode: NORMAL. V_pcc: 0.964,0
2026-01-01T13:53:55Z,GRID_PASS,100.0,90.93333333333403,Mode: NORMAL. V_pcc: 0.964,0
2026-01-01T13:54:00Z,GRID_PASS,100.0,90.93333333333403,Mode: NORMAL. V_pcc: 0.964,0
2026-01-01T13:54:05Z,GRID_PASS,100.0,90.93333333333403,Mode: NORMAL. V_pcc: 0.964,0
2026-01-01T13:54:10Z,GRID_PASS,100.0,90.93333333333403,Mode: NORMAL. V_pcc: 0.964,0
2026-01-01T13:54:15Z,GRID_PASS,100.0,90.93333333333403,Mode: NORMAL. V_pcc: 0.964,0
2026-01-01T13:54:20Z,GRID_PASS,100.0,90.93333333333403,Mode: NORMAL. V_pcc: 0.964,0
2026-01-01T13:54:25Z,GRID_PASS,100.0,90.93333333333403,Mode: NORMAL. V_pcc: 0.964,0
2026-01-01T13:54:30Z,GRID_PASS,100.0,90.93333333333403,Mode: NORMAL. V_pcc: 0.964,0
2026-01-01T13:54:35Z,GRID_PASS,100.0,90.93333333333403,Mode: NORMAL. V_pcc: 0.964,0
2026-01-01T13:54:40Z,GRID_PASS,100.0,90.93333333333403,Mode: NORMAL. V_pcc: 0.964,0
2026-01-01T13:54:45Z,GRID_PASS,100.0,90.93333333333403,Mode: NORMAL. V_pcc: 0.964,0
2026-01-01T13:54:50Z,GRID_PASS,100.0,90.93333333333403,Mode: NORMAL. V_pcc: 0.964,0
2026-01-01T13:54:55Z,GRID_PASS,100.0,90.93333333333403,Mode: NORMAL. V_pcc: 0.964,0
2026-01-01T13:55:00Z,GRID_PASS,100.0,90.93333333333403,Mode: NORMAL. V_pcc: 0.964,0
2026-01-01T13:55:05Z,GRID_PASS,100.0,90.93333333333403,Mode: NORMAL. V_pcc: 0.964,0
2026-01-01T13:55:10Z,GRID_PASS,100.0,90.93333333333403,Mode: NORMAL. V_pcc: 0.964,0
2026-01-01T13:55:15Z,GRID_PASS,100.0,90.93333333333403,Mode: NORMAL. V_pcc: 0.964,0
2026-01-01T13:55:20Z,GRID_PASS,100.0,90.93333333333403,Mode: NORMAL. V_pcc: 0.964,0
2026-01-01T13:55:25Z,GRID_PASS,100.0,90.93333333333403,Mode: NORMAL. V_pcc: 0.964,0
2026-01-01T13:55:30Z,GRID_PASS,100.0,90.93333333333403,Mode: NORMAL. V_pcc: 0.964,0
2026-01-01T13:55:35Z,GRID_PASS,100.0,90.93333333333403,Mode: NORMAL. V_pcc: 0.964,0
2026-01-01T13:55:40Z,GRID_PASS,100.0,90.93333333333403,Mode: NORMAL. V_pcc: 0.964,0
2026-01-01T13:55:45Z,GRID_PASS,100.0,90.93333333333403,Mode: NORMAL. V_pcc: 0.964,0
2026-01-01T13:55:50Z,GRID_PASS,100.0,90.93333333333403,Mode: NORMAL. V_pcc: 0.964,0
2026-01-01T13:55:55Z,GRID_PASS,100.0,90.93333333333403,Mode: NORMAL. V_pcc: 0.964,0
2026-01-01T13:56:00Z,GRID_PASS,100.0,90.93333333333403,Mode: NORMAL. V_pcc: 0.964,0
2026-01-01T13:56:05Z,GRID_PASS,100.0,90.93333333333403,Mode: NORMAL. V_pcc: 0.964,0
2026-01-01T13:56:10Z,GRID_PASS,100.0,90.93333333333403,Mode: NORMAL. V_pcc: 0.964,0
2026-01-01T13:56:15Z,GRID_PASS,100.0,90.93333333333403,Mode: NORMAL. V_pcc: 0.964,0
2026-01-01T13:56:20Z,GRID_PASS,100.0,90.93333333333403,Mode: NORMAL. V_pcc: 0.964,0
2026-01-01T13:56:25Z,GRID_PASS,100.0,90.93333333333403,Mode: NORMAL. V_pcc: 0.964,0
2026-01-01T13:56:30Z,GRID_PASS,100.0,90.93333333333403,Mode: NORMAL. V_pcc: 0.964,0
2026-01-01T13:56:35Z,GRID_PASS,100.0,90.93333333333403,Mode: NORMAL. V_pcc: 0.964,0
2026-01-01T13:56:40Z,GRID_PASS,100.0,90.93333333333403,Mode: NORMAL. V_pcc: 0.964,0
2026-01-01T13:56:45Z,GRID_PASS,100.0,90.93333333333403,Mode: NORMAL. V_pcc: 0.964,0
2026-01-01T13:56:50Z,GRID_PASS,100.0,90.93333333333403,Mode: NORMAL. V_pcc: 0.964,0
2026-01-01T13:56:55Z,GRID_PASS,100.0,90.93333333333403,Mode: NORMAL. V_pcc: 0.964,0
2026-01-01T13:57:00Z,GRID_PASS,100.0,90.93333333333403,Mode: NORMAL. V_pcc: 0.964,0
2026-01-01T13:57:05Z,GRID_PASS,100.0,90.93333333333403,Mode: NORMAL. V_pcc: 0.964,0
2026-01-01T13:57:10Z,GRID_PASS,100.0,90.93333333333403,Mode: NORMAL. V_pcc: 0.964,0
2026-01-01T13:57:15Z,GRID_PASS,100.0,90.93333333333403,Mode: NORMAL. V_pcc: 0.964,0
2026-01-01T13:57:20Z,GRID_PASS,100.0,90.93333333333403,Mode: NORMAL. V_pcc: 0.964,0
2026-01-01T13:57:25Z,GRID_PASS,100.0,90.93333333333403,Mode: NORMAL. V_pcc: 0.964,0
2026-01-01T13:57:30Z,GRID_PASS,100.0,90.93333333333403,Mode: NORMAL. V_pcc: 0.964,0
2026-01-01T13:57:35Z,GRID_PASS,100.0,90.93333333333403,Mode: NORMAL. V_pcc: 0.964,0
2026-01-01T13:57:40Z,GRID_PASS,100.0,90.93333333333403,Mode: NORMAL. V_pcc: 0.964,0
2026-01-01T13:57:45Z,GRID_PASS,100.0,90.93333333333403,Mode: NORMAL. V_pcc: 0.964,0
2026-01-01T13:57:50Z,GRID_PASS,100.0,90.93333333333403,Mode: NORMAL. V_pcc: 0.964,0
2026-01-01T13:57:55Z,GRID_PASS,100.0,90.93333333333403,Mode: NORMAL. V_pcc: 0.964,0
2026-01-01T13:58:00Z,GRID_PASS,100.0,90.93333333333403,Mode: NORMAL. V_pcc: 0.964,0
2026-01-01T13:58:05Z,GRID_PASS,100.0,90.93333333333403,Mode: NORMAL. V_pcc: 0.964,0
2026-01-01T13:58:10Z,GRID_PASS,100.0,90.93333333333403,Mode: NORMAL. V_pcc: 0.964,0
2026-01-01T13:58:15Z,GRID_PASS,100.0,90.93333333333403,Mode: NORMAL. V_pcc: 0.964,0
2026-01-01T13:58:20Z,GRID_PASS,100.0,90.93333333333403,Mode: NORMAL. V_pcc: 0.964,0
2026-01-01T13:58:25Z,GRID_PASS,100.0,90.93333333333403,Mode: NORMAL. V_pcc: 0.964,0
2026-01-01T13:58:30Z,GRID_PASS,100.0,90.93333333333403,Mode: NORMAL. V_pcc: 0.964,0
2026-01-01T13:58:35Z,GRID_PASS,100.0,90.93333333333403,Mode: NORMAL. V_pcc: 0.964,0
2026-01-01T13:58:40Z,GRID_PASS,100.0,90.93333333333403,Mode: NORMAL. V_pcc: 0.964,0
2026-01-01T13:58:45Z,GRID_PASS,100.0,90.93333333333403,Mode: NORMAL. V_pcc: 0.964,0
2026-01-01T13:58:50Z,GRID_PASS,100.0,90.93333333333403,Mode: NORMAL. V_pcc: 0.964,0
2026-01-01T13:58:55Z,GRID_PASS,100.0,90.93333333333403,Mode: NORMAL. V_pcc: 0.964,0
2026-01-01T13:59:00Z,GRID_PASS,100.0,90.93333333333403,Mode: NORMAL. V_pcc: 0.964,0
2026-01-01T13:59:05Z,GRID_PASS,100.0,90.93333333333403,Mode: NORMAL. V_pcc: 0.964,0
2026-01-01T13:59:10Z,GRID_PASS,100.0,90.93333333333403,Mode: NORMAL. V_pcc: 0.964,0
2026-01-01T13:59:15Z,GRID_PASS,100.0,90.93333333333403,Mode: NORMAL. V_pcc: 0.964,0
2026-01-01T13:59:20Z,GRID_PASS,100.0,90.93333333333403,Mode: NORMAL. V_pcc: 0.964,0
2026-01-01T13:59:25Z,GRID_PASS,100.0,90.93333333333403,Mode: NORMAL. V_pcc: 0.964,0
2026-01-01T13:59:30Z,GRID_PASS,100.0,90.93333333333403,Mode: NORMAL. V_pcc: 0.964,0
2026-01-01T13:59:35Z,GRID_PASS,100.0,90.93333333333403,Mode: NORMAL. V_pcc: 0.964,0
2026-01-01T13:59:40Z,GRID_PASS,100.0,90.93333333333403,Mode: NORMAL. V_pcc: 0.964,0
2026-01-01T13:59:45Z,GRID_PASS,100.0,90.93333333333403,Mode: NORMAL. V_pcc: 0.964,0
2026-01-01T13:59:50Z,GRID_PASS,100.0,90.93333333333403,Mode: NORMAL. V_pcc: 0.964,0
2026-01-01T13:59:55Z,GRID_PASS,100.0,90.93333333333403,Mode: NORMAL. V_pcc: 0.964,0
2026-01-01T14:00:00Z,GRID_PASS,100.0,90.93333333333403,Mode: NORMAL. V_pcc: 0.964,0
2026-01-01T14:00:05Z,GRID_PASS,100.0,90.93333333333403,Mode: NORMAL. V_pcc: 0.964,0
2026-01-01T14:00:10Z,GRID_PASS,100.0,90.93333333333403,Mode: NORMAL. V_pcc: 0.964,0
2026-01-01T14:00:15Z,GRID_PASS,100.0,90.93333333333403,Mode: NORMAL. V_pcc: 0.964,0
2026-01-01T14:00:20Z,GRID_PASS,100.0,90.93333333333403,Mode: NORMAL. V_pcc: 0.964,0
2026-01-01T14:00:25Z,GRID_PASS,100.0,90.93333333333403,Mode: NORMAL. V_pcc: 0.964,0
2026-01-01T14:00:30Z,GRID_PASS,100.0,90.93333333333403,Mode: NORMAL. V_pcc: 0.964,0
2026-01-01T14:00:35Z,GRID_PASS,100.0,90.93333333333403,Mode: NORMAL. V_pcc: 0.964,0
2026-01-01T14:00:40Z,GRID_PASS,100.0,90.93333333333403,Mode: NORMAL. V_pcc: 0.964,0
2026-01-01T14:00:45Z,GRID_PASS,100.0,90.93333333333403,Mode: NORMAL. V_pcc: 0.964,0
2026-01-01T14:00:50Z,GRID_PASS,100.0,90.93333333333403,Mode: NORMAL. V_pcc: 0.964,0
2026-01-01T14:00:55Z,GRID_PASS,100.0,90.93333333333403,Mode: NORMAL. V_pcc: 0.964,0
2026-01-01T14:01:00Z,GRID_PASS,100.0,90.93333333333403,Mode: NORMAL. V_pcc: 0.964,0
2026-01-01T14:01:05Z,GRID_PASS,100.0,90.93333333333403,Mode: NORMAL. V_pcc: 0.964,0
2026-01-01T14:01:10Z,GRID_PASS,100.0,90.93333333333403,Mode: NORMAL. V_pcc: 0.964,0
2026-01-01T14:01:15Z,GRID_PASS,100.0,90.93333333333403,Mode: NORMAL. V_pcc: 0.964,0
2026-01-01T14:01:20Z,GRID_PASS,100.0,90.93333333333403,Mode: NORMAL. V_pcc: 0.964,0
2026-01-01T14:01:25Z,GRID_PASS,100.0,90.93333333333403,Mode: NORMAL. V_pcc: 0.964,0
2026-01-01T14:01:30Z,GRID_PASS,100.0,90.93333333333403,Mode: NORMAL. V_pcc: 0.964,0
2026-01-01T14:01:35Z,GRID_PASS,100.0,90.93333333333403,Mode: NORMAL. V_pcc: 0.964,0
2026-01-01T14:01:40Z,GRID_PASS,100.0,90.93333333333403,Mode: NORMAL. V_pcc: 0.964,0
2026-01-01T14:01:45Z,GRID_PASS,100.0,90.93333333333403,Mode: NORMAL. V_pcc: 0.964,0
2026-01-01T14:01:50Z,GRID_PASS,100.0,90.93333333333403,Mode: NORMAL. V_pcc: 0.964,0
2026-01-01T14:01:55Z,GRID_PASS,100.0,90.93333333333403,Mode: NORMAL. V_pcc: 0.964,0
2026-01-01T14:02:00Z,GRID_PASS,100.0,90.93333333333403,Mode: NORMAL. V_pcc: 0.964,0
2026-01-01T14:02:05Z,GRID_PASS,100.0,90.93333333333403,Mode: NORMAL. V_pcc: 0.964,0
2026-01-01T14:02:10Z,GRID_PASS,100.0,90.93333333333403,Mode: NORMAL. V_pcc: 0.964,0
2026-01-01T14:02:15Z,GRID_PASS,100.0,90.93333333333403,Mode: NORMAL. V_pcc: 0.964,0
2026-01-01T14:02:20Z,GRID_PASS,100.0,90.93333333333403,Mode: NORMAL. V_pcc: 0.964,0
2026-01-01T14:02:25Z,GRID_PASS,100.0,90.93333333333403,Mode: NORMAL. V_pcc: 0.964,0
2026-01-01T14:02:30Z,GRID_PASS,100.0,90.93333333333403,Mode: NORMAL. V_pcc: 0.964,0
2026-01-01T14:02:35Z,GRID_PASS,100.0,90.93333333333403,Mode: NORMAL. V_pcc: 0.964,0
2026-01-01T14:02:40Z,GRID_PASS,100.0,90.93333333333403,Mode: NORMAL. V_pcc: 0.964,0
2026-01-01T14:02:45Z,GRID_PASS,100.0,90.93333333333403,Mode: NORMAL. V_pcc: 0.964,0
2026-01-01T14:02:50Z,GRID_PASS,100.0,90.93333333333403,Mode: NORMAL. V_pcc: 0.964,0
2026-01-01T14:02:55Z,GRID_PASS,100.0,90.93333333333403,Mode: NORMAL. V_pcc: 0.964,0
2026-01-01T14:03:00Z,GRID_PASS,100.0,90.93333333333403,Mode: NORMAL. V_pcc: 0.964,0
2026-01-01T14:03:05Z,GRID_PASS,100.0,90.93333333333403,Mode: NORMAL. V_pcc: 0.964,0
2026-01-01T14:03:10Z,GRID_PASS,100.0,90.93333333333403,Mode: NORMAL. V_pcc: 0.964,0
2026-01-01T14:03:15Z,GRID_PASS,100.0,90.93333333333403,Mode: NORMAL. V_pcc: 0.964,0
2026-01-01T14:03:20Z,GRID_PASS,100.0,90.93333333333403,Mode: NORMAL. V_pcc: 0.964,0
2026-01-01T14:03:25Z,GRID_PASS,100.0,90.93333333333403,Mode: NORMAL. V_pcc: 0.964,0
2026-01-01T14:03:30Z,GRID_PASS,100.0,90.93333333333403,Mode: NORMAL. V_pcc: 0.964,0
2026-01-01T14:03:35Z,GRID_PASS,100.0,90.93333333333403,Mode: NORMAL. V_pcc: 0.964,0
2026-01-01T14:03:40Z,GRID_PASS,100.0,90.93333333333403,Mode: NORMAL. V_pcc: 0.964,0
2026-01-01T14:03:45Z,GRID_PASS,100.0,90.93333333333403,Mode: NORMAL. V_pcc: 0.964,0
2026-01-01T14:03:50Z,GRID_PASS,100.0,90.93333333333403,Mode: NORMAL. V_pcc: 0.964,0
2026-01-01T14:03:55Z,GRID_PASS,100.0,90.93333333333403,Mode: NORMAL. V_pcc: 0.964,0
2026-01-01T14:04:00Z,GRID_PASS,100.0,90.93333333333403,Mode: NORMAL. V_pcc: 0.964,0
2026-01-01T14:04:05Z,GRID_PASS,100.0,90.93333333333403,Mode: NORMAL. V_pcc: 0.964,0
2026-01-01T14:04:10Z,GRID_PASS,100.0,90.93333333333403,Mode: NORMAL. V_pcc: 0.964,0
2026-01-01T14:04:15Z,GRID_PASS,100.0,90.93333333333403,Mode: NORMAL. V_pcc: 0.964,0
2026-01-01T14:04:20Z,GRID_PASS,100.0,90.93333333333403,Mode: NORMAL. V_pcc: 0.964,0
2026-01-01T14:04:25Z,GRID_PASS,100.0,90.93333333333403,Mode: NORMAL. V_pcc: 0.964,0
2026-01-01T14:04:30Z,GRID_PASS,100.0,90.93333333333403,Mode: NORMAL. V_pcc: 0.964,0
2026-01-01T14:04:35Z,GRID_PASS,100.0,90.93333333333403,Mode: NORMAL. V_pcc: 0.964,0
2026-01-01T14:04:40Z,GRID_PASS,100.0,90.93333333333403,Mode: NORMAL. V_pcc: 0.964,0
2026-01-01T14:04:45Z,GRID_PASS,100.0,90.93333333333403,Mode: NORMAL. V_pcc: 0.964,0
2026-01-01T14:04:50Z,GRID_PASS,100.0,90.93333333333403,Mode: NORMAL. V_pcc: 0.964,0
2026-01-01T14:04:55Z,GRID_PASS,100.0,90.93333333333403,Mode: NORMAL. V_pcc: 0.964,0
2026-01-01T14:05:00Z,GRID_PASS,100.0,90.93333333333403,Mode: NORMAL. V_pcc: 0.964,0
2026-01-01T14:05:05Z,GRID_PASS,100.0,90.93333333333403,Mode: NORMAL. V_pcc: 0.964,0
2026-01-01T14:05:10Z,GRID_PASS,100.0,90.93333333333403,Mode: NORMAL. V_pcc: 0.964,0
2026-01-01T14:05:15Z,GRID_PASS,100.0,90.93333333333403,Mode: NORMAL. V_pcc: 0.964,0
2026-01-01T14:05:20Z,GRID_PASS,100.0,90.93333333333403,Mode: NORMAL. V_pcc: 0.964,0
2026-01-01T14:05:25Z,GRID_PASS,100.0,90.93333333333403,Mode: NORMAL. V_pcc: 0.964,0
2026-01-01T14:05:30Z,GRID_PASS,100.0,90.93333333333403,Mode: NORMAL. V_pcc: 0.964,0
2026-01-01T14:05:35Z,GRID_PASS,100.0,90.93333333333403,Mode: NORMAL. V_pcc: 0.964,0
2026-01-01T14:05:40Z,GRID_PASS,100.0,90.93333333333403,Mode: NORMAL. V_pcc: 0.964,0
2026-01-01T14:05:45Z,GRID_PASS,100.0,90.93333333333403,Mode: NORMAL. V_pcc: 0.964,0
2026-01-01T14:05:50Z,GRID_PASS,100.0,90.93333333333403,Mode: NORMAL. V_pcc: 0.964,0
2026-01-01T14:05:55Z,GRID_PASS,100.0,90.93333333333403,Mode: NORMAL. V_pcc: 0.964,0
2026-01-01T14:06:00Z,GRID_PASS,100.0,90.93333333333403,Mode: NORMAL. V_pcc: 0.964,0
2026-01-01T14:06:05Z,GRID_PASS,100.0,90.93333333333403,Mode: NORMAL. V_pcc: 0.964,0
2026-01-01T14:06:10Z,GRID_PASS,100.0,90.93333333333403,Mode: NORMAL. V_pcc: 0.964,0
2026-01-01T14:06:15Z,GRID_PASS,100.0,90.93333333333403,Mode: NORMAL. V_pcc: 0.964,0
2026-01-01T14:06:20Z,GRID_PASS,100.0,90.93333333333403,Mode: NORMAL. V_pcc: 0.964,0
2026-01-01T14:06:25Z,GRID_PASS,100.0,90.93333333333403,Mode: NORMAL. V_pcc: 0.964,0
2026-01-01T14:06:30Z,GRID_PASS,100.0,90.93333333333403,Mode: NORMAL. V_pcc: 0.964,0
2026-01-01T14:06:35Z,GRID_PASS,100.0,90.93333333333403,Mode: NORMAL. V_pcc: 0.964,0
2026-01-01T14:06:40Z,GRID_PASS,100.0,90.93333333333403,Mode: NORMAL. V_pcc: 0.964,0
2026-01-01T14:06:45Z,GRID_PASS,100.0,90.93333333333403,Mode: NORMAL. V_pcc: 0.964,0
2026-01-01T14:06:50Z,GRID_PASS,100.0,90.93333333333403,Mode: NORMAL. V_pcc: 0.964,0
2026-01-01T14:06:55Z,GRID_PASS,100.0,90.93333333333403,Mode: NORMAL. V_pcc: 0.964,0
2026-01-01T14:07:00Z,GRID_PASS,100.0,90.93333333333403,Mode: NORMAL. V_pcc: 0.964,0
2026-01-01T14:07:05Z,GRID_PASS,100.0,90.93333333333403,Mode: NORMAL. V_pcc: 0.964,0
2026-01-01T14:07:10Z,GRID_PASS,100.0,90.93333333333403,Mode: NORMAL. V_pcc: 0.964,0
2026-01-01T14:07:15Z,GRID_PASS,100.0,90.93333333333403,Mode: NORMAL. V_pcc: 0.964,0
2026-01-01T14:07:20Z,GRID_PASS,100.0,90.93333333333403,Mode: NORMAL. V_pcc: 0.964,0
2026-01-01T14:07:25Z,GRID_PASS,100.0,90.93333333333403,Mode: NORMAL. V_pcc: 0.964,0
2026-01-01T14:07:30Z,GRID_PASS,100.0,90.93333333333403,Mode: NORMAL. V_pcc: 0.964,0
2026-01-01T14:07:35Z,GRID_PASS,100.0,90.93333333333403,Mode: NORMAL. V_pcc: 0.964,0
2026-01-01T14:07:40Z,GRID_PASS,100.0,90.93333333333403,Mode: NORMAL. V_pcc: 0.964,0
2026-01-01T14:07:45Z,GRID_PASS,100.0,90.93333333333403,Mode: NORMAL. V_pcc: 0.964,0
2026-01-01T14:07:50Z,GRID_PASS,100.0,90.93333333333403,Mode: NORMAL. V_pcc: 0.964,0
2026-01-01T14:07:55Z,GRID_PASS,100.0,90.93333333333403,Mode: NORMAL. V_pcc: 0.964,0
2026-01-01T14:08:00Z,GRID_PASS,100.0,90.93333333333403,Mode: NORMAL. V_pcc: 0.964,0
2026-01-01T14:08:05Z,GRID_PASS,100.0,90.93333333333403,Mode: NORMAL. V_pcc: 0.964,0
2026-01-01T14:08:10Z,GRID_PASS,100.0,90.93333333333403,Mode: NORMAL. V_pcc: 0.964,0
2026-01-01T14:08:15Z,GRID_PASS,100.0,90.93333333333403,Mode: NORMAL. V_pcc: 0.964,0
2026-01-01T14:08:20Z,GRID_PASS,100.0,90.93333333333403,Mode: NORMAL. V_pcc: 0.964,0
2026-01-01T14:08:25Z,GRID_PASS,100.0,90.93333333333403,Mode: NORMAL. V_pcc: 0.964,0
2026-01-01T14:08:30Z,GRID_PASS,100.0,90.93333333333403,Mode: NORMAL. V_pcc: 0.964,0
2026-01-01T14:08:35Z,GRID_PASS,100.0,90.93333333333403,Mode: NORMAL. V_pcc: 0.964,0
2026-01-01T14:08:40Z,GRID_PASS,100.0,90.93333333333403,Mode: NORMAL. V_pcc: 0.964,0
2026-01-01T14:08:45Z,GRID_PASS,100.0,90.93333333333403,Mode: NORMAL. V_pcc: 0.964,0
2026-01-01T14:08:50Z,GRID_PASS,100.0,90.93333333333403,Mode: NORMAL. V_pcc: 0.964,0
2026-01-01T14:08:55Z,GRID_PASS,100.0,90.93333333333403,Mode: NORMAL. V_pcc: 0.964,0
2026-01-01T14:09:00Z,GRID_PASS,100.0,90.93333333333403,Mode: NORMAL. V_pcc: 0.964,0
2026-01-01T14:09:05Z,GRID_PASS,100.0,90.93333333333403,Mode: NORMAL. V_pcc: 0.964,0
2026-01-01T14:09:10Z,GRID_PASS,100.0,90.93333333333403,Mode: NORMAL. V_pcc: 0.964,0
2026-01-01T14:09:15Z,GRID_PASS,100.0,90.93333333333403,Mode: NORMAL. V_pcc: 0.964,0
2026-01-01T14:09:20Z,GRID_PASS,100.0,90.93333333333403,Mode: NORMAL. V_pcc: 0.964,0
2026-01-01T14:09:25Z,GRID_PASS,100.0,90.93333333333403,Mode: NORMAL. V_pcc: 0.964,0
2026-01-01T14:09:30Z,GRID_PASS,100.0,90.93333333333403,Mode: NORMAL. V_pcc: 0.964,0
2026-01-01T14:09:35Z,GRID_PASS,100.0,90.93333333333403,Mode: NORMAL. V_pcc: 0.964,0
2026-01-01T14:09:40Z,GRID_PASS,100.0,90.93333333333403,Mode: NORMAL. V_pcc: 0.964,0
2026-01-01T14:09:45Z,GRID_PASS,100.0,90.93333333333403,Mode: NORMAL. V_pcc: 0.964,0
2026-01-01T14:09:50Z,GRID_PASS,100.0,90.93333333333403,Mode: NORMAL. V_pcc: 0.964,0
2026-01-01T14:09:55Z,GRID_PASS,100.0,90.93333333333403,Mode: NORMAL. V_pcc: 0.964,0
2026-01-01T14:10:00Z,GRID_PASS,100.0,90.93333333333403,Mode: NORMAL. V_pcc: 0.964,0
2026-01-01T14:10:05Z,GRID_PASS,100.0,90.93333333333403,Mode: NORMAL. V_pcc: 0.964,0
2026-01-01T14:10:10Z,GRID_PASS,100.0,90.93333333333403,Mode: NORMAL. V_pcc: 0.964,0
2026-01-01T14:10:15Z,GRID_PASS,100.0,90.93333333333403,Mode: NORMAL. V_pcc: 0.964,0
2026-01-01T14:10:20Z,GRID_PASS,100.0,90.93333333333403,Mode: NORMAL. V_pcc: 0.964,0
2026-01-01T14:10:25Z,GRID_PASS,100.0,90.93333333333403,Mode: NORMAL. V_pcc: 0.964,0
2026-01-01T14:10:30Z,GRID_PASS,100.0,90.93333333333403,Mode: NORMAL. V_pcc: 0.964,0
2026-01-01T14:10:35Z,GRID_PASS,100.0,90.93333333333403,Mode: NORMAL. V_pcc: 0.964,0
2026-01-01T14:10:40Z,GRID_PASS,100.0,90.93333333333403,Mode: NORMAL. V_pcc: 0.964,0
2026-01-01T14:10:45Z,GRID_PASS,100.0,90.93333333333403,Mode: NORMAL. V_pcc: 0.964,0
2026-01-01T14:10:50Z,GRID_PASS,100.0,90.93333333333403,Mode: NORMAL. V_pcc: 0.964,0
2026-01-01T14:10:55Z,GRID_PASS,100.0,90.93333333333403,Mode: NORMAL. V_pcc: 0.964,0
2026-01-01T14:11:00Z,GRID_PASS,100.0,90.93333333333403,Mode: NORMAL. V_pcc: 0.964,0
2026-01-01T14:11:05Z,GRID_PASS,100.0,90.93333333333403,Mode: NORMAL. V_pcc: 0.964,0
2026-01-01T14:11:10Z,GRID_PASS,100.0,90.93333333333403,Mode: NORMAL. V_pcc: 0.964,0
2026-01-01T14:11:15Z,GRID_PASS,100.0,90.93333333333403,Mode: NORMAL. V_pcc: 0.964,0
2026-01-01T14:11:20Z,GRID_PASS,100.0,90.93333333333403,Mode: NORMAL. V_pcc: 0.964,0
2026-01-01T14:11:25Z,GRID_PASS,100.0,90.93333333333403,Mode: NORMAL. V_pcc: 0.964,0
2026-01-01T14:11:30Z,GRID_PASS,100.0,90.93333333333403,Mode: NORMAL. V_pcc: 0.964,0
2026-01-01T14:11:35Z,GRID_PASS,100.0,90.93333333333403,Mode: NORMAL. V_pcc: 0.964,0
2026-01-01T14:11:40Z,GRID_PASS,100.0,90.93333333333403,Mode: NORMAL. V_pcc: 0.964,0
2026-01-01T14:11:45Z,GRID_PASS,100.0,90.93333333333403,Mode: NORMAL. V_pcc: 0.964,0
2026-01-01T14:11:50Z,GRID_PASS,100.0,90.93333333333403,Mode: NORMAL. V_pcc: 0.964,0
2026-01-01T14:11:55Z,GRID_PASS,100.0,90.93333333333403,Mode: NORMAL. V_pcc: 0.964,0
2026-01-01T14:12:00Z,GRID_PASS,100.0,90.93333333333403,Mode: NORMAL. V_pcc: 0.964,0
2026-01-01T14:12:05Z,GRID_PASS,100.0,90.93333333333403,Mode: NORMAL. V_pcc: 0.964,0
2026-01-01T14:12:10Z,GRID_PASS,100.0,90.93333333333403,Mode: NORMAL. V_pcc: 0.964,0
2026-01-01T14:12:15Z,GRID_PASS,100.0,90.93333333333403,Mode: NORMAL. V_pcc: 0.964,0
2026-01-01T14:12:20Z,GRID_PASS,100.0,90.93333333333403,Mode: NORMAL. V_pcc: 0.964,0
2026-01-01T14:12:25Z,GRID_PASS,100.0,90.93333333333403,Mode: NORMAL. V_pcc: 0.964,0
2026-01-01T14:12:30Z,GRID_PASS,100.0,90.93333333333403,Mode: NORMAL. V_pcc: 0.964,0
2026-01-01T14:12:35Z,GRID_PASS,100.0,90.93333333333403,Mode: NORMAL. V_pcc: 0.964,0
2026-01-01T14:12:40Z,GRID_PASS,100.0,90.93333333333403,Mode: NORMAL. V_pcc: 0.964,0
2026-01-01T14:12:45Z,GRID_PASS,100.0,90.93333333333403,Mode: NORMAL. V_pcc: 0.964,0
2026-01-01T14:12:50Z,GRID_PASS,100.0,90.93333333333403,Mode: NORMAL. V_pcc: 0.964,0
2026-01-01T14:12:55Z,GRID_PASS,100.0,90.93333333333403,Mode: NORMAL. V_pcc: 0.964,0
2026-01-01T14:13:00Z,GRID_PASS,100.0,90.93333333333403,Mode: NORMAL. V_pcc: 0.964,0
2026-01-01T14:13:05Z,GRID_PASS,100.0,90.93333333333403,Mode: NORMAL. V_pcc: 0.964,0
2026-01-01T14:13:10Z,GRID_PASS,100.0,90.93333333333403,Mode: NORMAL. V_pcc: 0.964,0
2026-01-01T14:13:15Z,GRID_PASS,100.0,90.93333333333403,Mode: NORMAL. V_pcc: 0.964,0
2026-01-01T14:13:20Z,GRID_PASS,100.0,90.93333333333403,Mode: NORMAL. V_pcc: 0.964,0
2026-01-01T14:13:25Z,GRID_PASS,100.0,90.93333333333403,Mode: NORMAL. V_pcc: 0.964,0
2026-01-01T14:13:30Z,GRID_PASS,100.0,90.93333333333403,Mode: NORMAL. V_pcc: 0.964,0
2026-01-01T14:13:35Z,GRID_PASS,100.0,90.93333333333403,Mode: NORMAL. V_pcc: 0.964,0
2026-01-01T14:13:40Z,GRID_PASS,100.0,90.93333333333403,Mode: NORMAL. V_pcc: 0.964,0
2026-01-01T14:13:45Z,GRID_PASS,100.0,90.93333333333403,Mode: NORMAL. V_pcc: 0.964,0
2026-01-01T14:13:50Z,GRID_PASS,100.0,90.93333333333403,Mode: NORMAL. V_pcc: 0.964,0
2026-01-01T14:13:55Z,GRID_PASS,100.0,90.93333333333403,Mode: NORMAL. V_pcc: 0.964,0
2026-01-01T14:14:00Z,GRID_PASS,100.0,90.93333333333403,Mode: NORMAL. V_pcc: 0.964,0
2026-01-01T14:14:05Z,GRID_PASS,100.0,90.93333333333403,Mode: NORMAL. V_pcc: 0.964,0
2026-01-01T14:14:10Z,GRID_PASS,100.0,90.93333333333403,Mode: NORMAL. V_pcc: 0.964,0
2026-01-01T14:14:15Z,GRID_PASS,100.0,90.93333333333403,Mode: NORMAL. V_pcc: 0.964,0
2026-01-01T14:14:20Z,GRID_PASS,100.0,90.93333333333403,Mode: NORMAL. V_pcc: 0.964,0
2026-01-01T14:14:25Z,GRID_PASS,100.0,90.93333333333403,Mode: NORMAL. V_pcc: 0.964,0
2026-01-01T14:14:30Z,GRID_PASS,100.0,90.93333333333403,Mode: NORMAL. V_pcc: 0.964,0
2026-01-01T14:14:35Z,GRID_PASS,100.0,90.93333333333403,Mode: NORMAL. V_pcc: 0.964,0
2026-01-01T14:14:40Z,GRID_PASS,100.0,90.93333333333403,Mode: NORMAL. V_pcc: 0.964,0
2026-01-01T14:14:45Z,GRID_PASS,100.0,90.93333333333403,Mode: NORMAL. V_pcc: 0.964,0
2026-01-01T14:14:50Z,GRID_PASS,100.0,90.93333333333403,Mode: NORMAL. V_pcc: 0.964,0
2026-01-01T14:14:55Z,GRID_PASS,100.0,90.93333333333403,Mode: NORMAL. V_pcc: 0.964,0
2026-01-01T14:15:00Z,GRID_PASS,100.0,90.93333333333403,Mode: NORMAL. V_pcc: 0.964,0
2026-01-01T14:15:05Z,GRID_PASS,100.0,90.93333333333403,Mode: NORMAL. V_pcc: 0.964,0
2026-01-01T14:15:10Z,GRID_PASS,100.0,90.93333333333403,Mode: NORMAL. V_pcc: 0.964,0
2026-01-01T14:15:15Z,GRID_PASS,100.0,90.93333333333403,Mode: NORMAL. V_pcc: 0.964,0
2026-01-01T14:15:20Z,GRID_PASS,100.0,90.93333333333403,Mode: NORMAL. V_pcc: 0.964,0
2026-01-01T14:15:25Z,GRID_PASS,100.0,90.93333333333403,Mode: NORMAL. V_pcc: 0.964,0
2026-01-01T14:15:30Z,GRID_PASS,100.0,90.93333333333403,Mode: NORMAL. V_pcc: 0.964,0
2026-01-01T14:15:35Z,GRID_PASS,100.0,90.93333333333403,Mode: NORMAL. V_pcc: 0.964,0
2026-01-01T14:15:40Z,GRID_PASS,100.0,90.93333333333403,Mode: NORMAL. V_pcc: 0.964,0
2026-01-01T14:15:45Z,GRID_PASS,100.0,90.93333333333403,Mode: NORMAL. V_pcc: 0.964,0
2026-01-01T14:15:50Z,GRID_PASS,100.0,90.93333333333403,Mode: NORMAL. V_pcc: 0.964,0
2026-01-01T14:15:55Z,GRID_PASS,100.0,90.93333333333403,Mode: NORMAL. V_pcc: 0.964,0
2026-01-01T14:16:00Z,GRID_PASS,100.0,90.93333333333403,Mode: NORMAL. V_pcc: 0.964,0
2026-01-01T14:16:05Z,GRID_PASS,100.0,90.93333333333403,Mode: NORMAL. V_pcc: 0.964,0
2026-01-01T14:16:10Z,GRID_PASS,100.0,90.93333333333403,Mode: NORMAL. V_pcc: 0.964,0
2026-01-01T14:16:15Z,GRID_PASS,100.0,90.93333333333403,Mode: NORMAL. V_pcc: 0.964,0
2026-01-01T14:16:20Z,GRID_PASS,100.0,90.93333333333403,Mode: NORMAL. V_pcc: 0.964,0
2026-01-01T14:16:25Z,GRID_PASS,100.0,90.93333333333403,Mode: NORMAL. V_pcc: 0.964,0
2026-01-01T14:16:30Z,GRID_PASS,100.0,90.93333333333403,Mode: NORMAL. V_pcc: 0.964,0
2026-01-01T14:16:35Z,GRID_PASS,100.0,90.93333333333403,Mode: NORMAL. V_pcc: 0.964,0
2026-01-01T14:16:40Z,GRID_PASS,100.0,90.93333333333403,Mode: NORMAL. V_pcc: 0.964,0
2026-01-01T14:16:45Z,GRID_PASS,100.0,90.93333333333403,Mode: NORMAL. V_pcc: 0.964,0
2026-01-01T14:16:50Z,GRID_PASS,100.0,90.93333333333403,Mode: NORMAL. V_pcc: 0.964,0
2026-01-01T14:16:55Z,GRID_PASS,100.0,90.93333333333403,Mode: NORMAL. V_pcc: 0.964,0
2026-01-01T14:17:00Z,GRID_PASS,100.0,90.93333333333403,Mode: NORMAL. V_pcc: 0.964,0
2026-01-01T14:17:05Z,GRID_PASS,100.0,90.93333333333403,Mode: NORMAL. V_pcc: 0.964,0
2026-01-01T14:17:10Z,GRID_PASS,100.0,90.93333333333403,Mode: NORMAL. V_pcc: 0.964,0
2026-01-01T14:17:15Z,GRID_PASS,100.0,90.93333333333403,Mode: NORMAL. V_pcc: 0.964,0
2026-01-01T14:17:20Z,GRID_PASS,100.0,90.93333333333403,Mode: NORMAL. V_pcc: 0.964,0
2026-01-01T14:17:25Z,GRID_PASS,100.0,90.93333333333403,Mode: NORMAL. V_pcc: 0.964,0
2026-01-01T14:17:30Z,GRID_PASS,100.0,90.93333333333403,Mode: NORMAL. V_pcc: 0.964,0
2026-01-01T14:17:35Z,GRID_PASS,100.0,90.93333333333403,Mode: NORMAL. V_pcc: 0.964,0
2026-01-01T14:17:40Z,GRID_PASS,100.0,90.93333333333403,Mode: NORMAL. V_pcc: 0.964,0
2026-01-01T14:17:45Z,GRID_PASS,100.0,90.93333333333403,Mode: NORMAL. V_pcc: 0.964,0
2026-01-01T14:17:50Z,GRID_PASS,100.0,90.93333333333403,Mode: NORMAL. V_pcc: 0.964,0
2026-01-01T14:17:55Z,GRID_PASS,100.0,90.93333333333403,Mode: NORMAL. V_pcc: 0.964,0
2026-01-01T14:18:00Z,GRID_PASS,100.0,90.93333333333403,Mode: NORMAL. V_pcc: 0.964,0
2026-01-01T14:18:05Z,GRID_PASS,100.0,90.93333333333403,Mode: NORMAL. V_pcc: 0.964,0
2026-01-01T14:18:10Z,GRID_PASS,100.0,90.93333333333403,Mode: NORMAL. V_pcc: 0.964,0
2026-01-01T14:18:15Z,GRID_PASS,100.0,90.93333333333403,Mode: NORMAL. V_pcc: 0.964,0
2026-01-01T14:18:20Z,GRID_PASS,100.0,90.93333333333403,Mode: NORMAL. V_pcc: 0.964,0
2026-01-01T14:18:25Z,GRID_PASS,100.0,90.93333333333403,Mode: NORMAL. V_pcc: 0.964,0
2026-01-01T14:18:30Z,GRID_PASS,100.0,90.93333333333403,Mode: NORMAL. V_pcc: 0.964,0
2026-01-01T14:18:35Z,GRID_PASS,100.0,90.93333333333403,Mode: NORMAL. V_pcc: 0.964,0
2026-01-01T14:18:40Z,GRID_PASS,100.0,90.93333333333403,Mode: NORMAL. V_pcc: 0.964,0
2026-01-01T14:18:45Z,GRID_PASS,100.0,90.93333333333403,Mode: NORMAL. V_pcc: 0.964,0
2026-01-01T14:18:50Z,GRID_PASS,100.0,90.93333333333403,Mode: NORMAL. V_pcc: 0.964,0
2026-01-01T14:18:55Z,GRID_PASS,100.0,90.93333333333403,Mode: NORMAL. V_pcc: 0.964,0
2026-01-01T14:19:00Z,GRID_PASS,100.0,90.93333333333403,Mode: NORMAL. V_pcc: 0.964,0
2026-01-01T14:19:05Z,GRID_PASS,100.0,90.93333333333403,Mode: NORMAL. V_pcc: 0.964,0
2026-01-01T14:19:10Z,GRID_PASS,100.0,90.93333333333403,Mode: NORMAL. V_pcc: 0.964,0
2026-01-01T14:19:15Z,GRID_PASS,100.0,90.93333333333403,Mode: NORMAL. V_pcc: 0.964,0
2026-01-01T14:19:20Z,GRID_PASS,100.0,90.93333333333403,Mode: NORMAL. V_pcc: 0.964,0
2026-01-01T14:19:25Z,GRID_PASS,100.0,90.93333333333403,Mode: NORMAL. V_pcc: 0.964,0
2026-01-01T14:19:30Z,GRID_PASS,100.0,90.93333333333403,Mode: NORMAL. V_pcc: 0.964,0
2026-01-01T14:19:35Z,GRID_PASS,100.0,90.93333333333403,Mode: NORMAL. V_pcc: 0.964,0
2026-01-01T14:19:40Z,GRID_PASS,100.0,90.93333333333403,Mode: NORMAL. V_pcc: 0.964,0
2026-01-01T14:19:45Z,GRID_PASS,100.0,90.93333333333403,Mode: NORMAL. V_pcc: 0.964,0
2026-01-01T14:19:50Z,GRID_PASS,100.0,90.93333333333403,Mode: NORMAL. V_pcc: 0.964,0
2026-01-01T14:19:55Z,GRID_PASS,100.0,90.93333333333403,Mode: NORMAL. V_pcc: 0.964,0
2026-01-01T14:20:00Z,GRID_PASS,100.0,90.93333333333403,Mode: NORMAL. V_pcc: 0.964,0
2026-01-01T14:20:05Z,GRID_PASS,100.0,90.93333333333403,Mode: NORMAL. V_pcc: 0.964,0
2026-01-01T14:20:10Z,GRID_PASS,100.0,90.93333333333403,Mode: NORMAL. V_pcc: 0.964,0
2026-01-01T14:20:15Z,GRID_PASS,100.0,90.93333333333403,Mode: NORMAL. V_pcc: 0.964,0
2026-01-01T14:20:20Z,GRID_PASS,100.0,90.93333333333403,Mode: NORMAL. V_pcc: 0.964,0
2026-01-01T14:20:25Z,GRID_PASS,100.0,90.93333333333403,Mode: NORMAL. V_pcc: 0.964,0
2026-01-01T14:20:30Z,GRID_PASS,100.0,90.93333333333403,Mode: NORMAL. V_pcc: 0.964,0
2026-01-01T14:20:35Z,GRID_PASS,100.0,90.93333333333403,Mode: NORMAL. V_pcc: 0.964,0
2026-01-01T14:20:40Z,GRID_PASS,100.0,90.93333333333403,Mode: NORMAL. V_pcc: 0.964,0
2026-01-01T14:20:45Z,GRID_PASS,100.0,90.93333333333403,Mode: NORMAL. V_pcc: 0.964,0
2026-01-01T14:20:50Z,GRID_PASS,100.0,90.93333333333403,Mode: NORMAL. V_pcc: 0.964,0
2026-01-01T14:20:55Z,GRID_PASS,100.0,90.93333333333403,Mode: NORMAL. V_pcc: 0.964,0
2026-01-01T14:21:00Z,GRID_PASS,100.0,90.93333333333403,Mode: NORMAL. V_pcc: 0.964,0
2026-01-01T14:21:05Z,GRID_PASS,100.0,90.93333333333403,Mode: NORMAL. V_pcc: 0.963,0
2026-01-01T14:21:10Z,GRID_PASS,100.0,90.93333333333403,Mode: NORMAL. V_pcc: 0.963,0
2026-01-01T14:21:15Z,GRID_PASS,100.0,90.93333333333403,Mode: NORMAL. V_pcc: 0.963,0
2026-01-01T14:21:20Z,GRID_PASS,100.0,90.93333333333403,Mode: NORMAL. V_pcc: 0.963,0
2026-01-01T14:21:25Z,GRID_PASS,100.0,90.93333333333403,Mode: NORMAL. V_pcc: 0.963,0
2026-01-01T14:21:30Z,GRID_PASS,100.0,90.93333333333403,Mode: NORMAL. V_pcc: 0.963,0
2026-01-01T14:21:35Z,GRID_PASS,100.0,90.93333333333403,Mode: NORMAL. V_pcc: 0.963,0
2026-01-01T14:21:40Z,GRID_PASS,100.0,90.93333333333403,Mode: NORMAL. V_pcc: 0.963,0
2026-01-01T14:21:45Z,GRID_PASS,100.0,90.93333333333403,Mode: NORMAL. V_pcc: 0.963,0
2026-01-01T14:21:50Z,GRID_PASS,100.0,90.93333333333403,Mode: NORMAL. V_pcc: 0.963,0
2026-01-01T14:21:55Z,GRID_PASS,100.0,90.93333333333403,Mode: NORMAL. V_pcc: 0.963,0
2026-01-01T14:22:00Z,GRID_PASS,100.0,90.93333333333403,Mode: NORMAL. V_pcc: 0.963,0
2026-01-01T14:22:05Z,GRID_PASS,100.0,90.93333333333403,Mode: NORMAL. V_pcc: 0.963,0
2026-01-01T14:22:10Z,GRID_PASS,100.0,90.93333333333403,Mode: NORMAL. V_pcc: 0.963,0
2026-01-01T14:22:15Z,GRID_PASS,100.0,90.93333333333403,Mode: NORMAL. V_pcc: 0.963,0
2026-01-01T14:22:20Z,GRID_PASS,100.0,90.93333333333403,Mode: NORMAL. V_pcc: 0.963,0
2026-01-01T14:22:25Z,GRID_PASS,100.0,90.93333333333403,Mode: NORMAL. V_pcc: 0.963,0
2026-01-01T14:22:30Z,GRID_PASS,100.0,90.93333333333403,Mode: NORMAL. V_pcc: 0.963,0
2026-01-01T14:22:35Z,GRID_PASS,100.0,90.93333333333403,Mode: NORMAL. V_pcc: 0.963,0
2026-01-01T14:22:40Z,GRID_PASS,100.0,90.93333333333403,Mode: NORMAL. V_pcc: 0.963,0
2026-01-01T14:22:45Z,GRID_PASS,100.0,90.93333333333403,Mode: NORMAL. V_pcc: 0.963,0
2026-01-01T14:22:50Z,GRID_PASS,100.0,90.93333333333403,Mode: NORMAL. V_pcc: 0.963,0
2026-01-01T14:22:55Z,GRID_PASS,100.0,90.93333333333403,Mode: NORMAL. V_pcc: 0.963,0
2026-01-01T14:23:00Z,GRID_PASS,100.0,90.93333333333403,Mode: NORMAL. V_pcc: 0.963,0
2026-01-01T14:23:05Z,GRID_PASS,100.0,90.93333333333403,Mode: NORMAL. V_pcc: 0.963,0
2026-01-01T14:23:10Z,GRID_PASS,100.0,90.93333333333403,Mode: NORMAL. V_pcc: 0.963,0
2026-01-01T14:23:15Z,GRID_PASS,100.0,90.93333333333403,Mode: NORMAL. V_pcc: 0.963,0
2026-01-01T14:23:20Z,GRID_PASS,100.0,90.93333333333403,Mode: NORMAL. V_pcc: 0.963,0
2026-01-01T14:23:25Z,GRID_PASS,100.0,90.93333333333403,Mode: NORMAL. V_pcc: 0.963,0
2026-01-01T14:23:30Z,GRID_PASS,100.0,90.93333333333403,Mode: NORMAL. V_pcc: 0.963,0
2026-01-01T14:23:35Z,GRID_PASS,100.0,90.93333333333403,Mode: NORMAL. V_pcc: 0.963,0
2026-01-01T14:23:40Z,GRID_PASS,100.0,90.93333333333403,Mode: NORMAL. V_pcc: 0.963,0
2026-01-01T14:23:45Z,GRID_PASS,100.0,90.93333333333403,Mode: NORMAL. V_pcc: 0.963,0
2026-01-01T14:23:50Z,GRID_PASS,100.0,90.93333333333403,Mode: NORMAL. V_pcc: 0.963,0
2026-01-01T14:23:55Z,GRID_PASS,100.0,90.93333333333403,Mode: NORMAL. V_pcc: 0.963,0
2026-01-01T14:24:00Z,GRID_PASS,100.0,90.93333333333403,Mode: NORMAL. V_pcc: 0.963,0
2026-01-01T14:24:05Z,GRID_PASS,100.0,90.93333333333403,Mode: NORMAL. V_pcc: 0.963,0
2026-01-01T14:24:10Z,GRID_PASS,100.0,90.93333333333403,Mode: NORMAL. V_pcc: 0.963,0
2026-01-01T14:24:15Z,GRID_PASS,100.0,90.93333333333403,Mode: NORMAL. V_pcc: 0.963,0
2026-01-01T14:24:20Z,GRID_PASS,100.0,90.93333333333403,Mode: NORMAL. V_pcc: 0.963,0
2026-01-01T14:24:25Z,GRID_PASS,100.0,90.93333333333403,Mode: NORMAL. V_pcc: 0.963,0
2026-01-01T14:24:30Z,GRID_PASS,100.0,90.93333333333403,Mode: NORMAL. V_pcc: 0.963,0
2026-01-01T14:24:35Z,GRID_PASS,100.0,90.93333333333403,Mode: NORMAL. V_pcc: 0.963,0
2026-01-01T14:24:40Z,GRID_PASS,100.0,90.93333333333403,Mode: NORMAL. V_pcc: 0.963,0
2026-01-01T14:24:45Z,GRID_PASS,100.0,90.93333333333403,Mode: NORMAL. V_pcc: 0.963,0
2026-01-01T14:24:50Z,GRID_PASS,100.0,90.93333333333403,Mode: NORMAL. V_pcc: 0.963,0
2026-01-01T14:24:55Z,GRID_PASS,100.0,90.93333333333403,Mode: NORMAL. V_pcc: 0.963,0
2026-01-01T14:25:00Z,GRID_PASS,100.0,90.93333333333403,Mode: NORMAL. V_pcc: 0.963,0
2026-01-01T14:25:05Z,GRID_PASS,100.0,90.93333333333403,Mode: NORMAL. V_pcc: 0.963,0
2026-01-01T14:25:10Z,GRID_PASS,100.0,90.93333333333403,Mode: NORMAL. V_pcc: 0.963,0
2026-01-01T14:25:15Z,GRID_PASS,100.0,90.93333333333403,Mode: NORMAL. V_pcc: 0.963,0
2026-01-01T14:25:20Z,GRID_PASS,100.0,90.93333333333403,Mode: NORMAL. V_pcc: 0.963,0
2026-01-01T14:25:25Z,GRID_PASS,100.0,90.93333333333403,Mode: NORMAL. V_pcc: 0.963,0
2026-01-01T14:25:30Z,GRID_PASS,100.0,90.93333333333403,Mode: NORMAL. V_pcc: 0.963,0
2026-01-01T14:25:35Z,GRID_PASS,100.0,90.93333333333403,Mode: NORMAL. V_pcc: 0.963,0
2026-01-01T14:25:40Z,GRID_PASS,100.0,90.93333333333403,Mode: NORMAL. V_pcc: 0.963,0
2026-01-01T14:25:45Z,GRID_PASS,100.0,90.93333333333403,Mode: NORMAL. V_pcc: 0.963,0
2026-01-01T14:25:50Z,GRID_PASS,100.0,90.93333333333403,Mode: NORMAL. V_pcc: 0.963,0
2026-01-01T14:25:55Z,GRID_PASS,100.0,90.93333333333403,Mode: NORMAL. V_pcc: 0.963,0
2026-01-01T14:26:00Z,GRID_PASS,100.0,90.93333333333403,Mode: NORMAL. V_pcc: 0.963,0
2026-01-01T14:26:05Z,GRID_PASS,100.0,90.93333333333403,Mode: NORMAL. V_pcc: 0.963,0
2026-01-01T14:26:10Z,GRID_PASS,100.0,90.93333333333403,Mode: NORMAL. V_pcc: 0.963,0
2026-01-01T14:26:15Z,GRID_PASS,100.0,90.93333333333403,Mode: NORMAL. V_pcc: 0.963,0
2026-01-01T14:26:20Z,GRID_PASS,100.0,90.93333333333403,Mode: NORMAL. V_pcc: 0.963,0
2026-01-01T14:26:25Z,GRID_PASS,100.0,90.93333333333403,Mode: NORMAL. V_pcc: 0.963,0
2026-01-01T14:26:30Z,GRID_PASS,100.0,90.93333333333403,Mode: NORMAL. V_pcc: 0.963,0
2026-01-01T14:26:35Z,GRID_PASS,100.0,90.93333333333403,Mode: NORMAL. V_pcc: 0.963,0
2026-01-01T14:26:40Z,GRID_PASS,100.0,90.93333333333403,Mode: NORMAL. V_pcc: 0.963,0
2026-01-01T14:26:45Z,GRID_PASS,100.0,90.93333333333403,Mode: NORMAL. V_pcc: 0.963,0
2026-01-01T14:26:50Z,GRID_PASS,100.0,90.93333333333403,Mode: NORMAL. V_pcc: 0.963,0
2026-01-01T14:26:55Z,GRID_PASS,100.0,90.93333333333403,Mode: NORMAL. V_pcc: 0.963,0
2026-01-01T14:27:00Z,GRID_PASS,100.0,90.93333333333403,Mode: NORMAL. V_pcc: 0.963,0
2026-01-01T14:27:05Z,GRID_PASS,100.0,90.93333333333403,Mode: NORMAL. V_pcc: 0.963,0
2026-01-01T14:27:10Z,GRID_PASS,100.0,90.93333333333403,Mode: NORMAL. V_pcc: 0.963,0
2026-01-01T14:27:15Z,GRID_PASS,100.0,90.93333333333403,Mode: NORMAL. V_pcc: 0.963,0
2026-01-01T14:27:20Z,GRID_PASS,100.0,90.93333333333403,Mode: NORMAL. V_pcc: 0.963,0
2026-01-01T14:27:25Z,GRID_PASS,100.0,90.93333333333403,Mode: NORMAL. V_pcc: 0.963,0
2026-01-01T14:27:30Z,GRID_PASS,100.0,90.93333333333403,Mode: NORMAL. V_pcc: 0.963,0
2026-01-01T14:27:35Z,GRID_PASS,100.0,90.93333333333403,Mode: NORMAL. V_pcc: 0.963,0
2026-01-01T14:27:40Z,GRID_PASS,100.0,90.93333333333403,Mode: NORMAL. V_pcc: 0.963,0
2026-01-01T14:27:45Z,GRID_PASS,100.0,90.93333333333403,Mode: NORMAL. V_pcc: 0.963,0
2026-01-01T14:27:50Z,GRID_PASS,100.0,90.93333333333403,Mode: NORMAL. V_pcc: 0.963,0
2026-01-01T14:27:55Z,GRID_PASS,100.0,90.93333333333403,Mode: NORMAL. V_pcc: 0.963,0
2026-01-01T14:28:00Z,GRID_PASS,100.0,90.93333333333403,Mode: NORMAL. V_pcc: 0.963,0
2026-01-01T14:28:05Z,GRID_PASS,100.0,90.93333333333403,Mode: NORMAL. V_pcc: 0.963,0
2026-01-01T14:28:10Z,GRID_PASS,100.0,90.93333333333403,Mode: NORMAL. V_pcc: 0.963,0
2026-01-01T14:28:15Z,GRID_PASS,100.0,90.93333333333403,Mode: NORMAL. V_pcc: 0.963,0
2026-01-01T14:28:20Z,GRID_PASS,100.0,90.93333333333403,Mode: NORMAL. V_pcc: 0.963,0
2026-01-01T14:28:25Z,GRID_PASS,100.0,90.93333333333403,Mode: NORMAL. V_pcc: 0.963,0
2026-01-01T14:28:30Z,GRID_PASS,100.0,90.93333333333403,Mode: NORMAL. V_pcc: 0.963,0
2026-01-01T14:28:35Z,GRID_PASS,100.0,90.93333333333403,Mode: NORMAL. V_pcc: 0.963,0
2026-01-01T14:28:40Z,GRID_PASS,100.0,90.93333333333403,Mode: NORMAL. V_pcc: 0.963,0
2026-01-01T14:28:45Z,GRID_PASS,100.0,90.93333333333403,Mode: NORMAL. V_pcc: 0.963,0
2026-01-01T14:28:50Z,GRID_PASS,100.0,90.93333333333403,Mode: NORMAL. V_pcc: 0.963,0
2026-01-01T14:28:55Z,GRID_PASS,100.0,90.93333333333403,Mode: NORMAL. V_pcc: 0.963,0
2026-01-01T14:29:00Z,GRID_PASS,100.0,90.93333333333403,Mode: NORMAL. V_pcc: 0.963,0
2026-01-01T14:29:05Z,GRID_PASS,100.0,90.93333333333403,Mode: NORMAL. V_pcc: 0.963,0
2026-01-01T14:29:10Z,GRID_PASS,100.0,90.93333333333403,Mode: NORMAL. V_pcc: 0.963,0
2026-01-01T14:29:15Z,GRID_PASS,100.0,90.93333333333403,Mode: NORMAL. V_pcc: 0.963,0
2026-01-01T14:29:20Z,GRID_PASS,100.0,90.93333333333403,Mode: NORMAL. V_pcc: 0.963,0
2026-01-01T14:29:25Z,GRID_PASS,100.0,90.93333333333403,Mode: NORMAL. V_pcc: 0.963,0
2026-01-01T14:29:30Z,GRID_PASS,100.0,90.93333333333403,Mode: NORMAL. V_pcc: 0.963,0
2026-01-01T14:29:35Z,GRID_PASS,100.0,90.93333333333403,Mode: NORMAL. V_pcc: 0.963,0
2026-01-01T14:29:40Z,GRID_PASS,100.0,90.93333333333403,Mode: NORMAL. V_pcc: 0.963,0
2026-01-01T14:29:45Z,GRID_PASS,100.0,90.93333333333403,Mode: NORMAL. V_pcc: 0.963,0
2026-01-01T14:29:50Z,GRID_PASS,100.0,90.93333333333403,Mode: NORMAL. V_pcc: 0.963,0
2026-01-01T14:29:55Z,GRID_PASS,100.0,90.93333333333403,Mode: NORMAL. V_pcc: 0.963,0
2026-01-01T14:30:00Z,GRID_PASS,100.0,90.93333333333403,Mode: NORMAL. V_pcc: 0.963,0
2026-01-01T14:30:05Z,GRID_PASS,100.0,90.93333333333403,Mode: NORMAL. V_pcc: 0.963,0
2026-01-01T14:30:10Z,GRID_PASS,100.0,90.93333333333403,Mode: NORMAL. V_pcc: 0.963,0
2026-01-01T14:30:15Z,GRID_PASS,100.0,90.93333333333403,Mode: NORMAL. V_pcc: 0.963,0
2026-01-01T14:30:20Z,GRID_PASS,100.0,90.93333333333403,Mode: NORMAL. V_pcc: 0.963,0
2026-01-01T14:30:25Z,GRID_PASS,100.0,90.93333333333403,Mode: NORMAL. V_pcc: 0.963,0
2026-01-01T14:30:30Z,GRID_PASS,100.0,90.93333333333403,Mode: NORMAL. V_pcc: 0.963,0
2026-01-01T14:30:35Z,GRID_PASS,100.0,90.93333333333403,Mode: NORMAL. V_pcc: 0.963,0
2026-01-01T14:30:40Z,GRID_PASS,100.0,90.93333333333403,Mode: NORMAL. V_pcc: 0.963,0
2026-01-01T14:30:45Z,GRID_PASS,100.0,90.93333333333403,Mode: NORMAL. V_pcc: 0.963,0
2026-01-01T14:30:50Z,GRID_PASS,100.0,90.93333333333403,Mode: NORMAL. V_pcc: 0.963,0
2026-01-01T14:30:55Z,GRID_PASS,100.0,90.93333333333403,Mode: NORMAL. V_pcc: 0.963,0
2026-01-01T14:31:00Z,GRID_PASS,100.0,90.93333333333403,Mode: NORMAL. V_pcc: 0.963,0
2026-01-01T14:31:05Z,GRID_PASS,100.0,90.93333333333403,Mode: NORMAL. V_pcc: 0.963,0
2026-01-01T14:31:10Z,GRID_PASS,100.0,90.93333333333403,Mode: NORMAL. V_pcc: 0.963,0
2026-01-01T14:31:15Z,GRID_PASS,100.0,90.93333333333403,Mode: NORMAL. V_pcc: 0.963,0
2026-01-01T14:31:20Z,GRID_PASS,100.0,90.93333333333403,Mode: NORMAL. V_pcc: 0.963,0
2026-01-01T14:31:25Z,GRID_PASS,100.0,90.93333333333403,Mode: NORMAL. V_pcc: 0.963,0
2026-01-01T14:31:30Z,GRID_PASS,100.0,90.93333333333403,Mode: NORMAL. V_pcc: 0.963,0
2026-01-01T14:31:35Z,GRID_PASS,100.0,90.93333333333403,Mode: NORMAL. V_pcc: 0.963,0
2026-01-01T14:31:40Z,GRID_PASS,100.0,90.93333333333403,Mode: NORMAL. V_pcc: 0.963,0
2026-01-01T14:31:45Z,GRID_PASS,100.0,90.93333333333403,Mode: NORMAL. V_pcc: 0.963,0
2026-01-01T14:31:50Z,GRID_PASS,100.0,90.93333333333403,Mode: NORMAL. V_pcc: 0.963,0
2026-01-01T14:31:55Z,GRID_PASS,100.0,90.93333333333403,Mode: NORMAL. V_pcc: 0.963,0
2026-01-01T14:32:00Z,GRID_PASS,100.0,90.93333333333403,Mode: NORMAL. V_pcc: 0.963,0
2026-01-01T14:32:05Z,GRID_PASS,100.0,90.93333333333403,Mode: NORMAL. V_pcc: 0.963,0
2026-01-01T14:32:10Z,GRID_PASS,100.0,90.93333333333403,Mode: NORMAL. V_pcc: 0.963,0
2026-01-01T14:32:15Z,GRID_PASS,100.0,90.93333333333403,Mode: NORMAL. V_pcc: 0.963,0
2026-01-01T14:32:20Z,GRID_PASS,100.0,90.93333333333403,Mode: NORMAL. V_pcc: 0.963,0
2026-01-01T14:32:25Z,GRID_PASS,100.0,90.93333333333403,Mode: NORMAL. V_pcc: 0.963,0
2026-01-01T14:32:30Z,GRID_PASS,100.0,90.93333333333403,Mode: NORMAL. V_pcc: 0.963,0
2026-01-01T14:32:35Z,GRID_PASS,100.0,90.93333333333403,Mode: NORMAL. V_pcc: 0.963,0
2026-01-01T14:32:40Z,GRID_PASS,100.0,90.93333333333403,Mode: NORMAL. V_pcc: 0.963,0
2026-01-01T14:32:45Z,GRID_PASS,100.0,90.93333333333403,Mode: NORMAL. V_pcc: 0.963,0
2026-01-01T14:32:50Z,GRID_PASS,100.0,90.93333333333403,Mode: NORMAL. V_pcc: 0.963,0
2026-01-01T14:32:55Z,GRID_PASS,100.0,90.93333333333403,Mode: NORMAL. V_pcc: 0.963,0
2026-01-01T14:33:00Z,GRID_PASS,100.0,90.93333333333403,Mode: NORMAL. V_pcc: 0.963,0
2026-01-01T14:33:05Z,GRID_PASS,100.0,90.93333333333403,Mode: NORMAL. V_pcc: 0.963,0
2026-01-01T14:33:10Z,GRID_PASS,100.0,90.93333333333403,Mode: NORMAL. V_pcc: 0.963,0
2026-01-01T14:33:15Z,GRID_PASS,100.0,90.93333333333403,Mode: NORMAL. V_pcc: 0.963,0
2026-01-01T14:33:20Z,GRID_PASS,100.0,90.93333333333403,Mode: NORMAL. V_pcc: 0.963,0
2026-01-01T14:33:25Z,GRID_PASS,100.0,90.93333333333403,Mode: NORMAL. V_pcc: 0.963,0
2026-01-01T14:33:30Z,GRID_PASS,100.0,90.93333333333403,Mode: NORMAL. V_pcc: 0.963,0
2026-01-01T14:33:35Z,GRID_PASS,100.0,90.93333333333403,Mode: NORMAL. V_pcc: 0.963,0
2026-01-01T14:33:40Z,GRID_PASS,100.0,90.93333333333403,Mode: NORMAL. V_pcc: 0.963,0
2026-01-01T14:33:45Z,GRID_PASS,100.0,90.93333333333403,Mode: NORMAL. V_pcc: 0.963,0
2026-01-01T14:33:50Z,GRID_PASS,100.0,90.93333333333403,Mode: NORMAL. V_pcc: 0.963,0
2026-01-01T14:33:55Z,GRID_PASS,100.0,90.93333333333403,Mode: NORMAL. V_pcc: 0.963,0
2026-01-01T14:34:00Z,GRID_PASS,100.0,90.93333333333403,Mode: NORMAL. V_pcc: 0.963,0
2026-01-01T14:34:05Z,GRID_PASS,100.0,90.93333333333403,Mode: NORMAL. V_pcc: 0.963,0
2026-01-01T14:34:10Z,GRID_PASS,100.0,90.93333333333403,Mode: NORMAL. V_pcc: 0.963,0
2026-01-01T14:34:15Z,GRID_PASS,100.0,90.93333333333403,Mode: NORMAL. V_pcc: 0.963,0
2026-01-01T14:34:20Z,GRID_PASS,100.0,90.93333333333403,Mode: NORMAL. V_pcc: 0.963,0
2026-01-01T14:34:25Z,GRID_PASS,100.0,90.93333333333403,Mode: NORMAL. V_pcc: 0.963,0
2026-01-01T14:34:30Z,GRID_PASS,100.0,90.93333333333403,Mode: NORMAL. V_pcc: 0.963,0
2026-01-01T14:34:35Z,GRID_PASS,100.0,90.93333333333403,Mode: NORMAL. V_pcc: 0.963,0
2026-01-01T14:34:40Z,GRID_PASS,100.0,90.93333333333403,Mode: NORMAL. V_pcc: 0.963,0
2026-01-01T14:34:45Z,GRID_PASS,100.0,90.93333333333403,Mode: NORMAL. V_pcc: 0.963,0
2026-01-01T14:34:50Z,GRID_PASS,100.0,90.93333333333403,Mode: NORMAL. V_pcc: 0.963,0
2026-01-01T14:34:55Z,GRID_PASS,100.0,90.93333333333403,Mode: NORMAL. V_pcc: 0.963,0
2026-01-01T14:35:00Z,GRID_PASS,100.0,90.93333333333403,Mode: NORMAL. V_pcc: 0.963,0
2026-01-01T14:35:05Z,GRID_PASS,100.0,90.93333333333403,Mode: NORMAL. V_pcc: 0.963,0
2026-01-01T14:35:10Z,GRID_PASS,100.0,90.93333333333403,Mode: NORMAL. V_pcc: 0.963,0
2026-01-01T14:35:15Z,GRID_PASS,100.0,90.93333333333403,Mode: NORMAL. V_pcc: 0.963,0
2026-01-01T14:35:20Z,GRID_PASS,100.0,90.93333333333403,Mode: NORMAL. V_pcc: 0.963,0
2026-01-01T14:35:25Z,GRID_PASS,100.0,90.93333333333403,Mode: NORMAL. V_pcc: 0.963,0
2026-01-01T14:35:30Z,GRID_PASS,100.0,90.93333333333403,Mode: NORMAL. V_pcc: 0.963,0
2026-01-01T14:35:35Z,GRID_PASS,100.0,90.93333333333403,Mode: NORMAL. V_pcc: 0.963,0
2026-01-01T14:35:40Z,GRID_PASS,100.0,90.93333333333403,Mode: NORMAL. V_pcc: 0.963,0
2026-01-01T14:35:45Z,GRID_PASS,100.0,90.93333333333403,Mode: NORMAL. V_pcc: 0.963,0
2026-01-01T14:35:50Z,GRID_PASS,100.0,90.93333333333403,Mode: NORMAL. V_pcc: 0.963,0
2026-01-01T14:35:55Z,GRID_PASS,100.0,90.93333333333403,Mode: NORMAL. V_pcc: 0.963,0
2026-01-01T14:36:00Z,GRID_PASS,100.0,90.93333333333403,Mode: NORMAL. V_pcc: 0.963,0
2026-01-01T14:36:05Z,GRID_PASS,100.0,90.93333333333403,Mode: NORMAL. V_pcc: 0.963,0
2026-01-01T14:36:10Z,GRID_PASS,100.0,90.93333333333403,Mode: NORMAL. V_pcc: 0.963,0
2026-01-01T14:36:15Z,GRID_PASS,100.0,90.93333333333403,Mode: NORMAL. V_pcc: 0.963,0
2026-01-01T14:36:20Z,GRID_PASS,100.0,90.93333333333403,Mode: NORMAL. V_pcc: 0.963,0
2026-01-01T14:36:25Z,GRID_PASS,100.0,90.93333333333403,Mode: NORMAL. V_pcc: 0.963,0
2026-01-01T14:36:30Z,GRID_PASS,100.0,90.93333333333403,Mode: NORMAL. V_pcc: 0.963,0
2026-01-01T14:36:35Z,GRID_PASS,100.0,90.93333333333403,Mode: NORMAL. V_pcc: 0.963,0
2026-01-01T14:36:40Z,GRID_PASS,100.0,90.93333333333403,Mode: NORMAL. V_pcc: 0.963,0
2026-01-01T14:36:45Z,GRID_PASS,100.0,90.93333333333403,Mode: NORMAL. V_pcc: 0.963,0
2026-01-01T14:36:50Z,GRID_PASS,100.0,90.93333333333403,Mode: NORMAL. V_pcc: 0.963,0
2026-01-01T14:36:55Z,GRID_PASS,100.0,90.93333333333403,Mode: NORMAL. V_pcc: 0.963,0
2026-01-01T14:37:00Z,GRID_PASS,100.0,90.93333333333403,Mode: NORMAL. V_pcc: 0.963,0
2026-01-01T14:37:05Z,GRID_PASS,100.0,90.93333333333403,Mode: NORMAL. V_pcc: 0.963,0
2026-01-01T14:37:10Z,GRID_PASS,100.0,90.93333333333403,Mode: NORMAL. V_pcc: 0.963,0
2026-01-01T14:37:15Z,GRID_PASS,100.0,90.93333333333403,Mode: NORMAL. V_pcc: 0.963,0
2026-01-01T14:37:20Z,GRID_PASS,100.0,90.93333333333403,Mode: NORMAL. V_pcc: 0.963,0
2026-01-01T14:37:25Z,GRID_PASS,100.0,90.93333333333403,Mode: NORMAL. V_pcc: 0.963,0
2026-01-01T14:37:30Z,GRID_PASS,100.0,90.93333333333403,Mode: NORMAL. V_pcc: 0.963,0
2026-01-01T14:37:35Z,GRID_PASS,100.0,90.93333333333403,Mode: NORMAL. V_pcc: 0.963,0
2026-01-01T14:37:40Z,GRID_PASS,100.0,90.93333333333403,Mode: NORMAL. V_pcc: 0.963,0
2026-01-01T14:37:45Z,GRID_PASS,100.0,90.93333333333403,Mode: NORMAL. V_pcc: 0.963,0
2026-01-01T14:37:50Z,GRID_PASS,100.0,90.93333333333403,Mode: NORMAL. V_pcc: 0.963,0
2026-01-01T14:37:55Z,GRID_PASS,100.0,90.93333333333403,Mode: NORMAL. V_pcc: 0.963,0
2026-01-01T14:38:00Z,GRID_PASS,100.0,90.93333333333403,Mode: NORMAL. V_pcc: 0.963,0
2026-01-01T14:38:05Z,GRID_PASS,100.0,90.93333333333403,Mode: NORMAL. V_pcc: 0.963,0
2026-01-01T14:38:10Z,GRID_PASS,100.0,90.93333333333403,Mode: NORMAL. V_pcc: 0.963,0
2026-01-01T14:38:15Z,GRID_PASS,100.0,90.93333333333403,Mode: NORMAL. V_pcc: 0.963,0
2026-01-01T14:38:20Z,GRID_PASS,100.0,90.93333333333403,Mode: NORMAL. V_pcc: 0.963,0
2026-01-01T14:38:25Z,GRID_PASS,100.0,90.93333333333403,Mode: NORMAL. V_pcc: 0.963,0
2026-01-01T14:38:30Z,GRID_PASS,100.0,90.93333333333403,Mode: NORMAL. V_pcc: 0.963,0
2026-01-01T14:38:35Z,GRID_PASS,100.0,90.93333333333403,Mode: NORMAL. V_pcc: 0.963,0
2026-01-01T14:38:40Z,GRID_PASS,100.0,90.93333333333403,Mode: NORMAL. V_pcc: 0.963,0
2026-01-01T14:38:45Z,GRID_PASS,100.0,90.93333333333403,Mode: NORMAL. V_pcc: 0.963,0
2026-01-01T14:38:50Z,GRID_PASS,100.0,90.93333333333403,Mode: NORMAL. V_pcc: 0.963,0
2026-01-01T14:38:55Z,GRID_PASS,100.0,90.93333333333403,Mode: NORMAL. V_pcc: 0.963,0
2026-01-01T14:39:00Z,GRID_PASS,100.0,90.93333333333403,Mode: NORMAL. V_pcc: 0.963,0
2026-01-01T14:39:05Z,GRID_PASS,100.0,90.93333333333403,Mode: NORMAL. V_pcc: 0.963,0
2026-01-01T14:39:10Z,GRID_PASS,100.0,90.93333333333403,Mode: NORMAL. V_pcc: 0.963,0
2026-01-01T14:39:15Z,GRID_PASS,100.0,90.93333333333403,Mode: NORMAL. V_pcc: 0.963,0
2026-01-01T14:39:20Z,GRID_PASS,100.0,90.93333333333403,Mode: NORMAL. V_pcc: 0.963,0
2026-01-01T14:39:25Z,GRID_PASS,100.0,90.93333333333403,Mode: NORMAL. V_pcc: 0.963,0
2026-01-01T14:39:30Z,GRID_PASS,100.0,90.93333333333403,Mode: NORMAL. V_pcc: 0.963,0
2026-01-01T14:39:35Z,GRID_PASS,100.0,90.93333333333403,Mode: NORMAL. V_pcc: 0.963,0
2026-01-01T14:39:40Z,GRID_PASS,100.0,90.93333333333403,Mode: NORMAL. V_pcc: 0.963,0
2026-01-01T14:39:45Z,GRID_PASS,100.0,90.93333333333403,Mode: NORMAL. V_pcc: 0.963,0
2026-01-01T14:39:50Z,GRID_PASS,100.0,90.93333333333403,Mode: NORMAL. V_pcc: 0.963,0
2026-01-01T14:39:55Z,GRID_PASS,100.0,90.93333333333403,Mode: NORMAL. V_pcc: 0.963,0
2026-01-01T14:40:00Z,GRID_PASS,100.0,90.93333333333403,Mode: NORMAL. V_pcc: 0.963,0
2026-01-01T14:40:05Z,GRID_PASS,100.0,90.93333333333403,Mode: NORMAL. V_pcc: 0.963,0
2026-01-01T14:40:10Z,GRID_PASS,100.0,90.93333333333403,Mode: NORMAL. V_pcc: 0.963,0
2026-01-01T14:40:15Z,GRID_PASS,100.0,90.93333333333403,Mode: NORMAL. V_pcc: 0.963,0
2026-01-01T14:40:20Z,GRID_PASS,100.0,90.93333333333403,Mode: NORMAL. V_pcc: 0.963,0
2026-01-01T14:40:25Z,GRID_PASS,100.0,90.93333333333403,Mode: NORMAL. V_pcc: 0.963,0
2026-01-01T14:40:30Z,GRID_PASS,100.0,90.93333333333403,Mode: NORMAL. V_pcc: 0.963,0
2026-01-01T14:40:35Z,GRID_PASS,100.0,90.93333333333403,Mode: NORMAL. V_pcc: 0.963,0
2026-01-01T14:40:40Z,GRID_PASS,100.0,90.93333333333403,Mode: NORMAL. V_pcc: 0.963,0
2026-01-01T14:40:45Z,GRID_PASS,100.0,90.93333333333403,Mode: NORMAL. V_pcc: 0.963,0
2026-01-01T14:40:50Z,GRID_PASS,100.0,90.93333333333403,Mode: NORMAL. V_pcc: 0.963,0
2026-01-01T14:40:55Z,GRID_PASS,100.0,90.93333333333403,Mode: NORMAL. V_pcc: 0.963,0
2026-01-01T14:41:00Z,GRID_PASS,100.0,90.93333333333403,Mode: NORMAL. V_pcc: 0.963,0
2026-01-01T14:41:05Z,GRID_PASS,100.0,90.93333333333403,Mode: NORMAL. V_pcc: 0.963,0
2026-01-01T14:41:10Z,GRID_PASS,100.0,90.93333333333403,Mode: NORMAL. V_pcc: 0.963,0
2026-01-01T14:41:15Z,GRID_PASS,100.0,90.93333333333403,Mode: NORMAL. V_pcc: 0.963,0
2026-01-01T14:41:20Z,GRID_PASS,100.0,90.93333333333403,Mode: NORMAL. V_pcc: 0.963,0
2026-01-01T14:41:25Z,GRID_PASS,100.0,90.93333333333403,Mode: NORMAL. V_pcc: 0.963,0
2026-01-01T14:41:30Z,GRID_PASS,100.0,90.93333333333403,Mode: NORMAL. V_pcc: 0.963,0
2026-01-01T14:41:35Z,GRID_PASS,100.0,90.93333333333403,Mode: NORMAL. V_pcc: 0.963,0
2026-01-01T14:41:40Z,GRID_PASS,100.0,90.93333333333403,Mode: NORMAL. V_pcc: 0.963,0
2026-01-01T14:41:45Z,GRID_PASS,100.0,90.93333333333403,Mode: NORMAL. V_pcc: 0.963,0
2026-01-01T14:41:50Z,GRID_PASS,100.0,90.93333333333403,Mode: NORMAL. V_pcc: 0.963,0
2026-01-01T14:41:55Z,GRID_PASS,100.0,90.93333333333403,Mode: NORMAL. V_pcc: 0.963,0
2026-01-01T14:42:00Z,GRID_PASS,100.0,90.93333333333403,Mode: NORMAL. V_pcc: 0.963,0
2026-01-01T14:42:05Z,GRID_PASS,100.0,90.93333333333403,Mode: NORMAL. V_pcc: 0.963,0
2026-01-01T14:42:10Z,GRID_PASS,100.0,90.93333333333403,Mode: NORMAL. V_pcc: 0.963,0
2026-01-01T14:42:15Z,GRID_PASS,100.0,90.93333333333403,Mode: NORMAL. V_pcc: 0.963,0
2026-01-01T14:42:20Z,GRID_PASS,100.0,90.93333333333403,Mode: NORMAL. V_pcc: 0.963,0
2026-01-01T14:42:25Z,GRID_PASS,100.0,90.93333333333403,Mode: NORMAL. V_pcc: 0.963,0
2026-01-01T14:42:30Z,GRID_PASS,100.0,90.93333333333403,Mode: NORMAL. V_pcc: 0.963,0
2026-01-01T14:42:35Z,GRID_PASS,100.0,90.93333333333403,Mode: NORMAL. V_pcc: 0.963,0
2026-01-01T14:42:40Z,GRID_PASS,100.0,90.93333333333403,Mode: NORMAL. V_pcc: 0.963,0
2026-01-01T14:42:45Z,GRID_PASS,100.0,90.93333333333403,Mode: NORMAL. V_pcc: 0.963,0
2026-01-01T14:42:50Z,GRID_PASS,100.0,90.93333333333403,Mode: NORMAL. V_pcc: 0.963,0
2026-01-01T14:42:55Z,GRID_PASS,100.0,90.93333333333403,Mode: NORMAL. V_pcc: 0.963,0
2026-01-01T14:43:00Z,GRID_PASS,100.0,90.93333333333403,Mode: NORMAL. V_pcc: 0.963,0
2026-01-01T14:43:05Z,GRID_PASS,100.0,90.93333333333403,Mode: NORMAL. V_pcc: 0.963,0
2026-01-01T14:43:10Z,GRID_PASS,100.0,90.93333333333403,Mode: NORMAL. V_pcc: 0.963,0
2026-01-01T14:43:15Z,GRID_PASS,100.0,90.93333333333403,Mode: NORMAL. V_pcc: 0.963,0
2026-01-01T14:43:20Z,GRID_PASS,100.0,90.93333333333403,Mode: NORMAL. V_pcc: 0.963,0
2026-01-01T14:43:25Z,GRID_PASS,100.0,90.93333333333403,Mode: NORMAL. V_pcc: 0.963,0
2026-01-01T14:43:30Z,GRID_PASS,100.0,90.93333333333403,Mode: NORMAL. V_pcc: 0.963,0
2026-01-01T14:43:35Z,GRID_PASS,100.0,90.93333333333403,Mode: NORMAL. V_pcc: 0.963,0
2026-01-01T14:43:40Z,GRID_PASS,100.0,90.93333333333403,Mode: NORMAL. V_pcc: 0.963,0
2026-01-01T14:43:45Z,GRID_PASS,100.0,90.93333333333403,Mode: NORMAL. V_pcc: 0.963,0
2026-01-01T14:43:50Z,GRID_PASS,100.0,90.93333333333403,Mode: NORMAL. V_pcc: 0.963,0
2026-01-01T14:43:55Z,GRID_PASS,100.0,90.93333333333403,Mode: NORMAL. V_pcc: 0.963,0
2026-01-01T14:44:00Z,GRID_PASS,100.0,90.93333333333403,Mode: NORMAL. V_pcc: 0.963,0
2026-01-01T14:44:05Z,GRID_PASS,100.0,90.93333333333403,Mode: NORMAL. V_pcc: 0.963,0
2026-01-01T14:44:10Z,GRID_PASS,100.0,90.93333333333403,Mode: NORMAL. V_pcc: 0.963,0
2026-01-01T14:44:15Z,GRID_PASS,100.0,90.93333333333403,Mode: NORMAL. V_pcc: 0.963,0
2026-01-01T14:44:20Z,GRID_PASS,100.0,90.93333333333403,Mode: NORMAL. V_pcc: 0.963,0
2026-01-01T14:44:25Z,GRID_PASS,100.0,90.93333333333403,Mode: NORMAL. V_pcc: 0.963,0
2026-01-01T14:44:30Z,GRID_PASS,100.0,90.93333333333403,Mode: NORMAL. V_pcc: 0.963,0
2026-01-01T14:44:35Z,GRID_PASS,100.0,90.93333333333403,Mode: NORMAL. V_pcc: 0.963,0
2026-01-01T14:44:40Z,GRID_PASS,100.0,90.93333333333403,Mode: NORMAL. V_pcc: 0.963,0
2026-01-01T14:44:45Z,GRID_PASS,100.0,90.93333333333403,Mode: NORMAL. V_pcc: 0.963,0
2026-01-01T14:44:50Z,GRID_PASS,100.0,90.93333333333403,Mode: NORMAL. V_pcc: 0.963,0
2026-01-01T14:44:55Z,GRID_PASS,100.0,90.93333333333403,Mode: NORMAL. V_pcc: 0.963,0
2026-01-01T14:45:00Z,GRID_PASS,100.0,90.93333333333403,Mode: NORMAL. V_pcc: 0.963,0
2026-01-01T14:45:05Z,GRID_PASS,100.0,90.93333333333403,Mode: NORMAL. V_pcc: 0.963,0
2026-01-01T14:45:10Z,GRID_PASS,100.0,90.93333333333403,Mode: NORMAL. V_pcc: 0.963,0
2026-01-01T14:45:15Z,GRID_PASS,100.0,90.93333333333403,Mode: NORMAL. V_pcc: 0.963,0
2026-01-01T14:45:20Z,GRID_PASS,100.0,90.93333333333403,Mode: NORMAL. V_pcc: 0.963,0
2026-01-01T14:45:25Z,GRID_PASS,100.0,90.93333333333403,Mode: NORMAL. V_pcc: 0.963,0
2026-01-01T14:45:30Z,GRID_PASS,100.0,90.93333333333403,Mode: NORMAL. V_pcc: 0.963,0
2026-01-01T14:45:35Z,GRID_PASS,100.0,90.93333333333403,Mode: NORMAL. V_pcc: 0.963,0
2026-01-01T14:45:40Z,GRID_PASS,100.0,90.93333333333403,Mode: NORMAL. V_pcc: 0.963,0
2026-01-01T14:45:45Z,GRID_PASS,100.0,90.93333333333403,Mode: NORMAL. V_pcc: 0.963,0
2026-01-01T14:45:50Z,GRID_PASS,100.0,90.93333333333403,Mode: NORMAL. V_pcc: 0.963,0
2026-01-01T14:45:55Z,GRID_PASS,100.0,90.93333333333403,Mode: NORMAL. V_pcc: 0.963,0
2026-01-01T14:46:00Z,GRID_PASS,100.0,90.93333333333403,Mode: NORMAL. V_pcc: 0.963,0
2026-01-01T14:46:05Z,GRID_PASS,100.0,90.93333333333403,Mode: NORMAL. V_pcc: 0.963,0
2026-01-01T14:46:10Z,GRID_PASS,100.0,90.93333333333403,Mode: NORMAL. V_pcc: 0.963,0
2026-01-01T14:46:15Z,GRID_PASS,100.0,90.93333333333403,Mode: NORMAL. V_pcc: 0.963,0
2026-01-01T14:46:20Z,GRID_PASS,100.0,90.93333333333403,Mode: NORMAL. V_pcc: 0.963,0
2026-01-01T14:46:25Z,GRID_PASS,100.0,90.93333333333403,Mode: NORMAL. V_pcc: 0.963,0
2026-01-01T14:46:30Z,GRID_PASS,100.0,90.93333333333403,Mode: NORMAL. V_pcc: 0.963,0
2026-01-01T14:46:35Z,GRID_PASS,100.0,90.93333333333403,Mode: NORMAL. V_pcc: 0.963,0
2026-01-01T14:46:40Z,GRID_PASS,100.0,90.93333333333403,Mode: NORMAL. V_pcc: 0.963,0
2026-01-01T14:46:45Z,GRID_PASS,100.0,90.93333333333403,Mode: NORMAL. V_pcc: 0.963,0
2026-01-01T14:46:50Z,GRID_PASS,100.0,90.93333333333403,Mode: NORMAL. V_pcc: 0.963,0
2026-01-01T14:46:55Z,GRID_PASS,100.0,90.93333333333403,Mode: NORMAL. V_pcc: 0.963,0
2026-01-01T14:47:00Z,GRID_PASS,100.0,90.93333333333403,Mode: NORMAL. V_pcc: 0.963,0
2026-01-01T14:47:05Z,GRID_PASS,100.0,90.93333333333403,Mode: NORMAL. V_pcc: 0.963,0
2026-01-01T14:47:10Z,GRID_PASS,100.0,90.93333333333403,Mode: NORMAL. V_pcc: 0.963,0
2026-01-01T14:47:15Z,GRID_PASS,100.0,90.93333333333403,Mode: NORMAL. V_pcc: 0.963,0
2026-01-01T14:47:20Z,GRID_PASS,100.0,90.93333333333403,Mode: NORMAL. V_pcc: 0.963,0
2026-01-01T14:47:25Z,GRID_PASS,100.0,90.93333333333403,Mode: NORMAL. V_pcc: 0.963,0
2026-01-01T14:47:30Z,GRID_PASS,100.0,90.93333333333403,Mode: NORMAL. V_pcc: 0.963,0
2026-01-01T14:47:35Z,GRID_PASS,100.0,90.93333333333403,Mode: NORMAL. V_pcc: 0.963,0
2026-01-01T14:47:40Z,GRID_PASS,100.0,90.93333333333403,Mode: NORMAL. V_pcc: 0.963,0
2026-01-01T14:47:45Z,GRID_PASS,100.0,90.93333333333403,Mode: NORMAL. V_pcc: 0.963,0
2026-01-01T14:47:50Z,GRID_PASS,100.0,90.93333333333403,Mode: NORMAL. V_pcc: 0.963,0
2026-01-01T14:47:55Z,GRID_PASS,100.0,90.93333333333403,Mode: NORMAL. V_pcc: 0.963,0
2026-01-01T14:48:00Z,GRID_PASS,100.0,90.93333333333403,Mode: NORMAL. V_pcc: 0.963,0
2026-01-01T14:48:05Z,GRID_PASS,100.0,90.93333333333403,Mode: NORMAL. V_pcc: 0.963,0
2026-01-01T14:48:10Z,GRID_PASS,100.0,90.93333333333403,Mode: NORMAL. V_pcc: 0.963,0
2026-01-01T14:48:15Z,GRID_PASS,100.0,90.93333333333403,Mode: NORMAL. V_pcc: 0.963,0
2026-01-01T14:48:20Z,GRID_PASS,100.0,90.93333333333403,Mode: NORMAL. V_pcc: 0.963,0
2026-01-01T14:48:25Z,GRID_PASS,100.0,90.93333333333403,Mode: NORMAL. V_pcc: 0.963,0
2026-01-01T14:48:30Z,GRID_PASS,100.0,90.93333333333403,Mode: NORMAL. V_pcc: 0.963,0
2026-01-01T14:48:35Z,GRID_PASS,100.0,90.93333333333403,Mode: NORMAL. V_pcc: 0.963,0
2026-01-01T14:48:40Z,GRID_PASS,100.0,90.93333333333403,Mode: NORMAL. V_pcc: 0.963,0
2026-01-01T14:48:45Z,GRID_PASS,100.0,90.93333333333403,Mode: NORMAL. V_pcc: 0.963,0
2026-01-01T14:48:50Z,GRID_PASS,100.0,90.93333333333403,Mode: NORMAL. V_pcc: 0.963,0
2026-01-01T14:48:55Z,GRID_PASS,100.0,90.93333333333403,Mode: NORMAL. V_pcc: 0.963,0
2026-01-01T14:49:00Z,GRID_PASS,100.0,90.93333333333403,Mode: NORMAL. V_pcc: 0.963,0
2026-01-01T14:49:05Z,GRID_PASS,100.0,90.93333333333403,Mode: NORMAL. V_pcc: 0.963,0
2026-01-01T14:49:10Z,GRID_PASS,100.0,90.93333333333403,Mode: NORMAL. V_pcc: 0.963,0
2026-01-01T14:49:15Z,GRID_PASS,100.0,90.93333333333403,Mode: NORMAL. V_pcc: 0.963,0
2026-01-01T14:49:20Z,GRID_PASS,100.0,90.93333333333403,Mode: NORMAL. V_pcc: 0.963,0
2026-01-01T14:49:25Z,GRID_PASS,100.0,90.93333333333403,Mode: NORMAL. V_pcc: 0.963,0
2026-01-01T14:49:30Z,GRID_PASS,100.0,90.93333333333403,Mode: NORMAL. V_pcc: 0.963,0
2026-01-01T14:49:35Z,GRID_PASS,100.0,90.93333333333403,Mode: NORMAL. V_pcc: 0.963,0
2026-01-01T14:49:40Z,GRID_PASS,100.0,90.93333333333403,Mode: NORMAL. V_pcc: 0.963,0
2026-01-01T14:49:45Z,GRID_PASS,100.0,90.93333333333403,Mode: NORMAL. V_pcc: 0.963,0
2026-01-01T14:49:50Z,GRID_PASS,100.0,90.93333333333403,Mode: NORMAL. V_pcc: 0.963,0
2026-01-01T14:49:55Z,GRID_PASS,100.0,90.93333333333403,Mode: NORMAL. V_pcc: 0.963,0
2026-01-01T14:50:00Z,GRID_PASS,100.0,90.93333333333403,Mode: NORMAL. V_pcc: 0.963,0
2026-01-01T14:50:05Z,GRID_PASS,100.0,90.93333333333403,Mode: NORMAL. V_pcc: 0.963,0
2026-01-01T14:50:10Z,GRID_PASS,100.0,90.93333333333403,Mode: NORMAL. V_pcc: 0.963,0
2026-01-01T14:50:15Z,GRID_PASS,100.0,90.93333333333403,Mode: NORMAL. V_pcc: 0.963,0
2026-01-01T14:50:20Z,GRID_PASS,100.0,90.93333333333403,Mode: NORMAL. V_pcc: 0.963,0
2026-01-01T14:50:25Z,GRID_PASS,100.0,90.93333333333403,Mode: NORMAL. V_pcc: 0.963,0
2026-01-01T14:50:30Z,GRID_PASS,100.0,90.93333333333403,Mode: NORMAL. V_pcc: 0.963,0
2026-01-01T14:50:35Z,GRID_PASS,100.0,90.93333333333403,Mode: NORMAL. V_pcc: 0.963,0
2026-01-01T14:50:40Z,GRID_PASS,100.0,90.93333333333403,Mode: NORMAL. V_pcc: 0.963,0
2026-01-01T14:50:45Z,GRID_PASS,100.0,90.93333333333403,Mode: NORMAL. V_pcc: 0.963,0
2026-01-01T14:50:50Z,GRID_PASS,100.0,90.93333333333403,Mode: NORMAL. V_pcc: 0.963,0
2026-01-01T14:50:55Z,GRID_PASS,100.0,90.93333333333403,Mode: NORMAL. V_pcc: 0.963,0
2026-01-01T14:51:00Z,GRID_PASS,100.0,90.93333333333403,Mode: NORMAL. V_pcc: 0.963,0
2026-01-01T14:51:05Z,GRID_PASS,100.0,90.93333333333403,Mode: NORMAL. V_pcc: 0.963,0
2026-01-01T14:51:10Z,GRID_PASS,100.0,90.93333333333403,Mode: NORMAL. V_pcc: 0.963,0
2026-01-01T14:51:15Z,GRID_PASS,100.0,90.93333333333403,Mode: NORMAL. V_pcc: 0.963,0
2026-01-01T14:51:20Z,GRID_PASS,100.0,90.93333333333403,Mode: NORMAL. V_pcc: 0.963,0
2026-01-01T14:51:25Z,GRID_PASS,100.0,90.93333333333403,Mode: NORMAL. V_pcc: 0.963,0
2026-01-01T14:51:30Z,GRID_PASS,100.0,90.93333333333403,Mode: NORMAL. V_pcc: 0.963,0
2026-01-01T14:51:35Z,GRID_PASS,100.0,90.93333333333403,Mode: NORMAL. V_pcc: 0.963,0
2026-01-01T14:51:40Z,GRID_PASS,100.0,90.93333333333403,Mode: NORMAL. V_pcc: 0.963,0
2026-01-01T14:51:45Z,GRID_PASS,100.0,90.93333333333403,Mode: NORMAL. V_pcc: 0.963,0
2026-01-01T14:51:50Z,GRID_PASS,100.0,90.93333333333403,Mode: NORMAL. V_pcc: 0.963,0
2026-01-01T14:51:55Z,GRID_PASS,100.0,90.93333333333403,Mode: NORMAL. V_pcc: 0.963,0
2026-01-01T14:52:00Z,GRID_PASS,100.0,90.93333333333403,Mode: NORMAL. V_pcc: 0.963,0
2026-01-01T14:52:05Z,GRID_PASS,100.0,90.93333333333403,Mode: NORMAL. V_pcc: 0.963,0
2026-01-01T14:52:10Z,GRID_PASS,100.0,90.93333333333403,Mode: NORMAL. V_pcc: 0.963,0
2026-01-01T14:52:15Z,GRID_PASS,100.0,90.93333333333403,Mode: NORMAL. V_pcc: 0.963,0
2026-01-01T14:52:20Z,GRID_PASS,100.0,90.93333333333403,Mode: NORMAL. V_pcc: 0.963,0
2026-01-01T14:52:25Z,GRID_PASS,100.0,90.93333333333403,Mode: NORMAL. V_pcc: 0.963,0
2026-01-01T14:52:30Z,GRID_PASS,100.0,90.93333333333403,Mode: NORMAL. V_pcc: 0.963,0
2026-01-01T14:52:35Z,GRID_PASS,100.0,90.93333333333403,Mode: NORMAL. V_pcc: 0.963,0
2026-01-01T14:52:40Z,GRID_PASS,100.0,90.93333333333403,Mode: NORMAL. V_pcc: 0.963,0
2026-01-01T14:52:45Z,GRID_PASS,100.0,90.93333333333403,Mode: NORMAL. V_pcc: 0.963,0
2026-01-01T14:52:50Z,GRID_PASS,100.0,90.93333333333403,Mode: NORMAL. V_pcc: 0.963,0
2026-01-01T14:52:55Z,GRID_PASS,100.0,90.93333333333403,Mode: NORMAL. V_pcc: 0.963,0
2026-01-01T14:53:00Z,GRID_PASS,100.0,90.93333333333403,Mode: NORMAL. V_pcc: 0.963,0
2026-01-01T14:53:05Z,GRID_PASS,100.0,90.93333333333403,Mode: NORMAL. V_pcc: 0.963,0
2026-01-01T14:53:10Z,GRID_PASS,100.0,90.93333333333403,Mode: NORMAL. V_pcc: 0.963,0
2026-01-01T14:53:15Z,GRID_PASS,100.0,90.93333333333403,Mode: NORMAL. V_pcc: 0.963,0
2026-01-01T14:53:20Z,GRID_PASS,100.0,90.93333333333403,Mode: NORMAL. V_pcc: 0.963,0
2026-01-01T14:53:25Z,GRID_PASS,100.0,90.93333333333403,Mode: NORMAL. V_pcc: 0.963,0
2026-01-01T14:53:30Z,GRID_PASS,100.0,90.93333333333403,Mode: NORMAL. V_pcc: 0.963,0
2026-01-01T14:53:35Z,GRID_PASS,100.0,90.93333333333403,Mode: NORMAL. V_pcc: 0.963,0
2026-01-01T14:53:40Z,GRID_PASS,100.0,90.93333333333403,Mode: NORMAL. V_pcc: 0.963,0
2026-01-01T14:53:45Z,GRID_PASS,100.0,90.93333333333403,Mode: NORMAL. V_pcc: 0.963,0
2026-01-01T14:53:50Z,GRID_PASS,100.0,90.93333333333403,Mode: NORMAL. V_pcc: 0.963,0
2026-01-01T14:53:55Z,GRID_PASS,100.0,90.93333333333403,Mode: NORMAL. V_pcc: 0.963,0
2026-01-01T14:54:00Z,GRID_PASS,100.0,90.93333333333403,Mode: NORMAL. V_pcc: 0.963,0
2026-01-01T14:54:05Z,GRID_PASS,100.0,90.93333333333403,Mode: NORMAL. V_pcc: 0.963,0
2026-01-01T14:54:10Z,GRID_PASS,100.0,90.93333333333403,Mode: NORMAL. V_pcc: 0.963,0
2026-01-01T14:54:15Z,GRID_PASS,100.0,90.93333333333403,Mode: NORMAL. V_pcc: 0.963,0
2026-01-01T14:54:20Z,GRID_PASS,100.0,90.93333333333403,Mode: NORMAL. V_pcc: 0.963,0
2026-01-01T14:54:25Z,GRID_PASS,100.0,90.93333333333403,Mode: NORMAL. V_pcc: 0.963,0
2026-01-01T14:54:30Z,GRID_PASS,100.0,90.93333333333403,Mode: NORMAL. V_pcc: 0.963,0
2026-01-01T14:54:35Z,GRID_PASS,100.0,90.93333333333403,Mode: NORMAL. V_pcc: 0.963,0
2026-01-01T14:54:40Z,GRID_PASS,100.0,90.93333333333403,Mode: NORMAL. V_pcc: 0.963,0
2026-01-01T14:54:45Z,GRID_PASS,100.0,90.93333333333403,Mode: NORMAL. V_pcc: 0.963,0
2026-01-01T14:54:50Z,GRID_PASS,100.0,90.93333333333403,Mode: NORMAL. V_pcc: 0.963,0
2026-01-01T14:54:55Z,GRID_PASS,100.0,90.93333333333403,Mode: NORMAL. V_pcc: 0.963,0
2026-01-01T14:55:00Z,GRID_PASS,100.0,90.93333333333403,Mode: NORMAL. V_pcc: 0.963,0
2026-01-01T14:55:05Z,GRID_PASS,100.0,90.93333333333403,Mode: NORMAL. V_pcc: 0.963,0
2026-01-01T14:55:10Z,GRID_PASS,100.0,90.93333333333403,Mode: NORMAL. V_pcc: 0.963,0
2026-01-01T14:55:15Z,GRID_PASS,100.0,90.93333333333403,Mode: NORMAL. V_pcc: 0.963,0
2026-01-01T14:55:20Z,GRID_PASS,100.0,90.93333333333403,Mode: NORMAL. V_pcc: 0.963,0
2026-01-01T14:55:25Z,GRID_PASS,100.0,90.93333333333403,Mode: NORMAL. V_pcc: 0.963,0
2026-01-01T14:55:30Z,GRID_PASS,100.0,90.93333333333403,Mode: NORMAL. V_pcc: 0.963,0
2026-01-01T14:55:35Z,GRID_PASS,100.0,90.93333333333403,Mode: NORMAL. V_pcc: 0.963,0
2026-01-01T14:55:40Z,GRID_PASS,100.0,90.93333333333403,Mode: NORMAL. V_pcc: 0.963,0
2026-01-01T14:55:45Z,GRID_PASS,100.0,90.93333333333403,Mode: NORMAL. V_pcc: 0.963,0
2026-01-01T14:55:50Z,GRID_PASS,100.0,90.93333333333403,Mode: NORMAL. V_pcc: 0.963,0
2026-01-01T14:55:55Z,GRID_PASS,100.0,90.93333333333403,Mode: NORMAL. V_pcc: 0.963,0
2026-01-01T14:56:00Z,GRID_PASS,100.0,90.93333333333403,Mode: NORMAL. V_pcc: 0.963,0
2026-01-01T14:56:05Z,GRID_PASS,100.0,90.93333333333403,Mode: NORMAL. V_pcc: 0.962,0
2026-01-01T14:56:10Z,GRID_PASS,100.0,90.93333333333403,Mode: NORMAL. V_pcc: 0.962,0
2026-01-01T14:56:15Z,GRID_PASS,100.0,90.93333333333403,Mode: NORMAL. V_pcc: 0.962,0
2026-01-01T14:56:20Z,GRID_PASS,100.0,90.93333333333403,Mode: NORMAL. V_pcc: 0.962,0
2026-01-01T14:56:25Z,GRID_PASS,100.0,90.93333333333403,Mode: NORMAL. V_pcc: 0.962,0
2026-01-01T14:56:30Z,GRID_PASS,100.0,90.93333333333403,Mode: NORMAL. V_pcc: 0.962,0
2026-01-01T14:56:35Z,GRID_PASS,100.0,90.93333333333403,Mode: NORMAL. V_pcc: 0.962,0
2026-01-01T14:56:40Z,GRID_PASS,100.0,90.93333333333403,Mode: NORMAL. V_pcc: 0.962,0
2026-01-01T14:56:45Z,GRID_PASS,100.0,90.93333333333403,Mode: NORMAL. V_pcc: 0.962,0
2026-01-01T14:56:50Z,GRID_PASS,100.0,90.93333333333403,Mode: NORMAL. V_pcc: 0.962,0
2026-01-01T14:56:55Z,GRID_PASS,100.0,90.93333333333403,Mode: NORMAL. V_pcc: 0.962,0
2026-01-01T14:57:00Z,GRID_PASS,100.0,90.93333333333403,Mode: NORMAL. V_pcc: 0.962,0
2026-01-01T14:57:05Z,GRID_PASS,100.0,90.93333333333403,Mode: NORMAL. V_pcc: 0.962,0
2026-01-01T14:57:10Z,GRID_PASS,100.0,90.93333333333403,Mode: NORMAL. V_pcc: 0.962,0
2026-01-01T14:57:15Z,GRID_PASS,100.0,90.93333333333403,Mode: NORMAL. V_pcc: 0.962,0
2026-01-01T14:57:20Z,GRID_PASS,100.0,90.93333333333403,Mode: NORMAL. V_pcc: 0.962,0
2026-01-01T14:57:25Z,GRID_PASS,100.0,90.93333333333403,Mode: NORMAL. V_pcc: 0.962,0
2026-01-01T14:57:30Z,GRID_PASS,100.0,90.93333333333403,Mode: NORMAL. V_pcc: 0.962,0
2026-01-01T14:57:35Z,GRID_PASS,100.0,90.93333333333403,Mode: NORMAL. V_pcc: 0.962,0
2026-01-01T14:57:40Z,GRID_PASS,100.0,90.93333333333403,Mode: NORMAL. V_pcc: 0.962,0
2026-01-01T14:57:45Z,GRID_PASS,100.0,90.93333333333403,Mode: NORMAL. V_pcc: 0.962,0
2026-01-01T14:57:50Z,GRID_PASS,100.0,90.93333333333403,Mode: NORMAL. V_pcc: 0.962,0
2026-01-01T14:57:55Z,GRID_PASS,100.0,90.93333333333403,Mode: NORMAL. V_pcc: 0.962,0
2026-01-01T14:58:00Z,GRID_PASS,100.0,90.93333333333403,Mode: NORMAL. V_pcc: 0.962,0
2026-01-01T14:58:05Z,GRID_PASS,100.0,90.93333333333403,Mode: NORMAL. V_pcc: 0.962,0
2026-01-01T14:58:10Z,GRID_PASS,100.0,90.93333333333403,Mode: NORMAL. V_pcc: 0.962,0
2026-01-01T14:58:15Z,GRID_PASS,100.0,90.93333333333403,Mode: NORMAL. V_pcc: 0.962,0
2026-01-01T14:58:20Z,GRID_PASS,100.0,90.93333333333403,Mode: NORMAL. V_pcc: 0.962,0
2026-01-01T14:58:25Z,GRID_PASS,100.0,90.93333333333403,Mode: NORMAL. V_pcc: 0.962,0
2026-01-01T14:58:30Z,GRID_PASS,100.0,90.93333333333403,Mode: NORMAL. V_pcc: 0.962,0
2026-01-01T14:58:35Z,GRID_PASS,100.0,90.93333333333403,Mode: NORMAL. V_pcc: 0.962,0
2026-01-01T14:58:40Z,GRID_PASS,100.0,90.93333333333403,Mode: NORMAL. V_pcc: 0.962,0
2026-01-01T14:58:45Z,GRID_PASS,100.0,90.93333333333403,Mode: NORMAL. V_pcc: 0.962,0
2026-01-01T14:58:50Z,GRID_PASS,100.0,90.93333333333403,Mode: NORMAL. V_pcc: 0.962,0
2026-01-01T14:58:55Z,GRID_PASS,100.0,90.93333333333403,Mode: NORMAL. V_pcc: 0.962,0
2026-01-01T14:59:00Z,GRID_PASS,100.0,90.93333333333403,Mode: NORMAL. V_pcc: 0.962,0
2026-01-01T14:59:05Z,GRID_PASS,100.0,90.93333333333403,Mode: NORMAL. V_pcc: 0.962,0
2026-01-01T14:59:10Z,GRID_PASS,100.0,90.93333333333403,Mode: NORMAL. V_pcc: 0.962,0
2026-01-01T14:59:15Z,GRID_PASS,100.0,90.93333333333403,Mode: NORMAL. V_pcc: 0.962,0
2026-01-01T14:59:20Z,GRID_PASS,100.0,90.93333333333403,Mode: NORMAL. V_pcc: 0.962,0
2026-01-01T14:59:25Z,GRID_PASS,100.0,90.93333333333403,Mode: NORMAL. V_pcc: 0.962,0
2026-01-01T14:59:30Z,GRID_PASS,100.0,90.93333333333403,Mode: NORMAL. V_pcc: 0.962,0
2026-01-01T14:59:35Z,GRID_PASS,100.0,90.93333333333403,Mode: NORMAL. V_pcc: 0.962,0
2026-01-01T14:59:40Z,GRID_PASS,100.0,90.93333333333403,Mode: NORMAL. V_pcc: 0.962,0
2026-01-01T14:59:45Z,GRID_PASS,100.0,90.93333333333403,Mode: NORMAL. V_pcc: 0.962,0
2026-01-01T14:59:50Z,GRID_PASS,100.0,90.93333333333403,Mode: NORMAL. V_pcc: 0.962,0
2026-01-01T14:59:55Z,GRID_PASS,100.0,90.93333333333403,Mode: NORMAL. V_pcc: 0.962,0
2026-01-01T15:00:00Z,GRID_PASS,100.0,90.93333333333403,Mode: NORMAL. V_pcc: 0.962,0
2026-01-01T15:00:05Z,GRID_PASS,100.0,90.93333333333403,Mode: NORMAL. V_pcc: 0.962,0
2026-01-01T15:00:10Z,GRID_PASS,100.0,90.93333333333403,Mode: NORMAL. V_pcc: 0.962,0
2026-01-01T15:00:15Z,GRID_PASS,100.0,90.93333333333403,Mode: NORMAL. V_pcc: 0.962,0
2026-01-01T15:00:20Z,GRID_PASS,100.0,90.93333333333403,Mode: NORMAL. V_pcc: 0.962,0
2026-01-01T15:00:25Z,GRID_PASS,100.0,90.93333333333403,Mode: NORMAL. V_pcc: 0.962,0
2026-01-01T15:00:30Z,GRID_PASS,100.0,90.93333333333403,Mode: NORMAL. V_pcc: 0.962,0
2026-01-01T15:00:35Z,GRID_PASS,100.0,90.93333333333403,Mode: NORMAL. V_pcc: 0.962,0
2026-01-01T15:00:40Z,GRID_PASS,100.0,90.93333333333403,Mode: NORMAL. V_pcc: 0.962,0
2026-01-01T15:00:45Z,GRID_PASS,100.0,90.93333333333403,Mode: NORMAL. V_pcc: 0.962,0
2026-01-01T15:00:50Z,GRID_PASS,100.0,90.93333333333403,Mode: NORMAL. V_pcc: 0.962,0
2026-01-01T15:00:55Z,GRID_PASS,100.0,90.93333333333403,Mode: NORMAL. V_pcc: 0.962,0
2026-01-01T15:01:00Z,GRID_PASS,100.0,90.93333333333403,Mode: NORMAL. V_pcc: 0.962,0
2026-01-01T15:01:05Z,GRID_PASS,100.0,90.93333333333403,Mode: NORMAL. V_pcc: 0.962,0
2026-01-01T15:01:10Z,GRID_PASS,100.0,90.93333333333403,Mode: NORMAL. V_pcc: 0.962,0
2026-01-01T15:01:15Z,GRID_PASS,100.0,90.93333333333403,Mode: NORMAL. V_pcc: 0.962,0
2026-01-01T15:01:20Z,GRID_PASS,100.0,90.93333333333403,Mode: NORMAL. V_pcc: 0.962,0
2026-01-01T15:01:25Z,GRID_PASS,100.0,90.93333333333403,Mode: NORMAL. V_pcc: 0.962,0
2026-01-01T15:01:30Z,GRID_PASS,100.0,90.93333333333403,Mode: NORMAL. V_pcc: 0.962,0
2026-01-01T15:01:35Z,GRID_PASS,100.0,90.93333333333403,Mode: NORMAL. V_pcc: 0.962,0
2026-01-01T15:01:40Z,GRID_PASS,100.0,90.93333333333403,Mode: NORMAL. V_pcc: 0.962,0
2026-01-01T15:01:45Z,GRID_PASS,100.0,90.93333333333403,Mode: NORMAL. V_pcc: 0.962,0
2026-01-01T15:01:50Z,GRID_PASS,100.0,90.93333333333403,Mode: NORMAL. V_pcc: 0.962,0
2026-01-01T15:01:55Z,GRID_PASS,100.0,90.93333333333403,Mode: NORMAL. V_pcc: 0.962,0
2026-01-01T15:02:00Z,GRID_PASS,100.0,90.93333333333403,Mode: NORMAL. V_pcc: 0.962,0
2026-01-01T15:02:05Z,GRID_PASS,100.0,90.93333333333403,Mode: NORMAL. V_pcc: 0.962,0
2026-01-01T15:02:10Z,GRID_PASS,100.0,90.93333333333403,Mode: NORMAL. V_pcc: 0.962,0
2026-01-01T15:02:15Z,GRID_PASS,100.0,90.93333333333403,Mode: NORMAL. V_pcc: 0.962,0
2026-01-01T15:02:20Z,GRID_PASS,100.0,90.93333333333403,Mode: NORMAL. V_pcc: 0.962,0
2026-01-01T15:02:25Z,GRID_PASS,100.0,90.93333333333403,Mode: NORMAL. V_pcc: 0.962,0
2026-01-01T15:02:30Z,GRID_PASS,100.0,90.93333333333403,Mode: NORMAL. V_pcc: 0.962,0
2026-01-01T15:02:35Z,GRID_PASS,100.0,90.93333333333403,Mode: NORMAL. V_pcc: 0.962,0
2026-01-01T15:02:40Z,GRID_PASS,100.0,90.93333333333403,Mode: NORMAL. V_pcc: 0.962,0
2026-01-01T15:02:45Z,GRID_PASS,100.0,90.93333333333403,Mode: NORMAL. V_pcc: 0.962,0
2026-01-01T15:02:50Z,GRID_PASS,100.0,90.93333333333403,Mode: NORMAL. V_pcc: 0.962,0
2026-01-01T15:02:55Z,GRID_PASS,100.0,90.93333333333403,Mode: NORMAL. V_pcc: 0.962,0
2026-01-01T15:03:00Z,GRID_PASS,100.0,90.93333333333403,Mode: NORMAL. V_pcc: 0.962,0
2026-01-01T15:03:05Z,GRID_PASS,100.0,90.93333333333403,Mode: NORMAL. V_pcc: 0.962,0
2026-01-01T15:03:10Z,GRID_PASS,100.0,90.93333333333403,Mode: NORMAL. V_pcc: 0.962,0
2026-01-01T15:03:15Z,GRID_PASS,100.0,90.93333333333403,Mode: NORMAL. V_pcc: 0.962,0
2026-01-01T15:03:20Z,GRID_PASS,100.0,90.93333333333403,Mode: NORMAL. V_pcc: 0.962,0
2026-01-01T15:03:25Z,GRID_PASS,100.0,90.93333333333403,Mode: NORMAL. V_pcc: 0.962,0
2026-01-01T15:03:30Z,GRID_PASS,100.0,90.93333333333403,Mode: NORMAL. V_pcc: 0.962,0
2026-01-01T15:03:35Z,GRID_PASS,100.0,90.93333333333403,Mode: NORMAL. V_pcc: 0.962,0
2026-01-01T15:03:40Z,GRID_PASS,100.0,90.93333333333403,Mode: NORMAL. V_pcc: 0.962,0
2026-01-01T15:03:45Z,GRID_PASS,100.0,90.93333333333403,Mode: NORMAL. V_pcc: 0.962,0
2026-01-01T15:03:50Z,GRID_PASS,100.0,90.93333333333403,Mode: NORMAL. V_pcc: 0.962,0
2026-01-01T15:03:55Z,GRID_PASS,100.0,90.93333333333403,Mode: NORMAL. V_pcc: 0.962,0
2026-01-01T15:04:00Z,GRID_PASS,100.0,90.93333333333403,Mode: NORMAL. V_pcc: 0.962,0
2026-01-01T15:04:05Z,GRID_PASS,100.0,90.93333333333403,Mode: NORMAL. V_pcc: 0.962,0
2026-01-01T15:04:10Z,GRID_PASS,100.0,90.93333333333403,Mode: NORMAL. V_pcc: 0.962,0
2026-01-01T15:04:15Z,GRID_PASS,100.0,90.93333333333403,Mode: NORMAL. V_pcc: 0.962,0
2026-01-01T15:04:20Z,GRID_PASS,100.0,90.93333333333403,Mode: NORMAL. V_pcc: 0.962,0
2026-01-01T15:04:25Z,GRID_PASS,100.0,90.93333333333403,Mode: NORMAL. V_pcc: 0.962,0
2026-01-01T15:04:30Z,GRID_PASS,100.0,90.93333333333403,Mode: NORMAL. V_pcc: 0.962,0
2026-01-01T15:04:35Z,GRID_PASS,100.0,90.93333333333403,Mode: NORMAL. V_pcc: 0.962,0
2026-01-01T15:04:40Z,GRID_PASS,100.0,90.93333333333403,Mode: NORMAL. V_pcc: 0.962,0
2026-01-01T15:04:45Z,GRID_PASS,100.0,90.93333333333403,Mode: NORMAL. V_pcc: 0.962,0
2026-01-01T15:04:50Z,GRID_PASS,100.0,90.93333333333403,Mode: NORMAL. V_pcc: 0.962,0
2026-01-01T15:04:55Z,GRID_PASS,100.0,90.93333333333403,Mode: NORMAL. V_pcc: 0.962,0
2026-01-01T15:05:00Z,GRID_PASS,100.0,90.93333333333403,Mode: NORMAL. V_pcc: 0.962,0
2026-01-01T15:05:05Z,GRID_PASS,100.0,90.93333333333403,Mode: NORMAL. V_pcc: 0.962,0
2026-01-01T15:05:10Z,GRID_PASS,100.0,90.93333333333403,Mode: NORMAL. V_pcc: 0.962,0
2026-01-01T15:05:15Z,GRID_PASS,100.0,90.93333333333403,Mode: NORMAL. V_pcc: 0.962,0
2026-01-01T15:05:20Z,GRID_PASS,100.0,90.93333333333403,Mode: NORMAL. V_pcc: 0.962,0
2026-01-01T15:05:25Z,GRID_PASS,100.0,90.93333333333403,Mode: NORMAL. V_pcc: 0.962,0
2026-01-01T15:05:30Z,GRID_PASS,100.0,90.93333333333403,Mode: NORMAL. V_pcc: 0.962,0
2026-01-01T15:05:35Z,GRID_PASS,100.0,90.93333333333403,Mode: NORMAL. V_pcc: 0.962,0
2026-01-01T15:05:40Z,GRID_PASS,100.0,90.93333333333403,Mode: NORMAL. V_pcc: 0.962,0
2026-01-01T15:05:45Z,GRID_PASS,100.0,90.93333333333403,Mode: NORMAL. V_pcc: 0.962,0
2026-01-01T15:05:50Z,GRID_PASS,100.0,90.93333333333403,Mode: NORMAL. V_pcc: 0.962,0
2026-01-01T15:05:55Z,GRID_PASS,100.0,90.93333333333403,Mode: NORMAL. V_pcc: 0.962,0
2026-01-01T15:06:00Z,GRID_PASS,100.0,90.93333333333403,Mode: NORMAL. V_pcc: 0.962,0
2026-01-01T15:06:05Z,GRID_PASS,100.0,90.93333333333403,Mode: NORMAL. V_pcc: 0.962,0
2026-01-01T15:06:10Z,GRID_PASS,100.0,90.93333333333403,Mode: NORMAL. V_pcc: 0.962,0
2026-01-01T15:06:15Z,GRID_PASS,100.0,90.93333333333403,Mode: NORMAL. V_pcc: 0.962,0
2026-01-01T15:06:20Z,GRID_PASS,100.0,90.93333333333403,Mode: NORMAL. V_pcc: 0.962,0
2026-01-01T15:06:25Z,GRID_PASS,100.0,90.93333333333403,Mode: NORMAL. V_pcc: 0.962,0
2026-01-01T15:06:30Z,GRID_PASS,100.0,90.93333333333403,Mode: NORMAL. V_pcc: 0.962,0
2026-01-01T15:06:35Z,GRID_PASS,100.0,90.93333333333403,Mode: NORMAL. V_pcc: 0.962,0
2026-01-01T15:06:40Z,GRID_PASS,100.0,90.93333333333403,Mode: NORMAL. V_pcc: 0.962,0
2026-01-01T15:06:45Z,GRID_PASS,100.0,90.93333333333403,Mode: NORMAL. V_pcc: 0.962,0
2026-01-01T15:06:50Z,GRID_PASS,100.0,90.93333333333403,Mode: NORMAL. V_pcc: 0.962,0
2026-01-01T15:06:55Z,GRID_PASS,100.0,90.93333333333403,Mode: NORMAL. V_pcc: 0.962,0
2026-01-01T15:07:00Z,GRID_PASS,100.0,90.93333333333403,Mode: NORMAL. V_pcc: 0.962,0
2026-01-01T15:07:05Z,GRID_PASS,100.0,90.93333333333403,Mode: NORMAL. V_pcc: 0.962,0
2026-01-01T15:07:10Z,GRID_PASS,100.0,90.93333333333403,Mode: NORMAL. V_pcc: 0.962,0
2026-01-01T15:07:15Z,GRID_PASS,100.0,90.93333333333403,Mode: NORMAL. V_pcc: 0.962,0
2026-01-01T15:07:20Z,GRID_PASS,100.0,90.93333333333403,Mode: NORMAL. V_pcc: 0.962,0
2026-01-01T15:07:25Z,GRID_PASS,100.0,90.93333333333403,Mode: NORMAL. V_pcc: 0.962,0
2026-01-01T15:07:30Z,GRID_PASS,100.0,90.93333333333403,Mode: NORMAL. V_pcc: 0.962,0
2026-01-01T15:07:35Z,GRID_PASS,100.0,90.93333333333403,Mode: NORMAL. V_pcc: 0.962,0
2026-01-01T15:07:40Z,GRID_PASS,100.0,90.93333333333403,Mode: NORMAL. V_pcc: 0.962,0
2026-01-01T15:07:45Z,GRID_PASS,100.0,90.93333333333403,Mode: NORMAL. V_pcc: 0.962,0
2026-01-01T15:07:50Z,GRID_PASS,100.0,90.93333333333403,Mode: NORMAL. V_pcc: 0.962,0
2026-01-01T15:07:55Z,GRID_PASS,100.0,90.93333333333403,Mode: NORMAL. V_pcc: 0.962,0
2026-01-01T15:08:00Z,GRID_PASS,100.0,90.93333333333403,Mode: NORMAL. V_pcc: 0.962,0
2026-01-01T15:08:05Z,GRID_PASS,100.0,90.93333333333403,Mode: NORMAL. V_pcc: 0.962,0
2026-01-01T15:08:10Z,GRID_PASS,100.0,90.93333333333403,Mode: NORMAL. V_pcc: 0.962,0
2026-01-01T15:08:15Z,GRID_PASS,100.0,90.93333333333403,Mode: NORMAL. V_pcc: 0.962,0
2026-01-01T15:08:20Z,GRID_PASS,100.0,90.93333333333403,Mode: NORMAL. V_pcc: 0.962,0
2026-01-01T15:08:25Z,GRID_PASS,100.0,90.93333333333403,Mode: NORMAL. V_pcc: 0.962,0
2026-01-01T15:08:30Z,GRID_PASS,100.0,90.93333333333403,Mode: NORMAL. V_pcc: 0.962,0
2026-01-01T15:08:35Z,GRID_PASS,100.0,90.93333333333403,Mode: NORMAL. V_pcc: 0.962,0
2026-01-01T15:08:40Z,GRID_PASS,100.0,90.93333333333403,Mode: NORMAL. V_pcc: 0.962,0
2026-01-01T15:08:45Z,GRID_PASS,100.0,90.93333333333403,Mode: NORMAL. V_pcc: 0.962,0
2026-01-01T15:08:50Z,GRID_PASS,100.0,90.93333333333403,Mode: NORMAL. V_pcc: 0.962,0
2026-01-01T15:08:55Z,GRID_PASS,100.0,90.93333333333403,Mode: NORMAL. V_pcc: 0.962,0
2026-01-01T15:09:00Z,GRID_PASS,100.0,90.93333333333403,Mode: NORMAL. V_pcc: 0.962,0
2026-01-01T15:09:05Z,GRID_PASS,100.0,90.93333333333403,Mode: NORMAL. V_pcc: 0.962,0
2026-01-01T15:09:10Z,GRID_PASS,100.0,90.93333333333403,Mode: NORMAL. V_pcc: 0.962,0
2026-01-01T15:09:15Z,GRID_PASS,100.0,90.93333333333403,Mode: NORMAL. V_pcc: 0.962,0
2026-01-01T15:09:20Z,GRID_PASS,100.0,90.93333333333403,Mode: NORMAL. V_pcc: 0.962,0
2026-01-01T15:09:25Z,GRID_PASS,100.0,90.93333333333403,Mode: NORMAL. V_pcc: 0.962,0
2026-01-01T15:09:30Z,GRID_PASS,100.0,90.93333333333403,Mode: NORMAL. V_pcc: 0.962,0
2026-01-01T15:09:35Z,GRID_PASS,100.0,90.93333333333403,Mode: NORMAL. V_pcc: 0.962,0
2026-01-01T15:09:40Z,GRID_PASS,100.0,90.93333333333403,Mode: NORMAL. V_pcc: 0.962,0
2026-01-01T15:09:45Z,GRID_PASS,100.0,90.93333333333403,Mode: NORMAL. V_pcc: 0.962,0
2026-01-01T15:09:50Z,GRID_PASS,100.0,90.93333333333403,Mode: NORMAL. V_pcc: 0.962,0
2026-01-01T15:09:55Z,GRID_PASS,100.0,90.93333333333403,Mode: NORMAL. V_pcc: 0.962,0
2026-01-01T15:10:00Z,GRID_PASS,100.0,90.93333333333403,Mode: NORMAL. V_pcc: 0.962,0
2026-01-01T15:10:05Z,GRID_PASS,100.0,90.93333333333403,Mode: NORMAL. V_pcc: 0.962,0
2026-01-01T15:10:10Z,GRID_PASS,100.0,90.93333333333403,Mode: NORMAL. V_pcc: 0.962,0
2026-01-01T15:10:15Z,GRID_PASS,100.0,90.93333333333403,Mode: NORMAL. V_pcc: 0.962,0
2026-01-01T15:10:20Z,GRID_PASS,100.0,90.93333333333403,Mode: NORMAL. V_pcc: 0.962,0
2026-01-01T15:10:25Z,GRID_PASS,100.0,90.93333333333403,Mode: NORMAL. V_pcc: 0.962,0
2026-01-01T15:10:30Z,GRID_PASS,100.0,90.93333333333403,Mode: NORMAL. V_pcc: 0.962,0
2026-01-01T15:10:35Z,GRID_PASS,100.0,90.93333333333403,Mode: NORMAL. V_pcc: 0.962,0
2026-01-01T15:10:40Z,GRID_PASS,100.0,90.93333333333403,Mode: NORMAL. V_pcc: 0.962,0
2026-01-01T15:10:45Z,GRID_PASS,100.0,90.93333333333403,Mode: NORMAL. V_pcc: 0.962,0
2026-01-01T15:10:50Z,GRID_PASS,100.0,90.93333333333403,Mode: NORMAL. V_pcc: 0.962,0
2026-01-01T15:10:55Z,GRID_PASS,100.0,90.93333333333403,Mode: NORMAL. V_pcc: 0.962,0
2026-01-01T15:11:00Z,GRID_PASS,100.0,90.93333333333403,Mode: NORMAL. V_pcc: 0.962,0
2026-01-01T15:11:05Z,GRID_PASS,100.0,90.93333333333403,Mode: NORMAL. V_pcc: 0.962,0
2026-01-01T15:11:10Z,GRID_PASS,100.0,90.93333333333403,Mode: NORMAL. V_pcc: 0.962,0
2026-01-01T15:11:15Z,GRID_PASS,100.0,90.93333333333403,Mode: NORMAL. V_pcc: 0.962,0
2026-01-01T15:11:20Z,GRID_PASS,100.0,90.93333333333403,Mode: NORMAL. V_pcc: 0.962,0
2026-01-01T15:11:25Z,GRID_PASS,100.0,90.93333333333403,Mode: NORMAL. V_pcc: 0.962,0
2026-01-01T15:11:30Z,GRID_PASS,100.0,90.93333333333403,Mode: NORMAL. V_pcc: 0.962,0
2026-01-01T15:11:35Z,GRID_PASS,100.0,90.93333333333403,Mode: NORMAL. V_pcc: 0.962,0
2026-01-01T15:11:40Z,GRID_PASS,100.0,90.93333333333403,Mode: NORMAL. V_pcc: 0.962,0
2026-01-01T15:11:45Z,GRID_PASS,100.0,90.93333333333403,Mode: NORMAL. V_pcc: 0.962,0
2026-01-01T15:11:50Z,GRID_PASS,100.0,90.93333333333403,Mode: NORMAL. V_pcc: 0.962,0
2026-01-01T15:11:55Z,GRID_PASS,100.0,90.93333333333403,Mode: NORMAL. V_pcc: 0.962,0
2026-01-01T15:12:00Z,GRID_PASS,100.0,90.93333333333403,Mode: NORMAL. V_pcc: 0.962,0
2026-01-01T15:12:05Z,GRID_PASS,100.0,90.93333333333403,Mode: NORMAL. V_pcc: 0.962,0
2026-01-01T15:12:10Z,GRID_PASS,100.0,90.93333333333403,Mode: NORMAL. V_pcc: 0.962,0
2026-01-01T15:12:15Z,GRID_PASS,100.0,90.93333333333403,Mode: NORMAL. V_pcc: 0.962,0
2026-01-01T15:12:20Z,GRID_PASS,100.0,90.93333333333403,Mode: NORMAL. V_pcc: 0.962,0
2026-01-01T15:12:25Z,GRID_PASS,100.0,90.93333333333403,Mode: NORMAL. V_pcc: 0.962,0
2026-01-01T15:12:30Z,GRID_PASS,100.0,90.93333333333403,Mode: NORMAL. V_pcc: 0.962,0
2026-01-01T15:12:35Z,GRID_PASS,100.0,90.93333333333403,Mode: NORMAL. V_pcc: 0.962,0
2026-01-01T15:12:40Z,GRID_PASS,100.0,90.93333333333403,Mode: NORMAL. V_pcc: 0.962,0
2026-01-01T15:12:45Z,GRID_PASS,100.0,90.93333333333403,Mode: NORMAL. V_pcc: 0.962,0
2026-01-01T15:12:50Z,GRID_PASS,100.0,90.93333333333403,Mode: NORMAL. V_pcc: 0.962,0
2026-01-01T15:12:55Z,GRID_PASS,100.0,90.93333333333403,Mode: NORMAL. V_pcc: 0.962,0
2026-01-01T15:13:00Z,GRID_PASS,100.0,90.93333333333403,Mode: NORMAL. V_pcc: 0.962,0
2026-01-01T15:13:05Z,GRID_PASS,100.0,90.93333333333403,Mode: NORMAL. V_pcc: 0.962,0
2026-01-01T15:13:10Z,GRID_PASS,100.0,90.93333333333403,Mode: NORMAL. V_pcc: 0.962,0
2026-01-01T15:13:15Z,GRID_PASS,100.0,90.93333333333403,Mode: NORMAL. V_pcc: 0.962,0
2026-01-01T15:13:20Z,GRID_PASS,100.0,90.93333333333403,Mode: NORMAL. V_pcc: 0.962,0
2026-01-01T15:13:25Z,GRID_PASS,100.0,90.93333333333403,Mode: NORMAL. V_pcc: 0.962,0
2026-01-01T15:13:30Z,GRID_PASS,100.0,90.93333333333403,Mode: NORMAL. V_pcc: 0.962,0
2026-01-01T15:13:35Z,GRID_PASS,100.0,90.93333333333403,Mode: NORMAL. V_pcc: 0.962,0
2026-01-01T15:13:40Z,GRID_PASS,100.0,90.93333333333403,Mode: NORMAL. V_pcc: 0.962,0
2026-01-01T15:13:45Z,GRID_PASS,100.0,90.93333333333403,Mode: NORMAL. V_pcc: 0.962,0
2026-01-01T15:13:50Z,GRID_PASS,100.0,90.93333333333403,Mode: NORMAL. V_pcc: 0.962,0
2026-01-01T15:13:55Z,GRID_PASS,100.0,90.93333333333403,Mode: NORMAL. V_pcc: 0.962,0
2026-01-01T15:14:00Z,GRID_PASS,100.0,90.93333333333403,Mode: NORMAL. V_pcc: 0.962,0
2026-01-01T15:14:05Z,GRID_PASS,100.0,90.93333333333403,Mode: NORMAL. V_pcc: 0.962,0
2026-01-01T15:14:10Z,GRID_PASS,100.0,90.93333333333403,Mode: NORMAL. V_pcc: 0.962,0
2026-01-01T15:14:15Z,GRID_PASS,100.0,90.93333333333403,Mode: NORMAL. V_pcc: 0.962,0
2026-01-01T15:14:20Z,GRID_PASS,100.0,90.93333333333403,Mode: NORMAL. V_pcc: 0.962,0
2026-01-01T15:14:25Z,GRID_PASS,100.0,90.93333333333403,Mode: NORMAL. V_pcc: 0.962,0
2026-01-01T15:14:30Z,GRID_PASS,100.0,90.93333333333403,Mode: NORMAL. V_pcc: 0.962,0
2026-01-01T15:14:35Z,GRID_PASS,100.0,90.93333333333403,Mode: NORMAL. V_pcc: 0.962,0
2026-01-01T15:14:40Z,GRID_PASS,100.0,90.93333333333403,Mode: NORMAL. V_pcc: 0.962,0
2026-01-01T15:14:45Z,GRID_PASS,100.0,90.93333333333403,Mode: NORMAL. V_pcc: 0.962,0
2026-01-01T15:14:50Z,GRID_PASS,100.0,90.93333333333403,Mode: NORMAL. V_pcc: 0.962,0
2026-01-01T15:14:55Z,GRID_PASS,100.0,90.93333333333403,Mode: NORMAL. V_pcc: 0.962,0
2026-01-01T15:15:00Z,GRID_PASS,100.0,90.93333333333403,Mode: NORMAL. V_pcc: 0.962,0
2026-01-01T15:15:05Z,GRID_PASS,100.0,90.93333333333403,Mode: NORMAL. V_pcc: 0.962,0
2026-01-01T15:15:10Z,GRID_PASS,100.0,90.93333333333403,Mode: NORMAL. V_pcc: 0.962,0
2026-01-01T15:15:15Z,GRID_PASS,100.0,90.93333333333403,Mode: NORMAL. V_pcc: 0.962,0
2026-01-01T15:15:20Z,GRID_PASS,100.0,90.93333333333403,Mode: NORMAL. V_pcc: 0.962,0
2026-01-01T15:15:25Z,GRID_PASS,100.0,90.93333333333403,Mode: NORMAL. V_pcc: 0.962,0
2026-01-01T15:15:30Z,GRID_PASS,100.0,90.93333333333403,Mode: NORMAL. V_pcc: 0.962,0
2026-01-01T15:15:35Z,GRID_PASS,100.0,90.93333333333403,Mode: NORMAL. V_pcc: 0.962,0
2026-01-01T15:15:40Z,GRID_PASS,100.0,90.93333333333403,Mode: NORMAL. V_pcc: 0.962,0
2026-01-01T15:15:45Z,GRID_PASS,100.0,90.93333333333403,Mode: NORMAL. V_pcc: 0.962,0
2026-01-01T15:15:50Z,GRID_PASS,100.0,90.93333333333403,Mode: NORMAL. V_pcc: 0.962,0
2026-01-01T15:15:55Z,GRID_PASS,100.0,90.93333333333403,Mode: NORMAL. V_pcc: 0.962,0
2026-01-01T15:16:00Z,GRID_PASS,100.0,90.93333333333403,Mode: NORMAL. V_pcc: 0.962,0
2026-01-01T15:16:05Z,GRID_PASS,100.0,90.93333333333403,Mode: NORMAL. V_pcc: 0.962,0
2026-01-01T15:16:10Z,GRID_PASS,100.0,90.93333333333403,Mode: NORMAL. V_pcc: 0.962,0
2026-01-01T15:16:15Z,GRID_PASS,100.0,90.93333333333403,Mode: NORMAL. V_pcc: 0.962,0
2026-01-01T15:16:20Z,GRID_PASS,100.0,90.93333333333403,Mode: NORMAL. V_pcc: 0.962,0
2026-01-01T15:16:25Z,GRID_PASS,100.0,90.93333333333403,Mode: NORMAL. V_pcc: 0.962,0
2026-01-01T15:16:30Z,GRID_PASS,100.0,90.93333333333403,Mode: NORMAL. V_pcc: 0.962,0
2026-01-01T15:16:35Z,GRID_PASS,100.0,90.93333333333403,Mode: NORMAL. V_pcc: 0.962,0
2026-01-01T15:16:40Z,GRID_PASS,100.0,90.93333333333403,Mode: NORMAL. V_pcc: 0.962,0
2026-01-01T15:16:45Z,GRID_PASS,100.0,90.93333333333403,Mode: NORMAL. V_pcc: 0.962,0
2026-01-01T15:16:50Z,GRID_PASS,100.0,90.93333333333403,Mode: NORMAL. V_pcc: 0.962,0
2026-01-01T15:16:55Z,GRID_PASS,100.0,90.93333333333403,Mode: NORMAL. V_pcc: 0.962,0
2026-01-01T15:17:00Z,GRID_PASS,100.0,90.93333333333403,Mode: NORMAL. V_pcc: 0.962,0
2026-01-01T15:17:05Z,GRID_PASS,100.0,90.93333333333403,Mode: NORMAL. V_pcc: 0.961,0
2026-01-01T15:17:10Z,GRID_PASS,100.0,90.93333333333403,Mode: NORMAL. V_pcc: 0.961,0
2026-01-01T15:17:15Z,GRID_PASS,100.0,90.93333333333403,Mode: NORMAL. V_pcc: 0.961,0
2026-01-01T15:17:20Z,GRID_PASS,100.0,90.93333333333403,Mode: NORMAL. V_pcc: 0.961,0
2026-01-01T15:17:25Z,GRID_PASS,100.0,90.93333333333403,Mode: NORMAL. V_pcc: 0.961,0
2026-01-01T15:17:30Z,GRID_PASS,100.0,90.93333333333403,Mode: NORMAL. V_pcc: 0.961,0
2026-01-01T15:17:35Z,GRID_PASS,100.0,90.93333333333403,Mode: NORMAL. V_pcc: 0.961,0
2026-01-01T15:17:40Z,GRID_PASS,100.0,90.93333333333403,Mode: NORMAL. V_pcc: 0.961,0
2026-01-01T15:17:45Z,GRID_PASS,100.0,90.93333333333403,Mode: NORMAL. V_pcc: 0.961,0
2026-01-01T15:17:50Z,GRID_PASS,100.0,90.93333333333403,Mode: NORMAL. V_pcc: 0.961,0
2026-01-01T15:17:55Z,GRID_PASS,100.0,90.93333333333403,Mode: NORMAL. V_pcc: 0.961,0
2026-01-01T15:18:00Z,GRID_PASS,100.0,90.93333333333403,Mode: NORMAL. V_pcc: 0.961,0
2026-01-01T15:18:05Z,GRID_PASS,100.0,90.93333333333403,Mode: NORMAL. V_pcc: 0.961,0
2026-01-01T15:18:10Z,GRID_PASS,100.0,90.93333333333403,Mode: NORMAL. V_pcc: 0.961,0
2026-01-01T15:18:15Z,GRID_PASS,100.0,90.93333333333403,Mode: NORMAL. V_pcc: 0.961,0
2026-01-01T15:18:20Z,GRID_PASS,100.0,90.93333333333403,Mode: NORMAL. V_pcc: 0.961,0
2026-01-01T15:18:25Z,GRID_PASS,100.0,90.93333333333403,Mode: NORMAL. V_pcc: 0.961,0
2026-01-01T15:18:30Z,GRID_PASS,100.0,90.93333333333403,Mode: NORMAL. V_pcc: 0.961,0
2026-01-01T15:18:35Z,GRID_PASS,100.0,90.93333333333403,Mode: NORMAL. V_pcc: 0.961,0
2026-01-01T15:18:40Z,GRID_PASS,100.0,90.93333333333403,Mode: NORMAL. V_pcc: 0.961,0
2026-01-01T15:18:45Z,GRID_PASS,100.0,90.93333333333403,Mode: NORMAL. V_pcc: 0.961,0
2026-01-01T15:18:50Z,GRID_PASS,100.0,90.93333333333403,Mode: NORMAL. V_pcc: 0.961,0
2026-01-01T15:18:55Z,GRID_PASS,100.0,90.93333333333403,Mode: NORMAL. V_pcc: 0.961,0
2026-01-01T15:19:00Z,GRID_PASS,100.0,90.93333333333403,Mode: NORMAL. V_pcc: 0.961,0
2026-01-01T15:19:05Z,GRID_PASS,100.0,90.93333333333403,Mode: NORMAL. V_pcc: 0.961,0
2026-01-01T15:19:10Z,GRID_PASS,100.0,90.93333333333403,Mode: NORMAL. V_pcc: 0.961,0
2026-01-01T15:19:15Z,GRID_PASS,100.0,90.93333333333403,Mode: NORMAL. V_pcc: 0.961,0
2026-01-01T15:19:20Z,GRID_PASS,100.0,90.93333333333403,Mode: NORMAL. V_pcc: 0.961,0
2026-01-01T15:19:25Z,GRID_PASS,100.0,90.93333333333403,Mode: NORMAL. V_pcc: 0.961,0
2026-01-01T15:19:30Z,GRID_PASS,100.0,90.93333333333403,Mode: NORMAL. V_pcc: 0.961,0
2026-01-01T15:19:35Z,GRID_PASS,100.0,90.93333333333403,Mode: NORMAL. V_pcc: 0.961,0
2026-01-01T15:19:40Z,GRID_PASS,100.0,90.93333333333403,Mode: NORMAL. V_pcc: 0.961,0
2026-01-01T15:19:45Z,GRID_PASS,100.0,90.93333333333403,Mode: NORMAL. V_pcc: 0.961,0
2026-01-01T15:19:50Z,GRID_PASS,100.0,90.93333333333403,Mode: NORMAL. V_pcc: 0.961,0
2026-01-01T15:19:55Z,GRID_PASS,100.0,90.93333333333403,Mode: NORMAL. V_pcc: 0.961,0
2026-01-01T15:20:00Z,GRID_PASS,100.0,90.93333333333403,Mode: NORMAL. V_pcc: 0.961,0
2026-01-01T15:20:05Z,GRID_PASS,100.0,90.93333333333403,Mode: NORMAL. V_pcc: 0.961,0
2026-01-01T15:20:10Z,GRID_PASS,100.0,90.93333333333403,Mode: NORMAL. V_pcc: 0.961,0
2026-01-01T15:20:15Z,GRID_PASS,100.0,90.93333333333403,Mode: NORMAL. V_pcc: 0.961,0
2026-01-01T15:20:20Z,GRID_PASS,100.0,90.93333333333403,Mode: NORMAL. V_pcc: 0.961,0
2026-01-01T15:20:25Z,GRID_PASS,100.0,90.93333333333403,Mode: NORMAL. V_pcc: 0.961,0
2026-01-01T15:20:30Z,GRID_PASS,100.0,90.93333333333403,Mode: NORMAL. V_pcc: 0.961,0
2026-01-01T15:20:35Z,GRID_PASS,100.0,90.93333333333403,Mode: NORMAL. V_pcc: 0.961,0
2026-01-01T15:20:40Z,GRID_PASS,100.0,90.93333333333403,Mode: NORMAL. V_pcc: 0.961,0
2026-01-01T15:20:45Z,GRID_PASS,100.0,90.93333333333403,Mode: NORMAL. V_pcc: 0.961,0
2026-01-01T15:20:50Z,GRID_PASS,100.0,90.93333333333403,Mode: NORMAL. V_pcc: 0.961,0
2026-01-01T15:20:55Z,GRID_PASS,100.0,90.93333333333403,Mode: NORMAL. V_pcc: 0.961,0
2026-01-01T15:21:00Z,GRID_PASS,100.0,90.93333333333403,Mode: NORMAL. V_pcc: 0.961,0
2026-01-01T15:21:05Z,GRID_PASS,100.0,90.93333333333403,Mode: NORMAL. V_pcc: 0.961,0
2026-01-01T15:21:10Z,GRID_PASS,100.0,90.93333333333403,Mode: NORMAL. V_pcc: 0.961,0
2026-01-01T15:21:15Z,GRID_PASS,100.0,90.93333333333403,Mode: NORMAL. V_pcc: 0.961,0
2026-01-01T15:21:20Z,GRID_PASS,100.0,90.93333333333403,Mode: NORMAL. V_pcc: 0.961,0
2026-01-01T15:21:25Z,GRID_PASS,100.0,90.93333333333403,Mode: NORMAL. V_pcc: 0.961,0
2026-01-01T15:21:30Z,GRID_PASS,100.0,90.93333333333403,Mode: NORMAL. V_pcc: 0.961,0
2026-01-01T15:21:35Z,GRID_PASS,100.0,90.93333333333403,Mode: NORMAL. V_pcc: 0.961,0
2026-01-01T15:21:40Z,GRID_PASS,100.0,90.93333333333403,Mode: NORMAL. V_pcc: 0.961,0
2026-01-01T15:21:45Z,GRID_PASS,100.0,90.93333333333403,Mode: NORMAL. V_pcc: 0.961,0
2026-01-01T15:21:50Z,GRID_PASS,100.0,90.93333333333403,Mode: NORMAL. V_pcc: 0.961,0
2026-01-01T15:21:55Z,GRID_PASS,100.0,90.93333333333403,Mode: NORMAL. V_pcc: 0.961,0
2026-01-01T15:22:00Z,GRID_PASS,100.0,90.93333333333403,Mode: NORMAL. V_pcc: 0.961,0
2026-01-01T15:22:05Z,GRID_PASS,100.0,90.93333333333403,Mode: NORMAL. V_pcc: 0.961,0
2026-01-01T15:22:10Z,GRID_PASS,100.0,90.93333333333403,Mode: NORMAL. V_pcc: 0.961,0
2026-01-01T15:22:15Z,GRID_PASS,100.0,90.93333333333403,Mode: NORMAL. V_pcc: 0.961,0
2026-01-01T15:22:20Z,GRID_PASS,100.0,90.93333333333403,Mode: NORMAL. V_pcc: 0.961,0
2026-01-01T15:22:25Z,GRID_PASS,100.0,90.93333333333403,Mode: NORMAL. V_pcc: 0.961,0
2026-01-01T15:22:30Z,GRID_PASS,100.0,90.93333333333403,Mode: NORMAL. V_pcc: 0.961,0
2026-01-01T15:22:35Z,GRID_PASS,100.0,90.93333333333403,Mode: NORMAL. V_pcc: 0.961,0
2026-01-01T15:22:40Z,GRID_PASS,100.0,90.93333333333403,Mode: NORMAL. V_pcc: 0.961,0
2026-01-01T15:22:45Z,GRID_PASS,100.0,90.93333333333403,Mode: NORMAL. V_pcc: 0.961,0
2026-01-01T15:22:50Z,GRID_PASS,100.0,90.93333333333403,Mode: NORMAL. V_pcc: 0.961,0
2026-01-01T15:22:55Z,GRID_PASS,100.0,90.93333333333403,Mode: NORMAL. V_pcc: 0.961,0
2026-01-01T15:23:00Z,GRID_PASS,100.0,90.93333333333403,Mode: NORMAL. V_pcc: 0.961,0
2026-01-01T15:23:05Z,GRID_PASS,100.0,90.93333333333403,Mode: NORMAL. V_pcc: 0.961,0
2026-01-01T15:23:10Z,GRID_PASS,100.0,90.93333333333403,Mode: NORMAL. V_pcc: 0.961,0
2026-01-01T15:23:15Z,GRID_PASS,100.0,90.93333333333403,Mode: NORMAL. V_pcc: 0.961,0
2026-01-01T15:23:20Z,GRID_PASS,100.0,90.93333333333403,Mode: NORMAL. V_pcc: 0.961,0
2026-01-01T15:23:25Z,GRID_PASS,100.0,90.93333333333403,Mode: NORMAL. V_pcc: 0.961,0
2026-01-01T15:23:30Z,GRID_PASS,100.0,90.93333333333403,Mode: NORMAL. V_pcc: 0.961,0
2026-01-01T15:23:35Z,GRID_PASS,100.0,90.93333333333403,Mode: NORMAL. V_pcc: 0.961,0
2026-01-01T15:23:40Z,GRID_PASS,100.0,90.93333333333403,Mode: NORMAL. V_pcc: 0.961,0
2026-01-01T15:23:45Z,GRID_PASS,100.0,90.93333333333403,Mode: NORMAL. V_pcc: 0.961,0
2026-01-01T15:23:50Z,GRID_PASS,100.0,90.93333333333403,Mode: NORMAL. V_pcc: 0.961,0
2026-01-01T15:23:55Z,GRID_PASS,100.0,90.93333333333403,Mode: NORMAL. V_pcc: 0.961,0
2026-01-01T15:24:00Z,GRID_PASS,100.0,90.93333333333403,Mode: NORMAL. V_pcc: 0.961,0
2026-01-01T15:24:05Z,GRID_PASS,100.0,90.93333333333403,Mode: NORMAL. V_pcc: 0.961,0
2026-01-01T15:24:10Z,GRID_PASS,100.0,90.93333333333403,Mode: NORMAL. V_pcc: 0.961,0
2026-01-01T15:24:15Z,GRID_PASS,100.0,90.93333333333403,Mode: NORMAL. V_pcc: 0.961,0
2026-01-01T15:24:20Z,GRID_PASS,100.0,90.93333333333403,Mode: NORMAL. V_pcc: 0.961,0
2026-01-01T15:24:25Z,GRID_PASS,100.0,90.93333333333403,Mode: NORMAL. V_pcc: 0.961,0
2026-01-01T15:24:30Z,GRID_PASS,100.0,90.93333333333403,Mode: NORMAL. V_pcc: 0.961,0
2026-01-01T15:24:35Z,GRID_PASS,100.0,90.93333333333403,Mode: NORMAL. V_pcc: 0.961,0
2026-01-01T15:24:40Z,GRID_PASS,100.0,90.93333333333403,Mode: NORMAL. V_pcc: 0.961,0
2026-01-01T15:24:45Z,GRID_PASS,100.0,90.93333333333403,Mode: NORMAL. V_pcc: 0.961,0
2026-01-01T15:24:50Z,GRID_PASS,100.0,90.93333333333403,Mode: NORMAL. V_pcc: 0.961,0
2026-01-01T15:24:55Z,GRID_PASS,100.0,90.93333333333403,Mode: NORMAL. V_pcc: 0.961,0
2026-01-01T15:25:00Z,GRID_PASS,100.0,90.93333333333403,Mode: NORMAL. V_pcc: 0.961,0
2026-01-01T15:25:05Z,GRID_PASS,100.0,90.93333333333403,Mode: NORMAL. V_pcc: 0.961,0
2026-01-01T15:25:10Z,GRID_PASS,100.0,90.93333333333403,Mode: NORMAL. V_pcc: 0.961,0
2026-01-01T15:25:15Z,GRID_PASS,100.0,90.93333333333403,Mode: NORMAL. V_pcc: 0.961,0
2026-01-01T15:25:20Z,GRID_PASS,100.0,90.93333333333403,Mode: NORMAL. V_pcc: 0.961,0
2026-01-01T15:25:25Z,GRID_PASS,100.0,90.93333333333403,Mode: NORMAL. V_pcc: 0.961,0
2026-01-01T15:25:30Z,GRID_PASS,100.0,90.93333333333403,Mode: NORMAL. V_pcc: 0.961,0
2026-01-01T15:25:35Z,GRID_PASS,100.0,90.93333333333403,Mode: NORMAL. V_pcc: 0.961,0
2026-01-01T15:25:40Z,GRID_PASS,100.0,90.93333333333403,Mode: NORMAL. V_pcc: 0.961,0
2026-01-01T15:25:45Z,GRID_PASS,100.0,90.93333333333403,Mode: NORMAL. V_pcc: 0.961,0
2026-01-01T15:25:50Z,GRID_PASS,100.0,90.93333333333403,Mode: NORMAL. V_pcc: 0.961,0
2026-01-01T15:25:55Z,GRID_PASS,100.0,90.93333333333403,Mode: NORMAL. V_pcc: 0.961,0
2026-01-01T15:26:00Z,GRID_PASS,100.0,90.93333333333403,Mode: NORMAL. V_pcc: 0.961,0
2026-01-01T15:26:05Z,GRID_PASS,100.0,90.93333333333403,Mode: NORMAL. V_pcc: 0.961,0
2026-01-01T15:26:10Z,GRID_PASS,100.0,90.93333333333403,Mode: NORMAL. V_pcc: 0.961,0
2026-01-01T15:26:15Z,GRID_PASS,100.0,90.93333333333403,Mode: NORMAL. V_pcc: 0.961,0
2026-01-01T15:26:20Z,GRID_PASS,100.0,90.93333333333403,Mode: NORMAL. V_pcc: 0.961,0
2026-01-01T15:26:25Z,GRID_PASS,100.0,90.93333333333403,Mode: NORMAL. V_pcc: 0.961,0
2026-01-01T15:26:30Z,GRID_PASS,100.0,90.93333333333403,Mode: NORMAL. V_pcc: 0.961,0
2026-01-01T15:26:35Z,GRID_PASS,100.0,90.93333333333403,Mode: NORMAL. V_pcc: 0.961,0
2026-01-01T15:26:40Z,GRID_PASS,100.0,90.93333333333403,Mode: NORMAL. V_pcc: 0.961,0
2026-01-01T15:26:45Z,GRID_PASS,100.0,90.93333333333403,Mode: NORMAL. V_pcc: 0.961,0
2026-01-01T15:26:50Z,GRID_PASS,100.0,90.93333333333403,Mode: NORMAL. V_pcc: 0.961,0
2026-01-01T15:26:55Z,GRID_PASS,100.0,90.93333333333403,Mode: NORMAL. V_pcc: 0.961,0
2026-01-01T15:27:00Z,GRID_PASS,100.0,90.93333333333403,Mode: NORMAL. V_pcc: 0.961,0
2026-01-01T15:27:05Z,GRID_PASS,100.0,90.93333333333403,Mode: NORMAL. V_pcc: 0.961,0
2026-01-01T15:27:10Z,GRID_PASS,100.0,90.93333333333403,Mode: NORMAL. V_pcc: 0.961,0
2026-01-01T15:27:15Z,GRID_PASS,100.0,90.93333333333403,Mode: NORMAL. V_pcc: 0.961,0
2026-01-01T15:27:20Z,GRID_PASS,100.0,90.93333333333403,Mode: NORMAL. V_pcc: 0.961,0
2026-01-01T15:27:25Z,GRID_PASS,100.0,90.93333333333403,Mode: NORMAL. V_pcc: 0.961,0
2026-01-01T15:27:30Z,GRID_PASS,100.0,90.93333333333403,Mode: NORMAL. V_pcc: 0.961,0
2026-01-01T15:27:35Z,GRID_PASS,100.0,90.93333333333403,Mode: NORMAL. V_pcc: 0.961,0
2026-01-01T15:27:40Z,GRID_PASS,100.0,90.93333333333403,Mode: NORMAL. V_pcc: 0.961,0
2026-01-01T15:27:45Z,GRID_PASS,100.0,90.93333333333403,Mode: NORMAL. V_pcc: 0.961,0
2026-01-01T15:27:50Z,GRID_PASS,100.0,90.93333333333403,Mode: NORMAL. V_pcc: 0.961,0
2026-01-01T15:27:55Z,GRID_PASS,100.0,90.93333333333403,Mode: NORMAL. V_pcc: 0.961,0
2026-01-01T15:28:00Z,GRID_PASS,100.0,90.93333333333403,Mode: NORMAL. V_pcc: 0.961,0
2026-01-01T15:28:05Z,GRID_PASS,100.0,90.93333333333403,Mode: NORMAL. V_pcc: 0.961,0
2026-01-01T15:28:10Z,GRID_PASS,100.0,90.93333333333403,Mode: NORMAL. V_pcc: 0.961,0
2026-01-01T15:28:15Z,GRID_PASS,100.0,90.93333333333403,Mode: NORMAL. V_pcc: 0.961,0
2026-01-01T15:28:20Z,GRID_PASS,100.0,90.93333333333403,Mode: NORMAL. V_pcc: 0.961,0
2026-01-01T15:28:25Z,GRID_PASS,100.0,90.93333333333403,Mode: NORMAL. V_pcc: 0.961,0
2026-01-01T15:28:30Z,GRID_PASS,100.0,90.93333333333403,Mode: NORMAL. V_pcc: 0.961,0
2026-01-01T15:28:35Z,GRID_PASS,100.0,90.93333333333403,Mode: NORMAL. V_pcc: 0.961,0
2026-01-01T15:28:40Z,GRID_PASS,100.0,90.93333333333403,Mode: NORMAL. V_pcc: 0.961,0
2026-01-01T15:28:45Z,GRID_PASS,100.0,90.93333333333403,Mode: NORMAL. V_pcc: 0.961,0
2026-01-01T15:28:50Z,GRID_PASS,100.0,90.93333333333403,Mode: NORMAL. V_pcc: 0.961,0
2026-01-01T15:28:55Z,GRID_PASS,100.0,90.93333333333403,Mode: NORMAL. V_pcc: 0.961,0
2026-01-01T15:29:00Z,GRID_PASS,100.0,90.93333333333403,Mode: NORMAL. V_pcc: 0.961,0
2026-01-01T15:29:05Z,GRID_PASS,100.0,90.93333333333403,Mode: NORMAL. V_pcc: 0.961,0
2026-01-01T15:29:10Z,GRID_PASS,100.0,90.93333333333403,Mode: NORMAL. V_pcc: 0.961,0
2026-01-01T15:29:15Z,GRID_PASS,100.0,90.93333333333403,Mode: NORMAL. V_pcc: 0.961,0
2026-01-01T15:29:20Z,GRID_PASS,100.0,90.93333333333403,Mode: NORMAL. V_pcc: 0.961,0
2026-01-01T15:29:25Z,GRID_PASS,100.0,90.93333333333403,Mode: NORMAL. V_pcc: 0.961,0
2026-01-01T15:29:30Z,GRID_PASS,100.0,90.93333333333403,Mode: NORMAL. V_pcc: 0.961,0
2026-01-01T15:29:35Z,GRID_PASS,100.0,90.93333333333403,Mode: NORMAL. V_pcc: 0.961,0
2026-01-01T15:29:40Z,GRID_PASS,100.0,90.93333333333403,Mode: NORMAL. V_pcc: 0.961,0
2026-01-01T15:29:45Z,GRID_PASS,100.0,90.93333333333403,Mode: NORMAL. V_pcc: 0.961,0
2026-01-01T15:29:50Z,GRID_PASS,100.0,90.93333333333403,Mode: NORMAL. V_pcc: 0.961,0
2026-01-01T15:29:55Z,GRID_PASS,100.0,90.93333333333403,Mode: NORMAL. V_pcc: 0.961,0
2026-01-01T15:30:00Z,GRID_PASS,100.0,90.93333333333403,Mode: NORMAL. V_pcc: 0.961,0
2026-01-01T15:30:05Z,GRID_PASS,100.0,90.93333333333403,Mode: NORMAL. V_pcc: 0.961,0
2026-01-01T15:30:10Z,GRID_PASS,100.0,90.93333333333403,Mode: NORMAL. V_pcc: 0.961,0
2026-01-01T15:30:15Z,GRID_PASS,100.0,90.93333333333403,Mode: NORMAL. V_pcc: 0.961,0
2026-01-01T15:30:20Z,GRID_PASS,100.0,90.93333333333403,Mode: NORMAL. V_pcc: 0.961,0
2026-01-01T15:30:25Z,GRID_PASS,100.0,90.93333333333403,Mode: NORMAL. V_pcc: 0.961,0
2026-01-01T15:30:30Z,GRID_PASS,100.0,90.93333333333403,Mode: NORMAL. V_pcc: 0.961,0
2026-01-01T15:30:35Z,GRID_PASS,100.0,90.93333333333403,Mode: NORMAL. V_pcc: 0.961,0
2026-01-01T15:30:40Z,GRID_PASS,100.0,90.93333333333403,Mode: NORMAL. V_pcc: 0.961,0
2026-01-01T15:30:45Z,GRID_PASS,100.0,90.93333333333403,Mode: NORMAL. V_pcc: 0.961,0
2026-01-01T15:30:50Z,GRID_PASS,100.0,90.93333333333403,Mode: NORMAL. V_pcc: 0.961,0
2026-01-01T15:30:55Z,GRID_PASS,100.0,90.93333333333403,Mode: NORMAL. V_pcc: 0.961,0
2026-01-01T15:31:00Z,GRID_PASS,100.0,90.93333333333403,Mode: NORMAL. V_pcc: 0.961,0
2026-01-01T15:31:05Z,GRID_PASS,100.0,90.93333333333403,Mode: NORMAL. V_pcc: 0.960,0
2026-01-01T15:31:10Z,GRID_PASS,100.0,90.93333333333403,Mode: NORMAL. V_pcc: 0.960,0
2026-01-01T15:31:15Z,GRID_PASS,100.0,90.93333333333403,Mode: NORMAL. V_pcc: 0.960,0
2026-01-01T15:31:20Z,GRID_PASS,100.0,90.93333333333403,Mode: NORMAL. V_pcc: 0.960,0
2026-01-01T15:31:25Z,GRID_PASS,100.0,90.93333333333403,Mode: NORMAL. V_pcc: 0.960,0
2026-01-01T15:31:30Z,GRID_PASS,100.0,90.93333333333403,Mode: NORMAL. V_pcc: 0.960,0
2026-01-01T15:31:35Z,GRID_PASS,100.0,90.93333333333403,Mode: NORMAL. V_pcc: 0.960,0
2026-01-01T15:31:40Z,GRID_PASS,100.0,90.93333333333403,Mode: NORMAL. V_pcc: 0.960,0
2026-01-01T15:31:45Z,GRID_PASS,100.0,90.93333333333403,Mode: NORMAL. V_pcc: 0.960,0
2026-01-01T15:31:50Z,GRID_PASS,100.0,90.93333333333403,Mode: NORMAL. V_pcc: 0.960,0
2026-01-01T15:31:55Z,GRID_PASS,100.0,90.93333333333403,Mode: NORMAL. V_pcc: 0.960,0
2026-01-01T15:32:00Z,GRID_PASS,100.0,90.93333333333403,Mode: NORMAL. V_pcc: 0.960,0
2026-01-01T15:32:05Z,GRID_PASS,100.0,90.93333333333403,Mode: NORMAL. V_pcc: 0.960,0
2026-01-01T15:32:10Z,GRID_PASS,100.0,90.93333333333403,Mode: NORMAL. V_pcc: 0.960,0
2026-01-01T15:32:15Z,GRID_PASS,100.0,90.93333333333403,Mode: NORMAL. V_pcc: 0.960,0
2026-01-01T15:32:20Z,GRID_PASS,100.0,90.93333333333403,Mode: NORMAL. V_pcc: 0.960,0
2026-01-01T15:32:25Z,GRID_PASS,100.0,90.93333333333403,Mode: NORMAL. V_pcc: 0.960,0
2026-01-01T15:32:30Z,GRID_PASS,100.0,90.93333333333403,Mode: NORMAL. V_pcc: 0.960,0
2026-01-01T15:32:35Z,GRID_PASS,100.0,90.93333333333403,Mode: NORMAL. V_pcc: 0.960,0
2026-01-01T15:32:40Z,GRID_PASS,100.0,90.93333333333403,Mode: NORMAL. V_pcc: 0.960,0
2026-01-01T15:32:45Z,GRID_PASS,100.0,90.93333333333403,Mode: NORMAL. V_pcc: 0.960,0
2026-01-01T15:32:50Z,GRID_PASS,100.0,90.93333333333403,Mode: NORMAL. V_pcc: 0.960,0
2026-01-01T15:32:55Z,GRID_PASS,100.0,90.93333333333403,Mode: NORMAL. V_pcc: 0.960,0
2026-01-01T15:33:00Z,GRID_PASS,100.0,90.93333333333403,Mode: NORMAL. V_pcc: 0.960,0
2026-01-01T15:33:05Z,GRID_PASS,100.0,90.93333333333403,Mode: NORMAL. V_pcc: 0.960,0
2026-01-01T15:33:10Z,GRID_PASS,100.0,90.93333333333403,Mode: NORMAL. V_pcc: 0.960,0
2026-01-01T15:33:15Z,GRID_PASS,100.0,90.93333333333403,Mode: NORMAL. V_pcc: 0.960,0
2026-01-01T15:33:20Z,GRID_PASS,100.0,90.93333333333403,Mode: NORMAL. V_pcc: 0.960,0
2026-01-01T15:33:25Z,GRID_PASS,100.0,90.93333333333403,Mode: NORMAL. V_pcc: 0.960,0
2026-01-01T15:33:30Z,GRID_PASS,100.0,90.93333333333403,Mode: NORMAL. V_pcc: 0.960,0
2026-01-01T15:33:35Z,GRID_PASS,100.0,90.93333333333403,Mode: NORMAL. V_pcc: 0.960,0
2026-01-01T15:33:40Z,GRID_PASS,100.0,90.93333333333403,Mode: NORMAL. V_pcc: 0.960,0
2026-01-01T15:33:45Z,GRID_PASS,100.0,90.93333333333403,Mode: NORMAL. V_pcc: 0.960,0
2026-01-01T15:33:50Z,GRID_PASS,100.0,90.93333333333403,Mode: NORMAL. V_pcc: 0.960,0
2026-01-01T15:33:55Z,GRID_PASS,100.0,90.93333333333403,Mode: NORMAL. V_pcc: 0.960,0
2026-01-01T15:34:00Z,GRID_PASS,100.0,90.93333333333403,Mode: NORMAL. V_pcc: 0.960,0
2026-01-01T15:34:05Z,GRID_PASS,100.0,90.93333333333403,Mode: NORMAL. V_pcc: 0.960,0
2026-01-01T15:34:10Z,GRID_PASS,100.0,90.93333333333403,Mode: NORMAL. V_pcc: 0.960,0
2026-01-01T15:34:15Z,GRID_PASS,100.0,90.93333333333403,Mode: NORMAL. V_pcc: 0.960,0
2026-01-01T15:34:20Z,GRID_PASS,100.0,90.93333333333403,Mode: NORMAL. V_pcc: 0.960,0
2026-01-01T15:34:25Z,GRID_PASS,100.0,90.93333333333403,Mode: NORMAL. V_pcc: 0.960,0
2026-01-01T15:34:30Z,GRID_PASS,100.0,90.93333333333403,Mode: NORMAL. V_pcc: 0.960,0
2026-01-01T15:34:35Z,GRID_PASS,100.0,90.93333333333403,Mode: NORMAL. V_pcc: 0.960,0
2026-01-01T15:34:40Z,GRID_PASS,100.0,90.93333333333403,Mode: NORMAL. V_pcc: 0.960,0
2026-01-01T15:34:45Z,GRID_PASS,100.0,90.93333333333403,Mode: NORMAL. V_pcc: 0.960,0
2026-01-01T15:34:50Z,GRID_PASS,100.0,90.93333333333403,Mode: NORMAL. V_pcc: 0.960,0
2026-01-01T15:34:55Z,GRID_PASS,100.0,90.93333333333403,Mode: NORMAL. V_pcc: 0.960,0
2026-01-01T15:35:00Z,GRID_PASS,100.0,90.93333333333403,Mode: NORMAL. V_pcc: 0.960,0
2026-01-01T15:35:05Z,GRID_PASS,100.0,90.93333333333403,Mode: NORMAL. V_pcc: 0.960,0
2026-01-01T15:35:10Z,GRID_PASS,100.0,90.93333333333403,Mode: NORMAL. V_pcc: 0.960,0
2026-01-01T15:35:15Z,GRID_PASS,100.0,90.93333333333403,Mode: NORMAL. V_pcc: 0.960,0
2026-01-01T15:35:20Z,GRID_PASS,100.0,90.93333333333403,Mode: NORMAL. V_pcc: 0.960,0
2026-01-01T15:35:25Z,GRID_PASS,100.0,90.93333333333403,Mode: NORMAL. V_pcc: 0.960,0
2026-01-01T15:35:30Z,GRID_PASS,100.0,90.93333333333403,Mode: NORMAL. V_pcc: 0.960,0
2026-01-01T15:35:35Z,GRID_PASS,100.0,90.93333333333403,Mode: NORMAL. V_pcc: 0.960,0
2026-01-01T15:35:40Z,GRID_PASS,100.0,90.93333333333403,Mode: NORMAL. V_pcc: 0.960,0
2026-01-01T15:35:45Z,GRID_PASS,100.0,90.93333333333403,Mode: NORMAL. V_pcc: 0.960,0
2026-01-01T15:35:50Z,GRID_PASS,100.0,90.93333333333403,Mode: NORMAL. V_pcc: 0.960,0
2026-01-01T15:35:55Z,GRID_PASS,100.0,90.93333333333403,Mode: NORMAL. V_pcc: 0.960,0
2026-01-01T15:36:00Z,GRID_PASS,100.0,90.93333333333403,Mode: NORMAL. V_pcc: 0.960,0
2026-01-01T15:36:05Z,GRID_PASS,100.0,90.93333333333403,Mode: NORMAL. V_pcc: 0.960,0
2026-01-01T15:36:10Z,GRID_PASS,100.0,90.93333333333403,Mode: NORMAL. V_pcc: 0.960,0
2026-01-01T15:36:15Z,GRID_PASS,100.0,90.93333333333403,Mode: NORMAL. V_pcc: 0.960,0
2026-01-01T15:36:20Z,GRID_PASS,100.0,90.93333333333403,Mode: NORMAL. V_pcc: 0.960,0
2026-01-01T15:36:25Z,GRID_PASS,100.0,90.93333333333403,Mode: NORMAL. V_pcc: 0.960,0
2026-01-01T15:36:30Z,GRID_PASS,100.0,90.93333333333403,Mode: NORMAL. V_pcc: 0.960,0
2026-01-01T15:36:35Z,GRID_PASS,100.0,90.93333333333403,Mode: NORMAL. V_pcc: 0.960,0
2026-01-01T15:36:40Z,GRID_PASS,100.0,90.93333333333403,Mode: NORMAL. V_pcc: 0.960,0
2026-01-01T15:36:45Z,GRID_PASS,100.0,90.93333333333403,Mode: NORMAL. V_pcc: 0.960,0
2026-01-01T15:36:50Z,GRID_PASS,100.0,90.93333333333403,Mode: NORMAL. V_pcc: 0.960,0
2026-01-01T15:36:55Z,GRID_PASS,100.0,90.93333333333403,Mode: NORMAL. V_pcc: 0.960,0
2026-01-01T15:37:00Z,GRID_PASS,100.0,90.93333333333403,Mode: NORMAL. V_pcc: 0.960,0
2026-01-01T15:37:05Z,GRID_PASS,100.0,90.93333333333403,Mode: NORMAL. V_pcc: 0.960,0
2026-01-01T15:37:10Z,GRID_PASS,100.0,90.93333333333403,Mode: NORMAL. V_pcc: 0.960,0
2026-01-01T15:37:15Z,GRID_PASS,100.0,90.93333333333403,Mode: NORMAL. V_pcc: 0.960,0
2026-01-01T15:37:20Z,GRID_PASS,100.0,90.93333333333403,Mode: NORMAL. V_pcc: 0.960,0
2026-01-01T15:37:25Z,GRID_PASS,100.0,90.93333333333403,Mode: NORMAL. V_pcc: 0.960,0
2026-01-01T15:37:30Z,GRID_PASS,100.0,90.93333333333403,Mode: NORMAL. V_pcc: 0.960,0
2026-01-01T15:37:35Z,GRID_PASS,100.0,90.93333333333403,Mode: NORMAL. V_pcc: 0.960,0
2026-01-01T15:37:40Z,GRID_PASS,100.0,90.93333333333403,Mode: NORMAL. V_pcc: 0.960,0
2026-01-01T15:37:45Z,GRID_PASS,100.0,90.93333333333403,Mode: NORMAL. V_pcc: 0.960,0
2026-01-01T15:37:50Z,GRID_PASS,100.0,90.93333333333403,Mode: NORMAL. V_pcc: 0.960,0
2026-01-01T15:37:55Z,GRID_PASS,100.0,90.93333333333403,Mode: NORMAL. V_pcc: 0.960,0
2026-01-01T15:38:00Z,GRID_PASS,100.0,90.93333333333403,Mode: NORMAL. V_pcc: 0.960,0
2026-01-01T15:38:05Z,GRID_PASS,100.0,90.93333333333403,Mode: NORMAL. V_pcc: 0.960,0
2026-01-01T15:38:10Z,GRID_PASS,100.0,90.93333333333403,Mode: NORMAL. V_pcc: 0.960,0
2026-01-01T15:38:15Z,GRID_PASS,100.0,90.93333333333403,Mode: NORMAL. V_pcc: 0.960,0
2026-01-01T15:38:20Z,GRID_PASS,100.0,90.93333333333403,Mode: NORMAL. V_pcc: 0.960,0
2026-01-01T15:38:25Z,GRID_PASS,100.0,90.93333333333403,Mode: NORMAL. V_pcc: 0.960,0
2026-01-01T15:38:30Z,GRID_PASS,100.0,90.93333333333403,Mode: NORMAL. V_pcc: 0.960,0
2026-01-01T15:38:35Z,GRID_PASS,100.0,90.93333333333403,Mode: NORMAL. V_pcc: 0.960,0
2026-01-01T15:38:40Z,GRID_PASS,100.0,90.93333333333403,Mode: NORMAL. V_pcc: 0.960,0
2026-01-01T15:38:45Z,GRID_PASS,100.0,90.93333333333403,Mode: NORMAL. V_pcc: 0.960,0
2026-01-01T15:38:50Z,GRID_PASS,100.0,90.93333333333403,Mode: NORMAL. V_pcc: 0.960,0
2026-01-01T15:38:55Z,GRID_PASS,100.0,90.93333333333403,Mode: NORMAL. V_pcc: 0.960,0
2026-01-01T15:39:00Z,GRID_PASS,100.0,90.93333333333403,Mode: NORMAL. V_pcc: 0.960,0
2026-01-01T15:39:05Z,GRID_PASS,100.0,90.93333333333403,Mode: NORMAL. V_pcc: 0.960,0
2026-01-01T15:39:10Z,GRID_PASS,100.0,90.93333333333403,Mode: NORMAL. V_pcc: 0.960,0
2026-01-01T15:39:15Z,GRID_PASS,100.0,90.93333333333403,Mode: NORMAL. V_pcc: 0.960,0
2026-01-01T15:39:20Z,GRID_PASS,100.0,90.93333333333403,Mode: NORMAL. V_pcc: 0.960,0
2026-01-01T15:39:25Z,GRID_PASS,100.0,90.93333333333403,Mode: NORMAL. V_pcc: 0.960,0
2026-01-01T15:39:30Z,GRID_PASS,100.0,90.93333333333403,Mode: NORMAL. V_pcc: 0.960,0
2026-01-01T15:39:35Z,GRID_PASS,100.0,90.93333333333403,Mode: NORMAL. V_pcc: 0.960,0
2026-01-01T15:39:40Z,GRID_PASS,100.0,90.93333333333403,Mode: NORMAL. V_pcc: 0.960,0
2026-01-01T15:39:45Z,GRID_PASS,100.0,90.93333333333403,Mode: NORMAL. V_pcc: 0.960,0
2026-01-01T15:39:50Z,GRID_PASS,100.0,90.93333333333403,Mode: NORMAL. V_pcc: 0.960,0
2026-01-01T15:39:55Z,GRID_PASS,100.0,90.93333333333403,Mode: NORMAL. V_pcc: 0.960,0
2026-01-01T15:40:00Z,GRID_PASS,100.0,90.93333333333403,Mode: NORMAL. V_pcc: 0.960,0
2026-01-01T15:40:05Z,GRID_PASS,100.0,90.93333333333403,Mode: NORMAL. V_pcc: 0.960,0
2026-01-01T15:40:10Z,GRID_PASS,100.0,90.93333333333403,Mode: NORMAL. V_pcc: 0.960,0
2026-01-01T15:40:15Z,GRID_PASS,100.0,90.93333333333403,Mode: NORMAL. V_pcc: 0.960,0
2026-01-01T15:40:20Z,GRID_PASS,100.0,90.93333333333403,Mode: NORMAL. V_pcc: 0.960,0
2026-01-01T15:40:25Z,GRID_PASS,100.0,90.93333333333403,Mode: NORMAL. V_pcc: 0.960,0
2026-01-01T15:40:30Z,GRID_PASS,100.0,90.93333333333403,Mode: NORMAL. V_pcc: 0.960,0
2026-01-01T15:40:35Z,GRID_PASS,100.0,90.93333333333403,Mode: NORMAL. V_pcc: 0.960,0
2026-01-01T15:40:40Z,GRID_PASS,100.0,90.93333333333403,Mode: NORMAL. V_pcc: 0.960,0
2026-01-01T15:40:45Z,GRID_PASS,100.0,90.93333333333403,Mode: NORMAL. V_pcc: 0.960,0
2026-01-01T15:40:50Z,GRID_PASS,100.0,90.93333333333403,Mode: NORMAL. V_pcc: 0.960,0
2026-01-01T15:40:55Z,GRID_PASS,100.0,90.93333333333403,Mode: NORMAL. V_pcc: 0.960,0
2026-01-01T15:41:00Z,GRID_PASS,100.0,90.93333333333403,Mode: NORMAL. V_pcc: 0.960,0
2026-01-01T15:41:05Z,GRID_PASS,100.0,90.93333333333403,Mode: NORMAL. V_pcc: 0.960,0
2026-01-01T15:41:10Z,GRID_PASS,100.0,90.93333333333403,Mode: NORMAL. V_pcc: 0.960,0
2026-01-01T15:41:15Z,GRID_PASS,100.0,90.93333333333403,Mode: NORMAL. V_pcc: 0.960,0
2026-01-01T15:41:20Z,GRID_PASS,100.0,90.93333333333403,Mode: NORMAL. V_pcc: 0.960,0
2026-01-01T15:41:25Z,GRID_PASS,100.0,90.93333333333403,Mode: NORMAL. V_pcc: 0.960,0
2026-01-01T15:41:30Z,GRID_PASS,100.0,90.93333333333403,Mode: NORMAL. V_pcc: 0.960,0
2026-01-01T15:41:35Z,GRID_PASS,100.0,90.93333333333403,Mode: NORMAL. V_pcc: 0.960,0
2026-01-01T15:41:40Z,GRID_PASS,100.0,90.93333333333403,Mode: NORMAL. V_pcc: 0.960,0
2026-01-01T15:41:45Z,GRID_PASS,100.0,90.93333333333403,Mode: NORMAL. V_pcc: 0.960,0
2026-01-01T15:41:50Z,GRID_PASS,100.0,90.93333333333403,Mode: NORMAL. V_pcc: 0.960,0
2026-01-01T15:41:55Z,GRID_PASS,100.0,90.93333333333403,Mode: NORMAL. V_pcc: 0.960,0
2026-01-01T15:42:00Z,GRID_PASS,100.0,90.93333333333403,Mode: NORMAL. V_pcc: 0.960,0
2026-01-01T15:42:05Z,GRID_PASS,100.0,90.93333333333403,Mode: NORMAL. V_pcc: 0.960,0
2026-01-01T15:42:10Z,GRID_PASS,100.0,90.93333333333403,Mode: NORMAL. V_pcc: 0.960,0
2026-01-01T15:42:15Z,GRID_PASS,100.0,90.93333333333403,Mode: NORMAL. V_pcc: 0.960,0
2026-01-01T15:42:20Z,GRID_PASS,100.0,90.93333333333403,Mode: NORMAL. V_pcc: 0.960,0
2026-01-01T15:42:25Z,GRID_PASS,100.0,90.93333333333403,Mode: NORMAL. V_pcc: 0.960,0
2026-01-01T15:42:30Z,GRID_PASS,100.0,90.93333333333403,Mode: NORMAL. V_pcc: 0.960,0
2026-01-01T15:42:35Z,GRID_PASS,100.0,90.93333333333403,Mode: NORMAL. V_pcc: 0.960,0
2026-01-01T15:42:40Z,GRID_PASS,100.0,90.93333333333403,Mode: NORMAL. V_pcc: 0.960,0
2026-01-01T15:42:45Z,GRID_PASS,100.0,90.93333333333403,Mode: NORMAL. V_pcc: 0.960,0
2026-01-01T15:42:50Z,GRID_PASS,100.0,90.93333333333403,Mode: NORMAL. V_pcc: 0.960,0
2026-01-01T15:42:55Z,GRID_PASS,100.0,90.93333333333403,Mode: NORMAL. V_pcc: 0.960,0
2026-01-01T15:43:00Z,GRID_PASS,100.0,90.93333333333403,Mode: NORMAL. V_pcc: 0.960,0
2026-01-01T15:43:05Z,GRID_PASS,100.0,90.93333333333403,Mode: NORMAL. V_pcc: 0.959,0
2026-01-01T15:43:10Z,GRID_PASS,100.0,90.93333333333403,Mode: NORMAL. V_pcc: 0.959,0
2026-01-01T15:43:15Z,GRID_PASS,100.0,90.93333333333403,Mode: NORMAL. V_pcc: 0.959,0
2026-01-01T15:43:20Z,GRID_PASS,100.0,90.93333333333403,Mode: NORMAL. V_pcc: 0.959,0
2026-01-01T15:43:25Z,GRID_PASS,100.0,90.93333333333403,Mode: NORMAL. V_pcc: 0.959,0
2026-01-01T15:43:30Z,GRID_PASS,100.0,90.93333333333403,Mode: NORMAL. V_pcc: 0.959,0
2026-01-01T15:43:35Z,GRID_PASS,100.0,90.93333333333403,Mode: NORMAL. V_pcc: 0.959,0
2026-01-01T15:43:40Z,GRID_PASS,100.0,90.93333333333403,Mode: NORMAL. V_pcc: 0.959,0
2026-01-01T15:43:45Z,GRID_PASS,100.0,90.93333333333403,Mode: NORMAL. V_pcc: 0.959,0
2026-01-01T15:43:50Z,GRID_PASS,100.0,90.93333333333403,Mode: NORMAL. V_pcc: 0.959,0
2026-01-01T15:43:55Z,GRID_PASS,100.0,90.93333333333403,Mode: NORMAL. V_pcc: 0.959,0
2026-01-01T15:44:00Z,GRID_PASS,100.0,90.93333333333403,Mode: NORMAL. V_pcc: 0.959,0
2026-01-01T15:44:05Z,GRID_PASS,100.0,90.93333333333403,Mode: NORMAL. V_pcc: 0.959,0
2026-01-01T15:44:10Z,GRID_PASS,100.0,90.93333333333403,Mode: NORMAL. V_pcc: 0.959,0
2026-01-01T15:44:15Z,GRID_PASS,100.0,90.93333333333403,Mode: NORMAL. V_pcc: 0.959,0
2026-01-01T15:44:20Z,GRID_PASS,100.0,90.93333333333403,Mode: NORMAL. V_pcc: 0.959,0
2026-01-01T15:44:25Z,GRID_PASS,100.0,90.93333333333403,Mode: NORMAL. V_pcc: 0.959,0
2026-01-01T15:44:30Z,GRID_PASS,100.0,90.93333333333403,Mode: NORMAL. V_pcc: 0.959,0
2026-01-01T15:44:35Z,GRID_PASS,100.0,90.93333333333403,Mode: NORMAL. V_pcc: 0.959,0
2026-01-01T15:44:40Z,GRID_PASS,100.0,90.93333333333403,Mode: NORMAL. V_pcc: 0.959,0
2026-01-01T15:44:45Z,GRID_PASS,100.0,90.93333333333403,Mode: NORMAL. V_pcc: 0.959,0
2026-01-01T15:44:50Z,GRID_PASS,100.0,90.93333333333403,Mode: NORMAL. V_pcc: 0.959,0
2026-01-01T15:44:55Z,GRID_PASS,100.0,90.93333333333403,Mode: NORMAL. V_pcc: 0.959,0
2026-01-01T15:45:00Z,GRID_PASS,100.0,90.93333333333403,Mode: NORMAL. V_pcc: 0.959,0
2026-01-01T15:45:05Z,GRID_PASS,100.0,90.93333333333403,Mode: NORMAL. V_pcc: 0.959,0
2026-01-01T15:45:10Z,GRID_PASS,100.0,90.93333333333403,Mode: NORMAL. V_pcc: 0.959,0
2026-01-01T15:45:15Z,GRID_PASS,100.0,90.93333333333403,Mode: NORMAL. V_pcc: 0.959,0
2026-01-01T15:45:20Z,GRID_PASS,100.0,90.93333333333403,Mode: NORMAL. V_pcc: 0.959,0
2026-01-01T15:45:25Z,GRID_PASS,100.0,90.93333333333403,Mode: NORMAL. V_pcc: 0.959,0
2026-01-01T15:45:30Z,GRID_PASS,100.0,90.93333333333403,Mode: NORMAL. V_pcc: 0.959,0
2026-01-01T15:45:35Z,GRID_PASS,100.0,90.93333333333403,Mode: NORMAL. V_pcc: 0.959,0
2026-01-01T15:45:40Z,GRID_PASS,100.0,90.93333333333403,Mode: NORMAL. V_pcc: 0.959,0
2026-01-01T15:45:45Z,GRID_PASS,100.0,90.93333333333403,Mode: NORMAL. V_pcc: 0.959,0
2026-01-01T15:45:50Z,GRID_PASS,100.0,90.93333333333403,Mode: NORMAL. V_pcc: 0.959,0
2026-01-01T15:45:55Z,GRID_PASS,100.0,90.93333333333403,Mode: NORMAL. V_pcc: 0.959,0
2026-01-01T15:46:00Z,GRID_PASS,100.0,90.93333333333403,Mode: NORMAL. V_pcc: 0.959,0
2026-01-01T15:46:05Z,GRID_PASS,100.0,90.93333333333403,Mode: NORMAL. V_pcc: 0.959,0
2026-01-01T15:46:10Z,GRID_PASS,100.0,90.93333333333403,Mode: NORMAL. V_pcc: 0.959,0
2026-01-01T15:46:15Z,GRID_PASS,100.0,90.93333333333403,Mode: NORMAL. V_pcc: 0.959,0
2026-01-01T15:46:20Z,GRID_PASS,100.0,90.93333333333403,Mode: NORMAL. V_pcc: 0.959,0
2026-01-01T15:46:25Z,GRID_PASS,100.0,90.93333333333403,Mode: NORMAL. V_pcc: 0.959,0
2026-01-01T15:46:30Z,GRID_PASS,100.0,90.93333333333403,Mode: NORMAL. V_pcc: 0.959,0
2026-01-01T15:46:35Z,GRID_PASS,100.0,90.93333333333403,Mode: NORMAL. V_pcc: 0.959,0
2026-01-01T15:46:40Z,GRID_PASS,100.0,90.93333333333403,Mode: NORMAL. V_pcc: 0.959,0
2026-01-01T15:46:45Z,GRID_PASS,100.0,90.93333333333403,Mode: NORMAL. V_pcc: 0.959,0
2026-01-01T15:46:50Z,GRID_PASS,100.0,90.93333333333403,Mode: NORMAL. V_pcc: 0.959,0
2026-01-01T15:46:55Z,GRID_PASS,100.0,90.93333333333403,Mode: NORMAL. V_pcc: 0.959,0
2026-01-01T15:47:00Z,GRID_PASS,100.0,90.93333333333403,Mode: NORMAL. V_pcc: 0.959,0
2026-01-01T15:47:05Z,GRID_PASS,100.0,90.93333333333403,Mode: NORMAL. V_pcc: 0.959,0
2026-01-01T15:47:10Z,GRID_PASS,100.0,90.93333333333403,Mode: NORMAL. V_pcc: 0.959,0
2026-01-01T15:47:15Z,GRID_PASS,100.0,90.93333333333403,Mode: NORMAL. V_pcc: 0.959,0
2026-01-01T15:47:20Z,GRID_PASS,100.0,90.93333333333403,Mode: NORMAL. V_pcc: 0.959,0
2026-01-01T15:47:25Z,GRID_PASS,100.0,90.93333333333403,Mode: NORMAL. V_pcc: 0.959,0
2026-01-01T15:47:30Z,GRID_PASS,100.0,90.93333333333403,Mode: NORMAL. V_pcc: 0.959,0
2026-01-01T15:47:35Z,GRID_PASS,100.0,90.93333333333403,Mode: NORMAL. V_pcc: 0.959,0
2026-01-01T15:47:40Z,GRID_PASS,100.0,90.93333333333403,Mode: NORMAL. V_pcc: 0.959,0
2026-01-01T15:47:45Z,GRID_PASS,100.0,90.93333333333403,Mode: NORMAL. V_pcc: 0.959,0
2026-01-01T15:47:50Z,GRID_PASS,100.0,90.93333333333403,Mode: NORMAL. V_pcc: 0.959,0
2026-01-01T15:47:55Z,GRID_PASS,100.0,90.93333333333403,Mode: NORMAL. V_pcc: 0.959,0
2026-01-01T15:48:00Z,GRID_PASS,100.0,90.93333333333403,Mode: NORMAL. V_pcc: 0.959,0
2026-01-01T15:48:05Z,GRID_PASS,100.0,90.93333333333403,Mode: NORMAL. V_pcc: 0.959,0
2026-01-01T15:48:10Z,GRID_PASS,100.0,90.93333333333403,Mode: NORMAL. V_pcc: 0.959,0
2026-01-01T15:48:15Z,GRID_PASS,100.0,90.93333333333403,Mode: NORMAL. V_pcc: 0.959,0
2026-01-01T15:48:20Z,GRID_PASS,100.0,90.93333333333403,Mode: NORMAL. V_pcc: 0.959,0
2026-01-01T15:48:25Z,GRID_PASS,100.0,90.93333333333403,Mode: NORMAL. V_pcc: 0.959,0
2026-01-01T15:48:30Z,GRID_PASS,100.0,90.93333333333403,Mode: NORMAL. V_pcc: 0.959,0
2026-01-01T15:48:35Z,GRID_PASS,100.0,90.93333333333403,Mode: NORMAL. V_pcc: 0.959,0
2026-01-01T15:48:40Z,GRID_PASS,100.0,90.93333333333403,Mode: NORMAL. V_pcc: 0.959,0
2026-01-01T15:48:45Z,GRID_PASS,100.0,90.93333333333403,Mode: NORMAL. V_pcc: 0.959,0
2026-01-01T15:48:50Z,GRID_PASS,100.0,90.93333333333403,Mode: NORMAL. V_pcc: 0.959,0
2026-01-01T15:48:55Z,GRID_PASS,100.0,90.93333333333403,Mode: NORMAL. V_pcc: 0.959,0
2026-01-01T15:49:00Z,GRID_PASS,100.0,90.93333333333403,Mode: NORMAL. V_pcc: 0.959,0
2026-01-01T15:49:05Z,GRID_PASS,100.0,90.93333333333403,Mode: NORMAL. V_pcc: 0.959,0
2026-01-01T15:49:10Z,GRID_PASS,100.0,90.93333333333403,Mode: NORMAL. V_pcc: 0.959,0
2026-01-01T15:49:15Z,GRID_PASS,100.0,90.93333333333403,Mode: NORMAL. V_pcc: 0.959,0
2026-01-01T15:49:20Z,GRID_PASS,100.0,90.93333333333403,Mode: NORMAL. V_pcc: 0.959,0
2026-01-01T15:49:25Z,GRID_PASS,100.0,90.93333333333403,Mode: NORMAL. V_pcc: 0.959,0
2026-01-01T15:49:30Z,GRID_PASS,100.0,90.93333333333403,Mode: NORMAL. V_pcc: 0.959,0
2026-01-01T15:49:35Z,GRID_PASS,100.0,90.93333333333403,Mode: NORMAL. V_pcc: 0.959,0
2026-01-01T15:49:40Z,GRID_PASS,100.0,90.93333333333403,Mode: NORMAL. V_pcc: 0.959,0
2026-01-01T15:49:45Z,GRID_PASS,100.0,90.93333333333403,Mode: NORMAL. V_pcc: 0.959,0
2026-01-01T15:49:50Z,GRID_PASS,100.0,90.93333333333403,Mode: NORMAL. V_pcc: 0.959,0
2026-01-01T15:49:55Z,GRID_PASS,100.0,90.93333333333403,Mode: NORMAL. V_pcc: 0.959,0
2026-01-01T15:50:00Z,GRID_PASS,100.0,90.93333333333403,Mode: NORMAL. V_pcc: 0.959,0
2026-01-01T15:50:05Z,GRID_PASS,100.0,90.93333333333403,Mode: NORMAL. V_pcc: 0.959,0
2026-01-01T15:50:10Z,GRID_PASS,100.0,90.93333333333403,Mode: NORMAL. V_pcc: 0.959,0
2026-01-01T15:50:15Z,GRID_PASS,100.0,90.93333333333403,Mode: NORMAL. V_pcc: 0.959,0
2026-01-01T15:50:20Z,GRID_PASS,100.0,90.93333333333403,Mode: NORMAL. V_pcc: 0.959,0
2026-01-01T15:50:25Z,GRID_PASS,100.0,90.93333333333403,Mode: NORMAL. V_pcc: 0.959,0
2026-01-01T15:50:30Z,GRID_PASS,100.0,90.93333333333403,Mode: NORMAL. V_pcc: 0.959,0
2026-01-01T15:50:35Z,GRID_PASS,100.0,90.93333333333403,Mode: NORMAL. V_pcc: 0.959,0
2026-01-01T15:50:40Z,GRID_PASS,100.0,90.93333333333403,Mode: NORMAL. V_pcc: 0.959,0
2026-01-01T15:50:45Z,GRID_PASS,100.0,90.93333333333403,Mode: NORMAL. V_pcc: 0.959,0
2026-01-01T15:50:50Z,GRID_PASS,100.0,90.93333333333403,Mode: NORMAL. V_pcc: 0.959,0
2026-01-01T15:50:55Z,GRID_PASS,100.0,90.93333333333403,Mode: NORMAL. V_pcc: 0.959,0
2026-01-01T15:51:00Z,GRID_PASS,100.0,90.93333333333403,Mode: NORMAL. V_pcc: 0.959,0
2026-01-01T15:51:05Z,GRID_PASS,100.0,90.93333333333403,Mode: NORMAL. V_pcc: 0.959,0
2026-01-01T15:51:10Z,GRID_PASS,100.0,90.93333333333403,Mode: NORMAL. V_pcc: 0.959,0
2026-01-01T15:51:15Z,GRID_PASS,100.0,90.93333333333403,Mode: NORMAL. V_pcc: 0.959,0
2026-01-01T15:51:20Z,GRID_PASS,100.0,90.93333333333403,Mode: NORMAL. V_pcc: 0.959,0
2026-01-01T15:51:25Z,GRID_PASS,100.0,90.93333333333403,Mode: NORMAL. V_pcc: 0.959,0
2026-01-01T15:51:30Z,GRID_PASS,100.0,90.93333333333403,Mode: NORMAL. V_pcc: 0.959,0
2026-01-01T15:51:35Z,GRID_PASS,100.0,90.93333333333403,Mode: NORMAL. V_pcc: 0.959,0
2026-01-01T15:51:40Z,GRID_PASS,100.0,90.93333333333403,Mode: NORMAL. V_pcc: 0.959,0
2026-01-01T15:51:45Z,GRID_PASS,100.0,90.93333333333403,Mode: NORMAL. V_pcc: 0.959,0
2026-01-01T15:51:50Z,GRID_PASS,100.0,90.93333333333403,Mode: NORMAL. V_pcc: 0.959,0
2026-01-01T15:51:55Z,GRID_PASS,100.0,90.93333333333403,Mode: NORMAL. V_pcc: 0.959,0
2026-01-01T15:52:00Z,GRID_PASS,100.0,90.93333333333403,Mode: NORMAL. V_pcc: 0.959,0
2026-01-01T15:52:05Z,GRID_PASS,100.0,90.93333333333403,Mode: NORMAL. V_pcc: 0.959,0
2026-01-01T15:52:10Z,GRID_PASS,100.0,90.93333333333403,Mode: NORMAL. V_pcc: 0.959,0
2026-01-01T15:52:15Z,GRID_PASS,100.0,90.93333333333403,Mode: NORMAL. V_pcc: 0.959,0
2026-01-01T15:52:20Z,GRID_PASS,100.0,90.93333333333403,Mode: NORMAL. V_pcc: 0.959,0
2026-01-01T15:52:25Z,GRID_PASS,100.0,90.93333333333403,Mode: NORMAL. V_pcc: 0.959,0
2026-01-01T15:52:30Z,GRID_PASS,100.0,90.93333333333403,Mode: NORMAL. V_pcc: 0.959,0
2026-01-01T15:52:35Z,GRID_PASS,100.0,90.93333333333403,Mode: NORMAL. V_pcc: 0.959,0
2026-01-01T15:52:40Z,GRID_PASS,100.0,90.93333333333403,Mode: NORMAL. V_pcc: 0.959,0
2026-01-01T15:52:45Z,GRID_PASS,100.0,90.93333333333403,Mode: NORMAL. V_pcc: 0.959,0
2026-01-01T15:52:50Z,GRID_PASS,100.0,90.93333333333403,Mode: NORMAL. V_pcc: 0.959,0
2026-01-01T15:52:55Z,GRID_PASS,100.0,90.93333333333403,Mode: NORMAL. V_pcc: 0.959,0
2026-01-01T15:53:00Z,GRID_PASS,100.0,90.93333333333403,Mode: NORMAL. V_pcc: 0.959,0
2026-01-01T15:53:05Z,GRID_PASS,100.0,90.93333333333403,Mode: NORMAL. V_pcc: 0.958,0
2026-01-01T15:53:10Z,GRID_PASS,100.0,90.93333333333403,Mode: NORMAL. V_pcc: 0.958,0
2026-01-01T15:53:15Z,GRID_PASS,100.0,90.93333333333403,Mode: NORMAL. V_pcc: 0.958,0
2026-01-01T15:53:20Z,GRID_PASS,100.0,90.93333333333403,Mode: NORMAL. V_pcc: 0.958,0
2026-01-01T15:53:25Z,GRID_PASS,100.0,90.93333333333403,Mode: NORMAL. V_pcc: 0.958,0
2026-01-01T15:53:30Z,GRID_PASS,100.0,90.93333333333403,Mode: NORMAL. V_pcc: 0.958,0
2026-01-01T15:53:35Z,GRID_PASS,100.0,90.93333333333403,Mode: NORMAL. V_pcc: 0.958,0
2026-01-01T15:53:40Z,GRID_PASS,100.0,90.93333333333403,Mode: NORMAL. V_pcc: 0.958,0
2026-01-01T15:53:45Z,GRID_PASS,100.0,90.93333333333403,Mode: NORMAL. V_pcc: 0.958,0
2026-01-01T15:53:50Z,GRID_PASS,100.0,90.93333333333403,Mode: NORMAL. V_pcc: 0.958,0
2026-01-01T15:53:55Z,GRID_PASS,100.0,90.93333333333403,Mode: NORMAL. V_pcc: 0.958,0
2026-01-01T15:54:00Z,GRID_PASS,100.0,90.93333333333403,Mode: NORMAL. V_pcc: 0.958,0
2026-01-01T15:54:05Z,GRID_PASS,100.0,90.93333333333403,Mode: NORMAL. V_pcc: 0.958,0
2026-01-01T15:54:10Z,GRID_PASS,100.0,90.93333333333403,Mode: NORMAL. V_pcc: 0.958,0
2026-01-01T15:54:15Z,GRID_PASS,100.0,90.93333333333403,Mode: NORMAL. V_pcc: 0.958,0
2026-01-01T15:54:20Z,GRID_PASS,100.0,90.93333333333403,Mode: NORMAL. V_pcc: 0.958,0
2026-01-01T15:54:25Z,GRID_PASS,100.0,90.93333333333403,Mode: NORMAL. V_pcc: 0.958,0
2026-01-01T15:54:30Z,GRID_PASS,100.0,90.93333333333403,Mode: NORMAL. V_pcc: 0.958,0
2026-01-01T15:54:35Z,GRID_PASS,100.0,90.93333333333403,Mode: NORMAL. V_pcc: 0.958,0
2026-01-01T15:54:40Z,GRID_PASS,100.0,90.93333333333403,Mode: NORMAL. V_pcc: 0.958,0
2026-01-01T15:54:45Z,GRID_PASS,100.0,90.93333333333403,Mode: NORMAL. V_pcc: 0.958,0
2026-01-01T15:54:50Z,GRID_PASS,100.0,90.93333333333403,Mode: NORMAL. V_pcc: 0.958,0
2026-01-01T15:54:55Z,GRID_PASS,100.0,90.93333333333403,Mode: NORMAL. V_pcc: 0.958,0
2026-01-01T15:55:00Z,GRID_PASS,100.0,90.93333333333403,Mode: NORMAL. V_pcc: 0.958,0
2026-01-01T15:55:05Z,GRID_PASS,100.0,90.93333333333403,Mode: NORMAL. V_pcc: 0.958,0
2026-01-01T15:55:10Z,GRID_PASS,100.0,90.93333333333403,Mode: NORMAL. V_pcc: 0.958,0
2026-01-01T15:55:15Z,GRID_PASS,100.0,90.93333333333403,Mode: NORMAL. V_pcc: 0.958,0
2026-01-01T15:55:20Z,GRID_PASS,100.0,90.93333333333403,Mode: NORMAL. V_pcc: 0.958,0
2026-01-01T15:55:25Z,GRID_PASS,100.0,90.93333333333403,Mode: NORMAL. V_pcc: 0.958,0
2026-01-01T15:55:30Z,GRID_PASS,100.0,90.93333333333403,Mode: NORMAL. V_pcc: 0.958,0
2026-01-01T15:55:35Z,GRID_PASS,100.0,90.93333333333403,Mode: NORMAL. V_pcc: 0.958,0
2026-01-01T15:55:40Z,GRID_PASS,100.0,90.93333333333403,Mode: NORMAL. V_pcc: 0.958,0
2026-01-01T15:55:45Z,GRID_PASS,100.0,90.93333333333403,Mode: NORMAL. V_pcc: 0.958,0
2026-01-01T15:55:50Z,GRID_PASS,100.0,90.93333333333403,Mode: NORMAL. V_pcc: 0.958,0
2026-01-01T15:55:55Z,GRID_PASS,100.0,90.93333333333403,Mode: NORMAL. V_pcc: 0.958,0
2026-01-01T15:56:00Z,GRID_PASS,100.0,90.93333333333403,Mode: NORMAL. V_pcc: 0.958,0
2026-01-01T15:56:05Z,GRID_PASS,100.0,90.93333333333403,Mode: NORMAL. V_pcc: 0.958,0
2026-01-01T15:56:10Z,GRID_PASS,100.0,90.93333333333403,Mode: NORMAL. V_pcc: 0.958,0
2026-01-01T15:56:15Z,GRID_PASS,100.0,90.93333333333403,Mode: NORMAL. V_pcc: 0.958,0
2026-01-01T15:56:20Z,GRID_PASS,100.0,90.93333333333403,Mode: NORMAL. V_pcc: 0.958,0
2026-01-01T15:56:25Z,GRID_PASS,100.0,90.93333333333403,Mode: NORMAL. V_pcc: 0.958,0
2026-01-01T15:56:30Z,GRID_PASS,100.0,90.93333333333403,Mode: NORMAL. V_pcc: 0.958,0
2026-01-01T15:56:35Z,GRID_PASS,100.0,90.93333333333403,Mode: NORMAL. V_pcc: 0.958,0
2026-01-01T15:56:40Z,GRID_PASS,100.0,90.93333333333403,Mode: NORMAL. V_pcc: 0.958,0
2026-01-01T15:56:45Z,GRID_PASS,100.0,90.93333333333403,Mode: NORMAL. V_pcc: 0.958,0
2026-01-01T15:56:50Z,GRID_PASS,100.0,90.93333333333403,Mode: NORMAL. V_pcc: 0.958,0
2026-01-01T15:56:55Z,GRID_PASS,100.0,90.93333333333403,Mode: NORMAL. V_pcc: 0.958,0
2026-01-01T15:57:00Z,GRID_PASS,100.0,90.93333333333403,Mode: NORMAL. V_pcc: 0.958,0
2026-01-01T15:57:05Z,GRID_PASS,100.0,90.93333333333403,Mode: NORMAL. V_pcc: 0.958,0
2026-01-01T15:57:10Z,GRID_PASS,100.0,90.93333333333403,Mode: NORMAL. V_pcc: 0.958,0
2026-01-01T15:57:15Z,GRID_PASS,100.0,90.93333333333403,Mode: NORMAL. V_pcc: 0.958,0
2026-01-01T15:57:20Z,GRID_PASS,100.0,90.93333333333403,Mode: NORMAL. V_pcc: 0.958,0
2026-01-01T15:57:25Z,GRID_PASS,100.0,90.93333333333403,Mode: NORMAL. V_pcc: 0.958,0
2026-01-01T15:57:30Z,GRID_PASS,100.0,90.93333333333403,Mode: NORMAL. V_pcc: 0.958,0
2026-01-01T15:57:35Z,GRID_PASS,100.0,90.93333333333403,Mode: NORMAL. V_pcc: 0.958,0
2026-01-01T15:57:40Z,GRID_PASS,100.0,90.93333333333403,Mode: NORMAL. V_pcc: 0.958,0
2026-01-01T15:57:45Z,GRID_PASS,100.0,90.93333333333403,Mode: NORMAL. V_pcc: 0.958,0
2026-01-01T15:57:50Z,GRID_PASS,100.0,90.93333333333403,Mode: NORMAL. V_pcc: 0.958,0
2026-01-01T15:57:55Z,GRID_PASS,100.0,90.93333333333403,Mode: NORMAL. V_pcc: 0.958,0
2026-01-01T15:58:00Z,GRID_PASS,100.0,90.93333333333403,Mode: NORMAL. V_pcc: 0.958,0
2026-01-01T15:58:05Z,GRID_PASS,100.0,90.93333333333403,Mode: NORMAL. V_pcc: 0.958,0
2026-01-01T15:58:10Z,GRID_PASS,100.0,90.93333333333403,Mode: NORMAL. V_pcc: 0.958,0
2026-01-01T15:58:15Z,GRID_PASS,100.0,90.93333333333403,Mode: NORMAL. V_pcc: 0.958,0
2026-01-01T15:58:20Z,GRID_PASS,100.0,90.93333333333403,Mode: NORMAL. V_pcc: 0.958,0
2026-01-01T15:58:25Z,GRID_PASS,100.0,90.93333333333403,Mode: NORMAL. V_pcc: 0.958,0
2026-01-01T15:58:30Z,GRID_PASS,100.0,90.93333333333403,Mode: NORMAL. V_pcc: 0.958,0
2026-01-01T15:58:35Z,GRID_PASS,100.0,90.93333333333403,Mode: NORMAL. V_pcc: 0.958,0
2026-01-01T15:58:40Z,GRID_PASS,100.0,90.93333333333403,Mode: NORMAL. V_pcc: 0.958,0
2026-01-01T15:58:45Z,GRID_PASS,100.0,90.93333333333403,Mode: NORMAL. V_pcc: 0.958,0
2026-01-01T15:58:50Z,GRID_PASS,100.0,90.93333333333403,Mode: NORMAL. V_pcc: 0.958,0
2026-01-01T15:58:55Z,GRID_PASS,100.0,90.93333333333403,Mode: NORMAL. V_pcc: 0.958,0
2026-01-01T15:59:00Z,GRID_PASS,100.0,90.93333333333403,Mode: NORMAL. V_pcc: 0.958,0
2026-01-01T15:59:05Z,GRID_PASS,100.0,90.93333333333403,Mode: NORMAL. V_pcc: 0.958,0
2026-01-01T15:59:10Z,GRID_PASS,100.0,90.93333333333403,Mode: NORMAL. V_pcc: 0.958,0
2026-01-01T15:59:15Z,GRID_PASS,100.0,90.93333333333403,Mode: NORMAL. V_pcc: 0.958,0
2026-01-01T15:59:20Z,GRID_PASS,100.0,90.93333333333403,Mode: NORMAL. V_pcc: 0.958,0
2026-01-01T15:59:25Z,GRID_PASS,100.0,90.93333333333403,Mode: NORMAL. V_pcc: 0.958,0
2026-01-01T15:59:30Z,GRID_PASS,100.0,90.93333333333403,Mode: NORMAL. V_pcc: 0.958,0
2026-01-01T15:59:35Z,GRID_PASS,100.0,90.93333333333403,Mode: NORMAL. V_pcc: 0.958,0
2026-01-01T15:59:40Z,GRID_PASS,100.0,90.93333333333403,Mode: NORMAL. V_pcc: 0.958,0
2026-01-01T15:59:45Z,GRID_PASS,100.0,90.93333333333403,Mode: NORMAL. V_pcc: 0.958,0
2026-01-01T15:59:50Z,GRID_PASS,100.0,90.93333333333403,Mode: NORMAL. V_pcc: 0.958,0
2026-01-01T15:59:55Z,GRID_PASS,100.0,90.93333333333403,Mode: NORMAL. V_pcc: 0.958,0
2026-01-01T16:00:00Z,GRID_PASS,100.0,90.93333333333403,Mode: NORMAL. V_pcc: 0.958,1
2026-01-01T16:00:05Z,GRID_PASS,100.0,90.93333333333403,Mode: NORMAL. V_pcc: 0.958,1
2026-01-01T16:00:10Z,GRID_PASS,100.0,90.93333333333403,Mode: NORMAL. V_pcc: 0.958,1
2026-01-01T16:00:15Z,GRID_PASS,100.0,90.93333333333403,Mode: NORMAL. V_pcc: 0.958,1
2026-01-01T16:00:20Z,GRID_PASS,100.0,90.93333333333403,Mode: NORMAL. V_pcc: 0.958,1
2026-01-01T16:00:25Z,GRID_PASS,100.0,90.93333333333403,Mode: NORMAL. V_pcc: 0.958,1
2026-01-01T16:00:30Z,GRID_PASS,100.0,90.93333333333403,Mode: NORMAL. V_pcc: 0.958,1
2026-01-01T16:00:35Z,GRID_PASS,100.0,90.93333333333403,Mode: NORMAL. V_pcc: 0.958,1
2026-01-01T16:00:40Z,GRID_PASS,100.0,90.93333333333403,Mode: NORMAL. V_pcc: 0.958,1
2026-01-01T16:00:45Z,GRID_PASS,100.0,90.93333333333403,Mode: NORMAL. V_pcc: 0.958,1
2026-01-01T16:00:50Z,GRID_PASS,100.0,90.93333333333403,Mode: NORMAL. V_pcc: 0.958,1
2026-01-01T16:00:55Z,GRID_PASS,100.0,90.93333333333403,Mode: NORMAL. V_pcc: 0.958,1
2026-01-01T16:01:00Z,GRID_PASS,100.0,90.93333333333403,Mode: NORMAL. V_pcc: 0.958,1
2026-01-01T16:01:05Z,GRID_PASS,100.0,90.93333333333403,Mode: NORMAL. V_pcc: 0.957,1
2026-01-01T16:01:10Z,GRID_PASS,100.0,90.93333333333403,Mode: NORMAL. V_pcc: 0.957,1
2026-01-01T16:01:15Z,GRID_PASS,100.0,90.93333333333403,Mode: NORMAL. V_pcc: 0.957,1
2026-01-01T16:01:20Z,GRID_PASS,100.0,90.93333333333403,Mode: NORMAL. V_pcc: 0.957,1
2026-01-01T16:01:25Z,GRID_PASS,100.0,90.93333333333403,Mode: NORMAL. V_pcc: 0.957,1
2026-01-01T16:01:30Z,GRID_PASS,100.0,90.93333333333403,Mode: NORMAL. V_pcc: 0.957,1
2026-01-01T16:01:35Z,GRID_PASS,100.0,90.93333333333403,Mode: NORMAL. V_pcc: 0.957,1
2026-01-01T16:01:40Z,GRID_PASS,100.0,90.93333333333403,Mode: NORMAL. V_pcc: 0.957,1
2026-01-01T16:01:45Z,GRID_PASS,100.0,90.93333333333403,Mode: NORMAL. V_pcc: 0.957,1
2026-01-01T16:01:50Z,GRID_PASS,100.0,90.93333333333403,Mode: NORMAL. V_pcc: 0.957,1
2026-01-01T16:01:55Z,GRID_PASS,100.0,90.93333333333403,Mode: NORMAL. V_pcc: 0.957,1
2026-01-01T16:02:00Z,GRID_PASS,100.0,90.93333333333403,Mode: NORMAL. V_pcc: 0.957,1
2026-01-01T16:02:05Z,GRID_PASS,100.0,90.93333333333403,Mode: NORMAL. V_pcc: 0.957,1
2026-01-01T16:02:10Z,GRID_PASS,100.0,90.93333333333403,Mode: NORMAL. V_pcc: 0.957,1
2026-01-01T16:02:15Z,GRID_PASS,100.0,90.93333333333403,Mode: NORMAL. V_pcc: 0.957,1
2026-01-01T16:02:20Z,GRID_PASS,100.0,90.93333333333403,Mode: NORMAL. V_pcc: 0.957,1
2026-01-01T16:02:25Z,GRID_PASS,100.0,90.93333333333403,Mode: NORMAL. V_pcc: 0.957,1
2026-01-01T16:02:30Z,GRID_PASS,100.0,90.93333333333403,Mode: NORMAL. V_pcc: 0.957,1
2026-01-01T16:02:35Z,GRID_PASS,100.0,90.93333333333403,Mode: NORMAL. V_pcc: 0.957,1
2026-01-01T16:02:40Z,GRID_PASS,100.0,90.93333333333403,Mode: NORMAL. V_pcc: 0.957,1
2026-01-01T16:02:45Z,GRID_PASS,100.0,90.93333333333403,Mode: NORMAL. V_pcc: 0.957,1
2026-01-01T16:02:50Z,GRID_PASS,100.0,90.93333333333403,Mode: NORMAL. V_pcc: 0.957,1
2026-01-01T16:02:55Z,GRID_PASS,100.0,90.93333333333403,Mode: NORMAL. V_pcc: 0.957,1
2026-01-01T16:03:00Z,GRID_PASS,100.0,90.93333333333403,Mode: NORMAL. V_pcc: 0.957,1
2026-01-01T16:03:05Z,GRID_PASS,100.0,90.93333333333403,Mode: NORMAL. V_pcc: 0.957,1
2026-01-01T16:03:10Z,GRID_PASS,100.0,90.93333333333403,Mode: NORMAL. V_pcc: 0.957,1
2026-01-01T16:03:15Z,GRID_PASS,100.0,90.93333333333403,Mode: NORMAL. V_pcc: 0.957,1
2026-01-01T16:03:20Z,GRID_PASS,100.0,90.93333333333403,Mode: NORMAL. V_pcc: 0.957,1
2026-01-01T16:03:25Z,GRID_PASS,100.0,90.93333333333403,Mode: NORMAL. V_pcc: 0.957,1
2026-01-01T16:03:30Z,GRID_PASS,100.0,90.93333333333403,Mode: NORMAL. V_pcc: 0.957,1
2026-01-01T16:03:35Z,GRID_PASS,100.0,90.93333333333403,Mode: NORMAL. V_pcc: 0.957,1
2026-01-01T16:03:40Z,GRID_PASS,100.0,90.93333333333403,Mode: NORMAL. V_pcc: 0.957,1
2026-01-01T16:03:45Z,GRID_PASS,100.0,90.93333333333403,Mode: NORMAL. V_pcc: 0.957,1
2026-01-01T16:03:50Z,GRID_PASS,100.0,90.93333333333403,Mode: NORMAL. V_pcc: 0.957,1
2026-01-01T16:03:55Z,GRID_PASS,100.0,90.93333333333403,Mode: NORMAL. V_pcc: 0.957,1
2026-01-01T16:04:00Z,GRID_PASS,100.0,90.93333333333403,Mode: NORMAL. V_pcc: 0.957,1
2026-01-01T16:04:05Z,GRID_PASS,100.0,90.93333333333403,Mode: NORMAL. V_pcc: 0.957,1
2026-01-01T16:04:10Z,GRID_PASS,100.0,90.93333333333403,Mode: NORMAL. V_pcc: 0.957,1
2026-01-01T16:04:15Z,GRID_PASS,100.0,90.93333333333403,Mode: NORMAL. V_pcc: 0.957,1
2026-01-01T16:04:20Z,GRID_PASS,100.0,90.93333333333403,Mode: NORMAL. V_pcc: 0.957,1
2026-01-01T16:04:25Z,GRID_PASS,100.0,90.93333333333403,Mode: NORMAL. V_pcc: 0.957,1
2026-01-01T16:04:30Z,GRID_PASS,100.0,90.93333333333403,Mode: NORMAL. V_pcc: 0.957,1
2026-01-01T16:04:35Z,GRID_PASS,100.0,90.93333333333403,Mode: NORMAL. V_pcc: 0.957,1
2026-01-01T16:04:40Z,GRID_PASS,100.0,90.93333333333403,Mode: NORMAL. V_pcc: 0.957,1
2026-01-01T16:04:45Z,GRID_PASS,100.0,90.93333333333403,Mode: NORMAL. V_pcc: 0.957,1
2026-01-01T16:04:50Z,GRID_PASS,100.0,90.93333333333403,Mode: NORMAL. V_pcc: 0.957,1
2026-01-01T16:04:55Z,GRID_PASS,100.0,90.93333333333403,Mode: NORMAL. V_pcc: 0.957,1
2026-01-01T16:05:00Z,GRID_PASS,100.0,90.93333333333403,Mode: NORMAL. V_pcc: 0.957,1
2026-01-01T16:05:05Z,GRID_PASS,100.0,90.93333333333403,Mode: NORMAL. V_pcc: 0.957,1
2026-01-01T16:05:10Z,GRID_PASS,100.0,90.93333333333403,Mode: NORMAL. V_pcc: 0.957,1
2026-01-01T16:05:15Z,GRID_PASS,100.0,90.93333333333403,Mode: NORMAL. V_pcc: 0.957,1
2026-01-01T16:05:20Z,GRID_PASS,100.0,90.93333333333403,Mode: NORMAL. V_pcc: 0.957,1
2026-01-01T16:05:25Z,GRID_PASS,100.0,90.93333333333403,Mode: NORMAL. V_pcc: 0.957,1
2026-01-01T16:05:30Z,GRID_PASS,100.0,90.93333333333403,Mode: NORMAL. V_pcc: 0.957,1
2026-01-01T16:05:35Z,GRID_PASS,100.0,90.93333333333403,Mode: NORMAL. V_pcc: 0.957,1
2026-01-01T16:05:40Z,GRID_PASS,100.0,90.93333333333403,Mode: NORMAL. V_pcc: 0.957,1
2026-01-01T16:05:45Z,GRID_PASS,100.0,90.93333333333403,Mode: NORMAL. V_pcc: 0.957,1
2026-01-01T16:05:50Z,GRID_PASS,100.0,90.93333333333403,Mode: NORMAL. V_pcc: 0.957,1
2026-01-01T16:05:55Z,GRID_PASS,100.0,90.93333333333403,Mode: NORMAL. V_pcc: 0.957,1
2026-01-01T16:06:00Z,GRID_PASS,100.0,90.93333333333403,Mode: NORMAL. V_pcc: 0.957,1
2026-01-01T16:06:05Z,GRID_PASS,100.0,90.93333333333403,Mode: NORMAL. V_pcc: 0.957,1
2026-01-01T16:06:10Z,GRID_PASS,100.0,90.93333333333403,Mode: NORMAL. V_pcc: 0.957,1
2026-01-01T16:06:15Z,GRID_PASS,100.0,90.93333333333403,Mode: NORMAL. V_pcc: 0.957,1
2026-01-01T16:06:20Z,GRID_PASS,100.0,90.93333333333403,Mode: NORMAL. V_pcc: 0.957,1
2026-01-01T16:06:25Z,GRID_PASS,100.0,90.93333333333403,Mode: NORMAL. V_pcc: 0.957,1
2026-01-01T16:06:30Z,GRID_PASS,100.0,90.93333333333403,Mode: NORMAL. V_pcc: 0.957,1
2026-01-01T16:06:35Z,GRID_PASS,100.0,90.93333333333403,Mode: NORMAL. V_pcc: 0.957,1
2026-01-01T16:06:40Z,GRID_PASS,100.0,90.93333333333403,Mode: NORMAL. V_pcc: 0.957,1
2026-01-01T16:06:45Z,GRID_PASS,100.0,90.93333333333403,Mode: NORMAL. V_pcc: 0.957,1
2026-01-01T16:06:50Z,GRID_PASS,100.0,90.93333333333403,Mode: NORMAL. V_pcc: 0.957,1
2026-01-01T16:06:55Z,GRID_PASS,100.0,90.93333333333403,Mode: NORMAL. V_pcc: 0.957,1
2026-01-01T16:07:00Z,GRID_PASS,100.0,90.93333333333403,Mode: NORMAL. V_pcc: 0.957,1
2026-01-01T16:07:05Z,GRID_PASS,100.0,90.93333333333403,Mode: NORMAL. V_pcc: 0.957,1
2026-01-01T16:07:10Z,GRID_PASS,100.0,90.93333333333403,Mode: NORMAL. V_pcc: 0.957,1
2026-01-01T16:07:15Z,GRID_PASS,100.0,90.93333333333403,Mode: NORMAL. V_pcc: 0.957,1
2026-01-01T16:07:20Z,GRID_PASS,100.0,90.93333333333403,Mode: NORMAL. V_pcc: 0.957,1
2026-01-01T16:07:25Z,GRID_PASS,100.0,90.93333333333403,Mode: NORMAL. V_pcc: 0.957,1
2026-01-01T16:07:30Z,GRID_PASS,100.0,90.93333333333403,Mode: NORMAL. V_pcc: 0.957,1
2026-01-01T16:07:35Z,GRID_PASS,100.0,90.93333333333403,Mode: NORMAL. V_pcc: 0.957,1
2026-01-01T16:07:40Z,GRID_PASS,100.0,90.93333333333403,Mode: NORMAL. V_pcc: 0.957,1
2026-01-01T16:07:45Z,GRID_PASS,100.0,90.93333333333403,Mode: NORMAL. V_pcc: 0.957,1
2026-01-01T16:07:50Z,GRID_PASS,100.0,90.93333333333403,Mode: NORMAL. V_pcc: 0.957,1
2026-01-01T16:07:55Z,GRID_PASS,100.0,90.93333333333403,Mode: NORMAL. V_pcc: 0.957,1
2026-01-01T16:08:00Z,GRID_PASS,100.0,90.93333333333403,Mode: NORMAL. V_pcc: 0.957,1
2026-01-01T16:08:05Z,GRID_PASS,100.0,90.93333333333403,Mode: NORMAL. V_pcc: 0.956,1
2026-01-01T16:08:10Z,GRID_PASS,100.0,90.93333333333403,Mode: NORMAL. V_pcc: 0.956,1
2026-01-01T16:08:15Z,GRID_PASS,100.0,90.93333333333403,Mode: NORMAL. V_pcc: 0.956,1
2026-01-01T16:08:20Z,GRID_PASS,100.0,90.93333333333403,Mode: NORMAL. V_pcc: 0.956,1
2026-01-01T16:08:25Z,GRID_PASS,100.0,90.93333333333403,Mode: NORMAL. V_pcc: 0.956,1
2026-01-01T16:08:30Z,GRID_PASS,100.0,90.93333333333403,Mode: NORMAL. V_pcc: 0.956,1
2026-01-01T16:08:35Z,GRID_PASS,100.0,90.93333333333403,Mode: NORMAL. V_pcc: 0.956,1
2026-01-01T16:08:40Z,GRID_PASS,100.0,90.93333333333403,Mode: NORMAL. V_pcc: 0.956,1
2026-01-01T16:08:45Z,GRID_PASS,100.0,90.93333333333403,Mode: NORMAL. V_pcc: 0.956,1
2026-01-01T16:08:50Z,GRID_PASS,100.0,90.93333333333403,Mode: NORMAL. V_pcc: 0.956,1
2026-01-01T16:08:55Z,GRID_PASS,100.0,90.93333333333403,Mode: NORMAL. V_pcc: 0.956,1
2026-01-01T16:09:00Z,GRID_PASS,100.0,90.93333333333403,Mode: NORMAL. V_pcc: 0.956,1
2026-01-01T16:09:05Z,GRID_PASS,100.0,90.93333333333403,Mode: NORMAL. V_pcc: 0.956,1
2026-01-01T16:09:10Z,GRID_PASS,100.0,90.93333333333403,Mode: NORMAL. V_pcc: 0.956,1
2026-01-01T16:09:15Z,GRID_PASS,100.0,90.93333333333403,Mode: NORMAL. V_pcc: 0.956,1
2026-01-01T16:09:20Z,GRID_PASS,100.0,90.93333333333403,Mode: NORMAL. V_pcc: 0.956,1
2026-01-01T16:09:25Z,GRID_PASS,100.0,90.93333333333403,Mode: NORMAL. V_pcc: 0.956,1
2026-01-01T16:09:30Z,GRID_PASS,100.0,90.93333333333403,Mode: NORMAL. V_pcc: 0.956,1
2026-01-01T16:09:35Z,GRID_PASS,100.0,90.93333333333403,Mode: NORMAL. V_pcc: 0.956,1
2026-01-01T16:09:40Z,GRID_PASS,100.0,90.93333333333403,Mode: NORMAL. V_pcc: 0.956,1
2026-01-01T16:09:45Z,GRID_PASS,100.0,90.93333333333403,Mode: NORMAL. V_pcc: 0.956,1
2026-01-01T16:09:50Z,GRID_PASS,100.0,90.93333333333403,Mode: NORMAL. V_pcc: 0.956,1
2026-01-01T16:09:55Z,GRID_PASS,100.0,90.93333333333403,Mode: NORMAL. V_pcc: 0.956,1
2026-01-01T16:10:00Z,GRID_PASS,100.0,90.93333333333403,Mode: NORMAL. V_pcc: 0.956,1
2026-01-01T16:10:05Z,GRID_PASS,100.0,90.93333333333403,Mode: NORMAL. V_pcc: 0.956,1
2026-01-01T16:10:10Z,GRID_PASS,100.0,90.93333333333403,Mode: NORMAL. V_pcc: 0.956,1
2026-01-01T16:10:15Z,GRID_PASS,100.0,90.93333333333403,Mode: NORMAL. V_pcc: 0.956,1
2026-01-01T16:10:20Z,GRID_PASS,100.0,90.93333333333403,Mode: NORMAL. V_pcc: 0.956,1
2026-01-01T16:10:25Z,GRID_PASS,100.0,90.93333333333403,Mode: NORMAL. V_pcc: 0.956,1
2026-01-01T16:10:30Z,GRID_PASS,100.0,90.93333333333403,Mode: NORMAL. V_pcc: 0.956,1
2026-01-01T16:10:35Z,GRID_PASS,100.0,90.93333333333403,Mode: NORMAL. V_pcc: 0.956,1
2026-01-01T16:10:40Z,GRID_PASS,100.0,90.93333333333403,Mode: NORMAL. V_pcc: 0.956,1
2026-01-01T16:10:45Z,GRID_PASS,100.0,90.93333333333403,Mode: NORMAL. V_pcc: 0.956,1
2026-01-01T16:10:50Z,GRID_PASS,100.0,90.93333333333403,Mode: NORMAL. V_pcc: 0.956,1
2026-01-01T16:10:55Z,GRID_PASS,100.0,90.93333333333403,Mode: NORMAL. V_pcc: 0.956,1
2026-01-01T16:11:00Z,GRID_PASS,100.0,90.93333333333403,Mode: NORMAL. V_pcc: 0.956,1
2026-01-01T16:11:05Z,GRID_PASS,100.0,90.93333333333403,Mode: NORMAL. V_pcc: 0.956,1
2026-01-01T16:11:10Z,GRID_PASS,100.0,90.93333333333403,Mode: NORMAL. V_pcc: 0.956,1
2026-01-01T16:11:15Z,GRID_PASS,100.0,90.93333333333403,Mode: NORMAL. V_pcc: 0.956,1
2026-01-01T16:11:20Z,GRID_PASS,100.0,90.93333333333403,Mode: NORMAL. V_pcc: 0.956,1
2026-01-01T16:11:25Z,GRID_PASS,100.0,90.93333333333403,Mode: NORMAL. V_pcc: 0.956,1
2026-01-01T16:11:30Z,GRID_PASS,100.0,90.93333333333403,Mode: NORMAL. V_pcc: 0.956,1
2026-01-01T16:11:35Z,GRID_PASS,100.0,90.93333333333403,Mode: NORMAL. V_pcc: 0.956,1
2026-01-01T16:11:40Z,GRID_PASS,100.0,90.93333333333403,Mode: NORMAL. V_pcc: 0.956,1
2026-01-01T16:11:45Z,GRID_PASS,100.0,90.93333333333403,Mode: NORMAL. V_pcc: 0.956,1
2026-01-01T16:11:50Z,GRID_PASS,100.0,90.93333333333403,Mode: NORMAL. V_pcc: 0.956,1
2026-01-01T16:11:55Z,GRID_PASS,100.0,90.93333333333403,Mode: NORMAL. V_pcc: 0.956,1
2026-01-01T16:12:00Z,GRID_PASS,100.0,90.93333333333403,Mode: NORMAL. V_pcc: 0.956,1
2026-01-01T16:12:05Z,GRID_PASS,100.0,90.93333333333403,Mode: NORMAL. V_pcc: 0.956,1
2026-01-01T16:12:10Z,GRID_PASS,100.0,90.93333333333403,Mode: NORMAL. V_pcc: 0.956,1
2026-01-01T16:12:15Z,GRID_PASS,100.0,90.93333333333403,Mode: NORMAL. V_pcc: 0.956,1
2026-01-01T16:12:20Z,GRID_PASS,100.0,90.93333333333403,Mode: NORMAL. V_pcc: 0.956,1
2026-01-01T16:12:25Z,GRID_PASS,100.0,90.93333333333403,Mode: NORMAL. V_pcc: 0.956,1
2026-01-01T16:12:30Z,GRID_PASS,100.0,90.93333333333403,Mode: NORMAL. V_pcc: 0.956,1
2026-01-01T16:12:35Z,GRID_PASS,100.0,90.93333333333403,Mode: NORMAL. V_pcc: 0.956,1
2026-01-01T16:12:40Z,GRID_PASS,100.0,90.93333333333403,Mode: NORMAL. V_pcc: 0.956,1
2026-01-01T16:12:45Z,GRID_PASS,100.0,90.93333333333403,Mode: NORMAL. V_pcc: 0.956,1
2026-01-01T16:12:50Z,GRID_PASS,100.0,90.93333333333403,Mode: NORMAL. V_pcc: 0.956,1
2026-01-01T16:12:55Z,GRID_PASS,100.0,90.93333333333403,Mode: NORMAL. V_pcc: 0.956,1
2026-01-01T16:13:00Z,GRID_PASS,100.0,90.93333333333403,Mode: NORMAL. V_pcc: 0.956,1
2026-01-01T16:13:05Z,GRID_PASS,100.0,90.93333333333403,Mode: NORMAL. V_pcc: 0.956,1
2026-01-01T16:13:10Z,GRID_PASS,100.0,90.93333333333403,Mode: NORMAL. V_pcc: 0.956,1
2026-01-01T16:13:15Z,GRID_PASS,100.0,90.93333333333403,Mode: NORMAL. V_pcc: 0.956,1
2026-01-01T16:13:20Z,GRID_PASS,100.0,90.93333333333403,Mode: NORMAL. V_pcc: 0.956,1
2026-01-01T16:13:25Z,GRID_PASS,100.0,90.93333333333403,Mode: NORMAL. V_pcc: 0.956,1
2026-01-01T16:13:30Z,GRID_PASS,100.0,90.93333333333403,Mode: NORMAL. V_pcc: 0.956,1
2026-01-01T16:13:35Z,GRID_PASS,100.0,90.93333333333403,Mode: NORMAL. V_pcc: 0.956,1
2026-01-01T16:13:40Z,GRID_PASS,100.0,90.93333333333403,Mode: NORMAL. V_pcc: 0.956,1
2026-01-01T16:13:45Z,GRID_PASS,100.0,90.93333333333403,Mode: NORMAL. V_pcc: 0.956,1
2026-01-01T16:13:50Z,GRID_PASS,100.0,90.93333333333403,Mode: NORMAL. V_pcc: 0.956,1
2026-01-01T16:13:55Z,GRID_PASS,100.0,90.93333333333403,Mode: NORMAL. V_pcc: 0.956,1
2026-01-01T16:14:00Z,GRID_PASS,100.0,90.93333333333403,Mode: NORMAL. V_pcc: 0.956,1
2026-01-01T16:14:05Z,GRID_PASS,100.0,90.93333333333403,Mode: NORMAL. V_pcc: 0.956,1
2026-01-01T16:14:10Z,GRID_PASS,100.0,90.93333333333403,Mode: NORMAL. V_pcc: 0.956,1
2026-01-01T16:14:15Z,GRID_PASS,100.0,90.93333333333403,Mode: NORMAL. V_pcc: 0.956,1
2026-01-01T16:14:20Z,GRID_PASS,100.0,90.93333333333403,Mode: NORMAL. V_pcc: 0.956,1
2026-01-01T16:14:25Z,GRID_PASS,100.0,90.93333333333403,Mode: NORMAL. V_pcc: 0.956,1
2026-01-01T16:14:30Z,GRID_PASS,100.0,90.93333333333403,Mode: NORMAL. V_pcc: 0.956,1
2026-01-01T16:14:35Z,GRID_PASS,100.0,90.93333333333403,Mode: NORMAL. V_pcc: 0.956,1
2026-01-01T16:14:40Z,GRID_PASS,100.0,90.93333333333403,Mode: NORMAL. V_pcc: 0.956,1
2026-01-01T16:14:45Z,GRID_PASS,100.0,90.93333333333403,Mode: NORMAL. V_pcc: 0.956,1
2026-01-01T16:14:50Z,GRID_PASS,100.0,90.93333333333403,Mode: NORMAL. V_pcc: 0.956,1
2026-01-01T16:14:55Z,GRID_PASS,100.0,90.93333333333403,Mode: NORMAL. V_pcc: 0.956,1
2026-01-01T16:15:00Z,GRID_PASS,100.0,90.93333333333403,Mode: NORMAL. V_pcc: 0.956,1
2026-01-01T16:15:05Z,GRID_PASS,100.0,90.93333333333403,Mode: NORMAL. V_pcc: 0.955,1
2026-01-01T16:15:10Z,GRID_PASS,100.0,90.93333333333403,Mode: NORMAL. V_pcc: 0.955,1
2026-01-01T16:15:15Z,GRID_PASS,100.0,90.93333333333403,Mode: NORMAL. V_pcc: 0.955,1
2026-01-01T16:15:20Z,GRID_PASS,100.0,90.93333333333403,Mode: NORMAL. V_pcc: 0.955,1
2026-01-01T16:15:25Z,GRID_PASS,100.0,90.93333333333403,Mode: NORMAL. V_pcc: 0.955,1
2026-01-01T16:15:30Z,GRID_PASS,100.0,90.93333333333403,Mode: NORMAL. V_pcc: 0.955,1
2026-01-01T16:15:35Z,GRID_PASS,100.0,90.93333333333403,Mode: NORMAL. V_pcc: 0.955,1
2026-01-01T16:15:40Z,GRID_PASS,100.0,90.93333333333403,Mode: NORMAL. V_pcc: 0.955,1
2026-01-01T16:15:45Z,GRID_PASS,100.0,90.93333333333403,Mode: NORMAL. V_pcc: 0.955,1
2026-01-01T16:15:50Z,GRID_PASS,100.0,90.93333333333403,Mode: NORMAL. V_pcc: 0.955,1
2026-01-01T16:15:55Z,GRID_PASS,100.0,90.93333333333403,Mode: NORMAL. V_pcc: 0.955,1
2026-01-01T16:16:00Z,GRID_PASS,100.0,90.93333333333403,Mode: NORMAL. V_pcc: 0.955,1
2026-01-01T16:16:05Z,GRID_PASS,100.0,90.93333333333403,Mode: NORMAL. V_pcc: 0.955,1
2026-01-01T16:16:10Z,GRID_PASS,100.0,90.93333333333403,Mode: NORMAL. V_pcc: 0.955,1
2026-01-01T16:16:15Z,GRID_PASS,100.0,90.93333333333403,Mode: NORMAL. V_pcc: 0.955,1
2026-01-01T16:16:20Z,GRID_PASS,100.0,90.93333333333403,Mode: NORMAL. V_pcc: 0.955,1
2026-01-01T16:16:25Z,GRID_PASS,100.0,90.93333333333403,Mode: NORMAL. V_pcc: 0.955,1
2026-01-01T16:16:30Z,GRID_PASS,100.0,90.93333333333403,Mode: NORMAL. V_pcc: 0.955,1
2026-01-01T16:16:35Z,GRID_PASS,100.0,90.93333333333403,Mode: NORMAL. V_pcc: 0.955,1
2026-01-01T16:16:40Z,GRID_PASS,100.0,90.93333333333403,Mode: NORMAL. V_pcc: 0.955,1
2026-01-01T16:16:45Z,GRID_PASS,100.0,90.93333333333403,Mode: NORMAL. V_pcc: 0.955,1
2026-01-01T16:16:50Z,GRID_PASS,100.0,90.93333333333403,Mode: NORMAL. V_pcc: 0.955,1
2026-01-01T16:16:55Z,GRID_PASS,100.0,90.93333333333403,Mode: NORMAL. V_pcc: 0.955,1
2026-01-01T16:17:00Z,GRID_PASS,100.0,90.93333333333403,Mode: NORMAL. V_pcc: 0.955,1
2026-01-01T16:17:05Z,GRID_PASS,100.0,90.93333333333403,Mode: NORMAL. V_pcc: 0.955,1
2026-01-01T16:17:10Z,GRID_PASS,100.0,90.93333333333403,Mode: NORMAL. V_pcc: 0.955,1
2026-01-01T16:17:15Z,GRID_PASS,100.0,90.93333333333403,Mode: NORMAL. V_pcc: 0.955,1
2026-01-01T16:17:20Z,GRID_PASS,100.0,90.93333333333403,Mode: NORMAL. V_pcc: 0.955,1
2026-01-01T16:17:25Z,GRID_PASS,100.0,90.93333333333403,Mode: NORMAL. V_pcc: 0.955,1
2026-01-01T16:17:30Z,GRID_PASS,100.0,90.93333333333403,Mode: NORMAL. V_pcc: 0.955,1
2026-01-01T16:17:35Z,GRID_PASS,100.0,90.93333333333403,Mode: NORMAL. V_pcc: 0.955,1
2026-01-01T16:17:40Z,GRID_PASS,100.0,90.93333333333403,Mode: NORMAL. V_pcc: 0.955,1
2026-01-01T16:17:45Z,GRID_PASS,100.0,90.93333333333403,Mode: NORMAL. V_pcc: 0.955,1
2026-01-01T16:17:50Z,GRID_PASS,100.0,90.93333333333403,Mode: NORMAL. V_pcc: 0.955,1
2026-01-01T16:17:55Z,GRID_PASS,100.0,90.93333333333403,Mode: NORMAL. V_pcc: 0.955,1
2026-01-01T16:18:00Z,GRID_PASS,100.0,90.93333333333403,Mode: NORMAL. V_pcc: 0.955,1
2026-01-01T16:18:05Z,GRID_PASS,100.0,90.93333333333403,Mode: NORMAL. V_pcc: 0.955,1
2026-01-01T16:18:10Z,GRID_PASS,100.0,90.93333333333403,Mode: NORMAL. V_pcc: 0.955,1
2026-01-01T16:18:15Z,GRID_PASS,100.0,90.93333333333403,Mode: NORMAL. V_pcc: 0.955,1
2026-01-01T16:18:20Z,GRID_PASS,100.0,90.93333333333403,Mode: NORMAL. V_pcc: 0.955,1
2026-01-01T16:18:25Z,GRID_PASS,100.0,90.93333333333403,Mode: NORMAL. V_pcc: 0.955,1
2026-01-01T16:18:30Z,GRID_PASS,100.0,90.93333333333403,Mode: NORMAL. V_pcc: 0.955,1
2026-01-01T16:18:35Z,GRID_PASS,100.0,90.93333333333403,Mode: NORMAL. V_pcc: 0.955,1
2026-01-01T16:18:40Z,GRID_PASS,100.0,90.93333333333403,Mode: NORMAL. V_pcc: 0.955,1
2026-01-01T16:18:45Z,GRID_PASS,100.0,90.93333333333403,Mode: NORMAL. V_pcc: 0.955,1
2026-01-01T16:18:50Z,GRID_PASS,100.0,90.93333333333403,Mode: NORMAL. V_pcc: 0.955,1
2026-01-01T16:18:55Z,GRID_PASS,100.0,90.93333333333403,Mode: NORMAL. V_pcc: 0.955,1
2026-01-01T16:19:00Z,GRID_PASS,100.0,90.93333333333403,Mode: NORMAL. V_pcc: 0.955,1
2026-01-01T16:19:05Z,GRID_PASS,100.0,90.93333333333403,Mode: NORMAL. V_pcc: 0.955,1
2026-01-01T16:19:10Z,GRID_PASS,100.0,90.93333333333403,Mode: NORMAL. V_pcc: 0.955,1
2026-01-01T16:19:15Z,GRID_PASS,100.0,90.93333333333403,Mode: NORMAL. V_pcc: 0.955,1
2026-01-01T16:19:20Z,GRID_PASS,100.0,90.93333333333403,Mode: NORMAL. V_pcc: 0.955,1
2026-01-01T16:19:25Z,GRID_PASS,100.0,90.93333333333403,Mode: NORMAL. V_pcc: 0.955,1
2026-01-01T16:19:30Z,GRID_PASS,100.0,90.93333333333403,Mode: NORMAL. V_pcc: 0.955,1
2026-01-01T16:19:35Z,GRID_PASS,100.0,90.93333333333403,Mode: NORMAL. V_pcc: 0.955,1
2026-01-01T16:19:40Z,GRID_PASS,100.0,90.93333333333403,Mode: NORMAL. V_pcc: 0.955,1
2026-01-01T16:19:45Z,GRID_PASS,100.0,90.93333333333403,Mode: NORMAL. V_pcc: 0.955,1
2026-01-01T16:19:50Z,GRID_PASS,100.0,90.93333333333403,Mode: NORMAL. V_pcc: 0.955,1
2026-01-01T16:19:55Z,GRID_PASS,100.0,90.93333333333403,Mode: NORMAL. V_pcc: 0.955,1
2026-01-01T16:20:00Z,GRID_PASS,100.0,90.93333333333403,Mode: NORMAL. V_pcc: 0.955,1
2026-01-01T16:20:05Z,GRID_PASS,100.0,90.93333333333403,Mode: NORMAL. V_pcc: 0.955,1
2026-01-01T16:20:10Z,GRID_PASS,100.0,90.93333333333403,Mode: NORMAL. V_pcc: 0.955,1
2026-01-01T16:20:15Z,GRID_PASS,100.0,90.93333333333403,Mode: NORMAL. V_pcc: 0.955,1
2026-01-01T16:20:20Z,GRID_PASS,100.0,90.93333333333403,Mode: NORMAL. V_pcc: 0.955,1
2026-01-01T16:20:25Z,GRID_PASS,100.0,90.93333333333403,Mode: NORMAL. V_pcc: 0.955,1
2026-01-01T16:20:30Z,GRID_PASS,100.0,90.93333333333403,Mode: NORMAL. V_pcc: 0.955,1
2026-01-01T16:20:35Z,GRID_PASS,100.0,90.93333333333403,Mode: NORMAL. V_pcc: 0.955,1
2026-01-01T16:20:40Z,GRID_PASS,100.0,90.93333333333403,Mode: NORMAL. V_pcc: 0.955,1
2026-01-01T16:20:45Z,GRID_PASS,100.0,90.93333333333403,Mode: NORMAL. V_pcc: 0.955,1
2026-01-01T16:20:50Z,GRID_PASS,100.0,90.93333333333403,Mode: NORMAL. V_pcc: 0.955,1
2026-01-01T16:20:55Z,GRID_PASS,100.0,90.93333333333403,Mode: NORMAL. V_pcc: 0.955,1
2026-01-01T16:21:00Z,GRID_PASS,100.0,90.93333333333403,Mode: NORMAL. V_pcc: 0.955,1
2026-01-01T16:21:05Z,GRID_PASS,100.0,90.93333333333403,Mode: NORMAL. V_pcc: 0.954,1
2026-01-01T16:21:10Z,GRID_PASS,100.0,90.93333333333403,Mode: NORMAL. V_pcc: 0.954,1
2026-01-01T16:21:15Z,GRID_PASS,100.0,90.93333333333403,Mode: NORMAL. V_pcc: 0.954,1
2026-01-01T16:21:20Z,GRID_PASS,100.0,90.93333333333403,Mode: NORMAL. V_pcc: 0.954,1
2026-01-01T16:21:25Z,GRID_PASS,100.0,90.93333333333403,Mode: NORMAL. V_pcc: 0.954,1
2026-01-01T16:21:30Z,GRID_PASS,100.0,90.93333333333403,Mode: NORMAL. V_pcc: 0.954,1
2026-01-01T16:21:35Z,GRID_PASS,100.0,90.93333333333403,Mode: NORMAL. V_pcc: 0.954,1
2026-01-01T16:21:40Z,GRID_PASS,100.0,90.93333333333403,Mode: NORMAL. V_pcc: 0.954,1
2026-01-01T16:21:45Z,GRID_PASS,100.0,90.93333333333403,Mode: NORMAL. V_pcc: 0.954,1
2026-01-01T16:21:50Z,GRID_PASS,100.0,90.93333333333403,Mode: NORMAL. V_pcc: 0.954,1
2026-01-01T16:21:55Z,GRID_PASS,100.0,90.93333333333403,Mode: NORMAL. V_pcc: 0.954,1
2026-01-01T16:22:00Z,GRID_PASS,100.0,90.93333333333403,Mode: NORMAL. V_pcc: 0.954,1
2026-01-01T16:22:05Z,GRID_PASS,100.0,90.93333333333403,Mode: NORMAL. V_pcc: 0.954,1
2026-01-01T16:22:10Z,GRID_PASS,100.0,90.93333333333403,Mode: NORMAL. V_pcc: 0.954,1
2026-01-01T16:22:15Z,GRID_PASS,100.0,90.93333333333403,Mode: NORMAL. V_pcc: 0.954,1
2026-01-01T16:22:20Z,GRID_PASS,100.0,90.93333333333403,Mode: NORMAL. V_pcc: 0.954,1
2026-01-01T16:22:25Z,GRID_PASS,100.0,90.93333333333403,Mode: NORMAL. V_pcc: 0.954,1
2026-01-01T16:22:30Z,GRID_PASS,100.0,90.93333333333403,Mode: NORMAL. V_pcc: 0.954,1
2026-01-01T16:22:35Z,GRID_PASS,100.0,90.93333333333403,Mode: NORMAL. V_pcc: 0.954,1
2026-01-01T16:22:40Z,GRID_PASS,100.0,90.93333333333403,Mode: NORMAL. V_pcc: 0.954,1
2026-01-01T16:22:45Z,GRID_PASS,100.0,90.93333333333403,Mode: NORMAL. V_pcc: 0.954,1
2026-01-01T16:22:50Z,GRID_PASS,100.0,90.93333333333403,Mode: NORMAL. V_pcc: 0.954,1
2026-01-01T16:22:55Z,GRID_PASS,100.0,90.93333333333403,Mode: NORMAL. V_pcc: 0.954,1
2026-01-01T16:23:00Z,GRID_PASS,100.0,90.93333333333403,Mode: NORMAL. V_pcc: 0.954,1
2026-01-01T16:23:05Z,GRID_PASS,100.0,90.93333333333403,Mode: NORMAL. V_pcc: 0.954,1
2026-01-01T16:23:10Z,GRID_PASS,100.0,90.93333333333403,Mode: NORMAL. V_pcc: 0.954,1
2026-01-01T16:23:15Z,GRID_PASS,100.0,90.93333333333403,Mode: NORMAL. V_pcc: 0.954,1
2026-01-01T16:23:20Z,GRID_PASS,100.0,90.93333333333403,Mode: NORMAL. V_pcc: 0.954,1
2026-01-01T16:23:25Z,GRID_PASS,100.0,90.93333333333403,Mode: NORMAL. V_pcc: 0.954,1
2026-01-01T16:23:30Z,GRID_PASS,100.0,90.93333333333403,Mode: NORMAL. V_pcc: 0.954,1
2026-01-01T16:23:35Z,GRID_PASS,100.0,90.93333333333403,Mode: NORMAL. V_pcc: 0.954,1
2026-01-01T16:23:40Z,GRID_PASS,100.0,90.93333333333403,Mode: NORMAL. V_pcc: 0.954,1
2026-01-01T16:23:45Z,GRID_PASS,100.0,90.93333333333403,Mode: NORMAL. V_pcc: 0.954,1
2026-01-01T16:23:50Z,GRID_PASS,100.0,90.93333333333403,Mode: NORMAL. V_pcc: 0.954,1
2026-01-01T16:23:55Z,GRID_PASS,100.0,90.93333333333403,Mode: NORMAL. V_pcc: 0.954,1
2026-01-01T16:24:00Z,GRID_PASS,100.0,90.93333333333403,Mode: NORMAL. V_pcc: 0.954,1
2026-01-01T16:24:05Z,GRID_PASS,100.0,90.93333333333403,Mode: NORMAL. V_pcc: 0.954,1
2026-01-01T16:24:10Z,GRID_PASS,100.0,90.93333333333403,Mode: NORMAL. V_pcc: 0.954,1
2026-01-01T16:24:15Z,GRID_PASS,100.0,90.93333333333403,Mode: NORMAL. V_pcc: 0.954,1
2026-01-01T16:24:20Z,GRID_PASS,100.0,90.93333333333403,Mode: NORMAL. V_pcc: 0.954,1
2026-01-01T16:24:25Z,GRID_PASS,100.0,90.93333333333403,Mode: NORMAL. V_pcc: 0.954,1
2026-01-01T16:24:30Z,GRID_PASS,100.0,90.93333333333403,Mode: NORMAL. V_pcc: 0.954,1
2026-01-01T16:24:35Z,GRID_PASS,100.0,90.93333333333403,Mode: NORMAL. V_pcc: 0.954,1
2026-01-01T16:24:40Z,GRID_PASS,100.0,90.93333333333403,Mode: NORMAL. V_pcc: 0.954,1
2026-01-01T16:24:45Z,GRID_PASS,100.0,90.93333333333403,Mode: NORMAL. V_pcc: 0.954,1
2026-01-01T16:24:50Z,GRID_PASS,100.0,90.93333333333403,Mode: NORMAL. V_pcc: 0.954,1
2026-01-01T16:24:55Z,GRID_PASS,100.0,90.93333333333403,Mode: NORMAL. V_pcc: 0.954,1
2026-01-01T16:25:00Z,GRID_PASS,100.0,90.93333333333403,Mode: NORMAL. V_pcc: 0.954,1
2026-01-01T16:25:05Z,GRID_PASS,100.0,90.93333333333403,Mode: NORMAL. V_pcc: 0.954,1
2026-01-01T16:25:10Z,GRID_PASS,100.0,90.93333333333403,Mode: NORMAL. V_pcc: 0.954,1
2026-01-01T16:25:15Z,GRID_PASS,100.0,90.93333333333403,Mode: NORMAL. V_pcc: 0.954,1
2026-01-01T16:25:20Z,GRID_PASS,100.0,90.93333333333403,Mode: NORMAL. V_pcc: 0.954,1
2026-01-01T16:25:25Z,GRID_PASS,100.0,90.93333333333403,Mode: NORMAL. V_pcc: 0.954,1
2026-01-01T16:25:30Z,GRID_PASS,100.0,90.93333333333403,Mode: NORMAL. V_pcc: 0.954,1
2026-01-01T16:25:35Z,GRID_PASS,100.0,90.93333333333403,Mode: NORMAL. V_pcc: 0.954,1
2026-01-01T16:25:40Z,GRID_PASS,100.0,90.93333333333403,Mode: NORMAL. V_pcc: 0.954,1
2026-01-01T16:25:45Z,GRID_PASS,100.0,90.93333333333403,Mode: NORMAL. V_pcc: 0.954,1
2026-01-01T16:25:50Z,GRID_PASS,100.0,90.93333333333403,Mode: NORMAL. V_pcc: 0.954,1
2026-01-01T16:25:55Z,GRID_PASS,100.0,90.93333333333403,Mode: NORMAL. V_pcc: 0.954,1
2026-01-01T16:26:00Z,GRID_PASS,100.0,90.93333333333403,Mode: NORMAL. V_pcc: 0.954,1
2026-01-01T16:26:05Z,GRID_PASS,100.0,90.93333333333403,Mode: NORMAL. V_pcc: 0.954,1
2026-01-01T16:26:10Z,GRID_PASS,100.0,90.93333333333403,Mode: NORMAL. V_pcc: 0.954,1
2026-01-01T16:26:15Z,GRID_PASS,100.0,90.93333333333403,Mode: NORMAL. V_pcc: 0.954,1
2026-01-01T16:26:20Z,GRID_PASS,100.0,90.93333333333403,Mode: NORMAL. V_pcc: 0.954,1
2026-01-01T16:26:25Z,GRID_PASS,100.0,90.93333333333403,Mode: NORMAL. V_pcc: 0.954,1
2026-01-01T16:26:30Z,GRID_PASS,100.0,90.93333333333403,Mode: NORMAL. V_pcc: 0.954,1
2026-01-01T16:26:35Z,GRID_PASS,100.0,90.93333333333403,Mode: NORMAL. V_pcc: 0.954,1
2026-01-01T16:26:40Z,GRID_PASS,100.0,90.93333333333403,Mode: NORMAL. V_pcc: 0.954,1
2026-01-01T16:26:45Z,GRID_PASS,100.0,90.93333333333403,Mode: NORMAL. V_pcc: 0.954,1
2026-01-01T16:26:50Z,GRID_PASS,100.0,90.93333333333403,Mode: NORMAL. V_pcc: 0.954,1
2026-01-01T16:26:55Z,GRID_PASS,100.0,90.93333333333403,Mode: NORMAL. V_pcc: 0.954,1
2026-01-01T16:27:00Z,GRID_PASS,100.0,90.93333333333403,Mode: NORMAL. V_pcc: 0.954,1
2026-01-01T16:27:05Z,GRID_PASS,100.0,90.93333333333403,Mode: NORMAL. V_pcc: 0.953,1
2026-01-01T16:27:10Z,GRID_PASS,100.0,90.93333333333403,Mode: NORMAL. V_pcc: 0.953,1
2026-01-01T16:27:15Z,GRID_PASS,100.0,90.93333333333403,Mode: NORMAL. V_pcc: 0.953,1
2026-01-01T16:27:20Z,GRID_PASS,100.0,90.93333333333403,Mode: NORMAL. V_pcc: 0.953,1
2026-01-01T16:27:25Z,GRID_PASS,100.0,90.93333333333403,Mode: NORMAL. V_pcc: 0.953,1
2026-01-01T16:27:30Z,GRID_PASS,100.0,90.93333333333403,Mode: NORMAL. V_pcc: 0.953,1
2026-01-01T16:27:35Z,GRID_PASS,100.0,90.93333333333403,Mode: NORMAL. V_pcc: 0.953,1
2026-01-01T16:27:40Z,GRID_PASS,100.0,90.93333333333403,Mode: NORMAL. V_pcc: 0.953,1
2026-01-01T16:27:45Z,GRID_PASS,100.0,90.93333333333403,Mode: NORMAL. V_pcc: 0.953,1
2026-01-01T16:27:50Z,GRID_PASS,100.0,90.93333333333403,Mode: NORMAL. V_pcc: 0.953,1
2026-01-01T16:27:55Z,GRID_PASS,100.0,90.93333333333403,Mode: NORMAL. V_pcc: 0.953,1
2026-01-01T16:28:00Z,GRID_PASS,100.0,90.93333333333403,Mode: NORMAL. V_pcc: 0.953,1
2026-01-01T16:28:05Z,GRID_PASS,100.0,90.93333333333403,Mode: NORMAL. V_pcc: 0.953,1
2026-01-01T16:28:10Z,GRID_PASS,100.0,90.93333333333403,Mode: NORMAL. V_pcc: 0.953,1
2026-01-01T16:28:15Z,GRID_PASS,100.0,90.93333333333403,Mode: NORMAL. V_pcc: 0.953,1
2026-01-01T16:28:20Z,GRID_PASS,100.0,90.93333333333403,Mode: NORMAL. V_pcc: 0.953,1
2026-01-01T16:28:25Z,GRID_PASS,100.0,90.93333333333403,Mode: NORMAL. V_pcc: 0.953,1
2026-01-01T16:28:30Z,GRID_PASS,100.0,90.93333333333403,Mode: NORMAL. V_pcc: 0.953,1
2026-01-01T16:28:35Z,GRID_PASS,100.0,90.93333333333403,Mode: NORMAL. V_pcc: 0.953,1
2026-01-01T16:28:40Z,GRID_PASS,100.0,90.93333333333403,Mode: NORMAL. V_pcc: 0.953,1
2026-01-01T16:28:45Z,GRID_PASS,100.0,90.93333333333403,Mode: NORMAL. V_pcc: 0.953,1
2026-01-01T16:28:50Z,GRID_PASS,100.0,90.93333333333403,Mode: NORMAL. V_pcc: 0.953,1
2026-01-01T16:28:55Z,GRID_PASS,100.0,90.93333333333403,Mode: NORMAL. V_pcc: 0.953,1
2026-01-01T16:29:00Z,GRID_PASS,100.0,90.93333333333403,Mode: NORMAL. V_pcc: 0.953,1
2026-01-01T16:29:05Z,GRID_PASS,100.0,90.93333333333403,Mode: NORMAL. V_pcc: 0.953,1
2026-01-01T16:29:10Z,GRID_PASS,100.0,90.93333333333403,Mode: NORMAL. V_pcc: 0.953,1
2026-01-01T16:29:15Z,GRID_PASS,100.0,90.93333333333403,Mode: NORMAL. V_pcc: 0.953,1
2026-01-01T16:29:20Z,GRID_PASS,100.0,90.93333333333403,Mode: NORMAL. V_pcc: 0.953,1
2026-01-01T16:29:25Z,GRID_PASS,100.0,90.93333333333403,Mode: NORMAL. V_pcc: 0.953,1
2026-01-01T16:29:30Z,GRID_PASS,100.0,90.93333333333403,Mode: NORMAL. V_pcc: 0.953,1
2026-01-01T16:29:35Z,GRID_PASS,100.0,90.93333333333403,Mode: NORMAL. V_pcc: 0.953,1
2026-01-01T16:29:40Z,GRID_PASS,100.0,90.93333333333403,Mode: NORMAL. V_pcc: 0.953,1
2026-01-01T16:29:45Z,GRID_PASS,100.0,90.93333333333403,Mode: NORMAL. V_pcc: 0.953,1
2026-01-01T16:29:50Z,GRID_PASS,100.0,90.93333333333403,Mode: NORMAL. V_pcc: 0.953,1
2026-01-01T16:29:55Z,GRID_PASS,100.0,90.93333333333403,Mode: NORMAL. V_pcc: 0.953,1
2026-01-01T16:30:00Z,GRID_PASS,100.0,90.93333333333403,Mode: NORMAL. V_pcc: 0.953,1
2026-01-01T16:30:05Z,GRID_PASS,100.0,90.93333333333403,Mode: NORMAL. V_pcc: 0.953,1
2026-01-01T16:30:10Z,GRID_PASS,100.0,90.93333333333403,Mode: NORMAL. V_pcc: 0.953,1
2026-01-01T16:30:15Z,GRID_PASS,100.0,90.93333333333403,Mode: NORMAL. V_pcc: 0.953,1
2026-01-01T16:30:20Z,GRID_PASS,100.0,90.93333333333403,Mode: NORMAL. V_pcc: 0.953,1
2026-01-01T16:30:25Z,GRID_PASS,100.0,90.93333333333403,Mode: NORMAL. V_pcc: 0.953,1
2026-01-01T16:30:30Z,GRID_PASS,100.0,90.93333333333403,Mode: NORMAL. V_pcc: 0.953,1
2026-01-01T16:30:35Z,GRID_PASS,100.0,90.93333333333403,Mode: NORMAL. V_pcc: 0.953,1
2026-01-01T16:30:40Z,GRID_PASS,100.0,90.93333333333403,Mode: NORMAL. V_pcc: 0.953,1
2026-01-01T16:30:45Z,GRID_PASS,100.0,90.93333333333403,Mode: NORMAL. V_pcc: 0.953,1
2026-01-01T16:30:50Z,GRID_PASS,100.0,90.93333333333403,Mode: NORMAL. V_pcc: 0.953,1
2026-01-01T16:30:55Z,GRID_PASS,100.0,90.93333333333403,Mode: NORMAL. V_pcc: 0.953,1
2026-01-01T16:31:00Z,GRID_PASS,100.0,90.93333333333403,Mode: NORMAL. V_pcc: 0.953,1
2026-01-01T16:31:05Z,GRID_PASS,100.0,90.93333333333403,Mode: NORMAL. V_pcc: 0.953,1
2026-01-01T16:31:10Z,GRID_PASS,100.0,90.93333333333403,Mode: NORMAL. V_pcc: 0.953,1
2026-01-01T16:31:15Z,GRID_PASS,100.0,90.93333333333403,Mode: NORMAL. V_pcc: 0.953,1
2026-01-01T16:31:20Z,GRID_PASS,100.0,90.93333333333403,Mode: NORMAL. V_pcc: 0.953,1
2026-01-01T16:31:25Z,GRID_PASS,100.0,90.93333333333403,Mode: NORMAL. V_pcc: 0.953,1
2026-01-01T16:31:30Z,GRID_PASS,100.0,90.93333333333403,Mode: NORMAL. V_pcc: 0.953,1
2026-01-01T16:31:35Z,GRID_PASS,100.0,90.93333333333403,Mode: NORMAL. V_pcc: 0.953,1
2026-01-01T16:31:40Z,GRID_PASS,100.0,90.93333333333403,Mode: NORMAL. V_pcc: 0.953,1
2026-01-01T16:31:45Z,GRID_PASS,100.0,90.93333333333403,Mode: NORMAL. V_pcc: 0.953,1
2026-01-01T16:31:50Z,GRID_PASS,100.0,90.93333333333403,Mode: NORMAL. V_pcc: 0.953,1
2026-01-01T16:31:55Z,GRID_PASS,100.0,90.93333333333403,Mode: NORMAL. V_pcc: 0.953,1
2026-01-01T16:32:00Z,GRID_PASS,100.0,90.93333333333403,Mode: NORMAL. V_pcc: 0.953,1
2026-01-01T16:32:05Z,GRID_PASS,100.0,90.93333333333403,Mode: NORMAL. V_pcc: 0.952,1
2026-01-01T16:32:10Z,GRID_PASS,100.0,90.93333333333403,Mode: NORMAL. V_pcc: 0.952,1
2026-01-01T16:32:15Z,GRID_PASS,100.0,90.93333333333403,Mode: NORMAL. V_pcc: 0.952,1
2026-01-01T16:32:20Z,GRID_PASS,100.0,90.93333333333403,Mode: NORMAL. V_pcc: 0.952,1
2026-01-01T16:32:25Z,GRID_PASS,100.0,90.93333333333403,Mode: NORMAL. V_pcc: 0.952,1
2026-01-01T16:32:30Z,GRID_PASS,100.0,90.93333333333403,Mode: NORMAL. V_pcc: 0.952,1
2026-01-01T16:32:35Z,GRID_PASS,100.0,90.93333333333403,Mode: NORMAL. V_pcc: 0.952,1
2026-01-01T16:32:40Z,GRID_PASS,100.0,90.93333333333403,Mode: NORMAL. V_pcc: 0.952,1
2026-01-01T16:32:45Z,GRID_PASS,100.0,90.93333333333403,Mode: NORMAL. V_pcc: 0.952,1
2026-01-01T16:32:50Z,GRID_PASS,100.0,90.93333333333403,Mode: NORMAL. V_pcc: 0.952,1
2026-01-01T16:32:55Z,GRID_PASS,100.0,90.93333333333403,Mode: NORMAL. V_pcc: 0.952,1
2026-01-01T16:33:00Z,GRID_PASS,100.0,90.93333333333403,Mode: NORMAL. V_pcc: 0.952,1
2026-01-01T16:33:05Z,GRID_PASS,100.0,90.93333333333403,Mode: NORMAL. V_pcc: 0.952,1
2026-01-01T16:33:10Z,GRID_PASS,100.0,90.93333333333403,Mode: NORMAL. V_pcc: 0.952,1
2026-01-01T16:33:15Z,GRID_PASS,100.0,90.93333333333403,Mode: NORMAL. V_pcc: 0.952,1
2026-01-01T16:33:20Z,GRID_PASS,100.0,90.93333333333403,Mode: NORMAL. V_pcc: 0.952,1
2026-01-01T16:33:25Z,GRID_PASS,100.0,90.93333333333403,Mode: NORMAL. V_pcc: 0.952,1
2026-01-01T16:33:30Z,GRID_PASS,100.0,90.93333333333403,Mode: NORMAL. V_pcc: 0.952,1
2026-01-01T16:33:35Z,GRID_PASS,100.0,90.93333333333403,Mode: NORMAL. V_pcc: 0.952,1
2026-01-01T16:33:40Z,GRID_PASS,100.0,90.93333333333403,Mode: NORMAL. V_pcc: 0.952,1
2026-01-01T16:33:45Z,GRID_PASS,100.0,90.93333333333403,Mode: NORMAL. V_pcc: 0.952,1
2026-01-01T16:33:50Z,GRID_PASS,100.0,90.93333333333403,Mode: NORMAL. V_pcc: 0.952,1
2026-01-01T16:33:55Z,GRID_PASS,100.0,90.93333333333403,Mode: NORMAL. V_pcc: 0.952,1
2026-01-01T16:34:00Z,GRID_PASS,100.0,90.93333333333403,Mode: NORMAL. V_pcc: 0.952,1
2026-01-01T16:34:05Z,GRID_PASS,100.0,90.93333333333403,Mode: NORMAL. V_pcc: 0.952,1
2026-01-01T16:34:10Z,GRID_PASS,100.0,90.93333333333403,Mode: NORMAL. V_pcc: 0.952,1
2026-01-01T16:34:15Z,GRID_PASS,100.0,90.93333333333403,Mode: NORMAL. V_pcc: 0.952,1
2026-01-01T16:34:20Z,GRID_PASS,100.0,90.93333333333403,Mode: NORMAL. V_pcc: 0.952,1
2026-01-01T16:34:25Z,GRID_PASS,100.0,90.93333333333403,Mode: NORMAL. V_pcc: 0.952,1
2026-01-01T16:34:30Z,GRID_PASS,100.0,90.93333333333403,Mode: NORMAL. V_pcc: 0.952,1
2026-01-01T16:34:35Z,GRID_PASS,100.0,90.93333333333403,Mode: NORMAL. V_pcc: 0.952,1
2026-01-01T16:34:40Z,GRID_PASS,100.0,90.93333333333403,Mode: NORMAL. V_pcc: 0.952,1
2026-01-01T16:34:45Z,GRID_PASS,100.0,90.93333333333403,Mode: NORMAL. V_pcc: 0.952,1
2026-01-01T16:34:50Z,GRID_PASS,100.0,90.93333333333403,Mode: NORMAL. V_pcc: 0.952,1
2026-01-01T16:34:55Z,GRID_PASS,100.0,90.93333333333403,Mode: NORMAL. V_pcc: 0.952,1
2026-01-01T16:35:00Z,GRID_PASS,100.0,90.93333333333403,Mode: NORMAL. V_pcc: 0.952,1
2026-01-01T16:35:05Z,GRID_PASS,100.0,90.93333333333403,Mode: NORMAL. V_pcc: 0.952,1
2026-01-01T16:35:10Z,GRID_PASS,100.0,90.93333333333403,Mode: NORMAL. V_pcc: 0.952,1
2026-01-01T16:35:15Z,GRID_PASS,100.0,90.93333333333403,Mode: NORMAL. V_pcc: 0.952,1
2026-01-01T16:35:20Z,GRID_PASS,100.0,90.93333333333403,Mode: NORMAL. V_pcc: 0.952,1
2026-01-01T16:35:25Z,GRID_PASS,100.0,90.93333333333403,Mode: NORMAL. V_pcc: 0.952,1
2026-01-01T16:35:30Z,GRID_PASS,100.0,90.93333333333403,Mode: NORMAL. V_pcc: 0.952,1
2026-01-01T16:35:35Z,GRID_PASS,100.0,90.93333333333403,Mode: NORMAL. V_pcc: 0.952,1
2026-01-01T16:35:40Z,GRID_PASS,100.0,90.93333333333403,Mode: NORMAL. V_pcc: 0.952,1
2026-01-01T16:35:45Z,GRID_PASS,100.0,90.93333333333403,Mode: NORMAL. V_pcc: 0.952,1
2026-01-01T16:35:50Z,GRID_PASS,100.0,90.93333333333403,Mode: NORMAL. V_pcc: 0.952,1
2026-01-01T16:35:55Z,GRID_PASS,100.0,90.93333333333403,Mode: NORMAL. V_pcc: 0.952,1
2026-01-01T16:36:00Z,GRID_PASS,100.0,90.93333333333403,Mode: NORMAL. V_pcc: 0.952,1
2026-01-01T16:36:05Z,GRID_PASS,100.0,90.93333333333403,Mode: NORMAL. V_pcc: 0.952,1
2026-01-01T16:36:10Z,GRID_PASS,100.0,90.93333333333403,Mode: NORMAL. V_pcc: 0.952,1
2026-01-01T16:36:15Z,GRID_PASS,100.0,90.93333333333403,Mode: NORMAL. V_pcc: 0.952,1
2026-01-01T16:36:20Z,GRID_PASS,100.0,90.93333333333403,Mode: NORMAL. V_pcc: 0.952,1
2026-01-01T16:36:25Z,GRID_PASS,100.0,90.93333333333403,Mode: NORMAL. V_pcc: 0.952,1
2026-01-01T16:36:30Z,GRID_PASS,100.0,90.93333333333403,Mode: NORMAL. V_pcc: 0.952,1
2026-01-01T16:36:35Z,GRID_PASS,100.0,90.93333333333403,Mode: NORMAL. V_pcc: 0.952,1
2026-01-01T16:36:40Z,GRID_PASS,100.0,90.93333333333403,Mode: NORMAL. V_pcc: 0.952,1
2026-01-01T16:36:45Z,GRID_PASS,100.0,90.93333333333403,Mode: NORMAL. V_pcc: 0.952,1
2026-01-01T16:36:50Z,GRID_PASS,100.0,90.93333333333403,Mode: NORMAL. V_pcc: 0.952,1
2026-01-01T16:36:55Z,GRID_PASS,100.0,90.93333333333403,Mode: NORMAL. V_pcc: 0.952,1
2026-01-01T16:37:00Z,GRID_PASS,100.0,90.93333333333403,Mode: NORMAL. V_pcc: 0.952,1
2026-01-01T16:37:05Z,GRID_PASS,100.0,90.93333333333403,Mode: NORMAL. V_pcc: 0.951,1
2026-01-01T16:37:10Z,GRID_PASS,100.0,90.93333333333403,Mode: NORMAL. V_pcc: 0.951,1
2026-01-01T16:37:15Z,GRID_PASS,100.0,90.93333333333403,Mode: NORMAL. V_pcc: 0.951,1
2026-01-01T16:37:20Z,GRID_PASS,100.0,90.93333333333403,Mode: NORMAL. V_pcc: 0.951,1
2026-01-01T16:37:25Z,GRID_PASS,100.0,90.93333333333403,Mode: NORMAL. V_pcc: 0.951,1
2026-01-01T16:37:30Z,GRID_PASS,100.0,90.93333333333403,Mode: NORMAL. V_pcc: 0.951,1
2026-01-01T16:37:35Z,GRID_PASS,100.0,90.93333333333403,Mode: NORMAL. V_pcc: 0.951,1
2026-01-01T16:37:40Z,GRID_PASS,100.0,90.93333333333403,Mode: NORMAL. V_pcc: 0.951,1
2026-01-01T16:37:45Z,GRID_PASS,100.0,90.93333333333403,Mode: NORMAL. V_pcc: 0.951,1
2026-01-01T16:37:50Z,GRID_PASS,100.0,90.93333333333403,Mode: NORMAL. V_pcc: 0.951,1
2026-01-01T16:37:55Z,GRID_PASS,100.0,90.93333333333403,Mode: NORMAL. V_pcc: 0.951,1
2026-01-01T16:38:00Z,GRID_PASS,100.0,90.93333333333403,Mode: NORMAL. V_pcc: 0.951,1
2026-01-01T16:38:05Z,GRID_PASS,100.0,90.93333333333403,Mode: NORMAL. V_pcc: 0.951,1
2026-01-01T16:38:10Z,GRID_PASS,100.0,90.93333333333403,Mode: NORMAL. V_pcc: 0.951,1
2026-01-01T16:38:15Z,GRID_PASS,100.0,90.93333333333403,Mode: NORMAL. V_pcc: 0.951,1
2026-01-01T16:38:20Z,GRID_PASS,100.0,90.93333333333403,Mode: NORMAL. V_pcc: 0.951,1
2026-01-01T16:38:25Z,GRID_PASS,100.0,90.93333333333403,Mode: NORMAL. V_pcc: 0.951,1
2026-01-01T16:38:30Z,GRID_PASS,100.0,90.93333333333403,Mode: NORMAL. V_pcc: 0.951,1
2026-01-01T16:38:35Z,GRID_PASS,100.0,90.93333333333403,Mode: NORMAL. V_pcc: 0.951,1
2026-01-01T16:38:40Z,GRID_PASS,100.0,90.93333333333403,Mode: NORMAL. V_pcc: 0.951,1
2026-01-01T16:38:45Z,GRID_PASS,100.0,90.93333333333403,Mode: NORMAL. V_pcc: 0.951,1
2026-01-01T16:38:50Z,GRID_PASS,100.0,90.93333333333403,Mode: NORMAL. V_pcc: 0.951,1
2026-01-01T16:38:55Z,GRID_PASS,100.0,90.93333333333403,Mode: NORMAL. V_pcc: 0.951,1
2026-01-01T16:39:00Z,GRID_PASS,100.0,90.93333333333403,Mode: NORMAL. V_pcc: 0.951,1
2026-01-01T16:39:05Z,GRID_PASS,100.0,90.93333333333403,Mode: NORMAL. V_pcc: 0.951,1
2026-01-01T16:39:10Z,GRID_PASS,100.0,90.93333333333403,Mode: NORMAL. V_pcc: 0.951,1
2026-01-01T16:39:15Z,GRID_PASS,100.0,90.93333333333403,Mode: NORMAL. V_pcc: 0.951,1
2026-01-01T16:39:20Z,GRID_PASS,100.0,90.93333333333403,Mode: NORMAL. V_pcc: 0.951,1
2026-01-01T16:39:25Z,GRID_PASS,100.0,90.93333333333403,Mode: NORMAL. V_pcc: 0.951,1
2026-01-01T16:39:30Z,GRID_PASS,100.0,90.93333333333403,Mode: NORMAL. V_pcc: 0.951,1
2026-01-01T16:39:35Z,GRID_PASS,100.0,90.93333333333403,Mode: NORMAL. V_pcc: 0.951,1
2026-01-01T16:39:40Z,GRID_PASS,100.0,90.93333333333403,Mode: NORMAL. V_pcc: 0.951,1
2026-01-01T16:39:45Z,GRID_PASS,100.0,90.93333333333403,Mode: NORMAL. V_pcc: 0.951,1
2026-01-01T16:39:50Z,GRID_PASS,100.0,90.93333333333403,Mode: NORMAL. V_pcc: 0.951,1
2026-01-01T16:39:55Z,GRID_PASS,100.0,90.93333333333403,Mode: NORMAL. V_pcc: 0.951,1
2026-01-01T16:40:00Z,GRID_PASS,100.0,90.93333333333403,Mode: NORMAL. V_pcc: 0.951,1
2026-01-01T16:40:05Z,GRID_PASS,100.0,90.93333333333403,Mode: NORMAL. V_pcc: 0.951,1
2026-01-01T16:40:10Z,GRID_PASS,100.0,90.93333333333403,Mode: NORMAL. V_pcc: 0.951,1
2026-01-01T16:40:15Z,GRID_PASS,100.0,90.93333333333403,Mode: NORMAL. V_pcc: 0.951,1
2026-01-01T16:40:20Z,GRID_PASS,100.0,90.93333333333403,Mode: NORMAL. V_pcc: 0.951,1
2026-01-01T16:40:25Z,GRID_PASS,100.0,90.93333333333403,Mode: NORMAL. V_pcc: 0.951,1
2026-01-01T16:40:30Z,GRID_PASS,100.0,90.93333333333403,Mode: NORMAL. V_pcc: 0.951,1
2026-01-01T16:40:35Z,GRID_PASS,100.0,90.93333333333403,Mode: NORMAL. V_pcc: 0.951,1
2026-01-01T16:40:40Z,GRID_PASS,100.0,90.93333333333403,Mode: NORMAL. V_pcc: 0.951,1
2026-01-01T16:40:45Z,GRID_PASS,100.0,90.93333333333403,Mode: NORMAL. V_pcc: 0.951,1
2026-01-01T16:40:50Z,GRID_PASS,100.0,90.93333333333403,Mode: NORMAL. V_pcc: 0.951,1
2026-01-01T16:40:55Z,GRID_PASS,100.0,90.93333333333403,Mode: NORMAL. V_pcc: 0.951,1
2026-01-01T16:41:00Z,GRID_PASS,100.0,90.93333333333403,Mode: NORMAL. V_pcc: 0.951,1
2026-01-01T16:41:05Z,GRID_PASS,100.0,90.93333333333403,Mode: NORMAL. V_pcc: 0.951,1
2026-01-01T16:41:10Z,GRID_PASS,100.0,90.93333333333403,Mode: NORMAL. V_pcc: 0.951,1
2026-01-01T16:41:15Z,GRID_PASS,100.0,90.93333333333403,Mode: NORMAL. V_pcc: 0.951,1
2026-01-01T16:41:20Z,GRID_PASS,100.0,90.93333333333403,Mode: NORMAL. V_pcc: 0.951,1
2026-01-01T16:41:25Z,GRID_PASS,100.0,90.93333333333403,Mode: NORMAL. V_pcc: 0.951,1
2026-01-01T16:41:30Z,GRID_PASS,100.0,90.93333333333403,Mode: NORMAL. V_pcc: 0.951,1
2026-01-01T16:41:35Z,GRID_PASS,100.0,90.93333333333403,Mode: NORMAL. V_pcc: 0.951,1
2026-01-01T16:41:40Z,GRID_PASS,100.0,90.93333333333403,Mode: NORMAL. V_pcc: 0.951,1
2026-01-01T16:41:45Z,GRID_PASS,100.0,90.93333333333403,Mode: NORMAL. V_pcc: 0.951,1
2026-01-01T16:41:50Z,GRID_PASS,100.0,90.93333333333403,Mode: NORMAL. V_pcc: 0.951,1
2026-01-01T16:41:55Z,GRID_PASS,100.0,90.93333333333403,Mode: NORMAL. V_pcc: 0.951,1
2026-01-01T16:42:00Z,GRID_PASS,100.0,90.93333333333403,Mode: NORMAL. V_pcc: 0.951,1
2026-01-01T16:42:05Z,GRID_PASS,100.0,90.93333333333403,Mode: NORMAL. V_pcc: 0.950,1
2026-01-01T16:42:10Z,GRID_PASS,100.0,90.93333333333403,Mode: NORMAL. V_pcc: 0.950,1
2026-01-01T16:42:15Z,GRID_PASS,100.0,90.93333333333403,Mode: NORMAL. V_pcc: 0.950,1
2026-01-01T16:42:20Z,GRID_PASS,100.0,90.93333333333403,Mode: NORMAL. V_pcc: 0.950,1
2026-01-01T16:42:25Z,GRID_PASS,100.0,90.93333333333403,Mode: NORMAL. V_pcc: 0.950,1
2026-01-01T16:42:30Z,GRID_PASS,100.0,90.93333333333403,Mode: NORMAL. V_pcc: 0.950,1
2026-01-01T16:42:35Z,GRID_PASS,100.0,90.93333333333403,Mode: NORMAL. V_pcc: 0.950,1
2026-01-01T16:42:40Z,GRID_PASS,100.0,90.93333333333403,Mode: NORMAL. V_pcc: 0.950,1
2026-01-01T16:42:45Z,GRID_PASS,100.0,90.93333333333403,Mode: NORMAL. V_pcc: 0.950,1
2026-01-01T16:42:50Z,GRID_PASS,100.0,90.93333333333403,Mode: NORMAL. V_pcc: 0.950,1
2026-01-01T16:42:55Z,GRID_PASS,100.0,90.93333333333403,Mode: NORMAL. V_pcc: 0.950,1
2026-01-01T16:43:00Z,GRID_PASS,100.0,90.93333333333403,Mode: NORMAL. V_pcc: 0.950,1
2026-01-01T16:43:05Z,GRID_PASS,100.0,90.93333333333403,Mode: NORMAL. V_pcc: 0.950,1
2026-01-01T16:43:10Z,GRID_PASS,100.0,90.93333333333403,Mode: NORMAL. V_pcc: 0.950,1
2026-01-01T16:43:15Z,GRID_PASS,100.0,90.93333333333403,Mode: NORMAL. V_pcc: 0.950,1
2026-01-01T16:43:20Z,GRID_PASS,100.0,90.93333333333403,Mode: NORMAL. V_pcc: 0.950,1
2026-01-01T16:43:25Z,GRID_PASS,100.0,90.93333333333403,Mode: NORMAL. V_pcc: 0.950,1
2026-01-01T16:43:30Z,GRID_PASS,100.0,90.93333333333403,Mode: NORMAL. V_pcc: 0.950,1
2026-01-01T16:43:35Z,GRID_PASS,100.0,90.93333333333403,Mode: NORMAL. V_pcc: 0.950,1
2026-01-01T16:43:40Z,GRID_PASS,100.0,90.93333333333403,Mode: NORMAL. V_pcc: 0.950,1
2026-01-01T16:43:45Z,GRID_PASS,100.0,90.93333333333403,Mode: NORMAL. V_pcc: 0.950,1
2026-01-01T16:43:50Z,GRID_PASS,100.0,90.93333333333403,Mode: NORMAL. V_pcc: 0.950,1
2026-01-01T16:43:55Z,GRID_PASS,100.0,90.93333333333403,Mode: NORMAL. V_pcc: 0.950,1
2026-01-01T16:44:00Z,GRID_PASS,100.0,90.93333333333403,Mode: NORMAL. V_pcc: 0.950,1
2026-01-01T16:44:05Z,GRID_PASS,100.0,90.93333333333403,Mode: NORMAL. V_pcc: 0.950,1
2026-01-01T16:44:10Z,GRID_PASS,100.0,90.93333333333403,Mode: NORMAL. V_pcc: 0.950,1
2026-01-01T16:44:15Z,GRID_PASS,100.0,90.93333333333403,Mode: NORMAL. V_pcc: 0.950,1
2026-01-01T16:44:20Z,GRID_PASS,100.0,90.93333333333403,Mode: NORMAL. V_pcc: 0.950,1
2026-01-01T16:44:25Z,GRID_PASS,100.0,90.93333333333403,Mode: NORMAL. V_pcc: 0.950,1
2026-01-01T16:44:30Z,GRID_PASS,100.0,90.93333333333403,Mode: NORMAL. V_pcc: 0.950,1
2026-01-01T16:44:35Z,GRID_PASS,100.0,90.93333333333403,Mode: NORMAL. V_pcc: 0.950,1
2026-01-01T16:44:40Z,GRID_PASS,100.0,90.93333333333403,Mode: NORMAL. V_pcc: 0.950,1
2026-01-01T16:44:45Z,GRID_PASS,100.0,90.93333333333403,Mode: NORMAL. V_pcc: 0.950,1
2026-01-01T16:44:50Z,GRID_PASS,100.0,90.93333333333403,Mode: NORMAL. V_pcc: 0.950,1
2026-01-01T16:44:55Z,GRID_PASS,100.0,90.93333333333403,Mode: NORMAL. V_pcc: 0.950,1
2026-01-01T16:45:00Z,GRID_PASS,100.0,90.93333333333403,Mode: NORMAL. V_pcc: 0.950,1
2026-01-01T16:45:05Z,GRID_PASS,100.0,90.93333333333403,Mode: NORMAL. V_pcc: 0.950,1
2026-01-01T16:45:10Z,GRID_PASS,100.0,90.93333333333403,Mode: NORMAL. V_pcc: 0.950,1
2026-01-01T16:45:15Z,GRID_PASS,100.0,90.93333333333403,Mode: NORMAL. V_pcc: 0.950,1
2026-01-01T16:45:20Z,GRID_PASS,100.0,90.93333333333403,Mode: NORMAL. V_pcc: 0.950,1
2026-01-01T16:45:25Z,GRID_PASS,100.0,90.93333333333403,Mode: NORMAL. V_pcc: 0.950,1
2026-01-01T16:45:30Z,GRID_PASS,100.0,90.93333333333403,Mode: NORMAL. V_pcc: 0.950,1
2026-01-01T16:45:35Z,GRID_PASS,100.0,90.93333333333403,Mode: NORMAL. V_pcc: 0.950,1
2026-01-01T16:45:40Z,GRID_PASS,100.0,90.93333333333403,Mode: NORMAL. V_pcc: 0.950,1
2026-01-01T16:45:45Z,GRID_PASS,100.0,90.93333333333403,Mode: NORMAL. V_pcc: 0.950,1
2026-01-01T16:45:50Z,GRID_PASS,100.0,90.93333333333403,Mode: NORMAL. V_pcc: 0.950,1
2026-01-01T16:45:55Z,GRID_PASS,100.0,90.93333333333403,Mode: NORMAL. V_pcc: 0.950,1
2026-01-01T16:46:00Z,GRID_PASS,100.0,90.93333333333403,Mode: NORMAL. V_pcc: 0.950,1
2026-01-01T16:46:05Z,GRID_PASS,100.0,90.93333333333403,Mode: NORMAL. V_pcc: 0.950,1
2026-01-01T16:46:10Z,GRID_PASS,100.0,90.93333333333403,Mode: NORMAL. V_pcc: 0.950,1
2026-01-01T16:46:15Z,GRID_PASS,100.0,90.93333333333403,Mode: NORMAL. V_pcc: 0.950,1
2026-01-01T16:46:20Z,GRID_PASS,100.0,90.93333333333403,Mode: NORMAL. V_pcc: 0.950,1
2026-01-01T16:46:25Z,GRID_PASS,100.0,90.93333333333403,Mode: NORMAL. V_pcc: 0.950,1
2026-01-01T16:46:30Z,GRID_PASS,100.0,90.93333333333403,Mode: NORMAL. V_pcc: 0.950,1
2026-01-01T16:46:35Z,GRID_PASS,100.0,90.93333333333403,Mode: NORMAL. V_pcc: 0.950,1
2026-01-01T16:46:40Z,GRID_PASS,100.0,90.93333333333403,Mode: NORMAL. V_pcc: 0.950,1
2026-01-01T16:46:45Z,GRID_PASS,100.0,90.93333333333403,Mode: NORMAL. V_pcc: 0.950,1
2026-01-01T16:46:50Z,GRID_PASS,100.0,90.93333333333403,Mode: NORMAL. V_pcc: 0.950,1
2026-01-01T16:46:55Z,GRID_PASS,100.0,90.93333333333403,Mode: NORMAL. V_pcc: 0.950,1
2026-01-01T16:47:00Z,GRID_PASS,100.0,90.93333333333403,Mode: NORMAL. V_pcc: 0.950,1
2026-01-01T16:47:05Z,GRID_PASS,100.0,90.93333333333403,Mode: NORMAL. V_pcc: 0.949,1
2026-01-01T16:47:10Z,GRID_PASS,100.0,90.93333333333403,Mode: NORMAL. V_pcc: 0.949,1
2026-01-01T16:47:15Z,GRID_PASS,100.0,90.93333333333403,Mode: NORMAL. V_pcc: 0.949,1
2026-01-01T16:47:20Z,GRID_PASS,100.0,90.93333333333403,Mode: NORMAL. V_pcc: 0.949,1
2026-01-01T16:47:25Z,GRID_PASS,100.0,90.93333333333403,Mode: NORMAL. V_pcc: 0.949,1
2026-01-01T16:47:30Z,GRID_PASS,100.0,90.93333333333403,Mode: NORMAL. V_pcc: 0.949,1
2026-01-01T16:47:35Z,GRID_PASS,100.0,90.93333333333403,Mode: NORMAL. V_pcc: 0.949,1
2026-01-01T16:47:40Z,GRID_PASS,100.0,90.93333333333403,Mode: NORMAL. V_pcc: 0.949,1
2026-01-01T16:47:45Z,GRID_PASS,100.0,90.93333333333403,Mode: NORMAL. V_pcc: 0.949,1
2026-01-01T16:47:50Z,GRID_PASS,100.0,90.93333333333403,Mode: NORMAL. V_pcc: 0.949,1
2026-01-01T16:47:55Z,GRID_PASS,100.0,90.93333333333403,Mode: NORMAL. V_pcc: 0.949,1
2026-01-01T16:48:00Z,GRID_PASS,100.0,90.93333333333403,Mode: NORMAL. V_pcc: 0.949,1
2026-01-01T16:48:05Z,GRID_PASS,100.0,90.93333333333403,Mode: NORMAL. V_pcc: 0.949,1
2026-01-01T16:48:10Z,GRID_PASS,100.0,90.93333333333403,Mode: NORMAL. V_pcc: 0.949,1
2026-01-01T16:48:15Z,GRID_PASS,100.0,90.93333333333403,Mode: NORMAL. V_pcc: 0.949,1
2026-01-01T16:48:20Z,GRID_PASS,100.0,90.93333333333403,Mode: NORMAL. V_pcc: 0.949,1
2026-01-01T16:48:25Z,GRID_PASS,100.0,90.93333333333403,Mode: NORMAL. V_pcc: 0.949,1
2026-01-01T16:48:30Z,GRID_PASS,100.0,90.93333333333403,Mode: NORMAL. V_pcc: 0.949,1
2026-01-01T16:48:35Z,GRID_PASS,100.0,90.93333333333403,Mode: NORMAL. V_pcc: 0.949,1
2026-01-01T16:48:40Z,GRID_PASS,100.0,90.93333333333403,Mode: NORMAL. V_pcc: 0.949,1
2026-01-01T16:48:45Z,GRID_PASS,100.0,90.93333333333403,Mode: NORMAL. V_pcc: 0.949,1
2026-01-01T16:48:50Z,GRID_PASS,100.0,90.93333333333403,Mode: NORMAL. V_pcc: 0.949,1
2026-01-01T16:48:55Z,GRID_PASS,100.0,90.93333333333403,Mode: NORMAL. V_pcc: 0.949,1
2026-01-01T16:49:00Z,GRID_PASS,100.0,90.93333333333403,Mode: NORMAL. V_pcc: 0.949,1
2026-01-01T16:49:05Z,GRID_PASS,100.0,90.93333333333403,Mode: NORMAL. V_pcc: 0.949,1
2026-01-01T16:49:10Z,GRID_PASS,100.0,90.93333333333403,Mode: NORMAL. V_pcc: 0.949,1
2026-01-01T16:49:15Z,GRID_PASS,100.0,90.93333333333403,Mode: NORMAL. V_pcc: 0.949,1
2026-01-01T16:49:20Z,GRID_PASS,100.0,90.93333333333403,Mode: NORMAL. V_pcc: 0.949,1
2026-01-01T16:49:25Z,GRID_PASS,100.0,90.93333333333403,Mode: NORMAL. V_pcc: 0.949,1
2026-01-01T16:49:30Z,GRID_PASS,100.0,90.93333333333403,Mode: NORMAL. V_pcc: 0.949,1
2026-01-01T16:49:35Z,GRID_PASS,100.0,90.93333333333403,Mode: NORMAL. V_pcc: 0.949,1
2026-01-01T16:49:40Z,GRID_PASS,100.0,90.93333333333403,Mode: NORMAL. V_pcc: 0.949,1
2026-01-01T16:49:45Z,GRID_PASS,100.0,90.93333333333403,Mode: NORMAL. V_pcc: 0.949,1
2026-01-01T16:49:50Z,GRID_PASS,100.0,90.93333333333403,Mode: NORMAL. V_pcc: 0.949,1
2026-01-01T16:49:55Z,GRID_PASS,100.0,90.93333333333403,Mode: NORMAL. V_pcc: 0.949,1
2026-01-01T16:50:00Z,GRID_PASS,100.0,90.93333333333403,Mode: NORMAL. V_pcc: 0.949,1
2026-01-01T16:50:05Z,GRID_PASS,100.0,90.93333333333403,Mode: NORMAL. V_pcc: 0.949,1
2026-01-01T16:50:10Z,GRID_PASS,100.0,90.93333333333403,Mode: NORMAL. V_pcc: 0.949,1
2026-01-01T16:50:15Z,GRID_PASS,100.0,90.93333333333403,Mode: NORMAL. V_pcc: 0.949,1
2026-01-01T16:50:20Z,GRID_PASS,100.0,90.93333333333403,Mode: NORMAL. V_pcc: 0.949,1
2026-01-01T16:50:25Z,GRID_PASS,100.0,90.93333333333403,Mode: NORMAL. V_pcc: 0.949,1
2026-01-01T16:50:30Z,GRID_PASS,100.0,90.93333333333403,Mode: NORMAL. V_pcc: 0.949,1
2026-01-01T16:50:35Z,GRID_PASS,100.0,90.93333333333403,Mode: NORMAL. V_pcc: 0.949,1
2026-01-01T16:50:40Z,GRID_PASS,100.0,90.93333333333403,Mode: NORMAL. V_pcc: 0.949,1
2026-01-01T16:50:45Z,GRID_PASS,100.0,90.93333333333403,Mode: NORMAL. V_pcc: 0.949,1
2026-01-01T16:50:50Z,GRID_PASS,100.0,90.93333333333403,Mode: NORMAL. V_pcc: 0.949,1
2026-01-01T16:50:55Z,GRID_PASS,100.0,90.93333333333403,Mode: NORMAL. V_pcc: 0.949,1
2026-01-01T16:51:00Z,GRID_PASS,100.0,90.93333333333403,Mode: NORMAL. V_pcc: 0.949,1
2026-01-01T16:51:05Z,GRID_PASS,100.0,90.93333333333403,Mode: NORMAL. V_pcc: 0.948,1
2026-01-01T16:51:10Z,GRID_PASS,100.0,90.93333333333403,Mode: NORMAL. V_pcc: 0.948,1
2026-01-01T16:51:15Z,GRID_PASS,100.0,90.93333333333403,Mode: NORMAL. V_pcc: 0.948,1
2026-01-01T16:51:20Z,GRID_PASS,100.0,90.93333333333403,Mode: NORMAL. V_pcc: 0.948,1
2026-01-01T16:51:25Z,GRID_PASS,100.0,90.93333333333403,Mode: NORMAL. V_pcc: 0.948,1
2026-01-01T16:51:30Z,GRID_PASS,100.0,90.93333333333403,Mode: NORMAL. V_pcc: 0.948,1
2026-01-01T16:51:35Z,GRID_PASS,100.0,90.93333333333403,Mode: NORMAL. V_pcc: 0.948,1
2026-01-01T16:51:40Z,GRID_PASS,100.0,90.93333333333403,Mode: NORMAL. V_pcc: 0.948,1
2026-01-01T16:51:45Z,GRID_PASS,100.0,90.93333333333403,Mode: NORMAL. V_pcc: 0.948,1
2026-01-01T16:51:50Z,GRID_PASS,100.0,90.93333333333403,Mode: NORMAL. V_pcc: 0.948,1
2026-01-01T16:51:55Z,GRID_PASS,100.0,90.93333333333403,Mode: NORMAL. V_pcc: 0.948,1
2026-01-01T16:52:00Z,GRID_PASS,100.0,90.93333333333403,Mode: NORMAL. V_pcc: 0.948,1
2026-01-01T16:52:05Z,GRID_PASS,100.0,90.93333333333403,Mode: NORMAL. V_pcc: 0.948,1
2026-01-01T16:52:10Z,GRID_PASS,100.0,90.93333333333403,Mode: NORMAL. V_pcc: 0.948,1
2026-01-01T16:52:15Z,GRID_PASS,100.0,90.93333333333403,Mode: NORMAL. V_pcc: 0.948,1
2026-01-01T16:52:20Z,GRID_PASS,100.0,90.93333333333403,Mode: NORMAL. V_pcc: 0.948,1
2026-01-01T16:52:25Z,GRID_PASS,100.0,90.93333333333403,Mode: NORMAL. V_pcc: 0.948,1
2026-01-01T16:52:30Z,GRID_PASS,100.0,90.93333333333403,Mode: NORMAL. V_pcc: 0.948,1
2026-01-01T16:52:35Z,GRID_PASS,100.0,90.93333333333403,Mode: NORMAL. V_pcc: 0.948,1
2026-01-01T16:52:40Z,GRID_PASS,100.0,90.93333333333403,Mode: NORMAL. V_pcc: 0.948,1
2026-01-01T16:52:45Z,GRID_PASS,100.0,90.93333333333403,Mode: NORMAL. V_pcc: 0.948,1
2026-01-01T16:52:50Z,GRID_PASS,100.0,90.93333333333403,Mode: NORMAL. V_pcc: 0.948,1
2026-01-01T16:52:55Z,GRID_PASS,100.0,90.93333333333403,Mode: NORMAL. V_pcc: 0.948,1
2026-01-01T16:53:00Z,GRID_PASS,100.0,90.93333333333403,Mode: NORMAL. V_pcc: 0.948,1
2026-01-01T16:53:05Z,GRID_PASS,100.0,90.93333333333403,Mode: NORMAL. V_pcc: 0.948,1
2026-01-01T16:53:10Z,GRID_PASS,100.0,90.93333333333403,Mode: NORMAL. V_pcc: 0.948,1
2026-01-01T16:53:15Z,GRID_PASS,100.0,90.93333333333403,Mode: NORMAL. V_pcc: 0.948,1
2026-01-01T16:53:20Z,GRID_PASS,100.0,90.93333333333403,Mode: NORMAL. V_pcc: 0.948,1
2026-01-01T16:53:25Z,GRID_PASS,100.0,90.93333333333403,Mode: NORMAL. V_pcc: 0.948,1
2026-01-01T16:53:30Z,GRID_PASS,100.0,90.93333333333403,Mode: NORMAL. V_pcc: 0.948,1
2026-01-01T16:53:35Z,GRID_PASS,100.0,90.93333333333403,Mode: NORMAL. V_pcc: 0.948,1
2026-01-01T16:53:40Z,GRID_PASS,100.0,90.93333333333403,Mode: NORMAL. V_pcc: 0.948,1
2026-01-01T16:53:45Z,GRID_PASS,100.0,90.93333333333403,Mode: NORMAL. V_pcc: 0.948,1
2026-01-01T16:53:50Z,GRID_PASS,100.0,90.93333333333403,Mode: NORMAL. V_pcc: 0.948,1
2026-01-01T16:53:55Z,GRID_PASS,100.0,90.93333333333403,Mode: NORMAL. V_pcc: 0.948,1
2026-01-01T16:54:00Z,GRID_PASS,100.0,90.93333333333403,Mode: NORMAL. V_pcc: 0.948,1
2026-01-01T16:54:05Z,GRID_PASS,100.0,90.93333333333403,Mode: NORMAL. V_pcc: 0.948,1
2026-01-01T16:54:10Z,GRID_PASS,100.0,90.93333333333403,Mode: NORMAL. V_pcc: 0.948,1
2026-01-01T16:54:15Z,GRID_PASS,100.0,90.93333333333403,Mode: NORMAL. V_pcc: 0.948,1
2026-01-01T16:54:20Z,GRID_PASS,100.0,90.93333333333403,Mode: NORMAL. V_pcc: 0.948,1
2026-01-01T16:54:25Z,GRID_PASS,100.0,90.93333333333403,Mode: NORMAL. V_pcc: 0.948,1
2026-01-01T16:54:30Z,GRID_PASS,100.0,90.93333333333403,Mode: NORMAL. V_pcc: 0.948,1
2026-01-01T16:54:35Z,GRID_PASS,100.0,90.93333333333403,Mode: NORMAL. V_pcc: 0.948,1
2026-01-01T16:54:40Z,GRID_PASS,100.0,90.93333333333403,Mode: NORMAL. V_pcc: 0.948,1
2026-01-01T16:54:45Z,GRID_PASS,100.0,90.93333333333403,Mode: NORMAL. V_pcc: 0.948,1
2026-01-01T16:54:50Z,GRID_PASS,100.0,90.93333333333403,Mode: NORMAL. V_pcc: 0.948,1
2026-01-01T16:54:55Z,GRID_PASS,100.0,90.93333333333403,Mode: NORMAL. V_pcc: 0.948,1
2026-01-01T16:55:00Z,GRID_PASS,100.0,90.93333333333403,Mode: NORMAL. V_pcc: 0.948,1
2026-01-01T16:55:05Z,GRID_PASS,100.0,90.93333333333403,Mode: NORMAL. V_pcc: 0.947,1
2026-01-01T16:55:10Z,GRID_PASS,100.0,90.93333333333403,Mode: NORMAL. V_pcc: 0.947,1
2026-01-01T16:55:15Z,GRID_PASS,100.0,90.93333333333403,Mode: NORMAL. V_pcc: 0.947,1
2026-01-01T16:55:20Z,GRID_PASS,100.0,90.93333333333403,Mode: NORMAL. V_pcc: 0.947,1
2026-01-01T16:55:25Z,GRID_PASS,100.0,90.93333333333403,Mode: NORMAL. V_pcc: 0.947,1
2026-01-01T16:55:30Z,GRID_PASS,100.0,90.93333333333403,Mode: NORMAL. V_pcc: 0.947,1
2026-01-01T16:55:35Z,GRID_PASS,100.0,90.93333333333403,Mode: NORMAL. V_pcc: 0.947,1
2026-01-01T16:55:40Z,GRID_PASS,100.0,90.93333333333403,Mode: NORMAL. V_pcc: 0.947,1
2026-01-01T16:55:45Z,GRID_PASS,100.0,90.93333333333403,Mode: NORMAL. V_pcc: 0.947,1
2026-01-01T16:55:50Z,GRID_PASS,100.0,90.93333333333403,Mode: NORMAL. V_pcc: 0.947,1
2026-01-01T16:55:55Z,GRID_PASS,100.0,90.93333333333403,Mode: NORMAL. V_pcc: 0.947,1
2026-01-01T16:56:00Z,GRID_PASS,100.0,90.93333333333403,Mode: NORMAL. V_pcc: 0.947,1
2026-01-01T16:56:05Z,GRID_PASS,100.0,90.93333333333403,Mode: NORMAL. V_pcc: 0.947,1
2026-01-01T16:56:10Z,GRID_PASS,100.0,90.93333333333403,Mode: NORMAL. V_pcc: 0.947,1
2026-01-01T16:56:15Z,GRID_PASS,100.0,90.93333333333403,Mode: NORMAL. V_pcc: 0.947,1
2026-01-01T16:56:20Z,GRID_PASS,100.0,90.93333333333403,Mode: NORMAL. V_pcc: 0.947,1
2026-01-01T16:56:25Z,GRID_PASS,100.0,90.93333333333403,Mode: NORMAL. V_pcc: 0.947,1
2026-01-01T16:56:30Z,GRID_PASS,100.0,90.93333333333403,Mode: NORMAL. V_pcc: 0.947,1
2026-01-01T16:56:35Z,GRID_PASS,100.0,90.93333333333403,Mode: NORMAL. V_pcc: 0.947,1
2026-01-01T16:56:40Z,GRID_PASS,100.0,90.93333333333403,Mode: NORMAL. V_pcc: 0.947,1
2026-01-01T16:56:45Z,GRID_PASS,100.0,90.93333333333403,Mode: NORMAL. V_pcc: 0.947,1
2026-01-01T16:56:50Z,GRID_PASS,100.0,90.93333333333403,Mode: NORMAL. V_pcc: 0.947,1
2026-01-01T16:56:55Z,GRID_PASS,100.0,90.93333333333403,Mode: NORMAL. V_pcc: 0.947,1
2026-01-01T16:57:00Z,GRID_PASS,100.0,90.93333333333403,Mode: NORMAL. V_pcc: 0.947,1
2026-01-01T16:57:05Z,GRID_PASS,100.0,90.93333333333403,Mode: NORMAL. V_pcc: 0.947,1
2026-01-01T16:57:10Z,GRID_PASS,100.0,90.93333333333403,Mode: NORMAL. V_pcc: 0.947,1
2026-01-01T16:57:15Z,GRID_PASS,100.0,90.93333333333403,Mode: NORMAL. V_pcc: 0.947,1
2026-01-01T16:57:20Z,GRID_PASS,100.0,90.93333333333403,Mode: NORMAL. V_pcc: 0.947,1
2026-01-01T16:57:25Z,GRID_PASS,100.0,90.93333333333403,Mode: NORMAL. V_pcc: 0.947,1
2026-01-01T16:57:30Z,GRID_PASS,100.0,90.93333333333403,Mode: NORMAL. V_pcc: 0.947,1
2026-01-01T16:57:35Z,GRID_PASS,100.0,90.93333333333403,Mode: NORMAL. V_pcc: 0.947,1
2026-01-01T16:57:40Z,GRID_PASS,100.0,90.93333333333403,Mode: NORMAL. V_pcc: 0.947,1
2026-01-01T16:57:45Z,GRID_PASS,100.0,90.93333333333403,Mode: NORMAL. V_pcc: 0.947,1
2026-01-01T16:57:50Z,GRID_PASS,100.0,90.93333333333403,Mode: NORMAL. V_pcc: 0.947,1
2026-01-01T16:57:55Z,GRID_PASS,100.0,90.93333333333403,Mode: NORMAL. V_pcc: 0.947,1
2026-01-01T16:58:00Z,GRID_PASS,100.0,90.93333333333403,Mode: NORMAL. V_pcc: 0.947,1
2026-01-01T16:58:05Z,GRID_PASS,100.0,90.93333333333403,Mode: NORMAL. V_pcc: 0.947,1
2026-01-01T16:58:10Z,GRID_PASS,100.0,90.93333333333403,Mode: NORMAL. V_pcc: 0.947,1
2026-01-01T16:58:15Z,GRID_PASS,100.0,90.93333333333403,Mode: NORMAL. V_pcc: 0.947,1
2026-01-01T16:58:20Z,GRID_PASS,100.0,90.93333333333403,Mode: NORMAL. V_pcc: 0.947,1
2026-01-01T16:58:25Z,GRID_PASS,100.0,90.93333333333403,Mode: NORMAL. V_pcc: 0.947,1
2026-01-01T16:58:30Z,GRID_PASS,100.0,90.93333333333403,Mode: NORMAL. V_pcc: 0.947,1
2026-01-01T16:58:35Z,GRID_PASS,100.0,90.93333333333403,Mode: NORMAL. V_pcc: 0.947,1
2026-01-01T16:58:40Z,GRID_PASS,100.0,90.93333333333403,Mode: NORMAL. V_pcc: 0.947,1
2026-01-01T16:58:45Z,GRID_PASS,100.0,90.93333333333403,Mode: NORMAL. V_pcc: 0.947,1
2026-01-01T16:58:50Z,GRID_PASS,100.0,90.93333333333403,Mode: NORMAL. V_pcc: 0.947,1
2026-01-01T16:58:55Z,GRID_PASS,100.0,90.93333333333403,Mode: NORMAL. V_pcc: 0.947,1
2026-01-01T16:59:00Z,GRID_PASS,100.0,90.93333333333403,Mode: NORMAL. V_pcc: 0.947,1
2026-01-01T16:59:05Z,GRID_PASS,100.0,90.93333333333403,Mode: NORMAL. V_pcc: 0.946,1
2026-01-01T16:59:10Z,GRID_PASS,100.0,90.93333333333403,Mode: NORMAL. V_pcc: 0.946,1
2026-01-01T16:59:15Z,GRID_PASS,100.0,90.93333333333403,Mode: NORMAL. V_pcc: 0.946,1
2026-01-01T16:59:20Z,GRID_PASS,100.0,90.93333333333403,Mode: NORMAL. V_pcc: 0.946,1
2026-01-01T16:59:25Z,GRID_PASS,100.0,90.93333333333403,Mode: NORMAL. V_pcc: 0.946,1
2026-01-01T16:59:30Z,GRID_PASS,100.0,90.93333333333403,Mode: NORMAL. V_pcc: 0.946,1
2026-01-01T16:59:35Z,GRID_PASS,100.0,90.93333333333403,Mode: NORMAL. V_pcc: 0.946,1
2026-01-01T16:59:40Z,GRID_PASS,100.0,90.93333333333403,Mode: NORMAL. V_pcc: 0.946,1
2026-01-01T16:59:45Z,GRID_PASS,100.0,90.93333333333403,Mode: NORMAL. V_pcc: 0.946,1
2026-01-01T16:59:50Z,GRID_PASS,100.0,90.93333333333403,Mode: NORMAL. V_pcc: 0.946,1
2026-01-01T16:59:55Z,GRID_PASS,100.0,90.93333333333403,Mode: NORMAL. V_pcc: 0.946,1
2026-01-01T17:00:00Z,GRID_PASS,100.0,90.93333333333403,Mode: NORMAL. V_pcc: 0.946,1
2026-01-01T17:00:05Z,GRID_PASS,100.0,90.93333333333403,Mode: NORMAL. V_pcc: 0.946,1
2026-01-01T17:00:10Z,GRID_PASS,100.0,90.93333333333403,Mode: NORMAL. V_pcc: 0.944,1
2026-01-01T17:00:15Z,GRID_PASS,100.0,90.93333333333403,Mode: NORMAL. V_pcc: 0.944,1
2026-01-01T17:00:20Z,GRID_PASS,100.0,90.93333333333403,Mode: NORMAL. V_pcc: 0.944,1
2026-01-01T17:00:25Z,GRID_PASS,100.0,90.93333333333403,Mode: NORMAL. V_pcc: 0.944,1
2026-01-01T17:00:30Z,GRID_PASS,100.0,90.93333333333403,Mode: NORMAL. V_pcc: 0.944,1
2026-01-01T17:00:35Z,GRID_PASS,100.0,90.93333333333403,Mode: NORMAL. V_pcc: 0.944,1
2026-01-01T17:00:40Z,GRID_PASS,100.0,90.93333333333403,Mode: NORMAL. V_pcc: 0.944,1
2026-01-01T17:00:45Z,GRID_PASS,100.0,90.93333333333403,Mode: NORMAL. V_pcc: 0.944,1
2026-01-01T17:00:50Z,GRID_PASS,100.0,90.93333333333403,Mode: NORMAL. V_pcc: 0.944,1
2026-01-01T17:00:55Z,GRID_PASS,100.0,90.93333333333403,Mode: NORMAL. V_pcc: 0.944,1
2026-01-01T17:01:00Z,GRID_PASS,100.0,90.93333333333403,Mode: NORMAL. V_pcc: 0.944,1
2026-01-01T17:01:05Z,GRID_PASS,100.0,90.93333333333403,Mode: NORMAL. V_pcc: 0.944,1
2026-01-01T17:01:10Z,GRID_PASS,100.0,90.93333333333403,Mode: NORMAL. V_pcc: 0.944,1
2026-01-01T17:01:15Z,GRID_PASS,100.0,90.93333333333403,Mode: NORMAL. V_pcc: 0.944,1
2026-01-01T17:01:20Z,GRID_PASS,100.0,90.93333333333403,Mode: NORMAL. V_pcc: 0.944,1
2026-01-01T17:01:25Z,GRID_PASS,100.0,90.93333333333403,Mode: NORMAL. V_pcc: 0.944,1
2026-01-01T17:01:30Z,GRID_PASS,100.0,90.93333333333403,Mode: NORMAL. V_pcc: 0.944,1
2026-01-01T17:01:35Z,GRID_PASS,100.0,90.93333333333403,Mode: NORMAL. V_pcc: 0.944,1
2026-01-01T17:01:40Z,GRID_PASS,100.0,90.93333333333403,Mode: NORMAL. V_pcc: 0.944,1
2026-01-01T17:01:45Z,GRID_PASS,100.0,90.93333333333403,Mode: NORMAL. V_pcc: 0.944,1
2026-01-01T17:01:50Z,GRID_PASS,100.0,90.93333333333403,Mode: NORMAL. V_pcc: 0.944,1
2026-01-01T17:01:55Z,GRID_PASS,100.0,90.93333333333403,Mode: NORMAL. V_pcc: 0.944,1
2026-01-01T17:02:00Z,GRID_PASS,100.0,90.93333333333403,Mode: NORMAL. V_pcc: 0.944,1
2026-01-01T17:02:05Z,GRID_PASS,100.0,90.93333333333403,Mode: NORMAL. V_pcc: 0.944,1
2026-01-01T17:02:10Z,GRID_PASS,100.0,90.93333333333403,Mode: NORMAL. V_pcc: 0.944,1
2026-01-01T17:02:15Z,GRID_PASS,100.0,90.93333333333403,Mode: NORMAL. V_pcc: 0.944,1
2026-01-01T17:02:20Z,GRID_PASS,100.0,90.93333333333403,Mode: NORMAL. V_pcc: 0.944,1
2026-01-01T17:02:25Z,GRID_PASS,100.0,90.93333333333403,Mode: NORMAL. V_pcc: 0.944,1
2026-01-01T17:02:30Z,GRID_PASS,100.0,90.93333333333403,Mode: NORMAL. V_pcc: 0.944,1
2026-01-01T17:02:35Z,GRID_PASS,100.0,90.93333333333403,Mode: NORMAL. V_pcc: 0.944,1
2026-01-01T17:02:40Z,GRID_PASS,100.0,90.93333333333403,Mode: NORMAL. V_pcc: 0.944,1
2026-01-01T17:02:45Z,GRID_PASS,100.0,90.93333333333403,Mode: NORMAL. V_pcc: 0.944,1
2026-01-01T17:02:50Z,GRID_PASS,100.0,90.93333333333403,Mode: NORMAL. V_pcc: 0.944,1
2026-01-01T17:02:55Z,GRID_PASS,100.0,90.93333333333403,Mode: NORMAL. V_pcc: 0.944,1
2026-01-01T17:03:00Z,GRID_PASS,100.0,90.93333333333403,Mode: NORMAL. V_pcc: 0.944,1
2026-01-01T17:03:05Z,GRID_PASS,100.0,90.93333333333403,Mode: NORMAL. V_pcc: 0.943,1
2026-01-01T17:03:10Z,GRID_PASS,100.0,90.93333333333403,Mode: NORMAL. V_pcc: 0.943,1
2026-01-01T17:03:15Z,GRID_PASS,100.0,90.93333333333403,Mode: NORMAL. V_pcc: 0.943,1
2026-01-01T17:03:20Z,GRID_PASS,100.0,90.93333333333403,Mode: NORMAL. V_pcc: 0.943,1
2026-01-01T17:03:25Z,GRID_PASS,100.0,90.93333333333403,Mode: NORMAL. V_pcc: 0.943,1
2026-01-01T17:03:30Z,GRID_PASS,100.0,90.93333333333403,Mode: NORMAL. V_pcc: 0.943,1
2026-01-01T17:03:35Z,GRID_PASS,100.0,90.93333333333403,Mode: NORMAL. V_pcc: 0.943,1
2026-01-01T17:03:40Z,GRID_PASS,100.0,90.93333333333403,Mode: NORMAL. V_pcc: 0.943,1
2026-01-01T17:03:45Z,GRID_PASS,100.0,90.93333333333403,Mode: NORMAL. V_pcc: 0.943,1
2026-01-01T17:03:50Z,GRID_PASS,100.0,90.93333333333403,Mode: NORMAL. V_pcc: 0.943,1
2026-01-01T17:03:55Z,GRID_PASS,100.0,90.93333333333403,Mode: NORMAL. V_pcc: 0.943,1
2026-01-01T17:04:00Z,GRID_PASS,100.0,90.93333333333403,Mode: NORMAL. V_pcc: 0.943,1
2026-01-01T17:04:05Z,GRID_PASS,100.0,90.93333333333403,Mode: NORMAL. V_pcc: 0.943,1
2026-01-01T17:04:10Z,GRID_PASS,100.0,90.93333333333403,Mode: NORMAL. V_pcc: 0.943,1
2026-01-01T17:04:15Z,GRID_PASS,100.0,90.93333333333403,Mode: NORMAL. V_pcc: 0.943,1
2026-01-01T17:04:20Z,GRID_PASS,100.0,90.93333333333403,Mode: NORMAL. V_pcc: 0.943,1
2026-01-01T17:04:25Z,GRID_PASS,100.0,90.93333333333403,Mode: NORMAL. V_pcc: 0.943,1
2026-01-01T17:04:30Z,GRID_PASS,100.0,90.93333333333403,Mode: NORMAL. V_pcc: 0.943,1
2026-01-01T17:04:35Z,GRID_PASS,100.0,90.93333333333403,Mode: NORMAL. V_pcc: 0.943,1
2026-01-01T17:04:40Z,GRID_PASS,100.0,90.93333333333403,Mode: NORMAL. V_pcc: 0.943,1
2026-01-01T17:04:45Z,GRID_PASS,100.0,90.93333333333403,Mode: NORMAL. V_pcc: 0.943,1
2026-01-01T17:04:50Z,GRID_PASS,100.0,90.93333333333403,Mode: NORMAL. V_pcc: 0.943,1
2026-01-01T17:04:55Z,GRID_PASS,100.0,90.93333333333403,Mode: NORMAL. V_pcc: 0.943,1
2026-01-01T17:05:00Z,GRID_PASS,100.0,90.93333333333403,Mode: NORMAL. V_pcc: 0.943,1
2026-01-01T17:05:05Z,GRID_PASS,100.0,90.93333333333403,Mode: NORMAL. V_pcc: 0.943,1
2026-01-01T17:05:10Z,GRID_PASS,100.0,90.93333333333403,Mode: NORMAL. V_pcc: 0.943,1
2026-01-01T17:05:15Z,GRID_PASS,100.0,90.93333333333403,Mode: NORMAL. V_pcc: 0.943,1
2026-01-01T17:05:20Z,GRID_PASS,100.0,90.93333333333403,Mode: NORMAL. V_pcc: 0.943,1
2026-01-01T17:05:25Z,GRID_PASS,100.0,90.93333333333403,Mode: NORMAL. V_pcc: 0.943,1
2026-01-01T17:05:30Z,GRID_PASS,100.0,90.93333333333403,Mode: NORMAL. V_pcc: 0.943,1
2026-01-01T17:05:35Z,GRID_PASS,100.0,90.93333333333403,Mode: NORMAL. V_pcc: 0.943,1
2026-01-01T17:05:40Z,GRID_PASS,100.0,90.93333333333403,Mode: NORMAL. V_pcc: 0.943,1
2026-01-01T17:05:45Z,GRID_PASS,100.0,90.93333333333403,Mode: NORMAL. V_pcc: 0.943,1
2026-01-01T17:05:50Z,GRID_PASS,100.0,90.93333333333403,Mode: NORMAL. V_pcc: 0.943,1
2026-01-01T17:05:55Z,GRID_PASS,100.0,90.93333333333403,Mode: NORMAL. V_pcc: 0.943,1
2026-01-01T17:06:00Z,GRID_PASS,100.0,90.93333333333403,Mode: NORMAL. V_pcc: 0.943,1
2026-01-01T17:06:05Z,GRID_PASS,100.0,90.93333333333403,Mode: NORMAL. V_pcc: 0.942,1
2026-01-01T17:06:10Z,GRID_PASS,100.0,90.93333333333403,Mode: NORMAL. V_pcc: 0.942,1
2026-01-01T17:06:15Z,GRID_PASS,100.0,90.93333333333403,Mode: NORMAL. V_pcc: 0.942,1
2026-01-01T17:06:20Z,GRID_PASS,100.0,90.93333333333403,Mode: NORMAL. V_pcc: 0.942,1
2026-01-01T17:06:25Z,GRID_PASS,100.0,90.93333333333403,Mode: NORMAL. V_pcc: 0.942,1
2026-01-01T17:06:30Z,GRID_PASS,100.0,90.93333333333403,Mode: NORMAL. V_pcc: 0.942,1
2026-01-01T17:06:35Z,GRID_PASS,100.0,90.93333333333403,Mode: NORMAL. V_pcc: 0.942,1
2026-01-01T17:06:40Z,GRID_PASS,100.0,90.93333333333403,Mode: NORMAL. V_pcc: 0.942,1
2026-01-01T17:06:45Z,GRID_PASS,100.0,90.93333333333403,Mode: NORMAL. V_pcc: 0.942,1
2026-01-01T17:06:50Z,GRID_PASS,100.0,90.93333333333403,Mode: NORMAL. V_pcc: 0.942,1
2026-01-01T17:06:55Z,GRID_PASS,100.0,90.93333333333403,Mode: NORMAL. V_pcc: 0.942,1
2026-01-01T17:07:00Z,GRID_PASS,100.0,90.93333333333403,Mode: NORMAL. V_pcc: 0.942,1
2026-01-01T17:07:05Z,GRID_PASS,100.0,90.93333333333403,Mode: NORMAL. V_pcc: 0.942,1
2026-01-01T17:07:10Z,GRID_PASS,100.0,90.93333333333403,Mode: NORMAL. V_pcc: 0.942,1
2026-01-01T17:07:15Z,GRID_PASS,100.0,90.93333333333403,Mode: NORMAL. V_pcc: 0.942,1
2026-01-01T17:07:20Z,GRID_PASS,100.0,90.93333333333403,Mode: NORMAL. V_pcc: 0.942,1
2026-01-01T17:07:25Z,GRID_PASS,100.0,90.93333333333403,Mode: NORMAL. V_pcc: 0.942,1
2026-01-01T17:07:30Z,GRID_PASS,100.0,90.93333333333403,Mode: NORMAL. V_pcc: 0.942,1
2026-01-01T17:07:35Z,GRID_PASS,100.0,90.93333333333403,Mode: NORMAL. V_pcc: 0.942,1
2026-01-01T17:07:40Z,GRID_PASS,100.0,90.93333333333403,Mode: NORMAL. V_pcc: 0.942,1
2026-01-01T17:07:45Z,GRID_PASS,100.0,90.93333333333403,Mode: NORMAL. V_pcc: 0.942,1
2026-01-01T17:07:50Z,GRID_PASS,100.0,90.93333333333403,Mode: NORMAL. V_pcc: 0.942,1
2026-01-01T17:07:55Z,GRID_PASS,100.0,90.93333333333403,Mode: NORMAL. V_pcc: 0.942,1
2026-01-01T17:08:00Z,GRID_PASS,100.0,90.93333333333403,Mode: NORMAL. V_pcc: 0.942,1
2026-01-01T17:08:05Z,GRID_PASS,100.0,90.93333333333403,Mode: NORMAL. V_pcc: 0.942,1
2026-01-01T17:08:10Z,GRID_PASS,100.0,90.93333333333403,Mode: NORMAL. V_pcc: 0.942,1
2026-01-01T17:08:15Z,GRID_PASS,100.0,90.93333333333403,Mode: NORMAL. V_pcc: 0.942,1
2026-01-01T17:08:20Z,GRID_PASS,100.0,90.93333333333403,Mode: NORMAL. V_pcc: 0.942,1
2026-01-01T17:08:25Z,GRID_PASS,100.0,90.93333333333403,Mode: NORMAL. V_pcc: 0.942,1
2026-01-01T17:08:30Z,GRID_PASS,100.0,90.93333333333403,Mode: NORMAL. V_pcc: 0.942,1
2026-01-01T17:08:35Z,GRID_PASS,100.0,90.93333333333403,Mode: NORMAL. V_pcc: 0.942,1
2026-01-01T17:08:40Z,GRID_PASS,100.0,90.93333333333403,Mode: NORMAL. V_pcc: 0.942,1
2026-01-01T17:08:45Z,GRID_PASS,100.0,90.93333333333403,Mode: NORMAL. V_pcc: 0.942,1
2026-01-01T17:08:50Z,GRID_PASS,100.0,90.93333333333403,Mode: NORMAL. V_pcc: 0.942,1
2026-01-01T17:08:55Z,GRID_PASS,100.0,90.93333333333403,Mode: NORMAL. V_pcc: 0.942,1
2026-01-01T17:09:00Z,GRID_PASS,100.0,90.93333333333403,Mode: NORMAL. V_pcc: 0.942,1
2026-01-01T17:09:05Z,GRID_PASS,100.0,90.93333333333403,Mode: NORMAL. V_pcc: 0.942,1
2026-01-01T17:09:10Z,GRID_PASS,100.0,90.93333333333403,Mode: NORMAL. V_pcc: 0.942,1
2026-01-01T17:09:15Z,GRID_PASS,100.0,90.93333333333403,Mode: NORMAL. V_pcc: 0.942,1
2026-01-01T17:09:20Z,GRID_PASS,100.0,90.93333333333403,Mode: NORMAL. V_pcc: 0.942,1
2026-01-01T17:09:25Z,GRID_PASS,100.0,90.93333333333403,Mode: NORMAL. V_pcc: 0.942,1
2026-01-01T17:09:30Z,GRID_PASS,100.0,90.93333333333403,Mode: NORMAL. V_pcc: 0.942,1
2026-01-01T17:09:35Z,GRID_PASS,100.0,90.93333333333403,Mode: NORMAL. V_pcc: 0.942,1
2026-01-01T17:09:40Z,GRID_PASS,100.0,90.93333333333403,Mode: NORMAL. V_pcc: 0.942,1
2026-01-01T17:09:45Z,GRID_PASS,100.0,90.93333333333403,Mode: NORMAL. V_pcc: 0.942,1
2026-01-01T17:09:50Z,GRID_PASS,100.0,90.93333333333403,Mode: NORMAL. V_pcc: 0.942,1
2026-01-01T17:09:55Z,GRID_PASS,100.0,90.93333333333403,Mode: NORMAL. V_pcc: 0.942,1
2026-01-01T17:10:00Z,GRID_PASS,100.0,90.93333333333403,Mode: NORMAL. V_pcc: 0.942,1
2026-01-01T17:10:05Z,GRID_PASS,100.0,90.93333333333403,Mode: NORMAL. V_pcc: 0.941,1
2026-01-01T17:10:10Z,GRID_PASS,100.0,90.93333333333403,Mode: NORMAL. V_pcc: 0.941,1
2026-01-01T17:10:15Z,GRID_PASS,100.0,90.93333333333403,Mode: NORMAL. V_pcc: 0.941,1
2026-01-01T17:10:20Z,GRID_PASS,100.0,90.93333333333403,Mode: NORMAL. V_pcc: 0.941,1
2026-01-01T17:10:25Z,GRID_PASS,100.0,90.93333333333403,Mode: NORMAL. V_pcc: 0.941,1
2026-01-01T17:10:30Z,GRID_PASS,100.0,90.93333333333403,Mode: NORMAL. V_pcc: 0.941,1
2026-01-01T17:10:35Z,GRID_PASS,100.0,90.93333333333403,Mode: NORMAL. V_pcc: 0.941,1
2026-01-01T17:10:40Z,GRID_PASS,100.0,90.93333333333403,Mode: NORMAL. V_pcc: 0.941,1
2026-01-01T17:10:45Z,GRID_PASS,100.0,90.93333333333403,Mode: NORMAL. V_pcc: 0.941,1
2026-01-01T17:10:50Z,GRID_PASS,100.0,90.93333333333403,Mode: NORMAL. V_pcc: 0.941,1
2026-01-01T17:10:55Z,GRID_PASS,100.0,90.93333333333403,Mode: NORMAL. V_pcc: 0.941,1
2026-01-01T17:11:00Z,GRID_PASS,100.0,90.93333333333403,Mode: NORMAL. V_pcc: 0.941,1
2026-01-01T17:11:05Z,GRID_PASS,100.0,90.93333333333403,Mode: NORMAL. V_pcc: 0.941,1
2026-01-01T17:11:10Z,GRID_PASS,100.0,90.93333333333403,Mode: NORMAL. V_pcc: 0.941,1
2026-01-01T17:11:15Z,GRID_PASS,100.0,90.93333333333403,Mode: NORMAL. V_pcc: 0.941,1
2026-01-01T17:11:20Z,GRID_PASS,100.0,90.93333333333403,Mode: NORMAL. V_pcc: 0.941,1
2026-01-01T17:11:25Z,GRID_PASS,100.0,90.93333333333403,Mode: NORMAL. V_pcc: 0.941,1
2026-01-01T17:11:30Z,GRID_PASS,100.0,90.93333333333403,Mode: NORMAL. V_pcc: 0.941,1
2026-01-01T17:11:35Z,GRID_PASS,100.0,90.93333333333403,Mode: NORMAL. V_pcc: 0.941,1
2026-01-01T17:11:40Z,GRID_PASS,100.0,90.93333333333403,Mode: NORMAL. V_pcc: 0.941,1
2026-01-01T17:11:45Z,GRID_PASS,100.0,90.93333333333403,Mode: NORMAL. V_pcc: 0.941,1
2026-01-01T17:11:50Z,GRID_PASS,100.0,90.93333333333403,Mode: NORMAL. V_pcc: 0.941,1
2026-01-01T17:11:55Z,GRID_PASS,100.0,90.93333333333403,Mode: NORMAL. V_pcc: 0.941,1
2026-01-01T17:12:00Z,GRID_PASS,100.0,90.93333333333403,Mode: NORMAL. V_pcc: 0.941,1
2026-01-01T17:12:05Z,GRID_PASS,100.0,90.93333333333403,Mode: NORMAL. V_pcc: 0.941,1
2026-01-01T17:12:10Z,GRID_PASS,100.0,90.93333333333403,Mode: NORMAL. V_pcc: 0.941,1
2026-01-01T17:12:15Z,GRID_PASS,100.0,90.93333333333403,Mode: NORMAL. V_pcc: 0.941,1
2026-01-01T17:12:20Z,GRID_PASS,100.0,90.93333333333403,Mode: NORMAL. V_pcc: 0.941,1
2026-01-01T17:12:25Z,GRID_PASS,100.0,90.93333333333403,Mode: NORMAL. V_pcc: 0.941,1
2026-01-01T17:12:30Z,GRID_PASS,100.0,90.93333333333403,Mode: NORMAL. V_pcc: 0.941,1
2026-01-01T17:12:35Z,GRID_PASS,100.0,90.93333333333403,Mode: NORMAL. V_pcc: 0.941,1
2026-01-01T17:12:40Z,GRID_PASS,100.0,90.93333333333403,Mode: NORMAL. V_pcc: 0.941,1
2026-01-01T17:12:45Z,GRID_PASS,100.0,90.93333333333403,Mode: NORMAL. V_pcc: 0.941,1
2026-01-01T17:12:50Z,GRID_PASS,100.0,90.93333333333403,Mode: NORMAL. V_pcc: 0.941,1
2026-01-01T17:12:55Z,GRID_PASS,100.0,90.93333333333403,Mode: NORMAL. V_pcc: 0.941,1
2026-01-01T17:13:00Z,GRID_PASS,100.0,90.93333333333403,Mode: NORMAL. V_pcc: 0.941,1
2026-01-01T17:13:05Z,GRID_PASS,100.0,90.93333333333403,Mode: NORMAL. V_pcc: 0.940,1
2026-01-01T17:13:10Z,GRID_PASS,100.0,90.93333333333403,Mode: NORMAL. V_pcc: 0.940,1
2026-01-01T17:13:15Z,GRID_PASS,100.0,90.93333333333403,Mode: NORMAL. V_pcc: 0.940,1
2026-01-01T17:13:20Z,GRID_PASS,100.0,90.93333333333403,Mode: NORMAL. V_pcc: 0.940,1
2026-01-01T17:13:25Z,GRID_PASS,100.0,90.93333333333403,Mode: NORMAL. V_pcc: 0.940,1
2026-01-01T17:13:30Z,GRID_PASS,100.0,90.93333333333403,Mode: NORMAL. V_pcc: 0.940,1
2026-01-01T17:13:35Z,GRID_PASS,100.0,90.93333333333403,Mode: NORMAL. V_pcc: 0.940,1
2026-01-01T17:13:40Z,GRID_PASS,100.0,90.93333333333403,Mode: NORMAL. V_pcc: 0.940,1
2026-01-01T17:13:45Z,GRID_PASS,100.0,90.93333333333403,Mode: NORMAL. V_pcc: 0.940,1
2026-01-01T17:13:50Z,GRID_PASS,100.0,90.93333333333403,Mode: NORMAL. V_pcc: 0.940,1
2026-01-01T17:13:55Z,GRID_PASS,100.0,90.93333333333403,Mode: NORMAL. V_pcc: 0.940,1
2026-01-01T17:14:00Z,GRID_PASS,100.0,90.93333333333403,Mode: NORMAL. V_pcc: 0.940,1
2026-01-01T17:14:05Z,GRID_PASS,100.0,90.93333333333403,Mode: NORMAL. V_pcc: 0.940,1
2026-01-01T17:14:10Z,GRID_PASS,100.0,90.93333333333403,Mode: NORMAL. V_pcc: 0.940,1
2026-01-01T17:14:15Z,GRID_PASS,100.0,90.93333333333403,Mode: NORMAL. V_pcc: 0.940,1
2026-01-01T17:14:20Z,GRID_PASS,100.0,90.93333333333403,Mode: NORMAL. V_pcc: 0.940,1
2026-01-01T17:14:25Z,GRID_PASS,100.0,90.93333333333403,Mode: NORMAL. V_pcc: 0.940,1
2026-01-01T17:14:30Z,GRID_PASS,100.0,90.93333333333403,Mode: NORMAL. V_pcc: 0.940,1
2026-01-01T17:14:35Z,GRID_PASS,100.0,90.93333333333403,Mode: NORMAL. V_pcc: 0.940,1
2026-01-01T17:14:40Z,GRID_PASS,100.0,90.93333333333403,Mode: NORMAL. V_pcc: 0.940,1
2026-01-01T17:14:45Z,GRID_PASS,100.0,90.93333333333403,Mode: NORMAL. V_pcc: 0.940,1
2026-01-01T17:14:50Z,GRID_PASS,100.0,90.93333333333403,Mode: NORMAL. V_pcc: 0.940,1
2026-01-01T17:14:55Z,GRID_PASS,100.0,90.93333333333403,Mode: NORMAL. V_pcc: 0.940,1
2026-01-01T17:15:00Z,GRID_PASS,100.0,90.93333333333403,Mode: NORMAL. V_pcc: 0.940,1
2026-01-01T17:15:05Z,GRID_PASS,100.0,90.93333333333403,Mode: NORMAL. V_pcc: 0.940,1
2026-01-01T17:15:10Z,SUPPORT,100.0,90.93333333333403,Mode: SUPPORT. V_pcc: 0.940,1
2026-01-01T17:15:15Z,SUPPORT,100.0,90.93333333333403,Mode: SUPPORT. V_pcc: 0.940,1
2026-01-01T17:15:20Z,SUPPORT,100.0,90.93333333333403,Mode: SUPPORT. V_pcc: 0.940,1
2026-01-01T17:15:25Z,SUPPORT,100.0,90.93333333333403,Mode: SUPPORT. V_pcc: 0.940,1
2026-01-01T17:15:30Z,SUPPORT,100.0,90.93333333333403,Mode: SUPPORT. V_pcc: 0.940,1
2026-01-01T17:15:35Z,SUPPORT,100.0,90.93333333333403,Mode: SUPPORT. V_pcc: 0.940,1
2026-01-01T17:15:40Z,SUPPORT,100.0,90.93333333333403,Mode: SUPPORT. V_pcc: 0.940,1
2026-01-01T17:15:45Z,SUPPORT,100.0,90.93333333333403,Mode: SUPPORT. V_pcc: 0.940,1
2026-01-01T17:15:50Z,SUPPORT,100.0,90.93333333333403,Mode: SUPPORT. V_pcc: 0.940,1
2026-01-01T17:15:55Z,SUPPORT,100.0,90.93333333333403,Mode: SUPPORT. V_pcc: 0.940,1
2026-01-01T17:16:00Z,SUPPORT,100.0,90.93333333333403,Mode: SUPPORT. V_pcc: 0.940,1
2026-01-01T17:16:05Z,SUPPORT,100.0,90.93333333333403,Mode: SUPPORT. V_pcc: 0.939,1
2026-01-01T17:16:10Z,SUPPORT,100.0,90.93333333333403,Mode: SUPPORT. V_pcc: 0.939,1
2026-01-01T17:16:15Z,SUPPORT,100.0,90.93333333333403,Mode: SUPPORT. V_pcc: 0.939,1
2026-01-01T17:16:20Z,SUPPORT,100.0,90.93333333333403,Mode: SUPPORT. V_pcc: 0.939,1
2026-01-01T17:16:25Z,SUPPORT,100.0,90.93333333333403,Mode: SUPPORT. V_pcc: 0.939,1
2026-01-01T17:16:30Z,SUPPORT,100.0,90.93333333333403,Mode: SUPPORT. V_pcc: 0.939,1
2026-01-01T17:16:35Z,SUPPORT,100.0,90.93333333333403,Mode: SUPPORT. V_pcc: 0.939,1
2026-01-01T17:16:40Z,SUPPORT,100.0,90.93333333333403,Mode: SUPPORT. V_pcc: 0.939,1
2026-01-01T17:16:45Z,SUPPORT,100.0,90.93333333333403,Mode: SUPPORT. V_pcc: 0.939,1
2026-01-01T17:16:50Z,SUPPORT,100.0,90.93333333333403,Mode: SUPPORT. V_pcc: 0.939,1
2026-01-01T17:16:55Z,SUPPORT,100.0,90.93333333333403,Mode: SUPPORT. V_pcc: 0.939,1
2026-01-01T17:17:00Z,SUPPORT,100.0,90.93333333333403,Mode: SUPPORT. V_pcc: 0.939,1
2026-01-01T17:17:05Z,SUPPORT,100.0,90.93333333333403,Mode: SUPPORT. V_pcc: 0.939,1
2026-01-01T17:17:10Z,SUPPORT,100.0,90.93333333333403,Mode: SUPPORT. V_pcc: 0.939,1
2026-01-01T17:17:15Z,SUPPORT,100.0,90.93333333333403,Mode: SUPPORT. V_pcc: 0.939,1
2026-01-01T17:17:20Z,SUPPORT,100.0,90.93333333333403,Mode: SUPPORT. V_pcc: 0.939,1
2026-01-01T17:17:25Z,SUPPORT,100.0,90.93333333333403,Mode: SUPPORT. V_pcc: 0.939,1
2026-01-01T17:17:30Z,SUPPORT,100.0,90.93333333333403,Mode: SUPPORT. V_pcc: 0.939,1
2026-01-01T17:17:35Z,SUPPORT,100.0,90.93333333333403,Mode: SUPPORT. V_pcc: 0.939,1
2026-01-01T17:17:40Z,SUPPORT,100.0,90.93333333333403,Mode: SUPPORT. V_pcc: 0.939,1
2026-01-01T17:17:45Z,SUPPORT,100.0,90.93333333333403,Mode: SUPPORT. V_pcc: 0.939,1
2026-01-01T17:17:50Z,SUPPORT,100.0,90.93333333333403,Mode: SUPPORT. V_pcc: 0.939,1
2026-01-01T17:17:55Z,SUPPORT,100.0,90.93333333333403,Mode: SUPPORT. V_pcc: 0.939,1
2026-01-01T17:18:00Z,SUPPORT,100.0,90.93333333333403,Mode: SUPPORT. V_pcc: 0.939,1
2026-01-01T17:18:05Z,SUPPORT,100.0,90.93333333333403,Mode: SUPPORT. V_pcc: 0.939,1
2026-01-01T17:18:10Z,SUPPORT,100.0,90.93333333333403,Mode: SUPPORT. V_pcc: 0.939,1
2026-01-01T17:18:15Z,SUPPORT,100.0,90.93333333333403,Mode: SUPPORT. V_pcc: 0.939,1
2026-01-01T17:18:20Z,SUPPORT,100.0,90.93333333333403,Mode: SUPPORT. V_pcc: 0.939,1
2026-01-01T17:18:25Z,SUPPORT,100.0,90.93333333333403,Mode: SUPPORT. V_pcc: 0.939,1
2026-01-01T17:18:30Z,SUPPORT,100.0,90.93333333333403,Mode: SUPPORT. V_pcc: 0.939,1
2026-01-01T17:18:35Z,SUPPORT,100.0,90.93333333333403,Mode: SUPPORT. V_pcc: 0.939,1
2026-01-01T17:18:40Z,SUPPORT,100.0,90.93333333333403,Mode: SUPPORT. V_pcc: 0.939,1
2026-01-01T17:18:45Z,SUPPORT,100.0,90.93333333333403,Mode: SUPPORT. V_pcc: 0.939,1
2026-01-01T17:18:50Z,SUPPORT,100.0,90.93333333333403,Mode: SUPPORT. V_pcc: 0.939,1
2026-01-01T17:18:55Z,SUPPORT,100.0,90.93333333333403,Mode: SUPPORT. V_pcc: 0.939,1
2026-01-01T17:19:00Z,SUPPORT,100.0,90.93333333333403,Mode: SUPPORT. V_pcc: 0.939,1
2026-01-01T17:19:05Z,SUPPORT,100.0,90.93333333333403,Mode: SUPPORT. V_pcc: 0.939,1
2026-01-01T17:19:10Z,SUPPORT,100.0,90.93333333333403,Mode: SUPPORT. V_pcc: 0.939,1
2026-01-01T17:19:15Z,SUPPORT,100.0,90.93333333333403,Mode: SUPPORT. V_pcc: 0.939,1
2026-01-01T17:19:20Z,SUPPORT,100.0,90.93333333333403,Mode: SUPPORT. V_pcc: 0.939,1
2026-01-01T17:19:25Z,SUPPORT,100.0,90.93333333333403,Mode: SUPPORT. V_pcc: 0.939,1
2026-01-01T17:19:30Z,SUPPORT,100.0,90.93333333333403,Mode: SUPPORT. V_pcc: 0.939,1
2026-01-01T17:19:35Z,SUPPORT,100.0,90.93333333333403,Mode: SUPPORT. V_pcc: 0.939,1
2026-01-01T17:19:40Z,SUPPORT,100.0,90.93333333333403,Mode: SUPPORT. V_pcc: 0.939,1
2026-01-01T17:19:45Z,SUPPORT,100.0,90.93333333333403,Mode: SUPPORT. V_pcc: 0.939,1
2026-01-01T17:19:50Z,SUPPORT,100.0,90.93333333333403,Mode: SUPPORT. V_pcc: 0.939,1
2026-01-01T17:19:55Z,SUPPORT,100.0,90.93333333333403,Mode: SUPPORT. V_pcc: 0.939,1
2026-01-01T17:20:00Z,SUPPORT,100.0,90.93333333333403,Mode: SUPPORT. V_pcc: 0.939,1
2026-01-01T17:20:05Z,SUPPORT,100.0,90.93333333333403,Mode: SUPPORT. V_pcc: 0.938,1
2026-01-01T17:20:10Z,SUPPORT,100.0,90.93333333333403,Mode: SUPPORT. V_pcc: 0.938,1
2026-01-01T17:20:15Z,SUPPORT,100.0,90.93333333333403,Mode: SUPPORT. V_pcc: 0.938,1
2026-01-01T17:20:20Z,SUPPORT,100.0,90.93333333333403,Mode: SUPPORT. V_pcc: 0.938,1
2026-01-01T17:20:25Z,SUPPORT,100.0,90.93333333333403,Mode: SUPPORT. V_pcc: 0.938,1
2026-01-01T17:20:30Z,SUPPORT,100.0,90.93333333333403,Mode: SUPPORT. V_pcc: 0.938,1
2026-01-01T17:20:35Z,SUPPORT,100.0,90.93333333333403,Mode: SUPPORT. V_pcc: 0.938,1
2026-01-01T17:20:40Z,SUPPORT,100.0,90.93333333333403,Mode: SUPPORT. V_pcc: 0.938,1
2026-01-01T17:20:45Z,SUPPORT,100.0,90.93333333333403,Mode: SUPPORT. V_pcc: 0.938,1
2026-01-01T17:20:50Z,SUPPORT,100.0,90.93333333333403,Mode: SUPPORT. V_pcc: 0.938,1
2026-01-01T17:20:55Z,SUPPORT,100.0,90.93333333333403,Mode: SUPPORT. V_pcc: 0.938,1
2026-01-01T17:21:00Z,SUPPORT,100.0,90.93333333333403,Mode: SUPPORT. V_pcc: 0.938,1
2026-01-01T17:21:05Z,SUPPORT,100.0,90.93333333333403,Mode: SUPPORT. V_pcc: 0.938,1
2026-01-01T17:21:10Z,SUPPORT,100.0,90.93333333333403,Mode: SUPPORT. V_pcc: 0.938,1
2026-01-01T17:21:15Z,SUPPORT,100.0,90.93333333333403,Mode: SUPPORT. V_pcc: 0.938,1
2026-01-01T17:21:20Z,SUPPORT,100.0,90.93333333333403,Mode: SUPPORT. V_pcc: 0.938,1
2026-01-01T17:21:25Z,SUPPORT,100.0,90.93333333333403,Mode: SUPPORT. V_pcc: 0.938,1
2026-01-01T17:21:30Z,SUPPORT,100.0,90.93333333333403,Mode: SUPPORT. V_pcc: 0.938,1
2026-01-01T17:21:35Z,SUPPORT,100.0,90.93333333333403,Mode: SUPPORT. V_pcc: 0.938,1
2026-01-01T17:21:40Z,SUPPORT,100.0,90.93333333333403,Mode: SUPPORT. V_pcc: 0.938,1
2026-01-01T17:21:45Z,SUPPORT,100.0,90.93333333333403,Mode: SUPPORT. V_pcc: 0.938,1
2026-01-01T17:21:50Z,SUPPORT,100.0,90.93333333333403,Mode: SUPPORT. V_pcc: 0.938,1
2026-01-01T17:21:55Z,SUPPORT,100.0,90.93333333333403,Mode: SUPPORT. V_pcc: 0.938,1
2026-01-01T17:22:00Z,SUPPORT,100.0,90.93333333333403,Mode: SUPPORT. V_pcc: 0.938,1
2026-01-01T17:22:05Z,SUPPORT,100.0,90.93333333333403,Mode: SUPPORT. V_pcc: 0.938,1
2026-01-01T17:22:10Z,SUPPORT,100.0,90.93333333333403,Mode: SUPPORT. V_pcc: 0.938,1
2026-01-01T17:22:15Z,SUPPORT,100.0,90.93333333333403,Mode: SUPPORT. V_pcc: 0.938,1
2026-01-01T17:22:20Z,SUPPORT,100.0,90.93333333333403,Mode: SUPPORT. V_pcc: 0.938,1
2026-01-01T17:22:25Z,SUPPORT,100.0,90.93333333333403,Mode: SUPPORT. V_pcc: 0.938,1
2026-01-01T17:22:30Z,SUPPORT,100.0,90.93333333333403,Mode: SUPPORT. V_pcc: 0.938,1
2026-01-01T17:22:35Z,SUPPORT,100.0,90.93333333333403,Mode: SUPPORT. V_pcc: 0.938,1
2026-01-01T17:22:40Z,SUPPORT,100.0,90.93333333333403,Mode: SUPPORT. V_pcc: 0.938,1
2026-01-01T17:22:45Z,SUPPORT,100.0,90.93333333333403,Mode: SUPPORT. V_pcc: 0.938,1
2026-01-01T17:22:50Z,SUPPORT,100.0,90.93333333333403,Mode: SUPPORT. V_pcc: 0.938,1
2026-01-01T17:22:55Z,SUPPORT,100.0,90.93333333333403,Mode: SUPPORT. V_pcc: 0.938,1
2026-01-01T17:23:00Z,SUPPORT,100.0,90.93333333333403,Mode: SUPPORT. V_pcc: 0.938,1
2026-01-01T17:23:05Z,SUPPORT,100.0,90.93333333333403,Mode: SUPPORT. V_pcc: 0.937,1
2026-01-01T17:23:10Z,SUPPORT,100.0,90.93333333333403,Mode: SUPPORT. V_pcc: 0.937,1
2026-01-01T17:23:15Z,SUPPORT,100.0,90.93333333333403,Mode: SUPPORT. V_pcc: 0.937,1
2026-01-01T17:23:20Z,SUPPORT,100.0,90.93333333333403,Mode: SUPPORT. V_pcc: 0.937,1
2026-01-01T17:23:25Z,SUPPORT,100.0,90.93333333333403,Mode: SUPPORT. V_pcc: 0.937,1
2026-01-01T17:23:30Z,SUPPORT,100.0,90.93333333333403,Mode: SUPPORT. V_pcc: 0.937,1
2026-01-01T17:23:35Z,SUPPORT,100.0,90.93333333333403,Mode: SUPPORT. V_pcc: 0.937,1
2026-01-01T17:23:40Z,SUPPORT,100.0,90.93333333333403,Mode: SUPPORT. V_pcc: 0.937,1
2026-01-01T17:23:45Z,SUPPORT,100.0,90.93333333333403,Mode: SUPPORT. V_pcc: 0.937,1
2026-01-01T17:23:50Z,SUPPORT,100.0,90.93333333333403,Mode: SUPPORT. V_pcc: 0.937,1
2026-01-01T17:23:55Z,SUPPORT,100.0,90.93333333333403,Mode: SUPPORT. V_pcc: 0.937,1
2026-01-01T17:24:00Z,SUPPORT,100.0,90.93333333333403,Mode: SUPPORT. V_pcc: 0.937,1
2026-01-01T17:24:05Z,SUPPORT,100.0,90.93333333333403,Mode: SUPPORT. V_pcc: 0.937,1
2026-01-01T17:24:10Z,SUPPORT,100.0,90.93333333333403,Mode: SUPPORT. V_pcc: 0.937,1
2026-01-01T17:24:15Z,SUPPORT,100.0,90.93333333333403,Mode: SUPPORT. V_pcc: 0.937,1
2026-01-01T17:24:20Z,SUPPORT,100.0,90.93333333333403,Mode: SUPPORT. V_pcc: 0.937,1
2026-01-01T17:24:25Z,SUPPORT,100.0,90.93333333333403,Mode: SUPPORT. V_pcc: 0.937,1
2026-01-01T17:24:30Z,SUPPORT,100.0,90.93333333333403,Mode: SUPPORT. V_pcc: 0.937,1
2026-01-01T17:24:35Z,SUPPORT,100.0,90.93333333333403,Mode: SUPPORT. V_pcc: 0.937,1
2026-01-01T17:24:40Z,SUPPORT,100.0,90.93333333333403,Mode: SUPPORT. V_pcc: 0.937,1
2026-01-01T17:24:45Z,SUPPORT,100.0,90.93333333333403,Mode: SUPPORT. V_pcc: 0.937,1
2026-01-01T17:24:50Z,SUPPORT,100.0,90.93333333333403,Mode: SUPPORT. V_pcc: 0.937,1
2026-01-01T17:24:55Z,SUPPORT,100.0,90.93333333333403,Mode: SUPPORT. V_pcc: 0.937,1
2026-01-01T17:25:00Z,SUPPORT,100.0,90.93333333333403,Mode: SUPPORT. V_pcc: 0.937,1
2026-01-01T17:25:05Z,SUPPORT,100.0,90.93333333333403,Mode: SUPPORT. V_pcc: 0.937,1
2026-01-01T17:25:10Z,SUPPORT,100.0,90.93333333333403,Mode: SUPPORT. V_pcc: 0.937,1
2026-01-01T17:25:15Z,SUPPORT,100.0,90.93333333333403,Mode: SUPPORT. V_pcc: 0.937,1
2026-01-01T17:25:20Z,SUPPORT,100.0,90.93333333333403,Mode: SUPPORT. V_pcc: 0.937,1
2026-01-01T17:25:25Z,SUPPORT,100.0,90.93333333333403,Mode: SUPPORT. V_pcc: 0.937,1
2026-01-01T17:25:30Z,SUPPORT,100.0,90.93333333333403,Mode: SUPPORT. V_pcc: 0.937,1
2026-01-01T17:25:35Z,SUPPORT,100.0,90.93333333333403,Mode: SUPPORT. V_pcc: 0.937,1
2026-01-01T17:25:40Z,SUPPORT,100.0,90.93333333333403,Mode: SUPPORT. V_pcc: 0.937,1
2026-01-01T17:25:45Z,SUPPORT,100.0,90.93333333333403,Mode: SUPPORT. V_pcc: 0.937,1
2026-01-01T17:25:50Z,SUPPORT,100.0,90.93333333333403,Mode: SUPPORT. V_pcc: 0.937,1
2026-01-01T17:25:55Z,SUPPORT,100.0,90.93333333333403,Mode: SUPPORT. V_pcc: 0.937,1
2026-01-01T17:26:00Z,SUPPORT,100.0,90.93333333333403,Mode: SUPPORT. V_pcc: 0.937,1
2026-01-01T17:26:05Z,SUPPORT,100.0,90.93333333333403,Mode: SUPPORT. V_pcc: 0.936,1
2026-01-01T17:26:10Z,SUPPORT,100.0,90.93333333333403,Mode: SUPPORT. V_pcc: 0.936,1
2026-01-01T17:26:15Z,SUPPORT,100.0,90.93333333333403,Mode: SUPPORT. V_pcc: 0.936,1
2026-01-01T17:26:20Z,SUPPORT,100.0,90.93333333333403,Mode: SUPPORT. V_pcc: 0.936,1
2026-01-01T17:26:25Z,SUPPORT,100.0,90.93333333333403,Mode: SUPPORT. V_pcc: 0.936,1
2026-01-01T17:26:30Z,SUPPORT,100.0,90.93333333333403,Mode: SUPPORT. V_pcc: 0.936,1
2026-01-01T17:26:35Z,SUPPORT,100.0,90.93333333333403,Mode: SUPPORT. V_pcc: 0.936,1
2026-01-01T17:26:40Z,SUPPORT,100.0,90.93333333333403,Mode: SUPPORT. V_pcc: 0.936,1
2026-01-01T17:26:45Z,SUPPORT,100.0,90.93333333333403,Mode: SUPPORT. V_pcc: 0.936,1
2026-01-01T17:26:50Z,SUPPORT,100.0,90.93333333333403,Mode: SUPPORT. V_pcc: 0.936,1
2026-01-01T17:26:55Z,SUPPORT,100.0,90.93333333333403,Mode: SUPPORT. V_pcc: 0.936,1
2026-01-01T17:27:00Z,SUPPORT,100.0,90.93333333333403,Mode: SUPPORT. V_pcc: 0.936,1
2026-01-01T17:27:05Z,SUPPORT,100.0,90.93333333333403,Mode: SUPPORT. V_pcc: 0.936,1
2026-01-01T17:27:10Z,SUPPORT,100.0,90.93333333333403,Mode: SUPPORT. V_pcc: 0.936,1
2026-01-01T17:27:15Z,SUPPORT,100.0,90.93333333333403,Mode: SUPPORT. V_pcc: 0.936,1
2026-01-01T17:27:20Z,SUPPORT,100.0,90.93333333333403,Mode: SUPPORT. V_pcc: 0.936,1
2026-01-01T17:27:25Z,SUPPORT,100.0,90.93333333333403,Mode: SUPPORT. V_pcc: 0.936,1
2026-01-01T17:27:30Z,SUPPORT,100.0,90.93333333333403,Mode: SUPPORT. V_pcc: 0.936,1
2026-01-01T17:27:35Z,SUPPORT,100.0,90.93333333333403,Mode: SUPPORT. V_pcc: 0.936,1
2026-01-01T17:27:40Z,SUPPORT,100.0,90.93333333333403,Mode: SUPPORT. V_pcc: 0.936,1
2026-01-01T17:27:45Z,SUPPORT,100.0,90.93333333333403,Mode: SUPPORT. V_pcc: 0.936,1
2026-01-01T17:27:50Z,SUPPORT,100.0,90.93333333333403,Mode: SUPPORT. V_pcc: 0.936,1
2026-01-01T17:27:55Z,SUPPORT,100.0,90.93333333333403,Mode: SUPPORT. V_pcc: 0.936,1
2026-01-01T17:28:00Z,SUPPORT,100.0,90.93333333333403,Mode: SUPPORT. V_pcc: 0.936,1
2026-01-01T17:28:05Z,SUPPORT,100.0,90.93333333333403,Mode: SUPPORT. V_pcc: 0.936,1
2026-01-01T17:28:10Z,SUPPORT,100.0,90.93333333333403,Mode: SUPPORT. V_pcc: 0.936,1
2026-01-01T17:28:15Z,SUPPORT,100.0,90.93333333333403,Mode: SUPPORT. V_pcc: 0.936,1
2026-01-01T17:28:20Z,SUPPORT,100.0,90.93333333333403,Mode: SUPPORT. V_pcc: 0.936,1
2026-01-01T17:28:25Z,SUPPORT,100.0,90.93333333333403,Mode: SUPPORT. V_pcc: 0.936,1
2026-01-01T17:28:30Z,SUPPORT,100.0,90.93333333333403,Mode: SUPPORT. V_pcc: 0.936,1
2026-01-01T17:28:35Z,SUPPORT,100.0,90.93333333333403,Mode: SUPPORT. V_pcc: 0.936,1
2026-01-01T17:28:40Z,SUPPORT,100.0,90.93333333333403,Mode: SUPPORT. V_pcc: 0.936,1
2026-01-01T17:28:45Z,SUPPORT,100.0,90.93333333333403,Mode: SUPPORT. V_pcc: 0.936,1
2026-01-01T17:28:50Z,SUPPORT,100.0,90.93333333333403,Mode: SUPPORT. V_pcc: 0.936,1
2026-01-01T17:28:55Z,SUPPORT,100.0,90.93333333333403,Mode: SUPPORT. V_pcc: 0.936,1
2026-01-01T17:29:00Z,SUPPORT,100.0,90.93333333333403,Mode: SUPPORT. V_pcc: 0.936,1
2026-01-01T17:29:05Z,SUPPORT,100.0,90.93333333333403,Mode: SUPPORT. V_pcc: 0.935,1
2026-01-01T17:29:10Z,SUPPORT,100.0,90.93333333333403,Mode: SUPPORT. V_pcc: 0.935,1
2026-01-01T17:29:15Z,SUPPORT,100.0,90.93333333333403,Mode: SUPPORT. V_pcc: 0.935,1
2026-01-01T17:29:20Z,SUPPORT,100.0,90.93333333333403,Mode: SUPPORT. V_pcc: 0.935,1
2026-01-01T17:29:25Z,SUPPORT,100.0,90.93333333333403,Mode: SUPPORT. V_pcc: 0.935,1
2026-01-01T17:29:30Z,SUPPORT,100.0,90.93333333333403,Mode: SUPPORT. V_pcc: 0.935,1
2026-01-01T17:29:35Z,SUPPORT,100.0,90.93333333333403,Mode: SUPPORT. V_pcc: 0.935,1
2026-01-01T17:29:40Z,SUPPORT,100.0,90.93333333333403,Mode: SUPPORT. V_pcc: 0.935,1
2026-01-01T17:29:45Z,SUPPORT,100.0,90.93333333333403,Mode: SUPPORT. V_pcc: 0.935,1
2026-01-01T17:29:50Z,SUPPORT,100.0,90.93333333333403,Mode: SUPPORT. V_pcc: 0.935,1
2026-01-01T17:29:55Z,SUPPORT,100.0,90.93333333333403,Mode: SUPPORT. V_pcc: 0.935,1
2026-01-01T17:30:00Z,SUPPORT,100.0,90.93333333333403,Mode: SUPPORT. V_pcc: 0.935,1
2026-01-01T17:30:05Z,SUPPORT,100.0,90.93333333333403,Mode: SUPPORT. V_pcc: 0.935,1
2026-01-01T17:30:10Z,SUPPORT,100.0,90.93333333333403,Mode: SUPPORT. V_pcc: 0.935,1
2026-01-01T17:30:15Z,SUPPORT,100.0,90.93333333333403,Mode: SUPPORT. V_pcc: 0.935,1
2026-01-01T17:30:20Z,SUPPORT,100.0,90.93333333333403,Mode: SUPPORT. V_pcc: 0.935,1
2026-01-01T17:30:25Z,SUPPORT,100.0,90.93333333333403,Mode: SUPPORT. V_pcc: 0.935,1
2026-01-01T17:30:30Z,SUPPORT,100.0,90.93333333333403,Mode: SUPPORT. V_pcc: 0.935,1
2026-01-01T17:30:35Z,SUPPORT,100.0,90.93333333333403,Mode: SUPPORT. V_pcc: 0.935,1
2026-01-01T17:30:40Z,SUPPORT,100.0,90.93333333333403,Mode: SUPPORT. V_pcc: 0.935,1
2026-01-01T17:30:45Z,SUPPORT,100.0,90.93333333333403,Mode: SUPPORT. V_pcc: 0.935,1
2026-01-01T17:30:50Z,SUPPORT,100.0,90.93333333333403,Mode: SUPPORT. V_pcc: 0.935,1
2026-01-01T17:30:55Z,SUPPORT,100.0,90.93333333333403,Mode: SUPPORT. V_pcc: 0.935,1
2026-01-01T17:31:00Z,SUPPORT,100.0,90.93333333333403,Mode: SUPPORT. V_pcc: 0.935,1
2026-01-01T17:31:05Z,SUPPORT,100.0,90.93333333333403,Mode: SUPPORT. V_pcc: 0.935,1
2026-01-01T17:31:10Z,SUPPORT,100.0,90.93333333333403,Mode: SUPPORT. V_pcc: 0.935,1
2026-01-01T17:31:15Z,SUPPORT,100.0,90.93333333333403,Mode: SUPPORT. V_pcc: 0.935,1
2026-01-01T17:31:20Z,SUPPORT,100.0,90.93333333333403,Mode: SUPPORT. V_pcc: 0.935,1
2026-01-01T17:31:25Z,SUPPORT,100.0,90.93333333333403,Mode: SUPPORT. V_pcc: 0.935,1
2026-01-01T17:31:30Z,SUPPORT,100.0,90.93333333333403,Mode: SUPPORT. V_pcc: 0.935,1
2026-01-01T17:31:35Z,SUPPORT,100.0,90.93333333333403,Mode: SUPPORT. V_pcc: 0.935,1
2026-01-01T17:31:40Z,SUPPORT,100.0,90.93333333333403,Mode: SUPPORT. V_pcc: 0.935,1
2026-01-01T17:31:45Z,SUPPORT,100.0,90.93333333333403,Mode: SUPPORT. V_pcc: 0.935,1
2026-01-01T17:31:50Z,SUPPORT,100.0,90.93333333333403,Mode: SUPPORT. V_pcc: 0.935,1
2026-01-01T17:31:55Z,SUPPORT,100.0,90.93333333333403,Mode: SUPPORT. V_pcc: 0.935,1
2026-01-01T17:32:00Z,SUPPORT,100.0,90.93333333333403,Mode: SUPPORT. V_pcc: 0.935,1
2026-01-01T17:32:05Z,SUPPORT,100.0,90.93333333333403,Mode: SUPPORT. V_pcc: 0.934,1
2026-01-01T17:32:10Z,SUPPORT,100.0,90.93333333333403,Mode: SUPPORT. V_pcc: 0.934,1
2026-01-01T17:32:15Z,SUPPORT,100.0,90.93333333333403,Mode: SUPPORT. V_pcc: 0.934,1
2026-01-01T17:32:20Z,SUPPORT,100.0,90.93333333333403,Mode: SUPPORT. V_pcc: 0.934,1
2026-01-01T17:32:25Z,SUPPORT,100.0,90.93333333333403,Mode: SUPPORT. V_pcc: 0.934,1
2026-01-01T17:32:30Z,SUPPORT,100.0,90.93333333333403,Mode: SUPPORT. V_pcc: 0.934,1
2026-01-01T17:32:35Z,SUPPORT,100.0,90.93333333333403,Mode: SUPPORT. V_pcc: 0.934,1
2026-01-01T17:32:40Z,SUPPORT,100.0,90.93333333333403,Mode: SUPPORT. V_pcc: 0.934,1
2026-01-01T17:32:45Z,SUPPORT,100.0,90.93333333333403,Mode: SUPPORT. V_pcc: 0.934,1
2026-01-01T17:32:50Z,SUPPORT,100.0,90.93333333333403,Mode: SUPPORT. V_pcc: 0.934,1
2026-01-01T17:32:55Z,SUPPORT,100.0,90.93333333333403,Mode: SUPPORT. V_pcc: 0.934,1
2026-01-01T17:33:00Z,SUPPORT,100.0,90.93333333333403,Mode: SUPPORT. V_pcc: 0.934,1
2026-01-01T17:33:05Z,SUPPORT,100.0,90.93333333333403,Mode: SUPPORT. V_pcc: 0.934,1
2026-01-01T17:33:10Z,SUPPORT,100.0,90.93333333333403,Mode: SUPPORT. V_pcc: 0.934,1
2026-01-01T17:33:15Z,SUPPORT,100.0,90.93333333333403,Mode: SUPPORT. V_pcc: 0.934,1
2026-01-01T17:33:20Z,SUPPORT,100.0,90.93333333333403,Mode: SUPPORT. V_pcc: 0.934,1
2026-01-01T17:33:25Z,SUPPORT,100.0,90.93333333333403,Mode: SUPPORT. V_pcc: 0.934,1
2026-01-01T17:33:30Z,SUPPORT,100.0,90.93333333333403,Mode: SUPPORT. V_pcc: 0.934,1
2026-01-01T17:33:35Z,SUPPORT,100.0,90.93333333333403,Mode: SUPPORT. V_pcc: 0.934,1
2026-01-01T17:33:40Z,SUPPORT,100.0,90.93333333333403,Mode: SUPPORT. V_pcc: 0.934,1
2026-01-01T17:33:45Z,SUPPORT,100.0,90.93333333333403,Mode: SUPPORT. V_pcc: 0.934,1
2026-01-01T17:33:50Z,SUPPORT,100.0,90.93333333333403,Mode: SUPPORT. V_pcc: 0.934,1
2026-01-01T17:33:55Z,SUPPORT,100.0,90.93333333333403,Mode: SUPPORT. V_pcc: 0.934,1
2026-01-01T17:34:00Z,SUPPORT,100.0,90.93333333333403,Mode: SUPPORT. V_pcc: 0.934,1
2026-01-01T17:34:05Z,SUPPORT,100.0,90.93333333333403,Mode: SUPPORT. V_pcc: 0.934,1
2026-01-01T17:34:10Z,SUPPORT,100.0,90.93333333333403,Mode: SUPPORT. V_pcc: 0.934,1
2026-01-01T17:34:15Z,SUPPORT,100.0,90.93333333333403,Mode: SUPPORT. V_pcc: 0.934,1
2026-01-01T17:34:20Z,SUPPORT,100.0,90.93333333333403,Mode: SUPPORT. V_pcc: 0.934,1
2026-01-01T17:34:25Z,SUPPORT,100.0,90.93333333333403,Mode: SUPPORT. V_pcc: 0.934,1
2026-01-01T17:34:30Z,SUPPORT,100.0,90.93333333333403,Mode: SUPPORT. V_pcc: 0.934,1
2026-01-01T17:34:35Z,SUPPORT,100.0,90.93333333333403,Mode: SUPPORT. V_pcc: 0.934,1
2026-01-01T17:34:40Z,SUPPORT,100.0,90.93333333333403,Mode: SUPPORT. V_pcc: 0.934,1
2026-01-01T17:34:45Z,SUPPORT,100.0,90.93333333333403,Mode: SUPPORT. V_pcc: 0.934,1
2026-01-01T17:34:50Z,SUPPORT,100.0,90.93333333333403,Mode: SUPPORT. V_pcc: 0.934,1
2026-01-01T17:34:55Z,SUPPORT,100.0,90.93333333333403,Mode: SUPPORT. V_pcc: 0.934,1
2026-01-01T17:35:00Z,SUPPORT,100.0,90.93333333333403,Mode: SUPPORT. V_pcc: 0.934,1
2026-01-01T17:35:05Z,SUPPORT,100.0,90.93333333333403,Mode: SUPPORT. V_pcc: 0.933,1
2026-01-01T17:35:10Z,SUPPORT,100.0,90.93333333333403,Mode: SUPPORT. V_pcc: 0.933,1
2026-01-01T17:35:15Z,SUPPORT,100.0,90.93333333333403,Mode: SUPPORT. V_pcc: 0.933,1
2026-01-01T17:35:20Z,SUPPORT,100.0,90.93333333333403,Mode: SUPPORT. V_pcc: 0.933,1
2026-01-01T17:35:25Z,SUPPORT,100.0,90.93333333333403,Mode: SUPPORT. V_pcc: 0.933,1
2026-01-01T17:35:30Z,SUPPORT,100.0,90.93333333333403,Mode: SUPPORT. V_pcc: 0.933,1
2026-01-01T17:35:35Z,SUPPORT,100.0,90.93333333333403,Mode: SUPPORT. V_pcc: 0.933,1
2026-01-01T17:35:40Z,SUPPORT,100.0,90.93333333333403,Mode: SUPPORT. V_pcc: 0.933,1
2026-01-01T17:35:45Z,SUPPORT,100.0,90.93333333333403,Mode: SUPPORT. V_pcc: 0.933,1
2026-01-01T17:35:50Z,SUPPORT,100.0,90.93333333333403,Mode: SUPPORT. V_pcc: 0.933,1
2026-01-01T17:35:55Z,SUPPORT,100.0,90.93333333333403,Mode: SUPPORT. V_pcc: 0.933,1
2026-01-01T17:36:00Z,SUPPORT,100.0,90.93333333333403,Mode: SUPPORT. V_pcc: 0.933,1
2026-01-01T17:36:05Z,SUPPORT,100.0,90.93333333333403,Mode: SUPPORT. V_pcc: 0.933,1
2026-01-01T17:36:10Z,SUPPORT,100.0,90.93333333333403,Mode: SUPPORT. V_pcc: 0.933,1
2026-01-01T17:36:15Z,SUPPORT,100.0,90.93333333333403,Mode: SUPPORT. V_pcc: 0.933,1
2026-01-01T17:36:20Z,SUPPORT,100.0,90.93333333333403,Mode: SUPPORT. V_pcc: 0.933,1
2026-01-01T17:36:25Z,SUPPORT,100.0,90.93333333333403,Mode: SUPPORT. V_pcc: 0.933,1
2026-01-01T17:36:30Z,SUPPORT,100.0,90.93333333333403,Mode: SUPPORT. V_pcc: 0.933,1
2026-01-01T17:36:35Z,SUPPORT,100.0,90.93333333333403,Mode: SUPPORT. V_pcc: 0.933,1
2026-01-01T17:36:40Z,SUPPORT,100.0,90.93333333333403,Mode: SUPPORT. V_pcc: 0.933,1
2026-01-01T17:36:45Z,SUPPORT,100.0,90.93333333333403,Mode: SUPPORT. V_pcc: 0.933,1
2026-01-01T17:36:50Z,SUPPORT,100.0,90.93333333333403,Mode: SUPPORT. V_pcc: 0.933,1
2026-01-01T17:36:55Z,SUPPORT,100.0,90.93333333333403,Mode: SUPPORT. V_pcc: 0.933,1
2026-01-01T17:37:00Z,SUPPORT,100.0,90.93333333333403,Mode: SUPPORT. V_pcc: 0.933,1
2026-01-01T17:37:05Z,SUPPORT,100.0,90.93333333333403,Mode: SUPPORT. V_pcc: 0.932,1
2026-01-01T17:37:10Z,SUPPORT,100.0,90.93333333333403,Mode: SUPPORT. V_pcc: 0.932,1
2026-01-01T17:37:15Z,SUPPORT,100.0,90.93333333333403,Mode: SUPPORT. V_pcc: 0.932,1
2026-01-01T17:37:20Z,SUPPORT,100.0,90.93333333333403,Mode: SUPPORT. V_pcc: 0.932,1
2026-01-01T17:37:25Z,SUPPORT,100.0,90.93333333333403,Mode: SUPPORT. V_pcc: 0.932,1
2026-01-01T17:37:30Z,SUPPORT,100.0,90.93333333333403,Mode: SUPPORT. V_pcc: 0.932,1
2026-01-01T17:37:35Z,SUPPORT,100.0,90.93333333333403,Mode: SUPPORT. V_pcc: 0.932,1
2026-01-01T17:37:40Z,SUPPORT,100.0,90.93333333333403,Mode: SUPPORT. V_pcc: 0.932,1
2026-01-01T17:37:45Z,SUPPORT,100.0,90.93333333333403,Mode: SUPPORT. V_pcc: 0.932,1
2026-01-01T17:37:50Z,SUPPORT,100.0,90.93333333333403,Mode: SUPPORT. V_pcc: 0.932,1
2026-01-01T17:37:55Z,SUPPORT,100.0,90.93333333333403,Mode: SUPPORT. V_pcc: 0.932,1
2026-01-01T17:38:00Z,SUPPORT,100.0,90.93333333333403,Mode: SUPPORT. V_pcc: 0.932,1
2026-01-01T17:38:05Z,SUPPORT,100.0,90.93333333333403,Mode: SUPPORT. V_pcc: 0.932,1
2026-01-01T17:38:10Z,SUPPORT,100.0,90.93333333333403,Mode: SUPPORT. V_pcc: 0.932,1
2026-01-01T17:38:15Z,SUPPORT,100.0,90.93333333333403,Mode: SUPPORT. V_pcc: 0.932,1
2026-01-01T17:38:20Z,SUPPORT,100.0,90.93333333333403,Mode: SUPPORT. V_pcc: 0.932,1
2026-01-01T17:38:25Z,SUPPORT,100.0,90.93333333333403,Mode: SUPPORT. V_pcc: 0.932,1
2026-01-01T17:38:30Z,SUPPORT,100.0,90.93333333333403,Mode: SUPPORT. V_pcc: 0.932,1
2026-01-01T17:38:35Z,SUPPORT,100.0,90.93333333333403,Mode: SUPPORT. V_pcc: 0.932,1
2026-01-01T17:38:40Z,SUPPORT,100.0,90.93333333333403,Mode: SUPPORT. V_pcc: 0.932,1
2026-01-01T17:38:45Z,SUPPORT,100.0,90.93333333333403,Mode: SUPPORT. V_pcc: 0.932,1
2026-01-01T17:38:50Z,SUPPORT,100.0,90.93333333333403,Mode: SUPPORT. V_pcc: 0.932,1
2026-01-01T17:38:55Z,SUPPORT,100.0,90.93333333333403,Mode: SUPPORT. V_pcc: 0.932,1
2026-01-01T17:39:00Z,SUPPORT,100.0,90.93333333333403,Mode: SUPPORT. V_pcc: 0.932,1
2026-01-01T17:39:05Z,SUPPORT,100.0,90.93333333333403,Mode: SUPPORT. V_pcc: 0.932,1
2026-01-01T17:39:10Z,SUPPORT,100.0,90.93333333333403,Mode: SUPPORT. V_pcc: 0.932,1
2026-01-01T17:39:15Z,SUPPORT,100.0,90.93333333333403,Mode: SUPPORT. V_pcc: 0.932,1
2026-01-01T17:39:20Z,SUPPORT,100.0,90.93333333333403,Mode: SUPPORT. V_pcc: 0.932,1
2026-01-01T17:39:25Z,SUPPORT,100.0,90.93333333333403,Mode: SUPPORT. V_pcc: 0.932,1
2026-01-01T17:39:30Z,SUPPORT,100.0,90.93333333333403,Mode: SUPPORT. V_pcc: 0.932,1
2026-01-01T17:39:35Z,SUPPORT,100.0,90.93333333333403,Mode: SUPPORT. V_pcc: 0.932,1
2026-01-01T17:39:40Z,SUPPORT,100.0,90.93333333333403,Mode: SUPPORT. V_pcc: 0.932,1
2026-01-01T17:39:45Z,SUPPORT,100.0,90.93333333333403,Mode: SUPPORT. V_pcc: 0.932,1
2026-01-01T17:39:50Z,SUPPORT,100.0,90.93333333333403,Mode: SUPPORT. V_pcc: 0.932,1
2026-01-01T17:39:55Z,SUPPORT,100.0,90.93333333333403,Mode: SUPPORT. V_pcc: 0.932,1
2026-01-01T17:40:00Z,SUPPORT,100.0,90.93333333333403,Mode: SUPPORT. V_pcc: 0.932,1
2026-01-01T17:40:05Z,SUPPORT,100.0,90.93333333333403,Mode: SUPPORT. V_pcc: 0.931,1
2026-01-01T17:40:10Z,SUPPORT,100.0,90.93333333333403,Mode: SUPPORT. V_pcc: 0.931,1
2026-01-01T17:40:15Z,SUPPORT,100.0,90.93333333333403,Mode: SUPPORT. V_pcc: 0.931,1
2026-01-01T17:40:20Z,SUPPORT,100.0,90.93333333333403,Mode: SUPPORT. V_pcc: 0.931,1
2026-01-01T17:40:25Z,SUPPORT,100.0,90.93333333333403,Mode: SUPPORT. V_pcc: 0.931,1
2026-01-01T17:40:30Z,SUPPORT,100.0,90.93333333333403,Mode: SUPPORT. V_pcc: 0.931,1
2026-01-01T17:40:35Z,SUPPORT,100.0,90.93333333333403,Mode: SUPPORT. V_pcc: 0.931,1
2026-01-01T17:40:40Z,SUPPORT,100.0,90.93333333333403,Mode: SUPPORT. V_pcc: 0.931,1
2026-01-01T17:40:45Z,SUPPORT,100.0,90.93333333333403,Mode: SUPPORT. V_pcc: 0.931,1
2026-01-01T17:40:50Z,SUPPORT,100.0,90.93333333333403,Mode: SUPPORT. V_pcc: 0.931,1
2026-01-01T17:40:55Z,SUPPORT,100.0,90.93333333333403,Mode: SUPPORT. V_pcc: 0.931,1
2026-01-01T17:41:00Z,SUPPORT,100.0,90.93333333333403,Mode: SUPPORT. V_pcc: 0.931,1
2026-01-01T17:41:05Z,SUPPORT,100.0,90.93333333333403,Mode: SUPPORT. V_pcc: 0.931,1
2026-01-01T17:41:10Z,SUPPORT,100.0,90.93333333333403,Mode: SUPPORT. V_pcc: 0.931,1
2026-01-01T17:41:15Z,SUPPORT,100.0,90.93333333333403,Mode: SUPPORT. V_pcc: 0.931,1
2026-01-01T17:41:20Z,SUPPORT,100.0,90.93333333333403,Mode: SUPPORT. V_pcc: 0.931,1
2026-01-01T17:41:25Z,SUPPORT,100.0,90.93333333333403,Mode: SUPPORT. V_pcc: 0.931,1
2026-01-01T17:41:30Z,SUPPORT,100.0,90.93333333333403,Mode: SUPPORT. V_pcc: 0.931,1
2026-01-01T17:41:35Z,SUPPORT,100.0,90.93333333333403,Mode: SUPPORT. V_pcc: 0.931,1
2026-01-01T17:41:40Z,SUPPORT,100.0,90.93333333333403,Mode: SUPPORT. V_pcc: 0.931,1
2026-01-01T17:41:45Z,SUPPORT,100.0,90.93333333333403,Mode: SUPPORT. V_pcc: 0.931,1
2026-01-01T17:41:50Z,SUPPORT,100.0,90.93333333333403,Mode: SUPPORT. V_pcc: 0.931,1
2026-01-01T17:41:55Z,SUPPORT,100.0,90.93333333333403,Mode: SUPPORT. V_pcc: 0.931,1
2026-01-01T17:42:00Z,SUPPORT,100.0,90.93333333333403,Mode: SUPPORT. V_pcc: 0.931,1
2026-01-01T17:42:05Z,SUPPORT,100.0,90.93333333333403,Mode: SUPPORT. V_pcc: 0.931,1
2026-01-01T17:42:10Z,SUPPORT,100.0,90.93333333333403,Mode: SUPPORT. V_pcc: 0.931,1
2026-01-01T17:42:15Z,SUPPORT,100.0,90.93333333333403,Mode: SUPPORT. V_pcc: 0.931,1
2026-01-01T17:42:20Z,SUPPORT,100.0,90.93333333333403,Mode: SUPPORT. V_pcc: 0.931,1
2026-01-01T17:42:25Z,SUPPORT,100.0,90.93333333333403,Mode: SUPPORT. V_pcc: 0.931,1
2026-01-01T17:42:30Z,SUPPORT,100.0,90.93333333333403,Mode: SUPPORT. V_pcc: 0.931,1
2026-01-01T17:42:35Z,SUPPORT,100.0,90.93333333333403,Mode: SUPPORT. V_pcc: 0.931,1
2026-01-01T17:42:40Z,SUPPORT,100.0,90.93333333333403,Mode: SUPPORT. V_pcc: 0.931,1
2026-01-01T17:42:45Z,SUPPORT,100.0,90.93333333333403,Mode: SUPPORT. V_pcc: 0.931,1
2026-01-01T17:42:50Z,SUPPORT,100.0,90.93333333333403,Mode: SUPPORT. V_pcc: 0.931,1
2026-01-01T17:42:55Z,SUPPORT,100.0,90.93333333333403,Mode: SUPPORT. V_pcc: 0.931,1
2026-01-01T17:43:00Z,SUPPORT,100.0,90.93333333333403,Mode: SUPPORT. V_pcc: 0.931,1
2026-01-01T17:43:05Z,SUPPORT,100.0,90.93333333333403,Mode: SUPPORT. V_pcc: 0.930,1
2026-01-01T17:43:10Z,SUPPORT,100.0,90.93333333333403,Mode: SUPPORT. V_pcc: 0.930,1
2026-01-01T17:43:15Z,SUPPORT,100.0,90.93333333333403,Mode: SUPPORT. V_pcc: 0.930,1
2026-01-01T17:43:20Z,SUPPORT,100.0,90.93333333333403,Mode: SUPPORT. V_pcc: 0.930,1
2026-01-01T17:43:25Z,SUPPORT,100.0,90.93333333333403,Mode: SUPPORT. V_pcc: 0.930,1
2026-01-01T17:43:30Z,SUPPORT,100.0,90.93333333333403,Mode: SUPPORT. V_pcc: 0.930,1
2026-01-01T17:43:35Z,SUPPORT,100.0,90.93333333333403,Mode: SUPPORT. V_pcc: 0.930,1
2026-01-01T17:43:40Z,SUPPORT,100.0,90.93333333333403,Mode: SUPPORT. V_pcc: 0.930,1
2026-01-01T17:43:45Z,SUPPORT,100.0,90.93333333333403,Mode: SUPPORT. V_pcc: 0.930,1
2026-01-01T17:43:50Z,SUPPORT,100.0,90.93333333333403,Mode: SUPPORT. V_pcc: 0.930,1
2026-01-01T17:43:55Z,SUPPORT,100.0,90.93333333333403,Mode: SUPPORT. V_pcc: 0.930,1
2026-01-01T17:44:00Z,SUPPORT,100.0,90.93333333333403,Mode: SUPPORT. V_pcc: 0.930,1
2026-01-01T17:44:05Z,SUPPORT,100.0,90.93333333333403,Mode: SUPPORT. V_pcc: 0.930,1
2026-01-01T17:44:10Z,SUPPORT,100.0,90.93333333333403,Mode: SUPPORT. V_pcc: 0.930,1
2026-01-01T17:44:15Z,SUPPORT,100.0,90.93333333333403,Mode: SUPPORT. V_pcc: 0.930,1
2026-01-01T17:44:20Z,SUPPORT,100.0,90.93333333333403,Mode: SUPPORT. V_pcc: 0.930,1
2026-01-01T17:44:25Z,SUPPORT,100.0,90.93333333333403,Mode: SUPPORT. V_pcc: 0.930,1
2026-01-01T17:44:30Z,SUPPORT,100.0,90.93333333333403,Mode: SUPPORT. V_pcc: 0.930,1
2026-01-01T17:44:35Z,SUPPORT,100.0,90.93333333333403,Mode: SUPPORT. V_pcc: 0.930,1
2026-01-01T17:44:40Z,SUPPORT,100.0,90.93333333333403,Mode: SUPPORT. V_pcc: 0.930,1
2026-01-01T17:44:45Z,SUPPORT,100.0,90.93333333333403,Mode: SUPPORT. V_pcc: 0.930,1
2026-01-01T17:44:50Z,SUPPORT,100.0,90.93333333333403,Mode: SUPPORT. V_pcc: 0.930,1
2026-01-01T17:44:55Z,SUPPORT,100.0,90.93333333333403,Mode: SUPPORT. V_pcc: 0.930,1
2026-01-01T17:45:00Z,SUPPORT,100.0,90.93333333333403,Mode: SUPPORT. V_pcc: 0.930,1
2026-01-01T17:45:05Z,SUPPORT,100.0,90.93333333333403,Mode: SUPPORT. V_pcc: 0.930,1
2026-01-01T17:45:10Z,SUPPORT,100.0,90.93333333333403,Mode: SUPPORT. V_pcc: 0.930,1
2026-01-01T17:45:15Z,SUPPORT,100.0,90.93333333333403,Mode: SUPPORT. V_pcc: 0.930,1
2026-01-01T17:45:20Z,SUPPORT,100.0,90.93333333333403,Mode: SUPPORT. V_pcc: 0.930,1
2026-01-01T17:45:25Z,SUPPORT,100.0,90.93333333333403,Mode: SUPPORT. V_pcc: 0.930,1
2026-01-01T17:45:30Z,SUPPORT,100.0,90.93333333333403,Mode: SUPPORT. V_pcc: 0.930,1
2026-01-01T17:45:35Z,SUPPORT,100.0,90.93333333333403,Mode: SUPPORT. V_pcc: 0.930,1
2026-01-01T17:45:40Z,SUPPORT,100.0,90.93333333333403,Mode: SUPPORT. V_pcc: 0.930,1
2026-01-01T17:45:45Z,SUPPORT,100.0,90.93333333333403,Mode: SUPPORT. V_pcc: 0.930,1
2026-01-01T17:45:50Z,SUPPORT,100.0,90.93333333333403,Mode: SUPPORT. V_pcc: 0.930,1
2026-01-01T17:45:55Z,SUPPORT,100.0,90.93333333333403,Mode: SUPPORT. V_pcc: 0.930,1
2026-01-01T17:46:00Z,SUPPORT,100.0,90.93333333333403,Mode: SUPPORT. V_pcc: 0.930,1
2026-01-01T17:46:05Z,SUPPORT,100.0,90.93333333333403,Mode: SUPPORT. V_pcc: 0.929,1
2026-01-01T17:46:10Z,SUPPORT,100.0,90.93333333333403,Mode: SUPPORT. V_pcc: 0.929,1
2026-01-01T17:46:15Z,SUPPORT,100.0,90.93333333333403,Mode: SUPPORT. V_pcc: 0.929,1
2026-01-01T17:46:20Z,SUPPORT,100.0,90.93333333333403,Mode: SUPPORT. V_pcc: 0.929,1
2026-01-01T17:46:25Z,SUPPORT,100.0,90.93333333333403,Mode: SUPPORT. V_pcc: 0.929,1
2026-01-01T17:46:30Z,SUPPORT,100.0,90.93333333333403,Mode: SUPPORT. V_pcc: 0.929,1
2026-01-01T17:46:35Z,SUPPORT,100.0,90.93333333333403,Mode: SUPPORT. V_pcc: 0.929,1
2026-01-01T17:46:40Z,SUPPORT,100.0,90.93333333333403,Mode: SUPPORT. V_pcc: 0.929,1
2026-01-01T17:46:45Z,SUPPORT,100.0,90.93333333333403,Mode: SUPPORT. V_pcc: 0.929,1
2026-01-01T17:46:50Z,SUPPORT,100.0,90.93333333333403,Mode: SUPPORT. V_pcc: 0.929,1
2026-01-01T17:46:55Z,SUPPORT,100.0,90.93333333333403,Mode: SUPPORT. V_pcc: 0.929,1
2026-01-01T17:47:00Z,SUPPORT,100.0,90.93333333333403,Mode: SUPPORT. V_pcc: 0.929,1
2026-01-01T17:47:05Z,SUPPORT,100.0,90.93333333333403,Mode: SUPPORT. V_pcc: 0.929,1
2026-01-01T17:47:10Z,SUPPORT,100.0,90.93333333333403,Mode: SUPPORT. V_pcc: 0.929,1
2026-01-01T17:47:15Z,SUPPORT,100.0,90.93333333333403,Mode: SUPPORT. V_pcc: 0.929,1
2026-01-01T17:47:20Z,SUPPORT,100.0,90.93333333333403,Mode: SUPPORT. V_pcc: 0.929,1
2026-01-01T17:47:25Z,SUPPORT,100.0,90.93333333333403,Mode: SUPPORT. V_pcc: 0.929,1
2026-01-01T17:47:30Z,SUPPORT,100.0,90.93333333333403,Mode: SUPPORT. V_pcc: 0.929,1
2026-01-01T17:47:35Z,SUPPORT,100.0,90.93333333333403,Mode: SUPPORT. V_pcc: 0.929,1
2026-01-01T17:47:40Z,SUPPORT,100.0,90.93333333333403,Mode: SUPPORT. V_pcc: 0.929,1
2026-01-01T17:47:45Z,SUPPORT,100.0,90.93333333333403,Mode: SUPPORT. V_pcc: 0.929,1
2026-01-01T17:47:50Z,SUPPORT,100.0,90.93333333333403,Mode: SUPPORT. V_pcc: 0.929,1
2026-01-01T17:47:55Z,SUPPORT,100.0,90.93333333333403,Mode: SUPPORT. V_pcc: 0.929,1
2026-01-01T17:48:00Z,SUPPORT,100.0,90.93333333333403,Mode: SUPPORT. V_pcc: 0.929,1
2026-01-01T17:48:05Z,SUPPORT,100.0,90.93333333333403,Mode: SUPPORT. V_pcc: 0.928,1
2026-01-01T17:48:10Z,SUPPORT,100.0,90.93333333333403,Mode: SUPPORT. V_pcc: 0.928,1
2026-01-01T17:48:15Z,SUPPORT,100.0,90.93333333333403,Mode: SUPPORT. V_pcc: 0.928,1
2026-01-01T17:48:20Z,SUPPORT,100.0,90.93333333333403,Mode: SUPPORT. V_pcc: 0.928,1
2026-01-01T17:48:25Z,SUPPORT,100.0,90.93333333333403,Mode: SUPPORT. V_pcc: 0.928,1
2026-01-01T17:48:30Z,SUPPORT,100.0,90.93333333333403,Mode: SUPPORT. V_pcc: 0.928,1
2026-01-01T17:48:35Z,SUPPORT,100.0,90.93333333333403,Mode: SUPPORT. V_pcc: 0.928,1
2026-01-01T17:48:40Z,SUPPORT,100.0,90.93333333333403,Mode: SUPPORT. V_pcc: 0.928,1
2026-01-01T17:48:45Z,SUPPORT,100.0,90.93333333333403,Mode: SUPPORT. V_pcc: 0.928,1
2026-01-01T17:48:50Z,SUPPORT,100.0,90.93333333333403,Mode: SUPPORT. V_pcc: 0.928,1
2026-01-01T17:48:55Z,SUPPORT,100.0,90.93333333333403,Mode: SUPPORT. V_pcc: 0.928,1
2026-01-01T17:49:00Z,SUPPORT,100.0,90.93333333333403,Mode: SUPPORT. V_pcc: 0.928,1
2026-01-01T17:49:05Z,SUPPORT,100.0,90.93333333333403,Mode: SUPPORT. V_pcc: 0.928,1
2026-01-01T17:49:10Z,SUPPORT,100.0,90.93333333333403,Mode: SUPPORT. V_pcc: 0.928,1
2026-01-01T17:49:15Z,SUPPORT,100.0,90.93333333333403,Mode: SUPPORT. V_pcc: 0.928,1
2026-01-01T17:49:20Z,SUPPORT,100.0,90.93333333333403,Mode: SUPPORT. V_pcc: 0.928,1
2026-01-01T17:49:25Z,SUPPORT,100.0,90.93333333333403,Mode: SUPPORT. V_pcc: 0.928,1
2026-01-01T17:49:30Z,SUPPORT,100.0,90.93333333333403,Mode: SUPPORT. V_pcc: 0.928,1
2026-01-01T17:49:35Z,SUPPORT,100.0,90.93333333333403,Mode: SUPPORT. V_pcc: 0.928,1
2026-01-01T17:49:40Z,SUPPORT,100.0,90.93333333333403,Mode: SUPPORT. V_pcc: 0.928,1
2026-01-01T17:49:45Z,SUPPORT,100.0,90.93333333333403,Mode: SUPPORT. V_pcc: 0.928,1
2026-01-01T17:49:50Z,SUPPORT,100.0,90.93333333333403,Mode: SUPPORT. V_pcc: 0.928,1
2026-01-01T17:49:55Z,SUPPORT,100.0,90.93333333333403,Mode: SUPPORT. V_pcc: 0.928,1
2026-01-01T17:50:00Z,SUPPORT,100.0,90.93333333333403,Mode: SUPPORT. V_pcc: 0.928,1
2026-01-01T17:50:05Z,SUPPORT,100.0,90.93333333333403,Mode: SUPPORT. V_pcc: 0.928,1
2026-01-01T17:50:10Z,SUPPORT,100.0,90.93333333333403,Mode: SUPPORT. V_pcc: 0.928,1
2026-01-01T17:50:15Z,SUPPORT,100.0,90.93333333333403,Mode: SUPPORT. V_pcc: 0.928,1
2026-01-01T17:50:20Z,SUPPORT,100.0,90.93333333333403,Mode: SUPPORT. V_pcc: 0.928,1
2026-01-01T17:50:25Z,SUPPORT,100.0,90.93333333333403,Mode: SUPPORT. V_pcc: 0.928,1
2026-01-01T17:50:30Z,SUPPORT,100.0,90.93333333333403,Mode: SUPPORT. V_pcc: 0.928,1
2026-01-01T17:50:35Z,SUPPORT,100.0,90.93333333333403,Mode: SUPPORT. V_pcc: 0.928,1
2026-01-01T17:50:40Z,SUPPORT,100.0,90.93333333333403,Mode: SUPPORT. V_pcc: 0.928,1
2026-01-01T17:50:45Z,SUPPORT,100.0,90.93333333333403,Mode: SUPPORT. V_pcc: 0.928,1
2026-01-01T17:50:50Z,SUPPORT,100.0,90.93333333333403,Mode: SUPPORT. V_pcc: 0.928,1
2026-01-01T17:50:55Z,SUPPORT,100.0,90.93333333333403,Mode: SUPPORT. V_pcc: 0.928,1
2026-01-01T17:51:00Z,SUPPORT,100.0,90.93333333333403,Mode: SUPPORT. V_pcc: 0.928,1
2026-01-01T17:51:05Z,SUPPORT,100.0,90.93333333333403,Mode: SUPPORT. V_pcc: 0.927,1
2026-01-01T17:51:10Z,SUPPORT,100.0,90.93333333333403,Mode: SUPPORT. V_pcc: 0.927,1
2026-01-01T17:51:15Z,SUPPORT,100.0,90.93333333333403,Mode: SUPPORT. V_pcc: 0.927,1
2026-01-01T17:51:20Z,SUPPORT,100.0,90.93333333333403,Mode: SUPPORT. V_pcc: 0.927,1
2026-01-01T17:51:25Z,SUPPORT,100.0,90.93333333333403,Mode: SUPPORT. V_pcc: 0.927,1
2026-01-01T17:51:30Z,SUPPORT,100.0,90.93333333333403,Mode: SUPPORT. V_pcc: 0.927,1
2026-01-01T17:51:35Z,SUPPORT,100.0,90.93333333333403,Mode: SUPPORT. V_pcc: 0.927,1
2026-01-01T17:51:40Z,SUPPORT,100.0,90.93333333333403,Mode: SUPPORT. V_pcc: 0.927,1
2026-01-01T17:51:45Z,SUPPORT,100.0,90.93333333333403,Mode: SUPPORT. V_pcc: 0.927,1
2026-01-01T17:51:50Z,SUPPORT,100.0,90.93333333333403,Mode: SUPPORT. V_pcc: 0.927,1
2026-01-01T17:51:55Z,SUPPORT,100.0,90.93333333333403,Mode: SUPPORT. V_pcc: 0.927,1
2026-01-01T17:52:00Z,SUPPORT,100.0,90.93333333333403,Mode: SUPPORT. V_pcc: 0.927,1
2026-01-01T17:52:05Z,SUPPORT,100.0,90.93333333333403,Mode: SUPPORT. V_pcc: 0.927,1
2026-01-01T17:52:10Z,SUPPORT,100.0,90.93333333333403,Mode: SUPPORT. V_pcc: 0.927,1
2026-01-01T17:52:15Z,SUPPORT,100.0,90.93333333333403,Mode: SUPPORT. V_pcc: 0.927,1
2026-01-01T17:52:20Z,SUPPORT,100.0,90.93333333333403,Mode: SUPPORT. V_pcc: 0.927,1
2026-01-01T17:52:25Z,SUPPORT,100.0,90.93333333333403,Mode: SUPPORT. V_pcc: 0.927,1
2026-01-01T17:52:30Z,SUPPORT,100.0,90.93333333333403,Mode: SUPPORT. V_pcc: 0.927,1
2026-01-01T17:52:35Z,SUPPORT,100.0,90.93333333333403,Mode: SUPPORT. V_pcc: 0.927,1
2026-01-01T17:52:40Z,SUPPORT,100.0,90.93333333333403,Mode: SUPPORT. V_pcc: 0.927,1
2026-01-01T17:52:45Z,SUPPORT,100.0,90.93333333333403,Mode: SUPPORT. V_pcc: 0.927,1
2026-01-01T17:52:50Z,SUPPORT,100.0,90.93333333333403,Mode: SUPPORT. V_pcc: 0.927,1
2026-01-01T17:52:55Z,SUPPORT,100.0,90.93333333333403,Mode: SUPPORT. V_pcc: 0.927,1
2026-01-01T17:53:00Z,SUPPORT,100.0,90.93333333333403,Mode: SUPPORT. V_pcc: 0.927,1
2026-01-01T17:53:05Z,SUPPORT,100.0,90.93333333333403,Mode: SUPPORT. V_pcc: 0.927,1
2026-01-01T17:53:10Z,SUPPORT,100.0,90.93333333333403,Mode: SUPPORT. V_pcc: 0.927,1
2026-01-01T17:53:15Z,SUPPORT,100.0,90.93333333333403,Mode: SUPPORT. V_pcc: 0.927,1
2026-01-01T17:53:20Z,SUPPORT,100.0,90.93333333333403,Mode: SUPPORT. V_pcc: 0.927,1
2026-01-01T17:53:25Z,SUPPORT,100.0,90.93333333333403,Mode: SUPPORT. V_pcc: 0.927,1
2026-01-01T17:53:30Z,SUPPORT,100.0,90.93333333333403,Mode: SUPPORT. V_pcc: 0.927,1
2026-01-01T17:53:35Z,SUPPORT,100.0,90.93333333333403,Mode: SUPPORT. V_pcc: 0.927,1
2026-01-01T17:53:40Z,SUPPORT,100.0,90.93333333333403,Mode: SUPPORT. V_pcc: 0.927,1
2026-01-01T17:53:45Z,SUPPORT,100.0,90.93333333333403,Mode: SUPPORT. V_pcc: 0.927,1
2026-01-01T17:53:50Z,SUPPORT,100.0,90.93333333333403,Mode: SUPPORT. V_pcc: 0.927,1
2026-01-01T17:53:55Z,SUPPORT,100.0,90.93333333333403,Mode: SUPPORT. V_pcc: 0.927,1
2026-01-01T17:54:00Z,SUPPORT,100.0,90.93333333333403,Mode: SUPPORT. V_pcc: 0.927,1
2026-01-01T17:54:05Z,SUPPORT,100.0,90.93333333333403,Mode: SUPPORT. V_pcc: 0.926,1
2026-01-01T17:54:10Z,SUPPORT,100.0,90.93333333333403,Mode: SUPPORT. V_pcc: 0.926,1
2026-01-01T17:54:15Z,SUPPORT,100.0,90.93333333333403,Mode: SUPPORT. V_pcc: 0.926,1
2026-01-01T17:54:20Z,SUPPORT,100.0,90.93333333333403,Mode: SUPPORT. V_pcc: 0.926,1
2026-01-01T17:54:25Z,SUPPORT,100.0,90.93333333333403,Mode: SUPPORT. V_pcc: 0.926,1
2026-01-01T17:54:30Z,SUPPORT,100.0,90.93333333333403,Mode: SUPPORT. V_pcc: 0.926,1
2026-01-01T17:54:35Z,SUPPORT,100.0,90.93333333333403,Mode: SUPPORT. V_pcc: 0.926,1
2026-01-01T17:54:40Z,SUPPORT,100.0,90.93333333333403,Mode: SUPPORT. V_pcc: 0.926,1
2026-01-01T17:54:45Z,SUPPORT,100.0,90.93333333333403,Mode: SUPPORT. V_pcc: 0.926,1
2026-01-01T17:54:50Z,SUPPORT,100.0,90.93333333333403,Mode: SUPPORT. V_pcc: 0.926,1
2026-01-01T17:54:55Z,SUPPORT,100.0,90.93333333333403,Mode: SUPPORT. V_pcc: 0.926,1
2026-01-01T17:55:00Z,SUPPORT,100.0,90.93333333333403,Mode: SUPPORT. V_pcc: 0.926,1
2026-01-01T17:55:05Z,SUPPORT,100.0,90.93333333333403,Mode: SUPPORT. V_pcc: 0.926,1
2026-01-01T17:55:10Z,SUPPORT,100.0,90.93333333333403,Mode: SUPPORT. V_pcc: 0.926,1
2026-01-01T17:55:15Z,SUPPORT,100.0,90.93333333333403,Mode: SUPPORT. V_pcc: 0.926,1
2026-01-01T17:55:20Z,SUPPORT,100.0,90.93333333333403,Mode: SUPPORT. V_pcc: 0.926,1
2026-01-01T17:55:25Z,SUPPORT,100.0,90.93333333333403,Mode: SUPPORT. V_pcc: 0.926,1
2026-01-01T17:55:30Z,SUPPORT,100.0,90.93333333333403,Mode: SUPPORT. V_pcc: 0.926,1
2026-01-01T17:55:35Z,SUPPORT,100.0,90.93333333333403,Mode: SUPPORT. V_pcc: 0.926,1
2026-01-01T17:55:40Z,SUPPORT,100.0,90.93333333333403,Mode: SUPPORT. V_pcc: 0.926,1
2026-01-01T17:55:45Z,SUPPORT,100.0,90.93333333333403,Mode: SUPPORT. V_pcc: 0.926,1
2026-01-01T17:55:50Z,SUPPORT,100.0,90.93333333333403,Mode: SUPPORT. V_pcc: 0.926,1
2026-01-01T17:55:55Z,SUPPORT,100.0,90.93333333333403,Mode: SUPPORT. V_pcc: 0.926,1
2026-01-01T17:56:00Z,SUPPORT,100.0,90.93333333333403,Mode: SUPPORT. V_pcc: 0.926,1
2026-01-01T17:56:05Z,SUPPORT,100.0,90.93333333333403,Mode: SUPPORT. V_pcc: 0.925,1
2026-01-01T17:56:10Z,SUPPORT,100.0,90.93333333333403,Mode: SUPPORT. V_pcc: 0.925,1
2026-01-01T17:56:15Z,SUPPORT,100.0,90.93333333333403,Mode: SUPPORT. V_pcc: 0.925,1
2026-01-01T17:56:20Z,SUPPORT,100.0,90.93333333333403,Mode: SUPPORT. V_pcc: 0.925,1
2026-01-01T17:56:25Z,SUPPORT,100.0,90.93333333333403,Mode: SUPPORT. V_pcc: 0.925,1
2026-01-01T17:56:30Z,SUPPORT,100.0,90.93333333333403,Mode: SUPPORT. V_pcc: 0.925,1
2026-01-01T17:56:35Z,SUPPORT,100.0,90.93333333333403,Mode: SUPPORT. V_pcc: 0.925,1
2026-01-01T17:56:40Z,SUPPORT,100.0,90.93333333333403,Mode: SUPPORT. V_pcc: 0.925,1
2026-01-01T17:56:45Z,SUPPORT,100.0,90.93333333333403,Mode: SUPPORT. V_pcc: 0.925,1
2026-01-01T17:56:50Z,SUPPORT,100.0,90.93333333333403,Mode: SUPPORT. V_pcc: 0.925,1
2026-01-01T17:56:55Z,SUPPORT,100.0,90.93333333333403,Mode: SUPPORT. V_pcc: 0.925,1
2026-01-01T17:57:00Z,SUPPORT,100.0,90.93333333333403,Mode: SUPPORT. V_pcc: 0.925,1
2026-01-01T17:57:05Z,SUPPORT,100.0,90.93333333333403,Mode: SUPPORT. V_pcc: 0.925,1
2026-01-01T17:57:10Z,SUPPORT,100.0,90.93333333333403,Mode: SUPPORT. V_pcc: 0.925,1
2026-01-01T17:57:15Z,SUPPORT,100.0,90.93333333333403,Mode: SUPPORT. V_pcc: 0.925,1
2026-01-01T17:57:20Z,SUPPORT,100.0,90.93333333333403,Mode: SUPPORT. V_pcc: 0.925,1
2026-01-01T17:57:25Z,SUPPORT,100.0,90.93333333333403,Mode: SUPPORT. V_pcc: 0.925,1
2026-01-01T17:57:30Z,SUPPORT,100.0,90.93333333333403,Mode: SUPPORT. V_pcc: 0.925,1
2026-01-01T17:57:35Z,SUPPORT,100.0,90.93333333333403,Mode: SUPPORT. V_pcc: 0.925,1
2026-01-01T17:57:40Z,SUPPORT,100.0,90.93333333333403,Mode: SUPPORT. V_pcc: 0.925,1
2026-01-01T17:57:45Z,SUPPORT,100.0,90.93333333333403,Mode: SUPPORT. V_pcc: 0.925,1
2026-01-01T17:57:50Z,SUPPORT,100.0,90.93333333333403,Mode: SUPPORT. V_pcc: 0.925,1
2026-01-01T17:57:55Z,SUPPORT,100.0,90.93333333333403,Mode: SUPPORT. V_pcc: 0.925,1
2026-01-01T17:58:00Z,SUPPORT,100.0,90.93333333333403,Mode: SUPPORT. V_pcc: 0.925,1
2026-01-01T17:58:05Z,SUPPORT,100.0,90.93333333333403,Mode: SUPPORT. V_pcc: 0.925,1
2026-01-01T17:58:10Z,SUPPORT,100.0,90.93333333333403,Mode: SUPPORT. V_pcc: 0.925,1
2026-01-01T17:58:15Z,SUPPORT,100.0,90.93333333333403,Mode: SUPPORT. V_pcc: 0.925,1
2026-01-01T17:58:20Z,SUPPORT,100.0,90.93333333333403,Mode: SUPPORT. V_pcc: 0.925,1
2026-01-01T17:58:25Z,SUPPORT,100.0,90.93333333333403,Mode: SUPPORT. V_pcc: 0.925,1
2026-01-01T17:58:30Z,SUPPORT,100.0,90.93333333333403,Mode: SUPPORT. V_pcc: 0.925,1
2026-01-01T17:58:35Z,SUPPORT,100.0,90.93333333333403,Mode: SUPPORT. V_pcc: 0.925,1
2026-01-01T17:58:40Z,SUPPORT,100.0,90.93333333333403,Mode: SUPPORT. V_pcc: 0.925,1
2026-01-01T17:58:45Z,SUPPORT,100.0,90.93333333333403,Mode: SUPPORT. V_pcc: 0.925,1
2026-01-01T17:58:50Z,SUPPORT,100.0,90.93333333333403,Mode: SUPPORT. V_pcc: 0.925,1
2026-01-01T17:58:55Z,SUPPORT,100.0,90.93333333333403,Mode: SUPPORT. V_pcc: 0.925,1
2026-01-01T17:59:00Z,SUPPORT,100.0,90.93333333333403,Mode: SUPPORT. V_pcc: 0.925,1
2026-01-01T17:59:05Z,SUPPORT,100.0,90.93333333333403,Mode: SUPPORT. V_pcc: 0.924,1
2026-01-01T17:59:10Z,SUPPORT,100.0,90.93333333333403,Mode: SUPPORT. V_pcc: 0.924,1
2026-01-01T17:59:15Z,SUPPORT,100.0,90.93333333333403,Mode: SUPPORT. V_pcc: 0.924,1
2026-01-01T17:59:20Z,SUPPORT,100.0,90.93333333333403,Mode: SUPPORT. V_pcc: 0.924,1
2026-01-01T17:59:25Z,SUPPORT,100.0,90.93333333333403,Mode: SUPPORT. V_pcc: 0.924,1
2026-01-01T17:59:30Z,SUPPORT,100.0,90.93333333333403,Mode: SUPPORT. V_pcc: 0.924,1
2026-01-01T17:59:35Z,SUPPORT,100.0,90.93333333333403,Mode: SUPPORT. V_pcc: 0.924,1
2026-01-01T17:59:40Z,SUPPORT,100.0,90.93333333333403,Mode: SUPPORT. V_pcc: 0.924,1
2026-01-01T17:59:45Z,SUPPORT,100.0,90.93333333333403,Mode: SUPPORT. V_pcc: 0.924,1
2026-01-01T17:59:50Z,SUPPORT,100.0,90.93333333333403,Mode: SUPPORT. V_pcc: 0.924,1
2026-01-01T17:59:55Z,SUPPORT,100.0,90.93333333333403,Mode: SUPPORT. V_pcc: 0.924,1
2026-01-01T18:00:00Z,SUPPORT,100.0,90.93333333333403,Mode: SUPPORT. V_pcc: 0.924,0
2026-01-01T18:00:05Z,ISLAND,99.96710526315789,90.93333333333403,Mode: ISLAND. V_pcc: -0.076,0
2026-01-01T18:00:10Z,ISLAND,99.9342105263158,90.93333333333403,Mode: ISLAND. V_pcc: -0.076,0
2026-01-01T18:00:15Z,ISLAND,99.90131578947367,90.93333333333403,Mode: ISLAND. V_pcc: -0.074,0
2026-01-01T18:00:20Z,ISLAND,99.86842105263158,90.93333333333403,Mode: ISLAND. V_pcc: -0.074,0
2026-01-01T18:00:25Z,ISLAND,99.83552631578947,90.93333333333403,Mode: ISLAND. V_pcc: -0.074,0
2026-01-01T18:00:30Z,ISLAND,99.80263157894737,90.93333333333403,Mode: ISLAND. V_pcc: -0.074,0
2026-01-01T18:00:35Z,ISLAND,99.76973684210526,90.93333333333403,Mode: ISLAND. V_pcc: -0.074,0
2026-01-01T18:00:40Z,ISLAND,99.73684210526315,90.93333333333403,Mode: ISLAND. V_pcc: -0.074,0
2026-01-01T18:00:45Z,ISLAND,99.70394736842104,90.93333333333403,Mode: ISLAND. V_pcc: -0.074,0
2026-01-01T18:00:50Z,ISLAND,99.67105263157893,90.93333333333403,Mode: ISLAND. V_pcc: -0.074,0
2026-01-01T18:00:55Z,ISLAND,99.63815789473684,90.93333333333403,Mode: ISLAND. V_pcc: -0.074,0
2026-01-01T18:01:00Z,ISLAND,99.60526315789473,90.93333333333403,Mode: ISLAND. V_pcc: -0.074,0
2026-01-01T18:01:05Z,ISLAND,99.57236842105262,90.93333333333403,Mode: ISLAND. V_pcc: -0.075,0
2026-01-01T18:01:10Z,ISLAND,99.5394736842105,90.93333333333403,Mode: ISLAND. V_pcc: -0.075,0
2026-01-01T18:01:15Z,ISLAND,99.50657894736841,90.93333333333403,Mode: ISLAND. V_pcc: -0.075,0
2026-01-01T18:01:20Z,ISLAND,99.4736842105263,90.93333333333403,Mode: ISLAND. V_pcc: -0.075,0
2026-01-01T18:01:25Z,ISLAND,99.4407894736842,90.93333333333403,Mode: ISLAND. V_pcc: -0.075,0
2026-01-01T18:01:30Z,ISLAND,99.40789473684208,90.93333333333403,Mode: ISLAND. V_pcc: -0.075,0
2026-01-01T18:01:35Z,ISLAND,99.37499999999999,90.93333333333403,Mode: ISLAND. V_pcc: -0.075,0
2026-01-01T18:01:40Z,ISLAND,99.34210526315788,90.93333333333403,Mode: ISLAND. V_pcc: -0.075,0
2026-01-01T18:01:45Z,ISLAND,99.30921052631577,90.93333333333403,Mode: ISLAND. V_pcc: -0.075,0
2026-01-01T18:01:50Z,ISLAND,99.27631578947367,90.93333333333403,Mode: ISLAND. V_pcc: -0.075,0
2026-01-01T18:01:55Z,ISLAND,99.24342105263155,90.93333333333403,Mode: ISLAND. V_pcc: -0.075,0
2026-01-01T18:02:00Z,ISLAND,99.21052631578945,90.93333333333403,Mode: ISLAND. V_pcc: -0.075,0
2026-01-01T18:02:05Z,ISLAND,99.17763157894734,90.93333333333403,Mode: ISLAND. V_pcc: -0.075,0
2026-01-01T18:02:10Z,ISLAND,99.14473684210525,90.93333333333403,Mode: ISLAND. V_pcc: -0.075,0
2026-01-01T18:02:15Z,ISLAND,99.11184210526314,90.93333333333403,Mode: ISLAND. V_pcc: -0.075,0
2026-01-01T18:02:20Z,ISLAND,99.07894736842103,90.93333333333403,Mode: ISLAND. V_pcc: -0.075,0
2026-01-01T18:02:25Z,ISLAND,99.04605263157892,90.93333333333403,Mode: ISLAND. V_pcc: -0.075,0
2026-01-01T18:02:30Z,ISLAND,99.01315789473682,90.93333333333403,Mode: ISLAND. V_pcc: -0.075,0
2026-01-01T18:02:35Z,ISLAND,98.98026315789471,90.93333333333403,Mode: ISLAND. V_pcc: -0.075,0
2026-01-01T18:02:40Z,ISLAND,98.9473684210526,90.93333333333403,Mode: ISLAND. V_pcc: -0.075,0
2026-01-01T18:02:45Z,ISLAND,98.91447368421049,90.93333333333403,Mode: ISLAND. V_pcc: -0.075,0
2026-01-01T18:02:50Z,ISLAND,98.88157894736838,90.93333333333403,Mode: ISLAND. V_pcc: -0.075,0
2026-01-01T18:02:55Z,ISLAND,98.84868421052629,90.93333333333403,Mode: ISLAND. V_pcc: -0.075,0
2026-01-01T18:03:00Z,ISLAND,98.81578947368418,90.93333333333403,Mode: ISLAND. V_pcc: -0.075,0
2026-01-01T18:03:05Z,ISLAND,98.78289473684208,90.93333333333403,Mode: ISLAND. V_pcc: -0.076,0
2026-01-01T18:03:10Z,ISLAND,98.74999999999996,90.93333333333403,Mode: ISLAND. V_pcc: -0.076,0
2026-01-01T18:03:15Z,ISLAND,98.71710526315786,90.93333333333403,Mode: ISLAND. V_pcc: -0.076,0
2026-01-01T18:03:20Z,ISLAND,98.68421052631575,90.93333333333403,Mode: ISLAND. V_pcc: -0.076,0
2026-01-01T18:03:25Z,ISLAND,98.65131578947364,90.93333333333403,Mode: ISLAND. V_pcc: -0.076,0
2026-01-01T18:03:30Z,ISLAND,98.61842105263155,90.93333333333403,Mode: ISLAND. V_pcc: -0.076,0
2026-01-01T18:03:35Z,ISLAND,98.58552631578942,90.93333333333403,Mode: ISLAND. V_pcc: -0.076,0
2026-01-01T18:03:40Z,ISLAND,98.55263157894733,90.93333333333403,Mode: ISLAND. V_pcc: -0.076,0
2026-01-01T18:03:45Z,ISLAND,98.51973684210522,90.93333333333403,Mode: ISLAND. V_pcc: -0.076,0
2026-01-01T18:03:50Z,ISLAND,98.48684210526312,90.93333333333403,Mode: ISLAND. V_pcc: -0.076,0
2026-01-01T18:03:55Z,ISLAND,98.45394736842101,90.93333333333403,Mode: ISLAND. V_pcc: -0.076,0
2026-01-01T18:04:00Z,ISLAND,98.4210526315789,90.93333333333403,Mode: ISLAND. V_pcc: -0.076,0
2026-01-01T18:04:05Z,ISLAND,98.38815789473679,90.93333333333403,Mode: ISLAND. V_pcc: -0.076,0
2026-01-01T18:04:10Z,ISLAND,98.35526315789468,90.93333333333403,Mode: ISLAND. V_pcc: -0.076,0
2026-01-01T18:04:15Z,ISLAND,98.32236842105259,90.93333333333403,Mode: ISLAND. V_pcc: -0.076,0
2026-01-01T18:04:20Z,ISLAND,98.28947368421048,90.93333333333403,Mode: ISLAND. V_pcc: -0.076,0
2026-01-01T18:04:25Z,ISLAND,98.25657894736837,90.93333333333403,Mode: ISLAND. V_pcc: -0.076,0
2026-01-01T18:04:30Z,ISLAND,98.22368421052626,90.93333333333403,Mode: ISLAND. V_pcc: -0.076,0
2026-01-01T18:04:35Z,ISLAND,98.19078947368416,90.93333333333403,Mode: ISLAND. V_pcc: -0.076,0
2026-01-01T18:04:40Z,ISLAND,98.15789473684205,90.93333333333403,Mode: ISLAND. V_pcc: -0.076,0
2026-01-01T18:04:45Z,ISLAND,98.12499999999996,90.93333333333403,Mode: ISLAND. V_pcc: -0.076,0
2026-01-01T18:04:50Z,ISLAND,98.09210526315783,90.93333333333403,Mode: ISLAND. V_pcc: -0.076,0
2026-01-01T18:04:55Z,ISLAND,98.05921052631574,90.93333333333403,Mode: ISLAND. V_pcc: -0.076,0
2026-01-01T18:05:00Z,ISLAND,98.02631578947363,90.93333333333403,Mode: ISLAND. V_pcc: -0.076,0
2026-01-01T18:05:05Z,ISLAND,97.99342105263152,90.93333333333403,Mode: ISLAND. V_pcc: -0.076,0
2026-01-01T18:05:10Z,ISLAND,97.96052631578942,90.93333333333403,Mode: ISLAND. V_pcc: -0.076,0
2026-01-01T18:05:15Z,ISLAND,97.9276315789473,90.93333333333403,Mode: ISLAND. V_pcc: -0.076,0
2026-01-01T18:05:20Z,ISLAND,97.8947368421052,90.93333333333403,Mode: ISLAND. V_pcc: -0.076,0
2026-01-01T18:05:25Z,ISLAND,97.8618421052631,90.93333333333403,Mode: ISLAND. V_pcc: -0.076,0
2026-01-01T18:05:30Z,ISLAND,97.828947368421,90.93333333333403,Mode: ISLAND. V_pcc: -0.076,0
2026-01-01T18:05:35Z,ISLAND,97.79605263157889,90.93333333333403,Mode: ISLAND. V_pcc: -0.076,0
2026-01-01T18:05:40Z,ISLAND,97.76315789473678,90.93333333333403,Mode: ISLAND. V_pcc: -0.076,0
2026-01-01T18:05:45Z,ISLAND,97.73026315789467,90.93333333333403,Mode: ISLAND. V_pcc: -0.076,0
2026-01-01T18:05:50Z,ISLAND,97.69736842105257,90.93333333333403,Mode: ISLAND. V_pcc: -0.076,0
2026-01-01T18:05:55Z,ISLAND,97.66447368421046,90.93333333333403,Mode: ISLAND. V_pcc: -0.076,0
2026-01-01T18:06:00Z,ISLAND,97.63157894736835,90.93333333333403,Mode: ISLAND. V_pcc: -0.076,0
2026-01-01T18:06:05Z,ISLAND,97.59868421052624,90.93333333333403,Mode: ISLAND. V_pcc: -0.077,0
2026-01-01T18:06:10Z,ISLAND,97.56578947368413,90.93333333333403,Mode: ISLAND. V_pcc: -0.077,0
2026-01-01T18:06:15Z,ISLAND,97.53289473684204,90.93333333333403,Mode: ISLAND. V_pcc: -0.077,0
2026-01-01T18:06:20Z,ISLAND,97.49999999999993,90.93333333333403,Mode: ISLAND. V_pcc: -0.077,0
2026-01-01T18:06:25Z,ISLAND,97.46710526315783,90.93333333333403,Mode: ISLAND. V_pcc: -0.077,0
2026-01-01T18:06:30Z,ISLAND,97.43421052631571,90.93333333333403,Mode: ISLAND. V_pcc: -0.077,0
2026-01-01T18:06:35Z,ISLAND,97.40131578947361,90.93333333333403,Mode: ISLAND. V_pcc: -0.077,0
2026-01-01T18:06:40Z,ISLAND,97.3684210526315,90.93333333333403,Mode: ISLAND. V_pcc: -0.077,0
2026-01-01T18:06:45Z,ISLAND,97.3355263157894,90.93333333333403,Mode: ISLAND. V_pcc: -0.077,0
2026-01-01T18:06:50Z,ISLAND,97.3026315789473,90.93333333333403,Mode: ISLAND. V_pcc: -0.077,0
2026-01-01T18:06:55Z,ISLAND,97.26973684210517,90.93333333333403,Mode: ISLAND. V_pcc: -0.077,0
2026-01-01T18:07:00Z,ISLAND,97.23684210526308,90.93333333333403,Mode: ISLAND. V_pcc: -0.077,0
2026-01-01T18:07:05Z,ISLAND,97.20394736842097,90.93333333333403,Mode: ISLAND. V_pcc: -0.077,0
2026-01-01T18:07:10Z,ISLAND,97.17105263157887,90.93333333333403,Mode: ISLAND. V_pcc: -0.077,0
2026-01-01T18:07:15Z,ISLAND,97.13815789473676,90.93333333333403,Mode: ISLAND. V_pcc: -0.077,0
2026-01-01T18:07:20Z,ISLAND,97.10526315789465,90.93333333333403,Mode: ISLAND. V_pcc: -0.077,0
2026-01-01T18:07:25Z,ISLAND,97.07236842105254,90.93333333333403,Mode: ISLAND. V_pcc: -0.077,0
2026-01-01T18:07:30Z,ISLAND,97.03947368421044,90.93333333333403,Mode: ISLAND. V_pcc: -0.077,0
2026-01-01T18:07:35Z,ISLAND,97.00657894736834,90.93333333333403,Mode: ISLAND. V_pcc: -0.077,0
2026-01-01T18:07:40Z,ISLAND,96.97368421052623,90.93333333333403,Mode: ISLAND. V_pcc: -0.077,0
2026-01-01T18:07:45Z,ISLAND,96.94078947368412,90.93333333333403,Mode: ISLAND. V_pcc: -0.077,0
2026-01-01T18:07:50Z,ISLAND,96.90789473684201,90.93333333333403,Mode: ISLAND. V_pcc: -0.077,0
2026-01-01T18:07:55Z,ISLAND,96.87499999999991,90.93333333333403,Mode: ISLAND. V_pcc: -0.077,0
2026-01-01T18:08:00Z,ISLAND,96.8421052631578,90.93333333333403,Mode: ISLAND. V_pcc: -0.077,0
2026-01-01T18:08:05Z,ISLAND,96.80921052631571,90.93333333333403,Mode: ISLAND. V_pcc: -0.078,0
2026-01-01T18:08:10Z,ISLAND,96.77631578947359,90.93333333333403,Mode: ISLAND. V_pcc: -0.078,0
2026-01-01T18:08:15Z,ISLAND,96.74342105263149,90.93333333333403,Mode: ISLAND. V_pcc: -0.078,0
2026-01-01T18:08:20Z,ISLAND,96.71052631578938,90.93333333333403,Mode: ISLAND. V_pcc: -0.078,0
2026-01-01T18:08:25Z,ISLAND,96.67763157894727,90.93333333333403,Mode: ISLAND. V_pcc: -0.078,0
2026-01-01T18:08:30Z,ISLAND,96.64473684210517,90.93333333333403,Mode: ISLAND. V_pcc: -0.078,0
2026-01-01T18:08:35Z,ISLAND,96.61184210526305,90.93333333333403,Mode: ISLAND. V_pcc: -0.078,0
2026-01-01T18:08:40Z,ISLAND,96.57894736842096,90.93333333333403,Mode: ISLAND. V_pcc: -0.078,0
2026-01-01T18:08:45Z,ISLAND,96.54605263157885,90.93333333333403,Mode: ISLAND. V_pcc: -0.078,0
2026-01-01T18:08:50Z,ISLAND,96.51315789473675,90.93333333333403,Mode: ISLAND. V_pcc: -0.078,0
2026-01-01T18:08:55Z,ISLAND,96.48026315789464,90.93333333333403,Mode: ISLAND. V_pcc: -0.078,0
2026-01-01T18:09:00Z,ISLAND,96.44736842105253,90.93333333333403,Mode: ISLAND. V_pcc: -0.078,0
2026-01-01T18:09:05Z,ISLAND,96.41447368421042,90.93333333333403,Mode: ISLAND. V_pcc: -0.078,0
2026-01-01T18:09:10Z,ISLAND,96.38157894736833,90.93333333333403,Mode: ISLAND. V_pcc: -0.078,0
2026-01-01T18:09:15Z,ISLAND,96.34868421052622,90.93333333333403,Mode: ISLAND. V_pcc: -0.078,0
2026-01-01T18:09:20Z,ISLAND,96.3157894736841,90.93333333333403,Mode: ISLAND. V_pcc: -0.078,0
2026-01-01T18:09:25Z,ISLAND,96.282894736842,90.93333333333403,Mode: ISLAND. V_pcc: -0.078,0
2026-01-01T18:09:30Z,ISLAND,96.24999999999989,90.93333333333403,Mode: ISLAND. V_pcc: -0.078,0
2026-01-01T18:09:35Z,ISLAND,96.21710526315779,90.93333333333403,Mode: ISLAND. V_pcc: -0.078,0
2026-01-01T18:09:40Z,ISLAND,96.18421052631568,90.93333333333403,Mode: ISLAND. V_pcc: -0.078,0
2026-01-01T18:09:45Z,ISLAND,96.15131578947359,90.93333333333403,Mode: ISLAND. V_pcc: -0.078,0
2026-01-01T18:09:50Z,ISLAND,96.11842105263146,90.93333333333403,Mode: ISLAND. V_pcc: -0.078,0
2026-01-01T18:09:55Z,ISLAND,96.08552631578937,90.93333333333403,Mode: ISLAND. V_pcc: -0.078,0
2026-01-01T18:10:00Z,ISLAND,96.05263157894726,90.93333333333403,Mode: ISLAND. V_pcc: -0.078,0
2026-01-01T18:10:05Z,ISLAND,96.01973684210515,90.93333333333403,Mode: ISLAND. V_pcc: -0.079,0
2026-01-01T18:10:10Z,ISLAND,95.98684210526305,90.93333333333403,Mode: ISLAND. V_pcc: -0.079,0
2026-01-01T18:10:15Z,ISLAND,95.95394736842093,90.93333333333403,Mode: ISLAND. V_pcc: -0.079,0
2026-01-01T18:10:20Z,ISLAND,95.92105263157883,90.93333333333403,Mode: ISLAND. V_pcc: -0.079,0
2026-01-01T18:10:25Z,ISLAND,95.88815789473672,90.93333333333403,Mode: ISLAND. V_pcc: -0.079,0
2026-01-01T18:10:30Z,ISLAND,95.85526315789463,90.93333333333403,Mode: ISLAND. V_pcc: -0.079,0
2026-01-01T18:10:35Z,ISLAND,95.82236842105252,90.93333333333403,Mode: ISLAND. V_pcc: -0.079,0
2026-01-01T18:10:40Z,ISLAND,95.7894736842104,90.93333333333403,Mode: ISLAND. V_pcc: -0.079,0
2026-01-01T18:10:45Z,ISLAND,95.7565789473683,90.93333333333403,Mode: ISLAND. V_pcc: -0.079,0
2026-01-01T18:10:50Z,ISLAND,95.72368421052619,90.93333333333403,Mode: ISLAND. V_pcc: -0.079,0
2026-01-01T18:10:55Z,ISLAND,95.69078947368409,90.93333333333403,Mode: ISLAND. V_pcc: -0.079,0
2026-01-01T18:11:00Z,ISLAND,95.65789473684198,90.93333333333403,Mode: ISLAND. V_pcc: -0.079,0
2026-01-01T18:11:05Z,ISLAND,95.62499999999987,90.93333333333403,Mode: ISLAND. V_pcc: -0.079,0
2026-01-01T18:11:10Z,ISLAND,95.59210526315776,90.93333333333403,Mode: ISLAND. V_pcc: -0.079,0
2026-01-01T18:11:15Z,ISLAND,95.55921052631567,90.93333333333403,Mode: ISLAND. V_pcc: -0.079,0
2026-01-01T18:11:20Z,ISLAND,95.52631578947356,90.93333333333403,Mode: ISLAND. V_pcc: -0.079,0
2026-01-01T18:11:25Z,ISLAND,95.49342105263146,90.93333333333403,Mode: ISLAND. V_pcc: -0.079,0
2026-01-01T18:11:30Z,ISLAND,95.46052631578934,90.93333333333403,Mode: ISLAND. V_pcc: -0.079,0
2026-01-01T18:11:35Z,ISLAND,95.42763157894724,90.93333333333403,Mode: ISLAND. V_pcc: -0.079,0
2026-01-01T18:11:40Z,ISLAND,95.39473684210513,90.93333333333403,Mode: ISLAND. V_pcc: -0.079,0
2026-01-01T18:11:45Z,ISLAND,95.36184210526302,90.93333333333403,Mode: ISLAND. V_pcc: -0.079,0
2026-01-01T18:11:50Z,ISLAND,95.32894736842093,90.93333333333403,Mode: ISLAND. V_pcc: -0.079,0
2026-01-01T18:11:55Z,ISLAND,95.2960526315788,90.93333333333403,Mode: ISLAND. V_pcc: -0.079,0
2026-01-01T18:12:00Z,ISLAND,95.26315789473671,90.93333333333403,Mode: ISLAND. V_pcc: -0.079,0
2026-01-01T18:12:05Z,ISLAND,95.2302631578946,90.93333333333403,Mode: ISLAND. V_pcc: -0.079,0
2026-01-01T18:12:10Z,ISLAND,95.1973684210525,90.93333333333403,Mode: ISLAND. V_pcc: -0.079,0
2026-01-01T18:12:15Z,ISLAND,95.16447368421039,90.93333333333403,Mode: ISLAND. V_pcc: -0.079,0
2026-01-01T18:12:20Z,ISLAND,95.13157894736828,90.93333333333403,Mode: ISLAND. V_pcc: -0.079,0
2026-01-01T18:12:25Z,ISLAND,95.09868421052617,90.93333333333403,Mode: ISLAND. V_pcc: -0.079,0
2026-01-01T18:12:30Z,ISLAND,95.06578947368408,90.93333333333403,Mode: ISLAND. V_pcc: -0.079,0
2026-01-01T18:12:35Z,ISLAND,95.03289473684197,90.93333333333403,Mode: ISLAND. V_pcc: -0.079,0
2026-01-01T18:12:40Z,ISLAND,94.99999999999986,90.93333333333403,Mode: ISLAND. V_pcc: -0.079,0
2026-01-01T18:12:45Z,ISLAND,94.96710526315775,90.93333333333403,Mode: ISLAND. V_pcc: -0.079,0
2026-01-01T18:12:50Z,ISLAND,94.93421052631564,90.93333333333403,Mode: ISLAND. V_pcc: -0.079,0
2026-01-01T18:12:55Z,ISLAND,94.90131578947354,90.93333333333403,Mode: ISLAND. V_pcc: -0.079,0
2026-01-01T18:13:00Z,ISLAND,94.86842105263143,90.93333333333403,Mode: ISLAND. V_pcc: -0.079,0
2026-01-01T18:13:05Z,ISLAND,94.83552631578934,90.93333333333403,Mode: ISLAND. V_pcc: -0.080,0
2026-01-01T18:13:10Z,ISLAND,94.80263157894721,90.93333333333403,Mode: ISLAND. V_pcc: -0.080,0
2026-01-01T18:13:15Z,ISLAND,94.76973684210512,90.93333333333403,Mode: ISLAND. V_pcc: -0.080,0
2026-01-01T18:13:20Z,ISLAND,94.73684210526301,90.93333333333403,Mode: ISLAND. V_pcc: -0.080,0
2026-01-01T18:13:25Z,ISLAND,94.7039473684209,90.93333333333403,Mode: ISLAND. V_pcc: -0.080,0
2026-01-01T18:13:30Z,ISLAND,94.6710526315788,90.93333333333403,Mode: ISLAND. V_pcc: -0.080,0
2026-01-01T18:13:35Z,ISLAND,94.63815789473668,90.93333333333403,Mode: ISLAND. V_pcc: -0.080,0
2026-01-01T18:13:40Z,ISLAND,94.60526315789458,90.93333333333403,Mode: ISLAND. V_pcc: -0.080,0
2026-01-01T18:13:45Z,ISLAND,94.57236842105247,90.93333333333403,Mode: ISLAND. V_pcc: -0.080,0
2026-01-01T18:13:50Z,ISLAND,94.53947368421038,90.93333333333403,Mode: ISLAND. V_pcc: -0.080,0
2026-01-01T18:13:55Z,ISLAND,94.50657894736827,90.93333333333403,Mode: ISLAND. V_pcc: -0.080,0
2026-01-01T18:14:00Z,ISLAND,94.47368421052616,90.93333333333403,Mode: ISLAND. V_pcc: -0.080,0
2026-01-01T18:14:05Z,ISLAND,94.44078947368405,90.93333333333403,Mode: ISLAND. V_pcc: -0.080,0
2026-01-01T18:14:10Z,ISLAND,94.40789473684194,90.93333333333403,Mode: ISLAND. V_pcc: -0.080,0
2026-01-01T18:14:15Z,ISLAND,94.37499999999984,90.93333333333403,Mode: ISLAND. V_pcc: -0.080,0
2026-01-01T18:14:20Z,ISLAND,94.34210526315773,90.93333333333403,Mode: ISLAND. V_pcc: -0.080,0
2026-01-01T18:14:25Z,ISLAND,94.30921052631562,90.93333333333403,Mode: ISLAND. V_pcc: -0.080,0
2026-01-01T18:14:30Z,ISLAND,94.27631578947351,90.93333333333403,Mode: ISLAND. V_pcc: -0.080,0
2026-01-01T18:14:35Z,ISLAND,94.24342105263142,90.93333333333403,Mode: ISLAND. V_pcc: -0.080,0
2026-01-01T18:14:40Z,ISLAND,94.21052631578931,90.93333333333403,Mode: ISLAND. V_pcc: -0.080,0
2026-01-01T18:14:45Z,ISLAND,94.17763157894721,90.93333333333403,Mode: ISLAND. V_pcc: -0.080,0
2026-01-01T18:14:50Z,ISLAND,94.14473684210509,90.93333333333403,Mode: ISLAND. V_pcc: -0.080,0
2026-01-01T18:14:55Z,ISLAND,94.111842105263,90.93333333333403,Mode: ISLAND. V_pcc: -0.080,0
2026-01-01T18:15:00Z,ISLAND,94.07894736842088,90.37395833333402,Mode: ISLAND. V_pcc: -0.080,0
2026-01-01T18:15:05Z,ISLAND,94.04605263157877,90.37395833333402,Mode: ISLAND. V_pcc: -0.081,0
2026-01-01T18:15:10Z,ISLAND,94.01315789473668,90.37395833333402,Mode: ISLAND. V_pcc: -0.081,0
2026-01-01T18:15:15Z,ISLAND,93.98026315789456,90.37395833333402,Mode: ISLAND. V_pcc: -0.081,0
2026-01-01T18:15:20Z,ISLAND,93.94736842105246,90.37395833333402,Mode: ISLAND. V_pcc: -0.081,0
2026-01-01T18:15:25Z,ISLAND,93.91447368421035,90.37395833333402,Mode: ISLAND. V_pcc: -0.081,0
2026-01-01T18:15:30Z,ISLAND,93.88157894736825,90.37395833333402,Mode: ISLAND. V_pcc: -0.081,0
2026-01-01T18:15:35Z,ISLAND,93.84868421052614,90.37395833333402,Mode: ISLAND. V_pcc: -0.081,0
2026-01-01T18:15:40Z,ISLAND,93.81578947368403,90.37395833333402,Mode: ISLAND. V_pcc: -0.081,0
2026-01-01T18:15:45Z,ISLAND,93.78289473684193,90.37395833333402,Mode: ISLAND. V_pcc: -0.081,0
2026-01-01T18:15:50Z,ISLAND,93.74999999999983,90.37395833333402,Mode: ISLAND. V_pcc: -0.081,0
2026-01-01T18:15:55Z,ISLAND,93.71710526315772,90.37395833333402,Mode: ISLAND. V_pcc: -0.081,0
2026-01-01T18:16:00Z,ISLAND,93.68421052631561,90.37395833333402,Mode: ISLAND. V_pcc: -0.081,0
2026-01-01T18:16:05Z,ISLAND,93.6513157894735,90.37395833333402,Mode: ISLAND. V_pcc: -0.081,0
2026-01-01T18:16:10Z,ISLAND,93.61842105263139,90.37395833333402,Mode: ISLAND. V_pcc: -0.081,0
2026-01-01T18:16:15Z,ISLAND,93.5855263157893,90.37395833333402,Mode: ISLAND. V_pcc: -0.081,0
2026-01-01T18:16:20Z,ISLAND,93.55263157894719,90.37395833333402,Mode: ISLAND. V_pcc: -0.081,0
2026-01-01T18:16:25Z,ISLAND,93.51973684210509,90.37395833333402,Mode: ISLAND. V_pcc: -0.081,0
2026-01-01T18:16:30Z,ISLAND,93.48684210526297,90.37395833333402,Mode: ISLAND. V_pcc: -0.081,0
2026-01-01T18:16:35Z,ISLAND,93.45394736842087,90.37395833333402,Mode: ISLAND. V_pcc: -0.081,0
2026-01-01T18:16:40Z,ISLAND,93.42105263157876,90.37395833333402,Mode: ISLAND. V_pcc: -0.081,0
2026-01-01T18:16:45Z,ISLAND,93.38815789473665,90.37395833333402,Mode: ISLAND. V_pcc: -0.081,0
2026-01-01T18:16:50Z,ISLAND,93.35526315789456,90.37395833333402,Mode: ISLAND. V_pcc: -0.081,0
2026-01-01T18:16:55Z,ISLAND,93.32236842105243,90.37395833333402,Mode: ISLAND. V_pcc: -0.081,0
2026-01-01T18:17:00Z,ISLAND,93.28947368421034,90.37395833333402,Mode: ISLAND. V_pcc: -0.081,0
2026-01-01T18:17:05Z,ISLAND,93.25657894736823,90.37395833333402,Mode: ISLAND. V_pcc: -0.081,0
2026-01-01T18:17:10Z,ISLAND,93.22368421052613,90.37395833333402,Mode: ISLAND. V_pcc: -0.081,0
2026-01-01T18:17:15Z,ISLAND,93.19078947368402,90.37395833333402,Mode: ISLAND. V_pcc: -0.081,0
2026-01-01T18:17:20Z,ISLAND,93.15789473684191,90.37395833333402,Mode: ISLAND. V_pcc: -0.081,0
2026-01-01T18:17:25Z,ISLAND,93.1249999999998,90.37395833333402,Mode: ISLAND. V_pcc: -0.081,0
2026-01-01T18:17:30Z,ISLAND,93.09210526315769,90.37395833333402,Mode: ISLAND. V_pcc: -0.081,0
2026-01-01T18:17:35Z,ISLAND,93.0592105263156,90.37395833333402,Mode: ISLAND. V_pcc: -0.081,0
2026-01-01T18:17:40Z,ISLAND,93.02631578947349,90.37395833333402,Mode: ISLAND. V_pcc: -0.081,0
2026-01-01T18:17:45Z,ISLAND,92.99342105263138,90.37395833333402,Mode: ISLAND. V_pcc: -0.081,0
2026-01-01T18:17:50Z,ISLAND,92.96052631578927,90.37395833333402,Mode: ISLAND. V_pcc: -0.081,0
2026-01-01T18:17:55Z,ISLAND,92.92763157894717,90.37395833333402,Mode: ISLAND. V_pcc: -0.081,0
2026-01-01T18:18:00Z,ISLAND,92.89473684210506,90.37395833333402,Mode: ISLAND. V_pcc: -0.081,0
2026-01-01T18:18:05Z,ISLAND,92.86184210526297,90.37395833333402,Mode: ISLAND. V_pcc: -0.082,0
2026-01-01T18:18:10Z,ISLAND,92.82894736842084,90.37395833333402,Mode: ISLAND. V_pcc: -0.082,0
2026-01-01T18:18:15Z,ISLAND,92.79605263157875,90.37395833333402,Mode: ISLAND. V_pcc: -0.082,0
2026-01-01T18:18:20Z,ISLAND,92.76315789473664,90.37395833333402,Mode: ISLAND. V_pcc: -0.082,0
2026-01-01T18:18:25Z,ISLAND,92.73026315789453,90.37395833333402,Mode: ISLAND. V_pcc: -0.082,0
2026-01-01T18:18:30Z,ISLAND,92.69736842105243,90.37395833333402,Mode: ISLAND. V_pcc: -0.082,0
2026-01-01T18:18:35Z,ISLAND,92.66447368421031,90.37395833333402,Mode: ISLAND. V_pcc: -0.082,0
2026-01-01T18:18:40Z,ISLAND,92.63157894736821,90.37395833333402,Mode: ISLAND. V_pcc: -0.082,0
2026-01-01T18:18:45Z,ISLAND,92.5986842105261,90.37395833333402,Mode: ISLAND. V_pcc: -0.082,0
2026-01-01T18:18:50Z,ISLAND,92.565789473684,90.37395833333402,Mode: ISLAND. V_pcc: -0.082,0
2026-01-01T18:18:55Z,ISLAND,92.5328947368419,90.37395833333402,Mode: ISLAND. V_pcc: -0.082,0
2026-01-01T18:19:00Z,ISLAND,92.49999999999979,90.37395833333402,Mode: ISLAND. V_pcc: -0.082,0
2026-01-01T18:19:05Z,ISLAND,92.46710526315768,90.37395833333402,Mode: ISLAND. V_pcc: -0.082,0
2026-01-01T18:19:10Z,ISLAND,92.43421052631558,90.37395833333402,Mode: ISLAND. V_pcc: -0.082,0
2026-01-01T18:19:15Z,ISLAND,92.40131578947347,90.37395833333402,Mode: ISLAND. V_pcc: -0.082,0
2026-01-01T18:19:20Z,ISLAND,92.36842105263136,90.37395833333402,Mode: ISLAND. V_pcc: -0.082,0
2026-01-01T18:19:25Z,ISLAND,92.33552631578925,90.37395833333402,Mode: ISLAND. V_pcc: -0.082,0
2026-01-01T18:19:30Z,ISLAND,92.30263157894714,90.37395833333402,Mode: ISLAND. V_pcc: -0.082,0
2026-01-01T18:19:35Z,ISLAND,92.26973684210505,90.37395833333402,Mode: ISLAND. V_pcc: -0.082,0
2026-01-01T18:19:40Z,ISLAND,92.23684210526294,90.37395833333402,Mode: ISLAND. V_pcc: -0.082,0
2026-01-01T18:19:45Z,ISLAND,92.20394736842084,90.37395833333402,Mode: ISLAND. V_pcc: -0.082,0
2026-01-01T18:19:50Z,ISLAND,92.17105263157872,90.37395833333402,Mode: ISLAND. V_pcc: -0.082,0
2026-01-01T18:19:55Z,ISLAND,92.13815789473662,90.37395833333402,Mode: ISLAND. V_pcc: -0.082,0
2026-01-01T18:20:00Z,ISLAND,92.10526315789451,90.37395833333402,Mode: ISLAND. V_pcc: -0.082,0
2026-01-01T18:20:05Z,ISLAND,92.0723684210524,90.37395833333402,Mode: ISLAND. V_pcc: -0.083,0
2026-01-01T18:20:10Z,ISLAND,92.03947368421031,90.37395833333402,Mode: ISLAND. V_pcc: -0.083,0
2026-01-01T18:20:15Z,ISLAND,92.00657894736818,90.37395833333402,Mode: ISLAND. V_pcc: -0.083,0
2026-01-01T18:20:20Z,ISLAND,91.97368421052609,90.37395833333402,Mode: ISLAND. V_pcc: -0.083,0
2026-01-01T18:20:25Z,ISLAND,91.94078947368398,90.37395833333402,Mode: ISLAND. V_pcc: -0.083,0
2026-01-01T18:20:30Z,ISLAND,91.90789473684188,90.37395833333402,Mode: ISLAND. V_pcc: -0.083,0
2026-01-01T18:20:35Z,ISLAND,91.87499999999977,90.37395833333402,Mode: ISLAND. V_pcc: -0.083,0
2026-01-01T18:20:40Z,ISLAND,91.84210526315766,90.37395833333402,Mode: ISLAND. V_pcc: -0.083,0
2026-01-01T18:20:45Z,ISLAND,91.80921052631555,90.37395833333402,Mode: ISLAND. V_pcc: -0.083,0
2026-01-01T18:20:50Z,ISLAND,91.77631578947344,90.37395833333402,Mode: ISLAND. V_pcc: -0.083,0
2026-01-01T18:20:55Z,ISLAND,91.74342105263135,90.37395833333402,Mode: ISLAND. V_pcc: -0.083,0
2026-01-01T18:21:00Z,ISLAND,91.71052631578924,90.37395833333402,Mode: ISLAND. V_pcc: -0.083,0
2026-01-01T18:21:05Z,ISLAND,91.67763157894713,90.37395833333402,Mode: ISLAND. V_pcc: -0.083,0
2026-01-01T18:21:10Z,ISLAND,91.64473684210502,90.37395833333402,Mode: ISLAND. V_pcc: -0.083,0
2026-01-01T18:21:15Z,ISLAND,91.61184210526292,90.37395833333402,Mode: ISLAND. V_pcc: -0.083,0
2026-01-01T18:21:20Z,ISLAND,91.57894736842081,90.37395833333402,Mode: ISLAND. V_pcc: -0.083,0
2026-01-01T18:21:25Z,ISLAND,91.54605263157872,90.37395833333402,Mode: ISLAND. V_pcc: -0.083,0
2026-01-01T18:21:30Z,ISLAND,91.5131578947366,90.37395833333402,Mode: ISLAND. V_pcc: -0.083,0
2026-01-01T18:21:35Z,ISLAND,91.4802631578945,90.37395833333402,Mode: ISLAND. V_pcc: -0.083,0
2026-01-01T18:21:40Z,ISLAND,91.44736842105239,90.37395833333402,Mode: ISLAND. V_pcc: -0.083,0
2026-01-01T18:21:45Z,ISLAND,91.41447368421028,90.37395833333402,Mode: ISLAND. V_pcc: -0.083,0
2026-01-01T18:21:50Z,ISLAND,91.38157894736818,90.37395833333402,Mode: ISLAND. V_pcc: -0.083,0
2026-01-01T18:21:55Z,ISLAND,91.34868421052606,90.37395833333402,Mode: ISLAND. V_pcc: -0.083,0
2026-01-01T18:22:00Z,ISLAND,91.31578947368396,90.37395833333402,Mode: ISLAND. V_pcc: -0.083,0
2026-01-01T18:22:05Z,ISLAND,91.28289473684185,90.37395833333402,Mode: ISLAND. V_pcc: -0.084,0
2026-01-01T18:22:10Z,ISLAND,91.24999999999976,90.37395833333402,Mode: ISLAND. V_pcc: -0.084,0
2026-01-01T18:22:15Z,ISLAND,91.21710526315765,90.37395833333402,Mode: ISLAND. V_pcc: -0.084,0
2026-01-01T18:22:20Z,ISLAND,91.18421052631554,90.37395833333402,Mode: ISLAND. V_pcc: -0.084,0
2026-01-01T18:22:25Z,ISLAND,91.15131578947343,90.37395833333402,Mode: ISLAND. V_pcc: -0.084,0
2026-01-01T18:22:30Z,ISLAND,91.11842105263133,90.37395833333402,Mode: ISLAND. V_pcc: -0.084,0
2026-01-01T18:22:35Z,ISLAND,91.08552631578922,90.37395833333402,Mode: ISLAND. V_pcc: -0.084,0
2026-01-01T18:22:40Z,ISLAND,91.05263157894711,90.37395833333402,Mode: ISLAND. V_pcc: -0.084,0
2026-01-01T18:22:45Z,ISLAND,91.019736842105,90.37395833333402,Mode: ISLAND. V_pcc: -0.084,0
2026-01-01T18:22:50Z,ISLAND,90.9868421052629,90.37395833333402,Mode: ISLAND. V_pcc: -0.084,0
2026-01-01T18:22:55Z,ISLAND,90.9539473684208,90.37395833333402,Mode: ISLAND. V_pcc: -0.084,0
2026-01-01T18:23:00Z,ISLAND,90.92105263157869,90.37395833333402,Mode: ISLAND. V_pcc: -0.084,0
2026-01-01T18:23:05Z,ISLAND,90.8881578947366,90.37395833333402,Mode: ISLAND. V_pcc: -0.084,0
2026-01-01T18:23:10Z,ISLAND,90.85526315789447,90.37395833333402,Mode: ISLAND. V_pcc: -0.084,0
2026-01-01T18:23:15Z,ISLAND,90.82236842105237,90.37395833333402,Mode: ISLAND. V_pcc: -0.084,0
2026-01-01T18:23:20Z,ISLAND,90.78947368421026,90.37395833333402,Mode: ISLAND. V_pcc: -0.084,0
2026-01-01T18:23:25Z,ISLAND,90.75657894736815,90.37395833333402,Mode: ISLAND. V_pcc: -0.084,0
2026-01-01T18:23:30Z,ISLAND,90.72368421052606,90.37395833333402,Mode: ISLAND. V_pcc: -0.084,0
2026-01-01T18:23:35Z,ISLAND,90.69078947368394,90.37395833333402,Mode: ISLAND. V_pcc: -0.084,0
2026-01-01T18:23:40Z,ISLAND,90.65789473684184,90.37395833333402,Mode: ISLAND. V_pcc: -0.084,0
2026-01-01T18:23:45Z,ISLAND,90.62499999999973,90.37395833333402,Mode: ISLAND. V_pcc: -0.084,0
2026-01-01T18:23:50Z,ISLAND,90.59210526315763,90.37395833333402,Mode: ISLAND. V_pcc: -0.084,0
2026-01-01T18:23:55Z,ISLAND,90.55921052631552,90.37395833333402,Mode: ISLAND. V_pcc: -0.084,0
2026-01-01T18:24:00Z,ISLAND,90.52631578947341,90.37395833333402,Mode: ISLAND. V_pcc: -0.084,0
2026-01-01T18:24:05Z,ISLAND,90.4934210526313,90.37395833333402,Mode: ISLAND. V_pcc: -0.084,0
2026-01-01T18:24:10Z,ISLAND,90.4605263157892,90.37395833333402,Mode: ISLAND. V_pcc: -0.084,0
2026-01-01T18:24:15Z,ISLAND,90.4276315789471,90.37395833333402,Mode: ISLAND. V_pcc: -0.084,0
2026-01-01T18:24:20Z,ISLAND,90.39473684210499,90.37395833333402,Mode: ISLAND. V_pcc: -0.084,0
2026-01-01T18:24:25Z,ISLAND,90.36184210526288,90.37395833333402,Mode: ISLAND. V_pcc: -0.084,0
2026-01-01T18:24:30Z,ISLAND,90.32894736842077,90.37395833333402,Mode: ISLAND. V_pcc: -0.084,0
2026-01-01T18:24:35Z,ISLAND,90.29605263157868,90.37395833333402,Mode: ISLAND. V_pcc: -0.084,0
2026-01-01T18:24:40Z,ISLAND,90.26315789473657,90.37395833333402,Mode: ISLAND. V_pcc: -0.084,0
2026-01-01T18:24:45Z,ISLAND,90.23026315789447,90.37395833333402,Mode: ISLAND. V_pcc: -0.084,0
2026-01-01T18:24:50Z,ISLAND,90.19736842105235,90.37395833333402,Mode: ISLAND. V_pcc: -0.084,0
2026-01-01T18:24:55Z,ISLAND,90.16447368421025,90.37395833333402,Mode: ISLAND. V_pcc: -0.084,0
2026-01-01T18:25:00Z,ISLAND,90.13157894736814,90.37395833333402,Mode: ISLAND. V_pcc: -0.084,0
2026-01-01T18:25:05Z,ISLAND,90.09868421052603,90.37395833333402,Mode: ISLAND. V_pcc: -0.085,0
2026-01-01T18:25:10Z,ISLAND,90.06578947368394,90.37395833333402,Mode: ISLAND. V_pcc: -0.085,0
2026-01-01T18:25:15Z,ISLAND,90.03289473684181,90.37395833333402,Mode: ISLAND. V_pcc: -0.085,0
2026-01-01T18:25:20Z,ISLAND,89.99999999999972,90.37395833333402,Mode: ISLAND. V_pcc: -0.085,0
2026-01-01T18:25:25Z,ISLAND,89.9671052631576,90.37395833333402,Mode: ISLAND. V_pcc: -0.085,0
2026-01-01T18:25:30Z,ISLAND,89.93421052631551,90.37395833333402,Mode: ISLAND. V_pcc: -0.085,0
2026-01-01T18:25:35Z,ISLAND,89.9013157894734,90.37395833333402,Mode: ISLAND. V_pcc: -0.085,0
2026-01-01T18:25:40Z,ISLAND,89.86842105263129,90.37395833333402,Mode: ISLAND. V_pcc: -0.085,0
2026-01-01T18:25:45Z,ISLAND,89.83552631578918,90.37395833333402,Mode: ISLAND. V_pcc: -0.085,0
2026-01-01T18:25:50Z,ISLAND,89.80263157894709,90.37395833333402,Mode: ISLAND. V_pcc: -0.085,0
2026-01-01T18:25:55Z,ISLAND,89.76973684210498,90.37395833333402,Mode: ISLAND. V_pcc: -0.085,0
2026-01-01T18:26:00Z,ISLAND,89.73684210526287,90.37395833333402,Mode: ISLAND. V_pcc: -0.085,0
2026-01-01T18:26:05Z,ISLAND,89.70394736842076,90.37395833333402,Mode: ISLAND. V_pcc: -0.085,0
2026-01-01T18:26:10Z,ISLAND,89.67105263157865,90.37395833333402,Mode: ISLAND. V_pcc: -0.085,0
2026-01-01T18:26:15Z,ISLAND,89.63815789473655,90.37395833333402,Mode: ISLAND. V_pcc: -0.085,0
2026-01-01T18:26:20Z,ISLAND,89.60526315789444,90.37395833333402,Mode: ISLAND. V_pcc: -0.085,0
2026-01-01T18:26:25Z,ISLAND,89.57236842105235,90.37395833333402,Mode: ISLAND. V_pcc: -0.085,0
2026-01-01T18:26:30Z,ISLAND,89.53947368421022,90.37395833333402,Mode: ISLAND. V_pcc: -0.085,0
2026-01-01T18:26:35Z,ISLAND,89.50657894736813,90.37395833333402,Mode: ISLAND. V_pcc: -0.085,0
2026-01-01T18:26:40Z,ISLAND,89.47368421052602,90.37395833333402,Mode: ISLAND. V_pcc: -0.085,0
2026-01-01T18:26:45Z,ISLAND,89.4407894736839,90.37395833333402,Mode: ISLAND. V_pcc: -0.085,0
2026-01-01T18:26:50Z,ISLAND,89.40789473684181,90.37395833333402,Mode: ISLAND. V_pcc: -0.085,0
2026-01-01T18:26:55Z,ISLAND,89.37499999999969,90.37395833333402,Mode: ISLAND. V_pcc: -0.085,0
2026-01-01T18:27:00Z,ISLAND,89.34210526315759,90.37395833333402,Mode: ISLAND. V_pcc: -0.085,0
2026-01-01T18:27:05Z,ISLAND,89.30921052631548,90.37395833333402,Mode: ISLAND. V_pcc: -0.086,0
2026-01-01T18:27:10Z,ISLAND,89.27631578947339,90.37395833333402,Mode: ISLAND. V_pcc: -0.086,0
2026-01-01T18:27:15Z,ISLAND,89.24342105263128,90.37395833333402,Mode: ISLAND. V_pcc: -0.086,0
2026-01-01T18:27:20Z,ISLAND,89.21052631578917,90.37395833333402,Mode: ISLAND. V_pcc: -0.086,0
2026-01-01T18:27:25Z,ISLAND,89.17763157894706,90.37395833333402,Mode: ISLAND. V_pcc: -0.086,0
2026-01-01T18:27:30Z,ISLAND,89.14473684210495,90.37395833333402,Mode: ISLAND. V_pcc: -0.086,0
2026-01-01T18:27:35Z,ISLAND,89.11184210526285,90.37395833333402,Mode: ISLAND. V_pcc: -0.086,0
2026-01-01T18:27:40Z,ISLAND,89.07894736842074,90.37395833333402,Mode: ISLAND. V_pcc: -0.086,0
2026-01-01T18:27:45Z,ISLAND,89.04605263157863,90.37395833333402,Mode: ISLAND. V_pcc: -0.086,0
2026-01-01T18:27:50Z,ISLAND,89.01315789473652,90.37395833333402,Mode: ISLAND. V_pcc: -0.086,0
2026-01-01T18:27:55Z,ISLAND,88.98026315789443,90.37395833333402,Mode: ISLAND. V_pcc: -0.086,0
2026-01-01T18:28:00Z,ISLAND,88.94736842105232,90.37395833333402,Mode: ISLAND. V_pcc: -0.086,0
2026-01-01T18:28:05Z,ISLAND,88.91447368421022,90.37395833333402,Mode: ISLAND. V_pcc: -0.086,0
2026-01-01T18:28:10Z,ISLAND,88.8815789473681,90.37395833333402,Mode: ISLAND. V_pcc: -0.086,0
2026-01-01T18:28:15Z,ISLAND,88.848684210526,90.37395833333402,Mode: ISLAND. V_pcc: -0.086,0
2026-01-01T18:28:20Z,ISLAND,88.81578947368389,90.37395833333402,Mode: ISLAND. V_pcc: -0.086,0
2026-01-01T18:28:25Z,ISLAND,88.78289473684178,90.37395833333402,Mode: ISLAND. V_pcc: -0.086,0
2026-01-01T18:28:30Z,ISLAND,88.74999999999969,90.37395833333402,Mode: ISLAND. V_pcc: -0.086,0
2026-01-01T18:28:35Z,ISLAND,88.71710526315756,90.37395833333402,Mode: ISLAND. V_pcc: -0.086,0
2026-01-01T18:28:40Z,ISLAND,88.68421052631547,90.37395833333402,Mode: ISLAND. V_pcc: -0.086,0
2026-01-01T18:28:45Z,ISLAND,88.65131578947336,90.37395833333402,Mode: ISLAND. V_pcc: -0.086,0
2026-01-01T18:28:50Z,ISLAND,88.61842105263126,90.37395833333402,Mode: ISLAND. V_pcc: -0.086,0
2026-01-01T18:28:55Z,ISLAND,88.58552631578915,90.37395833333402,Mode: ISLAND. V_pcc: -0.086,0
2026-01-01T18:29:00Z,ISLAND,88.55263157894704,90.37395833333402,Mode: ISLAND. V_pcc: -0.086,0
2026-01-01T18:29:05Z,ISLAND,88.51973684210493,90.37395833333402,Mode: ISLAND. V_pcc: -0.087,0
2026-01-01T18:29:10Z,ISLAND,88.48684210526284,90.37395833333402,Mode: ISLAND. V_pcc: -0.087,0
2026-01-01T18:29:15Z,ISLAND,88.45394736842073,90.37395833333402,Mode: ISLAND. V_pcc: -0.087,0
2026-01-01T18:29:20Z,ISLAND,88.42105263157862,90.37395833333402,Mode: ISLAND. V_pcc: -0.087,0
2026-01-01T18:29:25Z,ISLAND,88.38815789473651,90.37395833333402,Mode: ISLAND. V_pcc: -0.087,0
2026-01-01T18:29:30Z,ISLAND,88.3552631578944,90.37395833333402,Mode: ISLAND. V_pcc: -0.087,0
2026-01-01T18:29:35Z,ISLAND,88.3223684210523,90.37395833333402,Mode: ISLAND. V_pcc: -0.087,0
2026-01-01T18:29:40Z,ISLAND,88.2894736842102,90.37395833333402,Mode: ISLAND. V_pcc: -0.087,0
2026-01-01T18:29:45Z,ISLAND,88.2565789473681,90.37395833333402,Mode: ISLAND. V_pcc: -0.087,0
2026-01-01T18:29:50Z,ISLAND,88.22368421052597,90.37395833333402,Mode: ISLAND. V_pcc: -0.087,0
2026-01-01T18:29:55Z,ISLAND,88.19078947368388,90.37395833333402,Mode: ISLAND. V_pcc: -0.087,0
2026-01-01T18:30:00Z,ISLAND,88.15789473684177,89.811458333334,Mode: ISLAND. V_pcc: -0.087,0
2026-01-01T18:30:05Z,ISLAND,88.12499999999966,89.811458333334,Mode: ISLAND. V_pcc: -0.087,0
2026-01-01T18:30:10Z,ISLAND,88.09210526315756,89.811458333334,Mode: ISLAND. V_pcc: -0.087,0
2026-01-01T18:30:15Z,ISLAND,88.05921052631544,89.811458333334,Mode: ISLAND. V_pcc: -0.087,0
2026-01-01T18:30:20Z,ISLAND,88.02631578947334,89.811458333334,Mode: ISLAND. V_pcc: -0.087,0
2026-01-01T18:30:25Z,ISLAND,87.99342105263123,89.811458333334,Mode: ISLAND. V_pcc: -0.087,0
2026-01-01T18:30:30Z,ISLAND,87.96052631578914,89.811458333334,Mode: ISLAND. V_pcc: -0.087,0
2026-01-01T18:30:35Z,ISLAND,87.92763157894703,89.811458333334,Mode: ISLAND. V_pcc: -0.087,0
2026-01-01T18:30:40Z,ISLAND,87.89473684210492,89.811458333334,Mode: ISLAND. V_pcc: -0.087,0
2026-01-01T18:30:45Z,ISLAND,87.86184210526281,89.811458333334,Mode: ISLAND. V_pcc: -0.087,0
2026-01-01T18:30:50Z,ISLAND,87.8289473684207,89.811458333334,Mode: ISLAND. V_pcc: -0.087,0
2026-01-01T18:30:55Z,ISLAND,87.7960526315786,89.811458333334,Mode: ISLAND. V_pcc: -0.087,0
2026-01-01T18:31:00Z,ISLAND,87.7631578947365,89.811458333334,Mode: ISLAND. V_pcc: -0.087,0
2026-01-01T18:31:05Z,ISLAND,87.73026315789438,89.811458333334,Mode: ISLAND. V_pcc: -0.087,0
2026-01-01T18:31:10Z,ISLAND,87.69736842105227,89.811458333334,Mode: ISLAND. V_pcc: -0.087,0
2026-01-01T18:31:15Z,ISLAND,87.66447368421018,89.811458333334,Mode: ISLAND. V_pcc: -0.087,0
2026-01-01T18:31:20Z,ISLAND,87.63157894736807,89.811458333334,Mode: ISLAND. V_pcc: -0.087,0
2026-01-01T18:31:25Z,ISLAND,87.59868421052597,89.811458333334,Mode: ISLAND. V_pcc: -0.087,0
2026-01-01T18:31:30Z,ISLAND,87.56578947368385,89.811458333334,Mode: ISLAND. V_pcc: -0.087,0
2026-01-01T18:31:35Z,ISLAND,87.53289473684175,89.811458333334,Mode: ISLAND. V_pcc: -0.087,0
2026-01-01T18:31:40Z,ISLAND,87.49999999999964,89.811458333334,Mode: ISLAND. V_pcc: -0.087,0
2026-01-01T18:31:45Z,ISLAND,87.46710526315753,89.811458333334,Mode: ISLAND. V_pcc: -0.087,0
2026-01-01T18:31:50Z,ISLAND,87.43421052631544,89.811458333334,Mode: ISLAND. V_pcc: -0.087,0
2026-01-01T18:31:55Z,ISLAND,87.40131578947332,89.811458333334,Mode: ISLAND. V_pcc: -0.087,0
2026-01-01T18:32:00Z,ISLAND,87.36842105263122,89.811458333334,Mode: ISLAND. V_pcc: -0.087,0
2026-01-01T18:32:05Z,ISLAND,87.33552631578911,89.811458333334,Mode: ISLAND. V_pcc: -0.088,0
2026-01-01T18:32:10Z,ISLAND,87.30263157894701,89.811458333334,Mode: ISLAND. V_pcc: -0.088,0
2026-01-01T18:32:15Z,ISLAND,87.2697368421049,89.811458333334,Mode: ISLAND. V_pcc: -0.088,0
2026-01-01T18:32:20Z,ISLAND,87.2368421052628,89.811458333334,Mode: ISLAND. V_pcc: -0.088,0
2026-01-01T18:32:25Z,ISLAND,87.20394736842069,89.811458333334,Mode: ISLAND. V_pcc: -0.088,0
2026-01-01T18:32:30Z,ISLAND,87.17105263157859,89.811458333334,Mode: ISLAND. V_pcc: -0.088,0
2026-01-01T18:32:35Z,ISLAND,87.13815789473648,89.811458333334,Mode: ISLAND. V_pcc: -0.088,0
2026-01-01T18:32:40Z,ISLAND,87.10526315789437,89.811458333334,Mode: ISLAND. V_pcc: -0.088,0
2026-01-01T18:32:45Z,ISLAND,87.07236842105226,89.811458333334,Mode: ISLAND. V_pcc: -0.088,0
2026-01-01T18:32:50Z,ISLAND,87.03947368421015,89.811458333334,Mode: ISLAND. V_pcc: -0.088,0
2026-01-01T18:32:55Z,ISLAND,87.00657894736806,89.811458333334,Mode: ISLAND. V_pcc: -0.088,0
2026-01-01T18:33:00Z,ISLAND,86.97368421052595,89.811458333334,Mode: ISLAND. V_pcc: -0.088,0
2026-01-01T18:33:05Z,ISLAND,86.94078947368385,89.811458333334,Mode: ISLAND. V_pcc: -0.088,0
2026-01-01T18:33:10Z,ISLAND,86.90789473684173,89.811458333334,Mode: ISLAND. V_pcc: -0.088,0
2026-01-01T18:33:15Z,ISLAND,86.87499999999963,89.811458333334,Mode: ISLAND. V_pcc: -0.088,0
2026-01-01T18:33:20Z,ISLAND,86.84210526315752,89.811458333334,Mode: ISLAND. V_pcc: -0.088,0
2026-01-01T18:33:25Z,ISLAND,86.80921052631541,89.811458333334,Mode: ISLAND. V_pcc: -0.088,0
2026-01-01T18:33:30Z,ISLAND,86.77631578947332,89.811458333334,Mode: ISLAND. V_pcc: -0.088,0
2026-01-01T18:33:35Z,ISLAND,86.74342105263119,89.811458333334,Mode: ISLAND. V_pcc: -0.088,0
2026-01-01T18:33:40Z,ISLAND,86.7105263157891,89.811458333334,Mode: ISLAND. V_pcc: -0.088,0
2026-01-01T18:33:45Z,ISLAND,86.67763157894699,89.811458333334,Mode: ISLAND. V_pcc: -0.088,0
2026-01-01T18:33:50Z,ISLAND,86.64473684210489,89.811458333334,Mode: ISLAND. V_pcc: -0.088,0
2026-01-01T18:33:55Z,ISLAND,86.61184210526278,89.811458333334,Mode: ISLAND. V_pcc: -0.088,0
2026-01-01T18:34:00Z,ISLAND,86.57894736842067,89.811458333334,Mode: ISLAND. V_pcc: -0.088,0
2026-01-01T18:34:05Z,ISLAND,86.54605263157856,89.811458333334,Mode: ISLAND. V_pcc: -0.089,0
2026-01-01T18:34:10Z,ISLAND,86.51315789473645,89.811458333334,Mode: ISLAND. V_pcc: -0.089,0
2026-01-01T18:34:15Z,ISLAND,86.48026315789436,89.811458333334,Mode: ISLAND. V_pcc: -0.089,0
2026-01-01T18:34:20Z,ISLAND,86.44736842105225,89.811458333334,Mode: ISLAND. V_pcc: -0.089,0
2026-01-01T18:34:25Z,ISLAND,86.41447368421014,89.811458333334,Mode: ISLAND. V_pcc: -0.089,0
2026-01-01T18:34:30Z,ISLAND,86.38157894736803,89.811458333334,Mode: ISLAND. V_pcc: -0.089,0
2026-01-01T18:34:35Z,ISLAND,86.34868421052593,89.811458333334,Mode: ISLAND. V_pcc: -0.089,0
2026-01-01T18:34:40Z,ISLAND,86.31578947368382,89.811458333334,Mode: ISLAND. V_pcc: -0.089,0
2026-01-01T18:34:45Z,ISLAND,86.28289473684173,89.811458333334,Mode: ISLAND. V_pcc: -0.089,0
2026-01-01T18:34:50Z,ISLAND,86.2499999999996,89.811458333334,Mode: ISLAND. V_pcc: -0.089,0
2026-01-01T18:34:55Z,ISLAND,86.2171052631575,89.811458333334,Mode: ISLAND. V_pcc: -0.089,0
2026-01-01T18:35:00Z,ISLAND,86.1842105263154,89.811458333334,Mode: ISLAND. V_pcc: -0.089,0
2026-01-01T18:35:05Z,ISLAND,86.15131578947329,89.811458333334,Mode: ISLAND. V_pcc: -0.089,0
2026-01-01T18:35:10Z,ISLAND,86.11842105263119,89.811458333334,Mode: ISLAND. V_pcc: -0.089,0
2026-01-01T18:35:15Z,ISLAND,86.08552631578907,89.811458333334,Mode: ISLAND. V_pcc: -0.089,0
2026-01-01T18:35:20Z,ISLAND,86.05263157894697,89.811458333334,Mode: ISLAND. V_pcc: -0.089,0
2026-01-01T18:35:25Z,ISLAND,86.01973684210486,89.811458333334,Mode: ISLAND. V_pcc: -0.089,0
2026-01-01T18:35:30Z,ISLAND,85.98684210526277,89.811458333334,Mode: ISLAND. V_pcc: -0.089,0
2026-01-01T18:35:35Z,ISLAND,85.95394736842066,89.811458333334,Mode: ISLAND. V_pcc: -0.089,0
2026-01-01T18:35:40Z,ISLAND,85.92105263157855,89.811458333334,Mode: ISLAND. V_pcc: -0.089,0
2026-01-01T18:35:45Z,ISLAND,85.88815789473644,89.811458333334,Mode: ISLAND. V_pcc: -0.089,0
2026-01-01T18:35:50Z,ISLAND,85.85526315789434,89.811458333334,Mode: ISLAND. V_pcc: -0.089,0
2026-01-01T18:35:55Z,ISLAND,85.82236842105223,89.811458333334,Mode: ISLAND. V_pcc: -0.089,0
2026-01-01T18:36:00Z,ISLAND,85.78947368421012,89.811458333334,Mode: ISLAND. V_pcc: -0.089,0
2026-01-01T18:36:05Z,ISLAND,85.75657894736801,89.811458333334,Mode: ISLAND. V_pcc: -0.089,0
2026-01-01T18:36:10Z,ISLAND,85.7236842105259,89.811458333334,Mode: ISLAND. V_pcc: -0.089,0
2026-01-01T18:36:15Z,ISLAND,85.69078947368381,89.811458333334,Mode: ISLAND. V_pcc: -0.089,0
2026-01-01T18:36:20Z,ISLAND,85.6578947368417,89.811458333334,Mode: ISLAND. V_pcc: -0.089,0
2026-01-01T18:36:25Z,ISLAND,85.6249999999996,89.811458333334,Mode: ISLAND. V_pcc: -0.089,0
2026-01-01T18:36:30Z,ISLAND,85.59210526315748,89.811458333334,Mode: ISLAND. V_pcc: -0.089,0
2026-01-01T18:36:35Z,ISLAND,85.55921052631538,89.811458333334,Mode: ISLAND. V_pcc: -0.089,0
2026-01-01T18:36:40Z,ISLAND,85.52631578947327,89.811458333334,Mode: ISLAND. V_pcc: -0.089,0
2026-01-01T18:36:45Z,ISLAND,85.49342105263116,89.811458333334,Mode: ISLAND. V_pcc: -0.089,0
2026-01-01T18:36:50Z,ISLAND,85.46052631578907,89.811458333334,Mode: ISLAND. V_pcc: -0.089,0
2026-01-01T18:36:55Z,ISLAND,85.42763157894694,89.811458333334,Mode: ISLAND. V_pcc: -0.089,0
2026-01-01T18:37:00Z,ISLAND,85.39473684210485,89.811458333334,Mode: ISLAND. V_pcc: -0.089,0
2026-01-01T18:37:05Z,ISLAND,85.36184210526274,89.811458333334,Mode: ISLAND. V_pcc: -0.090,0
2026-01-01T18:37:10Z,ISLAND,85.32894736842064,89.811458333334,Mode: ISLAND. V_pcc: -0.090,0
2026-01-01T18:37:15Z,ISLAND,85.29605263157853,89.811458333334,Mode: ISLAND. V_pcc: -0.090,0
2026-01-01T18:37:20Z,ISLAND,85.26315789473642,89.811458333334,Mode: ISLAND. V_pcc: -0.090,0
2026-01-01T18:37:25Z,ISLAND,85.23026315789431,89.811458333334,Mode: ISLAND. V_pcc: -0.090,0
2026-01-01T18:37:30Z,ISLAND,85.1973684210522,89.811458333334,Mode: ISLAND. V_pcc: -0.090,0
2026-01-01T18:37:35Z,ISLAND,85.16447368421011,89.811458333334,Mode: ISLAND. V_pcc: -0.090,0
2026-01-01T18:37:40Z,ISLAND,85.131578947368,89.811458333334,Mode: ISLAND. V_pcc: -0.090,0
2026-01-01T18:37:45Z,ISLAND,85.09868421052589,89.811458333334,Mode: ISLAND. V_pcc: -0.090,0
2026-01-01T18:37:50Z,ISLAND,85.06578947368378,89.811458333334,Mode: ISLAND. V_pcc: -0.090,0
2026-01-01T18:37:55Z,ISLAND,85.03289473684168,89.811458333334,Mode: ISLAND. V_pcc: -0.090,0
2026-01-01T18:38:00Z,ISLAND,84.99999999999957,89.811458333334,Mode: ISLAND. V_pcc: -0.090,0
2026-01-01T18:38:05Z,ISLAND,84.96710526315748,89.811458333334,Mode: ISLAND. V_pcc: -0.090,0
2026-01-01T18:38:10Z,ISLAND,84.93421052631535,89.811458333334,Mode: ISLAND. V_pcc: -0.090,0
2026-01-01T18:38:15Z,ISLAND,84.90131578947326,89.811458333334,Mode: ISLAND. V_pcc: -0.090,0
2026-01-01T18:38:20Z,ISLAND,84.86842105263115,89.811458333334,Mode: ISLAND. V_pcc: -0.090,0
2026-01-01T18:38:25Z,ISLAND,84.83552631578904,89.811458333334,Mode: ISLAND. V_pcc: -0.090,0
2026-01-01T18:38:30Z,ISLAND,84.80263157894694,89.811458333334,Mode: ISLAND. V_pcc: -0.090,0
2026-01-01T18:38:35Z,ISLAND,84.76973684210482,89.811458333334,Mode: ISLAND. V_pcc: -0.090,0
2026-01-01T18:38:40Z,ISLAND,84.73684210526272,89.811458333334,Mode: ISLAND. V_pcc: -0.090,0
2026-01-01T18:38:45Z,ISLAND,84.70394736842061,89.811458333334,Mode: ISLAND. V_pcc: -0.090,0
2026-01-01T18:38:50Z,ISLAND,84.67105263157852,89.811458333334,Mode: ISLAND. V_pcc: -0.090,0
2026-01-01T18:38:55Z,ISLAND,84.63815789473641,89.811458333334,Mode: ISLAND. V_pcc: -0.090,0
2026-01-01T18:39:00Z,ISLAND,84.6052631578943,89.811458333334,Mode: ISLAND. V_pcc: -0.090,0
2026-01-01T18:39:05Z,ISLAND,84.57236842105219,89.811458333334,Mode: ISLAND. V_pcc: -0.091,0
2026-01-01T18:39:10Z,ISLAND,84.5394736842101,89.811458333334,Mode: ISLAND. V_pcc: -0.091,0
2026-01-01T18:39:15Z,ISLAND,84.50657894736798,89.811458333334,Mode: ISLAND. V_pcc: -0.091,0
2026-01-01T18:39:20Z,ISLAND,84.47368421052587,89.811458333334,Mode: ISLAND. V_pcc: -0.091,0
2026-01-01T18:39:25Z,ISLAND,84.44078947368376,89.811458333334,Mode: ISLAND. V_pcc: -0.091,0
2026-01-01T18:39:30Z,ISLAND,84.40789473684166,89.811458333334,Mode: ISLAND. V_pcc: -0.091,0
2026-01-01T18:39:35Z,ISLAND,84.37499999999956,89.811458333334,Mode: ISLAND. V_pcc: -0.091,0
2026-01-01T18:39:40Z,ISLAND,84.34210526315745,89.811458333334,Mode: ISLAND. V_pcc: -0.091,0
2026-01-01T18:39:45Z,ISLAND,84.30921052631535,89.811458333334,Mode: ISLAND. V_pcc: -0.091,0
2026-01-01T18:39:50Z,ISLAND,84.27631578947323,89.811458333334,Mode: ISLAND. V_pcc: -0.091,0
2026-01-01T18:39:55Z,ISLAND,84.24342105263113,89.811458333334,Mode: ISLAND. V_pcc: -0.091,0
2026-01-01T18:40:00Z,ISLAND,84.21052631578902,89.811458333334,Mode: ISLAND. V_pcc: -0.091,0
2026-01-01T18:40:05Z,ISLAND,84.17763157894692,89.811458333334,Mode: ISLAND. V_pcc: -0.091,0
2026-01-01T18:40:10Z,ISLAND,84.14473684210482,89.811458333334,Mode: ISLAND. V_pcc: -0.091,0
2026-01-01T18:40:15Z,ISLAND,84.1118421052627,89.811458333334,Mode: ISLAND. V_pcc: -0.091,0
2026-01-01T18:40:20Z,ISLAND,84.0789473684206,89.811458333334,Mode: ISLAND. V_pcc: -0.091,0
2026-01-01T18:40:25Z,ISLAND,84.04605263157849,89.811458333334,Mode: ISLAND. V_pcc: -0.091,0
2026-01-01T18:40:30Z,ISLAND,84.0131578947364,89.811458333334,Mode: ISLAND. V_pcc: -0.091,0
2026-01-01T18:40:35Z,ISLAND,83.98026315789429,89.811458333334,Mode: ISLAND. V_pcc: -0.091,0
2026-01-01T18:40:40Z,ISLAND,83.94736842105218,89.811458333334,Mode: ISLAND. V_pcc: -0.091,0
2026-01-01T18:40:45Z,ISLAND,83.91447368421007,89.811458333334,Mode: ISLAND. V_pcc: -0.091,0
2026-01-01T18:40:50Z,ISLAND,83.88157894736796,89.811458333334,Mode: ISLAND. V_pcc: -0.091,0
2026-01-01T18:40:55Z,ISLAND,83.84868421052586,89.811458333334,Mode: ISLAND. V_pcc: -0.091,0
2026-01-01T18:41:00Z,ISLAND,83.81578947368375,89.811458333334,Mode: ISLAND. V_pcc: -0.091,0
2026-01-01T18:41:05Z,ISLAND,83.78289473684164,89.811458333334,Mode: ISLAND. V_pcc: -0.092,0
2026-01-01T18:41:10Z,ISLAND,83.74999999999953,89.811458333334,Mode: ISLAND. V_pcc: -0.092,0
2026-01-01T18:41:15Z,ISLAND,83.71710526315744,89.811458333334,Mode: ISLAND. V_pcc: -0.092,0
2026-01-01T18:41:20Z,ISLAND,83.68421052631533,89.811458333334,Mode: ISLAND. V_pcc: -0.092,0
2026-01-01T18:41:25Z,ISLAND,83.65131578947323,89.811458333334,Mode: ISLAND. V_pcc: -0.092,0
2026-01-01T18:41:30Z,ISLAND,83.6184210526311,89.811458333334,Mode: ISLAND. V_pcc: -0.092,0
2026-01-01T18:41:35Z,ISLAND,83.58552631578901,89.811458333334,Mode: ISLAND. V_pcc: -0.092,0
2026-01-01T18:41:40Z,ISLAND,83.5526315789469,89.811458333334,Mode: ISLAND. V_pcc: -0.092,0
2026-01-01T18:41:45Z,ISLAND,83.51973684210479,89.811458333334,Mode: ISLAND. V_pcc: -0.092,0
2026-01-01T18:41:50Z,ISLAND,83.4868421052627,89.811458333334,Mode: ISLAND. V_pcc: -0.092,0
2026-01-01T18:41:55Z,ISLAND,83.45394736842057,89.811458333334,Mode: ISLAND. V_pcc: -0.092,0
2026-01-01T18:42:00Z,ISLAND,83.42105263157848,89.811458333334,Mode: ISLAND. V_pcc: -0.092,0
2026-01-01T18:42:05Z,ISLAND,83.38815789473637,89.811458333334,Mode: ISLAND. V_pcc: -0.092,0
2026-01-01T18:42:10Z,ISLAND,83.35526315789427,89.811458333334,Mode: ISLAND. V_pcc: -0.092,0
2026-01-01T18:42:15Z,ISLAND,83.32236842105216,89.811458333334,Mode: ISLAND. V_pcc: -0.092,0
2026-01-01T18:42:20Z,ISLAND,83.28947368421005,89.811458333334,Mode: ISLAND. V_pcc: -0.092,0
2026-01-01T18:42:25Z,ISLAND,83.25657894736794,89.811458333334,Mode: ISLAND. V_pcc: -0.092,0
2026-01-01T18:42:30Z,ISLAND,83.22368421052585,89.811458333334,Mode: ISLAND. V_pcc: -0.092,0
2026-01-01T18:42:35Z,ISLAND,83.19078947368374,89.811458333334,Mode: ISLAND. V_pcc: -0.092,0
2026-01-01T18:42:40Z,ISLAND,83.15789473684163,89.811458333334,Mode: ISLAND. V_pcc: -0.092,0
2026-01-01T18:42:45Z,ISLAND,83.12499999999952,89.811458333334,Mode: ISLAND. V_pcc: -0.092,0
2026-01-01T18:42:50Z,ISLAND,83.0921052631574,89.811458333334,Mode: ISLAND. V_pcc: -0.092,0
2026-01-01T18:42:55Z,ISLAND,83.05921052631531,89.811458333334,Mode: ISLAND. V_pcc: -0.092,0
2026-01-01T18:43:00Z,ISLAND,83.0263157894732,89.811458333334,Mode: ISLAND. V_pcc: -0.092,0
2026-01-01T18:43:05Z,ISLAND,82.9934210526311,89.811458333334,Mode: ISLAND. V_pcc: -0.092,0
2026-01-01T18:43:10Z,ISLAND,82.96052631578898,89.811458333334,Mode: ISLAND. V_pcc: -0.092,0
2026-01-01T18:43:15Z,ISLAND,82.92763157894689,89.811458333334,Mode: ISLAND. V_pcc: -0.092,0
2026-01-01T18:43:20Z,ISLAND,82.89473684210478,89.811458333334,Mode: ISLAND. V_pcc: -0.092,0
2026-01-01T18:43:25Z,ISLAND,82.86184210526267,89.811458333334,Mode: ISLAND. V_pcc: -0.092,0
2026-01-01T18:43:30Z,ISLAND,82.82894736842057,89.811458333334,Mode: ISLAND. V_pcc: -0.092,0
2026-01-01T18:43:35Z,ISLAND,82.79605263157845,89.811458333334,Mode: ISLAND. V_pcc: -0.092,0
2026-01-01T18:43:40Z,ISLAND,82.76315789473635,89.811458333334,Mode: ISLAND. V_pcc: -0.092,0
2026-01-01T18:43:45Z,ISLAND,82.73026315789424,89.811458333334,Mode: ISLAND. V_pcc: -0.092,0
2026-01-01T18:43:50Z,ISLAND,82.69736842105215,89.811458333334,Mode: ISLAND. V_pcc: -0.092,0
2026-01-01T18:43:55Z,ISLAND,82.66447368421004,89.811458333334,Mode: ISLAND. V_pcc: -0.092,0
2026-01-01T18:44:00Z,ISLAND,82.63157894736793,89.811458333334,Mode: ISLAND. V_pcc: -0.092,0
2026-01-01T18:44:05Z,ISLAND,82.59868421052582,89.811458333334,Mode: ISLAND. V_pcc: -0.093,0
2026-01-01T18:44:10Z,ISLAND,82.56578947368371,89.811458333334,Mode: ISLAND. V_pcc: -0.093,0
2026-01-01T18:44:15Z,ISLAND,82.53289473684161,89.811458333334,Mode: ISLAND. V_pcc: -0.093,0
2026-01-01T18:44:20Z,ISLAND,82.4999999999995,89.811458333334,Mode: ISLAND. V_pcc: -0.093,0
2026-01-01T18:44:25Z,ISLAND,82.46710526315739,89.811458333334,Mode: ISLAND. V_pcc: -0.093,0
2026-01-01T18:44:30Z,ISLAND,82.43421052631528,89.811458333334,Mode: ISLAND. V_pcc: -0.093,0
2026-01-01T18:44:35Z,ISLAND,82.40131578947319,89.811458333334,Mode: ISLAND. V_pcc: -0.093,0
2026-01-01T18:44:40Z,ISLAND,82.36842105263108,89.811458333334,Mode: ISLAND. V_pcc: -0.093,0
2026-01-01T18:44:45Z,ISLAND,82.33552631578898,89.811458333334,Mode: ISLAND. V_pcc: -0.093,0
2026-01-01T18:44:50Z,ISLAND,82.30263157894686,89.811458333334,Mode: ISLAND. V_pcc: -0.093,0
2026-01-01T18:44:55Z,ISLAND,82.26973684210476,89.811458333334,Mode: ISLAND. V_pcc: -0.093,0
2026-01-01T18:45:00Z,ISLAND,82.23684210526265,89.24895833333399,Mode: ISLAND. V_pcc: -0.093,0
2026-01-01T18:45:05Z,ISLAND,82.20394736842054,89.24895833333399,Mode: ISLAND. V_pcc: -0.093,0
2026-01-01T18:45:10Z,ISLAND,82.17105263157845,89.24895833333399,Mode: ISLAND. V_pcc: -0.093,0
2026-01-01T18:45:15Z,ISLAND,82.13815789473632,89.24895833333399,Mode: ISLAND. V_pcc: -0.093,0
2026-01-01T18:45:20Z,ISLAND,82.10526315789423,89.24895833333399,Mode: ISLAND. V_pcc: -0.093,0
2026-01-01T18:45:25Z,ISLAND,82.07236842105212,89.24895833333399,Mode: ISLAND. V_pcc: -0.093,0
2026-01-01T18:45:30Z,ISLAND,82.03947368421002,89.24895833333399,Mode: ISLAND. V_pcc: -0.093,0
2026-01-01T18:45:35Z,ISLAND,82.00657894736791,89.24895833333399,Mode: ISLAND. V_pcc: -0.093,0
2026-01-01T18:45:40Z,ISLAND,81.9736842105258,89.24895833333399,Mode: ISLAND. V_pcc: -0.093,0
2026-01-01T18:45:45Z,ISLAND,81.9407894736837,89.24895833333399,Mode: ISLAND. V_pcc: -0.093,0
2026-01-01T18:45:50Z,ISLAND,81.9078947368416,89.24895833333399,Mode: ISLAND. V_pcc: -0.093,0
2026-01-01T18:45:55Z,ISLAND,81.87499999999949,89.24895833333399,Mode: ISLAND. V_pcc: -0.093,0
2026-01-01T18:46:00Z,ISLAND,81.84210526315738,89.24895833333399,Mode: ISLAND. V_pcc: -0.093,0
2026-01-01T18:46:05Z,ISLAND,81.80921052631527,89.24895833333399,Mode: ISLAND. V_pcc: -0.094,0
2026-01-01T18:46:10Z,ISLAND,81.77631578947316,89.24895833333399,Mode: ISLAND. V_pcc: -0.094,0
2026-01-01T18:46:15Z,ISLAND,81.74342105263106,89.24895833333399,Mode: ISLAND. V_pcc: -0.094,0
2026-01-01T18:46:20Z,ISLAND,81.71052631578895,89.24895833333399,Mode: ISLAND. V_pcc: -0.094,0
2026-01-01T18:46:25Z,ISLAND,81.67763157894686,89.24895833333399,Mode: ISLAND. V_pcc: -0.094,0
2026-01-01T18:46:30Z,ISLAND,81.64473684210473,89.24895833333399,Mode: ISLAND. V_pcc: -0.094,0
2026-01-01T18:46:35Z,ISLAND,81.61184210526264,89.24895833333399,Mode: ISLAND. V_pcc: -0.094,0
2026-01-01T18:46:40Z,ISLAND,81.57894736842053,89.24895833333399,Mode: ISLAND. V_pcc: -0.094,0
2026-01-01T18:46:45Z,ISLAND,81.54605263157842,89.24895833333399,Mode: ISLAND. V_pcc: -0.094,0
2026-01-01T18:46:50Z,ISLAND,81.51315789473632,89.24895833333399,Mode: ISLAND. V_pcc: -0.094,0
2026-01-01T18:46:55Z,ISLAND,81.4802631578942,89.24895833333399,Mode: ISLAND. V_pcc: -0.094,0
2026-01-01T18:47:00Z,ISLAND,81.4473684210521,89.24895833333399,Mode: ISLAND. V_pcc: -0.094,0
2026-01-01T18:47:05Z,ISLAND,81.41447368421,89.24895833333399,Mode: ISLAND. V_pcc: -0.094,0
2026-01-01T18:47:10Z,ISLAND,81.3815789473679,89.24895833333399,Mode: ISLAND. V_pcc: -0.094,0
2026-01-01T18:47:15Z,ISLAND,81.34868421052579,89.24895833333399,Mode: ISLAND. V_pcc: -0.094,0
2026-01-01T18:47:20Z,ISLAND,81.31578947368368,89.24895833333399,Mode: ISLAND. V_pcc: -0.094,0
2026-01-01T18:47:25Z,ISLAND,81.28289473684157,89.24895833333399,Mode: ISLAND. V_pcc: -0.094,0
2026-01-01T18:47:30Z,ISLAND,81.24999999999946,89.24895833333399,Mode: ISLAND. V_pcc: -0.094,0
2026-01-01T18:47:35Z,ISLAND,81.21710526315736,89.24895833333399,Mode: ISLAND. V_pcc: -0.094,0
2026-01-01T18:47:40Z,ISLAND,81.18421052631525,89.24895833333399,Mode: ISLAND. V_pcc: -0.094,0
2026-01-01T18:47:45Z,ISLAND,81.15131578947314,89.24895833333399,Mode: ISLAND. V_pcc: -0.094,0
2026-01-01T18:47:50Z,ISLAND,81.11842105263104,89.24895833333399,Mode: ISLAND. V_pcc: -0.094,0
2026-01-01T18:47:55Z,ISLAND,81.08552631578894,89.24895833333399,Mode: ISLAND. V_pcc: -0.094,0
2026-01-01T18:48:00Z,ISLAND,81.05263157894683,89.24895833333399,Mode: ISLAND. V_pcc: -0.094,0
2026-01-01T18:48:05Z,ISLAND,81.01973684210473,89.24895833333399,Mode: ISLAND. V_pcc: -0.095,0
2026-01-01T18:48:10Z,ISLAND,80.98684210526261,89.24895833333399,Mode: ISLAND. V_pcc: -0.095,0
2026-01-01T18:48:15Z,ISLAND,80.95394736842051,89.24895833333399,Mode: ISLAND. V_pcc: -0.095,0
2026-01-01T18:48:20Z,ISLAND,80.9210526315784,89.24895833333399,Mode: ISLAND. V_pcc: -0.095,0
2026-01-01T18:48:25Z,ISLAND,80.8881578947363,89.24895833333399,Mode: ISLAND. V_pcc: -0.095,0
2026-01-01T18:48:30Z,ISLAND,80.8552631578942,89.24895833333399,Mode: ISLAND. V_pcc: -0.095,0
2026-01-01T18:48:35Z,ISLAND,80.82236842105208,89.24895833333399,Mode: ISLAND. V_pcc: -0.095,0
2026-01-01T18:48:40Z,ISLAND,80.78947368420998,89.24895833333399,Mode: ISLAND. V_pcc: -0.095,0
2026-01-01T18:48:45Z,ISLAND,80.75657894736787,89.24895833333399,Mode: ISLAND. V_pcc: -0.095,0
2026-01-01T18:48:50Z,ISLAND,80.72368421052578,89.24895833333399,Mode: ISLAND. V_pcc: -0.095,0
2026-01-01T18:48:55Z,ISLAND,80.69078947368367,89.24895833333399,Mode: ISLAND. V_pcc: -0.095,0
2026-01-01T18:49:00Z,ISLAND,80.65789473684156,89.24895833333399,Mode: ISLAND. V_pcc: -0.095,0
2026-01-01T18:49:05Z,ISLAND,80.62499999999945,89.24895833333399,Mode: ISLAND. V_pcc: -0.095,0
2026-01-01T18:49:10Z,ISLAND,80.59210526315735,89.24895833333399,Mode: ISLAND. V_pcc: -0.095,0
2026-01-01T18:49:15Z,ISLAND,80.55921052631524,89.24895833333399,Mode: ISLAND. V_pcc: -0.095,0
2026-01-01T18:49:20Z,ISLAND,80.52631578947313,89.24895833333399,Mode: ISLAND. V_pcc: -0.095,0
2026-01-01T18:49:25Z,ISLAND,80.49342105263102,89.24895833333399,Mode: ISLAND. V_pcc: -0.095,0
2026-01-01T18:49:30Z,ISLAND,80.46052631578891,89.24895833333399,Mode: ISLAND. V_pcc: -0.095,0
2026-01-01T18:49:35Z,ISLAND,80.42763157894682,89.24895833333399,Mode: ISLAND. V_pcc: -0.095,0
2026-01-01T18:49:40Z,ISLAND,80.3947368421047,89.24895833333399,Mode: ISLAND. V_pcc: -0.095,0
2026-01-01T18:49:45Z,ISLAND,80.36184210526261,89.24895833333399,Mode: ISLAND. V_pcc: -0.095,0
2026-01-01T18:49:50Z,ISLAND,80.32894736842049,89.24895833333399,Mode: ISLAND. V_pcc: -0.095,0
2026-01-01T18:49:55Z,ISLAND,80.29605263157839,89.24895833333399,Mode: ISLAND. V_pcc: -0.095,0
2026-01-01T18:50:00Z,ISLAND,80.26315789473628,89.24895833333399,Mode: ISLAND. V_pcc: -0.095,0
2026-01-01T18:50:05Z,ISLAND,80.23026315789417,89.24895833333399,Mode: ISLAND. V_pcc: -0.095,0
2026-01-01T18:50:10Z,ISLAND,80.19736842105208,89.24895833333399,Mode: ISLAND. V_pcc: -0.095,0
2026-01-01T18:50:15Z,ISLAND,80.16447368420995,89.24895833333399,Mode: ISLAND. V_pcc: -0.095,0
2026-01-01T18:50:20Z,ISLAND,80.13157894736786,89.24895833333399,Mode: ISLAND. V_pcc: -0.095,0
2026-01-01T18:50:25Z,ISLAND,80.09868421052575,89.24895833333399,Mode: ISLAND. V_pcc: -0.095,0
2026-01-01T18:50:30Z,ISLAND,80.06578947368365,89.24895833333399,Mode: ISLAND. V_pcc: -0.095,0
2026-01-01T18:50:35Z,ISLAND,80.03289473684154,89.24895833333399,Mode: ISLAND. V_pcc: -0.095,0
2026-01-01T18:50:40Z,ISLAND,79.99999999999943,89.24895833333399,Mode: ISLAND. V_pcc: -0.095,0
2026-01-01T18:50:45Z,ISLAND,79.96710526315732,89.24895833333399,Mode: ISLAND. V_pcc: -0.095,0
2026-01-01T18:50:50Z,ISLAND,79.93421052631521,89.24895833333399,Mode: ISLAND. V_pcc: -0.095,0
2026-01-01T18:50:55Z,ISLAND,79.90131578947312,89.24895833333399,Mode: ISLAND. V_pcc: -0.095,0
2026-01-01T18:51:00Z,ISLAND,79.868421052631,89.24895833333399,Mode: ISLAND. V_pcc: -0.095,0
2026-01-01T18:51:05Z,ISLAND,79.8355263157889,89.24895833333399,Mode: ISLAND. V_pcc: -0.096,0
2026-01-01T18:51:10Z,ISLAND,79.80263157894679,89.24895833333399,Mode: ISLAND. V_pcc: -0.096,0
2026-01-01T18:51:15Z,ISLAND,79.76973684210469,89.24895833333399,Mode: ISLAND. V_pcc: -0.096,0
2026-01-01T18:51:20Z,ISLAND,79.73684210526258,89.24895833333399,Mode: ISLAND. V_pcc: -0.096,0
2026-01-01T18:51:25Z,ISLAND,79.70394736842049,89.24895833333399,Mode: ISLAND. V_pcc: -0.096,0
2026-01-01T18:51:30Z,ISLAND,79.67105263157836,89.24895833333399,Mode: ISLAND. V_pcc: -0.096,0
2026-01-01T18:51:35Z,ISLAND,79.63815789473627,89.24895833333399,Mode: ISLAND. V_pcc: -0.096,0
2026-01-01T18:51:40Z,ISLAND,79.60526315789416,89.24895833333399,Mode: ISLAND. V_pcc: -0.096,0
2026-01-01T18:51:45Z,ISLAND,79.57236842105205,89.24895833333399,Mode: ISLAND. V_pcc: -0.096,0
2026-01-01T18:51:50Z,ISLAND,79.53947368420995,89.24895833333399,Mode: ISLAND. V_pcc: -0.096,0
2026-01-01T18:51:55Z,ISLAND,79.50657894736783,89.24895833333399,Mode: ISLAND. V_pcc: -0.096,0
2026-01-01T18:52:00Z,ISLAND,79.47368421052573,89.24895833333399,Mode: ISLAND. V_pcc: -0.096,0
2026-01-01T18:52:05Z,ISLAND,79.44078947368362,89.24895833333399,Mode: ISLAND. V_pcc: -0.096,0
2026-01-01T18:52:10Z,ISLAND,79.40789473684153,89.24895833333399,Mode: ISLAND. V_pcc: -0.096,0
2026-01-01T18:52:15Z,ISLAND,79.37499999999942,89.24895833333399,Mode: ISLAND. V_pcc: -0.096,0
2026-01-01T18:52:20Z,ISLAND,79.34210526315731,89.24895833333399,Mode: ISLAND. V_pcc: -0.096,0
2026-01-01T18:52:25Z,ISLAND,79.3092105263152,89.24895833333399,Mode: ISLAND. V_pcc: -0.096,0
2026-01-01T18:52:30Z,ISLAND,79.2763157894731,89.24895833333399,Mode: ISLAND. V_pcc: -0.096,0
2026-01-01T18:52:35Z,ISLAND,79.24342105263099,89.24895833333399,Mode: ISLAND. V_pcc: -0.096,0
2026-01-01T18:52:40Z,ISLAND,79.21052631578888,89.24895833333399,Mode: ISLAND. V_pcc: -0.096,0
2026-01-01T18:52:45Z,ISLAND,79.17763157894677,89.24895833333399,Mode: ISLAND. V_pcc: -0.096,0
2026-01-01T18:52:50Z,ISLAND,79.14473684210466,89.24895833333399,Mode: ISLAND. V_pcc: -0.096,0
2026-01-01T18:52:55Z,ISLAND,79.11184210526257,89.24895833333399,Mode: ISLAND. V_pcc: -0.096,0
2026-01-01T18:53:00Z,ISLAND,79.07894736842046,89.24895833333399,Mode: ISLAND. V_pcc: -0.096,0
2026-01-01T18:53:05Z,ISLAND,79.04605263157836,89.24895833333399,Mode: ISLAND. V_pcc: -0.097,0
2026-01-01T18:53:10Z,ISLAND,79.01315789473624,89.24895833333399,Mode: ISLAND. V_pcc: -0.097,0
2026-01-01T18:53:15Z,ISLAND,78.98026315789414,89.24895833333399,Mode: ISLAND. V_pcc: -0.097,0
2026-01-01T18:53:20Z,ISLAND,78.94736842105203,89.24895833333399,Mode: ISLAND. V_pcc: -0.097,0
2026-01-01T18:53:25Z,ISLAND,78.91447368420992,89.24895833333399,Mode: ISLAND. V_pcc: -0.097,0
2026-01-01T18:53:30Z,ISLAND,78.88157894736783,89.24895833333399,Mode: ISLAND. V_pcc: -0.097,0
2026-01-01T18:53:35Z,ISLAND,78.8486842105257,89.24895833333399,Mode: ISLAND. V_pcc: -0.097,0
2026-01-01T18:53:40Z,ISLAND,78.81578947368361,89.24895833333399,Mode: ISLAND. V_pcc: -0.097,0
2026-01-01T18:53:45Z,ISLAND,78.7828947368415,89.24895833333399,Mode: ISLAND. V_pcc: -0.097,0
2026-01-01T18:53:50Z,ISLAND,78.7499999999994,89.24895833333399,Mode: ISLAND. V_pcc: -0.097,0
2026-01-01T18:53:55Z,ISLAND,78.7171052631573,89.24895833333399,Mode: ISLAND. V_pcc: -0.097,0
2026-01-01T18:54:00Z,ISLAND,78.68421052631518,89.24895833333399,Mode: ISLAND. V_pcc: -0.097,0
2026-01-01T18:54:05Z,ISLAND,78.65131578947307,89.24895833333399,Mode: ISLAND. V_pcc: -0.097,0
2026-01-01T18:54:10Z,ISLAND,78.61842105263096,89.24895833333399,Mode: ISLAND. V_pcc: -0.097,0
2026-01-01T18:54:15Z,ISLAND,78.58552631578887,89.24895833333399,Mode: ISLAND. V_pcc: -0.097,0
2026-01-01T18:54:20Z,ISLAND,78.55263157894676,89.24895833333399,Mode: ISLAND. V_pcc: -0.097,0
2026-01-01T18:54:25Z,ISLAND,78.51973684210465,89.24895833333399,Mode: ISLAND. V_pcc: -0.097,0
2026-01-01T18:54:30Z,ISLAND,78.48684210526254,89.24895833333399,Mode: ISLAND. V_pcc: -0.097,0
2026-01-01T18:54:35Z,ISLAND,78.45394736842044,89.24895833333399,Mode: ISLAND. V_pcc: -0.097,0
2026-01-01T18:54:40Z,ISLAND,78.42105263157833,89.24895833333399,Mode: ISLAND. V_pcc: -0.097,0
2026-01-01T18:54:45Z,ISLAND,78.38815789473624,89.24895833333399,Mode: ISLAND. V_pcc: -0.097,0
2026-01-01T18:54:50Z,ISLAND,78.35526315789411,89.24895833333399,Mode: ISLAND. V_pcc: -0.097,0
2026-01-01T18:54:55Z,ISLAND,78.32236842105202,89.24895833333399,Mode: ISLAND. V_pcc: -0.097,0
2026-01-01T18:55:00Z,ISLAND,78.28947368420991,89.24895833333399,Mode: ISLAND. V_pcc: -0.097,0
2026-01-01T18:55:05Z,ISLAND,78.2565789473678,89.24895833333399,Mode: ISLAND. V_pcc: -0.097,0
2026-01-01T18:55:10Z,ISLAND,78.2236842105257,89.24895833333399,Mode: ISLAND. V_pcc: -0.097,0
2026-01-01T18:55:15Z,ISLAND,78.19078947368358,89.24895833333399,Mode: ISLAND. V_pcc: -0.097,0
2026-01-01T18:55:20Z,ISLAND,78.15789473684148,89.24895833333399,Mode: ISLAND. V_pcc: -0.097,0
2026-01-01T18:55:25Z,ISLAND,78.12499999999937,89.24895833333399,Mode: ISLAND. V_pcc: -0.097,0
2026-01-01T18:55:30Z,ISLAND,78.09210526315728,89.24895833333399,Mode: ISLAND. V_pcc: -0.097,0
2026-01-01T18:55:35Z,ISLAND,78.05921052631517,89.24895833333399,Mode: ISLAND. V_pcc: -0.097,0
2026-01-01T18:55:40Z,ISLAND,78.02631578947306,89.24895833333399,Mode: ISLAND. V_pcc: -0.097,0
2026-01-01T18:55:45Z,ISLAND,77.99342105263095,89.24895833333399,Mode: ISLAND. V_pcc: -0.097,0
2026-01-01T18:55:50Z,ISLAND,77.96052631578885,89.24895833333399,Mode: ISLAND. V_pcc: -0.097,0
2026-01-01T18:55:55Z,ISLAND,77.92763157894674,89.24895833333399,Mode: ISLAND. V_pcc: -0.097,0
2026-01-01T18:56:00Z,ISLAND,77.89473684210463,89.24895833333399,Mode: ISLAND. V_pcc: -0.097,0
2026-01-01T18:56:05Z,ISLAND,77.86184210526253,89.24895833333399,Mode: ISLAND. V_pcc: -0.098,0
2026-01-01T18:56:10Z,ISLAND,77.82894736842042,89.24895833333399,Mode: ISLAND. V_pcc: -0.098,0
2026-01-01T18:56:15Z,ISLAND,77.79605263157832,89.24895833333399,Mode: ISLAND. V_pcc: -0.098,0
2026-01-01T18:56:20Z,ISLAND,77.76315789473621,89.24895833333399,Mode: ISLAND. V_pcc: -0.098,0
2026-01-01T18:56:25Z,ISLAND,77.73026315789411,89.24895833333399,Mode: ISLAND. V_pcc: -0.098,0
2026-01-01T18:56:30Z,ISLAND,77.69736842105199,89.24895833333399,Mode: ISLAND. V_pcc: -0.098,0
2026-01-01T18:56:35Z,ISLAND,77.6644736842099,89.24895833333399,Mode: ISLAND. V_pcc: -0.098,0
2026-01-01T18:56:40Z,ISLAND,77.63157894736779,89.24895833333399,Mode: ISLAND. V_pcc: -0.098,0
2026-01-01T18:56:45Z,ISLAND,77.59868421052568,89.24895833333399,Mode: ISLAND. V_pcc: -0.098,0
2026-01-01T18:56:50Z,ISLAND,77.56578947368358,89.24895833333399,Mode: ISLAND. V_pcc: -0.098,0
2026-01-01T18:56:55Z,ISLAND,77.53289473684146,89.24895833333399,Mode: ISLAND. V_pcc: -0.098,0
2026-01-01T18:57:00Z,ISLAND,77.49999999999936,89.24895833333399,Mode: ISLAND. V_pcc: -0.098,0
2026-01-01T18:57:05Z,ISLAND,77.46710526315725,89.24895833333399,Mode: ISLAND. V_pcc: -0.098,0
2026-01-01T18:57:10Z,ISLAND,77.43421052631516,89.24895833333399,Mode: ISLAND. V_pcc: -0.098,0
2026-01-01T18:57:15Z,ISLAND,77.40131578947305,89.24895833333399,Mode: ISLAND. V_pcc: -0.098,0
2026-01-01T18:57:20Z,ISLAND,77.36842105263094,89.24895833333399,Mode: ISLAND. V_pcc: -0.098,0
2026-01-01T18:57:25Z,ISLAND,77.33552631578883,89.24895833333399,Mode: ISLAND. V_pcc: -0.098,0
2026-01-01T18:57:30Z,ISLAND,77.30263157894672,89.24895833333399,Mode: ISLAND. V_pcc: -0.098,0
2026-01-01T18:57:35Z,ISLAND,77.26973684210462,89.24895833333399,Mode: ISLAND. V_pcc: -0.098,0
2026-01-01T18:57:40Z,ISLAND,77.23684210526251,89.24895833333399,Mode: ISLAND. V_pcc: -0.098,0
2026-01-01T18:57:45Z,ISLAND,77.2039473684204,89.24895833333399,Mode: ISLAND. V_pcc: -0.098,0
2026-01-01T18:57:50Z,ISLAND,77.17105263157829,89.24895833333399,Mode: ISLAND. V_pcc: -0.098,0
2026-01-01T18:57:55Z,ISLAND,77.1381578947362,89.24895833333399,Mode: ISLAND. V_pcc: -0.098,0
2026-01-01T18:58:00Z,ISLAND,77.10526315789409,89.24895833333399,Mode: ISLAND. V_pcc: -0.098,0
2026-01-01T18:58:05Z,ISLAND,77.07236842105199,89.24895833333399,Mode: ISLAND. V_pcc: -0.099,0
2026-01-01T18:58:10Z,ISLAND,77.03947368420987,89.24895833333399,Mode: ISLAND. V_pcc: -0.099,0
2026-01-01T18:58:15Z,ISLAND,77.00657894736777,89.24895833333399,Mode: ISLAND. V_pcc: -0.099,0
2026-01-01T18:58:20Z,ISLAND,76.97368421052566,89.24895833333399,Mode: ISLAND. V_pcc: -0.099,0
2026-01-01T18:58:25Z,ISLAND,76.94078947368355,89.24895833333399,Mode: ISLAND. V_pcc: -0.099,0
2026-01-01T18:58:30Z,ISLAND,76.90789473684146,89.24895833333399,Mode: ISLAND. V_pcc: -0.099,0
2026-01-01T18:58:35Z,ISLAND,76.87499999999933,89.24895833333399,Mode: ISLAND. V_pcc: -0.099,0
2026-01-01T18:58:40Z,ISLAND,76.84210526315724,89.24895833333399,Mode: ISLAND. V_pcc: -0.099,0
2026-01-01T18:58:45Z,ISLAND,76.80921052631513,89.24895833333399,Mode: ISLAND. V_pcc: -0.099,0
2026-01-01T18:58:50Z,ISLAND,76.77631578947303,89.24895833333399,Mode: ISLAND. V_pcc: -0.099,0
2026-01-01T18:58:55Z,ISLAND,76.74342105263092,89.24895833333399,Mode: ISLAND. V_pcc: -0.099,0
2026-01-01T18:59:00Z,ISLAND,76.71052631578881,89.24895833333399,Mode: ISLAND. V_pcc: -0.099,0
2026-01-01T18:59:05Z,ISLAND,76.6776315789467,89.24895833333399,Mode: ISLAND. V_pcc: -0.099,0
2026-01-01T18:59:10Z,ISLAND,76.6447368421046,89.24895833333399,Mode: ISLAND. V_pcc: -0.099,0
2026-01-01T18:59:15Z,ISLAND,76.6118421052625,89.24895833333399,Mode: ISLAND. V_pcc: -0.099,0
2026-01-01T18:59:20Z,ISLAND,76.57894736842039,89.24895833333399,Mode: ISLAND. V_pcc: -0.099,0
2026-01-01T18:59:25Z,ISLAND,76.54605263157828,89.24895833333399,Mode: ISLAND. V_pcc: -0.099,0
2026-01-01T18:59:30Z,ISLAND,76.51315789473617,89.24895833333399,Mode: ISLAND. V_pcc: -0.099,0
2026-01-01T18:59:35Z,ISLAND,76.48026315789407,89.24895833333399,Mode: ISLAND. V_pcc: -0.099,0
2026-01-01T18:59:40Z,ISLAND,76.44736842105196,89.24895833333399,Mode: ISLAND. V_pcc: -0.099,0
2026-01-01T18:59:45Z,ISLAND,76.41447368420987,89.24895833333399,Mode: ISLAND. V_pcc: -0.099,0
2026-01-01T18:59:50Z,ISLAND,76.38157894736774,89.24895833333399,Mode: ISLAND. V_pcc: -0.099,0
2026-01-01T18:59:55Z,ISLAND,76.34868421052565,89.24895833333399,Mode: ISLAND. V_pcc: -0.099,0
2026-01-01T19:00:00Z,ISLAND,76.31578947368354,88.68645833333397,Mode: ISLAND. V_pcc: -0.099,0
2026-01-01T19:00:05Z,ISLAND,76.28289473684143,88.68645833333397,Mode: ISLAND. V_pcc: 0.901,0
2026-01-01T19:00:10Z,ISLAND,76.24999999999933,88.68645833333397,Mode: ISLAND. V_pcc: 0.901,0
2026-01-01T19:00:15Z,ISLAND,76.21710526315721,88.68645833333397,Mode: ISLAND. V_pcc: 0.901,0
2026-01-01T19:00:20Z,ISLAND,76.18421052631511,88.68645833333397,Mode: ISLAND. V_pcc: 0.901,0
2026-01-01T19:00:25Z,ISLAND,76.151315789473,88.68645833333397,Mode: ISLAND. V_pcc: 0.901,0
2026-01-01T19:00:30Z,ISLAND,76.11842105263091,88.68645833333397,Mode: ISLAND. V_pcc: 0.901,0
2026-01-01T19:00:35Z,ISLAND,76.0855263157888,88.68645833333397,Mode: ISLAND. V_pcc: 0.901,0
2026-01-01T19:00:40Z,ISLAND,76.05263157894669,88.68645833333397,Mode: ISLAND. V_pcc: 0.901,0
2026-01-01T19:00:45Z,ISLAND,76.01973684210458,88.68645833333397,Mode: ISLAND. V_pcc: 0.901,0
2026-01-01T19:00:50Z,ISLAND,75.98684210526247,88.68645833333397,Mode: ISLAND. V_pcc: 0.901,0
2026-01-01T19:00:55Z,ISLAND,75.95394736842037,88.68645833333397,Mode: ISLAND. V_pcc: 0.901,0
2026-01-01T19:01:00Z,ISLAND,75.92105263157826,88.68645833333397,Mode: ISLAND. V_pcc: 0.901,0
2026-01-01T19:01:05Z,ISLAND,75.88815789473615,88.68645833333397,Mode: ISLAND. V_pcc: 0.900,0
2026-01-01T19:01:10Z,ISLAND,75.85526315789404,88.68645833333397,Mode: ISLAND. V_pcc: 0.900,0
2026-01-01T19:01:15Z,ISLAND,75.82236842105195,88.68645833333397,Mode: ISLAND. V_pcc: 0.900,0
2026-01-01T19:01:20Z,ISLAND,75.78947368420984,88.68645833333397,Mode: ISLAND. V_pcc: 0.900,0
2026-01-01T19:01:25Z,ISLAND,75.75657894736774,88.68645833333397,Mode: ISLAND. V_pcc: 0.900,0
2026-01-01T19:01:30Z,ISLAND,75.72368421052562,88.68645833333397,Mode: ISLAND. V_pcc: 0.900,0
2026-01-01T19:01:35Z,ISLAND,75.69078947368352,88.68645833333397,Mode: ISLAND. V_pcc: 0.900,0
2026-01-01T19:01:40Z,ISLAND,75.65789473684141,88.68645833333397,Mode: ISLAND. V_pcc: 0.900,0
2026-01-01T19:01:45Z,ISLAND,75.6249999999993,88.68645833333397,Mode: ISLAND. V_pcc: 0.900,0
2026-01-01T19:01:50Z,ISLAND,75.59210526315721,88.68645833333397,Mode: ISLAND. V_pcc: 0.900,0
2026-01-01T19:01:55Z,ISLAND,75.55921052631508,88.68645833333397,Mode: ISLAND. V_pcc: 0.900,0
2026-01-01T19:02:00Z,ISLAND,75.52631578947299,88.68645833333397,Mode: ISLAND. V_pcc: 0.900,0
2026-01-01T19:02:05Z,ISLAND,75.49342105263088,88.68645833333397,Mode: ISLAND. V_pcc: 0.900,0
2026-01-01T19:02:10Z,ISLAND,75.46052631578878,88.68645833333397,Mode: ISLAND. V_pcc: 0.900,0
2026-01-01T19:02:15Z,ISLAND,75.42763157894667,88.68645833333397,Mode: ISLAND. V_pcc: 0.900,0
2026-01-01T19:02:20Z,ISLAND,75.39473684210456,88.68645833333397,Mode: ISLAND. V_pcc: 0.900,0
2026-01-01T19:02:25Z,ISLAND,75.36184210526245,88.68645833333397,Mode: ISLAND. V_pcc: 0.900,0
2026-01-01T19:02:30Z,ISLAND,75.32894736842036,88.68645833333397,Mode: ISLAND. V_pcc: 0.900,0
2026-01-01T19:02:35Z,ISLAND,75.29605263157825,88.68645833333397,Mode: ISLAND. V_pcc: 0.900,0
2026-01-01T19:02:40Z,ISLAND,75.26315789473614,88.68645833333397,Mode: ISLAND. V_pcc: 0.900,0
2026-01-01T19:02:45Z,ISLAND,75.23026315789403,88.68645833333397,Mode: ISLAND. V_pcc: 0.900,0
2026-01-01T19:02:50Z,ISLAND,75.19736842105192,88.68645833333397,Mode: ISLAND. V_pcc: 0.900,0
2026-01-01T19:02:55Z,ISLAND,75.16447368420982,88.68645833333397,Mode: ISLAND. V_pcc: 0.900,0
2026-01-01T19:03:00Z,ISLAND,75.13157894736771,88.68645833333397,Mode: ISLAND. V_pcc: 0.900,0
2026-01-01T19:03:05Z,ISLAND,75.09868421052562,88.68645833333397,Mode: ISLAND. V_pcc: 0.899,0
2026-01-01T19:03:10Z,ISLAND,75.0657894736835,88.68645833333397,Mode: ISLAND. V_pcc: 0.899,0
2026-01-01T19:03:15Z,ISLAND,75.0328947368414,88.68645833333397,Mode: ISLAND. V_pcc: 0.899,0
2026-01-01T19:03:20Z,ISLAND,74.99999999999929,88.68645833333397,Mode: ISLAND. V_pcc: 0.899,0
2026-01-01T19:03:25Z,ISLAND,74.96710526315718,88.68645833333397,Mode: ISLAND. V_pcc: 0.899,0
2026-01-01T19:03:30Z,ISLAND,74.93421052631508,88.68645833333397,Mode: ISLAND. V_pcc: 0.899,0
2026-01-01T19:03:35Z,ISLAND,74.90131578947296,88.68645833333397,Mode: ISLAND. V_pcc: 0.899,0
2026-01-01T19:03:40Z,ISLAND,74.86842105263086,88.68645833333397,Mode: ISLAND. V_pcc: 0.899,0
2026-01-01T19:03:45Z,ISLAND,74.83552631578875,88.68645833333397,Mode: ISLAND. V_pcc: 0.899,0
2026-01-01T19:03:50Z,ISLAND,74.80263157894666,88.68645833333397,Mode: ISLAND. V_pcc: 0.899,0
2026-01-01T19:03:55Z,ISLAND,74.76973684210455,88.68645833333397,Mode: ISLAND. V_pcc: 0.899,0
2026-01-01T19:04:00Z,ISLAND,74.73684210526244,88.68645833333397,Mode: ISLAND. V_pcc: 0.899,0
2026-01-01T19:04:05Z,ISLAND,74.70394736842033,88.68645833333397,Mode: ISLAND. V_pcc: 0.899,0
2026-01-01T19:04:10Z,ISLAND,74.67105263157822,88.68645833333397,Mode: ISLAND. V_pcc: 0.899,0
2026-01-01T19:04:15Z,ISLAND,74.63815789473612,88.68645833333397,Mode: ISLAND. V_pcc: 0.899,0
2026-01-01T19:04:20Z,ISLAND,74.60526315789402,88.68645833333397,Mode: ISLAND. V_pcc: 0.899,0
2026-01-01T19:04:25Z,ISLAND,74.5723684210519,88.68645833333397,Mode: ISLAND. V_pcc: 0.899,0
2026-01-01T19:04:30Z,ISLAND,74.5394736842098,88.68645833333397,Mode: ISLAND. V_pcc: 0.899,0
2026-01-01T19:04:35Z,ISLAND,74.5065789473677,88.68645833333397,Mode: ISLAND. V_pcc: 0.899,0
2026-01-01T19:04:40Z,ISLAND,74.47368421052559,88.68645833333397,Mode: ISLAND. V_pcc: 0.899,0
2026-01-01T19:04:45Z,ISLAND,74.4407894736835,88.68645833333397,Mode: ISLAND. V_pcc: 0.899,0
2026-01-01T19:04:50Z,ISLAND,74.40789473684137,88.68645833333397,Mode: ISLAND. V_pcc: 0.899,0
2026-01-01T19:04:55Z,ISLAND,74.37499999999928,88.68645833333397,Mode: ISLAND. V_pcc: 0.899,0
2026-01-01T19:05:00Z,ISLAND,74.34210526315717,88.68645833333397,Mode: ISLAND. V_pcc: 0.899,0
2026-01-01T19:05:05Z,ISLAND,74.30921052631506,88.68645833333397,Mode: ISLAND. V_pcc: 0.899,0
2026-01-01T19:05:10Z,ISLAND,74.27631578947296,88.68645833333397,Mode: ISLAND. V_pcc: 0.899,0
2026-01-01T19:05:15Z,ISLAND,74.24342105263084,88.68645833333397,Mode: ISLAND. V_pcc: 0.899,0
2026-01-01T19:05:20Z,ISLAND,74.21052631578874,88.68645833333397,Mode: ISLAND. V_pcc: 0.899,0
2026-01-01T19:05:25Z,ISLAND,74.17763157894663,88.68645833333397,Mode: ISLAND. V_pcc: 0.899,0
2026-01-01T19:05:30Z,ISLAND,74.14473684210454,88.68645833333397,Mode: ISLAND. V_pcc: 0.899,0
2026-01-01T19:05:35Z,ISLAND,74.11184210526243,88.68645833333397,Mode: ISLAND. V_pcc: 0.899,0
2026-01-01T19:05:40Z,ISLAND,74.07894736842032,88.68645833333397,Mode: ISLAND. V_pcc: 0.899,0
2026-01-01T19:05:45Z,ISLAND,74.0460526315782,88.68645833333397,Mode: ISLAND. V_pcc: 0.899,0
2026-01-01T19:05:50Z,ISLAND,74.01315789473611,88.68645833333397,Mode: ISLAND. V_pcc: 0.899,0
2026-01-01T19:05:55Z,ISLAND,73.980263157894,88.68645833333397,Mode: ISLAND. V_pcc: 0.899,0
2026-01-01T19:06:00Z,ISLAND,73.94736842105189,88.68645833333397,Mode: ISLAND. V_pcc: 0.899,0
2026-01-01T19:06:05Z,ISLAND,73.91447368420978,88.68645833333397,Mode: ISLAND. V_pcc: 0.898,0
2026-01-01T19:06:10Z,ISLAND,73.88157894736767,88.68645833333397,Mode: ISLAND. V_pcc: 0.898,0
2026-01-01T19:06:15Z,ISLAND,73.84868421052558,88.68645833333397,Mode: ISLAND. V_pcc: 0.898,0
2026-01-01T19:06:20Z,ISLAND,73.81578947368347,88.68645833333397,Mode: ISLAND. V_pcc: 0.898,0
2026-01-01T19:06:25Z,ISLAND,73.78289473684137,88.68645833333397,Mode: ISLAND. V_pcc: 0.898,0
2026-01-01T19:06:30Z,ISLAND,73.74999999999925,88.68645833333397,Mode: ISLAND. V_pcc: 0.898,0
2026-01-01T19:06:35Z,ISLAND,73.71710526315715,88.68645833333397,Mode: ISLAND. V_pcc: 0.898,0
2026-01-01T19:06:40Z,ISLAND,73.68421052631504,88.68645833333397,Mode: ISLAND. V_pcc: 0.898,0
2026-01-01T19:06:45Z,ISLAND,73.65131578947293,88.68645833333397,Mode: ISLAND. V_pcc: 0.898,0
2026-01-01T19:06:50Z,ISLAND,73.61842105263084,88.68645833333397,Mode: ISLAND. V_pcc: 0.898,0
2026-01-01T19:06:55Z,ISLAND,73.58552631578871,88.68645833333397,Mode: ISLAND. V_pcc: 0.898,0
2026-01-01T19:07:00Z,ISLAND,73.55263157894662,88.68645833333397,Mode: ISLAND. V_pcc: 0.898,0
2026-01-01T19:07:05Z,ISLAND,73.5197368421045,88.68645833333397,Mode: ISLAND. V_pcc: 0.898,0
2026-01-01T19:07:10Z,ISLAND,73.48684210526241,88.68645833333397,Mode: ISLAND. V_pcc: 0.898,0
2026-01-01T19:07:15Z,ISLAND,73.4539473684203,88.68645833333397,Mode: ISLAND. V_pcc: 0.898,0
2026-01-01T19:07:20Z,ISLAND,73.42105263157819,88.68645833333397,Mode: ISLAND. V_pcc: 0.898,0
2026-01-01T19:07:25Z,ISLAND,73.38815789473608,88.68645833333397,Mode: ISLAND. V_pcc: 0.898,0
2026-01-01T19:07:30Z,ISLAND,73.35526315789397,88.68645833333397,Mode: ISLAND. V_pcc: 0.898,0
2026-01-01T19:07:35Z,ISLAND,73.32236842105188,88.68645833333397,Mode: ISLAND. V_pcc: 0.898,0
2026-01-01T19:07:40Z,ISLAND,73.28947368420977,88.68645833333397,Mode: ISLAND. V_pcc: 0.898,0
2026-01-01T19:07:45Z,ISLAND,73.25657894736766,88.68645833333397,Mode: ISLAND. V_pcc: 0.898,0
2026-01-01T19:07:50Z,ISLAND,73.22368421052555,88.68645833333397,Mode: ISLAND. V_pcc: 0.898,0
2026-01-01T19:07:55Z,ISLAND,73.19078947368345,88.68645833333397,Mode: ISLAND. V_pcc: 0.898,0
2026-01-01T19:08:00Z,ISLAND,73.15789473684134,88.68645833333397,Mode: ISLAND. V_pcc: 0.898,0
2026-01-01T19:08:05Z,ISLAND,73.12499999999925,88.68645833333397,Mode: ISLAND. V_pcc: 0.897,0
2026-01-01T19:08:10Z,ISLAND,73.09210526315712,88.68645833333397,Mode: ISLAND. V_pcc: 0.897,0
2026-01-01T19:08:15Z,ISLAND,73.05921052631503,88.68645833333397,Mode: ISLAND. V_pcc: 0.897,0
2026-01-01T19:08:20Z,ISLAND,73.02631578947292,88.68645833333397,Mode: ISLAND. V_pcc: 0.897,0
2026-01-01T19:08:25Z,ISLAND,72.99342105263081,88.68645833333397,Mode: ISLAND. V_pcc: 0.897,0
2026-01-01T19:08:30Z,ISLAND,72.96052631578871,88.68645833333397,Mode: ISLAND. V_pcc: 0.897,0
2026-01-01T19:08:35Z,ISLAND,72.92763157894659,88.68645833333397,Mode: ISLAND. V_pcc: 0.897,0
2026-01-01T19:08:40Z,ISLAND,72.89473684210449,88.68645833333397,Mode: ISLAND. V_pcc: 0.897,0
2026-01-01T19:08:45Z,ISLAND,72.86184210526238,88.68645833333397,Mode: ISLAND. V_pcc: 0.897,0
2026-01-01T19:08:50Z,ISLAND,72.82894736842029,88.68645833333397,Mode: ISLAND. V_pcc: 0.897,0
2026-01-01T19:08:55Z,ISLAND,72.79605263157818,88.68645833333397,Mode: ISLAND. V_pcc: 0.897,0
2026-01-01T19:09:00Z,ISLAND,72.76315789473607,88.68645833333397,Mode: ISLAND. V_pcc: 0.897,0
2026-01-01T19:09:05Z,ISLAND,72.73026315789396,88.68645833333397,Mode: ISLAND. V_pcc: 0.897,0
2026-01-01T19:09:10Z,ISLAND,72.69736842105186,88.68645833333397,Mode: ISLAND. V_pcc: 0.897,0
2026-01-01T19:09:15Z,ISLAND,72.66447368420975,88.68645833333397,Mode: ISLAND. V_pcc: 0.897,0
2026-01-01T19:09:20Z,ISLAND,72.63157894736764,88.68645833333397,Mode: ISLAND. V_pcc: 0.897,0
2026-01-01T19:09:25Z,ISLAND,72.59868421052553,88.68645833333397,Mode: ISLAND. V_pcc: 0.897,0
2026-01-01T19:09:30Z,ISLAND,72.56578947368342,88.68645833333397,Mode: ISLAND. V_pcc: 0.897,0
2026-01-01T19:09:35Z,ISLAND,72.53289473684133,88.68645833333397,Mode: ISLAND. V_pcc: 0.897,0
2026-01-01T19:09:40Z,ISLAND,72.49999999999922,88.68645833333397,Mode: ISLAND. V_pcc: 0.897,0
2026-01-01T19:09:45Z,ISLAND,72.46710526315712,88.68645833333397,Mode: ISLAND. V_pcc: 0.897,0
2026-01-01T19:09:50Z,ISLAND,72.434210526315,88.68645833333397,Mode: ISLAND. V_pcc: 0.897,0
2026-01-01T19:09:55Z,ISLAND,72.4013157894729,88.68645833333397,Mode: ISLAND. V_pcc: 0.897,0
2026-01-01T19:10:00Z,ISLAND,72.3684210526308,88.68645833333397,Mode: ISLAND. V_pcc: 0.897,0
2026-01-01T19:10:05Z,ISLAND,72.33552631578868,88.68645833333397,Mode: ISLAND. V_pcc: 0.897,0
2026-01-01T19:10:10Z,ISLAND,72.30263157894659,88.68645833333397,Mode: ISLAND. V_pcc: 0.897,0
2026-01-01T19:10:15Z,ISLAND,72.26973684210446,88.68645833333397,Mode: ISLAND. V_pcc: 0.897,0
2026-01-01T19:10:20Z,ISLAND,72.23684210526237,88.68645833333397,Mode: ISLAND. V_pcc: 0.897,0
2026-01-01T19:10:25Z,ISLAND,72.20394736842026,88.68645833333397,Mode: ISLAND. V_pcc: 0.897,0
2026-01-01T19:10:30Z,ISLAND,72.17105263157816,88.68645833333397,Mode: ISLAND. V_pcc: 0.897,0
2026-01-01T19:10:35Z,ISLAND,72.13815789473605,88.68645833333397,Mode: ISLAND. V_pcc: 0.897,0
2026-01-01T19:10:40Z,ISLAND,72.10526315789394,88.68645833333397,Mode: ISLAND. V_pcc: 0.897,0
2026-01-01T19:10:45Z,ISLAND,72.07236842105183,88.68645833333397,Mode: ISLAND. V_pcc: 0.897,0
2026-01-01T19:10:50Z,ISLAND,72.03947368420972,88.68645833333397,Mode: ISLAND. V_pcc: 0.897,0
2026-01-01T19:10:55Z,ISLAND,72.00657894736763,88.68645833333397,Mode: ISLAND. V_pcc: 0.897,0
2026-01-01T19:11:00Z,ISLAND,71.97368421052552,88.68645833333397,Mode: ISLAND. V_pcc: 0.897,0
2026-01-01T19:11:05Z,ISLAND,71.94078947368341,88.68645833333397,Mode: ISLAND. V_pcc: 0.896,0
2026-01-01T19:11:10Z,ISLAND,71.9078947368413,88.68645833333397,Mode: ISLAND. V_pcc: 0.896,0
2026-01-01T19:11:15Z,ISLAND,71.8749999999992,88.68645833333397,Mode: ISLAND. V_pcc: 0.896,0
2026-01-01T19:11:20Z,ISLAND,71.8421052631571,88.68645833333397,Mode: ISLAND. V_pcc: 0.896,0
2026-01-01T19:11:25Z,ISLAND,71.809210526315,88.68645833333397,Mode: ISLAND. V_pcc: 0.896,0
2026-01-01T19:11:30Z,ISLAND,71.77631578947287,88.68645833333397,Mode: ISLAND. V_pcc: 0.896,0
2026-01-01T19:11:35Z,ISLAND,71.74342105263078,88.68645833333397,Mode: ISLAND. V_pcc: 0.896,0
2026-01-01T19:11:40Z,ISLAND,71.71052631578867,88.68645833333397,Mode: ISLAND. V_pcc: 0.896,0
2026-01-01T19:11:45Z,ISLAND,71.67763157894656,88.68645833333397,Mode: ISLAND. V_pcc: 0.896,0
2026-01-01T19:11:50Z,ISLAND,71.64473684210446,88.68645833333397,Mode: ISLAND. V_pcc: 0.896,0
2026-01-01T19:11:55Z,ISLAND,71.61184210526234,88.68645833333397,Mode: ISLAND. V_pcc: 0.896,0
2026-01-01T19:12:00Z,ISLAND,71.57894736842024,88.68645833333397,Mode: ISLAND. V_pcc: 0.896,0
2026-01-01T19:12:05Z,ISLAND,71.54605263157814,88.68645833333397,Mode: ISLAND. V_pcc: 0.896,0
2026-01-01T19:12:10Z,ISLAND,71.51315789473604,88.68645833333397,Mode: ISLAND. V_pcc: 0.896,0
2026-01-01T19:12:15Z,ISLAND,71.48026315789393,88.68645833333397,Mode: ISLAND. V_pcc: 0.896,0
2026-01-01T19:12:20Z,ISLAND,71.44736842105182,88.68645833333397,Mode: ISLAND. V_pcc: 0.896,0
2026-01-01T19:12:25Z,ISLAND,71.41447368420971,88.68645833333397,Mode: ISLAND. V_pcc: 0.896,0
2026-01-01T19:12:30Z,ISLAND,71.38157894736761,88.68645833333397,Mode: ISLAND. V_pcc: 0.896,0
2026-01-01T19:12:35Z,ISLAND,71.3486842105255,88.68645833333397,Mode: ISLAND. V_pcc: 0.896,0
2026-01-01T19:12:40Z,ISLAND,71.3157894736834,88.68645833333397,Mode: ISLAND. V_pcc: 0.896,0
2026-01-01T19:12:45Z,ISLAND,71.28289473684129,88.68645833333397,Mode: ISLAND. V_pcc: 0.896,0
2026-01-01T19:12:50Z,ISLAND,71.24999999999918,88.68645833333397,Mode: ISLAND. V_pcc: 0.896,0
2026-01-01T19:12:55Z,ISLAND,71.21710526315708,88.68645833333397,Mode: ISLAND. V_pcc: 0.896,0
2026-01-01T19:13:00Z,ISLAND,71.18421052631497,88.68645833333397,Mode: ISLAND. V_pcc: 0.896,0
2026-01-01T19:13:05Z,ISLAND,71.15131578947287,88.68645833333397,Mode: ISLAND. V_pcc: 0.896,0
2026-01-01T19:13:10Z,ISLAND,71.11842105263075,88.68645833333397,Mode: ISLAND. V_pcc: 0.896,0
2026-01-01T19:13:15Z,ISLAND,71.08552631578866,88.68645833333397,Mode: ISLAND. V_pcc: 0.896,0
2026-01-01T19:13:20Z,ISLAND,71.05263157894655,88.68645833333397,Mode: ISLAND. V_pcc: 0.896,0
2026-01-01T19:13:25Z,ISLAND,71.01973684210444,88.68645833333397,Mode: ISLAND. V_pcc: 0.896,0
2026-01-01T19:13:30Z,ISLAND,70.98684210526234,88.68645833333397,Mode: ISLAND. V_pcc: 0.896,0
2026-01-01T19:13:35Z,ISLAND,70.95394736842022,88.68645833333397,Mode: ISLAND. V_pcc: 0.896,0
2026-01-01T19:13:40Z,ISLAND,70.92105263157812,88.68645833333397,Mode: ISLAND. V_pcc: 0.896,0
2026-01-01T19:13:45Z,ISLAND,70.88815789473601,88.68645833333397,Mode: ISLAND. V_pcc: 0.896,0
2026-01-01T19:13:50Z,ISLAND,70.85526315789392,88.68645833333397,Mode: ISLAND. V_pcc: 0.896,0
2026-01-01T19:13:55Z,ISLAND,70.8223684210518,88.68645833333397,Mode: ISLAND. V_pcc: 0.896,0
2026-01-01T19:14:00Z,ISLAND,70.7894736842097,88.68645833333397,Mode: ISLAND. V_pcc: 0.896,0
2026-01-01T19:14:05Z,ISLAND,70.75657894736759,88.68645833333397,Mode: ISLAND. V_pcc: 0.895,0
2026-01-01T19:14:10Z,ISLAND,70.72368421052548,88.68645833333397,Mode: ISLAND. V_pcc: 0.895,0
2026-01-01T19:14:15Z,ISLAND,70.69078947368338,88.68645833333397,Mode: ISLAND. V_pcc: 0.895,0
2026-01-01T19:14:20Z,ISLAND,70.65789473684127,88.68645833333397,Mode: ISLAND. V_pcc: 0.895,0
2026-01-01T19:14:25Z,ISLAND,70.62499999999916,88.68645833333397,Mode: ISLAND. V_pcc: 0.895,0
2026-01-01T19:14:30Z,ISLAND,70.59210526315705,88.68645833333397,Mode: ISLAND. V_pcc: 0.895,0
2026-01-01T19:14:35Z,ISLAND,70.55921052631496,88.68645833333397,Mode: ISLAND. V_pcc: 0.895,0
2026-01-01T19:14:40Z,ISLAND,70.52631578947285,88.68645833333397,Mode: ISLAND. V_pcc: 0.895,0
2026-01-01T19:14:45Z,ISLAND,70.49342105263075,88.68645833333397,Mode: ISLAND. V_pcc: 0.895,0
2026-01-01T19:14:50Z,ISLAND,70.46052631578863,88.68645833333397,Mode: ISLAND. V_pcc: 0.895,0
2026-01-01T19:14:55Z,ISLAND,70.42763157894653,88.68645833333397,Mode: ISLAND. V_pcc: 0.895,0
2026-01-01T19:15:00Z,ISLAND,70.39473684210442,88.12395833333396,Mode: ISLAND. V_pcc: 0.895,0
2026-01-01T19:15:05Z,ISLAND,70.36184210526231,88.12395833333396,Mode: ISLAND. V_pcc: 0.895,0
2026-01-01T19:15:10Z,ISLAND,70.32894736842022,88.12395833333396,Mode: ISLAND. V_pcc: 0.895,0
2026-01-01T19:15:15Z,ISLAND,70.29605263157809,88.12395833333396,Mode: ISLAND. V_pcc: 0.895,0
2026-01-01T19:15:20Z,ISLAND,70.263157894736,88.12395833333396,Mode: ISLAND. V_pcc: 0.895,0
2026-01-01T19:15:25Z,ISLAND,70.23026315789389,88.12395833333396,Mode: ISLAND. V_pcc: 0.895,0
2026-01-01T19:15:30Z,ISLAND,70.19736842105179,88.12395833333396,Mode: ISLAND. V_pcc: 0.895,0
2026-01-01T19:15:35Z,ISLAND,70.16447368420968,88.12395833333396,Mode: ISLAND. V_pcc: 0.895,0
2026-01-01T19:15:40Z,ISLAND,70.13157894736757,88.12395833333396,Mode: ISLAND. V_pcc: 0.895,0
2026-01-01T19:15:45Z,ISLAND,70.09868421052546,88.12395833333396,Mode: ISLAND. V_pcc: 0.895,0
2026-01-01T19:15:50Z,ISLAND,70.06578947368337,88.12395833333396,Mode: ISLAND. V_pcc: 0.895,0
2026-01-01T19:15:55Z,ISLAND,70.03289473684126,88.12395833333396,Mode: ISLAND. V_pcc: 0.895,0
2026-01-01T19:16:00Z,ISLAND,69.99999999999915,88.12395833333396,Mode: ISLAND. V_pcc: 0.895,0
2026-01-01T19:16:05Z,ISLAND,69.96710526315704,88.12395833333396,Mode: ISLAND. V_pcc: 0.895,0
2026-01-01T19:16:10Z,ISLAND,69.93421052631493,88.12395833333396,Mode: ISLAND. V_pcc: 0.895,0
2026-01-01T19:16:15Z,ISLAND,69.90131578947283,88.12395833333396,Mode: ISLAND. V_pcc: 0.895,0
2026-01-01T19:16:20Z,ISLAND,69.86842105263072,88.12395833333396,Mode: ISLAND. V_pcc: 0.895,0
2026-01-01T19:16:25Z,ISLAND,69.83552631578863,88.12395833333396,Mode: ISLAND. V_pcc: 0.895,0
2026-01-01T19:16:30Z,ISLAND,69.8026315789465,88.12395833333396,Mode: ISLAND. V_pcc: 0.895,0
2026-01-01T19:16:35Z,ISLAND,69.76973684210441,88.12395833333396,Mode: ISLAND. V_pcc: 0.895,0
2026-01-01T19:16:40Z,ISLAND,69.7368421052623,88.12395833333396,Mode: ISLAND. V_pcc: 0.895,0
2026-01-01T19:16:45Z,ISLAND,69.70394736842019,88.12395833333396,Mode: ISLAND. V_pcc: 0.895,0
2026-01-01T19:16:50Z,ISLAND,69.67105263157809,88.12395833333396,Mode: ISLAND. V_pcc: 0.895,0
2026-01-01T19:16:55Z,ISLAND,69.63815789473597,88.12395833333396,Mode: ISLAND. V_pcc: 0.895,0
2026-01-01T19:17:00Z,ISLAND,69.60526315789387,88.12395833333396,Mode: ISLAND. V_pcc: 0.895,0
2026-01-01T19:17:05Z,ISLAND,69.57236842105176,88.12395833333396,Mode: ISLAND. V_pcc: 0.894,0
2026-01-01T19:17:10Z,ISLAND,69.53947368420967,88.12395833333396,Mode: ISLAND. V_pcc: 0.894,0
2026-01-01T19:17:15Z,ISLAND,69.50657894736756,88.12395833333396,Mode: ISLAND. V_pcc: 0.894,0
2026-01-01T19:17:20Z,ISLAND,69.47368421052545,88.12395833333396,Mode: ISLAND. V_pcc: 0.894,0
2026-01-01T19:17:25Z,ISLAND,69.44078947368334,88.12395833333396,Mode: ISLAND. V_pcc: 0.894,0
2026-01-01T19:17:30Z,ISLAND,69.40789473684123,88.12395833333396,Mode: ISLAND. V_pcc: 0.894,0
2026-01-01T19:17:35Z,ISLAND,69.37499999999913,88.12395833333396,Mode: ISLAND. V_pcc: 0.894,0
2026-01-01T19:17:40Z,ISLAND,69.34210526315702,88.12395833333396,Mode: ISLAND. V_pcc: 0.894,0
2026-01-01T19:17:45Z,ISLAND,69.30921052631491,88.12395833333396,Mode: ISLAND. V_pcc: 0.894,0
2026-01-01T19:17:50Z,ISLAND,69.2763157894728,88.12395833333396,Mode: ISLAND. V_pcc: 0.894,0
2026-01-01T19:17:55Z,ISLAND,69.24342105263071,88.12395833333396,Mode: ISLAND. V_pcc: 0.894,0
2026-01-01T19:18:00Z,ISLAND,69.2105263157886,88.12395833333396,Mode: ISLAND. V_pcc: 0.894,0
2026-01-01T19:18:05Z,ISLAND,69.1776315789465,88.12395833333396,Mode: ISLAND. V_pcc: 0.894,0
2026-01-01T19:18:10Z,ISLAND,69.14473684210438,88.12395833333396,Mode: ISLAND. V_pcc: 0.894,0
2026-01-01T19:18:15Z,ISLAND,69.11184210526228,88.12395833333396,Mode: ISLAND. V_pcc: 0.894,0
2026-01-01T19:18:20Z,ISLAND,69.07894736842017,88.12395833333396,Mode: ISLAND. V_pcc: 0.894,0
2026-01-01T19:18:25Z,ISLAND,69.04605263157806,88.12395833333396,Mode: ISLAND. V_pcc: 0.894,0
2026-01-01T19:18:30Z,ISLAND,69.01315789473597,88.12395833333396,Mode: ISLAND. V_pcc: 0.894,0
2026-01-01T19:18:35Z,ISLAND,68.98026315789384,88.12395833333396,Mode: ISLAND. V_pcc: 0.894,0
2026-01-01T19:18:40Z,ISLAND,68.94736842105175,88.12395833333396,Mode: ISLAND. V_pcc: 0.894,0
2026-01-01T19:18:45Z,ISLAND,68.91447368420964,88.12395833333396,Mode: ISLAND. V_pcc: 0.894,0
2026-01-01T19:18:50Z,ISLAND,68.88157894736754,88.12395833333396,Mode: ISLAND. V_pcc: 0.894,0
2026-01-01T19:18:55Z,ISLAND,68.84868421052543,88.12395833333396,Mode: ISLAND. V_pcc: 0.894,0
2026-01-01T19:19:00Z,ISLAND,68.81578947368332,88.12395833333396,Mode: ISLAND. V_pcc: 0.894,0
2026-01-01T19:19:05Z,ISLAND,68.78289473684121,88.12395833333396,Mode: ISLAND. V_pcc: 0.893,0
2026-01-01T19:19:10Z,ISLAND,68.74999999999912,88.12395833333396,Mode: ISLAND. V_pcc: 0.893,0
2026-01-01T19:19:15Z,ISLAND,68.71710526315701,88.12395833333396,Mode: ISLAND. V_pcc: 0.893,0
2026-01-01T19:19:20Z,ISLAND,68.6842105263149,88.12395833333396,Mode: ISLAND. V_pcc: 0.893,0
2026-01-01T19:19:25Z,ISLAND,68.65131578947279,88.12395833333396,Mode: ISLAND. V_pcc: 0.893,0
2026-01-01T19:19:30Z,ISLAND,68.61842105263068,88.12395833333396,Mode: ISLAND. V_pcc: 0.893,0
2026-01-01T19:19:35Z,ISLAND,68.58552631578858,88.12395833333396,Mode: ISLAND. V_pcc: 0.893,0
2026-01-01T19:19:40Z,ISLAND,68.55263157894647,88.12395833333396,Mode: ISLAND. V_pcc: 0.893,0
2026-01-01T19:19:45Z,ISLAND,68.51973684210438,88.12395833333396,Mode: ISLAND. V_pcc: 0.893,0
2026-01-01T19:19:50Z,ISLAND,68.48684210526226,88.12395833333396,Mode: ISLAND. V_pcc: 0.893,0
2026-01-01T19:19:55Z,ISLAND,68.45394736842016,88.12395833333396,Mode: ISLAND. V_pcc: 0.893,0
2026-01-01T19:20:00Z,ISLAND,68.42105263157805,88.12395833333396,Mode: ISLAND. V_pcc: 0.893,0
2026-01-01T19:20:05Z,ISLAND,68.38815789473594,88.12395833333396,Mode: ISLAND. V_pcc: 0.893,0
2026-01-01T19:20:10Z,ISLAND,68.35526315789384,88.12395833333396,Mode: ISLAND. V_pcc: 0.893,0
2026-01-01T19:20:15Z,ISLAND,68.32236842105172,88.12395833333396,Mode: ISLAND. V_pcc: 0.893,0
2026-01-01T19:20:20Z,ISLAND,68.28947368420963,88.12395833333396,Mode: ISLAND. V_pcc: 0.893,0
2026-01-01T19:20:25Z,ISLAND,68.25657894736752,88.12395833333396,Mode: ISLAND. V_pcc: 0.893,0
2026-01-01T19:20:30Z,ISLAND,68.22368421052542,88.12395833333396,Mode: ISLAND. V_pcc: 0.893,0
2026-01-01T19:20:35Z,ISLAND,68.19078947368331,88.12395833333396,Mode: ISLAND. V_pcc: 0.893,0
2026-01-01T19:20:40Z,ISLAND,68.1578947368412,88.12395833333396,Mode: ISLAND. V_pcc: 0.893,0
2026-01-01T19:20:45Z,ISLAND,68.12499999999909,88.12395833333396,Mode: ISLAND. V_pcc: 0.893,0
2026-01-01T19:20:50Z,ISLAND,68.09210526315698,88.12395833333396,Mode: ISLAND. V_pcc: 0.893,0
2026-01-01T19:20:55Z,ISLAND,68.05921052631489,88.12395833333396,Mode: ISLAND. V_pcc: 0.893,0
2026-01-01T19:21:00Z,ISLAND,68.02631578947278,88.12395833333396,Mode: ISLAND. V_pcc: 0.893,0
2026-01-01T19:21:05Z,ISLAND,67.99342105263067,88.12395833333396,Mode: ISLAND. V_pcc: 0.893,0
2026-01-01T19:21:10Z,ISLAND,67.96052631578856,88.12395833333396,Mode: ISLAND. V_pcc: 0.893,0
2026-01-01T19:21:15Z,ISLAND,67.92763157894646,88.12395833333396,Mode: ISLAND. V_pcc: 0.893,0
2026-01-01T19:21:20Z,ISLAND,67.89473684210435,88.12395833333396,Mode: ISLAND. V_pcc: 0.893,0
2026-01-01T19:21:25Z,ISLAND,67.86184210526226,88.12395833333396,Mode: ISLAND. V_pcc: 0.893,0
2026-01-01T19:21:30Z,ISLAND,67.82894736842013,88.12395833333396,Mode: ISLAND. V_pcc: 0.893,0
2026-01-01T19:21:35Z,ISLAND,67.79605263157804,88.12395833333396,Mode: ISLAND. V_pcc: 0.893,0
2026-01-01T19:21:40Z,ISLAND,67.76315789473593,88.12395833333396,Mode: ISLAND. V_pcc: 0.893,0
2026-01-01T19:21:45Z,ISLAND,67.73026315789382,88.12395833333396,Mode: ISLAND. V_pcc: 0.893,0
2026-01-01T19:21:50Z,ISLAND,67.69736842105172,88.12395833333396,Mode: ISLAND. V_pcc: 0.893,0
2026-01-01T19:21:55Z,ISLAND,67.6644736842096,88.12395833333396,Mode: ISLAND. V_pcc: 0.893,0
2026-01-01T19:22:00Z,ISLAND,67.6315789473675,88.12395833333396,Mode: ISLAND. V_pcc: 0.893,0
2026-01-01T19:22:05Z,ISLAND,67.59868421052539,88.12395833333396,Mode: ISLAND. V_pcc: 0.892,0
2026-01-01T19:22:10Z,ISLAND,67.5657894736833,88.12395833333396,Mode: ISLAND. V_pcc: 0.892,0
2026-01-01T19:22:15Z,ISLAND,67.53289473684119,88.12395833333396,Mode: ISLAND. V_pcc: 0.892,0
2026-01-01T19:22:20Z,ISLAND,67.49999999999908,88.12395833333396,Mode: ISLAND. V_pcc: 0.892,0
2026-01-01T19:22:25Z,ISLAND,67.46710526315697,88.12395833333396,Mode: ISLAND. V_pcc: 0.892,0
2026-01-01T19:22:30Z,ISLAND,67.43421052631487,88.12395833333396,Mode: ISLAND. V_pcc: 0.892,0
2026-01-01T19:22:35Z,ISLAND,67.40131578947276,88.12395833333396,Mode: ISLAND. V_pcc: 0.892,0
2026-01-01T19:22:40Z,ISLAND,67.36842105263065,88.12395833333396,Mode: ISLAND. V_pcc: 0.892,0
2026-01-01T19:22:45Z,ISLAND,67.33552631578854,88.12395833333396,Mode: ISLAND. V_pcc: 0.892,0
2026-01-01T19:22:50Z,ISLAND,67.30263157894643,88.12395833333396,Mode: ISLAND. V_pcc: 0.892,0
2026-01-01T19:22:55Z,ISLAND,67.26973684210434,88.12395833333396,Mode: ISLAND. V_pcc: 0.892,0
2026-01-01T19:23:00Z,ISLAND,67.23684210526223,88.12395833333396,Mode: ISLAND. V_pcc: 0.892,0
2026-01-01T19:23:05Z,ISLAND,67.20394736842013,88.12395833333396,Mode: ISLAND. V_pcc: 0.892,0
2026-01-01T19:23:10Z,ISLAND,67.17105263157801,88.12395833333396,Mode: ISLAND. V_pcc: 0.892,0
2026-01-01T19:23:15Z,ISLAND,67.13815789473591,88.12395833333396,Mode: ISLAND. V_pcc: 0.892,0
2026-01-01T19:23:20Z,ISLAND,67.1052631578938,88.12395833333396,Mode: ISLAND. V_pcc: 0.892,0
2026-01-01T19:23:25Z,ISLAND,67.07236842105169,88.12395833333396,Mode: ISLAND. V_pcc: 0.892,0
2026-01-01T19:23:30Z,ISLAND,67.0394736842096,88.12395833333396,Mode: ISLAND. V_pcc: 0.892,0
2026-01-01T19:23:35Z,ISLAND,67.00657894736747,88.12395833333396,Mode: ISLAND. V_pcc: 0.892,0
2026-01-01T19:23:40Z,ISLAND,66.97368421052538,88.12395833333396,Mode: ISLAND. V_pcc: 0.892,0
2026-01-01T19:23:45Z,ISLAND,66.94078947368327,88.12395833333396,Mode: ISLAND. V_pcc: 0.892,0
2026-01-01T19:23:50Z,ISLAND,66.90789473684117,88.12395833333396,Mode: ISLAND. V_pcc: 0.892,0
2026-01-01T19:23:55Z,ISLAND,66.87499999999906,88.12395833333396,Mode: ISLAND. V_pcc: 0.892,0
2026-01-01T19:24:00Z,ISLAND,66.84210526315695,88.12395833333396,Mode: ISLAND. V_pcc: 0.892,0
2026-01-01T19:24:05Z,ISLAND,66.80921052631484,88.12395833333396,Mode: ISLAND. V_pcc: 0.892,0
2026-01-01T19:24:10Z,ISLAND,66.77631578947273,88.12395833333396,Mode: ISLAND. V_pcc: 0.892,0
2026-01-01T19:24:15Z,ISLAND,66.74342105263064,88.12395833333396,Mode: ISLAND. V_pcc: 0.892,0
2026-01-01T19:24:20Z,ISLAND,66.71052631578853,88.12395833333396,Mode: ISLAND. V_pcc: 0.892,0
2026-01-01T19:24:25Z,ISLAND,66.67763157894642,88.12395833333396,Mode: ISLAND. V_pcc: 0.892,0
2026-01-01T19:24:30Z,ISLAND,66.64473684210431,88.12395833333396,Mode: ISLAND. V_pcc: 0.892,0
2026-01-01T19:24:35Z,ISLAND,66.61184210526221,88.12395833333396,Mode: ISLAND. V_pcc: 0.892,0
2026-01-01T19:24:40Z,ISLAND,66.5789473684201,88.12395833333396,Mode: ISLAND. V_pcc: 0.892,0
2026-01-01T19:24:45Z,ISLAND,66.54605263157801,88.12395833333396,Mode: ISLAND. V_pcc: 0.892,0
2026-01-01T19:24:50Z,ISLAND,66.51315789473588,88.12395833333396,Mode: ISLAND. V_pcc: 0.892,0
2026-01-01T19:24:55Z,ISLAND,66.48026315789379,88.12395833333396,Mode: ISLAND. V_pcc: 0.892,0
2026-01-01T19:25:00Z,ISLAND,66.44736842105168,88.12395833333396,Mode: ISLAND. V_pcc: 0.892,0
2026-01-01T19:25:05Z,ISLAND,66.41447368420957,88.12395833333396,Mode: ISLAND. V_pcc: 0.891,0
2026-01-01T19:25:10Z,ISLAND,66.38157894736747,88.12395833333396,Mode: ISLAND. V_pcc: 0.891,0
2026-01-01T19:25:15Z,ISLAND,66.34868421052535,88.12395833333396,Mode: ISLAND. V_pcc: 0.891,0
2026-01-01T19:25:20Z,ISLAND,66.31578947368325,88.12395833333396,Mode: ISLAND. V_pcc: 0.891,0
2026-01-01T19:25:25Z,ISLAND,66.28289473684114,88.12395833333396,Mode: ISLAND. V_pcc: 0.891,0
2026-01-01T19:25:30Z,ISLAND,66.24999999999905,88.12395833333396,Mode: ISLAND. V_pcc: 0.891,0
2026-01-01T19:25:35Z,ISLAND,66.21710526315694,88.12395833333396,Mode: ISLAND. V_pcc: 0.891,0
2026-01-01T19:25:40Z,ISLAND,66.18421052631483,88.12395833333396,Mode: ISLAND. V_pcc: 0.891,0
2026-01-01T19:25:45Z,ISLAND,66.15131578947272,88.12395833333396,Mode: ISLAND. V_pcc: 0.891,0
2026-01-01T19:25:50Z,ISLAND,66.11842105263062,88.12395833333396,Mode: ISLAND. V_pcc: 0.891,0
2026-01-01T19:25:55Z,ISLAND,66.08552631578851,88.12395833333396,Mode: ISLAND. V_pcc: 0.891,0
2026-01-01T19:26:00Z,ISLAND,66.0526315789464,88.12395833333396,Mode: ISLAND. V_pcc: 0.891,0
2026-01-01T19:26:05Z,ISLAND,66.0197368421043,88.12395833333396,Mode: ISLAND. V_pcc: 0.891,0
2026-01-01T19:26:10Z,ISLAND,65.98684210526218,88.12395833333396,Mode: ISLAND. V_pcc: 0.891,0
2026-01-01T19:26:15Z,ISLAND,65.95394736842009,88.12395833333396,Mode: ISLAND. V_pcc: 0.891,0
2026-01-01T19:26:20Z,ISLAND,65.92105263157798,88.12395833333396,Mode: ISLAND. V_pcc: 0.891,0
2026-01-01T19:26:25Z,ISLAND,65.88815789473588,88.12395833333396,Mode: ISLAND. V_pcc: 0.891,0
2026-01-01T19:26:30Z,ISLAND,65.85526315789376,88.12395833333396,Mode: ISLAND. V_pcc: 0.891,0
2026-01-01T19:26:35Z,ISLAND,65.82236842105166,88.12395833333396,Mode: ISLAND. V_pcc: 0.891,0
2026-01-01T19:26:40Z,ISLAND,65.78947368420955,88.12395833333396,Mode: ISLAND. V_pcc: 0.891,0
2026-01-01T19:26:45Z,ISLAND,65.75657894736744,88.12395833333396,Mode: ISLAND. V_pcc: 0.891,0
2026-01-01T19:26:50Z,ISLAND,65.72368421052535,88.12395833333396,Mode: ISLAND. V_pcc: 0.891,0
2026-01-01T19:26:55Z,ISLAND,65.69078947368322,88.12395833333396,Mode: ISLAND. V_pcc: 0.891,0
2026-01-01T19:27:00Z,ISLAND,65.65789473684113,88.12395833333396,Mode: ISLAND. V_pcc: 0.891,0
2026-01-01T19:27:05Z,ISLAND,65.62499999999902,88.12395833333396,Mode: ISLAND. V_pcc: 0.891,0
2026-01-01T19:27:10Z,ISLAND,65.59210526315692,88.12395833333396,Mode: ISLAND. V_pcc: 0.891,0
2026-01-01T19:27:15Z,ISLAND,65.55921052631481,88.12395833333396,Mode: ISLAND. V_pcc: 0.891,0
2026-01-01T19:27:20Z,ISLAND,65.5263157894727,88.12395833333396,Mode: ISLAND. V_pcc: 0.891,0
2026-01-01T19:27:25Z,ISLAND,65.4934210526306,88.12395833333396,Mode: ISLAND. V_pcc: 0.891,0
2026-01-01T19:27:30Z,ISLAND,65.46052631578848,88.12395833333396,Mode: ISLAND. V_pcc: 0.891,0
2026-01-01T19:27:35Z,ISLAND,65.42763157894639,88.12395833333396,Mode: ISLAND. V_pcc: 0.891,0
2026-01-01T19:27:40Z,ISLAND,65.39473684210428,88.12395833333396,Mode: ISLAND. V_pcc: 0.891,0
2026-01-01T19:27:45Z,ISLAND,65.36184210526217,88.12395833333396,Mode: ISLAND. V_pcc: 0.891,0
2026-01-01T19:27:50Z,ISLAND,65.32894736842006,88.12395833333396,Mode: ISLAND. V_pcc: 0.891,0
2026-01-01T19:27:55Z,ISLAND,65.29605263157796,88.12395833333396,Mode: ISLAND. V_pcc: 0.891,0
2026-01-01T19:28:00Z,ISLAND,65.26315789473585,88.12395833333396,Mode: ISLAND. V_pcc: 0.891,0
2026-01-01T19:28:05Z,ISLAND,65.23026315789376,88.12395833333396,Mode: ISLAND. V_pcc: 0.890,0
2026-01-01T19:28:10Z,ISLAND,65.19736842105164,88.12395833333396,Mode: ISLAND. V_pcc: 0.890,0
2026-01-01T19:28:15Z,ISLAND,65.16447368420954,88.12395833333396,Mode: ISLAND. V_pcc: 0.890,0
2026-01-01T19:28:20Z,ISLAND,65.13157894736743,88.12395833333396,Mode: ISLAND. V_pcc: 0.890,0
2026-01-01T19:28:25Z,ISLAND,65.09868421052532,88.12395833333396,Mode: ISLAND. V_pcc: 0.890,0
2026-01-01T19:28:30Z,ISLAND,65.06578947368322,88.12395833333396,Mode: ISLAND. V_pcc: 0.890,0
2026-01-01T19:28:35Z,ISLAND,65.0328947368411,88.12395833333396,Mode: ISLAND. V_pcc: 0.890,0
2026-01-01T19:28:40Z,ISLAND,64.999999999999,88.12395833333396,Mode: ISLAND. V_pcc: 0.890,0
2026-01-01T19:28:45Z,ISLAND,64.9671052631569,88.12395833333396,Mode: ISLAND. V_pcc: 0.890,0
2026-01-01T19:28:50Z,ISLAND,64.9342105263148,88.12395833333396,Mode: ISLAND. V_pcc: 0.890,0
2026-01-01T19:28:55Z,ISLAND,64.90131578947269,88.12395833333396,Mode: ISLAND. V_pcc: 0.890,0
2026-01-01T19:29:00Z,ISLAND,64.86842105263058,88.12395833333396,Mode: ISLAND. V_pcc: 0.890,0
2026-01-01T19:29:05Z,ISLAND,64.83552631578847,88.12395833333396,Mode: ISLAND. V_pcc: 0.890,0
2026-01-01T19:29:10Z,ISLAND,64.80263157894638,88.12395833333396,Mode: ISLAND. V_pcc: 0.890,0
2026-01-01T19:29:15Z,ISLAND,64.76973684210427,88.12395833333396,Mode: ISLAND. V_pcc: 0.890,0
2026-01-01T19:29:20Z,ISLAND,64.73684210526216,88.12395833333396,Mode: ISLAND. V_pcc: 0.890,0
2026-01-01T19:29:25Z,ISLAND,64.70394736842005,88.12395833333396,Mode: ISLAND. V_pcc: 0.890,0
2026-01-01T19:29:30Z,ISLAND,64.67105263157794,88.12395833333396,Mode: ISLAND. V_pcc: 0.890,0
2026-01-01T19:29:35Z,ISLAND,64.63815789473584,88.12395833333396,Mode: ISLAND. V_pcc: 0.890,0
2026-01-01T19:29:40Z,ISLAND,64.60526315789373,88.12395833333396,Mode: ISLAND. V_pcc: 0.890,0
2026-01-01T19:29:45Z,ISLAND,64.57236842105164,88.12395833333396,Mode: ISLAND. V_pcc: 0.890,0
2026-01-01T19:29:50Z,ISLAND,64.53947368420951,88.12395833333396,Mode: ISLAND. V_pcc: 0.890,0
2026-01-01T19:29:55Z,ISLAND,64.50657894736742,88.12395833333396,Mode: ISLAND. V_pcc: 0.890,0
2026-01-01T19:30:00Z,ISLAND,64.4736842105253,87.56145833333395,Mode: ISLAND. V_pcc: 0.890,0
2026-01-01T19:30:05Z,ISLAND,64.4407894736832,87.56145833333395,Mode: ISLAND. V_pcc: 0.890,0
2026-01-01T19:30:10Z,ISLAND,64.4078947368411,87.56145833333395,Mode: ISLAND. V_pcc: 0.890,0
2026-01-01T19:30:15Z,ISLAND,64.37499999999898,87.56145833333395,Mode: ISLAND. V_pcc: 0.890,0
2026-01-01T19:30:20Z,ISLAND,64.34210526315688,87.56145833333395,Mode: ISLAND. V_pcc: 0.890,0
2026-01-01T19:30:25Z,ISLAND,64.30921052631477,87.56145833333395,Mode: ISLAND. V_pcc: 0.890,0
2026-01-01T19:30:30Z,ISLAND,64.27631578947268,87.56145833333395,Mode: ISLAND. V_pcc: 0.890,0
2026-01-01T19:30:35Z,ISLAND,64.24342105263057,87.56145833333395,Mode: ISLAND. V_pcc: 0.890,0
2026-01-01T19:30:40Z,ISLAND,64.21052631578846,87.56145833333395,Mode: ISLAND. V_pcc: 0.890,0
2026-01-01T19:30:45Z,ISLAND,64.17763157894635,87.56145833333395,Mode: ISLAND. V_pcc: 0.890,0
2026-01-01T19:30:50Z,ISLAND,64.14473684210424,87.56145833333395,Mode: ISLAND. V_pcc: 0.890,0
2026-01-01T19:30:55Z,ISLAND,64.11184210526214,87.56145833333395,Mode: ISLAND. V_pcc: 0.890,0
2026-01-01T19:31:00Z,ISLAND,64.07894736842003,87.56145833333395,Mode: ISLAND. V_pcc: 0.890,0
2026-01-01T19:31:05Z,ISLAND,64.04605263157792,87.56145833333395,Mode: ISLAND. V_pcc: 0.890,0
2026-01-01T19:31:10Z,ISLAND,64.01315789473581,87.56145833333395,Mode: ISLAND. V_pcc: 0.890,0
2026-01-01T19:31:15Z,ISLAND,63.98026315789372,87.56145833333395,Mode: ISLAND. V_pcc: 0.890,0
2026-01-01T19:31:20Z,ISLAND,63.94736842105161,87.56145833333395,Mode: ISLAND. V_pcc: 0.890,0
2026-01-01T19:31:25Z,ISLAND,63.914473684209504,87.56145833333395,Mode: ISLAND. V_pcc: 0.890,0
2026-01-01T19:31:30Z,ISLAND,63.88157894736739,87.56145833333395,Mode: ISLAND. V_pcc: 0.890,0
2026-01-01T19:31:35Z,ISLAND,63.848684210525285,87.56145833333395,Mode: ISLAND. V_pcc: 0.890,0
2026-01-01T19:31:40Z,ISLAND,63.81578947368318,87.56145833333395,Mode: ISLAND. V_pcc: 0.890,0
2026-01-01T19:31:45Z,ISLAND,63.78289473684108,87.56145833333395,Mode: ISLAND. V_pcc: 0.890,0
2026-01-01T19:31:50Z,ISLAND,63.74999999999898,87.56145833333395,Mode: ISLAND. V_pcc: 0.890,0
2026-01-01T19:31:55Z,ISLAND,63.71710526315686,87.56145833333395,Mode: ISLAND. V_pcc: 0.890,0
2026-01-01T19:32:00Z,ISLAND,63.68421052631476,87.56145833333395,Mode: ISLAND. V_pcc: 0.890,0
2026-01-01T19:32:05Z,ISLAND,63.65131578947265,87.56145833333395,Mode: ISLAND. V_pcc: 0.889,0
2026-01-01T19:32:10Z,ISLAND,63.618421052630545,87.56145833333395,Mode: ISLAND. V_pcc: 0.889,0
2026-01-01T19:32:15Z,ISLAND,63.58552631578844,87.56145833333395,Mode: ISLAND. V_pcc: 0.889,0
2026-01-01T19:32:20Z,ISLAND,63.552631578946325,87.56145833333395,Mode: ISLAND. V_pcc: 0.889,0
2026-01-01T19:32:25Z,ISLAND,63.51973684210422,87.56145833333395,Mode: ISLAND. V_pcc: 0.889,0
2026-01-01T19:32:30Z,ISLAND,63.48684210526212,87.56145833333395,Mode: ISLAND. V_pcc: 0.889,0
2026-01-01T19:32:35Z,ISLAND,63.45394736842002,87.56145833333395,Mode: ISLAND. V_pcc: 0.889,0
2026-01-01T19:32:40Z,ISLAND,63.421052631577915,87.56145833333395,Mode: ISLAND. V_pcc: 0.889,0
2026-01-01T19:32:45Z,ISLAND,63.3881578947358,87.56145833333395,Mode: ISLAND. V_pcc: 0.889,0
2026-01-01T19:32:50Z,ISLAND,63.355263157893695,87.56145833333395,Mode: ISLAND. V_pcc: 0.889,0
2026-01-01T19:32:55Z,ISLAND,63.32236842105159,87.56145833333395,Mode: ISLAND. V_pcc: 0.889,0
2026-01-01T19:33:00Z,ISLAND,63.28947368420948,87.56145833333395,Mode: ISLAND. V_pcc: 0.889,0
2026-01-01T19:33:05Z,ISLAND,63.25657894736738,87.56145833333395,Mode: ISLAND. V_pcc: 0.889,0
2026-01-01T19:33:10Z,ISLAND,63.22368421052526,87.56145833333395,Mode: ISLAND. V_pcc: 0.889,0
2026-01-01T19:33:15Z,ISLAND,63.19078947368316,87.56145833333395,Mode: ISLAND. V_pcc: 0.889,0
2026-01-01T19:33:20Z,ISLAND,63.15789473684106,87.56145833333395,Mode: ISLAND. V_pcc: 0.889,0
2026-01-01T19:33:25Z,ISLAND,63.124999999998956,87.56145833333395,Mode: ISLAND. V_pcc: 0.889,0
2026-01-01T19:33:30Z,ISLAND,63.09210526315685,87.56145833333395,Mode: ISLAND. V_pcc: 0.889,0
2026-01-01T19:33:35Z,ISLAND,63.059210526314736,87.56145833333395,Mode: ISLAND. V_pcc: 0.889,0
2026-01-01T19:33:40Z,ISLAND,63.02631578947263,87.56145833333395,Mode: ISLAND. V_pcc: 0.889,0
2026-01-01T19:33:45Z,ISLAND,62.993421052630524,87.56145833333395,Mode: ISLAND. V_pcc: 0.889,0
2026-01-01T19:33:50Z,ISLAND,62.96052631578842,87.56145833333395,Mode: ISLAND. V_pcc: 0.889,0
2026-01-01T19:33:55Z,ISLAND,62.92763157894632,87.56145833333395,Mode: ISLAND. V_pcc: 0.889,0
2026-01-01T19:34:00Z,ISLAND,62.8947368421042,87.56145833333395,Mode: ISLAND. V_pcc: 0.889,0
2026-01-01T19:34:05Z,ISLAND,62.8618421052621,87.56145833333395,Mode: ISLAND. V_pcc: 0.889,0
2026-01-01T19:34:10Z,ISLAND,62.828947368419996,87.56145833333395,Mode: ISLAND. V_pcc: 0.889,0
2026-01-01T19:34:15Z,ISLAND,62.79605263157789,87.56145833333395,Mode: ISLAND. V_pcc: 0.889,0
2026-01-01T19:34:20Z,ISLAND,62.76315789473579,87.56145833333395,Mode: ISLAND. V_pcc: 0.889,0
2026-01-01T19:34:25Z,ISLAND,62.730263157893674,87.56145833333395,Mode: ISLAND. V_pcc: 0.889,0
2026-01-01T19:34:30Z,ISLAND,62.69736842105157,87.56145833333395,Mode: ISLAND. V_pcc: 0.889,0
2026-01-01T19:34:35Z,ISLAND,62.66447368420947,87.56145833333395,Mode: ISLAND. V_pcc: 0.889,0
2026-01-01T19:34:40Z,ISLAND,62.63157894736736,87.56145833333395,Mode: ISLAND. V_pcc: 0.889,0
2026-01-01T19:34:45Z,ISLAND,62.598684210525256,87.56145833333395,Mode: ISLAND. V_pcc: 0.889,0
2026-01-01T19:34:50Z,ISLAND,62.56578947368314,87.56145833333395,Mode: ISLAND. V_pcc: 0.889,0
2026-01-01T19:34:55Z,ISLAND,62.53289473684104,87.56145833333395,Mode: ISLAND. V_pcc: 0.889,0
2026-01-01T19:35:00Z,ISLAND,62.499999999998934,87.56145833333395,Mode: ISLAND. V_pcc: 0.889,0
2026-01-01T19:35:05Z,ISLAND,62.46710526315683,87.56145833333395,Mode: ISLAND. V_pcc: 0.888,0
2026-01-01T19:35:10Z,ISLAND,62.43421052631473,87.56145833333395,Mode: ISLAND. V_pcc: 0.888,0
2026-01-01T19:35:15Z,ISLAND,62.40131578947261,87.56145833333395,Mode: ISLAND. V_pcc: 0.888,0
2026-01-01T19:35:20Z,ISLAND,62.36842105263051,87.56145833333395,Mode: ISLAND. V_pcc: 0.888,0
2026-01-01T19:35:25Z,ISLAND,62.3355263157884,87.56145833333395,Mode: ISLAND. V_pcc: 0.888,0
2026-01-01T19:35:30Z,ISLAND,62.3026315789463,87.56145833333395,Mode: ISLAND. V_pcc: 0.888,0
2026-01-01T19:35:35Z,ISLAND,62.269736842104194,87.56145833333395,Mode: ISLAND. V_pcc: 0.888,0
2026-01-01T19:35:40Z,ISLAND,62.23684210526208,87.56145833333395,Mode: ISLAND. V_pcc: 0.888,0
2026-01-01T19:35:45Z,ISLAND,62.203947368419975,87.56145833333395,Mode: ISLAND. V_pcc: 0.888,0
2026-01-01T19:35:50Z,ISLAND,62.17105263157787,87.56145833333395,Mode: ISLAND. V_pcc: 0.888,0
2026-01-01T19:35:55Z,ISLAND,62.13815789473577,87.56145833333395,Mode: ISLAND. V_pcc: 0.888,0
2026-01-01T19:36:00Z,ISLAND,62.10526315789367,87.56145833333395,Mode: ISLAND. V_pcc: 0.888,0
2026-01-01T19:36:05Z,ISLAND,62.07236842105155,87.56145833333395,Mode: ISLAND. V_pcc: 0.888,0
2026-01-01T19:36:10Z,ISLAND,62.03947368420945,87.56145833333395,Mode: ISLAND. V_pcc: 0.888,0
2026-01-01T19:36:15Z,ISLAND,62.006578947367345,87.56145833333395,Mode: ISLAND. V_pcc: 0.888,0
2026-01-01T19:36:20Z,ISLAND,61.973684210525235,87.56145833333395,Mode: ISLAND. V_pcc: 0.888,0
2026-01-01T19:36:25Z,ISLAND,61.94078947368313,87.56145833333395,Mode: ISLAND. V_pcc: 0.888,0
2026-01-01T19:36:30Z,ISLAND,61.907894736841016,87.56145833333395,Mode: ISLAND. V_pcc: 0.888,0
2026-01-01T19:36:35Z,ISLAND,61.87499999999891,87.56145833333395,Mode: ISLAND. V_pcc: 0.888,0
2026-01-01T19:36:40Z,ISLAND,61.84210526315681,87.56145833333395,Mode: ISLAND. V_pcc: 0.888,0
2026-01-01T19:36:45Z,ISLAND,61.80921052631471,87.56145833333395,Mode: ISLAND. V_pcc: 0.888,0
2026-01-01T19:36:50Z,ISLAND,61.776315789472605,87.56145833333395,Mode: ISLAND. V_pcc: 0.888,0
2026-01-01T19:36:55Z,ISLAND,61.74342105263049,87.56145833333395,Mode: ISLAND. V_pcc: 0.888,0
2026-01-01T19:37:00Z,ISLAND,61.710526315788385,87.56145833333395,Mode: ISLAND. V_pcc: 0.888,0
2026-01-01T19:37:05Z,ISLAND,61.677631578946276,87.56145833333395,Mode: ISLAND. V_pcc: 0.888,0
2026-01-01T19:37:10Z,ISLAND,61.64473684210417,87.56145833333395,Mode: ISLAND. V_pcc: 0.888,0
2026-01-01T19:37:15Z,ISLAND,61.61184210526207,87.56145833333395,Mode: ISLAND. V_pcc: 0.888,0
2026-01-01T19:37:20Z,ISLAND,61.57894736841995,87.56145833333395,Mode: ISLAND. V_pcc: 0.888,0
2026-01-01T19:37:25Z,ISLAND,61.54605263157785,87.56145833333395,Mode: ISLAND. V_pcc: 0.888,0
2026-01-01T19:37:30Z,ISLAND,61.51315789473575,87.56145833333395,Mode: ISLAND. V_pcc: 0.888,0
2026-01-01T19:37:35Z,ISLAND,61.480263157893646,87.56145833333395,Mode: ISLAND. V_pcc: 0.888,0
2026-01-01T19:37:40Z,ISLAND,61.44736842105154,87.56145833333395,Mode: ISLAND. V_pcc: 0.888,0
2026-01-01T19:37:45Z,ISLAND,61.414473684209426,87.56145833333395,Mode: ISLAND. V_pcc: 0.888,0
2026-01-01T19:37:50Z,ISLAND,61.38157894736732,87.56145833333395,Mode: ISLAND. V_pcc: 0.888,0
2026-01-01T19:37:55Z,ISLAND,61.34868421052522,87.56145833333395,Mode: ISLAND. V_pcc: 0.888,0
2026-01-01T19:38:00Z,ISLAND,61.31578947368311,87.56145833333395,Mode: ISLAND. V_pcc: 0.888,0
2026-01-01T19:38:05Z,ISLAND,61.28289473684101,87.56145833333395,Mode: ISLAND. V_pcc: 0.888,0
2026-01-01T19:38:10Z,ISLAND,61.24999999999889,87.56145833333395,Mode: ISLAND. V_pcc: 0.888,0
2026-01-01T19:38:15Z,ISLAND,61.21710526315679,87.56145833333395,Mode: ISLAND. V_pcc: 0.888,0
2026-01-01T19:38:20Z,ISLAND,61.184210526314686,87.56145833333395,Mode: ISLAND. V_pcc: 0.888,0
2026-01-01T19:38:25Z,ISLAND,61.151315789472584,87.56145833333395,Mode: ISLAND. V_pcc: 0.888,0
2026-01-01T19:38:30Z,ISLAND,61.11842105263048,87.56145833333395,Mode: ISLAND. V_pcc: 0.888,0
2026-01-01T19:38:35Z,ISLAND,61.085526315788364,87.56145833333395,Mode: ISLAND. V_pcc: 0.888,0
2026-01-01T19:38:40Z,ISLAND,61.05263157894626,87.56145833333395,Mode: ISLAND. V_pcc: 0.888,0
2026-01-01T19:38:45Z,ISLAND,61.01973684210415,87.56145833333395,Mode: ISLAND. V_pcc: 0.888,0
2026-01-01T19:38:50Z,ISLAND,60.98684210526205,87.56145833333395,Mode: ISLAND. V_pcc: 0.888,0
2026-01-01T19:38:55Z,ISLAND,60.953947368419946,87.56145833333395,Mode: ISLAND. V_pcc: 0.888,0
2026-01-01T19:39:00Z,ISLAND,60.92105263157783,87.56145833333395,Mode: ISLAND. V_pcc: 0.888,0
2026-01-01T19:39:05Z,ISLAND,60.88815789473573,87.56145833333395,Mode: ISLAND. V_pcc: 0.887,0
2026-01-01T19:39:10Z,ISLAND,60.855263157893624,87.56145833333395,Mode: ISLAND. V_pcc: 0.887,0
2026-01-01T19:39:15Z,ISLAND,60.82236842105152,87.56145833333395,Mode: ISLAND. V_pcc: 0.887,0
2026-01-01T19:39:20Z,ISLAND,60.78947368420942,87.56145833333395,Mode: ISLAND. V_pcc: 0.887,0
2026-01-01T19:39:25Z,ISLAND,60.7565789473673,87.56145833333395,Mode: ISLAND. V_pcc: 0.887,0
2026-01-01T19:39:30Z,ISLAND,60.7236842105252,87.56145833333395,Mode: ISLAND. V_pcc: 0.887,0
2026-01-01T19:39:35Z,ISLAND,60.6907894736831,87.56145833333395,Mode: ISLAND. V_pcc: 0.887,0
2026-01-01T19:39:40Z,ISLAND,60.65789473684099,87.56145833333395,Mode: ISLAND. V_pcc: 0.887,0
2026-01-01T19:39:45Z,ISLAND,60.624999999998884,87.56145833333395,Mode: ISLAND. V_pcc: 0.887,0
2026-01-01T19:39:50Z,ISLAND,60.59210526315677,87.56145833333395,Mode: ISLAND. V_pcc: 0.887,0
2026-01-01T19:39:55Z,ISLAND,60.559210526314665,87.56145833333395,Mode: ISLAND. V_pcc: 0.887,0
2026-01-01T19:40:00Z,ISLAND,60.52631578947256,87.56145833333395,Mode: ISLAND. V_pcc: 0.887,0
2026-01-01T19:40:05Z,ISLAND,60.49342105263046,87.56145833333395,Mode: ISLAND. V_pcc: 0.887,0
2026-01-01T19:40:10Z,ISLAND,60.46052631578836,87.56145833333395,Mode: ISLAND. V_pcc: 0.887,0
2026-01-01T19:40:15Z,ISLAND,60.42763157894624,87.56145833333395,Mode: ISLAND. V_pcc: 0.887,0
2026-01-01T19:40:20Z,ISLAND,60.39473684210414,87.56145833333395,Mode: ISLAND. V_pcc: 0.887,0
2026-01-01T19:40:25Z,ISLAND,60.36184210526203,87.56145833333395,Mode: ISLAND. V_pcc: 0.887,0
2026-01-01T19:40:30Z,ISLAND,60.328947368419925,87.56145833333395,Mode: ISLAND. V_pcc: 0.887,0
2026-01-01T19:40:35Z,ISLAND,60.29605263157782,87.56145833333395,Mode: ISLAND. V_pcc: 0.887,0
2026-01-01T19:40:40Z,ISLAND,60.263157894735706,87.56145833333395,Mode: ISLAND. V_pcc: 0.887,0
2026-01-01T19:40:45Z,ISLAND,60.2302631578936,87.56145833333395,Mode: ISLAND. V_pcc: 0.887,0
2026-01-01T19:40:50Z,ISLAND,60.1973684210515,87.56145833333395,Mode: ISLAND. V_pcc: 0.887,0
2026-01-01T19:40:55Z,ISLAND,60.1644736842094,87.56145833333395,Mode: ISLAND. V_pcc: 0.887,0
2026-01-01T19:41:00Z,ISLAND,60.131578947367295,87.56145833333395,Mode: ISLAND. V_pcc: 0.887,0
2026-01-01T19:41:05Z,ISLAND,60.09868421052518,87.56145833333395,Mode: ISLAND. V_pcc: 0.887,0
2026-01-01T19:41:10Z,ISLAND,60.065789473683076,87.56145833333395,Mode: ISLAND. V_pcc: 0.887,0
2026-01-01T19:41:15Z,ISLAND,60.03289473684097,87.56145833333395,Mode: ISLAND. V_pcc: 0.887,0
2026-01-01T19:41:20Z,ISLAND,59.99999999999886,87.56145833333395,Mode: ISLAND. V_pcc: 0.887,0
2026-01-01T19:41:25Z,ISLAND,59.96710526315676,87.56145833333395,Mode: ISLAND. V_pcc: 0.887,0
2026-01-01T19:41:30Z,ISLAND,59.934210526314644,87.56145833333395,Mode: ISLAND. V_pcc: 0.887,0
2026-01-01T19:41:35Z,ISLAND,59.90131578947254,87.56145833333395,Mode: ISLAND. V_pcc: 0.887,0
2026-01-01T19:41:40Z,ISLAND,59.86842105263044,87.56145833333395,Mode: ISLAND. V_pcc: 0.887,0
2026-01-01T19:41:45Z,ISLAND,59.835526315788336,87.56145833333395,Mode: ISLAND. V_pcc: 0.887,0
2026-01-01T19:41:50Z,ISLAND,59.80263157894623,87.56145833333395,Mode: ISLAND. V_pcc: 0.887,0
2026-01-01T19:41:55Z,ISLAND,59.769736842104116,87.56145833333395,Mode: ISLAND. V_pcc: 0.887,0
2026-01-01T19:42:00Z,ISLAND,59.73684210526201,87.56145833333395,Mode: ISLAND. V_pcc: 0.887,0
2026-01-01T19:42:05Z,ISLAND,59.703947368419904,87.56145833333395,Mode: ISLAND. V_pcc: 0.886,0
2026-01-01T19:42:10Z,ISLAND,59.6710526315778,87.56145833333395,Mode: ISLAND. V_pcc: 0.886,0
2026-01-01T19:42:15Z,ISLAND,59.6381578947357,87.56145833333395,Mode: ISLAND. V_pcc: 0.886,0
2026-01-01T19:42:20Z,ISLAND,59.60526315789358,87.56145833333395,Mode: ISLAND. V_pcc: 0.886,0
2026-01-01T19:42:25Z,ISLAND,59.57236842105148,87.56145833333395,Mode: ISLAND. V_pcc: 0.886,0
2026-01-01T19:42:30Z,ISLAND,59.539473684209376,87.56145833333395,Mode: ISLAND. V_pcc: 0.886,0
2026-01-01T19:42:35Z,ISLAND,59.506578947367274,87.56145833333395,Mode: ISLAND. V_pcc: 0.886,0
2026-01-01T19:42:40Z,ISLAND,59.47368421052517,87.56145833333395,Mode: ISLAND. V_pcc: 0.886,0
2026-01-01T19:42:45Z,ISLAND,59.440789473683054,87.56145833333395,Mode: ISLAND. V_pcc: 0.886,0
2026-01-01T19:42:50Z,ISLAND,59.40789473684095,87.56145833333395,Mode: ISLAND. V_pcc: 0.886,0
2026-01-01T19:42:55Z,ISLAND,59.37499999999885,87.56145833333395,Mode: ISLAND. V_pcc: 0.886,0
2026-01-01T19:43:00Z,ISLAND,59.34210526315674,87.56145833333395,Mode: ISLAND. V_pcc: 0.886,0
2026-01-01T19:43:05Z,ISLAND,59.30921052631464,87.56145833333395,Mode: ISLAND. V_pcc: 0.886,0
2026-01-01T19:43:10Z,ISLAND,59.27631578947252,87.56145833333395,Mode: ISLAND. V_pcc: 0.886,0
2026-01-01T19:43:15Z,ISLAND,59.24342105263042,87.56145833333395,Mode: ISLAND. V_pcc: 0.886,0
2026-01-01T19:43:20Z,ISLAND,59.210526315788314,87.56145833333395,Mode: ISLAND. V_pcc: 0.886,0
2026-01-01T19:43:25Z,ISLAND,59.17763157894621,87.56145833333395,Mode: ISLAND. V_pcc: 0.886,0
2026-01-01T19:43:30Z,ISLAND,59.14473684210411,87.56145833333395,Mode: ISLAND. V_pcc: 0.886,0
2026-01-01T19:43:35Z,ISLAND,59.11184210526199,87.56145833333395,Mode: ISLAND. V_pcc: 0.886,0
2026-01-01T19:43:40Z,ISLAND,59.07894736841989,87.56145833333395,Mode: ISLAND. V_pcc: 0.886,0
2026-01-01T19:43:45Z,ISLAND,59.04605263157778,87.56145833333395,Mode: ISLAND. V_pcc: 0.886,0
2026-01-01T19:43:50Z,ISLAND,59.01315789473568,87.56145833333395,Mode: ISLAND. V_pcc: 0.886,0
2026-01-01T19:43:55Z,ISLAND,58.980263157893575,87.56145833333395,Mode: ISLAND. V_pcc: 0.886,0
2026-01-01T19:44:00Z,ISLAND,58.94736842105146,87.56145833333395,Mode: ISLAND. V_pcc: 0.886,0
2026-01-01T19:44:05Z,ISLAND,58.914473684209355,87.56145833333395,Mode: ISLAND. V_pcc: 0.886,0
2026-01-01T19:44:10Z,ISLAND,58.88157894736725,87.56145833333395,Mode: ISLAND. V_pcc: 0.886,0
2026-01-01T19:44:15Z,ISLAND,58.84868421052515,87.56145833333395,Mode: ISLAND. V_pcc: 0.886,0
2026-01-01T19:44:20Z,ISLAND,58.81578947368305,87.56145833333395,Mode: ISLAND. V_pcc: 0.886,0
2026-01-01T19:44:25Z,ISLAND,58.78289473684093,87.56145833333395,Mode: ISLAND. V_pcc: 0.886,0
2026-01-01T19:44:30Z,ISLAND,58.74999999999883,87.56145833333395,Mode: ISLAND. V_pcc: 0.886,0
2026-01-01T19:44:35Z,ISLAND,58.717105263156725,87.56145833333395,Mode: ISLAND. V_pcc: 0.886,0
2026-01-01T19:44:40Z,ISLAND,58.684210526314615,87.56145833333395,Mode: ISLAND. V_pcc: 0.886,0
2026-01-01T19:44:45Z,ISLAND,58.65131578947251,87.56145833333395,Mode: ISLAND. V_pcc: 0.886,0
2026-01-01T19:44:50Z,ISLAND,58.618421052630396,87.56145833333395,Mode: ISLAND. V_pcc: 0.886,0
2026-01-01T19:44:55Z,ISLAND,58.58552631578829,87.56145833333395,Mode: ISLAND. V_pcc: 0.886,0
2026-01-01T19:45:00Z,ISLAND,58.55263157894619,86.99895833333393,Mode: ISLAND. V_pcc: 0.886,0
2026-01-01T19:45:05Z,ISLAND,58.51973684210409,86.99895833333393,Mode: ISLAND. V_pcc: 0.886,0
2026-01-01T19:45:10Z,ISLAND,58.486842105261985,86.99895833333393,Mode: ISLAND. V_pcc: 0.886,0
2026-01-01T19:45:15Z,ISLAND,58.45394736841987,86.99895833333393,Mode: ISLAND. V_pcc: 0.886,0
2026-01-01T19:45:20Z,ISLAND,58.421052631577766,86.99895833333393,Mode: ISLAND. V_pcc: 0.886,0
2026-01-01T19:45:25Z,ISLAND,58.388157894735656,86.99895833333393,Mode: ISLAND. V_pcc: 0.886,0
2026-01-01T19:45:30Z,ISLAND,58.35526315789355,86.99895833333393,Mode: ISLAND. V_pcc: 0.886,0
2026-01-01T19:45:35Z,ISLAND,58.32236842105145,86.99895833333393,Mode: ISLAND. V_pcc: 0.886,0
2026-01-01T19:45:40Z,ISLAND,58.289473684209334,86.99895833333393,Mode: ISLAND. V_pcc: 0.886,0
2026-01-01T19:45:45Z,ISLAND,58.25657894736723,86.99895833333393,Mode: ISLAND. V_pcc: 0.886,0
2026-01-01T19:45:50Z,ISLAND,58.22368421052513,86.99895833333393,Mode: ISLAND. V_pcc: 0.886,0
2026-01-01T19:45:55Z,ISLAND,58.190789473683026,86.99895833333393,Mode: ISLAND. V_pcc: 0.886,0
2026-01-01T19:46:00Z,ISLAND,58.15789473684092,86.99895833333393,Mode: ISLAND. V_pcc: 0.886,0
2026-01-01T19:46:05Z,ISLAND,58.124999999998806,86.99895833333393,Mode: ISLAND. V_pcc: 0.885,0
2026-01-01T19:46:10Z,ISLAND,58.092105263156704,86.99895833333393,Mode: ISLAND. V_pcc: 0.885,0
2026-01-01T19:46:15Z,ISLAND,58.0592105263146,86.99895833333393,Mode: ISLAND. V_pcc: 0.885,0
2026-01-01T19:46:20Z,ISLAND,58.02631578947249,86.99895833333393,Mode: ISLAND. V_pcc: 0.885,0
2026-01-01T19:46:25Z,ISLAND,57.99342105263039,86.99895833333393,Mode: ISLAND. V_pcc: 0.885,0
2026-01-01T19:46:30Z,ISLAND,57.96052631578827,86.99895833333393,Mode: ISLAND. V_pcc: 0.885,0
2026-01-01T19:46:35Z,ISLAND,57.92763157894617,86.99895833333393,Mode: ISLAND. V_pcc: 0.885,0
2026-01-01T19:46:40Z,ISLAND,57.89473684210407,86.99895833333393,Mode: ISLAND. V_pcc: 0.885,0
2026-01-01T19:46:45Z,ISLAND,57.861842105261964,86.99895833333393,Mode: ISLAND. V_pcc: 0.885,0
2026-01-01T19:46:50Z,ISLAND,57.82894736841986,86.99895833333393,Mode: ISLAND. V_pcc: 0.885,0
2026-01-01T19:46:55Z,ISLAND,57.796052631577744,86.99895833333393,Mode: ISLAND. V_pcc: 0.885,0
2026-01-01T19:47:00Z,ISLAND,57.76315789473564,86.99895833333393,Mode: ISLAND. V_pcc: 0.885,0
2026-01-01T19:47:05Z,ISLAND,57.73026315789353,86.99895833333393,Mode: ISLAND. V_pcc: 0.885,0
2026-01-01T19:47:10Z,ISLAND,57.69736842105143,86.99895833333393,Mode: ISLAND. V_pcc: 0.885,0
2026-01-01T19:47:15Z,ISLAND,57.66447368420933,86.99895833333393,Mode: ISLAND. V_pcc: 0.885,0
2026-01-01T19:47:20Z,ISLAND,57.63157894736721,86.99895833333393,Mode: ISLAND. V_pcc: 0.885,0
2026-01-01T19:47:25Z,ISLAND,57.59868421052511,86.99895833333393,Mode: ISLAND. V_pcc: 0.885,0
2026-01-01T19:47:30Z,ISLAND,57.565789473683004,86.99895833333393,Mode: ISLAND. V_pcc: 0.885,0
2026-01-01T19:47:35Z,ISLAND,57.5328947368409,86.99895833333393,Mode: ISLAND. V_pcc: 0.885,0
2026-01-01T19:47:40Z,ISLAND,57.4999999999988,86.99895833333393,Mode: ISLAND. V_pcc: 0.885,0
2026-01-01T19:47:45Z,ISLAND,57.46710526315668,86.99895833333393,Mode: ISLAND. V_pcc: 0.885,0
2026-01-01T19:47:50Z,ISLAND,57.43421052631458,86.99895833333393,Mode: ISLAND. V_pcc: 0.885,0
2026-01-01T19:47:55Z,ISLAND,57.40131578947248,86.99895833333393,Mode: ISLAND. V_pcc: 0.885,0
2026-01-01T19:48:00Z,ISLAND,57.36842105263037,86.99895833333393,Mode: ISLAND. V_pcc: 0.885,0
2026-01-01T19:48:05Z,ISLAND,57.335526315788265,86.99895833333393,Mode: ISLAND. V_pcc: 0.885,0
2026-01-01T19:48:10Z,ISLAND,57.30263157894615,86.99895833333393,Mode: ISLAND. V_pcc: 0.885,0
2026-01-01T19:48:15Z,ISLAND,57.269736842104045,86.99895833333393,Mode: ISLAND. V_pcc: 0.885,0
2026-01-01T19:48:20Z,ISLAND,57.23684210526194,86.99895833333393,Mode: ISLAND. V_pcc: 0.885,0
2026-01-01T19:48:25Z,ISLAND,57.20394736841984,86.99895833333393,Mode: ISLAND. V_pcc: 0.885,0
2026-01-01T19:48:30Z,ISLAND,57.17105263157774,86.99895833333393,Mode: ISLAND. V_pcc: 0.885,0
2026-01-01T19:48:35Z,ISLAND,57.13815789473562,86.99895833333393,Mode: ISLAND. V_pcc: 0.885,0
2026-01-01T19:48:40Z,ISLAND,57.10526315789352,86.99895833333393,Mode: ISLAND. V_pcc: 0.885,0
2026-01-01T19:48:45Z,ISLAND,57.07236842105141,86.99895833333393,Mode: ISLAND. V_pcc: 0.885,0
2026-01-01T19:48:50Z,ISLAND,57.039473684209305,86.99895833333393,Mode: ISLAND. V_pcc: 0.885,0
2026-01-01T19:48:55Z,ISLAND,57.0065789473672,86.99895833333393,Mode: ISLAND. V_pcc: 0.885,0
2026-01-01T19:49:00Z,ISLAND,56.973684210525086,86.99895833333393,Mode: ISLAND. V_pcc: 0.885,0
2026-01-01T19:49:05Z,ISLAND,56.94078947368298,86.99895833333393,Mode: ISLAND. V_pcc: 0.885,0
2026-01-01T19:49:10Z,ISLAND,56.90789473684088,86.99895833333393,Mode: ISLAND. V_pcc: 0.885,0
2026-01-01T19:49:15Z,ISLAND,56.87499999999878,86.99895833333393,Mode: ISLAND. V_pcc: 0.885,0
2026-01-01T19:49:20Z,ISLAND,56.842105263156675,86.99895833333393,Mode: ISLAND. V_pcc: 0.885,0
2026-01-01T19:49:25Z,ISLAND,56.80921052631456,86.99895833333393,Mode: ISLAND. V_pcc: 0.885,0
2026-01-01T19:49:30Z,ISLAND,56.776315789472456,86.99895833333393,Mode: ISLAND. V_pcc: 0.885,0
2026-01-01T19:49:35Z,ISLAND,56.74342105263035,86.99895833333393,Mode: ISLAND. V_pcc: 0.885,0
2026-01-01T19:49:40Z,ISLAND,56.71052631578824,86.99895833333393,Mode: ISLAND. V_pcc: 0.885,0
2026-01-01T19:49:45Z,ISLAND,56.67763157894614,86.99895833333393,Mode: ISLAND. V_pcc: 0.885,0
2026-01-01T19:49:50Z,ISLAND,56.644736842104024,86.99895833333393,Mode: ISLAND. V_pcc: 0.885,0
2026-01-01T19:49:55Z,ISLAND,56.61184210526192,86.99895833333393,Mode: ISLAND. V_pcc: 0.885,0
2026-01-01T19:50:00Z,ISLAND,56.57894736841982,86.99895833333393,Mode: ISLAND. V_pcc: 0.885,0
2026-01-01T19:50:05Z,ISLAND,56.546052631577716,86.99895833333393,Mode: ISLAND. V_pcc: 0.885,0
2026-01-01T19:50:10Z,ISLAND,56.51315789473561,86.99895833333393,Mode: ISLAND. V_pcc: 0.885,0
2026-01-01T19:50:15Z,ISLAND,56.480263157893496,86.99895833333393,Mode: ISLAND. V_pcc: 0.885,0
2026-01-01T19:50:20Z,ISLAND,56.447368421051394,86.99895833333393,Mode: ISLAND. V_pcc: 0.885,0
2026-01-01T19:50:25Z,ISLAND,56.414473684209284,86.99895833333393,Mode: ISLAND. V_pcc: 0.885,0
2026-01-01T19:50:30Z,ISLAND,56.38157894736718,86.99895833333393,Mode: ISLAND. V_pcc: 0.885,0
2026-01-01T19:50:35Z,ISLAND,56.34868421052508,86.99895833333393,Mode: ISLAND. V_pcc: 0.885,0
2026-01-01T19:50:40Z,ISLAND,56.31578947368296,86.99895833333393,Mode: ISLAND. V_pcc: 0.885,0
2026-01-01T19:50:45Z,ISLAND,56.28289473684086,86.99895833333393,Mode: ISLAND. V_pcc: 0.885,0
2026-01-01T19:50:50Z,ISLAND,56.24999999999876,86.99895833333393,Mode: ISLAND. V_pcc: 0.885,0
2026-01-01T19:50:55Z,ISLAND,56.217105263156654,86.99895833333393,Mode: ISLAND. V_pcc: 0.885,0
2026-01-01T19:51:00Z,ISLAND,56.18421052631455,86.99895833333393,Mode: ISLAND. V_pcc: 0.885,0
2026-01-01T19:51:05Z,ISLAND,56.151315789472434,86.99895833333393,Mode: ISLAND. V_pcc: 0.884,0
2026-01-01T19:51:10Z,ISLAND,56.11842105263033,86.99895833333393,Mode: ISLAND. V_pcc: 0.884,0
2026-01-01T19:51:15Z,ISLAND,56.08552631578823,86.99895833333393,Mode: ISLAND. V_pcc: 0.884,0
2026-01-01T19:51:20Z,ISLAND,56.05263157894612,86.99895833333393,Mode: ISLAND. V_pcc: 0.884,0
2026-01-01T19:51:25Z,ISLAND,56.01973684210402,86.99895833333393,Mode: ISLAND. V_pcc: 0.884,0
2026-01-01T19:51:30Z,ISLAND,55.9868421052619,86.99895833333393,Mode: ISLAND. V_pcc: 0.884,0
2026-01-01T19:51:35Z,ISLAND,55.9539473684198,86.99895833333393,Mode: ISLAND. V_pcc: 0.884,0
2026-01-01T19:51:40Z,ISLAND,55.921052631577695,86.99895833333393,Mode: ISLAND. V_pcc: 0.884,0
2026-01-01T19:51:45Z,ISLAND,55.88815789473559,86.99895833333393,Mode: ISLAND. V_pcc: 0.884,0
2026-01-01T19:51:50Z,ISLAND,55.85526315789349,86.99895833333393,Mode: ISLAND. V_pcc: 0.884,0
2026-01-01T19:51:55Z,ISLAND,55.82236842105137,86.99895833333393,Mode: ISLAND. V_pcc: 0.884,0
2026-01-01T19:52:00Z,ISLAND,55.78947368420927,86.99895833333393,Mode: ISLAND. V_pcc: 0.884,0
2026-01-01T19:52:05Z,ISLAND,55.75657894736716,86.99895833333393,Mode: ISLAND. V_pcc: 0.884,0
2026-01-01T19:52:10Z,ISLAND,55.72368421052506,86.99895833333393,Mode: ISLAND. V_pcc: 0.884,0
2026-01-01T19:52:15Z,ISLAND,55.690789473682955,86.99895833333393,Mode: ISLAND. V_pcc: 0.884,0
2026-01-01T19:52:20Z,ISLAND,55.65789473684084,86.99895833333393,Mode: ISLAND. V_pcc: 0.884,0
2026-01-01T19:52:25Z,ISLAND,55.624999999998735,86.99895833333393,Mode: ISLAND. V_pcc: 0.884,0
2026-01-01T19:52:30Z,ISLAND,55.59210526315663,86.99895833333393,Mode: ISLAND. V_pcc: 0.884,0
2026-01-01T19:52:35Z,ISLAND,55.55921052631453,86.99895833333393,Mode: ISLAND. V_pcc: 0.884,0
2026-01-01T19:52:40Z,ISLAND,55.52631578947243,86.99895833333393,Mode: ISLAND. V_pcc: 0.884,0
2026-01-01T19:52:45Z,ISLAND,55.49342105263031,86.99895833333393,Mode: ISLAND. V_pcc: 0.884,0
2026-01-01T19:52:50Z,ISLAND,55.46052631578821,86.99895833333393,Mode: ISLAND. V_pcc: 0.884,0
2026-01-01T19:52:55Z,ISLAND,55.427631578946105,86.99895833333393,Mode: ISLAND. V_pcc: 0.884,0
2026-01-01T19:53:00Z,ISLAND,55.394736842103995,86.99895833333393,Mode: ISLAND. V_pcc: 0.884,0
2026-01-01T19:53:05Z,ISLAND,55.36184210526189,86.99895833333393,Mode: ISLAND. V_pcc: 0.884,0
2026-01-01T19:53:10Z,ISLAND,55.328947368419776,86.99895833333393,Mode: ISLAND. V_pcc: 0.884,0
2026-01-01T19:53:15Z,ISLAND,55.29605263157767,86.99895833333393,Mode: ISLAND. V_pcc: 0.884,0
2026-01-01T19:53:20Z,ISLAND,55.26315789473557,86.99895833333393,Mode: ISLAND. V_pcc: 0.884,0
2026-01-01T19:53:25Z,ISLAND,55.23026315789347,86.99895833333393,Mode: ISLAND. V_pcc: 0.884,0
2026-01-01T19:53:30Z,ISLAND,55.197368421051365,86.99895833333393,Mode: ISLAND. V_pcc: 0.884,0
2026-01-01T19:53:35Z,ISLAND,55.16447368420925,86.99895833333393,Mode: ISLAND. V_pcc: 0.884,0
2026-01-01T19:53:40Z,ISLAND,55.131578947367146,86.99895833333393,Mode: ISLAND. V_pcc: 0.884,0
2026-01-01T19:53:45Z,ISLAND,55.098684210525036,86.99895833333393,Mode: ISLAND. V_pcc: 0.884,0
2026-01-01T19:53:50Z,ISLAND,55.06578947368293,86.99895833333393,Mode: ISLAND. V_pcc: 0.884,0
2026-01-01T19:53:55Z,ISLAND,55.03289473684083,86.99895833333393,Mode: ISLAND. V_pcc: 0.884,0
2026-01-01T19:54:00Z,ISLAND,54.999999999998714,86.99895833333393,Mode: ISLAND. V_pcc: 0.884,0
2026-01-01T19:54:05Z,ISLAND,54.96710526315661,86.99895833333393,Mode: ISLAND. V_pcc: 0.884,0
2026-01-01T19:54:10Z,ISLAND,54.93421052631451,86.99895833333393,Mode: ISLAND. V_pcc: 0.884,0
2026-01-01T19:54:15Z,ISLAND,54.901315789472406,86.99895833333393,Mode: ISLAND. V_pcc: 0.884,0
2026-01-01T19:54:20Z,ISLAND,54.8684210526303,86.99895833333393,Mode: ISLAND. V_pcc: 0.884,0
2026-01-01T19:54:25Z,ISLAND,54.83552631578819,86.99895833333393,Mode: ISLAND. V_pcc: 0.884,0
2026-01-01T19:54:30Z,ISLAND,54.802631578946084,86.99895833333393,Mode: ISLAND. V_pcc: 0.884,0
2026-01-01T19:54:35Z,ISLAND,54.76973684210398,86.99895833333393,Mode: ISLAND. V_pcc: 0.884,0
2026-01-01T19:54:40Z,ISLAND,54.73684210526187,86.99895833333393,Mode: ISLAND. V_pcc: 0.884,0
2026-01-01T19:54:45Z,ISLAND,54.70394736841977,86.99895833333393,Mode: ISLAND. V_pcc: 0.884,0
2026-01-01T19:54:50Z,ISLAND,54.67105263157765,86.99895833333393,Mode: ISLAND. V_pcc: 0.884,0
2026-01-01T19:54:55Z,ISLAND,54.63815789473555,86.99895833333393,Mode: ISLAND. V_pcc: 0.884,0
2026-01-01T19:55:00Z,ISLAND,54.60526315789345,86.99895833333393,Mode: ISLAND. V_pcc: 0.884,0
2026-01-01T19:55:05Z,ISLAND,54.572368421051344,86.99895833333393,Mode: ISLAND. V_pcc: 0.883,0
2026-01-01T19:55:10Z,ISLAND,54.53947368420924,86.99895833333393,Mode: ISLAND. V_pcc: 0.883,0
2026-01-01T19:55:15Z,ISLAND,54.506578947367124,86.99895833333393,Mode: ISLAND. V_pcc: 0.883,0
2026-01-01T19:55:20Z,ISLAND,54.47368421052502,86.99895833333393,Mode: ISLAND. V_pcc: 0.883,0
2026-01-01T19:55:25Z,ISLAND,54.44078947368291,86.99895833333393,Mode: ISLAND. V_pcc: 0.883,0
2026-01-01T19:55:30Z,ISLAND,54.40789473684081,86.99895833333393,Mode: ISLAND. V_pcc: 0.883,0
2026-01-01T19:55:35Z,ISLAND,54.37499999999871,86.99895833333393,Mode: ISLAND. V_pcc: 0.883,0
2026-01-01T19:55:40Z,ISLAND,54.34210526315659,86.99895833333393,Mode: ISLAND. V_pcc: 0.883,0
2026-01-01T19:55:45Z,ISLAND,54.30921052631449,86.99895833333393,Mode: ISLAND. V_pcc: 0.883,0
2026-01-01T19:55:50Z,ISLAND,54.276315789472385,86.99895833333393,Mode: ISLAND. V_pcc: 0.883,0
2026-01-01T19:55:55Z,ISLAND,54.24342105263028,86.99895833333393,Mode: ISLAND. V_pcc: 0.883,0
2026-01-01T19:56:00Z,ISLAND,54.21052631578818,86.99895833333393,Mode: ISLAND. V_pcc: 0.883,0
2026-01-01T19:56:05Z,ISLAND,54.17763157894606,86.99895833333393,Mode: ISLAND. V_pcc: 0.883,0
2026-01-01T19:56:10Z,ISLAND,54.14473684210396,86.99895833333393,Mode: ISLAND. V_pcc: 0.883,0
2026-01-01T19:56:15Z,ISLAND,54.11184210526186,86.99895833333393,Mode: ISLAND. V_pcc: 0.883,0
2026-01-01T19:56:20Z,ISLAND,54.07894736841975,86.99895833333393,Mode: ISLAND. V_pcc: 0.883,0
2026-01-01T19:56:25Z,ISLAND,54.046052631577645,86.99895833333393,Mode: ISLAND. V_pcc: 0.883,0
2026-01-01T19:56:30Z,ISLAND,54.01315789473553,86.99895833333393,Mode: ISLAND. V_pcc: 0.883,0
2026-01-01T19:56:35Z,ISLAND,53.980263157893425,86.99895833333393,Mode: ISLAND. V_pcc: 0.883,0
2026-01-01T19:56:40Z,ISLAND,53.94736842105132,86.99895833333393,Mode: ISLAND. V_pcc: 0.883,0
2026-01-01T19:56:45Z,ISLAND,53.91447368420922,86.99895833333393,Mode: ISLAND. V_pcc: 0.883,0
2026-01-01T19:56:50Z,ISLAND,53.88157894736712,86.99895833333393,Mode: ISLAND. V_pcc: 0.883,0
2026-01-01T19:56:55Z,ISLAND,53.848684210525,86.99895833333393,Mode: ISLAND. V_pcc: 0.883,0
2026-01-01T19:57:00Z,ISLAND,53.8157894736829,86.99895833333393,Mode: ISLAND. V_pcc: 0.883,0
2026-01-01T19:57:05Z,ISLAND,53.78289473684079,86.99895833333393,Mode: ISLAND. V_pcc: 0.883,0
2026-01-01T19:57:10Z,ISLAND,53.749999999998685,86.99895833333393,Mode: ISLAND. V_pcc: 0.883,0
2026-01-01T19:57:15Z,ISLAND,53.71710526315658,86.99895833333393,Mode: ISLAND. V_pcc: 0.883,0
2026-01-01T19:57:20Z,ISLAND,53.684210526314466,86.99895833333393,Mode: ISLAND. V_pcc: 0.883,0
2026-01-01T19:57:25Z,ISLAND,53.65131578947236,86.99895833333393,Mode: ISLAND. V_pcc: 0.883,0
2026-01-01T19:57:30Z,ISLAND,53.61842105263026,86.99895833333393,Mode: ISLAND. V_pcc: 0.883,0
2026-01-01T19:57:35Z,ISLAND,53.58552631578816,86.99895833333393,Mode: ISLAND. V_pcc: 0.883,0
2026-01-01T19:57:40Z,ISLAND,53.552631578946055,86.99895833333393,Mode: ISLAND. V_pcc: 0.883,0
2026-01-01T19:57:45Z,ISLAND,53.51973684210394,86.99895833333393,Mode: ISLAND. V_pcc: 0.883,0
2026-01-01T19:57:50Z,ISLAND,53.486842105261836,86.99895833333393,Mode: ISLAND. V_pcc: 0.883,0
2026-01-01T19:57:55Z,ISLAND,53.45394736841973,86.99895833333393,Mode: ISLAND. V_pcc: 0.883,0
2026-01-01T19:58:00Z,ISLAND,53.42105263157762,86.99895833333393,Mode: ISLAND. V_pcc: 0.883,0
2026-01-01T19:58:05Z,ISLAND,53.38815789473552,86.99895833333393,Mode: ISLAND. V_pcc: 0.883,0
2026-01-01T19:58:10Z,ISLAND,53.355263157893404,86.99895833333393,Mode: ISLAND. V_pcc: 0.883,0
2026-01-01T19:58:15Z,ISLAND,53.3223684210513,86.99895833333393,Mode: ISLAND. V_pcc: 0.883,0
2026-01-01T19:58:20Z,ISLAND,53.2894736842092,86.99895833333393,Mode: ISLAND. V_pcc: 0.883,0
2026-01-01T19:58:25Z,ISLAND,53.256578947367096,86.99895833333393,Mode: ISLAND. V_pcc: 0.883,0
2026-01-01T19:58:30Z,ISLAND,53.22368421052499,86.99895833333393,Mode: ISLAND. V_pcc: 0.883,0
2026-01-01T19:58:35Z,ISLAND,53.19078947368288,86.99895833333393,Mode: ISLAND. V_pcc: 0.883,0
2026-01-01T19:58:40Z,ISLAND,53.157894736840774,86.99895833333393,Mode: ISLAND. V_pcc: 0.883,0
2026-01-01T19:58:45Z,ISLAND,53.124999999998664,86.99895833333393,Mode: ISLAND. V_pcc: 0.883,0
2026-01-01T19:58:50Z,ISLAND,53.09210526315656,86.99895833333393,Mode: ISLAND. V_pcc: 0.883,0
2026-01-01T19:58:55Z,ISLAND,53.05921052631446,86.99895833333393,Mode: ISLAND. V_pcc: 0.883,0
2026-01-01T19:59:00Z,ISLAND,53.02631578947234,86.99895833333393,Mode: ISLAND. V_pcc: 0.883,0
2026-01-01T19:59:05Z,ISLAND,52.99342105263024,86.99895833333393,Mode: ISLAND. V_pcc: 0.883,0
2026-01-01T19:59:10Z,ISLAND,52.96052631578814,86.99895833333393,Mode: ISLAND. V_pcc: 0.883,0
2026-01-01T19:59:15Z,ISLAND,52.927631578946034,86.99895833333393,Mode: ISLAND. V_pcc: 0.883,0
2026-01-01T19:59:20Z,ISLAND,52.89473684210393,86.99895833333393,Mode: ISLAND. V_pcc: 0.883,0
2026-01-01T19:59:25Z,ISLAND,52.861842105261815,86.99895833333393,Mode: ISLAND. V_pcc: 0.883,0
2026-01-01T19:59:30Z,ISLAND,52.82894736841971,86.99895833333393,Mode: ISLAND. V_pcc: 0.883,0
2026-01-01T19:59:35Z,ISLAND,52.79605263157761,86.99895833333393,Mode: ISLAND. V_pcc: 0.883,0
2026-01-01T19:59:40Z,ISLAND,52.7631578947355,86.99895833333393,Mode: ISLAND. V_pcc: 0.883,0
2026-01-01T19:59:45Z,ISLAND,52.7302631578934,86.99895833333393,Mode: ISLAND. V_pcc: 0.883,0
2026-01-01T19:59:50Z,ISLAND,52.69736842105128,86.99895833333393,Mode: ISLAND. V_pcc: 0.883,0
2026-01-01T19:59:55Z,ISLAND,52.66447368420918,86.99895833333393,Mode: ISLAND. V_pcc: 0.883,0
2026-01-01T20:00:00Z,ISLAND,52.631578947367075,86.43645833333392,Mode: ISLAND. V_pcc: 0.883,0
2026-01-01T20:00:05Z,ISLAND,52.59868421052497,86.43645833333392,Mode: ISLAND. V_pcc: 0.883,0
2026-01-01T20:00:10Z,ISLAND,52.56578947368287,86.43645833333392,Mode: ISLAND. V_pcc: 0.883,0
2026-01-01T20:00:15Z,ISLAND,52.53289473684075,86.43645833333392,Mode: ISLAND. V_pcc: 0.883,0
2026-01-01T20:00:20Z,ISLAND,52.49999999999865,86.43645833333392,Mode: ISLAND. V_pcc: 0.883,0
2026-01-01T20:00:25Z,ISLAND,52.46710526315654,86.43645833333392,Mode: ISLAND. V_pcc: 0.883,0
2026-01-01T20:00:30Z,ISLAND,52.43421052631444,86.43645833333392,Mode: ISLAND. V_pcc: 0.883,0
2026-01-01T20:00:35Z,ISLAND,52.401315789472335,86.43645833333392,Mode: ISLAND. V_pcc: 0.883,0
2026-01-01T20:00:40Z,ISLAND,52.36842105263022,86.43645833333392,Mode: ISLAND. V_pcc: 0.883,0
2026-01-01T20:00:45Z,ISLAND,52.335526315788115,86.43645833333392,Mode: ISLAND. V_pcc: 0.883,0
2026-01-01T20:00:50Z,ISLAND,52.30263157894601,86.43645833333392,Mode: ISLAND. V_pcc: 0.883,0
2026-01-01T20:00:55Z,ISLAND,52.26973684210391,86.43645833333392,Mode: ISLAND. V_pcc: 0.883,0
2026-01-01T20:01:00Z,ISLAND,52.23684210526181,86.43645833333392,Mode: ISLAND. V_pcc: 0.883,0
2026-01-01T20:01:05Z,ISLAND,52.20394736841969,86.43645833333392,Mode: ISLAND. V_pcc: 0.882,0
2026-01-01T20:01:10Z,ISLAND,52.17105263157759,86.43645833333392,Mode: ISLAND. V_pcc: 0.882,0
2026-01-01T20:01:15Z,ISLAND,52.138157894735485,86.43645833333392,Mode: ISLAND. V_pcc: 0.882,0
2026-01-01T20:01:20Z,ISLAND,52.105263157893376,86.43645833333392,Mode: ISLAND. V_pcc: 0.882,0
2026-01-01T20:01:25Z,ISLAND,52.07236842105127,86.43645833333392,Mode: ISLAND. V_pcc: 0.882,0
2026-01-01T20:01:30Z,ISLAND,52.039473684209156,86.43645833333392,Mode: ISLAND. V_pcc: 0.882,0
2026-01-01T20:01:35Z,ISLAND,52.00657894736705,86.43645833333392,Mode: ISLAND. V_pcc: 0.882,0
2026-01-01T20:01:40Z,ISLAND,51.97368421052495,86.43645833333392,Mode: ISLAND. V_pcc: 0.882,0
2026-01-01T20:01:45Z,ISLAND,51.94078947368285,86.43645833333392,Mode: ISLAND. V_pcc: 0.882,0
2026-01-01T20:01:50Z,ISLAND,51.907894736840746,86.43645833333392,Mode: ISLAND. V_pcc: 0.882,0
2026-01-01T20:01:55Z,ISLAND,51.87499999999863,86.43645833333392,Mode: ISLAND. V_pcc: 0.882,0
2026-01-01T20:02:00Z,ISLAND,51.842105263156526,86.43645833333392,Mode: ISLAND. V_pcc: 0.882,0
2026-01-01T20:02:05Z,ISLAND,51.809210526314416,86.43645833333392,Mode: ISLAND. V_pcc: 0.882,0
2026-01-01T20:02:10Z,ISLAND,51.776315789472314,86.43645833333392,Mode: ISLAND. V_pcc: 0.882,0
2026-01-01T20:02:15Z,ISLAND,51.74342105263021,86.43645833333392,Mode: ISLAND. V_pcc: 0.882,0
2026-01-01T20:02:20Z,ISLAND,51.710526315788094,86.43645833333392,Mode: ISLAND. V_pcc: 0.882,0
2026-01-01T20:02:25Z,ISLAND,51.67763157894599,86.43645833333392,Mode: ISLAND. V_pcc: 0.882,0
2026-01-01T20:02:30Z,ISLAND,51.64473684210389,86.43645833333392,Mode: ISLAND. V_pcc: 0.882,0
2026-01-01T20:02:35Z,ISLAND,51.611842105261786,86.43645833333392,Mode: ISLAND. V_pcc: 0.882,0
2026-01-01T20:02:40Z,ISLAND,51.57894736841968,86.43645833333392,Mode: ISLAND. V_pcc: 0.882,0
2026-01-01T20:02:45Z,ISLAND,51.54605263157757,86.43645833333392,Mode: ISLAND. V_pcc: 0.882,0
2026-01-01T20:02:50Z,ISLAND,51.513157894735464,86.43645833333392,Mode: ISLAND. V_pcc: 0.882,0
2026-01-01T20:02:55Z,ISLAND,51.48026315789336,86.43645833333392,Mode: ISLAND. V_pcc: 0.882,0
2026-01-01T20:03:00Z,ISLAND,51.44736842105125,86.43645833333392,Mode: ISLAND. V_pcc: 0.882,0
2026-01-01T20:03:05Z,ISLAND,51.41447368420915,86.43645833333392,Mode: ISLAND. V_pcc: 0.882,0
2026-01-01T20:03:10Z,ISLAND,51.38157894736703,86.43645833333392,Mode: ISLAND. V_pcc: 0.882,0
2026-01-01T20:03:15Z,ISLAND,51.34868421052493,86.43645833333392,Mode: ISLAND. V_pcc: 0.882,0
2026-01-01T20:03:20Z,ISLAND,51.31578947368283,86.43645833333392,Mode: ISLAND. V_pcc: 0.882,0
2026-01-01T20:03:25Z,ISLAND,51.282894736840724,86.43645833333392,Mode: ISLAND. V_pcc: 0.882,0
2026-01-01T20:03:30Z,ISLAND,51.24999999999862,86.43645833333392,Mode: ISLAND. V_pcc: 0.882,0
2026-01-01T20:03:35Z,ISLAND,51.217105263156505,86.43645833333392,Mode: ISLAND. V_pcc: 0.882,0
2026-01-01T20:03:40Z,ISLAND,51.1842105263144,86.43645833333392,Mode: ISLAND. V_pcc: 0.882,0
2026-01-01T20:03:45Z,ISLAND,51.15131578947229,86.43645833333392,Mode: ISLAND. V_pcc: 0.882,0
2026-01-01T20:03:50Z,ISLAND,51.11842105263019,86.43645833333392,Mode: ISLAND. V_pcc: 0.882,0
2026-01-01T20:03:55Z,ISLAND,51.08552631578809,86.43645833333392,Mode: ISLAND. V_pcc: 0.882,0
2026-01-01T20:04:00Z,ISLAND,51.05263157894597,86.43645833333392,Mode: ISLAND. V_pcc: 0.882,0
2026-01-01T20:04:05Z,ISLAND,51.01973684210387,86.43645833333392,Mode: ISLAND. V_pcc: 0.882,0
2026-01-01T20:04:10Z,ISLAND,50.986842105261765,86.43645833333392,Mode: ISLAND. V_pcc: 0.882,0
2026-01-01T20:04:15Z,ISLAND,50.95394736841966,86.43645833333392,Mode: ISLAND. V_pcc: 0.882,0
2026-01-01T20:04:20Z,ISLAND,50.92105263157756,86.43645833333392,Mode: ISLAND. V_pcc: 0.882,0
2026-01-01T20:04:25Z,ISLAND,50.88815789473544,86.43645833333392,Mode: ISLAND. V_pcc: 0.882,0
2026-01-01T20:04:30Z,ISLAND,50.85526315789334,86.43645833333392,Mode: ISLAND. V_pcc: 0.882,0
2026-01-01T20:04:35Z,ISLAND,50.82236842105124,86.43645833333392,Mode: ISLAND. V_pcc: 0.882,0
2026-01-01T20:04:40Z,ISLAND,50.78947368420913,86.43645833333392,Mode: ISLAND. V_pcc: 0.882,0
2026-01-01T20:04:45Z,ISLAND,50.756578947367025,86.43645833333392,Mode: ISLAND. V_pcc: 0.882,0
2026-01-01T20:04:50Z,ISLAND,50.72368421052491,86.43645833333392,Mode: ISLAND. V_pcc: 0.882,0
2026-01-01T20:04:55Z,ISLAND,50.690789473682806,86.43645833333392,Mode: ISLAND. V_pcc: 0.882,0
2026-01-01T20:05:00Z,ISLAND,50.6578947368407,86.43645833333392,Mode: ISLAND. V_pcc: 0.882,0
2026-01-01T20:05:05Z,ISLAND,50.6249999999986,86.43645833333392,Mode: ISLAND. V_pcc: 0.882,0
2026-01-01T20:05:10Z,ISLAND,50.5921052631565,86.43645833333392,Mode: ISLAND. V_pcc: 0.882,0
2026-01-01T20:05:15Z,ISLAND,50.55921052631438,86.43645833333392,Mode: ISLAND. V_pcc: 0.882,0
2026-01-01T20:05:20Z,ISLAND,50.52631578947228,86.43645833333392,Mode: ISLAND. V_pcc: 0.882,0
2026-01-01T20:05:25Z,ISLAND,50.49342105263017,86.43645833333392,Mode: ISLAND. V_pcc: 0.882,0
2026-01-01T20:05:30Z,ISLAND,50.460526315788066,86.43645833333392,Mode: ISLAND. V_pcc: 0.882,0
2026-01-01T20:05:35Z,ISLAND,50.42763157894596,86.43645833333392,Mode: ISLAND. V_pcc: 0.882,0
2026-01-01T20:05:40Z,ISLAND,50.394736842103846,86.43645833333392,Mode: ISLAND. V_pcc: 0.882,0
2026-01-01T20:05:45Z,ISLAND,50.36184210526174,86.43645833333392,Mode: ISLAND. V_pcc: 0.882,0
2026-01-01T20:05:50Z,ISLAND,50.32894736841964,86.43645833333392,Mode: ISLAND. V_pcc: 0.882,0
2026-01-01T20:05:55Z,ISLAND,50.29605263157754,86.43645833333392,Mode: ISLAND. V_pcc: 0.882,0
2026-01-01T20:06:00Z,ISLAND,50.263157894735436,86.43645833333392,Mode: ISLAND. V_pcc: 0.882,0
2026-01-01T20:06:05Z,ISLAND,50.23026315789332,86.43645833333392,Mode: ISLAND. V_pcc: 0.882,0
2026-01-01T20:06:10Z,ISLAND,50.197368421051216,86.43645833333392,Mode: ISLAND. V_pcc: 0.882,0
2026-01-01T20:06:15Z,ISLAND,50.16447368420911,86.43645833333392,Mode: ISLAND. V_pcc: 0.882,0
2026-01-01T20:06:20Z,ISLAND,50.131578947367004,86.43645833333392,Mode: ISLAND. V_pcc: 0.882,0
2026-01-01T20:06:25Z,ISLAND,50.0986842105249,86.43645833333392,Mode: ISLAND. V_pcc: 0.882,0
2026-01-01T20:06:30Z,ISLAND,50.065789473682784,86.43645833333392,Mode: ISLAND. V_pcc: 0.882,0
2026-01-01T20:06:35Z,ISLAND,50.03289473684068,86.43645833333392,Mode: ISLAND. V_pcc: 0.882,0
2026-01-01T20:06:40Z,ISLAND,49.99999999999858,86.43645833333392,Mode: ISLAND. V_pcc: 0.882,0
2026-01-01T20:06:45Z,ISLAND,49.967105263156476,86.43645833333392,Mode: ISLAND. V_pcc: 0.882,0
2026-01-01T20:06:50Z,ISLAND,49.93421052631437,86.43645833333392,Mode: ISLAND. V_pcc: 0.882,0
2026-01-01T20:06:55Z,ISLAND,49.901315789472264,86.43645833333392,Mode: ISLAND. V_pcc: 0.882,0
2026-01-01T20:07:00Z,ISLAND,49.868421052630154,86.43645833333392,Mode: ISLAND. V_pcc: 0.882,0
2026-01-01T20:07:05Z,ISLAND,49.835526315788044,86.43645833333392,Mode: ISLAND. V_pcc: 0.882,0
2026-01-01T20:07:10Z,ISLAND,49.80263157894594,86.43645833333392,Mode: ISLAND. V_pcc: 0.882,0
2026-01-01T20:07:15Z,ISLAND,49.76973684210383,86.43645833333392,Mode: ISLAND. V_pcc: 0.882,0
2026-01-01T20:07:20Z,ISLAND,49.73684210526173,86.43645833333392,Mode: ISLAND. V_pcc: 0.882,0
2026-01-01T20:07:25Z,ISLAND,49.70394736841962,86.43645833333392,Mode: ISLAND. V_pcc: 0.882,0
2026-01-01T20:07:30Z,ISLAND,49.67105263157752,86.43645833333392,Mode: ISLAND. V_pcc: 0.882,0
2026-01-01T20:07:35Z,ISLAND,49.638157894735414,86.43645833333392,Mode: ISLAND. V_pcc: 0.882,0
2026-01-01T20:07:40Z,ISLAND,49.605263157893305,86.43645833333392,Mode: ISLAND. V_pcc: 0.882,0
2026-01-01T20:07:45Z,ISLAND,49.5723684210512,86.43645833333392,Mode: ISLAND. V_pcc: 0.882,0
2026-01-01T20:07:50Z,ISLAND,49.53947368420909,86.43645833333392,Mode: ISLAND. V_pcc: 0.882,0
2026-01-01T20:07:55Z,ISLAND,49.50657894736699,86.43645833333392,Mode: ISLAND. V_pcc: 0.882,0
2026-01-01T20:08:00Z,ISLAND,49.47368421052488,86.43645833333392,Mode: ISLAND. V_pcc: 0.882,0
2026-01-01T20:08:05Z,ISLAND,49.44078947368277,86.43645833333392,Mode: ISLAND. V_pcc: 0.881,0
2026-01-01T20:08:10Z,ISLAND,49.40789473684067,86.43645833333392,Mode: ISLAND. V_pcc: 0.881,0
2026-01-01T20:08:15Z,ISLAND,49.37499999999856,86.43645833333392,Mode: ISLAND. V_pcc: 0.881,0
2026-01-01T20:08:20Z,ISLAND,49.342105263156455,86.43645833333392,Mode: ISLAND. V_pcc: 0.881,0
2026-01-01T20:08:25Z,ISLAND,49.30921052631435,86.43645833333392,Mode: ISLAND. V_pcc: 0.881,0
2026-01-01T20:08:30Z,ISLAND,49.27631578947224,86.43645833333392,Mode: ISLAND. V_pcc: 0.881,0
2026-01-01T20:08:35Z,ISLAND,49.24342105263014,86.43645833333392,Mode: ISLAND. V_pcc: 0.881,0
2026-01-01T20:08:40Z,ISLAND,49.21052631578803,86.43645833333392,Mode: ISLAND. V_pcc: 0.881,0
2026-01-01T20:08:45Z,ISLAND,49.17763157894592,86.43645833333392,Mode: ISLAND. V_pcc: 0.881,0
2026-01-01T20:08:50Z,ISLAND,49.14473684210382,86.43645833333392,Mode: ISLAND. V_pcc: 0.881,0
2026-01-01T20:08:55Z,ISLAND,49.11184210526171,86.43645833333392,Mode: ISLAND. V_pcc: 0.881,0
2026-01-01T20:09:00Z,ISLAND,49.078947368419605,86.43645833333392,Mode: ISLAND. V_pcc: 0.881,0
2026-01-01T20:09:05Z,ISLAND,49.046052631577496,86.43645833333392,Mode: ISLAND. V_pcc: 0.881,0
2026-01-01T20:09:10Z,ISLAND,49.01315789473539,86.43645833333392,Mode: ISLAND. V_pcc: 0.881,0
2026-01-01T20:09:15Z,ISLAND,48.98026315789329,86.43645833333392,Mode: ISLAND. V_pcc: 0.881,0
2026-01-01T20:09:20Z,ISLAND,48.94736842105118,86.43645833333392,Mode: ISLAND. V_pcc: 0.881,0
2026-01-01T20:09:25Z,ISLAND,48.91447368420908,86.43645833333392,Mode: ISLAND. V_pcc: 0.881,0
2026-01-01T20:09:30Z,ISLAND,48.88157894736697,86.43645833333392,Mode: ISLAND. V_pcc: 0.881,0
2026-01-01T20:09:35Z,ISLAND,48.848684210524866,86.43645833333392,Mode: ISLAND. V_pcc: 0.881,0
2026-01-01T20:09:40Z,ISLAND,48.815789473682756,86.43645833333392,Mode: ISLAND. V_pcc: 0.881,0
2026-01-01T20:09:45Z,ISLAND,48.782894736840646,86.43645833333392,Mode: ISLAND. V_pcc: 0.881,0
2026-01-01T20:09:50Z,ISLAND,48.74999999999854,86.43645833333392,Mode: ISLAND. V_pcc: 0.881,0
2026-01-01T20:09:55Z,ISLAND,48.717105263156434,86.43645833333392,Mode: ISLAND. V_pcc: 0.881,0
2026-01-01T20:10:00Z,ISLAND,48.68421052631433,86.43645833333392,Mode: ISLAND. V_pcc: 0.881,0
2026-01-01T20:10:05Z,ISLAND,48.65131578947223,86.43645833333392,Mode: ISLAND. V_pcc: 0.881,0
2026-01-01T20:10:10Z,ISLAND,48.61842105263012,86.43645833333392,Mode: ISLAND. V_pcc: 0.881,0
2026-01-01T20:10:15Z,ISLAND,48.585526315788016,86.43645833333392,Mode: ISLAND. V_pcc: 0.881,0
2026-01-01T20:10:20Z,ISLAND,48.552631578945906,86.43645833333392,Mode: ISLAND. V_pcc: 0.881,0
2026-01-01T20:10:25Z,ISLAND,48.5197368421038,86.43645833333392,Mode: ISLAND. V_pcc: 0.881,0
2026-01-01T20:10:30Z,ISLAND,48.486842105261694,86.43645833333392,Mode: ISLAND. V_pcc: 0.881,0
2026-01-01T20:10:35Z,ISLAND,48.453947368419584,86.43645833333392,Mode: ISLAND. V_pcc: 0.881,0
2026-01-01T20:10:40Z,ISLAND,48.42105263157748,86.43645833333392,Mode: ISLAND. V_pcc: 0.881,0
2026-01-01T20:10:45Z,ISLAND,48.38815789473537,86.43645833333392,Mode: ISLAND. V_pcc: 0.881,0
2026-01-01T20:10:50Z,ISLAND,48.35526315789327,86.43645833333392,Mode: ISLAND. V_pcc: 0.881,0
2026-01-01T20:10:55Z,ISLAND,48.322368421051166,86.43645833333392,Mode: ISLAND. V_pcc: 0.881,0
2026-01-01T20:11:00Z,ISLAND,48.28947368420906,86.43645833333392,Mode: ISLAND. V_pcc: 0.881,0
2026-01-01T20:11:05Z,ISLAND,48.256578947366954,86.43645833333392,Mode: ISLAND. V_pcc: 0.881,0
2026-01-01T20:11:10Z,ISLAND,48.223684210524844,86.43645833333392,Mode: ISLAND. V_pcc: 0.881,0
2026-01-01T20:11:15Z,ISLAND,48.19078947368274,86.43645833333392,Mode: ISLAND. V_pcc: 0.881,0
2026-01-01T20:11:20Z,ISLAND,48.15789473684063,86.43645833333392,Mode: ISLAND. V_pcc: 0.881,0
2026-01-01T20:11:25Z,ISLAND,48.12499999999852,86.43645833333392,Mode: ISLAND. V_pcc: 0.881,0
2026-01-01T20:11:30Z,ISLAND,48.09210526315642,86.43645833333392,Mode: ISLAND. V_pcc: 0.881,0
2026-01-01T20:11:35Z,ISLAND,48.05921052631431,86.43645833333392,Mode: ISLAND. V_pcc: 0.881,0
2026-01-01T20:11:40Z,ISLAND,48.02631578947221,86.43645833333392,Mode: ISLAND. V_pcc: 0.881,0
2026-01-01T20:11:45Z,ISLAND,47.993421052630104,86.43645833333392,Mode: ISLAND. V_pcc: 0.881,0
2026-01-01T20:11:50Z,ISLAND,47.960526315787995,86.43645833333392,Mode: ISLAND. V_pcc: 0.881,0
2026-01-01T20:11:55Z,ISLAND,47.92763157894589,86.43645833333392,Mode: ISLAND. V_pcc: 0.881,0
2026-01-01T20:12:00Z,ISLAND,47.89473684210378,86.43645833333392,Mode: ISLAND. V_pcc: 0.881,0
2026-01-01T20:12:05Z,ISLAND,47.86184210526167,86.43645833333392,Mode: ISLAND. V_pcc: 0.881,0
2026-01-01T20:12:10Z,ISLAND,47.82894736841957,86.43645833333392,Mode: ISLAND. V_pcc: 0.881,0
2026-01-01T20:12:15Z,ISLAND,47.79605263157746,86.43645833333392,Mode: ISLAND. V_pcc: 0.881,0
2026-01-01T20:12:20Z,ISLAND,47.76315789473536,86.43645833333392,Mode: ISLAND. V_pcc: 0.881,0
2026-01-01T20:12:25Z,ISLAND,47.73026315789325,86.43645833333392,Mode: ISLAND. V_pcc: 0.881,0
2026-01-01T20:12:30Z,ISLAND,47.697368421051145,86.43645833333392,Mode: ISLAND. V_pcc: 0.881,0
2026-01-01T20:12:35Z,ISLAND,47.66447368420904,86.43645833333392,Mode: ISLAND. V_pcc: 0.881,0
2026-01-01T20:12:40Z,ISLAND,47.63157894736693,86.43645833333392,Mode: ISLAND. V_pcc: 0.881,0
2026-01-01T20:12:45Z,ISLAND,47.59868421052483,86.43645833333392,Mode: ISLAND. V_pcc: 0.881,0
2026-01-01T20:12:50Z,ISLAND,47.56578947368272,86.43645833333392,Mode: ISLAND. V_pcc: 0.881,0
2026-01-01T20:12:55Z,ISLAND,47.53289473684062,86.43645833333392,Mode: ISLAND. V_pcc: 0.881,0
2026-01-01T20:13:00Z,ISLAND,47.49999999999851,86.43645833333392,Mode: ISLAND. V_pcc: 0.881,0
2026-01-01T20:13:05Z,ISLAND,47.4671052631564,86.43645833333392,Mode: ISLAND. V_pcc: 0.881,0
2026-01-01T20:13:10Z,ISLAND,47.434210526314295,86.43645833333392,Mode: ISLAND. V_pcc: 0.881,0
2026-01-01T20:13:15Z,ISLAND,47.401315789472186,86.43645833333392,Mode: ISLAND. V_pcc: 0.881,0
2026-01-01T20:13:20Z,ISLAND,47.36842105263008,86.43645833333392,Mode: ISLAND. V_pcc: 0.881,0
2026-01-01T20:13:25Z,ISLAND,47.33552631578798,86.43645833333392,Mode: ISLAND. V_pcc: 0.881,0
2026-01-01T20:13:30Z,ISLAND,47.30263157894587,86.43645833333392,Mode: ISLAND. V_pcc: 0.881,0
2026-01-01T20:13:35Z,ISLAND,47.26973684210377,86.43645833333392,Mode: ISLAND. V_pcc: 0.881,0
2026-01-01T20:13:40Z,ISLAND,47.23684210526166,86.43645833333392,Mode: ISLAND. V_pcc: 0.881,0
2026-01-01T20:13:45Z,ISLAND,47.20394736841955,86.43645833333392,Mode: ISLAND. V_pcc: 0.881,0
2026-01-01T20:13:50Z,ISLAND,47.171052631577446,86.43645833333392,Mode: ISLAND. V_pcc: 0.881,0
2026-01-01T20:13:55Z,ISLAND,47.138157894735336,86.43645833333392,Mode: ISLAND. V_pcc: 0.881,0
2026-01-01T20:14:00Z,ISLAND,47.10526315789323,86.43645833333392,Mode: ISLAND. V_pcc: 0.881,0
2026-01-01T20:14:05Z,ISLAND,47.072368421051124,86.43645833333392,Mode: ISLAND. V_pcc: 0.881,0
2026-01-01T20:14:10Z,ISLAND,47.03947368420902,86.43645833333392,Mode: ISLAND. V_pcc: 0.881,0
2026-01-01T20:14:15Z,ISLAND,47.00657894736692,86.43645833333392,Mode: ISLAND. V_pcc: 0.881,0
2026-01-01T20:14:20Z,ISLAND,46.97368421052481,86.43645833333392,Mode: ISLAND. V_pcc: 0.881,0
2026-01-01T20:14:25Z,ISLAND,46.940789473682706,86.43645833333392,Mode: ISLAND. V_pcc: 0.881,0
2026-01-01T20:14:30Z,ISLAND,46.907894736840596,86.43645833333392,Mode: ISLAND. V_pcc: 0.881,0
2026-01-01T20:14:35Z,ISLAND,46.874999999998494,86.43645833333392,Mode: ISLAND. V_pcc: 0.881,0
2026-01-01T20:14:40Z,ISLAND,46.842105263156384,86.43645833333392,Mode: ISLAND. V_pcc: 0.881,0
2026-01-01T20:14:45Z,ISLAND,46.809210526314274,86.43645833333392,Mode: ISLAND. V_pcc: 0.881,0
2026-01-01T20:14:50Z,ISLAND,46.77631578947217,86.43645833333392,Mode: ISLAND. V_pcc: 0.881,0
2026-01-01T20:14:55Z,ISLAND,46.74342105263006,86.43645833333392,Mode: ISLAND. V_pcc: 0.881,0
2026-01-01T20:15:00Z,ISLAND,46.71052631578796,85.87395833333389,Mode: ISLAND. V_pcc: 0.881,0
2026-01-01T20:15:05Z,ISLAND,46.67763157894586,85.87395833333389,Mode: ISLAND. V_pcc: 0.881,0
2026-01-01T20:15:10Z,ISLAND,46.64473684210375,85.87395833333389,Mode: ISLAND. V_pcc: 0.881,0
2026-01-01T20:15:15Z,ISLAND,46.611842105261644,85.87395833333389,Mode: ISLAND. V_pcc: 0.881,0
2026-01-01T20:15:20Z,ISLAND,46.578947368419534,85.87395833333389,Mode: ISLAND. V_pcc: 0.881,0
2026-01-01T20:15:25Z,ISLAND,46.546052631577425,85.87395833333389,Mode: ISLAND. V_pcc: 0.881,0
2026-01-01T20:15:30Z,ISLAND,46.51315789473532,85.87395833333389,Mode: ISLAND. V_pcc: 0.881,0
2026-01-01T20:15:35Z,ISLAND,46.48026315789321,85.87395833333389,Mode: ISLAND. V_pcc: 0.881,0
2026-01-01T20:15:40Z,ISLAND,46.44736842105111,85.87395833333389,Mode: ISLAND. V_pcc: 0.881,0
2026-01-01T20:15:45Z,ISLAND,46.414473684209,85.87395833333389,Mode: ISLAND. V_pcc: 0.881,0
2026-01-01T20:15:50Z,ISLAND,46.3815789473669,85.87395833333389,Mode: ISLAND. V_pcc: 0.881,0
2026-01-01T20:15:55Z,ISLAND,46.348684210524794,85.87395833333389,Mode: ISLAND. V_pcc: 0.881,0
2026-01-01T20:16:00Z,ISLAND,46.315789473682685,85.87395833333389,Mode: ISLAND. V_pcc: 0.881,0
2026-01-01T20:16:05Z,ISLAND,46.28289473684058,85.87395833333389,Mode: ISLAND. V_pcc: 0.881,0
2026-01-01T20:16:10Z,ISLAND,46.24999999999847,85.87395833333389,Mode: ISLAND. V_pcc: 0.881,0
2026-01-01T20:16:15Z,ISLAND,46.21710526315637,85.87395833333389,Mode: ISLAND. V_pcc: 0.881,0
2026-01-01T20:16:20Z,ISLAND,46.18421052631426,85.87395833333389,Mode: ISLAND. V_pcc: 0.881,0
2026-01-01T20:16:25Z,ISLAND,46.15131578947215,85.87395833333389,Mode: ISLAND. V_pcc: 0.881,0
2026-01-01T20:16:30Z,ISLAND,46.11842105263005,85.87395833333389,Mode: ISLAND. V_pcc: 0.881,0
2026-01-01T20:16:35Z,ISLAND,46.08552631578794,85.87395833333389,Mode: ISLAND. V_pcc: 0.881,0
2026-01-01T20:16:40Z,ISLAND,46.052631578945835,85.87395833333389,Mode: ISLAND. V_pcc: 0.881,0
2026-01-01T20:16:45Z,ISLAND,46.01973684210373,85.87395833333389,Mode: ISLAND. V_pcc: 0.881,0
2026-01-01T20:16:50Z,ISLAND,45.98684210526162,85.87395833333389,Mode: ISLAND. V_pcc: 0.881,0
2026-01-01T20:16:55Z,ISLAND,45.95394736841952,85.87395833333389,Mode: ISLAND. V_pcc: 0.881,0
2026-01-01T20:17:00Z,ISLAND,45.92105263157741,85.87395833333389,Mode: ISLAND. V_pcc: 0.881,0
2026-01-01T20:17:05Z,ISLAND,45.8881578947353,85.87395833333389,Mode: ISLAND. V_pcc: 0.880,0
2026-01-01T20:17:10Z,ISLAND,45.8552631578932,85.87395833333389,Mode: ISLAND. V_pcc: 0.880,0
2026-01-01T20:17:15Z,ISLAND,45.82236842105109,85.87395833333389,Mode: ISLAND. V_pcc: 0.880,0
2026-01-01T20:17:20Z,ISLAND,45.789473684208986,85.87395833333389,Mode: ISLAND. V_pcc: 0.880,0
2026-01-01T20:17:25Z,ISLAND,45.756578947366876,85.87395833333389,Mode: ISLAND. V_pcc: 0.880,0
2026-01-01T20:17:30Z,ISLAND,45.72368421052477,85.87395833333389,Mode: ISLAND. V_pcc: 0.880,0
2026-01-01T20:17:35Z,ISLAND,45.69078947368267,85.87395833333389,Mode: ISLAND. V_pcc: 0.880,0
2026-01-01T20:17:40Z,ISLAND,45.65789473684056,85.87395833333389,Mode: ISLAND. V_pcc: 0.880,0
2026-01-01T20:17:45Z,ISLAND,45.62499999999846,85.87395833333389,Mode: ISLAND. V_pcc: 0.880,0
2026-01-01T20:17:50Z,ISLAND,45.59210526315635,85.87395833333389,Mode: ISLAND. V_pcc: 0.880,0
2026-01-01T20:17:55Z,ISLAND,45.559210526314246,85.87395833333389,Mode: ISLAND. V_pcc: 0.880,0
2026-01-01T20:18:00Z,ISLAND,45.526315789472136,85.87395833333389,Mode: ISLAND. V_pcc: 0.880,0
2026-01-01T20:18:05Z,ISLAND,45.493421052630026,85.87395833333389,Mode: ISLAND. V_pcc: 0.880,0
2026-01-01T20:18:10Z,ISLAND,45.460526315787924,85.87395833333389,Mode: ISLAND. V_pcc: 0.880,0
2026-01-01T20:18:15Z,ISLAND,45.427631578945814,85.87395833333389,Mode: ISLAND. V_pcc: 0.880,0
2026-01-01T20:18:20Z,ISLAND,45.39473684210371,85.87395833333389,Mode: ISLAND. V_pcc: 0.880,0
2026-01-01T20:18:25Z,ISLAND,45.36184210526161,85.87395833333389,Mode: ISLAND. V_pcc: 0.880,0
2026-01-01T20:18:30Z,ISLAND,45.3289473684195,85.87395833333389,Mode: ISLAND. V_pcc: 0.880,0
2026-01-01T20:18:35Z,ISLAND,45.296052631577396,85.87395833333389,Mode: ISLAND. V_pcc: 0.880,0
2026-01-01T20:18:40Z,ISLAND,45.263157894735286,85.87395833333389,Mode: ISLAND. V_pcc: 0.880,0
2026-01-01T20:18:45Z,ISLAND,45.23026315789318,85.87395833333389,Mode: ISLAND. V_pcc: 0.880,0
2026-01-01T20:18:50Z,ISLAND,45.197368421051074,85.87395833333389,Mode: ISLAND. V_pcc: 0.880,0
2026-01-01T20:18:55Z,ISLAND,45.164473684208964,85.87395833333389,Mode: ISLAND. V_pcc: 0.880,0
2026-01-01T20:19:00Z,ISLAND,45.13157894736686,85.87395833333389,Mode: ISLAND. V_pcc: 0.880,0
2026-01-01T20:19:05Z,ISLAND,45.09868421052475,85.87395833333389,Mode: ISLAND. V_pcc: 0.880,0
2026-01-01T20:19:10Z,ISLAND,45.06578947368265,85.87395833333389,Mode: ISLAND. V_pcc: 0.880,0
2026-01-01T20:19:15Z,ISLAND,45.03289473684055,85.87395833333389,Mode: ISLAND. V_pcc: 0.880,0
2026-01-01T20:19:20Z,ISLAND,44.99999999999844,85.87395833333389,Mode: ISLAND. V_pcc: 0.880,0
2026-01-01T20:19:25Z,ISLAND,44.967105263156334,85.87395833333389,Mode: ISLAND. V_pcc: 0.880,0
2026-01-01T20:19:30Z,ISLAND,44.934210526314224,85.87395833333389,Mode: ISLAND. V_pcc: 0.880,0
2026-01-01T20:19:35Z,ISLAND,44.90131578947212,85.87395833333389,Mode: ISLAND. V_pcc: 0.880,0
2026-01-01T20:19:40Z,ISLAND,44.86842105263001,85.87395833333389,Mode: ISLAND. V_pcc: 0.880,0
2026-01-01T20:19:45Z,ISLAND,44.8355263157879,85.87395833333389,Mode: ISLAND. V_pcc: 0.880,0
2026-01-01T20:19:50Z,ISLAND,44.8026315789458,85.87395833333389,Mode: ISLAND. V_pcc: 0.880,0
2026-01-01T20:19:55Z,ISLAND,44.76973684210369,85.87395833333389,Mode: ISLAND. V_pcc: 0.880,0
2026-01-01T20:20:00Z,ISLAND,44.73684210526159,85.87395833333389,Mode: ISLAND. V_pcc: 0.880,0
2026-01-01T20:20:05Z,ISLAND,44.703947368419485,85.87395833333389,Mode: ISLAND. V_pcc: 0.880,0
2026-01-01T20:20:10Z,ISLAND,44.671052631577375,85.87395833333389,Mode: ISLAND. V_pcc: 0.880,0
2026-01-01T20:20:15Z,ISLAND,44.63815789473527,85.87395833333389,Mode: ISLAND. V_pcc: 0.880,0
2026-01-01T20:20:20Z,ISLAND,44.60526315789316,85.87395833333389,Mode: ISLAND. V_pcc: 0.880,0
2026-01-01T20:20:25Z,ISLAND,44.57236842105105,85.87395833333389,Mode: ISLAND. V_pcc: 0.880,0
2026-01-01T20:20:30Z,ISLAND,44.53947368420895,85.87395833333389,Mode: ISLAND. V_pcc: 0.880,0
2026-01-01T20:20:35Z,ISLAND,44.50657894736684,85.87395833333389,Mode: ISLAND. V_pcc: 0.880,0
2026-01-01T20:20:40Z,ISLAND,44.47368421052474,85.87395833333389,Mode: ISLAND. V_pcc: 0.880,0
2026-01-01T20:20:45Z,ISLAND,44.44078947368263,85.87395833333389,Mode: ISLAND. V_pcc: 0.880,0
2026-01-01T20:20:50Z,ISLAND,44.407894736840525,85.87395833333389,Mode: ISLAND. V_pcc: 0.880,0
2026-01-01T20:20:55Z,ISLAND,44.37499999999842,85.87395833333389,Mode: ISLAND. V_pcc: 0.880,0
2026-01-01T20:21:00Z,ISLAND,44.34210526315631,85.87395833333389,Mode: ISLAND. V_pcc: 0.880,0
2026-01-01T20:21:05Z,ISLAND,44.30921052631421,85.87395833333389,Mode: ISLAND. V_pcc: 0.880,0
2026-01-01T20:21:10Z,ISLAND,44.2763157894721,85.87395833333389,Mode: ISLAND. V_pcc: 0.880,0
2026-01-01T20:21:15Z,ISLAND,44.24342105263,85.87395833333389,Mode: ISLAND. V_pcc: 0.880,0
2026-01-01T20:21:20Z,ISLAND,44.21052631578789,85.87395833333389,Mode: ISLAND. V_pcc: 0.880,0
2026-01-01T20:21:25Z,ISLAND,44.17763157894578,85.87395833333389,Mode: ISLAND. V_pcc: 0.880,0
2026-01-01T20:21:30Z,ISLAND,44.144736842103676,85.87395833333389,Mode: ISLAND. V_pcc: 0.880,0
2026-01-01T20:21:35Z,ISLAND,44.111842105261566,85.87395833333389,Mode: ISLAND. V_pcc: 0.880,0
2026-01-01T20:21:40Z,ISLAND,44.07894736841946,85.87395833333389,Mode: ISLAND. V_pcc: 0.880,0
2026-01-01T20:21:45Z,ISLAND,44.04605263157736,85.87395833333389,Mode: ISLAND. V_pcc: 0.880,0
2026-01-01T20:21:50Z,ISLAND,44.01315789473525,85.87395833333389,Mode: ISLAND. V_pcc: 0.880,0
2026-01-01T20:21:55Z,ISLAND,43.98026315789315,85.87395833333389,Mode: ISLAND. V_pcc: 0.880,0
2026-01-01T20:22:00Z,ISLAND,43.94736842105104,85.87395833333389,Mode: ISLAND. V_pcc: 0.880,0
2026-01-01T20:22:05Z,ISLAND,43.91447368420893,85.87395833333389,Mode: ISLAND. V_pcc: 0.880,0
2026-01-01T20:22:10Z,ISLAND,43.881578947366826,85.87395833333389,Mode: ISLAND. V_pcc: 0.880,0
2026-01-01T20:22:15Z,ISLAND,43.848684210524716,85.87395833333389,Mode: ISLAND. V_pcc: 0.880,0
2026-01-01T20:22:20Z,ISLAND,43.815789473682614,85.87395833333389,Mode: ISLAND. V_pcc: 0.880,0
2026-01-01T20:22:25Z,ISLAND,43.782894736840504,85.87395833333389,Mode: ISLAND. V_pcc: 0.880,0
2026-01-01T20:22:30Z,ISLAND,43.7499999999984,85.87395833333389,Mode: ISLAND. V_pcc: 0.880,0
2026-01-01T20:22:35Z,ISLAND,43.7171052631563,85.87395833333389,Mode: ISLAND. V_pcc: 0.880,0
2026-01-01T20:22:40Z,ISLAND,43.68421052631419,85.87395833333389,Mode: ISLAND. V_pcc: 0.880,0
2026-01-01T20:22:45Z,ISLAND,43.651315789472086,85.87395833333389,Mode: ISLAND. V_pcc: 0.880,0
2026-01-01T20:22:50Z,ISLAND,43.61842105262998,85.87395833333389,Mode: ISLAND. V_pcc: 0.880,0
2026-01-01T20:22:55Z,ISLAND,43.585526315787874,85.87395833333389,Mode: ISLAND. V_pcc: 0.880,0
2026-01-01T20:23:00Z,ISLAND,43.552631578945764,85.87395833333389,Mode: ISLAND. V_pcc: 0.880,0
2026-01-01T20:23:05Z,ISLAND,43.519736842103654,85.87395833333389,Mode: ISLAND. V_pcc: 0.880,0
2026-01-01T20:23:10Z,ISLAND,43.48684210526155,85.87395833333389,Mode: ISLAND. V_pcc: 0.880,0
2026-01-01T20:23:15Z,ISLAND,43.45394736841944,85.87395833333389,Mode: ISLAND. V_pcc: 0.880,0
2026-01-01T20:23:20Z,ISLAND,43.42105263157734,85.87395833333389,Mode: ISLAND. V_pcc: 0.880,0
2026-01-01T20:23:25Z,ISLAND,43.38815789473524,85.87395833333389,Mode: ISLAND. V_pcc: 0.880,0
2026-01-01T20:23:30Z,ISLAND,43.35526315789313,85.87395833333389,Mode: ISLAND. V_pcc: 0.880,0
2026-01-01T20:23:35Z,ISLAND,43.322368421051024,85.87395833333389,Mode: ISLAND. V_pcc: 0.880,0
2026-01-01T20:23:40Z,ISLAND,43.289473684208915,85.87395833333389,Mode: ISLAND. V_pcc: 0.880,0
2026-01-01T20:23:45Z,ISLAND,43.256578947366805,85.87395833333389,Mode: ISLAND. V_pcc: 0.880,0
2026-01-01T20:23:50Z,ISLAND,43.2236842105247,85.87395833333389,Mode: ISLAND. V_pcc: 0.880,0
2026-01-01T20:23:55Z,ISLAND,43.19078947368259,85.87395833333389,Mode: ISLAND. V_pcc: 0.880,0
2026-01-01T20:24:00Z,ISLAND,43.15789473684049,85.87395833333389,Mode: ISLAND. V_pcc: 0.880,0
2026-01-01T20:24:05Z,ISLAND,43.12499999999838,85.87395833333389,Mode: ISLAND. V_pcc: 0.880,0
2026-01-01T20:24:10Z,ISLAND,43.09210526315628,85.87395833333389,Mode: ISLAND. V_pcc: 0.880,0
2026-01-01T20:24:15Z,ISLAND,43.059210526314175,85.87395833333389,Mode: ISLAND. V_pcc: 0.880,0
2026-01-01T20:24:20Z,ISLAND,43.026315789472065,85.87395833333389,Mode: ISLAND. V_pcc: 0.880,0
2026-01-01T20:24:25Z,ISLAND,42.99342105262996,85.87395833333389,Mode: ISLAND. V_pcc: 0.880,0
2026-01-01T20:24:30Z,ISLAND,42.96052631578785,85.87395833333389,Mode: ISLAND. V_pcc: 0.880,0
2026-01-01T20:24:35Z,ISLAND,42.92763157894575,85.87395833333389,Mode: ISLAND. V_pcc: 0.880,0
2026-01-01T20:24:40Z,ISLAND,42.89473684210364,85.87395833333389,Mode: ISLAND. V_pcc: 0.880,0
2026-01-01T20:24:45Z,ISLAND,42.86184210526153,85.87395833333389,Mode: ISLAND. V_pcc: 0.880,0
2026-01-01T20:24:50Z,ISLAND,42.82894736841943,85.87395833333389,Mode: ISLAND. V_pcc: 0.880,0
2026-01-01T20:24:55Z,ISLAND,42.79605263157732,85.87395833333389,Mode: ISLAND. V_pcc: 0.880,0
2026-01-01T20:25:00Z,ISLAND,42.763157894735215,85.87395833333389,Mode: ISLAND. V_pcc: 0.880,0
2026-01-01T20:25:05Z,ISLAND,42.73026315789311,85.87395833333389,Mode: ISLAND. V_pcc: 0.880,0
2026-01-01T20:25:10Z,ISLAND,42.697368421051,85.87395833333389,Mode: ISLAND. V_pcc: 0.880,0
2026-01-01T20:25:15Z,ISLAND,42.6644736842089,85.87395833333389,Mode: ISLAND. V_pcc: 0.880,0
2026-01-01T20:25:20Z,ISLAND,42.63157894736679,85.87395833333389,Mode: ISLAND. V_pcc: 0.880,0
2026-01-01T20:25:25Z,ISLAND,42.59868421052468,85.87395833333389,Mode: ISLAND. V_pcc: 0.880,0
2026-01-01T20:25:30Z,ISLAND,42.56578947368258,85.87395833333389,Mode: ISLAND. V_pcc: 0.880,0
2026-01-01T20:25:35Z,ISLAND,42.53289473684047,85.87395833333389,Mode: ISLAND. V_pcc: 0.880,0
2026-01-01T20:25:40Z,ISLAND,42.499999999998366,85.87395833333389,Mode: ISLAND. V_pcc: 0.880,0
2026-01-01T20:25:45Z,ISLAND,42.467105263156256,85.87395833333389,Mode: ISLAND. V_pcc: 0.880,0
2026-01-01T20:25:50Z,ISLAND,42.43421052631415,85.87395833333389,Mode: ISLAND. V_pcc: 0.880,0
2026-01-01T20:25:55Z,ISLAND,42.40131578947205,85.87395833333389,Mode: ISLAND. V_pcc: 0.880,0
2026-01-01T20:26:00Z,ISLAND,42.36842105262994,85.87395833333389,Mode: ISLAND. V_pcc: 0.880,0
2026-01-01T20:26:05Z,ISLAND,42.33552631578784,85.87395833333389,Mode: ISLAND. V_pcc: 0.880,0
2026-01-01T20:26:10Z,ISLAND,42.30263157894573,85.87395833333389,Mode: ISLAND. V_pcc: 0.880,0
2026-01-01T20:26:15Z,ISLAND,42.269736842103626,85.87395833333389,Mode: ISLAND. V_pcc: 0.880,0
2026-01-01T20:26:20Z,ISLAND,42.236842105261516,85.87395833333389,Mode: ISLAND. V_pcc: 0.880,0
2026-01-01T20:26:25Z,ISLAND,42.203947368419406,85.87395833333389,Mode: ISLAND. V_pcc: 0.880,0
2026-01-01T20:26:30Z,ISLAND,42.171052631577304,85.87395833333389,Mode: ISLAND. V_pcc: 0.880,0
2026-01-01T20:26:35Z,ISLAND,42.138157894735194,85.87395833333389,Mode: ISLAND. V_pcc: 0.880,0
2026-01-01T20:26:40Z,ISLAND,42.10526315789309,85.87395833333389,Mode: ISLAND. V_pcc: 0.880,0
2026-01-01T20:26:45Z,ISLAND,42.07236842105099,85.87395833333389,Mode: ISLAND. V_pcc: 0.880,0
2026-01-01T20:26:50Z,ISLAND,42.03947368420888,85.87395833333389,Mode: ISLAND. V_pcc: 0.880,0
2026-01-01T20:26:55Z,ISLAND,42.006578947366776,85.87395833333389,Mode: ISLAND. V_pcc: 0.880,0
2026-01-01T20:27:00Z,ISLAND,41.97368421052467,85.87395833333389,Mode: ISLAND. V_pcc: 0.880,0
2026-01-01T20:27:05Z,ISLAND,41.94078947368256,85.87395833333389,Mode: ISLAND. V_pcc: 0.880,0
2026-01-01T20:27:10Z,ISLAND,41.907894736840454,85.87395833333389,Mode: ISLAND. V_pcc: 0.880,0
2026-01-01T20:27:15Z,ISLAND,41.874999999998344,85.87395833333389,Mode: ISLAND. V_pcc: 0.880,0
2026-01-01T20:27:20Z,ISLAND,41.84210526315624,85.87395833333389,Mode: ISLAND. V_pcc: 0.880,0
2026-01-01T20:27:25Z,ISLAND,41.80921052631413,85.87395833333389,Mode: ISLAND. V_pcc: 0.880,0
2026-01-01T20:27:30Z,ISLAND,41.77631578947203,85.87395833333389,Mode: ISLAND. V_pcc: 0.880,0
2026-01-01T20:27:35Z,ISLAND,41.74342105262993,85.87395833333389,Mode: ISLAND. V_pcc: 0.880,0
2026-01-01T20:27:40Z,ISLAND,41.71052631578782,85.87395833333389,Mode: ISLAND. V_pcc: 0.880,0
2026-01-01T20:27:45Z,ISLAND,41.677631578945714,85.87395833333389,Mode: ISLAND. V_pcc: 0.880,0
2026-01-01T20:27:50Z,ISLAND,41.644736842103605,85.87395833333389,Mode: ISLAND. V_pcc: 0.880,0
2026-01-01T20:27:55Z,ISLAND,41.6118421052615,85.87395833333389,Mode: ISLAND. V_pcc: 0.880,0
2026-01-01T20:28:00Z,ISLAND,41.57894736841939,85.87395833333389,Mode: ISLAND. V_pcc: 0.880,0
2026-01-01T20:28:05Z,ISLAND,41.54605263157728,85.87395833333389,Mode: ISLAND. V_pcc: 0.880,0
2026-01-01T20:28:10Z,ISLAND,41.51315789473518,85.87395833333389,Mode: ISLAND. V_pcc: 0.880,0
2026-01-01T20:28:15Z,ISLAND,41.48026315789307,85.87395833333389,Mode: ISLAND. V_pcc: 0.880,0
2026-01-01T20:28:20Z,ISLAND,41.44736842105097,85.87395833333389,Mode: ISLAND. V_pcc: 0.880,0
2026-01-01T20:28:25Z,ISLAND,41.414473684208865,85.87395833333389,Mode: ISLAND. V_pcc: 0.880,0
2026-01-01T20:28:30Z,ISLAND,41.381578947366755,85.87395833333389,Mode: ISLAND. V_pcc: 0.880,0
2026-01-01T20:28:35Z,ISLAND,41.34868421052465,85.87395833333389,Mode: ISLAND. V_pcc: 0.880,0
2026-01-01T20:28:40Z,ISLAND,41.31578947368254,85.87395833333389,Mode: ISLAND. V_pcc: 0.880,0
2026-01-01T20:28:45Z,ISLAND,41.28289473684043,85.87395833333389,Mode: ISLAND. V_pcc: 0.880,0
2026-01-01T20:28:50Z,ISLAND,41.24999999999833,85.87395833333389,Mode: ISLAND. V_pcc: 0.880,0
2026-01-01T20:28:55Z,ISLAND,41.21710526315622,85.87395833333389,Mode: ISLAND. V_pcc: 0.880,0
2026-01-01T20:29:00Z,ISLAND,41.18421052631412,85.87395833333389,Mode: ISLAND. V_pcc: 0.880,0
2026-01-01T20:29:05Z,ISLAND,41.15131578947201,85.87395833333389,Mode: ISLAND. V_pcc: 0.880,0
2026-01-01T20:29:10Z,ISLAND,41.118421052629905,85.87395833333389,Mode: ISLAND. V_pcc: 0.880,0
2026-01-01T20:29:15Z,ISLAND,41.0855263157878,85.87395833333389,Mode: ISLAND. V_pcc: 0.880,0
2026-01-01T20:29:20Z,ISLAND,41.05263157894569,85.87395833333389,Mode: ISLAND. V_pcc: 0.880,0
2026-01-01T20:29:25Z,ISLAND,41.01973684210359,85.87395833333389,Mode: ISLAND. V_pcc: 0.880,0
2026-01-01T20:29:30Z,ISLAND,40.98684210526148,85.87395833333389,Mode: ISLAND. V_pcc: 0.880,0
2026-01-01T20:29:35Z,ISLAND,40.95394736841938,85.87395833333389,Mode: ISLAND. V_pcc: 0.880,0
2026-01-01T20:29:40Z,ISLAND,40.92105263157727,85.87395833333389,Mode: ISLAND. V_pcc: 0.880,0
2026-01-01T20:29:45Z,ISLAND,40.88815789473516,85.87395833333389,Mode: ISLAND. V_pcc: 0.880,0
2026-01-01T20:29:50Z,ISLAND,40.855263157893056,85.87395833333389,Mode: ISLAND. V_pcc: 0.880,0
2026-01-01T20:29:55Z,ISLAND,40.822368421050946,85.87395833333389,Mode: ISLAND. V_pcc: 0.880,0
2026-01-01T20:30:00Z,ISLAND,40.78947368420884,85.31145833333387,Mode: ISLAND. V_pcc: 0.880,0
2026-01-01T20:30:05Z,ISLAND,40.75657894736674,85.31145833333387,Mode: ISLAND. V_pcc: 0.880,0
2026-01-01T20:30:10Z,ISLAND,40.72368421052463,85.31145833333387,Mode: ISLAND. V_pcc: 0.880,0
2026-01-01T20:30:15Z,ISLAND,40.69078947368253,85.31145833333387,Mode: ISLAND. V_pcc: 0.880,0
2026-01-01T20:30:20Z,ISLAND,40.65789473684042,85.31145833333387,Mode: ISLAND. V_pcc: 0.880,0
2026-01-01T20:30:25Z,ISLAND,40.62499999999831,85.31145833333387,Mode: ISLAND. V_pcc: 0.880,0
2026-01-01T20:30:30Z,ISLAND,40.592105263156206,85.31145833333387,Mode: ISLAND. V_pcc: 0.880,0
2026-01-01T20:30:35Z,ISLAND,40.5592105263141,85.31145833333387,Mode: ISLAND. V_pcc: 0.880,0
2026-01-01T20:30:40Z,ISLAND,40.526315789471994,85.31145833333387,Mode: ISLAND. V_pcc: 0.880,0
2026-01-01T20:30:45Z,ISLAND,40.493421052629884,85.31145833333387,Mode: ISLAND. V_pcc: 0.880,0
2026-01-01T20:30:50Z,ISLAND,40.46052631578778,85.31145833333387,Mode: ISLAND. V_pcc: 0.880,0
2026-01-01T20:30:55Z,ISLAND,40.42763157894568,85.31145833333387,Mode: ISLAND. V_pcc: 0.880,0
2026-01-01T20:31:00Z,ISLAND,40.39473684210357,85.31145833333387,Mode: ISLAND. V_pcc: 0.880,0
2026-01-01T20:31:05Z,ISLAND,40.361842105261466,85.31145833333387,Mode: ISLAND. V_pcc: 0.880,0
2026-01-01T20:31:10Z,ISLAND,40.32894736841936,85.31145833333387,Mode: ISLAND. V_pcc: 0.880,0
2026-01-01T20:31:15Z,ISLAND,40.296052631577254,85.31145833333387,Mode: ISLAND. V_pcc: 0.880,0
2026-01-01T20:31:20Z,ISLAND,40.263157894735144,85.31145833333387,Mode: ISLAND. V_pcc: 0.880,0
2026-01-01T20:31:25Z,ISLAND,40.230263157893035,85.31145833333387,Mode: ISLAND. V_pcc: 0.880,0
2026-01-01T20:31:30Z,ISLAND,40.19736842105093,85.31145833333387,Mode: ISLAND. V_pcc: 0.880,0
2026-01-01T20:31:35Z,ISLAND,40.16447368420882,85.31145833333387,Mode: ISLAND. V_pcc: 0.880,0
2026-01-01T20:31:40Z,ISLAND,40.13157894736672,85.31145833333387,Mode: ISLAND. V_pcc: 0.880,0
2026-01-01T20:31:45Z,ISLAND,40.09868421052462,85.31145833333387,Mode: ISLAND. V_pcc: 0.880,0
2026-01-01T20:31:50Z,ISLAND,40.06578947368251,85.31145833333387,Mode: ISLAND. V_pcc: 0.880,0
2026-01-01T20:31:55Z,ISLAND,40.032894736840404,85.31145833333387,Mode: ISLAND. V_pcc: 0.880,0
2026-01-01T20:32:00Z,ISLAND,39.999999999998295,85.31145833333387,Mode: ISLAND. V_pcc: 0.880,0
2026-01-01T20:32:05Z,ISLAND,39.967105263156185,85.31145833333387,Mode: ISLAND. V_pcc: 0.880,0
2026-01-01T20:32:10Z,ISLAND,39.93421052631408,85.31145833333387,Mode: ISLAND. V_pcc: 0.880,0
2026-01-01T20:32:15Z,ISLAND,39.90131578947197,85.31145833333387,Mode: ISLAND. V_pcc: 0.880,0
2026-01-01T20:32:20Z,ISLAND,39.86842105262987,85.31145833333387,Mode: ISLAND. V_pcc: 0.880,0
2026-01-01T20:32:25Z,ISLAND,39.83552631578776,85.31145833333387,Mode: ISLAND. V_pcc: 0.880,0
2026-01-01T20:32:30Z,ISLAND,39.80263157894566,85.31145833333387,Mode: ISLAND. V_pcc: 0.880,0
2026-01-01T20:32:35Z,ISLAND,39.769736842103555,85.31145833333387,Mode: ISLAND. V_pcc: 0.880,0
2026-01-01T20:32:40Z,ISLAND,39.736842105261445,85.31145833333387,Mode: ISLAND. V_pcc: 0.880,0
2026-01-01T20:32:45Z,ISLAND,39.70394736841934,85.31145833333387,Mode: ISLAND. V_pcc: 0.880,0
2026-01-01T20:32:50Z,ISLAND,39.67105263157723,85.31145833333387,Mode: ISLAND. V_pcc: 0.880,0
2026-01-01T20:32:55Z,ISLAND,39.63815789473513,85.31145833333387,Mode: ISLAND. V_pcc: 0.880,0
2026-01-01T20:33:00Z,ISLAND,39.60526315789302,85.31145833333387,Mode: ISLAND. V_pcc: 0.880,0
2026-01-01T20:33:05Z,ISLAND,39.57236842105091,85.31145833333387,Mode: ISLAND. V_pcc: 0.880,0
2026-01-01T20:33:10Z,ISLAND,39.53947368420881,85.31145833333387,Mode: ISLAND. V_pcc: 0.880,0
2026-01-01T20:33:15Z,ISLAND,39.5065789473667,85.31145833333387,Mode: ISLAND. V_pcc: 0.880,0
2026-01-01T20:33:20Z,ISLAND,39.473684210524596,85.31145833333387,Mode: ISLAND. V_pcc: 0.880,0
2026-01-01T20:33:25Z,ISLAND,39.44078947368249,85.31145833333387,Mode: ISLAND. V_pcc: 0.880,0
2026-01-01T20:33:30Z,ISLAND,39.40789473684038,85.31145833333387,Mode: ISLAND. V_pcc: 0.880,0
2026-01-01T20:33:35Z,ISLAND,39.37499999999828,85.31145833333387,Mode: ISLAND. V_pcc: 0.880,0
2026-01-01T20:33:40Z,ISLAND,39.34210526315617,85.31145833333387,Mode: ISLAND. V_pcc: 0.880,0
2026-01-01T20:33:45Z,ISLAND,39.30921052631406,85.31145833333387,Mode: ISLAND. V_pcc: 0.880,0
2026-01-01T20:33:50Z,ISLAND,39.27631578947196,85.31145833333387,Mode: ISLAND. V_pcc: 0.880,0
2026-01-01T20:33:55Z,ISLAND,39.24342105262985,85.31145833333387,Mode: ISLAND. V_pcc: 0.880,0
2026-01-01T20:34:00Z,ISLAND,39.210526315787746,85.31145833333387,Mode: ISLAND. V_pcc: 0.880,0
2026-01-01T20:34:05Z,ISLAND,39.177631578945636,85.31145833333387,Mode: ISLAND. V_pcc: 0.880,0
2026-01-01T20:34:10Z,ISLAND,39.14473684210353,85.31145833333387,Mode: ISLAND. V_pcc: 0.880,0
2026-01-01T20:34:15Z,ISLAND,39.11184210526143,85.31145833333387,Mode: ISLAND. V_pcc: 0.880,0
2026-01-01T20:34:20Z,ISLAND,39.07894736841932,85.31145833333387,Mode: ISLAND. V_pcc: 0.880,0
2026-01-01T20:34:25Z,ISLAND,39.04605263157722,85.31145833333387,Mode: ISLAND. V_pcc: 0.880,0
2026-01-01T20:34:30Z,ISLAND,39.01315789473511,85.31145833333387,Mode: ISLAND. V_pcc: 0.880,0
2026-01-01T20:34:35Z,ISLAND,38.980263157893006,85.31145833333387,Mode: ISLAND. V_pcc: 0.880,0
2026-01-01T20:34:40Z,ISLAND,38.947368421050896,85.31145833333387,Mode: ISLAND. V_pcc: 0.880,0
2026-01-01T20:34:45Z,ISLAND,38.91447368420879,85.31145833333387,Mode: ISLAND. V_pcc: 0.880,0
2026-01-01T20:34:50Z,ISLAND,38.881578947366684,85.31145833333387,Mode: ISLAND. V_pcc: 0.880,0
2026-01-01T20:34:55Z,ISLAND,38.848684210524574,85.31145833333387,Mode: ISLAND. V_pcc: 0.880,0
2026-01-01T20:35:00Z,ISLAND,38.81578947368247,85.31145833333387,Mode: ISLAND. V_pcc: 0.880,0
2026-01-01T20:35:05Z,ISLAND,38.78289473684037,85.31145833333387,Mode: ISLAND. V_pcc: 0.880,0
2026-01-01T20:35:10Z,ISLAND,38.74999999999826,85.31145833333387,Mode: ISLAND. V_pcc: 0.880,0
2026-01-01T20:35:15Z,ISLAND,38.71710526315616,85.31145833333387,Mode: ISLAND. V_pcc: 0.880,0
2026-01-01T20:35:20Z,ISLAND,38.68421052631405,85.31145833333387,Mode: ISLAND. V_pcc: 0.880,0
2026-01-01T20:35:25Z,ISLAND,38.65131578947194,85.31145833333387,Mode: ISLAND. V_pcc: 0.880,0
2026-01-01T20:35:30Z,ISLAND,38.618421052629834,85.31145833333387,Mode: ISLAND. V_pcc: 0.880,0
2026-01-01T20:35:35Z,ISLAND,38.585526315787725,85.31145833333387,Mode: ISLAND. V_pcc: 0.880,0
2026-01-01T20:35:40Z,ISLAND,38.55263157894562,85.31145833333387,Mode: ISLAND. V_pcc: 0.880,0
2026-01-01T20:35:45Z,ISLAND,38.51973684210351,85.31145833333387,Mode: ISLAND. V_pcc: 0.880,0
2026-01-01T20:35:50Z,ISLAND,38.48684210526141,85.31145833333387,Mode: ISLAND. V_pcc: 0.880,0
2026-01-01T20:35:55Z,ISLAND,38.45394736841931,85.31145833333387,Mode: ISLAND. V_pcc: 0.880,0
2026-01-01T20:36:00Z,ISLAND,38.4210526315772,85.31145833333387,Mode: ISLAND. V_pcc: 0.880,0
2026-01-01T20:36:05Z,ISLAND,38.388157894735095,85.31145833333387,Mode: ISLAND. V_pcc: 0.880,0
2026-01-01T20:36:10Z,ISLAND,38.355263157892985,85.31145833333387,Mode: ISLAND. V_pcc: 0.880,0
2026-01-01T20:36:15Z,ISLAND,38.32236842105088,85.31145833333387,Mode: ISLAND. V_pcc: 0.880,0
2026-01-01T20:36:20Z,ISLAND,38.28947368420877,85.31145833333387,Mode: ISLAND. V_pcc: 0.880,0
2026-01-01T20:36:25Z,ISLAND,38.25657894736666,85.31145833333387,Mode: ISLAND. V_pcc: 0.880,0
2026-01-01T20:36:30Z,ISLAND,38.22368421052456,85.31145833333387,Mode: ISLAND. V_pcc: 0.880,0
2026-01-01T20:36:35Z,ISLAND,38.19078947368245,85.31145833333387,Mode: ISLAND. V_pcc: 0.880,0
2026-01-01T20:36:40Z,ISLAND,38.15789473684035,85.31145833333387,Mode: ISLAND. V_pcc: 0.880,0
2026-01-01T20:36:45Z,ISLAND,38.124999999998245,85.31145833333387,Mode: ISLAND. V_pcc: 0.880,0
2026-01-01T20:36:50Z,ISLAND,38.092105263156135,85.31145833333387,Mode: ISLAND. V_pcc: 0.880,0
2026-01-01T20:36:55Z,ISLAND,38.05921052631403,85.31145833333387,Mode: ISLAND. V_pcc: 0.880,0
2026-01-01T20:37:00Z,ISLAND,38.02631578947192,85.31145833333387,Mode: ISLAND. V_pcc: 0.880,0
2026-01-01T20:37:05Z,ISLAND,37.99342105262981,85.31145833333387,Mode: ISLAND. V_pcc: 0.880,0
2026-01-01T20:37:10Z,ISLAND,37.96052631578771,85.31145833333387,Mode: ISLAND. V_pcc: 0.880,0
2026-01-01T20:37:15Z,ISLAND,37.9276315789456,85.31145833333387,Mode: ISLAND. V_pcc: 0.880,0
2026-01-01T20:37:20Z,ISLAND,37.8947368421035,85.31145833333387,Mode: ISLAND. V_pcc: 0.880,0
2026-01-01T20:37:25Z,ISLAND,37.86184210526139,85.31145833333387,Mode: ISLAND. V_pcc: 0.880,0
2026-01-01T20:37:30Z,ISLAND,37.828947368419286,85.31145833333387,Mode: ISLAND. V_pcc: 0.880,0
2026-01-01T20:37:35Z,ISLAND,37.79605263157718,85.31145833333387,Mode: ISLAND. V_pcc: 0.880,0
2026-01-01T20:37:40Z,ISLAND,37.76315789473507,85.31145833333387,Mode: ISLAND. V_pcc: 0.880,0
2026-01-01T20:37:45Z,ISLAND,37.73026315789297,85.31145833333387,Mode: ISLAND. V_pcc: 0.880,0
2026-01-01T20:37:50Z,ISLAND,37.69736842105086,85.31145833333387,Mode: ISLAND. V_pcc: 0.880,0
2026-01-01T20:37:55Z,ISLAND,37.66447368420876,85.31145833333387,Mode: ISLAND. V_pcc: 0.880,0
2026-01-01T20:38:00Z,ISLAND,37.63157894736665,85.31145833333387,Mode: ISLAND. V_pcc: 0.880,0
2026-01-01T20:38:05Z,ISLAND,37.59868421052454,85.31145833333387,Mode: ISLAND. V_pcc: 0.880,0
2026-01-01T20:38:10Z,ISLAND,37.565789473682436,85.31145833333387,Mode: ISLAND. V_pcc: 0.880,0
2026-01-01T20:38:15Z,ISLAND,37.532894736840326,85.31145833333387,Mode: ISLAND. V_pcc: 0.880,0
2026-01-01T20:38:20Z,ISLAND,37.499999999998224,85.31145833333387,Mode: ISLAND. V_pcc: 0.880,0
2026-01-01T20:38:25Z,ISLAND,37.46710526315612,85.31145833333387,Mode: ISLAND. V_pcc: 0.880,0
2026-01-01T20:38:30Z,ISLAND,37.43421052631401,85.31145833333387,Mode: ISLAND. V_pcc: 0.880,0
2026-01-01T20:38:35Z,ISLAND,37.40131578947191,85.31145833333387,Mode: ISLAND. V_pcc: 0.880,0
2026-01-01T20:38:40Z,ISLAND,37.3684210526298,85.31145833333387,Mode: ISLAND. V_pcc: 0.880,0
2026-01-01T20:38:45Z,ISLAND,37.33552631578769,85.31145833333387,Mode: ISLAND. V_pcc: 0.880,0
2026-01-01T20:38:50Z,ISLAND,37.30263157894559,85.31145833333387,Mode: ISLAND. V_pcc: 0.880,0
2026-01-01T20:38:55Z,ISLAND,37.26973684210348,85.31145833333387,Mode: ISLAND. V_pcc: 0.880,0
2026-01-01T20:39:00Z,ISLAND,37.236842105261374,85.31145833333387,Mode: ISLAND. V_pcc: 0.880,0
2026-01-01T20:39:05Z,ISLAND,37.203947368419264,85.31145833333387,Mode: ISLAND. V_pcc: 0.880,0
2026-01-01T20:39:10Z,ISLAND,37.17105263157716,85.31145833333387,Mode: ISLAND. V_pcc: 0.880,0
2026-01-01T20:39:15Z,ISLAND,37.13815789473506,85.31145833333387,Mode: ISLAND. V_pcc: 0.880,0
2026-01-01T20:39:20Z,ISLAND,37.10526315789295,85.31145833333387,Mode: ISLAND. V_pcc: 0.880,0
2026-01-01T20:39:25Z,ISLAND,37.07236842105085,85.31145833333387,Mode: ISLAND. V_pcc: 0.880,0
2026-01-01T20:39:30Z,ISLAND,37.03947368420874,85.31145833333387,Mode: ISLAND. V_pcc: 0.880,0
2026-01-01T20:39:35Z,ISLAND,37.006578947366634,85.31145833333387,Mode: ISLAND. V_pcc: 0.880,0
2026-01-01T20:39:40Z,ISLAND,36.973684210524524,85.31145833333387,Mode: ISLAND. V_pcc: 0.880,0
2026-01-01T20:39:45Z,ISLAND,36.940789473682415,85.31145833333387,Mode: ISLAND. V_pcc: 0.880,0
2026-01-01T20:39:50Z,ISLAND,36.90789473684031,85.31145833333387,Mode: ISLAND. V_pcc: 0.880,0
2026-01-01T20:39:55Z,ISLAND,36.8749999999982,85.31145833333387,Mode: ISLAND. V_pcc: 0.880,0
2026-01-01T20:40:00Z,ISLAND,36.8421052631561,85.31145833333387,Mode: ISLAND. V_pcc: 0.880,0
2026-01-01T20:40:05Z,ISLAND,36.809210526314,85.31145833333387,Mode: ISLAND. V_pcc: 0.880,0
2026-01-01T20:40:10Z,ISLAND,36.77631578947189,85.31145833333387,Mode: ISLAND. V_pcc: 0.880,0
2026-01-01T20:40:15Z,ISLAND,36.743421052629785,85.31145833333387,Mode: ISLAND. V_pcc: 0.880,0
2026-01-01T20:40:20Z,ISLAND,36.710526315787675,85.31145833333387,Mode: ISLAND. V_pcc: 0.880,0
2026-01-01T20:40:25Z,ISLAND,36.677631578945565,85.31145833333387,Mode: ISLAND. V_pcc: 0.880,0
2026-01-01T20:40:30Z,ISLAND,36.64473684210346,85.31145833333387,Mode: ISLAND. V_pcc: 0.880,0
2026-01-01T20:40:35Z,ISLAND,36.61184210526135,85.31145833333387,Mode: ISLAND. V_pcc: 0.880,0
2026-01-01T20:40:40Z,ISLAND,36.57894736841925,85.31145833333387,Mode: ISLAND. V_pcc: 0.880,0
2026-01-01T20:40:45Z,ISLAND,36.54605263157714,85.31145833333387,Mode: ISLAND. V_pcc: 0.880,0
2026-01-01T20:40:50Z,ISLAND,36.51315789473504,85.31145833333387,Mode: ISLAND. V_pcc: 0.880,0
2026-01-01T20:40:55Z,ISLAND,36.480263157892935,85.31145833333387,Mode: ISLAND. V_pcc: 0.880,0
2026-01-01T20:41:00Z,ISLAND,36.447368421050825,85.31145833333387,Mode: ISLAND. V_pcc: 0.880,0
2026-01-01T20:41:05Z,ISLAND,36.41447368420872,85.31145833333387,Mode: ISLAND. V_pcc: 0.880,0
2026-01-01T20:41:10Z,ISLAND,36.38157894736661,85.31145833333387,Mode: ISLAND. V_pcc: 0.880,0
2026-01-01T20:41:15Z,ISLAND,36.34868421052451,85.31145833333387,Mode: ISLAND. V_pcc: 0.880,0
2026-01-01T20:41:20Z,ISLAND,36.3157894736824,85.31145833333387,Mode: ISLAND. V_pcc: 0.880,0
2026-01-01T20:41:25Z,ISLAND,36.28289473684029,85.31145833333387,Mode: ISLAND. V_pcc: 0.880,0
2026-01-01T20:41:30Z,ISLAND,36.24999999999819,85.31145833333387,Mode: ISLAND. V_pcc: 0.880,0
2026-01-01T20:41:35Z,ISLAND,36.21710526315608,85.31145833333387,Mode: ISLAND. V_pcc: 0.880,0
2026-01-01T20:41:40Z,ISLAND,36.184210526313976,85.31145833333387,Mode: ISLAND. V_pcc: 0.880,0
2026-01-01T20:41:45Z,ISLAND,36.15131578947187,85.31145833333387,Mode: ISLAND. V_pcc: 0.880,0
2026-01-01T20:41:50Z,ISLAND,36.11842105262976,85.31145833333387,Mode: ISLAND. V_pcc: 0.880,0
2026-01-01T20:41:55Z,ISLAND,36.08552631578766,85.31145833333387,Mode: ISLAND. V_pcc: 0.880,0
2026-01-01T20:42:00Z,ISLAND,36.05263157894555,85.31145833333387,Mode: ISLAND. V_pcc: 0.880,0
2026-01-01T20:42:05Z,ISLAND,36.01973684210344,85.31145833333387,Mode: ISLAND. V_pcc: 0.880,0
2026-01-01T20:42:10Z,ISLAND,35.98684210526134,85.31145833333387,Mode: ISLAND. V_pcc: 0.880,0
2026-01-01T20:42:15Z,ISLAND,35.95394736841923,85.31145833333387,Mode: ISLAND. V_pcc: 0.880,0
2026-01-01T20:42:20Z,ISLAND,35.921052631577126,85.31145833333387,Mode: ISLAND. V_pcc: 0.880,0
2026-01-01T20:42:25Z,ISLAND,35.888157894735016,85.31145833333387,Mode: ISLAND. V_pcc: 0.880,0
2026-01-01T20:42:30Z,ISLAND,35.855263157892914,85.31145833333387,Mode: ISLAND. V_pcc: 0.880,0
2026-01-01T20:42:35Z,ISLAND,35.82236842105081,85.31145833333387,Mode: ISLAND. V_pcc: 0.880,0
2026-01-01T20:42:40Z,ISLAND,35.7894736842087,85.31145833333387,Mode: ISLAND. V_pcc: 0.880,0
2026-01-01T20:42:45Z,ISLAND,35.7565789473666,85.31145833333387,Mode: ISLAND. V_pcc: 0.880,0
2026-01-01T20:42:50Z,ISLAND,35.72368421052449,85.31145833333387,Mode: ISLAND. V_pcc: 0.880,0
2026-01-01T20:42:55Z,ISLAND,35.690789473682386,85.31145833333387,Mode: ISLAND. V_pcc: 0.880,0
2026-01-01T20:43:00Z,ISLAND,35.65789473684028,85.31145833333387,Mode: ISLAND. V_pcc: 0.880,0
2026-01-01T20:43:05Z,ISLAND,35.62499999999817,85.31145833333387,Mode: ISLAND. V_pcc: 0.880,0
2026-01-01T20:43:10Z,ISLAND,35.592105263156064,85.31145833333387,Mode: ISLAND. V_pcc: 0.880,0
2026-01-01T20:43:15Z,ISLAND,35.559210526313954,85.31145833333387,Mode: ISLAND. V_pcc: 0.880,0
2026-01-01T20:43:20Z,ISLAND,35.52631578947185,85.31145833333387,Mode: ISLAND. V_pcc: 0.880,0
2026-01-01T20:43:25Z,ISLAND,35.49342105262975,85.31145833333387,Mode: ISLAND. V_pcc: 0.880,0
2026-01-01T20:43:30Z,ISLAND,35.46052631578764,85.31145833333387,Mode: ISLAND. V_pcc: 0.880,0
2026-01-01T20:43:35Z,ISLAND,35.42763157894554,85.31145833333387,Mode: ISLAND. V_pcc: 0.880,0
2026-01-01T20:43:40Z,ISLAND,35.39473684210343,85.31145833333387,Mode: ISLAND. V_pcc: 0.880,0
2026-01-01T20:43:45Z,ISLAND,35.36184210526132,85.31145833333387,Mode: ISLAND. V_pcc: 0.880,0
2026-01-01T20:43:50Z,ISLAND,35.328947368419215,85.31145833333387,Mode: ISLAND. V_pcc: 0.880,0
2026-01-01T20:43:55Z,ISLAND,35.296052631577105,85.31145833333387,Mode: ISLAND. V_pcc: 0.880,0
2026-01-01T20:44:00Z,ISLAND,35.263157894735,85.31145833333387,Mode: ISLAND. V_pcc: 0.880,0
2026-01-01T20:44:05Z,ISLAND,35.23026315789289,85.31145833333387,Mode: ISLAND. V_pcc: 0.881,0
2026-01-01T20:44:10Z,ISLAND,35.19736842105079,85.31145833333387,Mode: ISLAND. V_pcc: 0.881,0
2026-01-01T20:44:15Z,ISLAND,35.16447368420869,85.31145833333387,Mode: ISLAND. V_pcc: 0.881,0
2026-01-01T20:44:20Z,ISLAND,35.13157894736658,85.31145833333387,Mode: ISLAND. V_pcc: 0.881,0
2026-01-01T20:44:25Z,ISLAND,35.098684210524475,85.31145833333387,Mode: ISLAND. V_pcc: 0.881,0
2026-01-01T20:44:30Z,ISLAND,35.065789473682365,85.31145833333387,Mode: ISLAND. V_pcc: 0.881,0
2026-01-01T20:44:35Z,ISLAND,35.03289473684026,85.31145833333387,Mode: ISLAND. V_pcc: 0.881,0
2026-01-01T20:44:40Z,ISLAND,34.99999999999815,85.31145833333387,Mode: ISLAND. V_pcc: 0.881,0
2026-01-01T20:44:45Z,ISLAND,34.96710526315604,85.31145833333387,Mode: ISLAND. V_pcc: 0.881,0
2026-01-01T20:44:50Z,ISLAND,34.93421052631394,85.31145833333387,Mode: ISLAND. V_pcc: 0.881,0
2026-01-01T20:44:55Z,ISLAND,34.90131578947183,85.31145833333387,Mode: ISLAND. V_pcc: 0.881,0
2026-01-01T20:45:00Z,ISLAND,34.86842105262973,84.74895833333386,Mode: ISLAND. V_pcc: 0.881,0
2026-01-01T20:45:05Z,ISLAND,34.835526315787625,84.74895833333386,Mode: ISLAND. V_pcc: 0.881,0
2026-01-01T20:45:10Z,ISLAND,34.802631578945515,84.74895833333386,Mode: ISLAND. V_pcc: 0.881,0
2026-01-01T20:45:15Z,ISLAND,34.76973684210341,84.74895833333386,Mode: ISLAND. V_pcc: 0.881,0
2026-01-01T20:45:20Z,ISLAND,34.7368421052613,84.74895833333386,Mode: ISLAND. V_pcc: 0.881,0
2026-01-01T20:45:25Z,ISLAND,34.70394736841919,84.74895833333386,Mode: ISLAND. V_pcc: 0.881,0
2026-01-01T20:45:30Z,ISLAND,34.67105263157709,84.74895833333386,Mode: ISLAND. V_pcc: 0.881,0
2026-01-01T20:45:35Z,ISLAND,34.63815789473498,84.74895833333386,Mode: ISLAND. V_pcc: 0.881,0
2026-01-01T20:45:40Z,ISLAND,34.60526315789288,84.74895833333386,Mode: ISLAND. V_pcc: 0.881,0
2026-01-01T20:45:45Z,ISLAND,34.57236842105077,84.74895833333386,Mode: ISLAND. V_pcc: 0.881,0
2026-01-01T20:45:50Z,ISLAND,34.539473684208666,84.74895833333386,Mode: ISLAND. V_pcc: 0.881,0
2026-01-01T20:45:55Z,ISLAND,34.50657894736656,84.74895833333386,Mode: ISLAND. V_pcc: 0.881,0
2026-01-01T20:46:00Z,ISLAND,34.47368421052445,84.74895833333386,Mode: ISLAND. V_pcc: 0.881,0
2026-01-01T20:46:05Z,ISLAND,34.44078947368235,84.74895833333386,Mode: ISLAND. V_pcc: 0.881,0
2026-01-01T20:46:10Z,ISLAND,34.40789473684024,84.74895833333386,Mode: ISLAND. V_pcc: 0.881,0
2026-01-01T20:46:15Z,ISLAND,34.37499999999814,84.74895833333386,Mode: ISLAND. V_pcc: 0.881,0
2026-01-01T20:46:20Z,ISLAND,34.34210526315603,84.74895833333386,Mode: ISLAND. V_pcc: 0.881,0
2026-01-01T20:46:25Z,ISLAND,34.30921052631392,84.74895833333386,Mode: ISLAND. V_pcc: 0.881,0
2026-01-01T20:46:30Z,ISLAND,34.276315789471816,84.74895833333386,Mode: ISLAND. V_pcc: 0.881,0
2026-01-01T20:46:35Z,ISLAND,34.24342105262971,84.74895833333386,Mode: ISLAND. V_pcc: 0.881,0
2026-01-01T20:46:40Z,ISLAND,34.210526315787604,84.74895833333386,Mode: ISLAND. V_pcc: 0.881,0
2026-01-01T20:46:45Z,ISLAND,34.1776315789455,84.74895833333386,Mode: ISLAND. V_pcc: 0.881,0
2026-01-01T20:46:50Z,ISLAND,34.14473684210339,84.74895833333386,Mode: ISLAND. V_pcc: 0.881,0
2026-01-01T20:46:55Z,ISLAND,34.11184210526129,84.74895833333386,Mode: ISLAND. V_pcc: 0.881,0
2026-01-01T20:47:00Z,ISLAND,34.07894736841918,84.74895833333386,Mode: ISLAND. V_pcc: 0.881,0
2026-01-01T20:47:05Z,ISLAND,34.04605263157707,84.74895833333386,Mode: ISLAND. V_pcc: 0.881,0
2026-01-01T20:47:10Z,ISLAND,34.01315789473497,84.74895833333386,Mode: ISLAND. V_pcc: 0.881,0
2026-01-01T20:47:15Z,ISLAND,33.98026315789286,84.74895833333386,Mode: ISLAND. V_pcc: 0.881,0
2026-01-01T20:47:20Z,ISLAND,33.947368421050754,84.74895833333386,Mode: ISLAND. V_pcc: 0.881,0
2026-01-01T20:47:25Z,ISLAND,33.914473684208644,84.74895833333386,Mode: ISLAND. V_pcc: 0.881,0
2026-01-01T20:47:30Z,ISLAND,33.88157894736654,84.74895833333386,Mode: ISLAND. V_pcc: 0.881,0
2026-01-01T20:47:35Z,ISLAND,33.84868421052444,84.74895833333386,Mode: ISLAND. V_pcc: 0.881,0
2026-01-01T20:47:40Z,ISLAND,33.81578947368233,84.74895833333386,Mode: ISLAND. V_pcc: 0.881,0
2026-01-01T20:47:45Z,ISLAND,33.78289473684023,84.74895833333386,Mode: ISLAND. V_pcc: 0.881,0
2026-01-01T20:47:50Z,ISLAND,33.74999999999812,84.74895833333386,Mode: ISLAND. V_pcc: 0.881,0
2026-01-01T20:47:55Z,ISLAND,33.717105263156014,84.74895833333386,Mode: ISLAND. V_pcc: 0.881,0
2026-01-01T20:48:00Z,ISLAND,33.684210526313905,84.74895833333386,Mode: ISLAND. V_pcc: 0.881,0
2026-01-01T20:48:05Z,ISLAND,33.651315789471795,84.74895833333386,Mode: ISLAND. V_pcc: 0.881,0
2026-01-01T20:48:10Z,ISLAND,33.61842105262969,84.74895833333386,Mode: ISLAND. V_pcc: 0.881,0
2026-01-01T20:48:15Z,ISLAND,33.58552631578758,84.74895833333386,Mode: ISLAND. V_pcc: 0.881,0
2026-01-01T20:48:20Z,ISLAND,33.55263157894548,84.74895833333386,Mode: ISLAND. V_pcc: 0.881,0
2026-01-01T20:48:25Z,ISLAND,33.51973684210338,84.74895833333386,Mode: ISLAND. V_pcc: 0.881,0
2026-01-01T20:48:30Z,ISLAND,33.48684210526127,84.74895833333386,Mode: ISLAND. V_pcc: 0.881,0
2026-01-01T20:48:35Z,ISLAND,33.453947368419165,84.74895833333386,Mode: ISLAND. V_pcc: 0.881,0
2026-01-01T20:48:40Z,ISLAND,33.421052631577055,84.74895833333386,Mode: ISLAND. V_pcc: 0.881,0
2026-01-01T20:48:45Z,ISLAND,33.388157894734945,84.74895833333386,Mode: ISLAND. V_pcc: 0.881,0
2026-01-01T20:48:50Z,ISLAND,33.35526315789284,84.74895833333386,Mode: ISLAND. V_pcc: 0.881,0
2026-01-01T20:48:55Z,ISLAND,33.32236842105073,84.74895833333386,Mode: ISLAND. V_pcc: 0.881,0
2026-01-01T20:49:00Z,ISLAND,33.28947368420863,84.74895833333386,Mode: ISLAND. V_pcc: 0.881,0
2026-01-01T20:49:05Z,ISLAND,33.25657894736652,84.74895833333386,Mode: ISLAND. V_pcc: 0.881,0
2026-01-01T20:49:10Z,ISLAND,33.22368421052442,84.74895833333386,Mode: ISLAND. V_pcc: 0.881,0
2026-01-01T20:49:15Z,ISLAND,33.190789473682315,84.74895833333386,Mode: ISLAND. V_pcc: 0.881,0
2026-01-01T20:49:20Z,ISLAND,33.157894736840205,84.74895833333386,Mode: ISLAND. V_pcc: 0.881,0
2026-01-01T20:49:25Z,ISLAND,33.1249999999981,84.74895833333386,Mode: ISLAND. V_pcc: 0.881,0
2026-01-01T20:49:30Z,ISLAND,33.09210526315599,84.74895833333386,Mode: ISLAND. V_pcc: 0.881,0
2026-01-01T20:49:35Z,ISLAND,33.05921052631389,84.74895833333386,Mode: ISLAND. V_pcc: 0.881,0
2026-01-01T20:49:40Z,ISLAND,33.02631578947178,84.74895833333386,Mode: ISLAND. V_pcc: 0.881,0
2026-01-01T20:49:45Z,ISLAND,32.99342105262967,84.74895833333386,Mode: ISLAND. V_pcc: 0.881,0
2026-01-01T20:49:50Z,ISLAND,32.96052631578757,84.74895833333386,Mode: ISLAND. V_pcc: 0.881,0
2026-01-01T20:49:55Z,ISLAND,32.92763157894546,84.74895833333386,Mode: ISLAND. V_pcc: 0.881,0
2026-01-01T20:50:00Z,ISLAND,32.894736842103356,84.74895833333386,Mode: ISLAND. V_pcc: 0.881,0
2026-01-01T20:50:05Z,ISLAND,32.86184210526125,84.74895833333386,Mode: ISLAND. V_pcc: 0.881,0
2026-01-01T20:50:10Z,ISLAND,32.82894736841914,84.74895833333386,Mode: ISLAND. V_pcc: 0.881,0
2026-01-01T20:50:15Z,ISLAND,32.79605263157704,84.74895833333386,Mode: ISLAND. V_pcc: 0.881,0
2026-01-01T20:50:20Z,ISLAND,32.76315789473493,84.74895833333386,Mode: ISLAND. V_pcc: 0.881,0
2026-01-01T20:50:25Z,ISLAND,32.73026315789282,84.74895833333386,Mode: ISLAND. V_pcc: 0.881,0
2026-01-01T20:50:30Z,ISLAND,32.69736842105072,84.74895833333386,Mode: ISLAND. V_pcc: 0.881,0
2026-01-01T20:50:35Z,ISLAND,32.66447368420861,84.74895833333386,Mode: ISLAND. V_pcc: 0.881,0
2026-01-01T20:50:40Z,ISLAND,32.631578947366506,84.74895833333386,Mode: ISLAND. V_pcc: 0.881,0
2026-01-01T20:50:45Z,ISLAND,32.5986842105244,84.74895833333386,Mode: ISLAND. V_pcc: 0.881,0
2026-01-01T20:50:50Z,ISLAND,32.565789473682294,84.74895833333386,Mode: ISLAND. V_pcc: 0.881,0
2026-01-01T20:50:55Z,ISLAND,32.53289473684019,84.74895833333386,Mode: ISLAND. V_pcc: 0.881,0
2026-01-01T20:51:00Z,ISLAND,32.49999999999808,84.74895833333386,Mode: ISLAND. V_pcc: 0.881,0
2026-01-01T20:51:05Z,ISLAND,32.46710526315598,84.74895833333386,Mode: ISLAND. V_pcc: 0.881,0
2026-01-01T20:51:10Z,ISLAND,32.43421052631387,84.74895833333386,Mode: ISLAND. V_pcc: 0.881,0
2026-01-01T20:51:15Z,ISLAND,32.40131578947177,84.74895833333386,Mode: ISLAND. V_pcc: 0.881,0
2026-01-01T20:51:20Z,ISLAND,32.36842105262966,84.74895833333386,Mode: ISLAND. V_pcc: 0.881,0
2026-01-01T20:51:25Z,ISLAND,32.33552631578755,84.74895833333386,Mode: ISLAND. V_pcc: 0.881,0
2026-01-01T20:51:30Z,ISLAND,32.302631578945444,84.74895833333386,Mode: ISLAND. V_pcc: 0.881,0
2026-01-01T20:51:35Z,ISLAND,32.269736842103335,84.74895833333386,Mode: ISLAND. V_pcc: 0.881,0
2026-01-01T20:51:40Z,ISLAND,32.23684210526123,84.74895833333386,Mode: ISLAND. V_pcc: 0.881,0
2026-01-01T20:51:45Z,ISLAND,32.20394736841913,84.74895833333386,Mode: ISLAND. V_pcc: 0.881,0
2026-01-01T20:51:50Z,ISLAND,32.17105263157702,84.74895833333386,Mode: ISLAND. V_pcc: 0.881,0
2026-01-01T20:51:55Z,ISLAND,32.13815789473492,84.74895833333386,Mode: ISLAND. V_pcc: 0.881,0
2026-01-01T20:52:00Z,ISLAND,32.10526315789281,84.74895833333386,Mode: ISLAND. V_pcc: 0.881,0
2026-01-01T20:52:05Z,ISLAND,32.0723684210507,84.74895833333386,Mode: ISLAND. V_pcc: 0.881,0
2026-01-01T20:52:10Z,ISLAND,32.039473684208595,84.74895833333386,Mode: ISLAND. V_pcc: 0.881,0
2026-01-01T20:52:15Z,ISLAND,32.006578947366485,84.74895833333386,Mode: ISLAND. V_pcc: 0.881,0
2026-01-01T20:52:20Z,ISLAND,31.973684210524382,84.74895833333386,Mode: ISLAND. V_pcc: 0.881,0
2026-01-01T20:52:25Z,ISLAND,31.940789473682273,84.74895833333386,Mode: ISLAND. V_pcc: 0.881,0
2026-01-01T20:52:30Z,ISLAND,31.90789473684017,84.74895833333386,Mode: ISLAND. V_pcc: 0.881,0
2026-01-01T20:52:35Z,ISLAND,31.874999999998067,84.74895833333386,Mode: ISLAND. V_pcc: 0.881,0
2026-01-01T20:52:40Z,ISLAND,31.842105263155958,84.74895833333386,Mode: ISLAND. V_pcc: 0.881,0
2026-01-01T20:52:45Z,ISLAND,31.80921052631385,84.74895833333386,Mode: ISLAND. V_pcc: 0.881,0
2026-01-01T20:52:50Z,ISLAND,31.77631578947174,84.74895833333386,Mode: ISLAND. V_pcc: 0.881,0
2026-01-01T20:52:55Z,ISLAND,31.74342105262964,84.74895833333386,Mode: ISLAND. V_pcc: 0.881,0
2026-01-01T20:53:00Z,ISLAND,31.710526315787536,84.74895833333386,Mode: ISLAND. V_pcc: 0.881,0
2026-01-01T20:53:05Z,ISLAND,31.677631578945427,84.74895833333386,Mode: ISLAND. V_pcc: 0.882,0
2026-01-01T20:53:10Z,ISLAND,31.64473684210332,84.74895833333386,Mode: ISLAND. V_pcc: 0.882,0
2026-01-01T20:53:15Z,ISLAND,31.61184210526121,84.74895833333386,Mode: ISLAND. V_pcc: 0.882,0
2026-01-01T20:53:20Z,ISLAND,31.578947368419108,84.74895833333386,Mode: ISLAND. V_pcc: 0.882,0
2026-01-01T20:53:25Z,ISLAND,31.546052631577005,84.74895833333386,Mode: ISLAND. V_pcc: 0.882,0
2026-01-01T20:53:30Z,ISLAND,31.513157894734896,84.74895833333386,Mode: ISLAND. V_pcc: 0.882,0
2026-01-01T20:53:35Z,ISLAND,31.48026315789279,84.74895833333386,Mode: ISLAND. V_pcc: 0.882,0
2026-01-01T20:53:40Z,ISLAND,31.44736842105068,84.74895833333386,Mode: ISLAND. V_pcc: 0.882,0
2026-01-01T20:53:45Z,ISLAND,31.414473684208577,84.74895833333386,Mode: ISLAND. V_pcc: 0.882,0
2026-01-01T20:53:50Z,ISLAND,31.381578947366474,84.74895833333386,Mode: ISLAND. V_pcc: 0.882,0
2026-01-01T20:53:55Z,ISLAND,31.348684210524365,84.74895833333386,Mode: ISLAND. V_pcc: 0.882,0
2026-01-01T20:54:00Z,ISLAND,31.31578947368226,84.74895833333386,Mode: ISLAND. V_pcc: 0.882,0
2026-01-01T20:54:05Z,ISLAND,31.28289473684015,84.74895833333386,Mode: ISLAND. V_pcc: 0.882,0
2026-01-01T20:54:10Z,ISLAND,31.249999999998046,84.74895833333386,Mode: ISLAND. V_pcc: 0.882,0
2026-01-01T20:54:15Z,ISLAND,31.217105263155943,84.74895833333386,Mode: ISLAND. V_pcc: 0.882,0
2026-01-01T20:54:20Z,ISLAND,31.184210526313834,84.74895833333386,Mode: ISLAND. V_pcc: 0.882,0
2026-01-01T20:54:25Z,ISLAND,31.151315789471727,84.74895833333386,Mode: ISLAND. V_pcc: 0.882,0
2026-01-01T20:54:30Z,ISLAND,31.118421052629618,84.74895833333386,Mode: ISLAND. V_pcc: 0.882,0
2026-01-01T20:54:35Z,ISLAND,31.085526315787515,84.74895833333386,Mode: ISLAND. V_pcc: 0.882,0
2026-01-01T20:54:40Z,ISLAND,31.052631578945412,84.74895833333386,Mode: ISLAND. V_pcc: 0.882,0
2026-01-01T20:54:45Z,ISLAND,31.019736842103303,84.74895833333386,Mode: ISLAND. V_pcc: 0.882,0
2026-01-01T20:54:50Z,ISLAND,30.986842105261196,84.74895833333386,Mode: ISLAND. V_pcc: 0.882,0
2026-01-01T20:54:55Z,ISLAND,30.953947368419087,84.74895833333386,Mode: ISLAND. V_pcc: 0.882,0
2026-01-01T20:55:00Z,ISLAND,30.921052631576984,84.74895833333386,Mode: ISLAND. V_pcc: 0.882,0
2026-01-01T20:55:05Z,ISLAND,30.88815789473488,84.74895833333386,Mode: ISLAND. V_pcc: 0.882,0
2026-01-01T20:55:10Z,ISLAND,30.85526315789277,84.74895833333386,Mode: ISLAND. V_pcc: 0.882,0
2026-01-01T20:55:15Z,ISLAND,30.822368421050665,84.74895833333386,Mode: ISLAND. V_pcc: 0.882,0
2026-01-01T20:55:20Z,ISLAND,30.789473684208556,84.74895833333386,Mode: ISLAND. V_pcc: 0.882,0
2026-01-01T20:55:25Z,ISLAND,30.756578947366453,84.74895833333386,Mode: ISLAND. V_pcc: 0.882,0
2026-01-01T20:55:30Z,ISLAND,30.72368421052435,84.74895833333386,Mode: ISLAND. V_pcc: 0.882,0
2026-01-01T20:55:35Z,ISLAND,30.69078947368224,84.74895833333386,Mode: ISLAND. V_pcc: 0.882,0
2026-01-01T20:55:40Z,ISLAND,30.657894736840134,84.74895833333386,Mode: ISLAND. V_pcc: 0.882,0
2026-01-01T20:55:45Z,ISLAND,30.624999999998025,84.74895833333386,Mode: ISLAND. V_pcc: 0.882,0
2026-01-01T20:55:50Z,ISLAND,30.592105263155922,84.74895833333386,Mode: ISLAND. V_pcc: 0.882,0
2026-01-01T20:55:55Z,ISLAND,30.55921052631382,84.74895833333386,Mode: ISLAND. V_pcc: 0.882,0
2026-01-01T20:56:00Z,ISLAND,30.52631578947171,84.74895833333386,Mode: ISLAND. V_pcc: 0.882,0
2026-01-01T20:56:05Z,ISLAND,30.493421052629603,84.74895833333386,Mode: ISLAND. V_pcc: 0.882,0
2026-01-01T20:56:10Z,ISLAND,30.460526315787494,84.74895833333386,Mode: ISLAND. V_pcc: 0.882,0
2026-01-01T20:56:15Z,ISLAND,30.42763157894539,84.74895833333386,Mode: ISLAND. V_pcc: 0.882,0
2026-01-01T20:56:20Z,ISLAND,30.39473684210329,84.74895833333386,Mode: ISLAND. V_pcc: 0.882,0
2026-01-01T20:56:25Z,ISLAND,30.36184210526118,84.74895833333386,Mode: ISLAND. V_pcc: 0.882,0
2026-01-01T20:56:30Z,ISLAND,30.328947368419072,84.74895833333386,Mode: ISLAND. V_pcc: 0.882,0
2026-01-01T20:56:35Z,ISLAND,30.296052631576963,84.74895833333386,Mode: ISLAND. V_pcc: 0.882,0
2026-01-01T20:56:40Z,ISLAND,30.26315789473486,84.74895833333386,Mode: ISLAND. V_pcc: 0.882,0
2026-01-01T20:56:45Z,ISLAND,30.230263157892757,84.74895833333386,Mode: ISLAND. V_pcc: 0.882,0
2026-01-01T20:56:50Z,ISLAND,30.197368421050648,84.74895833333386,Mode: ISLAND. V_pcc: 0.882,0
2026-01-01T20:56:55Z,ISLAND,30.16447368420854,84.74895833333386,Mode: ISLAND. V_pcc: 0.882,0
2026-01-01T20:57:00Z,ISLAND,30.13157894736643,84.74895833333386,Mode: ISLAND. V_pcc: 0.882,0
2026-01-01T20:57:05Z,ISLAND,30.09868421052433,84.74895833333386,Mode: ISLAND. V_pcc: 0.882,0
2026-01-01T20:57:10Z,ISLAND,30.065789473682226,84.74895833333386,Mode: ISLAND. V_pcc: 0.882,0
2026-01-01T20:57:15Z,ISLAND,30.032894736840117,84.74895833333386,Mode: ISLAND. V_pcc: 0.882,0
2026-01-01T20:57:20Z,ISLAND,29.99999999999801,84.74895833333386,Mode: ISLAND. V_pcc: 0.882,0
2026-01-01T20:57:25Z,ISLAND,29.98538011695707,84.74895833333386,Mode: ISLAND. V_pcc: 0.882,0
2026-01-01T20:57:30Z,ISLAND,29.97076023391614,84.74895833333386,Mode: ISLAND. V_pcc: 0.882,0
2026-01-01T20:57:35Z,ISLAND,29.956140350875206,84.74895833333386,Mode: ISLAND. V_pcc: 0.882,0
2026-01-01T20:57:40Z,ISLAND,29.941520467834266,84.74895833333386,Mode: ISLAND. V_pcc: 0.882,0
2026-01-01T20:57:45Z,ISLAND,29.92690058479333,84.74895833333386,Mode: ISLAND. V_pcc: 0.882,0
2026-01-01T20:57:50Z,ISLAND,29.91228070175239,84.74895833333386,Mode: ISLAND. V_pcc: 0.882,0
2026-01-01T20:57:55Z,ISLAND,29.897660818711458,84.74895833333386,Mode: ISLAND. V_pcc: 0.882,0
2026-01-01T20:58:00Z,ISLAND,29.883040935670525,84.74895833333386,Mode: ISLAND. V_pcc: 0.882,0
2026-01-01T20:58:05Z,ISLAND,29.868421052629586,84.74895833333386,Mode: ISLAND. V_pcc: 0.882,0
2026-01-01T20:58:10Z,ISLAND,29.85380116958865,84.74895833333386,Mode: ISLAND. V_pcc: 0.882,0
2026-01-01T20:58:15Z,ISLAND,29.83918128654771,84.74895833333386,Mode: ISLAND. V_pcc: 0.882,0
2026-01-01T20:58:20Z,ISLAND,29.824561403506777,84.74895833333386,Mode: ISLAND. V_pcc: 0.882,0
2026-01-01T20:58:25Z,ISLAND,29.809941520465845,84.74895833333386,Mode: ISLAND. V_pcc: 0.882,0
2026-01-01T20:58:30Z,ISLAND,29.795321637424905,84.74895833333386,Mode: ISLAND. V_pcc: 0.882,0
2026-01-01T20:58:35Z,ISLAND,29.78070175438397,84.74895833333386,Mode: ISLAND. V_pcc: 0.882,0
2026-01-01T20:58:40Z,ISLAND,29.76608187134303,84.74895833333386,Mode: ISLAND. V_pcc: 0.882,0
2026-01-01T20:58:45Z,ISLAND,29.751461988302097,84.74895833333386,Mode: ISLAND. V_pcc: 0.882,0
2026-01-01T20:58:50Z,ISLAND,29.736842105261164,84.74895833333386,Mode: ISLAND. V_pcc: 0.882,0
2026-01-01T20:58:55Z,ISLAND,29.722222222220225,84.74895833333386,Mode: ISLAND. V_pcc: 0.882,0
2026-01-01T20:59:00Z,ISLAND,29.70760233917929,84.74895833333386,Mode: ISLAND. V_pcc: 0.882,0
2026-01-01T20:59:05Z,ISLAND,29.69298245613835,84.74895833333386,Mode: ISLAND. V_pcc: 0.882,0
2026-01-01T20:59:10Z,ISLAND,29.678362573097417,84.74895833333386,Mode: ISLAND. V_pcc: 0.882,0
2026-01-01T20:59:15Z,ISLAND,29.663742690056484,84.74895833333386,Mode: ISLAND. V_pcc: 0.882,0
2026-01-01T20:59:20Z,ISLAND,29.649122807015544,84.74895833333386,Mode: ISLAND. V_pcc: 0.882,0
2026-01-01T20:59:25Z,ISLAND,29.63450292397461,84.74895833333386,Mode: ISLAND. V_pcc: 0.882,0
2026-01-01T20:59:30Z,ISLAND,29.61988304093367,84.74895833333386,Mode: ISLAND. V_pcc: 0.882,0
2026-01-01T20:59:35Z,ISLAND,29.605263157892736,84.74895833333386,Mode: ISLAND. V_pcc: 0.882,0
2026-01-01T20:59:40Z,ISLAND,29.590643274851804,84.74895833333386,Mode: ISLAND. V_pcc: 0.882,0
2026-01-01T20:59:45Z,ISLAND,29.576023391810864,84.74895833333386,Mode: ISLAND. V_pcc: 0.882,0
2026-01-01T20:59:50Z,ISLAND,29.561403508769928,84.74895833333386,Mode: ISLAND. V_pcc: 0.882,0
2026-01-01T20:59:55Z,ISLAND,29.546783625728988,84.74895833333386,Mode: ISLAND. V_pcc: 0.882,0
2026-01-01T21:00:00Z,ISLAND,29.532163742688056,84.24027777777829,Mode: ISLAND. V_pcc: 0.882,0
2026-01-01T21:00:05Z,ISLAND,29.517543859647123,84.24027777777829,Mode: ISLAND. V_pcc: 0.883,0
2026-01-01T21:00:10Z,ISLAND,29.502923976606183,84.24027777777829,Mode: ISLAND. V_pcc: 0.883,0
2026-01-01T21:00:15Z,ISLAND,29.488304093565247,84.24027777777829,Mode: ISLAND. V_pcc: 0.883,0
2026-01-01T21:00:20Z,ISLAND,29.473684210524308,84.24027777777829,Mode: ISLAND. V_pcc: 0.883,0
2026-01-01T21:00:25Z,ISLAND,29.459064327483375,84.24027777777829,Mode: ISLAND. V_pcc: 0.883,0
2026-01-01T21:00:30Z,ISLAND,29.444444444442443,84.24027777777829,Mode: ISLAND. V_pcc: 0.883,0
2026-01-01T21:00:35Z,ISLAND,29.429824561401503,84.24027777777829,Mode: ISLAND. V_pcc: 0.883,0
2026-01-01T21:00:40Z,ISLAND,29.415204678360567,84.24027777777829,Mode: ISLAND. V_pcc: 0.883,0
2026-01-01T21:00:45Z,ISLAND,29.400584795319627,84.24027777777829,Mode: ISLAND. V_pcc: 0.883,0
2026-01-01T21:00:50Z,ISLAND,29.385964912278695,84.24027777777829,Mode: ISLAND. V_pcc: 0.883,0
2026-01-01T21:00:55Z,ISLAND,29.371345029237762,84.24027777777829,Mode: ISLAND. V_pcc: 0.883,0
2026-01-01T21:01:00Z,ISLAND,29.356725146196823,84.24027777777829,Mode: ISLAND. V_pcc: 0.883,0
2026-01-01T21:01:05Z,ISLAND,29.342105263155887,84.24027777777829,Mode: ISLAND. V_pcc: 0.883,0
2026-01-01T21:01:10Z,ISLAND,29.327485380114947,84.24027777777829,Mode: ISLAND. V_pcc: 0.883,0
2026-01-01T21:01:15Z,ISLAND,29.312865497074014,84.24027777777829,Mode: ISLAND. V_pcc: 0.883,0
2026-01-01T21:01:20Z,ISLAND,29.298245614033082,84.24027777777829,Mode: ISLAND. V_pcc: 0.883,0
2026-01-01T21:01:25Z,ISLAND,29.283625730992142,84.24027777777829,Mode: ISLAND. V_pcc: 0.883,0
2026-01-01T21:01:30Z,ISLAND,29.269005847951206,84.24027777777829,Mode: ISLAND. V_pcc: 0.883,0
2026-01-01T21:01:35Z,ISLAND,29.254385964910266,84.24027777777829,Mode: ISLAND. V_pcc: 0.883,0
2026-01-01T21:01:40Z,ISLAND,29.239766081869334,84.24027777777829,Mode: ISLAND. V_pcc: 0.883,0
2026-01-01T21:01:45Z,ISLAND,29.2251461988284,84.24027777777829,Mode: ISLAND. V_pcc: 0.883,0
2026-01-01T21:01:50Z,ISLAND,29.21052631578746,84.24027777777829,Mode: ISLAND. V_pcc: 0.883,0
2026-01-01T21:01:55Z,ISLAND,29.195906432746526,84.24027777777829,Mode: ISLAND. V_pcc: 0.883,0
2026-01-01T21:02:00Z,ISLAND,29.181286549705586,84.24027777777829,Mode: ISLAND. V_pcc: 0.883,0
2026-01-01T21:02:05Z,ISLAND,29.166666666664653,84.24027777777829,Mode: ISLAND. V_pcc: 0.883,0
2026-01-01T21:02:10Z,ISLAND,29.15204678362372,84.24027777777829,Mode: ISLAND. V_pcc: 0.883,0
2026-01-01T21:02:15Z,ISLAND,29.13742690058278,84.24027777777829,Mode: ISLAND. V_pcc: 0.883,0
2026-01-01T21:02:20Z,ISLAND,29.122807017541845,84.24027777777829,Mode: ISLAND. V_pcc: 0.883,0
2026-01-01T21:02:25Z,ISLAND,29.108187134500906,84.24027777777829,Mode: ISLAND. V_pcc: 0.883,0
2026-01-01T21:02:30Z,ISLAND,29.093567251459973,84.24027777777829,Mode: ISLAND. V_pcc: 0.883,0
2026-01-01T21:02:35Z,ISLAND,29.07894736841904,84.24027777777829,Mode: ISLAND. V_pcc: 0.883,0
2026-01-01T21:02:40Z,ISLAND,29.0643274853781,84.24027777777829,Mode: ISLAND. V_pcc: 0.883,0
2026-01-01T21:02:45Z,ISLAND,29.049707602337165,84.24027777777829,Mode: ISLAND. V_pcc: 0.883,0
2026-01-01T21:02:50Z,ISLAND,29.035087719296225,84.24027777777829,Mode: ISLAND. V_pcc: 0.883,0
2026-01-01T21:02:55Z,ISLAND,29.020467836255293,84.24027777777829,Mode: ISLAND. V_pcc: 0.883,0
2026-01-01T21:03:00Z,ISLAND,29.00584795321436,84.24027777777829,Mode: ISLAND. V_pcc: 0.883,0
2026-01-01T21:03:05Z,ISLAND,28.99122807017342,84.24027777777829,Mode: ISLAND. V_pcc: 0.883,0
2026-01-01T21:03:10Z,ISLAND,28.976608187132484,84.24027777777829,Mode: ISLAND. V_pcc: 0.883,0
2026-01-01T21:03:15Z,ISLAND,28.961988304091545,84.24027777777829,Mode: ISLAND. V_pcc: 0.883,0
2026-01-01T21:03:20Z,ISLAND,28.947368421050612,84.24027777777829,Mode: ISLAND. V_pcc: 0.883,0
2026-01-01T21:03:25Z,ISLAND,28.93274853800968,84.24027777777829,Mode: ISLAND. V_pcc: 0.883,0
2026-01-01T21:03:30Z,ISLAND,28.91812865496874,84.24027777777829,Mode: ISLAND. V_pcc: 0.883,0
2026-01-01T21:03:35Z,ISLAND,28.903508771927804,84.24027777777829,Mode: ISLAND. V_pcc: 0.883,0
2026-01-01T21:03:40Z,ISLAND,28.888888888886864,84.24027777777829,Mode: ISLAND. V_pcc: 0.883,0
2026-01-01T21:03:45Z,ISLAND,28.87426900584593,84.24027777777829,Mode: ISLAND. V_pcc: 0.883,0
2026-01-01T21:03:50Z,ISLAND,28.859649122805,84.24027777777829,Mode: ISLAND. V_pcc: 0.883,0
2026-01-01T21:03:55Z,ISLAND,28.84502923976406,84.24027777777829,Mode: ISLAND. V_pcc: 0.883,0
2026-01-01T21:04:00Z,ISLAND,28.830409356723123,84.24027777777829,Mode: ISLAND. V_pcc: 0.883,0
2026-01-01T21:04:05Z,ISLAND,28.815789473682184,84.24027777777829,Mode: ISLAND. V_pcc: 0.883,0
2026-01-01T21:04:10Z,ISLAND,28.80116959064125,84.24027777777829,Mode: ISLAND. V_pcc: 0.883,0
2026-01-01T21:04:15Z,ISLAND,28.78654970760032,84.24027777777829,Mode: ISLAND. V_pcc: 0.883,0
2026-01-01T21:04:20Z,ISLAND,28.77192982455938,84.24027777777829,Mode: ISLAND. V_pcc: 0.883,0
2026-01-01T21:04:25Z,ISLAND,28.757309941518443,84.24027777777829,Mode: ISLAND. V_pcc: 0.883,0
2026-01-01T21:04:30Z,ISLAND,28.742690058477503,84.24027777777829,Mode: ISLAND. V_pcc: 0.883,0
2026-01-01T21:04:35Z,ISLAND,28.72807017543657,84.24027777777829,Mode: ISLAND. V_pcc: 0.883,0
2026-01-01T21:04:40Z,ISLAND,28.71345029239564,84.24027777777829,Mode: ISLAND. V_pcc: 0.883,0
2026-01-01T21:04:45Z,ISLAND,28.6988304093547,84.24027777777829,Mode: ISLAND. V_pcc: 0.883,0
2026-01-01T21:04:50Z,ISLAND,28.684210526313763,84.24027777777829,Mode: ISLAND. V_pcc: 0.883,0
2026-01-01T21:04:55Z,ISLAND,28.669590643272823,84.24027777777829,Mode: ISLAND. V_pcc: 0.883,0
2026-01-01T21:05:00Z,ISLAND,28.65497076023189,84.24027777777829,Mode: ISLAND. V_pcc: 0.883,0
2026-01-01T21:05:05Z,ISLAND,28.640350877190958,84.24027777777829,Mode: ISLAND. V_pcc: 0.883,0
2026-01-01T21:05:10Z,ISLAND,28.625730994150018,84.24027777777829,Mode: ISLAND. V_pcc: 0.883,0
2026-01-01T21:05:15Z,ISLAND,28.611111111109082,84.24027777777829,Mode: ISLAND. V_pcc: 0.883,0
2026-01-01T21:05:20Z,ISLAND,28.596491228068142,84.24027777777829,Mode: ISLAND. V_pcc: 0.883,0
2026-01-01T21:05:25Z,ISLAND,28.58187134502721,84.24027777777829,Mode: ISLAND. V_pcc: 0.883,0
2026-01-01T21:05:30Z,ISLAND,28.567251461986277,84.24027777777829,Mode: ISLAND. V_pcc: 0.883,0
2026-01-01T21:05:35Z,ISLAND,28.552631578945338,84.24027777777829,Mode: ISLAND. V_pcc: 0.883,0
2026-01-01T21:05:40Z,ISLAND,28.5380116959044,84.24027777777829,Mode: ISLAND. V_pcc: 0.883,0
2026-01-01T21:05:45Z,ISLAND,28.523391812863462,84.24027777777829,Mode: ISLAND. V_pcc: 0.883,0
2026-01-01T21:05:50Z,ISLAND,28.50877192982253,84.24027777777829,Mode: ISLAND. V_pcc: 0.883,0
2026-01-01T21:05:55Z,ISLAND,28.494152046781597,84.24027777777829,Mode: ISLAND. V_pcc: 0.883,0
2026-01-01T21:06:00Z,ISLAND,28.479532163740657,84.24027777777829,Mode: ISLAND. V_pcc: 0.883,0
2026-01-01T21:06:05Z,ISLAND,28.46491228069972,84.24027777777829,Mode: ISLAND. V_pcc: 0.884,0
2026-01-01T21:06:10Z,ISLAND,28.45029239765878,84.24027777777829,Mode: ISLAND. V_pcc: 0.884,0
2026-01-01T21:06:15Z,ISLAND,28.43567251461785,84.24027777777829,Mode: ISLAND. V_pcc: 0.884,0
2026-01-01T21:06:20Z,ISLAND,28.421052631576917,84.24027777777829,Mode: ISLAND. V_pcc: 0.884,0
2026-01-01T21:06:25Z,ISLAND,28.406432748535977,84.24027777777829,Mode: ISLAND. V_pcc: 0.884,0
2026-01-01T21:06:30Z,ISLAND,28.39181286549504,84.24027777777829,Mode: ISLAND. V_pcc: 0.884,0
2026-01-01T21:06:35Z,ISLAND,28.3771929824541,84.24027777777829,Mode: ISLAND. V_pcc: 0.884,0
2026-01-01T21:06:40Z,ISLAND,28.36257309941317,84.24027777777829,Mode: ISLAND. V_pcc: 0.884,0
2026-01-01T21:06:45Z,ISLAND,28.347953216372236,84.24027777777829,Mode: ISLAND. V_pcc: 0.884,0
2026-01-01T21:06:50Z,ISLAND,28.333333333331296,84.24027777777829,Mode: ISLAND. V_pcc: 0.884,0
2026-01-01T21:06:55Z,ISLAND,28.31871345029036,84.24027777777829,Mode: ISLAND. V_pcc: 0.884,0
2026-01-01T21:07:00Z,ISLAND,28.30409356724942,84.24027777777829,Mode: ISLAND. V_pcc: 0.884,0
2026-01-01T21:07:05Z,ISLAND,28.289473684208488,84.24027777777829,Mode: ISLAND. V_pcc: 0.884,0
2026-01-01T21:07:10Z,ISLAND,28.274853801167556,84.24027777777829,Mode: ISLAND. V_pcc: 0.884,0
2026-01-01T21:07:15Z,ISLAND,28.260233918126616,84.24027777777829,Mode: ISLAND. V_pcc: 0.884,0
2026-01-01T21:07:20Z,ISLAND,28.24561403508568,84.24027777777829,Mode: ISLAND. V_pcc: 0.884,0
2026-01-01T21:07:25Z,ISLAND,28.23099415204474,84.24027777777829,Mode: ISLAND. V_pcc: 0.884,0
2026-01-01T21:07:30Z,ISLAND,28.216374269003808,84.24027777777829,Mode: ISLAND. V_pcc: 0.884,0
2026-01-01T21:07:35Z,ISLAND,28.201754385962875,84.24027777777829,Mode: ISLAND. V_pcc: 0.884,0
2026-01-01T21:07:40Z,ISLAND,28.187134502921936,84.24027777777829,Mode: ISLAND. V_pcc: 0.884,0
2026-01-01T21:07:45Z,ISLAND,28.172514619881,84.24027777777829,Mode: ISLAND. V_pcc: 0.884,0
2026-01-01T21:07:50Z,ISLAND,28.15789473684006,84.24027777777829,Mode: ISLAND. V_pcc: 0.884,0
2026-01-01T21:07:55Z,ISLAND,28.143274853799127,84.24027777777829,Mode: ISLAND. V_pcc: 0.884,0
2026-01-01T21:08:00Z,ISLAND,28.128654970758195,84.24027777777829,Mode: ISLAND. V_pcc: 0.884,0
2026-01-01T21:08:05Z,ISLAND,28.114035087717255,84.24027777777829,Mode: ISLAND. V_pcc: 0.884,0
2026-01-01T21:08:10Z,ISLAND,28.09941520467632,84.24027777777829,Mode: ISLAND. V_pcc: 0.884,0
2026-01-01T21:08:15Z,ISLAND,28.08479532163538,84.24027777777829,Mode: ISLAND. V_pcc: 0.884,0
2026-01-01T21:08:20Z,ISLAND,28.070175438594447,84.24027777777829,Mode: ISLAND. V_pcc: 0.884,0
2026-01-01T21:08:25Z,ISLAND,28.055555555553514,84.24027777777829,Mode: ISLAND. V_pcc: 0.884,0
2026-01-01T21:08:30Z,ISLAND,28.040935672512575,84.24027777777829,Mode: ISLAND. V_pcc: 0.884,0
2026-01-01T21:08:35Z,ISLAND,28.02631578947164,84.24027777777829,Mode: ISLAND. V_pcc: 0.884,0
2026-01-01T21:08:40Z,ISLAND,28.0116959064307,84.24027777777829,Mode: ISLAND. V_pcc: 0.884,0
2026-01-01T21:08:45Z,ISLAND,27.997076023389766,84.24027777777829,Mode: ISLAND. V_pcc: 0.884,0
2026-01-01T21:08:50Z,ISLAND,27.982456140348834,84.24027777777829,Mode: ISLAND. V_pcc: 0.884,0
2026-01-01T21:08:55Z,ISLAND,27.967836257307894,84.24027777777829,Mode: ISLAND. V_pcc: 0.884,0
2026-01-01T21:09:00Z,ISLAND,27.953216374266958,84.24027777777829,Mode: ISLAND. V_pcc: 0.884,0
2026-01-01T21:09:05Z,ISLAND,27.93859649122602,84.24027777777829,Mode: ISLAND. V_pcc: 0.884,0
2026-01-01T21:09:10Z,ISLAND,27.923976608185086,84.24027777777829,Mode: ISLAND. V_pcc: 0.884,0
2026-01-01T21:09:15Z,ISLAND,27.909356725144153,84.24027777777829,Mode: ISLAND. V_pcc: 0.884,0
2026-01-01T21:09:20Z,ISLAND,27.894736842103214,84.24027777777829,Mode: ISLAND. V_pcc: 0.884,0
2026-01-01T21:09:25Z,ISLAND,27.880116959062278,84.24027777777829,Mode: ISLAND. V_pcc: 0.884,0
2026-01-01T21:09:30Z,ISLAND,27.865497076021338,84.24027777777829,Mode: ISLAND. V_pcc: 0.884,0
2026-01-01T21:09:35Z,ISLAND,27.850877192980406,84.24027777777829,Mode: ISLAND. V_pcc: 0.884,0
2026-01-01T21:09:40Z,ISLAND,27.836257309939473,84.24027777777829,Mode: ISLAND. V_pcc: 0.884,0
2026-01-01T21:09:45Z,ISLAND,27.821637426898533,84.24027777777829,Mode: ISLAND. V_pcc: 0.884,0
2026-01-01T21:09:50Z,ISLAND,27.807017543857597,84.24027777777829,Mode: ISLAND. V_pcc: 0.884,0
2026-01-01T21:09:55Z,ISLAND,27.792397660816658,84.24027777777829,Mode: ISLAND. V_pcc: 0.884,0
2026-01-01T21:10:00Z,ISLAND,27.777777777775725,84.24027777777829,Mode: ISLAND. V_pcc: 0.884,0
2026-01-01T21:10:05Z,ISLAND,27.763157894734793,84.24027777777829,Mode: ISLAND. V_pcc: 0.885,0
2026-01-01T21:10:10Z,ISLAND,27.748538011693853,84.24027777777829,Mode: ISLAND. V_pcc: 0.885,0
2026-01-01T21:10:15Z,ISLAND,27.733918128652917,84.24027777777829,Mode: ISLAND. V_pcc: 0.885,0
2026-01-01T21:10:20Z,ISLAND,27.719298245611977,84.24027777777829,Mode: ISLAND. V_pcc: 0.885,0
2026-01-01T21:10:25Z,ISLAND,27.704678362571045,84.24027777777829,Mode: ISLAND. V_pcc: 0.885,0
2026-01-01T21:10:30Z,ISLAND,27.690058479530112,84.24027777777829,Mode: ISLAND. V_pcc: 0.885,0
2026-01-01T21:10:35Z,ISLAND,27.675438596489172,84.24027777777829,Mode: ISLAND. V_pcc: 0.885,0
2026-01-01T21:10:40Z,ISLAND,27.660818713448236,84.24027777777829,Mode: ISLAND. V_pcc: 0.885,0
2026-01-01T21:10:45Z,ISLAND,27.646198830407297,84.24027777777829,Mode: ISLAND. V_pcc: 0.885,0
2026-01-01T21:10:50Z,ISLAND,27.631578947366364,84.24027777777829,Mode: ISLAND. V_pcc: 0.885,0
2026-01-01T21:10:55Z,ISLAND,27.61695906432543,84.24027777777829,Mode: ISLAND. V_pcc: 0.885,0
2026-01-01T21:11:00Z,ISLAND,27.602339181284492,84.24027777777829,Mode: ISLAND. V_pcc: 0.885,0
2026-01-01T21:11:05Z,ISLAND,27.587719298243556,84.24027777777829,Mode: ISLAND. V_pcc: 0.885,0
2026-01-01T21:11:10Z,ISLAND,27.573099415202616,84.24027777777829,Mode: ISLAND. V_pcc: 0.885,0
2026-01-01T21:11:15Z,ISLAND,27.558479532161684,84.24027777777829,Mode: ISLAND. V_pcc: 0.885,0
2026-01-01T21:11:20Z,ISLAND,27.54385964912075,84.24027777777829,Mode: ISLAND. V_pcc: 0.885,0
2026-01-01T21:11:25Z,ISLAND,27.52923976607981,84.24027777777829,Mode: ISLAND. V_pcc: 0.885,0
2026-01-01T21:11:30Z,ISLAND,27.514619883038876,84.24027777777829,Mode: ISLAND. V_pcc: 0.885,0
2026-01-01T21:11:35Z,ISLAND,27.499999999997936,84.24027777777829,Mode: ISLAND. V_pcc: 0.885,0
2026-01-01T21:11:40Z,ISLAND,27.485380116957003,84.24027777777829,Mode: ISLAND. V_pcc: 0.885,0
2026-01-01T21:11:45Z,ISLAND,27.47076023391607,84.24027777777829,Mode: ISLAND. V_pcc: 0.885,0
2026-01-01T21:11:50Z,ISLAND,27.45614035087513,84.24027777777829,Mode: ISLAND. V_pcc: 0.885,0
2026-01-01T21:11:55Z,ISLAND,27.441520467834195,84.24027777777829,Mode: ISLAND. V_pcc: 0.885,0
2026-01-01T21:12:00Z,ISLAND,27.426900584793255,84.24027777777829,Mode: ISLAND. V_pcc: 0.885,0
2026-01-01T21:12:05Z,ISLAND,27.412280701752323,84.24027777777829,Mode: ISLAND. V_pcc: 0.885,0
2026-01-01T21:12:10Z,ISLAND,27.39766081871139,84.24027777777829,Mode: ISLAND. V_pcc: 0.885,0
2026-01-01T21:12:15Z,ISLAND,27.38304093567045,84.24027777777829,Mode: ISLAND. V_pcc: 0.885,0
2026-01-01T21:12:20Z,ISLAND,27.368421052629515,84.24027777777829,Mode: ISLAND. V_pcc: 0.885,0
2026-01-01T21:12:25Z,ISLAND,27.353801169588575,84.24027777777829,Mode: ISLAND. V_pcc: 0.885,0
2026-01-01T21:12:30Z,ISLAND,27.339181286547642,84.24027777777829,Mode: ISLAND. V_pcc: 0.885,0
2026-01-01T21:12:35Z,ISLAND,27.32456140350671,84.24027777777829,Mode: ISLAND. V_pcc: 0.885,0
2026-01-01T21:12:40Z,ISLAND,27.30994152046577,84.24027777777829,Mode: ISLAND. V_pcc: 0.885,0
2026-01-01T21:12:45Z,ISLAND,27.295321637424834,84.24027777777829,Mode: ISLAND. V_pcc: 0.885,0
2026-01-01T21:12:50Z,ISLAND,27.280701754383895,84.24027777777829,Mode: ISLAND. V_pcc: 0.885,0
2026-01-01T21:12:55Z,ISLAND,27.266081871342962,84.24027777777829,Mode: ISLAND. V_pcc: 0.885,0
2026-01-01T21:13:00Z,ISLAND,27.25146198830203,84.24027777777829,Mode: ISLAND. V_pcc: 0.885,0
2026-01-01T21:13:05Z,ISLAND,27.23684210526109,84.24027777777829,Mode: ISLAND. V_pcc: 0.885,0
2026-01-01T21:13:10Z,ISLAND,27.222222222220154,84.24027777777829,Mode: ISLAND. V_pcc: 0.885,0
2026-01-01T21:13:15Z,ISLAND,27.207602339179214,84.24027777777829,Mode: ISLAND. V_pcc: 0.885,0
2026-01-01T21:13:20Z,ISLAND,27.19298245613828,84.24027777777829,Mode: ISLAND. V_pcc: 0.885,0
2026-01-01T21:13:25Z,ISLAND,27.17836257309735,84.24027777777829,Mode: ISLAND. V_pcc: 0.885,0
2026-01-01T21:13:30Z,ISLAND,27.16374269005641,84.24027777777829,Mode: ISLAND. V_pcc: 0.885,0
2026-01-01T21:13:35Z,ISLAND,27.149122807015473,84.24027777777829,Mode: ISLAND. V_pcc: 0.885,0
2026-01-01T21:13:40Z,ISLAND,27.134502923974534,84.24027777777829,Mode: ISLAND. V_pcc: 0.885,0
2026-01-01T21:13:45Z,ISLAND,27.1198830409336,84.24027777777829,Mode: ISLAND. V_pcc: 0.885,0
2026-01-01T21:13:50Z,ISLAND,27.10526315789267,84.24027777777829,Mode: ISLAND. V_pcc: 0.885,0
2026-01-01T21:13:55Z,ISLAND,27.09064327485173,84.24027777777829,Mode: ISLAND. V_pcc: 0.885,0
2026-01-01T21:14:00Z,ISLAND,27.076023391810793,84.24027777777829,Mode: ISLAND. V_pcc: 0.885,0
2026-01-01T21:14:05Z,ISLAND,27.061403508769853,84.24027777777829,Mode: ISLAND. V_pcc: 0.885,0
2026-01-01T21:14:10Z,ISLAND,27.04678362572892,84.24027777777829,Mode: ISLAND. V_pcc: 0.885,0
2026-01-01T21:14:15Z,ISLAND,27.032163742687988,84.24027777777829,Mode: ISLAND. V_pcc: 0.885,0
2026-01-01T21:14:20Z,ISLAND,27.01754385964705,84.24027777777829,Mode: ISLAND. V_pcc: 0.885,0
2026-01-01T21:14:25Z,ISLAND,27.002923976606112,84.24027777777829,Mode: ISLAND. V_pcc: 0.885,0
2026-01-01T21:14:30Z,ISLAND,26.988304093565173,84.24027777777829,Mode: ISLAND. V_pcc: 0.885,0
2026-01-01T21:14:35Z,ISLAND,26.97368421052424,84.24027777777829,Mode: ISLAND. V_pcc: 0.885,0
2026-01-01T21:14:40Z,ISLAND,26.959064327483308,84.24027777777829,Mode: ISLAND. V_pcc: 0.885,0
2026-01-01T21:14:45Z,ISLAND,26.944444444442368,84.24027777777829,Mode: ISLAND. V_pcc: 0.885,0
2026-01-01T21:14:50Z,ISLAND,26.929824561401432,84.24027777777829,Mode: ISLAND. V_pcc: 0.885,0
2026-01-01T21:14:55Z,ISLAND,26.915204678360492,84.24027777777829,Mode: ISLAND. V_pcc: 0.885,0
2026-01-01T21:15:00Z,ISLAND,26.90058479531956,83.99027777777829,Mode: ISLAND. V_pcc: 0.885,0
2026-01-01T21:15:05Z,ISLAND,26.885964912278627,83.99027777777829,Mode: ISLAND. V_pcc: 0.886,0
2026-01-01T21:15:10Z,ISLAND,26.871345029237688,83.99027777777829,Mode: ISLAND. V_pcc: 0.886,0
2026-01-01T21:15:15Z,ISLAND,26.85672514619675,83.99027777777829,Mode: ISLAND. V_pcc: 0.886,0
2026-01-01T21:15:20Z,ISLAND,26.842105263155812,83.99027777777829,Mode: ISLAND. V_pcc: 0.886,0
2026-01-01T21:15:25Z,ISLAND,26.82748538011488,83.99027777777829,Mode: ISLAND. V_pcc: 0.886,0
2026-01-01T21:15:30Z,ISLAND,26.812865497073947,83.99027777777829,Mode: ISLAND. V_pcc: 0.886,0
2026-01-01T21:15:35Z,ISLAND,26.798245614033007,83.99027777777829,Mode: ISLAND. V_pcc: 0.886,0
2026-01-01T21:15:40Z,ISLAND,26.78362573099207,83.99027777777829,Mode: ISLAND. V_pcc: 0.886,0
2026-01-01T21:15:45Z,ISLAND,26.76900584795113,83.99027777777829,Mode: ISLAND. V_pcc: 0.886,0
2026-01-01T21:15:50Z,ISLAND,26.7543859649102,83.99027777777829,Mode: ISLAND. V_pcc: 0.886,0
2026-01-01T21:15:55Z,ISLAND,26.739766081869266,83.99027777777829,Mode: ISLAND. V_pcc: 0.886,0
2026-01-01T21:16:00Z,ISLAND,26.725146198828327,83.99027777777829,Mode: ISLAND. V_pcc: 0.886,0
2026-01-01T21:16:05Z,ISLAND,26.71052631578739,83.99027777777829,Mode: ISLAND. V_pcc: 0.886,0
2026-01-01T21:16:10Z,ISLAND,26.69590643274645,83.99027777777829,Mode: ISLAND. V_pcc: 0.886,0
2026-01-01T21:16:15Z,ISLAND,26.68128654970552,83.99027777777829,Mode: ISLAND. V_pcc: 0.886,0
2026-01-01T21:16:20Z,ISLAND,26.666666666664586,83.99027777777829,Mode: ISLAND. V_pcc: 0.886,0
2026-01-01T21:16:25Z,ISLAND,26.652046783623646,83.99027777777829,Mode: ISLAND. V_pcc: 0.886,0
2026-01-01T21:16:30Z,ISLAND,26.63742690058271,83.99027777777829,Mode: ISLAND. V_pcc: 0.886,0
2026-01-01T21:16:35Z,ISLAND,26.62280701754177,83.99027777777829,Mode: ISLAND. V_pcc: 0.886,0
2026-01-01T21:16:40Z,ISLAND,26.608187134500838,83.99027777777829,Mode: ISLAND. V_pcc: 0.886,0
2026-01-01T21:16:45Z,ISLAND,26.593567251459906,83.99027777777829,Mode: ISLAND. V_pcc: 0.886,0
2026-01-01T21:16:50Z,ISLAND,26.578947368418966,83.99027777777829,Mode: ISLAND. V_pcc: 0.886,0
2026-01-01T21:16:55Z,ISLAND,26.56432748537803,83.99027777777829,Mode: ISLAND. V_pcc: 0.886,0
2026-01-01T21:17:00Z,ISLAND,26.54970760233709,83.99027777777829,Mode: ISLAND. V_pcc: 0.886,0
2026-01-01T21:17:05Z,ISLAND,26.535087719296158,83.99027777777829,Mode: ISLAND. V_pcc: 0.886,0
2026-01-01T21:17:10Z,ISLAND,26.520467836255225,83.99027777777829,Mode: ISLAND. V_pcc: 0.886,0
2026-01-01T21:17:15Z,ISLAND,26.505847953214285,83.99027777777829,Mode: ISLAND. V_pcc: 0.886,0
2026-01-01T21:17:20Z,ISLAND,26.49122807017335,83.99027777777829,Mode: ISLAND. V_pcc: 0.886,0
2026-01-01T21:17:25Z,ISLAND,26.47660818713241,83.99027777777829,Mode: ISLAND. V_pcc: 0.886,0
2026-01-01T21:17:30Z,ISLAND,26.461988304091477,83.99027777777829,Mode: ISLAND. V_pcc: 0.886,0
2026-01-01T21:17:35Z,ISLAND,26.447368421050545,83.99027777777829,Mode: ISLAND. V_pcc: 0.886,0
2026-01-01T21:17:40Z,ISLAND,26.432748538009605,83.99027777777829,Mode: ISLAND. V_pcc: 0.886,0
2026-01-01T21:17:45Z,ISLAND,26.41812865496867,83.99027777777829,Mode: ISLAND. V_pcc: 0.886,0
2026-01-01T21:17:50Z,ISLAND,26.40350877192773,83.99027777777829,Mode: ISLAND. V_pcc: 0.886,0
2026-01-01T21:17:55Z,ISLAND,26.388888888886797,83.99027777777829,Mode: ISLAND. V_pcc: 0.886,0
2026-01-01T21:18:00Z,ISLAND,26.374269005845864,83.99027777777829,Mode: ISLAND. V_pcc: 0.886,0
2026-01-01T21:18:05Z,ISLAND,26.359649122804925,83.99027777777829,Mode: ISLAND. V_pcc: 0.886,0
2026-01-01T21:18:10Z,ISLAND,26.34502923976399,83.99027777777829,Mode: ISLAND. V_pcc: 0.886,0
2026-01-01T21:18:15Z,ISLAND,26.33040935672305,83.99027777777829,Mode: ISLAND. V_pcc: 0.886,0
2026-01-01T21:18:20Z,ISLAND,26.315789473682116,83.99027777777829,Mode: ISLAND. V_pcc: 0.886,0
2026-01-01T21:18:25Z,ISLAND,26.301169590641184,83.99027777777829,Mode: ISLAND. V_pcc: 0.886,0
2026-01-01T21:18:30Z,ISLAND,26.286549707600244,83.99027777777829,Mode: ISLAND. V_pcc: 0.886,0
2026-01-01T21:18:35Z,ISLAND,26.271929824559308,83.99027777777829,Mode: ISLAND. V_pcc: 0.886,0
2026-01-01T21:18:40Z,ISLAND,26.25730994151837,83.99027777777829,Mode: ISLAND. V_pcc: 0.886,0
2026-01-01T21:18:45Z,ISLAND,26.242690058477436,83.99027777777829,Mode: ISLAND. V_pcc: 0.886,0
2026-01-01T21:18:50Z,ISLAND,26.228070175436503,83.99027777777829,Mode: ISLAND. V_pcc: 0.886,0
2026-01-01T21:18:55Z,ISLAND,26.213450292395564,83.99027777777829,Mode: ISLAND. V_pcc: 0.886,0
2026-01-01T21:19:00Z,ISLAND,26.198830409354628,83.99027777777829,Mode: ISLAND. V_pcc: 0.886,0
2026-01-01T21:19:05Z,ISLAND,26.184210526313688,83.99027777777829,Mode: ISLAND. V_pcc: 0.887,0
2026-01-01T21:19:10Z,ISLAND,26.169590643272755,83.99027777777829,Mode: ISLAND. V_pcc: 0.887,0
2026-01-01T21:19:15Z,ISLAND,26.154970760231823,83.99027777777829,Mode: ISLAND. V_pcc: 0.887,0
2026-01-01T21:19:20Z,ISLAND,26.140350877190883,83.99027777777829,Mode: ISLAND. V_pcc: 0.887,0
2026-01-01T21:19:25Z,ISLAND,26.125730994149947,83.99027777777829,Mode: ISLAND. V_pcc: 0.887,0
2026-01-01T21:19:30Z,ISLAND,26.111111111109008,83.99027777777829,Mode: ISLAND. V_pcc: 0.887,0
2026-01-01T21:19:35Z,ISLAND,26.096491228068075,83.99027777777829,Mode: ISLAND. V_pcc: 0.887,0
2026-01-01T21:19:40Z,ISLAND,26.081871345027142,83.99027777777829,Mode: ISLAND. V_pcc: 0.887,0
2026-01-01T21:19:45Z,ISLAND,26.067251461986203,83.99027777777829,Mode: ISLAND. V_pcc: 0.887,0
2026-01-01T21:19:50Z,ISLAND,26.052631578945267,83.99027777777829,Mode: ISLAND. V_pcc: 0.887,0
2026-01-01T21:19:55Z,ISLAND,26.038011695904327,83.99027777777829,Mode: ISLAND. V_pcc: 0.887,0
2026-01-01T21:20:00Z,ISLAND,26.023391812863395,83.99027777777829,Mode: ISLAND. V_pcc: 0.887,0
2026-01-01T21:20:05Z,ISLAND,26.008771929822462,83.99027777777829,Mode: ISLAND. V_pcc: 0.887,0
2026-01-01T21:20:10Z,ISLAND,25.994152046781522,83.99027777777829,Mode: ISLAND. V_pcc: 0.887,0
2026-01-01T21:20:15Z,ISLAND,25.979532163740586,83.99027777777829,Mode: ISLAND. V_pcc: 0.887,0
2026-01-01T21:20:20Z,ISLAND,25.964912280699647,83.99027777777829,Mode: ISLAND. V_pcc: 0.887,0
2026-01-01T21:20:25Z,ISLAND,25.950292397658714,83.99027777777829,Mode: ISLAND. V_pcc: 0.887,0
2026-01-01T21:20:30Z,ISLAND,25.93567251461778,83.99027777777829,Mode: ISLAND. V_pcc: 0.887,0
2026-01-01T21:20:35Z,ISLAND,25.921052631576842,83.99027777777829,Mode: ISLAND. V_pcc: 0.887,0
2026-01-01T21:20:40Z,ISLAND,25.906432748535906,83.99027777777829,Mode: ISLAND. V_pcc: 0.887,0
2026-01-01T21:20:45Z,ISLAND,25.891812865494966,83.99027777777829,Mode: ISLAND. V_pcc: 0.887,0
2026-01-01T21:20:50Z,ISLAND,25.877192982454034,83.99027777777829,Mode: ISLAND. V_pcc: 0.887,0
2026-01-01T21:20:55Z,ISLAND,25.8625730994131,83.99027777777829,Mode: ISLAND. V_pcc: 0.887,0
2026-01-01T21:21:00Z,ISLAND,25.84795321637216,83.99027777777829,Mode: ISLAND. V_pcc: 0.887,0
2026-01-01T21:21:05Z,ISLAND,25.833333333331225,83.99027777777829,Mode: ISLAND. V_pcc: 0.887,0
2026-01-01T21:21:10Z,ISLAND,25.818713450290286,83.99027777777829,Mode: ISLAND. V_pcc: 0.887,0
2026-01-01T21:21:15Z,ISLAND,25.804093567249353,83.99027777777829,Mode: ISLAND. V_pcc: 0.887,0
2026-01-01T21:21:20Z,ISLAND,25.78947368420842,83.99027777777829,Mode: ISLAND. V_pcc: 0.887,0
2026-01-01T21:21:25Z,ISLAND,25.77485380116748,83.99027777777829,Mode: ISLAND. V_pcc: 0.887,0
2026-01-01T21:21:30Z,ISLAND,25.760233918126545,83.99027777777829,Mode: ISLAND. V_pcc: 0.887,0
2026-01-01T21:21:35Z,ISLAND,25.745614035085605,83.99027777777829,Mode: ISLAND. V_pcc: 0.887,0
2026-01-01T21:21:40Z,ISLAND,25.730994152044673,83.99027777777829,Mode: ISLAND. V_pcc: 0.887,0
2026-01-01T21:21:45Z,ISLAND,25.71637426900374,83.99027777777829,Mode: ISLAND. V_pcc: 0.887,0
2026-01-01T21:21:50Z,ISLAND,25.7017543859628,83.99027777777829,Mode: ISLAND. V_pcc: 0.887,0
2026-01-01T21:21:55Z,ISLAND,25.687134502921865,83.99027777777829,Mode: ISLAND. V_pcc: 0.887,0
2026-01-01T21:22:00Z,ISLAND,25.672514619880925,83.99027777777829,Mode: ISLAND. V_pcc: 0.887,0
2026-01-01T21:22:05Z,ISLAND,25.657894736839992,83.99027777777829,Mode: ISLAND. V_pcc: 0.888,0
2026-01-01T21:22:10Z,ISLAND,25.64327485379906,83.99027777777829,Mode: ISLAND. V_pcc: 0.888,0
2026-01-01T21:22:15Z,ISLAND,25.62865497075812,83.99027777777829,Mode: ISLAND. V_pcc: 0.888,0
2026-01-01T21:22:20Z,ISLAND,25.614035087717184,83.99027777777829,Mode: ISLAND. V_pcc: 0.888,0
2026-01-01T21:22:25Z,ISLAND,25.599415204676244,83.99027777777829,Mode: ISLAND. V_pcc: 0.888,0
2026-01-01T21:22:30Z,ISLAND,25.584795321635312,83.99027777777829,Mode: ISLAND. V_pcc: 0.888,0
2026-01-01T21:22:35Z,ISLAND,25.57017543859438,83.99027777777829,Mode: ISLAND. V_pcc: 0.888,0
2026-01-01T21:22:40Z,ISLAND,25.55555555555344,83.99027777777829,Mode: ISLAND. V_pcc: 0.888,0
2026-01-01T21:22:45Z,ISLAND,25.540935672512504,83.99027777777829,Mode: ISLAND. V_pcc: 0.888,0
2026-01-01T21:22:50Z,ISLAND,25.526315789471564,83.99027777777829,Mode: ISLAND. V_pcc: 0.888,0
2026-01-01T21:22:55Z,ISLAND,25.51169590643063,83.99027777777829,Mode: ISLAND. V_pcc: 0.888,0
2026-01-01T21:23:00Z,ISLAND,25.4970760233897,83.99027777777829,Mode: ISLAND. V_pcc: 0.888,0
2026-01-01T21:23:05Z,ISLAND,25.48245614034876,83.99027777777829,Mode: ISLAND. V_pcc: 0.888,0
2026-01-01T21:23:10Z,ISLAND,25.467836257307823,83.99027777777829,Mode: ISLAND. V_pcc: 0.888,0
2026-01-01T21:23:15Z,ISLAND,25.453216374266884,83.99027777777829,Mode: ISLAND. V_pcc: 0.888,0
2026-01-01T21:23:20Z,ISLAND,25.43859649122595,83.99027777777829,Mode: ISLAND. V_pcc: 0.888,0
2026-01-01T21:23:25Z,ISLAND,25.42397660818502,83.99027777777829,Mode: ISLAND. V_pcc: 0.888,0
2026-01-01T21:23:30Z,ISLAND,25.40935672514408,83.99027777777829,Mode: ISLAND. V_pcc: 0.888,0
2026-01-01T21:23:35Z,ISLAND,25.394736842103143,83.99027777777829,Mode: ISLAND. V_pcc: 0.888,0
2026-01-01T21:23:40Z,ISLAND,25.380116959062203,83.99027777777829,Mode: ISLAND. V_pcc: 0.888,0
2026-01-01T21:23:45Z,ISLAND,25.36549707602127,83.99027777777829,Mode: ISLAND. V_pcc: 0.888,0
2026-01-01T21:23:50Z,ISLAND,25.350877192980338,83.99027777777829,Mode: ISLAND. V_pcc: 0.888,0
2026-01-01T21:23:55Z,ISLAND,25.3362573099394,83.99027777777829,Mode: ISLAND. V_pcc: 0.888,0
2026-01-01T21:24:00Z,ISLAND,25.321637426898462,83.99027777777829,Mode: ISLAND. V_pcc: 0.888,0
2026-01-01T21:24:05Z,ISLAND,25.307017543857523,83.99027777777829,Mode: ISLAND. V_pcc: 0.888,0
2026-01-01T21:24:10Z,ISLAND,25.29239766081659,83.99027777777829,Mode: ISLAND. V_pcc: 0.888,0
2026-01-01T21:24:15Z,ISLAND,25.277777777775658,83.99027777777829,Mode: ISLAND. V_pcc: 0.888,0
2026-01-01T21:24:20Z,ISLAND,25.263157894734718,83.99027777777829,Mode: ISLAND. V_pcc: 0.888,0
2026-01-01T21:24:25Z,ISLAND,25.248538011693782,83.99027777777829,Mode: ISLAND. V_pcc: 0.888,0
2026-01-01T21:24:30Z,ISLAND,25.233918128652842,83.99027777777829,Mode: ISLAND. V_pcc: 0.888,0
2026-01-01T21:24:35Z,ISLAND,25.21929824561191,83.99027777777829,Mode: ISLAND. V_pcc: 0.888,0
2026-01-01T21:24:40Z,ISLAND,25.204678362570977,83.99027777777829,Mode: ISLAND. V_pcc: 0.888,0
2026-01-01T21:24:45Z,ISLAND,25.190058479530038,83.99027777777829,Mode: ISLAND. V_pcc: 0.888,0
2026-01-01T21:24:50Z,ISLAND,25.1754385964891,83.99027777777829,Mode: ISLAND. V_pcc: 0.888,0
2026-01-01T21:24:55Z,ISLAND,25.160818713448162,83.99027777777829,Mode: ISLAND. V_pcc: 0.888,0
2026-01-01T21:25:00Z,ISLAND,25.14619883040723,83.99027777777829,Mode: ISLAND. V_pcc: 0.888,0
2026-01-01T21:25:05Z,ISLAND,25.131578947366297,83.99027777777829,Mode: ISLAND. V_pcc: 0.888,0
2026-01-01T21:25:10Z,ISLAND,25.116959064325357,83.99027777777829,Mode: ISLAND. V_pcc: 0.888,0
2026-01-01T21:25:15Z,ISLAND,25.10233918128442,83.99027777777829,Mode: ISLAND. V_pcc: 0.888,0
2026-01-01T21:25:20Z,ISLAND,25.08771929824348,83.99027777777829,Mode: ISLAND. V_pcc: 0.888,0
2026-01-01T21:25:25Z,ISLAND,25.07309941520255,83.99027777777829,Mode: ISLAND. V_pcc: 0.888,0
2026-01-01T21:25:30Z,ISLAND,25.058479532161616,83.99027777777829,Mode: ISLAND. V_pcc: 0.888,0
2026-01-01T21:25:35Z,ISLAND,25.043859649120677,83.99027777777829,Mode: ISLAND. V_pcc: 0.888,0
2026-01-01T21:25:40Z,ISLAND,25.02923976607974,83.99027777777829,Mode: ISLAND. V_pcc: 0.888,0
2026-01-01T21:25:45Z,ISLAND,25.0146198830388,83.99027777777829,Mode: ISLAND. V_pcc: 0.888,0
2026-01-01T21:25:50Z,ISLAND,24.99999999999787,83.99027777777829,Mode: ISLAND. V_pcc: 0.888,0
2026-01-01T21:25:55Z,ISLAND,24.985380116956932,83.99027777777829,Mode: ISLAND. V_pcc: 0.888,0
2026-01-01T21:26:00Z,ISLAND,24.970760233915996,83.99027777777829,Mode: ISLAND. V_pcc: 0.888,0
2026-01-01T21:26:05Z,ISLAND,24.95614035087506,83.99027777777829,Mode: ISLAND. V_pcc: 0.889,0
2026-01-01T21:26:10Z,ISLAND,24.941520467834124,83.99027777777829,Mode: ISLAND. V_pcc: 0.889,0
2026-01-01T21:26:15Z,ISLAND,24.926900584793188,83.99027777777829,Mode: ISLAND. V_pcc: 0.889,0
2026-01-01T21:26:20Z,ISLAND,24.912280701752252,83.99027777777829,Mode: ISLAND. V_pcc: 0.889,0
2026-01-01T21:26:25Z,ISLAND,24.897660818711316,83.99027777777829,Mode: ISLAND. V_pcc: 0.889,0
2026-01-01T21:26:30Z,ISLAND,24.88304093567038,83.99027777777829,Mode: ISLAND. V_pcc: 0.889,0
2026-01-01T21:26:35Z,ISLAND,24.868421052629444,83.99027777777829,Mode: ISLAND. V_pcc: 0.889,0
2026-01-01T21:26:40Z,ISLAND,24.853801169588507,83.99027777777829,Mode: ISLAND. V_pcc: 0.889,0
2026-01-01T21:26:45Z,ISLAND,24.83918128654757,83.99027777777829,Mode: ISLAND. V_pcc: 0.889,0
2026-01-01T21:26:50Z,ISLAND,24.824561403506635,83.99027777777829,Mode: ISLAND. V_pcc: 0.889,0
2026-01-01T21:26:55Z,ISLAND,24.8099415204657,83.99027777777829,Mode: ISLAND. V_pcc: 0.889,0
2026-01-01T21:27:00Z,ISLAND,24.795321637424763,83.99027777777829,Mode: ISLAND. V_pcc: 0.889,0
2026-01-01T21:27:05Z,ISLAND,24.780701754383827,83.99027777777829,Mode: ISLAND. V_pcc: 0.889,0
2026-01-01T21:27:10Z,ISLAND,24.76608187134289,83.99027777777829,Mode: ISLAND. V_pcc: 0.889,0
2026-01-01T21:27:15Z,ISLAND,24.751461988301955,83.99027777777829,Mode: ISLAND. V_pcc: 0.889,0
2026-01-01T21:27:20Z,ISLAND,24.73684210526102,83.99027777777829,Mode: ISLAND. V_pcc: 0.889,0
2026-01-01T21:27:25Z,ISLAND,24.722222222220083,83.99027777777829,Mode: ISLAND. V_pcc: 0.889,0
2026-01-01T21:27:30Z,ISLAND,24.707602339179147,83.99027777777829,Mode: ISLAND. V_pcc: 0.889,0
2026-01-01T21:27:35Z,ISLAND,24.69298245613821,83.99027777777829,Mode: ISLAND. V_pcc: 0.889,0
2026-01-01T21:27:40Z,ISLAND,24.678362573097274,83.99027777777829,Mode: ISLAND. V_pcc: 0.889,0
2026-01-01T21:27:45Z,ISLAND,24.66374269005634,83.99027777777829,Mode: ISLAND. V_pcc: 0.889,0
2026-01-01T21:27:50Z,ISLAND,24.649122807015402,83.99027777777829,Mode: ISLAND. V_pcc: 0.889,0
2026-01-01T21:27:55Z,ISLAND,24.634502923974466,83.99027777777829,Mode: ISLAND. V_pcc: 0.889,0
2026-01-01T21:28:00Z,ISLAND,24.61988304093353,83.99027777777829,Mode: ISLAND. V_pcc: 0.889,0
2026-01-01T21:28:05Z,ISLAND,24.605263157892594,83.99027777777829,Mode: ISLAND. V_pcc: 0.889,0
2026-01-01T21:28:10Z,ISLAND,24.590643274851658,83.99027777777829,Mode: ISLAND. V_pcc: 0.889,0
2026-01-01T21:28:15Z,ISLAND,24.576023391810722,83.99027777777829,Mode: ISLAND. V_pcc: 0.889,0
2026-01-01T21:28:20Z,ISLAND,24.561403508769786,83.99027777777829,Mode: ISLAND. V_pcc: 0.889,0
2026-01-01T21:28:25Z,ISLAND,24.54678362572885,83.99027777777829,Mode: ISLAND. V_pcc: 0.889,0
2026-01-01T21:28:30Z,ISLAND,24.532163742687914,83.99027777777829,Mode: ISLAND. V_pcc: 0.889,0
2026-01-01T21:28:35Z,ISLAND,24.517543859646977,83.99027777777829,Mode: ISLAND. V_pcc: 0.889,0
2026-01-01T21:28:40Z,ISLAND,24.50292397660604,83.99027777777829,Mode: ISLAND. V_pcc: 0.889,0
2026-01-01T21:28:45Z,ISLAND,24.488304093565105,83.99027777777829,Mode: ISLAND. V_pcc: 0.889,0
2026-01-01T21:28:50Z,ISLAND,24.47368421052417,83.99027777777829,Mode: ISLAND. V_pcc: 0.889,0
2026-01-01T21:28:55Z,ISLAND,24.459064327483233,83.99027777777829,Mode: ISLAND. V_pcc: 0.889,0
2026-01-01T21:29:00Z,ISLAND,24.444444444442297,83.99027777777829,Mode: ISLAND. V_pcc: 0.889,0
2026-01-01T21:29:05Z,ISLAND,24.42982456140136,83.99027777777829,Mode: ISLAND. V_pcc: 0.890,0
2026-01-01T21:29:10Z,ISLAND,24.415204678360425,83.99027777777829,Mode: ISLAND. V_pcc: 0.890,0
2026-01-01T21:29:15Z,ISLAND,24.40058479531949,83.99027777777829,Mode: ISLAND. V_pcc: 0.890,0
2026-01-01T21:29:20Z,ISLAND,24.385964912278553,83.99027777777829,Mode: ISLAND. V_pcc: 0.890,0
2026-01-01T21:29:25Z,ISLAND,24.371345029237617,83.99027777777829,Mode: ISLAND. V_pcc: 0.890,0
2026-01-01T21:29:30Z,ISLAND,24.35672514619668,83.99027777777829,Mode: ISLAND. V_pcc: 0.890,0
2026-01-01T21:29:35Z,ISLAND,24.342105263155744,83.99027777777829,Mode: ISLAND. V_pcc: 0.890,0
2026-01-01T21:29:40Z,ISLAND,24.32748538011481,83.99027777777829,Mode: ISLAND. V_pcc: 0.890,0
2026-01-01T21:29:45Z,ISLAND,24.312865497073872,83.99027777777829,Mode: ISLAND. V_pcc: 0.890,0
2026-01-01T21:29:50Z,ISLAND,24.298245614032936,83.99027777777829,Mode: ISLAND. V_pcc: 0.890,0
2026-01-01T21:29:55Z,ISLAND,24.283625730992,83.99027777777829,Mode: ISLAND. V_pcc: 0.890,0
2026-01-01T21:30:00Z,ISLAND,24.269005847951064,83.74027777777827,Mode: ISLAND. V_pcc: 0.890,0
2026-01-01T21:30:05Z,ISLAND,24.254385964910128,83.74027777777827,Mode: ISLAND. V_pcc: 0.890,0
2026-01-01T21:30:10Z,ISLAND,24.239766081869192,83.74027777777827,Mode: ISLAND. V_pcc: 0.890,0
2026-01-01T21:30:15Z,ISLAND,24.225146198828256,83.74027777777827,Mode: ISLAND. V_pcc: 0.890,0
2026-01-01T21:30:20Z,ISLAND,24.21052631578732,83.74027777777827,Mode: ISLAND. V_pcc: 0.890,0
2026-01-01T21:30:25Z,ISLAND,24.195906432746384,83.74027777777827,Mode: ISLAND. V_pcc: 0.890,0
2026-01-01T21:30:30Z,ISLAND,24.181286549705447,83.74027777777827,Mode: ISLAND. V_pcc: 0.890,0
2026-01-01T21:30:35Z,ISLAND,24.16666666666451,83.74027777777827,Mode: ISLAND. V_pcc: 0.890,0
2026-01-01T21:30:40Z,ISLAND,24.152046783623575,83.74027777777827,Mode: ISLAND. V_pcc: 0.890,0
2026-01-01T21:30:45Z,ISLAND,24.13742690058264,83.74027777777827,Mode: ISLAND. V_pcc: 0.890,0
2026-01-01T21:30:50Z,ISLAND,24.122807017541703,83.74027777777827,Mode: ISLAND. V_pcc: 0.890,0
2026-01-01T21:30:55Z,ISLAND,24.108187134500767,83.74027777777827,Mode: ISLAND. V_pcc: 0.890,0
2026-01-01T21:31:00Z,ISLAND,24.09356725145983,83.74027777777827,Mode: ISLAND. V_pcc: 0.890,0
2026-01-01T21:31:05Z,ISLAND,24.078947368418895,83.74027777777827,Mode: ISLAND. V_pcc: 0.890,0
2026-01-01T21:31:10Z,ISLAND,24.06432748537796,83.74027777777827,Mode: ISLAND. V_pcc: 0.890,0
2026-01-01T21:31:15Z,ISLAND,24.049707602337023,83.74027777777827,Mode: ISLAND. V_pcc: 0.890,0
2026-01-01T21:31:20Z,ISLAND,24.035087719296087,83.74027777777827,Mode: ISLAND. V_pcc: 0.890,0
2026-01-01T21:31:25Z,ISLAND,24.02046783625515,83.74027777777827,Mode: ISLAND. V_pcc: 0.890,0
2026-01-01T21:31:30Z,ISLAND,24.005847953214214,83.74027777777827,Mode: ISLAND. V_pcc: 0.890,0
2026-01-01T21:31:35Z,ISLAND,23.99122807017328,83.74027777777827,Mode: ISLAND. V_pcc: 0.890,0
2026-01-01T21:31:40Z,ISLAND,23.976608187132342,83.74027777777827,Mode: ISLAND. V_pcc: 0.890,0
2026-01-01T21:31:45Z,ISLAND,23.961988304091406,83.74027777777827,Mode: ISLAND. V_pcc: 0.890,0
2026-01-01T21:31:50Z,ISLAND,23.94736842105047,83.74027777777827,Mode: ISLAND. V_pcc: 0.890,0
2026-01-01T21:31:55Z,ISLAND,23.932748538009534,83.74027777777827,Mode: ISLAND. V_pcc: 0.890,0
2026-01-01T21:32:00Z,ISLAND,23.918128654968598,83.74027777777827,Mode: ISLAND. V_pcc: 0.890,0
2026-01-01T21:32:05Z,ISLAND,23.90350877192766,83.74027777777827,Mode: ISLAND. V_pcc: 0.890,0
2026-01-01T21:32:10Z,ISLAND,23.888888888886726,83.74027777777827,Mode: ISLAND. V_pcc: 0.890,0
2026-01-01T21:32:15Z,ISLAND,23.87426900584579,83.74027777777827,Mode: ISLAND. V_pcc: 0.890,0
2026-01-01T21:32:20Z,ISLAND,23.859649122804854,83.74027777777827,Mode: ISLAND. V_pcc: 0.890,0
2026-01-01T21:32:25Z,ISLAND,23.845029239763917,83.74027777777827,Mode: ISLAND. V_pcc: 0.890,0
2026-01-01T21:32:30Z,ISLAND,23.83040935672298,83.74027777777827,Mode: ISLAND. V_pcc: 0.890,0
2026-01-01T21:32:35Z,ISLAND,23.815789473682045,83.74027777777827,Mode: ISLAND. V_pcc: 0.890,0
2026-01-01T21:32:40Z,ISLAND,23.80116959064111,83.74027777777827,Mode: ISLAND. V_pcc: 0.890,0
2026-01-01T21:32:45Z,ISLAND,23.786549707600173,83.74027777777827,Mode: ISLAND. V_pcc: 0.890,0
2026-01-01T21:32:50Z,ISLAND,23.771929824559237,83.74027777777827,Mode: ISLAND. V_pcc: 0.890,0
2026-01-01T21:32:55Z,ISLAND,23.7573099415183,83.74027777777827,Mode: ISLAND. V_pcc: 0.890,0
2026-01-01T21:33:00Z,ISLAND,23.742690058477365,83.74027777777827,Mode: ISLAND. V_pcc: 0.890,0
2026-01-01T21:33:05Z,ISLAND,23.72807017543643,83.74027777777827,Mode: ISLAND. V_pcc: 0.891,0
2026-01-01T21:33:10Z,ISLAND,23.713450292395493,83.74027777777827,Mode: ISLAND. V_pcc: 0.891,0
2026-01-01T21:33:15Z,ISLAND,23.698830409354557,83.74027777777827,Mode: ISLAND. V_pcc: 0.891,0
2026-01-01T21:33:20Z,ISLAND,23.68421052631362,83.74027777777827,Mode: ISLAND. V_pcc: 0.891,0
2026-01-01T21:33:25Z,ISLAND,23.669590643272684,83.74027777777827,Mode: ISLAND. V_pcc: 0.891,0
2026-01-01T21:33:30Z,ISLAND,23.65497076023175,83.74027777777827,Mode: ISLAND. V_pcc: 0.891,0
2026-01-01T21:33:35Z,ISLAND,23.640350877190812,83.74027777777827,Mode: ISLAND. V_pcc: 0.891,0
2026-01-01T21:33:40Z,ISLAND,23.625730994149876,83.74027777777827,Mode: ISLAND. V_pcc: 0.891,0
2026-01-01T21:33:45Z,ISLAND,23.61111111110894,83.74027777777827,Mode: ISLAND. V_pcc: 0.891,0
2026-01-01T21:33:50Z,ISLAND,23.596491228068004,83.74027777777827,Mode: ISLAND. V_pcc: 0.891,0
2026-01-01T21:33:55Z,ISLAND,23.581871345027068,83.74027777777827,Mode: ISLAND. V_pcc: 0.891,0
2026-01-01T21:34:00Z,ISLAND,23.56725146198613,83.74027777777827,Mode: ISLAND. V_pcc: 0.891,0
2026-01-01T21:34:05Z,ISLAND,23.552631578945196,83.74027777777827,Mode: ISLAND. V_pcc: 0.891,0
2026-01-01T21:34:10Z,ISLAND,23.53801169590426,83.74027777777827,Mode: ISLAND. V_pcc: 0.891,0
2026-01-01T21:34:15Z,ISLAND,23.523391812863323,83.74027777777827,Mode: ISLAND. V_pcc: 0.891,0
2026-01-01T21:34:20Z,ISLAND,23.508771929822387,83.74027777777827,Mode: ISLAND. V_pcc: 0.891,0
2026-01-01T21:34:25Z,ISLAND,23.49415204678145,83.74027777777827,Mode: ISLAND. V_pcc: 0.891,0
2026-01-01T21:34:30Z,ISLAND,23.479532163740515,83.74027777777827,Mode: ISLAND. V_pcc: 0.891,0
2026-01-01T21:34:35Z,ISLAND,23.46491228069958,83.74027777777827,Mode: ISLAND. V_pcc: 0.891,0
2026-01-01T21:34:40Z,ISLAND,23.450292397658643,83.74027777777827,Mode: ISLAND. V_pcc: 0.891,0
2026-01-01T21:34:45Z,ISLAND,23.435672514617707,83.74027777777827,Mode: ISLAND. V_pcc: 0.891,0
2026-01-01T21:34:50Z,ISLAND,23.42105263157677,83.74027777777827,Mode: ISLAND. V_pcc: 0.891,0
2026-01-01T21:34:55Z,ISLAND,23.406432748535835,83.74027777777827,Mode: ISLAND. V_pcc: 0.891,0
2026-01-01T21:35:00Z,ISLAND,23.3918128654949,83.74027777777827,Mode: ISLAND. V_pcc: 0.891,0
2026-01-01T21:35:05Z,ISLAND,23.377192982453963,83.74027777777827,Mode: ISLAND. V_pcc: 0.891,0
2026-01-01T21:35:10Z,ISLAND,23.362573099413027,83.74027777777827,Mode: ISLAND. V_pcc: 0.891,0
2026-01-01T21:35:15Z,ISLAND,23.34795321637209,83.74027777777827,Mode: ISLAND. V_pcc: 0.891,0
2026-01-01T21:35:20Z,ISLAND,23.333333333331154,83.74027777777827,Mode: ISLAND. V_pcc: 0.891,0
2026-01-01T21:35:25Z,ISLAND,23.31871345029022,83.74027777777827,Mode: ISLAND. V_pcc: 0.891,0
2026-01-01T21:35:30Z,ISLAND,23.304093567249282,83.74027777777827,Mode: ISLAND. V_pcc: 0.891,0
2026-01-01T21:35:35Z,ISLAND,23.289473684208346,83.74027777777827,Mode: ISLAND. V_pcc: 0.891,0
2026-01-01T21:35:40Z,ISLAND,23.27485380116741,83.74027777777827,Mode: ISLAND. V_pcc: 0.891,0
2026-01-01T21:35:45Z,ISLAND,23.260233918126474,83.74027777777827,Mode: ISLAND. V_pcc: 0.891,0
2026-01-01T21:35:50Z,ISLAND,23.245614035085538,83.74027777777827,Mode: ISLAND. V_pcc: 0.891,0
2026-01-01T21:35:55Z,ISLAND,23.2309941520446,83.74027777777827,Mode: ISLAND. V_pcc: 0.891,0
2026-01-01T21:36:00Z,ISLAND,23.216374269003666,83.74027777777827,Mode: ISLAND. V_pcc: 0.891,0
2026-01-01T21:36:05Z,ISLAND,23.20175438596273,83.74027777777827,Mode: ISLAND. V_pcc: 0.892,0
2026-01-01T21:36:10Z,ISLAND,23.187134502921793,83.74027777777827,Mode: ISLAND. V_pcc: 0.892,0
2026-01-01T21:36:15Z,ISLAND,23.172514619880857,83.74027777777827,Mode: ISLAND. V_pcc: 0.892,0
2026-01-01T21:36:20Z,ISLAND,23.15789473683992,83.74027777777827,Mode: ISLAND. V_pcc: 0.892,0
2026-01-01T21:36:25Z,ISLAND,23.143274853798985,83.74027777777827,Mode: ISLAND. V_pcc: 0.892,0
2026-01-01T21:36:30Z,ISLAND,23.12865497075805,83.74027777777827,Mode: ISLAND. V_pcc: 0.892,0
2026-01-01T21:36:35Z,ISLAND,23.114035087717113,83.74027777777827,Mode: ISLAND. V_pcc: 0.892,0
2026-01-01T21:36:40Z,ISLAND,23.099415204676177,83.74027777777827,Mode: ISLAND. V_pcc: 0.892,0
2026-01-01T21:36:45Z,ISLAND,23.08479532163524,83.74027777777827,Mode: ISLAND. V_pcc: 0.892,0
2026-01-01T21:36:50Z,ISLAND,23.070175438594305,83.74027777777827,Mode: ISLAND. V_pcc: 0.892,0
2026-01-01T21:36:55Z,ISLAND,23.05555555555337,83.74027777777827,Mode: ISLAND. V_pcc: 0.892,0
2026-01-01T21:37:00Z,ISLAND,23.040935672512433,83.74027777777827,Mode: ISLAND. V_pcc: 0.892,0
2026-01-01T21:37:05Z,ISLAND,23.026315789471496,83.74027777777827,Mode: ISLAND. V_pcc: 0.892,0
2026-01-01T21:37:10Z,ISLAND,23.01169590643056,83.74027777777827,Mode: ISLAND. V_pcc: 0.892,0
2026-01-01T21:37:15Z,ISLAND,22.997076023389624,83.74027777777827,Mode: ISLAND. V_pcc: 0.892,0
2026-01-01T21:37:20Z,ISLAND,22.982456140348688,83.74027777777827,Mode: ISLAND. V_pcc: 0.892,0
2026-01-01T21:37:25Z,ISLAND,22.967836257307752,83.74027777777827,Mode: ISLAND. V_pcc: 0.892,0
2026-01-01T21:37:30Z,ISLAND,22.953216374266816,83.74027777777827,Mode: ISLAND. V_pcc: 0.892,0
2026-01-01T21:37:35Z,ISLAND,22.93859649122588,83.74027777777827,Mode: ISLAND. V_pcc: 0.892,0
2026-01-01T21:37:40Z,ISLAND,22.923976608184944,83.74027777777827,Mode: ISLAND. V_pcc: 0.892,0
2026-01-01T21:37:45Z,ISLAND,22.909356725144008,83.74027777777827,Mode: ISLAND. V_pcc: 0.892,0
2026-01-01T21:37:50Z,ISLAND,22.89473684210307,83.74027777777827,Mode: ISLAND. V_pcc: 0.892,0
2026-01-01T21:37:55Z,ISLAND,22.880116959062136,83.74027777777827,Mode: ISLAND. V_pcc: 0.892,0
2026-01-01T21:38:00Z,ISLAND,22.8654970760212,83.74027777777827,Mode: ISLAND. V_pcc: 0.892,0
2026-01-01T21:38:05Z,ISLAND,22.850877192980263,83.74027777777827,Mode: ISLAND. V_pcc: 0.892,0
2026-01-01T21:38:10Z,ISLAND,22.836257309939327,83.74027777777827,Mode: ISLAND. V_pcc: 0.892,0
2026-01-01T21:38:15Z,ISLAND,22.82163742689839,83.74027777777827,Mode: ISLAND. V_pcc: 0.892,0
2026-01-01T21:38:20Z,ISLAND,22.807017543857455,83.74027777777827,Mode: ISLAND. V_pcc: 0.892,0
2026-01-01T21:38:25Z,ISLAND,22.79239766081652,83.74027777777827,Mode: ISLAND. V_pcc: 0.892,0
2026-01-01T21:38:30Z,ISLAND,22.777777777775583,83.74027777777827,Mode: ISLAND. V_pcc: 0.892,0
2026-01-01T21:38:35Z,ISLAND,22.763157894734647,83.74027777777827,Mode: ISLAND. V_pcc: 0.892,0
2026-01-01T21:38:40Z,ISLAND,22.74853801169371,83.74027777777827,Mode: ISLAND. V_pcc: 0.892,0
2026-01-01T21:38:45Z,ISLAND,22.733918128652775,83.74027777777827,Mode: ISLAND. V_pcc: 0.892,0
2026-01-01T21:38:50Z,ISLAND,22.71929824561184,83.74027777777827,Mode: ISLAND. V_pcc: 0.892,0
2026-01-01T21:38:55Z,ISLAND,22.704678362570903,83.74027777777827,Mode: ISLAND. V_pcc: 0.892,0
2026-01-01T21:39:00Z,ISLAND,22.690058479529966,83.74027777777827,Mode: ISLAND. V_pcc: 0.892,0
2026-01-01T21:39:05Z,ISLAND,22.67543859648903,83.74027777777827,Mode: ISLAND. V_pcc: 0.893,0
2026-01-01T21:39:10Z,ISLAND,22.660818713448094,83.74027777777827,Mode: ISLAND. V_pcc: 0.893,0
2026-01-01T21:39:15Z,ISLAND,22.646198830407158,83.74027777777827,Mode: ISLAND. V_pcc: 0.893,0
2026-01-01T21:39:20Z,ISLAND,22.631578947366222,83.74027777777827,Mode: ISLAND. V_pcc: 0.893,0
2026-01-01T21:39:25Z,ISLAND,22.616959064325286,83.74027777777827,Mode: ISLAND. V_pcc: 0.893,0
2026-01-01T21:39:30Z,ISLAND,22.60233918128435,83.74027777777827,Mode: ISLAND. V_pcc: 0.893,0
2026-01-01T21:39:35Z,ISLAND,22.587719298243414,83.74027777777827,Mode: ISLAND. V_pcc: 0.893,0
2026-01-01T21:39:40Z,ISLAND,22.573099415202478,83.74027777777827,Mode: ISLAND. V_pcc: 0.893,0
2026-01-01T21:39:45Z,ISLAND,22.55847953216154,83.74027777777827,Mode: ISLAND. V_pcc: 0.893,0
2026-01-01T21:39:50Z,ISLAND,22.543859649120606,83.74027777777827,Mode: ISLAND. V_pcc: 0.893,0
2026-01-01T21:39:55Z,ISLAND,22.52923976607967,83.74027777777827,Mode: ISLAND. V_pcc: 0.893,0
2026-01-01T21:40:00Z,ISLAND,22.514619883038733,83.74027777777827,Mode: ISLAND. V_pcc: 0.893,0
2026-01-01T21:40:05Z,ISLAND,22.499999999997797,83.74027777777827,Mode: ISLAND. V_pcc: 0.893,0
2026-01-01T21:40:10Z,ISLAND,22.48538011695686,83.74027777777827,Mode: ISLAND. V_pcc: 0.893,0
2026-01-01T21:40:15Z,ISLAND,22.470760233915925,83.74027777777827,Mode: ISLAND. V_pcc: 0.893,0
2026-01-01T21:40:20Z,ISLAND,22.45614035087499,83.74027777777827,Mode: ISLAND. V_pcc: 0.893,0
2026-01-01T21:40:25Z,ISLAND,22.441520467834053,83.74027777777827,Mode: ISLAND. V_pcc: 0.893,0
2026-01-01T21:40:30Z,ISLAND,22.426900584793117,83.74027777777827,Mode: ISLAND. V_pcc: 0.893,0
2026-01-01T21:40:35Z,ISLAND,22.41228070175218,83.74027777777827,Mode: ISLAND. V_pcc: 0.893,0
2026-01-01T21:40:40Z,ISLAND,22.397660818711245,83.74027777777827,Mode: ISLAND. V_pcc: 0.893,0
2026-01-01T21:40:45Z,ISLAND,22.38304093567031,83.74027777777827,Mode: ISLAND. V_pcc: 0.893,0
2026-01-01T21:40:50Z,ISLAND,22.368421052629373,83.74027777777827,Mode: ISLAND. V_pcc: 0.893,0
2026-01-01T21:40:55Z,ISLAND,22.353801169588436,83.74027777777827,Mode: ISLAND. V_pcc: 0.893,0
2026-01-01T21:41:00Z,ISLAND,22.3391812865475,83.74027777777827,Mode: ISLAND. V_pcc: 0.893,0
2026-01-01T21:41:05Z,ISLAND,22.324561403506564,83.74027777777827,Mode: ISLAND. V_pcc: 0.893,0
2026-01-01T21:41:10Z,ISLAND,22.309941520465628,83.74027777777827,Mode: ISLAND. V_pcc: 0.893,0
2026-01-01T21:41:15Z,ISLAND,22.295321637424692,83.74027777777827,Mode: ISLAND. V_pcc: 0.893,0
2026-01-01T21:41:20Z,ISLAND,22.280701754383756,83.74027777777827,Mode: ISLAND. V_pcc: 0.893,0
2026-01-01T21:41:25Z,ISLAND,22.26608187134282,83.74027777777827,Mode: ISLAND. V_pcc: 0.893,0
2026-01-01T21:41:30Z,ISLAND,22.251461988301884,83.74027777777827,Mode: ISLAND. V_pcc: 0.893,0
2026-01-01T21:41:35Z,ISLAND,22.236842105260948,83.74027777777827,Mode: ISLAND. V_pcc: 0.893,0
2026-01-01T21:41:40Z,ISLAND,22.22222222222001,83.74027777777827,Mode: ISLAND. V_pcc: 0.893,0
2026-01-01T21:41:45Z,ISLAND,22.207602339179076,83.74027777777827,Mode: ISLAND. V_pcc: 0.893,0
2026-01-01T21:41:50Z,ISLAND,22.19298245613814,83.74027777777827,Mode: ISLAND. V_pcc: 0.893,0
2026-01-01T21:41:55Z,ISLAND,22.178362573097203,83.74027777777827,Mode: ISLAND. V_pcc: 0.893,0
2026-01-01T21:42:00Z,ISLAND,22.163742690056267,83.74027777777827,Mode: ISLAND. V_pcc: 0.893,0
2026-01-01T21:42:05Z,ISLAND,22.14912280701533,83.74027777777827,Mode: ISLAND. V_pcc: 0.894,0
2026-01-01T21:42:10Z,ISLAND,22.134502923974395,83.74027777777827,Mode: ISLAND. V_pcc: 0.894,0
2026-01-01T21:42:15Z,ISLAND,22.11988304093346,83.74027777777827,Mode: ISLAND. V_pcc: 0.894,0
2026-01-01T21:42:20Z,ISLAND,22.105263157892523,83.74027777777827,Mode: ISLAND. V_pcc: 0.894,0
2026-01-01T21:42:25Z,ISLAND,22.090643274851587,83.74027777777827,Mode: ISLAND. V_pcc: 0.894,0
2026-01-01T21:42:30Z,ISLAND,22.07602339181065,83.74027777777827,Mode: ISLAND. V_pcc: 0.894,0
2026-01-01T21:42:35Z,ISLAND,22.061403508769715,83.74027777777827,Mode: ISLAND. V_pcc: 0.894,0
2026-01-01T21:42:40Z,ISLAND,22.04678362572878,83.74027777777827,Mode: ISLAND. V_pcc: 0.894,0
2026-01-01T21:42:45Z,ISLAND,22.032163742687843,83.74027777777827,Mode: ISLAND. V_pcc: 0.894,0
2026-01-01T21:42:50Z,ISLAND,22.017543859646906,83.74027777777827,Mode: ISLAND. V_pcc: 0.894,0
2026-01-01T21:42:55Z,ISLAND,22.00292397660597,83.74027777777827,Mode: ISLAND. V_pcc: 0.894,0
2026-01-01T21:43:00Z,ISLAND,21.988304093565034,83.74027777777827,Mode: ISLAND. V_pcc: 0.894,0
2026-01-01T21:43:05Z,ISLAND,21.973684210524098,83.74027777777827,Mode: ISLAND. V_pcc: 0.894,0
2026-01-01T21:43:10Z,ISLAND,21.959064327483162,83.74027777777827,Mode: ISLAND. V_pcc: 0.894,0
2026-01-01T21:43:15Z,ISLAND,21.944444444442226,83.74027777777827,Mode: ISLAND. V_pcc: 0.894,0
2026-01-01T21:43:20Z,ISLAND,21.92982456140129,83.74027777777827,Mode: ISLAND. V_pcc: 0.894,0
2026-01-01T21:43:25Z,ISLAND,21.915204678360354,83.74027777777827,Mode: ISLAND. V_pcc: 0.894,0
2026-01-01T21:43:30Z,ISLAND,21.900584795319418,83.74027777777827,Mode: ISLAND. V_pcc: 0.894,0
2026-01-01T21:43:35Z,ISLAND,21.88596491227848,83.74027777777827,Mode: ISLAND. V_pcc: 0.894,0
2026-01-01T21:43:40Z,ISLAND,21.871345029237546,83.74027777777827,Mode: ISLAND. V_pcc: 0.894,0
2026-01-01T21:43:45Z,ISLAND,21.85672514619661,83.74027777777827,Mode: ISLAND. V_pcc: 0.894,0
2026-01-01T21:43:50Z,ISLAND,21.842105263155673,83.74027777777827,Mode: ISLAND. V_pcc: 0.894,0
2026-01-01T21:43:55Z,ISLAND,21.827485380114737,83.74027777777827,Mode: ISLAND. V_pcc: 0.894,0
2026-01-01T21:44:00Z,ISLAND,21.8128654970738,83.74027777777827,Mode: ISLAND. V_pcc: 0.894,0
2026-01-01T21:44:05Z,ISLAND,21.798245614032865,83.74027777777827,Mode: ISLAND. V_pcc: 0.895,0
2026-01-01T21:44:10Z,ISLAND,21.78362573099193,83.74027777777827,Mode: ISLAND. V_pcc: 0.895,0
2026-01-01T21:44:15Z,ISLAND,21.769005847950993,83.74027777777827,Mode: ISLAND. V_pcc: 0.895,0
2026-01-01T21:44:20Z,ISLAND,21.754385964910057,83.74027777777827,Mode: ISLAND. V_pcc: 0.895,0
2026-01-01T21:44:25Z,ISLAND,21.73976608186912,83.74027777777827,Mode: ISLAND. V_pcc: 0.895,0
2026-01-01T21:44:30Z,ISLAND,21.725146198828185,83.74027777777827,Mode: ISLAND. V_pcc: 0.895,0
2026-01-01T21:44:35Z,ISLAND,21.71052631578725,83.74027777777827,Mode: ISLAND. V_pcc: 0.895,0
2026-01-01T21:44:40Z,ISLAND,21.695906432746312,83.74027777777827,Mode: ISLAND. V_pcc: 0.895,0
2026-01-01T21:44:45Z,ISLAND,21.681286549705376,83.74027777777827,Mode: ISLAND. V_pcc: 0.895,0
2026-01-01T21:44:50Z,ISLAND,21.66666666666444,83.74027777777827,Mode: ISLAND. V_pcc: 0.895,0
2026-01-01T21:44:55Z,ISLAND,21.652046783623504,83.74027777777827,Mode: ISLAND. V_pcc: 0.895,0
2026-01-01T21:45:00Z,ISLAND,21.637426900582568,83.49027777777827,Mode: ISLAND. V_pcc: 0.895,0
2026-01-01T21:45:05Z,ISLAND,21.622807017541632,83.49027777777827,Mode: ISLAND. V_pcc: 0.895,0
2026-01-01T21:45:10Z,ISLAND,21.608187134500696,83.49027777777827,Mode: ISLAND. V_pcc: 0.895,0
2026-01-01T21:45:15Z,ISLAND,21.59356725145976,83.49027777777827,Mode: ISLAND. V_pcc: 0.895,0
2026-01-01T21:45:20Z,ISLAND,21.578947368418824,83.49027777777827,Mode: ISLAND. V_pcc: 0.895,0
2026-01-01T21:45:25Z,ISLAND,21.564327485377888,83.49027777777827,Mode: ISLAND. V_pcc: 0.895,0
2026-01-01T21:45:30Z,ISLAND,21.54970760233695,83.49027777777827,Mode: ISLAND. V_pcc: 0.895,0
2026-01-01T21:45:35Z,ISLAND,21.535087719296016,83.49027777777827,Mode: ISLAND. V_pcc: 0.895,0
2026-01-01T21:45:40Z,ISLAND,21.52046783625508,83.49027777777827,Mode: ISLAND. V_pcc: 0.895,0
2026-01-01T21:45:45Z,ISLAND,21.505847953214143,83.49027777777827,Mode: ISLAND. V_pcc: 0.895,0
2026-01-01T21:45:50Z,ISLAND,21.491228070173207,83.49027777777827,Mode: ISLAND. V_pcc: 0.895,0
2026-01-01T21:45:55Z,ISLAND,21.47660818713227,83.49027777777827,Mode: ISLAND. V_pcc: 0.895,0
2026-01-01T21:46:00Z,ISLAND,21.461988304091335,83.49027777777827,Mode: ISLAND. V_pcc: 0.895,0
2026-01-01T21:46:05Z,ISLAND,21.4473684210504,83.49027777777827,Mode: ISLAND. V_pcc: 0.895,0
2026-01-01T21:46:10Z,ISLAND,21.432748538009463,83.49027777777827,Mode: ISLAND. V_pcc: 0.895,0
2026-01-01T21:46:15Z,ISLAND,21.418128654968527,83.49027777777827,Mode: ISLAND. V_pcc: 0.895,0
2026-01-01T21:46:20Z,ISLAND,21.40350877192759,83.49027777777827,Mode: ISLAND. V_pcc: 0.895,0
2026-01-01T21:46:25Z,ISLAND,21.388888888886655,83.49027777777827,Mode: ISLAND. V_pcc: 0.895,0
2026-01-01T21:46:30Z,ISLAND,21.37426900584572,83.49027777777827,Mode: ISLAND. V_pcc: 0.895,0
2026-01-01T21:46:35Z,ISLAND,21.359649122804782,83.49027777777827,Mode: ISLAND. V_pcc: 0.895,0
2026-01-01T21:46:40Z,ISLAND,21.345029239763846,83.49027777777827,Mode: ISLAND. V_pcc: 0.895,0
2026-01-01T21:46:45Z,ISLAND,21.33040935672291,83.49027777777827,Mode: ISLAND. V_pcc: 0.895,0
2026-01-01T21:46:50Z,ISLAND,21.315789473681974,83.49027777777827,Mode: ISLAND. V_pcc: 0.895,0
2026-01-01T21:46:55Z,ISLAND,21.301169590641038,83.49027777777827,Mode: ISLAND. V_pcc: 0.895,0
2026-01-01T21:47:00Z,ISLAND,21.286549707600102,83.49027777777827,Mode: ISLAND. V_pcc: 0.895,0
2026-01-01T21:47:05Z,ISLAND,21.271929824559166,83.49027777777827,Mode: ISLAND. V_pcc: 0.896,0
2026-01-01T21:47:10Z,ISLAND,21.25730994151823,83.49027777777827,Mode: ISLAND. V_pcc: 0.896,0
2026-01-01T21:47:15Z,ISLAND,21.242690058477294,83.49027777777827,Mode: ISLAND. V_pcc: 0.896,0
2026-01-01T21:47:20Z,ISLAND,21.228070175436358,83.49027777777827,Mode: ISLAND. V_pcc: 0.896,0
2026-01-01T21:47:25Z,ISLAND,21.21345029239542,83.49027777777827,Mode: ISLAND. V_pcc: 0.896,0
2026-01-01T21:47:30Z,ISLAND,21.198830409354485,83.49027777777827,Mode: ISLAND. V_pcc: 0.896,0
2026-01-01T21:47:35Z,ISLAND,21.18421052631355,83.49027777777827,Mode: ISLAND. V_pcc: 0.896,0
2026-01-01T21:47:40Z,ISLAND,21.169590643272613,83.49027777777827,Mode: ISLAND. V_pcc: 0.896,0
2026-01-01T21:47:45Z,ISLAND,21.154970760231677,83.49027777777827,Mode: ISLAND. V_pcc: 0.896,0
2026-01-01T21:47:50Z,ISLAND,21.14035087719074,83.49027777777827,Mode: ISLAND. V_pcc: 0.896,0
2026-01-01T21:47:55Z,ISLAND,21.125730994149805,83.49027777777827,Mode: ISLAND. V_pcc: 0.896,0
2026-01-01T21:48:00Z,ISLAND,21.11111111110887,83.49027777777827,Mode: ISLAND. V_pcc: 0.896,0
2026-01-01T21:48:05Z,ISLAND,21.096491228067933,83.49027777777827,Mode: ISLAND. V_pcc: 0.896,0
2026-01-01T21:48:10Z,ISLAND,21.081871345026997,83.49027777777827,Mode: ISLAND. V_pcc: 0.896,0
2026-01-01T21:48:15Z,ISLAND,21.06725146198606,83.49027777777827,Mode: ISLAND. V_pcc: 0.896,0
2026-01-01T21:48:20Z,ISLAND,21.052631578945125,83.49027777777827,Mode: ISLAND. V_pcc: 0.896,0
2026-01-01T21:48:25Z,ISLAND,21.03801169590419,83.49027777777827,Mode: ISLAND. V_pcc: 0.896,0
2026-01-01T21:48:30Z,ISLAND,21.023391812863252,83.49027777777827,Mode: ISLAND. V_pcc: 0.896,0
2026-01-01T21:48:35Z,ISLAND,21.008771929822316,83.49027777777827,Mode: ISLAND. V_pcc: 0.896,0
2026-01-01T21:48:40Z,ISLAND,20.99415204678138,83.49027777777827,Mode: ISLAND. V_pcc: 0.896,0
2026-01-01T21:48:45Z,ISLAND,21.0304367690036,83.49027777777827,Mode: GENERATOR_ASSIST. V_pcc: 0.896,0
2026-01-01T21:48:50Z,ISLAND,21.015816885962664,83.49027777777827,Mode: ISLAND. V_pcc: 0.896,0
2026-01-01T21:48:55Z,ISLAND,21.001197002921728,83.49027777777827,Mode: ISLAND. V_pcc: 0.896,0
2026-01-01T21:49:00Z,ISLAND,20.986577119880796,83.49027777777827,Mode: ISLAND. V_pcc: 0.896,0
2026-01-01T21:49:05Z,ISLAND,21.022861842103016,83.49027777777827,Mode: GENERATOR_ASSIST. V_pcc: 0.896,0
2026-01-01T21:49:10Z,ISLAND,21.00824195906208,83.49027777777827,Mode: ISLAND. V_pcc: 0.896,0
2026-01-01T21:49:15Z,ISLAND,20.993622076021143,83.49027777777827,Mode: ISLAND. V_pcc: 0.896,0
2026-01-01T21:49:20Z,ISLAND,21.029906798243363,83.49027777777827,Mode: GENERATOR_ASSIST. V_pcc: 0.896,0
2026-01-01T21:49:25Z,ISLAND,21.01528691520243,83.49027777777827,Mode: ISLAND. V_pcc: 0.896,0
2026-01-01T21:49:30Z,ISLAND,21.000667032161495,83.49027777777827,Mode: ISLAND. V_pcc: 0.896,0
2026-01-01T21:49:35Z,ISLAND,20.98604714912056,83.49027777777827,Mode: ISLAND. V_pcc: 0.896,0
2026-01-01T21:49:40Z,ISLAND,21.02233187134278,83.49027777777827,Mode: GENERATOR_ASSIST. V_pcc: 0.896,0
2026-01-01T21:49:45Z,ISLAND,21.007711988301843,83.49027777777827,Mode: ISLAND. V_pcc: 0.896,0
2026-01-01T21:49:50Z,ISLAND,20.993092105260907,83.49027777777827,Mode: ISLAND. V_pcc: 0.896,0
2026-01-01T21:49:55Z,ISLAND,21.02937682748313,83.49027777777827,Mode: GENERATOR_ASSIST. V_pcc: 0.896,0
2026-01-01T21:50:00Z,ISLAND,21.01475694444219,83.49027777777827,Mode: ISLAND. V_pcc: 0.896,0
2026-01-01T21:50:05Z,ISLAND,21.000137061401254,83.49027777777827,Mode: ISLAND. V_pcc: 0.897,0
2026-01-01T21:50:10Z,ISLAND,20.98551717836032,83.49027777777827,Mode: ISLAND. V_pcc: 0.897,0
2026-01-01T21:50:15Z,ISLAND,21.021801900582542,83.49027777777827,Mode: GENERATOR_ASSIST. V_pcc: 0.897,0
2026-01-01T21:50:20Z,ISLAND,21.007182017541606,83.49027777777827,Mode: ISLAND. V_pcc: 0.897,0
2026-01-01T21:50:25Z,ISLAND,20.99256213450067,83.49027777777827,Mode: ISLAND. V_pcc: 0.897,0
2026-01-01T21:50:30Z,ISLAND,21.02884685672289,83.49027777777827,Mode: GENERATOR_ASSIST. V_pcc: 0.897,0
2026-01-01T21:50:35Z,ISLAND,21.014226973681954,83.49027777777827,Mode: ISLAND. V_pcc: 0.897,0
2026-01-01T21:50:40Z,ISLAND,20.99960709064102,83.49027777777827,Mode: ISLAND. V_pcc: 0.897,0
2026-01-01T21:50:45Z,ISLAND,21.03589181286324,83.49027777777827,Mode: GENERATOR_ASSIST. V_pcc: 0.897,0
2026-01-01T21:50:50Z,ISLAND,21.021271929822305,83.49027777777827,Mode: ISLAND. V_pcc: 0.897,0
2026-01-01T21:50:55Z,ISLAND,21.00665204678137,83.49027777777827,Mode: ISLAND. V_pcc: 0.897,0
2026-01-01T21:51:00Z,ISLAND,20.992032163740433,83.49027777777827,Mode: ISLAND. V_pcc: 0.897,0
2026-01-01T21:51:05Z,ISLAND,21.028316885962656,83.49027777777827,Mode: GENERATOR_ASSIST. V_pcc: 0.897,0
2026-01-01T21:51:10Z,ISLAND,21.01369700292172,83.49027777777827,Mode: ISLAND. V_pcc: 0.897,0
2026-01-01T21:51:15Z,ISLAND,20.99907711988078,83.49027777777827,Mode: ISLAND. V_pcc: 0.897,0
2026-01-01T21:51:20Z,ISLAND,21.035361842103004,83.49027777777827,Mode: GENERATOR_ASSIST. V_pcc: 0.897,0
2026-01-01T21:51:25Z,ISLAND,21.020741959062068,83.49027777777827,Mode: ISLAND. V_pcc: 0.897,0
2026-01-01T21:51:30Z,ISLAND,21.006122076021132,83.49027777777827,Mode: ISLAND. V_pcc: 0.897,0
2026-01-01T21:51:35Z,ISLAND,20.991502192980196,83.49027777777827,Mode: ISLAND. V_pcc: 0.897,0
2026-01-01T21:51:40Z,ISLAND,21.02778691520242,83.49027777777827,Mode: GENERATOR_ASSIST. V_pcc: 0.897,0
2026-01-01T21:51:45Z,ISLAND,21.01316703216148,83.49027777777827,Mode: ISLAND. V_pcc: 0.897,0
2026-01-01T21:51:50Z,ISLAND,20.998547149120544,83.49027777777827,Mode: ISLAND. V_pcc: 0.897,0
2026-01-01T21:51:55Z,ISLAND,21.034831871342767,83.49027777777827,Mode: GENERATOR_ASSIST. V_pcc: 0.897,0
2026-01-01T21:52:00Z,ISLAND,21.02021198830183,83.49027777777827,Mode: ISLAND. V_pcc: 0.897,0
2026-01-01T21:52:05Z,ISLAND,21.005592105260895,83.49027777777827,Mode: ISLAND. V_pcc: 0.897,0
2026-01-01T21:52:10Z,ISLAND,20.99097222221996,83.49027777777827,Mode: ISLAND. V_pcc: 0.897,0
2026-01-01T21:52:15Z,ISLAND,21.02725694444218,83.49027777777827,Mode: GENERATOR_ASSIST. V_pcc: 0.897,0
2026-01-01T21:52:20Z,ISLAND,21.012637061401247,83.49027777777827,Mode: ISLAND. V_pcc: 0.897,0
2026-01-01T21:52:25Z,ISLAND,20.99801717836031,83.49027777777827,Mode: ISLAND. V_pcc: 0.897,0
2026-01-01T21:52:30Z,ISLAND,21.03430190058253,83.49027777777827,Mode: GENERATOR_ASSIST. V_pcc: 0.897,0
2026-01-01T21:52:35Z,ISLAND,21.019682017541594,83.49027777777827,Mode: ISLAND. V_pcc: 0.897,0
2026-01-01T21:52:40Z,ISLAND,21.00506213450066,83.49027777777827,Mode: ISLAND. V_pcc: 0.897,0
2026-01-01T21:52:45Z,ISLAND,20.990442251459722,83.49027777777827,Mode: ISLAND. V_pcc: 0.897,0
2026-01-01T21:52:50Z,ISLAND,21.026726973681946,83.49027777777827,Mode: GENERATOR_ASSIST. V_pcc: 0.897,0
2026-01-01T21:52:55Z,ISLAND,21.01210709064101,83.49027777777827,Mode: ISLAND. V_pcc: 0.897,0
2026-01-01T21:53:00Z,ISLAND,20.99748720760007,83.49027777777827,Mode: ISLAND. V_pcc: 0.897,0
2026-01-01T21:53:05Z,ISLAND,21.033771929822294,83.49027777777827,Mode: GENERATOR_ASSIST. V_pcc: 0.898,0
2026-01-01T21:53:10Z,ISLAND,21.019152046781358,83.49027777777827,Mode: ISLAND. V_pcc: 0.898,0
2026-01-01T21:53:15Z,ISLAND,21.00453216374042,83.49027777777827,Mode: ISLAND. V_pcc: 0.898,0
2026-01-01T21:53:20Z,ISLAND,20.989912280699485,83.49027777777827,Mode: ISLAND. V_pcc: 0.898,0
2026-01-01T21:53:25Z,ISLAND,21.026197002921705,83.49027777777827,Mode: GENERATOR_ASSIST. V_pcc: 0.898,0
2026-01-01T21:53:30Z,ISLAND,21.01157711988077,83.49027777777827,Mode: ISLAND. V_pcc: 0.898,0
2026-01-01T21:53:35Z,ISLAND,20.996957236839837,83.49027777777827,Mode: ISLAND. V_pcc: 0.898,0
2026-01-01T21:53:40Z,ISLAND,21.033241959062057,83.49027777777827,Mode: GENERATOR_ASSIST. V_pcc: 0.898,0
2026-01-01T21:53:45Z,ISLAND,21.01862207602112,83.49027777777827,Mode: ISLAND. V_pcc: 0.898,0
2026-01-01T21:53:50Z,ISLAND,21.004002192980185,83.49027777777827,Mode: ISLAND. V_pcc: 0.898,0
2026-01-01T21:53:55Z,ISLAND,20.98938230993925,83.49027777777827,Mode: ISLAND. V_pcc: 0.898,0
2026-01-01T21:54:00Z,ISLAND,21.025667032161472,83.49027777777827,Mode: GENERATOR_ASSIST. V_pcc: 0.898,0
2026-01-01T21:54:05Z,ISLAND,21.011047149120536,83.49027777777827,Mode: ISLAND. V_pcc: 0.898,0
2026-01-01T21:54:10Z,ISLAND,20.9964272660796,83.49027777777827,Mode: ISLAND. V_pcc: 0.898,0
2026-01-01T21:54:15Z,ISLAND,21.03271198830182,83.49027777777827,Mode: GENERATOR_ASSIST. V_pcc: 0.898,0
2026-01-01T21:54:20Z,ISLAND,21.018092105260884,83.49027777777827,Mode: ISLAND. V_pcc: 0.898,0
2026-01-01T21:54:25Z,ISLAND,21.003472222219948,83.49027777777827,Mode: ISLAND. V_pcc: 0.898,0
2026-01-01T21:54:30Z,ISLAND,20.98885233917901,83.49027777777827,Mode: ISLAND. V_pcc: 0.898,0
2026-01-01T21:54:35Z,ISLAND,21.02513706140123,83.49027777777827,Mode: GENERATOR_ASSIST. V_pcc: 0.898,0
2026-01-01T21:54:40Z,ISLAND,21.010517178360296,83.49027777777827,Mode: ISLAND. V_pcc: 0.898,0
2026-01-01T21:54:45Z,ISLAND,20.99589729531936,83.49027777777827,Mode: ISLAND. V_pcc: 0.898,0
2026-01-01T21:54:50Z,ISLAND,21.032182017541583,83.49027777777827,Mode: GENERATOR_ASSIST. V_pcc: 0.898,0
2026-01-01T21:54:55Z,ISLAND,21.017562134500647,83.49027777777827,Mode: ISLAND. V_pcc: 0.898,0
2026-01-01T21:55:00Z,ISLAND,21.00294225145971,83.49027777777827,Mode: ISLAND. V_pcc: 0.898,0
2026-01-01T21:55:05Z,ISLAND,20.988322368418775,83.49027777777827,Mode: ISLAND. V_pcc: 0.899,0
2026-01-01T21:55:10Z,ISLAND,21.024607090640995,83.49027777777827,Mode: GENERATOR_ASSIST. V_pcc: 0.899,0
2026-01-01T21:55:15Z,ISLAND,21.009987207600062,83.49027777777827,Mode: ISLAND. V_pcc: 0.899,0
2026-01-01T21:55:20Z,ISLAND,20.995367324559126,83.49027777777827,Mode: ISLAND. V_pcc: 0.899,0
2026-01-01T21:55:25Z,ISLAND,21.031652046781346,83.49027777777827,Mode: GENERATOR_ASSIST. V_pcc: 0.899,0
2026-01-01T21:55:30Z,ISLAND,21.01703216374041,83.49027777777827,Mode: ISLAND. V_pcc: 0.899,0
2026-01-01T21:55:35Z,ISLAND,21.002412280699474,83.49027777777827,Mode: ISLAND. V_pcc: 0.899,0
2026-01-01T21:55:40Z,ISLAND,20.987792397658538,83.49027777777827,Mode: ISLAND. V_pcc: 0.899,0
2026-01-01T21:55:45Z,ISLAND,21.02407711988076,83.49027777777827,Mode: GENERATOR_ASSIST. V_pcc: 0.899,0
2026-01-01T21:55:50Z,ISLAND,21.009457236839822,83.49027777777827,Mode: ISLAND. V_pcc: 0.899,0
2026-01-01T21:55:55Z,ISLAND,20.994837353798886,83.49027777777827,Mode: ISLAND. V_pcc: 0.899,0
2026-01-01T21:56:00Z,ISLAND,21.03112207602111,83.49027777777827,Mode: GENERATOR_ASSIST. V_pcc: 0.899,0
2026-01-01T21:56:05Z,ISLAND,21.016502192980173,83.49027777777827,Mode: ISLAND. V_pcc: 0.899,0
2026-01-01T21:56:10Z,ISLAND,21.001882309939237,83.49027777777827,Mode: ISLAND. V_pcc: 0.899,0
2026-01-01T21:56:15Z,ISLAND,20.9872624268983,83.49027777777827,Mode: ISLAND. V_pcc: 0.899,0
2026-01-01T21:56:20Z,ISLAND,21.02354714912052,83.49027777777827,Mode: GENERATOR_ASSIST. V_pcc: 0.899,0
2026-01-01T21:56:25Z,ISLAND,21.008927266079585,83.49027777777827,Mode: ISLAND. V_pcc: 0.899,0
2026-01-01T21:56:30Z,ISLAND,20.994307383038652,83.49027777777827,Mode: ISLAND. V_pcc: 0.899,0
2026-01-01T21:56:35Z,ISLAND,21.030592105260872,83.49027777777827,Mode: GENERATOR_ASSIST. V_pcc: 0.899,0
2026-01-01T21:56:40Z,ISLAND,21.015972222219936,83.49027777777827,Mode: ISLAND. V_pcc: 0.899,0
2026-01-01T21:56:45Z,ISLAND,21.001352339179,83.49027777777827,Mode: ISLAND. V_pcc: 0.899,0
2026-01-01T21:56:50Z,ISLAND,20.986732456138064,83.49027777777827,Mode: ISLAND. V_pcc: 0.899,0
2026-01-01T21:56:55Z,ISLAND,21.023017178360288,83.49027777777827,Mode: GENERATOR_ASSIST. V_pcc: 0.899,0
2026-01-01T21:57:00Z,ISLAND,21.00839729531935,83.49027777777827,Mode: ISLAND. V_pcc: 0.899,0
2026-01-01T21:57:05Z,ISLAND,20.993777412278412,83.49027777777827,Mode: ISLAND. V_pcc: 0.899,0
2026-01-01T21:57:10Z,ISLAND,21.030062134500636,83.49027777777827,Mode: GENERATOR_ASSIST. V_pcc: 0.899,0
2026-01-01T21:57:15Z,ISLAND,21.0154422514597,83.49027777777827,Mode: ISLAND. V_pcc: 0.899,0
2026-01-01T21:57:20Z,ISLAND,21.000822368418763,83.49027777777827,Mode: ISLAND. V_pcc: 0.899,0
2026-01-01T21:57:25Z,ISLAND,20.986202485377827,83.49027777777827,Mode: ISLAND. V_pcc: 0.899,0
2026-01-01T21:57:30Z,ISLAND,21.02248720760005,83.49027777777827,Mode: GENERATOR_ASSIST. V_pcc: 0.899,0
2026-01-01T21:57:35Z,ISLAND,21.00786732455911,83.49027777777827,Mode: ISLAND. V_pcc: 0.899,0
2026-01-01T21:57:40Z,ISLAND,20.993247441518175,83.49027777777827,Mode: ISLAND. V_pcc: 0.899,0
2026-01-01T21:57:45Z,ISLAND,21.0295321637404,83.49027777777827,Mode: GENERATOR_ASSIST. V_pcc: 0.899,0
2026-01-01T21:57:50Z,ISLAND,21.014912280699463,83.49027777777827,Mode: ISLAND. V_pcc: 0.899,0
2026-01-01T21:57:55Z,ISLAND,21.000292397658527,83.49027777777827,Mode: ISLAND. V_pcc: 0.899,0
2026-01-01T21:58:00Z,ISLAND,20.98567251461759,83.49027777777827,Mode: ISLAND. V_pcc: 0.899,0
2026-01-01T21:58:05Z,ISLAND,21.02195723683981,83.49027777777827,Mode: GENERATOR_ASSIST. V_pcc: 0.900,0
2026-01-01T21:58:10Z,ISLAND,21.007337353798878,83.49027777777827,Mode: ISLAND. V_pcc: 0.900,0
2026-01-01T21:58:15Z,ISLAND,20.992717470757942,83.49027777777827,Mode: ISLAND. V_pcc: 0.900,0
2026-01-01T21:58:20Z,ISLAND,21.029002192980162,83.49027777777827,Mode: GENERATOR_ASSIST. V_pcc: 0.900,0
2026-01-01T21:58:25Z,ISLAND,21.014382309939226,83.49027777777827,Mode: ISLAND. V_pcc: 0.900,0
2026-01-01T21:58:30Z,ISLAND,20.99976242689829,83.49027777777827,Mode: ISLAND. V_pcc: 0.900,0
2026-01-01T21:58:35Z,ISLAND,21.036047149120513,83.49027777777827,Mode: GENERATOR_ASSIST. V_pcc: 0.900,0
2026-01-01T21:58:40Z,ISLAND,21.021427266079577,83.49027777777827,Mode: ISLAND. V_pcc: 0.900,0
2026-01-01T21:58:45Z,ISLAND,21.00680738303864,83.49027777777827,Mode: ISLAND. V_pcc: 0.900,0
2026-01-01T21:58:50Z,ISLAND,20.9921874999977,83.49027777777827,Mode: ISLAND. V_pcc: 0.900,0
2026-01-01T21:58:55Z,ISLAND,21.028472222219925,83.49027777777827,Mode: GENERATOR_ASSIST. V_pcc: 0.900,0
2026-01-01T21:59:00Z,ISLAND,21.01385233917899,83.49027777777827,Mode: ISLAND. V_pcc: 0.900,0
2026-01-01T21:59:05Z,ISLAND,20.999232456138053,83.49027777777827,Mode: ISLAND. V_pcc: 0.900,0
2026-01-01T21:59:10Z,ISLAND,21.035517178360273,83.49027777777827,Mode: GENERATOR_ASSIST. V_pcc: 0.900,0
2026-01-01T21:59:15Z,ISLAND,21.020897295319337,83.49027777777827,Mode: ISLAND. V_pcc: 0.900,0
2026-01-01T21:59:20Z,ISLAND,21.0062774122784,83.49027777777827,Mode: ISLAND. V_pcc: 0.900,0
2026-01-01T21:59:25Z,ISLAND,20.991657529237468,83.49027777777827,Mode: ISLAND. V_pcc: 0.900,0
2026-01-01T21:59:30Z,ISLAND,21.027942251459688,83.49027777777827,Mode: GENERATOR_ASSIST. V_pcc: 0.900,0
2026-01-01T21:59:35Z,ISLAND,21.013322368418752,83.49027777777827,Mode: ISLAND. V_pcc: 0.900,0
2026-01-01T21:59:40Z,ISLAND,20.998702485377816,83.49027777777827,Mode: ISLAND. V_pcc: 0.900,0
2026-01-01T21:59:45Z,ISLAND,21.034987207600036,83.49027777777827,Mode: GENERATOR_ASSIST. V_pcc: 0.900,0
2026-01-01T21:59:50Z,ISLAND,21.020367324559103,83.49027777777827,Mode: ISLAND. V_pcc: 0.900,0
2026-01-01T21:59:55Z,ISLAND,21.005747441518167,83.49027777777827,Mode: ISLAND. V_pcc: 0.900,0
2026-01-01T22:00:00Z,ISLAND,20.99112755847723,83.20544184027847,Mode: ISLAND. V_pcc: 0.900,0
2026-01-01T22:00:05Z,ISLAND,21.02741228069945,83.20544184027847,Mode: GENERATOR_ASSIST. V_pcc: 0.901,0
2026-01-01T22:00:10Z,ISLAND,21.012792397658515,83.20544184027847,Mode: ISLAND. V_pcc: 0.901,0
2026-01-01T22:00:15Z,ISLAND,20.99817251461758,83.20544184027847,Mode: ISLAND. V_pcc: 0.901,0
2026-01-01T22:00:20Z,ISLAND,21.034457236839803,83.20544184027847,Mode: GENERATOR_ASSIST. V_pcc: 0.901,0
2026-01-01T22:00:25Z,ISLAND,21.019837353798863,83.20544184027847,Mode: ISLAND. V_pcc: 0.901,0
2026-01-01T22:00:30Z,ISLAND,21.005217470757927,83.20544184027847,Mode: ISLAND. V_pcc: 0.901,0
2026-01-01T22:00:35Z,ISLAND,20.99059758771699,83.20544184027847,Mode: ISLAND. V_pcc: 0.901,0
2026-01-01T22:00:40Z,ISLAND,21.026882309939214,83.20544184027847,Mode: GENERATOR_ASSIST. V_pcc: 0.901,0
2026-01-01T22:00:45Z,ISLAND,21.01226242689828,83.20544184027847,Mode: ISLAND. V_pcc: 0.901,0
2026-01-01T22:00:50Z,ISLAND,20.997642543857342,83.20544184027847,Mode: ISLAND. V_pcc: 0.901,0
2026-01-01T22:00:55Z,ISLAND,21.033927266079562,83.20544184027847,Mode: GENERATOR_ASSIST. V_pcc: 0.901,0
2026-01-01T22:01:00Z,ISLAND,21.019307383038626,83.20544184027847,Mode: ISLAND. V_pcc: 0.901,0
2026-01-01T22:01:05Z,ISLAND,21.004687499997694,83.20544184027847,Mode: ISLAND. V_pcc: 0.901,0
2026-01-01T22:01:10Z,ISLAND,20.990067616956757,83.20544184027847,Mode: ISLAND. V_pcc: 0.901,0
2026-01-01T22:01:15Z,ISLAND,21.026352339178978,83.20544184027847,Mode: GENERATOR_ASSIST. V_pcc: 0.901,0
2026-01-01T22:01:20Z,ISLAND,21.01173245613804,83.20544184027847,Mode: ISLAND. V_pcc: 0.901,0
2026-01-01T22:01:25Z,ISLAND,20.997112573097105,83.20544184027847,Mode: ISLAND. V_pcc: 0.901,0
2026-01-01T22:01:30Z,ISLAND,21.03339729531933,83.20544184027847,Mode: GENERATOR_ASSIST. V_pcc: 0.901,0
2026-01-01T22:01:35Z,ISLAND,21.018777412278393,83.20544184027847,Mode: ISLAND. V_pcc: 0.901,0
2026-01-01T22:01:40Z,ISLAND,21.004157529237453,83.20544184027847,Mode: ISLAND. V_pcc: 0.901,0
2026-01-01T22:01:45Z,ISLAND,20.989537646196517,83.20544184027847,Mode: ISLAND. V_pcc: 0.901,0
2026-01-01T22:01:50Z,ISLAND,21.02582236841874,83.20544184027847,Mode: GENERATOR_ASSIST. V_pcc: 0.901,0
2026-01-01T22:01:55Z,ISLAND,21.011202485377805,83.20544184027847,Mode: ISLAND. V_pcc: 0.901,0
2026-01-01T22:02:00Z,ISLAND,20.99658260233687,83.20544184027847,Mode: ISLAND. V_pcc: 0.901,0
2026-01-01T22:02:05Z,ISLAND,21.032867324559092,83.20544184027847,Mode: GENERATOR_ASSIST. V_pcc: 0.901,0
2026-01-01T22:02:10Z,ISLAND,21.018247441518152,83.20544184027847,Mode: ISLAND. V_pcc: 0.901,0
2026-01-01T22:02:15Z,ISLAND,21.003627558477216,83.20544184027847,Mode: ISLAND. V_pcc: 0.901,0
2026-01-01T22:02:20Z,ISLAND,20.989007675436284,83.20544184027847,Mode: ISLAND. V_pcc: 0.901,0
2026-01-01T22:02:25Z,ISLAND,21.025292397658504,83.20544184027847,Mode: GENERATOR_ASSIST. V_pcc: 0.901,0
2026-01-01T22:02:30Z,ISLAND,21.010672514617568,83.20544184027847,Mode: ISLAND. V_pcc: 0.901,0
2026-01-01T22:02:35Z,ISLAND,20.99605263157663,83.20544184027847,Mode: ISLAND. V_pcc: 0.901,0
2026-01-01T22:02:40Z,ISLAND,21.03233735379885,83.20544184027847,Mode: GENERATOR_ASSIST. V_pcc: 0.901,0
2026-01-01T22:02:45Z,ISLAND,21.01771747075792,83.20544184027847,Mode: ISLAND. V_pcc: 0.901,0
2026-01-01T22:02:50Z,ISLAND,21.003097587716983,83.20544184027847,Mode: ISLAND. V_pcc: 0.901,0
2026-01-01T22:02:55Z,ISLAND,20.988477704676043,83.20544184027847,Mode: ISLAND. V_pcc: 0.901,0
2026-01-01T22:03:00Z,ISLAND,21.024762426898267,83.20544184027847,Mode: GENERATOR_ASSIST. V_pcc: 0.901,0
2026-01-01T22:03:05Z,ISLAND,21.01014254385733,83.20544184027847,Mode: ISLAND. V_pcc: 0.902,0
2026-01-01T22:03:10Z,ISLAND,20.995522660816395,83.20544184027847,Mode: ISLAND. V_pcc: 0.902,0
2026-01-01T22:03:15Z,ISLAND,21.03180738303862,83.20544184027847,Mode: GENERATOR_ASSIST. V_pcc: 0.902,0
2026-01-01T22:03:20Z,ISLAND,21.017187499997682,83.20544184027847,Mode: ISLAND. V_pcc: 0.902,0
2026-01-01T22:03:25Z,ISLAND,21.002567616956743,83.20544184027847,Mode: ISLAND. V_pcc: 0.902,0
2026-01-01T22:03:30Z,ISLAND,20.987947733915806,83.20544184027847,Mode: ISLAND. V_pcc: 0.902,0
2026-01-01T22:03:35Z,ISLAND,21.02423245613803,83.20544184027847,Mode: GENERATOR_ASSIST. V_pcc: 0.902,0
2026-01-01T22:03:40Z,ISLAND,21.009612573097094,83.20544184027847,Mode: ISLAND. V_pcc: 0.902,0
2026-01-01T22:03:45Z,ISLAND,20.994992690056158,83.20544184027847,Mode: ISLAND. V_pcc: 0.902,0
2026-01-01T22:03:50Z,ISLAND,21.031277412278378,83.20544184027847,Mode: GENERATOR_ASSIST. V_pcc: 0.902,0
2026-01-01T22:03:55Z,ISLAND,21.016657529237442,83.20544184027847,Mode: ISLAND. V_pcc: 0.902,0
2026-01-01T22:04:00Z,ISLAND,21.00203764619651,83.20544184027847,Mode: ISLAND. V_pcc: 0.902,0
2026-01-01T22:04:05Z,ISLAND,20.987417763155573,83.20544184027847,Mode: ISLAND. V_pcc: 0.902,0
2026-01-01T22:04:10Z,ISLAND,21.023702485377793,83.20544184027847,Mode: GENERATOR_ASSIST. V_pcc: 0.902,0
2026-01-01T22:04:15Z,ISLAND,21.009082602336857,83.20544184027847,Mode: ISLAND. V_pcc: 0.902,0
2026-01-01T22:04:20Z,ISLAND,20.99446271929592,83.20544184027847,Mode: ISLAND. V_pcc: 0.902,0
2026-01-01T22:04:25Z,ISLAND,21.030747441518145,83.20544184027847,Mode: GENERATOR_ASSIST. V_pcc: 0.902,0
2026-01-01T22:04:30Z,ISLAND,21.01612755847721,83.20544184027847,Mode: ISLAND. V_pcc: 0.902,0
2026-01-01T22:04:35Z,ISLAND,21.001507675436272,83.20544184027847,Mode: ISLAND. V_pcc: 0.902,0
2026-01-01T22:04:40Z,ISLAND,20.986887792395333,83.20544184027847,Mode: ISLAND. V_pcc: 0.902,0
2026-01-01T22:04:45Z,ISLAND,21.023172514617556,83.20544184027847,Mode: GENERATOR_ASSIST. V_pcc: 0.902,0
2026-01-01T22:04:50Z,ISLAND,21.00855263157662,83.20544184027847,Mode: ISLAND. V_pcc: 0.902,0
2026-01-01T22:04:55Z,ISLAND,20.993932748535684,83.20544184027847,Mode: ISLAND. V_pcc: 0.902,0
2026-01-01T22:05:00Z,ISLAND,21.030217470757904,83.20544184027847,Mode: GENERATOR_ASSIST. V_pcc: 0.902,0
2026-01-01T22:05:05Z,ISLAND,21.015597587716968,83.20544184027847,Mode: ISLAND. V_pcc: 0.903,0
2026-01-01T22:05:10Z,ISLAND,21.000977704676032,83.20544184027847,Mode: ISLAND. V_pcc: 0.903,0
2026-01-01T22:05:15Z,ISLAND,20.9863578216351,83.20544184027847,Mode: ISLAND. V_pcc: 0.903,0
2026-01-01T22:05:20Z,ISLAND,21.02264254385732,83.20544184027847,Mode: GENERATOR_ASSIST. V_pcc: 0.903,0
2026-01-01T22:05:25Z,ISLAND,21.008022660816383,83.20544184027847,Mode: ISLAND. V_pcc: 0.903,0
2026-01-01T22:05:30Z,ISLAND,20.993402777775447,83.20544184027847,Mode: ISLAND. V_pcc: 0.903,0
2026-01-01T22:05:35Z,ISLAND,21.029687499997667,83.20544184027847,Mode: GENERATOR_ASSIST. V_pcc: 0.903,0
2026-01-01T22:05:40Z,ISLAND,21.015067616956735,83.20544184027847,Mode: ISLAND. V_pcc: 0.903,0
2026-01-01T22:05:45Z,ISLAND,21.0004477339158,83.20544184027847,Mode: ISLAND. V_pcc: 0.903,0
2026-01-01T22:05:50Z,ISLAND,20.985827850874863,83.20544184027847,Mode: ISLAND. V_pcc: 0.903,0
2026-01-01T22:05:55Z,ISLAND,21.022112573097083,83.20544184027847,Mode: GENERATOR_ASSIST. V_pcc: 0.903,0
2026-01-01T22:06:00Z,ISLAND,21.007492690056147,83.20544184027847,Mode: ISLAND. V_pcc: 0.903,0
2026-01-01T22:06:05Z,ISLAND,20.99287280701521,83.20544184027847,Mode: ISLAND. V_pcc: 0.903,0
2026-01-01T22:06:10Z,ISLAND,21.029157529237434,83.20544184027847,Mode: GENERATOR_ASSIST. V_pcc: 0.903,0
2026-01-01T22:06:15Z,ISLAND,21.014537646196494,83.20544184027847,Mode: ISLAND. V_pcc: 0.903,0
2026-01-01T22:06:20Z,ISLAND,20.99991776315556,83.20544184027847,Mode: ISLAND. V_pcc: 0.903,0
2026-01-01T22:06:25Z,ISLAND,21.036202485377782,83.20544184027847,Mode: GENERATOR_ASSIST. V_pcc: 0.903,0
2026-01-01T22:06:30Z,ISLAND,21.021582602336846,83.20544184027847,Mode: ISLAND. V_pcc: 0.903,0
2026-01-01T22:06:35Z,ISLAND,21.00696271929591,83.20544184027847,Mode: ISLAND. V_pcc: 0.903,0
2026-01-01T22:06:40Z,ISLAND,20.992342836254974,83.20544184027847,Mode: ISLAND. V_pcc: 0.903,0
2026-01-01T22:06:45Z,ISLAND,21.028627558477194,83.20544184027847,Mode: GENERATOR_ASSIST. V_pcc: 0.903,0
2026-01-01T22:06:50Z,ISLAND,21.014007675436257,83.20544184027847,Mode: ISLAND. V_pcc: 0.903,0
2026-01-01T22:06:55Z,ISLAND,20.999387792395325,83.20544184027847,Mode: ISLAND. V_pcc: 0.903,0
2026-01-01T22:07:00Z,ISLAND,21.035672514617545,83.20544184027847,Mode: GENERATOR_ASSIST. V_pcc: 0.903,0
2026-01-01T22:07:05Z,ISLAND,21.02105263157661,83.20544184027847,Mode: ISLAND. V_pcc: 0.903,0
2026-01-01T22:07:10Z,ISLAND,21.006432748535673,83.20544184027847,Mode: ISLAND. V_pcc: 0.903,0
2026-01-01T22:07:15Z,ISLAND,20.991812865494737,83.20544184027847,Mode: ISLAND. V_pcc: 0.903,0
2026-01-01T22:07:20Z,ISLAND,21.02809758771696,83.20544184027847,Mode: GENERATOR_ASSIST. V_pcc: 0.903,0
2026-01-01T22:07:25Z,ISLAND,21.013477704676024,83.20544184027847,Mode: ISLAND. V_pcc: 0.903,0
2026-01-01T22:07:30Z,ISLAND,20.998857821635085,83.20544184027847,Mode: ISLAND. V_pcc: 0.903,0
2026-01-01T22:07:35Z,ISLAND,21.035142543857308,83.20544184027847,Mode: GENERATOR_ASSIST. V_pcc: 0.903,0
2026-01-01T22:07:40Z,ISLAND,21.020522660816372,83.20544184027847,Mode: ISLAND. V_pcc: 0.903,0
2026-01-01T22:07:45Z,ISLAND,21.005902777775436,83.20544184027847,Mode: ISLAND. V_pcc: 0.903,0
2026-01-01T22:07:50Z,ISLAND,20.9912828947345,83.20544184027847,Mode: ISLAND. V_pcc: 0.903,0
2026-01-01T22:07:55Z,ISLAND,21.027567616956723,83.20544184027847,Mode: GENERATOR_ASSIST. V_pcc: 0.903,0
2026-01-01T22:08:00Z,ISLAND,21.012947733915784,83.20544184027847,Mode: ISLAND. V_pcc: 0.903,0
2026-01-01T22:08:05Z,ISLAND,20.998327850874848,83.20544184027847,Mode: ISLAND. V_pcc: 0.904,0
2026-01-01T22:08:10Z,ISLAND,21.03461257309707,83.20544184027847,Mode: GENERATOR_ASSIST. V_pcc: 0.904,0
2026-01-01T22:08:15Z,ISLAND,21.019992690056135,83.20544184027847,Mode: ISLAND. V_pcc: 0.904,0
2026-01-01T22:08:20Z,ISLAND,21.0053728070152,83.20544184027847,Mode: ISLAND. V_pcc: 0.904,0
2026-01-01T22:08:25Z,ISLAND,20.990752923974263,83.20544184027847,Mode: ISLAND. V_pcc: 0.904,0
2026-01-01T22:08:30Z,ISLAND,21.027037646196483,83.20544184027847,Mode: GENERATOR_ASSIST. V_pcc: 0.904,0
2026-01-01T22:08:35Z,ISLAND,21.01241776315555,83.20544184027847,Mode: ISLAND. V_pcc: 0.904,0
2026-01-01T22:08:40Z,ISLAND,20.997797880114614,83.20544184027847,Mode: ISLAND. V_pcc: 0.904,0
2026-01-01T22:08:45Z,ISLAND,21.034082602336834,83.20544184027847,Mode: GENERATOR_ASSIST. V_pcc: 0.904,0
2026-01-01T22:08:50Z,ISLAND,21.0194627192959,83.20544184027847,Mode: ISLAND. V_pcc: 0.904,0
2026-01-01T22:08:55Z,ISLAND,21.004842836254962,83.20544184027847,Mode: ISLAND. V_pcc: 0.904,0
2026-01-01T22:09:00Z,ISLAND,20.990222953214026,83.20544184027847,Mode: ISLAND. V_pcc: 0.904,0
2026-01-01T22:09:05Z,ISLAND,21.02650767543625,83.20544184027847,Mode: GENERATOR_ASSIST. V_pcc: 0.904,0
2026-01-01T22:09:10Z,ISLAND,21.011887792395314,83.20544184027847,Mode: ISLAND. V_pcc: 0.904,0
2026-01-01T22:09:15Z,ISLAND,20.997267909354374,83.20544184027847,Mode: ISLAND. V_pcc: 0.904,0
2026-01-01T22:09:20Z,ISLAND,21.033552631576597,83.20544184027847,Mode: GENERATOR_ASSIST. V_pcc: 0.904,0
2026-01-01T22:09:25Z,ISLAND,21.01893274853566,83.20544184027847,Mode: ISLAND. V_pcc: 0.904,0
2026-01-01T22:09:30Z,ISLAND,21.004312865494725,83.20544184027847,Mode: ISLAND. V_pcc: 0.904,0
2026-01-01T22:09:35Z,ISLAND,20.98969298245379,83.20544184027847,Mode: ISLAND. V_pcc: 0.904,0
2026-01-01T22:09:40Z,ISLAND,21.02597770467601,83.20544184027847,Mode: GENERATOR_ASSIST. V_pcc: 0.904,0
2026-01-01T22:09:45Z,ISLAND,21.011357821635073,83.20544184027847,Mode: ISLAND. V_pcc: 0.904,0
2026-01-01T22:09:50Z,ISLAND,20.99673793859414,83.20544184027847,Mode: ISLAND. V_pcc: 0.904,0
2026-01-01T22:09:55Z,ISLAND,21.03302266081636,83.20544184027847,Mode: GENERATOR_ASSIST. V_pcc: 0.904,0
2026-01-01T22:10:00Z,ISLAND,21.018402777775425,83.20544184027847,Mode: ISLAND. V_pcc: 0.904,0
2026-01-01T22:10:05Z,ISLAND,21.00378289473449,83.20544184027847,Mode: ISLAND. V_pcc: 0.905,0
2026-01-01T22:10:10Z,ISLAND,20.989163011693552,83.20544184027847,Mode: ISLAND. V_pcc: 0.905,0
2026-01-01T22:10:15Z,ISLAND,21.025447733915776,83.20544184027847,Mode: GENERATOR_ASSIST. V_pcc: 0.905,0
2026-01-01T22:10:20Z,ISLAND,21.01082785087484,83.20544184027847,Mode: ISLAND. V_pcc: 0.905,0
2026-01-01T22:10:25Z,ISLAND,20.996207967833904,83.20544184027847,Mode: ISLAND. V_pcc: 0.905,0
2026-01-01T22:10:30Z,ISLAND,21.032492690056124,83.20544184027847,Mode: GENERATOR_ASSIST. V_pcc: 0.905,0
2026-01-01T22:10:35Z,ISLAND,21.017872807015188,83.20544184027847,Mode: ISLAND. V_pcc: 0.905,0
2026-01-01T22:10:40Z,ISLAND,21.00325292397425,83.20544184027847,Mode: ISLAND. V_pcc: 0.905,0
2026-01-01T22:10:45Z,ISLAND,20.988633040933315,83.20544184027847,Mode: ISLAND. V_pcc: 0.905,0
2026-01-01T22:10:50Z,ISLAND,21.024917763155536,83.20544184027847,Mode: GENERATOR_ASSIST. V_pcc: 0.905,0
2026-01-01T22:10:55Z,ISLAND,21.0102978801146,83.20544184027847,Mode: ISLAND. V_pcc: 0.905,0
2026-01-01T22:11:00Z,ISLAND,20.995677997073663,83.20544184027847,Mode: ISLAND. V_pcc: 0.905,0
2026-01-01T22:11:05Z,ISLAND,21.031962719295887,83.20544184027847,Mode: GENERATOR_ASSIST. V_pcc: 0.905,0
2026-01-01T22:11:10Z,ISLAND,21.01734283625495,83.20544184027847,Mode: ISLAND. V_pcc: 0.905,0
2026-01-01T22:11:15Z,ISLAND,21.002722953214015,83.20544184027847,Mode: ISLAND. V_pcc: 0.905,0
2026-01-01T22:11:20Z,ISLAND,20.98810307017308,83.20544184027847,Mode: ISLAND. V_pcc: 0.905,0
2026-01-01T22:11:25Z,ISLAND,21.0243877923953,83.20544184027847,Mode: GENERATOR_ASSIST. V_pcc: 0.905,0
2026-01-01T22:11:30Z,ISLAND,21.009767909354366,83.20544184027847,Mode: ISLAND. V_pcc: 0.905,0
2026-01-01T22:11:35Z,ISLAND,20.99514802631343,83.20544184027847,Mode: ISLAND. V_pcc: 0.905,0
2026-01-01T22:11:40Z,ISLAND,21.03143274853565,83.20544184027847,Mode: GENERATOR_ASSIST. V_pcc: 0.905,0
2026-01-01T22:11:45Z,ISLAND,21.016812865494714,83.20544184027847,Mode: ISLAND. V_pcc: 0.905,0
2026-01-01T22:11:50Z,ISLAND,21.002192982453778,83.20544184027847,Mode: ISLAND. V_pcc: 0.905,0
2026-01-01T22:11:55Z,ISLAND,20.98757309941284,83.20544184027847,Mode: ISLAND. V_pcc: 0.905,0
2026-01-01T22:12:00Z,ISLAND,21.023857821635065,83.20544184027847,Mode: GENERATOR_ASSIST. V_pcc: 0.905,0
2026-01-01T22:12:05Z,ISLAND,21.009237938594126,83.20544184027847,Mode: ISLAND. V_pcc: 0.905,0
2026-01-01T22:12:10Z,ISLAND,20.99461805555319,83.20544184027847,Mode: ISLAND. V_pcc: 0.905,0
2026-01-01T22:12:15Z,ISLAND,21.030902777775413,83.20544184027847,Mode: GENERATOR_ASSIST. V_pcc: 0.905,0
2026-01-01T22:12:20Z,ISLAND,21.016282894734477,83.20544184027847,Mode: ISLAND. V_pcc: 0.905,0
2026-01-01T22:12:25Z,ISLAND,21.00166301169354,83.20544184027847,Mode: ISLAND. V_pcc: 0.905,0
2026-01-01T22:12:30Z,ISLAND,20.987043128652605,83.20544184027847,Mode: ISLAND. V_pcc: 0.905,0
2026-01-01T22:12:35Z,ISLAND,21.023327850874825,83.20544184027847,Mode: GENERATOR_ASSIST. V_pcc: 0.905,0
2026-01-01T22:12:40Z,ISLAND,21.00870796783389,83.20544184027847,Mode: ISLAND. V_pcc: 0.905,0
2026-01-01T22:12:45Z,ISLAND,20.994088084792956,83.20544184027847,Mode: ISLAND. V_pcc: 0.905,0
2026-01-01T22:12:50Z,ISLAND,21.030372807015176,83.20544184027847,Mode: GENERATOR_ASSIST. V_pcc: 0.905,0
2026-01-01T22:12:55Z,ISLAND,21.01575292397424,83.20544184027847,Mode: ISLAND. V_pcc: 0.905,0
2026-01-01T22:13:00Z,ISLAND,21.001133040933304,83.20544184027847,Mode: ISLAND. V_pcc: 0.905,0
2026-01-01T22:13:05Z,ISLAND,20.986513157892368,83.20544184027847,Mode: ISLAND. V_pcc: 0.906,0
2026-01-01T22:13:10Z,ISLAND,21.02279788011459,83.20544184027847,Mode: GENERATOR_ASSIST. V_pcc: 0.906,0
2026-01-01T22:13:15Z,ISLAND,21.008177997073656,83.20544184027847,Mode: ISLAND. V_pcc: 0.906,0
2026-01-01T22:13:20Z,ISLAND,20.993558114032716,83.20544184027847,Mode: ISLAND. V_pcc: 0.906,0
2026-01-01T22:13:25Z,ISLAND,21.02984283625494,83.20544184027847,Mode: GENERATOR_ASSIST. V_pcc: 0.906,0
2026-01-01T22:13:30Z,ISLAND,21.015222953214003,83.20544184027847,Mode: ISLAND. V_pcc: 0.906,0
2026-01-01T22:13:35Z,ISLAND,21.000603070173067,83.20544184027847,Mode: ISLAND. V_pcc: 0.906,0
2026-01-01T22:13:40Z,ISLAND,20.98598318713213,83.20544184027847,Mode: ISLAND. V_pcc: 0.906,0
2026-01-01T22:13:45Z,ISLAND,21.022267909354355,83.20544184027847,Mode: GENERATOR_ASSIST. V_pcc: 0.906,0
2026-01-01T22:13:50Z,ISLAND,21.007648026313415,83.20544184027847,Mode: ISLAND. V_pcc: 0.906,0
2026-01-01T22:13:55Z,ISLAND,20.99302814327248,83.20544184027847,Mode: ISLAND. V_pcc: 0.906,0
2026-01-01T22:14:00Z,ISLAND,21.029312865494703,83.20544184027847,Mode: GENERATOR_ASSIST. V_pcc: 0.906,0
2026-01-01T22:14:05Z,ISLAND,21.014692982453766,83.20544184027847,Mode: ISLAND. V_pcc: 0.906,0
2026-01-01T22:14:10Z,ISLAND,21.00007309941283,83.20544184027847,Mode: ISLAND. V_pcc: 0.906,0
2026-01-01T22:14:15Z,ISLAND,20.985453216371894,83.20544184027847,Mode: ISLAND. V_pcc: 0.906,0
2026-01-01T22:14:20Z,ISLAND,21.021737938594114,83.20544184027847,Mode: GENERATOR_ASSIST. V_pcc: 0.906,0
2026-01-01T22:14:25Z,ISLAND,21.007118055553182,83.20544184027847,Mode: ISLAND. V_pcc: 0.906,0
2026-01-01T22:14:30Z,ISLAND,20.992498172512246,83.20544184027847,Mode: ISLAND. V_pcc: 0.906,0
2026-01-01T22:14:35Z,ISLAND,21.028782894734466,83.20544184027847,Mode: GENERATOR_ASSIST. V_pcc: 0.906,0
2026-01-01T22:14:40Z,ISLAND,21.01416301169353,83.20544184027847,Mode: ISLAND. V_pcc: 0.906,0
2026-01-01T22:14:45Z,ISLAND,20.999543128652594,83.20544184027847,Mode: ISLAND. V_pcc: 0.906,0
2026-01-01T22:14:50Z,ISLAND,21.035827850874817,83.20544184027847,Mode: GENERATOR_ASSIST. V_pcc: 0.906,0
2026-01-01T22:14:55Z,ISLAND,21.02120796783388,83.20544184027847,Mode: ISLAND. V_pcc: 0.906,0
2026-01-01T22:15:00Z,ISLAND,21.006588084792945,82.90899392361206,Mode: ISLAND. V_pcc: 0.906,0
2026-01-01T22:15:05Z,ISLAND,20.991968201752005,82.90899392361206,Mode: ISLAND. V_pcc: 0.907,0
2026-01-01T22:15:10Z,ISLAND,21.02825292397423,82.90899392361206,Mode: GENERATOR_ASSIST. V_pcc: 0.907,0
2026-01-01T22:15:15Z,ISLAND,21.013633040933293,82.90899392361206,Mode: ISLAND. V_pcc: 0.907,0
2026-01-01T22:15:20Z,ISLAND,20.999013157892357,82.90899392361206,Mode: ISLAND. V_pcc: 0.907,0
2026-01-01T22:15:25Z,ISLAND,21.035297880114577,82.90899392361206,Mode: GENERATOR_ASSIST. V_pcc: 0.907,0
2026-01-01T22:15:30Z,ISLAND,21.02067799707364,82.90899392361206,Mode: ISLAND. V_pcc: 0.907,0
2026-01-01T22:15:35Z,ISLAND,21.006058114032705,82.90899392361206,Mode: ISLAND. V_pcc: 0.907,0
2026-01-01T22:15:40Z,ISLAND,20.991438230991772,82.90899392361206,Mode: ISLAND. V_pcc: 0.907,0
2026-01-01T22:15:45Z,ISLAND,21.027722953213992,82.90899392361206,Mode: GENERATOR_ASSIST. V_pcc: 0.907,0
2026-01-01T22:15:50Z,ISLAND,21.013103070173056,82.90899392361206,Mode: ISLAND. V_pcc: 0.907,0
2026-01-01T22:15:55Z,ISLAND,20.99848318713212,82.90899392361206,Mode: ISLAND. V_pcc: 0.907,0
2026-01-01T22:16:00Z,ISLAND,21.03476790935434,82.90899392361206,Mode: GENERATOR_ASSIST. V_pcc: 0.907,0
2026-01-01T22:16:05Z,ISLAND,21.020148026313407,82.90899392361206,Mode: ISLAND. V_pcc: 0.907,0
2026-01-01T22:16:10Z,ISLAND,21.00552814327247,82.90899392361206,Mode: ISLAND. V_pcc: 0.907,0
2026-01-01T22:16:15Z,ISLAND,20.990908260231535,82.90899392361206,Mode: ISLAND. V_pcc: 0.907,0
2026-01-01T22:16:20Z,ISLAND,21.027192982453755,82.90899392361206,Mode: GENERATOR_ASSIST. V_pcc: 0.907,0
2026-01-01T22:16:25Z,ISLAND,21.01257309941282,82.90899392361206,Mode: ISLAND. V_pcc: 0.907,0
2026-01-01T22:16:30Z,ISLAND,20.997953216371883,82.90899392361206,Mode: ISLAND. V_pcc: 0.907,0
2026-01-01T22:16:35Z,ISLAND,21.034237938594107,82.90899392361206,Mode: GENERATOR_ASSIST. V_pcc: 0.907,0
2026-01-01T22:16:40Z,ISLAND,21.019618055553167,82.90899392361206,Mode: ISLAND. V_pcc: 0.907,0
2026-01-01T22:16:45Z,ISLAND,21.00499817251223,82.90899392361206,Mode: ISLAND. V_pcc: 0.907,0
2026-01-01T22:16:50Z,ISLAND,20.990378289471295,82.90899392361206,Mode: ISLAND. V_pcc: 0.907,0
2026-01-01T22:16:55Z,ISLAND,21.02666301169352,82.90899392361206,Mode: GENERATOR_ASSIST. V_pcc: 0.907,0
2026-01-01T22:17:00Z,ISLAND,21.012043128652582,82.90899392361206,Mode: ISLAND. V_pcc: 0.907,0
2026-01-01T22:17:05Z,ISLAND,20.997423245611646,82.90899392361206,Mode: ISLAND. V_pcc: 0.908,0
2026-01-01T22:17:10Z,ISLAND,21.033707967833866,82.90899392361206,Mode: GENERATOR_ASSIST. V_pcc: 0.908,0
2026-01-01T22:17:15Z,ISLAND,21.01908808479293,82.90899392361206,Mode: ISLAND. V_pcc: 0.908,0
2026-01-01T22:17:20Z,ISLAND,21.004468201751997,82.90899392361206,Mode: ISLAND. V_pcc: 0.908,0
2026-01-01T22:17:25Z,ISLAND,20.98984831871106,82.90899392361206,Mode: ISLAND. V_pcc: 0.908,0
2026-01-01T22:17:30Z,ISLAND,21.02613304093328,82.90899392361206,Mode: GENERATOR_ASSIST. V_pcc: 0.908,0
2026-01-01T22:17:35Z,ISLAND,21.011513157892345,82.90899392361206,Mode: ISLAND. V_pcc: 0.908,0
2026-01-01T22:17:40Z,ISLAND,20.99689327485141,82.90899392361206,Mode: ISLAND. V_pcc: 0.908,0
2026-01-01T22:17:45Z,ISLAND,21.033177997073633,82.90899392361206,Mode: GENERATOR_ASSIST. V_pcc: 0.908,0
2026-01-01T22:17:50Z,ISLAND,21.018558114032697,82.90899392361206,Mode: ISLAND. V_pcc: 0.908,0
2026-01-01T22:17:55Z,ISLAND,21.003938230991757,82.90899392361206,Mode: ISLAND. V_pcc: 0.908,0
2026-01-01T22:18:00Z,ISLAND,20.98931834795082,82.90899392361206,Mode: ISLAND. V_pcc: 0.908,0
2026-01-01T22:18:05Z,ISLAND,21.025603070173045,82.90899392361206,Mode: GENERATOR_ASSIST. V_pcc: 0.908,0
2026-01-01T22:18:10Z,ISLAND,21.01098318713211,82.90899392361206,Mode: ISLAND. V_pcc: 0.908,0
2026-01-01T22:18:15Z,ISLAND,20.996363304091172,82.90899392361206,Mode: ISLAND. V_pcc: 0.908,0
2026-01-01T22:18:20Z,ISLAND,21.032648026313396,82.90899392361206,Mode: GENERATOR_ASSIST. V_pcc: 0.908,0
2026-01-01T22:18:25Z,ISLAND,21.018028143272456,82.90899392361206,Mode: ISLAND. V_pcc: 0.908,0
2026-01-01T22:18:30Z,ISLAND,21.00340826023152,82.90899392361206,Mode: ISLAND. V_pcc: 0.908,0
2026-01-01T22:18:35Z,ISLAND,20.988788377190588,82.90899392361206,Mode: ISLAND. V_pcc: 0.908,0
2026-01-01T22:18:40Z,ISLAND,21.025073099412808,82.90899392361206,Mode: GENERATOR_ASSIST. V_pcc: 0.908,0
2026-01-01T22:18:45Z,ISLAND,21.01045321637187,82.90899392361206,Mode: ISLAND. V_pcc: 0.908,0
2026-01-01T22:18:50Z,ISLAND,20.995833333330935,82.90899392361206,Mode: ISLAND. V_pcc: 0.908,0
2026-01-01T22:18:55Z,ISLAND,21.032118055553156,82.90899392361206,Mode: GENERATOR_ASSIST. V_pcc: 0.908,0
2026-01-01T22:19:00Z,ISLAND,21.017498172512223,82.90899392361206,Mode: ISLAND. V_pcc: 0.908,0
2026-01-01T22:19:05Z,ISLAND,21.002878289471287,82.90899392361206,Mode: ISLAND. V_pcc: 0.908,0
2026-01-01T22:19:10Z,ISLAND,20.988258406430347,82.90899392361206,Mode: ISLAND. V_pcc: 0.908,0
2026-01-01T22:19:15Z,ISLAND,21.02454312865257,82.90899392361206,Mode: GENERATOR_ASSIST. V_pcc: 0.908,0
2026-01-01T22:19:20Z,ISLAND,21.009923245611635,82.90899392361206,Mode: ISLAND. V_pcc: 0.908,0
2026-01-01T22:19:25Z,ISLAND,20.9953033625707,82.90899392361206,Mode: ISLAND. V_pcc: 0.908,0
2026-01-01T22:19:30Z,ISLAND,21.031588084792922,82.90899392361206,Mode: GENERATOR_ASSIST. V_pcc: 0.908,0
2026-01-01T22:19:35Z,ISLAND,21.016968201751986,82.90899392361206,Mode: ISLAND. V_pcc: 0.908,0
2026-01-01T22:19:40Z,ISLAND,21.002348318711046,82.90899392361206,Mode: ISLAND. V_pcc: 0.908,0
2026-01-01T22:19:45Z,ISLAND,20.98772843567011,82.90899392361206,Mode: ISLAND. V_pcc: 0.908,0
2026-01-01T22:19:50Z,ISLAND,21.024013157892334,82.90899392361206,Mode: GENERATOR_ASSIST. V_pcc: 0.908,0
2026-01-01T22:19:55Z,ISLAND,21.009393274851398,82.90899392361206,Mode: ISLAND. V_pcc: 0.908,0
2026-01-01T22:20:00Z,ISLAND,20.99477339181046,82.90899392361206,Mode: ISLAND. V_pcc: 0.908,0
2026-01-01T22:20:05Z,ISLAND,21.03105811403268,82.90899392361206,Mode: GENERATOR_ASSIST. V_pcc: 0.909,0
2026-01-01T22:20:10Z,ISLAND,21.016438230991746,82.90899392361206,Mode: ISLAND. V_pcc: 0.909,0
2026-01-01T22:20:15Z,ISLAND,21.001818347950813,82.90899392361206,Mode: ISLAND. V_pcc: 0.909,0
2026-01-01T22:20:20Z,ISLAND,20.987198464909877,82.90899392361206,Mode: ISLAND. V_pcc: 0.909,0
2026-01-01T22:20:25Z,ISLAND,21.023483187132097,82.90899392361206,Mode: GENERATOR_ASSIST. V_pcc: 0.909,0
2026-01-01T22:20:30Z,ISLAND,21.00886330409116,82.90899392361206,Mode: ISLAND. V_pcc: 0.909,0
2026-01-01T22:20:35Z,ISLAND,20.994243421050225,82.90899392361206,Mode: ISLAND. V_pcc: 0.909,0
2026-01-01T22:20:40Z,ISLAND,21.03052814327245,82.90899392361206,Mode: GENERATOR_ASSIST. V_pcc: 0.909,0
2026-01-01T22:20:45Z,ISLAND,21.015908260231512,82.90899392361206,Mode: ISLAND. V_pcc: 0.909,0
2026-01-01T22:20:50Z,ISLAND,21.001288377190576,82.90899392361206,Mode: ISLAND. V_pcc: 0.909,0
2026-01-01T22:20:55Z,ISLAND,20.986668494149637,82.90899392361206,Mode: ISLAND. V_pcc: 0.909,0
2026-01-01T22:21:00Z,ISLAND,21.02295321637186,82.90899392361206,Mode: GENERATOR_ASSIST. V_pcc: 0.909,0
2026-01-01T22:21:05Z,ISLAND,21.008333333330924,82.90899392361206,Mode: ISLAND. V_pcc: 0.909,0
2026-01-01T22:21:10Z,ISLAND,20.993713450289988,82.90899392361206,Mode: ISLAND. V_pcc: 0.909,0
2026-01-01T22:21:15Z,ISLAND,21.029998172512208,82.90899392361206,Mode: GENERATOR_ASSIST. V_pcc: 0.909,0
2026-01-01T22:21:20Z,ISLAND,21.015378289471272,82.90899392361206,Mode: ISLAND. V_pcc: 0.909,0
2026-01-01T22:21:25Z,ISLAND,21.000758406430336,82.90899392361206,Mode: ISLAND. V_pcc: 0.909,0
2026-01-01T22:21:30Z,ISLAND,20.986138523389403,82.90899392361206,Mode: ISLAND. V_pcc: 0.909,0
2026-01-01T22:21:35Z,ISLAND,21.022423245611623,82.90899392361206,Mode: GENERATOR_ASSIST. V_pcc: 0.909,0
2026-01-01T22:21:40Z,ISLAND,21.007803362570687,82.90899392361206,Mode: ISLAND. V_pcc: 0.909,0
2026-01-01T22:21:45Z,ISLAND,20.99318347952975,82.90899392361206,Mode: ISLAND. V_pcc: 0.909,0
2026-01-01T22:21:50Z,ISLAND,21.02946820175197,82.90899392361206,Mode: GENERATOR_ASSIST. V_pcc: 0.909,0
2026-01-01T22:21:55Z,ISLAND,21.01484831871104,82.90899392361206,Mode: ISLAND. V_pcc: 0.909,0
2026-01-01T22:22:00Z,ISLAND,21.000228435670103,82.90899392361206,Mode: ISLAND. V_pcc: 0.909,0
2026-01-01T22:22:05Z,ISLAND,20.985608552629166,82.90899392361206,Mode: ISLAND. V_pcc: 0.910,0
2026-01-01T22:22:10Z,ISLAND,21.021893274851386,82.90899392361206,Mode: GENERATOR_ASSIST. V_pcc: 0.910,0
2026-01-01T22:22:15Z,ISLAND,21.00727339181045,82.90899392361206,Mode: ISLAND. V_pcc: 0.910,0
2026-01-01T22:22:20Z,ISLAND,20.992653508769514,82.90899392361206,Mode: ISLAND. V_pcc: 0.910,0
2026-01-01T22:22:25Z,ISLAND,21.028938230991738,82.90899392361206,Mode: GENERATOR_ASSIST. V_pcc: 0.910,0
2026-01-01T22:22:30Z,ISLAND,21.0143183479508,82.90899392361206,Mode: ISLAND. V_pcc: 0.910,0
2026-01-01T22:22:35Z,ISLAND,20.999698464909862,82.90899392361206,Mode: ISLAND. V_pcc: 0.910,0
2026-01-01T22:22:40Z,ISLAND,21.035983187132086,82.90899392361206,Mode: GENERATOR_ASSIST. V_pcc: 0.910,0
2026-01-01T22:22:45Z,ISLAND,21.02136330409115,82.90899392361206,Mode: ISLAND. V_pcc: 0.910,0
2026-01-01T22:22:50Z,ISLAND,21.006743421050214,82.90899392361206,Mode: ISLAND. V_pcc: 0.910,0
2026-01-01T22:22:55Z,ISLAND,20.992123538009277,82.90899392361206,Mode: ISLAND. V_pcc: 0.910,0
2026-01-01T22:23:00Z,ISLAND,21.028408260231497,82.90899392361206,Mode: GENERATOR_ASSIST. V_pcc: 0.910,0
2026-01-01T22:23:05Z,ISLAND,21.01378837719056,82.90899392361206,Mode: ISLAND. V_pcc: 0.910,0
2026-01-01T22:23:10Z,ISLAND,20.99916849414963,82.90899392361206,Mode: ISLAND. V_pcc: 0.910,0
2026-01-01T22:23:15Z,ISLAND,21.03545321637185,82.90899392361206,Mode: GENERATOR_ASSIST. V_pcc: 0.910,0
2026-01-01T22:23:20Z,ISLAND,21.020833333330913,82.90899392361206,Mode: ISLAND. V_pcc: 0.910,0
2026-01-01T22:23:25Z,ISLAND,21.006213450289977,82.90899392361206,Mode: ISLAND. V_pcc: 0.910,0
2026-01-01T22:23:30Z,ISLAND,20.99159356724904,82.90899392361206,Mode: ISLAND. V_pcc: 0.910,0
2026-01-01T22:23:35Z,ISLAND,21.027878289471264,82.90899392361206,Mode: GENERATOR_ASSIST. V_pcc: 0.910,0
2026-01-01T22:23:40Z,ISLAND,21.013258406430328,82.90899392361206,Mode: ISLAND. V_pcc: 0.910,0
2026-01-01T22:23:45Z,ISLAND,20.99863852338939,82.90899392361206,Mode: ISLAND. V_pcc: 0.910,0
2026-01-01T22:23:50Z,ISLAND,21.034923245611612,82.90899392361206,Mode: GENERATOR_ASSIST. V_pcc: 0.910,0
2026-01-01T22:23:55Z,ISLAND,21.020303362570676,82.90899392361206,Mode: ISLAND. V_pcc: 0.910,0
2026-01-01T22:24:00Z,ISLAND,21.00568347952974,82.90899392361206,Mode: ISLAND. V_pcc: 0.910,0
2026-01-01T22:24:05Z,ISLAND,20.991063596488804,82.90899392361206,Mode: ISLAND. V_pcc: 0.911,0
2026-01-01T22:24:10Z,ISLAND,21.027348318711027,82.90899392361206,Mode: GENERATOR_ASSIST. V_pcc: 0.911,0
2026-01-01T22:24:15Z,ISLAND,21.012728435670088,82.90899392361206,Mode: ISLAND. V_pcc: 0.911,0
2026-01-01T22:24:20Z,ISLAND,20.99810855262915,82.90899392361206,Mode: ISLAND. V_pcc: 0.911,0
2026-01-01T22:24:25Z,ISLAND,21.034393274851375,82.90899392361206,Mode: GENERATOR_ASSIST. V_pcc: 0.911,0
2026-01-01T22:24:30Z,ISLAND,21.01977339181044,82.90899392361206,Mode: ISLAND. V_pcc: 0.911,0
2026-01-01T22:24:35Z,ISLAND,21.005153508769503,82.90899392361206,Mode: ISLAND. V_pcc: 0.911,0
2026-01-01T22:24:40Z,ISLAND,20.990533625728567,82.90899392361206,Mode: ISLAND. V_pcc: 0.911,0
2026-01-01T22:24:45Z,ISLAND,21.026818347950787,82.90899392361206,Mode: GENERATOR_ASSIST. V_pcc: 0.911,0
2026-01-01T22:24:50Z,ISLAND,21.012198464909854,82.90899392361206,Mode: ISLAND. V_pcc: 0.911,0
2026-01-01T22:24:55Z,ISLAND,20.99757858186892,82.90899392361206,Mode: ISLAND. V_pcc: 0.911,0
2026-01-01T22:25:00Z,ISLAND,21.03386330409114,82.90899392361206,Mode: GENERATOR_ASSIST. V_pcc: 0.911,0
2026-01-01T22:25:05Z,ISLAND,21.019243421050202,82.90899392361206,Mode: ISLAND. V_pcc: 0.911,0
2026-01-01T22:25:10Z,ISLAND,21.004623538009266,82.90899392361206,Mode: ISLAND. V_pcc: 0.911,0
2026-01-01T22:25:15Z,ISLAND,20.99000365496833,82.90899392361206,Mode: ISLAND. V_pcc: 0.911,0
2026-01-01T22:25:20Z,ISLAND,21.026288377190554,82.90899392361206,Mode: GENERATOR_ASSIST. V_pcc: 0.911,0
2026-01-01T22:25:25Z,ISLAND,21.011668494149617,82.90899392361206,Mode: ISLAND. V_pcc: 0.911,0
2026-01-01T22:25:30Z,ISLAND,20.997048611108678,82.90899392361206,Mode: ISLAND. V_pcc: 0.911,0
2026-01-01T22:25:35Z,ISLAND,21.0333333333309,82.90899392361206,Mode: GENERATOR_ASSIST. V_pcc: 0.911,0
2026-01-01T22:25:40Z,ISLAND,21.018713450289965,82.90899392361206,Mode: ISLAND. V_pcc: 0.911,0
2026-01-01T22:25:45Z,ISLAND,21.00409356724903,82.90899392361206,Mode: ISLAND. V_pcc: 0.911,0
2026-01-01T22:25:50Z,ISLAND,20.989473684208093,82.90899392361206,Mode: ISLAND. V_pcc: 0.911,0
2026-01-01T22:25:55Z,ISLAND,21.025758406430313,82.90899392361206,Mode: GENERATOR_ASSIST. V_pcc: 0.911,0
2026-01-01T22:26:00Z,ISLAND,21.011138523389377,82.90899392361206,Mode: ISLAND. V_pcc: 0.911,0
2026-01-01T22:26:05Z,ISLAND,20.996518640348445,82.90899392361206,Mode: ISLAND. V_pcc: 0.911,0
2026-01-01T22:26:10Z,ISLAND,21.032803362570665,82.90899392361206,Mode: GENERATOR_ASSIST. V_pcc: 0.911,0
2026-01-01T22:26:15Z,ISLAND,21.01818347952973,82.90899392361206,Mode: ISLAND. V_pcc: 0.911,0
2026-01-01T22:26:20Z,ISLAND,21.003563596488792,82.90899392361206,Mode: ISLAND. V_pcc: 0.911,0
2026-01-01T22:26:25Z,ISLAND,20.988943713447856,82.90899392361206,Mode: ISLAND. V_pcc: 0.911,0
2026-01-01T22:26:30Z,ISLAND,21.02522843567008,82.90899392361206,Mode: GENERATOR_ASSIST. V_pcc: 0.911,0
2026-01-01T22:26:35Z,ISLAND,21.010608552629144,82.90899392361206,Mode: ISLAND. V_pcc: 0.911,0
2026-01-01T22:26:40Z,ISLAND,20.995988669588208,82.90899392361206,Mode: ISLAND. V_pcc: 0.911,0
2026-01-01T22:26:45Z,ISLAND,21.032273391810428,82.90899392361206,Mode: GENERATOR_ASSIST. V_pcc: 0.911,0
2026-01-01T22:26:50Z,ISLAND,21.01765350876949,82.90899392361206,Mode: ISLAND. V_pcc: 0.911,0
2026-01-01T22:26:55Z,ISLAND,21.003033625728555,82.90899392361206,Mode: ISLAND. V_pcc: 0.911,0
2026-01-01T22:27:00Z,ISLAND,20.98841374268762,82.90899392361206,Mode: ISLAND. V_pcc: 0.911,0
2026-01-01T22:27:05Z,ISLAND,21.02469846490984,82.90899392361206,Mode: GENERATOR_ASSIST. V_pcc: 0.912,0
2026-01-01T22:27:10Z,ISLAND,21.010078581868903,82.90899392361206,Mode: ISLAND. V_pcc: 0.912,0
2026-01-01T22:27:15Z,ISLAND,20.995458698827967,82.90899392361206,Mode: ISLAND. V_pcc: 0.912,0
2026-01-01T22:27:20Z,ISLAND,21.03174342105019,82.90899392361206,Mode: GENERATOR_ASSIST. V_pcc: 0.912,0
2026-01-01T22:27:25Z,ISLAND,21.017123538009255,82.90899392361206,Mode: ISLAND. V_pcc: 0.912,0
2026-01-01T22:27:30Z,ISLAND,21.00250365496832,82.90899392361206,Mode: ISLAND. V_pcc: 0.912,0
2026-01-01T22:27:35Z,ISLAND,20.987883771927383,82.90899392361206,Mode: ISLAND. V_pcc: 0.912,0
2026-01-01T22:27:40Z,ISLAND,21.024168494149603,82.90899392361206,Mode: GENERATOR_ASSIST. V_pcc: 0.912,0
2026-01-01T22:27:45Z,ISLAND,21.00954861110867,82.90899392361206,Mode: ISLAND. V_pcc: 0.912,0
2026-01-01T22:27:50Z,ISLAND,20.994928728067734,82.90899392361206,Mode: ISLAND. V_pcc: 0.912,0
2026-01-01T22:27:55Z,ISLAND,21.031213450289954,82.90899392361206,Mode: GENERATOR_ASSIST. V_pcc: 0.912,0
2026-01-01T22:28:00Z,ISLAND,21.016593567249018,82.90899392361206,Mode: ISLAND. V_pcc: 0.912,0
2026-01-01T22:28:05Z,ISLAND,21.00197368420808,82.90899392361206,Mode: ISLAND. V_pcc: 0.912,0
2026-01-01T22:28:10Z,ISLAND,20.987353801167146,82.90899392361206,Mode: ISLAND. V_pcc: 0.912,0
2026-01-01T22:28:15Z,ISLAND,21.02363852338937,82.90899392361206,Mode: GENERATOR_ASSIST. V_pcc: 0.912,0
2026-01-01T22:28:20Z,ISLAND,21.00901864034843,82.90899392361206,Mode: ISLAND. V_pcc: 0.912,0
2026-01-01T22:28:25Z,ISLAND,20.994398757307493,82.90899392361206,Mode: ISLAND. V_pcc: 0.912,0
2026-01-01T22:28:30Z,ISLAND,21.030683479529717,82.90899392361206,Mode: GENERATOR_ASSIST. V_pcc: 0.912,0
2026-01-01T22:28:35Z,ISLAND,21.01606359648878,82.90899392361206,Mode: ISLAND. V_pcc: 0.912,0
2026-01-01T22:28:40Z,ISLAND,21.001443713447845,82.90899392361206,Mode: ISLAND. V_pcc: 0.912,0
2026-01-01T22:28:45Z,ISLAND,20.98682383040691,82.90899392361206,Mode: ISLAND. V_pcc: 0.912,0
2026-01-01T22:28:50Z,ISLAND,21.02310855262913,82.90899392361206,Mode: GENERATOR_ASSIST. V_pcc: 0.912,0
2026-01-01T22:28:55Z,ISLAND,21.008488669588193,82.90899392361206,Mode: ISLAND. V_pcc: 0.912,0
2026-01-01T22:29:00Z,ISLAND,20.99386878654726,82.90899392361206,Mode: ISLAND. V_pcc: 0.912,0
2026-01-01T22:29:05Z,ISLAND,21.03015350876948,82.90899392361206,Mode: GENERATOR_ASSIST. V_pcc: 0.913,0
2026-01-01T22:29:10Z,ISLAND,21.015533625728544,82.90899392361206,Mode: ISLAND. V_pcc: 0.913,0
2026-01-01T22:29:15Z,ISLAND,21.000913742687608,82.90899392361206,Mode: ISLAND. V_pcc: 0.913,0
2026-01-01T22:29:20Z,ISLAND,20.986293859646672,82.90899392361206,Mode: ISLAND. V_pcc: 0.913,0
2026-01-01T22:29:25Z,ISLAND,21.022578581868895,82.90899392361206,Mode: GENERATOR_ASSIST. V_pcc: 0.913,0
2026-01-01T22:29:30Z,ISLAND,21.00795869882796,82.90899392361206,Mode: ISLAND. V_pcc: 0.913,0
2026-01-01T22:29:35Z,ISLAND,20.99333881578702,82.90899392361206,Mode: ISLAND. V_pcc: 0.913,0
2026-01-01T22:29:40Z,ISLAND,21.029623538009243,82.90899392361206,Mode: GENERATOR_ASSIST. V_pcc: 0.913,0
2026-01-01T22:29:45Z,ISLAND,21.015003654968307,82.90899392361206,Mode: ISLAND. V_pcc: 0.913,0
2026-01-01T22:29:50Z,ISLAND,21.00038377192737,82.90899392361206,Mode: ISLAND. V_pcc: 0.913,0
2026-01-01T22:29:55Z,ISLAND,20.985763888886435,82.90899392361206,Mode: ISLAND. V_pcc: 0.913,0
2026-01-01T22:30:00Z,ISLAND,21.02204861110866,82.61343923611233,Mode: GENERATOR_ASSIST. V_pcc: 0.913,0
2026-01-01T22:30:05Z,ISLAND,21.00742872806772,82.61343923611233,Mode: ISLAND. V_pcc: 0.913,0
2026-01-01T22:30:10Z,ISLAND,20.992808845026783,82.61343923611233,Mode: ISLAND. V_pcc: 0.913,0
2026-01-01T22:30:15Z,ISLAND,21.029093567249006,82.61343923611233,Mode: GENERATOR_ASSIST. V_pcc: 0.913,0
2026-01-01T22:30:20Z,ISLAND,21.01447368420807,82.61343923611233,Mode: ISLAND. V_pcc: 0.913,0
2026-01-01T22:30:25Z,ISLAND,20.999853801167134,82.61343923611233,Mode: ISLAND. V_pcc: 0.913,0
2026-01-01T22:30:30Z,ISLAND,21.036138523389354,82.61343923611233,Mode: GENERATOR_ASSIST. V_pcc: 0.913,0
2026-01-01T22:30:35Z,ISLAND,21.021518640348418,82.61343923611233,Mode: ISLAND. V_pcc: 0.913,0
2026-01-01T22:30:40Z,ISLAND,21.006898757307486,82.61343923611233,Mode: ISLAND. V_pcc: 0.913,0
2026-01-01T22:30:45Z,ISLAND,20.99227887426655,82.61343923611233,Mode: ISLAND. V_pcc: 0.913,0
2026-01-01T22:30:50Z,ISLAND,21.02856359648877,82.61343923611233,Mode: GENERATOR_ASSIST. V_pcc: 0.913,0
2026-01-01T22:30:55Z,ISLAND,21.013943713447834,82.61343923611233,Mode: ISLAND. V_pcc: 0.913,0
2026-01-01T22:31:00Z,ISLAND,20.999323830406897,82.61343923611233,Mode: ISLAND. V_pcc: 0.913,0
2026-01-01T22:31:05Z,ISLAND,21.03560855262912,82.61343923611233,Mode: GENERATOR_ASSIST. V_pcc: 0.913,0
2026-01-01T22:31:10Z,ISLAND,21.020988669588185,82.61343923611233,Mode: ISLAND. V_pcc: 0.913,0
2026-01-01T22:31:15Z,ISLAND,21.00636878654725,82.61343923611233,Mode: ISLAND. V_pcc: 0.913,0
2026-01-01T22:31:20Z,ISLAND,20.99174890350631,82.61343923611233,Mode: ISLAND. V_pcc: 0.913,0
2026-01-01T22:31:25Z,ISLAND,21.028033625728533,82.61343923611233,Mode: GENERATOR_ASSIST. V_pcc: 0.913,0
2026-01-01T22:31:30Z,ISLAND,21.013413742687597,82.61343923611233,Mode: ISLAND. V_pcc: 0.913,0
2026-01-01T22:31:35Z,ISLAND,20.99879385964666,82.61343923611233,Mode: ISLAND. V_pcc: 0.913,0
2026-01-01T22:31:40Z,ISLAND,21.03507858186888,82.61343923611233,Mode: GENERATOR_ASSIST. V_pcc: 0.913,0
2026-01-01T22:31:45Z,ISLAND,21.020458698827944,82.61343923611233,Mode: ISLAND. V_pcc: 0.913,0
2026-01-01T22:31:50Z,ISLAND,21.00583881578701,82.61343923611233,Mode: ISLAND. V_pcc: 0.913,0
2026-01-01T22:31:55Z,ISLAND,20.991218932746076,82.61343923611233,Mode: ISLAND. V_pcc: 0.913,0
2026-01-01T22:32:00Z,ISLAND,21.027503654968296,82.61343923611233,Mode: GENERATOR_ASSIST. V_pcc: 0.913,0
2026-01-01T22:32:05Z,ISLAND,21.01288377192736,82.61343923611233,Mode: ISLAND. V_pcc: 0.914,0
2026-01-01T22:32:10Z,ISLAND,20.998263888886424,82.61343923611233,Mode: ISLAND. V_pcc: 0.914,0
2026-01-01T22:32:15Z,ISLAND,21.034548611108644,82.61343923611233,Mode: GENERATOR_ASSIST. V_pcc: 0.914,0
2026-01-01T22:32:20Z,ISLAND,21.01992872806771,82.61343923611233,Mode: ISLAND. V_pcc: 0.914,0
2026-01-01T22:32:25Z,ISLAND,21.005308845026775,82.61343923611233,Mode: ISLAND. V_pcc: 0.914,0
2026-01-01T22:32:30Z,ISLAND,20.99068896198584,82.61343923611233,Mode: ISLAND. V_pcc: 0.914,0
2026-01-01T22:32:35Z,ISLAND,21.02697368420806,82.61343923611233,Mode: GENERATOR_ASSIST. V_pcc: 0.914,0
2026-01-01T22:32:40Z,ISLAND,21.012353801167123,82.61343923611233,Mode: ISLAND. V_pcc: 0.914,0
2026-01-01T22:32:45Z,ISLAND,20.997733918126187,82.61343923611233,Mode: ISLAND. V_pcc: 0.914,0
2026-01-01T22:32:50Z,ISLAND,21.03401864034841,82.61343923611233,Mode: GENERATOR_ASSIST. V_pcc: 0.914,0
2026-01-01T22:32:55Z,ISLAND,21.01939875730747,82.61343923611233,Mode: ISLAND. V_pcc: 0.914,0
2026-01-01T22:33:00Z,ISLAND,21.004778874266535,82.61343923611233,Mode: ISLAND. V_pcc: 0.914,0
2026-01-01T22:33:05Z,ISLAND,20.9901589912256,82.61343923611233,Mode: ISLAND. V_pcc: 0.914,0
2026-01-01T22:33:10Z,ISLAND,21.026443713447822,82.61343923611233,Mode: GENERATOR_ASSIST. V_pcc: 0.914,0
2026-01-01T22:33:15Z,ISLAND,21.011823830406886,82.61343923611233,Mode: ISLAND. V_pcc: 0.914,0
2026-01-01T22:33:20Z,ISLAND,20.99720394736595,82.61343923611233,Mode: ISLAND. V_pcc: 0.914,0
2026-01-01T22:33:25Z,ISLAND,21.03348866958817,82.61343923611233,Mode: GENERATOR_ASSIST. V_pcc: 0.914,0
2026-01-01T22:33:30Z,ISLAND,21.018868786547234,82.61343923611233,Mode: ISLAND. V_pcc: 0.914,0
2026-01-01T22:33:35Z,ISLAND,21.0042489035063,82.61343923611233,Mode: ISLAND. V_pcc: 0.914,0
2026-01-01T22:33:40Z,ISLAND,20.989629020465365,82.61343923611233,Mode: ISLAND. V_pcc: 0.914,0
2026-01-01T22:33:45Z,ISLAND,21.025913742687585,82.61343923611233,Mode: GENERATOR_ASSIST. V_pcc: 0.914,0
2026-01-01T22:33:50Z,ISLAND,21.01129385964665,82.61343923611233,Mode: ISLAND. V_pcc: 0.914,0
2026-01-01T22:33:55Z,ISLAND,20.996673976605713,82.61343923611233,Mode: ISLAND. V_pcc: 0.914,0
2026-01-01T22:34:00Z,ISLAND,21.032958698827937,82.61343923611233,Mode: GENERATOR_ASSIST. V_pcc: 0.914,0
2026-01-01T22:34:05Z,ISLAND,21.018338815787,82.61343923611233,Mode: ISLAND. V_pcc: 0.915,0
2026-01-01T22:34:10Z,ISLAND,21.00371893274606,82.61343923611233,Mode: ISLAND. V_pcc: 0.915,0
2026-01-01T22:34:15Z,ISLAND,20.989099049705125,82.61343923611233,Mode: ISLAND. V_pcc: 0.915,0
2026-01-01T22:34:20Z,ISLAND,21.02538377192735,82.61343923611233,Mode: GENERATOR_ASSIST. V_pcc: 0.915,0
2026-01-01T22:34:25Z,ISLAND,21.010763888886412,82.61343923611233,Mode: ISLAND. V_pcc: 0.915,0
2026-01-01T22:34:30Z,ISLAND,20.996144005845476,82.61343923611233,Mode: ISLAND. V_pcc: 0.915,0
2026-01-01T22:34:35Z,ISLAND,21.0324287280677,82.61343923611233,Mode: GENERATOR_ASSIST. V_pcc: 0.915,0
2026-01-01T22:34:40Z,ISLAND,21.01780884502676,82.61343923611233,Mode: ISLAND. V_pcc: 0.915,0
2026-01-01T22:34:45Z,ISLAND,21.003188961985824,82.61343923611233,Mode: ISLAND. V_pcc: 0.915,0
2026-01-01T22:34:50Z,ISLAND,20.98856907894489,82.61343923611233,Mode: ISLAND. V_pcc: 0.915,0
2026-01-01T22:34:55Z,ISLAND,21.02485380116711,82.61343923611233,Mode: GENERATOR_ASSIST. V_pcc: 0.915,0
2026-01-01T22:35:00Z,ISLAND,21.010233918126175,82.61343923611233,Mode: ISLAND. V_pcc: 0.915,0
2026-01-01T22:35:05Z,ISLAND,20.99561403508524,82.61343923611233,Mode: ISLAND. V_pcc: 0.915,0
2026-01-01T22:35:10Z,ISLAND,21.03189875730746,82.61343923611233,Mode: GENERATOR_ASSIST. V_pcc: 0.915,0
2026-01-01T22:35:15Z,ISLAND,21.017278874266527,82.61343923611233,Mode: ISLAND. V_pcc: 0.915,0
2026-01-01T22:35:20Z,ISLAND,21.00265899122559,82.61343923611233,Mode: ISLAND. V_pcc: 0.915,0
2026-01-01T22:35:25Z,ISLAND,20.98803910818465,82.61343923611233,Mode: ISLAND. V_pcc: 0.915,0
2026-01-01T22:35:30Z,ISLAND,21.024323830406875,82.61343923611233,Mode: GENERATOR_ASSIST. V_pcc: 0.915,0
2026-01-01T22:35:35Z,ISLAND,21.00970394736594,82.61343923611233,Mode: ISLAND. V_pcc: 0.915,0
2026-01-01T22:35:40Z,ISLAND,20.995084064325003,82.61343923611233,Mode: ISLAND. V_pcc: 0.915,0
2026-01-01T22:35:45Z,ISLAND,21.031368786547226,82.61343923611233,Mode: GENERATOR_ASSIST. V_pcc: 0.915,0
2026-01-01T22:35:50Z,ISLAND,21.01674890350629,82.61343923611233,Mode: ISLAND. V_pcc: 0.915,0
2026-01-01T22:35:55Z,ISLAND,21.00212902046535,82.61343923611233,Mode: ISLAND. V_pcc: 0.915,0
2026-01-01T22:36:00Z,ISLAND,20.987509137424414,82.61343923611233,Mode: ISLAND. V_pcc: 0.915,0
2026-01-01T22:36:05Z,ISLAND,21.023793859646638,82.61343923611233,Mode: GENERATOR_ASSIST. V_pcc: 0.916,0
2026-01-01T22:36:10Z,ISLAND,21.0091739766057,82.61343923611233,Mode: ISLAND. V_pcc: 0.916,0
2026-01-01T22:36:15Z,ISLAND,20.994554093564766,82.61343923611233,Mode: ISLAND. V_pcc: 0.916,0
2026-01-01T22:36:20Z,ISLAND,21.030838815786986,82.61343923611233,Mode: GENERATOR_ASSIST. V_pcc: 0.916,0
2026-01-01T22:36:25Z,ISLAND,21.01621893274605,82.61343923611233,Mode: ISLAND. V_pcc: 0.916,0
2026-01-01T22:36:30Z,ISLAND,21.001599049705117,82.61343923611233,Mode: ISLAND. V_pcc: 0.916,0
2026-01-01T22:36:35Z,ISLAND,20.98697916666418,82.61343923611233,Mode: ISLAND. V_pcc: 0.916,0
2026-01-01T22:36:40Z,ISLAND,21.0232638888864,82.61343923611233,Mode: GENERATOR_ASSIST. V_pcc: 0.916,0
2026-01-01T22:36:45Z,ISLAND,21.008644005845465,82.61343923611233,Mode: ISLAND. V_pcc: 0.916,0
2026-01-01T22:36:50Z,ISLAND,20.99402412280453,82.61343923611233,Mode: ISLAND. V_pcc: 0.916,0
2026-01-01T22:36:55Z,ISLAND,21.030308845026752,82.61343923611233,Mode: GENERATOR_ASSIST. V_pcc: 0.916,0
2026-01-01T22:37:00Z,ISLAND,21.015688961985816,82.61343923611233,Mode: ISLAND. V_pcc: 0.916,0
2026-01-01T22:37:05Z,ISLAND,21.00106907894488,82.61343923611233,Mode: ISLAND. V_pcc: 0.916,0
2026-01-01T22:37:10Z,ISLAND,20.98644919590394,82.61343923611233,Mode: ISLAND. V_pcc: 0.916,0
2026-01-01T22:37:15Z,ISLAND,21.022733918126164,82.61343923611233,Mode: GENERATOR_ASSIST. V_pcc: 0.916,0
2026-01-01T22:37:20Z,ISLAND,21.008114035085228,82.61343923611233,Mode: ISLAND. V_pcc: 0.916,0
2026-01-01T22:37:25Z,ISLAND,20.993494152044292,82.61343923611233,Mode: ISLAND. V_pcc: 0.916,0
2026-01-01T22:37:30Z,ISLAND,21.029778874266512,82.61343923611233,Mode: GENERATOR_ASSIST. V_pcc: 0.916,0
2026-01-01T22:37:35Z,ISLAND,21.015158991225576,82.61343923611233,Mode: ISLAND. V_pcc: 0.916,0
2026-01-01T22:37:40Z,ISLAND,21.00053910818464,82.61343923611233,Mode: ISLAND. V_pcc: 0.916,0
2026-01-01T22:37:45Z,ISLAND,20.985919225143707,82.61343923611233,Mode: ISLAND. V_pcc: 0.916,0
2026-01-01T22:37:50Z,ISLAND,21.022203947365927,82.61343923611233,Mode: GENERATOR_ASSIST. V_pcc: 0.916,0
2026-01-01T22:37:55Z,ISLAND,21.00758406432499,82.61343923611233,Mode: ISLAND. V_pcc: 0.916,0
2026-01-01T22:38:00Z,ISLAND,20.992964181284055,82.61343923611233,Mode: ISLAND. V_pcc: 0.916,0
2026-01-01T22:38:05Z,ISLAND,21.029248903506275,82.61343923611233,Mode: GENERATOR_ASSIST. V_pcc: 0.916,0
2026-01-01T22:38:10Z,ISLAND,21.014629020465343,82.61343923611233,Mode: ISLAND. V_pcc: 0.916,0
2026-01-01T22:38:15Z,ISLAND,21.000009137424406,82.61343923611233,Mode: ISLAND. V_pcc: 0.916,0
2026-01-01T22:38:20Z,ISLAND,20.98538925438347,82.61343923611233,Mode: ISLAND. V_pcc: 0.916,0
2026-01-01T22:38:25Z,ISLAND,21.02167397660569,82.61343923611233,Mode: GENERATOR_ASSIST. V_pcc: 0.916,0
2026-01-01T22:38:30Z,ISLAND,21.007054093564754,82.61343923611233,Mode: ISLAND. V_pcc: 0.916,0
2026-01-01T22:38:35Z,ISLAND,20.992434210523818,82.61343923611233,Mode: ISLAND. V_pcc: 0.916,0
2026-01-01T22:38:40Z,ISLAND,21.02871893274604,82.61343923611233,Mode: GENERATOR_ASSIST. V_pcc: 0.916,0
2026-01-01T22:38:45Z,ISLAND,21.014099049705102,82.61343923611233,Mode: ISLAND. V_pcc: 0.916,0
2026-01-01T22:38:50Z,ISLAND,20.999479166664166,82.61343923611233,Mode: ISLAND. V_pcc: 0.916,0
2026-01-01T22:38:55Z,ISLAND,21.03576388888639,82.61343923611233,Mode: GENERATOR_ASSIST. V_pcc: 0.916,0
2026-01-01T22:39:00Z,ISLAND,21.021144005845454,82.61343923611233,Mode: ISLAND. V_pcc: 0.916,0
2026-01-01T22:39:05Z,ISLAND,21.006524122804517,82.61343923611233,Mode: ISLAND. V_pcc: 0.917,0
2026-01-01T22:39:10Z,ISLAND,20.99190423976358,82.61343923611233,Mode: ISLAND. V_pcc: 0.917,0
2026-01-01T22:39:15Z,ISLAND,21.0281889619858,82.61343923611233,Mode: GENERATOR_ASSIST. V_pcc: 0.917,0
2026-01-01T22:39:20Z,ISLAND,21.013569078944865,82.61343923611233,Mode: ISLAND. V_pcc: 0.917,0
2026-01-01T22:39:25Z,ISLAND,20.998949195903933,82.61343923611233,Mode: ISLAND. V_pcc: 0.917,0
2026-01-01T22:39:30Z,ISLAND,21.035233918126153,82.61343923611233,Mode: GENERATOR_ASSIST. V_pcc: 0.917,0
2026-01-01T22:39:35Z,ISLAND,21.020614035085217,82.61343923611233,Mode: ISLAND. V_pcc: 0.917,0
2026-01-01T22:39:40Z,ISLAND,21.00599415204428,82.61343923611233,Mode: ISLAND. V_pcc: 0.917,0
2026-01-01T22:39:45Z,ISLAND,20.991374269003344,82.61343923611233,Mode: ISLAND. V_pcc: 0.917,0
2026-01-01T22:39:50Z,ISLAND,21.027658991225568,82.61343923611233,Mode: GENERATOR_ASSIST. V_pcc: 0.917,0
2026-01-01T22:39:55Z,ISLAND,21.013039108184632,82.61343923611233,Mode: ISLAND. V_pcc: 0.917,0
2026-01-01T22:40:00Z,ISLAND,20.998419225143692,82.61343923611233,Mode: ISLAND. V_pcc: 0.917,0
2026-01-01T22:40:05Z,ISLAND,21.034703947365916,82.61343923611233,Mode: GENERATOR_ASSIST. V_pcc: 0.917,0
2026-01-01T22:40:10Z,ISLAND,21.02008406432498,82.61343923611233,Mode: ISLAND. V_pcc: 0.917,0
2026-01-01T22:40:15Z,ISLAND,21.005464181284044,82.61343923611233,Mode: ISLAND. V_pcc: 0.917,0
2026-01-01T22:40:20Z,ISLAND,20.990844298243108,82.61343923611233,Mode: ISLAND. V_pcc: 0.917,0
2026-01-01T22:40:25Z,ISLAND,21.02712902046533,82.61343923611233,Mode: GENERATOR_ASSIST. V_pcc: 0.917,0
2026-01-01T22:40:30Z,ISLAND,21.01250913742439,82.61343923611233,Mode: ISLAND. V_pcc: 0.917,0
2026-01-01T22:40:35Z,ISLAND,20.997889254383455,82.61343923611233,Mode: ISLAND. V_pcc: 0.917,0
2026-01-01T22:40:40Z,ISLAND,21.03417397660568,82.61343923611233,Mode: GENERATOR_ASSIST. V_pcc: 0.917,0
2026-01-01T22:40:45Z,ISLAND,21.019554093564743,82.61343923611233,Mode: ISLAND. V_pcc: 0.917,0
2026-01-01T22:40:50Z,ISLAND,21.004934210523807,82.61343923611233,Mode: ISLAND. V_pcc: 0.917,0
2026-01-01T22:40:55Z,ISLAND,20.99031432748287,82.61343923611233,Mode: ISLAND. V_pcc: 0.917,0
2026-01-01T22:41:00Z,ISLAND,21.02659904970509,82.61343923611233,Mode: GENERATOR_ASSIST. V_pcc: 0.917,0
2026-01-01T22:41:05Z,ISLAND,21.011979166664158,82.61343923611233,Mode: ISLAND. V_pcc: 0.918,0
2026-01-01T22:41:10Z,ISLAND,20.997359283623222,82.61343923611233,Mode: ISLAND. V_pcc: 0.918,0
2026-01-01T22:41:15Z,ISLAND,21.033644005845442,82.61343923611233,Mode: GENERATOR_ASSIST. V_pcc: 0.918,0
2026-01-01T22:41:20Z,ISLAND,21.019024122804506,82.61343923611233,Mode: ISLAND. V_pcc: 0.918,0
2026-01-01T22:41:25Z,ISLAND,21.00440423976357,82.61343923611233,Mode: ISLAND. V_pcc: 0.918,0
2026-01-01T22:41:30Z,ISLAND,20.989784356722634,82.61343923611233,Mode: ISLAND. V_pcc: 0.918,0
2026-01-01T22:41:35Z,ISLAND,21.026069078944857,82.61343923611233,Mode: GENERATOR_ASSIST. V_pcc: 0.918,0
2026-01-01T22:41:40Z,ISLAND,21.01144919590392,82.61343923611233,Mode: ISLAND. V_pcc: 0.918,0
2026-01-01T22:41:45Z,ISLAND,20.99682931286298,82.61343923611233,Mode: ISLAND. V_pcc: 0.918,0
2026-01-01T22:41:50Z,ISLAND,21.033114035085205,82.61343923611233,Mode: GENERATOR_ASSIST. V_pcc: 0.918,0
2026-01-01T22:41:55Z,ISLAND,21.01849415204427,82.61343923611233,Mode: ISLAND. V_pcc: 0.918,0
2026-01-01T22:42:00Z,ISLAND,21.003874269003333,82.61343923611233,Mode: ISLAND. V_pcc: 0.918,0
2026-01-01T22:42:05Z,ISLAND,20.989254385962397,82.61343923611233,Mode: ISLAND. V_pcc: 0.918,0
2026-01-01T22:42:10Z,ISLAND,21.025539108184617,82.61343923611233,Mode: GENERATOR_ASSIST. V_pcc: 0.918,0
2026-01-01T22:42:15Z,ISLAND,21.01091922514368,82.61343923611233,Mode: ISLAND. V_pcc: 0.918,0
2026-01-01T22:42:20Z,ISLAND,20.99629934210275,82.61343923611233,Mode: ISLAND. V_pcc: 0.918,0
2026-01-01T22:42:25Z,ISLAND,21.03258406432497,82.61343923611233,Mode: GENERATOR_ASSIST. V_pcc: 0.918,0
2026-01-01T22:42:30Z,ISLAND,21.017964181284032,82.61343923611233,Mode: ISLAND. V_pcc: 0.918,0
2026-01-01T22:42:35Z,ISLAND,21.003344298243096,82.61343923611233,Mode: ISLAND. V_pcc: 0.918,0
2026-01-01T22:42:40Z,ISLAND,20.98872441520216,82.61343923611233,Mode: ISLAND. V_pcc: 0.918,0
2026-01-01T22:42:45Z,ISLAND,21.025009137424384,82.61343923611233,Mode: GENERATOR_ASSIST. V_pcc: 0.918,0
2026-01-01T22:42:50Z,ISLAND,21.010389254383448,82.61343923611233,Mode: ISLAND. V_pcc: 0.918,0
2026-01-01T22:42:55Z,ISLAND,20.99576937134251,82.61343923611233,Mode: ISLAND. V_pcc: 0.918,0
2026-01-01T22:43:00Z,ISLAND,21.03205409356473,82.61343923611233,Mode: GENERATOR_ASSIST. V_pcc: 0.918,0
2026-01-01T22:43:05Z,ISLAND,21.017434210523795,82.61343923611233,Mode: ISLAND. V_pcc: 0.919,0
2026-01-01T22:43:10Z,ISLAND,21.00281432748286,82.61343923611233,Mode: ISLAND. V_pcc: 0.919,0
2026-01-01T22:43:15Z,ISLAND,20.988194444441923,82.61343923611233,Mode: ISLAND. V_pcc: 0.919,0
2026-01-01T22:43:20Z,ISLAND,21.024479166664143,82.61343923611233,Mode: GENERATOR_ASSIST. V_pcc: 0.919,0
2026-01-01T22:43:25Z,ISLAND,21.009859283623207,82.61343923611233,Mode: ISLAND. V_pcc: 0.919,0
2026-01-01T22:43:30Z,ISLAND,20.99523940058227,82.61343923611233,Mode: ISLAND. V_pcc: 0.919,0
2026-01-01T22:43:35Z,ISLAND,21.031524122804495,82.61343923611233,Mode: GENERATOR_ASSIST. V_pcc: 0.919,0
2026-01-01T22:43:40Z,ISLAND,21.01690423976356,82.61343923611233,Mode: ISLAND. V_pcc: 0.919,0
2026-01-01T22:43:45Z,ISLAND,21.002284356722623,82.61343923611233,Mode: ISLAND. V_pcc: 0.919,0
2026-01-01T22:43:50Z,ISLAND,20.987664473681686,82.61343923611233,Mode: ISLAND. V_pcc: 0.919,0
2026-01-01T22:43:55Z,ISLAND,21.023949195903906,82.61343923611233,Mode: GENERATOR_ASSIST. V_pcc: 0.919,0
2026-01-01T22:44:00Z,ISLAND,21.009329312862974,82.61343923611233,Mode: ISLAND. V_pcc: 0.919,0
2026-01-01T22:44:05Z,ISLAND,20.994709429822038,82.61343923611233,Mode: ISLAND. V_pcc: 0.919,0
2026-01-01T22:44:10Z,ISLAND,21.030994152044258,82.61343923611233,Mode: GENERATOR_ASSIST. V_pcc: 0.919,0
2026-01-01T22:44:15Z,ISLAND,21.01637426900332,82.61343923611233,Mode: ISLAND. V_pcc: 0.919,0
2026-01-01T22:44:20Z,ISLAND,21.001754385962386,82.61343923611233,Mode: ISLAND. V_pcc: 0.919,0
2026-01-01T22:44:25Z,ISLAND,20.98713450292145,82.61343923611233,Mode: ISLAND. V_pcc: 0.919,0
2026-01-01T22:44:30Z,ISLAND,21.023419225143673,82.61343923611233,Mode: GENERATOR_ASSIST. V_pcc: 0.919,0
2026-01-01T22:44:35Z,ISLAND,21.008799342102733,82.61343923611233,Mode: ISLAND. V_pcc: 0.919,0
2026-01-01T22:44:40Z,ISLAND,20.994179459061797,82.61343923611233,Mode: ISLAND. V_pcc: 0.919,0
2026-01-01T22:44:45Z,ISLAND,21.03046418128402,82.61343923611233,Mode: GENERATOR_ASSIST. V_pcc: 0.919,0
2026-01-01T22:44:50Z,ISLAND,21.015844298243085,82.61343923611233,Mode: ISLAND. V_pcc: 0.919,0
2026-01-01T22:44:55Z,ISLAND,21.00122441520215,82.61343923611233,Mode: ISLAND. V_pcc: 0.919,0
2026-01-01T22:45:00Z,ISLAND,20.986604532161213,82.31699131944592,Mode: ISLAND. V_pcc: 0.919,0
2026-01-01T22:45:05Z,ISLAND,21.022889254383433,82.31699131944592,Mode: GENERATOR_ASSIST. V_pcc: 0.919,0
2026-01-01T22:45:10Z,ISLAND,21.008269371342497,82.31699131944592,Mode: ISLAND. V_pcc: 0.919,0
2026-01-01T22:45:15Z,ISLAND,20.993649488301564,82.31699131944592,Mode: ISLAND. V_pcc: 0.919,0
2026-01-01T22:45:20Z,ISLAND,21.029934210523784,82.31699131944592,Mode: GENERATOR_ASSIST. V_pcc: 0.919,0
2026-01-01T22:45:25Z,ISLAND,21.015314327482848,82.31699131944592,Mode: ISLAND. V_pcc: 0.919,0
2026-01-01T22:45:30Z,ISLAND,21.000694444441912,82.31699131944592,Mode: ISLAND. V_pcc: 0.919,0
2026-01-01T22:45:35Z,ISLAND,20.986074561400976,82.31699131944592,Mode: ISLAND. V_pcc: 0.919,0
2026-01-01T22:45:40Z,ISLAND,21.0223592836232,82.31699131944592,Mode: GENERATOR_ASSIST. V_pcc: 0.919,0
2026-01-01T22:45:45Z,ISLAND,21.007739400582263,82.31699131944592,Mode: ISLAND. V_pcc: 0.919,0
2026-01-01T22:45:50Z,ISLAND,20.993119517541324,82.31699131944592,Mode: ISLAND. V_pcc: 0.919,0
2026-01-01T22:45:55Z,ISLAND,21.029404239763547,82.31699131944592,Mode: GENERATOR_ASSIST. V_pcc: 0.919,0
2026-01-01T22:46:00Z,ISLAND,21.01478435672261,82.31699131944592,Mode: ISLAND. V_pcc: 0.919,0
2026-01-01T22:46:05Z,ISLAND,21.000164473681675,82.31699131944592,Mode: ISLAND. V_pcc: 0.920,0
2026-01-01T22:46:10Z,ISLAND,20.98554459064074,82.31699131944592,Mode: ISLAND. V_pcc: 0.920,0
2026-01-01T22:46:15Z,ISLAND,21.021829312862963,82.31699131944592,Mode: GENERATOR_ASSIST. V_pcc: 0.920,0
2026-01-01T22:46:20Z,ISLAND,21.007209429822023,82.31699131944592,Mode: ISLAND. V_pcc: 0.920,0
2026-01-01T22:46:25Z,ISLAND,20.992589546781087,82.31699131944592,Mode: ISLAND. V_pcc: 0.920,0
2026-01-01T22:46:30Z,ISLAND,21.02887426900331,82.31699131944592,Mode: GENERATOR_ASSIST. V_pcc: 0.920,0
2026-01-01T22:46:35Z,ISLAND,21.014254385962374,82.31699131944592,Mode: ISLAND. V_pcc: 0.920,0
2026-01-01T22:46:40Z,ISLAND,20.999634502921438,82.31699131944592,Mode: ISLAND. V_pcc: 0.920,0
2026-01-01T22:46:45Z,ISLAND,21.035919225143658,82.31699131944592,Mode: GENERATOR_ASSIST. V_pcc: 0.920,0
2026-01-01T22:46:50Z,ISLAND,21.021299342102722,82.31699131944592,Mode: ISLAND. V_pcc: 0.920,0
2026-01-01T22:46:55Z,ISLAND,21.00667945906179,82.31699131944592,Mode: ISLAND. V_pcc: 0.920,0
2026-01-01T22:47:00Z,ISLAND,20.992059576020853,82.31699131944592,Mode: ISLAND. V_pcc: 0.920,0
2026-01-01T22:47:05Z,ISLAND,21.028344298243073,82.31699131944592,Mode: GENERATOR_ASSIST. V_pcc: 0.920,0
2026-01-01T22:47:10Z,ISLAND,21.013724415202137,82.31699131944592,Mode: ISLAND. V_pcc: 0.920,0
2026-01-01T22:47:15Z,ISLAND,20.9991045321612,82.31699131944592,Mode: ISLAND. V_pcc: 0.920,0
2026-01-01T22:47:20Z,ISLAND,21.035389254383425,82.31699131944592,Mode: GENERATOR_ASSIST. V_pcc: 0.920,0
2026-01-01T22:47:25Z,ISLAND,21.02076937134249,82.31699131944592,Mode: ISLAND. V_pcc: 0.920,0
2026-01-01T22:47:30Z,ISLAND,21.006149488301553,82.31699131944592,Mode: ISLAND. V_pcc: 0.920,0
2026-01-01T22:47:35Z,ISLAND,20.991529605260613,82.31699131944592,Mode: ISLAND. V_pcc: 0.920,0
2026-01-01T22:47:40Z,ISLAND,21.027814327482837,82.31699131944592,Mode: GENERATOR_ASSIST. V_pcc: 0.920,0
2026-01-01T22:47:45Z,ISLAND,21.0131944444419,82.31699131944592,Mode: ISLAND. V_pcc: 0.920,0
2026-01-01T22:47:50Z,ISLAND,20.998574561400964,82.31699131944592,Mode: ISLAND. V_pcc: 0.920,0
2026-01-01T22:47:55Z,ISLAND,21.034859283623184,82.31699131944592,Mode: GENERATOR_ASSIST. V_pcc: 0.920,0
2026-01-01T22:48:00Z,ISLAND,21.02023940058225,82.31699131944592,Mode: ISLAND. V_pcc: 0.920,0
2026-01-01T22:48:05Z,ISLAND,21.005619517541312,82.31699131944592,Mode: ISLAND. V_pcc: 0.921,0
2026-01-01T22:48:10Z,ISLAND,20.99099963450038,82.31699131944592,Mode: ISLAND. V_pcc: 0.921,0
2026-01-01T22:48:15Z,ISLAND,21.0272843567226,82.31699131944592,Mode: GENERATOR_ASSIST. V_pcc: 0.921,0
2026-01-01T22:48:20Z,ISLAND,21.012664473681664,82.31699131944592,Mode: ISLAND. V_pcc: 0.921,0
2026-01-01T22:48:25Z,ISLAND,20.998044590640728,82.31699131944592,Mode: ISLAND. V_pcc: 0.921,0
2026-01-01T22:48:30Z,ISLAND,21.034329312862948,82.31699131944592,Mode: GENERATOR_ASSIST. V_pcc: 0.921,0
2026-01-01T22:48:35Z,ISLAND,21.019709429822015,82.31699131944592,Mode: ISLAND. V_pcc: 0.921,0
2026-01-01T22:48:40Z,ISLAND,21.00508954678108,82.31699131944592,Mode: ISLAND. V_pcc: 0.921,0
2026-01-01T22:48:45Z,ISLAND,20.990469663740143,82.31699131944592,Mode: ISLAND. V_pcc: 0.921,0
2026-01-01T22:48:50Z,ISLAND,21.026754385962363,82.31699131944592,Mode: GENERATOR_ASSIST. V_pcc: 0.921,0
2026-01-01T22:48:55Z,ISLAND,21.012134502921427,82.31699131944592,Mode: ISLAND. V_pcc: 0.921,0
2026-01-01T22:49:00Z,ISLAND,20.99751461988049,82.31699131944592,Mode: ISLAND. V_pcc: 0.921,0
2026-01-01T22:49:05Z,ISLAND,21.033799342102714,82.31699131944592,Mode: GENERATOR_ASSIST. V_pcc: 0.921,0
2026-01-01T22:49:10Z,ISLAND,21.019179459061775,82.31699131944592,Mode: ISLAND. V_pcc: 0.921,0
2026-01-01T22:49:15Z,ISLAND,21.00455957602084,82.31699131944592,Mode: ISLAND. V_pcc: 0.921,0
2026-01-01T22:49:20Z,ISLAND,20.989939692979902,82.31699131944592,Mode: ISLAND. V_pcc: 0.921,0
2026-01-01T22:49:25Z,ISLAND,21.026224415202126,82.31699131944592,Mode: GENERATOR_ASSIST. V_pcc: 0.921,0
2026-01-01T22:49:30Z,ISLAND,21.01160453216119,82.31699131944592,Mode: ISLAND. V_pcc: 0.921,0
2026-01-01T22:49:35Z,ISLAND,20.996984649120254,82.31699131944592,Mode: ISLAND. V_pcc: 0.921,0
2026-01-01T22:49:40Z,ISLAND,21.033269371342474,82.31699131944592,Mode: GENERATOR_ASSIST. V_pcc: 0.921,0
2026-01-01T22:49:45Z,ISLAND,21.018649488301538,82.31699131944592,Mode: ISLAND. V_pcc: 0.921,0
2026-01-01T22:49:50Z,ISLAND,21.004029605260605,82.31699131944592,Mode: ISLAND. V_pcc: 0.921,0
2026-01-01T22:49:55Z,ISLAND,20.98940972221967,82.31699131944592,Mode: ISLAND. V_pcc: 0.921,0
2026-01-01T22:50:00Z,ISLAND,21.02569444444189,82.31699131944592,Mode: GENERATOR_ASSIST. V_pcc: 0.921,0
2026-01-01T22:50:05Z,ISLAND,21.011074561400953,82.31699131944592,Mode: ISLAND. V_pcc: 0.921,0
2026-01-01T22:50:10Z,ISLAND,20.996454678360017,82.31699131944592,Mode: ISLAND. V_pcc: 0.921,0
2026-01-01T22:50:15Z,ISLAND,21.03273940058224,82.31699131944592,Mode: GENERATOR_ASSIST. V_pcc: 0.921,0
2026-01-01T22:50:20Z,ISLAND,21.018119517541304,82.31699131944592,Mode: ISLAND. V_pcc: 0.921,0
2026-01-01T22:50:25Z,ISLAND,21.003499634500365,82.31699131944592,Mode: ISLAND. V_pcc: 0.921,0
2026-01-01T22:50:30Z,ISLAND,20.98887975145943,82.31699131944592,Mode: ISLAND. V_pcc: 0.921,0
2026-01-01T22:50:35Z,ISLAND,21.025164473681652,82.31699131944592,Mode: GENERATOR_ASSIST. V_pcc: 0.921,0
2026-01-01T22:50:40Z,ISLAND,21.010544590640716,82.31699131944592,Mode: ISLAND. V_pcc: 0.921,0
2026-01-01T22:50:45Z,ISLAND,20.99592470759978,82.31699131944592,Mode: ISLAND. V_pcc: 0.921,0
2026-01-01T22:50:50Z,ISLAND,21.032209429822004,82.31699131944592,Mode: GENERATOR_ASSIST. V_pcc: 0.921,0
2026-01-01T22:50:55Z,ISLAND,21.017589546781064,82.31699131944592,Mode: ISLAND. V_pcc: 0.921,0
2026-01-01T22:51:00Z,ISLAND,21.002969663740128,82.31699131944592,Mode: ISLAND. V_pcc: 0.921,0
2026-01-01T22:51:05Z,ISLAND,20.988349780699195,82.31699131944592,Mode: ISLAND. V_pcc: 0.922,0
2026-01-01T22:51:10Z,ISLAND,21.024634502921415,82.31699131944592,Mode: GENERATOR_ASSIST. V_pcc: 0.922,0
2026-01-01T22:51:15Z,ISLAND,21.01001461988048,82.31699131944592,Mode: ISLAND. V_pcc: 0.922,0
2026-01-01T22:51:20Z,ISLAND,20.995394736839543,82.31699131944592,Mode: ISLAND. V_pcc: 0.922,0
2026-01-01T22:51:25Z,ISLAND,21.031679459061763,82.31699131944592,Mode: GENERATOR_ASSIST. V_pcc: 0.922,0
2026-01-01T22:51:30Z,ISLAND,21.01705957602083,82.31699131944592,Mode: ISLAND. V_pcc: 0.922,0
2026-01-01T22:51:35Z,ISLAND,21.002439692979895,82.31699131944592,Mode: ISLAND. V_pcc: 0.922,0
2026-01-01T22:51:40Z,ISLAND,20.987819809938955,82.31699131944592,Mode: ISLAND. V_pcc: 0.922,0
2026-01-01T22:51:45Z,ISLAND,21.02410453216118,82.31699131944592,Mode: GENERATOR_ASSIST. V_pcc: 0.922,0
2026-01-01T22:51:50Z,ISLAND,21.009484649120242,82.31699131944592,Mode: ISLAND. V_pcc: 0.922,0
2026-01-01T22:51:55Z,ISLAND,20.994864766079306,82.31699131944592,Mode: ISLAND. V_pcc: 0.922,0
2026-01-01T22:52:00Z,ISLAND,21.03114948830153,82.31699131944592,Mode: GENERATOR_ASSIST. V_pcc: 0.922,0
2026-01-01T22:52:05Z,ISLAND,21.016529605260594,82.31699131944592,Mode: ISLAND. V_pcc: 0.922,0
2026-01-01T22:52:10Z,ISLAND,21.001909722219654,82.31699131944592,Mode: ISLAND. V_pcc: 0.922,0
2026-01-01T22:52:15Z,ISLAND,20.987289839178718,82.31699131944592,Mode: ISLAND. V_pcc: 0.922,0
2026-01-01T22:52:20Z,ISLAND,21.02357456140094,82.31699131944592,Mode: GENERATOR_ASSIST. V_pcc: 0.922,0
2026-01-01T22:52:25Z,ISLAND,21.008954678360006,82.31699131944592,Mode: ISLAND. V_pcc: 0.922,0
2026-01-01T22:52:30Z,ISLAND,20.99433479531907,82.31699131944592,Mode: ISLAND. V_pcc: 0.922,0
2026-01-01T22:52:35Z,ISLAND,21.03061951754129,82.31699131944592,Mode: GENERATOR_ASSIST. V_pcc: 0.922,0
2026-01-01T22:52:40Z,ISLAND,21.015999634500353,82.31699131944592,Mode: ISLAND. V_pcc: 0.922,0
2026-01-01T22:52:45Z,ISLAND,21.00137975145942,82.31699131944592,Mode: ISLAND. V_pcc: 0.922,0
2026-01-01T22:52:50Z,ISLAND,20.986759868418485,82.31699131944592,Mode: ISLAND. V_pcc: 0.922,0
2026-01-01T22:52:55Z,ISLAND,21.023044590640705,82.31699131944592,Mode: GENERATOR_ASSIST. V_pcc: 0.922,0
2026-01-01T22:53:00Z,ISLAND,21.00842470759977,82.31699131944592,Mode: ISLAND. V_pcc: 0.922,0
2026-01-01T22:53:05Z,ISLAND,20.993804824558833,82.31699131944592,Mode: ISLAND. V_pcc: 0.923,0
2026-01-01T22:53:10Z,ISLAND,21.030089546781056,82.31699131944592,Mode: GENERATOR_ASSIST. V_pcc: 0.923,0
2026-01-01T22:53:15Z,ISLAND,21.01546966374012,82.31699131944592,Mode: ISLAND. V_pcc: 0.923,0
2026-01-01T22:53:20Z,ISLAND,21.000849780699184,82.31699131944592,Mode: ISLAND. V_pcc: 0.923,0
2026-01-01T22:53:25Z,ISLAND,20.986229897658244,82.31699131944592,Mode: ISLAND. V_pcc: 0.923,0
2026-01-01T22:53:30Z,ISLAND,21.022514619880468,82.31699131944592,Mode: GENERATOR_ASSIST. V_pcc: 0.923,0
2026-01-01T22:53:35Z,ISLAND,21.007894736839532,82.31699131944592,Mode: ISLAND. V_pcc: 0.923,0
2026-01-01T22:53:40Z,ISLAND,20.993274853798596,82.31699131944592,Mode: ISLAND. V_pcc: 0.923,0
2026-01-01T22:53:45Z,ISLAND,21.029559576020816,82.31699131944592,Mode: GENERATOR_ASSIST. V_pcc: 0.923,0
2026-01-01T22:53:50Z,ISLAND,21.01493969297988,82.31699131944592,Mode: ISLAND. V_pcc: 0.923,0
2026-01-01T22:53:55Z,ISLAND,21.000319809938944,82.31699131944592,Mode: ISLAND. V_pcc: 0.923,0
2026-01-01T22:54:00Z,ISLAND,20.98569992689801,82.31699131944592,Mode: ISLAND. V_pcc: 0.923,0
2026-01-01T22:54:05Z,ISLAND,21.02198464912023,82.31699131944592,Mode: GENERATOR_ASSIST. V_pcc: 0.923,0
2026-01-01T22:54:10Z,ISLAND,21.007364766079295,82.31699131944592,Mode: ISLAND. V_pcc: 0.923,0
2026-01-01T22:54:15Z,ISLAND,20.99274488303836,82.31699131944592,Mode: ISLAND. V_pcc: 0.923,0
2026-01-01T22:54:20Z,ISLAND,21.02902960526058,82.31699131944592,Mode: GENERATOR_ASSIST. V_pcc: 0.923,0
2026-01-01T22:54:25Z,ISLAND,21.014409722219646,82.31699131944592,Mode: ISLAND. V_pcc: 0.923,0
2026-01-01T22:54:30Z,ISLAND,20.99978983917871,82.31699131944592,Mode: ISLAND. V_pcc: 0.923,0
2026-01-01T22:54:35Z,ISLAND,21.03607456140093,82.31699131944592,Mode: GENERATOR_ASSIST. V_pcc: 0.923,0
2026-01-01T22:54:40Z,ISLAND,21.021454678359994,82.31699131944592,Mode: ISLAND. V_pcc: 0.923,0
2026-01-01T22:54:45Z,ISLAND,21.006834795319058,82.31699131944592,Mode: ISLAND. V_pcc: 0.923,0
2026-01-01T22:54:50Z,ISLAND,20.992214912278122,82.31699131944592,Mode: ISLAND. V_pcc: 0.923,0
2026-01-01T22:54:55Z,ISLAND,21.028499634500346,82.31699131944592,Mode: GENERATOR_ASSIST. V_pcc: 0.923,0
2026-01-01T22:55:00Z,ISLAND,21.013879751459406,82.31699131944592,Mode: ISLAND. V_pcc: 0.923,0
2026-01-01T22:55:05Z,ISLAND,20.99925986841847,82.31699131944592,Mode: ISLAND. V_pcc: 0.924,0
2026-01-01T22:55:10Z,ISLAND,21.035544590640693,82.31699131944592,Mode: GENERATOR_ASSIST. V_pcc: 0.924,0
2026-01-01T22:55:15Z,ISLAND,21.020924707599757,82.31699131944592,Mode: ISLAND. V_pcc: 0.924,0
2026-01-01T22:55:20Z,ISLAND,21.00630482455882,82.31699131944592,Mode: ISLAND. V_pcc: 0.924,0
2026-01-01T22:55:25Z,ISLAND,20.991684941517885,82.31699131944592,Mode: ISLAND. V_pcc: 0.924,0
2026-01-01T22:55:30Z,ISLAND,21.027969663740105,82.31699131944592,Mode: GENERATOR_ASSIST. V_pcc: 0.924,0
2026-01-01T22:55:35Z,ISLAND,21.01334978069917,82.31699131944592,Mode: ISLAND. V_pcc: 0.924,0
2026-01-01T22:55:40Z,ISLAND,20.998729897658237,82.31699131944592,Mode: ISLAND. V_pcc: 0.924,0
2026-01-01T22:55:45Z,ISLAND,21.035014619880457,82.31699131944592,Mode: GENERATOR_ASSIST. V_pcc: 0.924,0
2026-01-01T22:55:50Z,ISLAND,21.02039473683952,82.31699131944592,Mode: ISLAND. V_pcc: 0.924,0
2026-01-01T22:55:55Z,ISLAND,21.005774853798584,82.31699131944592,Mode: ISLAND. V_pcc: 0.924,0
2026-01-01T22:56:00Z,ISLAND,20.99115497075765,82.31699131944592,Mode: ISLAND. V_pcc: 0.924,0
2026-01-01T22:56:05Z,ISLAND,21.027439692979872,82.31699131944592,Mode: GENERATOR_ASSIST. V_pcc: 0.924,0
2026-01-01T22:56:10Z,ISLAND,21.012819809938936,82.31699131944592,Mode: ISLAND. V_pcc: 0.924,0
2026-01-01T22:56:15Z,ISLAND,20.998199926897996,82.31699131944592,Mode: ISLAND. V_pcc: 0.924,0
2026-01-01T22:56:20Z,ISLAND,21.03448464912022,82.31699131944592,Mode: GENERATOR_ASSIST. V_pcc: 0.924,0
2026-01-01T22:56:25Z,ISLAND,21.019864766079284,82.31699131944592,Mode: ISLAND. V_pcc: 0.924,0
2026-01-01T22:56:30Z,ISLAND,21.005244883038348,82.31699131944592,Mode: ISLAND. V_pcc: 0.924,0
2026-01-01T22:56:35Z,ISLAND,20.99062499999741,82.31699131944592,Mode: ISLAND. V_pcc: 0.924,0
2026-01-01T22:56:40Z,ISLAND,21.026909722219635,82.31699131944592,Mode: GENERATOR_ASSIST. V_pcc: 0.924,0
2026-01-01T22:56:45Z,ISLAND,21.012289839178695,82.31699131944592,Mode: ISLAND. V_pcc: 0.924,0
2026-01-01T22:56:50Z,ISLAND,20.99766995613776,82.31699131944592,Mode: ISLAND. V_pcc: 0.924,0
2026-01-01T22:56:55Z,ISLAND,21.033954678359983,82.31699131944592,Mode: GENERATOR_ASSIST. V_pcc: 0.924,0
2026-01-01T22:57:00Z,ISLAND,21.019334795319047,82.31699131944592,Mode: ISLAND. V_pcc: 0.924,0
2026-01-01T22:57:05Z,ISLAND,21.00471491227811,82.31699131944592,Mode: ISLAND. V_pcc: 0.924,0
2026-01-01T22:57:10Z,ISLAND,20.990095029237175,82.31699131944592,Mode: ISLAND. V_pcc: 0.924,0
2026-01-01T22:57:15Z,ISLAND,21.026379751459395,82.31699131944592,Mode: GENERATOR_ASSIST. V_pcc: 0.924,0
2026-01-01T22:57:20Z,ISLAND,21.011759868418462,82.31699131944592,Mode: ISLAND. V_pcc: 0.924,0
2026-01-01T22:57:25Z,ISLAND,20.997139985377526,82.31699131944592,Mode: ISLAND. V_pcc: 0.924,0
2026-01-01T22:57:30Z,ISLAND,21.033424707599746,82.31699131944592,Mode: GENERATOR_ASSIST. V_pcc: 0.924,0
2026-01-01T22:57:35Z,ISLAND,21.01880482455881,82.31699131944592,Mode: ISLAND. V_pcc: 0.924,0
2026-01-01T22:57:40Z,ISLAND,21.004184941517874,82.31699131944592,Mode: ISLAND. V_pcc: 0.924,0
2026-01-01T22:57:45Z,ISLAND,20.989565058476938,82.31699131944592,Mode: ISLAND. V_pcc: 0.924,0
2026-01-01T22:57:50Z,ISLAND,21.02584978069916,82.31699131944592,Mode: GENERATOR_ASSIST. V_pcc: 0.924,0
2026-01-01T22:57:55Z,ISLAND,21.011229897658225,82.31699131944592,Mode: ISLAND. V_pcc: 0.924,0
2026-01-01T22:58:00Z,ISLAND,20.996610014617286,82.31699131944592,Mode: ISLAND. V_pcc: 0.924,0
2026-01-01T22:58:05Z,ISLAND,21.03289473683951,82.31699131944592,Mode: GENERATOR_ASSIST. V_pcc: 0.925,0
2026-01-01T22:58:10Z,ISLAND,21.018274853798573,82.31699131944592,Mode: ISLAND. V_pcc: 0.925,0
2026-01-01T22:58:15Z,ISLAND,21.003654970757637,82.31699131944592,Mode: ISLAND. V_pcc: 0.925,0
2026-01-01T22:58:20Z,ISLAND,20.9890350877167,82.31699131944592,Mode: ISLAND. V_pcc: 0.925,0
2026-01-01T22:58:25Z,ISLAND,21.02531980993892,82.31699131944592,Mode: GENERATOR_ASSIST. V_pcc: 0.925,0
2026-01-01T22:58:30Z,ISLAND,21.010699926897985,82.31699131944592,Mode: ISLAND. V_pcc: 0.925,0
2026-01-01T22:58:35Z,ISLAND,20.996080043857052,82.31699131944592,Mode: ISLAND. V_pcc: 0.925,0
2026-01-01T22:58:40Z,ISLAND,21.032364766079272,82.31699131944592,Mode: GENERATOR_ASSIST. V_pcc: 0.925,0
2026-01-01T22:58:45Z,ISLAND,21.017744883038336,82.31699131944592,Mode: ISLAND. V_pcc: 0.925,0
2026-01-01T22:58:50Z,ISLAND,21.0031249999974,82.31699131944592,Mode: ISLAND. V_pcc: 0.925,0
2026-01-01T22:58:55Z,ISLAND,20.988505116956464,82.31699131944592,Mode: ISLAND. V_pcc: 0.925,0
2026-01-01T22:59:00Z,ISLAND,21.024789839178688,82.31699131944592,Mode: GENERATOR_ASSIST. V_pcc: 0.925,0
2026-01-01T22:59:05Z,ISLAND,21.01016995613775,82.31699131944592,Mode: ISLAND. V_pcc: 0.925,0
2026-01-01T22:59:10Z,ISLAND,20.995550073096815,82.31699131944592,Mode: ISLAND. V_pcc: 0.925,0
2026-01-01T22:59:15Z,ISLAND,21.031834795319035,82.31699131944592,Mode: GENERATOR_ASSIST. V_pcc: 0.925,0
2026-01-01T22:59:20Z,ISLAND,21.0172149122781,82.31699131944592,Mode: ISLAND. V_pcc: 0.925,0
2026-01-01T22:59:25Z,ISLAND,21.002595029237163,82.31699131944592,Mode: ISLAND. V_pcc: 0.925,0
2026-01-01T22:59:30Z,ISLAND,20.987975146196227,82.31699131944592,Mode: ISLAND. V_pcc: 0.925,0
2026-01-01T22:59:35Z,ISLAND,21.024259868418447,82.31699131944592,Mode: GENERATOR_ASSIST. V_pcc: 0.925,0
2026-01-01T22:59:40Z,ISLAND,21.00963998537751,82.31699131944592,Mode: ISLAND. V_pcc: 0.925,0
2026-01-01T22:59:45Z,ISLAND,20.995020102336575,82.31699131944592,Mode: ISLAND. V_pcc: 0.925,0
2026-01-01T22:59:50Z,ISLAND,21.0313048245588,82.31699131944592,Mode: GENERATOR_ASSIST. V_pcc: 0.925,0
2026-01-01T22:59:55Z,ISLAND,21.016684941517862,82.31699131944592,Mode: ISLAND. V_pcc: 0.925,0
2026-01-01T23:00:00Z,ISLAND,21.002065058476926,82.02054340277952,Mode: ISLAND. V_pcc: 0.925,0
2026-01-01T23:00:05Z,ISLAND,20.98744517543599,82.02054340277952,Mode: ISLAND. V_pcc: 0.926,0
2026-01-01T23:00:10Z,ISLAND,21.02372989765821,82.02054340277952,Mode: GENERATOR_ASSIST. V_pcc: 0.926,0
2026-01-01T23:00:15Z,ISLAND,21.009110014617278,82.02054340277952,Mode: ISLAND. V_pcc: 0.926,0
2026-01-01T23:00:20Z,ISLAND,20.99449013157634,82.02054340277952,Mode: ISLAND. V_pcc: 0.926,0
2026-01-01T23:00:25Z,ISLAND,21.03077485379856,82.02054340277952,Mode: GENERATOR_ASSIST. V_pcc: 0.926,0
2026-01-01T23:00:30Z,ISLAND,21.016154970757626,82.02054340277952,Mode: ISLAND. V_pcc: 0.926,0
2026-01-01T23:00:35Z,ISLAND,21.00153508771669,82.02054340277952,Mode: ISLAND. V_pcc: 0.926,0
2026-01-01T23:00:40Z,ISLAND,20.986915204675753,82.02054340277952,Mode: ISLAND. V_pcc: 0.926,0
2026-01-01T23:00:45Z,ISLAND,21.023199926897977,82.02054340277952,Mode: GENERATOR_ASSIST. V_pcc: 0.926,0
2026-01-01T23:00:50Z,ISLAND,21.008580043857037,82.02054340277952,Mode: ISLAND. V_pcc: 0.926,0
2026-01-01T23:00:55Z,ISLAND,20.9939601608161,82.02054340277952,Mode: ISLAND. V_pcc: 0.926,0
2026-01-01T23:01:00Z,ISLAND,21.030244883038325,82.02054340277952,Mode: GENERATOR_ASSIST. V_pcc: 0.926,0
2026-01-01T23:01:05Z,ISLAND,21.01562499999739,82.02054340277952,Mode: ISLAND. V_pcc: 0.926,0
2026-01-01T23:01:10Z,ISLAND,21.001005116956453,82.02054340277952,Mode: ISLAND. V_pcc: 0.926,0
2026-01-01T23:01:15Z,ISLAND,20.986385233915517,82.02054340277952,Mode: ISLAND. V_pcc: 0.926,0
2026-01-01T23:01:20Z,ISLAND,21.022669956137737,82.02054340277952,Mode: GENERATOR_ASSIST. V_pcc: 0.926,0
2026-01-01T23:01:25Z,ISLAND,21.0080500730968,82.02054340277952,Mode: ISLAND. V_pcc: 0.926,0
2026-01-01T23:01:30Z,ISLAND,20.993430190055868,82.02054340277952,Mode: ISLAND. V_pcc: 0.926,0
2026-01-01T23:01:35Z,ISLAND,21.029714912278088,82.02054340277952,Mode: GENERATOR_ASSIST. V_pcc: 0.926,0
2026-01-01T23:01:40Z,ISLAND,21.015095029237152,82.02054340277952,Mode: ISLAND. V_pcc: 0.926,0
2026-01-01T23:01:45Z,ISLAND,21.000475146196216,82.02054340277952,Mode: ISLAND. V_pcc: 0.926,0
2026-01-01T23:01:50Z,ISLAND,20.98585526315528,82.02054340277952,Mode: ISLAND. V_pcc: 0.926,0
2026-01-01T23:01:55Z,ISLAND,21.022139985377503,82.02054340277952,Mode: GENERATOR_ASSIST. V_pcc: 0.926,0
2026-01-01T23:02:00Z,ISLAND,21.007520102336567,82.02054340277952,Mode: ISLAND. V_pcc: 0.926,0
2026-01-01T23:02:05Z,ISLAND,20.992900219295628,82.02054340277952,Mode: ISLAND. V_pcc: 0.926,0
2026-01-01T23:02:10Z,ISLAND,21.02918494151785,82.02054340277952,Mode: GENERATOR_ASSIST. V_pcc: 0.926,0
2026-01-01T23:02:15Z,ISLAND,21.014565058476915,82.02054340277952,Mode: ISLAND. V_pcc: 0.926,0
2026-01-01T23:02:20Z,ISLAND,20.99994517543598,82.02054340277952,Mode: ISLAND. V_pcc: 0.926,0
2026-01-01T23:02:25Z,ISLAND,21.036229897658203,82.02054340277952,Mode: GENERATOR_ASSIST. V_pcc: 0.926,0
2026-01-01T23:02:30Z,ISLAND,21.021610014617266,82.02054340277952,Mode: ISLAND. V_pcc: 0.926,0
2026-01-01T23:02:35Z,ISLAND,21.006990131576327,82.02054340277952,Mode: ISLAND. V_pcc: 0.926,0
2026-01-01T23:02:40Z,ISLAND,20.99237024853539,82.02054340277952,Mode: ISLAND. V_pcc: 0.926,0
2026-01-01T23:02:45Z,ISLAND,21.028654970757614,82.02054340277952,Mode: GENERATOR_ASSIST. V_pcc: 0.926,0
2026-01-01T23:02:50Z,ISLAND,21.014035087716678,82.02054340277952,Mode: ISLAND. V_pcc: 0.926,0
2026-01-01T23:02:55Z,ISLAND,20.999415204675742,82.02054340277952,Mode: ISLAND. V_pcc: 0.926,0
2026-01-01T23:03:00Z,ISLAND,21.035699926897962,82.02054340277952,Mode: GENERATOR_ASSIST. V_pcc: 0.926,0
2026-01-01T23:03:05Z,ISLAND,21.021080043857026,82.02054340277952,Mode: ISLAND. V_pcc: 0.927,0
2026-01-01T23:03:10Z,ISLAND,21.006460160816093,82.02054340277952,Mode: ISLAND. V_pcc: 0.927,0
2026-01-01T23:03:15Z,ISLAND,20.991840277775157,82.02054340277952,Mode: ISLAND. V_pcc: 0.927,0
2026-01-01T23:03:20Z,ISLAND,21.028124999997377,82.02054340277952,Mode: GENERATOR_ASSIST. V_pcc: 0.927,0
2026-01-01T23:03:25Z,ISLAND,21.01350511695644,82.02054340277952,Mode: ISLAND. V_pcc: 0.927,0
2026-01-01T23:03:30Z,ISLAND,20.998885233915505,82.02054340277952,Mode: ISLAND. V_pcc: 0.927,0
2026-01-01T23:03:35Z,ISLAND,21.03516995613773,82.02054340277952,Mode: GENERATOR_ASSIST. V_pcc: 0.927,0
2026-01-01T23:03:40Z,ISLAND,21.020550073096793,82.02054340277952,Mode: ISLAND. V_pcc: 0.927,0
2026-01-01T23:03:45Z,ISLAND,21.005930190055857,82.02054340277952,Mode: ISLAND. V_pcc: 0.927,0
2026-01-01T23:03:50Z,ISLAND,20.991310307014917,82.02054340277952,Mode: ISLAND. V_pcc: 0.927,0
2026-01-01T23:03:55Z,ISLAND,21.02759502923714,82.02054340277952,Mode: GENERATOR_ASSIST. V_pcc: 0.927,0
2026-01-01T23:04:00Z,ISLAND,21.012975146196204,82.02054340277952,Mode: ISLAND. V_pcc: 0.927,0
2026-01-01T23:04:05Z,ISLAND,20.99835526315527,82.02054340277952,Mode: ISLAND. V_pcc: 0.927,0
2026-01-01T23:04:10Z,ISLAND,21.03463998537749,82.02054340277952,Mode: GENERATOR_ASSIST. V_pcc: 0.927,0
2026-01-01T23:04:15Z,ISLAND,21.020020102336552,82.02054340277952,Mode: ISLAND. V_pcc: 0.927,0
2026-01-01T23:04:20Z,ISLAND,21.005400219295616,82.02054340277952,Mode: ISLAND. V_pcc: 0.927,0
2026-01-01T23:04:25Z,ISLAND,20.990780336254684,82.02054340277952,Mode: ISLAND. V_pcc: 0.927,0
2026-01-01T23:04:30Z,ISLAND,21.027065058476904,82.02054340277952,Mode: GENERATOR_ASSIST. V_pcc: 0.927,0
2026-01-01T23:04:35Z,ISLAND,21.012445175435968,82.02054340277952,Mode: ISLAND. V_pcc: 0.927,0
2026-01-01T23:04:40Z,ISLAND,20.99782529239503,82.02054340277952,Mode: ISLAND. V_pcc: 0.927,0
2026-01-01T23:04:45Z,ISLAND,21.03411001461725,82.02054340277952,Mode: GENERATOR_ASSIST. V_pcc: 0.927,0
2026-01-01T23:04:50Z,ISLAND,21.01949013157632,82.02054340277952,Mode: ISLAND. V_pcc: 0.927,0
2026-01-01T23:04:55Z,ISLAND,21.004870248535383,82.02054340277952,Mode: ISLAND. V_pcc: 0.927,0
2026-01-01T23:05:00Z,ISLAND,20.990250365494447,82.02054340277952,Mode: ISLAND. V_pcc: 0.927,0
2026-01-01T23:05:05Z,ISLAND,21.026535087716667,82.02054340277952,Mode: GENERATOR_ASSIST. V_pcc: 0.928,0
2026-01-01T23:05:10Z,ISLAND,21.01191520467573,82.02054340277952,Mode: ISLAND. V_pcc: 0.928,0
2026-01-01T23:05:15Z,ISLAND,20.997295321634795,82.02054340277952,Mode: ISLAND. V_pcc: 0.928,0
2026-01-01T23:05:20Z,ISLAND,21.033580043857018,82.02054340277952,Mode: GENERATOR_ASSIST. V_pcc: 0.928,0
2026-01-01T23:05:25Z,ISLAND,21.01896016081608,82.02054340277952,Mode: ISLAND. V_pcc: 0.928,0
2026-01-01T23:05:30Z,ISLAND,21.004340277775142,82.02054340277952,Mode: ISLAND. V_pcc: 0.928,0
2026-01-01T23:05:35Z,ISLAND,20.989720394734206,82.02054340277952,Mode: ISLAND. V_pcc: 0.928,0
2026-01-01T23:05:40Z,ISLAND,21.02600511695643,82.02054340277952,Mode: GENERATOR_ASSIST. V_pcc: 0.928,0
2026-01-01T23:05:45Z,ISLAND,21.011385233915494,82.02054340277952,Mode: ISLAND. V_pcc: 0.928,0
2026-01-01T23:05:50Z,ISLAND,20.996765350874558,82.02054340277952,Mode: ISLAND. V_pcc: 0.928,0
2026-01-01T23:05:55Z,ISLAND,21.033050073096778,82.02054340277952,Mode: GENERATOR_ASSIST. V_pcc: 0.928,0
2026-01-01T23:06:00Z,ISLAND,21.01843019005584,82.02054340277952,Mode: ISLAND. V_pcc: 0.928,0
2026-01-01T23:06:05Z,ISLAND,21.00381030701491,82.02054340277952,Mode: ISLAND. V_pcc: 0.928,0
2026-01-01T23:06:10Z,ISLAND,20.989190423973973,82.02054340277952,Mode: ISLAND. V_pcc: 0.928,0
2026-01-01T23:06:15Z,ISLAND,21.025475146196193,82.02054340277952,Mode: GENERATOR_ASSIST. V_pcc: 0.928,0
2026-01-01T23:06:20Z,ISLAND,21.010855263155257,82.02054340277952,Mode: ISLAND. V_pcc: 0.928,0
2026-01-01T23:06:25Z,ISLAND,20.99623538011432,82.02054340277952,Mode: ISLAND. V_pcc: 0.928,0
2026-01-01T23:06:30Z,ISLAND,21.032520102336544,82.02054340277952,Mode: GENERATOR_ASSIST. V_pcc: 0.928,0
2026-01-01T23:06:35Z,ISLAND,21.01790021929561,82.02054340277952,Mode: ISLAND. V_pcc: 0.928,0
2026-01-01T23:06:40Z,ISLAND,21.00328033625467,82.02054340277952,Mode: ISLAND. V_pcc: 0.928,0
2026-01-01T23:06:45Z,ISLAND,20.988660453213733,82.02054340277952,Mode: ISLAND. V_pcc: 0.928,0
2026-01-01T23:06:50Z,ISLAND,21.024945175435956,82.02054340277952,Mode: GENERATOR_ASSIST. V_pcc: 0.928,0
2026-01-01T23:06:55Z,ISLAND,21.01032529239502,82.02054340277952,Mode: ISLAND. V_pcc: 0.928,0
2026-01-01T23:07:00Z,ISLAND,20.995705409354084,82.02054340277952,Mode: ISLAND. V_pcc: 0.928,0
2026-01-01T23:07:05Z,ISLAND,21.031990131576308,82.02054340277952,Mode: GENERATOR_ASSIST. V_pcc: 0.928,0
2026-01-01T23:07:10Z,ISLAND,21.017370248535368,82.02054340277952,Mode: ISLAND. V_pcc: 0.928,0
2026-01-01T23:07:15Z,ISLAND,21.002750365494432,82.02054340277952,Mode: ISLAND. V_pcc: 0.928,0
2026-01-01T23:07:20Z,ISLAND,20.9881304824535,82.02054340277952,Mode: ISLAND. V_pcc: 0.928,0
2026-01-01T23:07:25Z,ISLAND,21.02441520467572,82.02054340277952,Mode: GENERATOR_ASSIST. V_pcc: 0.928,0
2026-01-01T23:07:30Z,ISLAND,21.009795321634783,82.02054340277952,Mode: ISLAND. V_pcc: 0.928,0
2026-01-01T23:07:35Z,ISLAND,20.995175438593847,82.02054340277952,Mode: ISLAND. V_pcc: 0.928,0
2026-01-01T23:07:40Z,ISLAND,21.031460160816067,82.02054340277952,Mode: GENERATOR_ASSIST. V_pcc: 0.928,0
2026-01-01T23:07:45Z,ISLAND,21.016840277775135,82.02054340277952,Mode: ISLAND. V_pcc: 0.928,0
2026-01-01T23:07:50Z,ISLAND,21.0022203947342,82.02054340277952,Mode: ISLAND. V_pcc: 0.928,0
2026-01-01T23:07:55Z,ISLAND,20.98760051169326,82.02054340277952,Mode: ISLAND. V_pcc: 0.928,0
2026-01-01T23:08:00Z,ISLAND,21.023885233915482,82.02054340277952,Mode: GENERATOR_ASSIST. V_pcc: 0.928,0
2026-01-01T23:08:05Z,ISLAND,21.009265350874546,82.02054340277952,Mode: ISLAND. V_pcc: 0.929,0
2026-01-01T23:08:10Z,ISLAND,20.99464546783361,82.02054340277952,Mode: ISLAND. V_pcc: 0.929,0
2026-01-01T23:08:15Z,ISLAND,21.030930190055834,82.02054340277952,Mode: GENERATOR_ASSIST. V_pcc: 0.929,0
2026-01-01T23:08:20Z,ISLAND,21.016310307014898,82.02054340277952,Mode: ISLAND. V_pcc: 0.929,0
2026-01-01T23:08:25Z,ISLAND,21.001690423973958,82.02054340277952,Mode: ISLAND. V_pcc: 0.929,0
2026-01-01T23:08:30Z,ISLAND,20.987070540933022,82.02054340277952,Mode: ISLAND. V_pcc: 0.929,0
2026-01-01T23:08:35Z,ISLAND,21.023355263155246,82.02054340277952,Mode: GENERATOR_ASSIST. V_pcc: 0.929,0
2026-01-01T23:08:40Z,ISLAND,21.00873538011431,82.02054340277952,Mode: ISLAND. V_pcc: 0.929,0
2026-01-01T23:08:45Z,ISLAND,20.994115497073373,82.02054340277952,Mode: ISLAND. V_pcc: 0.929,0
2026-01-01T23:08:50Z,ISLAND,21.030400219295593,82.02054340277952,Mode: GENERATOR_ASSIST. V_pcc: 0.929,0
2026-01-01T23:08:55Z,ISLAND,21.015780336254657,82.02054340277952,Mode: ISLAND. V_pcc: 0.929,0
2026-01-01T23:09:00Z,ISLAND,21.001160453213725,82.02054340277952,Mode: ISLAND. V_pcc: 0.929,0
2026-01-01T23:09:05Z,ISLAND,20.98654057017279,82.02054340277952,Mode: ISLAND. V_pcc: 0.929,0
2026-01-01T23:09:10Z,ISLAND,21.02282529239501,82.02054340277952,Mode: GENERATOR_ASSIST. V_pcc: 0.929,0
2026-01-01T23:09:15Z,ISLAND,21.008205409354073,82.02054340277952,Mode: ISLAND. V_pcc: 0.929,0
2026-01-01T23:09:20Z,ISLAND,20.993585526313137,82.02054340277952,Mode: ISLAND. V_pcc: 0.929,0
2026-01-01T23:09:25Z,ISLAND,21.02987024853536,82.02054340277952,Mode: GENERATOR_ASSIST. V_pcc: 0.929,0
2026-01-01T23:09:30Z,ISLAND,21.015250365494424,82.02054340277952,Mode: ISLAND. V_pcc: 0.929,0
2026-01-01T23:09:35Z,ISLAND,21.000630482453488,82.02054340277952,Mode: ISLAND. V_pcc: 0.929,0
2026-01-01T23:09:40Z,ISLAND,20.98601059941255,82.02054340277952,Mode: ISLAND. V_pcc: 0.929,0
2026-01-01T23:09:45Z,ISLAND,21.022295321634772,82.02054340277952,Mode: GENERATOR_ASSIST. V_pcc: 0.929,0
2026-01-01T23:09:50Z,ISLAND,21.007675438593836,82.02054340277952,Mode: ISLAND. V_pcc: 0.929,0
2026-01-01T23:09:55Z,ISLAND,20.9930555555529,82.02054340277952,Mode: ISLAND. V_pcc: 0.929,0
2026-01-01T23:10:00Z,ISLAND,21.02934027777512,82.02054340277952,Mode: GENERATOR_ASSIST. V_pcc: 0.929,0
2026-01-01T23:10:05Z,ISLAND,21.014720394734184,82.02054340277952,Mode: ISLAND. V_pcc: 0.929,0
2026-01-01T23:10:10Z,ISLAND,21.000100511693248,82.02054340277952,Mode: ISLAND. V_pcc: 0.929,0
2026-01-01T23:10:15Z,ISLAND,20.985480628652315,82.02054340277952,Mode: ISLAND. V_pcc: 0.929,0
2026-01-01T23:10:20Z,ISLAND,21.021765350874535,82.02054340277952,Mode: GENERATOR_ASSIST. V_pcc: 0.929,0
2026-01-01T23:10:25Z,ISLAND,21.0071454678336,82.02054340277952,Mode: ISLAND. V_pcc: 0.929,0
2026-01-01T23:10:30Z,ISLAND,20.992525584792663,82.02054340277952,Mode: ISLAND. V_pcc: 0.929,0
2026-01-01T23:10:35Z,ISLAND,21.028810307014883,82.02054340277952,Mode: GENERATOR_ASSIST. V_pcc: 0.929,0
2026-01-01T23:10:40Z,ISLAND,21.01419042397395,82.02054340277952,Mode: ISLAND. V_pcc: 0.929,0
2026-01-01T23:10:45Z,ISLAND,20.999570540933014,82.02054340277952,Mode: ISLAND. V_pcc: 0.929,0
2026-01-01T23:10:50Z,ISLAND,21.035855263155234,82.02054340277952,Mode: GENERATOR_ASSIST. V_pcc: 0.929,0
2026-01-01T23:10:55Z,ISLAND,21.021235380114298,82.02054340277952,Mode: ISLAND. V_pcc: 0.929,0
2026-01-01T23:11:00Z,ISLAND,21.006615497073362,82.02054340277952,Mode: ISLAND. V_pcc: 0.929,0
2026-01-01T23:11:05Z,ISLAND,20.991995614032426,82.02054340277952,Mode: ISLAND. V_pcc: 0.930,0
2026-01-01T23:11:10Z,ISLAND,21.02828033625465,82.02054340277952,Mode: GENERATOR_ASSIST. V_pcc: 0.930,0
2026-01-01T23:11:15Z,ISLAND,21.01366045321371,82.02054340277952,Mode: ISLAND. V_pcc: 0.930,0
2026-01-01T23:11:20Z,ISLAND,20.999040570172774,82.02054340277952,Mode: ISLAND. V_pcc: 0.930,0
2026-01-01T23:11:25Z,ISLAND,21.035325292394997,82.02054340277952,Mode: GENERATOR_ASSIST. V_pcc: 0.930,0
2026-01-01T23:11:30Z,ISLAND,21.02070540935406,82.02054340277952,Mode: ISLAND. V_pcc: 0.930,0
2026-01-01T23:11:35Z,ISLAND,21.006085526313125,82.02054340277952,Mode: ISLAND. V_pcc: 0.930,0
2026-01-01T23:11:40Z,ISLAND,20.99146564327219,82.02054340277952,Mode: ISLAND. V_pcc: 0.930,0
2026-01-01T23:11:45Z,ISLAND,21.02775036549441,82.02054340277952,Mode: GENERATOR_ASSIST. V_pcc: 0.930,0
2026-01-01T23:11:50Z,ISLAND,21.013130482453473,82.02054340277952,Mode: ISLAND. V_pcc: 0.930,0
2026-01-01T23:11:55Z,ISLAND,20.99851059941254,82.02054340277952,Mode: ISLAND. V_pcc: 0.930,0
2026-01-01T23:12:00Z,ISLAND,21.03479532163476,82.02054340277952,Mode: GENERATOR_ASSIST. V_pcc: 0.930,0
2026-01-01T23:12:05Z,ISLAND,21.020175438593824,82.02054340277952,Mode: ISLAND. V_pcc: 0.930,0
2026-01-01T23:12:10Z,ISLAND,21.00555555555289,82.02054340277952,Mode: ISLAND. V_pcc: 0.930,0
2026-01-01T23:12:15Z,ISLAND,20.990935672511952,82.02054340277952,Mode: ISLAND. V_pcc: 0.930,0
2026-01-01T23:12:20Z,ISLAND,21.027220394734176,82.02054340277952,Mode: GENERATOR_ASSIST. V_pcc: 0.930,0
2026-01-01T23:12:25Z,ISLAND,21.01260051169324,82.02054340277952,Mode: ISLAND. V_pcc: 0.930,0
2026-01-01T23:12:30Z,ISLAND,20.9979806286523,82.02054340277952,Mode: ISLAND. V_pcc: 0.930,0
2026-01-01T23:12:35Z,ISLAND,21.034265350874524,82.02054340277952,Mode: GENERATOR_ASSIST. V_pcc: 0.930,0
2026-01-01T23:12:40Z,ISLAND,21.019645467833588,82.02054340277952,Mode: ISLAND. V_pcc: 0.930,0
2026-01-01T23:12:45Z,ISLAND,21.00502558479265,82.02054340277952,Mode: ISLAND. V_pcc: 0.930,0
2026-01-01T23:12:50Z,ISLAND,20.990405701751715,82.02054340277952,Mode: ISLAND. V_pcc: 0.930,0
2026-01-01T23:12:55Z,ISLAND,21.02669042397394,82.02054340277952,Mode: GENERATOR_ASSIST. V_pcc: 0.930,0
2026-01-01T23:13:00Z,ISLAND,21.012070540933,82.02054340277952,Mode: ISLAND. V_pcc: 0.930,0
2026-01-01T23:13:05Z,ISLAND,20.997450657892063,82.02054340277952,Mode: ISLAND. V_pcc: 0.931,0
2026-01-01T23:13:10Z,ISLAND,21.033735380114287,82.02054340277952,Mode: GENERATOR_ASSIST. V_pcc: 0.931,0
2026-01-01T23:13:15Z,ISLAND,21.01911549707335,82.02054340277952,Mode: ISLAND. V_pcc: 0.931,0
2026-01-01T23:13:20Z,ISLAND,21.004495614032415,82.02054340277952,Mode: ISLAND. V_pcc: 0.931,0
2026-01-01T23:13:25Z,ISLAND,20.98987573099148,82.02054340277952,Mode: ISLAND. V_pcc: 0.931,0
2026-01-01T23:13:30Z,ISLAND,21.0261604532137,82.02054340277952,Mode: GENERATOR_ASSIST. V_pcc: 0.931,0
2026-01-01T23:13:35Z,ISLAND,21.011540570172766,82.02054340277952,Mode: ISLAND. V_pcc: 0.931,0
2026-01-01T23:13:40Z,ISLAND,20.99692068713183,82.02054340277952,Mode: ISLAND. V_pcc: 0.931,0
2026-01-01T23:13:45Z,ISLAND,21.03320540935405,82.02054340277952,Mode: GENERATOR_ASSIST. V_pcc: 0.931,0
2026-01-01T23:13:50Z,ISLAND,21.018585526313114,82.02054340277952,Mode: ISLAND. V_pcc: 0.931,0
2026-01-01T23:13:55Z,ISLAND,21.003965643272178,82.02054340277952,Mode: ISLAND. V_pcc: 0.931,0
2026-01-01T23:14:00Z,ISLAND,20.98934576023124,82.02054340277952,Mode: ISLAND. V_pcc: 0.931,0
2026-01-01T23:14:05Z,ISLAND,21.025630482453465,82.02054340277952,Mode: GENERATOR_ASSIST. V_pcc: 0.931,0
2026-01-01T23:14:10Z,ISLAND,21.01101059941253,82.02054340277952,Mode: ISLAND. V_pcc: 0.931,0
2026-01-01T23:14:15Z,ISLAND,20.99639071637159,82.02054340277952,Mode: ISLAND. V_pcc: 0.931,0
2026-01-01T23:14:20Z,ISLAND,21.032675438593813,82.02054340277952,Mode: GENERATOR_ASSIST. V_pcc: 0.931,0
2026-01-01T23:14:25Z,ISLAND,21.018055555552877,82.02054340277952,Mode: ISLAND. V_pcc: 0.931,0
2026-01-01T23:14:30Z,ISLAND,21.00343567251194,82.02054340277952,Mode: ISLAND. V_pcc: 0.931,0
2026-01-01T23:14:35Z,ISLAND,20.988815789471005,82.02054340277952,Mode: ISLAND. V_pcc: 0.931,0
2026-01-01T23:14:40Z,ISLAND,21.025100511693225,82.02054340277952,Mode: GENERATOR_ASSIST. V_pcc: 0.931,0
2026-01-01T23:14:45Z,ISLAND,21.01048062865229,82.02054340277952,Mode: ISLAND. V_pcc: 0.931,0
2026-01-01T23:14:50Z,ISLAND,20.995860745611356,82.02054340277952,Mode: ISLAND. V_pcc: 0.931,0
2026-01-01T23:14:55Z,ISLAND,21.032145467833576,82.02054340277952,Mode: GENERATOR_ASSIST. V_pcc: 0.931,0
2026-01-01T23:15:00Z,ISLAND,21.01752558479264,81.72409548611311,Mode: ISLAND. V_pcc: 0.931,0
2026-01-01T23:15:05Z,ISLAND,21.002905701751704,81.72409548611311,Mode: ISLAND. V_pcc: 0.931,0
2026-01-01T23:15:10Z,ISLAND,20.988285818710768,81.72409548611311,Mode: ISLAND. V_pcc: 0.931,0
2026-01-01T23:15:15Z,ISLAND,21.02457054093299,81.72409548611311,Mode: GENERATOR_ASSIST. V_pcc: 0.931,0
2026-01-01T23:15:20Z,ISLAND,21.009950657892055,81.72409548611311,Mode: ISLAND. V_pcc: 0.931,0
2026-01-01T23:15:25Z,ISLAND,20.99533077485112,81.72409548611311,Mode: ISLAND. V_pcc: 0.931,0
2026-01-01T23:15:30Z,ISLAND,21.03161549707334,81.72409548611311,Mode: GENERATOR_ASSIST. V_pcc: 0.931,0
2026-01-01T23:15:35Z,ISLAND,21.016995614032403,81.72409548611311,Mode: ISLAND. V_pcc: 0.931,0
2026-01-01T23:15:40Z,ISLAND,21.002375730991467,81.72409548611311,Mode: ISLAND. V_pcc: 0.931,0
2026-01-01T23:15:45Z,ISLAND,20.98775584795053,81.72409548611311,Mode: ISLAND. V_pcc: 0.931,0
2026-01-01T23:15:50Z,ISLAND,21.02404057017275,81.72409548611311,Mode: GENERATOR_ASSIST. V_pcc: 0.931,0
2026-01-01T23:15:55Z,ISLAND,21.009420687131815,81.72409548611311,Mode: ISLAND. V_pcc: 0.931,0
2026-01-01T23:16:00Z,ISLAND,20.99480080409088,81.72409548611311,Mode: ISLAND. V_pcc: 0.931,0
2026-01-01T23:16:05Z,ISLAND,21.031085526313102,81.72409548611311,Mode: GENERATOR_ASSIST. V_pcc: 0.932,0
2026-01-01T23:16:10Z,ISLAND,21.016465643272166,81.72409548611311,Mode: ISLAND. V_pcc: 0.932,0
2026-01-01T23:16:15Z,ISLAND,21.00184576023123,81.72409548611311,Mode: ISLAND. V_pcc: 0.932,0
2026-01-01T23:16:20Z,ISLAND,20.987225877190294,81.72409548611311,Mode: ISLAND. V_pcc: 0.932,0
2026-01-01T23:16:25Z,ISLAND,21.023510599412514,81.72409548611311,Mode: GENERATOR_ASSIST. V_pcc: 0.932,0
2026-01-01T23:16:30Z,ISLAND,21.00889071637158,81.72409548611311,Mode: ISLAND. V_pcc: 0.932,0
2026-01-01T23:16:35Z,ISLAND,20.994270833330646,81.72409548611311,Mode: ISLAND. V_pcc: 0.932,0
2026-01-01T23:16:40Z,ISLAND,21.030555555552866,81.72409548611311,Mode: GENERATOR_ASSIST. V_pcc: 0.932,0
2026-01-01T23:16:45Z,ISLAND,21.01593567251193,81.72409548611311,Mode: ISLAND. V_pcc: 0.932,0
2026-01-01T23:16:50Z,ISLAND,21.001315789470993,81.72409548611311,Mode: ISLAND. V_pcc: 0.932,0
2026-01-01T23:16:55Z,ISLAND,20.986695906430057,81.72409548611311,Mode: ISLAND. V_pcc: 0.932,0
2026-01-01T23:17:00Z,ISLAND,21.02298062865228,81.72409548611311,Mode: GENERATOR_ASSIST. V_pcc: 0.932,0
2026-01-01T23:17:05Z,ISLAND,21.00836074561134,81.72409548611311,Mode: ISLAND. V_pcc: 0.932,0
2026-01-01T23:17:10Z,ISLAND,20.993740862570405,81.72409548611311,Mode: ISLAND. V_pcc: 0.932,0
2026-01-01T23:17:15Z,ISLAND,21.03002558479263,81.72409548611311,Mode: GENERATOR_ASSIST. V_pcc: 0.932,0
2026-01-01T23:17:20Z,ISLAND,21.015405701751693,81.72409548611311,Mode: ISLAND. V_pcc: 0.932,0
2026-01-01T23:17:25Z,ISLAND,21.000785818710757,81.72409548611311,Mode: ISLAND. V_pcc: 0.932,0
2026-01-01T23:17:30Z,ISLAND,20.98616593566982,81.72409548611311,Mode: ISLAND. V_pcc: 0.932,0
2026-01-01T23:17:35Z,ISLAND,21.02245065789204,81.72409548611311,Mode: GENERATOR_ASSIST. V_pcc: 0.932,0
2026-01-01T23:17:40Z,ISLAND,21.007830774851104,81.72409548611311,Mode: ISLAND. V_pcc: 0.932,0
2026-01-01T23:17:45Z,ISLAND,20.993210891810172,81.72409548611311,Mode: ISLAND. V_pcc: 0.932,0
2026-01-01T23:17:50Z,ISLAND,21.029495614032392,81.72409548611311,Mode: GENERATOR_ASSIST. V_pcc: 0.932,0
2026-01-01T23:17:55Z,ISLAND,21.014875730991456,81.72409548611311,Mode: ISLAND. V_pcc: 0.932,0
2026-01-01T23:18:00Z,ISLAND,21.00025584795052,81.72409548611311,Mode: ISLAND. V_pcc: 0.932,0
2026-01-01T23:18:05Z,ISLAND,20.985635964909584,81.72409548611311,Mode: ISLAND. V_pcc: 0.932,0
2026-01-01T23:18:10Z,ISLAND,21.021920687131807,81.72409548611311,Mode: GENERATOR_ASSIST. V_pcc: 0.932,0
2026-01-01T23:18:15Z,ISLAND,21.00730080409087,81.72409548611311,Mode: ISLAND. V_pcc: 0.932,0
2026-01-01T23:18:20Z,ISLAND,20.99268092104993,81.72409548611311,Mode: ISLAND. V_pcc: 0.932,0
2026-01-01T23:18:25Z,ISLAND,21.028965643272155,81.72409548611311,Mode: GENERATOR_ASSIST. V_pcc: 0.932,0
2026-01-01T23:18:30Z,ISLAND,21.01434576023122,81.72409548611311,Mode: ISLAND. V_pcc: 0.932,0
2026-01-01T23:18:35Z,ISLAND,20.999725877190283,81.72409548611311,Mode: ISLAND. V_pcc: 0.932,0
2026-01-01T23:18:40Z,ISLAND,21.036010599412506,81.72409548611311,Mode: GENERATOR_ASSIST. V_pcc: 0.932,0
2026-01-01T23:18:45Z,ISLAND,21.02139071637157,81.72409548611311,Mode: ISLAND. V_pcc: 0.932,0
2026-01-01T23:18:50Z,ISLAND,21.00677083333063,81.72409548611311,Mode: ISLAND. V_pcc: 0.932,0
2026-01-01T23:18:55Z,ISLAND,20.992150950289695,81.72409548611311,Mode: ISLAND. V_pcc: 0.932,0
2026-01-01T23:19:00Z,ISLAND,21.028435672511918,81.72409548611311,Mode: GENERATOR_ASSIST. V_pcc: 0.932,0
2026-01-01T23:19:05Z,ISLAND,21.013815789470982,81.72409548611311,Mode: ISLAND. V_pcc: 0.933,0
2026-01-01T23:19:10Z,ISLAND,20.999195906430046,81.72409548611311,Mode: ISLAND. V_pcc: 0.933,0
2026-01-01T23:19:15Z,ISLAND,21.035480628652266,81.72409548611311,Mode: GENERATOR_ASSIST. V_pcc: 0.933,0
2026-01-01T23:19:20Z,ISLAND,21.02086074561133,81.72409548611311,Mode: ISLAND. V_pcc: 0.933,0
2026-01-01T23:19:25Z,ISLAND,21.006240862570397,81.72409548611311,Mode: ISLAND. V_pcc: 0.933,0
2026-01-01T23:19:30Z,ISLAND,20.99162097952946,81.72409548611311,Mode: ISLAND. V_pcc: 0.933,0
2026-01-01T23:19:35Z,ISLAND,21.02790570175168,81.72409548611311,Mode: GENERATOR_ASSIST. V_pcc: 0.933,0
2026-01-01T23:19:40Z,ISLAND,21.013285818710745,81.72409548611311,Mode: ISLAND. V_pcc: 0.933,0
2026-01-01T23:19:45Z,ISLAND,20.99866593566981,81.72409548611311,Mode: ISLAND. V_pcc: 0.933,0
2026-01-01T23:19:50Z,ISLAND,21.034950657892033,81.72409548611311,Mode: GENERATOR_ASSIST. V_pcc: 0.933,0
2026-01-01T23:19:55Z,ISLAND,21.020330774851097,81.72409548611311,Mode: ISLAND. V_pcc: 0.933,0
2026-01-01T23:20:00Z,ISLAND,21.00571089181016,81.72409548611311,Mode: ISLAND. V_pcc: 0.933,0
2026-01-01T23:20:05Z,ISLAND,20.99109100876922,81.72409548611311,Mode: ISLAND. V_pcc: 0.933,0
2026-01-01T23:20:10Z,ISLAND,21.027375730991444,81.72409548611311,Mode: GENERATOR_ASSIST. V_pcc: 0.933,0
2026-01-01T23:20:15Z,ISLAND,21.01275584795051,81.72409548611311,Mode: ISLAND. V_pcc: 0.933,0
2026-01-01T23:20:20Z,ISLAND,20.998135964909572,81.72409548611311,Mode: ISLAND. V_pcc: 0.933,0
2026-01-01T23:20:25Z,ISLAND,21.034420687131792,81.72409548611311,Mode: GENERATOR_ASSIST. V_pcc: 0.933,0
2026-01-01T23:20:30Z,ISLAND,21.019800804090856,81.72409548611311,Mode: ISLAND. V_pcc: 0.933,0
2026-01-01T23:20:35Z,ISLAND,21.00518092104992,81.72409548611311,Mode: ISLAND. V_pcc: 0.933,0
2026-01-01T23:20:40Z,ISLAND,20.990561038008988,81.72409548611311,Mode: ISLAND. V_pcc: 0.933,0
2026-01-01T23:20:45Z,ISLAND,21.026845760231208,81.72409548611311,Mode: GENERATOR_ASSIST. V_pcc: 0.933,0
2026-01-01T23:20:50Z,ISLAND,21.01222587719027,81.72409548611311,Mode: ISLAND. V_pcc: 0.933,0
2026-01-01T23:20:55Z,ISLAND,20.997605994149335,81.72409548611311,Mode: ISLAND. V_pcc: 0.933,0
2026-01-01T23:21:00Z,ISLAND,21.033890716371555,81.72409548611311,Mode: GENERATOR_ASSIST. V_pcc: 0.933,0
2026-01-01T23:21:05Z,ISLAND,21.019270833330623,81.72409548611311,Mode: ISLAND. V_pcc: 0.934,0
2026-01-01T23:21:10Z,ISLAND,21.004650950289687,81.72409548611311,Mode: ISLAND. V_pcc: 0.934,0
2026-01-01T23:21:15Z,ISLAND,20.99003106724875,81.72409548611311,Mode: ISLAND. V_pcc: 0.934,0
2026-01-01T23:21:20Z,ISLAND,21.02631578947097,81.72409548611311,Mode: GENERATOR_ASSIST. V_pcc: 0.934,0
2026-01-01T23:21:25Z,ISLAND,21.011695906430035,81.72409548611311,Mode: ISLAND. V_pcc: 0.934,0
2026-01-01T23:21:30Z,ISLAND,20.9970760233891,81.72409548611311,Mode: ISLAND. V_pcc: 0.934,0
2026-01-01T23:21:35Z,ISLAND,21.033360745611322,81.72409548611311,Mode: GENERATOR_ASSIST. V_pcc: 0.934,0
2026-01-01T23:21:40Z,ISLAND,21.018740862570382,81.72409548611311,Mode: ISLAND. V_pcc: 0.934,0
2026-01-01T23:21:45Z,ISLAND,21.004120979529446,81.72409548611311,Mode: ISLAND. V_pcc: 0.934,0
2026-01-01T23:21:50Z,ISLAND,20.98950109648851,81.72409548611311,Mode: ISLAND. V_pcc: 0.934,0
2026-01-01T23:21:55Z,ISLAND,21.025785818710734,81.72409548611311,Mode: GENERATOR_ASSIST. V_pcc: 0.934,0
2026-01-01T23:22:00Z,ISLAND,21.011165935669798,81.72409548611311,Mode: ISLAND. V_pcc: 0.934,0
2026-01-01T23:22:05Z,ISLAND,20.99654605262886,81.72409548611311,Mode: ISLAND. V_pcc: 0.934,0
2026-01-01T23:22:10Z,ISLAND,21.03283077485108,81.72409548611311,Mode: GENERATOR_ASSIST. V_pcc: 0.934,0
2026-01-01T23:22:15Z,ISLAND,21.018210891810146,81.72409548611311,Mode: ISLAND. V_pcc: 0.934,0
2026-01-01T23:22:20Z,ISLAND,21.003591008769213,81.72409548611311,Mode: ISLAND. V_pcc: 0.934,0
2026-01-01T23:22:25Z,ISLAND,20.988971125728277,81.72409548611311,Mode: ISLAND. V_pcc: 0.934,0
2026-01-01T23:22:30Z,ISLAND,21.025255847950497,81.72409548611311,Mode: GENERATOR_ASSIST. V_pcc: 0.934,0
2026-01-01T23:22:35Z,ISLAND,21.01063596490956,81.72409548611311,Mode: ISLAND. V_pcc: 0.934,0
2026-01-01T23:22:40Z,ISLAND,20.996016081868625,81.72409548611311,Mode: ISLAND. V_pcc: 0.934,0
2026-01-01T23:22:45Z,ISLAND,21.03230080409085,81.72409548611311,Mode: GENERATOR_ASSIST. V_pcc: 0.934,0
2026-01-01T23:22:50Z,ISLAND,21.017680921049912,81.72409548611311,Mode: ISLAND. V_pcc: 0.934,0
2026-01-01T23:22:55Z,ISLAND,21.003061038008973,81.72409548611311,Mode: ISLAND. V_pcc: 0.934,0
2026-01-01T23:23:00Z,ISLAND,20.988441154968037,81.72409548611311,Mode: ISLAND. V_pcc: 0.934,0
2026-01-01T23:23:05Z,ISLAND,21.02472587719026,81.72409548611311,Mode: GENERATOR_ASSIST. V_pcc: 0.934,0
2026-01-01T23:23:10Z,ISLAND,21.010105994149324,81.72409548611311,Mode: ISLAND. V_pcc: 0.934,0
2026-01-01T23:23:15Z,ISLAND,20.995486111108388,81.72409548611311,Mode: ISLAND. V_pcc: 0.934,0
2026-01-01T23:23:20Z,ISLAND,21.03177083333061,81.72409548611311,Mode: GENERATOR_ASSIST. V_pcc: 0.934,0
2026-01-01T23:23:25Z,ISLAND,21.017150950289672,81.72409548611311,Mode: ISLAND. V_pcc: 0.934,0
2026-01-01T23:23:30Z,ISLAND,21.002531067248736,81.72409548611311,Mode: ISLAND. V_pcc: 0.934,0
2026-01-01T23:23:35Z,ISLAND,20.987911184207803,81.72409548611311,Mode: ISLAND. V_pcc: 0.934,0
2026-01-01T23:23:40Z,ISLAND,21.024195906430023,81.72409548611311,Mode: GENERATOR_ASSIST. V_pcc: 0.934,0
2026-01-01T23:23:45Z,ISLAND,21.009576023389087,81.72409548611311,Mode: ISLAND. V_pcc: 0.934,0
2026-01-01T23:23:50Z,ISLAND,20.99495614034815,81.72409548611311,Mode: ISLAND. V_pcc: 0.934,0
2026-01-01T23:23:55Z,ISLAND,21.03124086257037,81.72409548611311,Mode: GENERATOR_ASSIST. V_pcc: 0.934,0
2026-01-01T23:24:00Z,ISLAND,21.01662097952944,81.72409548611311,Mode: ISLAND. V_pcc: 0.934,0
2026-01-01T23:24:05Z,ISLAND,21.002001096488502,81.72409548611311,Mode: ISLAND. V_pcc: 0.935,0
2026-01-01T23:24:10Z,ISLAND,20.987381213447563,81.72409548611311,Mode: ISLAND. V_pcc: 0.935,0
2026-01-01T23:24:15Z,ISLAND,21.023665935669786,81.72409548611311,Mode: GENERATOR_ASSIST. V_pcc: 0.935,0
2026-01-01T23:24:20Z,ISLAND,21.00904605262885,81.72409548611311,Mode: ISLAND. V_pcc: 0.935,0
2026-01-01T23:24:25Z,ISLAND,20.994426169587914,81.72409548611311,Mode: ISLAND. V_pcc: 0.935,0
2026-01-01T23:24:30Z,ISLAND,21.030710891810138,81.72409548611311,Mode: GENERATOR_ASSIST. V_pcc: 0.935,0
2026-01-01T23:24:35Z,ISLAND,21.0160910087692,81.72409548611311,Mode: ISLAND. V_pcc: 0.935,0
2026-01-01T23:24:40Z,ISLAND,21.001471125728262,81.72409548611311,Mode: ISLAND. V_pcc: 0.935,0
2026-01-01T23:24:45Z,ISLAND,20.986851242687326,81.72409548611311,Mode: ISLAND. V_pcc: 0.935,0
2026-01-01T23:24:50Z,ISLAND,21.02313596490955,81.72409548611311,Mode: GENERATOR_ASSIST. V_pcc: 0.935,0
2026-01-01T23:24:55Z,ISLAND,21.008516081868613,81.72409548611311,Mode: ISLAND. V_pcc: 0.935,0
2026-01-01T23:25:00Z,ISLAND,20.993896198827677,81.72409548611311,Mode: ISLAND. V_pcc: 0.935,0
2026-01-01T23:25:05Z,ISLAND,21.030180921049897,81.72409548611311,Mode: GENERATOR_ASSIST. V_pcc: 0.935,0
2026-01-01T23:25:10Z,ISLAND,21.01556103800896,81.72409548611311,Mode: ISLAND. V_pcc: 0.935,0
2026-01-01T23:25:15Z,ISLAND,21.00094115496803,81.72409548611311,Mode: ISLAND. V_pcc: 0.935,0
2026-01-01T23:25:20Z,ISLAND,20.986321271927093,81.72409548611311,Mode: ISLAND. V_pcc: 0.935,0
2026-01-01T23:25:25Z,ISLAND,21.022605994149313,81.72409548611311,Mode: GENERATOR_ASSIST. V_pcc: 0.935,0
2026-01-01T23:25:30Z,ISLAND,21.007986111108377,81.72409548611311,Mode: ISLAND. V_pcc: 0.935,0
2026-01-01T23:25:35Z,ISLAND,20.99336622806744,81.72409548611311,Mode: ISLAND. V_pcc: 0.935,0
2026-01-01T23:25:40Z,ISLAND,21.029650950289664,81.72409548611311,Mode: GENERATOR_ASSIST. V_pcc: 0.935,0
2026-01-01T23:25:45Z,ISLAND,21.015031067248728,81.72409548611311,Mode: ISLAND. V_pcc: 0.935,0
2026-01-01T23:25:50Z,ISLAND,21.000411184207792,81.72409548611311,Mode: ISLAND. V_pcc: 0.935,0
2026-01-01T23:25:55Z,ISLAND,20.985791301166852,81.72409548611311,Mode: ISLAND. V_pcc: 0.935,0
2026-01-01T23:26:00Z,ISLAND,21.022076023389076,81.72409548611311,Mode: GENERATOR_ASSIST. V_pcc: 0.935,0
2026-01-01T23:26:05Z,ISLAND,21.00745614034814,81.72409548611311,Mode: ISLAND. V_pcc: 0.935,0
2026-01-01T23:26:10Z,ISLAND,20.992836257307204,81.72409548611311,Mode: ISLAND. V_pcc: 0.935,0
2026-01-01T23:26:15Z,ISLAND,21.029120979529424,81.72409548611311,Mode: GENERATOR_ASSIST. V_pcc: 0.935,0
2026-01-01T23:26:20Z,ISLAND,21.014501096488488,81.72409548611311,Mode: ISLAND. V_pcc: 0.935,0
2026-01-01T23:26:25Z,ISLAND,20.99988121344755,81.72409548611311,Mode: ISLAND. V_pcc: 0.935,0
2026-01-01T23:26:30Z,ISLAND,21.036165935669775,81.72409548611311,Mode: GENERATOR_ASSIST. V_pcc: 0.935,0
2026-01-01T23:26:35Z,ISLAND,21.02154605262884,81.72409548611311,Mode: ISLAND. V_pcc: 0.935,0
2026-01-01T23:26:40Z,ISLAND,21.006926169587903,81.72409548611311,Mode: ISLAND. V_pcc: 0.935,0
2026-01-01T23:26:45Z,ISLAND,20.992306286546967,81.72409548611311,Mode: ISLAND. V_pcc: 0.935,0
2026-01-01T23:26:50Z,ISLAND,21.028591008769187,81.72409548611311,Mode: GENERATOR_ASSIST. V_pcc: 0.935,0
2026-01-01T23:26:55Z,ISLAND,21.013971125728254,81.72409548611311,Mode: ISLAND. V_pcc: 0.935,0
2026-01-01T23:27:00Z,ISLAND,20.999351242687318,81.72409548611311,Mode: ISLAND. V_pcc: 0.935,0
2026-01-01T23:27:05Z,ISLAND,21.035635964909538,81.72409548611311,Mode: GENERATOR_ASSIST. V_pcc: 0.936,0
2026-01-01T23:27:10Z,ISLAND,21.021016081868602,81.72409548611311,Mode: ISLAND. V_pcc: 0.936,0
2026-01-01T23:27:15Z,ISLAND,21.006396198827666,81.72409548611311,Mode: ISLAND. V_pcc: 0.936,0
2026-01-01T23:27:20Z,ISLAND,20.99177631578673,81.72409548611311,Mode: ISLAND. V_pcc: 0.936,0
2026-01-01T23:27:25Z,ISLAND,21.028061038008953,81.72409548611311,Mode: GENERATOR_ASSIST. V_pcc: 0.936,0
2026-01-01T23:27:30Z,ISLAND,21.013441154968014,81.72409548611311,Mode: ISLAND. V_pcc: 0.936,0
2026-01-01T23:27:35Z,ISLAND,20.998821271927078,81.72409548611311,Mode: ISLAND. V_pcc: 0.936,0
2026-01-01T23:27:40Z,ISLAND,21.0351059941493,81.72409548611311,Mode: GENERATOR_ASSIST. V_pcc: 0.936,0
2026-01-01T23:27:45Z,ISLAND,21.020486111108365,81.72409548611311,Mode: ISLAND. V_pcc: 0.936,0
2026-01-01T23:27:50Z,ISLAND,21.00586622806743,81.72409548611311,Mode: ISLAND. V_pcc: 0.936,0
2026-01-01T23:27:55Z,ISLAND,20.991246345026493,81.72409548611311,Mode: ISLAND. V_pcc: 0.936,0
2026-01-01T23:28:00Z,ISLAND,21.027531067248713,81.72409548611311,Mode: GENERATOR_ASSIST. V_pcc: 0.936,0
2026-01-01T23:28:05Z,ISLAND,21.012911184207777,81.72409548611311,Mode: ISLAND. V_pcc: 0.936,0
2026-01-01T23:28:10Z,ISLAND,20.998291301166844,81.72409548611311,Mode: ISLAND. V_pcc: 0.936,0
2026-01-01T23:28:15Z,ISLAND,21.034576023389064,81.72409548611311,Mode: GENERATOR_ASSIST. V_pcc: 0.936,0
2026-01-01T23:28:20Z,ISLAND,21.01995614034813,81.72409548611311,Mode: ISLAND. V_pcc: 0.936,0
2026-01-01T23:28:25Z,ISLAND,21.005336257307192,81.72409548611311,Mode: ISLAND. V_pcc: 0.936,0
2026-01-01T23:28:30Z,ISLAND,20.990716374266256,81.72409548611311,Mode: ISLAND. V_pcc: 0.936,0
2026-01-01T23:28:35Z,ISLAND,21.02700109648848,81.72409548611311,Mode: GENERATOR_ASSIST. V_pcc: 0.936,0
2026-01-01T23:28:40Z,ISLAND,21.012381213447544,81.72409548611311,Mode: ISLAND. V_pcc: 0.936,0
2026-01-01T23:28:45Z,ISLAND,20.997761330406604,81.72409548611311,Mode: ISLAND. V_pcc: 0.936,0
2026-01-01T23:28:50Z,ISLAND,21.034046052628828,81.72409548611311,Mode: GENERATOR_ASSIST. V_pcc: 0.936,0
2026-01-01T23:28:55Z,ISLAND,21.01942616958789,81.72409548611311,Mode: ISLAND. V_pcc: 0.936,0
2026-01-01T23:29:00Z,ISLAND,21.004806286546955,81.72409548611311,Mode: ISLAND. V_pcc: 0.936,0
2026-01-01T23:29:05Z,ISLAND,20.99018640350602,81.72409548611311,Mode: ISLAND. V_pcc: 0.936,0
2026-01-01T23:29:10Z,ISLAND,21.026471125728243,81.72409548611311,Mode: GENERATOR_ASSIST. V_pcc: 0.936,0
2026-01-01T23:29:15Z,ISLAND,21.011851242687303,81.72409548611311,Mode: ISLAND. V_pcc: 0.936,0
2026-01-01T23:29:20Z,ISLAND,20.997231359646367,81.72409548611311,Mode: ISLAND. V_pcc: 0.936,0
2026-01-01T23:29:25Z,ISLAND,21.03351608186859,81.72409548611311,Mode: GENERATOR_ASSIST. V_pcc: 0.936,0
2026-01-01T23:29:30Z,ISLAND,21.018896198827655,81.72409548611311,Mode: ISLAND. V_pcc: 0.936,0
2026-01-01T23:29:35Z,ISLAND,21.00427631578672,81.72409548611311,Mode: ISLAND. V_pcc: 0.936,0
2026-01-01T23:29:40Z,ISLAND,20.989656432745782,81.72409548611311,Mode: ISLAND. V_pcc: 0.936,0
2026-01-01T23:29:45Z,ISLAND,21.025941154968002,81.72409548611311,Mode: GENERATOR_ASSIST. V_pcc: 0.936,0
2026-01-01T23:29:50Z,ISLAND,21.01132127192707,81.72409548611311,Mode: ISLAND. V_pcc: 0.936,0
2026-01-01T23:29:55Z,ISLAND,20.996701388886134,81.72409548611311,Mode: ISLAND. V_pcc: 0.936,0
2026-01-01T23:30:00Z,ISLAND,21.032986111108354,81.42854079861337,Mode: GENERATOR_ASSIST. V_pcc: 0.936,0
2026-01-01T23:30:05Z,ISLAND,21.018366228067418,81.42854079861337,Mode: ISLAND. V_pcc: 0.937,0
2026-01-01T23:30:10Z,ISLAND,21.00374634502648,81.42854079861337,Mode: ISLAND. V_pcc: 0.937,0
2026-01-01T23:30:15Z,ISLAND,20.989126461985546,81.42854079861337,Mode: ISLAND. V_pcc: 0.937,0
2026-01-01T23:30:20Z,ISLAND,21.02541118420777,81.42854079861337,Mode: GENERATOR_ASSIST. V_pcc: 0.937,0
2026-01-01T23:30:25Z,ISLAND,21.010791301166833,81.42854079861337,Mode: ISLAND. V_pcc: 0.937,0
2026-01-01T23:30:30Z,ISLAND,20.996171418125893,81.42854079861337,Mode: ISLAND. V_pcc: 0.937,0
2026-01-01T23:30:35Z,ISLAND,21.032456140348117,81.42854079861337,Mode: GENERATOR_ASSIST. V_pcc: 0.937,0
2026-01-01T23:30:40Z,ISLAND,21.01783625730718,81.42854079861337,Mode: ISLAND. V_pcc: 0.937,0
2026-01-01T23:30:45Z,ISLAND,21.003216374266245,81.42854079861337,Mode: ISLAND. V_pcc: 0.937,0
2026-01-01T23:30:50Z,ISLAND,20.98859649122531,81.42854079861337,Mode: ISLAND. V_pcc: 0.937,0
2026-01-01T23:30:55Z,ISLAND,21.02488121344753,81.42854079861337,Mode: GENERATOR_ASSIST. V_pcc: 0.937,0
2026-01-01T23:31:00Z,ISLAND,21.010261330406593,81.42854079861337,Mode: ISLAND. V_pcc: 0.937,0
2026-01-01T23:31:05Z,ISLAND,20.99564144736566,81.42854079861337,Mode: ISLAND. V_pcc: 0.937,0
2026-01-01T23:31:10Z,ISLAND,21.03192616958788,81.42854079861337,Mode: GENERATOR_ASSIST. V_pcc: 0.937,0
2026-01-01T23:31:15Z,ISLAND,21.017306286546944,81.42854079861337,Mode: ISLAND. V_pcc: 0.937,0
2026-01-01T23:31:20Z,ISLAND,21.002686403506008,81.42854079861337,Mode: ISLAND. V_pcc: 0.937,0
2026-01-01T23:31:25Z,ISLAND,20.988066520465072,81.42854079861337,Mode: ISLAND. V_pcc: 0.937,0
2026-01-01T23:31:30Z,ISLAND,21.024351242687295,81.42854079861337,Mode: GENERATOR_ASSIST. V_pcc: 0.937,0
2026-01-01T23:31:35Z,ISLAND,21.00973135964636,81.42854079861337,Mode: ISLAND. V_pcc: 0.937,0
2026-01-01T23:31:40Z,ISLAND,20.995111476605423,81.42854079861337,Mode: ISLAND. V_pcc: 0.937,0
2026-01-01T23:31:45Z,ISLAND,21.031396198827643,81.42854079861337,Mode: GENERATOR_ASSIST. V_pcc: 0.937,0
2026-01-01T23:31:50Z,ISLAND,21.016776315786707,81.42854079861337,Mode: ISLAND. V_pcc: 0.937,0
2026-01-01T23:31:55Z,ISLAND,21.00215643274577,81.42854079861337,Mode: ISLAND. V_pcc: 0.937,0
2026-01-01T23:32:00Z,ISLAND,20.987536549704835,81.42854079861337,Mode: ISLAND. V_pcc: 0.937,0
2026-01-01T23:32:05Z,ISLAND,21.023821271927055,81.42854079861337,Mode: GENERATOR_ASSIST. V_pcc: 0.937,0
2026-01-01T23:32:10Z,ISLAND,21.00920138888612,81.42854079861337,Mode: ISLAND. V_pcc: 0.937,0
2026-01-01T23:32:15Z,ISLAND,20.994581505845183,81.42854079861337,Mode: ISLAND. V_pcc: 0.937,0
2026-01-01T23:32:20Z,ISLAND,21.030866228067406,81.42854079861337,Mode: GENERATOR_ASSIST. V_pcc: 0.937,0
2026-01-01T23:32:25Z,ISLAND,21.01624634502647,81.42854079861337,Mode: ISLAND. V_pcc: 0.937,0
2026-01-01T23:32:30Z,ISLAND,21.001626461985534,81.42854079861337,Mode: ISLAND. V_pcc: 0.937,0
2026-01-01T23:32:35Z,ISLAND,20.987006578944598,81.42854079861337,Mode: ISLAND. V_pcc: 0.937,0
2026-01-01T23:32:40Z,ISLAND,21.023291301166818,81.42854079861337,Mode: GENERATOR_ASSIST. V_pcc: 0.937,0
2026-01-01T23:32:45Z,ISLAND,21.008671418125886,81.42854079861337,Mode: ISLAND. V_pcc: 0.937,0
2026-01-01T23:32:50Z,ISLAND,20.99405153508495,81.42854079861337,Mode: ISLAND. V_pcc: 0.937,0
2026-01-01T23:32:55Z,ISLAND,21.03033625730717,81.42854079861337,Mode: GENERATOR_ASSIST. V_pcc: 0.937,0
2026-01-01T23:33:00Z,ISLAND,21.015716374266233,81.42854079861337,Mode: ISLAND. V_pcc: 0.937,0
2026-01-01T23:33:05Z,ISLAND,21.001096491225297,81.42854079861337,Mode: ISLAND. V_pcc: 0.938,0
2026-01-01T23:33:10Z,ISLAND,20.98647660818436,81.42854079861337,Mode: ISLAND. V_pcc: 0.938,0
2026-01-01T23:33:15Z,ISLAND,21.022761330406585,81.42854079861337,Mode: GENERATOR_ASSIST. V_pcc: 0.938,0
2026-01-01T23:33:20Z,ISLAND,21.008141447365645,81.42854079861337,Mode: ISLAND. V_pcc: 0.938,0
2026-01-01T23:33:25Z,ISLAND,20.99352156432471,81.42854079861337,Mode: ISLAND. V_pcc: 0.938,0
2026-01-01T23:33:30Z,ISLAND,21.029806286546933,81.42854079861337,Mode: GENERATOR_ASSIST. V_pcc: 0.938,0
2026-01-01T23:33:35Z,ISLAND,21.015186403505997,81.42854079861337,Mode: ISLAND. V_pcc: 0.938,0
2026-01-01T23:33:40Z,ISLAND,21.00056652046506,81.42854079861337,Mode: ISLAND. V_pcc: 0.938,0
2026-01-01T23:33:45Z,ISLAND,20.985946637424124,81.42854079861337,Mode: ISLAND. V_pcc: 0.938,0
2026-01-01T23:33:50Z,ISLAND,21.022231359646344,81.42854079861337,Mode: GENERATOR_ASSIST. V_pcc: 0.938,0
2026-01-01T23:33:55Z,ISLAND,21.00761147660541,81.42854079861337,Mode: ISLAND. V_pcc: 0.938,0
2026-01-01T23:34:00Z,ISLAND,20.992991593564476,81.42854079861337,Mode: ISLAND. V_pcc: 0.938,0
2026-01-01T23:34:05Z,ISLAND,21.029276315786696,81.42854079861337,Mode: GENERATOR_ASSIST. V_pcc: 0.938,0
2026-01-01T23:34:10Z,ISLAND,21.01465643274576,81.42854079861337,Mode: ISLAND. V_pcc: 0.938,0
2026-01-01T23:34:15Z,ISLAND,21.000036549704824,81.42854079861337,Mode: ISLAND. V_pcc: 0.938,0
2026-01-01T23:34:20Z,ISLAND,20.985416666663887,81.42854079861337,Mode: ISLAND. V_pcc: 0.938,0
2026-01-01T23:34:25Z,ISLAND,21.02170138888611,81.42854079861337,Mode: GENERATOR_ASSIST. V_pcc: 0.938,0
2026-01-01T23:34:30Z,ISLAND,21.007081505845175,81.42854079861337,Mode: ISLAND. V_pcc: 0.938,0
2026-01-01T23:34:35Z,ISLAND,20.992461622804235,81.42854079861337,Mode: ISLAND. V_pcc: 0.938,0
2026-01-01T23:34:40Z,ISLAND,21.02874634502646,81.42854079861337,Mode: GENERATOR_ASSIST. V_pcc: 0.938,0
2026-01-01T23:34:45Z,ISLAND,21.014126461985523,81.42854079861337,Mode: ISLAND. V_pcc: 0.938,0
2026-01-01T23:34:50Z,ISLAND,20.999506578944587,81.42854079861337,Mode: ISLAND. V_pcc: 0.938,0
2026-01-01T23:34:55Z,ISLAND,21.03579130116681,81.42854079861337,Mode: GENERATOR_ASSIST. V_pcc: 0.938,0
2026-01-01T23:35:00Z,ISLAND,21.021171418125874,81.42854079861337,Mode: ISLAND. V_pcc: 0.938,0
2026-01-01T23:35:05Z,ISLAND,21.006551535084935,81.42854079861337,Mode: ISLAND. V_pcc: 0.938,0
2026-01-01T23:35:10Z,ISLAND,20.991931652044,81.42854079861337,Mode: ISLAND. V_pcc: 0.938,0
2026-01-01T23:35:15Z,ISLAND,21.028216374266222,81.42854079861337,Mode: GENERATOR_ASSIST. V_pcc: 0.938,0
2026-01-01T23:35:20Z,ISLAND,21.013596491225286,81.42854079861337,Mode: ISLAND. V_pcc: 0.938,0
2026-01-01T23:35:25Z,ISLAND,20.99897660818435,81.42854079861337,Mode: ISLAND. V_pcc: 0.938,0
2026-01-01T23:35:30Z,ISLAND,21.03526133040657,81.42854079861337,Mode: GENERATOR_ASSIST. V_pcc: 0.938,0
2026-01-01T23:35:35Z,ISLAND,21.020641447365634,81.42854079861337,Mode: ISLAND. V_pcc: 0.938,0
2026-01-01T23:35:40Z,ISLAND,21.0060215643247,81.42854079861337,Mode: ISLAND. V_pcc: 0.938,0
2026-01-01T23:35:45Z,ISLAND,20.991401681283765,81.42854079861337,Mode: ISLAND. V_pcc: 0.938,0
2026-01-01T23:35:50Z,ISLAND,21.027686403505985,81.42854079861337,Mode: GENERATOR_ASSIST. V_pcc: 0.938,0
2026-01-01T23:35:55Z,ISLAND,21.01306652046505,81.42854079861337,Mode: ISLAND. V_pcc: 0.938,0
2026-01-01T23:36:00Z,ISLAND,20.998446637424113,81.42854079861337,Mode: ISLAND. V_pcc: 0.938,0
2026-01-01T23:36:05Z,ISLAND,21.034731359646337,81.42854079861337,Mode: GENERATOR_ASSIST. V_pcc: 0.939,0
2026-01-01T23:36:10Z,ISLAND,21.0201114766054,81.42854079861337,Mode: ISLAND. V_pcc: 0.939,0
2026-01-01T23:36:15Z,ISLAND,21.005491593564464,81.42854079861337,Mode: ISLAND. V_pcc: 0.939,0
2026-01-01T23:36:20Z,ISLAND,20.990871710523525,81.42854079861337,Mode: ISLAND. V_pcc: 0.939,0
2026-01-01T23:36:25Z,ISLAND,21.02715643274575,81.42854079861337,Mode: GENERATOR_ASSIST. V_pcc: 0.939,0
2026-01-01T23:36:30Z,ISLAND,21.012536549704812,81.42854079861337,Mode: ISLAND. V_pcc: 0.939,0
2026-01-01T23:36:35Z,ISLAND,20.997916666663876,81.42854079861337,Mode: ISLAND. V_pcc: 0.939,0
2026-01-01T23:36:40Z,ISLAND,21.034201388886096,81.42854079861337,Mode: GENERATOR_ASSIST. V_pcc: 0.939,0
2026-01-01T23:36:45Z,ISLAND,21.01958150584516,81.42854079861337,Mode: ISLAND. V_pcc: 0.939,0
2026-01-01T23:36:50Z,ISLAND,21.004961622804224,81.42854079861337,Mode: ISLAND. V_pcc: 0.939,0
2026-01-01T23:36:55Z,ISLAND,20.99034173976329,81.42854079861337,Mode: ISLAND. V_pcc: 0.939,0
2026-01-01T23:37:00Z,ISLAND,21.02662646198551,81.42854079861337,Mode: GENERATOR_ASSIST. V_pcc: 0.939,0
2026-01-01T23:37:05Z,ISLAND,21.012006578944575,81.42854079861337,Mode: ISLAND. V_pcc: 0.939,0
2026-01-01T23:37:10Z,ISLAND,20.99738669590364,81.42854079861337,Mode: ISLAND. V_pcc: 0.939,0
2026-01-01T23:37:15Z,ISLAND,21.03367141812586,81.42854079861337,Mode: GENERATOR_ASSIST. V_pcc: 0.939,0
2026-01-01T23:37:20Z,ISLAND,21.019051535084927,81.42854079861337,Mode: ISLAND. V_pcc: 0.939,0
2026-01-01T23:37:25Z,ISLAND,21.00443165204399,81.42854079861337,Mode: ISLAND. V_pcc: 0.939,0
2026-01-01T23:37:30Z,ISLAND,20.989811769003055,81.42854079861337,Mode: ISLAND. V_pcc: 0.939,0
2026-01-01T23:37:35Z,ISLAND,21.026096491225275,81.42854079861337,Mode: GENERATOR_ASSIST. V_pcc: 0.939,0
2026-01-01T23:37:40Z,ISLAND,21.01147660818434,81.42854079861337,Mode: ISLAND. V_pcc: 0.939,0
2026-01-01T23:37:45Z,ISLAND,20.996856725143402,81.42854079861337,Mode: ISLAND. V_pcc: 0.939,0
2026-01-01T23:37:50Z,ISLAND,21.033141447365626,81.42854079861337,Mode: GENERATOR_ASSIST. V_pcc: 0.939,0
2026-01-01T23:37:55Z,ISLAND,21.018521564324686,81.42854079861337,Mode: ISLAND. V_pcc: 0.939,0
2026-01-01T23:38:00Z,ISLAND,21.00390168128375,81.42854079861337,Mode: ISLAND. V_pcc: 0.939,0
2026-01-01T23:38:05Z,ISLAND,20.989281798242814,81.42854079861337,Mode: ISLAND. V_pcc: 0.939,0
2026-01-01T23:38:10Z,ISLAND,21.025566520465038,81.42854079861337,Mode: GENERATOR_ASSIST. V_pcc: 0.939,0
2026-01-01T23:38:15Z,ISLAND,21.0109466374241,81.42854079861337,Mode: ISLAND. V_pcc: 0.939,0
2026-01-01T23:38:20Z,ISLAND,20.996326754383166,81.42854079861337,Mode: ISLAND. V_pcc: 0.939,0
2026-01-01T23:38:25Z,ISLAND,21.032611476605386,81.42854079861337,Mode: GENERATOR_ASSIST. V_pcc: 0.939,0
2026-01-01T23:38:30Z,ISLAND,21.01799159356445,81.42854079861337,Mode: ISLAND. V_pcc: 0.939,0
2026-01-01T23:38:35Z,ISLAND,21.003371710523517,81.42854079861337,Mode: ISLAND. V_pcc: 0.939,0
2026-01-01T23:38:40Z,ISLAND,20.98875182748258,81.42854079861337,Mode: ISLAND. V_pcc: 0.939,0
2026-01-01T23:38:45Z,ISLAND,21.0250365497048,81.42854079861337,Mode: GENERATOR_ASSIST. V_pcc: 0.939,0
2026-01-01T23:38:50Z,ISLAND,21.010416666663865,81.42854079861337,Mode: ISLAND. V_pcc: 0.939,0
2026-01-01T23:38:55Z,ISLAND,20.99579678362293,81.42854079861337,Mode: ISLAND. V_pcc: 0.939,0
2026-01-01T23:39:00Z,ISLAND,21.032081505845152,81.42854079861337,Mode: GENERATOR_ASSIST. V_pcc: 0.939,0
2026-01-01T23:39:05Z,ISLAND,21.017461622804216,81.42854079861337,Mode: ISLAND. V_pcc: 0.940,0
2026-01-01T23:39:10Z,ISLAND,21.002841739763277,81.42854079861337,Mode: ISLAND. V_pcc: 0.940,0
2026-01-01T23:39:15Z,ISLAND,20.98822185672234,81.42854079861337,Mode: ISLAND. V_pcc: 0.940,0
2026-01-01T23:39:20Z,ISLAND,21.024506578944564,81.42854079861337,Mode: GENERATOR_ASSIST. V_pcc: 0.940,0
2026-01-01T23:39:25Z,ISLAND,21.009886695903628,81.42854079861337,Mode: ISLAND. V_pcc: 0.940,0
2026-01-01T23:39:30Z,ISLAND,20.995266812862692,81.42854079861337,Mode: ISLAND. V_pcc: 0.940,0
2026-01-01T23:39:35Z,ISLAND,21.031551535084915,81.42854079861337,Mode: GENERATOR_ASSIST. V_pcc: 0.940,0
2026-01-01T23:39:40Z,ISLAND,21.016931652043976,81.42854079861337,Mode: ISLAND. V_pcc: 0.940,0
2026-01-01T23:39:45Z,ISLAND,21.00231176900304,81.42854079861337,Mode: ISLAND. V_pcc: 0.940,0
2026-01-01T23:39:50Z,ISLAND,20.987691885962107,81.42854079861337,Mode: ISLAND. V_pcc: 0.940,0
2026-01-01T23:39:55Z,ISLAND,21.023976608184327,81.42854079861337,Mode: GENERATOR_ASSIST. V_pcc: 0.940,0
2026-01-01T23:40:00Z,ISLAND,21.00935672514339,81.42854079861337,Mode: ISLAND. V_pcc: 0.940,0
2026-01-01T23:40:05Z,ISLAND,20.994736842102455,81.42854079861337,Mode: ISLAND. V_pcc: 0.940,0
2026-01-01T23:40:10Z,ISLAND,21.031021564324675,81.42854079861337,Mode: GENERATOR_ASSIST. V_pcc: 0.940,0
2026-01-01T23:40:15Z,ISLAND,21.016401681283742,81.42854079861337,Mode: ISLAND. V_pcc: 0.940,0
2026-01-01T23:40:20Z,ISLAND,21.001781798242806,81.42854079861337,Mode: ISLAND. V_pcc: 0.940,0
2026-01-01T23:40:25Z,ISLAND,20.987161915201867,81.42854079861337,Mode: ISLAND. V_pcc: 0.940,0
2026-01-01T23:40:30Z,ISLAND,21.02344663742409,81.42854079861337,Mode: GENERATOR_ASSIST. V_pcc: 0.940,0
2026-01-01T23:40:35Z,ISLAND,21.008826754383154,81.42854079861337,Mode: ISLAND. V_pcc: 0.940,0
2026-01-01T23:40:40Z,ISLAND,20.994206871342218,81.42854079861337,Mode: ISLAND. V_pcc: 0.940,0
2026-01-01T23:40:45Z,ISLAND,21.03049159356444,81.42854079861337,Mode: GENERATOR_ASSIST. V_pcc: 0.940,0
2026-01-01T23:40:50Z,ISLAND,21.015871710523506,81.42854079861337,Mode: ISLAND. V_pcc: 0.940,0
2026-01-01T23:40:55Z,ISLAND,21.001251827482566,81.42854079861337,Mode: ISLAND. V_pcc: 0.940,0
2026-01-01T23:41:00Z,ISLAND,20.98663194444163,81.42854079861337,Mode: ISLAND. V_pcc: 0.940,0
2026-01-01T23:41:05Z,ISLAND,21.022916666663853,81.42854079861337,Mode: GENERATOR_ASSIST. V_pcc: 0.940,0
2026-01-01T23:41:10Z,ISLAND,21.008296783622917,81.42854079861337,Mode: ISLAND. V_pcc: 0.940,0
2026-01-01T23:41:15Z,ISLAND,20.99367690058198,81.42854079861337,Mode: ISLAND. V_pcc: 0.940,0
2026-01-01T23:41:20Z,ISLAND,21.0299616228042,81.42854079861337,Mode: GENERATOR_ASSIST. V_pcc: 0.940,0
2026-01-01T23:41:25Z,ISLAND,21.015341739763265,81.42854079861337,Mode: ISLAND. V_pcc: 0.940,0
2026-01-01T23:41:30Z,ISLAND,21.000721856722333,81.42854079861337,Mode: ISLAND. V_pcc: 0.940,0
2026-01-01T23:41:35Z,ISLAND,20.986101973681397,81.42854079861337,Mode: ISLAND. V_pcc: 0.940,0
2026-01-01T23:41:40Z,ISLAND,21.022386695903617,81.42854079861337,Mode: GENERATOR_ASSIST. V_pcc: 0.940,0
2026-01-01T23:41:45Z,ISLAND,21.00776681286268,81.42854079861337,Mode: ISLAND. V_pcc: 0.940,0
2026-01-01T23:41:50Z,ISLAND,20.993146929821744,81.42854079861337,Mode: ISLAND. V_pcc: 0.940,0
2026-01-01T23:41:55Z,ISLAND,21.029431652043968,81.42854079861337,Mode: GENERATOR_ASSIST. V_pcc: 0.940,0
2026-01-01T23:42:00Z,ISLAND,21.014811769003032,81.42854079861337,Mode: ISLAND. V_pcc: 0.940,0
2026-01-01T23:42:05Z,ISLAND,21.000191885962096,81.42854079861337,Mode: ISLAND. V_pcc: 0.941,0
2026-01-01T23:42:10Z,ISLAND,20.985572002921156,81.42854079861337,Mode: ISLAND. V_pcc: 0.941,0
2026-01-01T23:42:15Z,ISLAND,21.02185672514338,81.42854079861337,Mode: GENERATOR_ASSIST. V_pcc: 0.941,0
2026-01-01T23:42:20Z,ISLAND,21.007236842102444,81.42854079861337,Mode: ISLAND. V_pcc: 0.941,0
2026-01-01T23:42:25Z,ISLAND,20.992616959061507,81.42854079861337,Mode: ISLAND. V_pcc: 0.941,0
2026-01-01T23:42:30Z,ISLAND,21.028901681283727,81.42854079861337,Mode: GENERATOR_ASSIST. V_pcc: 0.941,0
2026-01-01T23:42:35Z,ISLAND,21.01428179824279,81.42854079861337,Mode: ISLAND. V_pcc: 0.941,0
2026-01-01T23:42:40Z,ISLAND,20.999661915201855,81.42854079861337,Mode: ISLAND. V_pcc: 0.941,0
2026-01-01T23:42:45Z,ISLAND,21.03594663742408,81.42854079861337,Mode: GENERATOR_ASSIST. V_pcc: 0.941,0
2026-01-01T23:42:50Z,ISLAND,21.021326754383143,81.42854079861337,Mode: ISLAND. V_pcc: 0.941,0
2026-01-01T23:42:55Z,ISLAND,21.006706871342207,81.42854079861337,Mode: ISLAND. V_pcc: 0.941,0
2026-01-01T23:43:00Z,ISLAND,20.99208698830127,81.42854079861337,Mode: ISLAND. V_pcc: 0.941,0
2026-01-01T23:43:05Z,ISLAND,21.02837171052349,81.42854079861337,Mode: GENERATOR_ASSIST. V_pcc: 0.941,0
2026-01-01T23:43:10Z,ISLAND,21.013751827482558,81.42854079861337,Mode: ISLAND. V_pcc: 0.941,0
2026-01-01T23:43:15Z,ISLAND,20.999131944441622,81.42854079861337,Mode: ISLAND. V_pcc: 0.941,0
2026-01-01T23:43:20Z,ISLAND,21.035416666663842,81.42854079861337,Mode: GENERATOR_ASSIST. V_pcc: 0.941,0
2026-01-01T23:43:25Z,ISLAND,21.020796783622906,81.42854079861337,Mode: ISLAND. V_pcc: 0.941,0
2026-01-01T23:43:30Z,ISLAND,21.00617690058197,81.42854079861337,Mode: ISLAND. V_pcc: 0.941,0
2026-01-01T23:43:35Z,ISLAND,20.991557017541034,81.42854079861337,Mode: ISLAND. V_pcc: 0.941,0
2026-01-01T23:43:40Z,ISLAND,21.027841739763257,81.42854079861337,Mode: GENERATOR_ASSIST. V_pcc: 0.941,0
2026-01-01T23:43:45Z,ISLAND,21.013221856722318,81.42854079861337,Mode: ISLAND. V_pcc: 0.941,0
2026-01-01T23:43:50Z,ISLAND,20.99860197368138,81.42854079861337,Mode: ISLAND. V_pcc: 0.941,0
2026-01-01T23:43:55Z,ISLAND,21.034886695903605,81.42854079861337,Mode: GENERATOR_ASSIST. V_pcc: 0.941,0
2026-01-01T23:44:00Z,ISLAND,21.02026681286267,81.42854079861337,Mode: ISLAND. V_pcc: 0.941,0
2026-01-01T23:44:05Z,ISLAND,21.005646929821733,81.42854079861337,Mode: ISLAND. V_pcc: 0.941,0
2026-01-01T23:44:10Z,ISLAND,20.991027046780797,81.42854079861337,Mode: ISLAND. V_pcc: 0.941,0
2026-01-01T23:44:15Z,ISLAND,21.027311769003017,81.42854079861337,Mode: GENERATOR_ASSIST. V_pcc: 0.941,0
2026-01-01T23:44:20Z,ISLAND,21.01269188596208,81.42854079861337,Mode: ISLAND. V_pcc: 0.941,0
2026-01-01T23:44:25Z,ISLAND,20.99807200292115,81.42854079861337,Mode: ISLAND. V_pcc: 0.941,0
2026-01-01T23:44:30Z,ISLAND,21.03435672514337,81.42854079861337,Mode: GENERATOR_ASSIST. V_pcc: 0.941,0
2026-01-01T23:44:35Z,ISLAND,21.019736842102432,81.42854079861337,Mode: ISLAND. V_pcc: 0.941,0
2026-01-01T23:44:40Z,ISLAND,21.005116959061496,81.42854079861337,Mode: ISLAND. V_pcc: 0.941,0
2026-01-01T23:44:45Z,ISLAND,20.99049707602056,81.42854079861337,Mode: ISLAND. V_pcc: 0.941,0
2026-01-01T23:44:50Z,ISLAND,21.026781798242784,81.42854079861337,Mode: GENERATOR_ASSIST. V_pcc: 0.941,0
2026-01-01T23:44:55Z,ISLAND,21.012161915201848,81.42854079861337,Mode: ISLAND. V_pcc: 0.941,0
2026-01-01T23:45:00Z,ISLAND,20.997542032160908,81.13209288194696,Mode: ISLAND. V_pcc: 0.941,0
2026-01-01T23:45:05Z,ISLAND,21.03382675438313,81.13209288194696,Mode: GENERATOR_ASSIST. V_pcc: 0.942,0
2026-01-01T23:45:10Z,ISLAND,21.019206871342195,81.13209288194696,Mode: ISLAND. V_pcc: 0.942,0
2026-01-01T23:45:15Z,ISLAND,21.00458698830126,81.13209288194696,Mode: ISLAND. V_pcc: 0.942,0
2026-01-01T23:45:20Z,ISLAND,20.989967105260323,81.13209288194696,Mode: ISLAND. V_pcc: 0.942,0
2026-01-01T23:45:25Z,ISLAND,21.026251827482547,81.13209288194696,Mode: GENERATOR_ASSIST. V_pcc: 0.942,0
2026-01-01T23:45:30Z,ISLAND,21.011631944441607,81.13209288194696,Mode: ISLAND. V_pcc: 0.942,0
2026-01-01T23:45:35Z,ISLAND,20.99701206140067,81.13209288194696,Mode: ISLAND. V_pcc: 0.942,0
2026-01-01T23:45:40Z,ISLAND,21.033296783622895,81.13209288194696,Mode: GENERATOR_ASSIST. V_pcc: 0.942,0
2026-01-01T23:45:45Z,ISLAND,21.01867690058196,81.13209288194696,Mode: ISLAND. V_pcc: 0.942,0
2026-01-01T23:45:50Z,ISLAND,21.004057017541022,81.13209288194696,Mode: ISLAND. V_pcc: 0.942,0
2026-01-01T23:45:55Z,ISLAND,20.989437134500086,81.13209288194696,Mode: ISLAND. V_pcc: 0.942,0
2026-01-01T23:46:00Z,ISLAND,21.025721856722306,81.13209288194696,Mode: GENERATOR_ASSIST. V_pcc: 0.942,0
2026-01-01T23:46:05Z,ISLAND,21.011101973681374,81.13209288194696,Mode: ISLAND. V_pcc: 0.942,0
2026-01-01T23:46:10Z,ISLAND,20.996482090640438,81.13209288194696,Mode: ISLAND. V_pcc: 0.942,0
2026-01-01T23:46:15Z,ISLAND,21.032766812862658,81.13209288194696,Mode: GENERATOR_ASSIST. V_pcc: 0.942,0
2026-01-01T23:46:20Z,ISLAND,21.01814692982172,81.13209288194696,Mode: ISLAND. V_pcc: 0.942,0
2026-01-01T23:46:25Z,ISLAND,21.003527046780786,81.13209288194696,Mode: ISLAND. V_pcc: 0.942,0
2026-01-01T23:46:30Z,ISLAND,20.98890716373985,81.13209288194696,Mode: ISLAND. V_pcc: 0.942,0
2026-01-01T23:46:35Z,ISLAND,21.025191885962073,81.13209288194696,Mode: GENERATOR_ASSIST. V_pcc: 0.942,0
2026-01-01T23:46:40Z,ISLAND,21.010572002921137,81.13209288194696,Mode: ISLAND. V_pcc: 0.942,0
2026-01-01T23:46:45Z,ISLAND,20.995952119880197,81.13209288194696,Mode: ISLAND. V_pcc: 0.942,0
2026-01-01T23:46:50Z,ISLAND,21.03223684210242,81.13209288194696,Mode: GENERATOR_ASSIST. V_pcc: 0.942,0
2026-01-01T23:46:55Z,ISLAND,21.017616959061485,81.13209288194696,Mode: ISLAND. V_pcc: 0.942,0
2026-01-01T23:47:00Z,ISLAND,21.00299707602055,81.13209288194696,Mode: ISLAND. V_pcc: 0.942,0
2026-01-01T23:47:05Z,ISLAND,20.988377192979613,81.13209288194696,Mode: ISLAND. V_pcc: 0.942,0
2026-01-01T23:47:10Z,ISLAND,21.024661915201833,81.13209288194696,Mode: GENERATOR_ASSIST. V_pcc: 0.942,0
2026-01-01T23:47:15Z,ISLAND,21.010042032160896,81.13209288194696,Mode: ISLAND. V_pcc: 0.942,0
2026-01-01T23:47:20Z,ISLAND,20.995422149119964,81.13209288194696,Mode: ISLAND. V_pcc: 0.942,0
2026-01-01T23:47:25Z,ISLAND,21.031706871342184,81.13209288194696,Mode: GENERATOR_ASSIST. V_pcc: 0.942,0
2026-01-01T23:47:30Z,ISLAND,21.017086988301248,81.13209288194696,Mode: ISLAND. V_pcc: 0.942,0
2026-01-01T23:47:35Z,ISLAND,21.002467105260312,81.13209288194696,Mode: ISLAND. V_pcc: 0.942,0
2026-01-01T23:47:40Z,ISLAND,20.987847222219376,81.13209288194696,Mode: ISLAND. V_pcc: 0.942,0
2026-01-01T23:47:45Z,ISLAND,21.0241319444416,81.13209288194696,Mode: GENERATOR_ASSIST. V_pcc: 0.942,0
2026-01-01T23:47:50Z,ISLAND,21.009512061400663,81.13209288194696,Mode: ISLAND. V_pcc: 0.942,0
2026-01-01T23:47:55Z,ISLAND,20.994892178359727,81.13209288194696,Mode: ISLAND. V_pcc: 0.942,0
2026-01-01T23:48:00Z,ISLAND,21.031176900581947,81.13209288194696,Mode: GENERATOR_ASSIST. V_pcc: 0.942,0
2026-01-01T23:48:05Z,ISLAND,21.01655701754101,81.13209288194696,Mode: ISLAND. V_pcc: 0.942,0
2026-01-01T23:48:10Z,ISLAND,21.001937134500075,81.13209288194696,Mode: ISLAND. V_pcc: 0.942,0
2026-01-01T23:48:15Z,ISLAND,20.98731725145914,81.13209288194696,Mode: ISLAND. V_pcc: 0.942,0
2026-01-01T23:48:20Z,ISLAND,21.02360197368136,81.13209288194696,Mode: GENERATOR_ASSIST. V_pcc: 0.942,0
2026-01-01T23:48:25Z,ISLAND,21.008982090640423,81.13209288194696,Mode: ISLAND. V_pcc: 0.942,0
2026-01-01T23:48:30Z,ISLAND,20.994362207599487,81.13209288194696,Mode: ISLAND. V_pcc: 0.942,0
2026-01-01T23:48:35Z,ISLAND,21.03064692982171,81.13209288194696,Mode: GENERATOR_ASSIST. V_pcc: 0.942,0
2026-01-01T23:48:40Z,ISLAND,21.016027046780774,81.13209288194696,Mode: ISLAND. V_pcc: 0.942,0
2026-01-01T23:48:45Z,ISLAND,21.001407163739838,81.13209288194696,Mode: ISLAND. V_pcc: 0.942,0
2026-01-01T23:48:50Z,ISLAND,20.986787280698902,81.13209288194696,Mode: ISLAND. V_pcc: 0.942,0
2026-01-01T23:48:55Z,ISLAND,21.023072002921122,81.13209288194696,Mode: GENERATOR_ASSIST. V_pcc: 0.942,0
2026-01-01T23:49:00Z,ISLAND,21.00845211988019,81.13209288194696,Mode: ISLAND. V_pcc: 0.942,0
2026-01-01T23:49:05Z,ISLAND,20.993832236839253,81.13209288194696,Mode: ISLAND. V_pcc: 0.943,0
2026-01-01T23:49:10Z,ISLAND,21.030116959061473,81.13209288194696,Mode: GENERATOR_ASSIST. V_pcc: 0.943,0
2026-01-01T23:49:15Z,ISLAND,21.015497076020537,81.13209288194696,Mode: ISLAND. V_pcc: 0.943,0
2026-01-01T23:49:20Z,ISLAND,21.0008771929796,81.13209288194696,Mode: ISLAND. V_pcc: 0.943,0
2026-01-01T23:49:25Z,ISLAND,20.986257309938665,81.13209288194696,Mode: ISLAND. V_pcc: 0.943,0
2026-01-01T23:49:30Z,ISLAND,21.02254203216089,81.13209288194696,Mode: GENERATOR_ASSIST. V_pcc: 0.943,0
2026-01-01T23:49:35Z,ISLAND,21.00792214911995,81.13209288194696,Mode: ISLAND. V_pcc: 0.943,0
2026-01-01T23:49:40Z,ISLAND,20.993302266079013,81.13209288194696,Mode: ISLAND. V_pcc: 0.943,0
2026-01-01T23:49:45Z,ISLAND,21.029586988301237,81.13209288194696,Mode: GENERATOR_ASSIST. V_pcc: 0.943,0
2026-01-01T23:49:50Z,ISLAND,21.0149671052603,81.13209288194696,Mode: ISLAND. V_pcc: 0.943,0
2026-01-01T23:49:55Z,ISLAND,21.000347222219364,81.13209288194696,Mode: ISLAND. V_pcc: 0.943,0
2026-01-01T23:50:00Z,ISLAND,20.98572733917843,81.13209288194696,Mode: ISLAND. V_pcc: 0.943,0
2026-01-01T23:50:05Z,ISLAND,21.02201206140065,81.13209288194696,Mode: GENERATOR_ASSIST. V_pcc: 0.943,0
2026-01-01T23:50:10Z,ISLAND,21.007392178359712,81.13209288194696,Mode: ISLAND. V_pcc: 0.943,0
2026-01-01T23:50:15Z,ISLAND,20.99277229531878,81.13209288194696,Mode: ISLAND. V_pcc: 0.943,0
2026-01-01T23:50:20Z,ISLAND,21.029057017541,81.13209288194696,Mode: GENERATOR_ASSIST. V_pcc: 0.943,0
2026-01-01T23:50:25Z,ISLAND,21.014437134500064,81.13209288194696,Mode: ISLAND. V_pcc: 0.943,0
2026-01-01T23:50:30Z,ISLAND,20.999817251459127,81.13209288194696,Mode: ISLAND. V_pcc: 0.943,0
2026-01-01T23:50:35Z,ISLAND,21.036101973681347,81.13209288194696,Mode: GENERATOR_ASSIST. V_pcc: 0.943,0
2026-01-01T23:50:40Z,ISLAND,21.021482090640415,81.13209288194696,Mode: ISLAND. V_pcc: 0.943,0
2026-01-01T23:50:45Z,ISLAND,21.00686220759948,81.13209288194696,Mode: ISLAND. V_pcc: 0.943,0
2026-01-01T23:50:50Z,ISLAND,20.99224232455854,81.13209288194696,Mode: ISLAND. V_pcc: 0.943,0
2026-01-01T23:50:55Z,ISLAND,21.028527046780763,81.13209288194696,Mode: GENERATOR_ASSIST. V_pcc: 0.943,0
2026-01-01T23:51:00Z,ISLAND,21.013907163739827,81.13209288194696,Mode: ISLAND. V_pcc: 0.943,0
2026-01-01T23:51:05Z,ISLAND,20.99928728069889,81.13209288194696,Mode: ISLAND. V_pcc: 0.943,0
2026-01-01T23:51:10Z,ISLAND,21.035572002921114,81.13209288194696,Mode: GENERATOR_ASSIST. V_pcc: 0.943,0
2026-01-01T23:51:15Z,ISLAND,21.020952119880178,81.13209288194696,Mode: ISLAND. V_pcc: 0.943,0
2026-01-01T23:51:20Z,ISLAND,21.00633223683924,81.13209288194696,Mode: ISLAND. V_pcc: 0.943,0
2026-01-01T23:51:25Z,ISLAND,20.991712353798302,81.13209288194696,Mode: ISLAND. V_pcc: 0.943,0
2026-01-01T23:51:30Z,ISLAND,21.027997076020526,81.13209288194696,Mode: GENERATOR_ASSIST. V_pcc: 0.943,0
2026-01-01T23:51:35Z,ISLAND,21.01337719297959,81.13209288194696,Mode: ISLAND. V_pcc: 0.943,0
2026-01-01T23:51:40Z,ISLAND,20.998757309938654,81.13209288194696,Mode: ISLAND. V_pcc: 0.943,0
2026-01-01T23:51:45Z,ISLAND,21.035042032160874,81.13209288194696,Mode: GENERATOR_ASSIST. V_pcc: 0.943,0
2026-01-01T23:51:50Z,ISLAND,21.020422149119938,81.13209288194696,Mode: ISLAND. V_pcc: 0.943,0
2026-01-01T23:51:55Z,ISLAND,21.005802266079005,81.13209288194696,Mode: ISLAND. V_pcc: 0.943,0
2026-01-01T23:52:00Z,ISLAND,20.99118238303807,81.13209288194696,Mode: ISLAND. V_pcc: 0.943,0
2026-01-01T23:52:05Z,ISLAND,21.02746710526029,81.13209288194696,Mode: GENERATOR_ASSIST. V_pcc: 0.944,0
2026-01-01T23:52:10Z,ISLAND,21.012847222219353,81.13209288194696,Mode: ISLAND. V_pcc: 0.944,0
2026-01-01T23:52:15Z,ISLAND,20.998227339178417,81.13209288194696,Mode: ISLAND. V_pcc: 0.944,0
2026-01-01T23:52:20Z,ISLAND,21.03451206140064,81.13209288194696,Mode: GENERATOR_ASSIST. V_pcc: 0.944,0
2026-01-01T23:52:25Z,ISLAND,21.019892178359704,81.13209288194696,Mode: ISLAND. V_pcc: 0.944,0
2026-01-01T23:52:30Z,ISLAND,21.00527229531877,81.13209288194696,Mode: ISLAND. V_pcc: 0.944,0
2026-01-01T23:52:35Z,ISLAND,20.99065241227783,81.13209288194696,Mode: ISLAND. V_pcc: 0.944,0
2026-01-01T23:52:40Z,ISLAND,21.026937134500052,81.13209288194696,Mode: GENERATOR_ASSIST. V_pcc: 0.944,0
2026-01-01T23:52:45Z,ISLAND,21.012317251459116,81.13209288194696,Mode: ISLAND. V_pcc: 0.944,0
2026-01-01T23:52:50Z,ISLAND,20.99769736841818,81.13209288194696,Mode: ISLAND. V_pcc: 0.944,0
2026-01-01T23:52:55Z,ISLAND,21.0339820906404,81.13209288194696,Mode: GENERATOR_ASSIST. V_pcc: 0.944,0
2026-01-01T23:53:00Z,ISLAND,21.019362207599464,81.13209288194696,Mode: ISLAND. V_pcc: 0.944,0
2026-01-01T23:53:05Z,ISLAND,21.004742324558528,81.13209288194696,Mode: ISLAND. V_pcc: 0.944,0
2026-01-01T23:53:10Z,ISLAND,20.990122441517595,81.13209288194696,Mode: ISLAND. V_pcc: 0.944,0
2026-01-01T23:53:15Z,ISLAND,21.026407163739815,81.13209288194696,Mode: GENERATOR_ASSIST. V_pcc: 0.944,0
2026-01-01T23:53:20Z,ISLAND,21.01178728069888,81.13209288194696,Mode: ISLAND. V_pcc: 0.944,0
2026-01-01T23:53:25Z,ISLAND,20.997167397657943,81.13209288194696,Mode: ISLAND. V_pcc: 0.944,0
2026-01-01T23:53:30Z,ISLAND,21.033452119880163,81.13209288194696,Mode: GENERATOR_ASSIST. V_pcc: 0.944,0
2026-01-01T23:53:35Z,ISLAND,21.01883223683923,81.13209288194696,Mode: ISLAND. V_pcc: 0.944,0
2026-01-01T23:53:40Z,ISLAND,21.004212353798295,81.13209288194696,Mode: ISLAND. V_pcc: 0.944,0
2026-01-01T23:53:45Z,ISLAND,20.98959247075736,81.13209288194696,Mode: ISLAND. V_pcc: 0.944,0
2026-01-01T23:53:50Z,ISLAND,21.02587719297958,81.13209288194696,Mode: GENERATOR_ASSIST. V_pcc: 0.944,0
2026-01-01T23:53:55Z,ISLAND,21.011257309938642,81.13209288194696,Mode: ISLAND. V_pcc: 0.944,0
2026-01-01T23:54:00Z,ISLAND,20.996637426897706,81.13209288194696,Mode: ISLAND. V_pcc: 0.944,0
2026-01-01T23:54:05Z,ISLAND,21.03292214911993,81.13209288194696,Mode: GENERATOR_ASSIST. V_pcc: 0.944,0
2026-01-01T23:54:10Z,ISLAND,21.01830226607899,81.13209288194696,Mode: ISLAND. V_pcc: 0.944,0
2026-01-01T23:54:15Z,ISLAND,21.003682383038054,81.13209288194696,Mode: ISLAND. V_pcc: 0.944,0
2026-01-01T23:54:20Z,ISLAND,20.989062499997118,81.13209288194696,Mode: ISLAND. V_pcc: 0.944,0
2026-01-01T23:54:25Z,ISLAND,21.02534722221934,81.13209288194696,Mode: GENERATOR_ASSIST. V_pcc: 0.944,0
2026-01-01T23:54:30Z,ISLAND,21.010727339178406,81.13209288194696,Mode: ISLAND. V_pcc: 0.944,0
2026-01-01T23:54:35Z,ISLAND,20.99610745613747,81.13209288194696,Mode: ISLAND. V_pcc: 0.944,0
2026-01-01T23:54:40Z,ISLAND,21.03239217835969,81.13209288194696,Mode: GENERATOR_ASSIST. V_pcc: 0.944,0
2026-01-01T23:54:45Z,ISLAND,21.017772295318753,81.13209288194696,Mode: ISLAND. V_pcc: 0.944,0
2026-01-01T23:54:50Z,ISLAND,21.00315241227782,81.13209288194696,Mode: ISLAND. V_pcc: 0.944,0
2026-01-01T23:54:55Z,ISLAND,20.988532529236885,81.13209288194696,Mode: ISLAND. V_pcc: 0.944,0
2026-01-01T23:55:00Z,ISLAND,21.024817251459105,81.13209288194696,Mode: GENERATOR_ASSIST. V_pcc: 0.944,0
2026-01-01T23:55:05Z,ISLAND,21.01019736841817,81.13209288194696,Mode: ISLAND. V_pcc: 0.944,0
2026-01-01T23:55:10Z,ISLAND,20.995577485377233,81.13209288194696,Mode: ISLAND. V_pcc: 0.944,0
2026-01-01T23:55:15Z,ISLAND,21.031862207599456,81.13209288194696,Mode: GENERATOR_ASSIST. V_pcc: 0.944,0
2026-01-01T23:55:20Z,ISLAND,21.01724232455852,81.13209288194696,Mode: ISLAND. V_pcc: 0.944,0
2026-01-01T23:55:25Z,ISLAND,21.00262244151758,81.13209288194696,Mode: ISLAND. V_pcc: 0.944,0
2026-01-01T23:55:30Z,ISLAND,20.988002558476644,81.13209288194696,Mode: ISLAND. V_pcc: 0.944,0
2026-01-01T23:55:35Z,ISLAND,21.024287280698868,81.13209288194696,Mode: GENERATOR_ASSIST. V_pcc: 0.944,0
2026-01-01T23:55:40Z,ISLAND,21.009667397657932,81.13209288194696,Mode: ISLAND. V_pcc: 0.944,0
2026-01-01T23:55:45Z,ISLAND,20.995047514616996,81.13209288194696,Mode: ISLAND. V_pcc: 0.944,0
2026-01-01T23:55:50Z,ISLAND,21.03133223683922,81.13209288194696,Mode: GENERATOR_ASSIST. V_pcc: 0.944,0
2026-01-01T23:55:55Z,ISLAND,21.01671235379828,81.13209288194696,Mode: ISLAND. V_pcc: 0.944,0
2026-01-01T23:56:00Z,ISLAND,21.002092470757344,81.13209288194696,Mode: ISLAND. V_pcc: 0.944,0
2026-01-01T23:56:05Z,ISLAND,20.98747258771641,81.13209288194696,Mode: ISLAND. V_pcc: 0.945,0
2026-01-01T23:56:10Z,ISLAND,21.02375730993863,81.13209288194696,Mode: GENERATOR_ASSIST. V_pcc: 0.945,0
2026-01-01T23:56:15Z,ISLAND,21.009137426897695,81.13209288194696,Mode: ISLAND. V_pcc: 0.945,0
2026-01-01T23:56:20Z,ISLAND,20.99451754385676,81.13209288194696,Mode: ISLAND. V_pcc: 0.945,0
2026-01-01T23:56:25Z,ISLAND,21.03080226607898,81.13209288194696,Mode: GENERATOR_ASSIST. V_pcc: 0.945,0
2026-01-01T23:56:30Z,ISLAND,21.016182383038046,81.13209288194696,Mode: ISLAND. V_pcc: 0.945,0
2026-01-01T23:56:35Z,ISLAND,21.00156249999711,81.13209288194696,Mode: ISLAND. V_pcc: 0.945,0
2026-01-01T23:56:40Z,ISLAND,20.98694261695617,81.13209288194696,Mode: ISLAND. V_pcc: 0.945,0
2026-01-01T23:56:45Z,ISLAND,21.023227339178394,81.13209288194696,Mode: GENERATOR_ASSIST. V_pcc: 0.945,0
2026-01-01T23:56:50Z,ISLAND,21.008607456137458,81.13209288194696,Mode: ISLAND. V_pcc: 0.945,0
2026-01-01T23:56:55Z,ISLAND,20.993987573096522,81.13209288194696,Mode: ISLAND. V_pcc: 0.945,0
2026-01-01T23:57:00Z,ISLAND,21.030272295318746,81.13209288194696,Mode: GENERATOR_ASSIST. V_pcc: 0.945,0
2026-01-01T23:57:05Z,ISLAND,21.01565241227781,81.13209288194696,Mode: ISLAND. V_pcc: 0.945,0
2026-01-01T23:57:10Z,ISLAND,21.00103252923687,81.13209288194696,Mode: ISLAND. V_pcc: 0.945,0
2026-01-01T23:57:15Z,ISLAND,20.986412646195934,81.13209288194696,Mode: ISLAND. V_pcc: 0.945,0
2026-01-01T23:57:20Z,ISLAND,21.022697368418157,81.13209288194696,Mode: GENERATOR_ASSIST. V_pcc: 0.945,0
2026-01-01T23:57:25Z,ISLAND,21.00807748537722,81.13209288194696,Mode: ISLAND. V_pcc: 0.945,0
2026-01-01T23:57:30Z,ISLAND,20.993457602336285,81.13209288194696,Mode: ISLAND. V_pcc: 0.945,0
2026-01-01T23:57:35Z,ISLAND,21.029742324558505,81.13209288194696,Mode: GENERATOR_ASSIST. V_pcc: 0.945,0
2026-01-01T23:57:40Z,ISLAND,21.01512244151757,81.13209288194696,Mode: ISLAND. V_pcc: 0.945,0
2026-01-01T23:57:45Z,ISLAND,21.000502558476636,81.13209288194696,Mode: ISLAND. V_pcc: 0.945,0
2026-01-01T23:57:50Z,ISLAND,20.9858826754357,81.13209288194696,Mode: ISLAND. V_pcc: 0.945,0
2026-01-01T23:57:55Z,ISLAND,21.02216739765792,81.13209288194696,Mode: GENERATOR_ASSIST. V_pcc: 0.945,0
2026-01-01T23:58:00Z,ISLAND,21.007547514616984,81.13209288194696,Mode: ISLAND. V_pcc: 0.945,0
2026-01-01T23:58:05Z,ISLAND,20.99292763157605,81.13209288194696,Mode: ISLAND. V_pcc: 0.945,0
2026-01-01T23:58:10Z,ISLAND,21.029212353798272,81.13209288194696,Mode: GENERATOR_ASSIST. V_pcc: 0.945,0
2026-01-01T23:58:15Z,ISLAND,21.014592470757336,81.13209288194696,Mode: ISLAND. V_pcc: 0.945,0
2026-01-01T23:58:20Z,ISLAND,20.9999725877164,81.13209288194696,Mode: ISLAND. V_pcc: 0.945,0
2026-01-01T23:58:25Z,ISLAND,21.03625730993862,81.13209288194696,Mode: GENERATOR_ASSIST. V_pcc: 0.945,0
2026-01-01T23:58:30Z,ISLAND,21.021637426897684,81.13209288194696,Mode: ISLAND. V_pcc: 0.945,0
2026-01-01T23:58:35Z,ISLAND,21.007017543856747,81.13209288194696,Mode: ISLAND. V_pcc: 0.945,0
2026-01-01T23:58:40Z,ISLAND,20.99239766081581,81.13209288194696,Mode: ISLAND. V_pcc: 0.945,0
2026-01-01T23:58:45Z,ISLAND,21.02868238303803,81.13209288194696,Mode: GENERATOR_ASSIST. V_pcc: 0.945,0
2026-01-01T23:58:50Z,ISLAND,21.014062499997095,81.13209288194696,Mode: ISLAND. V_pcc: 0.945,0
2026-01-01T23:58:55Z,ISLAND,20.99944261695616,81.13209288194696,Mode: ISLAND. V_pcc: 0.945,0
2026-01-01T23:59:00Z,ISLAND,21.035727339178383,81.13209288194696,Mode: GENERATOR_ASSIST. V_pcc: 0.945,0
2026-01-01T23:59:05Z,ISLAND,21.021107456137447,81.13209288194696,Mode: ISLAND. V_pcc: 0.946,0
2026-01-01T23:59:10Z,ISLAND,21.00648757309651,81.13209288194696,Mode: ISLAND. V_pcc: 0.946,0
2026-01-01T23:59:15Z,ISLAND,20.991867690055575,81.13209288194696,Mode: ISLAND. V_pcc: 0.946,0
2026-01-01T23:59:20Z,ISLAND,21.028152412277795,81.13209288194696,Mode: GENERATOR_ASSIST. V_pcc: 0.946,0
2026-01-01T23:59:25Z,ISLAND,21.013532529236862,81.13209288194696,Mode: ISLAND. V_pcc: 0.946,0
2026-01-01T23:59:30Z,ISLAND,20.998912646195926,81.13209288194696,Mode: ISLAND. V_pcc: 0.946,0
2026-01-01T23:59:35Z,ISLAND,21.035197368418146,81.13209288194696,Mode: GENERATOR_ASSIST. V_pcc: 0.946,0
2026-01-01T23:59:40Z,ISLAND,21.02057748537721,81.13209288194696,Mode: ISLAND. V_pcc: 0.946,0
2026-01-01T23:59:45Z,ISLAND,21.005957602336274,81.13209288194696,Mode: ISLAND. V_pcc: 0.946,0
2026-01-01T23:59:50Z,ISLAND,20.991337719295338,81.13209288194696,Mode: ISLAND. V_pcc: 0.946,0
2026-01-01T23:59:55Z,ISLAND,21.02762244151756,81.13209288194696,Mode: GENERATOR_ASSIST. V_pcc: 0.946,0
