timestamp,hour,minute,day_of_week,solar_kw,critical_kw,important_kw,flexible_kw
2025-01-01 00:00:00,0,0,2,0.24835707650561634,4.3234089849043364,3.0491056344112337,2.1117116306563144
2025-01-01 00:05:00,0,5,2,0.0,3.8459150401724242,3.118137608968838,1.7182031400096531
2025-01-01 00:10:00,0,10,2,0.32384426905034625,4.228672306041165,3.1648173161088526,2.0606307656752545
2025-01-01 00:15:00,0,15,2,0.7615149282040127,4.0369717308120725,2.872947723088278,1.8500666098108172
2025-01-01 00:20:00,0,20,2,0.0,4.050438970846858,2.9331893835886307,1.7402516626779017
2025-01-01 00:25:00,0,25,2,0.0,3.60593828372972,3.344453478197405,2.2972302650286687
2025-01-01 00:30:00,0,30,2,0.7896064077536957,3.5594173293588565,3.090340040195188,1.9553203167315818
2025-01-01 00:35:00,0,35,2,0.3837173645764544,3.955886811946537,2.960578402412521,2.151613141234794
2025-01-01 00:40:00,0,40,2,0.0,4.049381212683322,3.35156537990039,1.8859206520806513
2025-01-01 00:45:00,0,45,2,0.27128002179298233,3.7749604344524554,2.776482791475335,2.3095281547190543
2025-01-01 00:50:00,0,50,2,0.0,3.7822613179047315,2.6425722824831097,1.7982938383494707
2025-01-01 00:55:00,0,55,2,0.0,4.112294525965226,2.9506284214978296,1.6879133064389937
2025-01-01 01:00:00,1,0,2,0.12098113578301706,4.112570896091426,3.2224298125613196,2.17138105410102
2025-01-01 01:05:00,1,5,2,0.0,3.9724517879224144,2.8850413545569364,2.2559228238355495
2025-01-01 01:10:00,1,10,2,0.0,4.156040344237215,3.289858485680765,1.9773658703419872
2025-01-01 01:15:00,1,15,2,0.0,3.765159540855971,2.9098663644863985,2.4519204055484956
2025-01-01 01:20:00,1,20,2,0.0,3.928813016582606,3.144232364416831,2.0512649305937707
2025-01-01 01:25:00,1,25,2,0.15712366629763694,4.329575521156735,3.2727091893279225,2.060386127000604
2025-01-01 01:30:00,1,30,2,0.0,4.0136644259879635,2.8988758828161623,2.0160319520975105
2025-01-01 01:35:00,1,35,2,0.0,4.0252625029174,3.207730857463947,1.6015628867301572
2025-01-01 01:40:00,1,40,2,0.732824384460777,4.461189317193548,2.942393852112156,2.276611479716321
2025-01-01 01:45:00,1,45,2,0.0,3.7201315668302457,2.8976263197812964,2.309221712086282
2025-01-01 01:50:00,1,50,2,0.03376410234396192,4.159286073328422,3.2829487638719623,1.9868941769022097
2025-01-01 01:55:00,1,55,2,0.0,4.33279725596162,2.8862921390222,1.942528225170073
2025-01-01 02:00:00,2,0,2,0.0,3.935028414700291,3.5329228984002867,2.3748848893866485
2025-01-01 02:05:00,2,5,2,0.05546129485493304,4.17192615737097,3.0250781943613476,1.878369289675918
2025-01-01 02:10:00,2,10,2,0.0,3.803596100557819,3.0234082071162525,2.0487653853233527
2025-01-01 02:15:00,2,15,2,0.18784900917283598,3.86265352088653,2.751328252478129,2.016008253843052
2025-01-01 02:20:00,2,20,2,0.0,4.076993283209527,3.264480864962346,1.6401286637567054
2025-01-01 02:25:00,2,25,2,0.0,4.1597133346221185,3.1653167930274497,2.274959594010956
2025-01-01 02:30:00,2,30,2,0.0,4.2241873024812495,2.8878885309811264,2.3388351516382113
2025-01-01 02:35:00,2,35,2,0.9261390922544689,4.313925717387899,2.861932587510331,2.0882165323720807
2025-01-01 02:40:00,2,40,2,0.0,3.9865106882889636,2.938645463067274,1.9386007285674793
2025-01-01 02:45:00,2,45,2,0.0,4.238722351034518,2.876540186048391,2.139715096172404
2025-01-01 02:50:00,2,50,2,0.4112724560515945,3.9315390313101704,3.16976109154629,1.9871155600845622
2025-01-01 02:55:00,2,55,2,0.0,4.180418262317653,2.7280063572655453,2.080634033326878
2025-01-01 03:00:00,3,0,2,0.1044317975023777,4.041497759570436,3.084402871882139,1.9566569977227146
2025-01-01 03:05:00,3,5,2,0.0,4.089135581416385,3.3734462574361617,1.6872141470198692
2025-01-01 03:10:00,3,10,2,0.0,4.0847015748044075,2.5565432579492864,1.8538330200604658
2025-01-01 03:15:00,3,15,2,0.09843061793456176,3.6790589980404373,3.14208490681829,1.788831072513232
2025-01-01 03:20:00,3,20,2,0.3692332899977052,3.7751756282278452,2.8038058162947848,2.190204267235631
2025-01-01 03:25:00,3,25,2,0.08568414059498525,4.020508287963504,3.09250958455955,2.07541218192568
2025-01-01 03:30:00,3,30,2,0.0,3.6625441840717663,3.1562857838931055,1.9149614093454232
2025-01-01 03:35:00,3,35,2,0.0,4.166242220639951,2.924203185188362,2.161955854512285
2025-01-01 03:40:00,3,40,2,0.0,4.174311193257628,2.73102264384376,1.5714560307202907
2025-01-01 03:45:00,3,45,2,0.0,4.065434110575558,2.913343165274429,2.1861746578131385
2025-01-01 03:50:00,3,50,2,0.0,3.7757731974484154,3.0511119397973605,2.171458300824603
2025-01-01 03:55:00,3,55,2,0.5285611131094579,4.276027787773703,2.596741137915367,2.0630993616646984
2025-01-01 04:00:00,4,0,2,0.1718091447842307,4.407442127943671,3.1307729009284757,1.729840515477863
2025-01-01 04:05:00,4,5,2,0.0,4.029415365489195,3.172411518109309,1.9776962206988413
2025-01-01 04:10:00,4,10,2,0.1620419846973975,4.102107075690247,3.6142673403212005,1.564552786220653
2025-01-01 04:15:00,4,15,2,0.0,4.040347730959208,3.27382287353495,1.9211683806947852
2025-01-01 04:20:00,4,20,2,0.0,4.10607383779976,2.6765696571119912,1.8946089712870016
2025-01-01 04:25:00,4,25,2,0.30583814442043394,3.9760882486747207,3.055495848267493,2.2074933339130087
2025-01-01 04:30:00,4,30,2,0.5154997612479755,3.993087152031239,3.3443928576264352,2.2843786177408685
2025-01-01 04:35:00,4,35,2,0.4656400595580993,4.181143520099473,2.806923595859101,2.2260329384532236
2025-01-01 04:40:00,4,40,2,0.0,4.469124832379288,3.078256991424175,1.8690793958142025
2025-01-01 04:45:00,4,45,2,0.0,3.7199857531196523,2.957617881304504,1.8580314681110552
2025-01-01 04:50:00,4,50,2,0.16563171570178198,3.9792375031194065,3.007418468387291,1.854068423541176
2025-01-01 04:55:00,4,55,2,0.4877725635611796,3.7639079029535836,2.794401185356512,2.0958238255565544
2025-01-01 05:00:00,5,0,2,0.0,4.318404979715217,3.1257461096519275,1.9624805999816777
2025-01-01 05:05:00,5,5,2,0.0,3.88245240613602,3.2735302607871946,1.9479138827009774
2025-01-01 05:10:00,5,10,2,0.0,3.711359841242841,2.939445090974892,2.1320977964691394
2025-01-01 05:15:00,5,15,2,0.0,4.127637399769715,2.9735148830113327,2.0169595458052285
2025-01-01 05:20:00,5,20,2,0.406262911197099,4.348862222948622,2.495912305876187,2.003341476947595
2025-01-01 05:25:00,5,25,2,0.6781200142854115,4.132719573712152,2.634560812505748,1.7558098858002258
2025-01-01 05:30:00,5,30,2,0.0,4.040959575456384,2.732935492248899,1.7914833692932348
2025-01-01 05:35:00,5,35,2,0.5017664489460121,4.0818281845551985,2.8902292280735495,1.902701476890903
2025-01-01 05:40:00,5,40,2,0.18081801252381707,4.282968132565111,3.132855040851425,2.0444775628269394
2025-01-01 05:45:00,5,45,2,0.0,3.8251601459971702,2.619785114236403,2.0166589275093614
2025-01-01 05:50:00,5,50,2,0.18069780275420697,3.9776305791827373,3.0636510493166855,1.9342866967494083
2025-01-01 05:55:00,5,55,2,0.7690182832329846,3.9094619702980933,2.9878228046186597,2.0380620250794115
2025-01-01 06:00:00,6,0,2,0.0,3.7664269385416578,3.152919919527116,1.685024002507453
2025-01-01 06:05:00,6,5,2,1.0004706782526136,3.9343249481166396,2.95113659227207,2.301667219611546
2025-01-01 06:10:00,6,10,2,0.0,4.22154421919649,3.2833322616595915,2.170187385555156
2025-01-01 06:15:00,6,15,2,1.0649825444890426,4.113320429678545,3.1073649367911353,2.3309269496804177
2025-01-01 06:20:00,6,20,2,0.9150809615956664,4.12886210002164,3.383569600321333,1.9741840023906294
2025-01-01 06:25:00,6,25,2,0.9391650732867127,4.029295122330663,2.806113511342336,1.945941536475101
2025-01-01 06:30:00,6,30,2,1.351142310468267,4.104664756545718,3.619339102754411,1.6861287314549611
2025-01-01 06:35:00,6,35,2,0.5274494045987197,3.8398819315303787,2.9058921720941164,1.7174617695014738
2025-01-01 06:40:00,6,40,2,1.6266458327505482,3.9380980228145543,3.0249527725754772,1.7594617942210264
2025-01-01 06:45:00,6,45,2,2.1294595059171555,4.038400847393735,2.9782497954332765,1.6099809679962482
2025-01-01 06:50:00,6,50,2,2.903343161751786,4.055503171776378,3.12352413301693,2.2444690512935948
2025-01-01 06:55:00,6,55,2,2.1177238141249077,4.064037570984374,2.9232112755873083,1.9729739985848596
2025-01-01 07:00:00,7,0,2,2.1839436495786138,3.9723329435967245,3.4509778307806065,2.5542732025675075
2025-01-01 07:05:00,7,5,2,2.5474116185176516,3.924515319773934,3.4885491239100714,2.730435085729208
2025-01-01 07:10:00,7,10,2,3.4647590538937694,4.63155425660886,3.869911740035284,2.255778633252345
2025-01-01 07:15:00,7,15,2,3.378770207861458,4.18135745458648,3.407201452167711,2.7704858346774235
2025-01-01 07:20:00,7,20,2,3.155321331373167,4.082629495190525,3.0734992855822902,1.9087836154463291
2025-01-01 07:25:00,7,25,2,3.8810140993936946,3.953358300358721,3.5678947858695436,2.6489039233211478
2025-01-01 07:30:00,7,30,2,3.875373098324918,3.9097562346112245,3.283309943613922,2.3264046837638634
2025-01-01 07:35:00,7,35,2,4.511789393853816,3.9738398812546087,3.27194230347773,2.2399224281966696
2025-01-01 07:40:00,7,40,2,3.8751560704683192,4.058565768717337,3.70804874618138,2.1458504539007084
2025-01-01 07:45:00,7,45,2,4.259055828891129,3.6239128911873837,3.420343141569995,2.2283991497455444
2025-01-01 07:50:00,7,50,2,4.421432055784259,3.686122080925063,3.0634133072296352,2.761053452424031
2025-01-01 07:55:00,7,55,2,4.078130215127818,3.8726235222122085,3.3440524333479384,2.556532024126227
2025-01-01 08:00:00,8,0,2,5.148060138532287,4.041427887355714,3.047577236059697,2.2774181638730573
2025-01-01 08:05:00,8,5,2,5.318260217695161,3.95214537056963,3.7268263642085016,3.276181436753593
2025-01-01 08:10:00,8,10,2,5.375552811789467,4.295624245219897,2.9071351806829067,2.4396676614131723
2025-01-01 08:15:00,8,15,2,5.438408763508448,3.7035206426008465,3.62368417944305,2.3151699540282147
2025-01-01 08:20:00,8,20,2,5.028078992485256,3.849730906079326,3.754856596098237,2.239980198801906
2025-01-01 08:25:00,8,25,2,5.7027738222531426,4.304018348198221,3.5461542980649923,2.343378428650492
2025-01-01 08:30:00,8,30,2,5.916257031823822,4.026223864935029,3.8658293248864317,2.297090649089318
2025-01-01 08:35:00,8,35,2,5.858096087229782,4.1769685165602315,3.3944378611140453,2.7837067112491467
2025-01-01 08:40:00,8,40,2,6.347233241032388,4.4102493886538925,3.191588402272141,2.520625017029072
2025-01-01 08:45:00,8,45,2,6.795483579407958,3.8612391164196356,2.9532396968940198,2.1736199624112778
2025-01-01 08:50:00,8,50,2,7.698995026761868,3.9801371324415937,3.614639382767241,2.2027907471391304
2025-01-01 08:55:00,8,55,2,7.002419464238611,3.945514619813826,3.3366281204528625,2.6479259206143815
2025-01-01 09:00:00,9,0,2,7.199843007226858,3.609081399103345,3.3262441576559207,2.746852621964907
2025-01-01 09:05:00,9,5,2,7.186416662714472,3.937920639248806,3.564698836245819,2.630704933577351
2025-01-01 09:10:00,9,10,2,6.413387760451719,4.176212437476133,3.87228967962156,2.59594691878422
2025-01-01 09:15:00,9,15,2,7.505141137065165,4.108117908362448,3.961654187140803,2.773378684911347
2025-01-01 09:20:00,9,20,2,7.690559536160294,4.123816633877602,3.342964271049663,2.8879444225063815
2025-01-01 09:25:00,9,25,2,9.03046588717146,3.9248982038721003,3.5791598062708836,2.381596087401849
2025-01-01 09:30:00,9,30,2,7.83735292052179,3.8687805527988717,3.583515708596265,2.8336980473170787
2025-01-01 09:35:00,9,35,2,8.215219713841634,4.253851134379724,3.6365135282726664,3.046717849765419
2025-01-01 09:40:00,9,40,2,8.174164558037296,3.900536570728466,3.8259591673696467,2.6569480100206486
2025-01-01 09:45:00,9,45,2,7.7303571042156864,4.058816407758643,3.1921795751776525,2.446080245796964
2025-01-01 09:50:00,9,50,2,9.00532586538637,4.032666936135508,3.5214992419252553,2.708989450365324
2025-01-01 09:55:00,9,55,2,8.925085223072854,4.292343403251424,3.691199912381658,2.5508621230654858
2025-01-01 10:00:00,10,0,2,9.055770011365908,4.194282471534472,3.0240699830754343,2.144091379015214
2025-01-01 10:05:00,10,5,2,8.312573829677708,3.7409482758665757,2.828282754874003,2.3391031638499715
2025-01-01 10:10:00,10,10,2,9.571505487250265,3.762489366644992,2.5905666229673057,2.291081896434406
2025-01-01 10:15:00,10,15,2,8.267801883930742,4.115781963613827,2.9909628943149675,2.2005159628543187
2025-01-01 10:20:00,10,20,2,9.356506417266633,3.9871324705241666,3.0727680868585225,2.0692068821821605
2025-01-01 10:25:00,10,25,2,10.24834260409946,3.908965643209247,3.1108508952053042,2.1618108578175557
2025-01-01 10:30:00,10,30,2,8.743527162547524,4.203125576798894,2.934233834682552,2.206959826105247
2025-01-01 10:35:00,10,35,2,9.036929828026599,4.037491876417782,2.7831058752842432,1.9989338853347751
2025-01-01 10:40:00,10,40,2,9.446751890402904,4.010491477377888,3.1671939848544555,2.1990035159231778
2025-01-01 10:45:00,10,45,2,9.217563467892957,4.15596572815101,3.0921577696522804,1.921321512408853
2025-01-01 10:50:00,10,50,2,8.761837791949203,3.924978201011287,3.1793415556737408,1.8661267521762492
2025-01-01 10:55:00,10,55,2,9.6347800312623,4.313703797094511,3.350281814749782,1.983065820500067
2025-01-01 11:00:00,11,0,2,9.12810640602763,3.8423904753533984,2.692074861158808,1.7610633063966896
2025-01-01 11:05:00,11,5,2,9.950216913450205,4.131385813268418,3.0087287273759173,2.0279650542652106
2025-01-01 11:10:00,11,10,2,9.303247954082433,4.286766567731969,3.393931336990219,1.7923001324771546
2025-01-01 11:15:00,11,15,2,10.582820006541073,3.72454090214558,3.007892439860786,1.7881157185835885
2025-01-01 11:20:00,11,20,2,9.456450883953963,3.9313329648295103,2.9014690293573193,2.3367944060138677
2025-01-01 11:25:00,11,25,2,9.722584346574768,4.228441478577111,2.7727327553688017,2.117408484813567
2025-01-01 11:30:00,11,30,2,10.321207222422938,4.231448909546205,3.0785814718028783,1.9951657147283584
2025-01-01 11:35:00,11,35,2,9.325131224006219,3.9657008799223523,3.1038873246383476,1.7679959236113423
2025-01-01 11:40:00,11,40,2,10.07567694821952,3.853065781264628,3.3312645015607116,2.3849690990247043
2025-01-01 11:45:00,11,45,2,10.632160609527249,4.191187164466152,3.0094209395518625,2.484621226122711
2025-01-01 11:50:00,11,50,2,9.186740598537963,4.236709820516321,2.920194413690016,2.080086398771256
2025-01-01 11:55:00,11,55,2,10.089937200065243,3.767067330297521,3.286377812754903,1.9081991079554181
2025-01-01 12:00:00,12,0,2,10.129941397124211,3.759217270206724,2.7236901882241122,1.6776565868762292
2025-01-01 12:05:00,12,5,2,10.388531706687747,4.04505133639672,3.412165312780532,1.8941950698722445
2025-01-01 12:10:00,12,10,2,9.372006860379535,4.1258721266857785,2.9628526473163004,1.777447184335789
2025-01-01 12:15:00,12,15,2,9.318360925843898,3.940186182953989,3.189667855865838,1.843688028155083
2025-01-01 12:20:00,12,20,2,10.222917763725905,4.1358587639964695,2.9017473944677357,2.0599040838832323
2025-01-01 12:25:00,12,25,2,10.08905571883979,3.8579726786325237,2.7871908145508857,1.9642835460971548
2025-01-01 12:30:00,12,30,2,10.039695038911043,3.577061280185253,3.280441917900654,2.0856508795033726
2025-01-01 12:35:00,12,35,2,10.056839209426094,3.915219785533481,3.026108458485672,2.042972941892773
2025-01-01 12:40:00,12,40,2,9.508065169332836,4.01264642930262,2.922172980804687,2.3992304639509854
2025-01-01 12:45:00,12,45,2,9.923979652612806,3.944832008020709,2.8375685738931864,2.042185232392786
2025-01-01 12:50:00,12,50,2,9.909496307848675,3.768279347268103,3.0230051132685616,2.2017525014266273
2025-01-01 12:55:00,12,55,2,9.35624498911943,3.6368702048242367,3.220634787758728,1.9935962391025859
2025-01-01 13:00:00,13,0,2,10.592145518463061,3.8971822391264204,3.05813329862261,2.06570695078279
2025-01-01 13:05:00,13,5,2,9.83741500431518,4.179531154329949,2.5455716688858785,1.682202079504445
2025-01-01 13:10:00,13,10,2,8.941517758880945,4.251239487882737,2.878987261855606,1.8876802647246262
2025-01-01 13:15:00,13,15,2,9.797578099267971,4.237542676827691,2.7601435156071736,2.149916514274726
2025-01-01 13:20:00,13,20,2,8.909585372745424,3.8368180929702893,3.0004236842034944,1.9570610905226324
2025-01-01 13:25:00,13,25,2,9.713620994699212,3.7692587352739273,2.7487689450985227,1.9910910271510422
2025-01-01 13:30:00,13,30,2,9.81809311461657,4.099326922995979,2.4746630488002777,1.9674087378388319
2025-01-01 13:35:00,13,35,2,8.742773632018615,4.127020002319585,3.012636733761551,2.0483829968642997
2025-01-01 13:40:00,13,40,2,9.54476593498866,4.0800339210400995,2.687179647304144,2.044963347338295
2025-01-01 13:45:00,13,45,2,9.175117878795133,3.5971873451524474,2.7917137460270913,1.8375060335415332
2025-01-01 13:50:00,13,50,2,9.281138411779462,3.8266230830233066,3.143586277164533,2.402822744671949
2025-01-01 13:55:00,13,55,2,9.715664048402052,3.9940622419428045,3.010271751760536,1.8365809082719535
2025-01-01 14:00:00,14,0,2,8.537559979842952,4.0974436389260855,3.0377340895019995,2.187805831499829
2025-01-01 14:05:00,14,5,2,8.172250624550719,4.1534614725204975,3.1241995131745472,2.5486225744927493
2025-01-01 14:10:00,14,10,2,7.989157243316098,4.028850704456408,2.8569324861810665,2.0504462959838596
2025-01-01 14:15:00,14,15,2,7.906790980542733,4.0661567613076475,3.3097835906836406,2.2972318474037063
2025-01-01 14:20:00,14,20,2,8.152969588182865,4.016973091672221,2.609984414695124,1.9993284759920038
2025-01-01 14:25:00,14,25,2,8.23502203008315,4.137123874843697,3.29690415316974,2.5781285980798274
2025-01-01 14:30:00,14,30,2,8.071878802577361,4.0625731302981825,3.140759176750164,1.9264273412607034
2025-01-01 14:35:00,14,35,2,8.212436455446829,4.013147532009458,2.798159369512522,2.44374867150617
2025-01-01 14:40:00,14,40,2,7.666945377128734,3.9463262401725236,3.145748317293152,1.8303866146229164
2025-01-01 14:45:00,14,45,2,8.245165113368433,4.0162582850084965,2.959368726733244,2.0620373033657406
2025-01-01 14:50:00,14,50,2,7.240444951482263,4.096918275767855,3.1087613307776234,1.820076268490842
2025-01-01 14:55:00,14,55,2,8.58372420389237,4.053495077779612,2.8771619163749014,1.669413087525408
2025-01-01 15:00:00,15,0,2,7.3839014857479786,4.0761652836690505,3.2079524579209564,1.9316763066459368
2025-01-01 15:05:00,15,5,2,6.486551779614549,4.268544372270237,3.0932643298366584,2.2844517017152652
2025-01-01 15:10:00,15,10,2,6.220455827126047,4.053032784549318,3.043974028474789,1.9774059048101864
2025-01-01 15:15:00,15,15,2,6.834694358622282,3.8702002959053683,3.0387842953767867,2.0126387207700454
2025-01-01 15:20:00,15,20,2,6.31614470420247,4.176721357198834,3.249232999575589,2.062167679507758
2025-01-01 15:25:00,15,25,2,6.616234968886638,3.7267603324662164,2.8911197960842174,2.20956981137795
2025-01-01 15:30:00,15,30,2,6.324233102373981,3.7837173238521427,3.2460968712716705,1.7323338746359074
2025-01-01 15:35:00,15,35,2,5.876682027307386,4.067169452944014,3.306556776953621,2.072942354641697
2025-01-01 15:40:00,15,40,2,5.312367504476262,4.103279333557316,3.0566539900293197,2.201324926319303
2025-01-01 15:45:00,15,45,2,4.79827871785309,3.750989755299201,2.886604721799144,2.190832902838185
2025-01-01 15:50:00,15,50,2,5.149738607434727,3.92343650380265,2.924644906052429,1.7050098640579323
2025-01-01 15:55:00,15,55,2,5.6159319787669535,3.878783233556068,2.8004487441786132,2.1134043665806455
2025-01-01 16:00:00,16,0,2,5.107046872065101,3.9026647354236808,2.8109063320010685,2.32201522463793
2025-01-01 16:05:00,16,5,2,4.187018299837886,4.188719555254589,3.2378566906879285,2.266687833206593
2025-01-01 16:10:00,16,10,2,4.7040765952759305,4.14130109270945,3.0249557159354823,2.0515723234589918
2025-01-01 16:15:00,16,15,2,4.615545592054432,3.9961755640292584,2.7612576291511446,2.199156702031498
2025-01-01 16:20:00,16,20,2,3.7842538993064325,3.8908076145770143,3.0759666910074173,2.113461125058452
2025-01-01 16:25:00,16,25,2,4.104329451560133,3.730070065955972,3.3376623622905766,1.878807403210498
2025-01-01 16:30:00,16,30,2,3.855938682873899,4.28403698775639,2.9747716900245362,2.0653341843084334
2025-01-01 16:35:00,16,35,2,3.0528952339217104,4.118422780056983,2.8129129189082587,1.962480235744632
2025-01-01 16:40:00,16,40,2,3.5990951134308267,3.858666179185372,3.098589962093394,1.9349157457254338
2025-01-01 16:45:00,16,45,2,3.494786916215735,4.143919899524978,3.2617978819458227,1.6978150876366012
2025-01-01 16:50:00,16,50,2,3.5485836166303715,3.985955275885075,3.2245542480466685,2.132237094963201
2025-01-01 16:55:00,16,55,2,3.32519116632737,3.942578099027531,2.8862342824886817,1.8151182863540003
2025-01-01 17:00:00,17,0,2,1.8993557670466645,4.087042305657921,2.5839434765515095,1.8409649975172333
2025-01-01 17:05:00,17,5,2,1.9079464033041722,3.851700350017455,3.2094353310005994,1.9887828547442652
2025-01-01 17:10:00,17,10,2,2.4219137729853575,3.931248696097978,3.2325961760783684,1.8760257858750895
2025-01-01 17:15:00,17,15,2,2.2077961956173904,4.024292212839909,3.1414212320213126,1.8565002795831156
2025-01-01 17:20:00,17,20,2,1.994005619822331,3.900109761422957,2.806884998758032,1.9785745565658648
2025-01-01 17:25:00,17,25,2,3.447599607226527,4.133817042053505,2.8670066977360005,1.6914355701925574
2025-01-01 17:30:00,17,30,2,1.5907071775470993,4.3738133007356526,2.9635370598566015,2.021287083286258
2025-01-01 17:35:00,17,35,2,1.6564515686099497,3.8491403734785714,3.2536717222992135,2.1873611354266123
2025-01-01 17:40:00,17,40,2,1.3485583092231832,3.666974940739191,3.2439886398465663,2.144071499678702
2025-01-01 17:45:00,17,45,2,0.9797269179543302,3.5996519665047475,3.066522551789995,1.7542110187056215
2025-01-01 17:50:00,17,50,2,0.27855925133319237,3.9699063717010037,3.029974439587055,2.119358755466163
2025-01-01 17:55:00,17,55,2,0.5976334605922414,3.8673670819747636,3.2914875898740874,2.137257708346363
2025-01-01 18:00:00,18,0,2,0.0,4.041572100213416,3.8721150303816265,2.1904006325904284
2025-01-01 18:05:00,18,5,2,0.0,4.02651953440522,3.4020747121555717,2.628805214098381
2025-01-01 18:10:00,18,10,2,0.0,3.679356630677181,3.8482858072227684,2.456431406248324
2025-01-01 18:15:00,18,15,2,0.04093706969316128,3.6370232341037187,3.475266212255254,2.706142091800894
2025-01-01 18:20:00,18,20,2,1.1573292833367543,4.059186648069219,3.1622387518564627,2.9822213649470286
2025-01-01 18:25:00,18,25,2,0.0,4.0270857669439915,3.2362591720676948,1.924423172932209
2025-01-01 18:30:00,18,30,2,0.34313009518725673,3.91483640032669,3.503020102556774,3.0095376107126697
2025-01-01 18:35:00,18,35,2,0.0,3.668571282973539,3.675935939100083,2.72532716290109
2025-01-01 18:40:00,18,40,2,0.0,4.094278252552998,3.5124157286921345,2.454286750818647
2025-01-01 18:45:00,18,45,2,0.544475298483683,4.254379909084789,3.0365271891220655,1.822184122628744
2025-01-01 18:50:00,18,50,2,0.032140009547731385,4.0555964880437845,3.558881701532259,2.893764758302068
2025-01-01 18:55:00,18,55,2,0.0,3.830505221886987,3.60324011144842,2.687079858115604
2025-01-01 19:00:00,19,0,2,0.0,4.00891043311423,3.975115263691862,2.5986300554323174
2025-01-01 19:05:00,19,5,2,0.3397988744673379,3.726777183813263,3.463203469907714,2.2544425583049805
2025-01-01 19:10:00,19,10,2,0.0,4.211592142767758,4.106663768891626,2.6579643337461043
2025-01-01 19:15:00,19,15,2,0.10822929479098743,4.016368866905908,3.2169194852242007,2.148649699659629
2025-01-01 19:20:00,19,20,2,0.022785919951906892,3.6463686176493537,3.8759191180786736,2.1887674910775026
2025-01-01 19:25:00,19,25,2,0.0,3.9398651279112635,4.056150247250667,1.6730611608727868
2025-01-01 19:30:00,19,30,2,1.0719720446626628,4.092660302046847,3.926778559336993,2.6460684433485895
2025-01-01 19:35:00,19,35,2,0.3169595111590056,3.9333904758048956,3.5355783269170624,2.447362469487471
2025-01-01 19:40:00,19,40,2,0.0,3.9448208557119653,4.067218954578209,2.712117657520361
2025-01-01 19:45:00,19,45,2,0.09322715738471382,3.7551195585905455,3.2290389173313647,1.9843270131913355
2025-01-01 19:50:00,19,50,2,0.0,4.113308197416331,3.5531891639441926,2.499678659938776
2025-01-01 19:55:00,19,55,2,0.426216667398112,3.8703061599961726,3.0440395887873475,2.483381942355299
2025-01-01 20:00:00,20,0,2,0.0,3.568710924598993,3.3278196100777397,2.502787020492008
2025-01-01 20:05:00,20,5,2,0.0,3.925748525865921,3.7177770834945205,2.9477829842392107
2025-01-01 20:10:00,20,10,2,0.25249363949022857,4.196229943114071,3.7726667109107863,2.283567775050938
2025-01-01 20:15:00,20,15,2,0.43287759708506074,3.9226141106800103,3.6106745386487584,2.5189321364476074
2025-01-01 20:20:00,20,20,2,0.0,4.347596997024704,3.1003613136107298,2.6194698354076817
2025-01-01 20:25:00,20,25,2,0.0,4.085793589709703,4.057001701375314,2.509727981256101
2025-01-01 20:30:00,20,30,2,0.0,4.067751632456074,3.02174519608238,2.509080601332586
2025-01-01 20:35:00,20,35,2,0.0,3.9743203468164783,3.135886340308025,2.7590816520658863
2025-01-01 20:40:00,20,40,2,0.8827271201405484,3.986342758447142,3.6574594975175385,2.448726983957577
2025-01-01 20:45:00,20,45,2,0.20249085548047777,3.947315272976099,3.4006507202432537,2.436329709515336
2025-01-01 20:50:00,20,50,2,0.0,3.939546121583495,3.502482348302696,2.2683294935975375
2025-01-01 20:55:00,20,55,2,0.45893097352738804,4.10617343241343,3.083674075699569,2.8416096840083944
2025-01-01 21:00:00,21,0,2,1.0610780985063166,3.812833754041887,3.3843797070509125,2.550112931250743
2025-01-01 21:05:00,21,5,2,0.5162326302755734,3.784821234255148,3.585584585350248,2.596606143896564
2025-01-01 21:10:00,21,10,2,0.0,3.7753609898249243,3.1478546008704726,1.9972479506344456
2025-01-01 21:15:00,21,15,2,0.0,4.409130909535431,3.3233922425924023,2.618713459725086
2025-01-01 21:20:00,21,20,2,0.6334555745933114,4.106068580334116,3.281615039757706,2.39352359389023
2025-01-01 21:25:00,21,25,2,0.0,4.060898440336029,4.13818922412487,1.9463728345586393
2025-01-01 21:30:00,21,30,2,0.22190971407311422,3.7884970659413137,3.2734898012268503,3.0689812205721783
2025-01-01 21:35:00,21,35,2,0.3873170267146684,4.1246684601349655,3.486620398401433,2.2882044503503267
2025-01-01 21:40:00,21,40,2,0.0,3.976685730709334,3.850630675103336,2.516569130944333
2025-01-01 21:45:00,21,45,2,0.0,4.04283378822635,3.3955074814867983,2.5577106781112535
2025-01-01 21:50:00,21,50,2,0.0,3.8046759368272887,3.30256735718517,2.1947526811335765
2025-01-01 21:55:00,21,55,2,0.0,4.032053771483516,3.4659209217095754,2.1967009119771976
2025-01-01 22:00:00,22,0,2,0.0,3.915233292358703,3.0021386623592963,2.070881313494868
2025-01-01 22:05:00,22,5,2,0.0,3.8468777685939624,3.170612091210322,2.2255849971033657
2025-01-01 22:10:00,22,10,2,0.8162056519658176,4.1468212671614495,2.9188526996735495,2.099882921587814
2025-01-01 22:15:00,22,15,2,0.0,3.6924584382939996,3.0985046892412713,2.065563743163197
2025-01-01 22:20:00,22,20,2,0.0,4.11295525286283,2.9041081178099084,1.7943864375071779
2025-01-01 22:25:00,22,25,2,0.06537028864304567,4.136897226710599,3.100400377813312,1.65862748756139
2025-01-01 22:30:00,22,30,2,0.7206366445330578,3.824071264889752,2.946432113486338,1.4892737968702803
2025-01-01 22:35:00,22,35,2,0.0,3.8359343077735066,2.7327195153283474,1.8245732123105152
2025-01-01 22:40:00,22,40,2,0.5815818760774798,3.9553948637467196,3.219344841525857,2.1376216048808536
2025-01-01 22:45:00,22,45,2,0.0051165305097935244,4.056407242092444,2.8892130632315514,2.14587395902595
2025-01-01 22:50:00,22,50,2,0.0,3.9694290016371547,3.1775245926760793,1.9678670303250556
2025-01-01 22:55:00,22,55,2,0.23105173713163538,4.086712492038376,2.723124371157262,1.9584175379867772
2025-01-01 23:00:00,23,0,2,0.09952984778673502,4.35259593050748,2.980421518965573,1.7535091218339547
2025-01-01 23:05:00,23,5,2,0.0,3.8984566461700574,3.0734093585859936,2.0559623708604713
2025-01-01 23:10:00,23,10,2,0.03490104249500946,3.656964005859316,3.0890085399788374,2.0557846194334886
2025-01-01 23:15:00,23,15,2,0.0,4.165184716606131,3.1459686070229966,1.9641343944253937
2025-01-01 23:20:00,23,20,2,0.05675867262562402,4.336662915185506,3.0403570214741906,1.9204519431508935
2025-01-01 23:25:00,23,25,2,0.33106533726052334,4.078553672610225,2.88310015687561,2.2676499261524152
2025-01-01 23:30:00,23,30,2,0.793008408072676,3.7824502649292664,2.591246259694701,2.1753519978308526
2025-01-01 23:35:00,23,35,2,0.0,3.97522152735296,2.875891824910868,1.8499923644713758
2025-01-01 23:40:00,23,40,2,1.0665166873281333,3.7762953031576734,3.0523154968130815,1.7020780775297994
2025-01-01 23:45:00,23,45,2,0.0,4.128571098792589,2.8367953856107593,1.8301720706974016
2025-01-01 23:50:00,23,50,2,0.0,3.729741919460313,2.955720348362981,1.8391724623678622
2025-01-01 23:55:00,23,55,2,0.29415860324228826,3.93997424263436,3.320223737127854,2.3594033032995907
2025-01-02 00:00:00,0,0,3,0.14049593386751633,3.7991324347412188,2.595601295450387,2.1088645409531472
2025-01-02 00:05:00,0,5,3,0.0,4.025364937026993,3.1717326878155148,2.108597040478221
2025-01-02 00:10:00,0,10,3,0.0,3.9267316645724484,2.868377301381661,1.9511808875682917
2025-01-02 00:15:00,0,15,3,0.0,4.035352420650053,2.8503450690444607,1.9159471937682342
2025-01-02 00:20:00,0,20,3,0.0,4.004470110993273,2.7580069942665646,1.97704223567309
2025-01-02 00:25:00,0,25,3,0.4248010485105123,3.802668194455178,2.699439657738986,1.9599730891543725
2025-01-02 00:30:00,0,30,3,0.17850774298252367,4.125375412705805,2.7502836621800473,2.041363272358281
2025-01-02 00:35:00,0,35,3,0.0,3.990246869631377,2.864116087811422,2.0581160695749077
2025-01-02 00:40:00,0,40,3,0.44979993771662535,3.8022941984268197,3.2163161456729563,2.3178893872209416
2025-01-02 00:45:00,0,45,3,0.15364976043830467,4.448185311241159,2.494399082195902,1.8331611812252435
2025-01-02 00:50:00,0,50,3,0.40643105941948005,4.095286033343425,2.9393827845775973,2.0920655636762966
2025-01-02 00:55:00,0,55,3,0.3148144209618061,3.969347889320139,2.669929099169094,1.8035815186399569
2025-01-02 01:00:00,1,0,3,0.0,4.283040905340365,3.026071440531422,2.016977648305333
2025-01-02 01:05:00,1,5,3,0.0,4.368363121877321,3.0755236812840185,2.088735145377623
2025-01-02 01:10:00,1,10,3,0.3736468025616309,3.970930115537223,3.0677188866231724,2.0387310633262987
2025-01-02 01:15:00,1,15,3,0.3051851327167324,4.069479497286952,3.0111479546652737,2.1329526179448726
2025-01-02 01:20:00,1,20,3,0.0,3.802399436399412,2.552135466687155,2.308866697394247
2025-01-02 01:25:00,1,25,3,0.058663691654391,3.970561449846398,2.559103589823935,1.7841676366191015
2025-01-02 01:30:00,1,30,3,0.6388324478942125,3.960187489248026,2.954647840669971,2.1345225782179686
2025-01-02 01:35:00,1,35,3,0.0,4.036965406724331,2.4009466218400766,1.994375135211633
2025-01-02 01:40:00,1,40,3,0.27354869058501896,4.066552095727402,3.158479007883147,2.1989036232056955
2025-01-02 01:45:00,1,45,3,0.0,4.111965689765612,2.8605340683005083,1.9398329426089935
2025-01-02 01:50:00,1,50,3,0.0,4.047528531259992,2.8767703742214743,1.9214650692947832
2025-01-02 01:55:00,1,55,3,0.549388425993595,3.757851474674167,2.793634689854313,1.8221495675058164
2025-01-02 02:00:00,2,0,3,0.4127081744940149,3.812306578851783,3.0868753844056736,2.0263230746545484
2025-01-02 02:05:00,2,5,3,0.40675481800031926,3.8907184761072653,3.0983173015180947,2.0428028779401672
2025-01-02 02:10:00,2,10,3,0.6527394035771645,3.9435518816153543,3.140867720229519,2.175642799630999
2025-01-02 02:15:00,2,15,3,0.010501920816379524,4.210154858094422,2.651656676026779,1.8291380699171276
2025-01-02 02:20:00,2,20,3,0.34097648564748195,3.7674122026294175,2.9537248085019923,1.9954644949025317
2025-01-02 02:25:00,2,25,3,0.0,3.92851699036586,2.865981885236393,2.1824047341976613
2025-01-02 02:30:00,2,30,3,0.16208317624422106,4.19060189964281,3.3959896736581197,2.037232391116347
2025-01-02 02:35:00,2,35,3,0.0,3.9400245051006775,3.0168682064396424,2.169891251020866
2025-01-02 02:40:00,2,40,3,0.048497982496359095,4.0920831299685645,2.626832048959313,2.005693788087682
2025-01-02 02:45:00,2,45,3,0.2975785127184568,3.9720915914144195,3.1958071650935036,1.8713692005597777
2025-01-02 02:50:00,2,50,3,0.0,4.051356651464944,2.754687884019607,1.9628388779800443
2025-01-02 02:55:00,2,55,3,1.0461936378427301,3.9543054912380917,2.9878629133596157,1.8182695436169083
2025-01-02 03:00:00,3,0,3,0.0,4.133413094545671,3.4192322552101904,1.9042607237984108
2025-01-02 03:05:00,3,5,3,0.0,3.690988718518713,2.7692681297146864,1.9812757361858777
2025-01-02 03:10:00,3,10,3,0.5790554367500339,3.927337598322291,3.1815721275408984,2.003482849799646
2025-01-02 03:15:00,3,15,3,0.39583134698146794,4.059314535338862,3.0971187840088006,1.8256978811333686
2025-01-02 03:20:00,3,20,3,0.31205990852607757,4.106739049601239,3.297537689280703,2.1123422055836887
2025-01-02 03:25:00,3,25,3,0.31417275463213995,4.298590524550765,3.209540313775522,2.073032126495034
2025-01-02 03:30:00,3,30,3,0.0,3.921795066626885,3.1649768075457567,1.8253894880645545
2025-01-02 03:35:00,3,35,3,0.0,4.295896352372175,2.9017179166620877,2.269296119111206
2025-01-02 03:40:00,3,40,3,0.03790227909686317,3.868195234668066,3.3119483894567927,1.7705868800561846
2025-01-02 03:45:00,3,45,3,0.0,4.265729282308929,3.0499472135727625,1.9138112399029545
2025-01-02 03:50:00,3,50,3,0.4875598667088756,4.1634934253396745,2.8605937061270277,2.05696793907109
2025-01-02 03:55:00,3,55,3,0.0,3.8173082840735555,3.2281925864730816,2.0903324946568387
2025-01-02 04:00:00,4,0,3,0.0,4.061407847450364,2.936097510016193,2.102972235987032
2025-01-02 04:05:00,4,5,3,0.0,3.989752832893562,2.92800476528382,2.0824228601461203
2025-01-02 04:10:00,4,10,3,0.20646572713781217,4.125116918735,3.2792931400911467,1.5845680681398344
2025-01-02 04:15:00,4,15,3,0.0,3.955345682313338,3.159450459708007,1.6921890156859063
2025-01-02 04:20:00,4,20,3,0.0,3.9385507548676535,3.2456655421088922,1.8725948780254278
2025-01-02 04:25:00,4,25,3,0.12184360574595615,4.27381891655257,2.756465724478703,2.1390538454177497
2025-01-02 04:30:00,4,30,3,0.12248328555436139,3.9802558211088654,3.072834012628482,1.8001626194076683
2025-01-02 04:35:00,4,35,3,0.0,4.165284464838353,2.7494000485663213,1.9625037025017436
2025-01-02 04:40:00,4,40,3,0.0,3.95492970299116,2.7591826099657606,1.7877054054152746
2025-01-02 04:45:00,4,45,3,0.11602496867881815,4.333332651845504,3.0231241580842867,1.8068256731489807
2025-01-02 04:50:00,4,50,3,0.0,3.8643330741329014,3.0853078580053084,2.2980287191766955
2025-01-02 04:55:00,4,55,3,0.0,3.877171293750563,2.9702889170198836,2.026030212397117
2025-01-02 05:00:00,5,0,3,0.0,4.304903436223181,3.4036193465670976,1.7624797765245306
2025-01-02 05:05:00,5,5,3,0.0,3.9110107218209493,3.2382470390361484,2.2141715195824965
2025-01-02 05:10:00,5,10,3,0.1554537827990023,4.320214861232879,3.1708634678347565,2.2583495701465264
2025-01-02 05:15:00,5,15,3,0.737678108474776,4.178368115918962,3.056114993191724,1.8834141008801466
2025-01-02 05:20:00,5,20,3,0.4288298116010097,3.969070058687833,3.2189146582441133,2.226568442342579
2025-01-02 05:25:00,5,25,3,0.0,3.637341305596568,3.2210627802986576,2.008900416463847
2025-01-02 05:30:00,5,30,3,0.0,3.996136339145633,2.8567610972773347,2.0382724508223222
2025-01-02 05:35:00,5,35,3,0.0,4.020326010706685,3.188446003513567,2.204870357971993
2025-01-02 05:40:00,5,40,3,0.0,4.233443546660874,2.914064774585081,2.063074579225478
2025-01-02 05:45:00,5,45,3,0.0,4.317689435248022,2.738244339102809,2.19699002060117
2025-01-02 05:50:00,5,50,3,0.16135928016904474,3.8630025641712504,2.8433382486549874,2.1570510719143097
2025-01-02 05:55:00,5,55,3,0.0,4.160236352797637,2.7701390845219676,2.2062831812868016
2025-01-02 06:00:00,6,0,3,0.25967325712058614,4.15308043120267,3.064367038004554,1.8437284608766107
2025-01-02 06:05:00,6,5,3,0.9845183068468992,4.214682540482089,3.138271276216105,1.8819276616389338
2025-01-02 06:10:00,6,10,3,0.38181379942493204,4.099737982427109,3.1499110074890257,1.9451777049238557
2025-01-02 06:15:00,6,15,3,0.8548871533509014,3.611500461807646,2.6557905748740676,1.8035167519038127
2025-01-02 06:20:00,6,20,3,1.216629423332137,3.9689155134944483,2.9139170582625433,2.2736378047497157
2025-01-02 06:25:00,6,25,3,0.8880585125767283,3.768858485016617,3.180228726105845,2.3247722824644286
2025-01-02 06:30:00,6,30,3,1.417308163105724,3.959478845416385,3.3307270432059717,1.893049839081817
2025-01-02 06:35:00,6,35,3,1.5275300622900636,4.196000847226779,2.962302628048234,1.9177440151338923
2025-01-02 06:40:00,6,40,3,1.78531982594372,4.061030167174994,2.865697878939785,1.6317010581327083
2025-01-02 06:45:00,6,45,3,1.5643983282335492,4.229618173279486,2.9970504563966314,1.7428868812577778
2025-01-02 06:50:00,6,50,3,2.1766512265104994,4.068350784142708,2.9931656236931343,2.423154161912597
2025-01-02 06:55:00,6,55,3,2.6258580688844564,3.7403348120662194,2.898130980733858,2.0389548011256133
2025-01-02 07:00:00,7,0,3,3.3137622549227284,3.495830598685453,3.7719945157427848,2.584087387589772
2025-01-02 07:05:00,7,5,3,3.277925553352523,4.029761752335918,3.587745256382689,2.391279269893576
2025-01-02 07:10:00,7,10,3,4.083649223798511,3.9572147067297667,3.43043660748163,2.2119968433436514
2025-01-02 07:15:00,7,15,3,2.830720871587591,3.8046108521236235,3.7538135026668225,1.9775525030157712
2025-01-02 07:20:00,7,20,3,3.8563617516170257,3.6598745500697243,3.7913265015146607,2.0788904845764273
2025-01-02 07:25:00,7,25,3,3.7160513857061925,3.8530513573054583,3.7887821822229957,2.393854742136346
2025-01-02 07:30:00,7,30,3,4.921735790259734,3.961101703027045,3.130439393560076,2.673789593523891
2025-01-02 07:35:00,7,35,3,3.6233177559097953,4.133175564741278,3.7786302605227324,2.368576405568939
2025-01-02 07:40:00,7,40,3,3.8063216963166076,4.037726216313596,3.71618316460368,1.814474651599195
2025-01-02 07:45:00,7,45,3,4.123190579468003,4.321613449434546,3.10382111307602,2.8877226791406185
2025-01-02 07:50:00,7,50,3,3.555538270195435,3.7928791887909212,3.432899217740625,1.9413360020653458
2025-01-02 07:55:00,7,55,3,4.547010178353497,4.176211778411487,3.2903401458674018,2.222979858242476
2025-01-02 08:00:00,8,0,3,4.62043366922315,4.009459748625746,3.4502114805581225,2.3887747048577057
2025-01-02 08:05:00,8,5,3,5.26292947484332,4.138933824823717,3.5536795186814483,2.4791601845162274
2025-01-02 08:10:00,8,10,3,5.543874071356816,3.9126970273468915,3.9079217765111056,2.6273645799159007
2025-01-02 08:15:00,8,15,3,6.493787749803965,4.214336074778118,3.6373014833580757,2.8495471371683565
2025-01-02 08:20:00,8,20,3,6.210976282603488,4.0590449516690486,3.3833693748711253,2.1214367669924545
2025-01-02 08:25:00,8,25,3,5.624644655804621,3.86411100301645,3.862091097389675,2.540752524432434
2025-01-02 08:30:00,8,30,3,5.6384069544130275,3.997595194217362,3.5418053623696784,2.310001023540929
2025-01-02 08:35:00,8,35,3,6.505194307593845,3.95208882821258,3.314943400068927,2.754016701631253
2025-01-02 08:40:00,8,40,3,5.767759493355071,4.097835670127559,3.795396739441283,2.7351470217239977
2025-01-02 08:45:00,8,45,3,7.509187533927865,3.7640446501250984,3.7378884816336426,2.6707088611779275
2025-01-02 08:50:00,8,50,3,7.345622136517247,3.994129659576861,3.5394568190234468,2.447386094703706
2025-01-02 08:55:00,8,55,3,6.680542731770339,4.079061450529866,3.8630971549824658,2.38788373885287
2025-01-02 09:00:00,9,0,3,6.2145005473200365,4.006604661438606,3.610993764164224,2.258796100613726
2025-01-02 09:05:00,9,5,3,7.900575807680262,4.269388248877799,3.302210288944865,2.429153629642832
2025-01-02 09:10:00,9,10,3,7.31550344547493,4.154804554814211,3.258818486981851,2.7393555476434903
2025-01-02 09:15:00,9,15,3,8.137306230776504,3.9985038406518507,3.095589724536491,2.529768887014322
2025-01-02 09:20:00,9,20,3,6.863230601792598,4.043337819499534,3.5397524290526543,1.9567601265040957
2025-01-02 09:25:00,9,25,3,7.49915731945193,4.0591331102964,3.367692853842917,2.576709861414443
2025-01-02 09:30:00,9,30,3,7.936155252771443,4.080659920833365,3.6286183979882205,2.4387078374199502
2025-01-02 09:35:00,9,35,3,8.0879363395572,3.634868400867078,3.7030664613442146,2.4672051228291876
2025-01-02 09:40:00,9,40,3,7.9664877071502955,3.9396947408461305,3.504095873622517,2.575496160695966
2025-01-02 09:45:00,9,45,3,8.626121089199202,3.703112186361315,3.7780998886202504,2.2972845992753403
2025-01-02 09:50:00,9,50,3,7.9001042434375615,4.255656189491897,3.3539534382445106,2.299331052481236
2025-01-02 09:55:00,9,55,3,8.477928964218819,3.9878300959994144,3.40034068515742,2.9278702774239296
2025-01-02 10:00:00,10,0,3,8.720401853700334,3.9613318100640753,3.1145450638659646,1.7737820509662316
2025-01-02 10:05:00,10,5,3,9.024486974104452,4.179359466406647,2.879910606882265,2.0745534448552805
2025-01-02 10:10:00,10,10,3,9.225915770826662,4.084464959489975,2.818698443813446,1.8549319918370486
2025-01-02 10:15:00,10,15,3,8.406406369407948,3.7742730971241585,3.2689919332348296,1.8773248743053625
2025-01-02 10:20:00,10,20,3,8.296020784998687,3.985818927494526,3.190933363205877,2.251064637906188
2025-01-02 10:25:00,10,25,3,9.791953202143725,3.932966605354723,2.8533075817662072,1.8220074886885718
2025-01-02 10:30:00,10,30,3,9.404952331102663,3.651093422278789,2.944773582703767,1.782274455865275
2025-01-02 10:35:00,10,35,3,8.94583542454971,3.8619447533525593,3.0242067757005486,1.9588696176293228
2025-01-02 10:40:00,10,40,3,10.172502195620345,3.9632919355967067,3.0721160031772605,2.2793886912465644
2025-01-02 10:45:00,10,45,3,9.527138612097485,3.9770098137016316,3.163496996154064,2.097847955082471
2025-01-02 10:50:00,10,50,3,10.126818099514184,3.703553715264538,2.6067903174064164,2.088675196420475
2025-01-02 10:55:00,10,55,3,9.63425778456434,4.230333116609495,3.34452553214091,1.3978954967372967
2025-01-02 11:00:00,11,0,3,10.689632225331676,3.9795793882217123,3.137876508595125,1.9681282850487072
2025-01-02 11:05:00,11,5,3,10.591091119354216,4.007510615332112,2.830040999395411,2.160225716782391
2025-01-02 11:10:00,11,10,3,9.638477996959796,4.080128327667968,3.341941180121466,2.155046145767551
2025-01-02 11:15:00,11,15,3,10.293638279509482,3.8423847492192658,2.9257616097476946,1.8113060351183687
2025-01-02 11:20:00,11,20,3,10.170765504914655,4.09127119462654,3.028925526757909,2.1746338584763176
2025-01-02 11:25:00,11,25,3,10.56793088344378,3.926585070796363,2.9225893947532544,1.9419234016698406
2025-01-02 11:30:00,11,30,3,9.431986883448051,3.8206828918705615,3.56440004996768,2.215730389191945
2025-01-02 11:35:00,11,35,3,10.283589112222415,4.11468949867108,3.2300257356787263,1.7079428187882375
2025-01-02 11:40:00,11,40,3,10.49115922434225,4.298334771760362,2.858562264141308,2.014936327890848
2025-01-02 11:45:00,11,45,3,9.099219489174478,4.144965874697166,2.79977248842297,2.320079459777859
2025-01-02 11:50:00,11,50,3,9.39885295948569,4.1845955130280865,3.2820624613181293,1.8932909325231893
2025-01-02 11:55:00,11,55,3,8.97800418191904,3.8958738786875404,3.356783721321497,1.9991495806560116
2025-01-02 12:00:00,12,0,3,9.865296582777722,3.680476054166309,3.51787794347781,2.028937226105007
2025-01-02 12:05:00,12,5,3,10.356391398697072,4.298027504419968,3.1152385500656843,2.2799806882339118
2025-01-02 12:10:00,12,10,3,10.74166074186659,4.410902977880952,3.255526669961562,2.1021464132271785
2025-01-02 12:15:00,12,15,3,10.015636622595922,4.3085613547539365,2.971771936111233,2.102826539998624
2025-01-02 12:20:00,12,20,3,10.776254753703101,3.93284281220405,2.836763165624777,2.030426743772823
2025-01-02 12:25:00,12,25,3,9.25051265311575,3.7690731322542312,2.778138493500401,1.6438236719839396
2025-01-02 12:30:00,12,30,3,9.062757394060528,3.786863460436087,3.010085352827889,2.2524555781343345
2025-01-02 12:35:00,12,35,3,9.855841255229297,3.66325348647719,3.185160928319212,1.9836175408548784
2025-01-02 12:40:00,12,40,3,10.040110254591735,3.978524276317991,3.3493979396350992,1.8861877218306853
2025-01-02 12:45:00,12,45,3,9.791505429985257,4.321135591616491,2.6164334676403955,1.5635797411598076
2025-01-02 12:50:00,12,50,3,8.729239021179396,3.9716674736255513,2.7637618118808565,2.1633249486524457
2025-01-02 12:55:00,12,55,3,9.66886067837622,4.060464580069655,2.873039463306523,2.0921917283714606
2025-01-02 13:00:00,13,0,3,9.007023512638256,4.275119392860842,3.3292566767167955,1.7799806074844389
2025-01-02 13:05:00,13,5,3,9.935334818274306,3.91918093763352,3.095699946359178,2.1077926145311445
2025-01-02 13:10:00,13,10,3,9.720468630530695,4.4071062913439185,2.8278524023053793,2.2708421850490166
2025-01-02 13:15:00,13,15,3,8.999361401787379,4.398418881499491,2.9424585888901045,1.9232494038173982
2025-01-02 13:20:00,13,20,3,9.13999274919074,3.9737777322639034,3.4223226436835947,2.1045533484733436
2025-01-02 13:25:00,13,25,3,8.79047193188351,3.8844931471961575,3.1850581099370996,2.2709785863043677
2025-01-02 13:30:00,13,30,3,9.207455776476282,4.139447609278062,2.8699052001081564,2.2499642194107357
2025-01-02 13:35:00,13,35,3,9.63068595144509,3.9304950114962285,2.899621177000466,1.8910753221323406
2025-01-02 13:40:00,13,40,3,8.570214847198729,3.7686889565865327,2.9456000055383726,1.875587033011009
2025-01-02 13:45:00,13,45,3,9.220750673085806,4.256247730704596,3.164431286531433,2.053442131029011
2025-01-02 13:50:00,13,50,3,8.604979522595997,4.243289477455416,2.9017551170765774,2.1349010066309644
2025-01-02 13:55:00,13,55,3,8.370831140943906,4.031102320752712,2.944963512522731,1.9343859259270646
2025-01-02 14:00:00,14,0,3,8.606738857867109,3.747427049254364,3.0097367769803087,2.0926920711332433
2025-01-02 14:05:00,14,5,3,8.031497545519777,3.754094749756523,3.077969529875484,1.927350163549434
2025-01-02 14:10:00,14,10,3,8.157089805455268,4.021445857683831,3.1694222414878803,1.9555211697840689
2025-01-02 14:15:00,14,15,3,7.715757176731028,3.9000257930989934,2.8690031022782563,1.7063956702465297
2025-01-02 14:20:00,14,20,3,9.173883009348112,3.931781413571678,3.196635696199804,2.0024780152388013
2025-01-02 14:25:00,14,25,3,8.082077818660691,4.204392631012,3.042174471702103,2.2091605831399033
2025-01-02 14:30:00,14,30,3,7.583670648916058,4.146635863484511,2.9045187536804367,1.7251201503051743
2025-01-02 14:35:00,14,35,3,7.905834786295928,4.275628536099522,3.0139561404430437,2.061592310416059
2025-01-02 14:40:00,14,40,3,7.604280406344365,3.8018753553245483,2.9474301867679253,2.2947475156152337
2025-01-02 14:45:00,14,45,3,7.407913275023162,3.9313616862626577,2.5027666864557285,2.2240113275799565
2025-01-02 14:50:00,14,50,3,7.679856718122953,4.151796339092023,3.1582307300728454,2.091354155540092
2025-01-02 14:55:00,14,55,3,7.602393475621212,4.089615668202578,2.332819690106181,2.2567777566540537
2025-01-02 15:00:00,15,0,3,6.805817238060212,4.306476076517525,2.794713177872823,1.8984616043233227
2025-01-02 15:05:00,15,5,3,6.627221437500351,4.084107341180814,2.9658814670419864,2.0814836069303952
2025-01-02 15:10:00,15,10,3,6.618376227580781,4.36962182082111,3.12788560843851,2.1785681108638593
2025-01-02 15:15:00,15,15,3,5.442497568632897,4.1080035603446285,3.1631707020157034,2.0505854408426254
2025-01-02 15:20:00,15,20,3,5.670280565766119,4.212433489517732,3.083184531811518,1.7818492568355506
2025-01-02 15:25:00,15,25,3,6.942671855562854,3.9352970106431084,2.8497946386361956,2.1790920447349666
2025-01-02 15:30:00,15,30,3,6.910098146837851,4.002857442376798,3.167441897345736,2.1447598832888843
2025-01-02 15:35:00,15,35,3,5.788578463857633,4.182188880767895,2.8971166476686947,2.1820984263887393
2025-01-02 15:40:00,15,40,3,6.024042845038347,4.322595634118611,2.767751109503928,2.2154719619724546
2025-01-02 15:45:00,15,45,3,5.71132740746779,4.14584738986215,2.947825839750822,2.3368340812681265
2025-01-02 15:50:00,15,50,3,6.912436487695857,3.983365645613076,2.695711581586903,2.3526808091837044
2025-01-02 15:55:00,15,55,3,5.747520037322506,4.275467005905669,2.9277071341673078,1.9241041487976511
2025-01-02 16:00:00,16,0,3,4.936041204259616,3.561604268744024,3.0389677637971193,1.8605842174398606
2025-01-02 16:05:00,16,5,3,4.332117468893667,3.7155530996986252,2.9855341997395386,1.8524747469458291
2025-01-02 16:10:00,16,10,3,3.814262972221553,4.136326844733678,2.8597872938041626,2.0973771900601146
2025-01-02 16:15:00,16,15,3,4.524618720123625,4.002821671250625,2.819686900939297,1.8463611529989035
2025-01-02 16:20:00,16,20,3,3.8480072447648475,4.121102730224833,2.7254417500507184,1.899213864007732
2025-01-02 16:25:00,16,25,3,3.316340043788532,4.012881504486389,3.2623204059447843,1.8308132719794064
2025-01-02 16:30:00,16,30,3,3.5035478815296357,4.114189138920775,2.8536733469625517,2.038784389296307
2025-01-02 16:35:00,16,35,3,3.0836063810298247,3.837119435801362,2.9258407132400945,2.44563088666993
2025-01-02 16:40:00,16,40,3,4.263772250792967,4.114097217215938,2.967494407064749,2.0670436692434744
2025-01-02 16:45:00,16,45,3,3.655214531506343,4.198882905641517,3.1887537569598643,2.18491557317257
2025-01-02 16:50:00,16,50,3,3.0030716743844246,4.244110120786247,3.046657516311476,1.9677745026627997
2025-01-02 16:55:00,16,55,3,3.538262209754931,4.40271085892974,3.4048057072758513,1.9800479449371466
2025-01-02 17:00:00,17,0,3,2.6268746048490192,4.048819688700477,2.911661979114304,1.8708302023411962
2025-01-02 17:05:00,17,5,3,1.9462168225976018,4.054782217369436,2.654639359458649,2.1643231504474327
2025-01-02 17:10:00,17,10,3,2.9259581780158563,3.6953655071652305,2.5303863205798347,1.998855431819016
2025-01-02 17:15:00,17,15,3,2.2203582420036154,3.893717719772315,2.959027873145723,2.4479930384462896
2025-01-02 17:20:00,17,20,3,1.217858699506079,3.9613835851986776,2.6336697542572747,1.8197793426031286
2025-01-02 17:25:00,17,25,3,1.4260645228573623,4.210063910455271,2.97278070826367,1.9604941325061664
2025-01-02 17:30:00,17,30,3,0.8674527955081371,3.877799775182074,2.890091081837991,1.9838024181195666
2025-01-02 17:35:00,17,35,3,0.3972688830374822,4.159268003949767,2.748087454226052,2.0714385757989877
2025-01-02 17:40:00,17,40,3,1.3346462012424025,3.999675656607324,2.5357029315844843,1.9948461288245485
2025-01-02 17:45:00,17,45,3,1.6087396125364966,3.964566376977048,2.8799286611472854,2.203257588551327
2025-01-02 17:50:00,17,50,3,0.0,4.049778793826651,3.351062214126661,1.9337895662499285
2025-01-02 17:55:00,17,55,3,0.4996334686908932,3.9217687255494313,3.2781451858282864,1.9367767438739178
2025-01-02 18:00:00,18,0,3,0.0,3.914192550381467,3.210162043061273,3.023771089655686
2025-01-02 18:05:00,18,5,3,0.0,3.6590428188419772,3.656232933420202,2.501331556782944
2025-01-02 18:10:00,18,10,3,0.0,3.950409158534422,3.7061532425295947,2.58226451053905
2025-01-02 18:15:00,18,15,3,0.0,3.904006370770255,3.4792341776175446,2.102069551807601
2025-01-02 18:20:00,18,20,3,0.024260813972413496,3.8968038021301843,3.41883897885162,2.686976627037542
2025-01-02 18:25:00,18,25,3,0.0,4.083374612518008,3.4631685722939567,2.770697728339116
2025-01-02 18:30:00,18,30,3,0.1352284128899194,4.131726390558102,3.6150965071600365,2.236559104574378
2025-01-02 18:35:00,18,35,3,0.0,4.046438900928465,3.104248412650363,2.4528464500209495
2025-01-02 18:40:00,18,40,3,0.0,4.199083038089895,3.3427314655686238,2.6008965428865056
2025-01-02 18:45:00,18,45,3,0.0,4.115112385166073,3.284558702371181,2.315382302273537
2025-01-02 18:50:00,18,50,3,0.0,3.9409887620388715,3.8159209152784737,2.544460890588369
2025-01-02 18:55:00,18,55,3,0.377695612912878,3.907428742857124,3.289181880371812,2.5052925426205057
2025-01-02 19:00:00,19,0,3,0.2504585938121904,4.0625644473533695,3.913673372900505,2.588136006482417
2025-01-02 19:05:00,19,5,3,0.0,4.11475342198038,3.677885242827539,2.2743296390417673
2025-01-02 19:10:00,19,10,3,0.049666152714612936,4.279568861406299,3.80792581314038,3.1954306781391404
2025-01-02 19:15:00,19,15,3,0.3756935616858945,4.238234608988019,3.262559707246144,2.145431807688403
2025-01-02 19:20:00,19,20,3,0.0,3.891705398698566,3.5526626731505444,2.762651514953323
2025-01-02 19:25:00,19,25,3,0.2716800961899675,3.9795987439745475,3.4725830983849217,2.184038081187201
2025-01-02 19:30:00,19,30,3,0.0,4.134203560983554,3.467424751465883,2.6794276818332365
2025-01-02 19:35:00,19,35,3,0.28529933429657967,4.213599555611794,3.377890451916182,2.6821765053264763
2025-01-02 19:40:00,19,40,3,0.0,4.187793893740959,3.849413235571973,2.572069187731134
2025-01-02 19:45:00,19,45,3,0.0,3.9872244334337306,3.4916156686165123,2.7488031775678845
2025-01-02 19:50:00,19,50,3,0.0,3.7491954695142966,3.2431697517688307,2.2135870498921233
2025-01-02 19:55:00,19,55,3,0.024042473330690997,3.8002127247508817,3.4200283145213044,2.3524361635556597
2025-01-02 20:00:00,20,0,3,0.12986125086074093,4.054526702863883,3.2589974074128576,3.0491405424996323
2025-01-02 20:05:00,20,5,3,0.0,4.068445115884869,4.151597962848287,2.3938884873233253
2025-01-02 20:10:00,20,10,3,0.31929622938868696,3.780264125313123,3.5275156849245097,2.4436471539808626
2025-01-02 20:15:00,20,15,3,0.0,4.008913922177855,3.8322497720354467,2.8916936685520143
2025-01-02 20:20:00,20,20,3,0.0,4.1262448713943565,2.966820860393106,2.6428032400196875
2025-01-02 20:25:00,20,25,3,0.0,3.769754668498571,3.1079535976516555,3.0274816473625834
2025-01-02 20:30:00,20,30,3,0.0,4.220999440360883,3.6320744090631196,2.252995138491209
2025-01-02 20:35:00,20,35,3,0.023699335658207008,3.924493770288035,3.427603583618644,2.4133068225201524
2025-01-02 20:40:00,20,40,3,0.0,4.25152262251533,3.657533882865745,2.8125737812532434
2025-01-02 20:45:00,20,45,3,0.0,3.89330951084482,3.155537812408487,3.0516263502736343
2025-01-02 20:50:00,20,50,3,0.5031464046072203,3.7946749034231644,3.981707032346253,2.2374029297226863
2025-01-02 20:55:00,20,55,3,0.0,3.908372602031656,3.521840538308693,3.0132425632342947
2025-01-02 21:00:00,21,0,3,0.4178460560325709,3.980970375384536,3.869875576003245,2.3989770909856314
2025-01-02 21:05:00,21,5,3,0.0,3.9223040186457037,3.744301944370362,3.3991594875157416
2025-01-02 21:10:00,21,10,3,0.2649020889576414,3.9567997156853774,3.5315479945553636,2.310205524567994
2025-01-02 21:15:00,21,15,3,0.7207843103289502,4.066793029935238,3.5517259556274197,2.573965628649195
2025-01-02 21:20:00,21,20,3,0.0,3.96576412604072,3.3426389782999704,2.6324875203442653
2025-01-02 21:25:00,21,25,3,0.0,3.9867775212095986,3.1236796820817494,2.300339839897396
2025-01-02 21:30:00,21,30,3,0.28853606359027,3.6581547201594806,3.7274734328464394,1.9735387445373247
2025-01-02 21:35:00,21,35,3,0.0,4.078339603202094,3.770950277598433,1.896405590288289
2025-01-02 21:40:00,21,40,3,0.18557293668565442,3.982159340461666,2.9806026263371055,2.350306377083234
2025-01-02 21:45:00,21,45,3,0.0,4.322058596096574,3.586059152845805,2.8975790809382165
2025-01-02 21:50:00,21,50,3,0.04329489373644996,3.8120869665492085,3.5172868289478787,2.426033917727203
2025-01-02 21:55:00,21,55,3,0.0,3.638340934300097,3.6738743743954414,2.2387303538596197
2025-01-02 22:00:00,22,0,3,0.5838910308299037,4.123613698786008,3.027883031869281,1.760110748408928
2025-01-02 22:05:00,22,5,3,0.12721042165060656,4.0693054036626,3.0165181033750827,1.9740327348301194
2025-01-02 22:10:00,22,10,3,0.1688013310376011,3.798313395893771,2.8391464157101165,2.0330081273075478
2025-01-02 22:15:00,22,15,3,0.0,3.694050208999182,3.0317099306319286,2.235090802467827
2025-01-02 22:20:00,22,20,3,0.0,4.307479346136858,2.6788733193874426,1.9847902184605914
2025-01-02 22:25:00,22,25,3,0.0,4.282822078121356,2.847947520059304,2.173952411635258
2025-01-02 22:30:00,22,30,3,0.19722607118914842,3.502508648258774,3.1507824130384265,2.1015759690137243
2025-01-02 22:35:00,22,35,3,0.0,3.9083553941486997,2.859233348386107,2.177094116588019
2025-01-02 22:40:00,22,40,3,0.14488742844820646,4.33283841095678,2.6939738142513336,1.6529378592814457
2025-01-02 22:45:00,22,45,3,1.0377003993227194,3.9047874884444265,2.744825800019615,1.9933050379346189
2025-01-02 22:50:00,22,50,3,0.4355623517158462,3.9018775531946694,3.1350328801976586,1.404793505198095
2025-01-02 22:55:00,22,55,3,0.0,3.943448134474126,3.2645485663759573,2.0262224392356867
2025-01-02 23:00:00,23,0,3,0.6006069610819724,3.775820605246368,2.686445530482045,2.0201893940579163
2025-01-02 23:05:00,23,5,3,0.0,3.659044851154391,3.218505082935684,2.119888203061252
2025-01-02 23:10:00,23,10,3,0.0,4.21050946214695,3.219814612510793,1.7267506741205778
2025-01-02 23:15:00,23,15,3,0.0,3.6314126187504647,2.9171989529723192,1.8150615538952937
2025-01-02 23:20:00,23,20,3,0.0,4.049454290421751,3.3435160410088636,2.127872568697326
2025-01-02 23:25:00,23,25,3,0.0,4.17731589855153,3.569401917791528,1.9064780933165546
2025-01-02 23:30:00,23,30,3,0.00920918959477585,3.7097547402197684,2.855065157663539,1.97143467228097
2025-01-02 23:35:00,23,35,3,0.8382186561376413,3.8151463194809856,3.2756714442845096,1.9267760621249306
2025-01-02 23:40:00,23,40,3,0.16346368688208132,4.242635837678318,3.0248875195813887,2.019338140577364
2025-01-02 23:45:00,23,45,3,0.0,4.106578344045408,3.007899352240438,1.8695203079075045
2025-01-02 23:50:00,23,50,3,0.4147027905917446,3.8765428586242225,2.972541786417927,1.9639794797297285
2025-01-02 23:55:00,23,55,3,0.0,4.240449800672234,2.9984870680650704,2.1887033636305415
2025-01-03 00:00:00,0,0,4,0.11780727905428297,4.24130714469086,3.3521256069248984,1.8319130474660585
2025-01-03 00:05:00,0,5,4,0.3854325969434834,4.053810538603141,2.921601275042457,1.8349976203187626
2025-01-03 00:10:00,0,10,4,0.0,3.8199679544252674,3.0374203074444543,1.8923301084978046
2025-01-03 00:15:00,0,15,4,0.5718770216034645,3.917310259305641,3.047959366748398,2.220725382088957
2025-01-03 00:20:00,0,20,4,0.16924820374720706,4.057277348791078,2.494833662839078,2.0983559779201384
2025-01-03 00:25:00,0,25,4,0.0,3.9622810341705024,2.907962590220424,2.0920844535968777
2025-01-03 00:30:00,0,30,4,0.3163909330531424,4.18779143564697,2.82070611244996,2.239252197661375
2025-01-03 00:35:00,0,35,4,1.135346428902198,3.6940451839781328,3.182656123608057,2.1136704297085287
2025-01-03 00:40:00,0,40,4,0.09093312752924758,3.701147294186752,3.1586451435620195,1.8508759065655653
2025-01-03 00:45:00,0,45,4,0.12411029315016804,4.036174222296487,2.876075249062142,2.150487240163496
2025-01-03 00:50:00,0,50,4,0.0,3.9016911172386193,2.8464541714462777,2.2891270093316174
2025-01-03 00:55:00,0,55,4,0.0,3.874590277060452,2.935281785743794,2.1003788779721244
2025-01-03 01:00:00,1,0,4,0.4151679082721228,3.6463886561651204,3.419849903851018,1.8587553291863848
2025-01-03 01:05:00,1,5,4,0.0,4.003909168959637,3.0137523501689567,2.2108366329274616
2025-01-03 01:10:00,1,10,4,0.035783118609696234,3.989448978399847,3.190255477775306,1.9344369379521285
2025-01-03 01:15:00,1,15,4,0.0,4.130695796390349,2.896653912495629,1.9533728134909896
2025-01-03 01:20:00,1,20,4,0.23948991287319593,4.013781226624195,3.2895715532302727,1.9441788287280106
2025-01-03 01:25:00,1,25,4,0.16683105264347414,3.9734791843519006,3.015623138496693,1.914642705815315
2025-01-03 01:30:00,1,30,4,0.5187699721289496,4.2354001273580675,3.141109712959197,2.0311050075167314
2025-01-03 01:35:00,1,35,4,0.0,3.73750653931029,2.799313237848354,1.8062351771930012
2025-01-03 01:40:00,1,40,4,0.0,4.107277843769515,2.6002788866888986,1.8337357181748768
2025-01-03 01:45:00,1,45,4,0.0,3.66577056704093,3.1587891607264345,2.2647521076024537
2025-01-03 01:50:00,1,50,4,0.0,3.8323276239998383,3.137111672643437,2.1109264401281362
2025-01-03 01:55:00,1,55,4,0.1886502465224261,3.7574685734753372,2.97469479009427,2.1549829109827976
2025-01-03 02:00:00,2,0,4,0.37849430832267594,4.156388507090384,3.0572556446163768,2.360889794397425
2025-01-03 02:05:00,2,5,4,0.0,3.9869179532809214,2.98031093716465,2.268601616747226
2025-01-03 02:10:00,2,10,4,0.4348029600528301,3.9972993510814048,3.174822816363572,2.1470886572408316
2025-01-03 02:15:00,2,15,4,0.6778189294024755,3.77865340245411,2.597701734907636,2.185837912309542
2025-01-03 02:20:00,2,20,4,0.20671745161185043,3.940061300813422,2.9744984042181692,1.9112147011130216
2025-01-03 02:25:00,2,25,4,0.938397906279033,3.8473069393381776,2.7034173917644173,1.9988825732063633
2025-01-03 02:30:00,2,30,4,0.0,4.076691002970843,3.0067103193636484,1.739399615637039
2025-01-03 02:35:00,2,35,4,0.0,3.801781772933677,2.7053439654212617,2.0973238960256224
2025-01-03 02:40:00,2,40,4,0.0,4.265958873041015,3.1743410262122755,2.0380565819844843
2025-01-03 02:45:00,2,45,4,0.7480221557445915,3.664883910075181,3.2301669299368725,1.9827230031297003
2025-01-03 02:50:00,2,50,4,0.3271828281770289,3.838696033508688,2.9891297451199597,1.8165943942518419
2025-01-03 02:55:00,2,55,4,0.0,4.335440101993219,2.6879516044892564,2.370932426771917
2025-01-03 03:00:00,3,0,4,0.13998431315991014,3.9129722504075932,3.226259810049949,1.7214974865723043
2025-01-03 03:05:00,3,5,4,0.0,3.737024267119118,3.031150381566256,1.9799907377792667
2025-01-03 03:10:00,3,10,4,1.2228759898084132,4.043814312507534,2.9452015053673914,1.918196430437012
2025-01-03 03:15:00,3,15,4,0.06461059098761375,3.9049215515570914,3.076253829393596,2.163635105094295
2025-01-03 03:20:00,3,20,4,0.054697397302446445,3.832825948876339,3.080478233805641,1.9758963251241612
2025-01-03 03:25:00,3,25,4,0.362883311949346,3.7808258378402564,2.968554656621776,2.1873628633845335
2025-01-03 03:30:00,3,30,4,0.2405046158683566,4.553674721125189,3.0926889876232124,2.0145378926070867
2025-01-03 03:35:00,3,35,4,0.11194201213956569,3.9496896199631726,2.9928197404799786,2.069054101922458
2025-01-03 03:40:00,3,40,4,0.0,3.6148865279334244,2.90633026228811,2.1643077634616423
2025-01-03 03:45:00,3,45,4,0.23573417856799786,4.298741951801107,2.784828287632427,1.9177086980467037
2025-01-03 03:50:00,3,50,4,0.9410122482375168,4.122214181022114,3.1222212190892047,1.7734234373291453
2025-01-03 03:55:00,3,55,4,0.6727100230774888,3.8467067137960425,2.6853982914701,2.012615535085848
2025-01-03 04:00:00,4,0,4,0.7965933133196985,3.813376182262772,2.660708369110706,1.7402392891896277
2025-01-03 04:05:00,4,5,4,0.0,4.134694559231646,3.1513188237012866,1.9590429484788527
2025-01-03 04:10:00,4,10,4,0.0,3.9506163345021093,3.257097389941797,1.759037131812509
2025-01-03 04:15:00,4,15,4,0.0,3.6148044363109797,2.9812095268735432,2.079916910641552
2025-01-03 04:20:00,4,20,4,0.027862456144347302,4.3574479929209335,2.765897013974218,2.206352380899925
2025-01-03 04:25:00,4,25,4,0.5470957592354743,3.9132019075568087,3.1021357766332076,1.6781425826625131
2025-01-03 04:30:00,4,30,4,0.0,4.299114347296485,2.9924516407582797,2.0771913472517265
2025-01-03 04:35:00,4,35,4,0.7647751597303069,4.255686991593143,2.8819886652943887,1.7040270188982372
2025-01-03 04:40:00,4,40,4,0.0,3.7997980911034372,3.055691757889482,2.4422485900565123
2025-01-03 04:45:00,4,45,4,0.0,4.206637972872629,2.922603180168462,2.3138482362569417
2025-01-03 04:50:00,4,50,4,0.0,3.869711490027264,2.8495422356477063,2.0431091270019905
2025-01-03 04:55:00,4,55,4,0.0,3.6266598826392116,3.1543045061752237,1.998317266805727
2025-01-03 05:00:00,5,0,4,0.4115852919809573,3.9150803667955714,2.9404528702237536,2.1452255042700745
2025-01-03 05:05:00,5,5,4,0.036658983594201944,4.079527500355256,3.378291023053844,2.0601173849278265
2025-01-03 05:10:00,5,10,4,0.0,3.9074526704007324,2.8967879646939307,1.9620496885480634
2025-01-03 05:15:00,5,15,4,0.0,3.9385903318149795,3.503941529129075,2.0269814232676255
2025-01-03 05:20:00,5,20,4,0.0,4.228713208985723,2.8811172602844053,1.7709864167034919
2025-01-03 05:25:00,5,25,4,0.8345107626446965,4.021298796058018,2.634819781177479,2.072716854769238
2025-01-03 05:30:00,5,30,4,0.0,3.8313403377430095,3.1309283985649006,1.9206607640069586
2025-01-03 05:35:00,5,35,4,0.0,4.140406064733465,2.997005916393809,1.7659076581422752
2025-01-03 05:40:00,5,40,4,0.0,4.0395351133908495,3.0265856929655004,2.096299064113425
2025-01-03 05:45:00,5,45,4,0.0,3.4956790397075914,2.8929671465664724,2.338090533917168
2025-01-03 05:50:00,5,50,4,0.0,4.08567058275429,2.8325787346506175,2.0566953208037964
2025-01-03 05:55:00,5,55,4,0.0,4.07836574154322,3.1696634439409213,1.9845420999701235
2025-01-03 06:00:00,6,0,4,0.0,4.004024225916172,2.9623046362211016,1.7142267699100675
2025-01-03 06:05:00,6,5,4,0.5662520327523196,4.178340116213915,3.271468299143257,1.9660213596664808
2025-01-03 06:10:00,6,10,4,1.3606719211260334,3.8655212831346994,3.107473084986965,2.1345440975720282
2025-01-03 06:15:00,6,15,4,1.2173138070753093,4.06729995776418,2.8743403015964493,1.960494279141757
2025-01-03 06:20:00,6,20,4,0.7371130821991656,3.6866081257665293,3.266896470148701,1.776560466851911
2025-01-03 06:25:00,6,25,4,0.5354057941488113,4.081418076679767,3.425583614951451,1.8510254429447452
2025-01-03 06:30:00,6,30,4,2.591941823825446,4.39061193910798,2.764096508671898,2.026461804137707
2025-01-03 06:35:00,6,35,4,1.5508430789064103,3.8010287295064917,3.441669652867974,1.617806812881559
2025-01-03 06:40:00,6,40,4,1.7434464226257773,3.848039573602445,2.9717968563020616,2.0952530034513113
2025-01-03 06:45:00,6,45,4,1.9388406766062807,3.8579969114216897,3.006729991707106,2.076384334000602
2025-01-03 06:50:00,6,50,4,2.2634385197649554,4.0259996451603195,2.8563933835655453,1.8800556308137237
2025-01-03 06:55:00,6,55,4,2.30467871729976,3.787392745429256,2.9703154705681603,1.7740223824194499
2025-01-03 07:00:00,7,0,4,2.301359447585089,4.084249475738196,3.486594079567943,2.3833764118985497
2025-01-03 07:05:00,7,5,4,2.5248606696897236,4.169367989093833,3.3589864444535396,2.5961519237795914
2025-01-03 07:10:00,7,10,4,2.990681359934733,4.106869442690757,2.953802152040209,2.431272968985054
2025-01-03 07:15:00,7,15,4,2.9426822674647335,3.6463169148723855,4.1952061296844585,2.1741670941023123
2025-01-03 07:20:00,7,20,4,3.0637785419181043,4.199033533031721,3.885650148945324,2.5163968362738096
2025-01-03 07:25:00,7,25,4,3.677595496682965,4.187473482850736,3.3191126573355745,2.1038075021410583
2025-01-03 07:30:00,7,30,4,3.6993457149404705,4.166032274469261,3.5419045895855694,2.936019131744403
2025-01-03 07:35:00,7,35,4,4.779463392878715,4.074568449731165,3.383236656440971,2.475711572578968
2025-01-03 07:40:00,7,40,4,2.9006977132104894,4.0440378628410265,3.8031112550570993,2.602261237403884
2025-01-03 07:45:00,7,45,4,4.968640328151245,4.20647787962528,3.0283172660826265,2.5296661647565553
2025-01-03 07:50:00,7,50,4,5.240528728599153,4.384702697520691,3.9536704731996792,2.4889176440597507
2025-01-03 07:55:00,7,55,4,3.773192572989802,3.80939190732703,2.677553171156787,2.6164644974773217
2025-01-03 08:00:00,8,0,4,4.828656202959825,4.215625079158954,3.4404630681367894,1.951271675823635
2025-01-03 08:05:00,8,5,4,5.00201214860732,3.9827565803985094,2.9962375729838646,2.7925321429866425
2025-01-03 08:10:00,8,10,4,4.669240236109326,3.97406538959428,3.280285176321476,2.2277510857792024
2025-01-03 08:15:00,8,15,4,5.1667939864005845,3.6926938619235923,3.489308431720499,2.3067391005040183
2025-01-03 08:20:00,8,20,4,5.180476440777548,3.943042118096921,3.5300145883333234,2.4391839911689988
2025-01-03 08:25:00,8,25,4,6.789231705347634,3.800547008406317,3.140001325971907,2.346640660431585
2025-01-03 08:30:00,8,30,4,6.555453486660936,3.907229114098811,3.6328259963927314,2.5125754120715875
2025-01-03 08:35:00,8,35,4,6.895012269337672,3.78036272324437,3.4754172552824505,3.0812152723538153
2025-01-03 08:40:00,8,40,4,6.78871212888701,3.9102183225373985,3.7193112576156606,2.755732379446403
2025-01-03 08:45:00,8,45,4,6.028932265392074,3.9187779285953193,3.4502094776615224,2.5660435571053823
2025-01-03 08:50:00,8,50,4,6.4936419430167165,4.01935098368776,3.3706700031422923,2.7332649296572384
2025-01-03 08:55:00,8,55,4,7.15981783843665,3.6770500275417337,3.466880028770287,2.566713324679167
2025-01-03 09:00:00,9,0,4,6.460003907419503,3.7108963704509352,3.5481833906465505,2.494549935578364
2025-01-03 09:05:00,9,5,4,7.58013883568375,4.072382854146105,4.381456420146731,2.3000142167515834
2025-01-03 09:10:00,9,10,4,7.2526106690221726,3.84051237658598,3.2972865409523924,2.708229024043527
2025-01-03 09:15:00,9,15,4,7.330987671014975,4.2149059580459864,3.3214493002774463,2.412578091595332
2025-01-03 09:20:00,9,20,4,8.015924415291526,4.045053944403009,3.1740767139933146,2.647467375820776
2025-01-03 09:25:00,9,25,4,8.020976486671836,4.121352430041282,3.6512771733452456,2.4054423820229665
2025-01-03 09:30:00,9,30,4,7.753050320002811,4.282138464084179,3.7144450065440218,1.9425624958799226
2025-01-03 09:35:00,9,35,4,8.644110944356951,3.9380578376386857,3.287943979545697,2.449006244136721
2025-01-03 09:40:00,9,40,4,7.650988779089968,3.885102658916745,3.148315250929114,1.9753860887743833
2025-01-03 09:45:00,9,45,4,8.622663926497584,4.174340517119763,3.407631210488466,2.7082060261182224
2025-01-03 09:50:00,9,50,4,8.730465087113052,4.101902712785937,3.8846325174279537,2.335813635038388
2025-01-03 09:55:00,9,55,4,8.39434548707247,3.96253393803574,3.719964751286478,2.6909626114227003
2025-01-03 10:00:00,10,0,4,8.823320548965444,4.278291593391188,3.2437216348668994,1.9299617939291998
2025-01-03 10:05:00,10,5,4,8.141710768882426,3.957551138032014,2.640299900963065,2.0140371704845488
2025-01-03 10:10:00,10,10,4,9.332121841385666,4.006554727511157,2.797241251806055,1.8552989781875984
2025-01-03 10:15:00,10,15,4,8.876276347105389,4.004244530166852,2.9397561711893636,1.9322144737301714
2025-01-03 10:20:00,10,20,4,8.80171636010698,3.8130812210203056,3.028311853379159,2.1406312632839235
2025-01-03 10:25:00,10,25,4,9.677619404112916,4.015517077897278,2.926452883344807,2.0791395013216007
2025-01-03 10:30:00,10,30,4,8.886623479841488,4.279352035479699,3.002963201986101,2.187098879175689
2025-01-03 10:35:00,10,35,4,8.615848044646206,4.088993663075235,2.9622816297787367,1.984214664845089
2025-01-03 10:40:00,10,40,4,8.61861162109713,4.006212685279786,2.925119910400219,1.967550292008301
2025-01-03 10:45:00,10,45,4,9.772306270623876,3.967646543766866,2.843302374330825,1.8234805427712972
2025-01-03 10:50:00,10,50,4,8.896954831234128,4.06617340568127,3.155153077056545,1.7833596633630797
2025-01-03 10:55:00,10,55,4,10.47789563485147,4.149953325697837,2.9361763820604194,2.2030685572541993
2025-01-03 11:00:00,11,0,4,8.618293558948821,4.12184776617795,2.9294598409992787,2.165748090737115
2025-01-03 11:05:00,11,5,4,10.561648882277634,3.933627027635604,2.8817908558546317,1.7897672787299612
2025-01-03 11:10:00,11,10,4,9.868468804800644,4.064956318822023,2.681034829019836,2.2625448138545323
2025-01-03 11:15:00,11,15,4,9.759496248097108,4.095987948229656,2.772625763673117,2.1494373180250186
2025-01-03 11:20:00,11,20,4,9.575617986717607,3.7985610024946044,2.8000105946413236,2.263476783587964
2025-01-03 11:25:00,11,25,4,10.083183161853642,4.033646108236739,3.4413565449230203,1.6626939880619327
2025-01-03 11:30:00,11,30,4,9.89563126252568,3.5677392227395277,2.7830487131682373,2.154626372760645
2025-01-03 11:35:00,11,35,4,10.492214323231456,4.096506741964237,3.102608584673163,2.155384370952038
2025-01-03 11:40:00,11,40,4,10.019060805248476,4.132068610912536,2.885248889919125,2.3975068322046735
2025-01-03 11:45:00,11,45,4,10.053740113116975,4.149509225157292,3.0236098933379547,1.756607484631296
2025-01-03 11:50:00,11,50,4,9.80867610971165,3.9209906295660866,2.949370299991411,1.7592866207542335
2025-01-03 11:55:00,11,55,4,9.969147458938558,4.061809367004807,3.318188271710821,1.8679337474399766
2025-01-03 12:00:00,12,0,4,10.15390088444603,4.284790769108233,3.0984966969489243,1.905865371003564
2025-01-03 12:05:00,12,5,4,9.142536074470778,4.282753929658252,2.876922538047497,1.61794916374379
2025-01-03 12:10:00,12,10,4,9.31638950476572,3.994165460154688,3.1196349205981133,2.259836250525837
2025-01-03 12:15:00,12,15,4,10.350221279397394,4.027863926145912,2.8168064837269697,1.6909541770002656
2025-01-03 12:20:00,12,20,4,10.047379699981425,4.222182228946886,3.160663208547566,1.6707517301787498
2025-01-03 12:25:00,12,25,4,9.848571714046857,3.699839596947565,3.2439065871896515,1.819120975409076
2025-01-03 12:30:00,12,30,4,9.923665580270802,3.9353848514645953,2.7793414514350747,2.0496924842262585
2025-01-03 12:35:00,12,35,4,10.05740595735844,4.267114091107351,2.7923721429977126,1.8585777837413582
2025-01-03 12:40:00,12,40,4,9.5781976899674,4.195040108336953,3.070796386534201,1.5141775325666709
2025-01-03 12:45:00,12,45,4,9.418700441331149,4.073852755529981,3.3284838491856643,2.0087280264931477
2025-01-03 12:50:00,12,50,4,9.860882698748174,3.698833518933876,2.7414067975192946,1.7965509261426318
2025-01-03 12:55:00,12,55,4,9.224234309325098,3.9900179533917677,3.1983292756521604,2.120210587014821
2025-01-03 13:00:00,13,0,4,9.863384640747919,3.8820169207500133,3.2773561314570423,1.863451431039153
2025-01-03 13:05:00,13,5,4,8.749206741740366,4.066207780563443,3.0593167674301607,2.0853135823567355
2025-01-03 13:10:00,13,10,4,10.051747326145092,3.838130663041024,3.1390535000504474,2.225456224686414
2025-01-03 13:15:00,13,15,4,9.705600036157579,3.7948553210050786,2.8565472188311305,1.9771659464479039
2025-01-03 13:20:00,13,20,4,9.524941075016024,3.587026944463272,2.877970050883971,1.989477625328725
2025-01-03 13:25:00,13,25,4,9.811424184800742,4.24436093699534,3.139686556412595,1.6691928999478596
2025-01-03 13:30:00,13,30,4,10.071532547344155,3.9200458977113883,3.221874313891857,1.77216357514725
2025-01-03 13:35:00,13,35,4,9.660299823703536,4.031429156740507,2.938525936060554,2.248788384993225
2025-01-03 13:40:00,13,40,4,8.142640754700677,3.999552376705164,3.0656019435966813,2.067905989652732
2025-01-03 13:45:00,13,45,4,8.328938931959033,3.7865132134079,2.763874790940978,1.7911828128352318
2025-01-03 13:50:00,13,50,4,8.557699042934379,3.7481870177103613,3.188251279333784,1.882171290903122
2025-01-03 13:55:00,13,55,4,8.780313082180495,3.798936974800553,2.90101762534003,2.192790250210942
2025-01-03 14:00:00,14,0,4,8.919083548078948,3.8553663122341213,2.7900172909260945,2.0538470265772517
2025-01-03 14:05:00,14,5,4,8.186246800152732,4.073321249402761,3.0085814652335383,1.9994628548273516
2025-01-03 14:10:00,14,10,4,8.527297840367398,3.8408564672958776,2.8963128736244994,1.8840289637073344
2025-01-03 14:15:00,14,15,4,7.937004656848791,4.349298126318924,2.784327167241027,2.0965330052082614
2025-01-03 14:20:00,14,20,4,7.8857615413939435,4.2054302071786305,2.866370161696653,2.1937489242334505
2025-01-03 14:25:00,14,25,4,7.361115494250717,4.161671909933141,2.9550889916818694,1.7883099021157924
2025-01-03 14:30:00,14,30,4,7.471916779856899,3.97606821950537,2.952437223570316,1.9178285601727052
2025-01-03 14:35:00,14,35,4,7.123002528120651,4.302856147144097,3.2018206823456103,1.9261999621496935
2025-01-03 14:40:00,14,40,4,7.172507804701113,3.9563988737757754,2.944757923759935,2.282309341098487
2025-01-03 14:45:00,14,45,4,8.045218973093693,3.9937477171691507,3.10165346429267,2.3325412032006994
2025-01-03 14:50:00,14,50,4,6.898073923685269,4.033994907949854,3.251809000812781,1.8225674823274292
2025-01-03 14:55:00,14,55,4,8.539830653016255,4.140364608108669,3.1979901708800216,2.3050606584149183
2025-01-03 15:00:00,15,0,4,7.31772676230592,4.127381615800597,3.306562626464684,2.1976191967153373
2025-01-03 15:05:00,15,5,4,7.0075486196701275,3.9049749443110793,3.193504598981835,1.93946779126489
2025-01-03 15:10:00,15,10,4,6.326723186065997,3.8934012561148093,2.8325235831300852,1.9295565362205087
2025-01-03 15:15:00,15,15,4,6.943613090705185,4.127980591430417,2.6670421997134475,2.268559063084341
2025-01-03 15:20:00,15,20,4,6.140057183746508,4.1430473167782464,2.9433414081164577,2.258266145812992
2025-01-03 15:25:00,15,25,4,6.3202396291632725,3.9213297750354252,2.75370008455568,2.216524984200442
2025-01-03 15:30:00,15,30,4,7.367656559221606,3.6825623860643093,2.901023868364136,1.7431261183381652
2025-01-03 15:35:00,15,35,4,5.865066533773497,3.958536780798351,3.3254236104319514,2.2214623338681547
2025-01-03 15:40:00,15,40,4,6.310401026653302,4.124705159765171,3.0423584840371567,2.0067875770269925
2025-01-03 15:45:00,15,45,4,5.204114117633078,4.361083369283956,3.0879020037638236,2.038925715583482
2025-01-03 15:50:00,15,50,4,5.355501838219756,3.760408407531868,2.841544809165706,1.9175895460430157
2025-01-03 15:55:00,15,55,4,6.073132899422973,3.914685749433885,3.3921435664077406,2.5344313485256027
2025-01-03 16:00:00,16,0,4,4.686516471106115,3.9221192876949247,3.312533701046137,2.0956447880325246
2025-01-03 16:05:00,16,5,4,5.716111968192345,4.2711610678863,2.932450193459613,1.840362821220607
2025-01-03 16:10:00,16,10,4,4.9713621000780766,3.9930116999082736,2.8535435179139594,1.889346468262648
2025-01-03 16:15:00,16,15,4,4.141653514242879,3.818534688125547,3.430232808285154,2.36125645927652
2025-01-03 16:20:00,16,20,4,4.54238648693476,4.111739056584364,3.1492556779870786,1.8078773647174349
2025-01-03 16:25:00,16,25,4,4.513744123400734,3.9190722959918105,3.1786111853422074,1.952276594297879
2025-01-03 16:30:00,16,30,4,4.1377393047594975,3.755122545328409,2.5693981122711755,2.0574201274802517
2025-01-03 16:35:00,16,35,4,2.839268022891794,3.8214453385447698,2.831617391833189,1.8383893141819925
2025-01-03 16:40:00,16,40,4,3.0566328453442506,4.346808390884524,2.9499184012863986,1.9003354054115174
2025-01-03 16:45:00,16,45,4,3.090635335255865,4.076841844329892,2.9931486361791984,1.9835338899965589
2025-01-03 16:50:00,16,50,4,2.96984128049271,4.021552011090509,2.6248381814304738,2.304055597776567
2025-01-03 16:55:00,16,55,4,3.1086261890852573,3.950021252837591,2.803324655410264,1.8095203229739054
2025-01-03 17:00:00,17,0,4,2.677040951491837,4.05842976842376,2.9342893496419404,1.978333030526141
2025-01-03 17:05:00,17,5,4,1.709186743906683,4.056047189200499,3.2917959633663676,2.0538846904109804
2025-01-03 17:10:00,17,10,4,2.3544950648840093,4.058433765641465,3.113293096821907,2.054907237516656
2025-01-03 17:15:00,17,15,4,2.2561960928031977,4.022969018055551,3.0462923164997546,2.0619459006174017
2025-01-03 17:20:00,17,20,4,2.0163770006348267,4.17375966766111,2.613453171486212,1.9500163030320943
2025-01-03 17:25:00,17,25,4,2.061624224676477,4.004620869200147,3.2324522221142313,2.788466202161337
2025-01-03 17:30:00,17,30,4,1.7222229994749678,3.8044122328894723,2.759138213492098,2.0846159920648706
2025-01-03 17:35:00,17,35,4,1.3182587881338685,3.8775154218198264,2.8857906844251318,2.40953038077937
2025-01-03 17:40:00,17,40,4,0.8364745717472584,3.6041962613020573,2.7292434478417036,2.124987898063176
2025-01-03 17:45:00,17,45,4,0.0,4.405363423208478,2.718557780099162,1.9362866663878335
2025-01-03 17:50:00,17,50,4,0.6510029832196581,4.172550918390537,2.993137333850038,2.2139383363479217
2025-01-03 17:55:00,17,55,4,0.32199269392716334,3.8339859009741524,2.7845666347682942,2.132676609769477
2025-01-03 18:00:00,18,0,4,0.13578941859768795,3.94363103012058,3.5056333170163843,2.581838015885794
2025-01-03 18:05:00,18,5,4,0.0,3.8726247051587133,3.7874998144055425,2.115232992098414
2025-01-03 18:10:00,18,10,4,0.0,4.308509442274824,3.743178491944578,2.3293285440731726
2025-01-03 18:15:00,18,15,4,0.5265764266664518,3.7160245671458143,3.828762036493048,2.600367290361364
2025-01-03 18:20:00,18,20,4,0.0,4.022895211763756,3.4371414855448834,2.3229922092727535
2025-01-03 18:25:00,18,25,4,0.3407503486863122,3.9782944314870305,3.746988498306599,2.8782855056442784
2025-01-03 18:30:00,18,30,4,0.014159188065230586,4.165367726141823,3.3401445377419448,2.160098030265581
2025-01-03 18:35:00,18,35,4,0.014878069747872594,3.979198154455061,3.7082633128835676,2.06544071738989
2025-01-03 18:40:00,18,40,4,0.46914190298799885,3.648358224668913,3.1083462687251084,2.18118991734163
2025-01-03 18:45:00,18,45,4,0.0,3.949776433071512,3.375364855088375,2.0991004332353667
2025-01-03 18:50:00,18,50,4,0.04806038847049168,3.805567556411335,2.9183600271855266,2.159366741698863
2025-01-03 18:55:00,18,55,4,0.0,4.015915909311312,3.6927423339717858,2.1185367783619697
2025-01-03 19:00:00,19,0,4,0.0,4.286835407304065,3.397919096613749,3.084009538709669
2025-01-03 19:05:00,19,5,4,0.0,3.6521149511535445,3.485247760991873,2.6027592969188778
2025-01-03 19:10:00,19,10,4,0.11106688581685642,3.839955452920019,3.216187994524534,3.1490424561100427
2025-01-03 19:15:00,19,15,4,0.0,3.8894614092433004,3.337611653258471,2.431568594664545
2025-01-03 19:20:00,19,20,4,0.6278780627867604,3.923673780917358,3.8951176033902093,2.4454797265439145
2025-01-03 19:25:00,19,25,4,0.0,4.148025132821049,3.5143666348025646,2.415493503763261
2025-01-03 19:30:00,19,30,4,0.0,3.9652911164877227,3.417550286582832,2.6111506032484275
2025-01-03 19:35:00,19,35,4,0.0,4.083160545144089,3.6658829567594315,2.30702547063623
2025-01-03 19:40:00,19,40,4,0.7234889421768664,3.8748453912536447,3.270175863155921,2.3172591733427312
2025-01-03 19:45:00,19,45,4,0.09827738825578732,4.045984869083587,3.0796237957400696,2.022870922444211
2025-01-03 19:50:00,19,50,4,0.5159222697343174,4.155559526175543,3.5891501441674722,2.7815787409525337
2025-01-03 19:55:00,19,55,4,0.0,3.8535400900525825,3.7613135879435653,1.7854026180590026
2025-01-03 20:00:00,20,0,4,0.13352513293462942,4.156271623961303,3.426480473887022,2.1693724133222325
2025-01-03 20:05:00,20,5,4,0.4448153978117185,4.010474553745514,3.543121231346257,2.3746529443571855
2025-01-03 20:10:00,20,10,4,0.04114199463771209,4.20909204809645,3.6775735718733764,2.4942540728795977
2025-01-03 20:15:00,20,15,4,0.5327401875326756,3.9597160199846053,2.9311994315246332,2.209874238160138
2025-01-03 20:20:00,20,20,4,0.0,4.07624893103242,3.501735534447996,2.5270331287693257
2025-01-03 20:25:00,20,25,4,0.70467372009279,3.991878753664294,3.0782969576887993,2.0390620889361637
2025-01-03 20:30:00,20,30,4,1.1494490618096251,3.9807575475918844,3.5168736012719535,2.078899808184842
2025-01-03 20:35:00,20,35,4,0.0,4.051786085645138,2.999411172049764,2.3664578462105976
2025-01-03 20:40:00,20,40,4,0.0,4.107361493844981,3.353466172598405,2.23647985679821
2025-01-03 20:45:00,20,45,4,0.7266922385588505,3.750087017615199,3.2888789129825113,2.5041507169667185
2025-01-03 20:50:00,20,50,4,0.7897860728653562,4.286726721763576,3.2839511288960543,2.5212091064994517
2025-01-03 20:55:00,20,55,4,0.0,3.62806739189004,3.3858594391647996,2.5502950466159966
2025-01-03 21:00:00,21,0,4,0.0,3.8630375780522206,3.7634616696309937,2.7517743536171784
2025-01-03 21:05:00,21,5,4,0.0,3.98114618584702,3.886463141319825,2.751444069069148
2025-01-03 21:10:00,21,10,4,0.0,4.08247119381719,3.571567259462541,2.3699705087079566
2025-01-03 21:15:00,21,15,4,0.0,4.3152345055482755,3.3836717231551328,2.236666808069257
2025-01-03 21:20:00,21,20,4,0.0,3.6283417023549784,3.5013587873154672,2.7092162436135805
2025-01-03 21:25:00,21,25,4,0.0,3.898461174322058,3.2822997191350938,2.488834642400868
2025-01-03 21:30:00,21,30,4,0.0,3.574633302440147,3.2967913313834694,2.5628062990562843
2025-01-03 21:35:00,21,35,4,0.11710736626826038,4.00632439478205,3.335184984815015,2.278146828611784
2025-01-03 21:40:00,21,40,4,0.7752502464070384,4.054336716900006,3.296009991520392,2.65099863215367
2025-01-03 21:45:00,21,45,4,0.0,4.31815914843425,3.4709751784008933,2.371473480999989
2025-01-03 21:50:00,21,50,4,0.4921611992382919,4.02412695217869,3.578421350764163,2.3756451347597047
2025-01-03 21:55:00,21,55,4,0.0,4.208805025888476,3.837955368105711,2.207840153892023
2025-01-03 22:00:00,22,0,4,0.0,4.116767416307812,2.9626056974365436,1.7190469556665997
2025-01-03 22:05:00,22,5,4,0.3374097460833019,3.912950360598966,2.9306251216219814,1.664072900458674
2025-01-03 22:10:00,22,10,4,0.0,3.7182078506415923,3.1492633045118255,2.153300753401116
2025-01-03 22:15:00,22,15,4,0.1912048730920253,4.055000459658362,3.1568340347448953,2.0057744960348938
2025-01-03 22:20:00,22,20,4,0.08322610410652805,3.701579596570927,2.8240259190579815,1.83993187359281
2025-01-03 22:25:00,22,25,4,0.24622563200407455,4.259041414533929,3.306034411044104,2.2871354207599595
2025-01-03 22:30:00,22,30,4,0.14458432195390905,3.967587579592635,3.0245110313901544,1.8968731931839347
2025-01-03 22:35:00,22,35,4,1.2276500699554471,4.239035482302283,3.273724684539702,1.861099367723038
2025-01-03 22:40:00,22,40,4,0.0,3.90395711317352,3.0457698416191814,2.270391461079692
2025-01-03 22:45:00,22,45,4,0.0,4.053770157280199,2.8327323000670743,2.165844717127422
2025-01-03 22:50:00,22,50,4,0.0,4.041869771466938,3.104112159168774,1.9920966915536877
2025-01-03 22:55:00,22,55,4,0.0,3.990991176397815,2.801313280173377,1.8551120479793448
2025-01-03 23:00:00,23,0,4,0.0,3.9134680973206817,3.057890214570132,1.7153326410237226
2025-01-03 23:05:00,23,5,4,0.5945082655537759,4.078491203694104,3.02614877180365,2.108210196812333
2025-01-03 23:10:00,23,10,4,0.7102521239949274,3.8147673473033583,3.19704403456182,1.7203285851079555
2025-01-03 23:15:00,23,15,4,0.0,3.7581129342081883,3.263249459432255,2.339072698835987
2025-01-03 23:20:00,23,20,4,0.0,4.248565378665366,3.082030313542719,1.7923902837150678
2025-01-03 23:25:00,23,25,4,0.23570777819320204,4.14543359777842,2.934378142327952,1.9904805509762986
2025-01-03 23:30:00,23,30,4,0.0,4.013178321720448,3.0540927017461112,2.0043963105287204
2025-01-03 23:35:00,23,35,4,0.3164659088777554,4.3330284765087566,3.0562330285789234,1.9818506485321754
2025-01-03 23:40:00,23,40,4,0.10146151042564985,3.946446896255031,3.0530214189024485,1.9078953157677372
2025-01-03 23:45:00,23,45,4,0.0,4.264540643997796,2.932362656603506,1.8847949659046663
2025-01-03 23:50:00,23,50,4,0.7737526006650308,4.035114816985164,3.3834519069008144,2.2927801572348647
2025-01-03 23:55:00,23,55,4,0.8979388365477609,3.795049849984722,3.111058838002723,2.2650617994535476
2025-01-04 00:00:00,0,0,5,0.0,4.36960803835417,3.1596922677955765,2.036254231902811
2025-01-04 00:05:00,0,5,5,0.0,4.198142169324817,2.6988857317960635,1.947567215974972
2025-01-04 00:10:00,0,10,5,0.14293269536245248,3.975795793798087,2.9329924215963294,1.7733849653815685
2025-01-04 00:15:00,0,15,5,0.1672283949935125,4.1454342519067895,2.702767545078677,2.098543869313405
2025-01-04 00:20:00,0,20,5,0.3292721363364152,3.9192593132004188,3.0649008644741627,1.7665206039864776
2025-01-04 00:25:00,0,25,5,1.0051022693831748,4.165829807011908,2.8508242987127623,2.2322444546308327
2025-01-04 00:30:00,0,30,5,0.0,3.521784286943208,2.8244606972966877,2.0341597807867604
2025-01-04 00:35:00,0,35,5,0.0,3.796039733261081,2.9620443400864036,2.1012726942124127
2025-01-04 00:40:00,0,40,5,0.0,4.195851948857393,2.828778469468714,2.018016695508021
2025-01-04 00:45:00,0,45,5,0.0,3.950068892356216,3.0337445154691753,2.0460361612458438
2025-01-04 00:50:00,0,50,5,0.0,4.041508458977749,3.0158147715925225,2.068921864118822
2025-01-04 00:55:00,0,55,5,0.8972789317588938,3.730642867576913,3.438354066410162,2.512259555354221
2025-01-04 01:00:00,1,0,5,0.0,4.369573399140421,2.8721567718426555,1.5363514039295003
2025-01-04 01:05:00,1,5,5,0.11189397581944925,4.238105928743535,3.1190990601443946,2.037250491980253
2025-01-04 01:10:00,1,10,5,0.0,3.959862956324934,3.212208371836716,2.0569771799430634
2025-01-04 01:15:00,1,15,5,0.594196636724042,3.9190608286273347,3.0117207879051437,2.2257813191754448
2025-01-04 01:20:00,1,20,5,1.2634662129368108,4.205920872283938,3.2537561176827685,1.7226879882438002
2025-01-04 01:25:00,1,25,5,0.0,4.396494090033785,2.8366787625720833,1.9788814081422643
2025-01-04 01:30:00,1,30,5,0.0,4.190752051162271,3.0196875247849166,1.9548033593295502
2025-01-04 01:35:00,1,35,5,0.522080438534536,4.43436053347932,3.086841435572377,2.19922095786342
2025-01-04 01:40:00,1,40,5,0.3409457448131557,3.815529734187616,3.344541942144146,2.11578260475458
2025-01-04 01:45:00,1,45,5,0.9233536628680168,3.8361226339002417,2.829533264309378,1.9705247549604363
2025-01-04 01:50:00,1,50,5,0.29196409266298196,3.7622117763893304,2.9849295517480887,2.102928047996232
2025-01-04 01:55:00,1,55,5,0.0,4.088352129929896,3.0776336066867884,2.410079330222302
2025-01-04 02:00:00,2,0,5,0.29532741534615464,4.035120709960874,2.907697372949018,2.0769501067533604
2025-01-04 02:05:00,2,5,5,0.5543517902914539,3.969609775305603,3.4709422795488183,1.8829586206192797
2025-01-04 02:10:00,2,10,5,0.410241090598682,4.161851725624659,3.029029739234071,1.8110238997751968
2025-01-04 02:15:00,2,15,5,0.25363701555364887,4.246465721042933,3.0164173799254863,1.8439565703724716
2025-01-04 02:20:00,2,20,5,0.533337344794577,3.6948675181426314,3.2093601806982694,2.029463771806279
2025-01-04 02:25:00,2,25,5,0.5846477952228364,3.880605594419777,2.8129205480035413,2.1681135395583344
2025-01-04 02:30:00,2,30,5,0.6910794955187636,4.164028718824612,3.0359332077743173,2.190563755444691
2025-01-04 02:35:00,2,35,5,0.3243549437948213,3.9064522632282834,2.7704674744104505,2.073764882449732
2025-01-04 02:40:00,2,40,5,0.0,3.840358784728369,3.154668338928942,1.9153245019528526
2025-01-04 02:45:00,2,45,5,0.07335684321666142,4.203707485530079,2.74819945460637,1.9916785009259212
2025-01-04 02:50:00,2,50,5,0.6032544832541784,3.742099986055204,3.245623058756186,2.2251860661268115
2025-01-04 02:55:00,2,55,5,0.0,3.939684038441779,2.9143143130488847,1.7433829127247114
2025-01-04 03:00:00,3,0,5,0.1843366544364506,4.065728805160962,2.9137640559300855,1.9063044698536176
2025-01-04 03:05:00,3,5,5,0.0,3.8852360172179763,3.0892893566609554,1.9789996994191756
2025-01-04 03:10:00,3,10,5,0.014372411467408744,4.156631131202635,2.8493471576525717,2.2208526134521334
2025-01-04 03:15:00,3,15,5,0.6392259313036494,3.886224604960526,3.0280851734889667,2.0870831305461883
2025-01-04 03:20:00,3,20,5,0.09554953400995167,4.281723898689184,2.6550029131737465,1.5151470258605428
2025-01-04 03:25:00,3,25,5,0.023218274078074405,3.9748507405008455,2.7124908437111186,1.903891314878645
2025-01-04 03:30:00,3,30,5,0.0,4.134254027341071,3.1152712035227617,1.5315506259185403
2025-01-04 03:35:00,3,35,5,0.37312678301361035,4.149204790596563,3.3185704128743976,2.0341132053540254
2025-01-04 03:40:00,3,40,5,0.3227420905705377,3.8744919994511853,3.272058998589982,1.8228059835051742
2025-01-04 03:45:00,3,45,5,1.08162736165273,3.589302690268822,3.100771986834498,2.0170391859941574
2025-01-04 03:50:00,3,50,5,0.0,4.072151150932767,3.1635372626109106,1.9532417264800566
2025-01-04 03:55:00,3,55,5,0.10957516383196948,4.014457669424974,3.094643041801518,2.22043906375424
2025-01-04 04:00:00,4,0,5,0.12469184185537763,4.111165205515025,2.869764741221645,2.04844884649793
2025-01-04 04:05:00,4,5,5,0.7887266398817372,3.9546945055234324,2.6224275525555303,2.1405006038126717
2025-01-04 04:10:00,4,10,5,0.0,3.913914460239857,3.390932508692498,1.7511127904502608
2025-01-04 04:15:00,4,15,5,0.13951076288516961,4.40169460219634,2.9817237479144114,2.1760962601828227
2025-01-04 04:20:00,4,20,5,0.3039482548582696,3.7055291876978442,3.00628349469331,2.0330199102986453
2025-01-04 04:25:00,4,25,5,0.09330456157817905,4.146790095672848,2.9218001116952723,1.914369549382417
2025-01-04 04:30:00,4,30,5,0.0,3.885079628363322,2.9826611692829244,2.008334284427871
2025-01-04 04:35:00,4,35,5,0.09704499644915379,3.932844276451916,2.763711747684538,1.9867956028107943
2025-01-04 04:40:00,4,40,5,0.536815874929886,3.936579433485207,3.3137067877418653,1.916173241282219
2025-01-04 04:45:00,4,45,5,0.0,3.8393131451657485,2.7525490034250746,1.9697167864027147
2025-01-04 04:50:00,4,50,5,0.066484837073438,4.114244842047248,2.857077437575141,1.7323316349356122
2025-01-04 04:55:00,4,55,5,0.0,4.278128719189992,3.0278336923465243,1.8579435925697845
2025-01-04 05:00:00,5,0,5,0.5975233144624212,4.094002732249332,2.875057166629345,2.030685476077078
2025-01-04 05:05:00,5,5,5,0.0,4.020676399242419,2.693365080927533,1.651686069949775
2025-01-04 05:10:00,5,10,5,0.0,3.802711900180151,3.1341744389003865,1.6138332798551833
2025-01-04 05:15:00,5,15,5,0.18860593753226043,4.10336505316489,2.804664460938529,1.6400320929223124
2025-01-04 05:20:00,5,20,5,0.7827620146171702,4.43126992634586,2.9027727066302336,2.085611749530233
2025-01-04 05:25:00,5,25,5,0.0,3.9238610752409815,3.0224675897464754,2.478374677891457
2025-01-04 05:30:00,5,30,5,0.0,3.9248032841296268,3.2173831235578003,1.8137684299686798
2025-01-04 05:35:00,5,35,5,0.9405785347202951,3.8877821738038003,2.760588999034718,2.5413375881951
2025-01-04 05:40:00,5,40,5,0.0,3.902117153101116,3.2125144011466724,2.1178739214539144
2025-01-04 05:45:00,5,45,5,0.0,3.450940089265523,3.0149703624431234,2.0547043134950034
2025-01-04 05:50:00,5,50,5,0.2200072250266662,4.081007077171143,2.703585344903515,2.0314078340393538
2025-01-04 05:55:00,5,55,5,0.0,3.8308895647290773,3.014246279491803,1.8191722313797039
2025-01-04 06:00:00,6,0,5,0.0,3.67794737624164,2.892294709286304,2.303035278688711
2025-01-04 06:05:00,6,5,5,0.572327073995287,4.15063798994651,2.9749650159410277,2.414234260506622
2025-01-04 06:10:00,6,10,5,0.5580942305389602,3.783596442991613,2.6518641127025235,1.8955739627548505
2025-01-04 06:15:00,6,15,5,0.37199197693306646,3.9322661892232484,2.6905442897506164,1.7581155092216332
2025-01-04 06:20:00,6,20,5,0.23140522814113362,4.293288478237716,2.8343588588681405,2.063061925354118
2025-01-04 06:25:00,6,25,5,1.5248974126597188,3.718156840395097,3.0533652342160775,1.8641419360744789
2025-01-04 06:30:00,6,30,5,1.6303625111798463,3.6934803530804476,2.5544400885326835,2.2955385746064305
2025-01-04 06:35:00,6,35,5,1.4716459300094746,4.053861237912468,2.9428470567927287,1.776741965939772
2025-01-04 06:40:00,6,40,5,2.6598002746931373,4.229897472802073,3.0549861562140173,2.0408890341046346
2025-01-04 06:45:00,6,45,5,1.4158608369982062,3.685131656453607,2.935464707000007,2.029706203128301
2025-01-04 06:50:00,6,50,5,1.4016335539186586,4.081537947367435,2.768994031918396,2.151982568635297
2025-01-04 06:55:00,6,55,5,2.030904888321109,4.116199907992338,2.800626581048626,1.8788860689393136
2025-01-04 07:00:00,7,0,5,2.5653974428474586,3.588167903261536,3.6946405448454724,2.86118768950307
2025-01-04 07:05:00,7,5,5,2.9199598649712657,4.159700267581444,3.9757323704139016,2.8167394715399716
2025-01-04 07:10:00,7,10,5,2.886439966114567,4.175321175968436,3.4027783448594655,2.0376900792698613
2025-01-04 07:15:00,7,15,5,3.3904223512887643,3.937642885348795,3.921516675680868,2.9112087966714926
2025-01-04 07:20:00,7,20,5,2.7944317211614647,4.250469272459601,3.2984071539939515,2.776356711347368
2025-01-04 07:25:00,7,25,5,4.346262684873646,4.227291114864969,3.4003466618207785,2.9503830650535185
2025-01-04 07:30:00,7,30,5,3.7857587344546135,4.020623585143441,3.3455406012788655,3.093595386264551
2025-01-04 07:35:00,7,35,5,4.586114814381435,3.9097109219350132,3.7358361642794735,3.039263453405796
2025-01-04 07:40:00,7,40,5,4.397545290595848,3.8054344214834086,3.360860819105036,2.621508881333258
2025-01-04 07:45:00,7,45,5,4.6512635117669054,3.9924872981267616,3.2092162404966906,2.753196775635759
2025-01-04 07:50:00,7,50,5,4.90236977246644,4.113951783940836,3.7697124598511373,3.2191071754603557
2025-01-04 07:55:00,7,55,5,5.033741969202534,3.9351646277918717,3.6446119391658947,2.717228260751828
2025-01-04 08:00:00,8,0,5,5.321361379933771,3.560499798947594,3.3587508870488656,2.6624138117905716
2025-01-04 08:05:00,8,5,5,5.8523088466714315,4.253742778915314,3.386032637393725,2.5347582276526
2025-01-04 08:10:00,8,10,5,5.471256668318971,4.038044644368979,3.5523546984637386,2.394308537995249
2025-01-04 08:15:00,8,15,5,5.910204208990278,3.9240751006646333,3.518883528962598,2.387411449085974
2025-01-04 08:20:00,8,20,5,5.690896516366849,4.171431677684658,3.386080662489848,2.8229993954506813
2025-01-04 08:25:00,8,25,5,6.633155091360559,4.304927719296551,3.5526240925479233,2.604119881660083
2025-01-04 08:30:00,8,30,5,5.749418139057571,3.4396176861024217,3.062808569304339,2.627037499549117
2025-01-04 08:35:00,8,35,5,7.159704938296,4.086852729984415,3.659127039192571,2.3804984131933744
2025-01-04 08:40:00,8,40,5,6.407797121543221,3.7146701578379306,4.125508902878208,1.8132318207447806
2025-01-04 08:45:00,8,45,5,5.8780705999416645,4.099822101359789,3.7353101407311637,2.7138414414864585
2025-01-04 08:50:00,8,50,5,6.819954283611998,4.025585440474916,3.6624748795998237,2.5528638116915867
2025-01-04 08:55:00,8,55,5,6.574604729085252,4.12714530528811,3.665203796787511,2.7604526438667683
2025-01-04 09:00:00,9,0,5,7.491389586359838,3.900150477101069,3.2822337248504017,2.5897586866540268
2025-01-04 09:05:00,9,5,5,6.897327630946361,3.6253519776361696,3.445004947393009,2.1718694799323472
2025-01-04 09:10:00,9,10,5,7.14968165149385,3.909926361748666,3.715150992383987,2.33069187259479
2025-01-04 09:15:00,9,15,5,6.573627709317007,4.081369527027957,3.05064239756616,2.3382668017895054
2025-01-04 09:20:00,9,20,5,7.434291271565242,4.203078465735045,3.260330330572061,2.8085437027570332
2025-01-04 09:25:00,9,25,5,6.586905167614338,3.765633739905495,3.545957942167423,2.9147148237069818
2025-01-04 09:30:00,9,30,5,7.14158199116949,4.205412085374603,3.3000331306300863,2.7622509615689497
2025-01-04 09:35:00,9,35,5,8.444653370746977,3.870425542070696,4.351886874442374,2.606809740138142
2025-01-04 09:40:00,9,40,5,8.584420522215334,4.072489976318906,3.7584946586969457,2.7080552992676217
2025-01-04 09:45:00,9,45,5,8.527424903917934,3.8980212094268736,3.073377401772252,2.675745189240235
2025-01-04 09:50:00,9,50,5,7.950426386564253,4.036434125542421,3.5919368961948708,2.4220757849805072
2025-01-04 09:55:00,9,55,5,8.525263028658475,4.178375526914055,3.2347890877385357,2.708194972098111
2025-01-04 10:00:00,10,0,5,8.658452768299101,3.754597184542293,2.805519252077876,2.4267291209363795
2025-01-04 10:05:00,10,5,5,8.188085212478807,3.864018820650634,3.022833816697626,1.7553385904426992
2025-01-04 10:10:00,10,10,5,9.62180748266579,4.036992517468417,2.897200744334332,1.9443731323420366
2025-01-04 10:15:00,10,15,5,9.40740856061472,4.48031673220607,3.4824753307847693,1.8230822106381006
2025-01-04 10:20:00,10,20,5,8.952595783451667,3.8273620575666345,2.9767565473497224,1.8924343260269956
2025-01-04 10:25:00,10,25,5,9.166557710691736,4.4080267771993835,3.099851697116333,1.8956233172589911
2025-01-04 10:30:00,10,30,5,9.342986729086643,4.400884660735034,2.772188666772058,1.9609410840407602
2025-01-04 10:35:00,10,35,5,8.299211258615841,3.9805377698596818,2.9401212313335514,1.8815511244751972
2025-01-04 10:40:00,10,40,5,9.273337516598785,3.94036949476002,2.8922379282205766,2.2369391595762007
2025-01-04 10:45:00,10,45,5,9.128309170952155,3.861586960267062,2.936051957146499,1.7731744675043135
2025-01-04 10:50:00,10,50,5,9.036359502534813,3.9863594939334663,2.9075768072400288,2.0108671318930784
2025-01-04 10:55:00,10,55,5,9.459948397416309,3.7186561134880884,2.732746072689729,2.32519559200128
2025-01-04 11:00:00,11,0,5,10.558101526315443,3.9847521965358803,3.1735158955012546,2.286034548723756
2025-01-04 11:05:00,11,5,5,10.03384212876612,4.299376054770171,3.0784256250975366,1.5812605099739798
2025-01-04 11:10:00,11,10,5,9.477370576307935,3.8777829875046566,3.307066743327703,1.8272863280580214
2025-01-04 11:15:00,11,15,5,10.094144194710383,3.95185513920219,2.8435626511995804,2.031265028791089
2025-01-04 11:20:00,11,20,5,10.547755248415083,3.6597719051465516,3.27564596933403,2.2106574267904797
2025-01-04 11:25:00,11,25,5,10.345931946133991,4.074812417626209,3.181256224035204,1.9376345894250893
2025-01-04 11:30:00,11,30,5,9.944263798698191,4.052896336990274,2.934478494781578,2.0691887335960133
2025-01-04 11:35:00,11,35,5,9.61709499337041,4.012740471953154,2.9739858317432937,2.1778635814658704
2025-01-04 11:40:00,11,40,5,10.31105863772425,3.9566345899555713,3.1660235328990454,2.118268264234541
2025-01-04 11:45:00,11,45,5,10.17533192509691,3.941448416245509,2.494807743646124,2.025597672735453
2025-01-04 11:50:00,11,50,5,10.438078825832443,4.100380046740135,2.9782292238534596,2.0336051203519063
2025-01-04 11:55:00,11,55,5,10.315206171640076,3.9942366796822752,2.8491350722907187,1.735042817920155
2025-01-04 12:00:00,12,0,5,10.524776357659668,4.062994374311066,3.092627695995008,1.9287397364535876
2025-01-04 12:05:00,12,5,5,9.730002665018807,4.0429965634909095,3.11493859874152,1.8658171244630457
2025-01-04 12:10:00,12,10,5,10.64917924863574,4.224685457419152,3.2831821280985354,2.2002129685141525
2025-01-04 12:15:00,12,15,5,10.077389034732235,4.135398819475011,3.059365421709176,1.9573423173228106
2025-01-04 12:20:00,12,20,5,10.999577417230087,4.038572368630038,3.1704817755596393,2.078509563047481
2025-01-04 12:25:00,12,25,5,9.595969473178412,4.3036844061304365,3.0477168375861208,2.2085730819119216
2025-01-04 12:30:00,12,30,5,10.78243051532073,4.084053705811312,3.285307230881328,1.749517763102891
2025-01-04 12:35:00,12,35,5,9.982570496408929,4.260992537758084,2.7899231785300387,1.8439478549042403
2025-01-04 12:40:00,12,40,5,9.522368528314857,4.121388521677328,2.6995150804712895,1.9874502948861699
2025-01-04 12:45:00,12,45,5,9.565909887005143,3.6316161842136916,3.120023291048901,1.9957163410095327
2025-01-04 12:50:00,12,50,5,9.602786417102173,4.260966952663866,2.893175671677421,2.2252915514258316
2025-01-04 12:55:00,12,55,5,9.925503671333573,4.027035248268533,3.0281112806413497,2.0685965934732637
2025-01-04 13:00:00,13,0,5,9.920676006908433,3.9896090458198445,3.230846960979952,1.9753516122297732
2025-01-04 13:05:00,13,5,5,9.313648541889997,4.056269669497915,3.412042814524936,1.9104369992256467
2025-01-04 13:10:00,13,10,5,9.524992211351778,3.9310033676085867,3.39958964090258,1.8050529636175159
2025-01-04 13:15:00,13,15,5,10.540436474256989,4.045405772077789,3.103496980576088,1.8714935662387526
2025-01-04 13:20:00,13,20,5,10.260697792909442,3.8816247867313813,3.2239132233962184,1.9043534784283143
2025-01-04 13:25:00,13,25,5,9.538240527665002,4.254854451746874,3.0581742381288173,1.8698916007916861
2025-01-04 13:30:00,13,30,5,9.257797064196968,3.97728237727579,3.1874450347333227,1.8688497478721722
2025-01-04 13:35:00,13,35,5,9.213130454553601,3.9234832314555135,3.3366829689485336,1.800800578607722
2025-01-04 13:40:00,13,40,5,9.369836856731709,3.8150148368561454,2.7308744163343706,2.190310415615817
2025-01-04 13:45:00,13,45,5,8.457331132727681,4.053755157829729,2.8816712719472957,1.998552537310093
2025-01-04 13:50:00,13,50,5,8.741420063070546,4.0374214200250185,2.935551769232856,1.7374783465694619
2025-01-04 13:55:00,13,55,5,7.932975520136283,4.077684922735501,2.9846012671723323,2.2529831789944605
2025-01-04 14:00:00,14,0,5,8.859865599147026,3.794549622498974,3.200627400661113,2.046358552525185
2025-01-04 14:05:00,14,5,5,8.872716676580835,3.6797637602376856,3.2224536586070216,1.7880962830611646
2025-01-04 14:10:00,14,10,5,8.192321226979171,4.125118260501312,2.934909134218999,2.0791609881460418
2025-01-04 14:15:00,14,15,5,9.10168950467047,4.296928372375302,2.9739170346365777,1.9506353339046885
2025-01-04 14:20:00,14,20,5,7.578637611388746,3.7947292755220206,2.7598712535357808,1.5837317222714578
2025-01-04 14:25:00,14,25,5,7.332258602569917,4.317888256712339,3.163573284989927,2.048644314650445
2025-01-04 14:30:00,14,30,5,8.045759312192338,4.056782211747276,3.1803996756420188,1.912552811568325
2025-01-04 14:35:00,14,35,5,8.322393982234894,3.998587419089834,2.8574444230344813,2.001309593327327
2025-01-04 14:40:00,14,40,5,8.502408276918715,3.9204902606908445,3.1708399297225633,1.9537095570024692
2025-01-04 14:45:00,14,45,5,7.288955943355304,3.7230963961150008,3.160357036865697,1.7987383988813825
2025-01-04 14:50:00,14,50,5,7.9121137848168885,4.19754570318492,2.9677105733660265,1.9859771711843939
2025-01-04 14:55:00,14,55,5,7.204385385847206,3.844878727712479,3.245277988784384,2.0415254796031816
2025-01-04 15:00:00,15,0,5,6.984754161895066,3.84403866485248,3.349215503658839,1.7304630400105034
2025-01-04 15:05:00,15,5,5,7.356960526566027,4.198385261977391,3.025983780882256,2.035879607836089
2025-01-04 15:10:00,15,10,5,7.082063515363314,3.6234033106656547,3.1240186395173732,1.8373280127102218
2025-01-04 15:15:00,15,15,5,5.805262072508564,3.6952804378663666,3.3368892678821673,2.002592788294352
2025-01-04 15:20:00,15,20,5,7.166146271728343,3.9963731512983838,2.7825864974130163,1.9967950019172762
2025-01-04 15:25:00,15,25,5,6.9492803989143175,4.05865688580097,2.937367695423977,2.556647028449466
2025-01-04 15:30:00,15,30,5,5.774832939332444,4.096946929593785,3.209988719905003,2.0099322711416434
2025-01-04 15:35:00,15,35,5,6.110998250354527,3.9396403013207495,2.977616662960159,2.190211372496293
2025-01-04 15:40:00,15,40,5,5.9827794566518335,4.506073933728338,3.199772432065643,1.4176900161358703
2025-01-04 15:45:00,15,45,5,5.686039213107975,3.954421488246833,3.1285986309466667,2.005593308795725
2025-01-04 15:50:00,15,50,5,5.097843506545527,3.9538427695794556,2.737771235642605,2.176042827924835
2025-01-04 15:55:00,15,55,5,4.851920897636192,3.8406026662372246,3.449237602711653,2.1113591893655563
2025-01-04 16:00:00,16,0,5,4.9872229645042765,4.024781363304214,3.220085688451373,2.360823818392881
2025-01-04 16:05:00,16,5,5,5.3962521988235626,4.122992246409355,2.8339475698559897,1.6284857109666167
2025-01-04 16:10:00,16,10,5,4.889286209647556,4.240715610906692,3.1313732126619005,1.9504776927117098
2025-01-04 16:15:00,16,15,5,4.2375797361469605,3.7021431471119564,2.7251653095256914,1.9843660127728413
2025-01-04 16:20:00,16,20,5,4.612031972731171,3.95080093232886,3.145509474758124,1.970205667047128
2025-01-04 16:25:00,16,25,5,2.6031955882723317,4.089340722161829,2.8426344738529927,1.9552985879406979
2025-01-04 16:30:00,16,30,5,4.401217173836951,4.1174115069189074,2.996104706939731,1.6141035474747836
2025-01-04 16:35:00,16,35,5,2.754523493447972,4.001309731560908,2.9714450093658615,1.7311319055710217
2025-01-04 16:40:00,16,40,5,3.238980962555119,4.10848479390642,3.1318051904042195,1.6877914848826443
2025-01-04 16:45:00,16,45,5,2.6545597057185457,3.83820722141484,3.202538440910187,1.9181669861572117
2025-01-04 16:50:00,16,50,5,2.35971725718228,4.311581086463671,2.8914048586455974,2.0588909194603944
2025-01-04 16:55:00,16,55,5,3.378703533999178,4.198525620595886,2.8267931109553217,2.0557491508260126
2025-01-04 17:00:00,17,0,5,2.3543398503692643,3.7310144425869654,2.8535782450623257,1.8886530975350462
2025-01-04 17:05:00,17,5,5,2.5501108641270918,3.784979390376649,3.081070833865827,1.7722838532531235
2025-01-04 17:10:00,17,10,5,2.1409358499414357,3.7906156499786188,2.7471325396475286,2.0496451014820685
2025-01-04 17:15:00,17,15,5,2.1894236337728468,4.135593994179306,2.9946200295021232,2.0337385489618782
2025-01-04 17:20:00,17,20,5,1.7748927221994346,3.7430544467165063,3.065527847344284,2.0114751107613964
2025-01-04 17:25:00,17,25,5,0.8797377498048815,3.933795133158384,3.121618524793414,2.0194872573957316
2025-01-04 17:30:00,17,30,5,1.8033953319240856,4.090940879283355,2.5985392200649393,1.6504230810676288
2025-01-04 17:35:00,17,35,5,0.841790456938994,3.9867668130907132,3.3855898360484167,2.000014373411773
2025-01-04 17:40:00,17,40,5,0.09326647814670641,4.051777503142541,3.1900483303434193,1.9308592188745848
2025-01-04 17:45:00,17,45,5,0.43997371181847494,3.7868394577302484,2.988396981121214,1.9093270691458313
2025-01-04 17:50:00,17,50,5,1.1865737689705207,4.118970874679449,3.493185466292273,2.0506484844728283
2025-01-04 17:55:00,17,55,5,0.6432597214023542,3.877357621504801,2.8930284188987603,1.6696920573139618
2025-01-04 18:00:00,18,0,5,0.0,3.9350760651204117,4.092120032820755,2.451016484431509
2025-01-04 18:05:00,18,5,5,0.0,4.047546345581197,3.723268735868479,2.7567991870919637
2025-01-04 18:10:00,18,10,5,0.0,4.02061564430617,3.361150842970889,2.7017358326158467
2025-01-04 18:15:00,18,15,5,1.0383739917804204,4.0047960038031185,3.318758513974515,2.2028720913881754
2025-01-04 18:20:00,18,20,5,0.19096772611577667,3.8498746356046487,3.849339407753664,2.45254318605334
2025-01-04 18:25:00,18,25,5,0.21502082359553482,3.9400901177601617,3.6555538500807967,2.6232762981645315
2025-01-04 18:30:00,18,30,5,0.5151417270159211,4.000436718167407,3.6913795880165865,2.0330389197395125
2025-01-04 18:35:00,18,35,5,0.11939457951325676,3.724982953366583,3.3244128406050892,2.4026574527510727
2025-01-04 18:40:00,18,40,5,0.0,3.9074934067373244,3.250556398129553,2.628702054404916
2025-01-04 18:45:00,18,45,5,0.0,4.077535975806569,3.8560679232787693,2.903555396603889
2025-01-04 18:50:00,18,50,5,0.0,3.7445126792309313,3.398238570437035,2.587589758737372
2025-01-04 18:55:00,18,55,5,0.0,4.231316330318848,3.63369305134703,2.686376828261059
2025-01-04 19:00:00,19,0,5,0.3638147718184899,4.253922652519969,3.236559478078207,3.04617408047949
2025-01-04 19:05:00,19,5,5,0.025972942903649716,3.750969884807983,3.7779560553039335,2.7857948031077324
2025-01-04 19:10:00,19,10,5,0.3663200386077896,4.271523926610028,3.861038017070119,2.660240782679795
2025-01-04 19:15:00,19,15,5,0.0,3.9712836822575732,3.1918059730847084,2.458308180533468
2025-01-04 19:20:00,19,20,5,0.039317595158045296,4.083702911831411,3.0046839814814255,2.6245217529097253
2025-01-04 19:25:00,19,25,5,0.0,3.9006697895743505,3.449235902550336,2.4878432849419205
2025-01-04 19:30:00,19,30,5,0.4581638373512407,4.184608965445352,3.8612003390256953,2.3629017884330623
2025-01-04 19:35:00,19,35,5,0.17324423794899635,4.081218803769733,3.4243630523683772,2.5065919887889647
2025-01-04 19:40:00,19,40,5,0.4990050549298261,3.8371693486804794,2.9480023251759104,2.4201809032713992
2025-01-04 19:45:00,19,45,5,0.0,3.7669596000069423,2.754261526314145,2.3243435314312784
2025-01-04 19:50:00,19,50,5,1.0441873523903638,3.7079395129581556,3.7565567160178484,2.634179967475321
2025-01-04 19:55:00,19,55,5,0.0,4.037588355286552,3.321553906863777,2.5122394654671436
2025-01-04 20:00:00,20,0,5,0.5540914083687583,4.114494282355947,3.1775031298608782,2.499296979055144
2025-01-04 20:05:00,20,5,5,0.0,4.1301931357558885,4.3790960856477525,3.0537403961115794
2025-01-04 20:10:00,20,10,5,0.30638695253128484,3.9764037810785244,3.5157866390051784,2.5480432494746124
2025-01-04 20:15:00,20,15,5,0.0,3.7686007088671274,3.2061304056096347,2.259463267614685
2025-01-04 20:20:00,20,20,5,0.0,3.863585040395243,3.608655296631408,2.3425322303090543
2025-01-04 20:25:00,20,25,5,0.9570156769333931,4.230469727792385,3.7712448784554744,2.970905704293327
2025-01-04 20:30:00,20,30,5,0.0,3.903074287079984,3.5997862354343115,2.530521161751978
2025-01-04 20:35:00,20,35,5,0.10871643658986144,4.028683526136295,2.9957661125268045,2.724283073581615
2025-01-04 20:40:00,20,40,5,0.4350338653443771,3.7848699032850224,3.1568986095382825,2.374597261409974
2025-01-04 20:45:00,20,45,5,0.24784094398630233,4.067316609091807,3.7878727677155406,2.8089274492927094
2025-01-04 20:50:00,20,50,5,0.07520945257178821,3.9084630876641846,3.360047741794965,2.377325339524004
2025-01-04 20:55:00,20,55,5,0.1824805012331127,4.209342542755152,3.2902043380229986,2.1406438764022266
2025-01-04 21:00:00,21,0,5,1.2017077926191375,4.154711541241363,3.3095613553687273,2.0160609943255934
2025-01-04 21:05:00,21,5,5,0.0,3.90085881068502,3.7049187744524796,2.6183570815485626
2025-01-04 21:10:00,21,10,5,0.10054952335748375,3.9746671945304675,3.668158785461154,2.213678784827457
2025-01-04 21:15:00,21,15,5,0.525327198003806,3.8897767519918744,3.1414788309454833,2.516054282294068
2025-01-04 21:20:00,21,20,5,0.5527629664789919,3.716113360690998,3.5192307694850675,2.4558190517461163
2025-01-04 21:25:00,21,25,5,0.5935151527801901,3.8285115140905566,3.413155019243645,3.0132327333083158
2025-01-04 21:30:00,21,30,5,0.3193651110145923,4.039643465544164,3.6278075035378934,3.091203517439947
2025-01-04 21:35:00,21,35,5,0.0,4.065051899645916,3.88068950762949,3.0109812778052034
2025-01-04 21:40:00,21,40,5,0.816715766150548,4.029709580718528,3.1776611700931996,2.677951297299409
2025-01-04 21:45:00,21,45,5,0.0,3.939653389208273,3.370470353301988,2.00098398659214
2025-01-04 21:50:00,21,50,5,0.15131773261951662,4.186613321144197,3.9488009508666577,2.411892242288311
2025-01-04 21:55:00,21,55,5,0.0,4.012708380912187,3.183469510919995,2.375630841025392
2025-01-04 22:00:00,22,0,5,0.0,4.140650765619189,2.8407551754452363,1.8612604064766665
2025-01-04 22:05:00,22,5,5,0.1643812051517402,3.645244973559496,2.95567932196347,2.3461630386089487
2025-01-04 22:10:00,22,10,5,0.16067860772513654,3.2155199496763314,2.866736556691075,2.331854132843838
2025-01-04 22:15:00,22,15,5,0.21096037711764237,4.056757605567616,3.1697673591959044,2.079254312717217
2025-01-04 22:20:00,22,20,5,0.8068556345293235,3.715046869255702,3.149624006450375,2.0027311327674915
2025-01-04 22:25:00,22,25,5,0.22676715075698992,3.9575096594573886,3.257210020772685,2.11339605265342
2025-01-04 22:30:00,22,30,5,0.0,3.939580591795079,2.6670668029948974,2.059250386377993
2025-01-04 22:35:00,22,35,5,0.48204358414417864,4.317480120483108,3.156794628598523,1.9421997562797566
2025-01-04 22:40:00,22,40,5,0.5947352444623203,4.079999310588721,3.0252511745427864,1.8774284010651185
2025-01-04 22:45:00,22,45,5,0.0,4.033171805359735,2.7244748687872877,1.689924625813752
2025-01-04 22:50:00,22,50,5,0.298700034924929,4.167398230926735,2.6925864025862274,2.1338089484941065
2025-01-04 22:55:00,22,55,5,0.35058637115544916,4.073699517367808,2.501943658324734,1.8667040146073037
2025-01-04 23:00:00,23,0,5,0.0,3.908464601402313,2.8468693429509244,1.9435680928025072
2025-01-04 23:05:00,23,5,5,0.6878534066558097,4.214295186050912,2.6287136900127592,2.0807776189481237
2025-01-04 23:10:00,23,10,5,0.0,3.7780499744223452,2.7453677211680203,2.226481108141854
2025-01-04 23:15:00,23,15,5,0.06278822673577113,4.064649437506713,2.8756468624822333,1.980877395317616
2025-01-04 23:20:00,23,20,5,0.0,3.6904860411727376,3.0007547713110414,2.0488482105721144
2025-01-04 23:25:00,23,25,5,0.007789523790733767,4.040788771503199,3.0074028754992286,1.9145778902534736
2025-01-04 23:30:00,23,30,5,0.0,4.038597928354586,3.0686097061388087,2.0932294260989908
2025-01-04 23:35:00,23,35,5,0.0,4.335290992382933,2.8469730665780757,2.0852735637947113
2025-01-04 23:40:00,23,40,5,0.7972525316124861,3.687005221311644,3.238344060480339,2.1411788392209106
2025-01-04 23:45:00,23,45,5,0.0,3.8798225648292375,3.1864750483294375,2.034384169781489
2025-01-04 23:50:00,23,50,5,0.0,4.164536485314828,2.812769910785024,1.838071108059271
2025-01-04 23:55:00,23,55,5,0.0,4.067063451279462,3.063977593570882,2.1885527450304623
2025-01-05 00:00:00,0,0,6,0.0,4.036061010267501,3.5571823827988114,2.1963643888877207
2025-01-05 00:05:00,0,5,6,0.0,3.8087728594082924,2.7659128485005,1.8465454855280035
2025-01-05 00:10:00,0,10,6,0.8210075800681845,3.8818363303817143,3.4557034631912,1.9571222136046442
2025-01-05 00:15:00,0,15,6,0.5049085446713171,4.249008201644651,3.0095029269522575,1.8079166159181543
2025-01-05 00:20:00,0,20,6,0.0,3.9896981612492146,3.313020681114849,2.100066641464125
2025-01-05 00:25:00,0,25,6,1.1262179026721544,4.075071939228895,2.845079730422938,1.8012349422285459
2025-01-05 00:30:00,0,30,6,0.49088274349579714,3.9769623342447042,3.0614407891795743,2.0088412349760905
2025-01-05 00:35:00,0,35,6,0.0,3.763382896950047,3.1664220434442254,2.10939369462544
2025-01-05 00:40:00,0,40,6,0.0,4.186762085214999,2.9471039302462754,1.8912396809077268
2025-01-05 00:45:00,0,45,6,1.1454712862953709,4.100646476906499,2.968011570340233,1.8898638306686475
2025-01-05 00:50:00,0,50,6,0.0,4.461127367473438,2.9739608934390476,2.0032881857238762
2025-01-05 00:55:00,0,55,6,0.0,3.796883724069891,2.8204138213239887,2.126135972419576
2025-01-05 01:00:00,1,0,6,0.5112852160048201,4.164514584240096,2.925914457106066,1.8316231299429313
2025-01-05 01:05:00,1,5,6,1.2198762031696364,3.7376912067926,2.9296785143436264,2.048451631324057
2025-01-05 01:10:00,1,10,6,0.6921364092552591,4.031469313534616,3.0166076399626607,2.0844236229808923
2025-01-05 01:15:00,1,15,6,0.2819545600261798,4.195301317812633,3.1796692250151057,2.2609880408016068
2025-01-05 01:20:00,1,20,6,0.297377170832643,3.5855729767807025,3.0570972325376107,1.7861195225529007
2025-01-05 01:25:00,1,25,6,0.42670777939015386,3.9590135051516784,2.9461778394939397,1.7991363231233983
2025-01-05 01:30:00,1,30,6,0.37946429489338257,3.887358053191476,3.3393708147424563,2.3974801765054328
2025-01-05 01:35:00,1,35,6,0.1405957119846879,3.8596085403409757,3.1300622394992685,2.1716917685278063
2025-01-05 01:40:00,1,40,6,0.052100551975938034,4.0770425304518705,3.050188638647332,2.0732111830921585
2025-01-05 01:45:00,1,45,6,0.0,4.224137141284519,2.6805091563341756,1.985213526948618
2025-01-05 01:50:00,1,50,6,0.0,3.973344256954169,2.823769387530748,2.056271307507674
2025-01-05 01:55:00,1,55,6,0.0,4.041097285512004,2.988078030922293,2.389364392469223
2025-01-05 02:00:00,2,0,6,0.0,4.02286175061185,3.1833255377445684,2.056902396504329
2025-01-05 02:05:00,2,5,6,0.0,4.0003607012712825,2.9466120625720746,2.335204291751986
2025-01-05 02:10:00,2,10,6,0.0,3.7821314724575785,2.9940090707746942,2.0663347923270554
2025-01-05 02:15:00,2,15,6,0.0,4.221688920344579,3.008449920885367,1.9191692188585354
2025-01-05 02:20:00,2,20,6,0.08994707557673923,4.059039073631768,3.007301244477104,1.6076066298643368
2025-01-05 02:25:00,2,25,6,0.6960011431722997,4.078976298000516,2.6904587197517627,2.0699261083339255
2025-01-05 02:30:00,2,30,6,0.4591583030011565,3.8386980741948835,3.3136399381054975,2.0696442208288337
2025-01-05 02:35:00,2,35,6,0.0,3.9081559204021517,2.8559262290206693,1.7114292491865328
2025-01-05 02:40:00,2,40,6,0.0,3.9647731604578444,3.1569054520951276,1.8865609697969798
2025-01-05 02:45:00,2,45,6,0.47038559399410795,3.69317506131023,3.128647083710512,2.0779730316131433
2025-01-05 02:50:00,2,50,6,0.0,3.6623931349604644,3.095660078450938,2.0067203414707113
2025-01-05 02:55:00,2,55,6,0.0,3.8798504138722865,3.0767288769939283,1.976109119748733
2025-01-05 03:00:00,3,0,6,0.27502604951227594,4.104504153288478,2.8729386931263594,1.8073001878967898
2025-01-05 03:05:00,3,5,6,0.0,3.869372522014012,2.522998240405804,1.963778087519098
2025-01-05 03:10:00,3,10,6,0.05268775307297995,3.7962389604818574,3.3038756365903907,2.1460160185075194
2025-01-05 03:15:00,3,15,6,0.0,3.837062869352466,3.0455418236951917,1.8531990011421697
2025-01-05 03:20:00,3,20,6,0.0,3.9089315153709374,3.1994678451518155,1.976138137639395
2025-01-05 03:25:00,3,25,6,0.15989096707126849,3.9292282074359792,3.3149868627578116,1.8037825473410638
2025-01-05 03:30:00,3,30,6,0.0,4.433104290441311,2.850006094405469,1.8305460111560743
2025-01-05 03:35:00,3,35,6,0.2202373689801995,4.210924125697463,2.7035763259131973,1.8125910629616475
2025-01-05 03:40:00,3,40,6,0.0,4.2049548224563456,3.0206432519531834,1.8575597950298746
2025-01-05 03:45:00,3,45,6,0.2762449772085739,4.233716072854676,2.2287249341518804,2.214854659484024
2025-01-05 03:50:00,3,50,6,0.11195706703233071,3.80023582613319,2.663181254130519,2.1178456569773276
2025-01-05 03:55:00,3,55,6,0.6820702149869221,3.755527077002552,3.0062429179339127,2.4234745632840684
2025-01-05 04:00:00,4,0,6,0.06261225132395364,3.7786259416931887,3.199391496304524,1.8990790809030051
2025-01-05 04:05:00,4,5,6,0.0,4.266901226667567,2.8595872875289374,2.300545536159857
2025-01-05 04:10:00,4,10,6,0.06114875151614189,3.890561642223502,2.704825780579718,2.0381759871837417
2025-01-05 04:15:00,4,15,6,0.27164901451819395,3.7497287635521426,2.9737759073500656,1.9313547862590648
2025-01-05 04:20:00,4,20,6,0.024430035162852165,3.9138007599560374,3.070702796889685,2.0379119721017354
2025-01-05 04:25:00,4,25,6,0.02029584560194119,3.9522788936570743,3.091480148558349,2.027795130472657
2025-01-05 04:30:00,4,30,6,0.0,4.053682654738912,3.0835362810034495,2.0186730385863187
2025-01-05 04:35:00,4,35,6,0.0,4.0501902041424085,2.868114622556737,2.000800252047319
2025-01-05 04:40:00,4,40,6,0.0,3.8343638872252983,2.857122688059196,1.84392467905383
2025-01-05 04:45:00,4,45,6,0.8747883715934697,4.137131278502742,2.9327699994564496,1.9761153678528316
2025-01-05 04:50:00,4,50,6,0.0,3.8721612932499685,3.007045061269562,2.183275765472666
2025-01-05 04:55:00,4,55,6,0.0,3.9687447326589913,2.9003071834918313,2.0393703852949643
2025-01-05 05:00:00,5,0,6,0.0,4.137354814100671,3.0236055427887636,1.878274342506787
2025-01-05 05:05:00,5,5,6,0.44746218847222063,3.871635719211132,3.014748157241309,2.200544283035463
2025-01-05 05:10:00,5,10,6,0.0,3.8861297152837726,3.03730124337668,2.0453167858054617
2025-01-05 05:15:00,5,15,6,0.6238710363368669,4.1183336099386265,2.8589343338114666,2.393771770240975
2025-01-05 05:20:00,5,20,6,0.0,3.828453364678996,2.8703287259355,1.6664433078905043
2025-01-05 05:25:00,5,25,6,0.13949708111190098,3.923041595279186,3.1720368240436154,1.9770365920703148
2025-01-05 05:30:00,5,30,6,0.0,4.111148435608579,2.939391635810585,1.8908892439176945
2025-01-05 05:35:00,5,35,6,1.0725745638866941,4.410818488287195,3.374342924863168,2.0709180557209366
2025-01-05 05:40:00,5,40,6,0.0,4.121080900952549,3.109950244329017,2.0325231247164535
2025-01-05 05:45:00,5,45,6,0.15491035511351375,4.0945279525980025,3.054009922689039,2.2797249221118827
2025-01-05 05:50:00,5,50,6,0.31688844046604925,4.106160316734546,2.949829067754461,1.708612490895854
2025-01-05 05:55:00,5,55,6,0.20689954872574912,3.7853619451865903,3.1736109308455553,2.0993403224484783
2025-01-05 06:00:00,6,0,6,0.0,4.023119347735982,3.0215959625770084,2.094150648309557
2025-01-05 06:05:00,6,5,6,0.15323850047889737,3.9940467023327195,2.925851155941165,2.004138516570852
2025-01-05 06:10:00,6,10,6,0.45809960964291563,4.064316908074551,2.973659949228018,1.8817023485858166
2025-01-05 06:15:00,6,15,6,0.5805302914871864,4.023301610495174,3.2378345566210003,1.7175482745164399
2025-01-05 06:20:00,6,20,6,1.3534969858740356,4.075939935483422,3.472176434362593,2.175472441841295
2025-01-05 06:25:00,6,25,6,2.193930249315322,3.9377065610201596,2.6444048930595296,1.9551667341018142
2025-01-05 06:30:00,6,30,6,1.026516029696599,4.011721783474359,2.9662908168192885,2.0783773257884226
2025-01-05 06:35:00,6,35,6,0.8363323721096272,3.7544342867886016,2.802124345852056,2.0064050686736437
2025-01-05 06:40:00,6,40,6,1.6923407524936767,3.9360185443994173,2.9757761203754707,1.8524763274853122
2025-01-05 06:45:00,6,45,6,3.2407578889884414,4.278166709635329,2.8246495537057537,2.1837609293404716
2025-01-05 06:50:00,6,50,6,1.7625588553961626,4.063761667925651,2.660683491991481,2.0955757872192105
2025-01-05 06:55:00,6,55,6,3.196417325983765,3.9958157925233846,3.159502061375625,1.9562883323323168
2025-01-05 07:00:00,7,0,6,3.4270408580634277,4.379224655250869,3.515711851917499,2.8490484999092143
2025-01-05 07:05:00,7,5,6,2.5214960194559226,3.727833004339784,3.288544546782783,2.3195042713332628
2025-01-05 07:10:00,7,10,6,3.29154953463537,3.778108888910756,3.3513548956702075,2.849597679766984
2025-01-05 07:15:00,7,15,6,4.028592964595885,4.342542282255255,3.8876881240654124,2.0812329296609144
2025-01-05 07:20:00,7,20,6,3.230637562762943,4.009192187209787,3.801872224193491,2.7456724919041853
2025-01-05 07:25:00,7,25,6,3.522590202785836,3.951483392742041,3.9660784431349483,2.615532409637914
2025-01-05 07:30:00,7,30,6,3.5359938666765762,3.760159134980871,3.486721963916427,2.843565005971498
2025-01-05 07:35:00,7,35,6,3.520088533240938,4.0895392532790025,3.70967113745053,3.173469524244618
2025-01-05 07:40:00,7,40,6,3.901543844873992,4.108891973905492,3.7876123534885484,2.5460643929271747
2025-01-05 07:45:00,7,45,6,3.810916768808885,3.7811011278330207,3.1477686858871485,2.3257248468417644
2025-01-05 07:50:00,7,50,6,4.634527866479951,3.971944882889914,3.0692135065915953,2.435481389181741
2025-01-05 07:55:00,7,55,6,4.4249010736645555,3.9328968335933867,3.7778202779698535,2.4988986734558454
2025-01-05 08:00:00,8,0,6,5.116892955895373,4.051195429283754,3.8065175806280216,2.601272120031704
2025-01-05 08:05:00,8,5,6,4.4097847585034025,3.776149951555871,3.379072313073797,2.5262875465509893
2025-01-05 08:10:00,8,10,6,5.5384361995754645,4.250389490902632,3.6416290073165287,2.5417670195390847
2025-01-05 08:15:00,8,15,6,5.972466811000484,4.1831647563195204,3.5452052686555744,2.269284967723988
2025-01-05 08:20:00,8,20,6,4.738896542224735,3.927364888253437,3.370107120427335,3.1775382388463935
2025-01-05 08:25:00,8,25,6,6.100124768559608,3.956716257672326,3.8685399471270627,2.0578477309570853
2025-01-05 08:30:00,8,30,6,6.701448786323852,3.972715569944477,2.7899093127480916,2.5228577264346166
2025-01-05 08:35:00,8,35,6,5.65441421249499,3.8443382893986993,3.768041868327797,2.3440174487733376
2025-01-05 08:40:00,8,40,6,7.264162290284244,3.911314116352993,3.8064976184593813,2.5178963695021253
2025-01-05 08:45:00,8,45,6,6.802967655683711,3.945945926465078,3.4510816160819076,2.7268345528525546
2025-01-05 08:50:00,8,50,6,6.403396148277399,4.322573674141426,3.3404372621293192,2.413988103458904
2025-01-05 08:55:00,8,55,6,6.887246018993839,4.189323661666087,3.701050178639139,2.490581218880193
2025-01-05 09:00:00,9,0,6,7.350231268126337,4.186930941467325,4.072632882013321,2.7081476238568056
2025-01-05 09:05:00,9,5,6,7.261642316303762,4.073985122600878,3.6886441484998285,2.4851486061804797
2025-01-05 09:10:00,9,10,6,7.642151364324424,3.776534598213753,3.762426403012882,2.403217668159506
2025-01-05 09:15:00,9,15,6,7.05806127825009,3.991701779084524,3.5847133253598544,2.225112085898632
2025-01-05 09:20:00,9,20,6,7.74512484320782,4.194097691922676,3.8118324176691774,2.5871814091785375
2025-01-05 09:25:00,9,25,6,7.091987582476326,3.7483470741265426,4.094753919109363,3.2176895151009273
2025-01-05 09:30:00,9,30,6,7.877920372238001,4.1273106413746525,3.728995835429944,2.520527593362371
2025-01-05 09:35:00,9,35,6,7.612492221942433,4.464521845052554,3.2161806463623295,2.7714249409776475
2025-01-05 09:40:00,9,40,6,7.823755471595034,4.212363329197946,3.5630853691685687,2.6614104517463386
2025-01-05 09:45:00,9,45,6,8.932742710630672,4.282805827112398,4.018936216236873,2.252673013400996
2025-01-05 09:50:00,9,50,6,8.979569518425993,4.043667750088432,3.222708749455599,2.429072218488796
2025-01-05 09:55:00,9,55,6,8.853687767183054,4.193586389752998,3.746360344925547,2.6664601720643466
2025-01-05 10:00:00,10,0,6,8.114097655508097,3.8564293571291928,2.8208622976608453,2.1513105801404966
2025-01-05 10:05:00,10,5,6,8.609063332227677,4.159172762468245,2.7597574362213475,1.8324516651302285
2025-01-05 10:10:00,10,10,6,9.476657181771808,4.130877626812152,2.976908536562162,1.889313750804956
2025-01-05 10:15:00,10,15,6,9.039585872146835,4.0579822348075325,3.177971897730187,2.057275696600219
2025-01-05 10:20:00,10,20,6,10.222742640357346,4.2632014839437,3.353112235525452,1.9505629269291171
2025-01-05 10:25:00,10,25,6,9.349773710891656,3.8922430324305224,2.975559569791851,2.2420765218123524
2025-01-05 10:30:00,10,30,6,9.334819883357884,3.9625884967052674,2.981815839375241,2.298801049541509
2025-01-05 10:35:00,10,35,6,9.165520460726736,4.01909240827166,3.1081656420768984,1.529442706022928
2025-01-05 10:40:00,10,40,6,9.463696660250225,3.79407780578212,3.235514082829893,2.1825453626239617
2025-01-05 10:45:00,10,45,6,9.393066376760784,4.04538638876005,3.190266521222109,1.6178043242909483
2025-01-05 10:50:00,10,50,6,9.891223845826564,3.6562139174092305,2.8674020077457905,1.882259033288646
2025-01-05 10:55:00,10,55,6,10.078849702256578,4.209390906885642,2.8317757264879218,2.3483845063787876
2025-01-05 11:00:00,11,0,6,9.266263532636708,4.009327473313193,2.9976464324352734,1.992687811474166
2025-01-05 11:05:00,11,5,6,9.047804221353726,3.8958214192192475,3.110401662063156,2.1138603335778763
2025-01-05 11:10:00,11,10,6,8.844857384647685,3.833125277540976,2.333021457874834,1.8707284925701273
2025-01-05 11:15:00,11,15,6,10.061848467488575,3.9530841940761623,2.7174422844417445,2.0800612186309637
2025-01-05 11:20:00,11,20,6,9.296394227035144,4.137651942154482,2.9422215171331905,2.0030775129002536
2025-01-05 11:25:00,11,25,6,8.807169808201365,4.109547795747512,2.5842960502218952,1.9380295550619004
2025-01-05 11:30:00,11,30,6,10.108737916003586,3.858892410544308,3.223026050366563,2.2818898966204335
2025-01-05 11:35:00,11,35,6,11.18706314093959,3.830792065474473,3.14377268390814,1.7329069413103761
2025-01-05 11:40:00,11,40,6,9.958911525147508,4.131379741263929,3.251880360598425,2.144800451000003
2025-01-05 11:45:00,11,45,6,10.397834619611857,3.855530519076994,2.9765621931870925,1.5949927370980512
2025-01-05 11:50:00,11,50,6,10.03139689509236,4.011981954815901,3.1907189901325035,1.8815667340033242
2025-01-05 11:55:00,11,55,6,9.94817544420352,4.024750928504855,3.069233164210956,2.0136787721273324
2025-01-05 12:00:00,12,0,6,10.459538241493885,4.062412426345348,3.3076789968876557,1.9749266028004984
2025-01-05 12:05:00,12,5,6,9.852482998704765,4.171654086036375,2.99697728198281,2.315723078095726
2025-01-05 12:10:00,12,10,6,10.124178372854528,3.7474074126265355,2.8683555512499623,2.162864570281555
2025-01-05 12:15:00,12,15,6,10.139438135484042,3.6177681349479025,2.9602768554243073,1.7994916075990142
2025-01-05 12:20:00,12,20,6,9.62790175409593,3.8865105437543295,3.0002321973441743,2.1383410227215975
2025-01-05 12:25:00,12,25,6,10.436584556991457,4.360305681566437,3.2707419679953023,2.2949387970691366
2025-01-05 12:30:00,12,30,6,9.826968735390402,4.404434820017475,2.9410471851548934,1.8025501535935573
2025-01-05 12:35:00,12,35,6,9.505742524931184,4.366235427113177,2.936252220084504,1.7636938493339689
2025-01-05 12:40:00,12,40,6,10.116332451907283,3.961403726447862,2.956522760116699,1.9316669432760483
2025-01-05 12:45:00,12,45,6,9.358618813136786,3.643576983603034,3.145498040831353,1.5588129640171244
2025-01-05 12:50:00,12,50,6,9.777050649883899,3.531392179669632,2.853278410782672,1.8548963391116169
2025-01-05 12:55:00,12,55,6,9.708861199810512,3.877192367690118,3.237425450481605,1.7772311245197967
2025-01-05 13:00:00,13,0,6,10.202206045806472,3.960385273970128,3.045331471929799,1.9743743171160437
2025-01-05 13:05:00,13,5,6,9.837847660299262,4.260125080211192,3.2086085053672764,2.1191663729021095
2025-01-05 13:10:00,13,10,6,9.524656028109698,4.173561091908489,3.024248746364076,1.8890666250823864
2025-01-05 13:15:00,13,15,6,9.8781844445512,4.045481015798324,2.6295314993780248,2.049417131137481
2025-01-05 13:20:00,13,20,6,10.092029982367741,3.8220310458117717,3.1060979597059744,1.6850264775050694
2025-01-05 13:25:00,13,25,6,9.598983846003916,3.807844088351022,2.75326116713429,2.0504659946743353
2025-01-05 13:30:00,13,30,6,9.243971635034558,4.050825537414287,3.067828337241574,1.8018705379815882
2025-01-05 13:35:00,13,35,6,8.49719667501939,4.139410195767946,2.8851870572863922,1.6327022322859146
2025-01-05 13:40:00,13,40,6,8.530521038828814,4.078376252449117,3.2754527807626466,1.7400251185263096
2025-01-05 13:45:00,13,45,6,8.81611506314955,3.793080408078669,3.10845187824971,1.993007860769324
2025-01-05 13:50:00,13,50,6,8.565352230702576,4.130133525758417,3.2579187239249516,1.8415491814450486
2025-01-05 13:55:00,13,55,6,8.673781905582356,4.085182193420282,3.0122505420680774,1.66031461815253
2025-01-05 14:00:00,14,0,6,8.688579000292942,3.785866718761964,2.6122946326120493,2.1192667167730947
2025-01-05 14:05:00,14,5,6,8.81396508390783,3.8431358059399487,2.6429948321860595,1.954356493113094
2025-01-05 14:10:00,14,10,6,8.398665069099314,4.137699194912313,3.202259089594584,2.149336971218936
2025-01-05 14:15:00,14,15,6,8.557946944938553,3.9530984929708217,2.867082902410281,1.6822993727183655
2025-01-05 14:20:00,14,20,6,8.223757650294978,4.3178294603272915,3.1018989723311057,2.268451356572036
2025-01-05 14:25:00,14,25,6,7.076712759497892,4.100225855212916,2.867552384266875,1.8393374283185766
2025-01-05 14:30:00,14,30,6,7.463865706002974,3.9026737623621464,2.8950196074262005,2.1143217421614233
2025-01-05 14:35:00,14,35,6,7.72680105306801,3.9979588799218133,3.245703521282983,1.7520786377238955
2025-01-05 14:40:00,14,40,6,7.055597059769227,4.012676678527543,2.7003436381350694,2.4679992643864894
2025-01-05 14:45:00,14,45,6,7.818362439787876,3.854321937351658,2.964535442421992,2.050578559138062
2025-01-05 14:50:00,14,50,6,8.138148784273088,3.8174823603644747,2.8616138318764723,2.0979924618905432
2025-01-05 14:55:00,14,55,6,7.8330205464462175,4.1402779787619,3.1920121749403045,2.059959234314586
2025-01-05 15:00:00,15,0,6,6.964346376400371,4.1690546594084195,3.348171615402887,1.9346510820117817
2025-01-05 15:05:00,15,5,6,7.660493626247667,4.120756293910592,2.947423505392925,2.0462812702554833
2025-01-05 15:10:00,15,10,6,6.83023580475766,4.30306361886476,3.0929923291012194,2.0455894524125218
2025-01-05 15:15:00,15,15,6,6.42491516544167,3.8916453527976795,2.743116994608982,2.0625030332391123
2025-01-05 15:20:00,15,20,6,6.121174765094925,4.334854153214226,2.9251652830393127,1.8838045971850708
2025-01-05 15:25:00,15,25,6,6.1079998785965275,3.8198157762891696,3.006496410950649,1.807695462534157
2025-01-05 15:30:00,15,30,6,5.893525880816594,3.7974628873263017,2.7729217352253537,1.47690620799923
2025-01-05 15:35:00,15,35,6,5.9983045948235665,3.64800822357015,3.3494474657019784,2.1111462638206007
2025-01-05 15:40:00,15,40,6,5.816051354035396,3.9108409372346364,2.976647175738739,1.8665553526226704
2025-01-05 15:45:00,15,45,6,5.557225340272729,3.8992555326341094,2.4247935435907166,1.854294224755703
2025-01-05 15:50:00,15,50,6,5.591465168341412,4.10518745605093,3.1431732674328154,2.1884348607187736
2025-01-05 15:55:00,15,55,6,5.783055718998389,4.04877818832409,3.1284583987206602,2.0316783911504936
2025-01-05 16:00:00,16,0,6,5.474777067720661,3.7614053257961726,3.2607748291862757,1.9342925555822919
2025-01-05 16:05:00,16,5,6,4.067438704968929,3.9214547523148364,3.217037783226872,1.9230835112559574
2025-01-05 16:10:00,16,10,6,3.3405255648993615,3.925707595782463,2.8237717382244476,1.7988574039154956
2025-01-05 16:15:00,16,15,6,4.890046857809651,3.6448035506076213,2.7871007157654093,2.131813605760497
2025-01-05 16:20:00,16,20,6,3.5427432681992883,3.803810654597326,2.8514508857805843,1.793394230993011
2025-01-05 16:25:00,16,25,6,3.9150841976410278,3.845837273877182,3.142747043932272,2.0655940780944464
2025-01-05 16:30:00,16,30,6,3.241777810621219,4.2867250039641895,3.1925183965691604,2.1025199022545595
2025-01-05 16:35:00,16,35,6,2.723390164047012,4.03829014319147,2.8493776839605376,2.0152204832937173
2025-01-05 16:40:00,16,40,6,3.690932797359079,4.1324337507895,3.0250265981539353,1.8161682683051996
2025-01-05 16:45:00,16,45,6,3.593972233182941,3.7002729005701576,2.7790750051812014,1.863855678176459
2025-01-05 16:50:00,16,50,6,2.7188027946793736,4.238842896602798,3.407316471334416,1.9174511811556902
2025-01-05 16:55:00,16,55,6,1.5027689942374636,4.260220412604818,3.246573358277343,1.9062678981040404
2025-01-05 17:00:00,17,0,6,2.3150682268989686,3.600331006571075,3.1777677639079984,2.1804983311115693
2025-01-05 17:05:00,17,5,6,2.572760925963007,3.8589366552168305,3.190518101590409,2.077565468401792
2025-01-05 17:10:00,17,10,6,1.4249403549939632,4.099153114603102,3.2754733157562304,2.0756707938705454
2025-01-05 17:15:00,17,15,6,2.042583180050864,4.128877690707636,3.342705945868056,1.6760160393623134
2025-01-05 17:20:00,17,20,6,1.7288268520828092,3.8643010539025555,3.0696572495333636,2.0566647185071334
2025-01-05 17:25:00,17,25,6,1.8108796116997106,3.9389001073892693,2.812696030838902,2.1159168443527476
2025-01-05 17:30:00,17,30,6,1.3650521064075924,3.8805237877909713,2.7019834648846763,1.8691631348479343
2025-01-05 17:35:00,17,35,6,0.6021342780788725,4.022083609389224,2.6001824374204383,2.311725303392563
2025-01-05 17:40:00,17,40,6,1.4698431783088277,4.239435706292382,2.953690101210941,2.4333768069632624
2025-01-05 17:45:00,17,45,6,0.5747665057879462,3.845791568571759,3.160589985303899,2.089619642670205
2025-01-05 17:50:00,17,50,6,0.42254160389839923,4.200164099553683,2.8827544611438003,1.790729992862516
2025-01-05 17:55:00,17,55,6,0.0,3.8436655855306223,3.104594314779389,1.9856971981454035
2025-01-05 18:00:00,18,0,6,0.0,3.830474557500623,3.09821890535441,2.0449424750475043
2025-01-05 18:05:00,18,5,6,0.0,4.163718923668642,3.212388881256925,3.046290167579869
2025-01-05 18:10:00,18,10,6,0.0,4.184387275601523,4.163983375403391,2.561496744192673
2025-01-05 18:15:00,18,15,6,0.8558542400711717,4.1702819873525305,3.5446828388723866,2.3991038884511435
2025-01-05 18:20:00,18,20,6,0.0,3.736840518356372,3.2196543955071495,2.912553717282173
2025-01-05 18:25:00,18,25,6,0.0,3.9068098043855897,4.06207291816914,2.2319742742482145
2025-01-05 18:30:00,18,30,6,0.7355851637468043,4.164597718400664,3.4751484864726194,2.36504010978695
2025-01-05 18:35:00,18,35,6,0.0,4.008308368112779,3.373928277540507,2.8557724766289585
2025-01-05 18:40:00,18,40,6,0.0,3.785261430760507,3.1064115363901634,2.639940907280892
2025-01-05 18:45:00,18,45,6,0.5199523436980382,4.091663587825089,3.71847143219176,2.457354647919454
2025-01-05 18:50:00,18,50,6,0.0,3.857038548201706,3.7679203480960317,2.544295552161235
2025-01-05 18:55:00,18,55,6,0.9130048567734681,4.358904969678442,3.8651389763468336,2.043338408522244
2025-01-05 19:00:00,19,0,6,0.33896293566963454,4.308968292483652,3.395367421697939,2.4784560571446894
2025-01-05 19:05:00,19,5,6,0.0,4.120819485271113,2.6983377846585954,2.1742141799264396
2025-01-05 19:10:00,19,10,6,1.0786541066327517,4.272201340953955,3.255920223692364,2.784461798447005
2025-01-05 19:15:00,19,15,6,0.0,4.012958270024677,3.28794699610562,2.2545763038082067
2025-01-05 19:20:00,19,20,6,0.3710476860046535,4.153087498875003,3.7452457341968577,2.0146268062629837
2025-01-05 19:25:00,19,25,6,0.14964629020324596,4.295544059060415,2.8786267797669285,2.3915223099791962
2025-01-05 19:30:00,19,30,6,0.650870644699399,4.049099736358863,3.0656879695764934,2.0770962116021052
2025-01-05 19:35:00,19,35,6,0.7807555983634263,3.948962565697143,3.6720301375063946,2.7627921513737737
2025-01-05 19:40:00,19,40,6,0.016002074532883312,3.659075608364577,3.7366592647556374,2.83263299809217
2025-01-05 19:45:00,19,45,6,0.0,3.983373294855701,3.8723402960044404,1.8614229373519207
2025-01-05 19:50:00,19,50,6,0.2299860714695582,4.164684636912463,3.63512358797884,2.341117540129132
2025-01-05 19:55:00,19,55,6,0.0,4.189126685513526,3.2757727262028693,2.6681243896626117
2025-01-05 20:00:00,20,0,6,1.0066936237633115,4.100873013143682,2.9809113560312746,1.9746674182383042
2025-01-05 20:05:00,20,5,6,0.06826766554136872,3.891740181007552,3.6900718232245153,2.6463358052532695
2025-01-05 20:10:00,20,10,6,0.0,3.604635686210482,3.541019796761453,2.2360259785830587
2025-01-05 20:15:00,20,15,6,0.0923401529324542,3.900956980399053,3.7231488903746373,2.7040908676181425
2025-01-05 20:20:00,20,20,6,0.0,3.9391310257892096,3.525591354514236,2.1468036876190686
2025-01-05 20:25:00,20,25,6,0.0,3.9374142065619973,3.372425496281148,2.751350103257333
2025-01-05 20:30:00,20,30,6,0.6002069539722127,4.123711271395585,3.898157366840536,2.4020390189871015
2025-01-05 20:35:00,20,35,6,0.0,4.397135282202968,3.4250981096575215,2.4514932675924817
2025-01-05 20:40:00,20,40,6,0.0,4.0247058403682185,3.5824679026732915,2.3256798099819926
2025-01-05 20:45:00,20,45,6,0.2683263762636431,3.9566536421687077,2.631744482728525,2.857830700494129
2025-01-05 20:50:00,20,50,6,0.5928520773314985,3.9481556373991813,4.0384066841487645,2.316280042118286
2025-01-05 20:55:00,20,55,6,0.35947665533253337,4.0248769533815425,3.180003989324368,2.4588698432829332
2025-01-05 21:00:00,21,0,6,0.4980238429029082,3.83434124793032,3.4437488348813683,2.798655573148888
2025-01-05 21:05:00,21,5,6,0.0,4.024039711749211,3.5163918324935115,2.262213150888645
2025-01-05 21:10:00,21,10,6,0.0,4.09016246726636,3.104477164832585,2.759690255445902
2025-01-05 21:15:00,21,15,6,0.7506668259777434,4.041937212714898,3.679853372349275,2.8181679634275456
2025-01-05 21:20:00,21,20,6,0.0,4.091508386800956,3.209543974783672,3.0515310698584988
2025-01-05 21:25:00,21,25,6,0.0,4.086749521869707,2.976891647882829,2.712880306420444
2025-01-05 21:30:00,21,30,6,0.664097070924529,3.6456206635507113,2.9271251698409295,2.26290058549046
2025-01-05 21:35:00,21,35,6,0.27811500470032996,4.12737403167908,3.9683068791343876,2.7494092763427966
2025-01-05 21:40:00,21,40,6,0.22794388604080382,3.865797030867509,3.3361338753538456,2.3443488871534934
2025-01-05 21:45:00,21,45,6,1.082501172450542,3.7808321673992085,3.5301866332506324,2.6542422972282167
2025-01-05 21:50:00,21,50,6,0.0,3.779109634429001,3.875473814804809,2.3631297986174515
2025-01-05 21:55:00,21,55,6,0.4639200640406186,4.0867083220945055,3.0164644809538395,2.547090588114628
2025-01-05 22:00:00,22,0,6,0.02850656244854225,3.9554850145550295,2.908513832498321,1.7398732590503105
2025-01-05 22:05:00,22,5,6,0.13429613943162846,3.663606243202918,3.059533783062559,1.957377249181442
2025-01-05 22:10:00,22,10,6,0.7642342132062658,4.095607563038457,3.0613024412939587,1.8211111599625638
2025-01-05 22:15:00,22,15,6,0.25391787814481187,3.7120783738402343,3.0973421060650996,1.7365803606490042
2025-01-05 22:20:00,22,20,6,0.2691480395248165,4.027964271703643,2.834453722060683,1.9514171537825444
2025-01-05 22:25:00,22,25,6,0.5362536686549011,4.047699785134611,3.348363682991943,2.156965073709699
2025-01-05 22:30:00,22,30,6,0.0,4.177115416339009,3.215438500853558,2.2834154066686287
2025-01-05 22:35:00,22,35,6,0.0,4.356336957293371,3.720566427162175,2.008317813511687
2025-01-05 22:40:00,22,40,6,0.0,3.7270647348198915,3.2840801846259713,2.2025270508803882
2025-01-05 22:45:00,22,45,6,0.0,3.9895052287873902,3.1992065006615054,2.354847923608036
2025-01-05 22:50:00,22,50,6,1.028103564970161,3.9447329409911567,2.9161373938031048,1.9002629952127241
2025-01-05 22:55:00,22,55,6,0.0,4.0867499371921925,3.0639531026963724,1.9634600456156226
2025-01-05 23:00:00,23,0,6,0.0,4.043133754186724,3.0637001705996347,2.3125497570106024
2025-01-05 23:05:00,23,5,6,0.0,3.929490751452676,2.9043706554587443,1.9390642074812539
2025-01-05 23:10:00,23,10,6,0.15370334890455037,3.911819562277829,3.0348622007053154,1.9543363147949662
2025-01-05 23:15:00,23,15,6,0.4078686062696484,3.7767098289631904,2.6171988343973025,1.883974471460212
2025-01-05 23:20:00,23,20,6,0.4302367441798727,4.197572316481302,3.1374746484475007,2.287509350186529
2025-01-05 23:25:00,23,25,6,0.0,4.091840836319906,2.7690762864924547,1.7681435201538314
2025-01-05 23:30:00,23,30,6,0.0,4.183553639559028,3.0060467605434673,1.5848809870244327
2025-01-05 23:35:00,23,35,6,0.14128997524414982,3.9379207727048975,2.9110059594025746,1.6527915880897213
2025-01-05 23:40:00,23,40,6,0.0,3.868632906261114,3.273812259968493,1.8461337691299191
2025-01-05 23:45:00,23,45,6,0.8036727880099963,3.7843369866741545,3.3305668372678054,2.222704270691668
2025-01-05 23:50:00,23,50,6,0.24548747581912567,4.071783516748132,2.8707365404605167,1.7856080726307844
2025-01-05 23:55:00,23,55,6,0.36743889302490873,3.7920413550943532,2.961290850166482,1.9790706751483593
2025-01-06 00:00:00,0,0,0,0.33144063433370635,4.36973261379331,3.0692293887904802,1.8446913420939641
2025-01-06 00:05:00,0,5,0,0.5867369287426625,3.738471483781312,3.1492789747044405,2.05306561099998
2025-01-06 00:10:00,0,10,0,0.09051077935185348,4.0547320238425,2.931920968656827,1.8575918689163955
2025-01-06 00:15:00,0,15,0,0.0,4.3133709414427575,2.963023003380263,1.836619749634486
2025-01-06 00:20:00,0,20,0,0.1998439758763208,4.119817951852762,3.0116877389767174,2.017087737043982
2025-01-06 00:25:00,0,25,0,0.0,4.0351347424983555,3.052341456695268,2.353248481934371
2025-01-06 00:30:00,0,30,0,0.0,3.806303270607621,2.9735110560600857,2.2009195734248963
2025-01-06 00:35:00,0,35,0,0.2931820093775466,3.7236461622864594,3.0459174793951402,1.9523511396203093
2025-01-06 00:40:00,0,40,0,0.6191415357168178,4.154010021783517,2.976168146009753,1.98823471816639
2025-01-06 00:45:00,0,45,0,0.010635788368030825,4.30122944815499,3.055953541545643,1.808135846956206
2025-01-06 00:50:00,0,50,0,0.1544165062994819,3.9122300019043657,2.7069319233110067,2.130859478694855
2025-01-06 00:55:00,0,55,0,0.851107472317619,3.77218769847673,3.179624766516252,2.1491271665605605
2025-01-06 01:00:00,1,0,0,0.12037658974428414,3.5083661138901965,3.0309944037112944,2.153444925490658
2025-01-06 01:05:00,1,5,0,1.3008415570901974,3.8038470312674924,3.1426858052034286,2.157525871790991
2025-01-06 01:10:00,1,10,0,0.2827548228157721,3.977268631500192,2.8280918357315774,1.780609640569074
2025-01-06 01:15:00,1,15,0,0.0,4.319824648167347,2.922286150649546,1.996523178091469
2025-01-06 01:20:00,1,20,0,0.37667081055226626,4.134626738446594,2.951615774573542,1.6246619337324248
2025-01-06 01:25:00,1,25,0,0.19057919244138888,4.06101708094135,3.3443385224270283,1.9451908022228528
2025-01-06 01:30:00,1,30,0,0.6448763770413728,3.919976067739774,3.034540883315391,2.248909798152612
2025-01-06 01:35:00,1,35,0,0.3365906756349792,3.883366856548809,2.531005546095759,1.8976612256176575
2025-01-06 01:40:00,1,40,0,0.0,4.281129519501593,2.922576545284039,1.932737990909871
2025-01-06 01:45:00,1,45,0,0.0,4.040147708151678,2.9653026818572092,2.289426959688969
2025-01-06 01:50:00,1,50,0,0.0,3.5794798616157957,3.1346917751454444,2.191607053725766
2025-01-06 01:55:00,1,55,0,0.0,3.8652920704205513,3.0094240543621846,1.7201253907708998
2025-01-06 02:00:00,2,0,0,0.0,3.828356793645675,2.5840605929707987,1.694118455353674
2025-01-06 02:05:00,2,5,0,0.2942892022103048,3.890747198164507,3.071953140833204,2.006353942539527
2025-01-06 02:10:00,2,10,0,0.8349522521757031,4.112582132057017,2.9579672704887985,1.9262846186519726
2025-01-06 02:15:00,2,15,0,0.19733576491149055,3.97851102364115,3.4023443150885493,1.835419281804705
2025-01-06 02:20:00,2,20,0,0.0,3.9846269185992678,3.185563891223212,2.0003825872041987
2025-01-06 02:25:00,2,25,0,0.22230133411007036,4.262694632265047,2.9878120976428004,2.2353275097233487
2025-01-06 02:30:00,2,30,0,0.5983157433228256,3.8607077820426623,3.292506076538289,1.9520901086230324
2025-01-06 02:35:00,2,35,0,0.0,4.37283990517747,3.1598405438484285,2.0727782724300106
2025-01-06 02:40:00,2,40,0,0.0,3.8657384817257827,3.0014874277619827,2.040850988531405
2025-01-06 02:45:00,2,45,0,0.007344097364598547,4.017839639322514,2.8623982370310324,1.938780121333783
2025-01-06 02:50:00,2,50,0,0.0,3.943759280919447,2.883872944049459,2.1802753432857838
2025-01-06 02:55:00,2,55,0,0.3241402169219295,4.024683826700192,2.9809597768917877,1.7404571950769923
2025-01-06 03:00:00,3,0,0,0.0,4.088918399014625,2.8553125553673824,1.3601470709575643
2025-01-06 03:05:00,3,5,0,0.20976622195351388,4.086767048017776,2.9011014796235703,2.00752901301943
2025-01-06 03:10:00,3,10,0,0.0,3.849376533875884,2.972772830226605,2.3960308703062783
2025-01-06 03:15:00,3,15,0,0.0,3.775417064510486,3.1149812081830075,2.10609037061783
2025-01-06 03:20:00,3,20,0,0.3611906789138857,4.500634358181142,2.6713461930859443,1.9270715891765735
2025-01-06 03:25:00,3,25,0,0.0,3.9032031320798892,2.9026674385352607,1.8427837602383983
2025-01-06 03:30:00,3,30,0,0.8634819256167026,4.139842487734398,2.8400238668973308,1.6383754092116751
2025-01-06 03:35:00,3,35,0,0.0,3.678471737895361,2.7448293590637345,2.1748186805529897
2025-01-06 03:40:00,3,40,0,0.11234236287594296,3.944077456019065,2.9714170616013638,1.8987195163451331
2025-01-06 03:45:00,3,45,0,0.46629541593654494,3.9745601232035113,2.9989177330694585,2.23347813574023
2025-01-06 03:50:00,3,50,0,0.0,4.094563013985566,3.000842104175157,2.1080748261862077
2025-01-06 03:55:00,3,55,0,0.0,3.455509171801612,2.8306790315223487,1.8762740098506563
2025-01-06 04:00:00,4,0,0,0.0,4.033228122615666,3.070795377012735,2.3785307416674226
2025-01-06 04:05:00,4,5,0,0.631292051713591,3.7700517089264216,3.285954971902975,2.1165656138912277
2025-01-06 04:10:00,4,10,0,0.0,4.064869142238985,3.0302867520321435,2.2802138711254343
2025-01-06 04:15:00,4,15,0,1.2790996428341261,3.7927341606323672,3.1589356646090248,1.5412675955258677
2025-01-06 04:20:00,4,20,0,0.0,3.8289034608148835,2.7892138304289555,2.0676280650715864
2025-01-06 04:25:00,4,25,0,0.09227565159851848,3.9452744779213464,2.6426064868898056,1.8204821990486275
2025-01-06 04:30:00,4,30,0,0.7710549762839378,3.789534106079361,2.860037011268405,1.9487668187508334
2025-01-06 04:35:00,4,35,0,1.0030464440795615,3.904893110652929,2.9425139583547586,1.9421759145666346
2025-01-06 04:40:00,4,40,0,1.030751788318199,3.761324846291337,3.165061503448063,1.946955226909893
2025-01-06 04:45:00,4,45,0,0.6041831152965712,3.6333659096602546,2.9230739735857534,1.7301655791712967
2025-01-06 04:50:00,4,50,0,0.5120312629057312,4.203591410485872,3.204869240397165,1.8657004972105027
2025-01-06 04:55:00,4,55,0,0.29626347460059155,3.7407902614352144,2.782593934399745,2.042618114973794
2025-01-06 05:00:00,5,0,0,0.38918053808331887,3.9642638224784035,2.8466117475233874,1.8948094520411412
2025-01-06 05:05:00,5,5,0,0.0,4.150578216298757,3.0516920348638137,1.9347034752440888
2025-01-06 05:10:00,5,10,0,0.0,3.877011179496791,3.462321875060127,1.9850342913361605
2025-01-06 05:15:00,5,15,0,0.0,3.8349668200508926,3.1235676437758446,1.6116611905014109
2025-01-06 05:20:00,5,20,0,0.0,4.045247617733485,2.827870173617054,1.7826172610166575
2025-01-06 05:25:00,5,25,0,0.0,4.223586764545431,2.809124055339474,2.0831075987674006
2025-01-06 05:30:00,5,30,0,0.34819372372835766,3.7661369469827064,3.2071130135554817,2.068926100926902
2025-01-06 05:35:00,5,35,0,0.47765260428525536,3.969970433596512,2.954671075286738,1.8738289922575162
2025-01-06 05:40:00,5,40,0,0.04420344314592368,3.6535010810065343,3.222719950237302,2.4142510908309722
2025-01-06 05:45:00,5,45,0,0.7387650405276309,3.921359799263562,3.027011140956738,2.1878726128143144
2025-01-06 05:50:00,5,50,0,0.0,4.006840936907615,3.068674069959095,2.151100981293118
2025-01-06 05:55:00,5,55,0,0.0,3.8290750716489868,2.767090644377977,1.9023727439715752
2025-01-06 06:00:00,6,0,0,0.0,3.908601633234954,3.0790938880091168,2.2424981888163957
2025-01-06 06:05:00,6,5,0,0.0,3.71835464633851,2.836373155672465,1.5933401777919747
2025-01-06 06:10:00,6,10,0,0.3948535307320112,4.015415722276298,2.9003471147117503,2.20202614286965
2025-01-06 06:15:00,6,15,0,0.5931575381097889,4.2111388497766296,2.68322088178243,1.764616021573683
2025-01-06 06:20:00,6,20,0,1.6282822990976462,3.7805712260459075,3.0311837172102223,1.9768057494477072
2025-01-06 06:25:00,6,25,0,1.4040745907970353,3.8754656466895234,3.1188932963106453,1.754254647910884
2025-01-06 06:30:00,6,30,0,0.7931685100359133,4.100509249290837,2.9350042811662664,2.2390370804806197
2025-01-06 06:35:00,6,35,0,2.4482801450662603,4.242418143864548,2.7614207612726434,2.2953824592620538
2025-01-06 06:40:00,6,40,0,2.3469986244319805,3.701362037558214,2.786516602822262,2.169876315475522
2025-01-06 06:45:00,6,45,0,2.2419520718955903,3.96624305251681,2.925408297957375,1.7710183484722046
2025-01-06 06:50:00,6,50,0,2.0511540899561123,4.056626164463905,2.90062019056948,2.1089858376357986
2025-01-06 06:55:00,6,55,0,1.8971393048999916,3.9795887218742303,2.998629201019702,2.2236938822886687
2025-01-06 07:00:00,7,0,0,2.402087062989681,3.5046415866245826,3.9307220182804645,2.145090800404645
2025-01-06 07:05:00,7,5,0,3.3426644501620126,4.100218001861754,3.1231192565268966,2.1085618679137474
2025-01-06 07:10:00,7,10,0,3.9493511480100367,4.303867270218129,3.230241171185594,2.8312643562459234
2025-01-06 07:15:00,7,15,0,3.9860164171677104,4.0233323502339005,3.6681085852000206,2.3364917281232707
2025-01-06 07:20:00,7,20,0,3.1757767223635494,3.793778789341147,3.4966692228131495,2.9212916515497813
2025-01-06 07:25:00,7,25,0,3.064571666192511,3.8973745507271436,4.072403255293736,2.5778153000328405
2025-01-06 07:30:00,7,30,0,3.8972774471064997,4.353982613531119,2.7022156447857806,2.589186128427992
2025-01-06 07:35:00,7,35,0,3.1432472158059452,4.181992508172112,3.780424438862404,2.5673896947568227
2025-01-06 07:40:00,7,40,0,4.3877664744993865,4.128005323676866,3.7179544756204352,2.6071196123381153
2025-01-06 07:45:00,7,45,0,4.349085609040679,4.071282516706876,3.1296063747554403,2.2341284699909614
2025-01-06 07:50:00,7,50,0,4.384467881416217,3.8677725775618055,3.403654343860953,2.8196244334715055
2025-01-06 07:55:00,7,55,0,4.012536155560479,3.9598857638688463,3.270234779503814,2.636770789950294
2025-01-06 08:00:00,8,0,0,5.2568000532848576,3.984415452864297,3.591107778176359,2.9758591795237392
2025-01-06 08:05:00,8,5,0,4.92138216177426,4.109914863212889,3.487496066561176,1.9735724745171224
2025-01-06 08:10:00,8,10,0,4.788037665613093,4.30178377885338,3.6940611394690333,3.1414165634902016
2025-01-06 08:15:00,8,15,0,4.119571223555197,4.223667627358625,3.713715003459937,2.263701522456878
2025-01-06 08:20:00,8,20,0,5.722006910985144,3.716123128840792,3.1754162362463108,2.2141093499477784
2025-01-06 08:25:00,8,25,0,6.799222281970694,4.044798993780209,4.100993564114614,2.401801767843569
2025-01-06 08:30:00,8,30,0,6.918243897361141,4.147352669033579,3.3012069818515917,2.45246900676183
2025-01-06 08:35:00,8,35,0,6.030686593547456,4.123772066028927,3.4049278854182896,2.970295107936251
2025-01-06 08:40:00,8,40,0,6.126770066684502,3.874153247322516,3.195656752695109,2.854192969498134
2025-01-06 08:45:00,8,45,0,6.8278452790382005,4.582821843153672,3.5366276289353253,2.8621079540283056
2025-01-06 08:50:00,8,50,0,6.256709356562458,3.7445830875337762,3.974785713120215,2.5254392901739284
2025-01-06 08:55:00,8,55,0,7.066026507732425,3.78336231066679,3.4054809171202503,2.519853649559531
2025-01-06 09:00:00,9,0,0,7.4541079510578205,4.0467190162523154,3.4715687983984607,2.0029100632783816
2025-01-06 09:05:00,9,5,0,7.83710623253971,4.423360610992771,3.9657441121355217,2.573735505214357
2025-01-06 09:10:00,9,10,0,7.322696329861263,3.832761029859166,3.151070244484684,1.8797430039404774
2025-01-06 09:15:00,9,15,0,7.41656119970129,3.9468343268706017,2.801720230120895,2.7311441310062508
2025-01-06 09:20:00,9,20,0,7.2214531378115,4.215458734603138,3.314306729477871,2.36352979956846
2025-01-06 09:25:00,9,25,0,7.3854046539088865,3.9964275690224533,3.6464462793616472,2.3451855531694665
2025-01-06 09:30:00,9,30,0,7.820293956961588,3.933079229093941,3.663957324816054,2.5285792193130145
2025-01-06 09:35:00,9,35,0,8.248128796082916,4.113126580377344,3.4747611250552293,2.0281748782925533
2025-01-06 09:40:00,9,40,0,8.648312756006542,4.054503598045919,3.254080593068342,2.6807606096760597
2025-01-06 09:45:00,9,45,0,7.9131066476852805,4.206087757127358,3.2953934555407844,2.8616108667353473
2025-01-06 09:50:00,9,50,0,9.18025874260862,4.258293777813073,4.2039203971980195,2.696915590252397
2025-01-06 09:55:00,9,55,0,8.413556906208182,4.061400612001072,3.947849567409547,2.7162181714888205
2025-01-06 10:00:00,10,0,0,8.649570390670167,4.058346545075662,2.8931475954655625,2.040030332961485
2025-01-06 10:05:00,10,5,0,8.393661717501166,4.042822196457227,3.4026641892194887,1.8952892514745097
2025-01-06 10:10:00,10,10,0,7.657988201645745,4.097826111329858,2.792134540224385,1.7731611153769462
2025-01-06 10:15:00,10,15,0,9.410750113507408,4.011034127574293,2.9564941232332904,1.7993055822713875
2025-01-06 10:20:00,10,20,0,9.431499818912716,3.9998783035355423,3.3348038854874473,2.0432713069182578
2025-01-06 10:25:00,10,25,0,9.012451012635363,4.2393254241654486,3.1943452619521007,1.9402669218840602
2025-01-06 10:30:00,10,30,0,9.272290683725304,4.303223236071009,2.7719605604487763,1.7381212109133446
2025-01-06 10:35:00,10,35,0,9.578048301680035,3.6984894110733157,2.818401651564376,2.069505098805342
2025-01-06 10:40:00,10,40,0,8.615653279415811,4.002004230348114,3.1039765863535895,2.120639214611737
2025-01-06 10:45:00,10,45,0,9.204774956277907,3.8622611133109532,2.7022654632436285,1.999918162820346
2025-01-06 10:50:00,10,50,0,9.934301847293183,3.9378057067027856,2.7947876338215214,2.080293193516906
2025-01-06 10:55:00,10,55,0,8.973353832274661,4.080503241947064,3.0958154110994904,1.7655653905947124
2025-01-06 11:00:00,11,0,0,9.806037228973997,4.133887674308494,3.1936059214392696,2.467764588305649
2025-01-06 11:05:00,11,5,0,9.035129795820911,3.977574711277731,3.1669671475169325,1.967433192089779
2025-01-06 11:10:00,11,10,0,9.996175062416098,3.617331933055439,2.9366908593580514,1.9581872036654984
2025-01-06 11:15:00,11,15,0,9.790032062883563,3.806990883884764,2.847853230644598,2.05047964133041
2025-01-06 11:20:00,11,20,0,9.040511622169326,4.179299934040033,2.7723074817691393,1.62206044268042
2025-01-06 11:25:00,11,25,0,10.465984781906192,3.4519147155930137,3.0439203363627096,2.004246613155164
2025-01-06 11:30:00,11,30,0,9.54715282533908,4.2374854303364,2.885765996712561,1.7434606754779267
2025-01-06 11:35:00,11,35,0,9.535437163716006,4.104245998128908,3.057948805382807,1.8019649922859098
2025-01-06 11:40:00,11,40,0,10.062231579532927,4.263235216306004,2.972211129826933,2.352994370825289
2025-01-06 11:45:00,11,45,0,10.552907907100392,3.9602861626238077,3.130237953915077,1.7261734675236606
2025-01-06 11:50:00,11,50,0,9.48257130632938,3.5877189151954187,2.7450296857975394,2.030363818548752
2025-01-06 11:55:00,11,55,0,10.028460195723078,4.086072528301299,2.724935863588196,1.5996549037531427
2025-01-06 12:00:00,12,0,0,10.214408250165286,4.254930624807669,3.1064744022593445,2.0641871508641736
2025-01-06 12:05:00,12,5,0,10.344173074430664,4.184944361102684,3.0901196662558266,2.0526070363635807
2025-01-06 12:10:00,12,10,0,10.07870299345719,3.867461703302393,2.986937857665521,1.8675622904646678
2025-01-06 12:15:00,12,15,0,9.795075312844373,4.017352215092529,3.1032269932175884,2.30597669768103
2025-01-06 12:20:00,12,20,0,9.548151870593095,3.8934327462440153,2.8997541985113093,1.7958519579583403
2025-01-06 12:25:00,12,25,0,9.983635323746384,3.8361467071621256,2.772976116117752,1.8266539533332564
2025-01-06 12:30:00,12,30,0,9.378379107745303,4.19107771423597,3.040519704895215,1.572074487289288
2025-01-06 12:35:00,12,35,0,8.422939862930303,3.7604935377469677,3.0878340848864654,2.128782602059231
2025-01-06 12:40:00,12,40,0,10.066357432200915,3.8212367138836774,2.640384328011424,1.8041639127444802
2025-01-06 12:45:00,12,45,0,10.259820224575401,3.779194873305523,3.0159361959690827,1.9713060539391205
2025-01-06 12:50:00,12,50,0,8.581493853428414,3.7019504953401907,3.103927493653718,1.971772635696727
2025-01-06 12:55:00,12,55,0,9.208555345777645,4.0292828583685205,3.252953905354993,1.9357661201912637
2025-01-06 13:00:00,13,0,0,9.968835393393281,4.232300609696395,2.803393402656049,1.7873116267476488
2025-01-06 13:05:00,13,5,0,10.629246278715136,3.963024648750947,3.147093701856338,2.0059242283913834
2025-01-06 13:10:00,13,10,0,9.547566361319975,3.698850439887167,3.126743180145039,2.122624499845837
2025-01-06 13:15:00,13,15,0,9.10529982433649,4.167988907948406,2.596030029447232,1.7719834797953113
2025-01-06 13:20:00,13,20,0,9.305477987306665,4.337140350806994,2.795874991899236,1.8367871623016474
2025-01-06 13:25:00,13,25,0,10.007516902402077,3.870751535170681,2.9159289346846946,2.199829918923437
2025-01-06 13:30:00,13,30,0,8.9158132355506,3.904289146656456,3.2396964704767797,1.9414218339594007
2025-01-06 13:35:00,13,35,0,8.753518787869343,4.103132126016678,2.949743827735051,1.8589132551885428
2025-01-06 13:40:00,13,40,0,8.821706109275484,4.32437474955701,3.017837539447709,2.0405041765467873
2025-01-06 13:45:00,13,45,0,8.492063111197528,3.8960331708549547,3.1612951110004532,2.1596877451965106
2025-01-06 13:50:00,13,50,0,8.931443489779616,3.733510043800359,2.53957638978619,1.9694910104725765
2025-01-06 13:55:00,13,55,0,9.579606786309858,4.126283721254481,3.2768200061780206,1.9123770145390167
2025-01-06 14:00:00,14,0,0,8.821793674402402,4.15981361462846,3.2278483636726576,1.9387096399977621
2025-01-06 14:05:00,14,5,0,8.422941955666321,4.001226290087045,3.0349846934883926,1.77262186152017
2025-01-06 14:10:00,14,10,0,8.288008823671086,3.8883733480685096,2.780150288486697,2.145098314452603
2025-01-06 14:15:00,14,15,0,7.533100718677124,4.198875746198409,3.176363656040133,2.0052857812400986
2025-01-06 14:20:00,14,20,0,8.633075331463496,4.105607200909593,2.7544951514723217,2.008760911321443
2025-01-06 14:25:00,14,25,0,8.025527444168427,3.8463128966193016,3.2514469921348557,2.348573294010352
2025-01-06 14:30:00,14,30,0,7.8432934461170385,4.009818946261134,2.936658413534817,1.668026429948442
2025-01-06 14:35:00,14,35,0,9.395398614851247,3.7296584935950707,3.1680727199109557,1.9448073807089998
2025-01-06 14:40:00,14,40,0,7.809820885372623,4.137178091287584,3.188608128312208,2.056214445003524
2025-01-06 14:45:00,14,45,0,7.142502549742182,3.947553286123429,2.82331117884763,2.011648872131876
2025-01-06 14:50:00,14,50,0,7.159594569998469,3.9128578335230526,3.2616676734108654,1.9701692022065513
2025-01-06 14:55:00,14,55,0,7.797862475195937,3.993425102969513,2.7930389673109244,1.6822711662806686
2025-01-06 15:00:00,15,0,0,7.127703017134357,4.008061539866049,2.8455670626270697,1.9179727476458035
2025-01-06 15:05:00,15,5,0,6.195991568664008,4.178986012313112,3.163999827183452,1.7758301464376756
2025-01-06 15:10:00,15,10,0,7.215516543444205,4.1182181062650445,3.310750377145927,1.7325695578317617
2025-01-06 15:15:00,15,15,0,6.259386108231192,3.9687181442414396,3.466297218511367,2.345103711350894
2025-01-06 15:20:00,15,20,0,7.364524984974168,4.152733629943799,3.0282332498775983,1.6704612930460816
2025-01-06 15:25:00,15,25,0,6.799258754697917,4.080147450738322,2.988915187603516,1.9226318084026988
2025-01-06 15:30:00,15,30,0,5.863953342257833,3.9146800727427924,2.7451425553898154,2.0582019254494885
2025-01-06 15:35:00,15,35,0,6.5536046645033785,3.975056368352703,2.835271374028871,1.8570188305900837
2025-01-06 15:40:00,15,40,0,5.769692118774166,3.9703554222313757,2.959264273085529,1.8850182342588593
2025-01-06 15:45:00,15,45,0,5.982089167757131,4.101052268634841,3.415631323422006,1.89285707340009
2025-01-06 15:50:00,15,50,0,5.615362492115475,3.9265954770556717,3.088176202278895,2.0291044984420723
2025-01-06 15:55:00,15,55,0,4.764554254109781,3.921918162715673,3.070550045051774,2.085817680722186
2025-01-06 16:00:00,16,0,0,4.6782250838412685,4.393751461886792,3.1762722973212245,2.0532892151237285
2025-01-06 16:05:00,16,5,0,5.324868097984461,4.187947096349421,3.044979158977264,2.011695413693628
2025-01-06 16:10:00,16,10,0,4.450098466297069,3.847879867114972,2.9723164295320053,1.8176404236678645
2025-01-06 16:15:00,16,15,0,4.221062670569015,4.114188198788439,2.9878263245159595,2.0482534750531065
2025-01-06 16:20:00,16,20,0,3.7486213277323226,4.023670013131035,3.080432911314559,2.036056954598047
2025-01-06 16:25:00,16,25,0,4.2392664313841,4.078310235052019,2.953408997310293,1.9885840193608204
2025-01-06 16:30:00,16,30,0,4.8580967832724715,4.027468264913021,2.8892707030898417,2.0626447982013127
2025-01-06 16:35:00,16,35,0,3.0906139257098855,4.237928529097047,2.9557743544171755,2.036112187639494
2025-01-06 16:40:00,16,40,0,3.4323111615930637,4.069124068930289,3.2001606086765104,1.858128218071516
2025-01-06 16:45:00,16,45,0,3.920504930739332,3.9875822603571427,3.1193390761820967,2.0066420359770745
2025-01-06 16:50:00,16,50,0,2.9672372994198755,4.2084381153966035,3.404238719916151,1.956739934307298
2025-01-06 16:55:00,16,55,0,3.0244760384347855,4.046657008217575,3.1390329166302133,2.0030706903511954
2025-01-06 17:00:00,17,0,0,2.0569936869517704,4.0242957158658115,2.7223390983373013,1.895862180896171
2025-01-06 17:05:00,17,5,0,2.591012471865558,4.062804520497223,3.1760942210856786,1.9134611078783454
2025-01-06 17:10:00,17,10,0,2.070824006878753,3.981278195326727,2.555948737032077,1.9937193966150992
2025-01-06 17:15:00,17,15,0,2.4437682180012175,4.001845398599094,2.781532740409798,2.026363546519344
2025-01-06 17:20:00,17,20,0,2.3301748024516824,3.8826610822476253,3.3102294162796038,2.1538914621605807
2025-01-06 17:25:00,17,25,0,2.816015682908473,3.8497665560752243,3.3073311657479953,1.8876975957111017
2025-01-06 17:30:00,17,30,0,1.5950785088073036,3.800285922703512,2.9713667332728937,1.791112760638444
2025-01-06 17:35:00,17,35,0,1.2515669068107336,3.721603342640585,2.863191310991981,1.814623033542764
2025-01-06 17:40:00,17,40,0,0.96874957826525,3.824056527723089,2.7386554061576085,2.273171325066268
2025-01-06 17:45:00,17,45,0,0.47744814589608703,3.9651465931066148,2.5816079409947155,2.2740277809609113
2025-01-06 17:50:00,17,50,0,0.6054357953842107,4.0206235164891275,3.249211784984046,2.0999585350957997
2025-01-06 17:55:00,17,55,0,0.07044814527609303,3.945740687370472,2.777098546381186,1.6835649777113586
2025-01-06 18:00:00,18,0,0,0.08423048813480837,3.5288593019745282,3.335478895620931,2.687536136901977
2025-01-06 18:05:00,18,5,0,0.6587987678039798,4.314917271552469,3.5009190912322024,2.1869501514715726
2025-01-06 18:10:00,18,10,0,0.0,4.217296024578077,3.844461435396947,3.0053149984544616
2025-01-06 18:15:00,18,15,0,0.5699392805645227,4.089151970243425,3.432020250795621,2.532801071079204
2025-01-06 18:20:00,18,20,0,0.6585575336699326,4.381498134510654,3.0473453949111513,2.3756839851672895
2025-01-06 18:25:00,18,25,0,0.0,3.804527176503258,3.653131993400298,2.6064569620773335
2025-01-06 18:30:00,18,30,0,0.0,4.377525024125201,3.347699645237088,2.4177269474570657
2025-01-06 18:35:00,18,35,0,0.0,3.8069571846498906,3.3658367790366346,2.4164605858844843
2025-01-06 18:40:00,18,40,0,0.6484972732805546,4.047747585058271,3.626970440755438,1.9097388743892632
2025-01-06 18:45:00,18,45,0,0.0,3.745232534973159,3.4776951455576235,2.6049926606877065
2025-01-06 18:50:00,18,50,0,0.0,4.0029388191088735,3.3288545943076766,2.3562000868105355
2025-01-06 18:55:00,18,55,0,0.0,4.077233299599678,3.3648816677553652,2.356285007938852
2025-01-06 19:00:00,19,0,0,0.4203100132522765,3.969061933773089,3.501765133355112,2.538700827404135
2025-01-06 19:05:00,19,5,0,0.27336678410068965,4.142775488818027,2.86984570512986,2.6958641114416864
2025-01-06 19:10:00,19,10,0,0.0,4.019802889897451,3.413000334695912,3.07988895264056
2025-01-06 19:15:00,19,15,0,0.0,3.895517054324498,3.1425054383303874,2.2398056473737005
2025-01-06 19:20:00,19,20,0,0.0,3.886637336439532,3.439127306425022,2.6239676349058105
2025-01-06 19:25:00,19,25,0,0.0,4.16218275452314,2.9147698017885495,2.251269984365168
2025-01-06 19:30:00,19,30,0,0.8076878447347209,3.8692515940386065,3.677396048172153,2.2155628160702374
2025-01-06 19:35:00,19,35,0,0.0,4.183080594096987,3.911007912912868,2.3638349203452784
2025-01-06 19:40:00,19,40,0,0.6085792604127482,4.244542358566386,3.230188039597431,2.683073277336856
2025-01-06 19:45:00,19,45,0,0.7606580259612257,3.666257227530774,3.982285216047334,2.624918877623169
2025-01-06 19:50:00,19,50,0,0.4991554490739802,4.226585277460207,3.8781288197669777,3.002990602191089
2025-01-06 19:55:00,19,55,0,0.0,4.41208453968894,3.2234423960217264,2.7815174002178757
2025-01-06 20:00:00,20,0,0,0.20186504516830472,4.050400752240385,3.042958847208936,2.6274707595359157
2025-01-06 20:05:00,20,5,0,0.0,4.1198168370589645,3.4786046328455544,2.8728850609126186
2025-01-06 20:10:00,20,10,0,0.0,4.207401064873832,3.851675453895452,2.6709350051603207
2025-01-06 20:15:00,20,15,0,0.1621796408608015,3.9449035369641954,3.5895283698448455,2.6525106030165855
2025-01-06 20:20:00,20,20,0,0.0,4.036456044707574,3.5185312614129636,2.481641277667629
2025-01-06 20:25:00,20,25,0,0.5938396942307819,3.737160094075378,3.932773451675733,2.9688669459034527
2025-01-06 20:30:00,20,30,0,0.0,4.02772700570609,3.457502240689338,2.5712909209032233
2025-01-06 20:35:00,20,35,0,0.10057982793641965,4.099622399128909,3.5244965674318323,2.0164904674188415
2025-01-06 20:40:00,20,40,0,0.14164393577307108,4.103232604585294,3.3990693267163983,2.979911260314431
2025-01-06 20:45:00,20,45,0,0.0,4.213084944719516,3.2750672374904566,3.1343630386903905
2025-01-06 20:50:00,20,50,0,0.29334690073763736,3.845039564372894,3.8516378928768145,2.6204494451638625
2025-01-06 20:55:00,20,55,0,0.0,3.8934786486653006,3.6682529857929262,2.224837991099492
2025-01-06 21:00:00,21,0,0,0.4356486487286221,4.379101469198271,3.4204313743325896,2.932419733096528
2025-01-06 21:05:00,21,5,0,0.0,3.969934325247258,3.31564119824794,2.81833952708464
2025-01-06 21:10:00,21,10,0,0.06318978977320591,4.040006757462465,3.0868879431688825,2.140552476257497
2025-01-06 21:15:00,21,15,0,0.9694644995291424,3.9865979916549557,4.070415399675895,2.496448856127903
2025-01-06 21:20:00,21,20,0,0.0,3.8356638347389955,3.338450033901698,2.9088222480996886
2025-01-06 21:25:00,21,25,0,0.0,4.3247058421783615,3.873746466489051,2.7762263695771714
2025-01-06 21:30:00,21,30,0,0.2569539248294575,3.894459717615879,3.3290306241763683,2.4139247272186974
2025-01-06 21:35:00,21,35,0,0.08979089096979898,3.774542895258614,3.593488647117419,2.708319802644171
2025-01-06 21:40:00,21,40,0,0.1753150496367796,3.9098519445394495,3.347454927794439,2.551221133186209
2025-01-06 21:45:00,21,45,0,0.24459356507383176,3.599658799654893,3.580217390239222,2.886030926912576
2025-01-06 21:50:00,21,50,0,0.31736073428088496,3.8697425070033638,3.7263397486805356,2.0479595065494127
2025-01-06 21:55:00,21,55,0,0.5548499209781116,3.8063742804295346,3.4359109074543843,2.221364989004975
2025-01-06 22:00:00,22,0,0,0.20490932846425627,4.123485726185465,3.1136174841223347,2.1846306701010088
2025-01-06 22:05:00,22,5,0,0.0,3.8653171520880254,3.020311197122049,1.94637459387443
2025-01-06 22:10:00,22,10,0,0.33628685060136565,4.17756078711577,3.0138339586071967,2.041783854695551
2025-01-06 22:15:00,22,15,0,0.9499409674476078,4.279696798613864,2.8719800696566185,1.756257779846127
2025-01-06 22:20:00,22,20,0,0.0,4.15623506725752,2.589972191488929,2.253436426347777
2025-01-06 22:25:00,22,25,0,0.0,3.9569223422279847,3.099273248726993,2.0725022022688346
2025-01-06 22:30:00,22,30,0,0.5535403346434864,4.028222899341118,3.25303977759059,1.7489063980615165
2025-01-06 22:35:00,22,35,0,0.0,3.6950030119711883,2.6528738248289963,2.0768463833038178
2025-01-06 22:40:00,22,40,0,0.0,3.9732441254957522,3.0586542750886863,1.6537386380654493
2025-01-06 22:45:00,22,45,0,0.4237108385752108,3.8279123063866334,3.071904212428094,1.9199554095200864
2025-01-06 22:50:00,22,50,0,0.0,4.1388652762298594,2.8385823880524836,1.9333152583435174
2025-01-06 22:55:00,22,55,0,0.0,4.5145504778488945,2.511694285816306,1.8817251553216123
2025-01-06 23:00:00,23,0,0,0.16599016528450727,4.099964327194762,2.859141086103159,2.111420489387228
2025-01-06 23:05:00,23,5,0,0.0952498398895332,3.6017719702090667,2.9683539726978228,2.1277737747357763
2025-01-06 23:10:00,23,10,0,0.35472590856951974,3.9277539614171255,2.4900921310526636,1.8321803554857903
2025-01-06 23:15:00,23,15,0,0.0,4.024498185074891,3.111199410314289,1.938227073885369
2025-01-06 23:20:00,23,20,0,0.25655289908804135,4.017471485052052,3.1690921065948734,1.6390794181221553
2025-01-06 23:25:00,23,25,0,0.0,3.8538373748782493,3.146222167937895,1.8721721564429918
2025-01-06 23:30:00,23,30,0,0.3694052404437515,4.049058348527387,2.852760583123465,2.1982094093854903
2025-01-06 23:35:00,23,35,0,0.3076837420065267,3.7514998326161226,3.2323802259913013,2.2069399392174565
2025-01-06 23:40:00,23,40,0,0.0,3.8110182554629866,3.407728385009653,2.253360721688667
2025-01-06 23:45:00,23,45,0,0.5429910580875161,4.129159528320742,2.8409126832535403,2.02832762562713
2025-01-06 23:50:00,23,50,0,0.0,3.7968673538240347,2.927960418303013,2.405817971989813
2025-01-06 23:55:00,23,55,0,0.40402889914057255,4.107642321098451,3.2209739909397417,1.9622239726573087
2025-01-07 00:00:00,0,0,1,0.18364365670067032,3.726107245068788,3.1755819595506005,1.753560306737379
2025-01-07 00:05:00,0,5,1,0.9190918383975613,4.352965176758348,3.0500523475290944,1.812415501479383
2025-01-07 00:10:00,0,10,1,0.0,3.845146015519189,2.6622815598745184,2.1569072475059667
2025-01-07 00:15:00,0,15,1,0.0,3.955266685639311,3.1817182190375104,2.091442527242397
2025-01-07 00:20:00,0,20,1,0.0,4.066122652218081,2.9634065918866996,1.7467282690307182
2025-01-07 00:25:00,0,25,1,0.0,3.886930009499781,2.7677306258565504,1.8061440040522405
2025-01-07 00:30:00,0,30,1,0.39997095097102503,4.028681192214261,2.9532653416550154,2.215235746720983
2025-01-07 00:35:00,0,35,1,0.0,4.115071344904025,3.2120808422157303,1.6702864800774246
2025-01-07 00:40:00,0,40,1,0.0,4.192122646500697,2.8613533326566105,1.8559677960856322
2025-01-07 00:45:00,0,45,1,0.0,4.158299487194592,2.493683374299751,2.1132241893899817
2025-01-07 00:50:00,0,50,1,0.47515379598678786,3.9656379072394654,2.9507680351362957,1.9773714926738049
2025-01-07 00:55:00,0,55,1,0.8553066862909626,3.9706736451912796,3.2691742116751277,2.0176618026568716
2025-01-07 01:00:00,1,0,1,0.0,4.4698217116050065,2.9138539070067964,2.1144155242009885
2025-01-07 01:05:00,1,5,1,0.0,4.189977813649858,3.2117743693151124,2.059293513209845
2025-01-07 01:10:00,1,10,1,0.03502608155659069,3.8156352687359574,3.1378379197396296,1.970886470051423
2025-01-07 01:15:00,1,15,1,0.5809391513040952,4.01999763275311,2.9836284507280673,2.0226041420597656
2025-01-07 01:20:00,1,20,1,0.0,3.9329713722443613,2.8493758099134676,1.88638767712608
2025-01-07 01:25:00,1,25,1,0.11918449136739256,3.972933153215378,3.2755759283636947,2.4015912191724644
2025-01-07 01:30:00,1,30,1,0.48759881489121487,3.7541009684583826,3.318439582807636,1.7353485286462904
2025-01-07 01:35:00,1,35,1,0.2505470849699226,3.9176153531228093,2.7160284930830056,1.761858113610968
2025-01-07 01:40:00,1,40,1,0.0947908082993717,4.362311154638783,3.026877488375896,1.4382550815284674
2025-01-07 01:45:00,1,45,1,0.5005230462835706,4.115815260175101,2.8822396866760998,2.2814198578322227
2025-01-07 01:50:00,1,50,1,0.0,3.501767718369708,3.196487766145782,1.8981810698852986
2025-01-07 01:55:00,1,55,1,0.3389376597654538,4.243344698499589,2.9133289117658725,2.113448341361381
2025-01-07 02:00:00,2,0,1,0.0,4.217925904581833,3.1870537510488397,1.8933725464520479
2025-01-07 02:05:00,2,5,1,0.0,3.928142939138717,2.9531267956561127,1.8867980542959952
2025-01-07 02:10:00,2,10,1,0.25560129976249035,4.143452708756643,2.7337301117249573,1.956051250395637
2025-01-07 02:15:00,2,15,1,0.6868292725814789,3.82812015783656,2.9408144919582475,1.7478711768022688
2025-01-07 02:20:00,2,20,1,0.0,3.9059488567467286,3.129216187527546,2.096664135725178
2025-01-07 02:25:00,2,25,1,0.4764372736014694,4.2997092721339705,3.1391439401690153,1.8463859289071265
2025-01-07 02:30:00,2,30,1,0.8061391289943227,3.9456539920260583,2.6032848643770707,2.09346622592913
2025-01-07 02:35:00,2,35,1,0.6574572267920237,3.6260536676090016,2.867177457074057,1.8218663733508598
2025-01-07 02:40:00,2,40,1,0.8199822646856965,3.9873393554437326,2.7485893850713117,1.9449354943825692
2025-01-07 02:45:00,2,45,1,0.3710637455359461,3.984282321417129,3.3154654594100945,1.8989100957288971
2025-01-07 02:50:00,2,50,1,0.0377168194507964,4.239673713874692,2.782039391166613,2.130386680206006
2025-01-07 02:55:00,2,55,1,0.0,4.002867284435152,3.0345624559542568,1.5761397264623584
2025-01-07 03:00:00,3,0,1,0.0,3.915683537711941,3.1324692639506573,2.42569355370032
2025-01-07 03:05:00,3,5,1,0.0,4.209011229046241,2.479892814514195,1.7528587951955752
2025-01-07 03:10:00,3,10,1,1.0854713587489069,4.024158046500222,2.4302945822696786,1.984939115851833
2025-01-07 03:15:00,3,15,1,0.0,3.8499954636868567,3.1980772473222707,2.021100149959256
2025-01-07 03:20:00,3,20,1,0.061602403392242835,4.2309995121083235,3.278399139622534,2.166110058066027
2025-01-07 03:25:00,3,25,1,0.2757426880202338,4.038732352903359,3.3404294647004353,2.232042153621419
2025-01-07 03:30:00,3,30,1,0.021801223186226862,4.000585193335888,2.919411386278099,2.013345291246968
2025-01-07 03:35:00,3,35,1,0.8475255202153765,4.035581678282331,2.8262646169038055,1.9538687662263903
2025-01-07 03:40:00,3,40,1,0.0,3.7858663257166807,3.012366334403624,1.9830185352929293
2025-01-07 03:45:00,3,45,1,0.09730372761862136,3.8944692447643323,3.268450705260722,1.933966387498634
2025-01-07 03:50:00,3,50,1,0.0,4.000716520366557,2.8135827172885284,1.8260777930193626
2025-01-07 03:55:00,3,55,1,0.0,3.961067260995064,3.131020054324506,1.7193723183822
2025-01-07 04:00:00,4,0,1,0.0,4.254485676563319,2.9597627659698165,2.2655000490910844
2025-01-07 04:05:00,4,5,1,0.0,4.043481170545401,3.058519689148166,1.985078922176249
2025-01-07 04:10:00,4,10,1,0.0,4.170980784527281,2.992817919272314,1.7940870815545655
2025-01-07 04:15:00,4,15,1,0.0,4.0018790709151695,2.8285730579130917,1.9609636654170846
2025-01-07 04:20:00,4,20,1,0.0,4.211257696749224,3.0542546060218587,2.1896300023604223
2025-01-07 04:25:00,4,25,1,0.0,4.0795055513146306,3.018512123434287,2.2705548351508495
2025-01-07 04:30:00,4,30,1,0.0,4.002684097077692,3.321039603041905,2.159053442496441
2025-01-07 04:35:00,4,35,1,0.3800279818448013,3.997343382208196,3.244996281611177,1.801857295722381
2025-01-07 04:40:00,4,40,1,0.04121987646725164,3.8091122747418074,2.7701602130623875,2.1035946752580332
2025-01-07 04:45:00,4,45,1,0.0,4.101383144027262,2.7317580376265904,1.9419256311968134
2025-01-07 04:50:00,4,50,1,0.0,3.991959053092724,3.154238381065948,2.2826745849370416
2025-01-07 04:55:00,4,55,1,0.0,3.899601607963759,2.949156869942387,1.8700111409384619
2025-01-07 05:00:00,5,0,1,0.15958725520959022,4.221292354162414,3.0640923243023166,1.785291311295222
2025-01-07 05:05:00,5,5,1,0.6702252230115723,3.7499567948210397,2.9653442703413146,1.9983999903447438
2025-01-07 05:10:00,5,10,1,0.0,3.9155008209135134,2.994403201465841,2.0177006947635765
2025-01-07 05:15:00,5,15,1,0.05751303957370858,4.205543749755907,2.8330970288855717,1.8546014014763166
2025-01-07 05:20:00,5,20,1,0.0,4.063104588184051,2.850576747793476,1.6759811321609885
2025-01-07 05:25:00,5,25,1,0.33567003822523284,3.9904282144694485,3.068366064369221,2.178931490338401
2025-01-07 05:30:00,5,30,1,0.10659831411884457,4.05020070863003,3.159262016570707,1.947500627907849
2025-01-07 05:35:00,5,35,1,0.0,4.035882834209768,2.8377989521072227,2.148862928472538
2025-01-07 05:40:00,5,40,1,0.0,3.696667490742816,3.1277846044749102,2.0434841284872594
2025-01-07 05:45:00,5,45,1,0.0,3.9301476229304075,3.348862250484655,1.9947148957265874
2025-01-07 05:50:00,5,50,1,0.5380035692992992,4.32330433090275,2.9486220032150223,1.92003653378508
2025-01-07 05:55:00,5,55,1,0.01065582433597111,3.8681351730445663,2.6878244587038385,2.1322679928284587
2025-01-07 06:00:00,6,0,1,0.9505953428765037,3.936339797179133,2.978902926568445,2.101986248271359
2025-01-07 06:05:00,6,5,1,0.18781844343830004,3.8916758473381625,3.368375600418248,1.9218496460190766
2025-01-07 06:10:00,6,10,1,0.08199049019812943,3.9825969553363727,2.53239825664169,2.0962140739021544
2025-01-07 06:15:00,6,15,1,0.0,3.8833754337351403,3.033371877978535,1.853509224805736
2025-01-07 06:20:00,6,20,1,0.0,4.097348300431612,3.0794532671242996,2.157219264020875
2025-01-07 06:25:00,6,25,1,0.2966007770169016,4.039462682458053,2.8106780179576907,1.9397336277193236
2025-01-07 06:30:00,6,30,1,1.4388252477062575,4.1547095230214035,3.2953507459697855,1.855675561754127
2025-01-07 06:35:00,6,35,1,1.7755963735141331,3.7898117667622078,3.0133339510827573,1.475117766791223
2025-01-07 06:40:00,6,40,1,0.9458864256532374,3.9319319034234193,2.703630899783741,2.03150349946656
2025-01-07 06:45:00,6,45,1,2.3984223771993403,3.954855473677573,3.24559756191712,1.7275940635997997
2025-01-07 06:50:00,6,50,1,1.9228656135393083,4.091129382017719,3.014912812412099,1.9248564181892567
2025-01-07 06:55:00,6,55,1,2.450255429254506,3.841355760558593,3.190617610998499,1.7564393389354829
2025-01-07 07:00:00,7,0,1,3.3943007651529196,4.183130760851669,3.6290232945102456,2.303892793901123
2025-01-07 07:05:00,7,5,1,3.246709798242686,4.237283118103521,3.5669114074479427,2.5206793156925418
2025-01-07 07:10:00,7,10,1,2.872792671089816,3.8022255304728834,3.424466277757215,2.643343553880815
2025-01-07 07:15:00,7,15,1,2.768798540323972,3.901825421021287,3.5130958202908884,2.4601581093769913
2025-01-07 07:20:00,7,20,1,2.344293732592034,3.8936136983415817,3.3930750397931773,2.523279516923601
2025-01-07 07:25:00,7,25,1,3.2648037232158065,4.5264772409355,3.5666130644438216,2.203257375975814
2025-01-07 07:30:00,7,30,1,3.7212692042370508,3.9140199789584225,3.3951586286247872,2.1834442166106482
2025-01-07 07:35:00,7,35,1,3.533877135011779,4.335525088431227,3.4880463731657643,2.3223003385437915
2025-01-07 07:40:00,7,40,1,4.160554133860843,3.746673600978678,3.7312349443943766,2.701818093327007
2025-01-07 07:45:00,7,45,1,4.461312843669398,3.8020698067671272,3.2231754309306893,2.4993077963804575
2025-01-07 07:50:00,7,50,1,4.505058141446299,3.86267909363036,3.691554973774509,2.4474075039507914
2025-01-07 07:55:00,7,55,1,4.484886398782147,3.8308621377106955,3.2815347425583368,2.172278941586561
2025-01-07 08:00:00,8,0,1,5.084327335983363,3.9464202531683004,3.7562802684735086,2.770813944485491
2025-01-07 08:05:00,8,5,1,5.40870290638992,3.8582443594557003,3.4376157203377855,2.729841275358003
2025-01-07 08:10:00,8,10,1,4.827796544746813,3.8361316814530855,2.6104368410343977,2.898266395212771
2025-01-07 08:15:00,8,15,1,6.261168520069157,4.231694399294666,3.452916558416846,2.542532968239847
2025-01-07 08:20:00,8,20,1,5.686470297368332,4.244758724502633,3.403844682900209,2.918712244560252
2025-01-07 08:25:00,8,25,1,5.922521295108246,4.189859299675063,3.18178051281334,2.942338097982051
2025-01-07 08:30:00,8,30,1,6.4417215017154845,4.104799791116865,3.6188812762835334,2.6867992647754475
2025-01-07 08:35:00,8,35,1,6.375842787472343,4.01854861315591,3.401238631001325,2.1075342406310886
2025-01-07 08:40:00,8,40,1,6.904444413822015,3.900593861866818,3.7791532296608303,2.5934225053567994
2025-01-07 08:45:00,8,45,1,6.7370202336016005,3.809368499048982,3.9084870374926455,2.4418671039352904
2025-01-07 08:50:00,8,50,1,6.449683388836385,4.072599140686537,3.3742305863303255,2.9164264709920906
2025-01-07 08:55:00,8,55,1,7.095882320425742,3.7652739214906403,4.073568249349234,2.502804152909719
2025-01-07 09:00:00,9,0,1,6.499204708205145,3.8012158141649213,3.274172750942868,2.7431592288368645
2025-01-07 09:05:00,9,5,1,7.2779194734858175,4.230582651240962,3.4237938301487976,2.6797788476202395
2025-01-07 09:10:00,9,10,1,7.356158372779009,4.380129808344417,3.422217207686374,2.969204205463544
2025-01-07 09:15:00,9,15,1,7.414339646153503,4.078659027633297,3.29015314848479,2.644158898756588
2025-01-07 09:20:00,9,20,1,7.596175675470316,4.221291430458929,3.353389408930363,2.415548031573769
2025-01-07 09:25:00,9,25,1,6.857920308179997,3.950830336511203,3.376383303571827,2.7215824198280245
2025-01-07 09:30:00,9,30,1,7.6591709490418705,3.732465162782463,3.775508934480161,2.667321648679711
2025-01-07 09:35:00,9,35,1,8.110868493245384,4.122434323723716,3.467604959976419,2.542054009300478
2025-01-07 09:40:00,9,40,1,8.271448638888618,4.113857864654013,3.7693164705378273,2.7787934761622815
2025-01-07 09:45:00,9,45,1,7.800858552562474,4.014333710776048,2.6929173105939395,2.4183333484681913
2025-01-07 09:50:00,9,50,1,9.066768378561209,3.951524908378978,3.432722362568154,2.7007757692378487
2025-01-07 09:55:00,9,55,1,8.116031282622215,4.1924421157162195,3.479968754686776,2.7157550142847864
2025-01-07 10:00:00,10,0,1,9.144982638107754,3.8028533933145052,2.7842678457938894,2.052010903092156
2025-01-07 10:05:00,10,5,1,8.98086473801092,3.8452438842218686,3.180041130690099,1.7051234261363704
2025-01-07 10:10:00,10,10,1,8.546994676860315,3.798378698647914,3.5027286936417807,2.238177186573304
2025-01-07 10:15:00,10,15,1,9.856382861631639,4.0169945925271655,3.000270660493128,1.8343183785522463
2025-01-07 10:20:00,10,20,1,8.46625945448826,3.7824213975781484,2.964982969945259,2.016760471922268
2025-01-07 10:25:00,10,25,1,9.61269187799947,3.863151563896951,3.0881325113624096,2.3001321698920063
2025-01-07 10:30:00,10,30,1,9.739086484134358,3.8588488875545606,2.904780306111431,2.1125419675145123
2025-01-07 10:35:00,10,35,1,8.984768588289663,3.9478783335332084,2.7415141674799774,1.9172798571349465
2025-01-07 10:40:00,10,40,1,10.093158857891249,3.7025251107192045,3.0753433695738717,2.1382524982017608
2025-01-07 10:45:00,10,45,1,9.344278037651579,4.017440998407453,2.849353504667076,1.9118416607976172
2025-01-07 10:50:00,10,50,1,9.6815163221222,4.2494607301329355,3.292111327116709,2.232381723925609
2025-01-07 10:55:00,10,55,1,9.730659463244898,4.027098274463352,3.0416914434104734,1.552670969355857
2025-01-07 11:00:00,11,0,1,9.592103892155409,4.308264228960264,3.502226509538002,1.996013687668551
2025-01-07 11:05:00,11,5,1,10.118824834712505,4.266799637175385,2.9374865883957346,1.895528014829177
2025-01-07 11:10:00,11,10,1,10.15970443147544,4.155547009449571,3.0752734074398216,2.077316517834186
2025-01-07 11:15:00,11,15,1,8.933586817413214,4.014937168527377,3.1901255746253026,1.8147875671301974
2025-01-07 11:20:00,11,20,1,10.500247651561157,4.004500077649088,2.937501024371748,2.4061091446448404
2025-01-07 11:25:00,11,25,1,9.052369110659768,4.152759954472652,3.0449181266499985,1.9654951253346507
2025-01-07 11:30:00,11,30,1,10.430721715908932,3.9216658780991933,2.8116764468832596,2.1011868611641504
2025-01-07 11:35:00,11,35,1,10.503915950636987,3.623495849706507,3.2062036434084886,2.1749175291619616
2025-01-07 11:40:00,11,40,1,9.416463765809857,4.098400810820592,2.9482398272782167,2.072250456672707
2025-01-07 11:45:00,11,45,1,9.773182088408744,3.773786274013006,3.3343318873297223,2.214176458434294
2025-01-07 11:50:00,11,50,1,9.43762988157561,3.807571754361923,2.843167451561336,1.490798987075706
2025-01-07 11:55:00,11,55,1,9.890159755654723,4.0000447895991575,3.059354501416847,2.1597136253496867
2025-01-07 12:00:00,12,0,1,9.84598285790713,3.980975024489306,2.7821551016253476,1.9982420955754445
2025-01-07 12:05:00,12,5,1,10.38745053693376,3.717584878736874,2.9472601868253845,2.0208572644464398
2025-01-07 12:10:00,12,10,1,10.645636588878382,4.0330983128266285,2.8910607425760575,2.2581021995255988
2025-01-07 12:15:00,12,15,1,10.676431137781012,4.19322793217221,3.0295937761265526,1.82419662276705
2025-01-07 12:20:00,12,20,1,9.680862967628304,3.7743316859468434,3.183492430718744,1.747162480801659
2025-01-07 12:25:00,12,25,1,9.835952445350932,4.254496666169752,3.2568988755070265,2.198211884844513
2025-01-07 12:30:00,12,30,1,9.07272951762763,3.687965834974011,3.277955059064157,1.9683507255116768
2025-01-07 12:35:00,12,35,1,9.48068007142951,4.423464828874191,2.9007772040433246,2.0168043521866186
2025-01-07 12:40:00,12,40,1,10.33050334667081,3.917747913903303,2.983112642728894,1.8694527428872976
2025-01-07 12:45:00,12,45,1,10.61564421580642,4.029123399365378,2.8892753371748716,1.9267254305467072
2025-01-07 12:50:00,12,50,1,9.145785635259372,3.621593285502866,2.7659992627120276,2.135592657919867
2025-01-07 12:55:00,12,55,1,9.417188568556167,3.987572786706138,2.9895405724857986,1.9383243061532707
2025-01-07 13:00:00,13,0,1,9.64605538441122,4.045696435543638,2.7779291678116644,1.767925404466507
2025-01-07 13:05:00,13,5,1,9.74057912326909,3.982767579180101,3.3871828101444823,1.874548507427686
2025-01-07 13:10:00,13,10,1,9.132367747521448,3.887383784589525,3.1221056788418653,2.0325268939800356
2025-01-07 13:15:00,13,15,1,9.681331817183102,3.810687096294437,2.4449623077783795,2.3584901646277183
2025-01-07 13:20:00,13,20,1,9.160006534323626,4.226105323907462,3.136816795755223,1.8464659691390382
2025-01-07 13:25:00,13,25,1,9.312852557388846,4.00616142699959,2.994326699114081,1.7701633265192669
2025-01-07 13:30:00,13,30,1,9.511937449114718,4.308150475303354,3.3652440956922267,1.818468458351707
2025-01-07 13:35:00,13,35,1,9.156325926099939,3.8947035290410152,2.895383200661068,1.8540877843704817
2025-01-07 13:40:00,13,40,1,8.844884925103216,3.9130410613255564,3.016075880041834,2.274063300027863
2025-01-07 13:45:00,13,45,1,8.913922513363968,4.163118848919233,3.3578748898190316,1.9202007711555407
2025-01-07 13:50:00,13,50,1,8.82592685217955,3.675405007599287,3.0756517964635846,2.0163810825208146
2025-01-07 13:55:00,13,55,1,8.582262042134014,3.7573073279694156,2.8036781471111882,2.4845111149191887
2025-01-07 14:00:00,14,0,1,8.530856006510836,4.219496994270632,3.2725519124592513,2.037823169942207
2025-01-07 14:05:00,14,5,1,9.348442291981822,3.765613214155361,3.3163752186997977,2.242421342543561
2025-01-07 14:10:00,14,10,1,8.714374182099478,3.6361897969394903,3.016372268216351,2.0651927210655985
2025-01-07 14:15:00,14,15,1,8.166955964010873,4.3737054376146185,3.3024252284753306,1.8107692837740639
2025-01-07 14:20:00,14,20,1,8.539997645145284,3.721236470425159,3.334738139464268,1.9549774878629766
2025-01-07 14:25:00,14,25,1,7.897536297796822,4.036823879665634,3.304935348569513,1.998954680507436
2025-01-07 14:30:00,14,30,1,8.520095721705673,4.013817038544854,3.0675212444945945,1.9931383286855082
2025-01-07 14:35:00,14,35,1,7.9836659270278645,3.437874336676383,2.8936312754377544,1.9459890203711376
2025-01-07 14:40:00,14,40,1,7.606793359187665,3.9465365953664384,3.2758222806337134,1.5371672034655064
2025-01-07 14:45:00,14,45,1,7.742256537694913,4.089682649895822,2.7522068110390325,1.8549056581283796
2025-01-07 14:50:00,14,50,1,6.5873352920669905,4.0708618763037725,2.7843310415127958,2.3019959220830977
2025-01-07 14:55:00,14,55,1,6.660255886142657,4.1807041367607,3.2515353955706408,2.118406361878923
2025-01-07 15:00:00,15,0,1,6.474105308665948,3.922501737018913,2.872439186504493,2.2670103733588274
2025-01-07 15:05:00,15,5,1,6.986602105204544,4.142500888418432,2.682374014800891,2.4283965280295874
2025-01-07 15:10:00,15,10,1,7.62215957589915,3.8621341863839858,2.8630740405644897,1.9475929556317124
2025-01-07 15:15:00,15,15,1,7.7091082240970055,3.717906516717445,2.914131229901057,1.7853785171802645
2025-01-07 15:20:00,15,20,1,6.746901647585774,3.7404543248637534,3.385022624787384,2.1577789261568974
2025-01-07 15:25:00,15,25,1,6.509656959312821,3.707577908960917,3.2430941084159572,1.7552661455878458
2025-01-07 15:30:00,15,30,1,5.187085423010839,4.201917193578239,3.0361875654008,2.104205737866281
2025-01-07 15:35:00,15,35,1,5.6417595837688115,3.6970852981882887,3.054151304709969,1.7679253097864
2025-01-07 15:40:00,15,40,1,5.341872487556344,4.05480776812986,3.2151000042261275,2.0243100165570307
2025-01-07 15:45:00,15,45,1,5.245278531070464,3.9468151611855133,2.8090071928713995,1.6289498920894672
2025-01-07 15:50:00,15,50,1,5.288924174175842,3.9794702853098736,3.121333302697976,2.4900911468263
2025-01-07 15:55:00,15,55,1,4.951687292756654,4.27272145903994,2.7969491453307436,2.034089410082593
2025-01-07 16:00:00,16,0,1,4.010350094812106,3.9123145265569454,3.2220994558183156,1.7460695467797398
2025-01-07 16:05:00,16,5,1,5.183842817252647,4.122320312309936,2.9040086461829953,1.8279682441477196
2025-01-07 16:10:00,16,10,1,4.081114619480436,4.007512670276222,3.1969353389649093,2.2651045138708117
2025-01-07 16:15:00,16,15,1,4.542510334245589,3.9695962188734604,3.031807252946347,1.8316531862011798
2025-01-07 16:20:00,16,20,1,5.263223952281986,4.459993824877294,2.9114418124144303,1.8739002971506493
2025-01-07 16:25:00,16,25,1,3.5677746027941577,3.711731650856926,2.8045462276753987,1.979592359836307
2025-01-07 16:30:00,16,30,1,2.561690562277734,4.257826367087489,3.1149652968923722,2.098051488885704
2025-01-07 16:35:00,16,35,1,3.4813782718969666,4.131281313097994,2.9983535270860977,2.011410767365073
2025-01-07 16:40:00,16,40,1,3.9706812507559706,3.9040950010736433,2.983689840982044,1.7405576921667454
2025-01-07 16:45:00,16,45,1,4.193568380141914,4.325863703488323,3.0320269793965746,1.88327488290907
2025-01-07 16:50:00,16,50,1,2.392283197816525,3.6303779775222926,2.7305313561681124,2.0741411134231167
2025-01-07 16:55:00,16,55,1,3.046639751928179,3.8956466685401856,2.877653992716291,2.045550784251767
2025-01-07 17:00:00,17,0,1,2.3555352226351833,3.7583035591461846,3.1695275630138853,1.8099522557709535
2025-01-07 17:05:00,17,5,1,2.3238847461096657,4.082416692974292,3.0184242564145944,1.6379154236539277
2025-01-07 17:10:00,17,10,1,3.486567812889545,3.7773871797625644,3.306506618121855,1.7281867006222436
2025-01-07 17:15:00,17,15,1,1.1994180559637095,4.086612789348264,2.897036067520525,2.2676759807527915
2025-01-07 17:20:00,17,20,1,1.8633516074165937,3.9627127168356893,2.9530954147838027,1.76052046273994
2025-01-07 17:25:00,17,25,1,1.7550804477818829,3.904129211468783,3.1426146464573073,2.138106492430237
2025-01-07 17:30:00,17,30,1,1.8481550846701893,4.077729449206662,2.8733627321269535,1.8950146958439202
2025-01-07 17:35:00,17,35,1,1.1376603252550979,3.9462756752123873,2.912918205876383,1.9585952078627937
2025-01-07 17:40:00,17,40,1,1.025582697228633,3.7822730313881925,2.6214057846156384,1.96371522777638
2025-01-07 17:45:00,17,45,1,0.45820700859053565,4.560274597926996,3.3567828396366295,1.820806006552659
2025-01-07 17:50:00,17,50,1,0.5707573442759188,3.902566563394171,2.8833012813060472,1.7632764673607209
2025-01-07 17:55:00,17,55,1,0.046552712596902496,3.556478183969597,3.1224323852790707,2.240639471628475
2025-01-07 18:00:00,18,0,1,0.31078594492802664,3.831580262055722,3.8540953517532874,2.125596823331902
2025-01-07 18:05:00,18,5,1,0.0,3.746544662325454,3.649937519149088,2.9301250102642706
2025-01-07 18:10:00,18,10,1,0.18855019695109324,4.165229123208103,3.652898932313037,2.643522905003133
2025-01-07 18:15:00,18,15,1,0.0,4.064330531918317,3.3585072264094524,2.566032947138099
2025-01-07 18:20:00,18,20,1,0.5630251253860841,4.079742560358069,3.8708954539119214,2.598462690528629
2025-01-07 18:25:00,18,25,1,0.0,3.925995506832551,3.125517573191082,2.3631874977142084
2025-01-07 18:30:00,18,30,1,0.0,3.9441299505886156,3.8627838616666983,2.597422996105329
2025-01-07 18:35:00,18,35,1,0.6309607503569958,3.9258137792784664,3.5357186234729228,2.33379534002599
2025-01-07 18:40:00,18,40,1,0.0,3.983761363172906,3.8565797541603306,2.998723779346677
2025-01-07 18:45:00,18,45,1,0.0,4.167066687072967,3.87895673690541,2.932777486433612
2025-01-07 18:50:00,18,50,1,0.0,4.067215082501069,3.39238812777015,2.3499492707878287
2025-01-07 18:55:00,18,55,1,0.6872190465854087,4.100022565924173,3.4530964479502444,2.511571972592876
2025-01-07 19:00:00,19,0,1,0.0,4.0999117816498405,3.9293059340375764,2.849766021840525
2025-01-07 19:05:00,19,5,1,1.5688742668299969,4.176888487476347,3.6615408161763483,2.070643970245934
2025-01-07 19:10:00,19,10,1,0.5280284045330259,4.057630008308051,2.9935934466209373,2.572138823440511
2025-01-07 19:15:00,19,15,1,0.11161945706457983,4.071769614535784,3.764078961680215,2.4761298853041587
2025-01-07 19:20:00,19,20,1,0.0,4.237761248238631,4.074471351493521,2.1752676868658694
2025-01-07 19:25:00,19,25,1,0.14277703742882847,3.866990816399378,3.13749441515132,2.300715707657704
2025-01-07 19:30:00,19,30,1,0.26056121418966915,3.8288514840096983,3.2893108360426293,2.657885760604594
2025-01-07 19:35:00,19,35,1,0.3226077929750285,3.7628156801626287,3.3734864444469492,2.0356478616164013
2025-01-07 19:40:00,19,40,1,0.27780223300172424,4.036582912724051,3.7674735370085353,1.972014422178361
2025-01-07 19:45:00,19,45,1,0.04479034062762441,3.6292535517561753,3.1786345330967873,2.0131880287768396
2025-01-07 19:50:00,19,50,1,0.0,4.092430819211936,3.562136383121262,2.5558143136453637
2025-01-07 19:55:00,19,55,1,0.0,3.9781613810998895,4.074936296304906,2.774147996843665
2025-01-07 20:00:00,20,0,1,0.0,4.226927939964211,3.9324938550026602,2.5865828953895478
2025-01-07 20:05:00,20,5,1,0.5668850484335323,3.8656165379070018,3.206920453672831,2.538432280598049
2025-01-07 20:10:00,20,10,1,0.29677836114043094,3.9593363429164987,3.677726302216192,2.7111422146754722
2025-01-07 20:15:00,20,15,1,0.0,4.224440666658674,3.3582763567674974,2.64663594213472
2025-01-07 20:20:00,20,20,1,0.3279503882648805,4.276627129355631,3.220091608747621,2.187016721766785
2025-01-07 20:25:00,20,25,1,0.09736809735938742,3.863969526849636,3.1652645865843545,2.507387796567039
2025-01-07 20:30:00,20,30,1,0.0,4.036356246517432,3.1466490934771087,2.3725766830386976
2025-01-07 20:35:00,20,35,1,0.0,4.05888379553681,3.7708749654241873,2.1912610965765085
2025-01-07 20:40:00,20,40,1,0.5620563599930067,4.07473068112423,3.348706389948705,2.521489383032851
2025-01-07 20:45:00,20,45,1,0.4737632310614289,3.9474848681368755,3.57406607045968,2.3502128227583317
2025-01-07 20:50:00,20,50,1,0.0,4.256276679624727,3.736058020620547,2.6771356902354175
2025-01-07 20:55:00,20,55,1,0.20352614356226756,3.622059303275691,3.841956981308511,2.475519422695882
2025-01-07 21:00:00,21,0,1,0.0,3.9157739530397833,3.346154357163097,2.2952103933963635
2025-01-07 21:05:00,21,5,1,0.0,4.0895861465545895,3.592108255378809,2.3868532651566183
2025-01-07 21:10:00,21,10,1,0.0,4.091444962389868,3.329249066695763,2.3655138207264033
2025-01-07 21:15:00,21,15,1,0.4311967361913794,4.270551806122953,3.2948928544627245,2.5597063338288195
2025-01-07 21:20:00,21,20,1,0.47656252268804333,4.239645078640257,3.076225045236782,2.590904887742489
2025-01-07 21:25:00,21,25,1,0.2565427100486465,3.942891674938555,3.7029646281208852,2.3257362585468107
2025-01-07 21:30:00,21,30,1,0.36254789342399857,4.259974248706121,4.076611081881964,2.505286393293056
2025-01-07 21:35:00,21,35,1,0.2580891435574792,3.8571916512445092,3.031597105070033,2.4156271280989987
2025-01-07 21:40:00,21,40,1,0.0,4.186177476558368,3.518796843480739,2.6346902666710643
2025-01-07 21:45:00,21,45,1,0.21596127233697032,4.362104495684199,3.422770842766746,2.1965289172886826
2025-01-07 21:50:00,21,50,1,0.40020476261384114,4.242988821370994,3.171505814566315,2.3039202144454984
2025-01-07 21:55:00,21,55,1,0.37714566490678714,4.021154076704825,3.332667391244371,2.159507750530223
2025-01-07 22:00:00,22,0,1,0.5944566857373215,3.9336442456455756,2.8534373677792604,2.131891704887871
2025-01-07 22:05:00,22,5,1,0.3541519236005319,3.694281740748143,3.3296825215388974,2.151092342774193
2025-01-07 22:10:00,22,10,1,0.17572410377079145,4.062107927582841,3.2611722172373625,2.1948236936467396
2025-01-07 22:15:00,22,15,1,0.5350751191582137,3.776956554405816,3.1666260656796688,1.9324407473885343
2025-01-07 22:20:00,22,20,1,0.0,3.8413730672772126,3.0281821756773892,1.9158761315087958
2025-01-07 22:25:00,22,25,1,0.0,3.7618508398526656,2.9561785675332746,2.0136334200773174
2025-01-07 22:30:00,22,30,1,0.0,3.9079215334686688,3.142713230315805,2.0846646763030248
2025-01-07 22:35:00,22,35,1,0.0,3.9944061171026037,2.9676341473971286,2.011107748178333
2025-01-07 22:40:00,22,40,1,0.0,4.054722916233141,3.086692734838705,2.133478887611567
2025-01-07 22:45:00,22,45,1,0.0,3.879898672917207,2.6962009673485596,1.7845222072202125
2025-01-07 22:50:00,22,50,1,0.0,4.213856741279036,3.2214621067878686,1.9878260860137884
2025-01-07 22:55:00,22,55,1,0.0,3.9583589484020067,2.915184681326604,1.9473001054147923
2025-01-07 23:00:00,23,0,1,0.0,3.8424555133468963,2.9472589388846893,2.1115875563048747
2025-01-07 23:05:00,23,5,1,0.10664685368646928,4.045258453448687,2.7783967212038467,2.004955549299352
2025-01-07 23:10:00,23,10,1,0.0006027376811121184,4.392710566708764,3.0492235458900807,2.0792535833131005
2025-01-07 23:15:00,23,15,1,0.0,4.0670321133070235,3.044572799242059,2.103181246062806
2025-01-07 23:20:00,23,20,1,0.32962283421620253,3.927428874525279,2.885460769788337,1.8116394535350089
2025-01-07 23:25:00,23,25,1,0.4687850688132792,3.694507728776259,3.491400888650103,1.9397470630851528
2025-01-07 23:30:00,23,30,1,0.0,3.956117535805586,2.9631091058690866,2.1355680195435767
2025-01-07 23:35:00,23,35,1,0.0,4.046985625017623,3.319217858438848,1.8910943766130608
2025-01-07 23:40:00,23,40,1,0.0,3.922483821748886,2.800236946362095,1.751569329841678
2025-01-07 23:45:00,23,45,1,0.0,3.6669230723518,3.3186212443005854,1.7923786027077933
2025-01-07 23:50:00,23,50,1,0.41473742096587424,3.829886922099313,2.9944888126968867,1.804543033591406
2025-01-07 23:55:00,23,55,1,0.0,4.2909076921775515,2.7103288164083392,1.9415249293812629
2025-01-08 00:00:00,0,0,2,0.0,4.286800200746092,2.812442666731768,1.8616743149153374
2025-01-08 00:05:00,0,5,2,0.0,3.8226721661590806,3.4012210194834807,2.0849792208344806
2025-01-08 00:10:00,0,10,2,0.3177090151046132,4.134551357439884,3.186293903910798,2.1649319125698505
2025-01-08 00:15:00,0,15,2,0.0,3.7642854430459654,2.979827815384195,1.9120563281244753
2025-01-08 00:20:00,0,20,2,0.029966315133164126,4.28086325639899,3.049786922372223,2.0336901539864987
2025-01-08 00:25:00,0,25,2,0.13868846897909584,4.049047169578848,2.8862389165669384,2.025969566093372
2025-01-08 00:30:00,0,30,2,0.6803292979193255,4.189928299723307,2.8587340586607417,1.9657084138718321
2025-01-08 00:35:00,0,35,2,0.0,3.656981330563492,2.932943305096533,1.7462254814788443
2025-01-08 00:40:00,0,40,2,0.0,4.135527420384977,2.529768357377566,1.8121873500120602
2025-01-08 00:45:00,0,45,2,0.09192477237684743,3.998465187263099,3.3608209329172603,1.9380636435926544
2025-01-08 00:50:00,0,50,2,0.9002555907554268,4.170385814158169,3.155193632179281,1.5751109713813283
2025-01-08 00:55:00,0,55,2,0.6194731764697187,4.18297355961957,2.7983427864071344,1.7291020765275298
2025-01-08 01:00:00,1,0,2,0.10482970763731289,4.01315693789495,2.959539997982577,2.4843910961070486
2025-01-08 01:05:00,1,5,2,0.0,3.879834072180817,3.0920477886455835,2.339122506655617
2025-01-08 01:10:00,1,10,2,0.40356129831865517,4.1559392364358985,2.9491126544628674,2.272973874771014
2025-01-08 01:15:00,1,15,2,0.0,3.9879691001189745,3.414651341336578,1.9781261867179083
2025-01-08 01:20:00,1,20,2,0.23817888467810963,3.8254430092944713,2.892147057754527,1.7364378126019695
2025-01-08 01:25:00,1,25,2,0.2527350795833134,3.815969553708463,2.938187948284606,2.0163793350401584
2025-01-08 01:30:00,1,30,2,0.5301049537494399,3.7045671167375236,3.40619072346983,1.7410052051807827
2025-01-08 01:35:00,1,35,2,1.3798300194555388,3.8979417680873873,3.0119323787393957,1.6371383757220765
2025-01-08 01:40:00,1,40,2,0.19620798358938352,4.220538409214876,2.9146474342322866,2.0622790714824037
2025-01-08 01:45:00,1,45,2,0.0,4.035565959941087,3.1025166305377114,2.1178046159283843
2025-01-08 01:50:00,1,50,2,0.0,3.894046458815392,3.079480806577369,2.116084388019248
2025-01-08 01:55:00,1,55,2,0.0,4.160971187636016,3.009147825800533,1.7904267388022057
2025-01-08 02:00:00,2,0,2,0.0,3.8335046756553224,2.629668607263989,1.8906624356525565
2025-01-08 02:05:00,2,5,2,0.0,4.019070054866556,2.973076913387354,2.250786359435096
2025-01-08 02:10:00,2,10,2,0.0,3.964073925454897,2.9798796649687627,1.9606861931566615
2025-01-08 02:15:00,2,15,2,0.076177436016861,4.15582612511767,3.077105425368356,1.9459976025097596
2025-01-08 02:20:00,2,20,2,0.0,3.6845543258160998,3.1621083997893877,2.3958667236767757
2025-01-08 02:25:00,2,25,2,0.5605153336622357,3.829960450837069,3.43815710284214,2.019408125448898
2025-01-08 02:30:00,2,30,2,0.00010353245909854692,3.672350868181093,3.06737847293909,2.315771224074697
2025-01-08 02:35:00,2,35,2,0.0,3.948080655638146,2.970007595420746,2.1358384283848357
2025-01-08 02:40:00,2,40,2,0.0,4.242285500726486,2.772967974062835,1.9378321703450003
2025-01-08 02:45:00,2,45,2,0.07759534192948957,3.8989105580692947,3.2312229233290615,1.8563608732424752
2025-01-08 02:50:00,2,50,2,0.41254913233381735,3.89786321236087,2.9743897642540644,1.6851580708795761
2025-01-08 02:55:00,2,55,2,0.0,4.174344884836827,3.4011536589019276,2.2526056139633805
2025-01-08 03:00:00,3,0,2,0.0,4.21370991169106,3.0376199132305497,2.1015025744164655
2025-01-08 03:05:00,3,5,2,0.0,3.982285786546242,3.0791796213886737,2.276862350606157
2025-01-08 03:10:00,3,10,2,0.0,4.1369429708099785,2.8962399915257255,2.146453523985646
2025-01-08 03:15:00,3,15,2,0.0,3.784609091824411,3.2154832997704346,2.2430651940952915
2025-01-08 03:20:00,3,20,2,0.0,4.275594866785083,2.5481258232336605,1.880145104346971
2025-01-08 03:25:00,3,25,2,0.43719459035636377,4.42974125878741,2.7961658757396193,2.029917657114137
2025-01-08 03:30:00,3,30,2,0.13128066450096249,4.104243158237745,2.5967939560971454,1.5908754218108794
2025-01-08 03:35:00,3,35,2,0.09679495568377218,3.58313367573144,3.434018998375252,2.123537877652668
2025-01-08 03:40:00,3,40,2,0.4254489810839861,3.888353947520443,3.024201848639762,2.0727345295677964
2025-01-08 03:45:00,3,45,2,0.0,4.122565064333864,3.029268184749836,2.199470131310305
2025-01-08 03:50:00,3,50,2,0.1952324249644448,3.9157034005667275,2.873511161587204,2.037322965214714
2025-01-08 03:55:00,3,55,2,0.0,4.254439710850019,3.045484253587543,1.7906284083083324
2025-01-08 04:00:00,4,0,2,0.13268117469981422,4.117631452887173,3.2553966118126105,1.9108646520197181
2025-01-08 04:05:00,4,5,2,0.0,3.8587048998468405,3.20348433396178,2.022982545274296
2025-01-08 04:10:00,4,10,2,0.0,4.006452962154251,3.3267169664818117,1.791724182295695
2025-01-08 04:15:00,4,15,2,0.0,3.821233355872182,2.78304823969791,1.8188608817991383
2025-01-08 04:20:00,4,20,2,0.71137406804997,3.9634830243175116,3.026659110102875,2.308293679155641
2025-01-08 04:25:00,4,25,2,0.4631077011207962,3.8890813519134895,3.31861872363305,1.538006279912312
2025-01-08 04:30:00,4,30,2,0.48269874229558535,4.2349523600466075,3.0499414322445078,1.3574092778969953
2025-01-08 04:35:00,4,35,2,0.6180653609031089,4.423202411366199,3.159006358757007,2.2236338829790414
2025-01-08 04:40:00,4,40,2,0.04432879548071872,3.7137623333528498,2.991951145061563,2.0167963154989508
2025-01-08 04:45:00,4,45,2,0.0986578537027978,3.6153567427580495,3.014727778588048,1.8431116162517507
2025-01-08 04:50:00,4,50,2,0.0,3.950965515629723,3.0863411570642962,1.9537183996693486
2025-01-08 04:55:00,4,55,2,0.0,3.6963168602342633,3.186058341857924,1.977274613096154
2025-01-08 05:00:00,5,0,2,0.3078855748855708,4.009242320734184,2.827795378702348,1.692827065826898
2025-01-08 05:05:00,5,5,2,0.6019422185844081,4.149787222761185,2.6271870349888573,2.262501868790887
2025-01-08 05:10:00,5,10,2,0.0,4.298828379453365,2.908442129428196,2.0677148380163297
2025-01-08 05:15:00,5,15,2,0.0,4.040278911743056,3.3566459783489035,1.8874391337404217
2025-01-08 05:20:00,5,20,2,0.0002639794282986464,3.961368955030084,2.8745045031237693,1.9735676495289352
2025-01-08 05:25:00,5,25,2,0.3006033744645574,3.6043230166853832,3.0058865400839987,2.3775102700511694
2025-01-08 05:30:00,5,30,2,0.0,4.00523702983716,3.313164118818823,2.1241750831813495
2025-01-08 05:35:00,5,35,2,0.0,4.014257452109892,3.2898827537993736,1.9643561974864288
2025-01-08 05:40:00,5,40,2,0.0,4.127791362842549,3.059832913437696,1.939697271092261
2025-01-08 05:45:00,5,45,2,0.0,3.858302379694182,2.7419263234840723,2.240774948358719
2025-01-08 05:50:00,5,50,2,0.0,3.912989479952828,3.106339746797972,2.0036146946847326
2025-01-08 05:55:00,5,55,2,0.0,3.704399548939163,2.999506430137565,1.6987570258186984
2025-01-08 06:00:00,6,0,2,0.0,3.5417414386231867,2.804504933369457,2.067230634022805
2025-01-08 06:05:00,6,5,2,0.9443826175809831,3.7783005818406434,2.894177466545099,1.956457391756502
2025-01-08 06:10:00,6,10,2,0.5995662559545208,3.6859348371493965,2.97906878704418,1.863506246196578
2025-01-08 06:15:00,6,15,2,0.8042684721068448,4.067342459084122,2.80641633599519,1.6775284738149252
2025-01-08 06:20:00,6,20,2,1.1826609994982817,3.8963731886666286,2.970696344197692,2.123721709522057
2025-01-08 06:25:00,6,25,2,0.5192521896292619,3.892352573985042,2.67127317155601,1.9951904349800347
2025-01-08 06:30:00,6,30,2,1.82481781591065,3.8031173907649576,3.056228650538312,1.802083919254171
2025-01-08 06:35:00,6,35,2,1.4833517186314362,3.3534869134975134,3.2844283623096175,1.9228569261923183
2025-01-08 06:40:00,6,40,2,2.0717220852899105,4.30166214974951,2.9797480623086976,1.9677460998804042
2025-01-08 06:45:00,6,45,2,1.4149746036412045,3.799945895444642,2.645845115481789,2.201750414336809
2025-01-08 06:50:00,6,50,2,1.387516756372996,3.9175159860300184,2.8088962463161526,1.9526958969188528
2025-01-08 06:55:00,6,55,2,2.7858037522742456,3.709021566942138,3.119532200255599,2.2921806852289066
2025-01-08 07:00:00,7,0,2,2.7763952140739656,4.194386068688127,3.1760203154309483,2.3660549243216717
2025-01-08 07:05:00,7,5,2,2.3472643631311647,4.028685787407465,3.914725589002146,2.639114163782634
2025-01-08 07:10:00,7,10,2,2.572226454405385,3.8347269429468263,3.7013514077154825,2.1846604792671496
2025-01-08 07:15:00,7,15,2,3.777112045239001,3.9215540777311952,3.3862371410220327,2.449649370285871
2025-01-08 07:20:00,7,20,2,2.825495486823023,4.335635984424974,3.242631572797108,1.9976291122978278
2025-01-08 07:25:00,7,25,2,4.445716859464999,3.9854061136237444,3.346850432370921,2.906286459875329
2025-01-08 07:30:00,7,30,2,3.3765239563269636,3.9636532924768186,3.517752039668149,2.9122872740720127
2025-01-08 07:35:00,7,35,2,4.346662861391563,3.811723702772147,3.5537062742688557,2.270587681123611
2025-01-08 07:40:00,7,40,2,4.0618733795325035,3.6210837699055394,3.8832857039695163,2.56369784220037
2025-01-08 07:45:00,7,45,2,4.724480617731185,3.9679922652841313,3.7885516497282192,2.1795015486638287
2025-01-08 07:50:00,7,50,2,4.345429131293242,4.065097022464924,3.811626886884351,2.8206667826632597
2025-01-08 07:55:00,7,55,2,4.72849123615773,4.219916892865534,3.5869301433069607,2.2579233742570652
2025-01-08 08:00:00,8,0,2,5.02045958769786,3.550300693100069,3.4861973513862163,2.6833873441714733
2025-01-08 08:05:00,8,5,2,4.68663885371448,3.774980734595394,3.57037100598096,2.6803248214323294
2025-01-08 08:10:00,8,10,2,5.7434082561782995,3.88385178188871,3.8036737722958716,2.305466003988424
2025-01-08 08:15:00,8,15,2,5.299095546960229,3.99930383028536,3.1534773137119583,2.4887383595883272
2025-01-08 08:20:00,8,20,2,5.621464405840453,3.9709932616943155,3.4010770523390397,2.735753923946845
2025-01-08 08:25:00,8,25,2,5.415921796331566,3.975662262862546,3.1776504831023575,2.806114562253304
2025-01-08 08:30:00,8,30,2,4.806447460689551,4.081619211713989,3.90608363286403,2.5000914892786867
2025-01-08 08:35:00,8,35,2,6.163720840540507,3.8193413778441783,3.5182208376743915,2.269736049630954
2025-01-08 08:40:00,8,40,2,7.6341838076718505,4.186828288446739,3.33720173030778,2.377498995806295
2025-01-08 08:45:00,8,45,2,6.9857602949497,4.0866904883398965,3.9328820203513795,2.478438764256768
2025-01-08 08:50:00,8,50,2,6.746271886289406,3.936033547174384,3.1033481130079976,2.5766063026336012
2025-01-08 08:55:00,8,55,2,6.783685143218558,4.320181598377783,3.7478870373866826,2.4923765892035217
2025-01-08 09:00:00,9,0,2,7.082300758271499,4.311283207114354,3.9407640319180968,2.7332526001797692
2025-01-08 09:05:00,9,5,2,7.497199178185161,4.186579071038762,3.185261381033644,2.3345701562810794
2025-01-08 09:10:00,9,10,2,6.782366960446817,3.3962886458864414,3.5678678844273826,2.0001432285920178
2025-01-08 09:15:00,9,15,2,8.075558922124209,4.315789018543595,3.6009070212411842,1.9715252718236056
2025-01-08 09:20:00,9,20,2,8.018135088910403,4.1589517044943864,3.807030036669353,2.7721821054375124
2025-01-08 09:25:00,9,25,2,8.157937693782783,4.401281727542587,3.6514344082745214,2.2972364906943064
2025-01-08 09:30:00,9,30,2,8.152771272317215,4.247492918346707,3.5510608473840617,2.3459867537456054
2025-01-08 09:35:00,9,35,2,8.074254371521823,4.315668535499457,3.19075541676498,2.3983770964685767
2025-01-08 09:40:00,9,40,2,8.527951060873328,4.175730970036076,3.7094796609476286,2.5131442578495284
2025-01-08 09:45:00,9,45,2,8.61060318989614,4.269738639729103,3.935212977240327,2.7297341618440822
2025-01-08 09:50:00,9,50,2,8.256894102658347,4.398824748146888,3.6976072441716856,2.017322035166319
2025-01-08 09:55:00,9,55,2,8.262317820281016,4.043310947675641,3.4144524409534167,2.18068827686974
2025-01-08 10:00:00,10,0,2,8.711182185475378,3.685553891184374,2.9633994240752193,1.8613447752153687
2025-01-08 10:05:00,10,5,2,9.541777632822672,3.9385078199969716,2.924479009388412,2.21223254647477
2025-01-08 10:10:00,10,10,2,8.250554793955265,4.077989119876688,3.095049985801167,2.201422885796327
2025-01-08 10:15:00,10,15,2,8.234964782450664,4.014977516874311,2.679863378196803,2.0115949393231327
2025-01-08 10:20:00,10,20,2,9.145458290984758,3.7506876067681145,3.19334099627932,2.3012591829774314
2025-01-08 10:25:00,10,25,2,9.178558642122479,3.673786474961004,2.6903823220615015,1.929703272767766
2025-01-08 10:30:00,10,30,2,9.325466157298072,3.851767466273034,3.2068453348009527,1.9615443374377108
2025-01-08 10:35:00,10,35,2,9.442055291782236,4.1615479111968305,2.8179164651660553,1.6900001643007985
2025-01-08 10:40:00,10,40,2,9.28532508054168,4.316067954164594,2.8102596930673664,1.6622196662872541
2025-01-08 10:45:00,10,45,2,10.214233014252097,4.18331352275554,3.0116920913668053,2.179262037155732
2025-01-08 10:50:00,10,50,2,8.736717518244012,4.211485457422827,2.747805048218279,2.0515459482422105
2025-01-08 10:55:00,10,55,2,9.186250031469163,3.9838368853672885,3.1690542058891733,1.99945833463033
2025-01-08 11:00:00,11,0,2,9.60763088281616,3.651583508458807,2.677861141016551,2.0772423109325007
2025-01-08 11:05:00,11,5,2,8.89182629255553,3.908955883823459,2.989070611047106,1.9686990702798288
2025-01-08 11:10:00,11,10,2,9.675032868983298,3.9482471176255243,2.890632550847907,2.0173574852548084
2025-01-08 11:15:00,11,15,2,10.638587886896314,3.9005895026328634,3.101963581689392,2.4781296268671698
2025-01-08 11:20:00,11,20,2,9.858520774270062,4.010938973074925,3.022466413677441,2.302228232002535
2025-01-08 11:25:00,11,25,2,9.998965557536948,4.08828395197859,3.0715510166853752,1.9800943344704494
2025-01-08 11:30:00,11,30,2,9.284366231151814,4.170603037648699,3.0297095055422587,1.755652726061498
2025-01-08 11:35:00,11,35,2,9.632382678203458,3.944376027126733,3.0611720541504077,1.6015869870357256
2025-01-08 11:40:00,11,40,2,9.774348790755486,3.619248118871081,2.8274667284222934,2.021968618626762
2025-01-08 11:45:00,11,45,2,9.819731684007918,3.903424456141773,3.238796454635769,2.286124879399679
2025-01-08 11:50:00,11,50,2,10.631304113320462,4.008742079398397,2.952690684071813,2.0311434639060884
2025-01-08 11:55:00,11,55,2,10.276465801161653,4.244561584426681,3.1968724939164055,1.7341012855614162
2025-01-08 12:00:00,12,0,2,9.444271021531485,3.886438431563179,3.0809495010631007,1.8344214265268382
2025-01-08 12:05:00,12,5,2,10.120872660015094,4.10250872567988,2.9656349910646562,1.908195349901137
2025-01-08 12:10:00,12,10,2,10.23959309006697,4.058017579927086,3.0870716254096293,2.110060734801818
2025-01-08 12:15:00,12,15,2,10.548663751646668,4.008780106624678,3.1782157354794793,2.0696397656928895
2025-01-08 12:20:00,12,20,2,10.752217324201641,4.186106663864918,3.034330753993779,2.3708047600877205
2025-01-08 12:25:00,12,25,2,9.433016286309261,3.8678317606494836,2.6951281859605647,2.339121972025848
2025-01-08 12:30:00,12,30,2,9.509019858132937,3.8849627100712967,2.9420356182263205,2.114178317273661
2025-01-08 12:35:00,12,35,2,9.254826175220298,3.9976198353811543,2.9348680638812796,1.8594916740896748
2025-01-08 12:40:00,12,40,2,9.73106760056859,3.87197069898126,3.0969154385588458,2.2084256617228886
2025-01-08 12:45:00,12,45,2,10.04103199125547,4.10160245821092,3.094601590993481,1.8915768426634236
2025-01-08 12:50:00,12,50,2,10.256627329493885,3.8573615391267735,3.722270012563134,2.2397147341732504
2025-01-08 12:55:00,12,55,2,9.675445186311352,4.045260841549027,3.1866684608414504,1.9294071538515591
2025-01-08 13:00:00,13,0,2,9.499334501263261,3.9799654462426486,2.874966842342192,1.9440321848314122
2025-01-08 13:05:00,13,5,2,9.676377539983656,4.042985192955341,3.2162813088784965,1.8018791325848345
2025-01-08 13:10:00,13,10,2,9.11959805666726,3.908051720987392,2.7863592337091365,2.1079095066722036
2025-01-08 13:15:00,13,15,2,10.514070655798443,3.9321823410946344,3.063839288928424,1.8459372924218207
2025-01-08 13:20:00,13,20,2,8.593095694300056,4.01920185359941,2.781759284316955,2.2875793986736865
2025-01-08 13:25:00,13,25,2,9.412448982275848,4.040414901232262,3.0714008850599126,1.7272928272543935
2025-01-08 13:30:00,13,30,2,10.250598434727687,3.999159616921769,2.741274892783541,1.9276976055099062
2025-01-08 13:35:00,13,35,2,9.156514713474468,4.341072471302617,3.1465683613995266,2.1190017604216558
2025-01-08 13:40:00,13,40,2,8.968058352865754,3.801852616251743,3.2263357074002434,1.7019300385078404
2025-01-08 13:45:00,13,45,2,8.790004703921669,3.9871592410094574,3.0447693379559313,2.285182066464272
2025-01-08 13:50:00,13,50,2,8.779912490901014,3.685274195576603,3.2665603460952197,2.071781996282537
2025-01-08 13:55:00,13,55,2,9.453691794413343,4.074416295733477,3.469603701730775,2.121857023283172
2025-01-08 14:00:00,14,0,2,7.554323082179634,3.776950692724637,3.2085493265682685,2.0088895837551015
2025-01-08 14:05:00,14,5,2,9.315835557377627,3.9443379488246846,2.8438049414311424,1.8249581598442508
2025-01-08 14:10:00,14,10,2,7.721935881903787,3.925587134933735,3.036323042958884,1.9576995986299586
2025-01-08 14:15:00,14,15,2,8.181369958408245,4.0561782253202345,2.646282866017304,1.7948412830148517
2025-01-08 14:20:00,14,20,2,7.976898232740586,3.889441816490964,2.9363192851891813,2.145455875187432
2025-01-08 14:25:00,14,25,2,8.358722677560188,3.8809388604612036,2.9967852227675853,1.9855871578998971
2025-01-08 14:30:00,14,30,2,7.1344712269704775,4.287171292817179,2.802617474599337,2.0046332160124196
2025-01-08 14:35:00,14,35,2,8.029931163969788,4.0569133580949055,3.2638202054891976,2.0311150225517114
2025-01-08 14:40:00,14,40,2,8.672599242833206,3.887789829595546,2.6985372837036277,1.7496954411390937
2025-01-08 14:45:00,14,45,2,6.836811072493369,3.949833265637754,3.1177577754446304,1.955136904955476
2025-01-08 14:50:00,14,50,2,7.467626451906439,4.329070990454149,2.9850839539792973,1.8774531649970485
2025-01-08 14:55:00,14,55,2,6.892648531699255,3.9529670243497805,3.1006824424399824,1.9398164573509302
2025-01-08 15:00:00,15,0,2,7.284011414961993,3.8621446753695223,2.962677355654279,1.8297553216673748
2025-01-08 15:05:00,15,5,2,6.9247044465305665,3.8630007699747213,3.184338259628554,1.9557734416767156
2025-01-08 15:10:00,15,10,2,6.435158621634448,3.8901747038020846,3.121576066623952,1.7612816871931964
2025-01-08 15:15:00,15,15,2,6.837394293436226,3.8811004555146553,3.346776627675722,2.2554748077026443
2025-01-08 15:20:00,15,20,2,7.330050151758766,3.7440704303301513,2.618040466068215,1.839612504987257
2025-01-08 15:25:00,15,25,2,6.163782825976942,3.775159980610604,3.095526878201977,1.7360542687701992
2025-01-08 15:30:00,15,30,2,6.447493261161299,3.834135925127726,2.9736811835673347,2.0853263571953593
2025-01-08 15:35:00,15,35,2,5.266460004700241,4.11831420369062,2.963054817604103,2.1077677407074193
2025-01-08 15:40:00,15,40,2,5.25754617510146,3.9237525425454254,2.8613340190796235,1.5511636915663756
2025-01-08 15:45:00,15,45,2,5.791905469136211,3.958567662181192,3.1964230624330123,2.1951629307205063
2025-01-08 15:50:00,15,50,2,6.11505409773622,4.254017605050979,3.5007273284576668,1.5585626964131372
2025-01-08 15:55:00,15,55,2,5.365539255998048,4.259001429987683,3.150166421869363,1.6062635723833225
2025-01-08 16:00:00,16,0,2,4.843470984738422,3.943575011372453,3.351298656335064,2.097573366739202
2025-01-08 16:05:00,16,5,2,4.809533391905558,3.8738272978633184,2.8096142304647493,2.156044494920287
2025-01-08 16:10:00,16,10,2,3.99228226536548,3.8271139372652923,2.8893909984566126,2.0600832199102537
2025-01-08 16:15:00,16,15,2,4.725144565367697,4.138555153941647,3.0411921432418167,2.348833627229459
2025-01-08 16:20:00,16,20,2,4.667349148568704,3.9590585532955425,3.3629851820173027,1.8805469253452989
2025-01-08 16:25:00,16,25,2,3.8014217321708292,3.922701021935442,3.2116211235992074,2.0709680311140595
2025-01-08 16:30:00,16,30,2,3.591813249771148,3.8372670849724893,2.7174635865986176,1.860754323925564
2025-01-08 16:35:00,16,35,2,3.757319497663046,3.846066718197722,3.4672292199199246,2.071570880220931
2025-01-08 16:40:00,16,40,2,3.201841565236387,4.064011638298649,3.1999559159035047,1.9575911375266017
2025-01-08 16:45:00,16,45,2,3.1813283457187063,3.736912346822548,2.8920116170561316,2.005452901526895
2025-01-08 16:50:00,16,50,2,4.056918889625991,4.198973738757588,2.9467791889507566,1.7013494137936802
2025-01-08 16:55:00,16,55,2,2.67477728993692,3.8932310712370164,2.7993349085091936,2.1415769028824463
2025-01-08 17:00:00,17,0,2,2.409020375014599,3.9700728111496413,2.9238618621795176,2.0051409764055816
2025-01-08 17:05:00,17,5,2,2.053088020444154,3.732604408371889,3.046984610099442,2.062610009763744
2025-01-08 17:10:00,17,10,2,2.536492125130996,3.997526812351527,3.2293158122630743,1.7802608369862936
2025-01-08 17:15:00,17,15,2,1.8602911335522347,3.934335811461888,3.114050544708725,2.1510055587039294
2025-01-08 17:20:00,17,20,2,1.4117952575085941,3.989983880228707,3.197170355800301,1.7174164801170255
2025-01-08 17:25:00,17,25,2,2.1818858780356725,4.294341779672378,3.0509638436693995,2.3432151892797037
2025-01-08 17:30:00,17,30,2,2.015063424457334,4.0355396091580475,2.9801758961686753,2.096698940392858
2025-01-08 17:35:00,17,35,2,0.7884569656502977,3.8410681631708394,3.156079118917037,1.794906031120348
2025-01-08 17:40:00,17,40,2,0.0,3.8577360178906863,3.366764945799995,2.0999001593937807
2025-01-08 17:45:00,17,45,2,1.1577881372198924,4.119026237182753,3.1039005628386853,1.667594524397893
2025-01-08 17:50:00,17,50,2,0.09387896077336316,4.2597386581986845,3.1589089596426625,2.1012820682758275
2025-01-08 17:55:00,17,55,2,0.613461649926992,4.05638360415021,3.324838265544413,1.9377469571391293
2025-01-08 18:00:00,18,0,2,0.0,4.137742548910954,3.2037025011204676,2.2953283015677
2025-01-08 18:05:00,18,5,2,0.4462986691496546,4.121947544667341,3.3485065294978105,2.1643460445605878
2025-01-08 18:10:00,18,10,2,0.0,4.283812882671504,3.887048007129798,2.8983093588795
2025-01-08 18:15:00,18,15,2,0.36538205953326225,3.6100819654547935,3.4412624896579835,2.382172023374742
2025-01-08 18:20:00,18,20,2,0.007136533918217053,4.133443787860906,2.9553554260042065,2.708788376591081
2025-01-08 18:25:00,18,25,2,0.0,4.196747208780713,3.996032032647753,2.308841584822133
2025-01-08 18:30:00,18,30,2,0.0,3.732255258772885,3.4649646422670806,2.6302874383947192
2025-01-08 18:35:00,18,35,2,0.3431592284783504,3.8228663631987168,4.017325508182972,2.5599328665505285
2025-01-08 18:40:00,18,40,2,0.05294722655761712,3.8298434502743692,3.5586289748079554,2.553795550347941
2025-01-08 18:45:00,18,45,2,0.2922064902362421,3.8542419607245235,3.072490247928898,2.0659628038510407
2025-01-08 18:50:00,18,50,2,0.9882202922577428,3.9036565898128948,3.2576014492655383,2.803867172211212
2025-01-08 18:55:00,18,55,2,0.0,4.048520562610988,3.3993928788362022,2.341118785359312
2025-01-08 19:00:00,19,0,2,0.808606287484312,4.173134930233474,3.3358476187568695,2.458702936458197
2025-01-08 19:05:00,19,5,2,0.052177968761606464,4.216263391553707,4.010632380230492,2.4546407842908637
2025-01-08 19:10:00,19,10,2,0.0,3.8324353877664437,3.2641107783875425,2.5075736887244897
2025-01-08 19:15:00,19,15,2,0.0,3.8310594002594036,4.026525081728461,2.3491525843193153
2025-01-08 19:20:00,19,20,2,0.0,4.2631643680032445,3.1456984974707165,2.3497026190808747
2025-01-08 19:25:00,19,25,2,0.46082505596222967,4.129348787083729,3.5386291209045297,2.7064722852476018
2025-01-08 19:30:00,19,30,2,0.0,4.016572968373799,3.8020650736046737,2.1862848178113015
2025-01-08 19:35:00,19,35,2,0.7555774651236737,4.0946673351109935,3.214746399662279,2.403021322183753
2025-01-08 19:40:00,19,40,2,0.0,3.994039243629712,3.705347907409069,2.1219976307043233
2025-01-08 19:45:00,19,45,2,0.0,4.104916936609523,3.317801926874691,2.3221768811764156
2025-01-08 19:50:00,19,50,2,0.0,3.9327866606988517,3.7825246566093114,2.658478228199331
2025-01-08 19:55:00,19,55,2,0.18181594131248394,4.053760986887847,3.771115508314976,2.9016033922699163
2025-01-08 20:00:00,20,0,2,0.44344369504865017,3.6978907899261007,3.408304971473276,2.1437781535438956
2025-01-08 20:05:00,20,5,2,0.0,3.862443141034914,3.145710914645894,1.948567730482348
2025-01-08 20:10:00,20,10,2,0.0,3.8645977646419314,3.3623699511001424,2.3847332155504786
2025-01-08 20:15:00,20,15,2,0.09947407339824726,3.925121993358617,3.7362660220415145,2.5050742651529814
2025-01-08 20:20:00,20,20,2,0.21836927586675475,3.8146973490440503,3.3529014666972183,2.4652003821518242
2025-01-08 20:25:00,20,25,2,0.20214737748084882,3.893291274835384,3.1883079548855706,2.807621971225386
2025-01-08 20:30:00,20,30,2,0.617891095911077,3.6971171875203757,3.2642253311571476,2.1580206184192314
2025-01-08 20:35:00,20,35,2,0.0,4.10974009527898,3.745364590012241,2.6722492625091556
2025-01-08 20:40:00,20,40,2,0.3401080527252247,3.9834972962177213,2.9828943864322968,2.7565004904130666
2025-01-08 20:45:00,20,45,2,0.5962537562389875,3.658958478444797,3.277522208271783,2.387768641730824
2025-01-08 20:50:00,20,50,2,0.0,3.8330340178906654,3.5561060323081812,2.6759874647850466
2025-01-08 20:55:00,20,55,2,0.15982591295948861,4.067320285512434,3.633643752406258,2.4850545007281992
2025-01-08 21:00:00,21,0,2,0.0,3.8913956107228422,3.372607001325227,2.623666208069634
2025-01-08 21:05:00,21,5,2,0.0,3.8606117079723807,3.4644836487967314,3.041606337737777
2025-01-08 21:10:00,21,10,2,0.17383824176916818,3.9850814645983847,3.6759227029909707,2.2229753125028937
2025-01-08 21:15:00,21,15,2,0.0,4.0687195070356434,3.356720014587905,2.514457653177949
2025-01-08 21:20:00,21,20,2,0.0,3.712729508592168,3.8898293645211366,2.9233315027336406
2025-01-08 21:25:00,21,25,2,0.0170762087440123,4.110025696243576,3.3811595838903306,2.219909735023167
2025-01-08 21:30:00,21,30,2,0.0,3.839941343678525,3.1815507076381437,2.575728627164734
2025-01-08 21:35:00,21,35,2,0.0,3.9964144063500404,4.191135292765248,2.6617282312765305
2025-01-08 21:40:00,21,40,2,0.33968664147825167,3.992915971861698,3.021826241994798,2.2821987690262
2025-01-08 21:45:00,21,45,2,0.0,3.894586776352045,3.312825739446526,2.2533992439655277
2025-01-08 21:50:00,21,50,2,0.33315625045460595,3.795268050773857,3.3836318525197338,2.6108184583059826
2025-01-08 21:55:00,21,55,2,0.2312956464269756,3.9428626903815474,3.704594350796794,2.827529047274993
2025-01-08 22:00:00,22,0,2,0.0,4.325066061815039,3.1048405146094353,1.6091699519342317
2025-01-08 22:05:00,22,5,2,0.0,3.7276649939072737,2.7885390824937373,1.9683811926281618
2025-01-08 22:10:00,22,10,2,0.5970547015236862,4.338462603820975,3.029455971153496,2.1722836719752516
2025-01-08 22:15:00,22,15,2,0.0,3.9480557657846935,3.0086368352433546,2.0101414507727347
2025-01-08 22:20:00,22,20,2,0.0,4.007074283417728,3.0475594726278117,1.9489956522437597
2025-01-08 22:25:00,22,25,2,0.23103044662594824,3.7826578377230544,3.0173770279755625,2.22516643580235
2025-01-08 22:30:00,22,30,2,0.39169525464129773,3.845746116664504,2.9832178202431994,1.9939574546431433
2025-01-08 22:35:00,22,35,2,0.0,3.899418069992396,2.993282919046562,2.259554762758234
2025-01-08 22:40:00,22,40,2,0.0,3.7908610058244174,2.7783893346341113,2.355169378958239
2025-01-08 22:45:00,22,45,2,0.7111849308492538,3.958216408525826,2.7647236290968973,1.8691559477344482
2025-01-08 22:50:00,22,50,2,0.8694498318987894,3.918596821638646,3.148947653943064,2.2060633390947344
2025-01-08 22:55:00,22,55,2,0.4894290253908977,4.370156228487147,2.7193001966003023,1.7814596273505827
2025-01-08 23:00:00,23,0,2,0.04265907128251203,3.766805162863908,3.0555685618943698,2.4688838775527593
2025-01-08 23:05:00,23,5,2,0.0,4.020538103349717,3.2492525561997363,1.950380590073638
2025-01-08 23:10:00,23,10,2,0.0,4.049569256380365,2.516174172384849,2.016328546884232
2025-01-08 23:15:00,23,15,2,0.26125705263287874,3.7859358902696325,3.0724593607293107,1.9234609717834392
2025-01-08 23:20:00,23,20,2,0.20919911044434186,4.137365499090568,2.829855201890681,2.0318330520642776
2025-01-08 23:25:00,23,25,2,0.7007992964732147,3.9203345974236745,2.811547761221208,2.3744897321617446
2025-01-08 23:30:00,23,30,2,0.3252250462680696,3.5015220696833866,3.3033489595067635,2.131582526318552
2025-01-08 23:35:00,23,35,2,0.0,4.131969922420913,3.0179421138238633,1.8679671826772881
2025-01-08 23:40:00,23,40,2,0.5259738088614593,3.776611823179527,2.99584256322182,2.327859427041455
2025-01-08 23:45:00,23,45,2,0.0,3.79044501077218,3.1737308116873257,2.040738455695292
2025-01-08 23:50:00,23,50,2,0.0,4.13758041657848,3.184794866833519,2.1091221326761658
2025-01-08 23:55:00,23,55,2,0.12510010312584724,3.93056770351631,3.0792555079773742,2.196112651798307
2025-01-09 00:00:00,0,0,3,0.9978337448919822,4.1835544301103,3.1034055289649514,2.171710294020676
2025-01-09 00:05:00,0,5,3,1.5549592780026804,4.242033219073064,3.032277409926902,1.9491748353619793
2025-01-09 00:10:00,0,10,3,0.30336152956809137,3.8710143079355404,2.8903674242119703,1.8665380789058084
2025-01-09 00:15:00,0,15,3,0.0,4.158652499191006,2.6789659115116935,1.8176120106376672
2025-01-09 00:20:00,0,20,3,0.26725282424027513,3.8489078397214236,2.8118292940835636,1.8985309608031928
2025-01-09 00:25:00,0,25,3,0.44382771293691803,4.446623183426436,3.312448842127658,1.9684876088892445
2025-01-09 00:30:00,0,30,3,0.0,3.8614085990937568,3.048353377976862,2.0546639289023854
2025-01-09 00:35:00,0,35,3,0.8976056779561611,4.205217488192001,3.3175161825684736,1.8848829092309418
2025-01-09 00:40:00,0,40,3,0.11503537959570104,4.168758005176315,2.955495583948388,1.9787601256451632
2025-01-09 00:45:00,0,45,3,0.24887154454569713,4.0632175644217865,3.227306971154954,2.2688211387508908
2025-01-09 00:50:00,0,50,3,0.3329621260272307,3.8658913677166633,3.094916763938789,2.246581874812376
2025-01-09 00:55:00,0,55,3,0.21079330530722784,3.969720501611718,3.035532199293798,1.9654793504766355
2025-01-09 01:00:00,1,0,3,0.4194702502348061,3.5692823774110893,3.2357448173171246,2.0975235350467596
2025-01-09 01:05:00,1,5,3,0.0,4.04488400767645,2.8528938668184836,2.1994841876248703
2025-01-09 01:10:00,1,10,3,0.0,4.069923066205677,2.958301473795944,1.9338352954551592
2025-01-09 01:15:00,1,15,3,0.0,4.026699883812275,3.1786008736399425,1.9822335718310173
2025-01-09 01:20:00,1,20,3,0.2197506153101132,3.4053387657414884,3.077791707208058,2.1323879168141597
2025-01-09 01:25:00,1,25,3,0.38946825175605704,3.746872710982038,2.843411384145523,2.0769701129364404
2025-01-09 01:30:00,1,30,3,0.2288864330759429,3.8503818034302677,3.269894621052325,1.808706571252078
2025-01-09 01:35:00,1,35,3,0.8372462166737686,4.058331786637809,3.0899817777662455,1.8341064530839426
2025-01-09 01:40:00,1,40,3,0.0,4.057867781128597,3.2042795367680794,2.202381116749954
2025-01-09 01:45:00,1,45,3,0.3343708277962563,3.965955241605764,2.9291355319501804,2.4419257304381725
2025-01-09 01:50:00,1,50,3,0.0,4.127049107320792,3.2213250618274567,2.1413857970272336
2025-01-09 01:55:00,1,55,3,0.0,3.79475152493942,3.1301221792212273,2.1967853818412446
2025-01-09 02:00:00,2,0,3,0.34776887878288876,4.1220470011387995,2.800871518551168,2.038921519692205
2025-01-09 02:05:00,2,5,3,0.424551055371572,4.094948420967978,3.0766380770754655,1.919972787339488
2025-01-09 02:10:00,2,10,3,0.0,4.075510946567582,3.092959053888793,2.246338860086801
2025-01-09 02:15:00,2,15,3,0.0,3.963591913782869,2.9156461824468187,1.989115139925739
2025-01-09 02:20:00,2,20,3,0.0,4.366148764966252,2.835882940829211,1.6426021980378416
2025-01-09 02:25:00,2,25,3,0.0,4.098639137697976,3.155786436104102,1.9948532410321504
2025-01-09 02:30:00,2,30,3,0.4451915817598931,3.806332827349288,3.0095158834305575,1.8026452763652947
2025-01-09 02:35:00,2,35,3,0.28760250805328313,4.049661095147197,2.962899294192762,2.2193187578364246
2025-01-09 02:40:00,2,40,3,0.25033286069060484,4.150496675414844,3.000164267355892,2.0058367516110827
2025-01-09 02:45:00,2,45,3,0.02488684359048004,3.8823782802151383,3.0415056555726845,1.7527235743187088
2025-01-09 02:50:00,2,50,3,0.003531579314088226,4.21785444938622,3.1249840928204713,1.7489603770168338
2025-01-09 02:55:00,2,55,3,0.0,4.076406741143202,2.8120768837441945,1.790157046198567
2025-01-09 03:00:00,3,0,3,0.3494142101012674,3.5315043324669304,2.964955006673891,1.9295094592924285
2025-01-09 03:05:00,3,5,3,0.2104864721946949,4.059934395467585,2.999754992338349,1.8189487680447114
2025-01-09 03:10:00,3,10,3,0.24600942399639963,3.918794169117457,3.2010990640612755,2.166805513745266
2025-01-09 03:15:00,3,15,3,0.0,4.1074359629083474,2.965237297421656,1.9043266566824124
2025-01-09 03:20:00,3,20,3,0.0,4.188842968050363,2.8841285013309603,1.9379710009978641
2025-01-09 03:25:00,3,25,3,0.5485763558768478,4.039032409428364,2.719950954249765,1.8080785375576318
2025-01-09 03:30:00,3,30,3,0.0,4.333050446788939,3.1720240783969933,2.060362497215174
2025-01-09 03:35:00,3,35,3,0.0,3.964258623087301,3.326854897195306,1.9401609699661357
2025-01-09 03:40:00,3,40,3,0.34673945595699684,4.124963564610775,2.9276973545786267,1.9184202150912704
2025-01-09 03:45:00,3,45,3,0.0,4.160988514727469,2.9361671033563663,1.8680091973706805
2025-01-09 03:50:00,3,50,3,0.5299681920233109,3.9805308062214535,3.05419764293744,2.005820813429682
2025-01-09 03:55:00,3,55,3,0.30850297478834876,4.155754861595557,2.8980170996323453,2.2502297826037805
2025-01-09 04:00:00,4,0,3,0.3417846616002388,3.8810654025675664,3.3793165844972615,2.23331544111468
2025-01-09 04:05:00,4,5,3,0.0,3.9154863161957563,3.111624802616679,2.152353945252755
2025-01-09 04:10:00,4,10,3,0.6059719926932002,3.7375022619327374,3.371283103565267,2.1520638631518847
2025-01-09 04:15:00,4,15,3,0.13062526561692803,4.048281823274009,2.8829628294801433,2.0784545053301096
2025-01-09 04:20:00,4,20,3,0.0,4.065050335170869,3.1252488532126637,1.801056545192816
2025-01-09 04:25:00,4,25,3,0.07169423367112554,4.235852631715846,2.9430138362713643,2.2200783648110933
2025-01-09 04:30:00,4,30,3,0.0,4.158228000871176,2.635301452990083,1.7499142909918812
2025-01-09 04:35:00,4,35,3,0.20432640574033542,3.9430408886705135,2.9647185892743346,2.070735919101141
2025-01-09 04:40:00,4,40,3,0.0,3.7643640625331445,2.7284735110102187,1.9746421496668118
2025-01-09 04:45:00,4,45,3,0.0,4.086570080503995,3.2307537078177133,2.013730291414857
2025-01-09 04:50:00,4,50,3,0.0,4.2221506344829285,3.187817788726226,1.8815771757329993
2025-01-09 04:55:00,4,55,3,0.5563441874949626,4.151036994760789,2.8380166286421638,2.1697747660570097
2025-01-09 05:00:00,5,0,3,0.0,4.216895504971458,3.073853106931238,1.7628807984451083
2025-01-09 05:05:00,5,5,3,0.7668638549582496,3.9576220937603517,2.8398318167674423,2.312916248211483
2025-01-09 05:10:00,5,10,3,0.0,3.906676206364871,2.8150889561061367,2.1868657493451993
2025-01-09 05:15:00,5,15,3,0.0,3.8526197295536404,2.90436266055326,1.9993648286465737
2025-01-09 05:20:00,5,20,3,0.0,3.9888207066772807,3.0589185241886745,1.5798037579000803
2025-01-09 05:25:00,5,25,3,0.6179058100034693,3.984281840806236,2.70745653291454,2.0172666037574327
2025-01-09 05:30:00,5,30,3,0.0,4.041335525707823,2.8551384872432237,2.1993162590549247
2025-01-09 05:35:00,5,35,3,0.0,3.9741405085928982,2.678775823826375,2.1130510112515974
2025-01-09 05:40:00,5,40,3,0.08000911292639384,3.973274454054646,2.724755755919135,1.9295790011711142
2025-01-09 05:45:00,5,45,3,0.2508913680837725,3.844661189405571,2.787124447152407,2.3804859760942394
2025-01-09 05:50:00,5,50,3,0.5586994079512304,4.188323802710298,2.732101567405993,1.9755880609261953
2025-01-09 05:55:00,5,55,3,0.7242496149464631,4.015303612448743,2.6546327703959696,2.319914024414118
2025-01-09 06:00:00,6,0,3,0.0,3.9651112131429436,3.080256483235441,2.0273946179197337
2025-01-09 06:05:00,6,5,3,0.0,3.850514149350159,3.2948625878583453,2.0294844882845227
2025-01-09 06:10:00,6,10,3,0.2294612930917228,3.733617377921783,3.0439142712282155,2.0263450576130304
2025-01-09 06:15:00,6,15,3,0.7841715455928737,4.261592838509869,3.1127268650886237,1.9015117232157475
2025-01-09 06:20:00,6,20,3,0.3896779643712754,4.110927741626361,2.9571425385273336,2.162066925691489
2025-01-09 06:25:00,6,25,3,0.6100932910721251,3.6752164314860067,3.0554745903115763,1.9771512171795749
2025-01-09 06:30:00,6,30,3,1.4771558629754584,4.152628460141932,2.7198955217938576,2.2996100569073192
2025-01-09 06:35:00,6,35,3,1.4969076861139405,4.184496234046621,2.867709178009846,2.1974474476838513
2025-01-09 06:40:00,6,40,3,1.7528802743750973,4.024875224460186,3.0351507303376173,1.7413098954540258
2025-01-09 06:45:00,6,45,3,1.5716555528112477,4.319622179150352,3.250455095506123,2.050908129279908
2025-01-09 06:50:00,6,50,3,2.0491957822781446,4.0433439284245765,3.2670690713474086,1.9635182598528163
2025-01-09 06:55:00,6,55,3,1.9147423511275792,3.716635294410162,3.140810245993411,1.6474945777309973
2025-01-09 07:00:00,7,0,3,3.0332896565876006,4.073033800209664,3.349935240921873,2.1181020003306186
2025-01-09 07:05:00,7,5,3,3.3159148076717964,4.0489794603425455,3.3875648449884825,2.6415435218518435
2025-01-09 07:10:00,7,10,3,2.0839640639236854,3.879340630244369,3.3186259737037562,2.7591526280916345
2025-01-09 07:15:00,7,15,3,2.7496392229354107,4.114711767375485,3.2430162069349966,2.7655709840949934
2025-01-09 07:20:00,7,20,3,2.6719368057116473,3.666466946761828,3.892927149762211,2.8040578405272956
2025-01-09 07:25:00,7,25,3,3.2993684156335674,4.198113365488558,3.3967432844510683,1.8623639206167573
2025-01-09 07:30:00,7,30,3,3.7851153387557175,3.8243756592789095,3.6746500990212043,2.462429585585409
2025-01-09 07:35:00,7,35,3,3.3026442887381062,3.8030107749765936,3.206482117961794,2.333116280538877
2025-01-09 07:40:00,7,40,3,3.7652527108443388,3.977235045538505,3.9303275949334404,2.158797939816954
2025-01-09 07:45:00,7,45,3,3.920908216149264,4.086594585608727,3.6404927526863635,2.5653874526912213
2025-01-09 07:50:00,7,50,3,4.72111979704981,4.032784812718686,3.39278370060103,2.693359806193914
2025-01-09 07:55:00,7,55,3,4.844559857712002,3.851468166845524,3.9896735776696595,2.4112085488341406
2025-01-09 08:00:00,8,0,3,4.639131223331373,3.898782141761622,3.4270457155768694,2.68661947149706
2025-01-09 08:05:00,8,5,3,5.276143017674915,3.7733915305245076,3.7754728464305005,2.4616878378554095
2025-01-09 08:10:00,8,10,3,5.099656041174604,3.955064019674026,3.4083878791719053,1.8347060437840719
2025-01-09 08:15:00,8,15,3,5.419874775032995,4.215004242902182,3.266597326290034,2.1582064983797347
2025-01-09 08:20:00,8,20,3,6.572490408659731,3.999147412471225,3.7053874988935673,2.426829115419747
2025-01-09 08:25:00,8,25,3,6.583327009530996,4.17188285095189,3.4150935183383213,2.4972831209131057
2025-01-09 08:30:00,8,30,3,5.437823671623407,4.291080267545238,3.23894705896238,2.9659741560066264
2025-01-09 08:35:00,8,35,3,6.674100930780179,3.8823962961926064,3.889458173508983,2.9854320349143064
2025-01-09 08:40:00,8,40,3,6.833574374111189,3.962685349388927,3.7050251693716674,2.491156565493419
2025-01-09 08:45:00,8,45,3,6.019326506624379,4.434238572212499,3.9844187909020654,2.295709949226106
2025-01-09 08:50:00,8,50,3,7.1652908980340335,4.288868682395989,3.238637306290096,2.3195465455690423
2025-01-09 08:55:00,8,55,3,7.684096517028968,3.6655190948375296,3.6568613800742895,2.2713684419836984
2025-01-09 09:00:00,9,0,3,6.509795408743269,4.077429663212182,3.4533881035346004,2.019443411834567
2025-01-09 09:05:00,9,5,3,6.764888210090424,4.000111998467939,3.644329299628473,2.0448689898450674
2025-01-09 09:10:00,9,10,3,7.881604101522991,4.165290622171753,3.2203516835403914,2.865150140468993
2025-01-09 09:15:00,9,15,3,7.654145730202597,3.851004246502989,3.854095495095833,2.6122939268639493
2025-01-09 09:20:00,9,20,3,7.936182568809542,3.8320783255918656,3.582699074520569,2.340712105853722
2025-01-09 09:25:00,9,25,3,7.969139439129065,3.8647858569412783,3.2681289008773398,2.391327490672786
2025-01-09 09:30:00,9,30,3,8.128881363376424,3.8856142907603135,3.0459037476613045,2.575734566486099
2025-01-09 09:35:00,9,35,3,7.401209978519286,4.163064833361803,3.5146493374425227,2.21997361998692
2025-01-09 09:40:00,9,40,3,8.715179296200642,3.763759765370224,3.9706045756524073,2.6820741130861143
2025-01-09 09:45:00,9,45,3,8.89949111923934,3.875477220008136,3.707552541202657,2.3537980221882506
2025-01-09 09:50:00,9,50,3,8.319219086094845,3.642197521899712,3.499600976592103,2.6882118010562266
2025-01-09 09:55:00,9,55,3,8.527380231822535,4.201423564682474,3.5458347101300705,2.9805702354309616
2025-01-09 10:00:00,10,0,3,7.894700286566525,4.254206019886228,2.9592424861166498,1.899087893552778
2025-01-09 10:05:00,10,5,3,9.024394935083995,3.9345853138272426,3.1268505752942852,1.7470705455426976
2025-01-09 10:10:00,10,10,3,9.156137052639288,3.9404101270373553,3.1848593864616226,1.7398576398816035
2025-01-09 10:15:00,10,15,3,8.937631906827228,4.090644380456579,3.12771693321171,1.8703452891654675
2025-01-09 10:20:00,10,20,3,9.62525455030175,4.294896401475651,3.095316829396679,2.1814685892122037
2025-01-09 10:25:00,10,25,3,8.9860761757045,4.081722149512784,3.0306842391007836,1.760075809671864
2025-01-09 10:30:00,10,30,3,9.521098288059669,3.860491611504977,2.8206449510985694,1.8542681717932434
2025-01-09 10:35:00,10,35,3,8.810246523481927,3.676235485602712,2.620998621280445,2.225495571746386
2025-01-09 10:40:00,10,40,3,9.385150132421964,3.7769747474673023,3.022021517151266,1.772896390962201
2025-01-09 10:45:00,10,45,3,9.382124165999638,4.0146438900624934,3.2911349714916716,1.8597343799723673
2025-01-09 10:50:00,10,50,3,9.64982346850274,3.868934495359841,3.0501144978149743,1.8349458909607597
2025-01-09 10:55:00,10,55,3,9.415735079442607,4.038993541198152,2.5963479693341944,1.7271118882297478
2025-01-09 11:00:00,11,0,3,9.59352196505485,3.8894151967527533,2.910301913826714,2.1796593742412096
2025-01-09 11:05:00,11,5,3,10.126444283853367,3.788370713741118,3.069306629363849,2.028041025234249
2025-01-09 11:10:00,11,10,3,9.544577952580225,3.7645936737093857,2.5979944754510234,2.254017229536019
2025-01-09 11:15:00,11,15,3,9.004564253662965,4.312470901874646,3.044735939299111,1.976116466021568
2025-01-09 11:20:00,11,20,3,10.722869482224791,4.177797549836729,3.226484621997779,2.2494993447136546
2025-01-09 11:25:00,11,25,3,10.574342144022848,4.346103590365591,3.230918049521838,1.9505827006593424
2025-01-09 11:30:00,11,30,3,9.268317266185294,4.10799018015102,2.799304687843161,2.1977845834284144
2025-01-09 11:35:00,11,35,3,10.285417284845794,3.9140017182770324,2.7269891113859166,2.3894513477328565
2025-01-09 11:40:00,11,40,3,9.710459595641783,4.264668184497988,3.0055999090389127,1.787823148860083
2025-01-09 11:45:00,11,45,3,10.110332840051566,3.9933863997276466,2.753626289168678,1.744479035188788
2025-01-09 11:50:00,11,50,3,10.137594280325324,4.044168354058071,3.0280725813441687,1.9987215359880426
2025-01-09 11:55:00,11,55,3,9.88041637064093,3.991435124184896,2.752815565298161,1.9287088426888197
2025-01-09 12:00:00,12,0,3,9.608117167206801,3.410619156143197,2.7264129227817318,2.1178603611888347
2025-01-09 12:05:00,12,5,3,9.652349744640961,4.32094700245897,2.989081346777457,1.9243194988165104
2025-01-09 12:10:00,12,10,3,9.532386258077956,4.098200789191551,2.7423778539864947,1.9399688799554469
2025-01-09 12:15:00,12,15,3,9.562678128270813,4.065964612173702,2.9170544237307348,2.0635453402419195
2025-01-09 12:20:00,12,20,3,9.928357835892777,3.987644787545888,3.0334035956233922,2.1584120204158683
2025-01-09 12:25:00,12,25,3,9.58268338766782,4.032685564077227,2.9030846912989876,1.627917699560701
2025-01-09 12:30:00,12,30,3,10.255474646594415,3.8805442128307504,3.198218575319608,1.8127934973903639
2025-01-09 12:35:00,12,35,3,10.62723818234557,4.123315870461454,2.778616589396949,1.9913766909772497
2025-01-09 12:40:00,12,40,3,9.55805090943706,3.7385803311201737,3.0604541025909033,1.8938327188570634
2025-01-09 12:45:00,12,45,3,9.927555054299992,4.037213686494109,2.8922614637063746,1.921794736446889
2025-01-09 12:50:00,12,50,3,10.012802626350801,4.112314694114221,3.2833080701986286,1.9994643824883735
2025-01-09 12:55:00,12,55,3,9.94942183359225,3.960266173235419,2.806407432107641,1.8084433286194066
2025-01-09 13:00:00,13,0,3,9.697235896848726,4.074173558494205,2.949823164083526,2.0475715868056015
2025-01-09 13:05:00,13,5,3,9.971839753039148,3.80173312155315,3.096796032393238,2.024831720769443
2025-01-09 13:10:00,13,10,3,9.778293983822598,3.8068346458208073,2.8316253298165823,1.9152117400878435
2025-01-09 13:15:00,13,15,3,8.850470083787409,4.047343424205279,3.1467815763729248,1.770781607909381
2025-01-09 13:20:00,13,20,3,9.831504240053722,4.13570993092421,2.9068493213845077,2.1194925715762705
2025-01-09 13:25:00,13,25,3,9.763724111461357,3.6250268688996576,3.1750562853270354,1.9614169257817233
2025-01-09 13:30:00,13,30,3,8.857152273023576,4.104404127022153,2.9177586378858367,1.735576411711252
2025-01-09 13:35:00,13,35,3,9.17208370891827,3.8913596999247324,3.105127984545419,2.263755937029358
2025-01-09 13:40:00,13,40,3,9.404742366772036,3.9614387825385173,3.5130308117199385,2.077289236703609
2025-01-09 13:45:00,13,45,3,8.864070505537203,3.7320964152869927,2.989824069671204,1.8160378773698185
2025-01-09 13:50:00,13,50,3,9.406597355665223,3.8296765519626583,2.62422861725137,2.035391849947967
2025-01-09 13:55:00,13,55,3,9.949203804384759,4.193225065106062,3.4700678240308607,2.2541624459313825
2025-01-09 14:00:00,14,0,3,8.267261021526895,4.006572674796042,3.2233128538227596,2.049120563411583
2025-01-09 14:05:00,14,5,3,7.858596405152577,3.9234443196580884,3.0719046320560643,1.5152505363444044
2025-01-09 14:10:00,14,10,3,8.585823755931298,3.976702329473793,3.1525021161527995,1.8841318860848368
2025-01-09 14:15:00,14,15,3,8.675477375588525,4.09784236493286,2.8596545306808228,1.9353486093902785
2025-01-09 14:20:00,14,20,3,8.076087255967533,4.0880988992326674,2.9285991021097972,1.8564728816056675
2025-01-09 14:25:00,14,25,3,8.791076374335345,3.9849945999206398,3.002774414435195,1.8883444807583893
2025-01-09 14:30:00,14,30,3,7.264230503050727,4.2185918221793335,3.0200645911512294,1.7025644370899933
2025-01-09 14:35:00,14,35,3,8.145304142444623,4.194092527381334,2.9571884458735966,1.7807408820627497
2025-01-09 14:40:00,14,40,3,7.357514020810333,4.082674405826079,2.8717101363004267,2.028679768606706
2025-01-09 14:45:00,14,45,3,8.378087027893422,4.0109223565820145,2.6792004770490085,1.8355185245455725
2025-01-09 14:50:00,14,50,3,8.3690310446853,4.131464219023908,3.113792876967267,1.7173644316268397
2025-01-09 14:55:00,14,55,3,6.840311326705885,4.062853484360237,3.3555734280557616,2.2408815912261293
2025-01-09 15:00:00,15,0,3,6.796289243911185,4.2121600143611895,2.9010945831095443,1.8425580624429874
2025-01-09 15:05:00,15,5,3,7.344924501312592,4.179912275347662,3.0403879806670964,1.710507548594568
2025-01-09 15:10:00,15,10,3,6.562336751261846,3.796349219716454,2.599571455033513,1.9081329751894867
2025-01-09 15:15:00,15,15,3,6.57075254203457,3.7828073658516588,2.973190246699562,2.018885444870706
2025-01-09 15:20:00,15,20,3,6.4405703071366,3.8597500911191847,2.8770518767764233,2.2547893458949897
2025-01-09 15:25:00,15,25,3,5.299398143741763,4.195227738013385,2.7009720683032232,1.7723475730083802
2025-01-09 15:30:00,15,30,3,6.08069541704009,3.684738200645751,3.0973271912289624,1.7676705228725718
2025-01-09 15:35:00,15,35,3,5.568232596603735,4.078951477821598,2.7599359095605367,2.024670958441433
2025-01-09 15:40:00,15,40,3,5.489202952310578,4.072508618218592,2.7892954759367936,1.9733831144158624
2025-01-09 15:45:00,15,45,3,6.277518331930429,4.232529611737238,2.8600286880684487,1.8276672593254522
2025-01-09 15:50:00,15,50,3,4.744742636328609,4.036067738132777,2.579538921731012,2.0279126305642676
2025-01-09 15:55:00,15,55,3,5.594335174979206,3.7313581218832197,2.750562001577414,1.966351559293896
2025-01-09 16:00:00,16,0,3,4.860518534834095,3.8081290078703756,2.897579020330287,1.9586983882600233
2025-01-09 16:05:00,16,5,3,4.670007604945964,3.763600895620435,2.970064925197348,2.0387256501836526
2025-01-09 16:10:00,16,10,3,5.012672080376195,3.892411206733372,2.8544481397017116,2.2485392958546737
2025-01-09 16:15:00,16,15,3,4.592912549474459,3.9634196865152145,2.6305199878288845,1.954681776294554
2025-01-09 16:20:00,16,20,3,4.511489116016764,3.766911694755789,3.1672461952821735,2.095354510600521
2025-01-09 16:25:00,16,25,3,4.5115592288538,4.294132398130458,2.8050328846942807,1.838350901402395
2025-01-09 16:30:00,16,30,3,3.6611801320592376,3.734943725609512,2.7986414881346793,2.119845526132878
2025-01-09 16:35:00,16,35,3,3.318262015583147,4.269220684772496,2.8520152542968984,2.05102461762469
2025-01-09 16:40:00,16,40,3,2.877626169977786,4.237032606287868,3.052860282815191,2.4736786936470745
2025-01-09 16:45:00,16,45,3,2.8016893880421403,4.179660509937807,3.0626502519603407,1.8377711970499073
2025-01-09 16:50:00,16,50,3,4.481605207697096,3.86124667850065,2.70796994758672,1.944829457072451
2025-01-09 16:55:00,16,55,3,3.420629930678312,4.068490175835381,2.9761828315145364,1.5578600945218888
2025-01-09 17:00:00,17,0,3,1.9126532679211994,3.7445257732898765,2.8572291679413975,2.0594705085655107
2025-01-09 17:05:00,17,5,3,1.7156299448899486,4.18218140700675,2.893528865946765,2.1937247571411675
2025-01-09 17:10:00,17,10,3,2.4053291702402735,3.985203043692746,2.688328711055896,2.1353765640306435
2025-01-09 17:15:00,17,15,3,2.2245356188502696,3.918135957082663,3.1827779483051906,2.1912992951683075
2025-01-09 17:20:00,17,20,3,2.0109236943279893,3.755251030668746,2.6868287230691243,2.0629105591714767
2025-01-09 17:25:00,17,25,3,1.3937559651223175,3.504498776274197,2.866249176295697,1.7187715116034197
2025-01-09 17:30:00,17,30,3,1.2425347921990657,3.7922918285928486,2.9172264550052582,1.8190044016198381
2025-01-09 17:35:00,17,35,3,1.252608510599329,4.222559639122581,3.184150093632774,2.102612668602714
2025-01-09 17:40:00,17,40,3,0.9145039306232472,3.919433314305039,2.7695111063782263,1.855155737233814
2025-01-09 17:45:00,17,45,3,0.0,3.9661342285769905,2.9238605148766754,1.9855189705364205
2025-01-09 17:50:00,17,50,3,0.32129405836576824,4.1311108716576905,3.201275654960756,2.1381564652961265
2025-01-09 17:55:00,17,55,3,0.0,4.361133775623253,3.010278393794968,1.9478702300210156
2025-01-09 18:00:00,18,0,3,0.08760570945425725,4.265000930989128,2.9679937896177586,2.887599287837817
2025-01-09 18:05:00,18,5,3,1.492629501301705,3.805532999236762,3.365871020640303,2.9664520721278773
2025-01-09 18:10:00,18,10,3,0.1837408327371522,3.6114858857125185,3.5588327876395507,3.1075852625864333
2025-01-09 18:15:00,18,15,3,0.0,4.471922851820021,3.6818964600098947,2.0703941106337362
2025-01-09 18:20:00,18,20,3,0.4609007509886261,4.453798322331891,3.3156753559216363,2.4492595117984104
2025-01-09 18:25:00,18,25,3,0.24134394360460634,4.037690719285856,3.2378651338675026,2.386881754845387
2025-01-09 18:30:00,18,30,3,0.21004724522592064,3.7459023508836355,3.089918252425367,2.5017163843297365
2025-01-09 18:35:00,18,35,3,0.3034252966078355,4.192645306778788,3.571223584703282,2.1987671778381643
2025-01-09 18:40:00,18,40,3,1.0282717824147707,3.978403262797478,4.082076288044574,2.5190539783841377
2025-01-09 18:45:00,18,45,3,0.0,3.977403775378678,3.2549777401631266,2.0111382100104347
2025-01-09 18:50:00,18,50,3,0.23681603840572724,4.178891768621026,3.5179828668191506,2.421853440155994
2025-01-09 18:55:00,18,55,3,0.0,4.06687494937466,3.734912272185933,2.4569889205084094
2025-01-09 19:00:00,19,0,3,0.27775632317112414,3.762837017797011,3.141884365319382,3.0012154888532745
2025-01-09 19:05:00,19,5,3,0.0,3.9350516129836053,3.630687463852156,2.4237673865204923
2025-01-09 19:10:00,19,10,3,0.0,4.13223058573227,3.5493915594349215,2.6422125869684976
2025-01-09 19:15:00,19,15,3,0.0,4.102050444481003,3.0713430158319697,2.547308265988843
2025-01-09 19:20:00,19,20,3,0.4879083596723545,4.052403314871695,3.3649629580118323,2.6521899956889254
2025-01-09 19:25:00,19,25,3,0.4592272219712069,4.186684590895172,3.2779454226181164,2.3185894434708754
2025-01-09 19:30:00,19,30,3,0.0,3.927656602436547,3.998861329569217,2.869273627264641
2025-01-09 19:35:00,19,35,3,0.027467055499924363,4.035733955043814,2.5113316460098076,2.8470285947392933
2025-01-09 19:40:00,19,40,3,0.0,3.3248841799644797,3.477904392122673,2.2875453811302964
2025-01-09 19:45:00,19,45,3,0.0,3.910069961231437,3.197847579287705,2.2152647115160033
2025-01-09 19:50:00,19,50,3,0.0,4.152780581715129,3.2960192165724753,2.161860224895447
2025-01-09 19:55:00,19,55,3,0.0,3.9219211065765713,3.0936201016782072,2.187885954746827
2025-01-09 20:00:00,20,0,3,1.2133582431727612,3.9067545216565778,3.5970181565197064,2.515027044571239
2025-01-09 20:05:00,20,5,3,0.21647991268034808,3.791709409645036,3.666756935465557,2.4800890482369837
2025-01-09 20:10:00,20,10,3,0.0,4.200673178545829,3.1079962008065625,2.6483322770480817
2025-01-09 20:15:00,20,15,3,0.0,4.109692654708114,3.1985932163375255,2.6939842905966804
2025-01-09 20:20:00,20,20,3,0.5106916477146992,4.165082919564617,3.150223999112912,2.2937570120789426
2025-01-09 20:25:00,20,25,3,1.0442213864349625,3.654757207608422,3.3915825078296256,2.7023214403170845
2025-01-09 20:30:00,20,30,3,0.0,3.967909991346873,3.5527991756382185,2.5060003966452773
2025-01-09 20:35:00,20,35,3,0.0,3.943977798449999,4.065700635516592,1.9489050516324564
2025-01-09 20:40:00,20,40,3,0.9354825876858911,3.9438856586802893,3.188486707189835,2.1756434565883027
2025-01-09 20:45:00,20,45,3,0.19480708868545193,3.8767944912564087,2.9688043070233174,2.284144146134192
2025-01-09 20:50:00,20,50,3,0.0,3.930779145643997,3.7063307491390116,2.3225057804452747
2025-01-09 20:55:00,20,55,3,0.26731454306121766,4.16992895654133,3.400099108404107,1.9832335516359154
2025-01-09 21:00:00,21,0,3,0.0,3.6174297293304343,3.2610423274518956,2.361490385323725
2025-01-09 21:05:00,21,5,3,0.0016877532985804995,4.355458953606091,3.6927201267641343,1.9975250806245337
2025-01-09 21:10:00,21,10,3,0.16391058642154263,4.096768225005293,3.3634973762836586,2.8260454090206673
2025-01-09 21:15:00,21,15,3,0.4621350697689149,3.9915336208679575,3.366475014313021,1.8653315757643965
2025-01-09 21:20:00,21,20,3,0.0,4.181366829274586,3.8837527332044575,2.7204690827615
2025-01-09 21:25:00,21,25,3,0.04284358070167952,3.709633050966313,3.7608191525236374,1.9768649059763819
2025-01-09 21:30:00,21,30,3,0.0,3.867059818969797,3.9537367177541642,2.2680171744666406
2025-01-09 21:35:00,21,35,3,0.12769187783715855,3.9757849135218892,3.3471683167339306,2.289166850202399
2025-01-09 21:40:00,21,40,3,0.0,4.273112074086436,3.7840811545865622,2.446060494248411
2025-01-09 21:45:00,21,45,3,0.0,3.9907006837746883,3.6445223097762875,2.5227703068653105
2025-01-09 21:50:00,21,50,3,0.0,4.090010934237029,3.471487398892124,2.215964780876141
2025-01-09 21:55:00,21,55,3,0.3255681209118285,3.8820842008127743,4.043642176192329,2.0609819114484313
2025-01-09 22:00:00,22,0,3,0.42922555832833265,4.0973684137934985,3.082450794806937,2.0753313184214557
2025-01-09 22:05:00,22,5,3,0.0,4.335447918594891,3.230871257230485,2.2776180064758558
2025-01-09 22:10:00,22,10,3,0.01911899748001417,4.199105338334823,2.9725222801166447,2.1060788611849506
2025-01-09 22:15:00,22,15,3,0.0,3.9837088024444243,3.352974742090502,1.9869646466155495
2025-01-09 22:20:00,22,20,3,0.0,4.135098169453094,2.786713304986965,1.9231063774601158
2025-01-09 22:25:00,22,25,3,0.0,4.115503390921442,2.7390708002771067,2.0743633621989446
2025-01-09 22:30:00,22,30,3,1.3103965455149875,4.101317534339455,3.2128912416281272,1.9757917015864923
2025-01-09 22:35:00,22,35,3,0.0,4.222390672172081,2.6758079901092717,2.2043301670115354
2025-01-09 22:40:00,22,40,3,0.7320886193762187,4.2208955407674935,2.6447402076868443,1.6908090444153918
2025-01-09 22:45:00,22,45,3,0.498429386732904,3.9745682806250233,2.9643323225010563,2.0503570491351
2025-01-09 22:50:00,22,50,3,0.1403182022450682,4.128375812295554,3.084449499751671,1.9867720895907053
2025-01-09 22:55:00,22,55,3,0.8793102420975667,3.923381015768041,3.3520087530269715,2.0130336682166403
2025-01-09 23:00:00,23,0,3,0.18605273630343144,3.8153855207368843,3.206933620350587,2.1573909128189395
2025-01-09 23:05:00,23,5,3,0.19457959783396436,3.9461012488592027,2.741425253559094,1.9660539025428958
2025-01-09 23:10:00,23,10,3,0.0,3.9847443696520837,3.424664102656204,1.8991298292119485
2025-01-09 23:15:00,23,15,3,0.6117844412093137,3.667683802164402,2.865075895128662,2.0341151162954043
2025-01-09 23:20:00,23,20,3,0.5482346169054418,4.172066511883344,2.9062960141479897,1.8412590840995522
2025-01-09 23:25:00,23,25,3,0.0,3.4465349154795204,2.9033433211404827,2.286401934273725
2025-01-09 23:30:00,23,30,3,0.0,4.542963387897264,2.9726762617044855,1.7343849934490576
2025-01-09 23:35:00,23,35,3,0.0,4.3003758267592636,2.697650692382367,2.441360986410894
2025-01-09 23:40:00,23,40,3,0.0,3.9477982551655373,2.9553331261131794,2.086915700193084
2025-01-09 23:45:00,23,45,3,0.0,4.001885272112754,2.845724554732078,2.0641971938542834
2025-01-09 23:50:00,23,50,3,0.6187190673420696,4.060594374717456,3.2918659303203066,1.869547363251249
2025-01-09 23:55:00,23,55,3,0.0,3.8821679224022114,3.0917173559897164,1.7188507448219223
2025-01-10 00:00:00,0,0,4,0.0,4.038523829517387,3.4045732236733586,2.053707186048915
2025-01-10 00:05:00,0,5,4,0.029011367404197613,3.971200004459668,2.9174412311295415,1.9404251753427673
2025-01-10 00:10:00,0,10,4,0.4242154411026423,3.981145456553807,2.897992365097133,1.9082189671753014
2025-01-10 00:15:00,0,15,4,0.0,4.036292212696128,2.510500971530068,1.980406853580649
2025-01-10 00:20:00,0,20,4,0.0,3.737294440329201,2.9720242638788577,2.0977323074520955
2025-01-10 00:25:00,0,25,4,0.10564184613973636,4.00791394482673,2.895371250711695,1.8457927371717955
2025-01-10 00:30:00,0,30,4,0.6000394782134306,4.0326895493234955,2.9984450111094048,1.6775263763819033
2025-01-10 00:35:00,0,35,4,0.0,4.025769924271183,3.0286846375069167,1.6276361480956558
2025-01-10 00:40:00,0,40,4,0.0,3.956833848912769,3.2241637297661594,2.136853991132155
2025-01-10 00:45:00,0,45,4,0.3098557229830681,4.227571555193874,2.8147628247151975,2.1322276026676072
2025-01-10 00:50:00,0,50,4,0.0,3.9292694890236897,3.0223028448507763,1.798197953783028
2025-01-10 00:55:00,0,55,4,0.0,4.045465181364638,2.595424768554182,2.0632871366852905
2025-01-10 01:00:00,1,0,4,0.0,4.2594595067851095,2.841143630572993,2.218993913939216
2025-01-10 01:05:00,1,5,4,0.0,3.9841247719959374,3.00280674677637,1.8600834607005365
2025-01-10 01:10:00,1,10,4,0.0,4.04289265349351,3.359567746618094,2.115289298520601
2025-01-10 01:15:00,1,15,4,0.0,3.9807230727370206,2.2689826969791786,1.9027216462418268
2025-01-10 01:20:00,1,20,4,0.4485330984435661,4.24747395871272,2.723182201597515,1.8400404124559382
2025-01-10 01:25:00,1,25,4,0.6374375206393611,3.948455087682741,2.9710535202162927,2.070809701717509
2025-01-10 01:30:00,1,30,4,0.32576099566975286,4.256670915457641,3.0522731484227146,2.2155746153129603
2025-01-10 01:35:00,1,35,4,0.0,3.9792824210705873,3.127319675501733,2.114949385825101
2025-01-10 01:40:00,1,40,4,0.0,3.8281080553103966,3.040298464626655,2.25735977054518
2025-01-10 01:45:00,1,45,4,0.0,4.135874634114824,2.9367446913618167,1.941939346252962
2025-01-10 01:50:00,1,50,4,0.2993971947809551,3.9390664332488687,2.6188853294054937,2.211232808762007
2025-01-10 01:55:00,1,55,4,0.3341702443590404,4.124100179819832,2.9846148488441693,2.5867211412342543
2025-01-10 02:00:00,2,0,4,0.0,3.454119123015253,2.9188934616475084,2.017715625883347
2025-01-10 02:05:00,2,5,4,0.04099777820678021,4.001041052378989,3.1093009907216826,1.7796200054022573
2025-01-10 02:10:00,2,10,4,0.22864020230762055,3.908078940248504,3.0717095427758454,2.006932286411437
2025-01-10 02:15:00,2,15,4,0.7279111610733833,3.7873482626937442,2.9392623620646323,2.234520791748601
2025-01-10 02:20:00,2,20,4,0.35225326991236156,3.88935179963204,2.819250256417869,2.0549804226164445
2025-01-10 02:25:00,2,25,4,0.39452834368775946,3.8852593711414696,3.290932858277009,1.8586756488087404
2025-01-10 02:30:00,2,30,4,0.04191331396468047,3.990402841029884,2.9406228034615403,2.4690609126943657
2025-01-10 02:35:00,2,35,4,0.7052295726017519,3.7265347077430087,3.0948782130312114,1.8987605046714764
2025-01-10 02:40:00,2,40,4,0.2048813979797487,4.0632547560519425,3.1605249520156957,1.8863812896817949
2025-01-10 02:45:00,2,45,4,0.0,4.273242957041157,2.687016815167986,2.274472789053034
2025-01-10 02:50:00,2,50,4,0.7016849850625954,4.056185699389565,2.779388147173797,2.490342524999458
2025-01-10 02:55:00,2,55,4,0.3489516362695138,4.161797721845802,2.902133524907559,2.426652936312371
2025-01-10 03:00:00,3,0,4,0.0,4.218912490922759,2.7262657862959885,2.2050987172532506
2025-01-10 03:05:00,3,5,4,0.0,4.247297902436835,3.09994525459693,2.1675492451110303
2025-01-10 03:10:00,3,10,4,0.1482877725703809,4.374027738564261,3.1936045413352523,1.9004509715437656
2025-01-10 03:15:00,3,15,4,0.23159239763379236,3.900159600344814,2.7382312315994004,1.9898164539321563
2025-01-10 03:20:00,3,20,4,0.09864613281560322,3.856303202967777,3.044606051517027,1.905631075768899
2025-01-10 03:25:00,3,25,4,0.15565433672144244,4.156693129664947,3.0555107940319726,2.065925106234948
2025-01-10 03:30:00,3,30,4,0.8499786872881903,4.14165324393148,2.817994710691227,2.078994256338093
2025-01-10 03:35:00,3,35,4,0.5357715761174429,4.155135059923138,2.946557595261071,1.8600038199593258
2025-01-10 03:40:00,3,40,4,0.09531779563251216,4.377856490850051,3.1574750276447987,1.8446017576612912
2025-01-10 03:45:00,3,45,4,0.47065529038374165,4.002273981759699,2.9086664820190546,2.014410170037331
2025-01-10 03:50:00,3,50,4,0.0,4.085231311929237,3.2748623241308477,2.0385568155448595
2025-01-10 03:55:00,3,55,4,0.19896352497340447,3.803922349703305,3.1056576664949334,1.9404714928007007
2025-01-10 04:00:00,4,0,4,0.904653174866555,4.427064224795192,2.984302075124732,1.9902245532960812
2025-01-10 04:05:00,4,5,4,0.0,3.9326910157581776,3.058661247203405,1.940806485390348
2025-01-10 04:10:00,4,10,4,0.0,3.938356814367834,3.2679999770952417,1.9253667522995717
2025-01-10 04:15:00,4,15,4,0.0,3.9306500217983515,2.6585517729589263,2.548559320874004
2025-01-10 04:20:00,4,20,4,0.0,3.8710208282711323,2.9345262618112495,2.2626339574182697
2025-01-10 04:25:00,4,25,4,0.0,3.85411259023047,3.2809581683919515,2.1890428624500764
2025-01-10 04:30:00,4,30,4,0.0,3.895259143422095,2.9603945560805194,2.0573369639748686
2025-01-10 04:35:00,4,35,4,0.0,3.726840814389811,2.7450979581390147,2.398029554763655
2025-01-10 04:40:00,4,40,4,0.0078091669748015236,3.8429364159473525,2.8296388003634663,1.949219807451825
2025-01-10 04:45:00,4,45,4,0.4511385868933236,4.389792622289524,3.0197972974080503,1.978512049032608
2025-01-10 04:50:00,4,50,4,0.0,4.147131028728274,2.8686253435413214,2.2788678104109374
2025-01-10 04:55:00,4,55,4,0.7596419618208844,4.185180835345544,3.190055856697656,2.0644094408651386
2025-01-10 05:00:00,5,0,4,0.25539604426379736,4.235441757483383,2.92008938880065,2.2128551743688942
2025-01-10 05:05:00,5,5,4,0.5152902928120286,4.366826912872478,2.907106273444487,2.3140783680675634
2025-01-10 05:10:00,5,10,4,0.0,3.645715489711231,3.0222441830966855,2.245956305394543
2025-01-10 05:15:00,5,15,4,0.42726261353330786,3.754023376942692,2.9772359347632835,2.0143066364081887
2025-01-10 05:20:00,5,20,4,0.0,3.8392552678210627,3.2450842122917334,2.438785030360889
2025-01-10 05:25:00,5,25,4,0.44512375041825436,3.9060540407020805,3.3120733635009763,2.17542692387557
2025-01-10 05:30:00,5,30,4,0.08591966989676561,3.9398861218829504,3.1178566865915194,1.898610261948075
2025-01-10 05:35:00,5,35,4,0.27662560999239183,3.910604489438792,3.0590459482210863,1.8173901632006537
2025-01-10 05:40:00,5,40,4,0.0,4.0438617826264105,3.075156426736955,2.088010132138715
2025-01-10 05:45:00,5,45,4,0.0,4.007059078149044,2.6078309717063615,2.0077477218383413
2025-01-10 05:50:00,5,50,4,0.2986141091266924,3.8554330409643502,3.082974979817821,1.9832580285721955
2025-01-10 05:55:00,5,55,4,0.0,3.564890244602486,3.071609767771314,1.7316555513287373
2025-01-10 06:00:00,6,0,4,0.23160314604956153,3.8014262589242604,2.8448271388879482,2.2069876326327864
2025-01-10 06:05:00,6,5,4,0.0,3.890152269337485,3.0001143331291553,2.067975796262982
2025-01-10 06:10:00,6,10,4,0.8602809799866948,3.950584112638456,2.890695767858284,2.003898804655371
2025-01-10 06:15:00,6,15,4,0.03776963491717611,3.7740665081378926,2.5395975639729604,2.1692023876841535
2025-01-10 06:20:00,6,20,4,1.1477073963163424,3.901838706700716,3.361586567790494,1.7869964901570718
2025-01-10 06:25:00,6,25,4,1.4014842153426468,3.7738025223028826,2.8119335624980866,2.0881759796474966
2025-01-10 06:30:00,6,30,4,0.9568760129857283,3.9748361296903334,3.294775858101349,1.999580536523411
2025-01-10 06:35:00,6,35,4,1.8122471454415296,3.785381734327477,2.754136395837499,1.9582765526724253
2025-01-10 06:40:00,6,40,4,1.8667029083360822,3.8302190687259072,2.7940135839376414,1.8662307414262447
2025-01-10 06:45:00,6,45,4,1.6814822920649133,3.738263173802172,2.939191780169337,1.8141350823516746
2025-01-10 06:50:00,6,50,4,1.660118797342924,3.9692998608860433,2.844418855165087,2.0149068000444488
2025-01-10 06:55:00,6,55,4,1.395546077425442,3.8267104460095203,3.043007162427446,1.7152039332358067
2025-01-10 07:00:00,7,0,4,2.763015474675054,4.181356853335086,3.618914516752801,2.3854198410605805
2025-01-10 07:05:00,7,5,4,2.015888754628892,4.08117005333858,3.7160784570657825,2.734149256206358
2025-01-10 07:10:00,7,10,4,3.054730094763386,3.9860296263632713,3.3366376457134854,2.68424430821132
2025-01-10 07:15:00,7,15,4,3.082670544990491,3.8405029005312423,3.2489131880903512,2.897128618850587
2025-01-10 07:20:00,7,20,4,3.759772820975784,4.07610406106326,3.2602591397430607,2.6058248825876538
2025-01-10 07:25:00,7,25,4,3.4733576330920846,4.138140177869728,3.443717256606716,2.19493164572872
2025-01-10 07:30:00,7,30,4,3.662110430477352,4.028537682440326,3.770274728535593,2.315760457339963
2025-01-10 07:35:00,7,35,4,4.393402250731519,4.320740371093386,2.989978350506508,1.635395991049591
2025-01-10 07:40:00,7,40,4,4.393711631949055,4.091927463614963,3.2374865916716087,2.912772525789692
2025-01-10 07:45:00,7,45,4,4.580964880781402,4.182721443513607,3.877321540251098,2.2844204792957403
2025-01-10 07:50:00,7,50,4,4.852119927254601,4.026713083107196,3.3876635255895864,2.3605260773331933
2025-01-10 07:55:00,7,55,4,4.042101627590324,4.135132890651395,3.0999703563651293,2.215350438512997
2025-01-10 08:00:00,8,0,4,5.37839433999349,3.840643753466165,3.7943448558202353,2.65116636141382
2025-01-10 08:05:00,8,5,4,5.4939669786120175,3.9083203273574414,3.5819266575589666,2.0994560165017426
2025-01-10 08:10:00,8,10,4,4.864654519179988,4.069872710696476,3.5302109642101933,1.8088465091535935
2025-01-10 08:15:00,8,15,4,5.4336620933589215,4.068419896311476,3.75284080737816,2.5775724702211424
2025-01-10 08:20:00,8,20,4,5.716110719696647,4.101522364588649,3.096430264370051,2.984927667247012
2025-01-10 08:25:00,8,25,4,5.845848091434956,4.2200785784557455,2.9611506022494254,2.6590918546748807
2025-01-10 08:30:00,8,30,4,6.254544273371473,3.7150057656369175,3.6665515306935985,2.1280988681942556
2025-01-10 08:35:00,8,35,4,6.974918112756184,3.805109490477941,3.488644792756965,2.008951647354141
2025-01-10 08:40:00,8,40,4,6.968759460701807,4.04591452821485,2.646087705101956,2.1796371319205026
2025-01-10 08:45:00,8,45,4,5.937348554284985,3.855127273639308,3.315012517321401,2.6932768542432375
2025-01-10 08:50:00,8,50,4,7.066937071309628,4.675553648257872,3.520222425518246,2.5280636378158436
2025-01-10 08:55:00,8,55,4,7.579597217590396,4.103143923834027,3.1956735130149245,2.340996608787584
2025-01-10 09:00:00,9,0,4,7.264472072210077,3.9843338302139686,3.221022017039252,2.1325077978910576
2025-01-10 09:05:00,9,5,4,7.769129833190539,3.896906145383228,3.321890171903823,2.5223537155289
2025-01-10 09:10:00,9,10,4,8.378908590951623,3.903967543361391,3.328208444172739,2.4029491991725083
2025-01-10 09:15:00,9,15,4,8.030252847843263,4.006028132263036,3.708474443273417,2.349773674392789
2025-01-10 09:20:00,9,20,4,7.785098729010645,4.022396386524251,3.0998100107036324,2.6690360564803717
2025-01-10 09:25:00,9,25,4,8.321389067971193,3.9086601710612974,3.5797548945524853,2.598597849451694
2025-01-10 09:30:00,9,30,4,8.005977319460797,3.94536955069602,3.687751597260713,2.6369924581923834
2025-01-10 09:35:00,9,35,4,8.076397564317306,4.2688569150469196,3.5086186077413912,3.217435798855628
2025-01-10 09:40:00,9,40,4,8.01581332503305,4.276900992530207,3.114509376109414,2.3240748164534324
2025-01-10 09:45:00,9,45,4,9.096402802441506,4.050406795986976,3.79020030940345,2.542775887628672
2025-01-10 09:50:00,9,50,4,8.024700125157858,3.7317480545526527,3.7273769102033714,2.5509269288610614
2025-01-10 09:55:00,9,55,4,9.315302569068525,4.107700631327809,3.9122169653479943,2.1977467433100264
2025-01-10 10:00:00,10,0,4,8.910186099714572,4.310856488322205,3.268491977881342,2.234199298640853
2025-01-10 10:05:00,10,5,4,8.067614469674107,4.273956220392476,2.757942177153924,2.1261330819775344
2025-01-10 10:10:00,10,10,4,9.053932978277928,4.146885170561934,2.991392013552682,1.8786835961761872
2025-01-10 10:15:00,10,15,4,7.918714161501072,4.284484591057164,2.622276162056456,1.7978372657765367
2025-01-10 10:20:00,10,20,4,9.375831878782016,4.010676854495804,3.141622428036918,2.1627682538521116
2025-01-10 10:25:00,10,25,4,9.595730532688966,4.125620593966741,2.957857903884766,2.163397028628657
2025-01-10 10:30:00,10,30,4,8.942617347286841,3.863844886734964,3.1890520155788273,2.0309279917252696
2025-01-10 10:35:00,10,35,4,9.381852540805777,4.058453091231143,2.855533275229959,2.088210822563129
2025-01-10 10:40:00,10,40,4,10.374004924734226,4.2659068487941045,3.097396941531773,2.134788878070062
2025-01-10 10:45:00,10,45,4,9.216427942820086,3.8821153177026217,3.173080654000448,1.7275670856157557
2025-01-10 10:50:00,10,50,4,9.007715713953969,3.827711314107143,2.8980141509268518,1.620275730862436
2025-01-10 10:55:00,10,55,4,10.341330245090585,4.019497787804739,3.1493992076710695,1.9575377104039167
2025-01-10 11:00:00,11,0,4,10.64055185815608,3.9546675592552,3.086162814139483,1.7048642503619682
2025-01-10 11:05:00,11,5,4,9.715268534056538,4.129829544214084,3.28019616993861,1.761132167076145
2025-01-10 11:10:00,11,10,4,10.268691588903511,3.9093480948105914,3.1549126608764917,2.0235900341785085
2025-01-10 11:15:00,11,15,4,10.478590761797745,4.343687923120543,2.9621114444947643,1.9459679786775652
2025-01-10 11:20:00,11,20,4,9.47683541385289,3.7420647804077887,2.872387398136774,2.2590392353801536
2025-01-10 11:25:00,11,25,4,9.640962186993672,4.250746957243947,3.0025225668704487,1.7461556939293559
2025-01-10 11:30:00,11,30,4,10.529885870315471,3.8470301543383796,2.923207959593032,2.0256678054405874
2025-01-10 11:35:00,11,35,4,10.78307052157745,3.6408034530831954,3.179561056289065,1.8790760558965585
2025-01-10 11:40:00,11,40,4,10.243387411004633,4.047575031269774,2.8924446888390904,2.004686425429481
2025-01-10 11:45:00,11,45,4,9.538682055635007,3.949078402797223,3.174684963989465,1.726249092880794
2025-01-10 11:50:00,11,50,4,10.984012771668297,3.778078126419394,3.101070926198349,1.9071874939742688
2025-01-10 11:55:00,11,55,4,9.732134821893109,3.663724621656947,2.935113483650303,2.40031514902595
2025-01-10 12:00:00,12,0,4,9.832431109414275,3.9983278425457085,2.960706155089695,2.150938750061716
2025-01-10 12:05:00,12,5,4,10.168789188043903,4.195167378324763,3.1437827674406695,1.7639952171802986
2025-01-10 12:10:00,12,10,4,10.767562426175964,4.116990698617289,2.630921134955419,2.164196418483382
2025-01-10 12:15:00,12,15,4,10.405577220662147,4.011341329767853,2.783290761510296,1.6671634090857945
2025-01-10 12:20:00,12,20,4,10.16937973109841,4.095769514643547,3.2052324429688395,1.7961146532448815
2025-01-10 12:25:00,12,25,4,10.17220764728225,3.9945571735244285,2.8454965048631213,2.394874631017859
2025-01-10 12:30:00,12,30,4,9.93620594805984,3.714055151393926,2.6680529277236857,1.748742791718615
2025-01-10 12:35:00,12,35,4,10.162684861936858,3.7158212029553113,2.908060371505216,1.9519486320331156
2025-01-10 12:40:00,12,40,4,8.58329749127493,3.9593662942030643,2.8212509435764694,1.7682689805354168
2025-01-10 12:45:00,12,45,4,9.659549074497406,3.967869342726785,3.3019988648863863,2.052597224820943
2025-01-10 12:50:00,12,50,4,9.883621038657724,4.170196535701353,3.1170337488418376,1.9725549646882927
2025-01-10 12:55:00,12,55,4,9.13791365632286,4.15146084475495,3.057890989771827,2.186580332221918
2025-01-10 13:00:00,13,0,4,9.852419921796463,4.1210266031517895,2.800740197090933,2.0529671993035965
2025-01-10 13:05:00,13,5,4,9.498262933366226,3.943943457384564,3.1392084626815784,2.3089594692768522
2025-01-10 13:10:00,13,10,4,10.414907356640015,3.723869565977972,3.389578195960352,2.0139719593963523
2025-01-10 13:15:00,13,15,4,10.255811157558485,4.082414227413205,3.227727789937427,1.4659664133256904
2025-01-10 13:20:00,13,20,4,9.164023423300003,4.105033862652434,3.310456581875343,1.8548232676558394
2025-01-10 13:25:00,13,25,4,9.244659837044638,3.522293707504463,2.951780510202422,2.088220896873404
2025-01-10 13:30:00,13,30,4,9.201821542308672,3.8331323626834672,2.9693115265368974,2.039290675913627
2025-01-10 13:35:00,13,35,4,8.927285053114659,3.861789124521221,3.317538593645229,1.9231559909308058
2025-01-10 13:40:00,13,40,4,9.160590362380564,4.023670040224688,2.7826152366998893,2.3626927714597104
2025-01-10 13:45:00,13,45,4,8.589586380883087,3.839327913446861,3.1053528434009356,2.3844477950626928
2025-01-10 13:50:00,13,50,4,8.304800664313454,3.992373086235072,3.172725982115781,1.7352811215973127
2025-01-10 13:55:00,13,55,4,9.078623169025212,3.957893011929402,3.1290769343513762,1.803210386823489
2025-01-10 14:00:00,14,0,4,8.975018829955292,3.9681701056924545,3.0014863604879336,1.9848571192784485
2025-01-10 14:05:00,14,5,4,8.146960826899468,3.8567211412598508,2.676467239073389,1.8374379020876428
2025-01-10 14:10:00,14,10,4,8.881592173510159,3.8722029891866643,3.44103746003182,2.0476754809682327
2025-01-10 14:15:00,14,15,4,7.998907258442787,3.7839465880438614,2.9648807730674096,2.362578043988185
2025-01-10 14:20:00,14,20,4,8.318103061908907,4.076013488114766,2.9207529379861663,1.981715927606176
2025-01-10 14:25:00,14,25,4,8.474618048981055,4.114220525718274,3.19816057122457,1.91985284027673
2025-01-10 14:30:00,14,30,4,7.916727120560495,3.8458764099749323,2.8506958521295,1.5492487169278566
2025-01-10 14:35:00,14,35,4,8.026215286999385,4.304128019203409,2.812700337323448,1.8107944508020775
2025-01-10 14:40:00,14,40,4,7.402229609245994,3.9370797105115902,3.031713339093722,1.8779083468544449
2025-01-10 14:45:00,14,45,4,7.420164783075725,4.306037124759312,3.4316038021714395,1.7884742139530387
2025-01-10 14:50:00,14,50,4,7.269843652661071,3.8715745652336793,3.280129337371481,2.04395059102551
2025-01-10 14:55:00,14,55,4,6.85035044732744,3.5946844446801127,3.161354807142478,2.149203918947174
2025-01-10 15:00:00,15,0,4,6.982680730307584,4.08043956498247,2.5563528939375164,1.9976894642046885
2025-01-10 15:05:00,15,5,4,6.140821408390817,4.049709021023798,2.9475543725532334,1.7734043810617466
2025-01-10 15:10:00,15,10,4,6.510325202585551,4.006878759061516,3.0919252074431736,2.3433080631754946
2025-01-10 15:15:00,15,15,4,6.451020404315854,3.871553504311202,2.4653992712231867,1.8931060648316558
2025-01-10 15:20:00,15,20,4,6.2997862206177055,3.9930855549028363,2.7508467671772756,2.0143555652475387
2025-01-10 15:25:00,15,25,4,6.138485998905202,3.8977481084260948,2.934875743370001,1.8788645574485643
2025-01-10 15:30:00,15,30,4,6.0567321901571445,3.93953008673365,3.1379013656658117,2.3272362602114196
2025-01-10 15:35:00,15,35,4,6.1528172426788545,4.168326451153015,3.532263730351567,1.8520741903062825
2025-01-10 15:40:00,15,40,4,6.173022900576726,4.036843445906019,2.6358248896363863,2.111839286815668
2025-01-10 15:45:00,15,45,4,5.230819716771888,4.121990277466395,3.3220969470646406,2.162737993408146
2025-01-10 15:50:00,15,50,4,4.771395655773665,3.953626298674842,3.3212694079060623,1.954902665879576
2025-01-10 15:55:00,15,55,4,4.6667103754836665,3.931596530839045,2.8780851120453743,2.0230871814802622
2025-01-10 16:00:00,16,0,4,4.756398539402536,3.7693034938222714,2.9338893625266222,2.132618804268069
2025-01-10 16:05:00,16,5,4,4.6339270302856255,3.9259926774863607,3.1939535556006984,2.209616732914377
2025-01-10 16:10:00,16,10,4,4.2324880992516105,3.335777088882172,3.102118534160878,2.04916446533506
2025-01-10 16:15:00,16,15,4,3.774828570065066,3.881955606738873,3.15888533785017,1.6074016184694557
2025-01-10 16:20:00,16,20,4,3.998122203669905,3.983625164561832,3.0421141504667886,2.01049561143409
2025-01-10 16:25:00,16,25,4,4.118180208644355,4.112734730854031,3.042616079194311,1.9824752907491539
2025-01-10 16:30:00,16,30,4,4.124349056568681,3.9462644244950087,3.0863710986923234,1.885079415693197
2025-01-10 16:35:00,16,35,4,3.3456688562828614,4.069534708449,3.225904685890726,2.094729955482695
2025-01-10 16:40:00,16,40,4,3.2137025221849678,3.564042267721951,3.030137171576772,1.860496685872776
2025-01-10 16:45:00,16,45,4,2.7510454986079624,3.98863262955861,3.1630633770415812,2.0413319396988983
2025-01-10 16:50:00,16,50,4,2.991338409855345,3.6640994414173194,2.8489033212926165,1.9886676915173522
2025-01-10 16:55:00,16,55,4,2.374075823214511,3.7583392968681335,3.125816523848248,2.110314707763965
2025-01-10 17:00:00,17,0,4,2.87475435764581,3.9625668904272278,3.097401793561631,2.0185062783482155
2025-01-10 17:05:00,17,5,4,1.483925677294678,4.255252797574711,3.2051639066603794,2.247559300762322
2025-01-10 17:10:00,17,10,4,1.9845813031547963,4.0742413526940116,3.147464523135108,1.8825097450288586
2025-01-10 17:15:00,17,15,4,2.101456889757157,4.003646199427424,2.7883876565418966,1.8912120466056812
2025-01-10 17:20:00,17,20,4,1.8283990348305592,3.9960939221065797,3.390731349595345,2.0563391827654707
2025-01-10 17:25:00,17,25,4,2.8677506938894144,3.8572742213591065,3.425288365505277,1.9759603312825127
2025-01-10 17:30:00,17,30,4,1.4801619344844694,3.891203317325463,2.9482372659014158,1.9851886926711853
2025-01-10 17:35:00,17,35,4,0.5866414500986451,4.0854752090941595,2.981565183989339,1.845269817626455
2025-01-10 17:40:00,17,40,4,0.8238253039320454,3.722927896311101,2.7702303463666644,2.100267325436173
2025-01-10 17:45:00,17,45,4,0.0,4.118610810056604,3.210980143519473,2.4889962601332805
2025-01-10 17:50:00,17,50,4,0.39589399900498473,3.9222985865762294,2.9132574186617957,1.929468902627185
2025-01-10 17:55:00,17,55,4,0.0,4.1651114149739135,2.8457541411097966,2.2251454858747133
2025-01-10 18:00:00,18,0,4,0.4576951377800821,4.192218691446417,3.7444962364388794,2.236919625437642
2025-01-10 18:05:00,18,5,4,0.0,3.665383197498852,3.229340573908117,2.785754427578769
2025-01-10 18:10:00,18,10,4,0.0,3.8836838473545563,3.6149588453625223,2.7275166139033433
2025-01-10 18:15:00,18,15,4,0.0,3.828894462411875,3.235169456498326,1.9366825408269381
2025-01-10 18:20:00,18,20,4,0.8694256759266656,3.6374544069853716,3.237510494995949,2.706330019003368
2025-01-10 18:25:00,18,25,4,0.0,3.793493344758118,4.133317393590468,2.3711608031417177
2025-01-10 18:30:00,18,30,4,0.9162785217396009,4.488251169053068,4.1827567645630594,2.7489459302475066
2025-01-10 18:35:00,18,35,4,0.4070758810591333,4.121901979242488,3.082090309487352,2.5642101513433095
2025-01-10 18:40:00,18,40,4,0.24103336366769307,4.38345759372115,3.759192283523558,1.772355130434194
2025-01-10 18:45:00,18,45,4,0.18436657365875986,4.165819688003667,3.6933353473740147,2.851816353946934
2025-01-10 18:50:00,18,50,4,0.19689864910812577,3.851631367798305,3.619660437239343,2.481483636795573
2025-01-10 18:55:00,18,55,4,0.0,3.9236457606651913,3.448122025099578,2.4306033016924533
2025-01-10 19:00:00,19,0,4,0.0,4.117687236048061,3.1472060588698674,2.29374285042851
2025-01-10 19:05:00,19,5,4,0.4225789855921608,4.087501240694607,3.375021786304352,2.534048303867723
2025-01-10 19:10:00,19,10,4,0.0,3.8845315968583334,3.33295557270288,2.239261227250621
2025-01-10 19:15:00,19,15,4,0.0,3.6980013658841586,3.7279312577377537,2.6111841915843566
2025-01-10 19:20:00,19,20,4,0.0,4.657552237477748,3.33823113896313,2.651883541446276
2025-01-10 19:25:00,19,25,4,0.8520527581277456,3.9717700655314387,3.3640526318942197,2.518919508846436
2025-01-10 19:30:00,19,30,4,0.6234458577673597,3.9348522213634762,3.79251321641686,2.318877672050121
2025-01-10 19:35:00,19,35,4,0.0,4.022666892781061,3.1482765176498773,2.4564596250935975
2025-01-10 19:40:00,19,40,4,0.4757246385290433,3.9514542821377945,3.0909604951443614,2.4167654471947073
2025-01-10 19:45:00,19,45,4,0.0,4.0245457815410965,3.415808756205963,1.7608947628283311
2025-01-10 19:50:00,19,50,4,0.0,4.257389457223284,3.659190549123353,2.4451930699956037
2025-01-10 19:55:00,19,55,4,0.0,3.9750903040627152,3.8545689358315807,2.5646595939382246
2025-01-10 20:00:00,20,0,4,0.7814443842540989,3.767457912134448,3.7206825710946645,2.857011625962113
2025-01-10 20:05:00,20,5,4,0.0,3.9676712411042776,3.4604848751687762,2.4997530433408293
2025-01-10 20:10:00,20,10,4,0.0,3.907119643718018,3.0279370329829307,2.8718613235702724
2025-01-10 20:15:00,20,15,4,0.0,4.28477978744937,3.4562907800835334,2.1982808348956056
2025-01-10 20:20:00,20,20,4,0.9520682947865035,4.234223812947514,3.721916745946228,1.8460656424107245
2025-01-10 20:25:00,20,25,4,0.8129794576810316,4.02150500008616,3.3712177331380464,2.7724933123635522
2025-01-10 20:30:00,20,30,4,1.109390116724067,3.7442528290361485,3.3686834444102285,2.2846234147154254
2025-01-10 20:35:00,20,35,4,0.0,3.754821547312011,3.375153560866115,1.897021220659428
2025-01-10 20:40:00,20,40,4,0.14781224437354754,4.003024652316911,3.71464352953491,2.463134187406926
2025-01-10 20:45:00,20,45,4,0.0,4.067264593864256,3.4183026170015713,2.4193994150772875
2025-01-10 20:50:00,20,50,4,0.7384672130591372,3.925075436134789,3.5042239395393753,2.69603121120162
2025-01-10 20:55:00,20,55,4,0.0,3.903966083158553,3.4843809376402253,2.091509035546056
2025-01-10 21:00:00,21,0,4,0.10838778188131455,3.8814401533642706,3.67265483646322,2.649570907301268
2025-01-10 21:05:00,21,5,4,0.0,3.9953212079512106,3.561658099464938,2.8225723920883956
2025-01-10 21:10:00,21,10,4,0.0,3.523447529585387,3.509113602923888,2.833412826696777
2025-01-10 21:15:00,21,15,4,0.0,3.779734674246058,3.922163306443519,2.674693865657345
2025-01-10 21:20:00,21,20,4,0.0,3.87458983091053,3.2756199134366186,2.460764284449268
2025-01-10 21:25:00,21,25,4,0.0,4.241500638990384,3.871656810217512,2.050711640179148
2025-01-10 21:30:00,21,30,4,0.0,3.8372372716142142,3.3824138995464175,2.3971105490659768
2025-01-10 21:35:00,21,35,4,0.41666695589015357,4.036093628366241,3.2404368198938798,2.761863684975636
2025-01-10 21:40:00,21,40,4,0.0,4.045308550186199,3.6130445213122333,2.2866824930198524
2025-01-10 21:45:00,21,45,4,0.11027071350693343,4.259583301132152,3.681653876070752,2.4524751295995344
2025-01-10 21:50:00,21,50,4,0.6089795761527792,4.25251548139283,3.232941628033297,2.28612447692714
2025-01-10 21:55:00,21,55,4,0.0,3.988499406241017,3.630815322432782,2.7817029635565516
2025-01-10 22:00:00,22,0,4,0.0,3.9049030517621115,2.9026463534090428,2.1088882667338025
2025-01-10 22:05:00,22,5,4,0.0,3.867233379434862,3.3163508315154964,1.7482258887259494
2025-01-10 22:10:00,22,10,4,0.5898626041803551,3.951787355506844,3.071133974567725,2.1661311382590815
2025-01-10 22:15:00,22,15,4,0.09705381547667885,3.91319332913528,2.980970036680234,2.2476566421711293
2025-01-10 22:20:00,22,20,4,0.0,4.110725481871646,3.4397674076522566,2.0686710696772606
2025-01-10 22:25:00,22,25,4,0.24193832559401987,4.0840619634970405,2.9532820535444,2.1953965615323914
2025-01-10 22:30:00,22,30,4,0.0,4.118360238229003,3.1684137720755805,1.496233809016363
2025-01-10 22:35:00,22,35,4,0.340679755221474,4.2518567422872335,2.9994528887817773,1.9210801066521772
2025-01-10 22:40:00,22,40,4,0.2043036538508838,4.372573824280035,3.0793411383027833,1.961268343941242
2025-01-10 22:45:00,22,45,4,0.0,4.024932678681512,2.9829647815457996,1.8273574481077837
2025-01-10 22:50:00,22,50,4,0.0,4.2198927542791305,3.1469058436848973,2.3310084442937464
2025-01-10 22:55:00,22,55,4,0.0,3.929667963233157,2.830465610156993,1.7205889953706053
2025-01-10 23:00:00,23,0,4,0.2674086681729551,4.237001396716603,3.004000643965493,1.9942688677929472
2025-01-10 23:05:00,23,5,4,0.6144902512445309,4.212301831435169,3.234186557224072,1.7541610095242937
2025-01-10 23:10:00,23,10,4,0.0,4.201683193988599,2.8924089649951803,1.5704593521466295
2025-01-10 23:15:00,23,15,4,0.22919335177574213,4.018813968238304,3.2749967272423643,2.0501089256646727
2025-01-10 23:20:00,23,20,4,0.0,3.866328367201822,2.9073134172038406,1.7355457042817646
2025-01-10 23:25:00,23,25,4,0.0,3.7210943124269047,2.75390478836455,2.0828533799582782
2025-01-10 23:30:00,23,30,4,0.0,3.99199255849578,2.778514990879858,2.020801084629714
2025-01-10 23:35:00,23,35,4,0.0,4.306602508449837,3.4085889722270064,1.930482475411036
2025-01-10 23:40:00,23,40,4,0.0,3.9380310197271853,2.807711111205124,2.0764014410905527
2025-01-10 23:45:00,23,45,4,0.0,4.157025317092011,2.7548416518436545,2.3439969060658807
2025-01-10 23:50:00,23,50,4,0.14609636416318658,4.168790280103786,3.280723933705667,1.9671656762092713
2025-01-10 23:55:00,23,55,4,0.0,3.9432627558145654,2.820541363715156,1.914846025444928
2025-01-11 00:00:00,0,0,5,0.0,4.263268967503904,2.9408668775829145,2.076713426341413
2025-01-11 00:05:00,0,5,5,0.0,3.418267851103899,3.2079264658602233,1.792697473848282
2025-01-11 00:10:00,0,10,5,0.0,3.755449944252365,3.2021819130685487,2.1235371225622597
2025-01-11 00:15:00,0,15,5,0.22884329302677603,3.816873540728308,2.8984421018386786,1.782657620864598
2025-01-11 00:20:00,0,20,5,0.0,3.836056995426522,3.0232465434585136,1.7880823032595832
2025-01-11 00:25:00,0,25,5,0.0,4.067252590237179,3.204736169832521,1.775223445573559
2025-01-11 00:30:00,0,30,5,0.0,4.05800756061078,3.109541238632629,1.9838767270369835
2025-01-11 00:35:00,0,35,5,0.6941688891042239,4.078798114435002,2.88787502312496,1.9794336987361418
2025-01-11 00:40:00,0,40,5,0.0,4.1192162988264975,3.2159966339268404,1.761548518201242
2025-01-11 00:45:00,0,45,5,0.19149449237046423,3.80997908617087,2.917568688961637,1.8496512870625623
2025-01-11 00:50:00,0,50,5,0.07062857004373162,3.756364786638536,2.992276573290257,1.863063821497469
2025-01-11 00:55:00,0,55,5,0.0,4.079263936401572,2.646383751522677,1.7889724906135276
2025-01-11 01:00:00,1,0,5,0.38410360831586865,3.873953585270712,3.3275510037076224,2.0493456422572547
2025-01-11 01:05:00,1,5,5,0.10769825272814397,3.6859049909264057,3.0424724107616155,1.9434775219982723
2025-01-11 01:10:00,1,10,5,0.2541343198372948,4.194268856908296,2.989674915178166,1.914037615433724
2025-01-11 01:15:00,1,15,5,1.9631188532181634,4.27902038130046,3.105385706208213,2.0201617708518746
2025-01-11 01:20:00,1,20,5,0.0,4.311432177939732,2.765746357968277,2.0507449006208387
2025-01-11 01:25:00,1,25,5,0.8623483248805542,4.037401544294944,2.50825161534569,2.0827718399355573
2025-01-11 01:30:00,1,30,5,0.0,4.125186419194581,2.7181286286326958,1.9807889827659848
2025-01-11 01:35:00,1,35,5,0.14366445220150464,4.273973644672382,2.761074479360762,2.0005646399066195
2025-01-11 01:40:00,1,40,5,0.0,3.871716841995313,3.1156557038552446,2.300565417049916
2025-01-11 01:45:00,1,45,5,0.0,4.222135536810819,2.691728468997704,2.195094591134227
2025-01-11 01:50:00,1,50,5,0.0,4.055079246828642,3.026230541075494,1.9098665694350752
2025-01-11 01:55:00,1,55,5,0.16475436778650457,4.1827423304685185,3.151971301011892,1.9528150297829587
2025-01-11 02:00:00,2,0,5,0.0,4.037218604175187,3.143506103280136,1.801546057374401
2025-01-11 02:05:00,2,5,5,0.3752895837608828,4.2592513419496,2.8734005935407416,2.18872001055892
2025-01-11 02:10:00,2,10,5,0.0,4.0447047525083075,3.2970801047140843,1.99299362016943
2025-01-11 02:15:00,2,15,5,0.0,3.7032041881065165,2.442542214928844,1.960190143478309
2025-01-11 02:20:00,2,20,5,0.0,4.290385326462944,3.006485223564486,1.9534453246613657
2025-01-11 02:25:00,2,25,5,0.6285746084312864,3.8104938518055778,3.067267712333106,1.9046180144805356
2025-01-11 02:30:00,2,30,5,0.0,4.250611642048783,3.1677741721356054,1.7666573454537915
2025-01-11 02:35:00,2,35,5,0.17922680910481012,3.981951423711936,3.2473697414708282,2.3100157647922184
2025-01-11 02:40:00,2,40,5,0.0,4.235202197039541,2.8173880523879387,1.8172800348793874
2025-01-11 02:45:00,2,45,5,0.3789609249618098,4.226953722973353,3.0821390627555054,1.762555918051422
2025-01-11 02:50:00,2,50,5,0.34275386939510205,4.086028594863074,2.9014794257795358,2.2205053912912027
2025-01-11 02:55:00,2,55,5,0.9243044166482057,4.101707063525426,3.1475213528953927,2.396039268337918
2025-01-11 03:00:00,3,0,5,0.0,4.084525723438513,3.0341568295200414,1.8778323995443629
2025-01-11 03:05:00,3,5,5,0.3343274023789533,3.5972350487437845,3.010248702330604,1.969882332118273
2025-01-11 03:10:00,3,10,5,0.049033769769472275,4.023666043779641,2.972688578159373,1.9952392583808534
2025-01-11 03:15:00,3,15,5,0.6479358909315072,3.776787164785621,2.813646658230753,2.0564435509941283
2025-01-11 03:20:00,3,20,5,0.0,4.034237428749132,2.7182673464482816,1.8566346784183771
2025-01-11 03:25:00,3,25,5,0.37250265643864056,3.7714114907233567,2.9762242473720364,1.5480893374688818
2025-01-11 03:30:00,3,30,5,0.0,3.763009611754785,3.1537983072689837,1.5893690980304989
2025-01-11 03:35:00,3,35,5,0.0,4.32098690035078,3.133917538179636,1.7414381420143674
2025-01-11 03:40:00,3,40,5,0.04587624222418643,4.213889477624838,2.9190162618593,2.1038261293898857
2025-01-11 03:45:00,3,45,5,0.1261201982133387,3.9991714830111693,3.4396279038958966,2.02329039554147
2025-01-11 03:50:00,3,50,5,0.0,4.036953730049805,2.6034747343600984,2.190739026527155
2025-01-11 03:55:00,3,55,5,0.10735659158526317,3.950416794851398,2.9536163190281965,2.013981330891765
2025-01-11 04:00:00,4,0,5,0.7890590287810922,4.113975275195904,3.111572605977523,1.5549244086188572
2025-01-11 04:05:00,4,5,5,0.4927248428076092,3.864789126690239,3.0013073695470394,1.9180612220094608
2025-01-11 04:10:00,4,10,5,0.43457729624844826,4.198748052573592,3.244366981201104,2.1454227526677485
2025-01-11 04:15:00,4,15,5,0.0,3.9493826317971776,2.6745996154436904,2.2525251704698097
2025-01-11 04:20:00,4,20,5,0.0,3.9160306008337544,3.0899050176320424,1.6905516805093563
2025-01-11 04:25:00,4,25,5,0.4776502791188764,4.004342603696968,3.0111506206985545,2.206965222771171
2025-01-11 04:30:00,4,30,5,0.4380233962648971,3.881770634014878,2.7571912254853213,2.2755154671690834
2025-01-11 04:35:00,4,35,5,0.736335337875491,4.065736469899297,2.6974742451744946,1.841754564670603
2025-01-11 04:40:00,4,40,5,0.0,3.89252748213732,2.811425832922062,2.275386746317732
2025-01-11 04:45:00,4,45,5,0.0,4.0937047205637676,2.901796772690161,1.7674365994678003
2025-01-11 04:50:00,4,50,5,0.0,4.243201307782296,3.0890421757828124,2.1322361981185436
2025-01-11 04:55:00,4,55,5,0.0,3.856135662638365,3.1335072189588264,1.945732166954798
2025-01-11 05:00:00,5,0,5,0.4982852552897236,3.9738849085409655,3.0509068602073897,1.8699533827541428
2025-01-11 05:05:00,5,5,5,0.0,4.092266142607085,3.334960335587146,2.2288410317315863
2025-01-11 05:10:00,5,10,5,0.3202398976004119,3.912828529003719,3.216591365808135,2.158823186914709
2025-01-11 05:15:00,5,15,5,0.0,4.092864112165333,3.103946661199,1.7511275031700424
2025-01-11 05:20:00,5,20,5,0.16202851411078031,4.111079772130348,3.1266602472511296,2.022853046012664
2025-01-11 05:25:00,5,25,5,0.0,4.21665235525886,3.252672816990184,2.1614838364764855
2025-01-11 05:30:00,5,30,5,0.04260472481695053,3.8788019907830176,3.1100760940306045,1.6631550404939688
2025-01-11 05:35:00,5,35,5,0.0,3.811444951953905,2.982199892678306,1.8884215480192688
2025-01-11 05:40:00,5,40,5,0.0,3.938484522087251,3.0504731848366147,1.9168903457114712
2025-01-11 05:45:00,5,45,5,0.0,3.8064495320905802,2.9448108447813386,2.091806780981341
2025-01-11 05:50:00,5,50,5,0.602997258273408,4.112899640809499,2.9135723772862447,2.0243183079148026
2025-01-11 05:55:00,5,55,5,0.3887036763822556,3.7676497399647175,2.6961176218251386,1.8335197046479883
2025-01-11 06:00:00,6,0,5,0.23333549098304052,4.466603283650538,3.131208713440592,1.753961576660705
2025-01-11 06:05:00,6,5,5,0.9786519639253004,4.25918557231475,3.2491450155205994,2.194879871060264
2025-01-11 06:10:00,6,10,5,0.0,4.002515153920063,2.946354012932043,2.599746821100493
2025-01-11 06:15:00,6,15,5,1.5277128912592097,4.173478898599595,3.2486207155696585,1.810144098658853
2025-01-11 06:20:00,6,20,5,1.3376532096067733,3.6726396271378414,3.1492348107400097,2.0131726132639516
2025-01-11 06:25:00,6,25,5,0.9703911049101734,4.504674666279912,2.844657581828118,1.7860181713667582
2025-01-11 06:30:00,6,30,5,1.873071995791988,3.881957077559902,3.1989786669776756,1.8804109070751733
2025-01-11 06:35:00,6,35,5,0.968087105693349,3.9759005172201283,2.9796247289925897,1.8157948143546943
2025-01-11 06:40:00,6,40,5,1.3242246959054673,3.628813342562313,2.850368412540282,1.9746141599857057
2025-01-11 06:45:00,6,45,5,1.6466083585414322,4.097257460948179,3.07763645854483,1.4823281672897104
2025-01-11 06:50:00,6,50,5,1.8999072853490204,3.7787311685845784,3.00338395983335,1.8507757974829928
2025-01-11 06:55:00,6,55,5,1.848580101881605,4.020331152313206,3.280472530690045,2.5885505292010875
2025-01-11 07:00:00,7,0,5,3.19973198457287,3.8911451134150923,3.392216289513885,1.9833314317860418
2025-01-11 07:05:00,7,5,5,2.668862940125004,3.784451213013931,3.53506309097557,2.4383712011520386
2025-01-11 07:10:00,7,10,5,3.183310479221172,3.8391276996474764,4.091405194700387,2.999976803012663
2025-01-11 07:15:00,7,15,5,2.9292189698247757,4.045157606817105,3.7596124911789692,2.3239917756362027
2025-01-11 07:20:00,7,20,5,2.509899782982428,3.743701805426235,3.703329969854241,2.5795019077204913
2025-01-11 07:25:00,7,25,5,3.7594090620327276,3.8502376657952846,3.5723969609898174,2.032531045429639
2025-01-11 07:30:00,7,30,5,2.8707068359410095,4.132654676252896,3.818538601536094,2.5323424984933705
2025-01-11 07:35:00,7,35,5,3.993149875544637,4.520495974974863,3.4697475957366275,2.3199530514973516
2025-01-11 07:40:00,7,40,5,3.54202509799059,4.095517763910601,3.261915050103987,2.5951775743836945
2025-01-11 07:45:00,7,45,5,5.416524901805418,3.8165476715645426,2.9752511594425757,2.7368496278950127
2025-01-11 07:50:00,7,50,5,5.073167493437699,3.9265771659855377,3.1837683689012946,1.8823957941384124
2025-01-11 07:55:00,7,55,5,4.862764584829617,4.006317801230516,4.046568594777806,2.2425738851963266
2025-01-11 08:00:00,8,0,5,5.631853338827334,3.9301150098728583,3.283352251543491,2.840361499302422
2025-01-11 08:05:00,8,5,5,4.764574592872348,4.180611633347387,4.0563292701549925,2.040099526418971
2025-01-11 08:10:00,8,10,5,5.6447357728032825,4.043494696602845,3.213149581924799,2.235196353351821
2025-01-11 08:15:00,8,15,5,5.655607547055379,4.181570476981974,3.780440498808696,2.99173963837886
2025-01-11 08:20:00,8,20,5,5.867774404177298,3.937111241940474,3.1759242315265763,2.924423601390466
2025-01-11 08:25:00,8,25,5,6.549273233689206,4.265100043944251,3.2872897665413894,2.6008368708836715
2025-01-11 08:30:00,8,30,5,6.453860341477108,3.966702883143691,3.1185638901716546,2.463420875925401
2025-01-11 08:35:00,8,35,5,6.403596553253103,3.8057620261724017,3.4666661857781853,2.405452508105418
2025-01-11 08:40:00,8,40,5,5.600432378751244,4.4354640762084445,3.615491294395909,2.197890740544242
2025-01-11 08:45:00,8,45,5,6.113435003360957,3.6350044506077768,3.2348830105439474,2.631361643484807
2025-01-11 08:50:00,8,50,5,6.694547609358741,3.8522522549390144,3.9026105992927187,2.493155891785623
2025-01-11 08:55:00,8,55,5,6.961816744961017,3.874594429633921,3.6511012320386516,2.727424003089202
2025-01-11 09:00:00,9,0,5,6.505965949528513,4.501661254611313,3.7491515565900473,2.2139425822490084
2025-01-11 09:05:00,9,5,5,8.429477958386766,4.361371776829302,3.266896930938529,2.2929776218169398
2025-01-11 09:10:00,9,10,5,8.130970395728026,4.29878562872844,4.078590140268189,2.6524578817515714
2025-01-11 09:15:00,9,15,5,7.8194572349860145,3.933868267524734,3.638994716115505,2.6098707259551217
2025-01-11 09:20:00,9,20,5,7.6964628618316535,4.485235600768355,3.10376197891415,3.0814571412331118
2025-01-11 09:25:00,9,25,5,7.69274034597824,4.0736704007681945,3.6437562592360884,2.716948033796486
2025-01-11 09:30:00,9,30,5,7.457574172901233,4.195452674060625,2.9703436133252596,2.7338931557084556
2025-01-11 09:35:00,9,35,5,8.103186301934258,4.035939076221242,3.393136264961712,2.1031651075821287
2025-01-11 09:40:00,9,40,5,8.320396712961292,3.9901066857353498,3.2138709002384607,2.12053173746399
2025-01-11 09:45:00,9,45,5,7.69381583528464,3.949644265214724,3.115464741465617,2.518164346109263
2025-01-11 09:50:00,9,50,5,8.601002666751308,3.9580720013161677,3.3839711633805045,2.600220808648416
2025-01-11 09:55:00,9,55,5,8.471489182317091,4.121698329735616,4.002792761320402,2.4611488859117987
2025-01-11 10:00:00,10,0,5,7.70635025890569,4.073439959755078,2.5510221412083145,1.9516083576904366
2025-01-11 10:05:00,10,5,5,8.337075051685327,3.993705725959263,3.2386788872795744,1.982812105500634
2025-01-11 10:10:00,10,10,5,8.663305565071393,4.301904798539771,3.3058661307383406,2.090588318627564
2025-01-11 10:15:00,10,15,5,9.912571243996979,3.406649386251854,2.6323460531205223,2.0219164500876716
2025-01-11 10:20:00,10,20,5,9.341354432633377,4.101977449584239,3.059400258852946,2.216071160254729
2025-01-11 10:25:00,10,25,5,8.485374006644525,4.143547741331796,3.363927314322314,2.18154510394174
2025-01-11 10:30:00,10,30,5,9.481813469821686,4.229392573651034,3.0880959594774433,2.1352376543156693
2025-01-11 10:35:00,10,35,5,8.546426698358802,3.987025711789328,2.9663986387100865,1.7074244326385142
2025-01-11 10:40:00,10,40,5,9.93827173480262,4.0415840134767915,3.008299217244572,2.073058065491781
2025-01-11 10:45:00,10,45,5,9.233738969042117,4.197189676662944,2.7592684748176155,2.265324327899988
2025-01-11 10:50:00,10,50,5,9.490351413112684,4.298233280856036,3.2010822030964863,1.7256477169424262
2025-01-11 10:55:00,10,55,5,10.263396867630382,3.939892802964246,3.273166457757975,1.9383371261580304
2025-01-11 11:00:00,11,0,5,9.015676478598557,4.053395156625512,2.8443016869763302,2.215855538549305
2025-01-11 11:05:00,11,5,5,9.014861605576119,4.3357147928697515,2.9897891174479883,2.379837064167374
2025-01-11 11:10:00,11,10,5,9.471160408026332,3.5751945848242297,2.82942239122265,1.653668495205469
2025-01-11 11:15:00,11,15,5,10.327042229541963,3.861997480037083,2.9439123437667716,2.1578444998120947
2025-01-11 11:20:00,11,20,5,9.08840449238366,4.293167195720593,2.8145714028928914,1.7339799234400242
2025-01-11 11:25:00,11,25,5,8.467537305622322,4.2185075667216605,3.045785480540551,1.7072625579664966
2025-01-11 11:30:00,11,30,5,9.688869184533605,4.104489042185339,3.0613385399226827,1.9318753897543646
2025-01-11 11:35:00,11,35,5,10.216433782178656,3.910280625378176,3.098893297670475,1.7232342392150797
2025-01-11 11:40:00,11,40,5,10.56207785578687,3.8236363002029163,3.2596326302887806,1.9633931030012621
2025-01-11 11:45:00,11,45,5,9.747008551343336,3.8817568761515253,3.1527045335809647,2.191975092256978
2025-01-11 11:50:00,11,50,5,9.784768912260576,4.309601644163738,2.768511009526809,2.1764515019216155
2025-01-11 11:55:00,11,55,5,10.574570637926964,3.8743114621689307,2.714986644971135,1.7259724514480215
2025-01-11 12:00:00,12,0,5,9.06512915015229,4.020284592847932,3.392799847197687,2.222370673759325
2025-01-11 12:05:00,12,5,5,9.803359883207586,3.849258471027651,3.414732835086751,1.925957193878418
2025-01-11 12:10:00,12,10,5,10.085694160781106,4.168554806019805,3.020485732815602,2.105470949350473
2025-01-11 12:15:00,12,15,5,10.203198593028553,3.8922547439307116,2.9975608866812213,1.850772795860819
2025-01-11 12:20:00,12,20,5,9.707043634322014,3.980481221969117,2.8207830604239903,2.04277244656579
2025-01-11 12:25:00,12,25,5,9.957783888076117,3.663323573391435,2.786628031667539,1.7810273015266294
2025-01-11 12:30:00,12,30,5,8.67028493703161,3.677326352759012,3.0787144022309185,1.980968129702877
2025-01-11 12:35:00,12,35,5,9.554490898510682,4.001534638664301,3.187441254116337,1.9150177179834316
2025-01-11 12:40:00,12,40,5,10.074831886399314,3.7349685689604475,2.8837488100048927,2.0847106792070944
2025-01-11 12:45:00,12,45,5,9.316705786904965,4.421017327866901,2.8375950250892346,1.868374454888663
2025-01-11 12:50:00,12,50,5,9.792452181994133,3.58769537757755,2.876309121924117,1.9580595787408894
2025-01-11 12:55:00,12,55,5,9.936856948533963,3.839964940267179,3.3544873086591807,1.7246422350085686
2025-01-11 13:00:00,13,0,5,9.4879836624618,4.00334017345351,3.2591015164234918,2.1475573512579835
2025-01-11 13:05:00,13,5,5,9.685730429357571,3.926973412440843,3.3133957694739986,2.6273372096644545
2025-01-11 13:10:00,13,10,5,9.055803224839964,3.7791709086672163,3.2862906041575712,2.1851333895815723
2025-01-11 13:15:00,13,15,5,9.365995655103033,3.8084144321009465,2.7375007296749967,1.7627555476977914
2025-01-11 13:20:00,13,20,5,9.702034292653696,3.8018691845001524,3.072038036873044,1.660384770416087
2025-01-11 13:25:00,13,25,5,9.398565173312203,3.9426556610359875,3.1230878502582438,1.5730156218477978
2025-01-11 13:30:00,13,30,5,8.9455296903309,4.390385817903485,3.230446677112923,1.9356599376132804
2025-01-11 13:35:00,13,35,5,9.265222993339867,4.015587459311642,3.025319389094038,1.8503255407159036
2025-01-11 13:40:00,13,40,5,9.42038276568481,4.236580097877505,2.6202947179554856,2.2469390558388525
2025-01-11 13:45:00,13,45,5,7.9437567760381445,4.101395269165629,3.2671402789909427,1.9297024469592605
2025-01-11 13:50:00,13,50,5,9.449645364260167,4.222772479596444,3.1323859129468015,1.9218217159579192
2025-01-11 13:55:00,13,55,5,8.599140187734543,3.440007139481283,3.0576979688532493,2.151827839784022
2025-01-11 14:00:00,14,0,5,8.872999004464502,3.9391083957703543,3.111016984914775,2.2681939226818693
2025-01-11 14:05:00,14,5,5,9.147742168552078,4.261427084630142,3.103776135141067,2.005616923407719
2025-01-11 14:10:00,14,10,5,7.748077609513626,3.8856528354501334,2.8477162064245154,1.9042989239352157
2025-01-11 14:15:00,14,15,5,7.9599756218116795,4.352494632973922,3.162010279345003,1.6996346962171762
2025-01-11 14:20:00,14,20,5,8.047246094952065,4.296778030753552,3.221161460682559,1.9437712547970933
2025-01-11 14:25:00,14,25,5,7.6725692821126135,3.9061738567745077,2.836278819118422,1.7802551646437066
2025-01-11 14:30:00,14,30,5,8.801001690830756,3.8993672961907286,3.1348735571296773,1.9970717292393363
2025-01-11 14:35:00,14,35,5,7.370458784015421,3.7972788315291064,3.317753044645964,1.7473848698948158
2025-01-11 14:40:00,14,40,5,7.382671041446347,3.8740811536272406,2.8843672753876275,1.9815557683745173
2025-01-11 14:45:00,14,45,5,7.620592590591262,3.7534821871662167,2.849628651206013,2.0012237328283606
2025-01-11 14:50:00,14,50,5,6.771698605063197,4.085762236086601,3.063900153283104,2.096896847825948
2025-01-11 14:55:00,14,55,5,7.025799264719428,3.708790701330713,3.3012334261768923,1.739305514243684
2025-01-11 15:00:00,15,0,5,7.229794442490563,4.120746603238044,3.067552063987062,1.8706114360823667
2025-01-11 15:05:00,15,5,5,6.748700355631435,4.125615739380049,3.086002676004717,2.0862664372706092
2025-01-11 15:10:00,15,10,5,6.709208646706629,3.6677591189632155,2.8026161233535336,1.8197695314731825
2025-01-11 15:15:00,15,15,5,6.328792094776504,4.309963721265668,3.102328612693915,2.004680902148826
2025-01-11 15:20:00,15,20,5,5.6706409422750115,4.1027218588830445,2.956075631853679,2.1315973659549945
2025-01-11 15:25:00,15,25,5,6.420031327510211,4.149939604288974,3.146343695172426,1.8940739774596596
2025-01-11 15:30:00,15,30,5,6.96508082591083,3.8482669596914456,2.8295893724715,1.7476162046324717
2025-01-11 15:35:00,15,35,5,5.922297299027542,4.124475823694624,3.006690824040297,1.715367944570287
2025-01-11 15:40:00,15,40,5,5.848396422134239,4.225278689944413,3.019885691645807,2.243367358284888
2025-01-11 15:45:00,15,45,5,5.9020637077544515,3.9802783201990644,2.929308045942743,1.8927591438919673
2025-01-11 15:50:00,15,50,5,4.738330835194888,4.400384491849672,3.399568954725429,2.301940363837529
2025-01-11 15:55:00,15,55,5,6.03898991067002,4.008812926982587,2.847080425888917,2.027802636211795
2025-01-11 16:00:00,16,0,5,5.1011643982114006,4.228157160090495,3.0657356484696163,2.0407320845452355
2025-01-11 16:05:00,16,5,5,5.6258161387384344,4.058601761451731,3.3629346895425574,2.017445978483884
2025-01-11 16:10:00,16,10,5,4.250969634588344,4.117104306571374,3.047446975126203,2.137732459029283
2025-01-11 16:15:00,16,15,5,5.3319178634689255,3.6657335464730454,3.2379839432095334,2.187379838860821
2025-01-11 16:20:00,16,20,5,4.61376036442439,4.074210747643073,3.107616957262328,1.6882600389212183
2025-01-11 16:25:00,16,25,5,4.303986941513549,3.8530049797485466,2.9023724551883148,2.163884241441054
2025-01-11 16:30:00,16,30,5,3.9438465508274727,3.8307203388444626,3.050079739455861,2.1652257267645902
2025-01-11 16:35:00,16,35,5,3.500116073799797,4.348820636893196,3.3774332123342496,1.764607358988135
2025-01-11 16:40:00,16,40,5,4.0204672624936215,3.9572459503875304,3.227582034960917,1.9339273075012737
2025-01-11 16:45:00,16,45,5,3.284574587955641,3.799339633804901,3.1870699638549462,1.9917558513263764
2025-01-11 16:50:00,16,50,5,2.023523143249157,3.928173674378225,3.425400907778599,2.0260173872523475
2025-01-11 16:55:00,16,55,5,2.239696909456417,3.739909954215617,2.8718971551288037,2.0839749245583534
2025-01-11 17:00:00,17,0,5,2.495267574928836,4.286776893639254,3.064788556143654,2.2276194188220897
2025-01-11 17:05:00,17,5,5,2.5318584148445114,3.860863851166697,3.089610559720985,2.4950129278338604
2025-01-11 17:10:00,17,10,5,2.1361018949310795,4.105859986788734,2.9777191729195454,1.9800760100439052
2025-01-11 17:15:00,17,15,5,2.560388615058118,4.271221342842065,2.879222789989389,2.0171336676708354
2025-01-11 17:20:00,17,20,5,0.7609308446499946,3.899969463757054,3.046211824216591,2.0562421059911755
2025-01-11 17:25:00,17,25,5,1.5930278301517464,4.106404486454557,3.0134375350987996,1.8780357566545403
2025-01-11 17:30:00,17,30,5,0.39627230950693837,3.793982789019114,2.8236669743835288,1.9249652550328888
2025-01-11 17:35:00,17,35,5,1.4685248962617345,4.4891539138227365,3.2283075320470225,2.2713599370982958
2025-01-11 17:40:00,17,40,5,0.8243280702555805,4.187276026923325,2.984607092711913,1.811683406706515
2025-01-11 17:45:00,17,45,5,0.8638362783134903,3.961478712247839,2.9837652779366417,2.418333087054016
2025-01-11 17:50:00,17,50,5,0.004252393358482098,3.845433253822207,3.199793567063324,2.1101485383065093
2025-01-11 17:55:00,17,55,5,0.8578813161744833,3.977200689432075,3.192536983410514,2.3081133222682624
2025-01-11 18:00:00,18,0,5,0.5208623320294269,3.932003255529696,3.154140139535864,2.382388039390863
2025-01-11 18:05:00,18,5,5,0.2917721515059438,4.390588910799901,3.3413835101489555,2.676134319121295
2025-01-11 18:10:00,18,10,5,0.0,3.7548930555570195,3.548033267191879,2.7268933872068226
2025-01-11 18:15:00,18,15,5,0.28992864264756607,4.026960284658041,3.3479337950398333,2.9115856152037467
2025-01-11 18:20:00,18,20,5,0.0,3.996332386673258,3.4791998875552093,2.708363665587455
2025-01-11 18:25:00,18,25,5,0.42777782951035603,3.976517939931026,3.858621949676882,2.8345372946484906
2025-01-11 18:30:00,18,30,5,0.8247404471619605,3.9782766690123315,3.608248522520539,2.7458040719147636
2025-01-11 18:35:00,18,35,5,0.5353052799895931,3.9767858379759033,4.022498199191686,2.6540803701924087
2025-01-11 18:40:00,18,40,5,0.0,4.1746132132664195,3.281106079381526,2.6749152192891654
2025-01-11 18:45:00,18,45,5,0.18070865863655144,4.121796889298487,3.488815634594123,1.7955996596786967
2025-01-11 18:50:00,18,50,5,0.0,4.0837823222745575,3.6385994071109278,2.534995195004682
2025-01-11 18:55:00,18,55,5,0.28619515558783787,3.3932021275709463,3.8469253314492313,2.2749719027535082
2025-01-11 19:00:00,19,0,5,0.22530170643126943,4.059958974832632,3.0482871012862076,2.550604257823153
2025-01-11 19:05:00,19,5,5,0.0,3.6688721279659835,3.6140532162816337,2.528149883615671
2025-01-11 19:10:00,19,10,5,0.0,4.129264032627165,3.506212605105621,2.1793819137381023
2025-01-11 19:15:00,19,15,5,0.0,4.294899473514103,3.458324858907523,2.3954782511486754
2025-01-11 19:20:00,19,20,5,0.0,3.8147521774822897,3.821812622230232,2.6137976092091844
2025-01-11 19:25:00,19,25,5,0.0,3.947643855531459,3.4166008634764413,3.0171654629268296
2025-01-11 19:30:00,19,30,5,0.19448936467609187,3.8801288589894005,3.4193276971354973,2.667336017165849
2025-01-11 19:35:00,19,35,5,0.12573680447025604,4.24708635515136,3.449923599923215,2.9893457545084012
2025-01-11 19:40:00,19,40,5,0.0,4.019005577054415,3.5260579327440835,2.534924268367202
2025-01-11 19:45:00,19,45,5,0.0,4.345665876113267,3.4580388923681857,2.5589535778003643
2025-01-11 19:50:00,19,50,5,0.5243535632082817,4.082750840589478,3.8598613515943727,2.7537531534054063
2025-01-11 19:55:00,19,55,5,0.8277035565441476,4.048490036127164,3.5084228543348512,3.010397531936996
2025-01-11 20:00:00,20,0,5,0.0,4.0136413565205675,3.7618956924027707,2.3685456642407954
2025-01-11 20:05:00,20,5,5,0.0,4.163598419851468,3.0858954938798187,2.375495859461029
2025-01-11 20:10:00,20,10,5,0.24560383270599814,3.6524627603509314,3.6240046335650757,2.679160111189428
2025-01-11 20:15:00,20,15,5,0.0,4.017068791104102,3.907741304990606,2.1716362074643
2025-01-11 20:20:00,20,20,5,0.0,3.985990711254407,3.368253399815957,2.146707199037646
2025-01-11 20:25:00,20,25,5,0.3698265758623357,4.145083765431553,3.098360236526166,2.3116543762140043
2025-01-11 20:30:00,20,30,5,0.0,3.9624596788251925,3.6099836732882062,2.7314183304670947
2025-01-11 20:35:00,20,35,5,0.6591511624263346,3.792253113167466,3.2154937680134976,2.257217224183828
2025-01-11 20:40:00,20,40,5,0.03634026216467067,4.00147013498394,2.96605304740297,2.5643056624830987
2025-01-11 20:45:00,20,45,5,0.0,3.7834318942263314,3.2803583294087786,2.9989094134635543
2025-01-11 20:50:00,20,50,5,0.0,3.6149475574825027,3.6229426398948785,2.4485662769629677
2025-01-11 20:55:00,20,55,5,0.0,4.145424496297099,3.3076662717366645,2.0515989339417313
2025-01-11 21:00:00,21,0,5,0.0,4.1158123145389345,3.089638466916371,2.3133577136283594
2025-01-11 21:05:00,21,5,5,0.747469113726618,4.093418188798715,3.2903291353927084,2.2002484471462016
2025-01-11 21:10:00,21,10,5,0.020662816135309233,4.260585684389162,3.6131284182327033,2.6542796777244577
2025-01-11 21:15:00,21,15,5,0.2215010652236876,3.866993621939215,3.3624102808094816,3.080545680479595
2025-01-11 21:20:00,21,20,5,0.4757748852870214,3.713777171445749,2.9759811900451725,2.517449169691679
2025-01-11 21:25:00,21,25,5,0.0,3.985994044638391,3.4344259387736225,2.334789735409823
2025-01-11 21:30:00,21,30,5,0.23673594951761423,3.930499940058818,3.2907011461960822,2.4979120351262925
2025-01-11 21:35:00,21,35,5,0.0,3.831540856645986,3.4323416518034815,2.382437041866232
2025-01-11 21:40:00,21,40,5,0.42338538760824684,3.9840301693024407,3.1103841095031877,2.0145664546568502
2025-01-11 21:45:00,21,45,5,0.0,3.877678970759083,3.41344505744133,2.379371168651041
2025-01-11 21:50:00,21,50,5,0.0,3.6327989433286336,3.4408889419169517,2.4674134606331473
2025-01-11 21:55:00,21,55,5,0.0,3.911764661841248,3.343249297435155,2.436277772854538
2025-01-11 22:00:00,22,0,5,0.21613147531707774,3.7727249666592284,2.829294338379301,2.3047891618326566
2025-01-11 22:05:00,22,5,5,0.23502209368410107,4.046329614322184,2.8400519703700065,1.9258038581069319
2025-01-11 22:10:00,22,10,5,0.0,3.868793048351869,2.8552422421772237,1.8518836919590194
2025-01-11 22:15:00,22,15,5,0.0,4.2223262948282105,3.0049283133275893,1.9795531580233976
2025-01-11 22:20:00,22,20,5,0.0,4.320773213453573,2.908107921924958,1.9433048016891377
2025-01-11 22:25:00,22,25,5,0.0,4.135876274602381,2.8560372898013457,2.080345127545232
2025-01-11 22:30:00,22,30,5,0.42099184772606346,3.689794763603336,3.411038548518143,1.8250317445533564
2025-01-11 22:35:00,22,35,5,0.0,4.301039199775808,3.0787926447469207,2.008989791404142
2025-01-11 22:40:00,22,40,5,0.0,4.315144090074753,3.133725951626518,2.139358592099214
2025-01-11 22:45:00,22,45,5,0.0,4.003758102261588,3.041082539443732,1.9920358847769801
2025-01-11 22:50:00,22,50,5,0.0,4.264585232067106,2.9131099600703108,1.8470079293782729
2025-01-11 22:55:00,22,55,5,0.0,3.889664972390664,2.980630867809643,1.743082233716464
2025-01-11 23:00:00,23,0,5,0.0,3.626750813030082,2.881228801976506,2.2213707248945136
2025-01-11 23:05:00,23,5,5,0.05470423591648503,3.847943112275681,3.0197024442159384,2.17853288378711
2025-01-11 23:10:00,23,10,5,0.6643204141241156,4.345860173208951,3.293928777331685,1.9645941088170367
2025-01-11 23:15:00,23,15,5,0.15659223693249,3.7017840152777053,3.0414651668387283,1.9396308211694488
2025-01-11 23:20:00,23,20,5,0.0,3.9999042563862988,2.8374788479048787,1.809406348133519
2025-01-11 23:25:00,23,25,5,0.22795209758535134,4.0068287786680425,3.168630074519298,2.0417254560971294
2025-01-11 23:30:00,23,30,5,0.0,3.8974051512064376,3.3693206144162104,2.1944104025847784
2025-01-11 23:35:00,23,35,5,0.0,3.911295680032577,2.8537574020927265,2.1680684360453544
2025-01-11 23:40:00,23,40,5,0.0,4.01444982684724,2.938984892179549,2.2433719418258002
2025-01-11 23:45:00,23,45,5,0.0,3.8875675316130547,2.902733224551396,1.7895148079514656
2025-01-11 23:50:00,23,50,5,0.0,3.715588300566414,2.8408489845877183,1.8510670195170174
2025-01-11 23:55:00,23,55,5,0.07902674496006593,4.043006388588691,2.831949647076267,1.8854783448789787
2025-01-12 00:00:00,0,0,6,0.0,4.2146733164889945,3.1713383740650474,2.3592088416532366
2025-01-12 00:05:00,0,5,6,0.0,4.173914503730685,2.7339620968892993,2.2527026085666297
2025-01-12 00:10:00,0,10,6,0.0,3.8380529065220377,2.904459256805114,2.069576506240447
2025-01-12 00:15:00,0,15,6,0.30412309584248426,3.749754416924465,2.6691707938853404,2.104807003468971
2025-01-12 00:20:00,0,20,6,0.0,3.9431624235690443,2.5989375206367873,2.062787014462033
2025-01-12 00:25:00,0,25,6,0.3880139569217377,4.313558301959133,3.0514512094058674,2.0382015268590936
2025-01-12 00:30:00,0,30,6,0.0,4.129119615791909,2.853017969873414,2.1099053348859287
2025-01-12 00:35:00,0,35,6,0.0,4.140792935358847,3.0782163018833435,1.958009443271776
2025-01-12 00:40:00,0,40,6,0.0,4.177971390357099,3.134370061435039,1.980879170686899
2025-01-12 00:45:00,0,45,6,0.0,4.084153312503718,3.1057554317817524,1.9748241345211819
2025-01-12 00:50:00,0,50,6,0.48765622923898944,4.024121709522715,3.043340398221908,2.1149445882150526
2025-01-12 00:55:00,0,55,6,0.25781404422197823,4.132461379329594,2.920417485276393,1.7532326827491609
2025-01-12 01:00:00,1,0,6,0.48921105601401754,3.890766779156396,3.055215801109631,2.237878275722586
2025-01-12 01:05:00,1,5,6,0.2610712729669679,3.717107397726736,3.0598301945914894,2.0636284629392745
2025-01-12 01:10:00,1,10,6,0.0,4.144599386924865,2.991564778700672,2.14782373055464
2025-01-12 01:15:00,1,15,6,0.0,4.247547621149845,2.9628129167724127,1.9092202437746277
2025-01-12 01:20:00,1,20,6,0.0,3.7763536121287937,3.2210596505749733,1.8938923363414635
2025-01-12 01:25:00,1,25,6,0.6652874520195201,4.16438429648318,3.17789418929035,2.221187092391542
2025-01-12 01:30:00,1,30,6,0.0,4.336153142677638,3.113363386412412,1.7501528960854735
2025-01-12 01:35:00,1,35,6,0.44684884469455544,3.9995507596485758,3.0054309818444995,1.9596000005882765
2025-01-12 01:40:00,1,40,6,0.4464769350543846,3.8363995630516508,2.9008001489329374,2.0285503174692856
2025-01-12 01:45:00,1,45,6,0.9148101008580436,4.024603734705351,3.1538412694995097,1.9082894679737603
2025-01-12 01:50:00,1,50,6,0.0,3.8898932063598597,2.965723465145265,1.9517882132336024
2025-01-12 01:55:00,1,55,6,0.35616107979008105,3.8766539780087195,3.2327742091088623,1.9485798764378828
2025-01-12 02:00:00,2,0,6,1.1408259182694214,4.086636813454309,2.753118868447651,1.6853130322018972
2025-01-12 02:05:00,2,5,6,0.0,3.679254104994021,3.072545913313194,1.8478636520228195
2025-01-12 02:10:00,2,10,6,0.0,3.7112142155015544,3.1337449010544955,1.7337560022985736
2025-01-12 02:15:00,2,15,6,0.0,4.003858176074789,2.8922175666778784,1.7338862300959703
2025-01-12 02:20:00,2,20,6,0.35635601443066567,3.9955382922175136,3.086922143109785,2.12976950812493
2025-01-12 02:25:00,2,25,6,0.0,4.068710915407987,3.06772503152732,1.7828127359192314
2025-01-12 02:30:00,2,30,6,0.0,4.375045077696678,2.850847251177867,2.046862797722311
2025-01-12 02:35:00,2,35,6,0.21865659351948036,4.0209028072151645,2.6624517183751273,1.9517730111224194
2025-01-12 02:40:00,2,40,6,0.09258776841495703,4.1196344300669585,3.3033810706671765,1.964008890163925
2025-01-12 02:45:00,2,45,6,0.21272243209208613,3.8048934128770737,2.7022910721936095,1.878518150464773
2025-01-12 02:50:00,2,50,6,0.11114492790042703,4.153587532703307,2.873861534864485,2.4280617559673123
2025-01-12 02:55:00,2,55,6,0.6394329066566966,3.8947218269778645,3.333135816102779,2.1461870868203157
2025-01-12 03:00:00,3,0,6,0.0,4.0142841665162186,2.9313848138517202,2.2401259321959444
2025-01-12 03:05:00,3,5,6,0.0,3.9782302749861675,2.7733080721899084,2.215315063048852
2025-01-12 03:10:00,3,10,6,0.0,4.2065948469828065,3.1855947074840087,1.9697308530701438
2025-01-12 03:15:00,3,15,6,0.4150959059313051,3.7380046891250003,3.2278372626701546,1.91055577410723
2025-01-12 03:20:00,3,20,6,0.4501992941975318,3.543352273076992,2.746982880380353,2.1955930025999844
2025-01-12 03:25:00,3,25,6,0.2256126596592541,3.957313460582415,2.982951414172108,2.1203561206597334
2025-01-12 03:30:00,3,30,6,0.5917468334449639,4.0937062513810245,3.3641773183118815,1.8555491855207407
2025-01-12 03:35:00,3,35,6,0.0,4.0304538751615,2.971324099032005,2.313926900915543
2025-01-12 03:40:00,3,40,6,0.8336120557755685,4.246440847482782,3.1337463461710566,1.8600434511590807
2025-01-12 03:45:00,3,45,6,0.7616193108561291,4.087474534835934,2.8089964592921044,1.894383871979331
2025-01-12 03:50:00,3,50,6,0.36781099862287336,3.887230333628028,2.8523170590394242,2.047469623897906
2025-01-12 03:55:00,3,55,6,0.89089945438553,3.5349159691720637,3.01568690143952,2.0558475508550704
2025-01-12 04:00:00,4,0,6,0.0,3.9525375531609566,2.8318374396880435,1.985833218494949
2025-01-12 04:05:00,4,5,6,0.0,4.205591800451559,2.5888600452087567,2.0290012634722734
2025-01-12 04:10:00,4,10,6,0.0,3.921590443466577,3.235088128991173,1.715050818130764
2025-01-12 04:15:00,4,15,6,0.3607396618786716,4.005664052735553,3.096685646129492,1.8777971296478873
2025-01-12 04:20:00,4,20,6,0.0,4.084272050861342,3.160500230738674,2.031729490242456
2025-01-12 04:25:00,4,25,6,0.37874757466874276,3.7969415251500367,3.0809408225320882,2.012964779751088
2025-01-12 04:30:00,4,30,6,0.6852680719983567,4.124647179327764,3.2656663612768706,2.0694820955390205
2025-01-12 04:35:00,4,35,6,0.34760145004199966,4.327424358000341,2.85891525719951,2.0197430104642007
2025-01-12 04:40:00,4,40,6,0.14187551183075056,3.965437329621319,2.92622379140679,2.0324799813039176
2025-01-12 04:45:00,4,45,6,0.0,3.7741871156335396,2.9160460575266374,1.864637852890737
2025-01-12 04:50:00,4,50,6,0.0,3.9866797945956054,3.0398544425496894,2.0111579257233108
2025-01-12 04:55:00,4,55,6,0.6248094526483333,3.555123178278226,3.2127911690091695,1.9170088241734373
2025-01-12 05:00:00,5,0,6,0.3896745019526662,4.067380652795324,2.6038292305009385,1.9272258403073375
2025-01-12 05:05:00,5,5,6,0.0,4.090454875529716,2.6747138482166846,2.0831343948193153
2025-01-12 05:10:00,5,10,6,0.0,4.335127258769113,2.6652204143302427,1.8023257875171796
2025-01-12 05:15:00,5,15,6,0.0,3.961201041486675,2.9275331083450276,2.308790120952229
2025-01-12 05:20:00,5,20,6,0.0,4.081697067629294,2.7854219768570165,2.002480996629317
2025-01-12 05:25:00,5,25,6,0.9557095435698617,3.8277423795228196,3.115995315391452,2.2968121106441393
2025-01-12 05:30:00,5,30,6,0.0,3.9287145758949844,3.155558950344282,2.2187813903264932
2025-01-12 05:35:00,5,35,6,0.09473991061054032,3.6949629126675605,3.1728614117703082,1.7581754057207721
2025-01-12 05:40:00,5,40,6,0.5037219865975993,3.961042075743353,3.0719384208634093,2.1697321904344444
2025-01-12 05:45:00,5,45,6,0.0,3.938938169296287,2.808699942065196,1.8840480246551954
2025-01-12 05:50:00,5,50,6,0.09235523739054165,4.05983995321778,2.839361540974589,2.1545245971936064
2025-01-12 05:55:00,5,55,6,0.4689577687553275,3.875280623933472,2.9861437759341736,1.9358308211329807
2025-01-12 06:00:00,6,0,6,0.006249660953625167,4.016669070195018,2.7436660166694025,1.9865211493612416
2025-01-12 06:05:00,6,5,6,1.6523503781789945,3.933323988878467,2.88648232900305,2.0486679130528325
2025-01-12 06:10:00,6,10,6,0.0,3.933700122340097,2.77140656027091,2.03558125190124
2025-01-12 06:15:00,6,15,6,1.18339555724337,4.016072465192606,2.912209845900236,1.7501406148529708
2025-01-12 06:20:00,6,20,6,0.7851565587783487,4.008104588463402,2.7345431924243706,1.7645959223954613
2025-01-12 06:25:00,6,25,6,1.474628825937984,4.152234807810328,2.9587201885118914,2.0241990868727
2025-01-12 06:30:00,6,30,6,1.5259154980501386,3.975871393174033,3.0539647264754364,2.0615105835456897
2025-01-12 06:35:00,6,35,6,1.1546557633441679,3.9300229301753995,2.84829534780416,2.211680581619035
2025-01-12 06:40:00,6,40,6,1.8509799728989742,3.963838510982555,2.9115548947983694,2.0900299520119465
2025-01-12 06:45:00,6,45,6,1.0219524944621388,3.8570671766318014,2.9671689133012364,2.075124246340608
2025-01-12 06:50:00,6,50,6,2.466019889666725,3.9280177812866657,2.9571343867710174,2.0787269753149133
2025-01-12 06:55:00,6,55,6,2.525938156256994,4.406231742614646,2.9985222260239355,2.162768114130138
2025-01-12 07:00:00,7,0,6,2.907520535346759,3.8174642478608267,3.2543944870366404,1.9690325992328264
2025-01-12 07:05:00,7,5,6,3.327349302853495,3.944268733224138,3.207992774169771,2.82067552457141
2025-01-12 07:10:00,7,10,6,3.190867915147588,3.922502267346062,3.453632354033678,2.527618688663969
2025-01-12 07:15:00,7,15,6,3.288439362930754,3.95056567755112,3.183909015786084,2.5196661175450834
2025-01-12 07:20:00,7,20,6,2.9796672649260403,3.933752138224321,3.193156206778191,2.2372656174841734
2025-01-12 07:25:00,7,25,6,3.268270001012491,4.0558480202442,3.379254895152836,2.6335291773526435
2025-01-12 07:30:00,7,30,6,4.4202016337395635,3.6579649797216414,3.665554274192753,2.673713469381351
2025-01-12 07:35:00,7,35,6,4.7456346014403605,4.207434294506401,3.023574765486688,2.4980006498829215
2025-01-12 07:40:00,7,40,6,4.1071273992509685,4.126516559928439,3.440965449985179,2.0403452751755635
2025-01-12 07:45:00,7,45,6,4.4458882758166505,3.751425682787373,3.5047951300166593,2.4248718347689717
2025-01-12 07:50:00,7,50,6,4.165178944853455,3.5461845454095196,3.653457701635366,2.524374122871941
2025-01-12 07:55:00,7,55,6,5.396266111827599,3.80458557077172,3.335203840915024,2.777728735137093
2025-01-12 08:00:00,8,0,6,5.332708411845888,3.9514667077145753,2.8336299497674626,2.480720461471117
2025-01-12 08:05:00,8,5,6,6.15834129983709,4.516058379738155,2.9710247204024194,2.226342018638164
2025-01-12 08:10:00,8,10,6,4.933834544878367,4.1086513929948545,3.657444110902805,2.117740755867759
2025-01-12 08:15:00,8,15,6,5.3666983806869135,3.6384820701637084,3.0728846543888197,3.214583495024687
2025-01-12 08:20:00,8,20,6,5.851487324773249,3.8620688990198113,3.0922132845739507,2.995156270926392
2025-01-12 08:25:00,8,25,6,6.236341252498708,3.9893575127454035,3.4483393506262217,2.3425512635683075
2025-01-12 08:30:00,8,30,6,5.97978047131339,4.05073671085962,3.6700359171764614,2.90097822266335
2025-01-12 08:35:00,8,35,6,5.822754176613742,3.7370502279379156,3.1561796173675014,2.346925063081441
2025-01-12 08:40:00,8,40,6,6.868579861327178,3.973001954404588,3.7540609204052755,2.5863982937281
2025-01-12 08:45:00,8,45,6,6.954025832273479,3.8564721724778916,3.8305753491924146,2.6545335863295336
2025-01-12 08:50:00,8,50,6,6.297765025874741,3.7792482874795366,4.042467202744745,2.553576579650095
2025-01-12 08:55:00,8,55,6,7.592851958375439,4.051919129339791,3.5665433444992884,2.5965164116047394
2025-01-12 09:00:00,9,0,6,7.656167166463778,4.154775434688564,3.457253344482033,2.7544261476402774
2025-01-12 09:05:00,9,5,6,7.290787869221452,4.168208255392324,3.571112367158908,2.7364540027435433
2025-01-12 09:10:00,9,10,6,7.412572299289258,4.114877270226775,3.783349956087248,2.628536404468098
2025-01-12 09:15:00,9,15,6,7.795426960347727,3.9005260933719472,3.6505148972702592,2.19690106372104
2025-01-12 09:20:00,9,20,6,7.229592896061652,4.142909952292701,3.334893923654054,2.7530150358972194
2025-01-12 09:25:00,9,25,6,7.813860570510857,4.061810887620857,3.927089354545554,1.9178709323474918
2025-01-12 09:30:00,9,30,6,6.8573416306077615,4.026788376590402,3.3296410558245757,2.507086180724395
2025-01-12 09:35:00,9,35,6,8.502673865426296,3.8776613756596405,3.2362176613757967,2.253244106745495
2025-01-12 09:40:00,9,40,6,7.410773831668988,3.9006247745316944,3.6424759621381413,2.97441279075143
2025-01-12 09:45:00,9,45,6,9.066406037239952,4.01477738722491,2.890452933103358,2.448857155305491
2025-01-12 09:50:00,9,50,6,8.268854411145634,4.487974893397101,3.6389841025371163,2.7340641916600723
2025-01-12 09:55:00,9,55,6,8.443285215763877,4.060248496018278,3.5957382029207117,3.028420764980835
2025-01-12 10:00:00,10,0,6,8.346387084802133,3.877762299549943,3.005781318665159,2.2623985580784196
2025-01-12 10:05:00,10,5,6,8.62324812011404,3.8335221110061113,2.8707264659308063,2.01159658931777
2025-01-12 10:10:00,10,10,6,9.579374004356234,3.9016466774687593,2.7574569848402297,2.180172888109799
2025-01-12 10:15:00,10,15,6,7.7248230870593435,4.435458689509813,2.9759114274717646,2.0715642125039797
2025-01-12 10:20:00,10,20,6,9.701560563410592,3.9201486708108075,2.9373262737429853,2.117285700331803
2025-01-12 10:25:00,10,25,6,9.322126531745324,4.181374106922057,3.0794867947711504,1.8010697140057588
2025-01-12 10:30:00,10,30,6,8.63528450118426,3.924814350905729,2.812646513483398,1.9944462539317296
2025-01-12 10:35:00,10,35,6,8.782422496303367,4.052236908255925,3.1319147914813317,2.3725791106227696
2025-01-12 10:40:00,10,40,6,10.235122721463185,4.158349054801745,3.0605981713331456,2.201506280497708
2025-01-12 10:45:00,10,45,6,8.99654785497969,3.885619430038015,2.677429813047166,2.4025911698867963
2025-01-12 10:50:00,10,50,6,8.96049425218429,3.871777669169446,3.1211372422258385,1.990079097768244
2025-01-12 10:55:00,10,55,6,10.169155815041652,4.331773938891066,2.9670607905084148,1.7785600404282003
2025-01-12 11:00:00,11,0,6,9.82853470103364,4.196918578979159,2.835742640855966,2.3820871264266827
2025-01-12 11:05:00,11,5,6,9.244457909864416,4.158134463738145,2.8021991123427976,1.7983464484267309
2025-01-12 11:10:00,11,10,6,9.871272558901644,4.157455258624583,2.859555902784884,1.7603638494077454
2025-01-12 11:15:00,11,15,6,9.294976462212166,4.091915097662213,3.003061314969102,2.2177821025330475
2025-01-12 11:20:00,11,20,6,10.398488229333385,4.403555162635013,2.877901534745593,1.7253351440478357
2025-01-12 11:25:00,11,25,6,10.414300587114173,4.008781660375432,3.058372262602931,1.9888451324640375
2025-01-12 11:30:00,11,30,6,10.180451713149075,4.115452473440184,3.200544910016325,1.9090983401395458
2025-01-12 11:35:00,11,35,6,10.121393912846704,3.7098174142811975,2.947968644074665,1.9700939270913462
2025-01-12 11:40:00,11,40,6,10.842541043351142,3.835007862681752,3.0178008221106962,1.921487664528482
2025-01-12 11:45:00,11,45,6,9.978432396080148,3.759836200032992,2.889071178390798,1.6299244630236318
2025-01-12 11:50:00,11,50,6,9.399545153108177,4.2548127167032295,2.8869225581759768,2.1430446536163505
2025-01-12 11:55:00,11,55,6,10.222357227215245,3.48949196959585,3.1700491038737773,1.9057773952817398
2025-01-12 12:00:00,12,0,6,11.043023524768557,3.9195379954494554,3.2598971996363524,1.994259185659929
2025-01-12 12:05:00,12,5,6,9.490240524206165,3.401258679467875,2.7324307256368106,1.6695231887091488
2025-01-12 12:10:00,12,10,6,9.809750832471584,3.833742420903622,3.243651584523945,1.9253992549477852
2025-01-12 12:15:00,12,15,6,10.186812251436761,3.9018102100536267,2.757187095385484,1.548144765712893
2025-01-12 12:20:00,12,20,6,9.934994556414585,4.2769742187588085,2.920856777824971,2.080950171799272
2025-01-12 12:25:00,12,25,6,9.449411592034538,4.079325587844291,2.860461771190759,1.7893509679732258
2025-01-12 12:30:00,12,30,6,10.47537754185334,3.8333716953342067,2.8901248462786544,2.2486384038289713
2025-01-12 12:35:00,12,35,6,11.043635465686236,4.213192743946365,2.721403676464962,1.8716597939154966
2025-01-12 12:40:00,12,40,6,9.946143259634034,4.003566450905952,3.242151547923518,2.0988352578847507
2025-01-12 12:45:00,12,45,6,9.355818659164305,4.00751337174145,3.0358255627557913,1.8703107729167503
2025-01-12 12:50:00,12,50,6,8.988479808672597,3.7594656984456014,3.0061009629000854,1.89243418630934
2025-01-12 12:55:00,12,55,6,9.842408688743205,3.801997257219372,2.8281227737858496,1.783988504939652
2025-01-12 13:00:00,13,0,6,10.211196934548811,3.834980540010895,3.1568191192744997,1.987918773556773
2025-01-12 13:05:00,13,5,6,9.838082417106977,4.009292254630838,3.062902748760539,2.030334637160281
2025-01-12 13:10:00,13,10,6,9.535967587022842,4.015577145396135,3.0881837655616717,1.9490562420028217
2025-01-12 13:15:00,13,15,6,9.174665469056404,4.308818532704809,2.9036685097890853,1.8369439341217755
2025-01-12 13:20:00,13,20,6,8.85084439150004,4.077011033587567,2.7172061733185773,1.7755933658754166
2025-01-12 13:25:00,13,25,6,9.737454355990426,3.4584868612655786,2.926916455779956,1.6793921031129044
2025-01-12 13:30:00,13,30,6,9.69568113580566,4.0525283975743385,2.7235428191727937,2.2084279785270353
2025-01-12 13:35:00,13,35,6,8.380249897849104,3.7099967287664937,3.0448358969707585,1.9096326543592959
2025-01-12 13:40:00,13,40,6,9.857997359456842,3.8068058150776927,3.4543148917809123,1.6703500562573943
2025-01-12 13:45:00,13,45,6,9.255763025773884,3.837566105654734,3.1951222552923646,1.9777067834441169
2025-01-12 13:50:00,13,50,6,9.569905654355114,3.8673323352975397,3.1570094045825625,2.0217907434541615
2025-01-12 13:55:00,13,55,6,8.09620368283252,3.7249701215919395,2.6255509875509486,2.0190920935117656
2025-01-12 14:00:00,14,0,6,7.977341960136668,4.040696400690457,3.0671111709279195,1.5616029402951173
2025-01-12 14:05:00,14,5,6,8.474634051845817,3.717839542981808,3.3888096587603798,2.062241518834554
2025-01-12 14:10:00,14,10,6,8.685306671576456,4.0713335214499695,3.134397548027299,1.7668941220847376
2025-01-12 14:15:00,14,15,6,9.212876534488935,4.447394215412326,3.1381235044291236,2.217900891912611
2025-01-12 14:20:00,14,20,6,8.544559899797482,3.7341281882131874,3.050713645627569,1.9981256882958471
2025-01-12 14:25:00,14,25,6,7.9431054042688105,3.9430979391321554,2.8212823750203166,1.9567586164433348
2025-01-12 14:30:00,14,30,6,7.420348799079405,3.4953085274975058,2.897594097148144,2.1143991274785368
2025-01-12 14:35:00,14,35,6,8.413845117288393,3.9398129414059735,2.8300248149765195,2.1129301443007114
2025-01-12 14:40:00,14,40,6,7.178091718314422,4.128543430526297,2.8322028874540686,1.9475294891679964
2025-01-12 14:45:00,14,45,6,8.332632352175935,4.144127846271453,3.123208879402563,1.8592406560027912
2025-01-12 14:50:00,14,50,6,7.230581043297986,4.015472746056819,3.1301072977955204,2.110598831534274
2025-01-12 14:55:00,14,55,6,8.018930656906484,4.177852684951795,2.945809865324611,2.232356640271158
2025-01-12 15:00:00,15,0,6,7.410533456895115,4.509210907188558,3.015556868395423,2.22045530531707
2025-01-12 15:05:00,15,5,6,6.846632813101461,4.34246093748752,3.358692984975436,1.9517397956597378
2025-01-12 15:10:00,15,10,6,6.496203890243541,3.8954958141180724,3.1289909968054794,1.872486414935425
2025-01-12 15:15:00,15,15,6,6.423004212327649,3.7097792027066525,2.7934371180983604,1.9609080685227143
2025-01-12 15:20:00,15,20,6,6.642034443053014,3.9187697166852393,2.727479944050107,1.812478444070538
2025-01-12 15:25:00,15,25,6,6.29781296994945,3.8106034468765304,3.1182865198642133,1.8972701969102324
2025-01-12 15:30:00,15,30,6,5.790708586052856,4.090269509572926,3.142102817424372,2.0598823876034973
2025-01-12 15:35:00,15,35,6,5.8302807784770065,3.7637612921141006,3.370230812403823,2.1048674571152093
2025-01-12 15:40:00,15,40,6,5.775052878370039,3.9854355134819315,3.2228436140558627,2.0803769326255095
2025-01-12 15:45:00,15,45,6,4.491335282988616,4.167602810907262,3.0622787002156144,2.232946608422663
2025-01-12 15:50:00,15,50,6,5.602080140862586,3.9798608254365644,3.133759493173053,2.0420127225914855
2025-01-12 15:55:00,15,55,6,4.6978719692468145,3.8107372354504405,3.0411309331859435,2.107645862366083
2025-01-12 16:00:00,16,0,6,4.423333798397127,4.234962811517138,2.865725296108023,1.8572401067722604
2025-01-12 16:05:00,16,5,6,3.9662155156385253,3.6242038110492345,3.2850811864745864,2.3728827327719997
2025-01-12 16:10:00,16,10,6,3.720539883416394,3.9344409888245075,2.814223508317967,1.866201113512059
2025-01-12 16:15:00,16,15,6,3.7451631506338687,3.991667995323733,3.228504563900829,2.1067039986284795
2025-01-12 16:20:00,16,20,6,3.871672138591754,4.003181731679926,3.1352856210641846,2.1793202589706113
2025-01-12 16:25:00,16,25,6,5.004096467350654,4.036099211215617,2.951853567651185,2.065993984998037
2025-01-12 16:30:00,16,30,6,3.563894485703297,4.122087963961898,3.0504384301396184,1.828301679950908
2025-01-12 16:35:00,16,35,6,3.7132554359710377,3.9929185121909296,3.0630181886431407,2.2475421392299335
2025-01-12 16:40:00,16,40,6,3.620442126509849,3.9263883435712637,2.9331733522313277,2.030513849748187
2025-01-12 16:45:00,16,45,6,3.279927246139542,3.918482131068061,3.041341783202171,1.9430670899129459
2025-01-12 16:50:00,16,50,6,2.968336264679736,3.8776968395923292,3.1353802475388717,1.8639868737490026
2025-01-12 16:55:00,16,55,6,2.200643258510296,4.157508664865373,3.266529103739187,2.125241112326449
2025-01-12 17:00:00,17,0,6,3.3136542251648162,3.8706943041046973,2.812646279865421,2.3396019369772505
2025-01-12 17:05:00,17,5,6,3.2804572450806764,4.169354221801649,3.033620292252319,1.8554104965529896
2025-01-12 17:10:00,17,10,6,1.3230667923196848,4.003799816451974,3.220910904998238,2.098934303889605
2025-01-12 17:15:00,17,15,6,1.4388889247180963,3.8957490386287743,2.6456080591531923,1.8948679365512293
2025-01-12 17:20:00,17,20,6,1.596576605480804,4.123681443148827,3.0558194674443087,1.5680866644714682
2025-01-12 17:25:00,17,25,6,1.0389649644440706,3.8545092150553764,3.0170140170774786,2.031595874541052
2025-01-12 17:30:00,17,30,6,1.5582446989284484,4.127636808145643,2.7633016235248355,2.0541289772519926
2025-01-12 17:35:00,17,35,6,0.7245326473163437,4.042545224238357,3.0014927678250065,1.761741178822997
2025-01-12 17:40:00,17,40,6,1.9540854613798833,3.880735062181616,3.183912109372565,2.167570758953561
2025-01-12 17:45:00,17,45,6,1.2493055894732292,4.105726963066912,2.9420525826295276,1.9602837353216351
2025-01-12 17:50:00,17,50,6,0.5424808889694726,4.109317945137728,3.1452527875190692,1.9598673713776387
2025-01-12 17:55:00,17,55,6,0.7316419820054738,4.231503921161991,2.6138183598959692,2.0973873114799853
2025-01-12 18:00:00,18,0,6,0.5529502121786557,4.193229402481859,3.2560222037784476,2.3830470836747217
2025-01-12 18:05:00,18,5,6,0.0,4.098254804145257,3.9373611703854428,2.4598064577973604
2025-01-12 18:10:00,18,10,6,0.0,3.7744818097582473,3.500520480762162,2.6529001826390792
2025-01-12 18:15:00,18,15,6,0.03907153148482372,4.489717397634811,3.6516001831622096,2.2242406697866652
2025-01-12 18:20:00,18,20,6,0.430818062248972,3.719276757785638,3.481910445339688,2.510845758377748
2025-01-12 18:25:00,18,25,6,0.06953019932670883,4.189852634856462,3.5816080689886483,2.586766582274986
2025-01-12 18:30:00,18,30,6,0.0,4.08625676337726,4.276232368633237,2.1472420688238265
2025-01-12 18:35:00,18,35,6,0.0,3.765171525503777,3.7940274860593868,2.855012741749918
2025-01-12 18:40:00,18,40,6,0.0,3.9751398122243002,3.647835192177058,2.3049053815380773
2025-01-12 18:45:00,18,45,6,0.0,3.984249422751072,3.999400409080288,1.8424051405779407
2025-01-12 18:50:00,18,50,6,0.9862710883949041,4.261116543162105,3.295019990834652,2.851504659166843
2025-01-12 18:55:00,18,55,6,0.0,3.857337819943958,3.3889665189732447,2.978939357440056
2025-01-12 19:00:00,19,0,6,0.2527946209179373,3.9476109987151293,3.04645857659648,2.1663694318155975
2025-01-12 19:05:00,19,5,6,0.7445565541641448,3.5327860789957475,3.3405085489619077,2.6252197832609587
2025-01-12 19:10:00,19,10,6,1.135724872711398,4.346952558624715,3.433393954885993,2.352880224231274
2025-01-12 19:15:00,19,15,6,0.0,3.785906351395986,3.926118929329557,2.954033492616745
2025-01-12 19:20:00,19,20,6,0.2457147263600999,4.065382172847835,3.3756860702877334,1.9870696578011011
2025-01-12 19:25:00,19,25,6,0.28488017859932346,3.979718434055627,2.852754851243786,2.5717870344341067
2025-01-12 19:30:00,19,30,6,0.09774086577664541,3.980399806643332,3.6967866866656394,2.518899335673564
2025-01-12 19:35:00,19,35,6,0.0,4.161972396974175,3.4787275678757723,2.2586372155917753
2025-01-12 19:40:00,19,40,6,0.21798769475002294,4.334252492060727,3.6964939381741515,3.003455613669673
2025-01-12 19:45:00,19,45,6,0.0,4.050298733988399,2.8349366967993332,2.4767496433636853
2025-01-12 19:50:00,19,50,6,0.34103474503131564,4.131015603526105,3.20889549517592,2.0528602017838447
2025-01-12 19:55:00,19,55,6,0.06308895183098359,4.065778307345409,3.1610072387646753,2.613901856705321
2025-01-12 20:00:00,20,0,6,0.0,4.203506284786125,3.62148865927735,2.93808632835244
2025-01-12 20:05:00,20,5,6,1.023431097859779,3.9074167241027347,3.502634464143638,1.9725335110391264
2025-01-12 20:10:00,20,10,6,0.0,4.215078110883283,3.4285491372872086,2.0840862783352647
2025-01-12 20:15:00,20,15,6,0.0,4.222099973129477,3.1379612340733987,2.6741677175219487
2025-01-12 20:20:00,20,20,6,0.995776651102367,4.216507401736582,3.558254271678326,2.6762696786305993
2025-01-12 20:25:00,20,25,6,0.0,3.867970426532705,3.3927521458184815,2.7371588690276067
2025-01-12 20:30:00,20,30,6,0.0,3.966332473152562,3.3759791305129667,2.835004849822674
2025-01-12 20:35:00,20,35,6,0.0,4.047893397756087,3.6033916818414626,2.437900938854615
2025-01-12 20:40:00,20,40,6,0.42036724106477463,3.725831591034199,3.5636279132528292,2.494641789707525
2025-01-12 20:45:00,20,45,6,0.1039012536766567,4.3189840416172025,3.978831954593877,2.5736312867736366
2025-01-12 20:50:00,20,50,6,0.0,3.997544693299565,3.4995161982816474,2.42845274288476
2025-01-12 20:55:00,20,55,6,0.0,4.0567855775209445,3.7529552657735032,2.7123740017160514
2025-01-12 21:00:00,21,0,6,0.0,3.8845991120545595,3.4178475109062116,2.153307545613157
2025-01-12 21:05:00,21,5,6,0.0,3.7346244881265953,3.229409558486494,2.444751238137341
2025-01-12 21:10:00,21,10,6,0.21292182931491455,3.879194022905046,3.904678251835725,2.424947011225926
2025-01-12 21:15:00,21,15,6,0.20910287794398605,4.043840837526718,3.3217629170103304,1.971784206025406
2025-01-12 21:20:00,21,20,6,0.0,4.134685762550738,3.954062430680689,2.670708443794438
2025-01-12 21:25:00,21,25,6,0.531970493780428,4.032358308120544,3.7388029910017573,2.7885064155788126
2025-01-12 21:30:00,21,30,6,0.12628442299831175,4.06934480324839,3.4505809313723113,2.5253771901242605
2025-01-12 21:35:00,21,35,6,0.6922660237969531,3.9325947250637245,3.9465805825855984,2.553874266795741
2025-01-12 21:40:00,21,40,6,0.22209916364533594,4.099249713249086,3.6762575870191982,2.7611652151601533
2025-01-12 21:45:00,21,45,6,0.5506614788678811,4.296566573277182,3.692879399726793,2.461549248920052
2025-01-12 21:50:00,21,50,6,0.23327265572506348,4.140957888487797,3.4898348471558243,2.7332921313927825
2025-01-12 21:55:00,21,55,6,0.6731128781013741,4.1619083776505885,3.732800857980418,2.8504697797058385
2025-01-12 22:00:00,22,0,6,0.2611253180088893,4.058803279861326,3.1102193966619676,2.1193211227184108
2025-01-12 22:05:00,22,5,6,0.0,3.6993689860800796,2.9107533266431105,1.8837700977856198
2025-01-12 22:10:00,22,10,6,1.1362173602234409,3.791066693873751,3.156126134870299,1.885162986396725
2025-01-12 22:15:00,22,15,6,0.44451856113994603,4.090975160132769,2.9958597993766274,2.275804648194258
2025-01-12 22:20:00,22,20,6,0.28687221050220657,3.997812189607983,3.244114058469018,2.0603577661594366
2025-01-12 22:25:00,22,25,6,0.0,4.087968577294566,2.940772084033258,1.975324217931299
2025-01-12 22:30:00,22,30,6,0.0,4.335284683568815,3.173532028211123,1.9927001445107668
2025-01-12 22:35:00,22,35,6,0.1463577410709267,4.145207199845867,2.8883435213979474,2.243154951281595
2025-01-12 22:40:00,22,40,6,0.0727605988841204,4.251777241148564,3.036320027825856,1.8845488358016507
2025-01-12 22:45:00,22,45,6,0.0,4.018936277894146,3.095788037786526,2.1942436826385014
2025-01-12 22:50:00,22,50,6,0.07049134980603,3.838556864503112,2.798465387042448,1.959909217329413
2025-01-12 22:55:00,22,55,6,0.7943134640217979,3.9884267681571317,2.9506633264823177,2.090457433156695
2025-01-12 23:00:00,23,0,6,0.34770123727514934,3.8390496372561724,3.1264016645719717,1.889705217744103
2025-01-12 23:05:00,23,5,6,0.0,4.31165899135449,2.701449764818795,2.20635975091988
2025-01-12 23:10:00,23,10,6,0.0,4.158078215307094,2.7760109458845577,2.0542368410087755
2025-01-12 23:15:00,23,15,6,0.0,4.104102499325656,2.9736038202538637,2.032488781040815
2025-01-12 23:20:00,23,20,6,0.0,4.2471886404456205,3.3302467943413716,2.607656322724366
2025-01-12 23:25:00,23,25,6,0.0,3.595988717095355,2.6733125177202783,2.1967812310665846
2025-01-12 23:30:00,23,30,6,0.0,4.1176275902685315,2.9687504454644706,2.2095709027425103
2025-01-12 23:35:00,23,35,6,0.0,3.7378708431391257,3.191452615235833,2.2819489614396327
2025-01-12 23:40:00,23,40,6,0.0,3.998548860306868,3.0569929830325395,1.8220847030089953
2025-01-12 23:45:00,23,45,6,0.0,3.937658481506557,3.185529897741924,2.023599515228813
2025-01-12 23:50:00,23,50,6,0.0,4.132347322419389,2.9532313569731734,1.9047552238590075
2025-01-12 23:55:00,23,55,6,1.0264860122508315,4.045637457792191,3.201267113821026,2.320673898401475
2025-01-13 00:00:00,0,0,0,0.544384827108336,4.2690234347223575,2.7609294882600732,2.1243904484957863
2025-01-13 00:05:00,0,5,0,0.0,3.879620567813477,2.925522562915471,1.7065455203615771
2025-01-13 00:10:00,0,10,0,0.009409524870299212,4.141822877926657,3.0295411641526018,1.8333724439620878
2025-01-13 00:15:00,0,15,0,0.0,4.032444643379766,2.6844493544399604,1.843651905555093
2025-01-13 00:20:00,0,20,0,0.8478614389054326,3.6729419459856896,2.794445216417229,1.8706626293873216
2025-01-13 00:25:00,0,25,0,0.9486443473865558,3.8162767082953932,2.734823184609262,1.9209719782747572
2025-01-13 00:30:00,0,30,0,0.0783468641232623,3.9700243932955663,2.8573501743832055,2.0751227754291315
2025-01-13 00:35:00,0,35,0,0.5117653220926723,4.2224584899783455,3.1187077972796633,2.0520297153556886
2025-01-13 00:40:00,0,40,0,0.08764338946696193,4.0927446115114225,2.9529111084252984,1.947514480861537
2025-01-13 00:45:00,0,45,0,0.0,3.7664998352238572,2.832585002517727,1.8374010681180126
2025-01-13 00:50:00,0,50,0,0.0,3.971936754390568,3.1407207736157474,1.6480594802699071
2025-01-13 00:55:00,0,55,0,0.06596398338597853,4.403561289758606,2.9838550123374117,1.9352941876877598
2025-01-13 01:00:00,1,0,0,0.0,4.022244666968172,3.1198264202749786,1.7149976033155299
2025-01-13 01:05:00,1,5,0,0.0,3.934534884985521,3.002496141097188,2.0685968682718214
2025-01-13 01:10:00,1,10,0,0.0,4.098347928151244,2.6190537562752008,1.7851344054276526
2025-01-13 01:15:00,1,15,0,0.0,4.152678615916394,2.981642030637442,2.102829381526861
2025-01-13 01:20:00,1,20,0,0.026129245248741606,3.908766330503988,3.03649986222254,2.1120908505899614
2025-01-13 01:25:00,1,25,0,0.0,4.100514954874288,2.784125497471869,1.6822499300543947
2025-01-13 01:30:00,1,30,0,0.0,3.934222100665838,3.016901161151358,1.754129352357177
2025-01-13 01:35:00,1,35,0,0.0,4.143865520365888,2.8269355347904392,2.186455670965275
2025-01-13 01:40:00,1,40,0,0.48890777484310016,4.033938631594257,3.0378199113533704,1.8863710189489171
2025-01-13 01:45:00,1,45,0,0.0,4.096393565410579,2.8603936990718073,2.124184311377833
2025-01-13 01:50:00,1,50,0,0.5767951716584627,3.8481632907664993,3.0423941871299967,1.7570886715354619
2025-01-13 01:55:00,1,55,0,0.6931746986314217,3.835742723185428,2.6104352533798103,2.37636036652803
2025-01-13 02:00:00,2,0,0,0.0,4.189099460931879,2.7555041549364883,2.1055393006600247
2025-01-13 02:05:00,2,5,0,0.0,3.984120723722901,3.3021385864676347,2.029519513766631
2025-01-13 02:10:00,2,10,0,0.0,4.057006948419872,2.879912664706559,1.7147901916608577
2025-01-13 02:15:00,2,15,0,0.0,3.9387209145826962,2.711997892735994,2.0753389697352773
2025-01-13 02:20:00,2,20,0,0.0,4.179745354802729,3.290195264589997,1.9209081806590942
2025-01-13 02:25:00,2,25,0,0.0,3.8784380039940682,2.888855907570127,2.1394962181622375
2025-01-13 02:30:00,2,30,0,0.7650975994316757,3.9728797520198236,2.8628105492190508,2.0548965815256843
2025-01-13 02:35:00,2,35,0,0.3324635811508705,4.157198562540627,3.0083602900171025,1.918106388284389
2025-01-13 02:40:00,2,40,0,0.0,4.234593539832853,2.996892368252696,2.352630422929996
2025-01-13 02:45:00,2,45,0,0.0,3.895248141794663,3.1209065888201915,2.2185001608511956
2025-01-13 02:50:00,2,50,0,0.0,4.391936796391176,2.816261127815988,2.219187229521515
2025-01-13 02:55:00,2,55,0,0.0,4.0626483387387236,3.127804095093797,1.7000807806881264
2025-01-13 03:00:00,3,0,0,0.24809959368165815,3.7914143476382525,3.10795814667422,1.8973451726410646
2025-01-13 03:05:00,3,5,0,0.0,4.073810409717994,2.6908392647348767,2.025955146465524
2025-01-13 03:10:00,3,10,0,0.2557497876809307,3.9234001571033086,3.107808518212522,2.0303216137289124
2025-01-13 03:15:00,3,15,0,0.9675770200301146,4.086813697436636,2.978172283030849,1.9338829323083335
2025-01-13 03:20:00,3,20,0,0.4077505112221313,3.991428750467932,3.4933176018683114,1.7634861222942708
2025-01-13 03:25:00,3,25,0,0.0,4.014854738038029,3.174584396471441,2.0030845941777966
2025-01-13 03:30:00,3,30,0,0.0,3.8176813246827708,2.8291066987465934,1.9903201898742842
2025-01-13 03:35:00,3,35,0,0.0,4.198012246143272,2.7214134724822765,1.8809019186386293
2025-01-13 03:40:00,3,40,0,0.5903204562260723,3.7687745265697936,2.990613134832879,1.689776588280174
2025-01-13 03:45:00,3,45,0,0.0,3.778247020919001,3.1012765076976114,1.8072477918176935
2025-01-13 03:50:00,3,50,0,0.02261135449999128,4.0734720698294975,2.7096558083972897,1.7839164528343259
2025-01-13 03:55:00,3,55,0,0.02559895094054267,4.320568849435594,3.4351908323670974,1.604387171626232
2025-01-13 04:00:00,4,0,0,0.0,3.9294813805871187,3.087224617753958,1.8496727457961426
2025-01-13 04:05:00,4,5,0,0.0,4.1401944645407935,2.929974365696488,2.1207861857360664
2025-01-13 04:10:00,4,10,0,0.16148725180883408,4.214668035372709,3.110963742967784,1.863860716167642
2025-01-13 04:15:00,4,15,0,0.0,4.162936887458814,2.728435198673341,2.124428194740128
2025-01-13 04:20:00,4,20,0,0.25012023471828493,3.9377583421652638,3.1104754386018687,1.9430060982423623
2025-01-13 04:25:00,4,25,0,0.0,3.781790656561185,3.088388876761676,1.9108341038048928
2025-01-13 04:30:00,4,30,0,0.6104106494065239,3.558490486865729,2.834592486993042,2.000792436224215
2025-01-13 04:35:00,4,35,0,0.0,3.9474319001075213,3.1038065482183037,2.061850053910487
2025-01-13 04:40:00,4,40,0,0.8560201420089463,4.235617473712435,3.1018325360153343,1.8478842253421748
2025-01-13 04:45:00,4,45,0,0.0,3.7751668030476133,3.3163762249516506,1.9315238289322751
2025-01-13 04:50:00,4,50,0,0.21738503227844558,4.140041969503753,2.9762168697046816,1.7362688181564265
2025-01-13 04:55:00,4,55,0,0.23771534126331173,3.8099694939896254,2.961228968740543,2.1064475473703035
2025-01-13 05:00:00,5,0,0,0.0,4.021214515277368,3.152502122538533,2.3123881474373564
2025-01-13 05:05:00,5,5,0,0.2121969689305063,4.141558322831004,3.104046979165092,2.055382639159941
2025-01-13 05:10:00,5,10,0,0.6397593348800794,3.8681009126323143,2.9107409776971362,1.8676519183533986
2025-01-13 05:15:00,5,15,0,0.0,4.034096936139383,3.194049702933631,2.190214070347782
2025-01-13 05:20:00,5,20,0,0.2513724037454073,3.9169817326549343,2.7845974598302456,2.1446191774306964
2025-01-13 05:25:00,5,25,0,0.0,4.1410297317876354,3.1300767382791683,1.777238222997161
2025-01-13 05:30:00,5,30,0,0.0,4.047063433696928,3.1080913609578356,1.7900907081036386
2025-01-13 05:35:00,5,35,0,0.8145831824504726,4.011301534885853,2.5141414064653023,1.9679795172615901
2025-01-13 05:40:00,5,40,0,0.0,4.311669992028396,3.0515629410509977,1.9769858390233774
2025-01-13 05:45:00,5,45,0,0.0,4.132461228473661,3.573421363437595,2.075770245846995
2025-01-13 05:50:00,5,50,0,0.0,3.8619296267747423,3.02942836385974,2.0859182606628184
2025-01-13 05:55:00,5,55,0,1.033953169081776,3.9828272198404475,2.9117361991199804,2.185895812418708
2025-01-13 06:00:00,6,0,0,0.0,3.984820242984068,3.0722003892354204,2.0630343407784983
2025-01-13 06:05:00,6,5,0,0.0,4.016063914525042,2.875175955426612,1.6871339347101812
2025-01-13 06:10:00,6,10,0,1.184909715243174,4.504901855321499,2.8997227821845417,2.0565267712519786
2025-01-13 06:15:00,6,15,0,1.582882464070297,4.074170378542199,2.911060104051011,2.058345433413474
2025-01-13 06:20:00,6,20,0,0.8198418153314389,3.592819485979045,2.953527624628739,2.0861158969253046
2025-01-13 06:25:00,6,25,0,0.4691423972563252,3.891440205656607,2.804635174824937,2.038578002377016
2025-01-13 06:30:00,6,30,0,2.3531836731050952,3.6135255825008383,2.8718091707297204,1.6923434115738727
2025-01-13 06:35:00,6,35,0,2.3184550577737646,3.934040348590832,2.966969175394325,2.3072635147636094
2025-01-13 06:40:00,6,40,0,2.0759552705504207,3.602537954054714,2.7082847184308037,2.02387845007884
2025-01-13 06:45:00,6,45,0,1.5447020456925724,3.8256819057863143,3.159515412652845,2.4600061370288904
2025-01-13 06:50:00,6,50,0,2.1398814689620096,3.695855694073176,2.9014134035106625,1.8735998790791375
2025-01-13 06:55:00,6,55,0,2.296678882739316,4.076832035593496,2.7666615608121465,2.228103266969244
2025-01-13 07:00:00,7,0,0,2.7536161033329964,4.000107872525776,3.2397757012282775,2.388821070467395
2025-01-13 07:05:00,7,5,0,3.523790859375588,4.060592461499747,2.9453186367886235,2.7651915528035578
2025-01-13 07:10:00,7,10,0,3.4467665156114338,3.979089722286295,3.8474774842334076,2.7537325190753097
2025-01-13 07:15:00,7,15,0,2.6757066145392367,3.7211404499591163,3.0184024155938847,2.682145312233792
2025-01-13 07:20:00,7,20,0,4.108449658266456,4.102704273850947,2.9981988845828,2.5174120906192723
2025-01-13 07:25:00,7,25,0,3.7809464528435943,4.38444491205389,3.5615232739951392,2.5930549654324797
2025-01-13 07:30:00,7,30,0,4.170367221580356,4.081842515721309,3.6603909597912403,2.4975899189322184
2025-01-13 07:35:00,7,35,0,4.760737328226672,3.9148150801364867,2.9112711461814342,2.66053630263986
2025-01-13 07:40:00,7,40,0,3.67039249265022,3.714386564778911,3.5292824423383244,2.22921406258863
2025-01-13 07:45:00,7,45,0,4.404974112836782,3.8183866058480067,3.0291807736590175,2.9620066557773077
2025-01-13 07:50:00,7,50,0,4.351758856670731,4.090607931314412,3.869390161487205,2.7117872221922363
2025-01-13 07:55:00,7,55,0,4.025957976511149,4.214623605359875,3.297110026629589,1.7449013343365447
2025-01-13 08:00:00,8,0,0,5.173354988802459,4.052173234944395,3.7294037526305703,2.6100060321565226
2025-01-13 08:05:00,8,5,0,6.443510857397428,4.1599774579411966,3.387601307278347,2.837441892009363
2025-01-13 08:10:00,8,10,0,4.45295721121536,4.141535648805449,3.7543992601888547,2.552828646469255
2025-01-13 08:15:00,8,15,0,5.5395620246712864,4.1013068782771835,3.510517525361334,2.515290315279904
2025-01-13 08:20:00,8,20,0,6.056035831047849,3.868305280947749,3.703981961850424,2.2427570960371037
2025-01-13 08:25:00,8,25,0,5.974635584463913,4.03478470239503,3.627794936535511,2.223822716659123
2025-01-13 08:30:00,8,30,0,6.031050263829336,3.8303244392235722,3.9009665515256704,2.6596385714725703
2025-01-13 08:35:00,8,35,0,5.60962654011768,4.00348579059162,3.293531521508321,2.524178747208925
2025-01-13 08:40:00,8,40,0,6.544269468335474,4.066172706213383,3.243864085991588,2.9512338513102385
2025-01-13 08:45:00,8,45,0,6.215076162492725,4.335756761477371,3.986862795341363,2.708867104768854
2025-01-13 08:50:00,8,50,0,5.660941223667327,3.7380536051264737,3.966996970296373,2.5455387846617503
2025-01-13 08:55:00,8,55,0,7.512426668079557,4.096301526198261,3.729053770152439,2.867417356572927
2025-01-13 09:00:00,9,0,0,7.550260721786497,4.296247318324719,3.4982769213452247,2.5213311571952035
2025-01-13 09:05:00,9,5,0,7.249470109023096,4.151769553167759,3.7800969804286693,2.693949389678798
2025-01-13 09:10:00,9,10,0,7.487310712204091,4.166589088565008,3.2733617839396842,1.8439511886185593
2025-01-13 09:15:00,9,15,0,8.055557081147553,4.1175389803735625,3.4473415812208854,1.8709257462324462
2025-01-13 09:20:00,9,20,0,7.772614259578822,4.259666897955084,3.2026947991683357,2.237713912839885
2025-01-13 09:25:00,9,25,0,8.250853608309473,3.7825043663775264,3.329407306717962,2.7461314432490624
2025-01-13 09:30:00,9,30,0,7.784792302475426,3.7228146668059505,3.811303862219078,2.6526222159421624
2025-01-13 09:35:00,9,35,0,8.7204379119618,3.9987331719069488,3.6897520928185417,2.6968361369105938
2025-01-13 09:40:00,9,40,0,8.35191330585626,3.567767579285658,2.7509510026337227,2.503059304602135
2025-01-13 09:45:00,9,45,0,8.41172209482839,4.246129160835602,2.9610623836489984,2.652741842701462
2025-01-13 09:50:00,9,50,0,7.798883913772843,4.244143039099089,2.872067555804091,2.4458684393947903
2025-01-13 09:55:00,9,55,0,8.69259663388032,3.9133298889830948,3.664330932805876,2.1646726155051064
2025-01-13 10:00:00,10,0,0,8.24427657909716,3.925845880667898,3.192343192102644,2.1013244339903494
2025-01-13 10:05:00,10,5,0,8.44812619381083,3.9855305049698657,3.076164939167582,2.1396003175021066
2025-01-13 10:10:00,10,10,0,8.462420517624155,4.010404130087924,2.928159982446669,2.0303837727513616
2025-01-13 10:15:00,10,15,0,8.435609949377271,4.025434783838857,3.00201031444684,1.997490211076771
2025-01-13 10:20:00,10,20,0,10.12546357187498,4.111646421375661,2.8655937846705846,1.751493577055459
2025-01-13 10:25:00,10,25,0,9.818784322188671,3.9654747293983044,2.932628330142105,1.9216104185611467
2025-01-13 10:30:00,10,30,0,10.198979076185,4.188638660695559,2.852653802496622,2.170410756362005
2025-01-13 10:35:00,10,35,0,8.708631183050203,4.089189555425061,2.7655586764288773,1.9656981682217518
2025-01-13 10:40:00,10,40,0,9.432553082814529,3.878607310825473,3.2332679423122506,2.1818258705199103
2025-01-13 10:45:00,10,45,0,8.822547482349007,4.267022533560819,3.2432587770194568,1.8818438845251546
2025-01-13 10:50:00,10,50,0,9.189322068883738,3.728348602775503,3.1568576251455416,1.7874059206043738
2025-01-13 10:55:00,10,55,0,9.141435052151,3.9815668378357048,2.9448252088366917,1.9636488378439614
2025-01-13 11:00:00,11,0,0,10.279050266111463,4.193383480215093,2.884831957560398,1.927637202383095
2025-01-13 11:05:00,11,5,0,9.515305859081733,3.855385379017571,2.9013248145005295,1.8035212377796608
2025-01-13 11:10:00,11,10,0,10.297149738046341,4.0619111293534305,3.171282701201158,1.9635099994251461
2025-01-13 11:15:00,11,15,0,10.109913248826564,4.108667919399809,3.040287308783457,2.032755374238571
2025-01-13 11:20:00,11,20,0,10.999896906174476,3.827895226403752,3.010945285022004,2.0185609092112857
2025-01-13 11:25:00,11,25,0,9.143892993107745,3.985504456081193,2.9389165559937958,2.283679373702973
2025-01-13 11:30:00,11,30,0,10.544065233631503,3.968699233958158,3.152148952327072,2.003676406554204
2025-01-13 11:35:00,11,35,0,10.51378381742356,3.8896524296335415,2.9105891128067873,1.976235831454184
2025-01-13 11:40:00,11,40,0,9.475257561903938,4.460334970410155,3.0835243032743493,2.2999880185072623
2025-01-13 11:45:00,11,45,0,10.482155900622615,3.847378729310905,2.725390491066991,2.1319549517283556
2025-01-13 11:50:00,11,50,0,10.158554697331692,4.200986058813577,3.225344727355727,1.7026563060189537
2025-01-13 11:55:00,11,55,0,9.883882140822386,3.9214397966237717,2.963769824653745,1.7870964053833922
2025-01-13 12:00:00,12,0,0,9.588032256514,3.7826727622229437,3.086105922335407,1.9283298135288895
2025-01-13 12:05:00,12,5,0,9.638065545074499,4.020562848631013,2.973972186623975,1.9177888385443052
2025-01-13 12:10:00,12,10,0,11.01538826371154,4.1298186768775,3.1440326865536536,2.045806592119628
2025-01-13 12:15:00,12,15,0,9.978930641864777,4.1841019150131356,3.0461853528079312,2.0321243650162906
2025-01-13 12:20:00,12,20,0,10.353011981683185,4.312453022131014,3.1144981760904273,1.9476056290287354
2025-01-13 12:25:00,12,25,0,9.54511369138942,4.58904925798702,3.3401549575081853,1.753041049756296
2025-01-13 12:30:00,12,30,0,9.524522140627287,4.050102840751119,2.65481631036607,1.6382638862782852
2025-01-13 12:35:00,12,35,0,10.424607509302577,3.8673815652349224,2.584082376141513,2.1346339629640503
2025-01-13 12:40:00,12,40,0,9.173289424346315,4.090574865358978,3.110273539856528,2.241555298355119
2025-01-13 12:45:00,12,45,0,9.600245920079669,3.9467574099187015,2.7886723570588954,2.1490922909491
2025-01-13 12:50:00,12,50,0,9.77997377673545,4.185193225970446,3.011364812429861,2.0333172998311717
2025-01-13 12:55:00,12,55,0,9.76910699905264,3.7405671407268555,3.1251245790699214,1.8487436497875112
2025-01-13 13:00:00,13,0,0,9.569711620382606,4.473666908480087,3.5174498270808976,2.266376060855071
2025-01-13 13:05:00,13,5,0,9.798408434407248,4.1712096189551024,2.893658809200928,1.7818523884553303
2025-01-13 13:10:00,13,10,0,9.883597385391175,3.6631991964407673,2.9824191676390615,2.0364516887164084
2025-01-13 13:15:00,13,15,0,9.836620067680721,3.8581942195370056,3.213123051941662,1.7662558176863348
2025-01-13 13:20:00,13,20,0,8.904024303525173,4.163216208822788,3.0570973886398334,1.6941969951170421
2025-01-13 13:25:00,13,25,0,9.178001143863588,4.235268811234291,3.0872715186822237,1.97849915590839
2025-01-13 13:30:00,13,30,0,9.836176756051337,3.7455524745536075,3.3873359524571525,1.6907994911560646
2025-01-13 13:35:00,13,35,0,9.600438384981407,4.14260517008659,3.274121676298021,1.6592337329667564
2025-01-13 13:40:00,13,40,0,8.37664814462597,3.610532025467615,2.734557945118699,1.664581088305567
2025-01-13 13:45:00,13,45,0,9.144467365502985,3.982132826905791,3.050070521690211,1.7652602378492532
2025-01-13 13:50:00,13,50,0,7.8809957070948125,4.222409368420641,2.7303336989438924,2.0405535203246763
2025-01-13 13:55:00,13,55,0,8.790735008105262,3.889696853979404,3.090355077174938,2.007969860830065
2025-01-13 14:00:00,14,0,0,9.609137546217376,3.6986155401723972,2.9675561701956896,2.365781926487436
2025-01-13 14:05:00,14,5,0,8.075172348094972,4.0292429592755115,3.029167253248394,2.16113829478445
2025-01-13 14:10:00,14,10,0,8.016752935383067,3.8790562266729043,3.028584425137992,1.7804247423490631
2025-01-13 14:15:00,14,15,0,8.696711013811882,4.125911673213167,3.1099775363804034,1.8688405377060415
2025-01-13 14:20:00,14,20,0,7.420119685285094,3.822934713556388,2.981802772392153,2.061080536378685
2025-01-13 14:25:00,14,25,0,7.748068527732308,3.84547262206938,2.611716386622671,1.6780995752216543
2025-01-13 14:30:00,14,30,0,8.231753971703228,3.595799535824751,3.181891834499513,1.8672507106802112
2025-01-13 14:35:00,14,35,0,7.4817019070841155,4.033988942210296,2.8767356021782278,2.033287679474164
2025-01-13 14:40:00,14,40,0,7.542459437584294,3.9678190123446804,2.9228654805756262,2.083517676328558
2025-01-13 14:45:00,14,45,0,7.890490929947291,3.762323065851986,2.989775642253391,2.0397205900360897
2025-01-13 14:50:00,14,50,0,7.5835464098695216,4.0387597427534185,2.8596283219515497,2.0387189646561854
2025-01-13 14:55:00,14,55,0,7.357048818745261,4.2054140601288275,3.221017817367089,1.8864503567771602
2025-01-13 15:00:00,15,0,0,6.9015066722304566,3.95688641131621,3.1830636600544304,1.9896879363354703
2025-01-13 15:05:00,15,5,0,7.100161115457168,4.053633389964395,3.1468963311955878,2.0257542636706223
2025-01-13 15:10:00,15,10,0,6.694035736106725,4.054662249917033,2.9933178159804146,2.069945936415273
2025-01-13 15:15:00,15,15,0,6.822360955963582,3.759134034564208,3.2427195124604498,2.0472194588430153
2025-01-13 15:20:00,15,20,0,6.179410084306406,4.411317164141519,3.0957061661816794,1.9263030172846598
2025-01-13 15:25:00,15,25,0,6.167950234650822,3.905830033975543,3.314177294799005,2.1280674221859344
2025-01-13 15:30:00,15,30,0,5.592635393811202,4.131223240372054,3.015541692005001,1.975469265549065
2025-01-13 15:35:00,15,35,0,5.895592678632704,4.15384305544581,3.1955816538546222,1.8787591845909482
2025-01-13 15:40:00,15,40,0,5.330263931696042,3.9720809745768495,2.6434249967457335,2.014479919884891
2025-01-13 15:45:00,15,45,0,4.998679105115025,4.121359005011927,3.2380009146228685,2.3182617622369346
2025-01-13 15:50:00,15,50,0,5.5023266573959315,4.049163844363278,2.978541211313224,2.008717532788357
2025-01-13 15:55:00,15,55,0,5.294102469534048,3.7164720485545186,3.103906086503191,1.947130116227247
2025-01-13 16:00:00,16,0,0,5.391436867474285,3.933545459749982,3.10328118967823,1.9829196497863464
2025-01-13 16:05:00,16,5,0,4.594324904406331,3.877489819529188,3.202273651438036,2.144596102619565
2025-01-13 16:10:00,16,10,0,4.821512555768717,3.9076509917307747,3.1620455664604865,1.9589364710395825
2025-01-13 16:15:00,16,15,0,4.698285688326845,3.7391993644326726,3.385185464100452,2.0967823884758943
2025-01-13 16:20:00,16,20,0,4.4485695213227965,4.225286743349206,3.049458810697366,1.8478114038866056
2025-01-13 16:25:00,16,25,0,3.6146400571862984,4.320398530922683,2.9805856359702894,2.0228759521405273
2025-01-13 16:30:00,16,30,0,3.9015160647864935,4.195600595199682,2.84246454071514,1.9415365708461825
2025-01-13 16:35:00,16,35,0,3.806450530864353,4.254105844829429,2.966839996379398,2.0111841321846438
2025-01-13 16:40:00,16,40,0,3.423790666710656,3.931073032598369,2.647458601991679,1.9729458918591471
2025-01-13 16:45:00,16,45,0,2.1711558238460755,3.872748633002793,2.9245307633840136,1.99582317007502
2025-01-13 16:50:00,16,50,0,3.0873028070294732,3.8442825906376576,3.2070553132360513,2.4104790984242412
2025-01-13 16:55:00,16,55,0,3.9045556600085396,4.128812984591445,3.1356754399289253,1.7531155655867328
2025-01-13 17:00:00,17,0,0,2.408170816646719,4.04541261062883,2.930918609633493,2.1191926617662182
2025-01-13 17:05:00,17,5,0,2.012820374334073,3.984555657680315,3.0966580992858046,2.197465147090615
2025-01-13 17:10:00,17,10,0,2.3510704192367267,4.259029708839068,2.980529801141881,1.927299951126899
2025-01-13 17:15:00,17,15,0,2.107092325394572,4.0809882707630685,3.3504848007832075,2.0117341206739274
2025-01-13 17:20:00,17,20,0,2.3328493593775144,3.832268472495883,2.7966651247957772,2.295026731406584
2025-01-13 17:25:00,17,25,0,0.8922997839447224,3.863818234172861,2.700780901721111,1.3009909555022787
2025-01-13 17:30:00,17,30,0,1.670952048488012,4.136398659850829,3.1538773516075147,2.1821401942049263
2025-01-13 17:35:00,17,35,0,1.3838797791453818,4.208346570530919,3.082802588388938,1.73950878320159
2025-01-13 17:40:00,17,40,0,0.8004841590063089,4.110336046451194,2.988226028951536,1.9443662852892258
2025-01-13 17:45:00,17,45,0,0.8233749512622762,4.379377749574417,2.892542197821522,2.282413886161856
2025-01-13 17:50:00,17,50,0,0.9509226144525438,4.327001433146284,2.790666788273662,2.06322089062128
2025-01-13 17:55:00,17,55,0,0.6543065403598329,4.088207166970153,3.238809396732515,2.0762883050638075
2025-01-13 18:00:00,18,0,0,0.0,3.8322838681036995,3.872335511748612,2.6691144167286787
2025-01-13 18:05:00,18,5,0,0.41007909337774223,3.7380024976536466,3.6288049011476087,2.610050460649644
2025-01-13 18:10:00,18,10,0,0.0,3.922523650997057,3.684032979995045,2.384338270776322
2025-01-13 18:15:00,18,15,0,0.036437049007757696,4.150642689283232,3.109437844438164,2.7862130234389926
2025-01-13 18:20:00,18,20,0,0.03659849550084725,4.365329415862387,3.84852269015173,2.575593643271813
2025-01-13 18:25:00,18,25,0,0.0,4.08348940688216,3.335487314109689,2.0326848650411087
2025-01-13 18:30:00,18,30,0,0.5958537485535325,4.233744558846247,3.5257421299770164,2.0953148965846085
2025-01-13 18:35:00,18,35,0,0.0,3.9509385027624395,3.0533037492086224,2.4937805415952923
2025-01-13 18:40:00,18,40,0,0.0,4.12455382504551,3.2708691496435955,2.6035928668494313
2025-01-13 18:45:00,18,45,0,0.0,4.164671365895434,3.452211319231438,2.318009630133217
2025-01-13 18:50:00,18,50,0,0.0893473584052378,3.6040811448294945,2.9885254757813104,2.2441335622508927
2025-01-13 18:55:00,18,55,0,0.6146073921485252,3.9173122395246978,3.255159052984673,2.1324076979455113
2025-01-13 19:00:00,19,0,0,0.3015473424744168,4.189940076855574,3.4012867114272844,2.1558244026476046
2025-01-13 19:05:00,19,5,0,0.0,4.054893667127313,3.4508771758126353,2.5721233641005967
2025-01-13 19:10:00,19,10,0,1.2425949583394458,3.7606969903698135,3.2521490136832467,2.6276225888255755
2025-01-13 19:15:00,19,15,0,0.1323876554889898,3.5139755248545286,3.0915926386256887,2.166346780481113
2025-01-13 19:20:00,19,20,0,0.6376953689995074,3.9268438509395986,3.466034810712569,2.7061123275665917
2025-01-13 19:25:00,19,25,0,0.0,3.9856828614212243,3.76021986244678,2.983717186647268
2025-01-13 19:30:00,19,30,0,0.2666796223527247,3.8232154100343307,3.387023337554747,2.4617496043965086
2025-01-13 19:35:00,19,35,0,0.41973425225920236,4.028616987405599,3.190197341294604,2.123870100402693
2025-01-13 19:40:00,19,40,0,0.609097355877128,4.101277349446579,3.5685716258982576,2.267238550166127
2025-01-13 19:45:00,19,45,0,0.5286841526891125,4.134137434145247,3.869713760005187,2.0612842804397826
2025-01-13 19:50:00,19,50,0,0.4360985000364889,3.5288162150135354,3.6459059617474088,2.198278228354891
2025-01-13 19:55:00,19,55,0,0.0,3.737142980438376,3.2538654599683747,2.6617336195756094
2025-01-13 20:00:00,20,0,0,0.0,3.939075470329053,3.2972358691676273,2.34526477974403
2025-01-13 20:05:00,20,5,0,0.16630375516209878,4.114434626207493,3.2563524909345296,3.0355089374840327
2025-01-13 20:10:00,20,10,0,0.46656403617053466,4.0978468027100075,3.314754106675997,2.515465665229829
2025-01-13 20:15:00,20,15,0,0.0,4.0943739895753355,3.439425919915678,2.5664251185172784
2025-01-13 20:20:00,20,20,0,0.5325859828571933,3.923316411606214,3.3155789159102196,2.439754829637505
2025-01-13 20:25:00,20,25,0,0.7263083727430897,3.934473312538008,3.6181856026981807,2.2410978585991024
2025-01-13 20:30:00,20,30,0,0.0,3.8543341463156517,3.8267964069884464,2.85564415571249
2025-01-13 20:35:00,20,35,0,0.0,4.15363882562117,3.681947787847622,2.520962915078945
2025-01-13 20:40:00,20,40,0,0.0,3.8159022424520845,2.6028195655386392,2.627287339796339
2025-01-13 20:45:00,20,45,0,0.1538063340945982,4.170007279037914,3.3826008784313406,2.426117676574738
2025-01-13 20:50:00,20,50,0,0.0,4.0415706476275295,2.930786800843155,2.6480765457622577
2025-01-13 20:55:00,20,55,0,0.6761013394335722,3.990991104308969,3.065425685951914,2.5355273637974185
2025-01-13 21:00:00,21,0,0,0.2120334307592256,3.868657920044707,3.7713972445729524,2.3592015456047344
2025-01-13 21:05:00,21,5,0,0.019723524120369745,3.7288916277671746,3.864815517568532,2.275902886537846
2025-01-13 21:10:00,21,10,0,0.0,3.870469448724391,3.6801299230193005,2.1085642745624416
2025-01-13 21:15:00,21,15,0,0.0,3.933998626275023,3.809339130404157,2.762797114773787
2025-01-13 21:20:00,21,20,0,0.14050462514090314,3.5261951376837497,3.640507376889119,2.3820147590158567
2025-01-13 21:25:00,21,25,0,0.0,3.960528968933067,3.0793998129715665,2.382807905434163
2025-01-13 21:30:00,21,30,0,0.5063187048220359,4.1848714736052015,3.833092152724437,2.5389885614707346
2025-01-13 21:35:00,21,35,0,0.0,4.113443581086774,3.034088921146265,2.1625817081740175
2025-01-13 21:40:00,21,40,0,1.6215464847973666,3.9007588248516987,3.875945420255684,2.6463738256383658
2025-01-13 21:45:00,21,45,0,1.1539581253080553,4.009387259683045,3.1297999637780216,1.9702505511476218
2025-01-13 21:50:00,21,50,0,0.0,3.8887670861156,3.31248735961998,1.9445923876030242
2025-01-13 21:55:00,21,55,0,0.0,4.029752146667139,3.4532496529978998,3.2354876115508913
2025-01-13 22:00:00,22,0,0,0.4977907570010149,4.308021564748806,2.6806087848601656,1.962794867358757
2025-01-13 22:05:00,22,5,0,0.8515863049590189,4.193699760524975,3.26238531506625,2.149817571660019
2025-01-13 22:10:00,22,10,0,0.0,4.104158861138551,2.9702518570401724,1.9707302659663606
2025-01-13 22:15:00,22,15,0,0.0,3.9014230175232565,2.768818043515084,1.9464688459988893
2025-01-13 22:20:00,22,20,0,0.0,4.1499876785889676,3.048688142848026,2.221022708654818
2025-01-13 22:25:00,22,25,0,0.2913687915869322,3.6626246097253894,2.875964875297049,1.9620329743873075
2025-01-13 22:30:00,22,30,0,0.24843679525379855,3.949529303601822,2.8101573038486634,2.045065035908101
2025-01-13 22:35:00,22,35,0,0.5348857274919251,4.11674228396479,3.1567558900617927,2.125929602685979
2025-01-13 22:40:00,22,40,0,0.0,4.14808424280955,2.765962584911529,2.0293726418912827
2025-01-13 22:45:00,22,45,0,0.0,4.133976898043148,2.864537494349962,2.2022100031305665
2025-01-13 22:50:00,22,50,0,0.4290070976510727,4.058966137841939,2.967737455445292,1.6960973323517832
2025-01-13 22:55:00,22,55,0,0.0,3.9608550041832236,2.9560394588784535,2.0916945138397764
2025-01-13 23:00:00,23,0,0,0.0,4.107595193965298,3.0488012126285597,1.8976407972696039
2025-01-13 23:05:00,23,5,0,0.07253187297969081,3.8094277918827397,2.882945322025771,1.8024991203567367
2025-01-13 23:10:00,23,10,0,0.39658784410933867,3.83106454734135,2.9210500759329387,1.8288642066948395
2025-01-13 23:15:00,23,15,0,0.0,4.01234693529206,3.194017197235463,1.8197725218536767
2025-01-13 23:20:00,23,20,0,0.0,4.034639528541749,3.02445689247244,2.0108607806652667
2025-01-13 23:25:00,23,25,0,0.0,3.634876964287071,3.1891334895769825,2.217873657791674
2025-01-13 23:30:00,23,30,0,0.0,4.091029276189904,3.139193988656266,2.070585668658026
2025-01-13 23:35:00,23,35,0,0.0,4.154545675583878,2.7902707707811882,1.7862259824523485
2025-01-13 23:40:00,23,40,0,0.0,3.984542952506741,2.8308618360470104,2.150384199925583
2025-01-13 23:45:00,23,45,0,0.26063995250690725,4.474893256656799,3.0146659856501272,2.1737314481471124
2025-01-13 23:50:00,23,50,0,0.16083927068825005,3.863412978736963,3.2005605468640166,1.8548096199401505
2025-01-13 23:55:00,23,55,0,0.08402990298341012,3.927782567322626,3.0064148655114376,1.997401264263282
2025-01-14 00:00:00,0,0,1,0.0,3.920986618774558,2.934442462075157,1.8930314290950576
2025-01-14 00:05:00,0,5,1,0.0,3.9847624777417967,3.2369511006822114,2.0103943453431
2025-01-14 00:10:00,0,10,1,0.0,3.934255037406742,3.0026289577119534,1.839444465026281
2025-01-14 00:15:00,0,15,1,0.08923833194269487,3.718637891079026,3.135042486082701,1.798978499832397
2025-01-14 00:20:00,0,20,1,0.7144288539067837,3.890690340752705,3.0909811057689365,2.0964458720110324
2025-01-14 00:25:00,0,25,1,0.0,3.9804758608451847,2.917496990135286,2.063530416236636
2025-01-14 00:30:00,0,30,1,0.0,4.245714416412399,3.0371339118088976,1.99212787503797
2025-01-14 00:35:00,0,35,1,0.16455338935506478,4.440448654674583,3.0025887960290465,2.012356364638704
2025-01-14 00:40:00,0,40,1,0.6264213172137418,4.267094779570131,3.0259823345344095,2.0120484062687414
2025-01-14 00:45:00,0,45,1,0.0,3.8449241940654786,2.7792271619575715,1.969557809798879
2025-01-14 00:50:00,0,50,1,0.0,3.860838077874767,3.0529897202393745,2.019457745707858
2025-01-14 00:55:00,0,55,1,0.0,3.96813428449813,3.1907500518790277,2.1240173178998907
2025-01-14 01:00:00,1,0,1,0.05171906465405319,4.356911777770717,2.825918092989373,1.966674578389121
2025-01-14 01:05:00,1,5,1,1.021038020071872,3.9669151895636214,2.9377326693105625,1.9991303026745633
2025-01-14 01:10:00,1,10,1,0.13867923098233795,3.7344985018925136,2.99940372003226,2.12230433384797
2025-01-14 01:15:00,1,15,1,0.0,3.899764572609393,3.035465672628229,2.24610900104171
2025-01-14 01:20:00,1,20,1,0.16104115538349273,4.151411200363883,3.0482006275324722,1.8338818959325447
2025-01-14 01:25:00,1,25,1,0.0,4.137988055379218,2.906543875966356,2.120757814146352
2025-01-14 01:30:00,1,30,1,0.0,3.9599566667016686,2.677166347098863,1.7308239170479909
2025-01-14 01:35:00,1,35,1,0.41163995783885265,4.136682934712006,3.002139441425046,2.190184423704233
2025-01-14 01:40:00,1,40,1,0.1128807615558772,3.5453655594906337,3.2614070863909754,1.9565788505956456
2025-01-14 01:45:00,1,45,1,0.008806625966828657,4.0207658470065395,3.212165737397177,2.0144535819537794
2025-01-14 01:50:00,1,50,1,0.0,4.172137084273726,2.693717003551354,1.998384692704326
2025-01-14 01:55:00,1,55,1,0.6517539659673796,3.8334273449690928,2.87621837507569,2.1836461760955483
2025-01-14 02:00:00,2,0,1,0.33235137266655496,3.8327322927007423,2.9948649479291025,1.7444173786887058
2025-01-14 02:05:00,2,5,1,0.0,3.626710369447305,2.700057037818288,1.9958040085171098
2025-01-14 02:10:00,2,10,1,0.5009124268409686,4.317979118962139,2.5159565057080586,1.8963669420344198
2025-01-14 02:15:00,2,15,1,0.0,3.8559692045956866,3.0462060651485685,1.7885966991889284
2025-01-14 02:20:00,2,20,1,0.0,4.048208655572422,3.198797431381066,2.2382013099501386
2025-01-14 02:25:00,2,25,1,0.0,4.120783408296675,2.7966598094496096,1.9403911651607026
2025-01-14 02:30:00,2,30,1,0.0,4.302413589828291,3.198938630264294,1.999738493148982
2025-01-14 02:35:00,2,35,1,0.23577119020910287,3.9692204452028728,2.7211042843801962,1.9713357862871295
2025-01-14 02:40:00,2,40,1,0.0,3.8921140412443163,2.8294143355408323,2.221639579285177
2025-01-14 02:45:00,2,45,1,0.0,4.034613529714111,3.1211864188649177,1.9372486109468743
2025-01-14 02:50:00,2,50,1,0.0,4.256816055308457,3.0284296025060082,1.7383756846055027
2025-01-14 02:55:00,2,55,1,0.0,3.9659654937198434,2.8492445082884776,2.3106558375384987
2025-01-14 03:00:00,3,0,1,0.0,3.809026183683185,3.0107029305159334,2.186017160958273
2025-01-14 03:05:00,3,5,1,0.0,3.6918484383369274,3.0464026176816055,2.262856368605905
2025-01-14 03:10:00,3,10,1,0.0,3.755740523078955,2.600232493480156,1.9623564831961988
2025-01-14 03:15:00,3,15,1,0.0,4.172878299481333,3.328956329243278,2.1912346871121287
2025-01-14 03:20:00,3,20,1,0.23218493177328708,3.9358751047386376,3.2650744517580383,1.9986470812687018
2025-01-14 03:25:00,3,25,1,0.0,3.8784958180158577,2.892578716917323,1.7945671080624144
2025-01-14 03:30:00,3,30,1,0.15817916076807237,3.8568065553632116,2.780614381667698,2.161412112441704
2025-01-14 03:35:00,3,35,1,0.0,4.017009172040036,3.1026422100841704,1.986685310133928
2025-01-14 03:40:00,3,40,1,0.09053137138554117,3.9521089812468833,3.1016381309703362,2.028490351810412
2025-01-14 03:45:00,3,45,1,0.6516390186580319,3.9453735712561495,3.1924435402798967,2.190537350981634
2025-01-14 03:50:00,3,50,1,0.29308290019639166,4.269864785562148,2.7868251799030315,2.054729197493958
2025-01-14 03:55:00,3,55,1,0.0,4.307603256372326,2.6662266499611835,2.0266041476181194
2025-01-14 04:00:00,4,0,1,0.12859948517796368,3.6779956654182007,3.1208608559403173,1.737256131041368
2025-01-14 04:05:00,4,5,1,0.0,4.065518546228591,2.9167074529078336,2.0019052754439604
2025-01-14 04:10:00,4,10,1,0.003940092347364076,3.8446275802757217,3.046782983274678,1.944279259355033
2025-01-14 04:15:00,4,15,1,0.0,3.9503497772277814,2.7655423695190655,1.9891985596161483
2025-01-14 04:20:00,4,20,1,0.0,4.0618556770253385,2.6695512866118043,1.953471712663571
2025-01-14 04:25:00,4,25,1,0.10604667653708762,3.957456016613816,2.911725277260614,1.9731468653121158
2025-01-14 04:30:00,4,30,1,0.0,4.046091976125527,2.8881356045048636,1.69846383236876
2025-01-14 04:35:00,4,35,1,0.0,4.134594041206383,2.9267313358820974,2.186164025007464
2025-01-14 04:40:00,4,40,1,0.0,4.058915360108064,3.252292160797761,2.4878668557438535
2025-01-14 04:45:00,4,45,1,0.0,3.870632739166475,3.338330081679533,1.760612414666379
2025-01-14 04:50:00,4,50,1,0.0,3.8741600786059354,2.918312479745468,1.9954428730324445
2025-01-14 04:55:00,4,55,1,0.07973125340206459,3.712058940676393,2.98288803315326,2.013906665979245
2025-01-14 05:00:00,5,0,1,0.0,3.8292159404958563,3.481518284309512,1.7835896908415205
2025-01-14 05:05:00,5,5,1,0.2568072321155481,4.392413672379706,2.8572937727571404,2.3287651860178187
2025-01-14 05:10:00,5,10,1,0.01735687437628093,3.8415992851809513,2.8768037313830295,2.0787161300671433
2025-01-14 05:15:00,5,15,1,0.0,3.761324237511236,3.2069314739736416,2.097299803346406
2025-01-14 05:20:00,5,20,1,0.3274877921108449,4.063985572368955,3.0383531266204984,2.1877221539387968
2025-01-14 05:25:00,5,25,1,0.40539932279585494,3.9779270481416282,2.821386288699006,1.9007273741007997
2025-01-14 05:30:00,5,30,1,0.0,3.960881352630155,3.1071275176930326,1.5861121481571498
2025-01-14 05:35:00,5,35,1,0.2100957714474958,4.281809193282418,3.2833167646689385,2.0606784750395564
2025-01-14 05:40:00,5,40,1,0.0,4.109825335111673,3.03060635055623,1.6738974244717886
2025-01-14 05:45:00,5,45,1,0.0488351883741677,3.894001413659305,2.7426781749200524,1.9202832671398276
2025-01-14 05:50:00,5,50,1,0.0,3.915104816481644,3.16148597005912,1.584676797560283
2025-01-14 05:55:00,5,55,1,0.0,3.899482697218863,3.1576729601554714,1.9279937351783267
2025-01-14 06:00:00,6,0,1,0.0,4.174947924316052,2.9553153054516694,2.050718588338161
2025-01-14 06:05:00,6,5,1,0.15628437720819235,3.9383704741093726,3.0538634475692823,1.8575142820126807
2025-01-14 06:10:00,6,10,1,0.2373540268460588,3.64136929950917,3.1249820176937684,1.5361203720207124
2025-01-14 06:15:00,6,15,1,0.06201601319015093,3.990336064253131,2.909916222686469,2.030736352635381
2025-01-14 06:20:00,6,20,1,0.6716078964110123,3.6925947997744144,2.931010136957105,1.6346179392068036
2025-01-14 06:25:00,6,25,1,1.2233161248100135,4.43684612035098,3.151605475752094,1.7503224375745896
2025-01-14 06:30:00,6,30,1,1.2828154071392472,3.806866417230554,2.9864971984943423,2.0306069194135246
2025-01-14 06:35:00,6,35,1,1.612484377198773,3.967627046928454,3.003965430753073,2.233802185172763
2025-01-14 06:40:00,6,40,1,1.4014241764421878,4.051640546940227,2.9893474880012625,2.085491080939388
2025-01-14 06:45:00,6,45,1,2.5367621775193623,3.942268367864154,2.9888191933697517,2.122591216833255
2025-01-14 06:50:00,6,50,1,1.5763094711036376,3.9419939197067615,3.2786990594095045,2.027508365894439
2025-01-14 06:55:00,6,55,1,2.620639071805091,4.084365457232176,3.1563700715166,2.2910657869764393
2025-01-14 07:00:00,7,0,1,3.1791359975051883,4.3052431917592555,3.9071552740922812,2.384413178916637
2025-01-14 07:05:00,7,5,1,3.0387441866843674,4.15350181636346,3.81092970672355,2.574631348014158
2025-01-14 07:10:00,7,10,1,2.905795881510317,4.295702775714709,3.835168999320174,2.670590375068885
2025-01-14 07:15:00,7,15,1,2.950246129700126,3.7906761783812994,3.5827004228108565,2.6301916241039063
2025-01-14 07:20:00,7,20,1,3.9382452587798147,4.063472526651072,3.5765713868116795,2.5882999135409532
2025-01-14 07:25:00,7,25,1,2.91289292020618,4.0310492104116555,3.4523502918254274,2.4244826978177447
2025-01-14 07:30:00,7,30,1,3.3417721934610762,4.070218258335347,4.028952478811801,2.6432583733333552
2025-01-14 07:35:00,7,35,1,3.8286880158415104,4.275246394127114,3.3280085233305803,2.416774770571107
2025-01-14 07:40:00,7,40,1,4.845009496162994,3.9558421700415893,3.816877536034385,2.279143986973414
2025-01-14 07:45:00,7,45,1,4.612770720210461,3.9188993266891825,3.055391695456697,2.077465257819387
2025-01-14 07:50:00,7,50,1,4.133463253095216,4.106796159483733,2.981307319938564,2.1103555425206624
2025-01-14 07:55:00,7,55,1,4.654733836501425,3.6443594544868305,3.145740218059757,2.9155712138824414
2025-01-14 08:00:00,8,0,1,4.692838427951852,3.9526295901755644,3.4861462362022193,2.391020938258985
2025-01-14 08:05:00,8,5,1,4.832838085488448,3.9731604621429093,3.066976081094428,2.457062080758598
2025-01-14 08:10:00,8,10,1,5.862440862746626,3.815928276738615,2.9788015812307425,2.3891748486140907
2025-01-14 08:15:00,8,15,1,4.869830765564269,4.211411802271315,4.119348316953102,2.6991410736119095
2025-01-14 08:20:00,8,20,1,6.540154791377649,3.7875519365313433,3.437060551893641,2.709437081621907
2025-01-14 08:25:00,8,25,1,6.327211328728134,3.9728253903272406,3.3435370465617296,2.2597966771362437
2025-01-14 08:30:00,8,30,1,6.633045125389055,4.058631445064593,4.011238888859853,2.157317603823918
2025-01-14 08:35:00,8,35,1,6.027764965827963,4.270690312295224,3.393763629296795,2.591809984709053
2025-01-14 08:40:00,8,40,1,6.3529057373258375,3.9978887130238294,3.2191297382727657,2.6951814860894228
2025-01-14 08:45:00,8,45,1,5.876882243738333,4.187230718825642,3.4080216426073244,2.699173098270057
2025-01-14 08:50:00,8,50,1,6.493570872623202,4.140119079455426,3.6757952539251555,2.427096360812251
2025-01-14 08:55:00,8,55,1,7.161957981644267,4.024691511233828,4.0131976017772955,2.3003992589699678
2025-01-14 09:00:00,9,0,1,7.719099342756174,3.782097318345309,3.9046611411646213,2.8524799727884123
2025-01-14 09:05:00,9,5,1,6.67006121219633,3.7130838278191303,4.031264662298132,2.5522168118029063
2025-01-14 09:10:00,9,10,1,7.190020399608607,4.021301080283838,3.263424286421603,3.123038975598864
2025-01-14 09:15:00,9,15,1,7.442748464673512,3.8914606252194774,3.3995895596070906,2.255937228188339
2025-01-14 09:20:00,9,20,1,6.962549830093538,4.183852218336258,3.443063976228556,2.2054927851528765
2025-01-14 09:25:00,9,25,1,8.094519451808017,4.149171303619715,3.657844647537004,2.3182994854724464
2025-01-14 09:30:00,9,30,1,7.571538237041047,3.9630778011125902,3.4137547490285383,2.7903336584994887
2025-01-14 09:35:00,9,35,1,7.966750867086316,3.768457415211746,3.6871079630528576,2.5046753717708974
2025-01-14 09:40:00,9,40,1,7.965545756933978,4.102147109921455,3.551262058624095,2.5036766291894623
2025-01-14 09:45:00,9,45,1,7.920026870165615,3.7964101107729697,3.3706534800747905,2.499242001745664
2025-01-14 09:50:00,9,50,1,8.430391965388582,3.848307215413827,3.647252487647883,2.462151361306348
2025-01-14 09:55:00,9,55,1,8.441313917445456,3.804116852356969,3.6259302890690823,2.248999366473086
2025-01-14 10:00:00,10,0,1,8.474325096705053,3.972299795612009,2.8792212697708592,1.853135899345205
2025-01-14 10:05:00,10,5,1,8.403036746234907,4.234038466814113,2.8869737256415187,2.2574362093412184
2025-01-14 10:10:00,10,10,1,9.029870667173693,3.998991825955294,3.145207758622072,1.784615376263131
2025-01-14 10:15:00,10,15,1,9.795536049573027,3.911356261514461,3.087499659281691,1.921883537470286
2025-01-14 10:20:00,10,20,1,9.133021486786062,3.694877013990951,2.863523082905687,1.7028521068554987
2025-01-14 10:25:00,10,25,1,9.651173898650034,4.110424916945969,3.194383738764049,1.7272273700665723
2025-01-14 10:30:00,10,30,1,8.543684362536137,3.8439190788142743,2.989607364398025,1.8107377508550262
2025-01-14 10:35:00,10,35,1,9.39895941247487,4.02350352383162,3.155168789413985,1.93312963473721
2025-01-14 10:40:00,10,40,1,8.84824204837355,3.9291562768166717,2.973107468895931,1.9798531474139935
2025-01-14 10:45:00,10,45,1,8.730838831185105,4.167635443919887,3.0605140669871567,2.0026009527966617
2025-01-14 10:50:00,10,50,1,9.167483803752752,3.9685527215942895,2.9913453622077766,1.8963196049490445
2025-01-14 10:55:00,10,55,1,10.196448211066073,3.9882147290953895,2.6850541253315816,1.776289808091629
2025-01-14 11:00:00,11,0,1,10.134266177225506,4.0971494294910915,3.1436959477361293,1.9388361073347404
2025-01-14 11:05:00,11,5,1,9.834923059159815,4.421388036452637,2.867198044455504,1.718854371116391
2025-01-14 11:10:00,11,10,1,8.996609791254368,4.177689386071711,2.6560705719819295,1.8593586239743602
2025-01-14 11:15:00,11,15,1,9.709712478338336,3.982278778730278,3.1776105708090516,1.8885859612755362
2025-01-14 11:20:00,11,20,1,9.99892753457295,4.000639598123057,3.0800971050482895,1.8793880341204083
2025-01-14 11:25:00,11,25,1,9.971383219466905,3.8950281079351132,3.1277733392057696,1.9296498396382662
2025-01-14 11:30:00,11,30,1,8.992551821997731,3.810000859296061,2.7536231508899007,1.9462093864201113
2025-01-14 11:35:00,11,35,1,9.49540445821326,3.8894498425867354,3.3668000836560816,2.3579768631101707
2025-01-14 11:40:00,11,40,1,9.929908098843097,3.8455702072576115,3.097306660555873,1.9725882369172596
2025-01-14 11:45:00,11,45,1,10.246734687144631,4.130673676759177,3.0607803604190167,2.0633704677466578
2025-01-14 11:50:00,11,50,1,8.892418305268604,3.7857610284262027,2.9920226495265796,2.0881888039845236
2025-01-14 11:55:00,11,55,1,9.916558283059162,4.266642112276009,3.041645372430713,1.9368055229271373
2025-01-14 12:00:00,12,0,1,10.071524384939476,4.150409276723766,2.7609486401232712,1.907988151555967
2025-01-14 12:05:00,12,5,1,10.422426265057197,4.004100345873534,3.1599037698147194,1.9937075551009271
2025-01-14 12:10:00,12,10,1,10.336911007937296,4.000063722293014,3.060057378317501,1.9433968944591176
2025-01-14 12:15:00,12,15,1,10.269874891790439,3.8885437380770895,2.788080498997875,1.9522740570256354
2025-01-14 12:20:00,12,20,1,9.561976727566488,4.054016882269552,2.79550881985013,1.7827421652792896
2025-01-14 12:25:00,12,25,1,8.986562313661542,4.2176184926417175,3.241127321773882,1.9159827990131566
2025-01-14 12:30:00,12,30,1,9.717922235207405,3.859368707548837,2.8517030549079934,2.323591936876181
2025-01-14 12:35:00,12,35,1,10.384431017281885,3.693321582216254,3.162997007080848,1.9256981548996324
2025-01-14 12:40:00,12,40,1,10.544804793884296,4.140643650971349,3.0855272651104735,1.9528423363478595
2025-01-14 12:45:00,12,45,1,10.163127355181198,4.06487319484876,2.86146406414408,2.094938244897001
2025-01-14 12:50:00,12,50,1,9.977630482600201,3.775960239711764,2.935139622935959,2.015099601799881
2025-01-14 12:55:00,12,55,1,9.903240522325596,3.8533217258171764,3.204272646979934,2.1822426207590753
2025-01-14 13:00:00,13,0,1,9.381198889510292,3.828179145189972,2.8899813416287845,2.0972063204574174
2025-01-14 13:05:00,13,5,1,9.535468397082477,3.8550935461931504,2.774428750770849,2.090082832263141
2025-01-14 13:10:00,13,10,1,10.371704270395435,3.9352634491917624,3.0296990611602213,2.0757958724726864
2025-01-14 13:15:00,13,15,1,8.998022292055118,3.9466905391438507,2.9405110490711537,2.416814254730498
2025-01-14 13:20:00,13,20,1,10.204315603214011,3.869841268986308,2.8197400584759373,2.1943103421936923
2025-01-14 13:25:00,13,25,1,9.159064615581956,3.8483672361000143,2.793660336046334,2.100868834925864
2025-01-14 13:30:00,13,30,1,9.901511379660407,3.9542431312161237,3.1151579954503568,2.0109951743124572
2025-01-14 13:35:00,13,35,1,8.449707286445701,4.033538306971912,2.900935117891259,2.0282269781490596
2025-01-14 13:40:00,13,40,1,9.356029970948825,3.936740692727031,3.053402066686035,2.3579872972612566
2025-01-14 13:45:00,13,45,1,8.600342347353072,4.23173340466826,2.8255319429399406,1.8888173007371996
2025-01-14 13:50:00,13,50,1,8.162474735820124,4.101617542884157,3.056947111413867,1.9487892419209496
2025-01-14 13:55:00,13,55,1,8.87653457828055,3.681830828628261,2.97999179245388,2.214070367072752
2025-01-14 14:00:00,14,0,1,9.164989932142372,4.104745553082771,2.4359466993141528,1.8804101309964378
2025-01-14 14:05:00,14,5,1,8.126647987432715,4.121108796517117,2.65152615474975,1.760836712619186
2025-01-14 14:10:00,14,10,1,7.684406477899659,3.913053006375162,3.480924898414494,2.1196336267905513
2025-01-14 14:15:00,14,15,1,8.268773740857975,3.7009604825393687,3.1903129850116207,1.9838940700427137
2025-01-14 14:20:00,14,20,1,8.147802778501326,4.001613351882227,3.151742764966382,1.64668709849595
2025-01-14 14:25:00,14,25,1,8.338605856452077,3.9984582697035513,3.20765968235392,1.83603117628802
2025-01-14 14:30:00,14,30,1,8.408330688594596,3.775670752693361,2.8937368361348175,2.1010302140909305
2025-01-14 14:35:00,14,35,1,7.7691372402925705,3.709756156748013,3.0632893517164432,2.0169240096787098
2025-01-14 14:40:00,14,40,1,8.588196088586912,3.982489290709312,2.7273807692839362,2.0199627337643284
2025-01-14 14:45:00,14,45,1,7.6305154470574195,3.9533845615898358,3.192112270696646,1.8935025807800412
2025-01-14 14:50:00,14,50,1,7.199560115097791,3.916546926935521,3.2629874090680593,1.825461612817198
2025-01-14 14:55:00,14,55,1,6.417855941046145,3.983317853050688,3.0013095783436747,2.3070655466753225
2025-01-14 15:00:00,15,0,1,6.939738051707391,3.779444725235936,2.863720017460078,2.2107970966754147
2025-01-14 15:05:00,15,5,1,6.746937085117122,3.9130358774267773,3.394930472444362,2.03420881378483
2025-01-14 15:10:00,15,10,1,7.2360544742973385,4.10666500612287,2.8945966025233387,1.8454522394099953
2025-01-14 15:15:00,15,15,1,6.824699963034116,3.930005983929742,3.2609205406694652,2.25533883986793
2025-01-14 15:20:00,15,20,1,5.838191536049086,3.66560550564149,3.289861824573735,1.9934323298688106
2025-01-14 15:25:00,15,25,1,6.3453619150461105,3.9054615444552856,3.207561388305421,1.990232121774786
2025-01-14 15:30:00,15,30,1,6.423379875951736,3.785968307298628,2.8233889756783284,2.224835357022471
2025-01-14 15:35:00,15,35,1,6.677112163329738,4.053427259292346,3.326774055655641,1.795879605443736
2025-01-14 15:40:00,15,40,1,6.179516347217493,4.063767480676085,2.792113807419866,2.007996386846025
2025-01-14 15:45:00,15,45,1,5.936125657351761,3.668245074982794,3.1912257211482,1.7732361612492094
2025-01-14 15:50:00,15,50,1,5.4030390807758195,4.151802594116438,3.0454031473911813,1.8819146091880496
2025-01-14 15:55:00,15,55,1,5.381888584316942,3.777562739744288,3.1401658199650004,1.840422635700822
2025-01-14 16:00:00,16,0,1,5.624752450353078,4.3118364580964705,3.1543606000548357,1.9683570378364583
2025-01-14 16:05:00,16,5,1,4.143498990454056,3.9902447470998768,2.8125718952637913,2.0127379910853778
2025-01-14 16:10:00,16,10,1,4.442766468741861,3.7507213002921675,2.6124053371023295,1.888181085579012
2025-01-14 16:15:00,16,15,1,4.036602527811893,3.7716027858614636,3.067480214064932,1.645649044193621
2025-01-14 16:20:00,16,20,1,4.415759176770061,4.069619058357469,2.4857726293789177,1.5321265360373666
2025-01-14 16:25:00,16,25,1,4.642577986412763,3.9217400220203245,3.265425711100074,1.9846481974474541
2025-01-14 16:30:00,16,30,1,3.528347180290362,3.980669218076372,2.8935069211985627,2.1890309471333658
2025-01-14 16:35:00,16,35,1,2.429228199102303,4.3225560465394075,2.919110063506178,2.0536923799733464
2025-01-14 16:40:00,16,40,1,3.2140910607444497,3.860151187154185,3.0051510701846524,1.9058001158494045
2025-01-14 16:45:00,16,45,1,3.671131519040321,4.011992571539142,3.058829176777821,2.154652244284029
2025-01-14 16:50:00,16,50,1,3.275872946517673,4.283968897474611,2.9630186765966022,1.907888885369077
2025-01-14 16:55:00,16,55,1,3.0123832642152064,4.05410269509328,2.9314975184001093,1.5404174934428536
2025-01-14 17:00:00,17,0,1,2.4481938000879704,3.6786794529283986,3.0566119093017825,1.7581777422022897
2025-01-14 17:05:00,17,5,1,1.7373435551518406,4.101077802346428,3.125943744823785,1.9819151798649413
2025-01-14 17:10:00,17,10,1,2.4220433001932613,3.767399428443311,3.021024219306088,2.1400658341212404
2025-01-14 17:15:00,17,15,1,1.5337623151439739,4.2813615057465935,2.814695246731813,2.0738496886701916
2025-01-14 17:20:00,17,20,1,2.828530143359535,3.8354264790004042,3.053524210512533,1.9630438334714413
2025-01-14 17:25:00,17,25,1,1.8064874660764243,4.593901901549133,2.8143627598472922,2.119047672811033
2025-01-14 17:30:00,17,30,1,1.0149377709235403,4.293475197665535,3.140690908883863,2.0227204051955767
2025-01-14 17:35:00,17,35,1,0.7829761248253362,3.840677486074404,2.785939516857071,1.8945101934149091
2025-01-14 17:40:00,17,40,1,0.8250853241697877,4.004002761000322,2.9879334555159867,2.1376989099964185
2025-01-14 17:45:00,17,45,1,0.5342803312905563,4.150728856326693,2.6833021197773768,1.8872393071391247
2025-01-14 17:50:00,17,50,1,0.9946107614183423,4.156732094845341,2.9194654880115594,1.9833556841193942
2025-01-14 17:55:00,17,55,1,0.3113569352176309,4.088467251995239,2.739734943195031,1.9564934443253335
2025-01-14 18:00:00,18,0,1,0.0,4.250431807393222,3.4068549307062233,2.188722438553103
2025-01-14 18:05:00,18,5,1,0.9452203425778913,3.975406210673126,3.4646097247493945,2.3376492709643495
2025-01-14 18:10:00,18,10,1,0.024654165760111316,3.9266564662847934,3.6486758427529122,2.2344017316986986
2025-01-14 18:15:00,18,15,1,0.3844198379844484,3.930627202415078,3.5269502366385366,2.2574833488312196
2025-01-14 18:20:00,18,20,1,0.0,4.171674646394425,3.320073728552356,2.5891874883116217
2025-01-14 18:25:00,18,25,1,0.1815578138722617,4.073036208060529,3.5704153198526467,2.374893345226492
2025-01-14 18:30:00,18,30,1,0.1555549955715976,4.058256733138052,3.4191768145001995,2.0639180664671426
2025-01-14 18:35:00,18,35,1,0.0,4.159046849851436,3.92082929317421,2.7062369193634086
2025-01-14 18:40:00,18,40,1,1.00763755523032,3.589789518429229,3.695434415261332,2.0214903349131355
2025-01-14 18:45:00,18,45,1,0.6453222304612736,4.06201376477503,3.321353002253214,2.399636191322913
2025-01-14 18:50:00,18,50,1,0.0,4.043713777774743,2.920681552389796,2.766985028822826
2025-01-14 18:55:00,18,55,1,0.0,4.333761616260141,3.936165346564441,3.118580486801084
2025-01-14 19:00:00,19,0,1,0.173780806901776,3.6942824035472666,3.186234851744679,2.535197049050282
2025-01-14 19:05:00,19,5,1,0.04334884970719829,4.311437326475351,3.8968454807451263,2.423914456315914
2025-01-14 19:10:00,19,10,1,0.1778344742816147,4.015081825784933,3.3299036258471966,1.940194697936653
2025-01-14 19:15:00,19,15,1,0.09578869809704481,4.097797906132009,3.839786737331525,2.4942217731779905
2025-01-14 19:20:00,19,20,1,0.25312049465296305,4.335183757521875,3.2811974423110812,2.585157186948658
2025-01-14 19:25:00,19,25,1,0.7236528496959033,4.112152253601114,3.5459016119535995,2.5504777307063775
2025-01-14 19:30:00,19,30,1,0.28405160256432305,4.0800736578925125,3.4348705813019973,2.9867074476290094
2025-01-14 19:35:00,19,35,1,0.0,4.048458237160464,3.459902080021273,2.9857966228969914
2025-01-14 19:40:00,19,40,1,0.681281426356226,3.9033043730011245,3.6692350779200593,2.6053510428285196
2025-01-14 19:45:00,19,45,1,0.8203072817441437,3.9943021750979213,3.4660175740165533,2.792187008063776
2025-01-14 19:50:00,19,50,1,1.5760283672560425,3.8568974467754504,3.5338975302733986,2.2203606354659406
2025-01-14 19:55:00,19,55,1,0.0,3.9910866201149036,3.210352342700589,2.6267453865802817
2025-01-14 20:00:00,20,0,1,0.1214410065751375,3.5328138605889805,3.2277863344500513,2.48133068290825
2025-01-14 20:05:00,20,5,1,0.0,4.08580791351351,3.8171553615653275,2.5911910533683002
2025-01-14 20:10:00,20,10,1,0.27657457818960457,3.975652549243275,3.283359538901376,2.922996253484842
2025-01-14 20:15:00,20,15,1,0.0,3.932759252666647,3.6643625710984105,2.8053378961612268
2025-01-14 20:20:00,20,20,1,0.9617228974124766,4.0439516167880285,2.8197324970372093,2.599255863478824
2025-01-14 20:25:00,20,25,1,0.0,3.713287215406912,3.7526473509139677,3.0100865926893974
2025-01-14 20:30:00,20,30,1,0.0,4.385853999324256,3.0608544247546874,2.8618343767583596
2025-01-14 20:35:00,20,35,1,0.0,3.97944650770248,3.9933140857103733,1.8948133068163062
2025-01-14 20:40:00,20,40,1,0.0,3.9708311134055623,3.643577332960923,2.6852862443022105
2025-01-14 20:45:00,20,45,1,0.37554972725365504,3.8069207579734154,3.4018977012044282,2.352971661980113
2025-01-14 20:50:00,20,50,1,0.0,4.004789276489852,3.700356173986347,2.3155054739768106
2025-01-14 20:55:00,20,55,1,0.01422879059157944,4.277391978054656,3.434825201474571,2.7437304702471765
2025-01-14 21:00:00,21,0,1,0.0,4.207183241886407,4.026212915098059,2.6613952817626054
2025-01-14 21:05:00,21,5,1,0.0,4.1708875502281115,3.5400453486243535,2.345080754601769
2025-01-14 21:10:00,21,10,1,0.821689077902267,4.109279790333455,3.196819987804683,2.832873472450285
2025-01-14 21:15:00,21,15,1,0.18032394571789748,3.9282914944874783,3.4539650446619348,2.8452109824000185
2025-01-14 21:20:00,21,20,1,0.0,3.7099673665926596,3.4011344366013616,2.3052134015916965
2025-01-14 21:25:00,21,25,1,0.0,3.959792245626673,3.626239666648255,2.47703921821948
2025-01-14 21:30:00,21,30,1,0.009008436022223293,3.9528257070932646,3.1383414186167786,3.045210498934554
2025-01-14 21:35:00,21,35,1,0.23631517292170282,4.209758887934248,3.311904867868509,2.778277456352264
2025-01-14 21:40:00,21,40,1,0.0,4.061878088491964,3.7525569888189443,2.122161170525693
2025-01-14 21:45:00,21,45,1,0.29628363692366533,4.32246230558071,3.199283706615055,2.4095471980899617
2025-01-14 21:50:00,21,50,1,0.0,4.239497708007635,3.240306036626505,3.0179369115636066
2025-01-14 21:55:00,21,55,1,0.0,3.908700878099181,3.4399473089604466,2.7669247128442205
2025-01-14 22:00:00,22,0,1,0.0,3.640974160676026,3.1027274778000407,2.0528044897992705
2025-01-14 22:05:00,22,5,1,0.31666341303561923,4.277115046788296,3.008064242147918,2.2474261415577392
2025-01-14 22:10:00,22,10,1,0.01131542633843457,4.271877044646149,2.8349814053329965,2.345267062091317
2025-01-14 22:15:00,22,15,1,0.0,3.7267576818195547,2.742555363899181,2.1563023451244847
2025-01-14 22:20:00,22,20,1,0.0,4.3018480039655005,2.7189672280120436,1.936858889554608
2025-01-14 22:25:00,22,25,1,0.09934000477370344,4.076423434118504,3.018661987612193,1.9026609302340973
2025-01-14 22:30:00,22,30,1,0.0,4.032137099625131,2.9636660860766217,1.7226059104138414
2025-01-14 22:35:00,22,35,1,0.0,4.3229566508494655,2.8025099062552896,2.0996529414391767
2025-01-14 22:40:00,22,40,1,0.0,4.268937034646123,3.005934364995489,1.8618943948356985
2025-01-14 22:45:00,22,45,1,0.3480839985796445,4.130266190399041,3.264855552625934,1.7560138200019568
2025-01-14 22:50:00,22,50,1,0.0,4.094643413162396,2.9276819068271873,1.8988687443643057
2025-01-14 22:55:00,22,55,1,0.0,4.1232788581060715,3.1230075255522087,2.009632738227439
2025-01-14 23:00:00,23,0,1,1.0849682940402714,3.919988513223495,2.9783669506930806,1.6311566592265523
2025-01-14 23:05:00,23,5,1,0.0,3.988979710053536,3.1730068961264184,1.9564348370336526
2025-01-14 23:10:00,23,10,1,0.0,3.8195365690810914,3.023132203522084,1.8502873559812245
2025-01-14 23:15:00,23,15,1,0.39179483239930335,3.933392044852216,2.8188342474365853,2.2998575516951374
2025-01-14 23:20:00,23,20,1,0.0,3.9266732242662132,2.6453522843475175,1.7891601944434457
2025-01-14 23:25:00,23,25,1,0.0,3.8729389260756673,3.296098430533816,2.1281492761997307
2025-01-14 23:30:00,23,30,1,0.0,4.027349300529693,2.934907493651516,2.2493192628577305
2025-01-14 23:35:00,23,35,1,0.0,3.9352038298598844,3.0893720232792017,2.046532018394884
2025-01-14 23:40:00,23,40,1,0.7992690560481707,4.100446944070395,3.0451124034204837,2.093047643442899
2025-01-14 23:45:00,23,45,1,0.40106422930905966,3.6755358773412468,3.1011385002594904,2.4391946105791913
2025-01-14 23:50:00,23,50,1,0.43111175594348855,3.9773290411785402,2.9610214376654658,1.9671905623703592
2025-01-14 23:55:00,23,55,1,0.0,4.026310328035499,2.7526213624858573,1.9896205226357964
2025-01-15 00:00:00,0,0,2,0.0,3.9378741520326237,3.3725773799089636,2.1968970004869313
2025-01-15 00:05:00,0,5,2,0.0,3.9655214600381536,2.8912664512249346,2.006008272904257
2025-01-15 00:10:00,0,10,2,0.0,3.6829507978540286,2.740712324883001,1.8061761311403388
2025-01-15 00:15:00,0,15,2,0.4783515931928292,4.0712954209338985,3.0298882305227437,1.9011090794359093
2025-01-15 00:20:00,0,20,2,0.25847325787418546,4.129521196513414,2.7910800421243165,2.0979681529475784
2025-01-15 00:25:00,0,25,2,0.0,4.098707458840753,2.9835499826693352,1.686489925661792
2025-01-15 00:30:00,0,30,2,0.0,4.207745411888436,2.584970606766442,1.8859977002851491
2025-01-15 00:35:00,0,35,2,0.0,4.0403059211565004,2.6823469713116945,1.6262177187058693
2025-01-15 00:40:00,0,40,2,0.10237944120089208,4.095736236130187,3.225793840280417,1.9804578220269415
2025-01-15 00:45:00,0,45,2,0.3829391397403074,4.03121814769137,2.9469107243548995,1.96231883676985
2025-01-15 00:50:00,0,50,2,0.0,4.137510143918499,2.772433569841406,2.0821952330028335
2025-01-15 00:55:00,0,55,2,0.14982384391867407,3.6845540727735755,2.973859934653492,1.8485182688041175
2025-01-15 01:00:00,1,0,2,0.46621743547733363,3.8212838064043977,2.878474263095,1.754508257357541
2025-01-15 01:05:00,1,5,2,0.0,4.317379931406618,2.918751425419633,1.9520744238434973
2025-01-15 01:10:00,1,10,2,0.3503503060602918,3.507912835580759,2.9135433341740073,2.011030911468317
2025-01-15 01:15:00,1,15,2,1.4073272222362765,3.971964414034931,2.9842976590476487,2.0461537077329215
2025-01-15 01:20:00,1,20,2,0.0,4.234454991921614,3.188619407384319,2.1186046954426163
2025-01-15 01:25:00,1,25,2,0.1966535250026618,3.981347866891647,3.190917968102067,1.8304531540347542
2025-01-15 01:30:00,1,30,2,0.0,3.9189977857098603,2.8982770211822686,2.1307193367891935
2025-01-15 01:35:00,1,35,2,0.0906255813010252,4.0258843353630605,3.134295534286417,1.8642758764926237
2025-01-15 01:40:00,1,40,2,0.23013581249115192,3.9293759639995107,3.1223167851563485,1.8112935766708116
2025-01-15 01:45:00,1,45,2,0.09742117013506903,4.006169898551388,3.096211144828359,1.9947407598268718
2025-01-15 01:50:00,1,50,2,0.0,3.863323792695974,2.723112879218733,1.9131852356481187
2025-01-15 01:55:00,1,55,2,0.10318088566272535,4.221734883991145,3.4364535619390986,2.040556072560999
2025-01-15 02:00:00,2,0,2,0.7310979693588184,4.284652984213132,3.460089995343652,1.7112146940249926
2025-01-15 02:05:00,2,5,2,0.22431788225726365,3.9733219355776757,3.1501483585327685,1.4931327616385768
2025-01-15 02:10:00,2,10,2,0.4809935945359205,3.7227021158617513,2.9999529030170433,2.126243475530264
2025-01-15 02:15:00,2,15,2,0.0,3.8952313659373208,3.1675780189992553,1.8401460550839173
2025-01-15 02:20:00,2,20,2,0.37495011971185527,3.963202267979407,3.207818084395347,1.893257047991061
2025-01-15 02:25:00,2,25,2,0.13963391910826298,4.101107775380641,2.9671805497775208,1.9133355561286733
2025-01-15 02:30:00,2,30,2,0.0,3.7983973553658643,2.7727221298535336,2.313943917484172
2025-01-15 02:35:00,2,35,2,0.15926050239943723,3.8461675362715697,3.0096035634316154,2.2174636757317256
2025-01-15 02:40:00,2,40,2,0.0,4.102135227571761,3.20894224835292,1.8064119571454034
2025-01-15 02:45:00,2,45,2,0.0,4.1877817664079116,3.2432254495343202,2.1006828487098645
2025-01-15 02:50:00,2,50,2,0.09466415364618706,3.8756811909658633,2.791819627105422,2.089770166268301
2025-01-15 02:55:00,2,55,2,0.14862213669006202,3.7333565892098006,2.7954064230263866,2.321291673595728
2025-01-15 03:00:00,3,0,2,0.0,4.656823640257577,3.162757348984419,1.9857702875617929
2025-01-15 03:05:00,3,5,2,0.5269928855914381,4.156660847417743,3.2529607236434366,1.6836024710592925
2025-01-15 03:10:00,3,10,2,0.28600313915023645,3.946599247646594,2.850131739975992,1.9495160556519258
2025-01-15 03:15:00,3,15,2,0.0,4.173806255106168,3.4471369362851036,1.7859034198253187
2025-01-15 03:20:00,3,20,2,0.0,3.9751086740571155,2.6585388116518653,1.7111228971003458
2025-01-15 03:25:00,3,25,2,0.0,4.173431377820037,3.1812431738411204,1.8811615458922286
2025-01-15 03:30:00,3,30,2,0.0,4.031878639555244,2.9681826671262774,2.152566528334897
2025-01-15 03:35:00,3,35,2,0.056570228526511404,4.018254379633515,2.968383074408418,2.040829320901611
2025-01-15 03:40:00,3,40,2,0.0,3.9772836263538425,3.107043029521939,1.913864721607957
2025-01-15 03:45:00,3,45,2,0.0,3.710523733307382,2.9667365880140633,2.0483910804642025
2025-01-15 03:50:00,3,50,2,0.0,4.387618979878628,3.173635854610644,1.8415261471638702
2025-01-15 03:55:00,3,55,2,0.0,3.8116932159464514,2.395884815634044,2.1359166298771295
2025-01-15 04:00:00,4,0,2,0.31683051238702936,3.727995284737881,3.185543183750017,2.0400068324260343
2025-01-15 04:05:00,4,5,2,0.0,3.9574280234487267,3.053658643791307,1.887138021171966
2025-01-15 04:10:00,4,10,2,0.8393373366862831,3.807705637297899,3.1000366843069846,2.1706333639368376
2025-01-15 04:15:00,4,15,2,0.0,3.9896574418879456,3.0112992682836968,2.4982496660014535
2025-01-15 04:20:00,4,20,2,0.6555837489013122,4.137552769712354,2.687251782465724,2.0325923341712695
2025-01-15 04:25:00,4,25,2,0.0,4.1990605801058445,2.765129407536537,2.175969184791378
2025-01-15 04:30:00,4,30,2,0.4297924361717781,4.162946144324336,2.683704914391564,1.7332156914564603
2025-01-15 04:35:00,4,35,2,0.03990074202936655,3.938873589042864,2.873362611890159,2.05316643397108
2025-01-15 04:40:00,4,40,2,0.5697777680127346,4.009918365532317,2.8809057222676766,1.8829117474801813
2025-01-15 04:45:00,4,45,2,0.0,4.0815758101794986,2.963821909014783,1.9515519681876987
2025-01-15 04:50:00,4,50,2,0.0,3.6484425152115856,3.297489877663705,2.1371822239337934
2025-01-15 04:55:00,4,55,2,0.7102521436355316,4.114116940023972,2.9350846520430713,2.4194023822427226
2025-01-15 05:00:00,5,0,2,0.0,3.708540142483234,3.0983322349712017,1.8062075889372902
2025-01-15 05:05:00,5,5,2,0.1107792368121053,4.408069319781298,3.0513027479983688,2.107102508973063
2025-01-15 05:10:00,5,10,2,0.6173759570223976,3.919096983071661,2.8624750561877303,1.7894982178387921
2025-01-15 05:15:00,5,15,2,0.0,3.9630249645610816,3.0172918180084882,1.927955645738793
2025-01-15 05:20:00,5,20,2,0.29774544881962867,3.846058580152429,3.2958255776910885,2.148231164816983
2025-01-15 05:25:00,5,25,2,0.0,3.874005993628862,2.871844945182684,2.085187622189718
2025-01-15 05:30:00,5,30,2,0.0,4.454818713828648,3.253425628544948,1.72123911082007
2025-01-15 05:35:00,5,35,2,0.036139482692144446,4.18807393772466,2.7954443518024497,1.9977662765440938
2025-01-15 05:40:00,5,40,2,0.0,3.690159510970432,3.007120393581007,1.989560498907428
2025-01-15 05:45:00,5,45,2,0.0,4.300842580137046,2.9378445642424644,1.934787935509596
2025-01-15 05:50:00,5,50,2,0.6755364462065696,4.238648455028287,3.076851627364326,2.2267885107278347
2025-01-15 05:55:00,5,55,2,0.4430955942923978,3.943757507542342,2.9038094540623147,2.487679869034131
2025-01-15 06:00:00,6,0,2,0.0,4.061339388405967,3.392138287148063,2.2658511259160163
2025-01-15 06:05:00,6,5,2,0.339710579602057,3.997011184115785,3.124496666912312,2.401597621294031
2025-01-15 06:10:00,6,10,2,0.28907262083513197,4.394515980889387,2.9419769270001184,1.8334791176019531
2025-01-15 06:15:00,6,15,2,1.3323229852154217,3.840741962201582,2.894805588119203,1.7994114393819838
2025-01-15 06:20:00,6,20,2,0.7713811385794989,4.029202121955145,3.024360264462674,2.0599660928255488
2025-01-15 06:25:00,6,25,2,1.2045897945870705,3.914370933801439,3.040167967736221,1.99751372956364
2025-01-15 06:30:00,6,30,2,1.8782769942715483,3.7133919190764293,3.026630905634323,2.347264761769978
2025-01-15 06:35:00,6,35,2,1.1325481194762128,4.438327651010997,3.124010373527817,2.1845017593209644
2025-01-15 06:40:00,6,40,2,2.515876368917751,3.7636866841795173,3.0381579873373576,1.6768822603063844
2025-01-15 06:45:00,6,45,2,1.185672515289594,4.044025837497555,2.637223505906098,2.4165619980417032
2025-01-15 06:50:00,6,50,2,2.9792172049374273,3.6518598787239327,2.8936355449537556,1.8766497311696135
2025-01-15 06:55:00,6,55,2,2.190521131285744,3.9201858921513812,3.04913264827545,2.1100805956659854
2025-01-15 07:00:00,7,0,2,2.4668410771125666,4.084393764286691,3.703058641200324,3.032325559864001
2025-01-15 07:05:00,7,5,2,1.8532850547184485,3.8350532040995273,3.9502209147973826,2.2567200326083534
2025-01-15 07:10:00,7,10,2,2.779660636353886,4.117360370147131,3.790620372026537,2.3847727245367603
2025-01-15 07:15:00,7,15,2,2.6944913875181737,3.9461917816223835,3.458747376670767,2.1718032382145913
2025-01-15 07:20:00,7,20,2,3.11637826056995,4.2320165024797225,2.992078143850577,2.490531486210313
2025-01-15 07:25:00,7,25,2,3.555724899942577,4.272352182668045,3.213205425166626,2.778344103571611
2025-01-15 07:30:00,7,30,2,4.30573013088735,3.8826510478539977,3.4156765269439635,2.592577065684962
2025-01-15 07:35:00,7,35,2,4.1312685742876845,4.015346571878592,3.9102577261746294,2.0544114454653677
2025-01-15 07:40:00,7,40,2,4.380020944107552,4.036690845294446,3.282614783435094,2.554265087369755
2025-01-15 07:45:00,7,45,2,3.8751272077672323,4.123869859086939,3.593757444746978,2.8310492503816977
2025-01-15 07:50:00,7,50,2,4.177109087548973,4.002876399248853,3.7601459387121796,2.5290800877192217
2025-01-15 07:55:00,7,55,2,5.709250198369533,4.038042191868568,3.5910214011791766,2.599322767297147
2025-01-15 08:00:00,8,0,2,4.632399482618376,3.951318705040976,3.0590862905978735,2.4530873567935116
2025-01-15 08:05:00,8,5,2,6.015836707633864,4.023047973394403,3.5745419653991277,2.637565257635532
2025-01-15 08:10:00,8,10,2,5.251465484027803,4.259588038707027,3.222690967980752,2.119360626241333
2025-01-15 08:15:00,8,15,2,5.556846298267774,4.1292166482423704,3.4296402222445757,3.090209833327448
2025-01-15 08:20:00,8,20,2,6.270946943625427,4.140251127888674,3.2542257461813993,2.852178474206443
2025-01-15 08:25:00,8,25,2,6.54904269460515,4.144614064827116,3.975421892913536,2.513639957869958
2025-01-15 08:30:00,8,30,2,6.032208009947662,3.969238244423793,3.296045619603965,2.653845869097468
2025-01-15 08:35:00,8,35,2,6.065113195079823,4.063765408715906,3.5584970876298487,2.2422688059429077
2025-01-15 08:40:00,8,40,2,6.399915872604286,3.782965264332851,3.302359152088467,2.6360739556435995
2025-01-15 08:45:00,8,45,2,6.762436915116748,4.253761531263391,3.780032122450564,2.4031629396053837
2025-01-15 08:50:00,8,50,2,7.201553919591481,3.443407913531356,3.479259930533584,2.700591571153324
2025-01-15 08:55:00,8,55,2,6.917245487319767,3.982570321532915,3.4482539347478194,2.410201908011235
2025-01-15 09:00:00,9,0,2,7.380510960877053,4.228179195430055,3.273397754081832,2.2681946129877906
2025-01-15 09:05:00,9,5,2,8.042819486733027,3.7272264132741317,4.300664827466977,2.4411395019762754
2025-01-15 09:10:00,9,10,2,7.563428174233632,4.07995598352337,3.909517496453667,3.0051980012557213
2025-01-15 09:15:00,9,15,2,7.674224502792162,3.8638467106841947,3.4449253131520523,2.6105289425304306
2025-01-15 09:20:00,9,20,2,6.900989018644747,3.9262393469622263,3.53074354460991,2.016345294802397
2025-01-15 09:25:00,9,25,2,6.483479762514285,4.1891881921278875,3.034408096325551,2.514654540071282
2025-01-15 09:30:00,9,30,2,8.127721267527436,4.03961138517703,3.372525938417421,3.067474101518077
2025-01-15 09:35:00,9,35,2,8.017033927034392,3.5931288264231274,3.4290281183916145,3.0852786991204373
2025-01-15 09:40:00,9,40,2,7.934129105432547,3.8047148920536804,3.3570825811593368,3.07366012618268
2025-01-15 09:45:00,9,45,2,8.436461225118626,4.195067146977752,3.651927349084204,2.6689875687313593
2025-01-15 09:50:00,9,50,2,8.403712593530404,4.0897885436385994,3.3464708129799052,2.673075154121107
2025-01-15 09:55:00,9,55,2,9.113008832046415,4.349627114504857,4.007814029924376,2.4565517517819586
2025-01-15 10:00:00,10,0,2,8.703309471973874,4.336529518802659,2.9321206369266766,1.9506474922279824
2025-01-15 10:05:00,10,5,2,8.393805914539994,3.9315509739706416,3.3240223210012876,2.1710702414002174
2025-01-15 10:10:00,10,10,2,9.365191451261861,4.500647561013897,3.2895359980942236,2.062724542096854
2025-01-15 10:15:00,10,15,2,8.860161877853782,4.004895933970382,3.0078638713555663,2.0847888078141263
2025-01-15 10:20:00,10,20,2,9.326346212202653,3.807466293118195,3.214031706882508,1.950576351482427
2025-01-15 10:25:00,10,25,2,8.91440943809807,3.8732720268178844,3.273735398671357,2.073166111413175
2025-01-15 10:30:00,10,30,2,8.91388188236415,3.5486549789421162,2.5187443723939644,2.176698685421039
2025-01-15 10:35:00,10,35,2,9.362162807920834,4.321403801649856,2.7455389973476034,2.1718345521347975
2025-01-15 10:40:00,10,40,2,9.403340529630926,4.318952397808773,3.180303599647633,2.0659785194762414
2025-01-15 10:45:00,10,45,2,9.709214812634471,3.7968985122373358,3.1087361797753386,2.2197741575687973
2025-01-15 10:50:00,10,50,2,9.4028466308274,3.954423142323619,2.9008744652378544,2.1586859319404956
2025-01-15 10:55:00,10,55,2,8.682318651974088,4.019121508822516,3.232604660591407,2.352016519507696
2025-01-15 11:00:00,11,0,2,9.442871321096488,3.8079293895715773,2.7788439427880594,2.0817032129975535
2025-01-15 11:05:00,11,5,2,10.110329931704522,3.648979593745768,2.807702160187707,1.7992155964597005
2025-01-15 11:10:00,11,10,2,9.61427203157778,3.9579284792446177,3.071805554481196,2.015491162959228
2025-01-15 11:15:00,11,15,2,9.68466110277503,3.9357841141081504,3.229000295704397,1.9307647100811582
2025-01-15 11:20:00,11,20,2,10.34126578307505,3.922317751802245,2.9731897127605977,2.042300852467637
2025-01-15 11:25:00,11,25,2,9.527628491048144,4.0445432125201926,2.8276342297127086,1.8553860309968138
2025-01-15 11:30:00,11,30,2,9.143047004616655,4.285903931705199,3.2232197331545107,1.8902089917437783
2025-01-15 11:35:00,11,35,2,9.86024782246045,3.9393814560616547,3.2364953132899372,2.121462516133659
2025-01-15 11:40:00,11,40,2,9.719860005293086,4.034088599744273,2.690493794902213,2.1060757383675575
2025-01-15 11:45:00,11,45,2,9.495466072509409,4.145374104748988,3.1044959646188253,2.084585721702257
2025-01-15 11:50:00,11,50,2,9.902792987869232,4.11082858530255,2.971624654723398,1.8119865089216296
2025-01-15 11:55:00,11,55,2,10.243373094422482,3.8771152951104315,3.269242553222524,1.979684082255433
2025-01-15 12:00:00,12,0,2,9.995355719216093,4.0192754246228075,2.8233187679329266,2.0914937372176015
2025-01-15 12:05:00,12,5,2,10.15111080714221,4.109507964033811,2.851444005853349,1.8101827943429758
2025-01-15 12:10:00,12,10,2,10.897186065076289,3.7743297324978444,2.9249054775595122,1.8669204471363852
2025-01-15 12:15:00,12,15,2,9.807149801607252,4.252707802159302,2.817551549603085,2.1612823524523517
2025-01-15 12:20:00,12,20,2,10.10112129823979,4.286317781042822,2.97723443710752,2.2504559891031786
2025-01-15 12:25:00,12,25,2,9.68595670092363,3.8554439489111014,2.8290981044540127,1.6544877924727328
2025-01-15 12:30:00,12,30,2,9.49126875379462,4.038734003669633,3.0297540698498833,2.371195784361283
2025-01-15 12:35:00,12,35,2,9.591161277968721,4.128455651334207,3.1061973658724003,2.6430748392425665
2025-01-15 12:40:00,12,40,2,9.608698244361237,3.8908771687342494,3.0664118241898177,2.047110442257618
2025-01-15 12:45:00,12,45,2,9.987590702805868,4.096322769137619,2.5689274657884162,2.0855894881177055
2025-01-15 12:50:00,12,50,2,10.937497964549713,4.032651125258433,3.0337335520038584,1.9185157603590925
2025-01-15 12:55:00,12,55,2,9.355398979994694,3.70641636447224,2.972644226588186,1.9863798851315642
2025-01-15 13:00:00,13,0,2,9.450945610082952,4.091832263195712,2.9640141694135873,2.4179429926251923
2025-01-15 13:05:00,13,5,2,9.568937037303662,3.779971516745793,2.9258275944389984,2.0338627447707713
2025-01-15 13:10:00,13,10,2,9.735068931837144,4.187840570332409,2.9192197833227587,2.156686237328776
2025-01-15 13:15:00,13,15,2,9.60107670092845,3.8657577849732223,3.0353527399944413,1.9440178853659038
2025-01-15 13:20:00,13,20,2,10.038974104833144,3.967742913267771,2.6148064108185634,2.04866164505775
2025-01-15 13:25:00,13,25,2,8.106882657560382,4.274455782689315,2.93808474528405,1.9878518686225797
2025-01-15 13:30:00,13,30,2,8.045330390015032,4.099276329305769,2.7635084105509335,2.286656434544039
2025-01-15 13:35:00,13,35,2,8.905175705189396,3.784105216085091,3.1713486351687745,2.2861411995281262
2025-01-15 13:40:00,13,40,2,9.611727964138355,3.797016685840183,3.229395860156191,2.118463460425492
2025-01-15 13:45:00,13,45,2,8.185903399524085,3.880139442275255,2.7715434982547116,2.368677432814372
2025-01-15 13:50:00,13,50,2,7.366292161935339,4.078928816671334,2.8144729698224977,1.9463184751850076
2025-01-15 13:55:00,13,55,2,9.052857260184682,4.071659962986554,3.1413804561253844,2.151308157437481
2025-01-15 14:00:00,14,0,2,8.782082649695745,3.8313795390674263,3.1144473453889114,1.919942303734182
2025-01-15 14:05:00,14,5,2,8.00401450332975,3.766558102877128,2.8786136745289053,2.506906513721227
2025-01-15 14:10:00,14,10,2,7.941144657768394,4.056316681017167,2.992137212300033,1.9676457230722328
2025-01-15 14:15:00,14,15,2,7.829824263208115,3.9636279868419675,2.8572887018122493,2.0489340698141913
2025-01-15 14:20:00,14,20,2,8.246788101626887,4.431443177489547,3.039604560115614,1.996754758259141
2025-01-15 14:25:00,14,25,2,7.751288404583324,4.007320731312616,3.076345329357577,2.3527075004884708
2025-01-15 14:30:00,14,30,2,8.180565362400111,4.362850565540055,2.88098945874182,2.008616748440424
2025-01-15 14:35:00,14,35,2,6.371531499476622,3.765923280379132,2.8704303094898886,2.0589396721651254
2025-01-15 14:40:00,14,40,2,7.23201849862588,3.6853574120876584,2.8863060997251164,1.894911401713162
2025-01-15 14:45:00,14,45,2,6.955371094334248,3.775982973494893,2.7080953251888746,2.019558956563935
2025-01-15 14:50:00,14,50,2,7.2446030289149945,4.237825956290694,3.0859539243809953,2.372095270638459
2025-01-15 14:55:00,14,55,2,6.95461574135249,4.351220317938707,3.093900496237969,1.9100631753405362
2025-01-15 15:00:00,15,0,2,7.4699897018133585,3.8435641092094732,2.728064182462782,1.7557425988669042
2025-01-15 15:05:00,15,5,2,5.985462171992662,3.9078867940480886,2.7408743321056055,2.375608407089876
2025-01-15 15:10:00,15,10,2,6.77864781432198,3.7662038179575,3.057562099385274,1.8834067561476215
2025-01-15 15:15:00,15,15,2,6.8726263626065425,3.6376720305763226,2.8080280789693473,1.8287784319212157
2025-01-15 15:20:00,15,20,2,7.356199815146373,4.143682339555326,2.878140121098724,2.2632510432510307
2025-01-15 15:25:00,15,25,2,6.018351736293854,4.044604060592433,2.99401131058845,1.7105067165452101
2025-01-15 15:30:00,15,30,2,6.249843592263467,4.002097596534775,3.4620918549460744,1.7719677721268206
2025-01-15 15:35:00,15,35,2,5.01116508735464,3.7199886925673242,2.8818329380152266,2.2620288775267765
2025-01-15 15:40:00,15,40,2,4.539786261353952,4.3279913363657325,3.0830299265218133,1.9060154000751581
2025-01-15 15:45:00,15,45,2,5.978089518086872,3.899328652390105,2.753726614781233,1.8066619782149946
2025-01-15 15:50:00,15,50,2,5.370215936644202,4.106725284963296,2.818700776184707,2.00140635956991
2025-01-15 15:55:00,15,55,2,5.776988926504429,3.709087718951055,3.038212363456261,1.9702690742737314
2025-01-15 16:00:00,16,0,2,4.313298555515124,3.9618949620759927,2.992157237215134,1.7898553609611358
2025-01-15 16:05:00,16,5,2,5.069838758958257,4.0582748912477165,3.0586272212447776,2.256103727367399
2025-01-15 16:10:00,16,10,2,5.551895052622266,4.0654150436106615,2.9674416636500864,1.9635426587141054
2025-01-15 16:15:00,16,15,2,4.632739706368646,4.030929708647325,3.01660021041057,2.223640971951878
2025-01-15 16:20:00,16,20,2,4.364473370202523,4.0989044984097545,2.821055400112272,2.290169467146427
2025-01-15 16:25:00,16,25,2,4.031744938999545,3.7738959087934076,3.0842444478870474,2.0057361391397737
2025-01-15 16:30:00,16,30,2,3.0413935950879427,4.039474521087932,3.2426477673328638,1.763587585224709
2025-01-15 16:35:00,16,35,2,4.302166850692196,4.022751536696055,3.1044091072489417,2.0860619129013234
2025-01-15 16:40:00,16,40,2,3.114772613354152,4.046334536839012,2.8129089871212414,2.092127624590764
2025-01-15 16:45:00,16,45,2,3.466636281223126,4.014469043463836,3.0566610358760973,1.9642523760620132
2025-01-15 16:50:00,16,50,2,2.2255408417571063,3.7453574452173206,3.1725635110460666,1.885649149528467
2025-01-15 16:55:00,16,55,2,2.208560308056028,3.736440049578205,3.0540642491686736,1.9736652435089361
2025-01-15 17:00:00,17,0,2,3.3057341506363276,3.5571463628230897,2.8770606353984665,2.1005769370237544
2025-01-15 17:05:00,17,5,2,2.2032077787828124,4.163506901969059,2.9584528505301697,1.7053987082580906
2025-01-15 17:10:00,17,10,2,2.8910338774023,4.16553150194704,2.6397867790564034,2.1578114936166406
2025-01-15 17:15:00,17,15,2,1.9117878906320271,4.168710058244424,2.755879978554634,2.055876898680121
2025-01-15 17:20:00,17,20,2,0.8155328901903783,4.06135799249229,3.01099037872563,1.92629364460582
2025-01-15 17:25:00,17,25,2,1.9672676617650267,3.5733761564563777,3.391333691443068,2.035934803692089
2025-01-15 17:30:00,17,30,2,1.0103157633227118,3.794657901642947,3.151126696536413,2.056963243067962
2025-01-15 17:35:00,17,35,2,1.4380131552781719,4.034083083518622,2.9536921153765037,1.9961822499528117
2025-01-15 17:40:00,17,40,2,0.884162861246623,4.027103600558359,3.291708553132097,2.217621058520086
2025-01-15 17:45:00,17,45,2,0.0,3.9554503573695956,3.3903972863377203,2.044328418594577
2025-01-15 17:50:00,17,50,2,0.5183412563386497,4.073783440581649,2.8246125868598506,1.9118966111280375
2025-01-15 17:55:00,17,55,2,1.3162604214220073,4.002330341537049,2.7624443616402816,2.1534088257750557
2025-01-15 18:00:00,18,0,2,0.24649322925723083,4.024154093110273,3.3242251051768257,1.583404616104147
2025-01-15 18:05:00,18,5,2,0.0,3.8721869334335968,4.239132709498979,2.3288196584535052
2025-01-15 18:10:00,18,10,2,0.5376717009784489,4.196402197224318,3.3270227223542572,3.0014835077981097
2025-01-15 18:15:00,18,15,2,0.1053342326015554,3.913845678263923,3.1375245647607453,2.84098176595995
2025-01-15 18:20:00,18,20,2,0.10476711513139716,3.733870183395875,3.3237672669727933,2.1028613666209424
2025-01-15 18:25:00,18,25,2,0.0,3.845800197436254,4.011715328413441,2.776929084118758
2025-01-15 18:30:00,18,30,2,0.11692401289479919,3.930306761727604,3.7760002953545126,2.6102966640366323
2025-01-15 18:35:00,18,35,2,0.5177217082084724,4.19880055767377,3.6797304899233043,2.130352592575587
2025-01-15 18:40:00,18,40,2,0.0,3.9915464003130414,3.533483257173398,2.2213710998647467
2025-01-15 18:45:00,18,45,2,0.7122479106234738,3.96277035620687,3.083317844281084,2.6232859992124093
2025-01-15 18:50:00,18,50,2,0.0,3.7502673150474743,3.847444866697863,2.384989352731581
2025-01-15 18:55:00,18,55,2,0.0,4.157096517965916,3.4363961322996373,2.158554806475088
2025-01-15 19:00:00,19,0,2,0.49881603846012224,3.869609569195323,3.5021651438263692,2.7280228337165244
2025-01-15 19:05:00,19,5,2,0.0,3.9799944282117328,3.737458321018332,2.6635528526892798
2025-01-15 19:10:00,19,10,2,0.3797574437430539,4.296036615376373,3.314470649841639,2.3049612869718543
2025-01-15 19:15:00,19,15,2,0.0,4.101752666209861,3.73862134197228,2.7435996796650195
2025-01-15 19:20:00,19,20,2,0.0,3.674349190456965,3.448401504370432,2.3721484277302944
2025-01-15 19:25:00,19,25,2,0.2467801021671458,3.6460979527295057,3.85017412803371,2.392015400556026
2025-01-15 19:30:00,19,30,2,0.14544852879500295,3.9871379099761506,3.7237796673571344,2.4589470475425705
2025-01-15 19:35:00,19,35,2,0.0,3.757451877025039,3.1857401656889,2.9836936420071107
2025-01-15 19:40:00,19,40,2,0.0,4.1297093495266,3.536019168719443,2.286776806033575
2025-01-15 19:45:00,19,45,2,0.46470499239540775,4.008452612992996,3.082758299667439,2.11299976052895
2025-01-15 19:50:00,19,50,2,0.0,4.033076953804772,3.3881265787716197,3.077538665060078
2025-01-15 19:55:00,19,55,2,0.0,3.8586513636715294,3.324601436397727,2.9342364497038615
2025-01-15 20:00:00,20,0,2,0.0,4.348276731057341,3.460770899419075,2.1456548826694952
2025-01-15 20:05:00,20,5,2,0.0,4.568518745602092,3.358036643464881,2.115703622878767
2025-01-15 20:10:00,20,10,2,0.0,3.944283055248657,3.243209464410844,2.234275581437225
2025-01-15 20:15:00,20,15,2,0.0,4.070607849683,2.92885883975562,2.953838820644418
2025-01-15 20:20:00,20,20,2,0.0,4.019483468612862,3.5633051090666843,2.2941164783145696
2025-01-15 20:25:00,20,25,2,0.0,3.9480626273117863,3.566527323930017,2.2493558819073813
2025-01-15 20:30:00,20,30,2,0.0,3.8335859064534406,2.6986814103890735,3.387007489967965
2025-01-15 20:35:00,20,35,2,0.18198531542636906,3.7830064025039047,3.556879963003118,2.3232960882055704
2025-01-15 20:40:00,20,40,2,1.0465989661049724,3.7728805468948954,2.91982555649677,2.051755061457232
2025-01-15 20:45:00,20,45,2,0.0,4.081048005109829,3.9963475788664717,2.95058156463954
2025-01-15 20:50:00,20,50,2,0.579690521650261,3.896065104359273,3.725964510799684,2.165476888477056
2025-01-15 20:55:00,20,55,2,0.486550780507536,3.4843414299718938,3.952992196393103,2.634934785383306
2025-01-15 21:00:00,21,0,2,0.0,4.088971644119664,3.6964773345054605,2.633851283332974
2025-01-15 21:05:00,21,5,2,0.10161797729301551,3.992347743507169,3.047903844612169,2.140551714775934
2025-01-15 21:10:00,21,10,2,0.0,4.269334600280229,3.3469345500774916,2.693091912259934
2025-01-15 21:15:00,21,15,2,0.09284429020936946,4.074624479418202,3.085870375327056,2.447396075516743
2025-01-15 21:20:00,21,20,2,0.7545655067022753,3.7042652807379404,3.447017146951085,2.737821906798273
2025-01-15 21:25:00,21,25,2,0.3028031163156565,3.554064671854004,3.7024014606822986,2.19693222128436
2025-01-15 21:30:00,21,30,2,0.254304186616721,3.8561055231324124,3.9340058508461904,2.151028051374913
2025-01-15 21:35:00,21,35,2,0.0,3.8749785158612693,3.827671832570225,2.3349565304954805
2025-01-15 21:40:00,21,40,2,0.0,4.188631840200033,3.5491777860300115,2.5677962380312915
2025-01-15 21:45:00,21,45,2,0.0,3.9982258135420854,3.5593122322126387,2.702349759530371
2025-01-15 21:50:00,21,50,2,0.6033040774319576,4.226737699619702,3.61743784938006,2.7350947389611613
2025-01-15 21:55:00,21,55,2,0.0,3.735033388859473,3.6393859881035406,2.120663422322247
2025-01-15 22:00:00,22,0,2,0.0,4.19305287687609,3.0539598149115976,1.8872260194989334
2025-01-15 22:05:00,22,5,2,0.06313386811703409,4.144197830686184,2.778147504418543,1.9420320214645401
2025-01-15 22:10:00,22,10,2,0.0,3.5963531777137607,3.036647119807018,2.0499350055975567
2025-01-15 22:15:00,22,15,2,0.0,4.264523568252154,3.2112049490280534,2.2614618237943156
2025-01-15 22:20:00,22,20,2,0.0,4.018691698353271,3.0672561661514712,2.1034212754018817
2025-01-15 22:25:00,22,25,2,0.0,4.078408900773701,3.019061806635131,2.153445092729917
2025-01-15 22:30:00,22,30,2,0.0,3.8270207775143152,3.0973976277674127,1.9891023812284392
2025-01-15 22:35:00,22,35,2,0.3517139583936544,4.255049402584395,3.43039651340086,1.8907633273116362
2025-01-15 22:40:00,22,40,2,0.0,3.762829534152226,3.2908913913416673,1.7291414147346125
2025-01-15 22:45:00,22,45,2,0.0,4.166418403674789,3.162723307290291,2.2873136703453674
2025-01-15 22:50:00,22,50,2,0.0,4.1641214951817345,2.618556185798416,2.027790114611019
2025-01-15 22:55:00,22,55,2,0.3659777512549229,3.8051665143655558,3.143082808248809,2.0503927208256134
2025-01-15 23:00:00,23,0,2,0.0,4.396674719884515,3.0756311871213926,2.0272446324753326
2025-01-15 23:05:00,23,5,2,0.0,4.046305696043504,2.7811504347276816,2.4736091184310887
2025-01-15 23:10:00,23,10,2,0.022179398757803524,4.130778522054205,2.89929242733684,2.086832247755781
2025-01-15 23:15:00,23,15,2,0.0,3.694575840932849,2.8706320645829146,1.5448273619958603
2025-01-15 23:20:00,23,20,2,0.24735282688751623,4.423546000601713,2.8150974252502063,1.7104786615449723
2025-01-15 23:25:00,23,25,2,0.19171751570182208,3.755088611954982,3.218313507844898,1.878626396791109
2025-01-15 23:30:00,23,30,2,0.0,4.204977286553186,2.8971817321640074,1.7871338574792528
2025-01-15 23:35:00,23,35,2,0.5029622558982083,3.801045656413661,3.0188070797430204,1.856708296727744
2025-01-15 23:40:00,23,40,2,0.0,3.8762022394304636,3.198470946249358,2.060407864617832
2025-01-15 23:45:00,23,45,2,0.5639544966267845,4.15775080877709,2.8856348428551106,2.170046610367404
2025-01-15 23:50:00,23,50,2,0.07724683279762556,4.205510542735031,3.0015881046046475,2.00429938113799
2025-01-15 23:55:00,23,55,2,0.0,3.7457431501771796,2.707473019253615,1.9857827734429372
2025-01-16 00:00:00,0,0,3,0.0,4.218094433811399,3.0643089278635998,2.266713364439669
2025-01-16 00:05:00,0,5,3,0.0,4.208996099026638,2.8496212740193356,2.455621724677102
2025-01-16 00:10:00,0,10,3,0.6101414482088585,3.8124093182310217,3.1113736633657973,1.6961176247932386
2025-01-16 00:15:00,0,15,3,0.0,4.319729518718222,2.8309603771828886,2.2841998328433637
2025-01-16 00:20:00,0,20,3,0.0,3.7086284743503923,3.248645828592479,2.0036186963121003
2025-01-16 00:25:00,0,25,3,0.5181514460362399,3.875045483444477,3.0299835406115703,1.7670779452548058
2025-01-16 00:30:00,0,30,3,0.0,4.095800524818398,3.2642885480470683,1.8024465826451066
2025-01-16 00:35:00,0,35,3,0.4502665386657958,3.8292867430594786,3.1689482222246834,2.2704084737330277
2025-01-16 00:40:00,0,40,3,0.8497179915043548,4.052763817135868,3.009631110843902,2.1935222732244397
2025-01-16 00:45:00,0,45,3,0.0,4.048215215760659,3.369527941605139,2.0535937598421476
2025-01-16 00:50:00,0,50,3,0.3406811632876527,3.962585146015456,2.964939636713611,1.9866294284896966
2025-01-16 00:55:00,0,55,3,0.0,4.166480107718112,2.8514024194655825,1.8468832414526253
2025-01-16 01:00:00,1,0,3,0.3773666490339046,3.954327841468472,3.0884813527651405,1.9672100355701432
2025-01-16 01:05:00,1,5,3,0.09971199299338356,4.046308213762761,3.065513835370253,1.7020127700294858
2025-01-16 01:10:00,1,10,3,0.2365191410801076,4.229294375497581,2.981476234962572,2.206023570018093
2025-01-16 01:15:00,1,15,3,0.0,4.158137242005168,2.7762151446047962,2.0033052828269104
2025-01-16 01:20:00,1,20,3,0.0,4.157203458162842,2.6290781378203176,1.7389075955453652
2025-01-16 01:25:00,1,25,3,0.2516260323747524,3.770164079556644,3.16153217753561,1.9381431413374102
2025-01-16 01:30:00,1,30,3,0.0,4.1049585151002645,3.3644145731077084,2.0864886220848624
2025-01-16 01:35:00,1,35,3,0.0,3.824300241806099,3.106119132977865,1.7847035900210202
2025-01-16 01:40:00,1,40,3,0.47059093320998485,3.743717004044395,2.9229789246311095,1.8534727635904775
2025-01-16 01:45:00,1,45,3,0.09594886793651804,3.9856587307430065,2.786911652089883,2.132778625219227
2025-01-16 01:50:00,1,50,3,0.9741713223949066,3.819140962669682,3.172903173153736,2.0797874388334896
2025-01-16 01:55:00,1,55,3,0.5125545762908867,4.158123543767996,2.8343865613548025,2.0661460070194924
2025-01-16 02:00:00,2,0,3,0.0,4.162907091939065,2.6174643197068685,2.264601853741608
2025-01-16 02:05:00,2,5,3,0.013656689925719334,3.6194747527137117,2.740369964872513,1.7759082035123073
2025-01-16 02:10:00,2,10,3,0.0,3.834339492084622,3.0230584539140386,2.040831912048409
2025-01-16 02:15:00,2,15,3,0.0,3.7080426656164,2.985450280309643,1.7779744118035405
2025-01-16 02:20:00,2,20,3,0.0,3.907474144681422,3.2266695987206586,1.66281015978615
2025-01-16 02:25:00,2,25,3,0.0,4.091035133973765,2.703346201910311,1.9786034456091037
2025-01-16 02:30:00,2,30,3,0.0,3.951542380364322,2.7471532036311226,2.244525055255185
2025-01-16 02:35:00,2,35,3,0.023746734125821477,3.882048151866573,2.764357072917417,2.3114054304420626
2025-01-16 02:40:00,2,40,3,0.0,4.260035305362628,3.2070244331543147,2.247011147101517
2025-01-16 02:45:00,2,45,3,0.0,3.5390285654807423,3.377421196590649,2.016245584819153
2025-01-16 02:50:00,2,50,3,0.20210643263866604,4.247374378703645,2.7974050808360085,1.9793984248462717
2025-01-16 02:55:00,2,55,3,0.35793637234547976,3.891142341368903,2.8866668789182075,1.8581617454972554
2025-01-16 03:00:00,3,0,3,0.11351723943244445,3.984378197977442,3.0301706873613665,1.9376591571584507
2025-01-16 03:05:00,3,5,3,0.0,3.8945273324559784,2.849558063136601,1.9509195214825483
2025-01-16 03:10:00,3,10,3,0.29572107587592744,4.3085776211078235,3.109795692840741,2.1912834413185394
2025-01-16 03:15:00,3,15,3,0.34011018023834555,3.753804300638948,2.679415217361802,1.9393597827342917
2025-01-16 03:20:00,3,20,3,0.1537017848598442,4.0023472739443875,2.971731358905059,1.7634959955544736
2025-01-16 03:25:00,3,25,3,0.0,4.105487730371999,2.9760588533918604,2.0295991219080056
2025-01-16 03:30:00,3,30,3,0.13830038275559034,3.6777994464229664,3.103766909056198,2.015431605126334
2025-01-16 03:35:00,3,35,3,0.5977403254127395,3.816020365910769,2.823810118000489,2.4024060055143694
2025-01-16 03:40:00,3,40,3,0.0,3.9703642933003542,3.1658253543243196,2.1105439489299735
2025-01-16 03:45:00,3,45,3,1.0489696695662156,3.822666993063125,3.2009662514021873,2.0489218343620954
2025-01-16 03:50:00,3,50,3,0.0,3.83688164575617,3.257260177104391,2.011374390057153
2025-01-16 03:55:00,3,55,3,0.016203506670068108,3.9300274673847126,3.000349492054837,2.1270456957582407
2025-01-16 04:00:00,4,0,3,0.0,4.129916266329235,3.3152715092581846,2.3024097230578615
2025-01-16 04:05:00,4,5,3,0.11163541796013043,3.931456444624371,3.118569519651999,2.1033223717153597
2025-01-16 04:10:00,4,10,3,0.0,4.215685238894589,3.1392084822192974,2.1971241826673196
2025-01-16 04:15:00,4,15,3,0.0,3.800448443468129,3.2597463878826485,1.95268318319923
2025-01-16 04:20:00,4,20,3,0.0,3.7496155479053095,3.2636122579674782,2.068599022814261
2025-01-16 04:25:00,4,25,3,0.06766917394614545,4.3852690811442265,3.13018632449999,2.276389864306799
2025-01-16 04:30:00,4,30,3,0.4972236877544537,3.8684083744668976,3.1494124500181355,2.183199112630568
2025-01-16 04:35:00,4,35,3,0.32300309355727574,3.737817598585568,2.9221162933435156,2.299662308749936
2025-01-16 04:40:00,4,40,3,0.0,3.651589211645634,3.139137342215225,2.0252131435680996
2025-01-16 04:45:00,4,45,3,1.0210348264639402,4.215020690761788,3.2202148773786203,2.5175660995521
2025-01-16 04:50:00,4,50,3,0.1476399703104342,3.931739097067988,2.766215099635613,1.8392534754153436
2025-01-16 04:55:00,4,55,3,0.0,3.9492580529867203,3.5370610617671767,2.0853389684608747
2025-01-16 05:00:00,5,0,3,0.07856395949547042,3.968159657682672,3.038173935726314,1.976922851667567
2025-01-16 05:05:00,5,5,3,0.08809491125134619,4.202588576933956,3.241687200194288,2.5222494617620574
2025-01-16 05:10:00,5,10,3,0.0,3.964094033204816,2.866962291853331,1.9806246545621333
2025-01-16 05:15:00,5,15,3,0.09895833367103775,4.468810755766525,2.929854574286427,2.1465729953638557
2025-01-16 05:20:00,5,20,3,0.0,4.026752114810846,3.244478687530115,2.324186557066623
2025-01-16 05:25:00,5,25,3,0.0,4.212356953391664,3.153343656524056,2.5038665582487236
2025-01-16 05:30:00,5,30,3,0.0,4.1610479715808815,2.8850494033585172,1.8330918895134591
2025-01-16 05:35:00,5,35,3,0.0,3.9927105359483925,3.2938688586632416,2.0245664639192675
2025-01-16 05:40:00,5,40,3,0.07291823510769195,3.8826058027959074,2.7248119353169438,1.93678740567251
2025-01-16 05:45:00,5,45,3,0.29264971825816904,4.066392785713311,3.051131730819455,1.870750352418529
2025-01-16 05:50:00,5,50,3,0.2574417980381861,4.102019746241455,2.7970678625810823,1.9584741726948247
2025-01-16 05:55:00,5,55,3,0.40996262631761715,3.8854827903746947,2.787093315927658,2.1270262077960465
2025-01-16 06:00:00,6,0,3,0.1621701050074341,4.033267773190131,2.6112390306214306,2.0180849855930845
2025-01-16 06:05:00,6,5,3,0.0,4.247240995651919,3.1039019776216605,1.9818917520503248
2025-01-16 06:10:00,6,10,3,0.8560258058689552,4.4139895478139355,3.2186445794141747,1.725887753159173
2025-01-16 06:15:00,6,15,3,0.0,4.170873864069884,2.859782099724777,1.933993070749822
2025-01-16 06:20:00,6,20,3,0.42122173622034076,4.372551937276056,3.1425449138818613,2.0437015172092243
2025-01-16 06:25:00,6,25,3,0.6065687128080242,3.874125157758709,3.4286731965484836,1.8388428206052214
2025-01-16 06:30:00,6,30,3,1.8452899517701709,4.140376450411859,2.7210022202838697,2.357817796586612
2025-01-16 06:35:00,6,35,3,1.9926281189692039,4.267703901716255,2.713828283213523,2.136612542279809
2025-01-16 06:40:00,6,40,3,1.9801343951918016,3.8207333334056006,2.804265991595606,1.5861363298304627
2025-01-16 06:45:00,6,45,3,2.486868152767181,3.902881977590998,2.9250432412373537,2.179899992495432
2025-01-16 06:50:00,6,50,3,1.724754748175034,4.34758095236705,2.7556457823053853,2.1152189456289663
2025-01-16 06:55:00,6,55,3,2.5511564831922215,3.804980228842612,3.15257271223729,1.7456619716961392
2025-01-16 07:00:00,7,0,3,2.5256032368336254,3.731773993468858,3.431671613386289,2.973122446698149
2025-01-16 07:05:00,7,5,3,3.221731192252377,4.305596314727902,3.695177785989123,2.4215522606271938
2025-01-16 07:10:00,7,10,3,2.9494458787666336,4.239352644996088,3.6245886443761757,2.294421007458866
2025-01-16 07:15:00,7,15,3,3.0219232088265753,4.086424048796754,3.8341087035155077,2.8339780193806416
2025-01-16 07:20:00,7,20,3,3.6906556925371814,3.9908578490708346,3.5362717745258165,2.569211846937308
2025-01-16 07:25:00,7,25,3,4.062464966432633,3.9122950988790035,3.2003609374982984,2.094389071879651
2025-01-16 07:30:00,7,30,3,3.4926617262274973,4.0563897747618105,3.3870185768175407,2.4737794870926466
2025-01-16 07:35:00,7,35,3,3.996929062911183,4.31596139148031,3.8187882492163965,2.776728325185493
2025-01-16 07:40:00,7,40,3,3.696962300586169,4.047713225228415,3.5554498665077277,2.857161695311836
2025-01-16 07:45:00,7,45,3,3.1738563934435438,4.433391853449393,3.216954146355679,2.8232010661835107
2025-01-16 07:50:00,7,50,3,4.717715948057203,3.820411602871954,3.26287138569516,2.871908359019273
2025-01-16 07:55:00,7,55,3,5.1143403673211925,3.9960638491343463,3.4959960605690057,1.9005139970386788
2025-01-16 08:00:00,8,0,3,5.131033404543362,3.925388266467217,3.7190471492094326,2.742863727850234
2025-01-16 08:05:00,8,5,3,4.212951722728032,3.7829716913675333,3.3630259836534253,2.388622126481795
2025-01-16 08:10:00,8,10,3,5.197571368429999,3.969383253398069,3.452136416034619,1.9224544562121186
2025-01-16 08:15:00,8,15,3,4.446528450170481,4.083465860332088,2.790581548071457,2.890487691439117
2025-01-16 08:20:00,8,20,3,6.420614917337555,4.104846035990406,3.252779699776827,3.056579232872909
2025-01-16 08:25:00,8,25,3,5.370069192576779,4.434090435788911,3.911120540341674,2.9701585942809214
2025-01-16 08:30:00,8,30,3,6.715316094817155,4.092893493944712,3.3049103142598537,2.017479643920826
2025-01-16 08:35:00,8,35,3,6.732169543682665,4.230027360735924,3.1739353080216937,2.3660635818541267
2025-01-16 08:40:00,8,40,3,5.977580920597362,4.013218849259795,2.7880310801448083,2.35737229326275
2025-01-16 08:45:00,8,45,3,6.027065675366816,4.335611120090519,3.439496591746667,2.1116737085239916
2025-01-16 08:50:00,8,50,3,6.931087184349773,4.479689857117614,3.18785447052625,2.4338204436457596
2025-01-16 08:55:00,8,55,3,6.492968539231156,4.10621702619519,3.6068859644930904,2.2327531995999266
2025-01-16 09:00:00,9,0,3,7.1223101329445795,3.801468196909684,3.5876757828728807,2.5410538023963567
2025-01-16 09:05:00,9,5,3,6.982225825194097,3.8902389954445664,3.5140657577055174,2.304395762843027
2025-01-16 09:10:00,9,10,3,6.482194160868423,4.056386860641032,3.099986121189385,3.008935593970222
2025-01-16 09:15:00,9,15,3,6.403164065227544,4.0912996070501295,3.6890917749372276,2.8017194959182214
2025-01-16 09:20:00,9,20,3,7.77378655543708,4.139685026876874,3.4749110945483235,2.4507923673219585
2025-01-16 09:25:00,9,25,3,7.518065957763504,4.092039536246008,3.647197904217616,1.9495934948643263
2025-01-16 09:30:00,9,30,3,7.656988494455285,4.001396983251188,3.1656069591940565,2.2606675365914883
2025-01-16 09:35:00,9,35,3,8.41237796222172,3.872760311759574,3.3636300732374713,2.236091296158954
2025-01-16 09:40:00,9,40,3,8.77824158120614,4.080227652252846,3.599842137575224,2.524434170338851
2025-01-16 09:45:00,9,45,3,8.178423762344549,4.370997471496131,3.917859406925413,3.2421277471337686
2025-01-16 09:50:00,9,50,3,8.263615104673928,4.203985721085551,3.12114492795547,2.5441915641905335
2025-01-16 09:55:00,9,55,3,8.799190223286407,4.10694078992724,3.5436577634620923,2.4957405790706013
2025-01-16 10:00:00,10,0,3,7.981786252994598,4.20591338476455,2.7830350858068997,1.81656051087149
2025-01-16 10:05:00,10,5,3,8.878844084448927,3.9257871942198297,3.048081122383224,1.8109299853385528
2025-01-16 10:10:00,10,10,3,9.146051317693294,3.898346970783336,3.0318543944334015,1.950810043090879
2025-01-16 10:15:00,10,15,3,9.308842519535698,3.8504429791268038,3.0283315806242563,1.8093399059131132
2025-01-16 10:20:00,10,20,3,8.094701519115267,3.9749426754461124,3.031493848466907,1.8238094833046818
2025-01-16 10:25:00,10,25,3,8.77243715629,3.9155988206581838,3.0321391217313836,2.2678792244878316
2025-01-16 10:30:00,10,30,3,8.799663698701135,4.241654948130428,3.052196770003214,2.0643740764766116
2025-01-16 10:35:00,10,35,3,9.370022170032593,3.904935316463562,3.1634413034995097,1.7192883311053473
2025-01-16 10:40:00,10,40,3,9.637298497743075,3.8394556567550167,3.3437843147446022,1.788882001477526
2025-01-16 10:45:00,10,45,3,10.217656498674046,4.388515435766126,3.1759321994737872,2.1493819974512647
2025-01-16 10:50:00,10,50,3,9.289686767298234,3.9097249537837313,2.8195667276990477,2.2017772273533525
2025-01-16 10:55:00,10,55,3,9.35171229470468,4.03070569145007,3.099562553282662,2.3779957288804514
2025-01-16 11:00:00,11,0,3,10.234094272330056,4.090264564948682,3.0386757502682586,1.9782913336954806
2025-01-16 11:05:00,11,5,3,9.861709167397766,3.772661376215837,2.897047494416359,1.6513289457297653
2025-01-16 11:10:00,11,10,3,10.396785826793321,4.247096753900614,2.936354487049768,1.9448203211482247
2025-01-16 11:15:00,11,15,3,9.952216805537223,4.127423808082246,3.052411636511487,1.715379377823507
2025-01-16 11:20:00,11,20,3,9.269519220765446,4.311676802376156,2.952197557762624,2.115250278404423
2025-01-16 11:25:00,11,25,3,9.217050927288703,3.86415561255638,3.135101935098503,1.6280369647725346
2025-01-16 11:30:00,11,30,3,9.138692489208639,4.019825158495232,3.141281321730645,1.9506852173757017
2025-01-16 11:35:00,11,35,3,10.271589299602432,4.007871150998839,2.962997824500289,1.5270969260288325
2025-01-16 11:40:00,11,40,3,10.556245392460958,4.052777698870004,3.2987142325115757,2.035359777002259
2025-01-16 11:45:00,11,45,3,10.903270303079225,3.709077050284568,2.693707914695459,2.075040314983293
2025-01-16 11:50:00,11,50,3,10.412034881980198,4.022167275738444,3.068895688169405,2.244508830586598
2025-01-16 11:55:00,11,55,3,10.579039559566585,3.714707217715251,2.938062246141824,2.0023992137877173
2025-01-16 12:00:00,12,0,3,9.709991833673158,4.071666814239384,2.8714384399524184,2.1195897227985476
2025-01-16 12:05:00,12,5,3,9.419412362427163,3.574270175096296,2.84330193166499,1.821401896583954
2025-01-16 12:10:00,12,10,3,10.415521882027354,3.6296826331418828,2.9864404924440158,1.7548272457392342
2025-01-16 12:15:00,12,15,3,10.187429608505736,4.163709743288,3.320426243707847,2.385453345548375
2025-01-16 12:20:00,12,20,3,10.015669168087902,3.8906323089610435,2.909281982915637,1.722680998688567
2025-01-16 12:25:00,12,25,3,10.134249122539691,3.8024283852735516,3.0673184077804123,1.9035794964062152
2025-01-16 12:30:00,12,30,3,10.07604135496721,4.254169124215109,3.2349362265056065,1.8425706808940192
2025-01-16 12:35:00,12,35,3,10.525523534604387,4.065525243465683,3.1089026444856884,2.0227987178783384
2025-01-16 12:40:00,12,40,3,10.49557032253056,4.174418039106757,2.864747697877318,2.0480099656983883
2025-01-16 12:45:00,12,45,3,10.079962980202477,3.966751585535834,3.17570651169497,2.017369703811079
2025-01-16 12:50:00,12,50,3,10.185861507480798,4.5359257387800005,3.0194569330252516,1.825443314429265
2025-01-16 12:55:00,12,55,3,9.970451974345002,3.879097227888041,3.228840959580827,2.208909315628637
2025-01-16 13:00:00,13,0,3,9.428673396873373,4.348899109871978,2.9178881622627006,1.975142308103401
2025-01-16 13:05:00,13,5,3,9.978780881315856,3.9877267919800174,3.2828441345380655,1.7732858357905088
2025-01-16 13:10:00,13,10,3,8.83992197305264,3.6690979210174506,3.120857678271756,1.8882772453737744
2025-01-16 13:15:00,13,15,3,9.996247071098999,4.096569749149622,3.355615575350328,2.0126893457330675
2025-01-16 13:20:00,13,20,3,8.799664737976068,4.062952512291033,3.2520757036280084,1.8477345303077743
2025-01-16 13:25:00,13,25,3,9.462980336225352,3.789735637152154,2.7502942635351464,1.9531481085597775
2025-01-16 13:30:00,13,30,3,8.816218345899788,3.815556144573057,3.0525366915893675,1.8978536635967174
2025-01-16 13:35:00,13,35,3,9.429809282731684,3.9950604713830016,3.1516614852549933,1.9580092864379142
2025-01-16 13:40:00,13,40,3,9.046115257402546,4.0699495630495965,2.583712567646679,2.1105623958386
2025-01-16 13:45:00,13,45,3,8.171349436245217,3.5058673434241197,2.8234925881705686,1.9276805236646963
2025-01-16 13:50:00,13,50,3,9.080458147291457,4.210624290504761,3.310626240707871,2.354562344824218
2025-01-16 13:55:00,13,55,3,8.478307168658723,3.9011004052370044,2.884901312981438,2.115557326126368
2025-01-16 14:00:00,14,0,3,9.100827398251072,3.733650503120365,2.889545101915471,1.9426254042202793
2025-01-16 14:05:00,14,5,3,8.549781551096668,4.1882133102903865,2.8788449170202894,1.655131263920703
2025-01-16 14:10:00,14,10,3,8.631624950822879,3.995276404116309,3.0190110447467418,2.0576330773892333
2025-01-16 14:15:00,14,15,3,7.835911645517847,4.243233155356451,2.865799650937772,2.217558342287422
2025-01-16 14:20:00,14,20,3,7.896854327176237,4.087590452595951,2.912783956580956,1.872557635028197
2025-01-16 14:25:00,14,25,3,7.835126724624285,3.999697099410391,3.105300623621621,1.691463602005494
2025-01-16 14:30:00,14,30,3,8.36188464303363,3.9694540110039687,3.1813358063405612,1.9195661685211274
2025-01-16 14:35:00,14,35,3,8.637533374831563,4.096542552111227,3.197857215278818,2.2576261051658313
2025-01-16 14:40:00,14,40,3,7.257858555318342,3.917293748238134,3.128030688471428,1.8376053414543376
2025-01-16 14:45:00,14,45,3,8.056822147118615,3.8294854822507003,2.749833658703119,1.7131854673329527
2025-01-16 14:50:00,14,50,3,6.28793465923839,4.121981824530929,3.2205821403402624,1.9730399775599634
2025-01-16 14:55:00,14,55,3,6.626544920051415,3.971102431711114,2.8801556410938303,1.9735835696922217
2025-01-16 15:00:00,15,0,3,6.591678583772088,4.006713529613801,3.216124241790834,2.15574795707191
2025-01-16 15:05:00,15,5,3,6.23887621310233,4.217875967230921,3.087701231141771,2.127577211485281
2025-01-16 15:10:00,15,10,3,5.964107881262813,3.9772246784528518,3.0360344710993896,2.060422611459285
2025-01-16 15:15:00,15,15,3,6.799957607069588,4.003006785108358,3.0442050462302093,1.9999877508744892
2025-01-16 15:20:00,15,20,3,6.3208422480014645,3.8800700977098135,3.150674776766256,2.072256421240079
2025-01-16 15:25:00,15,25,3,6.448937420643147,4.08614798679637,2.8238569937786084,2.1057748771045306
2025-01-16 15:30:00,15,30,3,6.432850633147965,4.0699655825360175,3.0494494132758607,2.1222826937830197
2025-01-16 15:35:00,15,35,3,6.045904980222089,4.180155026358111,2.9791586172769944,2.1623480627534315
2025-01-16 15:40:00,15,40,3,6.064645951585651,3.8841742325986246,2.9877182898267685,2.1447759373201087
2025-01-16 15:45:00,15,45,3,5.520936187074887,3.908436606081963,2.9087056968098977,1.9225491891802096
2025-01-16 15:50:00,15,50,3,4.779499389315365,4.158427479829093,3.1204105046420247,1.9336453212510512
2025-01-16 15:55:00,15,55,3,5.716639672015615,4.0504426006725724,3.4411565389496324,2.1132889973558053
2025-01-16 16:00:00,16,0,3,4.705443933609436,3.818756374761461,3.00498469723084,2.1639801553517697
2025-01-16 16:05:00,16,5,3,4.342089539812667,4.2613108135469,2.9038639180046966,2.1846029638466034
2025-01-16 16:10:00,16,10,3,4.52852719444814,3.6603098863199497,3.1790470433327065,2.25070681155591
2025-01-16 16:15:00,16,15,3,3.966481442541757,4.156856950652751,2.9118380937302843,1.755453349172451
2025-01-16 16:20:00,16,20,3,4.017467426412283,3.746957592800361,2.87796907215949,1.9436738968054506
2025-01-16 16:25:00,16,25,3,4.1994938593691025,4.377157703297105,3.333442320170351,2.43900240582555
2025-01-16 16:30:00,16,30,3,4.001005193273962,3.691080054618875,3.0689324609287967,2.00187812160372
2025-01-16 16:35:00,16,35,3,3.1754653496242073,4.23045013037455,2.9300184339051576,2.164938070042173
2025-01-16 16:40:00,16,40,3,3.1763487467823124,3.983673127997751,3.4377162783983035,2.3571701782376544
2025-01-16 16:45:00,16,45,3,3.7515611554167396,3.9266794860322514,3.2275953225211667,2.2246605062227713
2025-01-16 16:50:00,16,50,3,3.255258053909704,4.037079331293552,3.166461977250823,1.990541870858293
2025-01-16 16:55:00,16,55,3,3.8358226599841894,4.126380067831563,2.852690355491841,1.9958371821344116
2025-01-16 17:00:00,17,0,3,3.178254537895974,3.8191198995338262,3.084467920426271,1.709273220256341
2025-01-16 17:05:00,17,5,3,2.9490054575417033,3.8368424549662854,2.9694098541267584,1.8348135290817453
2025-01-16 17:10:00,17,10,3,1.4704618641531266,4.129920973022577,3.202768232213628,1.8900583195686578
2025-01-16 17:15:00,17,15,3,2.3328333959779974,3.65853140927008,3.0656440663961977,1.8599959414128846
2025-01-16 17:20:00,17,20,3,1.7099283758208517,3.883154181361583,3.319539865192183,1.659848612693083
2025-01-16 17:25:00,17,25,3,1.2457429601300416,4.608137390831888,3.095168075368793,1.7445484663120134
2025-01-16 17:30:00,17,30,3,1.38926959246678,3.8063974070821436,2.89813346990303,2.041237340736901
2025-01-16 17:35:00,17,35,3,1.561274515825392,4.229560558351951,3.0510714062633677,2.0458533682190825
2025-01-16 17:40:00,17,40,3,1.1219732229786876,3.8828098462572376,3.0303498281951002,1.8716311476253116
2025-01-16 17:45:00,17,45,3,0.2147943916304012,4.101809028959429,2.967189335382238,2.006326803235783
2025-01-16 17:50:00,17,50,3,0.8074233304496753,4.130871138119243,3.0390720793517767,1.9868639054386024
2025-01-16 17:55:00,17,55,3,0.0,4.22579134703659,3.145918084196891,2.0186773940301883
2025-01-16 18:00:00,18,0,3,0.10834155948214433,3.959949234637445,3.5603977902864843,2.385204295506545
2025-01-16 18:05:00,18,5,3,0.0,4.397776927750971,3.1842674220156733,2.5462086792197414
2025-01-16 18:10:00,18,10,3,0.0,3.8821326870829638,3.8622338131888814,2.633158369219124
2025-01-16 18:15:00,18,15,3,0.38312148752025477,4.046844082719912,3.2547518176355625,2.744422007745581
2025-01-16 18:20:00,18,20,3,0.0,4.049055386443522,3.399464879661813,2.7143961941440864
2025-01-16 18:25:00,18,25,3,0.9725975371384665,3.775606376010117,3.3893612405311515,2.605991931948211
2025-01-16 18:30:00,18,30,3,0.0,3.942825549004176,3.344450799012696,2.3520842510588995
2025-01-16 18:35:00,18,35,3,0.0,4.032302699847682,3.030120389871278,2.653622445748348
2025-01-16 18:40:00,18,40,3,0.1851059449708705,3.9135757913741163,3.611050890446101,2.6279328148782826
2025-01-16 18:45:00,18,45,3,0.29215708321765493,4.488184793091307,3.5825991683395433,2.2713249900030092
2025-01-16 18:50:00,18,50,3,0.0,3.832275265280094,3.789769779348074,2.797833790027681
2025-01-16 18:55:00,18,55,3,0.0,4.235884893628086,3.2635287604488252,2.6596371974049875
2025-01-16 19:00:00,19,0,3,0.20527504266380828,4.171291962629757,3.7624973556103933,2.3589705179968834
2025-01-16 19:05:00,19,5,3,0.0,3.9972275730991456,3.4111892932266943,2.660234022463536
2025-01-16 19:10:00,19,10,3,0.6965906289674529,3.8269581892295506,3.0469010691757097,2.1734448335398
2025-01-16 19:15:00,19,15,3,0.4196745571158011,3.846348935921646,3.2030674976391316,1.9611050905523513
2025-01-16 19:20:00,19,20,3,0.4364121755028173,3.896406540156698,3.825481932256244,1.9035604557424999
2025-01-16 19:25:00,19,25,3,0.0,3.6428517436107475,3.60293319902941,2.743505018426566
2025-01-16 19:30:00,19,30,3,0.0,3.799306914840142,3.41192121367602,2.2994897125806264
2025-01-16 19:35:00,19,35,3,0.0,3.7035046969272716,3.5698527352209917,2.500549900178344
2025-01-16 19:40:00,19,40,3,0.0,4.269175000635544,3.801051458724925,1.7114436578806127
2025-01-16 19:45:00,19,45,3,0.18008209197288347,4.123692478477643,3.2243877571555615,2.6684730651748167
2025-01-16 19:50:00,19,50,3,0.0,4.157194819773092,3.515134232832338,2.72561024775906
2025-01-16 19:55:00,19,55,3,0.3277019149251185,4.11776639030839,3.5786059928718985,2.459578881027606
2025-01-16 20:00:00,20,0,3,0.0,4.033393524666833,3.4093134670719487,3.197516504762676
2025-01-16 20:05:00,20,5,3,0.8595203064209105,4.292136066425828,3.9604838822094535,2.6486515294285664
2025-01-16 20:10:00,20,10,3,0.0,3.8778474688536524,3.5235391680345245,2.66143976480603
2025-01-16 20:15:00,20,15,3,0.10965116860021804,4.021333931073409,3.7480504153618726,2.6256480057113527
2025-01-16 20:20:00,20,20,3,0.3959296551940338,4.149411765564825,3.2745859629840326,3.0353532303173534
2025-01-16 20:25:00,20,25,3,0.0,3.7357581536287743,3.573862468326206,3.1041790091169443
2025-01-16 20:30:00,20,30,3,0.4262343217164753,4.61931777922851,3.5561442460632002,2.42630399436234
2025-01-16 20:35:00,20,35,3,0.0,4.005713152555518,3.915242037213939,2.5903560874233302
2025-01-16 20:40:00,20,40,3,0.7260588495912802,4.0283978901151185,3.540026790352787,2.139890738307222
2025-01-16 20:45:00,20,45,3,0.007074632482879146,4.251375606334984,3.6980653415407483,2.3520068851132274
2025-01-16 20:50:00,20,50,3,0.0,4.182991066602045,3.365662637277808,2.3528353463784484
2025-01-16 20:55:00,20,55,3,0.0,4.007615603879292,3.631710150408591,2.039387117927293
2025-01-16 21:00:00,21,0,3,0.4044596346963597,4.026025887619609,3.436746397182258,2.7940836973328134
2025-01-16 21:05:00,21,5,3,0.0,3.699170293810404,3.1262993391979976,2.5518636882803754
2025-01-16 21:10:00,21,10,3,0.0,3.8887068444300046,3.3105801739187495,2.37889206416031
2025-01-16 21:15:00,21,15,3,0.0,4.103442043231792,3.996545678116972,2.0048532449364975
2025-01-16 21:20:00,21,20,3,0.0,4.0887785678085775,3.729689101451485,2.3566215193668363
2025-01-16 21:25:00,21,25,3,0.9102719539709078,4.2442331500008175,3.3417008044562997,2.1665312972535196
2025-01-16 21:30:00,21,30,3,0.0,3.975899788355335,3.726169891182091,2.4425786151147952
2025-01-16 21:35:00,21,35,3,0.4158083930902018,3.722542697313827,3.4046991758616043,2.5329510787612226
2025-01-16 21:40:00,21,40,3,0.1047350418238863,4.211346086155135,3.4489138622774598,1.8997936360739427
2025-01-16 21:45:00,21,45,3,0.0,4.287217869236403,3.3527527451067924,2.7686322672844974
2025-01-16 21:50:00,21,50,3,0.0,4.179648914571246,3.0480150607663075,2.1730186300430936
2025-01-16 21:55:00,21,55,3,0.392001389655374,3.967273265828502,3.3719625813804424,2.2823129744088573
2025-01-16 22:00:00,22,0,3,0.0,4.208877210375316,2.9944229035716785,1.7813846496642518
2025-01-16 22:05:00,22,5,3,0.596556472925514,4.685782095601643,2.9224290952381256,1.990401093680133
2025-01-16 22:10:00,22,10,3,0.5107576963909319,4.023030462888095,3.129788083241594,2.2489578772199192
2025-01-16 22:15:00,22,15,3,0.45945742732916467,3.737652661550975,2.9476905692293123,2.377612048249165
2025-01-16 22:20:00,22,20,3,0.0,3.88274299008957,2.963219083891095,2.1657750296513063
2025-01-16 22:25:00,22,25,3,0.0,4.1250952000608105,3.3863015469453557,2.027861681847187
2025-01-16 22:30:00,22,30,3,0.0,3.6790391378203875,2.725294675684493,2.0181807714415263
2025-01-16 22:35:00,22,35,3,0.09812047033336023,4.033880614982414,2.877671422359018,1.9451135946055096
2025-01-16 22:40:00,22,40,3,0.27289335676617776,4.076067330063177,3.396995376499043,1.7554473153552248
2025-01-16 22:45:00,22,45,3,0.0,4.30702434796253,3.0600933644611716,1.824455743935655
2025-01-16 22:50:00,22,50,3,0.0,4.26203897121086,2.938468411759817,2.1489684670408966
2025-01-16 22:55:00,22,55,3,0.07904461266159221,4.1729169583503545,3.0636327886946044,1.9549935462076822
2025-01-16 23:00:00,23,0,3,0.0,3.567464197897094,2.870039934947074,2.063215638430723
2025-01-16 23:05:00,23,5,3,0.6456369195079394,4.184210625609585,3.341537343430674,1.8197296114752752
2025-01-16 23:10:00,23,10,3,0.21089003712543544,4.141102677212049,3.3823327770915546,2.23989949014503
2025-01-16 23:15:00,23,15,3,0.6550959540404485,4.0511888754156695,3.2738706735155536,2.0616864761859204
2025-01-16 23:20:00,23,20,3,0.0,3.6539555747709027,3.2342259551019787,1.7982337435098747
2025-01-16 23:25:00,23,25,3,0.46873874625346246,3.844645218162588,2.8663912184302975,2.1531627627840786
2025-01-16 23:30:00,23,30,3,0.8175331972637597,3.766635446093187,3.059169011044763,1.970324148300446
2025-01-16 23:35:00,23,35,3,0.6558467246363305,3.596998312098582,2.4994782218785154,1.9129051903923657
2025-01-16 23:40:00,23,40,3,0.0,3.999416969717041,2.765189243940347,2.0987068622623006
2025-01-16 23:45:00,23,45,3,0.0,3.840435575711444,2.961766294286553,1.874339891166699
2025-01-16 23:50:00,23,50,3,0.0,4.525061116053783,3.5285820965248607,2.207634895338847
2025-01-16 23:55:00,23,55,3,0.2446272675381638,3.966245612112418,3.211174428271212,2.4404430289364347
2025-01-17 00:00:00,0,0,4,0.34317677750726655,4.258750631173192,3.1604383565366216,1.8458091981054268
2025-01-17 00:05:00,0,5,4,0.0,3.686180195061355,2.8224207296616526,2.192980551750847
2025-01-17 00:10:00,0,10,4,0.03391925695846884,3.893982082799026,2.5881291440449647,1.9844440737980868
2025-01-17 00:15:00,0,15,4,0.0,4.019379575206863,2.5657751244887104,2.019768701677901
2025-01-17 00:20:00,0,20,4,0.720972502900945,3.818369210278466,3.1708140501423907,2.0558831069207266
2025-01-17 00:25:00,0,25,4,0.0,3.915559863039051,3.1876218717941196,2.392965388331983
2025-01-17 00:30:00,0,30,4,0.027931969922248483,3.9564098187512924,2.971292312547598,2.561530156655776
2025-01-17 00:35:00,0,35,4,0.0,3.953218402911021,3.042533991234031,2.189833012538072
2025-01-17 00:40:00,0,40,4,0.5730137875067075,4.37102371460707,2.8777874570869866,2.3238627959261366
2025-01-17 00:45:00,0,45,4,0.0,4.075645257086302,3.208342039708526,2.2942902605135993
2025-01-17 00:50:00,0,50,4,0.0,4.095902112588261,3.010900884354791,1.748916487123342
2025-01-17 00:55:00,0,55,4,0.0,4.107930954869014,3.0920794879250812,1.6605960373352968
2025-01-17 01:00:00,1,0,4,0.0,4.122525275467423,2.9327628392756098,2.0382160873264503
2025-01-17 01:05:00,1,5,4,0.8631132728178162,3.983422603225027,3.4754448585021533,2.063709722388388
2025-01-17 01:10:00,1,10,4,0.0,3.935850725704231,3.027907493816608,1.9873935151929414
2025-01-17 01:15:00,1,15,4,0.3858980886178306,4.033363211903655,2.7315818190469967,2.0171651680026015
2025-01-17 01:20:00,1,20,4,0.17812639435304178,4.231360789782695,3.0205765352273546,1.8062783009092565
2025-01-17 01:25:00,1,25,4,0.630759626267758,4.225247637687277,2.762650877114327,1.9036858634464533
2025-01-17 01:30:00,1,30,4,0.0,3.951920304862318,3.0129865957145388,1.9084891637237082
2025-01-17 01:35:00,1,35,4,0.0,4.153568738933623,2.789824910069696,2.057854450400861
2025-01-17 01:40:00,1,40,4,0.5480349537386993,3.9610830673920665,3.1077733648338457,2.024259541844447
2025-01-17 01:45:00,1,45,4,0.2126606541650552,4.006774109887049,2.8874034572246132,2.1189682042464515
2025-01-17 01:50:00,1,50,4,0.0,3.9052953236891605,2.9618925420546036,1.76218325853097
2025-01-17 01:55:00,1,55,4,0.0,3.963670972218753,3.2072488710002798,2.070701603853298
2025-01-17 02:00:00,2,0,4,0.1931913269240305,4.268266013909936,2.9761419388608523,1.685789559033055
2025-01-17 02:05:00,2,5,4,0.41888211077329457,4.018484229467847,2.851027944172958,2.4037131424765854
2025-01-17 02:10:00,2,10,4,0.0,4.027056501710463,2.6983315876238607,1.9497301440716615
2025-01-17 02:15:00,2,15,4,0.0,3.7105564441484082,2.996732847529276,2.064095357882311
2025-01-17 02:20:00,2,20,4,0.2616115928685166,3.938151218473454,2.700565812834717,2.0348352512809202
2025-01-17 02:25:00,2,25,4,0.0,3.951737019251054,2.662778907505664,2.0194857592391022
2025-01-17 02:30:00,2,30,4,0.0,3.834171302911319,2.8695204161980836,1.826826146616438
2025-01-17 02:35:00,2,35,4,0.0,4.004333082340713,3.1669634317335174,1.9528787513272237
2025-01-17 02:40:00,2,40,4,0.4069904300988706,3.914163541954469,3.0947421609815144,2.1013653822755636
2025-01-17 02:45:00,2,45,4,0.06430872520248326,4.015999171048716,3.2539906977910205,1.758348451675795
2025-01-17 02:50:00,2,50,4,0.0,4.024300601963787,3.1838031325039515,2.0032923244876093
2025-01-17 02:55:00,2,55,4,0.6945121814813808,3.808849128435471,2.924375083926081,1.7701498961619435
2025-01-17 03:00:00,3,0,4,0.3186623415115363,3.9202596435033623,3.1213181723085723,1.815555095733223
2025-01-17 03:05:00,3,5,4,0.8081500213609583,4.015474856552166,3.1035613173954286,2.3855661545934264
2025-01-17 03:10:00,3,10,4,0.0,4.236859886231345,3.1959954080718656,2.27828686503013
2025-01-17 03:15:00,3,15,4,0.0,4.051343834559148,2.8561990445549936,2.152546609226399
2025-01-17 03:20:00,3,20,4,0.0,3.8676129640165144,2.7711570089727218,1.9533034194850771
2025-01-17 03:25:00,3,25,4,0.0,4.07980095184877,3.348254411243824,1.8784315587147031
2025-01-17 03:30:00,3,30,4,0.0,4.341509777864352,3.2222712368346187,2.203129346599943
2025-01-17 03:35:00,3,35,4,0.3133068186315354,4.1833412945178035,3.2149482500441677,1.7465996047757455
2025-01-17 03:40:00,3,40,4,0.022781940570949157,4.109505306087124,3.105040193203136,1.9686802868166273
2025-01-17 03:45:00,3,45,4,0.3117035691399578,4.1451180350964645,3.217699371505822,1.668999920054631
2025-01-17 03:50:00,3,50,4,0.3517200665694471,4.287990808285726,3.0735575778131206,2.0452750405680136
2025-01-17 03:55:00,3,55,4,1.077464338691571,4.215125358803532,2.601976652550213,1.8229159287810046
2025-01-17 04:00:00,4,0,4,0.0,4.113352076223531,2.6339695573766297,1.8547289396154187
2025-01-17 04:05:00,4,5,4,0.0,4.213728443918017,3.1098434169330296,2.0390731151297214
2025-01-17 04:10:00,4,10,4,0.12304180765820441,3.783669780747188,3.03388001611871,1.7920503782137236
2025-01-17 04:15:00,4,15,4,0.0,3.6995469495319435,3.2240900983021064,1.996236064327732
2025-01-17 04:20:00,4,20,4,0.740980384218268,4.031419730128766,3.0067407624515017,2.188079913789226
2025-01-17 04:25:00,4,25,4,0.0,4.013736141930107,2.8017308504614924,2.0457095539743846
2025-01-17 04:30:00,4,30,4,0.0,3.8912179892973486,3.084692498320284,1.8908863699412304
2025-01-17 04:35:00,4,35,4,0.0,4.165170533965542,3.1304746761519553,2.0954246341259135
2025-01-17 04:40:00,4,40,4,0.3592087117358205,3.627427282709753,2.979764657544515,1.9735698219730278
2025-01-17 04:45:00,4,45,4,0.0,3.8930455487884394,3.104709531574261,2.157694208002638
2025-01-17 04:50:00,4,50,4,0.0,3.903008891024477,3.012579983481328,2.2240378920813693
2025-01-17 04:55:00,4,55,4,0.8326759588117655,3.6727396429801082,3.1317051924861166,1.642307210054637
2025-01-17 05:00:00,5,0,4,0.0,4.298946201453861,2.7190206604915717,2.2364470438043322
2025-01-17 05:05:00,5,5,4,0.017783037016496764,3.7281597462673353,2.9506453737058203,2.032835164559495
2025-01-17 05:10:00,5,10,4,0.3261530758051152,3.882331988538463,3.227858103531829,1.9987177565256318
2025-01-17 05:15:00,5,15,4,0.0,4.181595951561027,3.0074535219178697,1.826254153441654
2025-01-17 05:20:00,5,20,4,0.24013025070296246,4.129209068685746,3.073998901445504,2.1173024437933647
2025-01-17 05:25:00,5,25,4,0.0,3.7783650607030506,2.884423632599429,1.8155957243388265
2025-01-17 05:30:00,5,30,4,0.41139139041700123,4.136497841852127,3.5252578510390458,1.9814183060303434
2025-01-17 05:35:00,5,35,4,0.0,4.057956895731644,2.8632615320781416,2.141317289058452
2025-01-17 05:40:00,5,40,4,0.34638451592443026,4.4666071124222935,2.9898411929544215,1.7828467353475794
2025-01-17 05:45:00,5,45,4,0.5529165331473563,4.080788083213661,3.0966107143302892,1.8293758061848362
2025-01-17 05:50:00,5,50,4,0.43071826281640246,3.9717516357862936,3.315291600431127,2.0989009259504803
2025-01-17 05:55:00,5,55,4,0.1256583241190512,3.8286996085761156,2.944623915094783,2.0218694036044225
2025-01-17 06:00:00,6,0,4,0.0,3.851151326608886,3.1806576242196387,2.0371922507121596
2025-01-17 06:05:00,6,5,4,0.0,3.8348461809063683,3.42442189144671,2.227173503279105
2025-01-17 06:10:00,6,10,4,1.1717112190619128,4.274219762782384,3.0975214735122245,1.812602825298303
2025-01-17 06:15:00,6,15,4,0.30428368221760904,4.003593983003294,2.9706223792196016,2.0957749940104904
2025-01-17 06:20:00,6,20,4,0.35302439069158276,4.113049424794946,2.8354277168483724,2.2586853749925897
2025-01-17 06:25:00,6,25,4,1.4213532160360614,4.302849519996178,2.8051685316443917,1.8725548603908195
2025-01-17 06:30:00,6,30,4,0.9071935206072681,3.528307171558507,2.887540163021024,2.1487648921266267
2025-01-17 06:35:00,6,35,4,1.0462021131661026,4.255774752940075,2.8390127265658456,1.640004685916189
2025-01-17 06:40:00,6,40,4,1.0146796455844216,4.011079382356667,3.2176077671523426,1.9111227429788877
2025-01-17 06:45:00,6,45,4,1.7094483004310235,4.087009674328089,2.786298473569613,1.849028289359492
2025-01-17 06:50:00,6,50,4,2.1230386274327815,3.83431935565035,3.34335254983687,1.8685912605454178
2025-01-17 06:55:00,6,55,4,2.4984047870920807,3.848975120310296,2.9753263789246196,1.9106163275427968
2025-01-17 07:00:00,7,0,4,3.063843573174949,4.097769177962598,3.130201236969873,2.277184431325911
2025-01-17 07:05:00,7,5,4,3.0617391021428166,4.476919560066294,3.1096674778980518,2.7867643827042143
2025-01-17 07:10:00,7,10,4,2.9116218852661424,4.20066266256298,3.5302637193840787,3.2448033286522966
2025-01-17 07:15:00,7,15,4,3.115296814841756,4.253104584283708,3.287326782502823,2.242341926156314
2025-01-17 07:20:00,7,20,4,3.6752801677142783,3.961599745947716,3.9601279305065984,2.8173931096204403
2025-01-17 07:25:00,7,25,4,4.260665464301302,3.8799591550828745,3.6154295065313065,2.1658925454735187
2025-01-17 07:30:00,7,30,4,3.889991423392498,3.8438390096842014,4.02349888031838,2.4783690520688957
2025-01-17 07:35:00,7,35,4,3.7929014714821667,3.9023452550606623,3.370797461451489,2.842887921075484
2025-01-17 07:40:00,7,40,4,3.729749616864223,3.589443513365895,3.493311463623881,2.1502989743104353
2025-01-17 07:45:00,7,45,4,3.700284269983901,3.8550161314216798,3.5120907798495744,2.265595359528771
2025-01-17 07:50:00,7,50,4,4.9506209683721,3.8879293687880314,2.597197657195048,2.2354869423549606
2025-01-17 07:55:00,7,55,4,5.098876951013655,3.9649283651210316,3.341679328739645,2.1533064672120856
2025-01-17 08:00:00,8,0,4,5.28868176255333,4.026350021949458,3.672573959634211,2.2667656728013656
2025-01-17 08:05:00,8,5,4,5.123402858429188,4.0724901737251225,3.643527860250337,2.1300040790895056
2025-01-17 08:10:00,8,10,4,6.076463456414112,3.997014925511408,3.7727656763247617,2.1170552420000526
2025-01-17 08:15:00,8,15,4,5.313643082903613,3.8837113827314487,2.797540877182678,2.871178775548968
2025-01-17 08:20:00,8,20,4,6.213398982114065,3.607328271346896,3.2432318588806486,3.0270787174598226
2025-01-17 08:25:00,8,25,4,5.893725036141051,3.884938278319641,3.669377570362421,2.737078995514376
2025-01-17 08:30:00,8,30,4,5.783438907747537,3.805509872462599,3.813641750139822,2.533803803874721
2025-01-17 08:35:00,8,35,4,6.555499875499472,4.093213349655721,3.5372166253515616,2.8844020072582928
2025-01-17 08:40:00,8,40,4,6.632694156207389,4.181857479338738,3.5334075487094294,2.281546945961017
2025-01-17 08:45:00,8,45,4,6.771944530634151,4.187714213411988,3.675727568048667,1.8659069756845144
2025-01-17 08:50:00,8,50,4,6.796541287184703,4.151390547225564,3.895867640468064,2.9021317407895273
2025-01-17 08:55:00,8,55,4,6.896184016964276,3.9732948529095022,3.8594500004369237,2.8479315887133083
2025-01-17 09:00:00,9,0,4,8.265253808300695,3.895608886904821,3.474747402397663,2.467995284652093
2025-01-17 09:05:00,9,5,4,7.815767943195643,3.850579449266587,3.131107973068743,3.0244123755133145
2025-01-17 09:10:00,9,10,4,7.734186815593996,3.69850021667965,3.3544945480921164,2.601965592925564
2025-01-17 09:15:00,9,15,4,7.574297653891467,4.198370740101572,3.5762135848864336,2.097874245518753
2025-01-17 09:20:00,9,20,4,8.164023031488115,3.965057792414005,2.9765974927630383,2.5016759862602043
2025-01-17 09:25:00,9,25,4,8.057842219124542,3.7507319412758253,3.3638731647165474,2.4731689422269993
2025-01-17 09:30:00,9,30,4,7.946635779299369,3.834701724857953,3.8196246890609697,2.5674832451611067
2025-01-17 09:35:00,9,35,4,7.91266388004187,3.8266053087134897,3.727556762229419,2.6335984486526733
2025-01-17 09:40:00,9,40,4,8.151061774058574,4.008604897003026,3.4050997420280504,2.1994590498420807
2025-01-17 09:45:00,9,45,4,6.729483255086425,4.213493570214137,3.5794153604340404,2.5251677858038275
2025-01-17 09:50:00,9,50,4,8.53921487777768,3.930402090080883,3.774546901251424,2.454729979083252
2025-01-17 09:55:00,9,55,4,8.304880666674286,3.54949329704327,3.4107975364653433,2.43115018486552
2025-01-17 10:00:00,10,0,4,9.456589036985827,3.962163932968216,2.8162546729989106,2.2893819889640916
2025-01-17 10:05:00,10,5,4,8.776939592480955,3.9687612199805606,3.2279257509231525,1.7573940342083907
2025-01-17 10:10:00,10,10,4,8.275626622014736,3.9550159538128957,3.16078962839451,1.6309989872135269
2025-01-17 10:15:00,10,15,4,8.943787338262824,3.8745077667048595,3.1970578466222044,1.8607299097784649
2025-01-17 10:20:00,10,20,4,8.540017327835246,4.043487816145168,3.0719801115356504,1.6140980620916656
2025-01-17 10:25:00,10,25,4,9.389818499050703,4.013228223029801,2.76025915366441,2.093740593449882
2025-01-17 10:30:00,10,30,4,9.38426900728261,3.9950339371746706,2.859818363323444,1.8320074259255603
2025-01-17 10:35:00,10,35,4,9.79899850838212,4.082528272288593,3.2791723394904198,2.4421918422545748
2025-01-17 10:40:00,10,40,4,9.0014853120118,3.9140334353704294,3.187402787363897,1.7816238856529871
2025-01-17 10:45:00,10,45,4,9.486305343065128,3.902682866059869,3.35270386656354,1.6877135480703236
2025-01-17 10:50:00,10,50,4,8.854658609768952,4.27602465791708,2.9391017091849347,2.0109555533974746
2025-01-17 10:55:00,10,55,4,9.951245934821644,4.111871081943087,3.3848075687677497,2.182531827510345
2025-01-17 11:00:00,11,0,4,9.918693853110744,4.16538921218856,2.907248461040096,1.81100874584405
2025-01-17 11:05:00,11,5,4,9.9613232086464,4.245220917066813,3.2004385307606507,1.8933282085559289
2025-01-17 11:10:00,11,10,4,9.763769586877805,4.10518883612496,3.043348017572995,1.7260447021481768
2025-01-17 11:15:00,11,15,4,10.015239249426699,4.185677735827234,3.1138515710448402,2.097739029149496
2025-01-17 11:20:00,11,20,4,10.65024708427638,3.684130967585948,2.751675987668366,2.206324622574328
2025-01-17 11:25:00,11,25,4,9.741067976156598,4.040830774399206,3.1109491616485565,2.1480048505560196
2025-01-17 11:30:00,11,30,4,9.983771205593147,3.9634563076371343,2.9242642614499736,2.0357912822572883
2025-01-17 11:35:00,11,35,4,9.397500232632492,4.335536818179962,3.012675773773065,1.9703659190491538
2025-01-17 11:40:00,11,40,4,9.52781650011829,4.18552910636066,3.034100655633169,2.2512885947592767
2025-01-17 11:45:00,11,45,4,10.027495878932688,3.873910961841364,3.2149901277407853,1.7636278645062287
2025-01-17 11:50:00,11,50,4,10.54244898916953,4.074558831705841,3.197080363381388,2.238228674549607
2025-01-17 11:55:00,11,55,4,9.869479858673305,4.033536266689848,2.9697644653295265,2.101689420759555
2025-01-17 12:00:00,12,0,4,9.882041735343938,4.090866286630446,3.0988003334606034,1.8300066766651397
2025-01-17 12:05:00,12,5,4,9.794177648546905,3.7962315061250695,2.9236087424943342,2.1501620477703214
2025-01-17 12:10:00,12,10,4,9.723103880396415,4.072003293047645,2.9008355526337097,2.1950999118524614
2025-01-17 12:15:00,12,15,4,10.126074960240446,3.954369730142353,3.260994488169952,2.2287343683960943
2025-01-17 12:20:00,12,20,4,9.213318158328132,4.05648995281112,3.3959609206338914,1.9818535435417775
2025-01-17 12:25:00,12,25,4,10.58103317055656,3.855122966975566,3.0354402147938124,2.064132609552528
2025-01-17 12:30:00,12,30,4,9.581737464673376,3.88298736572068,2.9879204150018523,2.1084357948203287
2025-01-17 12:35:00,12,35,4,10.244566847396676,4.234768404073341,2.6577591941976024,2.040981077738504
2025-01-17 12:40:00,12,40,4,9.213078231425143,3.789690488331968,2.724512670023421,1.8074753444784843
2025-01-17 12:45:00,12,45,4,10.142272869305414,3.8044491197915904,3.1465779622059826,1.960176752310196
2025-01-17 12:50:00,12,50,4,10.098932375106584,3.9896837485568843,3.1395228949431613,1.955844679279774
2025-01-17 12:55:00,12,55,4,9.905521734135561,3.845621924962809,3.221281263278231,1.9521838588757394
2025-01-17 13:00:00,13,0,4,9.162044001990786,3.8229942735474403,2.609016302087375,2.045078516402254
2025-01-17 13:05:00,13,5,4,9.725272638658325,4.021015194241659,2.56622803085949,1.7094558194935185
2025-01-17 13:10:00,13,10,4,8.945641415115075,3.698986828619259,2.823410694200286,1.7984581044459624
2025-01-17 13:15:00,13,15,4,9.342919667402965,3.7984075530172725,2.890989839116743,1.791586435293779
2025-01-17 13:20:00,13,20,4,9.911632758336749,4.410819116584729,2.7188094672828655,2.3083671489681548
2025-01-17 13:25:00,13,25,4,9.718429656363357,4.0918950117938016,2.8643710907216207,1.5538464693705205
2025-01-17 13:30:00,13,30,4,9.246386796383085,3.850687329546018,2.9278163253981484,1.7750537883944892
2025-01-17 13:35:00,13,35,4,8.66571150323305,4.083643015653239,2.823006474541437,2.1420684962704972
2025-01-17 13:40:00,13,40,4,9.385871726453598,4.113466095397326,2.9103684762429562,1.7694806797564229
2025-01-17 13:45:00,13,45,4,8.978418034175895,4.198882884018047,3.089250701991449,2.2299881661218173
2025-01-17 13:50:00,13,50,4,7.709950532667007,3.974568794108654,3.107374432527969,1.509288885669915
2025-01-17 13:55:00,13,55,4,9.158582470233338,4.195299540554577,2.777002099520597,2.009489706127241
2025-01-17 14:00:00,14,0,4,8.64813762090954,3.5923106950235653,2.951140118947197,1.9345449692121608
2025-01-17 14:05:00,14,5,4,9.150344330721001,3.7887383739048492,2.8034486614318332,1.718883183384512
2025-01-17 14:10:00,14,10,4,7.886279198707457,4.032774280347291,3.401556343562604,2.0054221906277823
2025-01-17 14:15:00,14,15,4,6.726344216427452,4.065926706561559,3.1284243577734836,2.0012502347167618
2025-01-17 14:20:00,14,20,4,8.33106237206251,3.817643542466272,3.009269739727598,1.9875793200381424
2025-01-17 14:25:00,14,25,4,8.210227881015815,4.051883998252632,2.7759108281851135,1.6971021083931506
2025-01-17 14:30:00,14,30,4,7.088197589109125,3.875231950262548,3.0772450747489972,2.037568481454233
2025-01-17 14:35:00,14,35,4,7.309595057995514,3.944608181154567,3.1876561796919414,2.1470721653284053
2025-01-17 14:40:00,14,40,4,9.03805330304973,4.204954760133003,2.838297561450066,2.226518261784374
2025-01-17 14:45:00,14,45,4,7.365592767712872,4.1817874993777195,3.1530054390309035,2.138168313971467
2025-01-17 14:50:00,14,50,4,7.738252856289349,3.8005879345273477,3.449865358395762,2.408791752501638
2025-01-17 14:55:00,14,55,4,6.898309706913368,3.7885497075959793,3.137982753310977,2.1130394411675057
2025-01-17 15:00:00,15,0,4,6.025916362438897,3.9177653208893366,3.216331036353936,1.8832092460659258
2025-01-17 15:05:00,15,5,4,6.830001434424738,3.994650739765415,2.88603414848179,2.134684281418383
2025-01-17 15:10:00,15,10,4,6.623099796013551,3.8684203022850516,2.8287047821744853,2.118553897104651
2025-01-17 15:15:00,15,15,4,6.393519031666504,4.208128488559933,3.031366433307238,1.8287619790815763
2025-01-17 15:20:00,15,20,4,6.370555679112199,4.069477968341711,3.00517330205766,2.261016318427683
2025-01-17 15:25:00,15,25,4,6.3913688576634105,4.081217021974886,3.0164740901307674,2.0173095295235957
2025-01-17 15:30:00,15,30,4,6.012555814460305,3.7466922342110056,3.0657970557809193,2.091837704578322
2025-01-17 15:35:00,15,35,4,5.28109339966214,4.233458143476756,2.9338319067837615,2.0700522095934097
2025-01-17 15:40:00,15,40,4,5.978856759291434,3.4359662355518616,2.7901859280818533,1.8401857886332225
2025-01-17 15:45:00,15,45,4,4.5810164525348105,4.166811090369873,2.8657701783848752,2.0939525379268216
2025-01-17 15:50:00,15,50,4,4.347817354826137,4.186862347534154,3.0320465655112554,1.9731280845512094
2025-01-17 15:55:00,15,55,4,5.557322828956002,3.9135197625444076,3.1381539979170574,2.075772416548467
2025-01-17 16:00:00,16,0,4,5.2535101360676775,4.254582043449485,2.9420046440034255,1.7929538314360376
2025-01-17 16:05:00,16,5,4,4.781190006656862,3.987380489409131,2.8360582397546494,1.7066381069214216
2025-01-17 16:10:00,16,10,4,3.9197618799728033,4.012486340665489,3.0281139100301653,1.8275722435092656
2025-01-17 16:15:00,16,15,4,4.068931431852976,4.067905757480843,2.900935403603226,1.9744818638742272
2025-01-17 16:20:00,16,20,4,4.094809243563747,4.637314982362211,3.208799038266137,2.185758119663364
2025-01-17 16:25:00,16,25,4,3.2295199143003126,4.268886781616601,2.989058305749205,2.25310069788006
2025-01-17 16:30:00,16,30,4,3.4573199946392825,4.140226240142583,2.597530298135828,2.3754441099533024
2025-01-17 16:35:00,16,35,4,3.950545551925362,3.817439102679761,3.138499942860917,2.020560657003986
2025-01-17 16:40:00,16,40,4,4.133854115401293,4.028717965095899,2.821728063849587,1.912386526773907
2025-01-17 16:45:00,16,45,4,3.0046772767023424,3.8373751812307226,3.121870179115608,2.126415876706283
2025-01-17 16:50:00,16,50,4,3.3853021722007823,4.164422169456563,3.1336786741181575,1.8543006531267079
2025-01-17 16:55:00,16,55,4,1.8412601050161848,4.028093395146971,2.814030457396958,2.039041048870501
2025-01-17 17:00:00,17,0,4,2.917916071582016,3.775095664077221,3.1539707915542947,2.0006369699009716
2025-01-17 17:05:00,17,5,4,1.9748847158979932,4.016224916683701,3.2962968493770335,2.0066274924380223
2025-01-17 17:10:00,17,10,4,2.3180689477350125,3.830116506056739,2.9998582712334025,2.134111998238534
2025-01-17 17:15:00,17,15,4,1.8270270110414315,4.03024324426751,3.2438460275184076,1.730148948039091
2025-01-17 17:20:00,17,20,4,2.396688781561224,3.8281845367269485,2.7763976583928804,1.9373477124511924
2025-01-17 17:25:00,17,25,4,1.0840160377292072,4.005497526672163,3.631788356917733,1.9477062874918136
2025-01-17 17:30:00,17,30,4,1.6190650709814314,4.150093972387019,2.9756434113978862,2.1236703859615838
2025-01-17 17:35:00,17,35,4,0.9489150168713835,3.989389601614979,3.195385780562695,2.033957023290951
2025-01-17 17:40:00,17,40,4,0.79240468847175,3.921822346565522,3.2328694990080513,1.761205763394816
2025-01-17 17:45:00,17,45,4,0.5621043457218263,4.040655244211493,2.846782315051455,2.232497390115928
2025-01-17 17:50:00,17,50,4,0.013357321406308686,4.139436524158571,3.002188622956695,1.747509878998267
2025-01-17 17:55:00,17,55,4,0.21109936739227195,3.778563346023648,2.7354924136765586,1.8378118389310591
2025-01-17 18:00:00,18,0,4,0.0,4.052131230941041,3.500637662647375,2.6402138709180365
2025-01-17 18:05:00,18,5,4,0.12062012420336465,4.26350816380348,3.4012820000167583,2.6154997567718556
2025-01-17 18:10:00,18,10,4,0.04225257284643129,4.114731392655343,3.3688800539919157,2.8671760604850753
2025-01-17 18:15:00,18,15,4,0.39899727480611813,4.011550829333445,4.265552028371706,2.3822161803746726
2025-01-17 18:20:00,18,20,4,0.46175430802368433,4.127947501339779,3.6439798432396837,2.619523247245034
2025-01-17 18:25:00,18,25,4,0.0,4.090499291220537,3.5416086278779777,2.6959752836023876
2025-01-17 18:30:00,18,30,4,0.4343862502953855,4.150720221831963,3.643646356693948,2.3586839288845316
2025-01-17 18:35:00,18,35,4,0.0,3.595213677803411,3.8949637317868064,2.560499874246033
2025-01-17 18:40:00,18,40,4,0.2939279440688675,3.689308773267347,3.384559874050891,3.2329607571542205
2025-01-17 18:45:00,18,45,4,0.30986939235143435,4.2009658298966475,3.46513598685332,2.576483152427125
2025-01-17 18:50:00,18,50,4,0.0,3.698944164767712,3.552632103374101,2.4610316167146378
2025-01-17 18:55:00,18,55,4,0.04648962326470483,4.080307727143841,3.6345994115132045,2.2465000272725124
2025-01-17 19:00:00,19,0,4,0.0,3.9295900687935417,3.678963015956917,1.972493791482271
2025-01-17 19:05:00,19,5,4,0.0,3.8007621508808005,3.110579074622861,3.0477173641505546
2025-01-17 19:10:00,19,10,4,0.6754261653495027,4.069929951429494,3.1231459919834643,1.9120123443889419
2025-01-17 19:15:00,19,15,4,0.0,4.0402067007433144,3.1305751492801437,3.02201718075902
2025-01-17 19:20:00,19,20,4,0.0,4.422068530419276,2.9624414779181856,2.2132557452225345
2025-01-17 19:25:00,19,25,4,0.03784747000254672,3.875037759092822,3.062542254704904,2.4177612408729976
2025-01-17 19:30:00,19,30,4,0.3427948731492082,4.288022024013835,3.369193730545779,2.35577304798189
2025-01-17 19:35:00,19,35,4,0.0,4.070484582876863,4.056840139821541,2.1402774047087356
2025-01-17 19:40:00,19,40,4,0.5831852728346261,3.8677956236914577,3.4693436660848667,2.6015803738962204
2025-01-17 19:45:00,19,45,4,0.26548783098204526,4.159849291503449,3.205937221378357,2.6459769943739806
2025-01-17 19:50:00,19,50,4,0.0,4.11314770089079,3.3800568516340075,2.6122927198569568
2025-01-17 19:55:00,19,55,4,0.0,4.00716865897161,3.467600224542304,1.8848406323301088
2025-01-17 20:00:00,20,0,4,0.0,4.0532590712881245,3.8918296138297226,3.1211374946062214
2025-01-17 20:05:00,20,5,4,0.23968047671471115,3.8806025937908935,3.446973745419556,2.2306143844400186
2025-01-17 20:10:00,20,10,4,0.0,3.8348425749490986,3.9518038163527063,3.0671148708602414
2025-01-17 20:15:00,20,15,4,1.274504854358861,4.151888434764516,3.449361376523001,2.4343958154338456
2025-01-17 20:20:00,20,20,4,0.265513047447105,3.9552121151373454,3.47602667069855,1.9976353332264085
2025-01-17 20:25:00,20,25,4,0.07443840195884555,3.9839834003501817,3.412662236392032,3.0144825662647734
2025-01-17 20:30:00,20,30,4,0.5907838582095731,4.055964319188855,3.4493934017688317,2.1879896416383384
2025-01-17 20:35:00,20,35,4,1.1718270264063124,4.053057668956762,3.649005685791344,2.2998403604517663
2025-01-17 20:40:00,20,40,4,0.4353733222942016,3.7141347058051872,3.480064362899622,2.1193453658358163
2025-01-17 20:45:00,20,45,4,0.47440654823581,4.2572504172909715,3.1890127516439803,2.7212977764590778
2025-01-17 20:50:00,20,50,4,0.06534501223219116,4.024236430380135,3.5347600338203264,2.2671827839471552
2025-01-17 20:55:00,20,55,4,0.0,3.95946934743557,3.535860539091471,2.3178559873818223
2025-01-17 21:00:00,21,0,4,0.0,4.086169201033949,3.264871949188949,2.849210319174492
2025-01-17 21:05:00,21,5,4,0.0,4.047308438722973,3.7348632659566317,2.4936181451106716
2025-01-17 21:10:00,21,10,4,0.0,4.153412537897941,3.543301201174911,2.497480594799697
2025-01-17 21:15:00,21,15,4,0.0,4.107596734430188,3.646102777752062,2.2601495024632916
2025-01-17 21:20:00,21,20,4,0.0,4.143569245799253,3.7587514200105927,2.6060697513672437
2025-01-17 21:25:00,21,25,4,0.0,4.2701987811455036,3.4210830986331344,2.353666590547437
2025-01-17 21:30:00,21,30,4,0.09545826207185534,4.176724909794195,3.7523392825300426,2.454854105154968
2025-01-17 21:35:00,21,35,4,0.0,3.9679027559342877,3.290332071251049,2.384629069907703
2025-01-17 21:40:00,21,40,4,0.07346764919334389,3.7754197687846336,3.730761394666748,2.016834039626188
2025-01-17 21:45:00,21,45,4,0.0,4.333559586600903,3.393377328325858,2.821174800902729
2025-01-17 21:50:00,21,50,4,1.5384301850902518,3.9524553253305776,3.4495349683690226,2.5818450196833522
2025-01-17 21:55:00,21,55,4,0.6800579500901565,3.9053785173278954,3.8260306893611586,2.767698896019151
2025-01-17 22:00:00,22,0,4,0.0,3.652654636447112,2.9119882453920156,1.9739212895592326
2025-01-17 22:05:00,22,5,4,0.11643404371344912,4.067694621062422,3.1809527803458026,2.18789389745678
2025-01-17 22:10:00,22,10,4,0.0,4.029777320790754,2.982389974937012,1.9892908695415146
2025-01-17 22:15:00,22,15,4,0.0,3.6969770127501036,3.0535367389067702,2.2733801380034584
2025-01-17 22:20:00,22,20,4,0.0,4.090654808426635,3.2135132241315914,2.138677340759804
2025-01-17 22:25:00,22,25,4,0.21610834537962698,3.9003616158597123,2.784266144787222,1.9450333186903486
2025-01-17 22:30:00,22,30,4,0.0,4.538063001457739,2.9555426652620196,2.2836970065206947
2025-01-17 22:35:00,22,35,4,0.48391301201260206,3.886127761581826,2.9522271217640723,2.2506885646155226
2025-01-17 22:40:00,22,40,4,0.4968911072652195,3.912961333560441,2.885860265893783,1.9018232084678481
2025-01-17 22:45:00,22,45,4,0.6869571926057247,3.8250447551491265,3.0962908211626283,2.3136293411143516
2025-01-17 22:50:00,22,50,4,0.0,4.255575304208395,2.957644574146425,1.4874464276277604
2025-01-17 22:55:00,22,55,4,0.2376828053460051,3.9254448411070495,2.6871633195322224,2.0595923112328913
2025-01-17 23:00:00,23,0,4,0.3162271083211504,3.8550171692469006,2.7050407946436463,1.8268874347207176
2025-01-17 23:05:00,23,5,4,0.0,4.1413910019841085,3.0024683901276514,1.5101265508507078
2025-01-17 23:10:00,23,10,4,0.0,3.723929412917363,2.9240548421349093,1.767038288427946
2025-01-17 23:15:00,23,15,4,0.8047603328879864,4.125022109249789,2.70016405641985,1.839563112156388
2025-01-17 23:20:00,23,20,4,0.11374793786602687,4.356279943320171,2.7861582149861137,2.0938960435984604
2025-01-17 23:25:00,23,25,4,0.317983875355869,4.113321566567018,3.2393053573365767,1.9271146296777875
2025-01-17 23:30:00,23,30,4,0.0,4.127579663251985,2.8807748441906327,1.9171589997684202
2025-01-17 23:35:00,23,35,4,0.0,4.174012043381497,2.7783625784123074,1.7422516208760643
2025-01-17 23:40:00,23,40,4,0.0,4.341941605735104,2.6708891094213323,1.7340958083363653
2025-01-17 23:45:00,23,45,4,0.0,4.241978792003821,3.326398201422526,1.8619157929273085
2025-01-17 23:50:00,23,50,4,0.0,4.087933944454605,2.4116743056472476,1.8825886123037987
2025-01-17 23:55:00,23,55,4,0.0,4.180778280127201,2.6819170926478355,2.0118969879994326
2025-01-18 00:00:00,0,0,5,0.0,3.822813014906978,2.990329268952599,2.011177127538411
2025-01-18 00:05:00,0,5,5,0.0,4.155258718149464,2.991854784250963,1.9254579390760502
2025-01-18 00:10:00,0,10,5,0.33545562413843755,3.7988888057632506,2.708820775692003,1.9850691856057152
2025-01-18 00:15:00,0,15,5,0.3018952601389471,3.9265955162736748,3.203784917827139,2.362734616759041
2025-01-18 00:20:00,0,20,5,0.0,3.3834875649713525,2.9524017345387987,1.974078010943263
2025-01-18 00:25:00,0,25,5,0.0,4.080285931873492,3.1000854358177787,2.298648311894421
2025-01-18 00:30:00,0,30,5,0.0,3.8712255977783294,2.9027406778990907,2.1385302633900674
2025-01-18 00:35:00,0,35,5,0.0,4.222229043040892,2.8354361468951224,2.0659697980531004
2025-01-18 00:40:00,0,40,5,0.3222592458226457,4.078038522121081,3.194120835323674,1.7418278786904406
2025-01-18 00:45:00,0,45,5,0.4641228456721623,4.224819178940325,2.8949710555963564,2.1909566193390004
2025-01-18 00:50:00,0,50,5,0.0,3.7832806910654924,3.123232246102959,2.207189228062971
2025-01-18 00:55:00,0,55,5,0.0,4.207677207431926,3.1696879292908133,1.931779294416659
2025-01-18 01:00:00,1,0,5,0.13392181893316665,4.421171268872666,3.4398380296789384,2.027381998150679
2025-01-18 01:05:00,1,5,5,0.0,4.152831659986379,2.38885821017116,1.9435307255245402
2025-01-18 01:10:00,1,10,5,0.0,4.158069801738458,2.9061657486001344,2.1590498334734556
2025-01-18 01:15:00,1,15,5,0.6626380452185188,4.033919535278987,2.909762936960374,2.2197939991638274
2025-01-18 01:20:00,1,20,5,0.413557714282884,3.895066243886927,3.1116198744813417,1.799981907705988
2025-01-18 01:25:00,1,25,5,0.07898715612572585,4.152238474540302,2.971925332877715,1.84489331114492
2025-01-18 01:30:00,1,30,5,0.0,3.698783417919586,3.0369517293707338,1.8437018265529757
2025-01-18 01:35:00,1,35,5,0.10569828373532945,3.916448975015837,3.0148870461018125,1.9455388498019177
2025-01-18 01:40:00,1,40,5,0.5313286453937632,3.6457886395325634,2.969555349064035,2.4101880759596197
2025-01-18 01:45:00,1,45,5,0.0,3.8592687245369834,2.927902954658559,1.613113382476562
2025-01-18 01:50:00,1,50,5,0.6755570449933576,4.128409018378712,3.2031652289468697,2.201591180360402
2025-01-18 01:55:00,1,55,5,0.6463726447591035,4.101078675244093,2.604211965240635,1.8598200757583865
2025-01-18 02:00:00,2,0,5,0.8318664160717367,4.010182739107094,3.0871621113693046,2.1048406522434133
2025-01-18 02:05:00,2,5,5,0.15262156326567647,4.034080198812402,2.999055247309456,2.003565075786657
2025-01-18 02:10:00,2,10,5,0.2936958499030061,3.622827076427158,2.812282425383363,1.5200302573088627
2025-01-18 02:15:00,2,15,5,0.707093644165545,3.925487543885817,3.4099014636367073,1.8062665444586572
2025-01-18 02:20:00,2,20,5,0.2236969685344878,3.863729678712958,3.0353011380128967,1.9682304008681328
2025-01-18 02:25:00,2,25,5,0.0,3.868188061897092,3.179439510454709,2.022979442696432
2025-01-18 02:30:00,2,30,5,0.0,4.119915725562751,3.0306881906184,1.4731363503982142
2025-01-18 02:35:00,2,35,5,0.11927747688686959,3.827898534698938,2.833332185491549,2.1489266093197994
2025-01-18 02:40:00,2,40,5,0.0,3.879063829974518,3.1309336450143856,1.8096694352765577
2025-01-18 02:45:00,2,45,5,0.0,3.5825861508580967,2.6843942834557755,2.0253158613445863
2025-01-18 02:50:00,2,50,5,0.5482735591151269,3.941175363924766,2.418645190240837,1.7702651495324475
2025-01-18 02:55:00,2,55,5,0.0,3.782432490457276,3.352032215031062,2.2890134657747536
2025-01-18 03:00:00,3,0,5,0.7672410508972575,4.015840585737929,3.097449871753029,2.0614672628962514
2025-01-18 03:05:00,3,5,5,0.5611871093515798,3.8097783906515073,2.6099658430951203,1.8518665526701767
2025-01-18 03:10:00,3,10,5,0.0,4.020908449109843,2.940966280406845,1.8561172500997623
2025-01-18 03:15:00,3,15,5,0.2716954139359048,3.9710628478515315,2.929951333018427,2.259844884869259
2025-01-18 03:20:00,3,20,5,0.0015738634531633165,4.334408354608464,2.8916353877457355,1.931812163888647
2025-01-18 03:25:00,3,25,5,0.6149951842193415,4.099443596090639,3.1479062573367504,1.7161048562794394
2025-01-18 03:30:00,3,30,5,0.4913415713849706,3.6320724254875394,2.831959084232231,1.8524554824486315
2025-01-18 03:35:00,3,35,5,0.0,3.747022231179458,3.0111184293103497,1.9310075865012668
2025-01-18 03:40:00,3,40,5,0.29363120673208837,4.011041601798467,2.9373318181305734,1.867029202579501
2025-01-18 03:45:00,3,45,5,0.0,3.81403041032147,2.785833947957049,2.1218285848421155
2025-01-18 03:50:00,3,50,5,0.04141628525904995,3.4063263139528295,2.932439176207549,2.1238037960294744
2025-01-18 03:55:00,3,55,5,0.0,4.269909262766749,2.7776745339037703,1.8669515684500715
2025-01-18 04:00:00,4,0,5,0.8740685345604177,4.144044803381082,2.955763394430647,1.974426592636758
2025-01-18 04:05:00,4,5,5,0.520030909951288,4.104195374698354,3.150873745186442,1.9138981420815282
2025-01-18 04:10:00,4,10,5,0.0,3.878535390905817,3.149348448562175,2.074988801711939
2025-01-18 04:15:00,4,15,5,0.0,4.085535354201986,2.9786294779834104,1.809740240700696
2025-01-18 04:20:00,4,20,5,0.0,3.859127935155824,3.151375053092664,1.81473250653727
2025-01-18 04:25:00,4,25,5,0.21725132304565287,4.040971460043538,2.9957439239685444,1.989211911412784
2025-01-18 04:30:00,4,30,5,0.1201029219731115,3.8158833548327045,2.9585809714765436,1.9221360554029372
2025-01-18 04:35:00,4,35,5,0.6265664123841217,4.303257690111203,2.835584661007666,1.6766127125259844
2025-01-18 04:40:00,4,40,5,0.39495986109042613,3.685952669183631,3.2807609465680705,1.90165530714855
2025-01-18 04:45:00,4,45,5,0.4847845128764534,4.246456765902166,2.974377580976506,1.973154523213212
2025-01-18 04:50:00,4,50,5,0.16342770030521866,4.007783165603466,3.2191208674457497,2.386638844303528
2025-01-18 04:55:00,4,55,5,0.0,3.9021066009316017,3.031969483917737,1.9685994663086164
2025-01-18 05:00:00,5,0,5,0.0,4.033400584339148,2.7753085985681176,1.711282310117447
2025-01-18 05:05:00,5,5,5,0.5300448699543328,4.146669601435637,2.6452050140711796,1.8408310080953063
2025-01-18 05:10:00,5,10,5,0.0,4.273349347338879,2.581829040537377,2.2157659907480225
2025-01-18 05:15:00,5,15,5,0.2515451843118734,4.062628604626706,3.0846192487986848,1.949671897063044
2025-01-18 05:20:00,5,20,5,0.0,3.8218607829475446,3.221876796152158,1.785768784519345
2025-01-18 05:25:00,5,25,5,0.0,4.011126024753158,2.836003788927089,1.613241343939651
2025-01-18 05:30:00,5,30,5,0.0,4.363358647332475,3.1548707390040422,1.8379317427381452
2025-01-18 05:35:00,5,35,5,0.15452372151632696,4.269535617102525,3.0031391226551647,2.2005152801149355
2025-01-18 05:40:00,5,40,5,0.0,4.181752695624872,3.2741701510998844,1.994170729701886
2025-01-18 05:45:00,5,45,5,0.0,4.159137404024477,3.0768474872542715,1.819229950791268
2025-01-18 05:50:00,5,50,5,0.0,4.139890018121308,3.3366746686015065,1.9667698879401267
2025-01-18 05:55:00,5,55,5,0.559622458782048,4.231750966901974,3.016056990373624,1.9186293855473548
2025-01-18 06:00:00,6,0,5,0.0,3.908674242855619,3.239849799682751,2.039918784616638
2025-01-18 06:05:00,6,5,5,0.9445266229087019,3.7289827868449987,3.1521869154827247,2.0707916279957765
2025-01-18 06:10:00,6,10,5,1.200567798923815,4.013800700147412,2.955918123356799,2.1858937122599182
2025-01-18 06:15:00,6,15,5,0.6135083099405587,3.8364836826444617,3.069063238915076,1.8078041878305533
2025-01-18 06:20:00,6,20,5,0.367333061202906,3.788995848924563,2.802157723238124,2.029765345806327
2025-01-18 06:25:00,6,25,5,0.04571980965297784,3.8559442846824137,3.1814915804775254,2.3278841097012806
2025-01-18 06:30:00,6,30,5,0.56924338568712,4.4970627849067375,2.644557308483839,2.005131969819744
2025-01-18 06:35:00,6,35,5,0.8343164494498361,4.027224926815169,3.0979295324349994,2.0591338269989525
2025-01-18 06:40:00,6,40,5,2.4257165904000564,4.072381567272197,3.2018654210067417,2.1311067952983005
2025-01-18 06:45:00,6,45,5,2.0088155137747554,3.7555274385991493,2.8028999632839318,1.7970416622618537
2025-01-18 06:50:00,6,50,5,2.359198401427022,3.631249408241474,3.062490971230345,2.198101084884505
2025-01-18 06:55:00,6,55,5,1.2666484187941685,3.836189471376239,3.028683510590539,1.6844133860863444
2025-01-18 07:00:00,7,0,5,1.9892072364165765,4.28763911704175,3.1858485754051182,2.7074547567595992
2025-01-18 07:05:00,7,5,5,3.2418300285330632,4.066855093215304,3.39540647272486,2.535387190960986
2025-01-18 07:10:00,7,10,5,3.1504450512340254,4.119719018288879,3.8196254117455273,2.1393372857140136
2025-01-18 07:15:00,7,15,5,3.1407920136888174,4.147713207840412,3.3757272032294137,2.343138155987817
2025-01-18 07:20:00,7,20,5,3.702622612556748,3.8817301240403443,3.60662076095836,2.7318664534815977
2025-01-18 07:25:00,7,25,5,4.442279285904924,4.277593116794674,3.0559197629303654,2.498339092250119
2025-01-18 07:30:00,7,30,5,3.716313091882373,3.8734384801555635,3.7607987312138635,1.9435640645617493
2025-01-18 07:35:00,7,35,5,4.062151799916406,4.28124647185251,3.4806822675681177,2.1352646677650315
2025-01-18 07:40:00,7,40,5,4.322481076772648,4.088460431227068,3.30752992893514,1.7484896231555433
2025-01-18 07:45:00,7,45,5,5.61894171982701,3.6421909691507355,3.917820235626508,2.3932512617789463
2025-01-18 07:50:00,7,50,5,3.5678080001408254,3.850398102679893,3.2578424407892257,2.598480113637145
2025-01-18 07:55:00,7,55,5,5.151499196588281,3.643012293425579,3.187306930193825,2.1588266413356116
2025-01-18 08:00:00,8,0,5,4.942598875620467,4.232656426558842,3.9530987509441182,3.0425989084980394
2025-01-18 08:05:00,8,5,5,5.471118444697305,3.9950529158395196,3.3223808983152554,2.8202064129748536
2025-01-18 08:10:00,8,10,5,5.044309806470874,3.554331512010044,3.606812133196426,2.075850612486895
2025-01-18 08:15:00,8,15,5,5.531219814766796,4.075149376343932,3.2215604318450644,2.9653299397590804
2025-01-18 08:20:00,8,20,5,6.09146965324321,3.892567147522336,3.0719614901527468,3.1842998014224575
2025-01-18 08:25:00,8,25,5,7.469551584157743,3.703238828993335,3.328591347226466,2.97424447188797
2025-01-18 08:30:00,8,30,5,6.491632384788242,4.335593167393739,3.408330861607149,2.7399710774503454
2025-01-18 08:35:00,8,35,5,5.835201922825338,4.021457173219316,3.9185099420362066,2.916986145304303
2025-01-18 08:40:00,8,40,5,6.215996255854041,3.9413137195373373,3.324690340762109,2.2427835700302623
2025-01-18 08:45:00,8,45,5,6.366751096808762,3.9201150438027965,3.4756363970746595,2.1098561136898066
2025-01-18 08:50:00,8,50,5,5.858080489841596,3.6973441061684458,3.5717792526831675,2.2537610043167455
2025-01-18 08:55:00,8,55,5,6.750085461971973,3.739090220083178,3.8248129320628745,2.3289662751345586
2025-01-18 09:00:00,9,0,5,7.437482352776348,4.256983356975017,2.977322309155994,2.920274432850789
2025-01-18 09:05:00,9,5,5,6.586523561059158,3.905223426042856,3.555010400999559,2.508740467126022
2025-01-18 09:10:00,9,10,5,7.897014693626536,4.004413540187373,3.8283184354838626,2.761472950689447
2025-01-18 09:15:00,9,15,5,7.762285485331942,3.591133904759785,3.271443936796872,2.365065518192152
2025-01-18 09:20:00,9,20,5,7.293327770204262,3.7363815928408988,3.1661134249821985,2.0606643834625555
2025-01-18 09:25:00,9,25,5,7.728080012259893,4.121962503974951,3.673577760474617,2.6176552930125045
2025-01-18 09:30:00,9,30,5,8.732694306732867,4.075542352022767,3.728248763456755,2.8844816324487828
2025-01-18 09:35:00,9,35,5,8.43121994942776,4.350675039744863,3.7323424384777018,2.7590378428915776
2025-01-18 09:40:00,9,40,5,8.195912270338992,4.268591266326245,2.876611622548359,2.4079044274225017
2025-01-18 09:45:00,9,45,5,8.19585446454496,3.9538578055030356,3.789372948400996,2.149537379138435
2025-01-18 09:50:00,9,50,5,8.472218993354689,4.094590712942654,3.5275014148513293,2.6558393321840517
2025-01-18 09:55:00,9,55,5,8.293236927758315,3.936679311419385,3.632856048151546,2.61063889238749
2025-01-18 10:00:00,10,0,5,7.607879284984878,4.41096196372773,3.119782543809115,2.036148778985644
2025-01-18 10:05:00,10,5,5,9.788356512342443,4.22980293921048,2.707414358521797,2.1013911070806985
2025-01-18 10:10:00,10,10,5,8.947770831381916,4.03393701817155,3.0569493121107487,1.7100503098289093
2025-01-18 10:15:00,10,15,5,9.167801047888153,4.04007895697527,3.275947042217314,2.106767539949608
2025-01-18 10:20:00,10,20,5,9.034123995428045,4.288970057451961,2.7239303358045084,1.8365549672055699
2025-01-18 10:25:00,10,25,5,8.785556390832177,4.11591556942277,2.887189591650764,1.8870473122398703
2025-01-18 10:30:00,10,30,5,9.145833084638483,4.3117256034140174,3.0586100377636884,1.8047296497883476
2025-01-18 10:35:00,10,35,5,8.52038131173083,3.5612704147482255,3.225627349424387,2.209160690273598
2025-01-18 10:40:00,10,40,5,10.535469456885735,4.092245652299759,3.123863461919918,2.0088483550787704
2025-01-18 10:45:00,10,45,5,8.852045295739858,3.896913027063723,3.1874895030303074,1.9448104554391983
2025-01-18 10:50:00,10,50,5,9.02118636555868,4.351275597525598,2.855102227723358,2.2380219291239483
2025-01-18 10:55:00,10,55,5,9.380368941666086,4.309279737437966,3.063508551403802,1.8631884718837217
2025-01-18 11:00:00,11,0,5,10.303296125316871,4.006567161820262,2.9164515265916844,1.8527144032469465
2025-01-18 11:05:00,11,5,5,9.72067519776394,4.307126195762207,3.404434971765721,2.0008196874901047
2025-01-18 11:10:00,11,10,5,9.144892173184102,4.356622903998502,3.031554262250734,2.144243809572388
2025-01-18 11:15:00,11,15,5,10.435021984410975,4.01488133438523,2.756927803478599,2.2193094532572446
2025-01-18 11:20:00,11,20,5,10.213577843514821,4.494386754486372,2.8784307738424295,2.3660032572230296
2025-01-18 11:25:00,11,25,5,10.152832583285832,3.9937317694660557,2.9374682539970816,2.207528002952637
2025-01-18 11:30:00,11,30,5,10.272315734323524,3.9570958099328184,2.5006403765761824,1.764973384782806
2025-01-18 11:35:00,11,35,5,11.137744332514421,4.173174517716869,2.9412785682004747,1.5938434003750217
2025-01-18 11:40:00,11,40,5,11.054494428435511,3.9292418537715372,3.1201768897682807,2.06259162508725
2025-01-18 11:45:00,11,45,5,9.635231560884387,4.0170679551589785,2.8018344700280244,1.9968082740271003
2025-01-18 11:50:00,11,50,5,10.802424712224154,4.281886884810182,3.161295445984625,1.5793900966260053
2025-01-18 11:55:00,11,55,5,10.189204365678542,4.003843770443454,2.7453021967530686,1.9329823401553312
2025-01-18 12:00:00,12,0,5,10.249547908068875,3.6609964414049383,3.004744725326495,1.9882777156796914
2025-01-18 12:05:00,12,5,5,9.151484854977427,4.073463877569839,3.177858957087142,2.0954422491310796
2025-01-18 12:10:00,12,10,5,9.905289333124479,3.8607412841895212,3.139326968114212,1.722024853439127
2025-01-18 12:15:00,12,15,5,9.572177437217753,4.173054231458909,3.028964770959876,1.9385714981524114
2025-01-18 12:20:00,12,20,5,10.37597638836411,4.1392379431652495,3.2924143763337534,2.03487912747558
2025-01-18 12:25:00,12,25,5,10.476103632424598,4.294280069633304,2.8661892130567943,2.170500255191008
2025-01-18 12:30:00,12,30,5,8.87720543822995,4.181506460158539,3.1126595591729296,1.835679665471904
2025-01-18 12:35:00,12,35,5,9.872597672675472,4.218048856731613,2.930302059446165,1.9337107080783278
2025-01-18 12:40:00,12,40,5,10.409008282519208,3.8661806479724574,3.2454922184559076,2.0406483747756883
2025-01-18 12:45:00,12,45,5,9.714513322875582,4.160797299178101,3.1453564957120346,1.9013456557739834
2025-01-18 12:50:00,12,50,5,10.127491893700515,4.393690257872058,3.066960058227888,2.2606721805859316
2025-01-18 12:55:00,12,55,5,9.889003431946156,3.8622700182726466,2.9277846469498705,2.023030960767555
2025-01-18 13:00:00,13,0,5,9.830088378866996,4.35994765834542,2.7273387487524787,1.8468883820179944
2025-01-18 13:05:00,13,5,5,9.464841054825138,3.890129981759734,2.9331114216004353,1.7878321382096558
2025-01-18 13:10:00,13,10,5,8.928879105414415,3.829605750990005,3.264394735504369,1.8323985959516973
2025-01-18 13:15:00,13,15,5,8.908536221238544,4.059240088670967,3.157359718423449,2.037367247506295
2025-01-18 13:20:00,13,20,5,9.751602465086744,4.143182083225762,3.0061703897020924,2.2972327289930314
2025-01-18 13:25:00,13,25,5,9.329807820587428,4.182350024794453,2.547879940614484,1.960759020635379
2025-01-18 13:30:00,13,30,5,9.169539202809256,3.8076475158453595,2.7839239326869114,1.6077159181733924
2025-01-18 13:35:00,13,35,5,8.941169770033294,4.086908019450858,2.7610536532484615,2.0034475070006144
2025-01-18 13:40:00,13,40,5,8.910483447626124,3.862889085703299,2.8549305741587108,2.1793227179650296
2025-01-18 13:45:00,13,45,5,9.492183312570953,3.7022155487858845,2.957230830411734,1.9350523290558115
2025-01-18 13:50:00,13,50,5,8.702486290848205,3.814252736893443,2.9359438098987813,1.9803011187740922
2025-01-18 13:55:00,13,55,5,8.096735200424293,3.8498199268088364,2.9163042930114496,1.8297492604871675
2025-01-18 14:00:00,14,0,5,9.032079925614473,4.104319032070501,3.197836976795207,1.8751809899222107
2025-01-18 14:05:00,14,5,5,8.446680374797106,4.230442732613733,2.923294676730763,2.085881016018062
2025-01-18 14:10:00,14,10,5,8.449612390895247,3.7053586740249465,3.0637482492314505,1.82131238753079
2025-01-18 14:15:00,14,15,5,9.118485276225208,4.070392214841611,3.1509963888221493,2.107534067967681
2025-01-18 14:20:00,14,20,5,8.181240164214664,3.764660362845819,3.0355949668374507,1.9137366298837015
2025-01-18 14:25:00,14,25,5,8.20903787923419,4.1258170818028,2.9186538618957183,1.959640579399678
2025-01-18 14:30:00,14,30,5,7.344071657263188,3.8754538837992505,2.753633611774447,1.9921463102806087
2025-01-18 14:35:00,14,35,5,7.689010104753337,3.789734196395344,3.1784204080893996,2.175274237966805
2025-01-18 14:40:00,14,40,5,7.965207453794081,4.159932903069515,2.9238296457447093,2.212816654545107
2025-01-18 14:45:00,14,45,5,6.740711207869152,3.882615478910981,3.381180910905889,1.9367584929474346
2025-01-18 14:50:00,14,50,5,7.473195914659096,3.9368072097294604,3.1383029412864336,1.5474380074618415
2025-01-18 14:55:00,14,55,5,7.274035156919963,3.556002182488725,2.748370654363602,2.018224205866704
2025-01-18 15:00:00,15,0,5,7.091711539659195,4.189310272284695,2.7986533874963224,2.4078404089444896
2025-01-18 15:05:00,15,5,5,7.433710007151812,4.164181704233822,3.119575937459311,2.193166329371626
2025-01-18 15:10:00,15,10,5,6.923121333580864,4.001091568856263,2.994194718767883,1.7993583960272694
2025-01-18 15:15:00,15,15,5,7.332494100178911,3.694483811728848,2.896237943565024,2.050876095925272
2025-01-18 15:20:00,15,20,5,5.931081339068377,4.2418738356669525,2.8724169323181976,2.13423839834544
2025-01-18 15:25:00,15,25,5,6.327197005449766,3.866747322727842,3.1422829938409276,2.0009962607879177
2025-01-18 15:30:00,15,30,5,6.129847683282183,3.9093293099798823,2.6348729825966,2.342956986733192
2025-01-18 15:35:00,15,35,5,5.378469236758282,4.4624088112719065,2.9574654286620965,2.541855329694207
2025-01-18 15:40:00,15,40,5,6.213911864556137,3.859272711178154,3.130507139270439,1.9580089846535886
2025-01-18 15:45:00,15,45,5,6.7180389831224305,4.1484419924853,3.089564375299601,1.5961428965842777
2025-01-18 15:50:00,15,50,5,5.364493046226322,4.112418452416524,3.205228480647193,2.5133882475058953
2025-01-18 15:55:00,15,55,5,5.440243125742101,4.078034438576017,2.582153305231324,1.9425181980348585
2025-01-18 16:00:00,16,0,5,5.042259237907663,4.0564001085109025,2.9789323754416945,2.1750457258326126
2025-01-18 16:05:00,16,5,5,4.4530953542402925,4.07527771237784,3.4211951348331073,2.076576424519113
2025-01-18 16:10:00,16,10,5,3.707105993449331,4.054388118188108,3.4283583648431053,2.0340864953769326
2025-01-18 16:15:00,16,15,5,4.070000160642331,3.9896163282447876,3.090284763759246,2.065647113232051
2025-01-18 16:20:00,16,20,5,3.5302034269311333,4.3022566248221485,3.244059956601017,1.9155357883779593
2025-01-18 16:25:00,16,25,5,4.879517937616928,3.737467887840144,3.1636573517523017,1.7538406787487146
2025-01-18 16:30:00,16,30,5,3.769279476689279,4.204291620803075,2.9430991790697183,1.8726512754122384
2025-01-18 16:35:00,16,35,5,3.451420718313437,4.164468459737511,3.0175923117235883,1.9367840501192437
2025-01-18 16:40:00,16,40,5,3.8647783456505875,4.1396798242658805,3.226426738491395,1.8242663809656716
2025-01-18 16:45:00,16,45,5,2.6535191016036737,4.223395885528026,2.6537368128377974,1.7285432360576884
2025-01-18 16:50:00,16,50,5,2.623625976040457,3.9814801209463213,3.198833609260264,1.8060885313367556
2025-01-18 16:55:00,16,55,5,2.832326274934229,3.6262051848346246,3.079568883104142,1.941042499350384
2025-01-18 17:00:00,17,0,5,3.1025749467369503,3.985541468057103,3.164848810950651,1.953846858976678
2025-01-18 17:05:00,17,5,5,2.6277014458461276,3.8017611564750893,3.5528697032234273,2.379623403163701
2025-01-18 17:10:00,17,10,5,2.2885587106389687,3.8536281580283873,2.9369579639188617,1.9095730821810029
2025-01-18 17:15:00,17,15,5,1.9899620877792943,3.7515160652335178,3.6264652301616924,1.784229807734282
2025-01-18 17:20:00,17,20,5,1.9365997044326946,3.904531028311233,2.98899529041633,2.0044897839410853
2025-01-18 17:25:00,17,25,5,1.6220603144637937,3.88067526120331,2.999532420437085,1.6522576558938946
2025-01-18 17:30:00,17,30,5,0.7902757848120479,3.5244860340145796,3.0993204819351883,1.8059299817215366
2025-01-18 17:35:00,17,35,5,1.1117083593362258,4.140044382256458,3.287197824833814,1.7088069915130757
2025-01-18 17:40:00,17,40,5,0.33471309801770566,4.444064371600977,3.0118931854750954,1.5567758706096224
2025-01-18 17:45:00,17,45,5,0.6945725637518431,4.121247438699258,2.5691232587318553,1.8321296083414735
2025-01-18 17:50:00,17,50,5,0.19586990290924444,3.959415208693154,2.8603579835325945,2.293145282597887
2025-01-18 17:55:00,17,55,5,1.4878396617370384,3.989050720864757,2.9918816327476203,2.2584813801823107
2025-01-18 18:00:00,18,0,5,0.0,3.915802826397365,3.386064021596997,2.6818255548640995
2025-01-18 18:05:00,18,5,5,0.0,4.0180083167733915,3.28235740492433,2.2619580792704195
2025-01-18 18:10:00,18,10,5,0.0,3.992598381185353,2.9537449583246316,2.600726198155382
2025-01-18 18:15:00,18,15,5,0.25967937281894404,3.831790313920341,3.578625024410045,2.7331938661857555
2025-01-18 18:20:00,18,20,5,0.8366819730762618,4.336577677789566,3.5644754861424186,3.10785879315819
2025-01-18 18:25:00,18,25,5,0.0,3.7025691528580458,3.552808291003253,2.7975480143014364
2025-01-18 18:30:00,18,30,5,0.0,4.143666308638849,3.402767275100269,2.227458989709583
2025-01-18 18:35:00,18,35,5,0.4084185057154906,3.979760474536494,3.715308551055991,2.4732556036538975
2025-01-18 18:40:00,18,40,5,0.0,4.380166363013149,3.7496129137788863,2.605880962553404
2025-01-18 18:45:00,18,45,5,0.0,4.068172919849644,3.262096001962953,2.8223013633031084
2025-01-18 18:50:00,18,50,5,0.0,3.92801889256335,3.2386430138646,2.6875978789886514
2025-01-18 18:55:00,18,55,5,0.0,3.9504585603131006,3.884483333457756,2.3846215484754527
2025-01-18 19:00:00,19,0,5,0.3445822285371678,4.007981338903952,3.8467983361016946,2.6192850502159577
2025-01-18 19:05:00,19,5,5,0.0,3.77144186100072,3.755583133518879,2.2489732926692243
2025-01-18 19:10:00,19,10,5,0.0,3.8466260949764175,3.564290069616124,2.077575606992649
2025-01-18 19:15:00,19,15,5,0.0,3.6430112061616287,4.013390154593139,1.895800503524648
2025-01-18 19:20:00,19,20,5,0.07479897875939402,3.815404620325181,3.393574454111345,2.2204874217401134
2025-01-18 19:25:00,19,25,5,0.048913587353961334,4.01878129633209,3.7024101245606715,3.0771837837789757
2025-01-18 19:30:00,19,30,5,0.2180028876112899,4.060035009856904,3.6964745296062578,3.388385109085405
2025-01-18 19:35:00,19,35,5,0.42191975482086863,3.6041340610007198,3.086617947032348,2.1096447602414305
2025-01-18 19:40:00,19,40,5,0.196317057825484,3.97255765939116,3.23206573051538,2.536373408588772
2025-01-18 19:45:00,19,45,5,0.22679276175460922,4.112681990164426,3.191923287415025,2.2745011737084924
2025-01-18 19:50:00,19,50,5,0.0,3.967417561324753,3.6861450571781864,2.1282484350658546
2025-01-18 19:55:00,19,55,5,0.02511384958284022,3.87324227084444,3.1600411961089696,2.380438374102978
2025-01-18 20:00:00,20,0,5,0.2397537740008043,3.9175677709903574,3.408667078748204,2.8030047151663946
2025-01-18 20:05:00,20,5,5,0.36447059728522513,3.8918473290045554,3.229808075606564,2.283916004763731
2025-01-18 20:10:00,20,10,5,0.0,3.8726538881783887,3.674501034883702,2.740418297135015
2025-01-18 20:15:00,20,15,5,0.0,4.0347647050489694,3.9286173401379765,2.640736106459426
2025-01-18 20:20:00,20,20,5,0.0,4.46153764554709,3.539109217988548,2.6725115220238465
2025-01-18 20:25:00,20,25,5,0.2682069499456717,3.8512600166189634,3.419776158233436,2.4175697216873564
2025-01-18 20:30:00,20,30,5,0.5169405274621043,3.9363714734677147,2.967766906316374,2.7680247870068
2025-01-18 20:35:00,20,35,5,0.0,3.9896604121249535,3.563437683515524,2.733111779910492
2025-01-18 20:40:00,20,40,5,0.45398115681352447,3.8625291131283412,2.655256851656812,2.4858694876319363
2025-01-18 20:45:00,20,45,5,0.061739904582297105,4.219647160704685,3.24323554808671,2.95040875144607
2025-01-18 20:50:00,20,50,5,0.0,3.525822925338712,3.6842650746451486,2.570270623243168
2025-01-18 20:55:00,20,55,5,0.0,3.893788165924265,3.370420109197693,2.619162493039494
2025-01-18 21:00:00,21,0,5,0.3733056823010786,4.163662747263992,3.2215443111865687,2.4700823956942703
2025-01-18 21:05:00,21,5,5,0.16278890839353505,3.9411811383222735,3.326490983903774,3.1799468964945072
2025-01-18 21:10:00,21,10,5,1.1379127138238188,3.8358322082299416,3.940984326857252,2.8189142451948492
2025-01-18 21:15:00,21,15,5,0.0,4.0881513508877525,3.0529066933537528,2.759247133685216
2025-01-18 21:20:00,21,20,5,0.25905085101498787,4.18126864707943,3.556300002542581,2.8670380418548436
2025-01-18 21:25:00,21,25,5,0.0,4.042127089043012,3.596718528538082,2.4979847001885087
2025-01-18 21:30:00,21,30,5,0.0,3.839755928037423,3.5701352889009677,1.9583100125132367
2025-01-18 21:35:00,21,35,5,0.0,4.091240663830349,3.2697790183496607,2.6120006616109817
2025-01-18 21:40:00,21,40,5,0.06867623970351801,3.919590139945042,3.841816507521975,2.3348520651063644
2025-01-18 21:45:00,21,45,5,1.4590867775300462,4.149037376378765,3.4877579360408197,2.019702266597383
2025-01-18 21:50:00,21,50,5,0.0,4.296651776971318,3.937793244006128,2.8341225196699362
2025-01-18 21:55:00,21,55,5,0.0,3.4788846488622935,3.6956307855701596,2.6220418562892673
2025-01-18 22:00:00,22,0,5,0.13650535874719286,4.022213494639127,3.3105098130293595,1.8389978017370565
2025-01-18 22:05:00,22,5,5,0.0,3.6528532126104745,2.8173676887346684,2.2123039572512857
2025-01-18 22:10:00,22,10,5,0.0,4.488357717065954,3.198862676341625,1.7613008827821695
2025-01-18 22:15:00,22,15,5,0.008012641147580213,3.906375093240762,2.8937280236846266,2.337818626215478
2025-01-18 22:20:00,22,20,5,0.3973001914726057,4.149274648365075,3.0823334656431807,2.1574323036036342
2025-01-18 22:25:00,22,25,5,0.48681112471392346,3.992936628081021,2.7681906914941288,2.1313289049074355
2025-01-18 22:30:00,22,30,5,0.0,3.839383083856188,2.716091690845824,1.604035726879863
2025-01-18 22:35:00,22,35,5,0.0,3.8155893905645146,3.145364792036174,2.2868890339268977
2025-01-18 22:40:00,22,40,5,0.0,4.317135834620152,2.9492427848501666,1.8906898636291083
2025-01-18 22:45:00,22,45,5,0.0,4.191187612035662,3.342169731249274,1.9610433261770785
2025-01-18 22:50:00,22,50,5,0.15494738969031727,4.388716817475513,2.986846255288548,2.3387914452880674
2025-01-18 22:55:00,22,55,5,0.0,4.01109066703154,2.929283037394358,1.8691944781310268
2025-01-18 23:00:00,23,0,5,0.0,4.0575839242492,3.1631016448274174,1.8576287691241768
2025-01-18 23:05:00,23,5,5,0.0,3.946561686868942,2.9710796923755636,1.7361682796575602
2025-01-18 23:10:00,23,10,5,0.27484159314512985,3.942583559376998,3.0370794176753027,2.0136194974406187
2025-01-18 23:15:00,23,15,5,0.900715049633244,3.7916226135045266,3.193604054944629,2.171451307332346
2025-01-18 23:20:00,23,20,5,0.0,4.016802038184871,3.1103036016939165,2.0788511385562027
2025-01-18 23:25:00,23,25,5,0.0,3.8421506810227606,2.9853491772495317,2.1219111937991606
2025-01-18 23:30:00,23,30,5,0.0,4.0883817844328405,2.7775335652662028,1.5302067856291381
2025-01-18 23:35:00,23,35,5,0.00784889797887919,4.0340020437960415,3.2323835342425786,2.1348320924495825
2025-01-18 23:40:00,23,40,5,0.10932965337864886,4.057536408735144,2.974602713144017,2.214911721689197
2025-01-18 23:45:00,23,45,5,0.0,4.335025987938045,2.8537005166106946,1.8589014935833699
2025-01-18 23:50:00,23,50,5,0.0,3.9924564100468816,2.8311724552611666,2.113524395023177
2025-01-18 23:55:00,23,55,5,0.1837552052703011,4.151345400570686,2.6834083845570493,1.8466076786435917
2025-01-19 00:00:00,0,0,6,0.5202154463224195,4.410301892817117,3.057943004647227,1.7591697848154777
2025-01-19 00:05:00,0,5,6,0.0,4.261323413859009,2.8679379188677627,1.5576864845770872
2025-01-19 00:10:00,0,10,6,0.0,4.230633939690969,3.1211613298803074,1.8624329613315442
2025-01-19 00:15:00,0,15,6,0.1069043969705317,3.9386623568959,2.780143749971769,1.7409954548082849
2025-01-19 00:20:00,0,20,6,0.0,4.04592861111356,2.91635729755898,1.683968882621712
2025-01-19 00:25:00,0,25,6,0.8655848158836498,3.736344741594012,3.3884759354297334,1.5230510765662029
2025-01-19 00:30:00,0,30,6,0.0,4.099782880192883,2.909876170042702,2.021381385858251
2025-01-19 00:35:00,0,35,6,0.0,4.0548920355227684,2.8449241991726892,2.042426347458623
2025-01-19 00:40:00,0,40,6,0.2780110484211454,4.004677025031236,2.840079685010768,2.3060188927346297
2025-01-19 00:45:00,0,45,6,0.0,4.205438957648572,2.776224597178045,1.5297552117303361
2025-01-19 00:50:00,0,50,6,0.0,3.7584450355151207,2.740300029909336,2.0772989549627425
2025-01-19 00:55:00,0,55,6,0.0,4.326972570232069,2.9764151240902272,2.1504265815964234
2025-01-19 01:00:00,1,0,6,0.5147202779635203,4.180352937588057,3.1003489233421933,1.8727439300549593
2025-01-19 01:05:00,1,5,6,0.0,3.985873204069605,2.9021833012408904,1.9229342448693547
2025-01-19 01:10:00,1,10,6,0.0,3.9702540824365213,3.3768692166993306,2.138164462937474
2025-01-19 01:15:00,1,15,6,0.46283610475136083,4.096122243049719,3.3783373798357013,2.1681558744683627
2025-01-19 01:20:00,1,20,6,0.0,4.304170246412756,2.9872833210156897,1.796127702602867
2025-01-19 01:25:00,1,25,6,0.0,4.020321543738002,3.040303934229749,1.987826165556754
2025-01-19 01:30:00,1,30,6,0.07472804483165477,4.028806180395845,2.981270542932357,1.95818018462015
2025-01-19 01:35:00,1,35,6,0.3853751048093937,4.0036236955251745,2.5895074584847553,2.252167963306931
2025-01-19 01:40:00,1,40,6,1.190856765866273,4.356404822540295,2.9899093021565366,1.7171493767942716
2025-01-19 01:45:00,1,45,6,0.41361805382871153,3.9262233794125954,3.096352541814729,1.8288327662786943
2025-01-19 01:50:00,1,50,6,0.5799199831941722,3.9940984802761856,3.1124281245941567,2.176331292102492
2025-01-19 01:55:00,1,55,6,0.0,4.292687130852199,3.2039272981338636,1.9678166546690359
2025-01-19 02:00:00,2,0,6,0.0,4.029402166722573,2.9172444543962968,1.874892327947066
2025-01-19 02:05:00,2,5,6,0.03116567480956148,4.227411772009105,2.8554887823079005,1.9965539871578166
2025-01-19 02:10:00,2,10,6,0.053584957629798105,3.8177439886194082,2.958131387521652,1.8349392368355668
2025-01-19 02:15:00,2,15,6,0.0,3.958941495674297,2.771243049239419,1.9782487815482834
2025-01-19 02:20:00,2,20,6,0.0,4.296886807688046,2.913160476411234,1.771726605343627
2025-01-19 02:25:00,2,25,6,0.19965880085956544,3.864732056847291,3.1661142026842817,2.35441855016505
2025-01-19 02:30:00,2,30,6,0.18019669750904008,3.9697401920460584,3.1925176427968447,1.8559623976647912
2025-01-19 02:35:00,2,35,6,0.2521439266921362,4.051337046178296,2.9899540630820125,2.308085790337492
2025-01-19 02:40:00,2,40,6,0.14548236506872148,3.8021690964014025,2.7652600714445015,2.156519025337045
2025-01-19 02:45:00,2,45,6,0.0,3.9172379762756204,2.7103833583712023,2.336807525486266
2025-01-19 02:50:00,2,50,6,0.0,4.022527336365128,2.913937095049802,2.4458087449047627
2025-01-19 02:55:00,2,55,6,0.0,4.009336346832392,3.345612759728366,1.9787138980837224
2025-01-19 03:00:00,3,0,6,0.8923875195925475,4.256070404167427,2.856118925377918,2.0389550943781827
2025-01-19 03:05:00,3,5,6,0.0067251823096465034,4.30829143896645,2.963968206670687,1.9196866072828815
2025-01-19 03:10:00,3,10,6,0.0,3.828783025599818,2.6683773490843405,1.8970892832690827
2025-01-19 03:15:00,3,15,6,0.0,4.022253703833498,2.777904175648752,2.110329541285047
2025-01-19 03:20:00,3,20,6,1.4678289511638891,4.134849661684953,3.198214263319485,2.1481368007847195
2025-01-19 03:25:00,3,25,6,0.0,4.303269493159839,3.0684750179255014,1.8294185865718195
2025-01-19 03:30:00,3,30,6,0.0,4.143698059463426,3.041080154520382,2.1585530287288752
2025-01-19 03:35:00,3,35,6,0.20791841814303025,4.058182680318466,2.882752885120054,2.0237972842790013
2025-01-19 03:40:00,3,40,6,0.30010648287213887,4.133308506396526,2.970907682146015,2.332473333922097
2025-01-19 03:45:00,3,45,6,0.478966027607842,4.134753766867252,3.1703096270529048,2.121831922349678
2025-01-19 03:50:00,3,50,6,0.9038042538846316,3.8144571415431265,2.656661253206913,2.0345674653535166
2025-01-19 03:55:00,3,55,6,0.25307882773035617,4.038559758501254,2.968997314215086,1.9672685778860255
2025-01-19 04:00:00,4,0,6,0.0,4.291832198837739,2.687317305451672,1.7824462755404862
2025-01-19 04:05:00,4,5,6,0.0,3.958528646261199,2.9863965024188435,2.2228711556380922
2025-01-19 04:10:00,4,10,6,0.15391618625694248,4.025889328509489,2.8818950860321153,1.9200122545791465
2025-01-19 04:15:00,4,15,6,1.034113020752912,3.9514967100947955,3.3562183990572416,1.9406355221664326
2025-01-19 04:20:00,4,20,6,0.0,3.537228100878625,2.974242095229284,1.9769510435896518
2025-01-19 04:25:00,4,25,6,0.6012882526126138,4.004118035446936,2.730898970719098,2.114359624683023
2025-01-19 04:30:00,4,30,6,0.0899571847732084,4.0603583861305745,2.8694247762831324,1.9939858765920524
2025-01-19 04:35:00,4,35,6,0.41891526761474035,3.8975013218238197,3.0888745928835597,2.3885115178070784
2025-01-19 04:40:00,4,40,6,0.0,3.7690726102230543,2.7364459910907515,2.1729964370132446
2025-01-19 04:45:00,4,45,6,0.0,3.82387870804367,3.1737446512347938,1.8723570454441454
2025-01-19 04:50:00,4,50,6,0.375436389700666,4.152837523227113,3.119900769610396,2.3286872302583785
2025-01-19 04:55:00,4,55,6,0.3272155135528106,4.394504954609381,2.8470057581575117,2.048293959427031
2025-01-19 05:00:00,5,0,6,0.48602848286986094,4.276486668181087,3.0809602727879573,2.10683577099071
2025-01-19 05:05:00,5,5,6,0.0,3.7311307990338896,3.1538583521432026,2.033260965650435
2025-01-19 05:10:00,5,10,6,0.0,4.170925462110141,3.1026872372696004,1.8177052699752554
2025-01-19 05:15:00,5,15,6,0.0,3.867367524838142,3.0328006987279115,1.9047317468638971
2025-01-19 05:20:00,5,20,6,0.4096866340697032,3.8835465874982447,2.7540342189691827,1.8981710901126199
2025-01-19 05:25:00,5,25,6,0.21194474122199303,3.907604880405743,3.0538912784396115,2.0871594552740387
2025-01-19 05:30:00,5,30,6,0.0,4.141213389971086,2.7463081758154457,1.8124646566550258
2025-01-19 05:35:00,5,35,6,0.0,4.191850675289808,3.144931255938644,2.1016296185231726
2025-01-19 05:40:00,5,40,6,0.0,3.9803937857440426,3.1774205324092706,2.273566085435312
2025-01-19 05:45:00,5,45,6,0.0,3.983785851798395,3.1075774219181196,1.9170384745658255
2025-01-19 05:50:00,5,50,6,0.0,4.092852748647158,3.022969891616383,2.331979420185476
2025-01-19 05:55:00,5,55,6,0.0,4.113598907904849,3.5528897995570774,2.092619273148472
2025-01-19 06:00:00,6,0,6,0.0,4.235245141351706,3.1071108277622614,2.1451416733994835
2025-01-19 06:05:00,6,5,6,0.0,3.74312560489816,3.0047585691638727,2.232770780468525
2025-01-19 06:10:00,6,10,6,0.0,4.004005467960806,3.20160905854657,2.0708752894297633
2025-01-19 06:15:00,6,15,6,1.6653264075861713,3.7863951248217647,2.936396018798877,1.6958607225245725
2025-01-19 06:20:00,6,20,6,1.4978277929911963,3.989811544187319,3.14648270952285,2.0425716630452206
2025-01-19 06:25:00,6,25,6,0.6991590377596537,3.954764942463848,2.8524464538691796,1.7740159470010746
2025-01-19 06:30:00,6,30,6,1.4414726205273207,3.9906501092194597,3.1322865698766504,1.6797527356766069
2025-01-19 06:35:00,6,35,6,1.7299664068098135,3.8400514223778934,3.059928237488761,2.168710081833779
2025-01-19 06:40:00,6,40,6,2.3320247040560425,3.702542041358514,3.1099785772833246,1.9218520451283119
2025-01-19 06:45:00,6,45,6,1.5416007068312432,3.5811124946570194,2.750125103105017,2.117403847959038
2025-01-19 06:50:00,6,50,6,2.710449531372241,3.973763969147032,3.240104618390684,1.885453329051392
2025-01-19 06:55:00,6,55,6,2.102906271158264,3.913799778833412,3.101381640058572,2.3163030237463618
2025-01-19 07:00:00,7,0,6,1.9202592489409007,3.8648124670392345,3.601654128932483,2.3809359565366637
2025-01-19 07:05:00,7,5,6,3.1603584199671686,4.264509692566332,3.8122560620189474,2.278731707752656
2025-01-19 07:10:00,7,10,6,3.6524372071039464,3.8281123626409377,3.110542395484093,2.743696357343794
2025-01-19 07:15:00,7,15,6,4.508349139796958,4.283366816427761,3.378151320954931,2.4050436957988945
2025-01-19 07:20:00,7,20,6,2.8203388007115797,4.3247687488538515,3.3119178093346786,2.358154781333775
2025-01-19 07:25:00,7,25,6,3.973840225377411,3.609819906642124,3.9209100282580596,2.9987496297351
2025-01-19 07:30:00,7,30,6,3.6219337017541315,4.018476291799794,4.038493590843383,2.827036186353254
2025-01-19 07:35:00,7,35,6,4.419146253849386,3.920060701832802,3.6398813779319714,2.070314322420066
2025-01-19 07:40:00,7,40,6,3.49093784179137,3.4176392110565468,3.443742589129895,3.147026346587106
2025-01-19 07:45:00,7,45,6,3.7915020143407316,3.711071749386317,3.369313526374204,2.9542433424316825
2025-01-19 07:50:00,7,50,6,4.229548720767096,4.1549872214216945,3.5165107457091636,1.6965572842440562
2025-01-19 07:55:00,7,55,6,4.8493697120279196,4.403839850542253,3.6921456691006886,2.8798764088534936
2025-01-19 08:00:00,8,0,6,4.679459366730821,4.180535628539849,3.4853012094078366,2.8699153013456242
2025-01-19 08:05:00,8,5,6,5.517259753561926,4.064726494502596,2.999651745674874,2.0843307208301893
2025-01-19 08:10:00,8,10,6,5.886443392597194,3.9957335236737825,3.5614592924257065,2.6431344183452596
2025-01-19 08:15:00,8,15,6,5.8554911008187,4.336532582929623,3.9069736605776835,2.6916773400245684
2025-01-19 08:20:00,8,20,6,6.545158183340896,4.429647840391528,3.141911273190487,2.563913686622316
2025-01-19 08:25:00,8,25,6,6.1210097983634935,3.8826314640951627,3.680218233586445,1.9377298003908612
2025-01-19 08:30:00,8,30,6,5.4791659349171224,3.6000026879379416,3.4869099590785955,2.3993252368185325
2025-01-19 08:35:00,8,35,6,6.940922978609762,3.5803625073457597,3.3035920778762766,2.6496331155258015
2025-01-19 08:40:00,8,40,6,6.125297979062394,4.26437619843196,3.155095542032623,2.6250638536010946
2025-01-19 08:45:00,8,45,6,7.048667400843473,3.9905882918451225,3.667847338762668,2.825128993078292
2025-01-19 08:50:00,8,50,6,7.542769184434157,4.036648382091744,3.1629742211622185,2.0484297344936357
2025-01-19 08:55:00,8,55,6,7.143474563187891,3.6418698014086575,3.5836710822017035,2.4141186298396895
2025-01-19 09:00:00,9,0,6,6.322988405283151,3.8493622174423066,4.370795078748117,2.6375495428728795
2025-01-19 09:05:00,9,5,6,6.76453353734266,3.9409038372198437,3.5174485135112543,2.4481516132970755
2025-01-19 09:10:00,9,10,6,8.034145601543807,4.041567676672814,3.1345814463681654,2.669164465886379
2025-01-19 09:15:00,9,15,6,7.4338367319683645,3.9202815922172483,3.4762564921187606,2.4765058949711696
2025-01-19 09:20:00,9,20,6,7.700231198660863,3.7925347603397315,3.5283329976495965,2.5663637589751738
2025-01-19 09:25:00,9,25,6,8.17825703901062,3.8430866014794955,2.9782233062247436,2.7511069019112795
2025-01-19 09:30:00,9,30,6,8.281694833952512,4.241664657189447,3.2460666875552233,2.458590340759412
2025-01-19 09:35:00,9,35,6,8.203845948867558,4.0489569239207,3.8857714761995865,3.0338345776810343
2025-01-19 09:40:00,9,40,6,8.087186257279685,4.1224313613911105,2.9898516684120824,2.5090734483023946
2025-01-19 09:45:00,9,45,6,8.158361900159274,3.820225237824534,3.5818739555498107,2.047740992142566
2025-01-19 09:50:00,9,50,6,8.86286387077453,3.409235302919875,3.7407774093254496,2.534878803224252
2025-01-19 09:55:00,9,55,6,8.825903472263363,3.8953791386231007,3.558247878708499,2.2247341244974197
2025-01-19 10:00:00,10,0,6,8.531604037535491,3.8266858891149007,3.08257732867627,2.1676447912779873
2025-01-19 10:05:00,10,5,6,9.308323713571648,4.069802453725615,3.025459576745187,1.8972128198073892
2025-01-19 10:10:00,10,10,6,8.805591274217324,4.657144742736368,2.9127861363907273,2.0440791414251933
2025-01-19 10:15:00,10,15,6,8.542896328159687,4.139033203523651,3.009759475676126,2.180964423823879
2025-01-19 10:20:00,10,20,6,8.683592520914827,4.547192031876698,2.9039483424951666,1.756323879451835
2025-01-19 10:25:00,10,25,6,8.663744373039588,4.11375393906789,3.0718772154641005,1.9044940294002592
2025-01-19 10:30:00,10,30,6,9.102590316811025,3.874022752485457,3.1567363898072736,2.00150772609152
2025-01-19 10:35:00,10,35,6,9.936940831996083,4.069583215624177,3.1309626408729643,1.7971365906538423
2025-01-19 10:40:00,10,40,6,8.994378617343829,4.356127719895541,3.028677252645964,1.8601473585232167
2025-01-19 10:45:00,10,45,6,9.563539175460107,4.365912519264247,2.755925269384756,1.8277784243857969
2025-01-19 10:50:00,10,50,6,9.208824834668563,3.8849325263913843,2.891104581644828,2.2489389054047706
2025-01-19 10:55:00,10,55,6,9.470344023223568,4.050636739139859,2.8858119201014683,1.7456919499443553
2025-01-19 11:00:00,11,0,6,8.904237656898056,3.714146624065771,3.0262954844993337,2.005836132135535
2025-01-19 11:05:00,11,5,6,9.603151583554345,4.164933724938286,2.9015893975979603,1.9677553068307747
2025-01-19 11:10:00,11,10,6,9.666107381296854,4.310670939811179,3.195245417199314,2.1341411530798355
2025-01-19 11:15:00,11,15,6,10.077996776050153,4.007959890823203,3.116846041374746,1.763264243095954
2025-01-19 11:20:00,11,20,6,9.959717986749766,3.8665231891279745,3.5773096123430648,2.2102504420548446
2025-01-19 11:25:00,11,25,6,9.284419042201584,4.072026190255513,3.103405712638174,1.767137645120558
2025-01-19 11:30:00,11,30,6,10.456547735759875,4.083491806272633,3.1895460225468213,1.8997742979401344
2025-01-19 11:35:00,11,35,6,10.045714902334193,4.016228766369924,2.961145839072807,1.6638441447881434
2025-01-19 11:40:00,11,40,6,10.061143739506198,4.03574302486719,2.751703382811898,2.087709299765427
2025-01-19 11:45:00,11,45,6,9.973998055693466,3.9652370299061257,3.201246935054098,2.136980883959007
2025-01-19 11:50:00,11,50,6,9.731603492207467,4.199190985645282,3.1301637993485896,1.9870467086080588
2025-01-19 11:55:00,11,55,6,10.106521440673454,4.1472454890330255,2.9186585969267576,2.0577790287130786
2025-01-19 12:00:00,12,0,6,10.237794217964291,3.8033793705711703,3.164281664620055,2.000972450986718
2025-01-19 12:05:00,12,5,6,9.124172425126314,3.797881879368281,3.242050403982681,1.9569861472367984
2025-01-19 12:10:00,12,10,6,9.72110179714553,3.9491251165946877,2.80394421294079,1.9979275515917998
2025-01-19 12:15:00,12,15,6,9.85111574718424,4.147367424821036,3.0211944556519135,1.983593986544718
2025-01-19 12:20:00,12,20,6,10.090032283764595,4.029611482778163,3.256131112176452,2.1610603961448076
2025-01-19 12:25:00,12,25,6,10.537218885186759,3.871369917975469,2.713811802275658,2.306873402839657
2025-01-19 12:30:00,12,30,6,9.528578206439715,4.052303719345166,2.4517165878341656,2.4302048745704994
2025-01-19 12:35:00,12,35,6,9.634634181268686,3.933837896095546,2.9425388972886246,1.9620864526697
2025-01-19 12:40:00,12,40,6,9.591810474798807,4.176097292044826,2.987996752205272,2.077041086568036
2025-01-19 12:45:00,12,45,6,9.407089008980034,4.06661168701341,2.9999473597466313,1.9733209622325465
2025-01-19 12:50:00,12,50,6,9.589366823643203,3.9369443625095712,3.2617836618712372,2.11311921595017
2025-01-19 12:55:00,12,55,6,10.0988218081266,4.046303754409292,2.8082392291258476,2.148134782867145
2025-01-19 13:00:00,13,0,6,9.13234051520851,4.26300961190484,3.1048214006366677,1.8909452548837562
2025-01-19 13:05:00,13,5,6,9.814405741435738,3.8860739846907246,3.1584276852724322,1.9684854797553921
2025-01-19 13:10:00,13,10,6,8.686218392473101,4.080531396329432,2.9556653055749798,1.9502173765134132
2025-01-19 13:15:00,13,15,6,9.188632296729955,3.9859079319068007,2.51437638860952,1.8946601334130797
2025-01-19 13:20:00,13,20,6,9.232181557750092,4.08539673677242,3.1426346484251204,1.9955177514192475
2025-01-19 13:25:00,13,25,6,10.157508529285018,3.869087011680854,2.74296271402885,2.1929262510384073
2025-01-19 13:30:00,13,30,6,9.101394172736525,4.022067086631875,2.9402799680913208,1.7556849018676954
2025-01-19 13:35:00,13,35,6,8.05249305446901,4.22156465648336,3.4412024923342033,1.7893654811024489
2025-01-19 13:40:00,13,40,6,8.063633416935875,3.8125986037507786,3.175898302257142,1.846137179829079
2025-01-19 13:45:00,13,45,6,8.985742208500223,3.734118979334984,3.0271653669147645,1.819563807326365
2025-01-19 13:50:00,13,50,6,9.176993759677172,3.741708887102607,2.752139163745268,2.1044405089342817
2025-01-19 13:55:00,13,55,6,8.954995485888704,3.7658674939599623,3.08105810902688,2.2289298888438127
2025-01-19 14:00:00,14,0,6,8.744039090744883,4.119064657578533,2.9931236139408273,2.4440703588252983
2025-01-19 14:05:00,14,5,6,9.130248505482298,3.718828062826907,3.053669333487407,2.1133549362474424
2025-01-19 14:10:00,14,10,6,8.164118847760292,3.940420931051294,2.7283141509785542,1.8771831369754939
2025-01-19 14:15:00,14,15,6,8.762151401038865,4.123657860662141,3.1039359401031956,1.9831544475172833
2025-01-19 14:20:00,14,20,6,7.375513000376708,4.083331812109718,3.037536627006927,1.8367012488571612
2025-01-19 14:25:00,14,25,6,7.611972126205794,3.922888204007503,3.024389394694324,2.0237091783183474
2025-01-19 14:30:00,14,30,6,7.030012705446443,4.038184746351021,2.763912996022952,2.128509968936118
2025-01-19 14:35:00,14,35,6,7.661422180593921,4.021429065947514,2.659987010616406,2.0368476161195366
2025-01-19 14:40:00,14,40,6,7.637313822556608,3.9551518088903626,3.3531185387651004,2.1361101075638165
2025-01-19 14:45:00,14,45,6,7.575448820903034,3.957833056269084,3.134859849207421,1.820514665010263
2025-01-19 14:50:00,14,50,6,7.403715044544808,4.4470854869513925,3.3538124106305722,2.275343618920458
2025-01-19 14:55:00,14,55,6,6.7598629551916956,4.16186218078626,2.8312819954208868,1.9050473516370245
2025-01-19 15:00:00,15,0,6,6.9759473896588675,4.496130183502428,3.2509312089853375,2.3592294756633514
2025-01-19 15:05:00,15,5,6,6.166407223519816,3.9006073734159,2.7470627929819424,1.7992578460550845
2025-01-19 15:10:00,15,10,6,7.4375165637227285,3.9830066806223705,2.9712426487155663,1.565781194111497
2025-01-19 15:15:00,15,15,6,6.441645114551688,3.7335748469446703,3.0038090320418847,2.237148702805997
2025-01-19 15:20:00,15,20,6,6.1834330373435495,3.8380866395820856,2.7122725967528503,2.0254213929950176
2025-01-19 15:25:00,15,25,6,7.053704886062634,4.3803826297325,2.8836458590009375,2.3279891897507836
2025-01-19 15:30:00,15,30,6,5.466491023312594,3.8955931420316485,2.88604162757339,2.3037986175497167
2025-01-19 15:35:00,15,35,6,5.350302926619838,4.3838562600288915,2.8805089858377544,2.154235161066826
2025-01-19 15:40:00,15,40,6,5.187654201076182,3.751327547864022,3.05038912367254,1.9723454666971396
2025-01-19 15:45:00,15,45,6,5.521766639346281,3.7893061931853445,2.8418942861892047,2.0646190842635788
2025-01-19 15:50:00,15,50,6,5.588811898287036,3.9317537557953157,2.9118929475030177,1.8620467550383724
2025-01-19 15:55:00,15,55,6,5.557570315664135,3.9872500156641646,3.294544548275144,2.1095060454986454
2025-01-19 16:00:00,16,0,6,6.285997658747483,4.184617458490026,3.1287277903814408,1.9216802962775474
2025-01-19 16:05:00,16,5,6,3.6851714620934986,4.090154083437254,2.962804330583339,1.9502846665297777
2025-01-19 16:10:00,16,10,6,4.921853926912547,3.9167369485311943,3.0674477825001953,2.1283606903685013
2025-01-19 16:15:00,16,15,6,4.144321615903898,3.9733368386963788,2.9939497259376857,1.8414710011638717
2025-01-19 16:20:00,16,20,6,3.932975042962612,3.93618741604306,3.1521140914053096,2.0066807736416674
2025-01-19 16:25:00,16,25,6,3.7175808344604304,3.817069252934854,2.711832724245804,1.5729410499840624
2025-01-19 16:30:00,16,30,6,3.3724494882469123,3.8224074126796754,3.0595794350920946,1.834105240224459
2025-01-19 16:35:00,16,35,6,4.466642800138748,4.205576778286682,3.0862124258792907,1.844876338227213
2025-01-19 16:40:00,16,40,6,3.841350096763636,3.634367014414572,3.0266371544990016,1.9243196944075818
2025-01-19 16:45:00,16,45,6,3.225992642310305,4.323471739489011,3.350384162054661,2.190063131563729
2025-01-19 16:50:00,16,50,6,3.6825658712862333,3.9314011548795538,3.269459380037566,2.0048095538238133
2025-01-19 16:55:00,16,55,6,2.0420256576604805,3.845498278721568,3.1644721878229762,2.0183300155202284
2025-01-19 17:00:00,17,0,6,1.922837885359747,4.147951858139454,3.2939182734867454,1.9854875869487454
2025-01-19 17:05:00,17,5,6,1.2878750571643898,4.2970433168294235,2.7205021319278413,1.6002756949492123
2025-01-19 17:10:00,17,10,6,1.814688869319384,4.2235264883207915,3.333662223912903,2.095700894830172
2025-01-19 17:15:00,17,15,6,2.0317524835136624,4.100370409871978,3.1088513700083484,2.2979295684583163
2025-01-19 17:20:00,17,20,6,1.787911065635474,4.217372697944367,2.669653011254809,1.9282797569536385
2025-01-19 17:25:00,17,25,6,1.5959048174291066,3.6567004845712265,2.9527860340769934,2.148455046641403
2025-01-19 17:30:00,17,30,6,0.5997335066674748,3.8956338917023703,2.8614719549798235,1.759725251297042
2025-01-19 17:35:00,17,35,6,1.4902461198266612,3.817765987995031,2.7579302698005788,2.229883615254404
2025-01-19 17:40:00,17,40,6,0.9913711865960809,4.244927746243035,2.8514935812393767,1.8895965031356377
2025-01-19 17:45:00,17,45,6,1.0205584330344304,3.9233043962152228,3.126899630145581,1.86021091835302
2025-01-19 17:50:00,17,50,6,0.0,4.169081311356411,2.659010315448872,1.6836597652550203
2025-01-19 17:55:00,17,55,6,0.3738942797445027,4.1071713884977274,2.988638520656908,2.0994656860730445
2025-01-19 18:00:00,18,0,6,0.0,3.8275386127672637,3.439326426844874,2.629132811142721
2025-01-19 18:05:00,18,5,6,0.0,3.882608358004743,3.0161487421977093,2.0364089377095675
2025-01-19 18:10:00,18,10,6,0.2671824493181917,4.258763538162945,4.176180774888272,2.869835281641004
2025-01-19 18:15:00,18,15,6,0.04554680312795659,3.8449034702631173,3.730691567569555,2.3020825987796685
2025-01-19 18:20:00,18,20,6,0.0,4.024973522039096,3.428598142780865,2.4994968048599198
2025-01-19 18:25:00,18,25,6,0.0031365780922091423,3.843491742734711,3.894303834114957,2.6208348299335276
2025-01-19 18:30:00,18,30,6,0.0,3.937209562616828,3.6577741403863406,2.44970351946475
2025-01-19 18:35:00,18,35,6,0.575133697949148,3.9907676112060058,3.7377995200520253,2.590696824229382
2025-01-19 18:40:00,18,40,6,0.0,3.843426697940502,3.5132068198237043,2.2770747483441185
2025-01-19 18:45:00,18,45,6,0.559274972127663,3.8079106092032236,3.4659284773695105,2.1761401888660132
2025-01-19 18:50:00,18,50,6,0.0,4.057254667355489,3.4879582982039135,2.52667340738947
2025-01-19 18:55:00,18,55,6,0.0,3.8310525182417647,2.778644484618106,2.430898138269849
2025-01-19 19:00:00,19,0,6,0.0,3.8378684888602654,3.147235938618622,2.6495917976550083
2025-01-19 19:05:00,19,5,6,0.43808696584653767,3.8121893712596058,3.6911479230652984,2.372098054700405
2025-01-19 19:10:00,19,10,6,0.0,3.9844183907337363,3.664706626136575,2.677320080900518
2025-01-19 19:15:00,19,15,6,0.32229771620758824,4.188740326879969,3.4310852481764695,2.9602860925910974
2025-01-19 19:20:00,19,20,6,0.0,4.301305727262453,3.2824775188980495,2.94140971097595
2025-01-19 19:25:00,19,25,6,0.0,3.8548163828012445,3.4324401712450383,2.2470020940322097
2025-01-19 19:30:00,19,30,6,0.0,4.430062158666242,3.3945354572586854,2.170183231681203
2025-01-19 19:35:00,19,35,6,0.0,3.799059027858641,3.735367360216761,2.019169306577417
2025-01-19 19:40:00,19,40,6,0.016951361841168754,4.216709704665574,3.916882566130648,2.219239839476062
2025-01-19 19:45:00,19,45,6,0.0,3.8556607091969113,3.750996011553786,2.5072677583181404
2025-01-19 19:50:00,19,50,6,0.4629875503573084,3.825815346025998,3.581244584914879,2.322986988616791
2025-01-19 19:55:00,19,55,6,0.0,3.851048768643122,3.60584240009994,2.540492286565259
2025-01-19 20:00:00,20,0,6,0.0,3.9895104600701763,3.0626266795492016,2.2112499991200227
2025-01-19 20:05:00,20,5,6,0.3279460688937913,4.115994434206722,3.337726366697058,2.273501044562065
2025-01-19 20:10:00,20,10,6,0.48195346703793124,4.133973607580964,3.8758432836150956,2.50210425515425
2025-01-19 20:15:00,20,15,6,0.0,3.8112029969304224,3.2663985957080355,2.352769052799088
2025-01-19 20:20:00,20,20,6,0.0,3.8020681424977463,3.34866107493588,2.4135851583984804
2025-01-19 20:25:00,20,25,6,0.0,3.8166722613272905,3.17740117858412,2.2558206668208043
2025-01-19 20:30:00,20,30,6,0.0,3.977729119522898,3.7299820733492632,2.555602931010074
2025-01-19 20:35:00,20,35,6,0.0,3.9579688791618253,3.45429873603794,2.50078684519453
2025-01-19 20:40:00,20,40,6,0.05352872649614838,3.809964907586041,3.4863317730273766,2.4372606685805067
2025-01-19 20:45:00,20,45,6,0.0,4.053920738812649,3.6551314516122435,2.6329479957543778
2025-01-19 20:50:00,20,50,6,0.34396648602571406,4.452513761667063,3.0284711080318356,2.460531344227227
2025-01-19 20:55:00,20,55,6,0.0,3.8990569076329695,3.0482541801977705,2.690673161036712
2025-01-19 21:00:00,21,0,6,0.0,3.9132976357592932,3.730299967055085,2.316766330707491
2025-01-19 21:05:00,21,5,6,0.5919937215984447,4.111932314064874,3.4649723133995853,1.8665679108633264
2025-01-19 21:10:00,21,10,6,0.17091260697748326,3.888236741652641,3.791836944227608,2.7129021220754206
2025-01-19 21:15:00,21,15,6,0.0,4.133792896343636,3.8450255785212577,2.94596324210113
2025-01-19 21:20:00,21,20,6,0.0,3.856291458644192,3.1327672121069674,2.7664132604915324
2025-01-19 21:25:00,21,25,6,0.0,4.3664239215154605,3.943791333325538,2.0516266386912294
2025-01-19 21:30:00,21,30,6,0.0,4.068954994518459,3.448636636446286,2.390979405031173
2025-01-19 21:35:00,21,35,6,0.0,3.875995410184658,3.7566385592574494,1.781817680096776
2025-01-19 21:40:00,21,40,6,0.3778329193721573,3.882261660106145,4.044787308869658,2.466238880741622
2025-01-19 21:45:00,21,45,6,0.0,3.897240049458393,3.7748283206051436,2.481928828692523
2025-01-19 21:50:00,21,50,6,0.0,4.274549933249775,3.6476375152939022,1.803574522415155
2025-01-19 21:55:00,21,55,6,0.8840846465298917,3.7462497984797434,3.384535288159787,2.7543283634031037
2025-01-19 22:00:00,22,0,6,0.15998259557258152,3.866411665908099,3.0577464693427387,1.6726317814546485
2025-01-19 22:05:00,22,5,6,0.0,3.887667888614915,3.0122849787753228,1.836251534827699
2025-01-19 22:10:00,22,10,6,0.0,3.9968624066486123,2.8189161497653124,1.6958611453366563
2025-01-19 22:15:00,22,15,6,0.05544319141420893,3.9457780614706413,3.123740524381426,2.222602888787127
2025-01-19 22:20:00,22,20,6,0.8522960466486885,3.7017544337219075,3.424028626832569,1.7051903216514144
2025-01-19 22:25:00,22,25,6,0.0,3.9200354632809065,3.1534744322452952,2.1666342740841817
2025-01-19 22:30:00,22,30,6,0.4880203596779733,3.9800898633630064,2.8838990645563984,1.8164843229181338
2025-01-19 22:35:00,22,35,6,0.6997432134861715,3.874380432984043,2.782851535806614,1.8945293513079569
2025-01-19 22:40:00,22,40,6,0.0,4.137355097809533,3.04052431917119,2.2720224021013626
2025-01-19 22:45:00,22,45,6,0.0,4.1838816857507295,3.221067667602023,1.6769166111462674
2025-01-19 22:50:00,22,50,6,0.0,3.9843226600541213,2.8422313502798975,2.259928074861894
2025-01-19 22:55:00,22,55,6,0.0,4.0461083173701455,2.8537814334809863,1.9886171673179647
2025-01-19 23:00:00,23,0,6,0.0,3.567788800530146,2.658942213077183,2.2306066831025895
2025-01-19 23:05:00,23,5,6,0.32982499904118523,3.9157794455676336,2.617450358829722,1.6714378838426762
2025-01-19 23:10:00,23,10,6,0.5450917355102234,4.200964338351582,3.210163412167341,2.3840123359133116
2025-01-19 23:15:00,23,15,6,0.0,3.9153126833641445,2.941877783055017,1.990627437627435
2025-01-19 23:20:00,23,20,6,0.0,3.852547664721608,3.1816559119565975,2.0578895629394767
2025-01-19 23:25:00,23,25,6,0.0,4.455537785206186,2.925356364124667,1.9029092757228614
2025-01-19 23:30:00,23,30,6,0.14676876498432026,4.363815438039161,2.686640408503003,2.046588354424044
2025-01-19 23:35:00,23,35,6,0.12470884384252083,4.093514982496432,2.981616635586105,1.9124307641774638
2025-01-19 23:40:00,23,40,6,0.0,4.227782122296009,2.7996370408875224,1.8198938293413138
2025-01-19 23:45:00,23,45,6,0.06237604983196725,3.5548129164083844,3.12367538410134,2.1763327296818096
2025-01-19 23:50:00,23,50,6,0.7577224041761238,3.8424897118742587,2.9345767687418767,1.9135040853507241
2025-01-19 23:55:00,23,55,6,0.19086708448125464,3.9060084253653695,2.8292703906771592,2.1873640087148516
2025-01-20 00:00:00,0,0,0,0.0,3.952803980226611,3.006199153931181,2.073580195865453
2025-01-20 00:05:00,0,5,0,0.0,3.9020111958052075,3.0716940260186925,1.9384596758932127
2025-01-20 00:10:00,0,10,0,0.0,3.4899947416967305,2.7669279800313156,1.8007733688628162
2025-01-20 00:15:00,0,15,0,0.8183699809153199,4.077204923741712,3.2255771065294905,1.8548631370298856
2025-01-20 00:20:00,0,20,0,0.0,4.108730825656122,2.91792753605033,1.773121892925758
2025-01-20 00:25:00,0,25,0,0.0,4.320379758317996,2.7567866962147187,1.8461670005942554
2025-01-20 00:30:00,0,30,0,0.0,3.842338147045007,3.3376814368488916,2.131607478238486
2025-01-20 00:35:00,0,35,0,0.5494916787209824,3.8259673684440196,2.8946422257152755,2.216575358910399
2025-01-20 00:40:00,0,40,0,0.9799186273723375,3.4640031028071063,2.969540225340711,2.2708680093983675
2025-01-20 00:45:00,0,45,0,0.22530652471569415,3.9412866326818228,3.4423460700792425,2.2056323478532383
2025-01-20 00:50:00,0,50,0,0.041386451892712874,4.180222356212434,3.0189101910445153,2.139861974703272
2025-01-20 00:55:00,0,55,0,0.01839141658711739,3.877646427561456,3.0030142438564424,1.6328003272049916
2025-01-20 01:00:00,1,0,0,0.0,4.42868896370873,2.869074917157591,1.8096816808693565
2025-01-20 01:05:00,1,5,0,0.3725754321424087,3.9486810328420954,2.8646417916338254,2.3587342865278886
2025-01-20 01:10:00,1,10,0,0.06708320799792176,4.029398456857711,3.224429948570932,2.0881769602883296
2025-01-20 01:15:00,1,15,0,0.21417102533036247,3.7273793838836813,3.1624685900902714,1.6215773028188287
2025-01-20 01:20:00,1,20,0,0.0,4.057444069035056,3.145636742617906,2.1879248632404336
2025-01-20 01:25:00,1,25,0,0.0,3.604136041029461,2.5520505624625436,2.15304735075588
2025-01-20 01:30:00,1,30,0,0.0,4.138739591002629,2.715185271466583,1.6059989287107936
2025-01-20 01:35:00,1,35,0,0.5108114920365194,4.144885635247083,3.2652636433719158,1.7985901904775314
2025-01-20 01:40:00,1,40,0,0.0,4.271858284867302,2.8568106521231247,2.197920908551469
2025-01-20 01:45:00,1,45,0,1.0413301610548988,3.7960062562464625,2.9389523455495197,1.9639669252541836
2025-01-20 01:50:00,1,50,0,0.2154312095075187,4.032112423659484,2.9595826187124143,2.0695197541949573
2025-01-20 01:55:00,1,55,0,0.0,4.112763311877301,2.9547331167218647,2.02282521487182
2025-01-20 02:00:00,2,0,0,0.0,4.088456327666062,2.8992883749174587,2.0703639179758726
2025-01-20 02:05:00,2,5,0,0.0,3.8269401449730296,3.0627686063809136,2.3795771675368362
2025-01-20 02:10:00,2,10,0,0.0,3.521603622088772,2.9237498100652597,1.963166896439004
2025-01-20 02:15:00,2,15,0,0.7997354700568947,4.069392059376896,3.0477648651874083,2.192887128862944
2025-01-20 02:20:00,2,20,0,0.35157127111000197,3.9695000643380163,2.7816829693645597,2.0207153043550137
2025-01-20 02:25:00,2,25,0,0.26660365894965626,3.886665881407712,2.4984347927889865,1.945693616655521
2025-01-20 02:30:00,2,30,0,0.08270183014985212,4.152789072743094,3.214545406019872,1.8547715127305364
2025-01-20 02:35:00,2,35,0,0.0,3.9910160923691134,3.0353675230570625,1.8942188851232795
2025-01-20 02:40:00,2,40,0,0.0,3.7361609894464403,2.8281195604532634,2.1942971996536205
2025-01-20 02:45:00,2,45,0,0.42089038739200635,3.6137095421807555,2.790948262030869,2.0585930587726184
2025-01-20 02:50:00,2,50,0,0.0,3.774207346973367,3.0616703241532317,1.8296400965922752
2025-01-20 02:55:00,2,55,0,0.0,4.4786024589533575,3.031137051391526,1.8130104325064045
2025-01-20 03:00:00,3,0,0,0.0,4.144555354786554,3.1043583749818318,1.737010857071421
2025-01-20 03:05:00,3,5,0,0.0,4.037722468395002,2.932078899361632,1.94944566806842
2025-01-20 03:10:00,3,10,0,0.06778170820735457,3.963667814562839,3.222591067642134,2.0280086143423786
2025-01-20 03:15:00,3,15,0,0.3642593217572681,3.950521412010513,3.191002698022412,2.110938209697976
2025-01-20 03:20:00,3,20,0,0.3188029061156043,4.233439196671819,3.1096606001791516,1.9336133619539864
2025-01-20 03:25:00,3,25,0,0.1293849026219608,3.9018808516193135,3.2041811767049775,1.9287659181395995
2025-01-20 03:30:00,3,30,0,0.5977656940433547,4.115384082136859,2.6540349040139786,1.9570425663066213
2025-01-20 03:35:00,3,35,0,0.0,3.930314409941681,3.0906952809288137,1.6786748562574374
2025-01-20 03:40:00,3,40,0,0.25229090723869513,4.388031326367012,2.8229795282559227,1.7538823119645288
2025-01-20 03:45:00,3,45,0,0.31326918166847123,4.14845770151566,3.1573434209417925,2.334572527402499
2025-01-20 03:50:00,3,50,0,0.0,4.249111362936725,2.9580601691573567,2.106306072613652
2025-01-20 03:55:00,3,55,0,0.0,3.883118045062352,3.1011038731799445,2.310759389287992
2025-01-20 04:00:00,4,0,0,0.0,4.211627222513484,2.8694894192094784,1.9560242070483351
2025-01-20 04:05:00,4,5,0,0.0,3.9374845149210618,2.931846270115188,2.0150734480080525
2025-01-20 04:10:00,4,10,0,0.37670973175121536,4.02200696478657,3.5008633604233617,2.0061622230394627
2025-01-20 04:15:00,4,15,0,0.0,4.327009534123892,2.829057869478588,1.7691005546213763
2025-01-20 04:20:00,4,20,0,0.0,3.791444988648716,3.2505290014626094,1.828149099204384
2025-01-20 04:25:00,4,25,0,0.0,4.04064954626108,3.1327173918398192,1.8640617341482744
2025-01-20 04:30:00,4,30,0,0.5593161670771059,4.0876010517037455,2.7466614526833655,2.1210399200603645
2025-01-20 04:35:00,4,35,0,0.006521687188476066,4.104000876160162,2.873851026647294,2.085085127847779
2025-01-20 04:40:00,4,40,0,0.0,3.909843101381307,3.099856588169209,2.109253049002494
2025-01-20 04:45:00,4,45,0,0.0,4.417252820161616,2.946370263211363,2.1372367113009414
2025-01-20 04:50:00,4,50,0,0.6460301671632613,3.741013622931948,2.8154907343103837,1.5091819497871732
2025-01-20 04:55:00,4,55,0,0.0,4.291777077726493,3.1413784346240217,2.033118100967494
2025-01-20 05:00:00,5,0,0,0.657754145470052,4.243013121118327,2.8779843511972056,1.705769447604991
2025-01-20 05:05:00,5,5,0,0.10524814946075181,4.380177757920737,2.5926843402329314,2.0103486696417945
2025-01-20 05:10:00,5,10,0,0.0,3.682354580258436,3.3297571931459906,1.972288516713804
2025-01-20 05:15:00,5,15,0,1.2504502489671407,3.826233702422058,2.927732922661691,1.9951264315008315
2025-01-20 05:20:00,5,20,0,0.0,4.298388611832328,3.435841022381754,2.1503808453306266
2025-01-20 05:25:00,5,25,0,0.0,3.624592169073938,2.813284949659922,2.0056207807804207
2025-01-20 05:30:00,5,30,0,0.0,3.6787082197919174,3.066487382230988,1.788732226684231
2025-01-20 05:35:00,5,35,0,0.4762309852680847,3.9023384426577015,3.151827324468512,1.8364382405711293
2025-01-20 05:40:00,5,40,0,0.8445944668258395,4.038398757724454,2.697810846531986,2.015226710767956
2025-01-20 05:45:00,5,45,0,0.8349613907023195,4.318445014729755,2.983568828101929,1.999795619559461
2025-01-20 05:50:00,5,50,0,0.6119743765730024,3.962946817013928,2.8470710764674423,1.8749774764257918
2025-01-20 05:55:00,5,55,0,0.0,3.878352170387092,3.2256893320738222,2.08821712300015
2025-01-20 06:00:00,6,0,0,0.0,4.062277987539286,2.808650784684543,1.6098606211159785
2025-01-20 06:05:00,6,5,0,0.0,4.09391929665888,2.817116719577558,2.031459814432038
2025-01-20 06:10:00,6,10,0,1.4541306412442572,4.088247964434054,2.8736136563291117,1.858069958964636
2025-01-20 06:15:00,6,15,0,0.8885203313756644,3.9644027584097308,2.8821679122138675,1.9854584874527423
2025-01-20 06:20:00,6,20,0,0.6255789750418392,3.60898277721637,3.1569255825916698,1.9999161592108614
2025-01-20 06:25:00,6,25,0,1.7526971930131303,3.8164768021787334,3.01238740430353,1.9550279272234359
2025-01-20 06:30:00,6,30,0,0.8188796638205154,4.284054217053493,2.9001286335690524,2.178848174263986
2025-01-20 06:35:00,6,35,0,1.7245448790105031,4.0374137875953195,3.1484804135688393,2.40905598353321
2025-01-20 06:40:00,6,40,0,1.6501672095238868,3.935495576178589,3.1221128596778507,1.9003171356385073
2025-01-20 06:45:00,6,45,0,2.2702417901014327,4.223633709674795,2.819069738177962,2.1905890521423235
2025-01-20 06:50:00,6,50,0,2.1326093697879673,3.77397667352621,2.837002623137978,2.1619473373044142
2025-01-20 06:55:00,6,55,0,1.6513949777061194,3.9549303732573984,2.8480172012214773,2.069831676757456
2025-01-20 07:00:00,7,0,0,2.6259786373602263,4.027551681034807,3.1820746355400913,2.7339656062996243
2025-01-20 07:05:00,7,5,0,3.322722211247601,3.9117244993410742,3.129898503347225,2.5818871988520105
2025-01-20 07:10:00,7,10,0,2.99244979211574,4.02015256458032,3.4406480197318965,2.530541931167878
2025-01-20 07:15:00,7,15,0,3.601952213826159,3.9624612137156467,3.38125884975151,2.374222015788703
2025-01-20 07:20:00,7,20,0,2.89743669041966,3.720131390442825,3.5464343612029317,2.1993584865730442
2025-01-20 07:25:00,7,25,0,3.6112499862020906,4.036295576375811,3.197593381499997,2.3924351501084766
2025-01-20 07:30:00,7,30,0,3.5145790961066092,3.7343296416974265,3.380758958084298,2.198381060858688
2025-01-20 07:35:00,7,35,0,4.400957318639726,4.033123025019345,3.7772644078743993,2.3996579744705184
2025-01-20 07:40:00,7,40,0,4.241928398537993,4.274827164830022,3.432001339101167,2.101741502209136
2025-01-20 07:45:00,7,45,0,4.76792374035832,3.9437953605447893,4.121490756383636,3.228120218666474
2025-01-20 07:50:00,7,50,0,5.161341345429271,3.7657033740058026,3.2658804264786956,2.867825914350729
2025-01-20 07:55:00,7,55,0,5.155696976754571,3.974602437359004,3.4724559848787226,2.981130877843932
2025-01-20 08:00:00,8,0,0,5.1365592171468215,3.833605778384294,3.600869925920116,2.52992865063022
2025-01-20 08:05:00,8,5,0,4.688626452349514,4.118901800526294,2.7502191381144256,2.236418207971995
2025-01-20 08:10:00,8,10,0,5.3716030281347855,3.9704022504954293,3.506156200872483,2.5595998758111937
2025-01-20 08:15:00,8,15,0,5.289157129188105,4.341952650332915,3.1355498858187847,2.2813685413971165
2025-01-20 08:20:00,8,20,0,5.563732385158349,4.2325979191354675,3.6660341051752456,2.085036781079993
2025-01-20 08:25:00,8,25,0,5.725829408260697,3.9693838991037196,3.540118917117062,2.8713860594467167
2025-01-20 08:30:00,8,30,0,5.597651502696084,4.143121813594618,3.6156408887335463,2.600646022949793
2025-01-20 08:35:00,8,35,0,5.280565427273597,3.921352718167431,2.8939545652466707,2.253426167074631
2025-01-20 08:40:00,8,40,0,6.093804572701509,4.006791377033034,4.116260550077312,2.3202514247362203
2025-01-20 08:45:00,8,45,0,6.690147876962768,3.9277131607299376,3.8793428628641204,2.316747733193115
2025-01-20 08:50:00,8,50,0,6.081813553442858,4.153291191969942,3.4166538495471612,2.6546760536060554
2025-01-20 08:55:00,8,55,0,6.922971676058504,4.286597655341915,3.530207904798203,2.614453735300324
2025-01-20 09:00:00,9,0,0,8.021202024020958,4.159729641438228,3.2544829235819037,2.159118943159373
2025-01-20 09:05:00,9,5,0,7.735167898223676,4.184387320257072,3.2342385156828497,2.34030455756129
2025-01-20 09:10:00,9,10,0,8.194544122661505,4.184606687447146,3.431215585382777,2.8111826141919463
2025-01-20 09:15:00,9,15,0,7.713962013256136,4.110251184466942,3.526202436807514,2.6453791307525756
2025-01-20 09:20:00,9,20,0,8.244199342683004,3.7721427681579462,3.5424803037740396,2.1653697239413674
2025-01-20 09:25:00,9,25,0,7.436862465694922,4.3401943038833,3.5051808578016947,2.5392346330574607
2025-01-20 09:30:00,9,30,0,7.611363269401359,4.360882165339685,3.7279769664023923,2.1794235791069605
2025-01-20 09:35:00,9,35,0,6.694875939606091,3.953224079337326,2.887876740455492,2.552879144551149
2025-01-20 09:40:00,9,40,0,8.784593179911067,3.9258604169567635,3.606155000476514,2.4461845581048856
2025-01-20 09:45:00,9,45,0,9.084858112935395,4.122482330583075,3.508406270218037,2.7636317135748416
2025-01-20 09:50:00,9,50,0,8.157325835455223,4.110162567036701,3.3623583270417474,2.416407747352426
2025-01-20 09:55:00,9,55,0,8.422142853530849,3.9596107862493963,3.5237109333841494,2.134055596249197
2025-01-20 10:00:00,10,0,0,8.283322980998905,3.7499948688824793,2.969620554990449,1.9872513365331588
2025-01-20 10:05:00,10,5,0,8.958594332813824,4.061140238149956,3.327408442864055,1.940376868474308
2025-01-20 10:10:00,10,10,0,9.432574604433837,4.110287307635109,3.0400022479888933,2.1837235210779484
2025-01-20 10:15:00,10,15,0,8.097341428386363,4.14516422960776,2.832503054937914,2.275148077375233
2025-01-20 10:20:00,10,20,0,9.267797135687625,4.069858554470842,3.3527740464114557,1.994220742470265
2025-01-20 10:25:00,10,25,0,9.014778905334898,3.945776970327618,2.892114787708124,2.3254238848780777
2025-01-20 10:30:00,10,30,0,9.295492521096213,4.198800407901255,3.1591261745536294,2.0163938409327673
2025-01-20 10:35:00,10,35,0,9.549575693665131,4.013169699513184,3.2853687639231404,2.264198437709864
2025-01-20 10:40:00,10,40,0,9.302824988472674,3.907015397127056,2.9327486092083555,2.04974597065983
2025-01-20 10:45:00,10,45,0,9.417507868248165,3.9638693235908558,3.1153584975851913,2.0057460059775702
2025-01-20 10:50:00,10,50,0,9.43023192370495,3.6508061935050033,2.721825881819144,1.8123480992603507
2025-01-20 10:55:00,10,55,0,10.085656644753428,3.963551635164292,2.7283474429079546,2.098584860604801
2025-01-20 11:00:00,11,0,0,9.86863824295443,4.137687303974934,2.763129536575251,2.038483614163486
2025-01-20 11:05:00,11,5,0,9.823712467001295,4.067956604427846,3.3663807652550313,2.2855540369824294
2025-01-20 11:10:00,11,10,0,9.127484210653193,4.3041328345962375,2.6325166706132044,1.7442597058457987
2025-01-20 11:15:00,11,15,0,9.618562932425727,3.9474050171968593,2.8446967151640283,1.7661952621561263
2025-01-20 11:20:00,11,20,0,10.297412110291669,4.097462632610664,2.669237124535653,1.9978319320549518
2025-01-20 11:25:00,11,25,0,9.902463391239568,4.158548035261155,3.141020109883313,2.1908068077445773
2025-01-20 11:30:00,11,30,0,10.244214348532672,4.468571401657481,2.905104765851238,1.9456192599368818
2025-01-20 11:35:00,11,35,0,10.823819282387014,4.028953098223528,3.071135449024951,1.9783028876321702
2025-01-20 11:40:00,11,40,0,10.481250015521864,3.7911625642271956,3.1621213552191603,2.0860729725669027
2025-01-20 11:45:00,11,45,0,10.025168401235906,4.1695857506710565,2.924739115297194,1.6286727376693113
2025-01-20 11:50:00,11,50,0,9.734987630720713,4.373145471193691,3.2998063210963986,1.8627835421111356
2025-01-20 11:55:00,11,55,0,8.720845472771142,3.9354902579546756,3.071511729146052,1.6166816662561805
2025-01-20 12:00:00,12,0,0,9.915807538763573,4.168216307721283,2.997736683322839,2.0200523921724396
2025-01-20 12:05:00,12,5,0,9.834614022890667,4.245745611045784,3.0297204145095322,2.602758656543599
2025-01-20 12:10:00,12,10,0,10.185665313016266,4.203413108794031,2.8737763252413133,2.1641328453913387
2025-01-20 12:15:00,12,15,0,9.901636618898692,4.025111704494716,3.1046464904418754,1.8642722014664828
2025-01-20 12:20:00,12,20,0,9.801754451199058,3.8603052483573705,3.161133880636186,1.9671358126138396
2025-01-20 12:25:00,12,25,0,9.050863916969586,3.9837440903972827,3.1750486435153435,2.3921925246843427
2025-01-20 12:30:00,12,30,0,9.444464699163072,4.091720090775526,3.03015977812682,1.9437749541863099
2025-01-20 12:35:00,12,35,0,10.121940625077885,4.181644504818346,3.2103112367620827,2.279330633186868
2025-01-20 12:40:00,12,40,0,10.706031345688428,4.066789009599808,2.82334849212159,1.909408582092385
2025-01-20 12:45:00,12,45,0,9.759090112159493,3.9240184066918844,3.1350846543682525,1.973593597917056
2025-01-20 12:50:00,12,50,0,9.926865607986397,4.111075931229954,2.8091335974026426,2.1081389655790788
2025-01-20 12:55:00,12,55,0,10.189659776609016,4.172017013548564,3.1342979431413545,1.933122848820605
2025-01-20 13:00:00,13,0,0,9.253811294790559,4.075922011282896,3.0122697530662474,1.8846853862107762
2025-01-20 13:05:00,13,5,0,9.783905565502007,3.832762577092335,2.7809525148176055,1.9005870786743626
2025-01-20 13:10:00,13,10,0,9.166924454316192,3.963718793056562,3.0147864700351814,1.7049821557061406
2025-01-20 13:15:00,13,15,0,9.901713514196564,4.189564155282493,2.9151974137495684,2.0175660261185477
2025-01-20 13:20:00,13,20,0,9.472627731834951,3.7233964382511053,3.2389319820249733,1.9374815290398937
2025-01-20 13:25:00,13,25,0,9.469304599818706,3.581364395521768,2.7508195299781555,1.9580679974604542
2025-01-20 13:30:00,13,30,0,8.847496026403574,4.301616570028804,2.886686139181982,2.1104357110114726
2025-01-20 13:35:00,13,35,0,9.506630970999863,4.102283051004376,2.932418934727554,1.4578866756841458
2025-01-20 13:40:00,13,40,0,10.105434330982009,4.121346000504022,3.738324900239561,2.028472658318186
2025-01-20 13:45:00,13,45,0,8.46477156761278,3.7846366052745886,3.017838302061716,1.6917180056005936
2025-01-20 13:50:00,13,50,0,8.700228827958457,4.147505612693307,2.7070861468076775,1.9816102084653935
2025-01-20 13:55:00,13,55,0,8.883071294159125,4.055049737513673,3.0672342664623278,2.1404228278353505
2025-01-20 14:00:00,14,0,0,9.053457143842296,3.6831344844303207,3.047487531463652,1.7628115593663731
2025-01-20 14:05:00,14,5,0,8.26934556408473,4.284856682854771,2.49910667818399,1.979955530124359
2025-01-20 14:10:00,14,10,0,7.0173993130574885,4.031736664723746,2.8932050658781745,1.747485655177543
2025-01-20 14:15:00,14,15,0,8.994290870107465,3.9207832067841464,3.165611644821125,1.6848846501640022
2025-01-20 14:20:00,14,20,0,8.571773502681989,3.9244020508029562,3.1233937678913164,1.7179724049965037
2025-01-20 14:25:00,14,25,0,7.192972277431495,3.5969556189135248,3.0268177371166662,2.1867948644037245
2025-01-20 14:30:00,14,30,0,7.629749007022573,4.118667319926272,2.932413336879545,2.3379839669013642
2025-01-20 14:35:00,14,35,0,8.582936045692481,4.052371441449145,3.383577265118701,2.047435000003931
2025-01-20 14:40:00,14,40,0,8.384342640418712,3.961183973533381,3.1082770741180545,2.212141773263304
2025-01-20 14:45:00,14,45,0,7.987718086129246,4.255697041490334,3.108885274497098,2.087448643519709
2025-01-20 14:50:00,14,50,0,7.284717151121309,3.723228196200831,2.8951861194447823,1.6625287649644576
2025-01-20 14:55:00,14,55,0,7.265133330003814,3.880645504726477,2.7219809173501046,2.476473471752304
2025-01-20 15:00:00,15,0,0,7.005604909302412,3.829998349047923,3.064491791561,1.9508633037217336
2025-01-20 15:05:00,15,5,0,7.479250449457109,3.9442410040456894,3.252665451823582,1.850108405427634
2025-01-20 15:10:00,15,10,0,6.3179808729090485,4.013494005051444,3.1166216534826376,2.0154384067120077
2025-01-20 15:15:00,15,15,0,6.190558323558587,4.086002704762271,3.0920055002207203,1.9327180261412287
2025-01-20 15:20:00,15,20,0,6.933013390283403,3.9306053093789766,2.8070611385419237,1.8354257853720717
2025-01-20 15:25:00,15,25,0,6.237053994084811,3.824528852969021,2.8432231595479407,1.9994059375355688
2025-01-20 15:30:00,15,30,0,6.7768479678141125,4.337201389954089,2.6887729639052114,1.7505142769955815
2025-01-20 15:35:00,15,35,0,5.577340380145549,4.482328038357714,3.0271048595058403,1.974464991117217
2025-01-20 15:40:00,15,40,0,5.708375183341052,4.028657334376405,3.03804630685134,1.9909912931333782
2025-01-20 15:45:00,15,45,0,5.094495837774045,3.8486439265958268,3.5037900413776426,2.025347686798175
2025-01-20 15:50:00,15,50,0,5.376677424180021,4.295090826208459,2.924184070102545,2.020226357072302
2025-01-20 15:55:00,15,55,0,4.448459113105819,3.710648578734307,3.203991008502066,1.990074322124507
2025-01-20 16:00:00,16,0,0,4.756183289522518,3.9330453350590346,3.1369456717272493,2.0792091928804433
2025-01-20 16:05:00,16,5,0,4.091760756729822,3.86077658973074,2.941916884631471,2.02217515977639
2025-01-20 16:10:00,16,10,0,4.964447748945968,3.7680928899099024,3.3197844228384152,2.048615659007593
2025-01-20 16:15:00,16,15,0,4.78118157206984,3.943995153415646,2.802795795165786,1.936097914573425
2025-01-20 16:20:00,16,20,0,3.3610512521648266,3.827165584165207,2.577150550053439,2.027479741350576
2025-01-20 16:25:00,16,25,0,4.694409771337655,4.002530892829731,3.2624124687565628,1.7317188463732291
2025-01-20 16:30:00,16,30,0,5.075541886860826,4.005435433534493,3.02994654690161,2.197086361173857
2025-01-20 16:35:00,16,35,0,3.6473835762051925,3.8757336552956043,3.218227726639297,2.2559602344551664
2025-01-20 16:40:00,16,40,0,3.0996443031443626,3.925897328681226,2.6263492337308993,2.100986190922362
2025-01-20 16:45:00,16,45,0,4.62655994853314,3.953830206419258,2.6988869629810788,1.8003335726855059
2025-01-20 16:50:00,16,50,0,2.347573745891478,4.161969212223886,3.1642244519217013,2.0316094243703233
2025-01-20 16:55:00,16,55,0,2.8083433737444676,3.970314119787163,3.1452672148478746,1.8141766790396603
2025-01-20 17:00:00,17,0,0,2.6780015873411718,4.164940348157219,3.2947206220325755,2.13766678676821
2025-01-20 17:05:00,17,5,0,3.049432733487941,4.117162596710931,3.177859623858692,1.7839666447769729
2025-01-20 17:10:00,17,10,0,2.3442656269444218,4.114306139380148,3.2342802480425235,1.9367676846719195
2025-01-20 17:15:00,17,15,0,1.7015862722670605,4.277569194069194,2.877754745970922,2.125092708009132
2025-01-20 17:20:00,17,20,0,1.2608895914753289,3.776121824050818,3.116642354957588,1.8306362304485324
2025-01-20 17:25:00,17,25,0,1.3503229517760986,3.9053633787385773,3.411260202038504,2.362870115277955
2025-01-20 17:30:00,17,30,0,0.8017982417279437,4.352659760059914,3.121007028162354,2.0860806845463378
2025-01-20 17:35:00,17,35,0,1.1125814084119916,3.9485366998821467,3.065957245252059,1.6900006747962657
2025-01-20 17:40:00,17,40,0,0.5894593375463386,3.43697526201883,3.0225614775842926,2.0199083163791496
2025-01-20 17:45:00,17,45,0,0.0,3.959406331370423,2.884797662752324,1.9381301655996832
2025-01-20 17:50:00,17,50,0,1.063766767840817,4.02698790603265,2.5237415210569054,1.7805454139750017
2025-01-20 17:55:00,17,55,0,0.0,3.4765773765137578,3.184365258301458,2.346239380327872
2025-01-20 18:00:00,18,0,0,0.0,4.266787127977589,3.2169857944112685,2.5548545964927816
2025-01-20 18:05:00,18,5,0,0.0,3.8572575072268798,3.829514698819195,2.343935492231574
2025-01-20 18:10:00,18,10,0,0.03418578298382938,4.065712623037503,3.7028744531703848,2.489863091325952
2025-01-20 18:15:00,18,15,0,0.0,3.9548036909311874,3.8571205965276048,2.115264778099413
2025-01-20 18:20:00,18,20,0,0.16582383356288138,3.7423297161591917,3.168627011369704,2.583861750682843
2025-01-20 18:25:00,18,25,0,0.0,3.785898373072916,3.528861829970131,2.483102831052001
2025-01-20 18:30:00,18,30,0,0.8555144045953939,3.8129834327144905,3.672750248061345,2.2208051306326793
2025-01-20 18:35:00,18,35,0,0.2619802560383674,4.217134381836727,3.0891693165135714,2.3499675675913823
2025-01-20 18:40:00,18,40,0,0.0,3.9704923623799697,3.38351643239057,2.4148758456826265
2025-01-20 18:45:00,18,45,0,0.0,3.8956268966896506,3.880713713406163,2.7311251740397626
2025-01-20 18:50:00,18,50,0,0.0,3.8130782174819537,3.6599719607466286,2.5665998783887933
2025-01-20 18:55:00,18,55,0,0.30639537079164486,4.239230044305225,3.3697434632853334,2.2438164529649667
2025-01-20 19:00:00,19,0,0,0.0,4.292840254504718,3.1408527737923935,2.291647944858797
2025-01-20 19:05:00,19,5,0,0.0,4.236948779741336,3.4871234034917036,2.1535047399452
2025-01-20 19:10:00,19,10,0,0.029185145408947823,4.098487467830833,3.5508559273209825,2.4416685618293066
2025-01-20 19:15:00,19,15,0,0.0,4.057966008374143,3.380810476537039,2.848459870363491
2025-01-20 19:20:00,19,20,0,0.0,3.75681243640482,2.761814413333181,2.384881136414521
2025-01-20 19:25:00,19,25,0,0.0,3.9508361746577885,2.7942687663111565,2.5715688018788327
2025-01-20 19:30:00,19,30,0,0.4868631154261839,3.863227959330713,3.728654474959678,2.0946681387358597
2025-01-20 19:35:00,19,35,0,0.14939889016088095,3.634897578203058,3.1330827248325828,1.9905100504868634
2025-01-20 19:40:00,19,40,0,0.0,4.211408683833073,3.5190925978139505,2.3977635171387917
2025-01-20 19:45:00,19,45,0,0.9493674906776194,3.860834010721545,3.416403580882522,2.3896085081542355
2025-01-20 19:50:00,19,50,0,0.043508240196193274,4.239188381487061,3.2079202806896183,2.839562207168811
2025-01-20 19:55:00,19,55,0,0.0,4.176349280152002,3.5817022040394884,2.1446009389667187
2025-01-20 20:00:00,20,0,0,0.4283687107352292,4.111343595326684,3.2898359552502496,2.2383793676597574
2025-01-20 20:05:00,20,5,0,0.19902410825463124,4.1225768143526365,3.9217783710419183,2.7133657818048595
2025-01-20 20:10:00,20,10,0,0.19728999274210968,3.8769372235852586,3.462053162923234,3.0121663554861575
2025-01-20 20:15:00,20,15,0,0.0,4.371570030258133,3.935613078559755,2.430786731757469
2025-01-20 20:20:00,20,20,0,0.22524786188901735,4.00862508619061,3.3768304033628573,2.3912908132307953
2025-01-20 20:25:00,20,25,0,0.0,4.060386337023741,3.2141760212093207,3.0201923345401487
2025-01-20 20:30:00,20,30,0,0.2779707258229211,3.8701847332866723,3.198076249082337,2.760491294628232
2025-01-20 20:35:00,20,35,0,0.0,3.813766947844608,3.707162939272649,2.40854020653293
2025-01-20 20:40:00,20,40,0,0.0,4.0954592017618845,4.043013531099335,2.0322711036755416
2025-01-20 20:45:00,20,45,0,0.8610775489040974,4.043502699187757,3.476092609706333,2.353287950517849
2025-01-20 20:50:00,20,50,0,0.0,3.8421295268194844,3.788177945081256,2.6060697593125504
2025-01-20 20:55:00,20,55,0,0.0,3.712314656244919,2.9818114464000525,2.8718438331239358
2025-01-20 21:00:00,21,0,0,0.0,3.7460153825344906,3.64563851687737,2.189352441411121
2025-01-20 21:05:00,21,5,0,0.0,4.239226743418222,3.395096268564082,2.1100345255083752
2025-01-20 21:10:00,21,10,0,0.0,3.8773492370699856,3.448748592315056,2.545035390207947
2025-01-20 21:15:00,21,15,0,0.0,3.9322182908648333,3.3996058524098154,2.364860650038144
2025-01-20 21:20:00,21,20,0,0.06792971204082844,4.290068051751812,3.0161778892846463,2.6011724384509622
2025-01-20 21:25:00,21,25,0,0.0,3.775569887702717,2.922663620941114,2.5093238554711785
2025-01-20 21:30:00,21,30,0,0.0,3.8546010348565884,2.960253252790262,2.515151467145886
2025-01-20 21:35:00,21,35,0,0.021520435425193822,3.846246634287861,3.4981642986236756,2.621003490303562
2025-01-20 21:40:00,21,40,0,0.511420735775382,4.323613696233208,3.7586857150404778,2.8142765266752816
2025-01-20 21:45:00,21,45,0,0.0,4.398676700116483,3.016987220187221,2.482538184060076
2025-01-20 21:50:00,21,50,0,0.0,4.150312645080434,4.103282265368016,2.535730170549312
2025-01-20 21:55:00,21,55,0,0.0,4.156676944830848,3.250595557909606,2.4760896620681994
2025-01-20 22:00:00,22,0,0,0.28967337987838787,3.883928999429454,2.9232668119371876,1.7647083685735692
2025-01-20 22:05:00,22,5,0,0.7060134392716247,4.389465697380857,3.1738208376414017,2.1168705116550726
2025-01-20 22:10:00,22,10,0,0.0,4.053539250871732,2.7330981855775742,1.9813450832366195
2025-01-20 22:15:00,22,15,0,0.049466893514441855,4.170622052889948,2.8867072701635754,1.6796814970950065
2025-01-20 22:20:00,22,20,0,0.1691787209679798,3.9788950122458093,2.7170361085048027,1.7468080352399336
2025-01-20 22:25:00,22,25,0,0.0,3.9463934825344777,2.9883140493114406,1.9084093999593286
2025-01-20 22:30:00,22,30,0,0.010208583606459065,4.332608451919223,2.8081624075808174,1.9216233940758098
2025-01-20 22:35:00,22,35,0,0.0,4.107944735947662,3.1495069943690956,2.071339219454411
2025-01-20 22:40:00,22,40,0,0.0,4.290275092214077,3.2003737615243804,1.9543374270561502
2025-01-20 22:45:00,22,45,0,0.1833732039461285,4.051065634349009,3.3205114381363288,2.069615976739698
2025-01-20 22:50:00,22,50,0,0.0,3.830326692715382,2.902216515331722,2.018590361938074
2025-01-20 22:55:00,22,55,0,0.10114020381060956,3.8833314134243024,2.7503848094820365,1.938762972750446
2025-01-20 23:00:00,23,0,0,0.0,4.020593048492922,3.0859948460453217,2.122333901619718
2025-01-20 23:05:00,23,5,0,0.0,3.8746999567913347,2.9179675554337607,2.546778085504527
2025-01-20 23:10:00,23,10,0,0.0,3.778507718274462,2.9655584513689424,1.6643211915713694
2025-01-20 23:15:00,23,15,0,0.0,4.240283406357405,3.2426534384016996,2.1214254607699354
2025-01-20 23:20:00,23,20,0,0.6954861790007003,3.891025985835298,3.04633776419105,1.9070158217816444
2025-01-20 23:25:00,23,25,0,0.0,4.027638549558264,3.078669303205288,2.323803249199526
2025-01-20 23:30:00,23,30,0,0.0,4.059226717977121,3.040326587468029,1.7059932826378148
2025-01-20 23:35:00,23,35,0,0.0,3.882369374935886,2.3093291833624465,2.076911912127677
2025-01-20 23:40:00,23,40,0,0.2852105866803978,4.290159893261748,2.8028172917479783,1.9800574565208393
2025-01-20 23:45:00,23,45,0,0.0,3.7765716477590776,2.83818447539732,1.8238182031606804
2025-01-20 23:50:00,23,50,0,0.0,4.052325052716154,2.8469451733427467,1.8650249280166868
2025-01-20 23:55:00,23,55,0,0.4266007725257772,4.049223541275317,3.1552471976965673,2.114728758627317
2025-01-21 00:00:00,0,0,1,0.014715295838776092,3.9891490794271705,2.7584022354377655,1.7856530547265983
2025-01-21 00:05:00,0,5,1,0.25832222296798363,3.7406174773456033,3.0758243808938746,2.2105004730871043
2025-01-21 00:10:00,0,10,1,0.0,4.174163510372693,3.207428271982825,1.7994182318439536
2025-01-21 00:15:00,0,15,1,0.0,4.1487021340669195,3.1978622863800448,1.64474607313623
2025-01-21 00:20:00,0,20,1,0.053603981020066825,3.8648862942817566,2.9594231165979923,2.0974052885217307
2025-01-21 00:25:00,0,25,1,0.0,4.141497441441072,2.5842389973916697,2.4185713848170924
2025-01-21 00:30:00,0,30,1,0.3132173362269721,4.074981537260155,3.265339036595323,2.129400794472118
2025-01-21 00:35:00,0,35,1,0.0,3.7438775709277783,2.8069943584870156,1.9863792750845735
2025-01-21 00:40:00,0,40,1,0.10253766961731495,3.8292142170857284,3.1580840339526044,1.7754676866000372
2025-01-21 00:45:00,0,45,1,0.0,4.227656288977916,2.9639051537523966,2.1820767699621966
2025-01-21 00:50:00,0,50,1,0.9442184698071283,4.06188323702841,2.70108099964539,2.066484942204091
2025-01-21 00:55:00,0,55,1,0.0,3.8871394108378747,2.649046074075764,1.8112306488842693
2025-01-21 01:00:00,1,0,1,0.3487934851695995,3.828304821765472,2.899081478864781,2.102711122543756
2025-01-21 01:05:00,1,5,1,0.0,3.896921240376916,2.8598421794987594,2.02510967826583
2025-01-21 01:10:00,1,10,1,0.15400495110867046,3.9111040940244592,2.8625543724383533,1.8938766455769696
2025-01-21 01:15:00,1,15,1,0.0,3.83080739347415,3.2501323015572297,1.7699543643515523
2025-01-21 01:20:00,1,20,1,0.2260339191298355,3.6516471775233397,3.151830794789437,1.9997872229050035
2025-01-21 01:25:00,1,25,1,0.0,4.2280026572801575,2.884889262218402,1.7564954335179763
2025-01-21 01:30:00,1,30,1,0.014595251967783723,4.194126734522289,2.770752738580182,1.8522709950484106
2025-01-21 01:35:00,1,35,1,0.34898701506504876,3.7453489096386283,2.9699891185557714,2.12070192723128
2025-01-21 01:40:00,1,40,1,0.0,4.027262259112733,2.9399521480155277,1.9533378296235562
2025-01-21 01:45:00,1,45,1,0.0,3.8195523594570466,2.983201955335539,2.0953555382877456
2025-01-21 01:50:00,1,50,1,0.22866214054338274,3.947686555354693,3.128960563839302,1.7226069048856303
2025-01-21 01:55:00,1,55,1,1.0491107372733735,3.9310466840252687,2.9435850580513376,2.2454808034695843
2025-01-21 02:00:00,2,0,1,0.0,3.9144331568564255,2.736776009256009,2.014862578089792
2025-01-21 02:05:00,2,5,1,0.29556805896196625,4.400589416815257,2.9658311992406436,1.8866648820126777
2025-01-21 02:10:00,2,10,1,0.0,3.911934863064762,3.3181565302086717,2.007367161773575
2025-01-21 02:15:00,2,15,1,0.9711227973781498,3.8383472349866152,3.302229014388863,2.001125441048882
2025-01-21 02:20:00,2,20,1,0.0,3.8474837141005906,3.092051177863546,1.884555698214604
2025-01-21 02:25:00,2,25,1,0.047310522334679,4.208755391280351,2.886781264940449,2.081869506049772
2025-01-21 02:30:00,2,30,1,0.0,3.669579533661413,3.0855394915267182,2.119597413318371
2025-01-21 02:35:00,2,35,1,0.0,3.847475416712896,3.075335657390915,1.732715814599183
2025-01-21 02:40:00,2,40,1,0.14873102655890827,4.2893645680223065,2.8387262646575167,2.169988577229739
2025-01-21 02:45:00,2,45,1,0.06974889807372943,4.04879723759953,2.6083069269193326,2.0585214483011205
2025-01-21 02:50:00,2,50,1,0.0,4.038384401007223,2.9776239801861637,2.169916373494472
2025-01-21 02:55:00,2,55,1,0.0,4.4264292920287405,3.083324237214151,1.8672039440583077
2025-01-21 03:00:00,3,0,1,1.5491497170356288,4.0492695905897,2.8581299923396672,1.8954433054006161
2025-01-21 03:05:00,3,5,1,0.0,3.8583627677280834,3.1160126094741254,1.539557264088951
2025-01-21 03:10:00,3,10,1,0.25506218062503744,3.9435845886247303,3.0314758888714124,1.8233930825545266
2025-01-21 03:15:00,3,15,1,0.0,3.7729135381938863,3.0381670595614514,2.0688995573006737
2025-01-21 03:20:00,3,20,1,0.14761628752030156,4.2511874080031395,2.6675346834142624,1.9546267145998737
2025-01-21 03:25:00,3,25,1,0.0,4.114912343507343,3.0311140713600495,2.0175900190550293
2025-01-21 03:30:00,3,30,1,0.0,4.224882829994177,2.975559809376807,1.7558224960371978
2025-01-21 03:35:00,3,35,1,0.9094492661001624,4.242596785709874,2.7862743938706918,1.72439053544923
2025-01-21 03:40:00,3,40,1,0.5885924815921695,3.9171578438144934,3.110809114167951,1.9768858316386797
2025-01-21 03:45:00,3,45,1,0.06837332369961534,3.811049429598222,2.9896493521414573,1.6589013112310211
2025-01-21 03:50:00,3,50,1,0.0,3.989657377738391,2.993279440547759,2.1267274143965365
2025-01-21 03:55:00,3,55,1,0.0,3.825447785842292,2.631632085085144,1.892918748251006
2025-01-21 04:00:00,4,0,1,1.3515137822025418,4.032991375081805,2.685930173691039,1.9159435850540225
2025-01-21 04:05:00,4,5,1,0.0,4.2264193761669375,2.8198016204858156,2.0761817667283204
2025-01-21 04:10:00,4,10,1,0.5516087860268291,3.9663720707901664,3.033847912685278,2.258300881126809
2025-01-21 04:15:00,4,15,1,0.7209712009763004,4.029999017981548,2.9891844301399013,2.0676975604208545
2025-01-21 04:20:00,4,20,1,0.10948195792798754,3.9812308767553266,2.8884585036703045,1.7793870697542842
2025-01-21 04:25:00,4,25,1,0.0,4.16054551448754,3.1669524869380172,2.2486510107094158
2025-01-21 04:30:00,4,30,1,0.0,3.866443521142342,3.1411311398476505,2.0262456246259064
2025-01-21 04:35:00,4,35,1,0.34208160430447726,3.56071074767138,2.805181289102945,2.2283256346853895
2025-01-21 04:40:00,4,40,1,0.0,4.094173771875076,3.1159018631274025,2.404975721865889
2025-01-21 04:45:00,4,45,1,0.08807522594384606,4.197566884261599,2.7691152099520187,2.172513300249476
2025-01-21 04:50:00,4,50,1,0.0,4.089274848951707,3.10982130097496,1.9315945599503888
2025-01-21 04:55:00,4,55,1,0.0,3.871953900906397,3.2727669760406206,2.0804690296849095
2025-01-21 05:00:00,5,0,1,0.016859527450526622,3.7729975803627864,2.812621394307669,1.9763321967451182
2025-01-21 05:05:00,5,5,1,0.13429679052214893,4.098899506356064,2.8102282385793775,1.9062968569228973
2025-01-21 05:10:00,5,10,1,0.0,4.0282957905869345,3.1407652307079466,2.1978548090468433
2025-01-21 05:15:00,5,15,1,0.5984554743806761,3.974841474468334,3.044242466757873,1.8499850246820935
2025-01-21 05:20:00,5,20,1,0.0,4.364492668598758,3.0763216840790713,2.1446799275915276
2025-01-21 05:25:00,5,25,1,0.0,3.8106399811637335,2.6055776509520565,2.0232957550061834
2025-01-21 05:30:00,5,30,1,0.0,4.355007404225493,2.9619620403201337,2.1907422510819146
2025-01-21 05:35:00,5,35,1,0.017187654513230045,4.006356780974128,3.0771378329722996,2.096870340294557
2025-01-21 05:40:00,5,40,1,0.08029471658587989,3.632885904625825,2.9036178067238074,2.000330343426487
2025-01-21 05:45:00,5,45,1,0.6810662018425396,3.9641594691361717,3.1887369939607777,1.9870240534059447
2025-01-21 05:50:00,5,50,1,0.0,4.191899215319888,3.034933911146315,1.692808540311587
2025-01-21 05:55:00,5,55,1,0.0,3.926988993439006,2.986291992734557,1.597600006378778
2025-01-21 06:00:00,6,0,1,0.0,3.705044291752321,2.8967710261283486,2.0127031115453797
2025-01-21 06:05:00,6,5,1,0.6284256017895589,3.967097093640766,3.1534061588969142,1.8001680113096048
2025-01-21 06:10:00,6,10,1,0.5283484056924126,3.828565525221659,3.07473682869402,2.2936986808724256
2025-01-21 06:15:00,6,15,1,0.44401742865434934,4.098362880217593,2.8718512268568754,1.6905894156554684
2025-01-21 06:20:00,6,20,1,0.0,4.154679963213522,3.0579679914114175,1.7616005986927414
2025-01-21 06:25:00,6,25,1,1.8108748460471902,3.788745918450379,2.836200285305296,2.1846673883404972
2025-01-21 06:30:00,6,30,1,0.6914219399724871,3.8588391889768703,3.3753798550753364,1.799861976731703
2025-01-21 06:35:00,6,35,1,1.2255948572143134,4.151328493021388,2.8525160519969175,1.9120262075182362
2025-01-21 06:40:00,6,40,1,1.9156540322073057,3.828231144340208,2.8904383892949146,2.386658502762407
2025-01-21 06:45:00,6,45,1,1.352624255852939,3.783568372834401,2.8938864340624426,1.9224496170947742
2025-01-21 06:50:00,6,50,1,1.4176412502544564,3.764261773640749,3.3232354946349654,2.1153352623078603
2025-01-21 06:55:00,6,55,1,1.314885131911399,4.070407722591624,3.197179846589849,1.8187774253955218
2025-01-21 07:00:00,7,0,1,2.9486889274780252,4.061831543903493,3.340946095047279,2.188084492696312
2025-01-21 07:05:00,7,5,1,2.525697017946759,3.8631907939241916,3.7403784638107447,2.867572962335033
2025-01-21 07:10:00,7,10,1,4.4706930412793975,4.0010170792256465,3.3200676892455463,2.3907276031287172
2025-01-21 07:15:00,7,15,1,2.717217120216179,4.305426476831026,3.4038529804884026,2.0358328020165475
2025-01-21 07:20:00,7,20,1,2.959475921542226,3.8051879686163557,3.297853376672104,2.7319798644290803
2025-01-21 07:25:00,7,25,1,3.341683897694316,3.60965147819791,3.237374448666472,2.5278945586614965
2025-01-21 07:30:00,7,30,1,3.9484016512201423,4.091015115144074,3.107594307660753,2.4567997266613397
2025-01-21 07:35:00,7,35,1,3.7923652291947154,3.9779197672196824,3.331003653624198,2.13349855486487
2025-01-21 07:40:00,7,40,1,4.532348724408251,3.85799498263698,3.7371158288465334,2.7539882083603056
2025-01-21 07:45:00,7,45,1,3.9335927071956864,4.130416047470981,3.2091383863292076,2.435144960741882
2025-01-21 07:50:00,7,50,1,3.9266902731185476,4.167845028933758,3.5132956049217348,1.955571463861645
2025-01-21 07:55:00,7,55,1,3.910780319489323,3.5583443960239816,3.0808721820817904,2.885885330910034
2025-01-21 08:00:00,8,0,1,3.8882129160314007,3.869480418133702,3.180461931049229,2.8774549324755085
2025-01-21 08:05:00,8,5,1,4.928698071867688,4.463503246239371,3.0963758976850007,2.697648333142121
2025-01-21 08:10:00,8,10,1,5.222505927271626,4.116680983159638,3.406609067746899,2.44877011925369
2025-01-21 08:15:00,8,15,1,5.23998381645443,4.13522072765943,4.056780774060189,2.1237440097043954
2025-01-21 08:20:00,8,20,1,6.357467262104043,4.234578855726296,3.678439458878321,2.6660468990673465
2025-01-21 08:25:00,8,25,1,6.52711158843989,4.003413765039945,4.506372016749913,2.176860753930434
2025-01-21 08:30:00,8,30,1,5.920212796364956,4.159336832018324,3.312204561948969,2.744776685749766
2025-01-21 08:35:00,8,35,1,5.36227416524461,4.14361240876744,3.439920842239441,2.361084712980475
2025-01-21 08:40:00,8,40,1,6.144523542837866,4.107808299350552,3.7872534464969494,2.4200294691088837
2025-01-21 08:45:00,8,45,1,6.293547454042158,3.935597605876519,3.232442278885575,2.717863046428594
2025-01-21 08:50:00,8,50,1,6.427334595017575,4.034411784473252,3.612586402408358,2.406146021318207
2025-01-21 08:55:00,8,55,1,6.566271105873569,3.8823276871386443,3.3919095443719938,2.225528018517831
2025-01-21 09:00:00,9,0,1,6.744336364003072,4.002562860913299,3.7175290565346026,2.3919676548236875
2025-01-21 09:05:00,9,5,1,7.030368812648676,3.7663018215801465,3.269046228927899,2.1143334498424435
2025-01-21 09:10:00,9,10,1,7.0550028186934615,3.8418752017454096,3.617646307372651,2.3474251063261007
2025-01-21 09:15:00,9,15,1,7.622559329102569,3.943537591615014,2.8961974058032784,2.139019363106786
2025-01-21 09:20:00,9,20,1,7.840628789142212,3.811258913713985,3.429920919302305,2.4383387005248496
2025-01-21 09:25:00,9,25,1,7.343522287337572,3.898996545850965,3.426937324888805,2.3851731665297318
2025-01-21 09:30:00,9,30,1,8.569066065915868,3.9672148046488966,3.0572438831790767,2.2376354427552845
2025-01-21 09:35:00,9,35,1,7.57441489175452,4.080452468932876,3.8551330959452303,2.8108684380559197
2025-01-21 09:40:00,9,40,1,7.382620135982249,4.189851460370582,3.673385534703215,2.6468507812122004
2025-01-21 09:45:00,9,45,1,8.505085158707978,3.9072431257243783,3.7714267724196473,2.16376157875237
2025-01-21 09:50:00,9,50,1,8.02521039092169,4.267020923453725,3.5098785100270846,2.1639198548059118
2025-01-21 09:55:00,9,55,1,8.70976444210816,4.187722215725099,3.169125659070418,2.610419481324082
2025-01-21 10:00:00,10,0,1,7.45841973729412,4.100818766388788,3.189350087827175,1.9612301731154924
2025-01-21 10:05:00,10,5,1,9.463495527816612,4.030729825859324,3.3298000864419004,2.0423568654091073
2025-01-21 10:10:00,10,10,1,9.206255035802418,4.063824168373708,2.844642893516698,1.7826542896252655
2025-01-21 10:15:00,10,15,1,8.218489140745383,4.237410230133277,3.2036262968369433,2.025691823147963
2025-01-21 10:20:00,10,20,1,8.323689308443356,4.244715931951855,3.1352094756338964,1.4684073479093516
2025-01-21 10:25:00,10,25,1,9.989247743243235,4.266989345676729,3.0489344068693875,1.8976451623007526
2025-01-21 10:30:00,10,30,1,8.870105373363888,4.008265366375401,2.721248092816627,1.9874635314103148
2025-01-21 10:35:00,10,35,1,8.902986268461675,4.110993432999723,3.218362706730891,2.4532456572839436
2025-01-21 10:40:00,10,40,1,8.263900160784441,4.26870930132441,3.0484304814645022,1.8581706820076955
2025-01-21 10:45:00,10,45,1,9.293912192150279,3.8752567930167214,2.8460994886963067,2.19262647241304
2025-01-21 10:50:00,10,50,1,9.423309700064394,3.936316629256339,2.8006251761694214,2.1244854759055527
2025-01-21 10:55:00,10,55,1,9.958245092244029,4.003207332602695,3.0587362379919236,2.0366202783765757
2025-01-21 11:00:00,11,0,1,8.959719048798446,4.179919747595881,2.6863762820238417,1.928608359554735
2025-01-21 11:05:00,11,5,1,8.95327730201231,4.183034430143724,2.7083684417284775,1.8823505197366468
2025-01-21 11:10:00,11,10,1,9.988441388587573,3.953827177760413,3.1834277323041027,2.246211580671113
2025-01-21 11:15:00,11,15,1,10.311217839645836,3.698278109124058,3.042789729898177,1.885931897513203
2025-01-21 11:20:00,11,20,1,9.062501354563139,4.049236788859194,3.3176198664720835,1.883281873248764
2025-01-21 11:25:00,11,25,1,10.424372147827476,3.81633677253432,2.772862701638199,2.1392965935833566
2025-01-21 11:30:00,11,30,1,9.933219534481514,3.7020127590719554,3.0915468085139413,1.8914848178148318
2025-01-21 11:35:00,11,35,1,10.48646605176052,3.747225687853257,3.0200450459139137,2.0884319977703547
2025-01-21 11:40:00,11,40,1,9.926836800158647,4.065276201569112,3.040735768210363,2.091787790992916
2025-01-21 11:45:00,11,45,1,8.71745027364206,4.272207472186562,2.8988570276880052,2.10524900884792
2025-01-21 11:50:00,11,50,1,9.914498524660559,4.007778903247249,3.0035115675166564,1.9056378956927293
2025-01-21 11:55:00,11,55,1,10.527692180134727,4.042276130929193,2.950823047553345,1.9804196328151165
2025-01-21 12:00:00,12,0,1,9.553126990458143,4.2365789877755855,2.7109243325877443,1.8726681506860143
2025-01-21 12:05:00,12,5,1,9.803637786345366,3.691109018183289,3.012981103118557,1.7298017929222296
2025-01-21 12:10:00,12,10,1,9.902415464043088,4.104035284320054,2.876015267637084,2.4769289956743745
2025-01-21 12:15:00,12,15,1,8.528832292451794,3.9976820431362357,2.7741483270357614,1.9232372174699142
2025-01-21 12:20:00,12,20,1,10.797620768636193,4.113211491766413,2.8332565442942537,1.9766259992093327
2025-01-21 12:25:00,12,25,1,9.489875542274609,3.9033032183192367,2.837016331373004,1.9513513753415135
2025-01-21 12:30:00,12,30,1,10.167316329974506,3.8364125419147035,2.8562905929700215,2.211025563273965
2025-01-21 12:35:00,12,35,1,9.840264536603502,4.028101780857121,3.0163274075439093,1.799405468607356
2025-01-21 12:40:00,12,40,1,10.476887058301761,4.3298382646668925,3.1681593047665384,1.8083466767939773
2025-01-21 12:45:00,12,45,1,10.010880865246344,4.172182020908292,2.6871839622176696,1.9993915025134386
2025-01-21 12:50:00,12,50,1,9.645497935438847,3.8984614459639815,3.3814528848679957,1.6344671742168224
2025-01-21 12:55:00,12,55,1,9.266663151872974,3.731805592803744,2.7338024156861804,2.1505051326321687
2025-01-21 13:00:00,13,0,1,10.058183613581752,3.663586543260443,2.871535720077608,2.1223897134493086
2025-01-21 13:05:00,13,5,1,8.663777891881978,4.263219890370096,2.8325022186116104,2.0283924354818352
2025-01-21 13:10:00,13,10,1,9.860114717620217,3.8089835423728347,3.3488947850770976,1.7610820705956258
2025-01-21 13:15:00,13,15,1,8.91977891917362,3.934897317401013,3.204752162027461,2.1359413593264174
2025-01-21 13:20:00,13,20,1,10.023068038837405,4.264242225215515,2.702151149780218,2.1117801047483544
2025-01-21 13:25:00,13,25,1,9.400728464159334,3.6772197089042016,3.014561225772521,2.018218801982746
2025-01-21 13:30:00,13,30,1,9.560857209037922,4.298452901895012,3.067303513290341,1.929926831116839
2025-01-21 13:35:00,13,35,1,9.19410919810683,3.9492719092214994,3.0140197917884795,2.048290485008058
2025-01-21 13:40:00,13,40,1,8.186889322796002,3.7702833369522524,3.149211587777106,1.6945677933243837
2025-01-21 13:45:00,13,45,1,8.538362833629215,3.9505298145702175,3.258177179298221,1.7689419313881574
2025-01-21 13:50:00,13,50,1,9.206303000587909,3.8554806437197047,3.1523256928292773,2.015889019854556
2025-01-21 13:55:00,13,55,1,8.850595465755,4.088163959781143,2.7437687314402606,2.105629093940801
2025-01-21 14:00:00,14,0,1,9.250748990497224,3.8703735132224444,2.8109186721609656,2.213759111031528
2025-01-21 14:05:00,14,5,1,8.75075598824805,3.6176715578161915,2.857833032299751,1.7010027804789245
2025-01-21 14:10:00,14,10,1,7.950563512777529,3.955887493118202,3.306769021007259,2.0362647342473816
2025-01-21 14:15:00,14,15,1,7.916664054165135,3.728690989542692,3.173438225152263,1.8297056242493266
2025-01-21 14:20:00,14,20,1,8.242979138151536,4.040863976797664,2.62163789265836,2.335040484817555
2025-01-21 14:25:00,14,25,1,6.9074240096747745,3.7625739335433352,2.9987146375642104,2.0982703788327095
2025-01-21 14:30:00,14,30,1,8.770254345723844,3.9023974393655827,3.1313191561196536,1.9329217893968622
2025-01-21 14:35:00,14,35,1,8.019718199117596,4.036517560842867,3.0452459095231035,2.318790518501089
2025-01-21 14:40:00,14,40,1,8.273961729714216,3.957508254993146,2.993511754224134,2.188420263283915
2025-01-21 14:45:00,14,45,1,6.728096104385189,4.050086056600209,2.601750603993876,2.224752126063843
2025-01-21 14:50:00,14,50,1,7.995055948278869,4.136057433143551,2.695599140398805,2.2018817648067
2025-01-21 14:55:00,14,55,1,8.339389076111434,3.768413260053739,3.0781262440902544,1.9808158647852243
2025-01-21 15:00:00,15,0,1,6.410628634176817,3.9871204918750585,2.980082355758414,1.949453781328533
2025-01-21 15:05:00,15,5,1,7.300831455274574,3.3340992404983743,2.835866096111287,1.9588047442739907
2025-01-21 15:10:00,15,10,1,6.75645704850025,4.049466660336504,3.441611815501818,2.2604613421569457
2025-01-21 15:15:00,15,15,1,5.821241226876567,3.9398371739250315,2.8257993642955133,2.0535374804654576
2025-01-21 15:20:00,15,20,1,6.67431808279133,3.803310047304406,3.019195832647286,1.9715413113980658
2025-01-21 15:25:00,15,25,1,6.676036324259266,4.063143884459305,2.799444488672504,2.0891795969613303
2025-01-21 15:30:00,15,30,1,5.7870510137527855,4.234539515437014,3.1692143259829275,1.8332202629866439
2025-01-21 15:35:00,15,35,1,6.496054743763434,3.9047964504802115,3.3911082834578417,2.304400649847111
2025-01-21 15:40:00,15,40,1,4.902382660115865,3.811037101951656,3.1096331117902465,1.7536560594662374
2025-01-21 15:45:00,15,45,1,4.8083242569712,4.033005052487742,3.0802817251969126,2.056395600312893
2025-01-21 15:50:00,15,50,1,5.441294781262614,3.732878666670728,3.1026310552436995,2.318092854457947
2025-01-21 15:55:00,15,55,1,5.200425220591353,3.8679237258928922,2.964805189076676,2.4095653159311485
2025-01-21 16:00:00,16,0,1,4.641713255787947,4.244480432330101,3.08130086919875,1.941907364867747
2025-01-21 16:05:00,16,5,1,5.214684907179823,4.012435845962457,3.4798754413412825,2.165978380004018
2025-01-21 16:10:00,16,10,1,4.882933289458314,3.624106607210767,2.9090532226085055,2.0168433177892884
2025-01-21 16:15:00,16,15,1,4.851956437657021,3.64060167054412,3.1270466043709066,1.9698277946429317
2025-01-21 16:20:00,16,20,1,4.164614399730866,4.032417138529355,3.0267815738089903,1.8365592792674557
2025-01-21 16:25:00,16,25,1,4.32875703257654,4.172478115183537,2.6629610938384185,2.021283864548942
2025-01-21 16:30:00,16,30,1,3.6040091721359016,3.67647570827477,3.0280055644451775,2.105423918311571
2025-01-21 16:35:00,16,35,1,4.65128972788032,4.089942521499301,2.884762058578761,1.7318891410918669
2025-01-21 16:40:00,16,40,1,3.013928548195692,4.266068701497944,2.8069351060505303,2.211126751367965
2025-01-21 16:45:00,16,45,1,4.267043367760774,4.377571797591727,2.8666777375584855,1.9115838028392476
2025-01-21 16:50:00,16,50,1,3.0245019685874377,4.066244551971975,2.937517287233778,1.8761447661426418
2025-01-21 16:55:00,16,55,1,2.1105346955255473,4.101360518910495,2.8613578344934334,1.8257752870732378
2025-01-21 17:00:00,17,0,1,3.272230126269511,3.573363114474371,3.28013131491364,2.136020136668586
2025-01-21 17:05:00,17,5,1,2.439809617459213,4.4199505095991976,3.2495641546300473,2.289867951292168
2025-01-21 17:10:00,17,10,1,2.5899581885711465,3.8849019573807757,2.530024040513404,2.068690928405615
2025-01-21 17:15:00,17,15,1,2.5628311794325827,3.813305768314992,2.882764273220336,2.22336192887067
2025-01-21 17:20:00,17,20,1,1.9054595537418197,3.948958773112075,2.851705759351488,1.7891700487272582
2025-01-21 17:25:00,17,25,1,1.225113439492759,4.3023346828370865,2.7131908278693797,1.9394650178042396
2025-01-21 17:30:00,17,30,1,1.793118611035141,4.44160920950871,3.182989052505662,2.0512334433722623
2025-01-21 17:35:00,17,35,1,1.089046502246948,4.025081735895169,2.7594703469727713,2.430531818072378
2025-01-21 17:40:00,17,40,1,1.2144863367807914,4.199616834520731,3.1299077278983134,2.1554820231515373
2025-01-21 17:45:00,17,45,1,0.0,4.008640809737101,3.2570057654695317,1.671956882274844
2025-01-21 17:50:00,17,50,1,0.659684732158291,3.7924409053963632,2.8177131722824234,2.1646022713848545
2025-01-21 17:55:00,17,55,1,0.0,4.295348734157658,2.8378523343957047,1.9449973055489904
2025-01-21 18:00:00,18,0,1,0.8266548185892665,3.875574503928722,3.47667780415061,2.1167783834110248
2025-01-21 18:05:00,18,5,1,0.31154367394454757,4.3071061546743765,3.391754845359908,2.77435096520555
2025-01-21 18:10:00,18,10,1,0.11992887292464831,4.259708265953817,3.7188361669453522,2.8339043985902403
2025-01-21 18:15:00,18,15,1,0.24315499667511078,4.122807252791442,3.802962762137239,2.6217621777107754
2025-01-21 18:20:00,18,20,1,0.0,4.36579495125087,3.59800354949291,2.575999228031985
2025-01-21 18:25:00,18,25,1,0.8116283452640269,4.446469206637148,3.311885849823812,2.1910165828838157
2025-01-21 18:30:00,18,30,1,0.9956852092084523,3.9649513274071375,3.29312079616403,2.4021912050327594
2025-01-21 18:35:00,18,35,1,0.19645675527410816,3.8382411763167137,3.303252216577167,2.6241495215451747
2025-01-21 18:40:00,18,40,1,0.7952017842868193,3.6271460325487057,3.5605685648192753,2.5927970496160655
2025-01-21 18:45:00,18,45,1,0.0,4.448936451086051,3.605422419774734,2.8586991813353597
2025-01-21 18:50:00,18,50,1,0.0,3.91206359821631,3.49742813228387,2.8025108301503834
2025-01-21 18:55:00,18,55,1,0.020462374364461425,4.227007371420348,3.6549756073937503,2.8388900609905257
2025-01-21 19:00:00,19,0,1,0.21747051918394933,3.8517489264981033,3.9843889503159717,2.672994873993721
2025-01-21 19:05:00,19,5,1,0.0,4.307653128182407,3.5311304749015995,2.5291923452329925
2025-01-21 19:10:00,19,10,1,0.2688840951842419,3.8599764816369175,3.3589501761314486,2.3488683560271832
2025-01-21 19:15:00,19,15,1,0.15319474103670702,3.7616561732765312,3.7706351489934606,2.2108989122657334
2025-01-21 19:20:00,19,20,1,0.0,3.95829871380925,3.9844317906686677,2.4544830241287943
2025-01-21 19:25:00,19,25,1,0.2593965087258606,3.8936448598076727,4.358623367936844,2.292065371951115
2025-01-21 19:30:00,19,30,1,0.4317641212607606,4.119259957092242,3.5750566759941003,2.3944452189254744
2025-01-21 19:35:00,19,35,1,0.08573465879519547,3.9897210145614954,3.2620747725370185,2.8191401052636156
2025-01-21 19:40:00,19,40,1,0.5763240516308462,4.125540478910384,3.1683337416806583,2.2971776479077297
2025-01-21 19:45:00,19,45,1,0.0,3.9417957053829413,3.675895912674473,2.7234882432848213
2025-01-21 19:50:00,19,50,1,0.23397521106592586,3.866978525796239,3.082434373631744,2.674503065564612
2025-01-21 19:55:00,19,55,1,0.0,3.8832878904207853,3.5386699740249017,2.224682992641541
2025-01-21 20:00:00,20,0,1,0.0,4.408987759606205,3.2633355393993337,1.8899645716154798
2025-01-21 20:05:00,20,5,1,0.0,4.045034186445387,4.015233328339273,2.804626124493102
2025-01-21 20:10:00,20,10,1,0.0,3.6032475581093912,3.1132564969465344,2.7396723018375386
2025-01-21 20:15:00,20,15,1,0.0,3.895958197309184,3.3277932968151,2.77444316090491
2025-01-21 20:20:00,20,20,1,0.0,4.0193732064951755,3.3511779292522754,2.3909937714676124
2025-01-21 20:25:00,20,25,1,0.4185772431656922,4.369079936250076,3.4134958196727005,2.302793397501606
2025-01-21 20:30:00,20,30,1,0.0,4.20573974317798,3.919781412569991,2.7695580979244436
2025-01-21 20:35:00,20,35,1,0.0,3.815656432703617,3.5329845614999837,2.807370449195743
2025-01-21 20:40:00,20,40,1,0.5700339232475802,4.48367115071449,3.0118784854263625,2.13146236643469
2025-01-21 20:45:00,20,45,1,0.0,3.9937679270397046,3.6423664287073887,2.7206609667423667
2025-01-21 20:50:00,20,50,1,0.0,4.249265962214989,3.5838222638767254,1.9351915974765044
2025-01-21 20:55:00,20,55,1,0.22326825347035575,3.7689983005200194,3.1812996426986757,2.6249775599512506
2025-01-21 21:00:00,21,0,1,0.0998052092013914,3.5203673809498204,4.22794168677238,2.8653737995175286
2025-01-21 21:05:00,21,5,1,0.5470897737607378,3.718313701926328,3.973191289541232,2.6019176266570896
2025-01-21 21:10:00,21,10,1,0.23950157169637945,3.349933304760859,3.599747294236813,2.189954359823177
2025-01-21 21:15:00,21,15,1,0.0,4.422417865450582,3.785546615915485,2.478045489237699
2025-01-21 21:20:00,21,20,1,1.089281086995831,4.042906583777283,3.7078197126391155,2.5092059058642806
2025-01-21 21:25:00,21,25,1,0.09716673166911662,3.815071196310394,3.5837355274252216,2.4736815651104136
2025-01-21 21:30:00,21,30,1,0.0,4.090524805996024,3.567387409346868,2.800022967263569
2025-01-21 21:35:00,21,35,1,0.48196271152778547,4.037866807236033,3.120131141279233,2.052123272105467
2025-01-21 21:40:00,21,40,1,0.12472547296503611,4.124186679122798,3.6277593732916698,2.932172289372285
2025-01-21 21:45:00,21,45,1,0.19961409646966355,4.241906280227254,4.007823385040324,2.1326769346869785
2025-01-21 21:50:00,21,50,1,1.2460919993003434,3.942015769394997,3.379137849379288,2.0562354236665272
2025-01-21 21:55:00,21,55,1,0.0,3.8240321387798026,3.334816512083864,2.8368544285148083
2025-01-21 22:00:00,22,0,1,0.0,4.1655550428743835,2.99742164328832,1.9252251840752423
2025-01-21 22:05:00,22,5,1,0.0582892560062319,4.160466555576893,3.109017151282242,1.8409895820381057
2025-01-21 22:10:00,22,10,1,0.5357579677905193,4.020147161624269,3.3185956729763717,2.0014569944482945
2025-01-21 22:15:00,22,15,1,0.0,4.435510837736155,2.9196411514080203,2.1173698469591224
2025-01-21 22:20:00,22,20,1,0.0,3.9124355754276694,3.187857232042209,2.3191950480298518
2025-01-21 22:25:00,22,25,1,0.0,3.8200284056729465,2.958006218748367,2.2172113045387434
2025-01-21 22:30:00,22,30,1,0.0,4.08361828550132,3.0202423223799992,1.877723995805261
2025-01-21 22:35:00,22,35,1,0.0,3.8650124286173004,2.844637694199153,1.7806033112733992
2025-01-21 22:40:00,22,40,1,0.2512498480646451,4.099103304828979,2.851661200222177,2.223141324352017
2025-01-21 22:45:00,22,45,1,0.0,3.833398348832112,3.1413419203572075,1.75175766881161
2025-01-21 22:50:00,22,50,1,0.0,3.9199515434136227,2.650721815957013,1.7775413688407178
2025-01-21 22:55:00,22,55,1,0.034668580857673985,4.378168084007833,2.8446527583505703,1.9393468578845983
2025-01-21 23:00:00,23,0,1,0.43127174230758514,3.9188825286504643,3.2345727046017427,1.8904566282200665
2025-01-21 23:05:00,23,5,1,0.0,3.840229691196541,3.3360999920354546,1.6639600215357264
2025-01-21 23:10:00,23,10,1,0.4101161991529921,4.2341357577413,2.9302734958475387,2.1571097338272804
2025-01-21 23:15:00,23,15,1,0.4086531018691631,3.7897916099426614,3.169441050473287,1.9328572087223215
2025-01-21 23:20:00,23,20,1,0.477042551078314,3.8614113539705865,3.200350686756839,2.1624392885013766
2025-01-21 23:25:00,23,25,1,0.6092401074358432,4.115312224101799,2.8635770681374977,2.0629856936888844
2025-01-21 23:30:00,23,30,1,1.101006962329808,4.187682284774659,3.140722656815369,1.877893046485435
2025-01-21 23:35:00,23,35,1,0.0,4.244095278216215,3.3388650900538326,1.8329276106764714
2025-01-21 23:40:00,23,40,1,0.054785790038929055,3.8505556335559032,3.0288185766589026,1.7500445367160984
2025-01-21 23:45:00,23,45,1,0.0,4.119201734597224,3.020672039732512,1.7865853567858356
2025-01-21 23:50:00,23,50,1,0.0009884223779053878,3.906778360091164,2.9411741717341475,1.6826804877357806
2025-01-21 23:55:00,23,55,1,0.7664366778181559,3.8788688732978733,3.1599626800651444,2.0712560099483217
2025-01-22 00:00:00,0,0,2,0.0,4.240642556458457,3.2174821107273397,1.9304389670720328
2025-01-22 00:05:00,0,5,2,0.0,3.890089120828083,3.2267694733761996,2.0078559290789673
2025-01-22 00:10:00,0,10,2,0.6885904682522807,4.055640919204196,3.022633491885747,2.422810665070388
2025-01-22 00:15:00,0,15,2,0.5100182534510449,4.031115893846128,2.9030648070122793,2.24549180623097
2025-01-22 00:20:00,0,20,2,0.0,3.7858491247322994,3.0959369881095227,1.8856190215509034
2025-01-22 00:25:00,0,25,2,0.4272010005603599,4.193218571071264,2.7368618219073055,1.793382989908902
2025-01-22 00:30:00,0,30,2,0.17060792124601662,4.1120561787357905,3.2261349595709023,2.346879905367391
2025-01-22 00:35:00,0,35,2,0.750137304500494,3.602741877625916,3.0182879806420453,2.0287763525242246
2025-01-22 00:40:00,0,40,2,0.03725479691338631,4.055484222247468,3.1552906866312975,2.014660405870637
2025-01-22 00:45:00,0,45,2,0.5128160569362912,3.8454053131666757,3.2199400075940643,2.0583244501326368
2025-01-22 00:50:00,0,50,2,1.32100595524631,4.219415061282525,3.0271082627304886,1.8601574305011763
2025-01-22 00:55:00,0,55,2,0.2990495775237331,3.7109200326438483,2.8109465841053436,1.3681823972909513
2025-01-22 01:00:00,1,0,2,0.02466408289742181,3.928704606274091,3.2468233599883742,1.970678588955535
2025-01-22 01:05:00,1,5,2,0.3612234926104897,4.072404910197693,2.9199205310528438,1.6096585407229134
2025-01-22 01:10:00,1,10,2,0.0,4.010868058828375,2.8719774468455297,1.845662708343421
2025-01-22 01:15:00,1,15,2,1.193983852762366,4.152591651342794,2.841045382553845,2.0665672286305257
2025-01-22 01:20:00,1,20,2,0.09003551884799074,3.6963156027981423,3.0244497106392005,1.727740813276059
2025-01-22 01:25:00,1,25,2,0.0,4.330382867373475,2.7404317800185334,1.7400642895339269
2025-01-22 01:30:00,1,30,2,0.0,4.105028931757654,3.3621052175134354,2.298544525738326
2025-01-22 01:35:00,1,35,2,0.5486100958032192,4.27194364260018,2.8295402001800802,1.604681136000854
2025-01-22 01:40:00,1,40,2,0.4335937064138694,4.174848033846648,3.025608848602504,2.0093880232475345
2025-01-22 01:45:00,1,45,2,0.0,3.9976779771089914,3.0633833973976796,2.1482747784954666
2025-01-22 01:50:00,1,50,2,0.28822567256121134,3.743160357817768,3.090340790679188,1.7767120936999494
2025-01-22 01:55:00,1,55,2,0.0,3.8872893637502597,3.0588082174328037,2.170764715067131
2025-01-22 02:00:00,2,0,2,0.09248528753657813,4.317912666572515,2.8551996553993253,2.0599912937511715
2025-01-22 02:05:00,2,5,2,0.22637817603834726,4.277087556331276,2.889443856506438,2.399233944188246
2025-01-22 02:10:00,2,10,2,0.8536649047796114,3.8760800039792622,2.734634572226596,2.2311897873057203
2025-01-22 02:15:00,2,15,2,0.0,3.4363391427595644,2.6658374477149462,2.3586105370433215
2025-01-22 02:20:00,2,20,2,0.0,3.9574620531389764,2.771690186515118,2.037934308797867
2025-01-22 02:25:00,2,25,2,0.0,3.942459422374177,2.674161362660639,1.7300037765956577
2025-01-22 02:30:00,2,30,2,0.0,3.950045477591923,3.1795494095249244,2.2056324622938943
2025-01-22 02:35:00,2,35,2,0.6683286788794915,4.10570784036628,3.047871786473529,2.1482163330980484
2025-01-22 02:40:00,2,40,2,0.7743196475120183,4.1752425158643325,3.2089757485307944,1.8631646272401372
2025-01-22 02:45:00,2,45,2,0.16010828897441445,4.1980599094199045,2.720207713136637,1.997259322759441
2025-01-22 02:50:00,2,50,2,0.610647472842574,4.089141828027073,2.884559762820558,2.077724296040199
2025-01-22 02:55:00,2,55,2,0.06697919029011766,3.639845859615473,3.1096057224175855,1.863669841886144
2025-01-22 03:00:00,3,0,2,0.0,3.931760053461341,3.140821708593289,2.1308276751902615
2025-01-22 03:05:00,3,5,2,0.0,4.460817956709838,3.144663515777804,1.9184415245978814
2025-01-22 03:10:00,3,10,2,0.0,4.074843346960495,3.155984432965715,2.1040004561350387
2025-01-22 03:15:00,3,15,2,0.0,4.073563913688773,3.128036928951312,2.3355577126177054
2025-01-22 03:20:00,3,20,2,0.13212738180366954,4.071897187954772,3.0655548379850823,1.8786075552005066
2025-01-22 03:25:00,3,25,2,0.0,4.083075924501198,2.777909093800107,2.225587231998764
2025-01-22 03:30:00,3,30,2,0.3726803620389379,3.523377563782815,3.0714615352070895,2.334004397664045
2025-01-22 03:35:00,3,35,2,0.04676174821930485,3.9520951366177863,2.594089561759906,2.1821334175572886
2025-01-22 03:40:00,3,40,2,0.0,3.992421433641062,2.947772532915874,1.9292958010237657
2025-01-22 03:45:00,3,45,2,0.0,4.256299079850683,2.8470384319702817,2.1799142027770286
2025-01-22 03:50:00,3,50,2,0.03607661841088066,4.009534578924459,3.122707235456645,1.7715235949921118
2025-01-22 03:55:00,3,55,2,0.369118615408081,3.670697722679612,3.0329842875850144,2.141222866136094
2025-01-22 04:00:00,4,0,2,0.0,4.086017831234351,3.0356021051851814,2.2215680600053878
2025-01-22 04:05:00,4,5,2,0.04373687684036962,3.839235070351451,2.9419922912221637,1.549128465379105
2025-01-22 04:10:00,4,10,2,0.11652147576474196,3.7566428717837166,3.0373435121536474,2.036125153881016
2025-01-22 04:15:00,4,15,2,0.0,3.833168190656684,3.062237299340871,2.2213958195935404
2025-01-22 04:20:00,4,20,2,0.0,4.1085008459329035,2.6095073493413388,1.9523033391334679
2025-01-22 04:25:00,4,25,2,0.11530542438310722,4.251752247952013,2.81546843839969,1.758393922376303
2025-01-22 04:30:00,4,30,2,0.0,4.096585989035518,2.9855402000874216,2.1403644060561353
2025-01-22 04:35:00,4,35,2,0.17496185762469627,4.126404644723404,3.060189320971832,1.8624955155008478
2025-01-22 04:40:00,4,40,2,0.0,4.0946090545676,2.9709056800912563,2.1859792889259233
2025-01-22 04:45:00,4,45,2,0.5314268465166082,4.020265435372093,3.1366258490120043,1.8894459973546742
2025-01-22 04:50:00,4,50,2,1.16891387269415,4.139386126992552,2.8765007248672045,1.6567031678802004
2025-01-22 04:55:00,4,55,2,0.0,3.516244906586116,2.9141177332835273,1.6528422139122967
2025-01-22 05:00:00,5,0,2,0.26710393118733733,4.022217670260966,3.413413937477223,1.828976368626658
2025-01-22 05:05:00,5,5,2,0.0,3.7910149930755495,3.2217961710626435,2.3636212415783984
2025-01-22 05:10:00,5,10,2,0.5204770868988947,4.232580514508828,3.043240281705598,1.9799971487226187
2025-01-22 05:15:00,5,15,2,0.0,3.970568938956628,2.7355269487889835,1.8990799756702448
2025-01-22 05:20:00,5,20,2,0.24029337921385632,4.006189617653566,3.320793009573805,2.070250525924454
2025-01-22 05:25:00,5,25,2,0.0,3.6989856251492395,3.0056696414917674,2.2624246418351324
2025-01-22 05:30:00,5,30,2,0.0,4.20336617780257,3.139258109691143,1.9704253704440475
2025-01-22 05:35:00,5,35,2,0.0,4.125465624054762,3.0432511671347195,1.8463869925137386
2025-01-22 05:40:00,5,40,2,0.4111752354478768,4.111389576468101,2.8877918707272827,1.9587402741482682
2025-01-22 05:45:00,5,45,2,0.0,3.8373954295662354,3.111494212474738,1.7505274054619908
2025-01-22 05:50:00,5,50,2,0.2759821296659138,3.845272031012374,3.0152480660845455,1.922027567987387
2025-01-22 05:55:00,5,55,2,0.0,4.044719890889181,2.819814156306759,1.923101690101669
2025-01-22 06:00:00,6,0,2,0.0,3.86110031795039,2.5357193473899553,1.848482265194324
2025-01-22 06:05:00,6,5,2,0.2920268040456747,4.086978592535468,2.780102623584809,1.9440167914798472
2025-01-22 06:10:00,6,10,2,0.055281537823936466,3.5678174794466555,2.5440420354072133,2.038178548701894
2025-01-22 06:15:00,6,15,2,0.7592148490718741,3.9024910887186817,3.1818846592813728,1.9765407255540202
2025-01-22 06:20:00,6,20,2,1.6367247096537865,4.3593506930852985,3.0997583746808752,1.8974538887197514
2025-01-22 06:25:00,6,25,2,0.6996213556032893,4.087897165599153,2.689075775244825,2.0003382642571306
2025-01-22 06:30:00,6,30,2,1.8911669938374382,4.033358732906199,3.1360756753970436,1.7351223748784685
2025-01-22 06:35:00,6,35,2,2.270282678643058,4.397045307134271,2.906954544735633,1.9505767198191166
2025-01-22 06:40:00,6,40,2,1.3284042821552822,3.5328092762397127,3.570281529056989,2.0446742389439785
2025-01-22 06:45:00,6,45,2,1.2233759176160064,3.8369377770423787,2.6188852842272445,1.5694298196315581
2025-01-22 06:50:00,6,50,2,2.3153765894669105,3.9197653656505222,3.14609976605275,2.497006395199306
2025-01-22 06:55:00,6,55,2,2.103155161878295,4.171670246601078,2.943805103079856,1.9318360815882982
2025-01-22 07:00:00,7,0,2,3.5224920606067087,4.175131272645647,3.629232252859279,2.260511077496467
2025-01-22 07:05:00,7,5,2,2.815693910559836,3.826798658203475,2.736753613871398,2.811179316782706
2025-01-22 07:10:00,7,10,2,2.605958291025143,4.19959086442851,3.316045361479451,2.8150353597464113
2025-01-22 07:15:00,7,15,2,2.64081489752576,3.9193370465356585,3.271703962906796,2.5365337382381616
2025-01-22 07:20:00,7,20,2,3.965153912802102,4.242327925129834,3.7564495842466084,2.8211052853215617
2025-01-22 07:25:00,7,25,2,3.3387883957949236,3.7934714603755886,3.569896600244427,2.5549717287397
2025-01-22 07:30:00,7,30,2,3.848748723381112,3.975337680186768,3.6859118540537334,2.6392508603182456
2025-01-22 07:35:00,7,35,2,4.505368271143611,3.901966536924688,3.112645839748606,2.1183752937088474
2025-01-22 07:40:00,7,40,2,3.9840534414415805,4.211206074313143,2.867282269093736,2.729952400251894
2025-01-22 07:45:00,7,45,2,4.399922487819933,3.895443756686766,3.3812810678867,2.7460591736128905
2025-01-22 07:50:00,7,50,2,4.609201927439078,3.991510294197649,3.621113172036347,2.1992719955287092
2025-01-22 07:55:00,7,55,2,5.151549944951923,4.1013622795326095,3.463933269939566,2.3635533845007726
2025-01-22 08:00:00,8,0,2,5.295372167755162,4.109051696605224,3.3172329559209315,2.7745861976479844
2025-01-22 08:05:00,8,5,2,5.077675715977802,4.177390521494634,4.2532230411643015,2.8348610925230644
2025-01-22 08:10:00,8,10,2,5.404820614216495,4.042224955368933,3.491913089792779,2.877852327986837
2025-01-22 08:15:00,8,15,2,5.369812824434278,3.916350216944034,4.013870795093241,2.082288765306911
2025-01-22 08:20:00,8,20,2,4.99695816005074,3.93006025092825,3.867456428408759,2.7309046056229613
2025-01-22 08:25:00,8,25,2,6.041896912334887,4.005134463041522,3.85643571699695,2.7439862368050703
2025-01-22 08:30:00,8,30,2,7.03371017050374,4.049918495214877,3.431681297739758,3.1098611932548303
2025-01-22 08:35:00,8,35,2,5.81737515149506,3.9705656704303127,3.601879582574645,2.369701893791724
2025-01-22 08:40:00,8,40,2,6.041361242064041,4.00384068419311,3.6517934045121123,2.791718770518358
2025-01-22 08:45:00,8,45,2,6.158094265178818,3.696549227885579,3.528428322758599,2.6179409150566677
2025-01-22 08:50:00,8,50,2,7.118197965518164,4.133471056890936,3.5265101246310953,2.301977280069807
2025-01-22 08:55:00,8,55,2,7.139373284920912,4.036222457777886,3.253452662411669,2.079155114028524
2025-01-22 09:00:00,9,0,2,6.991798965657247,4.200374082708217,3.9554060102140234,2.4329748255611015
2025-01-22 09:05:00,9,5,2,6.764630089778073,4.000032101481417,2.4717274694734135,2.618959923783853
2025-01-22 09:10:00,9,10,2,7.418961763921202,3.6523204842956427,3.6127481313521908,1.9400296951508813
2025-01-22 09:15:00,9,15,2,6.736087011121871,3.928310762138665,3.2502811375000213,2.237113289631721
2025-01-22 09:20:00,9,20,2,7.732157714618527,3.960014015376317,3.277319692762317,2.863832758511071
2025-01-22 09:25:00,9,25,2,8.234607023972783,4.1485806610867195,3.455336735579949,2.3718295345551548
2025-01-22 09:30:00,9,30,2,7.307933834595512,3.585945291097321,3.836716982666178,2.6486043235551118
2025-01-22 09:35:00,9,35,2,7.298186904259996,4.008235903389787,2.9777065226070354,2.315012908249629
2025-01-22 09:40:00,9,40,2,8.981239388737347,4.1027350431586616,3.596588626140184,2.21983295979639
2025-01-22 09:45:00,9,45,2,8.00881630327316,3.867702422943696,4.108866436526339,2.5338636290957752
2025-01-22 09:50:00,9,50,2,9.00188838110077,4.01492560196337,3.2739870981267427,2.163116906999185
2025-01-22 09:55:00,9,55,2,8.47211987413055,3.874592698170031,3.778258276410711,2.305641418901813
2025-01-22 10:00:00,10,0,2,8.579276629373721,3.854085413355922,3.0759848356583412,1.7696961286251134
2025-01-22 10:05:00,10,5,2,8.9864739068234,3.9183160299737367,3.0140395583049004,1.8728228204233077
2025-01-22 10:10:00,10,10,2,8.428108903408996,3.857861601506598,2.936921117304989,1.8407438399229086
2025-01-22 10:15:00,10,15,2,9.034975987074706,4.136723662387267,3.2051252555616543,1.9017992049751347
2025-01-22 10:20:00,10,20,2,8.872333162954453,3.8530096246329246,2.9713085610160594,1.980971543840251
2025-01-22 10:25:00,10,25,2,8.492868069491955,3.8194179985904144,3.3224540243267255,2.17806171747828
2025-01-22 10:30:00,10,30,2,9.407536362476067,4.353585733367907,3.158136151655592,1.6844226753947398
2025-01-22 10:35:00,10,35,2,9.188424789389028,4.1921480023648074,2.868721522479492,2.237723743165783
2025-01-22 10:40:00,10,40,2,9.31841379363673,3.6276973278681597,2.76581383691567,2.0168027096243457
2025-01-22 10:45:00,10,45,2,8.864220823243976,3.8470463420294934,2.7869476991478423,1.8070185489181187
2025-01-22 10:50:00,10,50,2,10.332869691363673,4.048492594344542,3.3361571305728406,2.1438541283152777
2025-01-22 10:55:00,10,55,2,10.038855637052345,4.0647510134462985,3.1966280455589176,2.156748296032756
2025-01-22 11:00:00,11,0,2,10.141336204976673,3.701901426852621,2.9721423275540997,1.8616806584192205
2025-01-22 11:05:00,11,5,2,9.560698346911773,4.231713098564464,2.9195819481165013,1.9616347091226507
2025-01-22 11:10:00,11,10,2,8.898368626447624,4.165044883836325,3.3552572138655834,1.732728713794094
2025-01-22 11:15:00,11,15,2,10.78431149527706,4.096380326408068,2.889267710276241,1.8174073267389235
2025-01-22 11:20:00,11,20,2,9.817528776119147,4.271345698142424,3.211324639504096,2.3707576518678195
2025-01-22 11:25:00,11,25,2,9.509215206667578,4.090457998514184,3.0617572719652792,2.078203166968717
2025-01-22 11:30:00,11,30,2,10.12284940097966,4.089716175850369,3.018264184608387,2.087495797856225
2025-01-22 11:35:00,11,35,2,10.524123776224846,4.311535854364449,3.154631032471525,2.0851281025773645
2025-01-22 11:40:00,11,40,2,9.950421702874722,4.220243916145542,3.099766865655659,2.155082872698775
2025-01-22 11:45:00,11,45,2,10.617876816355722,3.831698508217694,2.6443443797489863,2.000401786029145
2025-01-22 11:50:00,11,50,2,10.53198218507701,4.126639035734383,3.0610418084169035,2.0832296361038583
2025-01-22 11:55:00,11,55,2,9.459429677098061,3.867146427008284,2.9658227476432093,2.0321502999594303
2025-01-22 12:00:00,12,0,2,9.663104947170261,4.100830910190056,2.8560187190638464,1.645031052860454
2025-01-22 12:05:00,12,5,2,10.476388852438975,4.095322701403963,3.196627420261131,1.7731256793360992
2025-01-22 12:10:00,12,10,2,8.634175933913358,3.723306537508803,2.967909227377248,1.8501740734195988
2025-01-22 12:15:00,12,15,2,9.903861385803541,3.975630877737793,3.317401855975216,1.984071057098257
2025-01-22 12:20:00,12,20,2,9.24653138010512,4.05305140471608,2.9379087074235866,2.1495731737451966
2025-01-22 12:25:00,12,25,2,9.702286481506434,3.9127419618011685,3.4312948335216373,2.0811379054116177
2025-01-22 12:30:00,12,30,2,9.765038569223504,4.062941988478152,2.924516107673633,2.139318796270938
2025-01-22 12:35:00,12,35,2,9.704492915723852,4.161179555400214,2.6854641862836868,2.0092858520128796
2025-01-22 12:40:00,12,40,2,9.571946904065777,3.993881387153849,3.398791530991282,2.0315494793371545
2025-01-22 12:45:00,12,45,2,9.259280979217897,4.044919895341652,3.0215555312315296,2.004127308071501
2025-01-22 12:50:00,12,50,2,10.908915704608678,4.276684815711195,2.92090474391476,2.062898134472974
2025-01-22 12:55:00,12,55,2,10.64715170021329,4.094639316645045,3.1550546023320605,1.9336359895018451
2025-01-22 13:00:00,13,0,2,9.07822535276254,4.0401648579348945,2.501849652339836,2.093123501055751
2025-01-22 13:05:00,13,5,2,10.39155691951107,3.8083841240717278,3.426625215304021,1.9247477183887738
2025-01-22 13:10:00,13,10,2,9.337436762245844,4.134205202277769,2.705767323448679,2.135482596946496
2025-01-22 13:15:00,13,15,2,9.533895031616913,4.066029989878388,3.348766452836801,2.105874713943047
2025-01-22 13:20:00,13,20,2,9.365289227910628,4.256747886740282,3.344940010833302,2.1587337091251424
2025-01-22 13:25:00,13,25,2,8.990204372201003,4.009375708660662,3.1413701971355383,1.8963998634515775
2025-01-22 13:30:00,13,30,2,9.73072149691594,3.6367466999732008,3.0570813781506434,1.9941058086564447
2025-01-22 13:35:00,13,35,2,9.2160580564828,3.659975826234348,2.9872528558866698,1.9492269744097865
2025-01-22 13:40:00,13,40,2,8.82480215875688,4.147136152751947,3.045122693491711,1.7407310031726548
2025-01-22 13:45:00,13,45,2,8.316432693426647,3.885961280460369,3.162343679856315,1.8244509414439607
2025-01-22 13:50:00,13,50,2,8.423310824922657,4.087353550222099,2.9499457549990584,2.066111978607033
2025-01-22 13:55:00,13,55,2,7.94657749927403,4.022846528900471,2.8145453163208978,1.6067073875389495
2025-01-22 14:00:00,14,0,2,8.666365812051971,3.966632066461216,2.9233906644604986,1.71378050148326
2025-01-22 14:05:00,14,5,2,7.950785910587267,3.9807277428823555,3.142462186534094,1.7692992854915748
2025-01-22 14:10:00,14,10,2,8.301134201869589,3.8269220989909547,3.2970311127418324,1.998841422152955
2025-01-22 14:15:00,14,15,2,8.999747049830638,3.996844462220066,3.011834838918846,1.6038737342910672
2025-01-22 14:20:00,14,20,2,8.79117022935071,3.88310131344112,3.028972525770105,1.9839640166253494
2025-01-22 14:25:00,14,25,2,8.048307595623518,3.925548695974859,2.740182193014906,2.0174536677593617
2025-01-22 14:30:00,14,30,2,7.889991039840776,3.935270191058168,2.9204153978385152,1.956642436420928
2025-01-22 14:35:00,14,35,2,8.738782105639322,3.954661346020256,3.0051763524388093,1.9057091573683598
2025-01-22 14:40:00,14,40,2,7.920822491369136,4.184434691301417,3.0492913253897735,1.9826889035298074
2025-01-22 14:45:00,14,45,2,7.354494844851512,3.974041834159061,3.094553693677315,1.8942650812056017
2025-01-22 14:50:00,14,50,2,6.659764309541014,4.20474046731802,2.787016049413208,1.8582262943123722
2025-01-22 14:55:00,14,55,2,7.420576229679931,4.3075709902652966,3.2885313537703555,2.1911933052413493
2025-01-22 15:00:00,15,0,2,7.485729698156907,4.17098893021123,3.2426758265198217,2.256542791634044
2025-01-22 15:05:00,15,5,2,6.599304795565868,4.106893707013702,2.9067363885653594,2.0591623870816926
2025-01-22 15:10:00,15,10,2,6.90150345372562,4.065366441896704,3.0151678005695923,2.131907705118284
2025-01-22 15:15:00,15,15,2,6.411671503543174,4.173071741810014,2.9421663509538067,2.0185948314182007
2025-01-22 15:20:00,15,20,2,6.335859897265894,4.017872147719248,3.014454295523937,2.1064524799831394
2025-01-22 15:25:00,15,25,2,5.015323693059426,4.196913969191439,3.13114344421432,2.01873420646804
2025-01-22 15:30:00,15,30,2,5.976723588229141,4.122821161057937,3.0247981568131617,2.045179604149741
2025-01-22 15:35:00,15,35,2,6.39778113483985,3.9280319078439225,3.3293102841246087,1.6540004417366136
2025-01-22 15:40:00,15,40,2,5.420063085727185,4.179170176020561,2.8060640677564384,2.1347359192891884
2025-01-22 15:45:00,15,45,2,5.58196551430368,4.018296001195513,3.053956879767818,2.052549910030175
2025-01-22 15:50:00,15,50,2,4.9950207301222775,3.9787735984775368,3.1334990997426715,2.0427985786247524
2025-01-22 15:55:00,15,55,2,5.367953419751604,3.9047601679202026,2.8881435043101553,2.125761828021652
2025-01-22 16:00:00,16,0,2,4.891738401231913,4.033203769574914,3.0041774325998154,1.9104845642220893
2025-01-22 16:05:00,16,5,2,4.340266918852877,4.199292523082597,3.138072124915582,2.1302067716564
2025-01-22 16:10:00,16,10,2,5.283761866182903,4.177788001118607,3.0429532983201586,2.3434238307989115
2025-01-22 16:15:00,16,15,2,4.887352908956121,4.070678759491791,3.2653653469540567,2.2003714388107602
2025-01-22 16:20:00,16,20,2,3.9237292354429116,4.119928728145007,3.5132731145617493,1.9707073196004568
2025-01-22 16:25:00,16,25,2,4.276361053296258,4.254339358304511,2.9070399341367814,2.1720726198606717
2025-01-22 16:30:00,16,30,2,4.095540325061089,3.9700067417658276,2.949473140401144,2.0023855431295647
2025-01-22 16:35:00,16,35,2,3.94553100034261,3.776915999293959,2.8028160068499393,2.1213318915426256
2025-01-22 16:40:00,16,40,2,2.5730734852591457,4.260225970435714,2.705798550892478,1.980712355768126
2025-01-22 16:45:00,16,45,2,3.7176979235479317,3.894044349593856,2.9969288524968487,1.9127922315160337
2025-01-22 16:50:00,16,50,2,2.7222085135798677,3.861932375331219,2.6485570482677,1.64707378124511
2025-01-22 16:55:00,16,55,2,2.619376173589285,3.6407604489330896,2.85076551866564,2.107810065752413
2025-01-22 17:00:00,17,0,2,3.90713132715531,4.114256610632859,3.0577849722883887,1.9967129282337717
2025-01-22 17:05:00,17,5,2,2.5277956136222395,3.6757094750895556,2.8230823027965046,2.0682264442522214
2025-01-22 17:10:00,17,10,2,1.9712349016574398,3.8499482384616526,2.6401941443922166,1.5206901035256044
2025-01-22 17:15:00,17,15,2,0.8482560337833331,4.117647358903012,2.951385689756999,1.8907897239805942
2025-01-22 17:20:00,17,20,2,2.431363843642485,4.144384250481674,3.2026342595294914,2.031596755554567
2025-01-22 17:25:00,17,25,2,0.848629026494865,3.8696591703563534,3.3301470619999702,1.890356986260908
2025-01-22 17:30:00,17,30,2,0.803542470450764,3.973169334601519,3.0973544583044323,1.949544574116874
2025-01-22 17:35:00,17,35,2,0.9229925989757256,3.825481094718769,3.2763439448262277,1.959189910575184
2025-01-22 17:40:00,17,40,2,1.5797633233267283,3.8903206424377634,3.170881356029153,1.7844762070951679
2025-01-22 17:45:00,17,45,2,1.0406512856343109,4.053243052030582,2.9169574713735913,1.9831913176145066
2025-01-22 17:50:00,17,50,2,0.35727511873323514,3.8996706642407086,3.2526835079925602,1.5605626117983922
2025-01-22 17:55:00,17,55,2,0.37229488216501827,3.9511569919648664,2.933471110710844,1.9267039747145398
2025-01-22 18:00:00,18,0,2,0.0,3.7070586636764866,2.8769079432816858,2.3607892717759555
2025-01-22 18:05:00,18,5,2,0.06982684478267541,4.226591232961227,3.037799860642612,1.8008009565887824
2025-01-22 18:10:00,18,10,2,0.03666837238906834,4.102013318634214,3.421306151451403,2.4111564637588425
2025-01-22 18:15:00,18,15,2,0.48438494784067665,4.15858107436744,3.4265139251122,2.5758574737695055
2025-01-22 18:20:00,18,20,2,0.48358906121947476,4.258085064923373,3.2361809530358903,3.037256804033776
2025-01-22 18:25:00,18,25,2,0.2469886911028224,3.834957424890857,3.490011797560549,2.885929138918445
2025-01-22 18:30:00,18,30,2,0.0,3.928321103394395,2.9960302275533865,2.249641104972438
2025-01-22 18:35:00,18,35,2,0.3709111471950633,3.6210331264835576,3.7058944415132693,2.43203071729662
2025-01-22 18:40:00,18,40,2,0.0,4.628084582020447,3.17804618378811,1.9484110304067757
2025-01-22 18:45:00,18,45,2,0.0,3.970082936936525,3.7199611016721095,2.6954806764846566
2025-01-22 18:50:00,18,50,2,0.0,4.207745579982983,3.5729962074257684,2.351228142764225
2025-01-22 18:55:00,18,55,2,0.04226349189216227,3.752367771132908,3.1660729917110584,2.4841055380309895
2025-01-22 19:00:00,19,0,2,0.45510789183237266,4.199277685128602,3.10540441890638,2.274524775830623
2025-01-22 19:05:00,19,5,2,0.0,4.371518175329933,3.8783751744198645,1.9447492710605743
2025-01-22 19:10:00,19,10,2,0.0,3.987943850194404,3.70325834807011,2.948258785434749
2025-01-22 19:15:00,19,15,2,0.028370841648409705,3.7978237006820796,3.744877915814796,2.6194638635279452
2025-01-22 19:20:00,19,20,2,0.05672802002827619,3.972240719810893,3.360928146148663,2.3062335836697962
2025-01-22 19:25:00,19,25,2,0.09291881445137652,3.554647695008555,2.825560740181004,2.511102004080194
2025-01-22 19:30:00,19,30,2,0.4599357579772151,3.992422659795632,3.379327865381272,2.290589677395428
2025-01-22 19:35:00,19,35,2,0.5094616200449492,4.1641934278626,3.493975691336296,2.518710844061397
2025-01-22 19:40:00,19,40,2,0.0,3.992848471125297,3.309332810789884,2.9839242350430357
2025-01-22 19:45:00,19,45,2,0.0,3.9431720890622066,3.719180833733727,2.7688835675119834
2025-01-22 19:50:00,19,50,2,0.0,4.105513623222406,3.469009164908177,2.653370719678343
2025-01-22 19:55:00,19,55,2,0.34940783514023815,4.12080496938991,3.231288619820431,2.6998775620750917
2025-01-22 20:00:00,20,0,2,0.7244100541688577,3.668018887498963,3.4386792178058783,2.1934049394957023
2025-01-22 20:05:00,20,5,2,0.0,4.017764592455758,3.4931699986342313,2.412383790925033
2025-01-22 20:10:00,20,10,2,0.0,4.487197024845849,4.196920798166275,2.6306182745439735
2025-01-22 20:15:00,20,15,2,0.733391278449488,3.732996750870395,3.973915240234467,2.839386131907618
2025-01-22 20:20:00,20,20,2,0.25277892660750384,3.9829162334333867,3.51133417993925,2.3668842391209868
2025-01-22 20:25:00,20,25,2,0.21811785240052753,4.388349224410341,2.977932025639903,2.238716934800578
2025-01-22 20:30:00,20,30,2,0.0,4.220835031308735,3.6988260373262642,2.4093608844637893
2025-01-22 20:35:00,20,35,2,0.3393640346397095,3.8973206638447877,3.6127460977215327,1.8909174545957992
2025-01-22 20:40:00,20,40,2,0.0,4.041227075924521,3.636054454729212,2.828944467159786
2025-01-22 20:45:00,20,45,2,0.0,3.999577664003035,2.967272513058124,2.6114691719070398
2025-01-22 20:50:00,20,50,2,0.0,3.8503856391356663,3.9030603960825383,3.0040259948018395
2025-01-22 20:55:00,20,55,2,0.0,3.9851495785013835,3.348950278742612,2.73397910338346
2025-01-22 21:00:00,21,0,2,0.0,3.9440067734386943,3.928936946001625,2.6204144172341137
2025-01-22 21:05:00,21,5,2,0.0,4.0225497876153495,3.8855232766990433,2.48924150399851
2025-01-22 21:10:00,21,10,2,0.47940815323383623,3.8503233638617935,3.6182942431312393,2.313517232061339
2025-01-22 21:15:00,21,15,2,0.5638431472582145,3.7446763599510677,3.4506199526978723,2.630114850962909
2025-01-22 21:20:00,21,20,2,0.0,3.9917438453215257,3.2910142024862696,2.432924088057774
2025-01-22 21:25:00,21,25,2,0.4892289028332751,4.343023643635756,3.728262104284041,3.11576725995283
2025-01-22 21:30:00,21,30,2,0.0,4.0164405852525595,2.885168452505428,3.092973000197085
2025-01-22 21:35:00,21,35,2,0.42848776849139303,3.933681244213691,3.42203847067317,2.7894699607082156
2025-01-22 21:40:00,21,40,2,0.0,4.1508171610077,3.848327809997522,2.9693490321821643
2025-01-22 21:45:00,21,45,2,0.014387782040499293,3.968336077480924,3.2816114405810626,2.4324186075646606
2025-01-22 21:50:00,21,50,2,0.0,4.373606584991822,3.483921170314129,2.3927698472507966
2025-01-22 21:55:00,21,55,2,0.6060646021167431,3.9992174981409843,3.895628292451742,2.4769516896965604
2025-01-22 22:00:00,22,0,2,0.0,4.140099412631633,2.676290467038326,1.8733972355372472
2025-01-22 22:05:00,22,5,2,0.30392016936750427,3.8490791235213453,2.684319994660624,1.9543322426613319
2025-01-22 22:10:00,22,10,2,0.5506650824447752,4.100617850667333,3.1345099349135874,1.8691046655392622
2025-01-22 22:15:00,22,15,2,0.3581700402702053,4.055018695388751,2.9193934070730845,1.945046941532361
2025-01-22 22:20:00,22,20,2,1.1623494571617088,3.9886987750681584,3.028148498767049,2.103216555727105
2025-01-22 22:25:00,22,25,2,0.0,3.899648447766056,3.161451085587074,2.451103396587304
2025-01-22 22:30:00,22,30,2,0.4786524112967656,3.872393966869525,3.0246991862000145,2.147158610795943
2025-01-22 22:35:00,22,35,2,0.0,4.056470532795931,2.682488650464345,1.9241634028868932
2025-01-22 22:40:00,22,40,2,0.6167030381763348,4.125787821939294,2.9459166213075854,1.7965370222025792
2025-01-22 22:45:00,22,45,2,0.0,3.9745674407411737,2.8928014537264928,1.9785030564688744
2025-01-22 22:50:00,22,50,2,0.0,4.057453585824159,2.8990673251670382,2.5203668375676322
2025-01-22 22:55:00,22,55,2,0.6530361019358145,3.9924170643734462,3.102455068315546,2.4002045477718674
2025-01-22 23:00:00,23,0,2,0.0,4.0197052049810775,3.298530235766801,1.8721507733099227
2025-01-22 23:05:00,23,5,2,0.0,3.959911003464555,3.007512093483962,1.9130350757850847
2025-01-22 23:10:00,23,10,2,0.0,4.003594515873662,2.9676354481427336,1.8047132661622538
2025-01-22 23:15:00,23,15,2,0.30951647329426624,4.539608091363485,2.9116929341659556,2.0719037763066477
2025-01-22 23:20:00,23,20,2,0.6960193757935457,4.062326859761485,3.0666244113884407,2.0506807330432535
2025-01-22 23:25:00,23,25,2,0.055564687648256054,4.129059391686209,2.988065035023288,2.172148485047388
2025-01-22 23:30:00,23,30,2,0.6590985336170126,4.0876047210656195,2.9485913947842923,2.2783104679523234
2025-01-22 23:35:00,23,35,2,0.0,3.9474366353405883,2.6304804885964876,2.1313622047951513
2025-01-22 23:40:00,23,40,2,0.0,4.258797842658334,3.0976742224494713,1.86508668854969
2025-01-22 23:45:00,23,45,2,0.0,3.9417672459147317,2.928953794628945,2.0929581878218073
2025-01-22 23:50:00,23,50,2,0.0,4.21101090978851,3.18318704942975,1.6501073663337786
2025-01-22 23:55:00,23,55,2,0.042047194125098254,3.9331586003867103,3.125649213530851,1.9084697628884886
2025-01-23 00:00:00,0,0,3,0.3454554786960964,3.8080054961711918,3.2250579548597105,1.6321449572367646
2025-01-23 00:05:00,0,5,3,0.0,4.073079241647239,3.4890597930242415,1.8227720133971805
2025-01-23 00:10:00,0,10,3,0.0695143434765628,3.7790663287795785,3.2859922373579353,1.9861630760534335
2025-01-23 00:15:00,0,15,3,0.0,4.107128045003321,2.836266652559974,2.053022801076282
2025-01-23 00:20:00,0,20,3,0.0,3.7611682687817365,3.205825088991274,1.6894590398510476
2025-01-23 00:25:00,0,25,3,0.0,3.9361983939054292,3.140317769857402,1.9975643002685821
2025-01-23 00:30:00,0,30,3,0.0,3.7136540606950517,3.1154088165132667,2.002195071467796
2025-01-23 00:35:00,0,35,3,0.0,4.564833401880546,2.885626232249069,1.7773753497256242
2025-01-23 00:40:00,0,40,3,0.015879728290725374,3.6692080880767373,3.134529022409405,2.133454398439767
2025-01-23 00:45:00,0,45,3,0.037836770306693066,4.001962748079281,3.1324544495381614,2.0855192638881146
2025-01-23 00:50:00,0,50,3,0.0,4.2286608548660025,3.1889397743678938,2.2812138559539283
2025-01-23 00:55:00,0,55,3,0.6363573669856324,4.207277181717405,2.6247164305186965,1.5316405112261824
2025-01-23 01:00:00,1,0,3,0.0,4.170268424434627,3.343589471975929,1.7317906970829622
2025-01-23 01:05:00,1,5,3,0.0,3.936554322355705,2.7827513426420762,1.9424771376250152
2025-01-23 01:10:00,1,10,3,1.389981812111778,4.2702177892674005,2.6692056842573795,1.9236826605384725
2025-01-23 01:15:00,1,15,3,0.0,4.1826782181604365,2.810378931175467,1.9533318260605985
2025-01-23 01:20:00,1,20,3,0.0,4.042459923532095,3.0559682609814205,1.931292354914087
2025-01-23 01:25:00,1,25,3,0.3672383725006089,4.048116151545319,2.9211905429205705,2.051599159358329
2025-01-23 01:30:00,1,30,3,0.0,3.9392154704769253,3.2088583595899896,2.320592869384333
2025-01-23 01:35:00,1,35,3,0.0,3.8180695948333923,2.9562923491995567,2.3649778303846474
2025-01-23 01:40:00,1,40,3,1.0729124625382442,4.247430195095744,3.1753413669522494,1.7535983092053646
2025-01-23 01:45:00,1,45,3,0.0,4.262441598720306,2.747758348877265,1.884542429879466
2025-01-23 01:50:00,1,50,3,0.0,3.823178171794016,3.2889207966719454,1.8997265368868927
2025-01-23 01:55:00,1,55,3,0.0,3.9692429669707616,2.6215286350987452,1.9542231582224578
2025-01-23 02:00:00,2,0,3,0.4491797841734928,3.9713153567082142,2.6038856064879186,1.7890028706126255
2025-01-23 02:05:00,2,5,3,0.5623883599929063,3.993468819251938,2.8825943187414826,2.0299337821849384
2025-01-23 02:10:00,2,10,3,0.0,4.012858975717516,3.204832465321376,2.138827188674353
2025-01-23 02:15:00,2,15,3,0.34160620200053443,4.189372292329236,2.764135040310503,1.9256575475668696
2025-01-23 02:20:00,2,20,3,0.6951276637559948,3.8505565383026514,3.0152751177405133,1.9475585751107
2025-01-23 02:25:00,2,25,3,0.8936732072149127,3.830730601697468,2.9461409548263413,1.6554513350691455
2025-01-23 02:30:00,2,30,3,0.0,4.247323948428595,2.769453169772072,1.9194120301721453
2025-01-23 02:35:00,2,35,3,0.0,3.9074710516237405,2.3813548650109677,2.128128864001971
2025-01-23 02:40:00,2,40,3,0.0,3.7473929292845867,2.725464180057786,2.1373676266530275
2025-01-23 02:45:00,2,45,3,0.0,3.902974011580026,3.119783200894182,1.8912613913775231
2025-01-23 02:50:00,2,50,3,0.0,3.9339894529511996,3.2001096651403076,2.1486394689849866
2025-01-23 02:55:00,2,55,3,0.0,4.310992545545153,2.938207705833072,1.9156480769616604
2025-01-23 03:00:00,3,0,3,0.5594472989653346,4.184965242475347,3.2194465571328714,2.0464027678815326
2025-01-23 03:05:00,3,5,3,0.6372142133437907,4.229504123326448,3.2089394336736285,1.5222051851294527
2025-01-23 03:10:00,3,10,3,0.0,4.1639947284693575,3.0196970194038926,1.6845181826061255
2025-01-23 03:15:00,3,15,3,0.5492424380259093,4.189248734323063,2.9948422985026473,2.1427640416691767
2025-01-23 03:20:00,3,20,3,0.1788306833155447,3.8623835746839363,3.3478280291498206,1.8123666543125627
2025-01-23 03:25:00,3,25,3,0.03225298643128586,3.960279568929303,2.8948590389396034,1.9808934185848925
2025-01-23 03:30:00,3,30,3,0.4532720785549819,3.8020169373952903,2.805093779707622,2.1957119457578513
2025-01-23 03:35:00,3,35,3,0.036126024118957906,3.9579023938925935,2.985981090926875,2.0243914046752094
2025-01-23 03:40:00,3,40,3,1.0289055885488811,4.136820998186948,3.124034625354832,1.9856576967249182
2025-01-23 03:45:00,3,45,3,0.0,4.02691665696245,2.836492174364827,1.9873959523403066
2025-01-23 03:50:00,3,50,3,0.0,4.262296163792059,2.8287637280973223,2.021596177823297
2025-01-23 03:55:00,3,55,3,0.0,3.7717168415545563,3.199387544160359,1.7650043415455337
2025-01-23 04:00:00,4,0,3,0.21972634522899528,4.100047670139648,2.6935257997115816,2.009849987183935
2025-01-23 04:05:00,4,5,3,0.6339802435515445,3.7503394396261363,2.846440076651219,2.006349054882394
2025-01-23 04:10:00,4,10,3,0.0,4.018835293834728,3.06408070412194,1.571262754214292
2025-01-23 04:15:00,4,15,3,0.0,4.148066684511296,3.1379698855317084,1.7660662994089502
2025-01-23 04:20:00,4,20,3,0.42125694822750215,3.957099486635156,2.995530409887062,1.868123532912314
2025-01-23 04:25:00,4,25,3,0.3774793830709822,4.110225320817391,2.889608597043141,2.3387915879235974
2025-01-23 04:30:00,4,30,3,0.0,3.808053533033413,3.063853504159132,2.180937680590718
2025-01-23 04:35:00,4,35,3,0.0,3.6672620043607234,3.0301882708405485,2.124002714930991
2025-01-23 04:40:00,4,40,3,0.0,4.111405924497561,3.0834756724286905,2.050891228937365
2025-01-23 04:45:00,4,45,3,0.0,4.3488020468151465,3.221431181832936,2.0313010907688542
2025-01-23 04:50:00,4,50,3,0.0,3.8007910119660218,3.457029714443541,2.1921063145624875
2025-01-23 04:55:00,4,55,3,0.4046323491209929,4.244438836021359,2.772091860452062,1.9646900582034035
2025-01-23 05:00:00,5,0,3,0.058415087086091895,4.008684681763282,3.0794155198981334,2.0088993671424076
2025-01-23 05:05:00,5,5,3,0.0,3.7328616956613847,3.1373746837944334,2.1594033409667746
2025-01-23 05:10:00,5,10,3,0.44003298147867115,3.7736989397295675,2.728082602840207,2.256215508943299
2025-01-23 05:15:00,5,15,3,0.0,4.00315695467213,2.9006365069027913,1.8808190988270486
2025-01-23 05:20:00,5,20,3,0.16505689523547182,3.9191075424151793,2.880175521458892,2.1617152811981164
2025-01-23 05:25:00,5,25,3,0.0,3.7374174046483524,2.9465864603704426,1.8672896711324585
2025-01-23 05:30:00,5,30,3,0.0,3.661192143754919,2.9152081685112927,1.6410616682168246
2025-01-23 05:35:00,5,35,3,0.252135374019192,3.8306561344146988,2.8315672472097027,1.7520832902693801
2025-01-23 05:40:00,5,40,3,0.2607246995297645,4.038761801666223,2.946166133900822,2.1328386540547184
2025-01-23 05:45:00,5,45,3,0.6684845367779801,3.9987198494793725,3.1107751801866454,2.2513500995093167
2025-01-23 05:50:00,5,50,3,0.0,3.8997524084999844,3.206795163459324,1.8942806570163246
2025-01-23 05:55:00,5,55,3,0.15322543148167034,4.040377438858297,3.003814280150743,1.9934887811557163
2025-01-23 06:00:00,6,0,3,0.0,4.208005343972538,2.5697894634556224,1.756548092618051
2025-01-23 06:05:00,6,5,3,0.3091437916570092,4.0788253020868295,2.9665426645697774,1.9654207129718384
2025-01-23 06:10:00,6,10,3,0.6559368976576166,3.9757382657220837,3.1024650108410334,2.0927283259071694
2025-01-23 06:15:00,6,15,3,0.6048763685742427,4.1856144013321375,2.645861499580053,2.103719346891506
2025-01-23 06:20:00,6,20,3,0.0,3.808029939556741,3.035717441290753,2.1246746363289257
2025-01-23 06:25:00,6,25,3,1.254404196685094,3.95501609208893,3.213373117528318,1.9714234054424056
2025-01-23 06:30:00,6,30,3,1.4875426608782443,3.9597824128799264,3.249117647396016,1.8221199092213907
2025-01-23 06:35:00,6,35,3,1.1811471237251907,3.752609348311431,2.810852375925556,2.085754438027108
2025-01-23 06:40:00,6,40,3,1.0942882586330471,3.9160251675431286,2.926246490938964,2.052326512923794
2025-01-23 06:45:00,6,45,3,2.688842795413265,3.5850080638209394,3.398596423968898,2.078699014700795
2025-01-23 06:50:00,6,50,3,2.410118894828229,4.382435609532591,3.042433907772824,1.8261559242696306
2025-01-23 06:55:00,6,55,3,2.2623184078008767,3.8125172423127376,2.6600040386751305,1.9854906769452978
2025-01-23 07:00:00,7,0,3,2.019674009451464,4.3172228262842625,3.8200610739824588,2.403118597881798
2025-01-23 07:05:00,7,5,3,2.387382726099247,4.007616901143899,3.6204387497616106,2.927949181815575
2025-01-23 07:10:00,7,10,3,3.658353193435848,4.112972826431192,3.920454893969108,2.6286447662805346
2025-01-23 07:15:00,7,15,3,3.283225623465639,3.9022400403298136,3.5510319435972026,2.044410085299077
2025-01-23 07:20:00,7,20,3,3.1449078997563333,4.041585938392335,3.3109416067469177,2.4157732575945783
2025-01-23 07:25:00,7,25,3,3.8792249984493448,4.130097927997687,3.2443005165697545,2.5745359788858293
2025-01-23 07:30:00,7,30,3,3.419635229927736,4.132910482878836,4.0734944550458305,2.955328477798485
2025-01-23 07:35:00,7,35,3,4.777888413727561,4.154954678014872,3.573163958549362,2.7338302216074486
2025-01-23 07:40:00,7,40,3,4.902582884855358,3.9263334579921647,3.2814187053931643,2.9392268052006405
2025-01-23 07:45:00,7,45,3,4.189599866588625,3.903928065501729,3.0314100212164456,2.7738484483258485
2025-01-23 07:50:00,7,50,3,4.303151008834908,3.681164734946479,3.6486769130599326,2.2732421839736725
2025-01-23 07:55:00,7,55,3,3.500821089847737,4.104643802235388,3.4373639729786185,2.159724189053182
2025-01-23 08:00:00,8,0,3,4.259209614224315,4.216475742264689,3.1725079856593306,2.022683799812821
2025-01-23 08:05:00,8,5,3,4.517997694126338,4.323196335983586,3.7302541706602135,2.861603490828004
2025-01-23 08:10:00,8,10,3,5.440591253961929,4.061034526916101,2.851457640855972,3.051491654845452
2025-01-23 08:15:00,8,15,3,5.392585477975342,3.846704045418286,3.496397529008948,2.5869559614630515
2025-01-23 08:20:00,8,20,3,5.063096619802842,3.660580771342109,3.058276149324477,2.8962477250494594
2025-01-23 08:25:00,8,25,3,5.772514462403544,4.20833334661667,3.56007502795005,2.84164787193139
2025-01-23 08:30:00,8,30,3,6.340282863910881,3.640744686644493,3.866257496194323,2.900462326816381
2025-01-23 08:35:00,8,35,3,6.523154396798385,3.9318791844512466,3.3055157672443394,2.437611397632039
2025-01-23 08:40:00,8,40,3,5.478040956435952,3.955138634411271,3.3164893775811457,2.768528938822385
2025-01-23 08:45:00,8,45,3,6.529326410758773,3.986108972429796,3.599866768809122,2.8207434592039715
2025-01-23 08:50:00,8,50,3,6.064231687670798,4.007160520007168,3.8338216409171695,1.9818221527183275
2025-01-23 08:55:00,8,55,3,7.365994906392829,4.027629511273515,3.9052310391661615,2.7852582873297154
2025-01-23 09:00:00,9,0,3,7.463141020042225,3.516927347584294,3.389232535044351,2.604937829958889
2025-01-23 09:05:00,9,5,3,6.774626007435327,4.002931181974025,3.462899128525189,2.6848167035893526
2025-01-23 09:10:00,9,10,3,6.9897507669010395,3.5540848851776246,3.388581085788537,2.6436781723507323
2025-01-23 09:15:00,9,15,3,7.287764549540619,4.146443614618199,3.5201915913978055,2.3703418289514087
2025-01-23 09:20:00,9,20,3,6.534047733824111,3.8889749688392774,3.557040873470618,3.3119408720466272
2025-01-23 09:25:00,9,25,3,7.966828917649105,3.5685926549553297,3.2943390110522954,2.4250169226215292
2025-01-23 09:30:00,9,30,3,7.7971111297422855,3.837159064522925,3.2995662801100907,2.3310350843417247
2025-01-23 09:35:00,9,35,3,8.549533583958757,3.885984932163069,3.7447323060156075,2.71476473789082
2025-01-23 09:40:00,9,40,3,7.642315833908641,4.238139923511001,3.4982409490036073,2.8078889755807337
2025-01-23 09:45:00,9,45,3,8.005134648900487,4.039327548350049,3.738032988648293,2.4512997441921356
2025-01-23 09:50:00,9,50,3,7.680651829109301,4.068888988870116,3.0398405774617383,2.748934902384701
2025-01-23 09:55:00,9,55,3,8.04697342498234,4.23624432684412,3.5508993863005927,2.5066670391101775
2025-01-23 10:00:00,10,0,3,8.069263039810275,3.980771142415102,2.906790395998057,2.148929789823263
2025-01-23 10:05:00,10,5,3,9.265254396498301,4.15083759220648,3.0696992504857,1.9526343914395405
2025-01-23 10:10:00,10,10,3,8.52097740740652,4.136772222786399,2.7549090905562177,2.2135858203760153
2025-01-23 10:15:00,10,15,3,9.03081525769919,3.7427061012861174,3.120981044631175,2.051080579989119
2025-01-23 10:20:00,10,20,3,8.872696168435596,4.294596715525966,2.4686452009772006,1.992421148576788
2025-01-23 10:25:00,10,25,3,8.518382158188064,3.715939643985861,2.9517592593048674,1.8763008629891318
2025-01-23 10:30:00,10,30,3,9.154645113527046,4.18347332989557,3.1508470557128567,2.1429720068334555
2025-01-23 10:35:00,10,35,3,9.619630358759784,3.696585392618873,3.0873649434384776,2.2075781829535486
2025-01-23 10:40:00,10,40,3,8.793046511587407,4.120247357630334,2.7955402971932317,1.9092691886461386
2025-01-23 10:45:00,10,45,3,9.873857690316745,4.3723829756300345,3.014958452637161,1.875599596154417
2025-01-23 10:50:00,10,50,3,9.112309046743421,3.9574042686899578,3.1454338443407086,1.895559830373661
2025-01-23 10:55:00,10,55,3,9.359006580822866,3.948728871429371,3.2596740008893508,1.813768119649962
2025-01-23 11:00:00,11,0,3,9.924599824395706,4.1220879998633695,3.4263967299001235,2.4058594711204844
2025-01-23 11:05:00,11,5,3,9.38170261952287,3.9341207088074914,2.981049370736931,2.2292340901851495
2025-01-23 11:10:00,11,10,3,9.781747500867267,4.363655740748564,2.9199143878982787,2.202657299646269
2025-01-23 11:15:00,11,15,3,9.650507389638259,4.038438449891739,2.964804333708646,1.742912020298303
2025-01-23 11:20:00,11,20,3,9.91276153347399,3.9359660983558546,2.2934363624642202,1.9462573107858778
2025-01-23 11:25:00,11,25,3,8.693245551915858,3.8919428944208634,3.0558125017370585,2.2660632852072435
2025-01-23 11:30:00,11,30,3,8.999607706134062,3.813410305965396,3.007325006430278,2.200582026943518
2025-01-23 11:35:00,11,35,3,10.248546885246615,3.874449002648502,2.9092116905556944,1.932544206093711
2025-01-23 11:40:00,11,40,3,10.48053768374198,3.929865321268281,3.210807136505717,1.5070651030661457
2025-01-23 11:45:00,11,45,3,9.523345880620274,3.902472185300284,3.002596765780583,1.920007730088827
2025-01-23 11:50:00,11,50,3,9.86846803973301,3.868364945172579,3.272122240970457,1.894350741004036
2025-01-23 11:55:00,11,55,3,10.144979897250241,4.419768246070488,3.103316993914019,2.184303393866939
2025-01-23 12:00:00,12,0,3,10.346608800829353,3.793980984702102,2.701480801173918,1.9721259383452199
2025-01-23 12:05:00,12,5,3,8.983781634963666,4.029326517529235,2.9136727131828124,2.189258649365919
2025-01-23 12:10:00,12,10,3,9.547462092329388,4.118504201952175,3.1350163681624386,1.9533595939881636
2025-01-23 12:15:00,12,15,3,9.812299542461098,4.126021599116746,2.7905183899167896,2.207629339204018
2025-01-23 12:20:00,12,20,3,10.31351707953548,3.9882785848435054,2.986469444680244,1.6763246868665076
2025-01-23 12:25:00,12,25,3,11.189778624083944,3.9518594856305382,2.6935239202060153,2.0875266860145953
2025-01-23 12:30:00,12,30,3,9.800445750333246,4.090309498247901,2.7448387614468963,2.3719294987207227
2025-01-23 12:35:00,12,35,3,9.180126373625612,4.05330432999564,2.8125859431281337,1.9999278549285449
2025-01-23 12:40:00,12,40,3,10.04921156872273,3.9482082330464974,3.031822393232061,1.8541244521526308
2025-01-23 12:45:00,12,45,3,10.46835069880266,3.687624285655114,2.5520345938844065,2.0381790195232456
2025-01-23 12:50:00,12,50,3,9.816967131689085,3.9064152555333505,2.849352001979548,2.0233076855232888
2025-01-23 12:55:00,12,55,3,9.260096425555467,3.7706899672585084,2.9755337895522582,2.052658249614361
2025-01-23 13:00:00,13,0,3,10.138255233630693,3.8665680899867345,3.312374024131212,1.8907633974545754
2025-01-23 13:05:00,13,5,3,9.932271353108504,4.006644647703392,2.906231069131501,1.666840539449222
2025-01-23 13:10:00,13,10,3,9.024129085384457,4.071747228799323,2.9609632097801413,2.0819739978549934
2025-01-23 13:15:00,13,15,3,9.660014103718227,4.3560905502584815,2.9033010244857946,2.0832861000810983
2025-01-23 13:20:00,13,20,3,9.895558991688521,3.8925187242192374,2.9644982949021617,1.739546752406202
2025-01-23 13:25:00,13,25,3,9.911023714107433,4.15492512705503,3.062397014236621,1.9588335732869966
2025-01-23 13:30:00,13,30,3,9.20557083745814,4.061192004887567,3.0245515642818717,1.8866100233579166
2025-01-23 13:35:00,13,35,3,8.974075068104812,4.259199534127958,2.868919495401821,2.031482161510593
2025-01-23 13:40:00,13,40,3,9.676714781407131,4.115245743919125,2.953880017591573,2.3448556498338533
2025-01-23 13:45:00,13,45,3,8.363647163836442,3.7983037145427367,3.159746102432233,2.1090008518935375
2025-01-23 13:50:00,13,50,3,9.08939797724272,3.655390794141754,2.964503839699717,1.5947953103046981
2025-01-23 13:55:00,13,55,3,8.082254243392864,4.062252339933501,2.8384810144764643,1.8705413094831365
2025-01-23 14:00:00,14,0,3,9.192942173974188,3.8943098004199217,2.9450031227420173,1.9933281001220093
2025-01-23 14:05:00,14,5,3,8.420095948923883,3.8039372508098808,3.131214993097099,2.054629112214013
2025-01-23 14:10:00,14,10,3,9.068206075952594,3.7464844590933843,3.231840638293981,1.93761960529615
2025-01-23 14:15:00,14,15,3,8.560402501203216,4.032195099517431,3.0514325888340323,2.06876884555576
2025-01-23 14:20:00,14,20,3,7.579910327858952,4.301541539862673,3.049145256871718,2.2563780495880286
2025-01-23 14:25:00,14,25,3,8.77675990871345,3.9182655308587915,3.1607548645494385,1.7361193560997155
2025-01-23 14:30:00,14,30,3,8.709156036126217,4.118054062215064,2.977133780188132,1.997205263554041
2025-01-23 14:35:00,14,35,3,8.239988077228425,3.9795467299564815,3.430308212739001,1.934041763750906
2025-01-23 14:40:00,14,40,3,7.27965049867167,3.7421235821793215,2.8035032193327636,2.087665085895329
2025-01-23 14:45:00,14,45,3,7.365391097611069,4.146962268702083,3.099397143924756,1.9852454272540616
2025-01-23 14:50:00,14,50,3,7.44548697680412,3.7810615911945256,2.955947799405822,2.189780791212417
2025-01-23 14:55:00,14,55,3,6.871784420931843,4.004325326118713,2.829280369148036,1.9318093314262927
2025-01-23 15:00:00,15,0,3,7.917241098097078,3.931695916998939,2.8955700275773224,2.2187789195241177
2025-01-23 15:05:00,15,5,3,6.987293793685709,4.178615486913138,3.0570988406572686,1.787001180535746
2025-01-23 15:10:00,15,10,3,5.4042280526029245,3.788369801505863,2.807098721347446,2.3746830247224304
2025-01-23 15:15:00,15,15,3,6.7631360573788,4.078173981560392,3.216643549621408,2.168310056304696
2025-01-23 15:20:00,15,20,3,6.253797398456738,3.8320405185302597,3.0024493881946683,2.301694648024082
2025-01-23 15:25:00,15,25,3,6.221771443781368,3.8977789575342427,2.779319042804348,2.150593502440898
2025-01-23 15:30:00,15,30,3,5.903304607194359,3.2729599544919794,2.9113452986948873,1.950221336068954
2025-01-23 15:35:00,15,35,3,6.316619691939166,4.418419714323582,3.145157852966477,1.9712884982636985
2025-01-23 15:40:00,15,40,3,6.295608252787154,4.110111386565246,2.9130600281077483,1.900968470382415
2025-01-23 15:45:00,15,45,3,5.6972289113253485,3.8465305028123673,2.602730850897775,2.1526407238551313
2025-01-23 15:50:00,15,50,3,5.2033404898991575,3.775068862333401,2.7986739854402414,2.3716818811318556
2025-01-23 15:55:00,15,55,3,5.167063979200632,3.900870249424132,2.9424774900370014,2.2618879594891914
2025-01-23 16:00:00,16,0,3,5.009799808288813,4.1433759069638905,2.638193793463464,2.1462966042397196
2025-01-23 16:05:00,16,5,3,4.408672669261462,3.621583014883015,3.197711146502362,2.2607127268728866
2025-01-23 16:10:00,16,10,3,4.906950456635957,3.9716831161411323,2.6943922454426774,1.8594562725826143
2025-01-23 16:15:00,16,15,3,4.652908064120247,4.354128374492535,3.115301990551216,2.029688395768822
2025-01-23 16:20:00,16,20,3,4.996403237295335,3.7732107328064393,3.058671928512767,1.9279426788381335
2025-01-23 16:25:00,16,25,3,4.655141788731607,4.016077007752731,3.310159723011138,2.5216930896559626
2025-01-23 16:30:00,16,30,3,3.4839968648558335,4.440661963051552,3.020795984801818,2.0906842491010504
2025-01-23 16:35:00,16,35,3,4.034529570091505,4.126430325938155,3.0112487491245634,2.2568106798094876
2025-01-23 16:40:00,16,40,3,2.944724741709449,4.025184764097091,3.1658232568513625,1.7867238858726313
2025-01-23 16:45:00,16,45,3,3.5623607035020424,4.101327290981801,2.877459597901071,1.7981406413988226
2025-01-23 16:50:00,16,50,3,2.7487508956626794,3.9198269329980597,3.538964466439102,2.1270623567164137
2025-01-23 16:55:00,16,55,3,2.2866635286221264,4.259926257060688,2.8808627547780437,1.864889591875032
2025-01-23 17:00:00,17,0,3,2.728213122373912,3.9201339954199574,3.161046254593382,2.180984029931827
2025-01-23 17:05:00,17,5,3,1.0395753591846633,3.6081636782528044,3.159621542616882,1.914888528270056
2025-01-23 17:10:00,17,10,3,1.2889083521784137,3.921739379211908,3.0611687288828353,2.022183019526677
2025-01-23 17:15:00,17,15,3,1.8621572782741445,3.8066530940246595,2.8127479255123147,1.8147012314247957
2025-01-23 17:20:00,17,20,3,1.7777026599867283,3.943761197560514,3.082393008908627,2.0392902162087316
2025-01-23 17:25:00,17,25,3,1.3365744768200718,3.948183188183874,3.1106703421684423,2.158204607738744
2025-01-23 17:30:00,17,30,3,0.5155437728417164,4.239484639960981,3.299876524499506,1.8448191227767907
2025-01-23 17:35:00,17,35,3,0.6797228274503975,4.139058545332877,3.1260472397450765,2.149839763305737
2025-01-23 17:40:00,17,40,3,1.0671620910952788,4.052653097515079,2.937573917494911,2.0243726367138537
2025-01-23 17:45:00,17,45,3,0.9449221776156125,3.999410917733481,2.9426882886607855,2.421718076671435
2025-01-23 17:50:00,17,50,3,0.42808231485539455,3.788228398228401,3.0209705380882212,2.090301021742279
2025-01-23 17:55:00,17,55,3,0.7965657408641021,3.5637649524668644,2.9472031406165575,1.904073086749842
2025-01-23 18:00:00,18,0,3,0.19869851172961836,4.022632002278557,3.109399201489497,2.8299605874175997
2025-01-23 18:05:00,18,5,3,0.0,4.158928240714732,3.73053124921898,2.4096710666680643
2025-01-23 18:10:00,18,10,3,0.0,3.978333223351082,3.2298890290808173,2.553972557926043
2025-01-23 18:15:00,18,15,3,0.0,3.89302913544266,3.350690958110909,2.433387229410364
2025-01-23 18:20:00,18,20,3,0.0,4.092900433042843,3.1209320166191348,2.565120874194409
2025-01-23 18:25:00,18,25,3,0.5560503096106693,3.9833335598751307,3.571100960596625,2.8284168652719055
2025-01-23 18:30:00,18,30,3,0.34264504235548393,4.337148838394793,3.454777529410218,2.3999312568388493
2025-01-23 18:35:00,18,35,3,0.701004662959561,4.246545668413657,3.0329717401648324,2.830288284508789
2025-01-23 18:40:00,18,40,3,0.0,4.191901611404666,3.767846934967088,2.5086215324220404
2025-01-23 18:45:00,18,45,3,0.6730498972571288,4.151546822841981,3.1012306836408885,2.1356418906735577
2025-01-23 18:50:00,18,50,3,0.0,3.7419665171097085,3.3358682213707134,2.789567712659999
2025-01-23 18:55:00,18,55,3,0.735792541284947,4.13259874041052,3.587101290572491,2.0519928433354675
2025-01-23 19:00:00,19,0,3,0.0,4.075265191529315,3.621263574380066,2.2482560262487428
2025-01-23 19:05:00,19,5,3,0.35361568690213835,4.121284945678233,3.3433363320463565,2.7915214037565117
2025-01-23 19:10:00,19,10,3,0.7375561821549278,4.098521897362611,3.7296512251342495,2.827929964847627
2025-01-23 19:15:00,19,15,3,0.0,4.090552517569613,3.4930599442747363,2.7649073673598563
2025-01-23 19:20:00,19,20,3,0.10919449377208709,4.540173293909919,3.324159120871083,2.422730219618412
2025-01-23 19:25:00,19,25,3,0.6444317126031511,3.9847628660096164,3.4021120326785628,2.507159505467348
2025-01-23 19:30:00,19,30,3,0.0,4.187267476165866,3.1140526741063765,2.4324985290629915
2025-01-23 19:35:00,19,35,3,0.0,3.905802037947199,3.9354971904556217,2.17224155145657
2025-01-23 19:40:00,19,40,3,1.071503527292455,4.1581283167775345,3.10120361542549,2.1253935017013315
2025-01-23 19:45:00,19,45,3,0.0,4.187863978046491,4.298557833222392,2.639455594261113
2025-01-23 19:50:00,19,50,3,0.07937802546877142,4.072885215427069,3.4189203846975853,2.520496123902441
2025-01-23 19:55:00,19,55,3,0.5780033347255635,4.3338493884753,3.5682918197740454,2.307865007281186
2025-01-23 20:00:00,20,0,3,0.0,3.8231447927279163,3.3448349753872693,2.452695060339391
2025-01-23 20:05:00,20,5,3,0.0,3.9025558116663555,3.282573473529528,2.3809196178936434
2025-01-23 20:10:00,20,10,3,0.12686864838741657,4.042476017204698,3.605927473199104,2.20085404611397
2025-01-23 20:15:00,20,15,3,0.0,4.176161370696844,4.2829848262843555,2.72594698326586
2025-01-23 20:20:00,20,20,3,0.0,4.035885904258986,3.1189745784462044,1.7566289472698164
2025-01-23 20:25:00,20,25,3,0.12251933215770296,4.2571518073021135,3.2937490144586663,2.705308194882174
2025-01-23 20:30:00,20,30,3,0.0,3.867662025806736,3.6471409683350315,2.466745446895416
2025-01-23 20:35:00,20,35,3,0.0,3.771884302102289,3.3195672616570744,2.228760587802421
2025-01-23 20:40:00,20,40,3,0.7970889781020061,4.061625667307301,3.379225078667148,2.1962860078517195
2025-01-23 20:45:00,20,45,3,0.05176907697458769,3.984563944777261,3.380336673137465,2.8992852807468465
2025-01-23 20:50:00,20,50,3,0.7155760588808705,4.108572744071644,3.26862806022518,2.6832643849155966
2025-01-23 20:55:00,20,55,3,0.0,3.994519541826699,3.729027143895261,2.1761196044392253
2025-01-23 21:00:00,21,0,3,0.0,3.9319960418753084,3.246988437632149,2.8206830310960367
2025-01-23 21:05:00,21,5,3,0.13459046012757994,3.9850124856552553,3.2222707881047907,2.482754275236759
2025-01-23 21:10:00,21,10,3,0.0,4.005769778958637,4.111995146650558,2.793949677118409
2025-01-23 21:15:00,21,15,3,0.0,3.939003740030334,3.5255691355206698,2.7522191723593763
2025-01-23 21:20:00,21,20,3,0.7348921293937478,3.9593735907353143,3.4832233744057945,2.805469549961042
2025-01-23 21:25:00,21,25,3,0.0,3.919281332602618,2.8861203705960587,2.4582202010875163
2025-01-23 21:30:00,21,30,3,0.0,4.171333023973881,2.8740980280221535,2.5484065564695486
2025-01-23 21:35:00,21,35,3,0.6640830269786664,4.0388042009011595,3.4291466305181904,2.908218953992699
2025-01-23 21:40:00,21,40,3,0.0,4.451350494433753,3.7135482105793,2.3421736937379802
2025-01-23 21:45:00,21,45,3,0.0,4.032140910255692,3.3781351230257406,2.614208959068934
2025-01-23 21:50:00,21,50,3,0.0,3.8898285059342674,3.3282318222340184,2.4902881640846366
2025-01-23 21:55:00,21,55,3,0.8704707432984954,4.534135074972613,3.895009419354461,2.2512609449408867
2025-01-23 22:00:00,22,0,3,0.0,4.082725275542867,2.9104651268087207,1.9385135309101367
2025-01-23 22:05:00,22,5,3,0.029224740352824945,4.198024957378563,3.6316146852371247,2.1216485325014336
2025-01-23 22:10:00,22,10,3,0.4563101612702202,4.118420596640498,3.2264136678095685,2.153625142375677
2025-01-23 22:15:00,22,15,3,0.2108584665015485,4.124602205859549,3.1670787731970598,2.0947147074664576
2025-01-23 22:20:00,22,20,3,0.0,4.107130810270495,3.0730538400118186,1.7098510691062927
2025-01-23 22:25:00,22,25,3,0.0,3.779583087044787,3.071572911268588,1.9783312815214085
2025-01-23 22:30:00,22,30,3,0.0,4.073505809512282,3.109091380569899,1.9858281666719106
2025-01-23 22:35:00,22,35,3,0.09390016902126101,3.735027739229952,3.1526328585455983,2.187986514229836
2025-01-23 22:40:00,22,40,3,0.0,3.9651274327174932,2.417567995070847,1.9132214363668083
2025-01-23 22:45:00,22,45,3,0.10167972999938386,3.8548765086873424,2.6285226188223745,2.047788910928399
2025-01-23 22:50:00,22,50,3,0.34087170440757086,4.071494037169745,2.9398583244292,2.2711656941173213
2025-01-23 22:55:00,22,55,3,0.48125144290005084,4.066825249467647,3.0414489323601757,1.9028940047072573
2025-01-23 23:00:00,23,0,3,0.0,4.096229178153037,3.187714307969117,1.9363595084345113
2025-01-23 23:05:00,23,5,3,1.098323027489477,4.057459314549817,2.9004004888212664,2.078725082928371
2025-01-23 23:10:00,23,10,3,0.3837396722770653,3.87863493164272,3.3225942779878945,2.1707103816479645
2025-01-23 23:15:00,23,15,3,0.0,3.9477993021296642,3.113386193056295,2.550189706704333
2025-01-23 23:20:00,23,20,3,0.5447682915383203,4.184079232250897,2.8535179927281016,1.8490564326115786
2025-01-23 23:25:00,23,25,3,1.1827038859999868,4.21357133545888,3.0291138960879485,2.303005276820943
2025-01-23 23:30:00,23,30,3,0.0,3.77064338027469,2.811662804741079,2.350914519512612
2025-01-23 23:35:00,23,35,3,0.0,3.6938144734974707,2.7121755021183223,1.9757563898557644
2025-01-23 23:40:00,23,40,3,0.0,3.8546221233590576,3.03469313313373,1.8234736167364196
2025-01-23 23:45:00,23,45,3,0.09632576632401234,4.20904151640645,2.8757531270135597,2.159326095867133
2025-01-23 23:50:00,23,50,3,0.18269712096257038,4.242976806036607,3.2883111485022467,1.5770779275007958
2025-01-23 23:55:00,23,55,3,0.0,3.8150576239197656,3.0360472770918627,1.9773382192768394
2025-01-24 00:00:00,0,0,4,0.0,4.061461870747268,3.02147927112479,1.9366467048767597
2025-01-24 00:05:00,0,5,4,0.0,4.3668862666280175,2.7419026060887344,2.3084593956089243
2025-01-24 00:10:00,0,10,4,0.18676684170588434,4.083062295448067,3.23186591966614,1.9792021622206235
2025-01-24 00:15:00,0,15,4,0.7277172419576625,4.284300657046619,2.9023373575053313,1.878111874198824
2025-01-24 00:20:00,0,20,4,0.0,4.19974531401662,2.4828693550371037,2.0707640149204822
2025-01-24 00:25:00,0,25,4,0.2200299645115725,3.8179602587544177,3.156064718060569,2.027580423221954
2025-01-24 00:30:00,0,30,4,0.0,3.9620037153005843,2.9827327130800496,2.026676701697317
2025-01-24 00:35:00,0,35,4,0.22860653184625693,4.0069508956583695,2.8293548038484846,1.9000889545259336
2025-01-24 00:40:00,0,40,4,0.0,4.020826677604268,2.9667333943535685,2.1393353149529792
2025-01-24 00:45:00,0,45,4,0.0,4.183265790687714,3.275771674659022,1.9541704314054087
2025-01-24 00:50:00,0,50,4,0.0,4.081736952455081,2.791042892486917,2.007129358152686
2025-01-24 00:55:00,0,55,4,0.0,3.412759811244377,3.4022982225177842,1.808438712973253
2025-01-24 01:00:00,1,0,4,0.1912166578462677,3.737431945381455,3.1771681494265627,2.267192111224121
2025-01-24 01:05:00,1,5,4,0.0,3.5625238170047915,2.927997028034903,1.8598550844561919
2025-01-24 01:10:00,1,10,4,0.0,4.035073048131067,3.1149913365666504,2.070643354560833
2025-01-24 01:15:00,1,15,4,0.0,4.048097529893552,3.1389548342641773,2.414741886297961
2025-01-24 01:20:00,1,20,4,0.0,4.056644991722144,3.033409310675313,1.7615550302087795
2025-01-24 01:25:00,1,25,4,0.8983326008375085,3.808214346457077,3.0133280004336847,2.0483113588410764
2025-01-24 01:30:00,1,30,4,0.0,4.134828801023998,3.25343372741765,1.9606471209144594
2025-01-24 01:35:00,1,35,4,0.0,4.143252499293705,2.918186433260923,1.7257612007666818
2025-01-24 01:40:00,1,40,4,0.0,3.7489701865589686,3.109482558412826,2.6696414371077952
2025-01-24 01:45:00,1,45,4,0.8992400435690587,3.7067923597102257,2.9554818031992123,2.09039099090439
2025-01-24 01:50:00,1,50,4,0.2764526142997408,3.9999736627546123,2.8904334293370075,1.7437430160008318
2025-01-24 01:55:00,1,55,4,0.0,4.358356454722672,3.0868471878401063,2.0056376566874383
2025-01-24 02:00:00,2,0,4,0.5531157794299844,4.339948548439729,2.522889171386835,2.322005743148024
2025-01-24 02:05:00,2,5,4,0.10034934714443915,4.11268087208961,3.0831928752674234,2.014779110020721
2025-01-24 02:10:00,2,10,4,0.12862671055575084,3.854000665683985,2.9156046271815383,2.0810588220986186
2025-01-24 02:15:00,2,15,4,0.0,4.177368531897717,3.090279190483207,2.0802642747453426
2025-01-24 02:20:00,2,20,4,0.0,3.9095151470381917,3.213598608900698,2.259054246766669
2025-01-24 02:25:00,2,25,4,0.16888304952730068,3.8464985926652377,3.401118612723679,1.8326315635102557
2025-01-24 02:30:00,2,30,4,0.0,3.571206633675601,2.8853156972465563,2.0722364334083276
2025-01-24 02:35:00,2,35,4,0.9083778147875523,4.0204764396695305,2.844181828252443,1.8763969855255558
2025-01-24 02:40:00,2,40,4,0.0,3.874026530172525,3.095045916301326,2.18016847099597
2025-01-24 02:45:00,2,45,4,0.7680783864274726,4.0192860759057005,3.2551855905557727,1.96147711724848
2025-01-24 02:50:00,2,50,4,0.0,3.540128460752588,3.0926305927075943,2.048551547178754
2025-01-24 02:55:00,2,55,4,0.14954286701055294,4.033965334516737,3.003531489035997,1.8367981669583964
2025-01-24 03:00:00,3,0,4,0.4165788833147173,3.5137757672056744,2.8113577821594955,2.133334955991191
2025-01-24 03:05:00,3,5,4,0.0,4.217588050653711,2.8334361240231596,1.6446162350345945
2025-01-24 03:10:00,3,10,4,0.43212419234931826,4.104378246827017,2.9936477353419626,2.29104806042995
2025-01-24 03:15:00,3,15,4,0.0,3.9442670457150824,2.441029912319552,1.9423339453692976
2025-01-24 03:20:00,3,20,4,0.0,4.112543972016415,3.1350429730652465,1.6353007133570396
2025-01-24 03:25:00,3,25,4,0.0,3.8043851474672894,2.957333416759784,1.7721085510894916
2025-01-24 03:30:00,3,30,4,0.0,4.014475103122979,2.798564377198623,1.919516358459596
2025-01-24 03:35:00,3,35,4,0.0,4.1589548076920675,2.775370421973566,1.7587398593696375
2025-01-24 03:40:00,3,40,4,0.1928749840908474,3.381142150181722,2.9881536496915992,2.445427812107137
2025-01-24 03:45:00,3,45,4,0.3513299992496529,3.9105551280644955,3.1515486634895713,2.202106553407671
2025-01-24 03:50:00,3,50,4,0.1204383786002038,3.9954711739727253,3.159452487683769,1.8604972774641566
2025-01-24 03:55:00,3,55,4,0.0,3.9607412764508467,3.062166445823232,2.219538852188467
2025-01-24 04:00:00,4,0,4,0.18450821891258357,4.291420365245481,3.1656674935563585,2.038910201473677
2025-01-24 04:05:00,4,5,4,0.062142847425425356,3.7752197750154233,3.1040092988387786,2.4925747930338304
2025-01-24 04:10:00,4,10,4,0.4680280839680081,3.8757681513109543,3.167888643431269,1.9369681285604703
2025-01-24 04:15:00,4,15,4,0.3884683514657583,3.6168261947383105,2.9851925987470804,1.7891697206817105
2025-01-24 04:20:00,4,20,4,0.015238206960314435,4.302057330254629,3.4694071895892593,2.3207739450887086
2025-01-24 04:25:00,4,25,4,0.0,3.95074197147824,3.016642607254423,2.4361640237533555
2025-01-24 04:30:00,4,30,4,0.0,3.9123182223926585,3.1264800089909954,1.9138307164768364
2025-01-24 04:35:00,4,35,4,0.0,3.989503463537857,3.1812905081039595,2.0797286943593303
2025-01-24 04:40:00,4,40,4,0.0,4.1272471656860645,3.16757135565528,1.7261816280687565
2025-01-24 04:45:00,4,45,4,0.13402521379487664,4.069472680703225,2.837937168560546,2.297694166024635
2025-01-24 04:50:00,4,50,4,0.3575871950640292,4.529576842711418,3.3386274983128112,2.283022545393611
2025-01-24 04:55:00,4,55,4,0.0,4.090787177680755,3.4437293807173717,2.1154736596427726
2025-01-24 05:00:00,5,0,4,0.008062393950236219,3.906950914166184,3.1014166725660863,1.8173586197552374
2025-01-24 05:05:00,5,5,4,0.07165315250000186,3.8877286524952104,2.883893711830739,1.6023478155380897
2025-01-24 05:10:00,5,10,4,0.0,3.921448209516638,2.9357027975264587,1.5882947822333504
2025-01-24 05:15:00,5,15,4,0.0,3.6996326150740324,3.2161932341727386,2.0776797737100905
2025-01-24 05:20:00,5,20,4,0.0,4.007972841498317,2.594766150720782,1.9620272615673036
2025-01-24 05:25:00,5,25,4,0.0,4.156693621241783,3.3935311244697,1.9748667698328513
2025-01-24 05:30:00,5,30,4,0.23657272663389348,3.877327279875353,2.8003258112724017,1.6428995461389517
2025-01-24 05:35:00,5,35,4,0.0,3.8385239887431775,2.6488706775112223,2.1071159935712003
2025-01-24 05:40:00,5,40,4,0.0,4.303189029258847,2.913225475535051,1.9298011716801122
2025-01-24 05:45:00,5,45,4,0.23321564370615847,3.714703368675767,2.9140506673112063,1.9719520101070513
2025-01-24 05:50:00,5,50,4,0.26034474821133435,3.5864363247045397,2.7545674002593903,2.063220998737876
2025-01-24 05:55:00,5,55,4,0.0,3.7694196112705236,2.715458751248661,1.8488315083917493
2025-01-24 06:00:00,6,0,4,0.4985296782268207,3.691913456575141,3.202165539533025,2.075240999945038
2025-01-24 06:05:00,6,5,4,0.7818238950233531,4.077245212820916,3.1371363692402765,2.430077678563577
2025-01-24 06:10:00,6,10,4,0.0,3.9278590999100853,2.9880691979391005,2.0042920520049954
2025-01-24 06:15:00,6,15,4,0.2421128574808536,3.956062590995232,2.9471358088299318,1.9113171705215706
2025-01-24 06:20:00,6,20,4,1.4671027690496765,4.230586835394955,2.7978818345212426,2.0168129622391704
2025-01-24 06:25:00,6,25,4,1.015241987891996,3.861733027767445,3.071009721319231,2.0821540678385793
2025-01-24 06:30:00,6,30,4,0.1953729484745903,4.155017882349128,3.0128727653734155,2.1852341609639963
2025-01-24 06:35:00,6,35,4,0.821393109532823,4.302264559840641,3.0058873381484776,1.9181396223532077
2025-01-24 06:40:00,6,40,4,1.6117969640830636,3.908867500397268,2.8146023636050965,1.6902049576844143
2025-01-24 06:45:00,6,45,4,1.3693818950189813,4.147404571111263,3.292083035587297,1.8601890749025338
2025-01-24 06:50:00,6,50,4,1.9576842540628074,3.951636417494204,2.8148665713425416,1.9164923543346053
2025-01-24 06:55:00,6,55,4,2.3930570301035208,4.184819625768158,2.9443222426932407,2.327702487180555
2025-01-24 07:00:00,7,0,4,3.3193177530425717,3.6857021624847452,3.4015558690726486,3.290015069620493
2025-01-24 07:05:00,7,5,4,2.6530631821960253,3.6708975509749306,3.5191091613959546,3.1171084746913773
2025-01-24 07:10:00,7,10,4,3.543328894829112,3.9217464570184917,3.7681787844292165,2.6083112259534285
2025-01-24 07:15:00,7,15,4,3.928774734050001,3.822215038188046,3.973354439971246,2.8366689381820898
2025-01-24 07:20:00,7,20,4,4.1373562679327245,3.896658178114023,3.690403725255827,3.1952782029315077
2025-01-24 07:25:00,7,25,4,3.766757679529801,3.956094683510572,3.350482186413913,2.2015258972114804
2025-01-24 07:30:00,7,30,4,2.8451897497314107,4.14400270636725,3.297130777456414,3.0256819570250664
2025-01-24 07:35:00,7,35,4,4.2578793312893035,3.918467884286813,3.9352280063258287,2.3424214301558846
2025-01-24 07:40:00,7,40,4,4.750382561313766,3.8352277378753827,2.79360461372184,2.4382464890863833
2025-01-24 07:45:00,7,45,4,4.382353349472305,3.9296973246482203,3.1960207074226186,2.351819208553164
2025-01-24 07:50:00,7,50,4,5.489778067387962,3.8461709440386764,3.1836772856762243,2.017138576906293
2025-01-24 07:55:00,7,55,4,5.239804469927606,3.8131988995874573,4.06496131049927,2.2948995388169746
2025-01-24 08:00:00,8,0,4,5.284136688576392,3.6773966372846063,3.92380034097775,2.433588727045943
2025-01-24 08:05:00,8,5,4,5.730922937208135,4.013895623244216,3.160758738634267,2.6527205169787007
2025-01-24 08:10:00,8,10,4,5.5396810090986754,3.8862588586805895,3.382682942920121,2.4378696683010257
2025-01-24 08:15:00,8,15,4,4.309297080498345,4.193255747846934,3.5434717803019304,2.256336149275393
2025-01-24 08:20:00,8,20,4,5.486194887775279,3.7105207815882117,3.0136590937638923,2.4846191155796986
2025-01-24 08:25:00,8,25,4,6.511680497259749,3.8915832889904243,3.7891753107901507,2.2295226223264732
2025-01-24 08:30:00,8,30,4,5.683818620038058,4.36258144413175,3.5461886798796907,2.951652144564759
2025-01-24 08:35:00,8,35,4,6.147498469222122,3.81207809658043,3.473070533817846,2.5258283115387576
2025-01-24 08:40:00,8,40,4,5.905457939913857,3.952693349580775,3.516563706080116,2.295296672232082
2025-01-24 08:45:00,8,45,4,7.485419448601573,3.7568312034349263,3.201993644469987,2.2032212892036775
2025-01-24 08:50:00,8,50,4,7.596648304865611,3.730314497443804,3.610454959102182,2.7273617085798234
2025-01-24 08:55:00,8,55,4,6.473196110252327,4.3094621966175355,3.7415246715313555,2.386437143873361
2025-01-24 09:00:00,9,0,4,7.144716812060017,4.03420789852743,3.827992562279194,2.592209145853128
2025-01-24 09:05:00,9,5,4,6.883392596715532,4.026735767647525,3.5212226665373056,1.4981930012189246
2025-01-24 09:10:00,9,10,4,7.680245687616929,3.6607367529767556,3.254777116518085,2.043670629328817
2025-01-24 09:15:00,9,15,4,7.773239613410937,4.07174827762166,3.688122052119233,2.52850999957901
2025-01-24 09:20:00,9,20,4,8.066297216996414,4.231484389198765,3.1784040840844674,2.5913087675402986
2025-01-24 09:25:00,9,25,4,7.96480405478276,4.229895412165706,3.0729522901380957,2.1868710705197247
2025-01-24 09:30:00,9,30,4,9.401236506106585,4.133666645921232,3.286933600740518,2.6620408965534597
2025-01-24 09:35:00,9,35,4,7.550484160169458,3.7741028844809192,3.919832503761171,2.3241974654968196
2025-01-24 09:40:00,9,40,4,7.33621876567166,4.062624683438599,3.896737592482483,2.5142210651834382
2025-01-24 09:45:00,9,45,4,8.118151022674722,4.133516992095322,3.5708414482775668,2.480858632681767
2025-01-24 09:50:00,9,50,4,7.649920325348726,3.64111128298222,3.4408058739841803,2.6317900110216774
2025-01-24 09:55:00,9,55,4,7.80288757172647,3.775744081703643,3.7220963558546134,2.234616608909244
2025-01-24 10:00:00,10,0,4,8.159596710745403,4.177631464348688,2.9621399060860987,2.333855019444653
2025-01-24 10:05:00,10,5,4,8.306173104359264,4.175209155334386,3.0354377308637046,2.0573387708858295
2025-01-24 10:10:00,10,10,4,8.392799280807186,3.6902833932757213,3.2334537077934855,1.8997511001430676
2025-01-24 10:15:00,10,15,4,9.22783689054959,4.159004291853835,2.9932078756197495,2.163368979319716
2025-01-24 10:20:00,10,20,4,8.80998333982383,4.019060679830724,3.2477804462556685,1.5269713412989172
2025-01-24 10:25:00,10,25,4,9.06335750375823,4.15620179092143,2.852666241820925,1.800326938730145
2025-01-24 10:30:00,10,30,4,9.685911712363335,3.873095735313212,2.9752349793215904,1.8154654446813063
2025-01-24 10:35:00,10,35,4,8.936917430437273,4.12903669929618,3.1328210999019817,2.03448206820978
2025-01-24 10:40:00,10,40,4,9.264653258506723,4.168765754897125,3.1778380338708327,2.1906015914747137
2025-01-24 10:45:00,10,45,4,9.652181287997513,3.9297330129088577,3.1358172036831697,1.932841889777995
2025-01-24 10:50:00,10,50,4,8.56638560717216,4.003550509234657,3.0208555077513246,1.9078252189360396
2025-01-24 10:55:00,10,55,4,8.408045789383996,3.8702956740990695,2.7270529372060417,2.190757569417543
2025-01-24 11:00:00,11,0,4,9.832316927289543,4.330327789737176,2.9831870745461404,1.6994776071750775
2025-01-24 11:05:00,11,5,4,9.959427838416063,3.9759456121348467,3.1073899142175203,1.9552102164754503
2025-01-24 11:10:00,11,10,4,10.79507013862554,3.8155951349645636,2.588039205475824,1.7252541455070642
2025-01-24 11:15:00,11,15,4,9.886900241965709,3.85683481722505,2.859877768267781,2.042102411688777
2025-01-24 11:20:00,11,20,4,10.257947388751129,4.025354120228423,3.157603997010112,2.150753786139511
2025-01-24 11:25:00,11,25,4,9.78587878288462,4.150666234355643,3.1205725909860607,1.9931275256616041
2025-01-24 11:30:00,11,30,4,10.063062224530647,3.7328346309698954,3.3444464621196435,2.139974248799977
2025-01-24 11:35:00,11,35,4,10.774191803097963,4.36953200058849,3.044421073848458,2.1133176211460722
2025-01-24 11:40:00,11,40,4,8.899950571854637,4.061735058811124,2.9201929993688793,1.9885512797930092
2025-01-24 11:45:00,11,45,4,10.185397361171875,4.093291194593882,2.5836091920896878,1.9226504675044795
2025-01-24 11:50:00,11,50,4,11.058275580857261,3.9805620912353126,3.3519776031533546,2.029675055457419
2025-01-24 11:55:00,11,55,4,10.138637380403763,4.003851793470225,3.021347955472322,2.199720819029856
2025-01-24 12:00:00,12,0,4,10.825286481616423,3.9703433724145194,3.0715650831244754,1.842703239148681
2025-01-24 12:05:00,12,5,4,9.68301419603437,4.203559193807192,3.0047315024380645,1.772956175064297
2025-01-24 12:10:00,12,10,4,9.97445846873672,3.998414282509326,3.036722434124057,1.8324500095192118
2025-01-24 12:15:00,12,15,4,9.995351583580328,4.153410043698542,3.185658922406749,1.8979518756457343
2025-01-24 12:20:00,12,20,4,8.853151441238069,3.9132304953294854,2.835059218173091,1.9774336023377044
2025-01-24 12:25:00,12,25,4,9.356474468298096,4.0391281056624635,3.0730783638259425,1.7585336006320316
2025-01-24 12:30:00,12,30,4,9.366011074046114,3.8392159311521157,2.8957466805352827,2.0210324611386805
2025-01-24 12:35:00,12,35,4,10.29464814369387,4.243305646509907,3.2676737099073057,1.494256847141245
2025-01-24 12:40:00,12,40,4,10.28415408296411,3.833250551856177,3.1230326407366475,1.9232868871187785
2025-01-24 12:45:00,12,45,4,9.96987102538557,3.9350041111477347,2.9010779306208665,1.8637746079728483
2025-01-24 12:50:00,12,50,4,10.175011519627187,3.937007917509051,2.9272208832731486,2.1241634401823988
2025-01-24 12:55:00,12,55,4,9.631345991771727,3.9292097224652465,2.892642705768945,2.3317184031627245
2025-01-24 13:00:00,13,0,4,10.260224097660455,4.144499153888588,3.124773356858481,2.039594425030574
2025-01-24 13:05:00,13,5,4,9.604892765175322,3.9366684470526714,2.966788776436675,2.2379708407656205
2025-01-24 13:10:00,13,10,4,9.566101531195649,4.278784906108214,3.2672039373516633,1.7677235705491512
2025-01-24 13:15:00,13,15,4,9.336504978319851,3.8363049827739664,2.859620378920182,2.1269260412784057
2025-01-24 13:20:00,13,20,4,9.7391514466773,4.033875493988542,3.1873361888888043,1.9399318903381464
2025-01-24 13:25:00,13,25,4,9.109479284521528,3.84484280213748,2.8515110280574993,2.015722525193309
2025-01-24 13:30:00,13,30,4,9.727011013711902,4.084194556506294,3.2953386861491967,2.0082068520104284
2025-01-24 13:35:00,13,35,4,8.587040220836467,3.996810054604646,2.7472118460349737,2.0219166455154842
2025-01-24 13:40:00,13,40,4,8.513619743002403,3.9689875910603045,3.1565496142459706,1.9797245377300483
2025-01-24 13:45:00,13,45,4,9.312440792890136,4.237694993300705,3.251633362496782,2.173169807103497
2025-01-24 13:50:00,13,50,4,8.825836224490711,3.869131625788979,2.987648215260729,2.0086288039280924
2025-01-24 13:55:00,13,55,4,8.540321848998515,4.1173030315236,2.6316480589633553,2.2420453449824325
2025-01-24 14:00:00,14,0,4,9.105282904082117,3.8462080174650417,2.9340965302659376,1.9200086521447302
2025-01-24 14:05:00,14,5,4,8.245487999686421,4.022537040032074,2.8900292786945165,2.091339512498019
2025-01-24 14:10:00,14,10,4,8.333813830978674,3.760884934355311,2.774261399847468,1.803165443657491
2025-01-24 14:15:00,14,15,4,9.014310098061031,3.867496570738652,2.9894949796601296,1.8746973336830264
2025-01-24 14:20:00,14,20,4,8.961091615795242,3.983571390885427,3.0670467146746163,1.8820221441267635
2025-01-24 14:25:00,14,25,4,8.850645147809992,4.362929833464616,3.3190072528751173,2.138691501356881
2025-01-24 14:30:00,14,30,4,7.792470514445395,4.020160774091955,3.1361772424757897,1.8790076492357384
2025-01-24 14:35:00,14,35,4,8.414196283421052,4.330933663173341,3.48113593488789,1.9121977971451345
2025-01-24 14:40:00,14,40,4,7.1859680173054405,4.044064658338184,2.8572379445419767,2.1413485193910695
2025-01-24 14:45:00,14,45,4,7.0649466374287435,3.922583151105012,3.039045626588066,1.8363231381517644
2025-01-24 14:50:00,14,50,4,6.19754544178906,4.3078713045201384,3.4391694324177164,2.1951198996385677
2025-01-24 14:55:00,14,55,4,8.060073721546825,4.087403524414683,3.000801060253588,2.4802220262166523
2025-01-24 15:00:00,15,0,4,6.639077887327437,3.8714556812234573,3.1621560288576505,1.9976198060414214
2025-01-24 15:05:00,15,5,4,6.851864267949161,4.094114291880059,3.4562875290353854,2.131796946694841
2025-01-24 15:10:00,15,10,4,6.3007399051924615,3.941481050018478,3.123049052464074,1.9227304745678995
2025-01-24 15:15:00,15,15,4,6.941040775165759,3.602193160765741,3.0098826971399295,1.917861400827157
2025-01-24 15:20:00,15,20,4,6.240059266506725,4.1871946318531235,3.2879471492082906,1.6781171713165073
2025-01-24 15:25:00,15,25,4,5.606826276624117,4.218986811128386,3.2731740866129697,1.8245314942604112
2025-01-24 15:30:00,15,30,4,6.308445572180239,4.367588405998455,2.9884157593672978,1.940956722435154
2025-01-24 15:35:00,15,35,4,5.196231471230708,4.084428738439053,2.8959695027009587,2.1379568296270985
2025-01-24 15:40:00,15,40,4,5.317061500852718,3.9502553151834934,2.998962157334238,1.8664602479702228
2025-01-24 15:45:00,15,45,4,4.502257772882981,4.166997885475717,3.0307991060355586,1.8607826546666981
2025-01-24 15:50:00,15,50,4,4.661017027369434,4.169964073063781,2.8924449001997155,1.700547382192239
2025-01-24 15:55:00,15,55,4,5.276997166465457,4.327656236627284,2.9099382013030475,2.098840905278907
2025-01-24 16:00:00,16,0,4,4.017731980948537,3.9910744753867116,3.0074249835916076,2.3630127337946285
2025-01-24 16:05:00,16,5,4,4.069314826883023,3.966884205486481,3.522563494744261,1.9071563207358553
2025-01-24 16:10:00,16,10,4,4.616301674283935,3.8568911160482946,2.8333364484591423,2.2259633092717888
2025-01-24 16:15:00,16,15,4,4.151083454143487,4.10749241734504,3.067041648406509,2.2271748554029944
2025-01-24 16:20:00,16,20,4,5.222200935386653,3.690347666353833,3.079766146240902,1.961128430664845
2025-01-24 16:25:00,16,25,4,4.944415171599557,4.155217474572513,2.962262990356244,2.08655535567321
2025-01-24 16:30:00,16,30,4,3.392873092275322,4.117567024373158,2.957777220857028,2.243900248639574
2025-01-24 16:35:00,16,35,4,3.902949192038763,4.117014040491674,2.7395325520997607,2.242828727212219
2025-01-24 16:40:00,16,40,4,3.7948427116964103,4.027645047300368,2.6253198504167927,2.0290204572722446
2025-01-24 16:45:00,16,45,4,2.915655224019416,4.306595649506217,2.93379145387529,1.6967288592697638
2025-01-24 16:50:00,16,50,4,2.2592872267936315,4.174398693085372,2.5879961166642524,1.7804970659789663
2025-01-24 16:55:00,16,55,4,2.7921409156558896,3.87858456172486,3.009136865312068,1.8795631742440564
2025-01-24 17:00:00,17,0,4,2.5017676136181546,3.882164190060471,2.7918102197657646,2.2704562165844773
2025-01-24 17:05:00,17,5,4,2.158976674776424,3.8240652373170727,2.753563064414288,2.135823466309889
2025-01-24 17:10:00,17,10,4,2.38555457346327,4.1102566665551175,2.822200598323559,1.7754388133682877
2025-01-24 17:15:00,17,15,4,1.5755384166584867,3.7999722157520086,2.879232274615422,2.1239832094408224
2025-01-24 17:20:00,17,20,4,1.1604830028797355,4.21667842871667,2.725706848680384,2.0574910521013403
2025-01-24 17:25:00,17,25,4,1.5757753470740823,4.264594661669109,2.8078480004657225,1.8438466259507897
2025-01-24 17:30:00,17,30,4,1.4982469684849538,3.8241967462099096,3.080128317808213,2.4346965659888955
2025-01-24 17:35:00,17,35,4,0.5003462765696237,3.962890293081429,2.8177966020024803,2.1439761167314004
2025-01-24 17:40:00,17,40,4,1.3356027329721225,4.003324196272483,2.937457524553408,1.9050513090406407
2025-01-24 17:45:00,17,45,4,0.0,4.176796632093933,3.2142752019500307,1.831295437828022
2025-01-24 17:50:00,17,50,4,0.14713714429554348,4.3218686751219755,2.769177354641049,2.0920351590438173
2025-01-24 17:55:00,17,55,4,0.08914458224680324,3.6629015214262846,3.3189567592973495,2.1499989410582305
2025-01-24 18:00:00,18,0,4,0.0,3.9363638564946632,3.07789478577904,2.3154000868093245
2025-01-24 18:05:00,18,5,4,0.0,3.9467966608879306,3.7938794724730425,2.97433306537258
2025-01-24 18:10:00,18,10,4,0.935537241154057,3.7198660290226906,3.5686133975823267,2.3262482397676623
2025-01-24 18:15:00,18,15,4,0.0,3.9029779961391875,3.9938056518105856,2.4776219244534494
2025-01-24 18:20:00,18,20,4,1.220610861235957,4.085553788870122,3.318257427753692,2.26752023854749
2025-01-24 18:25:00,18,25,4,0.21856338986552593,3.9442642194320885,3.1414944959033435,3.3500741288369795
2025-01-24 18:30:00,18,30,4,0.04602756865599599,3.691075766278517,3.926287359638177,2.3031120051849165
2025-01-24 18:35:00,18,35,4,0.23812017669383295,4.574816539601983,4.019547778016575,2.6599906520209453
2025-01-24 18:40:00,18,40,4,1.2649638746259761,4.053235573040836,3.6422324003957445,2.2846248909651914
2025-01-24 18:45:00,18,45,4,0.0,4.022338826021335,3.3457618465562162,2.487272789625028
2025-01-24 18:50:00,18,50,4,0.0,3.780414727386591,2.9103353016679634,2.353953956980279
2025-01-24 18:55:00,18,55,4,0.0,4.052141232394255,3.501346889370028,2.892855671940171
2025-01-24 19:00:00,19,0,4,0.016071573482280447,3.9671572431917013,3.3150357361794285,2.743641433334342
2025-01-24 19:05:00,19,5,4,0.0,3.622295317456919,2.8818518539786497,2.8501090526418205
2025-01-24 19:10:00,19,10,4,0.011169619659304004,3.785948911997117,3.2298959098664706,2.539081890722428
2025-01-24 19:15:00,19,15,4,0.846773566706836,4.158985203534789,3.6219029357537655,2.563053867206758
2025-01-24 19:20:00,19,20,4,0.07570369531238878,4.3888035300000885,3.4679660724038106,2.1275451143880133
2025-01-24 19:25:00,19,25,4,0.0,4.073433081008609,3.2331377245131523,2.798929582966481
2025-01-24 19:30:00,19,30,4,0.0,4.220616655658674,3.320786762361976,2.469011321990952
2025-01-24 19:35:00,19,35,4,0.44925585227578224,3.968848938283358,3.0523741228728256,2.757572008457478
2025-01-24 19:40:00,19,40,4,0.0,3.9826907678638794,3.104155087957973,2.774788842580632
2025-01-24 19:45:00,19,45,4,0.923197960299624,4.218195805523893,3.1811864718069693,2.8043524090983323
2025-01-24 19:50:00,19,50,4,0.9666798738571786,4.332555457835894,3.5030578745918977,2.3323727810658728
2025-01-24 19:55:00,19,55,4,0.12837539933089379,4.260219338693124,3.9801205266344373,2.47934350215453
2025-01-24 20:00:00,20,0,4,0.0,3.786727384923036,3.391456312023206,2.772735378279403
2025-01-24 20:05:00,20,5,4,0.5153299041207797,3.986608221936951,3.0558628665440013,1.741850318795022
2025-01-24 20:10:00,20,10,4,0.5473992511136626,4.055504936895259,3.847393992091063,2.2491093764043906
2025-01-24 20:15:00,20,15,4,0.0,3.948064407298494,3.75938672761595,2.5138487115334063
2025-01-24 20:20:00,20,20,4,0.0,4.0775715086831195,3.1508031607617566,2.682184725902259
2025-01-24 20:25:00,20,25,4,0.0,4.164115362333789,3.3769489429306767,2.1767978991080463
2025-01-24 20:30:00,20,30,4,0.20453246916702855,4.2005619503910285,3.1846110883409744,1.9801483737484815
2025-01-24 20:35:00,20,35,4,0.33331394172844536,4.337174030444305,3.620907464654821,2.2193797766664423
2025-01-24 20:40:00,20,40,4,0.0,3.934111779055033,3.4895833616885437,2.445483251646288
2025-01-24 20:45:00,20,45,4,0.0,3.7271933670321373,3.2175329956460987,2.043130085758354
2025-01-24 20:50:00,20,50,4,0.0,4.071646918802891,4.260113248739039,2.4854402422065256
2025-01-24 20:55:00,20,55,4,0.0,4.37676220623696,4.047014885828089,2.849481035118037
2025-01-24 21:00:00,21,0,4,0.27550853011314974,3.9046048280091883,3.4036504095528772,2.5542893912019426
2025-01-24 21:05:00,21,5,4,0.0,4.137369395412744,3.5455747345901445,3.053260206679732
2025-01-24 21:10:00,21,10,4,0.0,4.139149158494528,3.7489501074930236,2.2578181761921186
2025-01-24 21:15:00,21,15,4,0.0,4.0382884094689215,3.6054856509664175,2.741294302426076
2025-01-24 21:20:00,21,20,4,0.09349510486233215,4.001384944208743,3.1474042853284776,2.6482448034416053
2025-01-24 21:25:00,21,25,4,0.0,3.8153141588557213,3.9036466868615363,2.242758204512456
2025-01-24 21:30:00,21,30,4,0.0,3.5436675855158843,3.2842044297246473,2.848141751604202
2025-01-24 21:35:00,21,35,4,0.0,3.7776298586671944,3.393729106128052,2.2053974759742703
2025-01-24 21:40:00,21,40,4,0.0901474402517222,3.92193917017766,3.7646819129102225,2.673056271017752
2025-01-24 21:45:00,21,45,4,0.0,4.219484537484542,3.5283181722488233,2.837374788534611
2025-01-24 21:50:00,21,50,4,0.0,3.9793743875297247,3.8586905729583667,2.475153127353166
2025-01-24 21:55:00,21,55,4,0.9027872163434076,3.89619485621637,4.092297916265811,2.9750169860280993
2025-01-24 22:00:00,22,0,4,0.0,3.8218029116093137,2.603140310021878,1.7939765153133638
2025-01-24 22:05:00,22,5,4,0.0,4.131361165701896,2.548941636071552,1.9350570010550492
2025-01-24 22:10:00,22,10,4,0.5054198675101568,4.271671433286121,2.7577563603399873,1.837136320252065
2025-01-24 22:15:00,22,15,4,1.764527593785242,4.212687144373492,3.2181136293565746,1.649034188052984
2025-01-24 22:20:00,22,20,4,0.0,4.121229939951694,3.0259471482061624,2.0247352884960828
2025-01-24 22:25:00,22,25,4,0.22491360686325496,3.704877450723412,2.983522142489571,2.0261557363959546
2025-01-24 22:30:00,22,30,4,0.0,3.9296651514312457,2.5535436579168476,1.8380890968404615
2025-01-24 22:35:00,22,35,4,0.0,4.389460845777935,3.308600173051478,1.7606257828980638
2025-01-24 22:40:00,22,40,4,0.0,4.224390098383045,3.33332216271284,1.7186355176443187
2025-01-24 22:45:00,22,45,4,0.0,3.692499356353055,2.6945918735175356,1.8096442365471808
2025-01-24 22:50:00,22,50,4,0.0,3.9888818953601457,3.2258165936573837,1.8907758340501244
2025-01-24 22:55:00,22,55,4,0.0,4.0726196865322075,3.0690813976878286,2.014727384403441
2025-01-24 23:00:00,23,0,4,0.47340378325593524,3.847568307394756,2.989107563453936,2.254823618521515
2025-01-24 23:05:00,23,5,4,0.027501468016687312,3.5381591957182303,3.1543035881974077,1.7714193605675248
2025-01-24 23:10:00,23,10,4,0.21121748645071992,4.019764809003286,2.9448858432816674,2.3486879640061664
2025-01-24 23:15:00,23,15,4,0.0,3.842448348475912,3.063912357833587,1.698430807181736
2025-01-24 23:20:00,23,20,4,0.0,3.8432316521830634,2.712592219524642,2.1780290617132447
2025-01-24 23:25:00,23,25,4,0.14378195258366405,3.929063928013848,3.1404874634352127,1.8157268849725337
2025-01-24 23:30:00,23,30,4,0.0,3.9732648170690377,3.149526035794869,2.3198784273438497
2025-01-24 23:35:00,23,35,4,0.0,3.9981834411808626,3.2915717679321204,2.3208556073644915
2025-01-24 23:40:00,23,40,4,0.0,3.8232020202155996,3.111097755012561,1.9644680361740225
2025-01-24 23:45:00,23,45,4,0.0,3.9559580940731847,2.919503983906633,1.9965226222774313
2025-01-24 23:50:00,23,50,4,0.0,3.648515325919449,2.824795339108627,1.928140255096194
2025-01-24 23:55:00,23,55,4,0.6696632947399999,4.0622078130736154,3.2550239496595204,1.6781857983125013
2025-01-25 00:00:00,0,0,5,0.0,3.4287449173317683,2.691866054861716,2.166106120883686
2025-01-25 00:05:00,0,5,5,0.5816880275817751,3.9421019839132763,2.929965415063305,1.614871395088333
2025-01-25 00:10:00,0,10,5,0.5343961606971461,4.18383723073539,2.987733168731912,1.9591756830372784
2025-01-25 00:15:00,0,15,5,0.0,3.788131862545035,2.913783104701733,2.137141205296297
2025-01-25 00:20:00,0,20,5,0.0,4.14328604073148,2.7333608862416807,2.002597082971919
2025-01-25 00:25:00,0,25,5,1.280251479677842,4.231146542424178,2.9578055010775124,2.0075650455823406
2025-01-25 00:30:00,0,30,5,0.8754629709635717,3.3384200095005223,2.653562768372656,1.8954702223719984
2025-01-25 00:35:00,0,35,5,0.0,3.9697274192848515,3.0039538382074453,2.1082319272595793
2025-01-25 00:40:00,0,40,5,0.1286865532086747,3.4248453144743447,3.3692793010825,2.161189677747804
2025-01-25 00:45:00,0,45,5,0.0,3.9763583108858107,3.0922310401266833,2.2542949584560756
2025-01-25 00:50:00,0,50,5,0.21617635710016997,3.9985657578037346,2.9392355106913532,2.310785632726971
2025-01-25 00:55:00,0,55,5,0.0,3.503491202817832,3.223854558012423,1.9108244418715077
2025-01-25 01:00:00,1,0,5,0.0,4.384967672415973,3.3847910351466584,2.0893870629813356
2025-01-25 01:05:00,1,5,5,0.0,4.057203161526925,3.4385937952123475,2.060636450856661
2025-01-25 01:10:00,1,10,5,0.010546373925293622,3.830195313583593,2.8876140280978726,1.8464926713293186
2025-01-25 01:15:00,1,15,5,0.0,4.293075885499704,2.928851309053412,1.8857410115940667
2025-01-25 01:20:00,1,20,5,0.0,3.6408773558715364,3.254277711391739,1.9942051510899497
2025-01-25 01:25:00,1,25,5,0.0,3.7541657932963366,2.677195465487518,2.0426008631743375
2025-01-25 01:30:00,1,30,5,0.0,3.5401088952660205,3.025102608622057,1.906278475766198
2025-01-25 01:35:00,1,35,5,0.4265826532065959,4.3602090393078665,3.053518404396854,1.9911781133742206
2025-01-25 01:40:00,1,40,5,0.12374027382005233,4.066469274294401,3.1267530734753133,2.1149957877366443
2025-01-25 01:45:00,1,45,5,0.0,4.131880357969699,3.0729805712798144,1.740228819245987
2025-01-25 01:50:00,1,50,5,0.4394819865353256,4.060200246783695,3.4238033456284622,1.6888028593335378
2025-01-25 01:55:00,1,55,5,0.24030429667367367,4.114753552228917,2.974258164636982,1.7811133297302395
2025-01-25 02:00:00,2,0,5,0.7232816456256838,4.015615542779198,3.079267632332025,2.027681144961462
2025-01-25 02:05:00,2,5,5,0.0,4.054184268541488,2.9662467830759582,2.3035545567875704
2025-01-25 02:10:00,2,10,5,0.0,4.02152068724459,3.2216991834354234,1.9345769313816938
2025-01-25 02:15:00,2,15,5,0.0,3.8782816388861443,3.160826928383251,2.3129360515676907
2025-01-25 02:20:00,2,20,5,0.0,3.990675046957066,3.2202690079085925,1.9727562829064993
2025-01-25 02:25:00,2,25,5,0.4823849471512228,4.0547189146523355,2.6819398197140965,2.064929580983972
2025-01-25 02:30:00,2,30,5,0.649993686131067,4.0221098239104265,3.133722067078798,1.8460766199432956
2025-01-25 02:35:00,2,35,5,0.480152584043334,3.7044455784493366,3.004509053411608,1.9834224382467949
2025-01-25 02:40:00,2,40,5,0.0,3.731002666278318,3.2775421271610488,2.3707632351180177
2025-01-25 02:45:00,2,45,5,0.5415726063303672,4.2165682867832786,3.2350428940601406,1.9828888633647779
2025-01-25 02:50:00,2,50,5,0.0,3.9386011908233196,3.2295432493895633,2.129757641166054
2025-01-25 02:55:00,2,55,5,0.44905866206117373,4.116945069407188,2.985020084723652,2.4184780578006597
2025-01-25 03:00:00,3,0,5,0.0,3.781576018055521,2.8523963120235,2.1207817951219083
2025-01-25 03:05:00,3,5,5,0.3512666569669278,3.705370824670694,3.1679121291107846,1.9425002320952534
2025-01-25 03:10:00,3,10,5,0.0,3.831280677493657,3.1118276375758684,2.189099450044229
2025-01-25 03:15:00,3,15,5,0.5855838163530733,3.9554869858457176,3.0489268841055828,2.094499112668556
2025-01-25 03:20:00,3,20,5,0.0,3.8669719401431175,3.021086224589804,2.159504022305342
2025-01-25 03:25:00,3,25,5,0.0,4.2587867046211425,2.9542042661612387,1.9376404433214292
2025-01-25 03:30:00,3,30,5,0.0,4.035904660307493,3.0041120307698304,2.236733774839662
2025-01-25 03:35:00,3,35,5,0.0,4.3697877237123715,2.650527370265803,1.8181261366578365
2025-01-25 03:40:00,3,40,5,0.04726378379423418,4.080881630814283,3.4551540096570883,2.05503768335486
2025-01-25 03:45:00,3,45,5,0.9030445589184807,3.5174898364160376,2.91859279060746,2.1589703670976577
2025-01-25 03:50:00,3,50,5,1.3334526111600045,4.211208321291711,2.842994599959595,1.5794422175610026
2025-01-25 03:55:00,3,55,5,0.04857789354312388,3.698089675506009,3.0709599895494777,1.8538432331910342
2025-01-25 04:00:00,4,0,5,0.5583406375337612,4.046106733442268,3.02027795562598,2.065880157967694
2025-01-25 04:05:00,4,5,5,0.1160473189642686,3.845063188467231,3.0284232339131556,1.6582009175776036
2025-01-25 04:10:00,4,10,5,0.24944159738410637,4.428542206892837,3.0052561685174815,2.0889203882728813
2025-01-25 04:15:00,4,15,5,0.0,4.287919585486027,2.719988147355151,1.6961652882306932
2025-01-25 04:20:00,4,20,5,0.09753846271130107,3.8516358716596484,2.7861950828291207,2.1493529477520474
2025-01-25 04:25:00,4,25,5,0.2687393523032143,3.974528466375778,2.6003368507024858,2.165954770228871
2025-01-25 04:30:00,4,30,5,0.0,4.048919613929844,3.078411149658046,1.9484996098936171
2025-01-25 04:35:00,4,35,5,0.0,4.1726828143123225,2.7038740675199175,1.8407064910217563
2025-01-25 04:40:00,4,40,5,0.0,4.005830382465002,3.1563808104021267,2.251345040368672
2025-01-25 04:45:00,4,45,5,0.4132016586652623,3.795021020123827,2.7937274364717473,2.2283727020567556
2025-01-25 04:50:00,4,50,5,0.0,3.8564882721599894,3.1371750465416257,1.9986325604470432
2025-01-25 04:55:00,4,55,5,0.0,3.9991036407246416,2.8524289740719198,1.883721995744002
2025-01-25 05:00:00,5,0,5,0.9560027345263488,4.246891395752939,3.3645845232308598,2.0356883628426115
2025-01-25 05:05:00,5,5,5,0.5820300762929688,4.085567572107209,3.265973668402182,2.048311596657628
2025-01-25 05:10:00,5,10,5,0.6745895244443526,3.845317014676997,2.9094604148817136,2.116818036087027
2025-01-25 05:15:00,5,15,5,0.01221592008901708,4.129674555541958,3.4315670144159784,1.8711766679027806
2025-01-25 05:20:00,5,20,5,0.16049878184301158,3.922603032224368,3.1827737806894705,2.0381017964575254
2025-01-25 05:25:00,5,25,5,0.5011180833514627,4.178081601037368,2.7100963967255374,1.7056252314320166
2025-01-25 05:30:00,5,30,5,0.7801277647654654,4.505402083665721,2.9096032506122906,2.0694977168281836
2025-01-25 05:35:00,5,35,5,0.0,3.92823472581129,3.1756745939377025,1.6858173892037531
2025-01-25 05:40:00,5,40,5,0.0,4.160321031945275,3.1305395040314274,1.976323948893959
2025-01-25 05:45:00,5,45,5,0.6547220507013239,3.850921333592454,3.0006627563065096,2.117722369206569
2025-01-25 05:50:00,5,50,5,0.0,3.9775472465617403,3.3492210640234648,2.0607283600812196
2025-01-25 05:55:00,5,55,5,0.0,4.0059124573744205,2.7286526034581917,1.962581497414155
2025-01-25 06:00:00,6,0,5,0.0,3.9612632679911237,3.1704268046292965,2.1770086793833094
2025-01-25 06:05:00,6,5,5,0.0,4.492602737755004,3.1331648748180614,1.8979937689321862
2025-01-25 06:10:00,6,10,5,0.0,3.9386813850643234,2.7264349404765413,2.1179015511647856
2025-01-25 06:15:00,6,15,5,1.6995784286676692,4.117370307756974,2.7571526280804135,2.1386022032850365
2025-01-25 06:20:00,6,20,5,0.8603394014862941,3.6139826261353134,3.138657871738927,1.906461412653794
2025-01-25 06:25:00,6,25,5,1.0596934776382876,4.086399312673922,2.9775073420031695,2.0397355734239104
2025-01-25 06:30:00,6,30,5,1.5993002597844317,4.228410918470449,2.877037065335778,1.7236639931779894
2025-01-25 06:35:00,6,35,5,2.0024064465324507,3.8944805314841897,2.992156144590619,2.013006522095969
2025-01-25 06:40:00,6,40,5,2.2094258549466237,3.4979555717919175,3.2722094727306104,1.8436015856744281
2025-01-25 06:45:00,6,45,5,2.4877141921150683,3.992269646234535,3.213699234756222,1.7705861042147129
2025-01-25 06:50:00,6,50,5,1.8489733639855999,4.003436770077106,2.731079560060246,1.9398275110581449
2025-01-25 06:55:00,6,55,5,2.227925520783301,4.144815010148861,2.8118181978780554,1.7282768385243112
2025-01-25 07:00:00,7,0,5,2.972706278746345,4.402180607082687,4.083299094744432,2.3645057090932173
2025-01-25 07:05:00,7,5,5,2.53459560949011,3.9239892698799386,4.193391076026875,2.201579860330427
2025-01-25 07:10:00,7,10,5,3.00450467902912,3.828742375267944,2.9874360300101004,2.8873869156784973
2025-01-25 07:15:00,7,15,5,3.413776535244023,3.7666164397257114,3.282003010321925,2.5416597394596456
2025-01-25 07:20:00,7,20,5,3.812793974411875,4.03961572340632,3.093309954496135,2.488566057420987
2025-01-25 07:25:00,7,25,5,2.735539901651916,4.0958708517637,3.0885121790428722,2.477827780686711
2025-01-25 07:30:00,7,30,5,4.1842071485953705,3.890868921127483,3.357820238153456,2.569080319115831
2025-01-25 07:35:00,7,35,5,3.9106048696615083,4.155736549145158,3.6877074113326436,2.572323999759766
2025-01-25 07:40:00,7,40,5,4.579911472839186,4.093076815363835,3.635313962648645,2.4672901973801427
2025-01-25 07:45:00,7,45,5,4.811352748367428,4.008646337928978,3.3694043895303087,2.6410356048368704
2025-01-25 07:50:00,7,50,5,5.421443662909917,3.819517055851175,3.4665656552365447,2.4780070653657567
2025-01-25 07:55:00,7,55,5,5.486614513004478,3.9036271369030553,3.6193234896340587,2.190035320593245
2025-01-25 08:00:00,8,0,5,5.673285831305147,3.514048940463491,3.9288833282283298,2.425193025833121
2025-01-25 08:05:00,8,5,5,5.909567741188335,4.047157412839606,3.5372544847910214,2.4866441656208265
2025-01-25 08:10:00,8,10,5,5.5186855758762094,4.005268257749487,3.6958229461706362,2.6017545012912517
2025-01-25 08:15:00,8,15,5,5.571794873714442,4.037695798217897,3.4850228159391516,2.9346262348410614
2025-01-25 08:20:00,8,20,5,6.17217290509963,4.100863803112912,2.5389963172385945,2.8728023141400842
2025-01-25 08:25:00,8,25,5,6.279136959352334,4.077164297286445,3.7760646215572877,1.9492550101592663
2025-01-25 08:30:00,8,30,5,5.933081171718076,3.977923363870793,3.7787849653151757,2.8175402336678617
2025-01-25 08:35:00,8,35,5,6.461646426244726,4.00973360863255,3.668529046964317,2.0322737668955746
2025-01-25 08:40:00,8,40,5,6.410327863473095,3.719136716660766,3.7047958152692675,2.8021590568005785
2025-01-25 08:45:00,8,45,5,6.1664916967706604,3.883255870862115,3.3283380515657384,2.632340156795817
2025-01-25 08:50:00,8,50,5,7.401132446844779,4.010094210736693,3.3940376313441645,2.7656130971550525
2025-01-25 08:55:00,8,55,5,6.942730179087736,3.852829284817528,3.405947994431677,2.325964761146196
2025-01-25 09:00:00,9,0,5,8.095421940714902,4.1720301591745095,3.4882110371990844,2.0975043638549926
2025-01-25 09:05:00,9,5,5,6.41089348549764,3.868273583808994,3.4584254050302916,2.6086278212074716
2025-01-25 09:10:00,9,10,5,7.094383981679557,4.043261082249663,3.7609877808099053,2.5746870215914597
2025-01-25 09:15:00,9,15,5,7.534717493135209,4.023313131363067,3.070219508874081,2.9056813414689286
2025-01-25 09:20:00,9,20,5,8.229134980004238,4.149255518722082,3.930847551912272,2.5337701765812346
2025-01-25 09:25:00,9,25,5,7.998579517229909,4.180158234805661,3.2744175136554037,2.3405146190615365
2025-01-25 09:30:00,9,30,5,8.088769780002727,4.138806522193588,3.4389432806845743,2.583600536859298
2025-01-25 09:35:00,9,35,5,7.500814146397754,3.578798759723373,3.408654415547078,2.2424837398296473
2025-01-25 09:40:00,9,40,5,7.613049744275182,4.238829629602625,3.806902965264931,2.57718576642223
2025-01-25 09:45:00,9,45,5,8.475948453170405,4.305461644838919,3.1842883932692154,2.587393136885737
2025-01-25 09:50:00,9,50,5,7.75186146121968,3.903575143135706,3.5485612486337246,2.2845841264166826
2025-01-25 09:55:00,9,55,5,8.283179831584802,4.04732938253457,3.858514927883296,2.5404667619281947
2025-01-25 10:00:00,10,0,5,8.910712702387315,3.8218336639738437,2.9566756715835663,1.9833036503849157
2025-01-25 10:05:00,10,5,5,8.27610542093669,3.6103242986535697,3.0887833591709652,1.9855633170939793
2025-01-25 10:10:00,10,10,5,9.672786312963119,3.8522569468915226,2.983891265392225,2.2131930136650757
2025-01-25 10:15:00,10,15,5,9.58069558744583,3.891972192107278,2.716319134502547,1.7496893720810078
2025-01-25 10:20:00,10,20,5,8.277367871197349,3.929029853729637,3.1553926719983876,2.483169957416727
2025-01-25 10:25:00,10,25,5,8.686929169603477,3.808217181998802,3.1752990900304106,2.3728417592145448
2025-01-25 10:30:00,10,30,5,8.095906702865392,3.8533149666365523,2.9131256772568546,1.8725837643324363
2025-01-25 10:35:00,10,35,5,8.92878301155392,3.9977987356743183,3.0913066346492104,2.1907297919654063
2025-01-25 10:40:00,10,40,5,9.780120446145283,3.8459546033779715,2.737689819743529,1.9573563254340334
2025-01-25 10:45:00,10,45,5,9.262353823813626,4.108704866510005,2.994596566471189,1.8642259568629251
2025-01-25 10:50:00,10,50,5,9.767568129290254,4.136332130279488,2.8875556346908513,2.1686138602118388
2025-01-25 10:55:00,10,55,5,8.839331384718415,4.4760775492328975,3.093936896218165,2.159690284371891
2025-01-25 11:00:00,11,0,5,10.058245890181636,4.225135986424692,3.067374938074555,1.8253486646294923
2025-01-25 11:05:00,11,5,5,9.435866084168438,4.048620611665683,3.084620610367834,1.8095814195244984
2025-01-25 11:10:00,11,10,5,9.769044912340787,3.8759471406664643,2.9376493321931316,1.792750269036355
2025-01-25 11:15:00,11,15,5,9.761415553335778,4.0587494703348,2.8778224415858267,2.018095769470903
2025-01-25 11:20:00,11,20,5,9.212303269675939,4.065319191983272,2.908501879100936,1.8233675179951043
2025-01-25 11:25:00,11,25,5,9.307072938807714,3.897337382198868,3.227559494316416,1.9760816565244281
2025-01-25 11:30:00,11,30,5,10.398345848239817,4.156746279350576,2.894414390713415,1.7835201778596048
2025-01-25 11:35:00,11,35,5,10.140059460974044,3.720380397063625,2.62560102297137,1.9555905972537757
2025-01-25 11:40:00,11,40,5,10.486971501694168,3.951120032892498,2.7243562592960058,2.142407291872191
2025-01-25 11:45:00,11,45,5,10.140918350137294,4.111171691863482,3.005898238919706,2.311672155827627
2025-01-25 11:50:00,11,50,5,10.061977533223185,3.9424831704815806,3.0446148546474263,1.85466844054807
2025-01-25 11:55:00,11,55,5,9.134614961465708,3.9586491193141455,2.62399847952631,2.1613087727483515
2025-01-25 12:00:00,12,0,5,9.864816651619416,3.972442827761544,2.740210347892922,1.9183710954620476
2025-01-25 12:05:00,12,5,5,9.983928110597219,3.8328797518624507,3.334817649310983,2.122196669809745
2025-01-25 12:10:00,12,10,5,10.967035814954864,4.2347801863148415,3.0779730909069882,2.188864488624022
2025-01-25 12:15:00,12,15,5,10.322067548435374,3.796392465615437,3.1814099637811055,2.316189286390834
2025-01-25 12:20:00,12,20,5,10.729977571772219,4.063631865481977,2.8795641299062265,1.924663169313847
2025-01-25 12:25:00,12,25,5,10.23933223517056,4.082729579656474,2.8155230741876625,1.9934604727232053
2025-01-25 12:30:00,12,30,5,9.558797000263366,3.8102756197582064,2.973553454165961,1.6490095525328852
2025-01-25 12:35:00,12,35,5,9.942177212752531,4.014620850876149,2.869219848581091,2.287823306839793
2025-01-25 12:40:00,12,40,5,9.966189353254197,3.8180735654510594,3.048841718977417,2.1430797236173427
2025-01-25 12:45:00,12,45,5,9.338275019146963,4.278208495011189,2.9758910664298637,1.6225812951604317
2025-01-25 12:50:00,12,50,5,9.570766382902873,3.7722434126047575,2.9742728156340923,2.208339311504196
2025-01-25 12:55:00,12,55,5,9.610537201294028,3.8692205811536073,2.762863241751218,2.1494077853487275
2025-01-25 13:00:00,13,0,5,10.462068179173242,3.7551549983288837,2.6596336661414646,2.004038247646466
2025-01-25 13:05:00,13,5,5,8.560128281163797,3.72846025462649,3.108903690029326,1.9375774951461215
2025-01-25 13:10:00,13,10,5,10.140078717840291,4.318243058176459,3.49449430809067,1.9013619125822796
2025-01-25 13:15:00,13,15,5,9.000903677471365,4.1085549347825125,2.8843167524643594,2.040898408371001
2025-01-25 13:20:00,13,20,5,8.710886614224279,4.028058685140109,2.849005372832558,1.7117324812369377
2025-01-25 13:25:00,13,25,5,9.910049757847219,3.8686846073306156,2.7804660450155567,2.151597351909579
2025-01-25 13:30:00,13,30,5,9.60474435973006,4.181522362209353,2.939012088224929,2.340404190100385
2025-01-25 13:35:00,13,35,5,9.780374142385066,3.8351555121265095,2.911752750985493,2.1421020709464598
2025-01-25 13:40:00,13,40,5,9.463428844139289,4.158727858866021,3.1021683958923743,1.9087698385639957
2025-01-25 13:45:00,13,45,5,9.998649916195584,3.8254977446788727,2.8242382141668183,1.6536392602148104
2025-01-25 13:50:00,13,50,5,9.14947025025446,3.8710984596248657,3.1106241559360184,2.239651946510029
2025-01-25 13:55:00,13,55,5,8.689028869013498,4.151656477223584,2.6820138656491532,1.9259110130006651
2025-01-25 14:00:00,14,0,5,8.83171722650506,4.1727654688311535,2.86661633396145,2.1102738300640413
2025-01-25 14:05:00,14,5,5,9.170853270902446,4.119494586779353,2.9342694624094663,2.264596114083563
2025-01-25 14:10:00,14,10,5,8.044226795498801,3.790065176848641,2.92312136180663,1.752723308092819
2025-01-25 14:15:00,14,15,5,7.988751831759762,3.9106546268554343,2.9062389349578375,1.9282770799682494
2025-01-25 14:20:00,14,20,5,8.037040435590963,4.0313797482397025,3.1052199890989325,1.9252961889269031
2025-01-25 14:25:00,14,25,5,7.0121546432921615,3.830143807617982,3.0880193026800753,1.8419031455821964
2025-01-25 14:30:00,14,30,5,8.002572607121124,4.274192552025859,2.9410646640410687,1.8429931446574956
2025-01-25 14:35:00,14,35,5,6.855780478953304,3.519610611209891,2.8306716820647724,2.2549667114568024
2025-01-25 14:40:00,14,40,5,7.68697408765609,3.8442520969261693,2.856974085708146,1.9304790435704469
2025-01-25 14:45:00,14,45,5,7.9510429528573985,3.8980866994260337,3.208920891989886,2.150000279254306
2025-01-25 14:50:00,14,50,5,7.134335137779323,3.4312112670456463,3.328241443332307,2.0965603729008357
2025-01-25 14:55:00,14,55,5,8.062197555690995,3.720754173952762,2.8799201220627886,2.41142892979118
2025-01-25 15:00:00,15,0,5,6.340817362156232,4.125057902508414,3.116416148911054,1.9690609322396668
2025-01-25 15:05:00,15,5,5,7.5107608986386065,4.006056727310593,3.011493109940104,2.035856315890143
2025-01-25 15:10:00,15,10,5,7.093470604360064,4.3146272044085805,2.952637625042135,1.7248288796165665
2025-01-25 15:15:00,15,15,5,5.735441526845345,4.3090452891769635,3.3253442104493165,1.995633184765046
2025-01-25 15:20:00,15,20,5,7.7832732463856615,4.0866092757207895,3.0366993025405287,2.415628811878896
2025-01-25 15:25:00,15,25,5,6.227362079088609,4.062647649800143,2.863342947356483,2.131097064942821
2025-01-25 15:30:00,15,30,5,5.648872279009393,4.01318622171578,2.8415402632860034,2.0642042325090877
2025-01-25 15:35:00,15,35,5,5.209552886243814,3.468983596424102,3.0403011492502716,2.1581202194280635
2025-01-25 15:40:00,15,40,5,5.625755349680627,3.721088097334785,3.241633743538067,1.8840957817600656
2025-01-25 15:45:00,15,45,5,5.491998894001042,4.020135100619787,3.283334968144784,2.2974961877122624
2025-01-25 15:50:00,15,50,5,5.4243188477380695,4.123205141749534,2.950002923061298,1.998683483719374
2025-01-25 15:55:00,15,55,5,5.038834503493238,4.0579339624276285,2.9011299760101124,1.9389117572312724
2025-01-25 16:00:00,16,0,5,5.316612655057546,3.8215070064568684,2.7593048689499864,2.155507154465838
2025-01-25 16:05:00,16,5,5,4.616072772862257,4.187481256493899,2.5899412214950455,1.8605810298474628
2025-01-25 16:10:00,16,10,5,3.650004073730104,4.296488805750927,2.9907675897860866,2.2599594660855877
2025-01-25 16:15:00,16,15,5,4.348206154365193,4.187597920058268,2.890951086139619,2.0855703342205154
2025-01-25 16:20:00,16,20,5,3.04244379072036,4.197919865918094,2.983803177109954,2.189023780094467
2025-01-25 16:25:00,16,25,5,4.204352214033064,3.8881548404089576,3.075117149791474,2.1660418776079444
2025-01-25 16:30:00,16,30,5,3.3371842085095813,4.21518682454016,2.889873016969082,1.7971950211683327
2025-01-25 16:35:00,16,35,5,3.7060605602949224,4.029151727865531,3.0734256638106725,1.9024543961921478
2025-01-25 16:40:00,16,40,5,4.077238924018987,4.102311105704401,3.006064774369994,2.063454988052818
2025-01-25 16:45:00,16,45,5,2.7400203053976178,4.073086368564942,3.248381506130945,2.1573141286779998
2025-01-25 16:50:00,16,50,5,3.537686124298792,3.9757025789119176,2.8637980654452058,1.7709955524484886
2025-01-25 16:55:00,16,55,5,2.581595356966842,3.8279995049755398,3.3414762209508897,1.683468065605131
2025-01-25 17:00:00,17,0,5,3.4647878520580027,3.9835726672891907,2.9094994304617896,2.1290489640644235
2025-01-25 17:05:00,17,5,5,2.194282616662627,4.197352323496564,3.3277522493900067,1.962067694975161
2025-01-25 17:10:00,17,10,5,1.7441496466276818,3.911704838937418,3.0054685988541787,1.824994515680515
2025-01-25 17:15:00,17,15,5,2.2945224453589304,4.178669452521629,3.025323222427041,1.769969204139824
2025-01-25 17:20:00,17,20,5,1.518586911857489,4.147414134123534,2.849943009356269,2.152778110827696
2025-01-25 17:25:00,17,25,5,1.100509104834662,3.940212520596034,2.9132846366276146,2.183449784410614
2025-01-25 17:30:00,17,30,5,1.06634199684862,4.277760020723916,2.969298574670178,1.7262319814258371
2025-01-25 17:35:00,17,35,5,1.0663654824281494,3.928890665761859,3.23367305514226,1.7369347829896222
2025-01-25 17:40:00,17,40,5,1.5426474930990088,4.301909372522527,2.879642498227877,1.9600601836123714
2025-01-25 17:45:00,17,45,5,0.0,4.086825396308194,3.2011657241318416,1.8947030354619514
2025-01-25 17:50:00,17,50,5,0.4477342031285755,3.9968268163092975,2.8146565675059834,2.032534614312079
2025-01-25 17:55:00,17,55,5,0.5306006476726293,3.8224397239324692,2.957206855354676,1.9065218801921677
2025-01-25 18:00:00,18,0,5,0.09672428749589927,3.9823479539729916,3.564945606946354,2.1389211353820605
2025-01-25 18:05:00,18,5,5,0.6549325847167671,3.959248097301116,2.9834478377102958,3.141619032180477
2025-01-25 18:10:00,18,10,5,0.0,3.748340722949819,3.531255828008473,2.5522542645886808
2025-01-25 18:15:00,18,15,5,0.0,3.9564769154564665,3.2654031857968766,2.7693096530482033
2025-01-25 18:20:00,18,20,5,0.29616477350667164,3.8392393639805826,3.339954421956246,1.6641556936658397
2025-01-25 18:25:00,18,25,5,0.04965690747567481,4.117198353795756,3.3298899978474106,2.415576076622665
2025-01-25 18:30:00,18,30,5,0.0,4.26125609514564,3.4489749186996463,2.4402965011766256
2025-01-25 18:35:00,18,35,5,0.25807201979318983,3.7546168647409517,3.306525614907117,2.27754368208899
2025-01-25 18:40:00,18,40,5,0.0,4.342461545673385,3.410606399962391,2.0063571738892256
2025-01-25 18:45:00,18,45,5,0.0,3.974289793122974,2.9127211118568375,2.5294166469758914
2025-01-25 18:50:00,18,50,5,0.0,3.804995723012297,3.5344204622794972,2.763820174016199
2025-01-25 18:55:00,18,55,5,0.6765345800832037,4.151550956041636,3.4233304068887684,2.141911836067741
2025-01-25 19:00:00,19,0,5,0.0,3.9107091043489906,2.91810595544061,2.23294117721294
2025-01-25 19:05:00,19,5,5,0.19779941738147117,3.983652664793701,3.6267559232172557,2.9324346710226767
2025-01-25 19:10:00,19,10,5,0.017135907100111113,3.919144351157584,3.516225623831454,2.1359230328991665
2025-01-25 19:15:00,19,15,5,0.0,3.83665241362702,3.236023819248479,2.2453882227807047
2025-01-25 19:20:00,19,20,5,0.1548633895680011,4.144799406480381,3.3782034195305566,2.8362686274984608
2025-01-25 19:25:00,19,25,5,0.237875995915766,3.9427397194211626,3.8596728350470344,2.4483232315675343
2025-01-25 19:30:00,19,30,5,0.2948196156787,3.7126696415641507,3.5549210330340792,2.26073263213796
2025-01-25 19:35:00,19,35,5,0.0,4.110212024843187,2.9870274666938883,3.0365015060388236
2025-01-25 19:40:00,19,40,5,0.6831947059272192,3.758883529795249,2.803253884821938,1.9492479047006341
2025-01-25 19:45:00,19,45,5,0.0,3.769347965464948,4.038921756547894,2.504984621401134
2025-01-25 19:50:00,19,50,5,0.34328387337658806,4.238521240995463,3.1622255278735873,2.7048110893267934
2025-01-25 19:55:00,19,55,5,0.370536890341143,3.7607320201579575,3.731915991813793,2.1001943064556765
2025-01-25 20:00:00,20,0,5,0.0,3.536711028614502,3.3401463870591277,2.762873759111716
2025-01-25 20:05:00,20,5,5,0.33022997617577515,4.124572296992299,3.2549282760888527,2.5846491215841496
2025-01-25 20:10:00,20,10,5,0.0,3.939227314103774,3.9274436559098818,1.7822545505376646
2025-01-25 20:15:00,20,15,5,0.0,3.9564689757723768,3.3976255042013714,2.578490799570247
2025-01-25 20:20:00,20,20,5,0.5838709627638895,3.93709992132996,2.9623851842169775,2.3411165829242595
2025-01-25 20:25:00,20,25,5,0.0,4.046333987803745,3.813349593242544,2.2887054553768333
2025-01-25 20:30:00,20,30,5,0.0,3.8494561516193864,3.0547020692342723,2.839249546948678
2025-01-25 20:35:00,20,35,5,0.0,4.295222974913153,3.6333505080591295,2.4793431125486136
2025-01-25 20:40:00,20,40,5,0.13611836266369404,3.70475390393812,3.470482451867593,2.8084847413314824
2025-01-25 20:45:00,20,45,5,0.0,4.088974983335425,3.5883584975027687,2.6936836438805627
2025-01-25 20:50:00,20,50,5,0.2740334623535852,4.128424200775317,3.2922300815578747,1.9247934973579766
2025-01-25 20:55:00,20,55,5,0.0,3.8480696478333245,3.686574110062536,2.8302783764998547
2025-01-25 21:00:00,21,0,5,0.0,3.7952531109444365,3.4326314096982546,2.766326975138054
2025-01-25 21:05:00,21,5,5,0.0,4.203434842834032,3.399436162046925,2.4727902516044584
2025-01-25 21:10:00,21,10,5,0.9489436463293528,3.801827849196657,4.025728636516182,2.412543983888071
2025-01-25 21:15:00,21,15,5,0.0,3.8786672118498866,3.394829182233982,1.9390061430378056
2025-01-25 21:20:00,21,20,5,0.5426111318308158,4.1774617924919495,3.7070219479942974,2.287047590363708
2025-01-25 21:25:00,21,25,5,0.019277584392158854,4.006948246707805,3.544167503303808,2.4054882737701844
2025-01-25 21:30:00,21,30,5,0.0,3.640571266474179,3.3662621853524173,2.464681153041507
2025-01-25 21:35:00,21,35,5,0.0,4.349411828910703,3.4877442981321773,2.8528237178905673
2025-01-25 21:40:00,21,40,5,0.0,3.8939978482440067,3.9560635570077736,2.695214530732476
2025-01-25 21:45:00,21,45,5,0.3018228694803693,3.9194485420187166,3.881466774041257,2.7562442412240147
2025-01-25 21:50:00,21,50,5,0.6873056337882772,4.051156850465273,3.648384230580746,2.9365428805880334
2025-01-25 21:55:00,21,55,5,0.17984042384316054,4.125015359400814,3.107457610722403,2.294661339625229
2025-01-25 22:00:00,22,0,5,0.5935388393708777,4.392220858258294,2.8358196946287815,1.9397224166721083
2025-01-25 22:05:00,22,5,5,0.0,3.667986370118861,3.137180071616859,1.7769793095626503
2025-01-25 22:10:00,22,10,5,0.0,4.165190441785189,3.100559839362221,1.8825878163191525
2025-01-25 22:15:00,22,15,5,0.0,4.148601938810016,2.9305871893626114,2.0400831326867714
2025-01-25 22:20:00,22,20,5,0.15722229543742627,3.9725670178251766,3.3362496278123,1.8575305895491745
2025-01-25 22:25:00,22,25,5,0.0,4.157454738963245,2.9839813213013127,1.7843549548805888
2025-01-25 22:30:00,22,30,5,0.3648864685170977,4.186854803527309,2.8556104567310556,1.782531713015105
2025-01-25 22:35:00,22,35,5,0.0,3.723607443002599,3.0489570175933145,2.085061753897756
2025-01-25 22:40:00,22,40,5,0.02151548666064072,4.349953301176166,3.1374098693447654,1.8492700578187318
2025-01-25 22:45:00,22,45,5,0.34342895550612806,3.6882475493723716,3.101588615709005,2.0226200156496037
2025-01-25 22:50:00,22,50,5,0.0,3.772936743752245,2.9884495005497342,1.751715434498458
2025-01-25 22:55:00,22,55,5,1.0608156536651017,3.9476424652751807,3.030650699863623,2.036991323982233
2025-01-25 23:00:00,23,0,5,0.0,4.384988102637411,3.0203456889084466,2.0800101514554417
2025-01-25 23:05:00,23,5,5,0.0,3.9383486740493225,3.138919131813886,1.780395338208456
2025-01-25 23:10:00,23,10,5,0.07904694928839301,3.993613221989838,2.9566607827143296,2.1031535203128486
2025-01-25 23:15:00,23,15,5,0.01672173398657547,4.286415720780913,2.9463210358249996,2.191884711412369
2025-01-25 23:20:00,23,20,5,0.0,3.9399363714869056,3.018035699338513,1.6090154717752898
2025-01-25 23:25:00,23,25,5,0.49559555646333314,3.764312657413865,3.1678857838395387,1.9765793546289339
2025-01-25 23:30:00,23,30,5,0.37372248571352795,3.9165530329523373,2.6460578333749427,1.9495420279426405
2025-01-25 23:35:00,23,35,5,0.14893809551192258,4.274158366761156,2.7463271242770775,2.1506262571188306
2025-01-25 23:40:00,23,40,5,0.22507781697332382,4.014172999411027,2.992831803970767,1.8152509270396469
2025-01-25 23:45:00,23,45,5,0.0,4.386131651811252,3.162169611392572,2.0917051331992496
2025-01-25 23:50:00,23,50,5,0.8877454246200241,4.147586985252431,2.952847052594928,1.7508805120927278
2025-01-25 23:55:00,23,55,5,0.0,3.871038212721303,2.8315052412926813,1.8285084180587923
2025-01-26 00:00:00,0,0,6,0.06982583710794829,4.010215260893015,3.149299440652878,1.6638205428711546
2025-01-26 00:05:00,0,5,6,0.03251231559439006,3.8293563763716243,2.9905530366873836,1.9499431218455827
2025-01-26 00:10:00,0,10,6,0.4066402030322965,3.866313393870246,3.2071078035550835,2.046547311535064
2025-01-26 00:15:00,0,15,6,0.0,4.895816850205152,3.1070420570287336,1.8949279992539962
2025-01-26 00:20:00,0,20,6,0.0,4.203724902006762,2.7538003624989478,1.9349048048247015
2025-01-26 00:25:00,0,25,6,0.07841150804909659,4.172219597801335,3.1554324771852866,2.1549781262303536
2025-01-26 00:30:00,0,30,6,0.14061524610930207,3.8753639369383874,2.9138824857768606,1.8278512390702883
2025-01-26 00:35:00,0,35,6,0.7447997047238245,4.313916813256216,2.7886641750185626,1.9726746794546877
2025-01-26 00:40:00,0,40,6,0.0,4.219883120358587,3.0273102343438665,2.2946383025951516
2025-01-26 00:45:00,0,45,6,0.57734688335836,4.376324257871554,3.0246661515237747,2.1227531987614277
2025-01-26 00:50:00,0,50,6,1.1837071820135607,4.36662282967969,2.8439064024191563,2.008340200985825
2025-01-26 00:55:00,0,55,6,0.0,3.7041821423804957,3.028015691107373,1.9718938944311244
2025-01-26 01:00:00,1,0,6,0.0,3.7780321021460184,2.995636240626015,2.025243693524021
2025-01-26 01:05:00,1,5,6,0.0,3.7992424369072726,3.096207362618863,2.2338236086827523
2025-01-26 01:10:00,1,10,6,0.007002483685690367,3.8112118713335126,2.546890441672058,2.2227475028277377
2025-01-26 01:15:00,1,15,6,0.2818939375034573,4.064690472852078,2.6578383767364047,2.0617525642073504
2025-01-26 01:20:00,1,20,6,0.0,3.8866393095808363,3.471125793817695,1.9914919423148436
2025-01-26 01:25:00,1,25,6,0.777599267073671,4.414519708152504,3.0360038278829284,1.9379480572159065
2025-01-26 01:30:00,1,30,6,0.0,4.380935976416327,3.1334524694529873,2.0724417105279485
2025-01-26 01:35:00,1,35,6,0.0,3.998707681184192,2.8647905510441856,1.9771293889630357
2025-01-26 01:40:00,1,40,6,0.5533552121436587,4.391065243229958,2.7763126992445573,1.976211715753537
2025-01-26 01:45:00,1,45,6,0.0,4.29762692544804,2.9161255626166525,2.027308190318143
2025-01-26 01:50:00,1,50,6,0.0,3.9098586881645483,2.8580172205716123,1.95711366198276
2025-01-26 01:55:00,1,55,6,1.5588405646040238,3.5981569311948878,3.001754555037629,2.0156835395913313
2025-01-26 02:00:00,2,0,6,0.0,3.956406323007854,3.0548567431411686,1.9651664669438027
2025-01-26 02:05:00,2,5,6,0.0,3.8710755737843052,2.8426612682136607,2.0164146545299158
2025-01-26 02:10:00,2,10,6,0.0,4.041301125029166,2.9642284348808476,2.204929128421442
2025-01-26 02:15:00,2,15,6,0.0,4.0178456573749495,3.230148300182072,1.7255839129125956
2025-01-26 02:20:00,2,20,6,0.08032497017655826,4.012603531779845,3.12343090968355,2.1635488322179817
2025-01-26 02:25:00,2,25,6,0.3311314910798098,4.104736948275833,2.730833740827172,2.115894563782543
2025-01-26 02:30:00,2,30,6,0.0,3.7574956105832644,3.1791909835532604,1.8100706724242819
2025-01-26 02:35:00,2,35,6,0.8437740276183968,4.082272055513942,2.952731675375792,2.037263987164044
2025-01-26 02:40:00,2,40,6,0.12255714218630892,3.9120767693965988,3.1140916120198554,1.8023121179104793
2025-01-26 02:45:00,2,45,6,0.3633970232009019,4.039996439972738,3.2314013395631225,1.5941303739868795
2025-01-26 02:50:00,2,50,6,0.0,4.191481969046438,3.2647491097851,2.1100534935579836
2025-01-26 02:55:00,2,55,6,0.6431910684977667,3.755120045355794,2.8756456977714393,2.172881168541416
2025-01-26 03:00:00,3,0,6,0.0,3.943741269466086,2.790440191279574,2.022987210878775
2025-01-26 03:05:00,3,5,6,0.13877625674676586,3.976293153194227,3.047700974761719,2.047226962791803
2025-01-26 03:10:00,3,10,6,0.0,3.8971462056858717,2.8320564885769306,1.9007845655284845
2025-01-26 03:15:00,3,15,6,0.0,4.179965899226591,3.0253489732301633,1.8546512514066842
2025-01-26 03:20:00,3,20,6,0.34410265322644135,3.8559223282399055,3.0542905588553215,1.8771748063546843
2025-01-26 03:25:00,3,25,6,0.0,3.8889199201115323,3.2000000052154487,2.3125369901141872
2025-01-26 03:30:00,3,30,6,0.0,3.8580161734095872,2.9405071650685484,2.184051752194021
2025-01-26 03:35:00,3,35,6,0.0,4.21841108228776,2.95753909168468,1.8127137606517314
2025-01-26 03:40:00,3,40,6,0.3494765358587106,3.901511177517557,2.9148564518889675,2.0171139481512426
2025-01-26 03:45:00,3,45,6,0.0,4.092009078176711,2.6426084671145857,2.1251313522890993
2025-01-26 03:50:00,3,50,6,0.0,4.395141020246015,3.0172041697872727,2.200108791493831
2025-01-26 03:55:00,3,55,6,0.007513875143548504,3.9850363159298827,3.1216275107542715,2.023989663432778
2025-01-26 04:00:00,4,0,6,0.0,4.222412136006631,2.9288330129301072,2.3045723443405977
2025-01-26 04:05:00,4,5,6,0.0,4.334270816818625,3.433974537367207,1.9321701189880378
2025-01-26 04:10:00,4,10,6,0.16813894462378126,4.2054383120080825,3.2084586947405103,1.8586500682069396
2025-01-26 04:15:00,4,15,6,0.0,3.9966397368044517,2.882462809262188,1.9227510097003002
2025-01-26 04:20:00,4,20,6,0.5283624556402092,4.128421551799723,3.13693653752127,1.7850173411321884
2025-01-26 04:25:00,4,25,6,0.4834035521252722,3.7425242813729307,3.309992845400847,2.187574451474606
2025-01-26 04:30:00,4,30,6,0.3595843331777186,3.8439913683700095,3.132303041085776,1.9412370667994623
2025-01-26 04:35:00,4,35,6,0.9098858936562988,3.879064963673616,3.165897517971348,1.416527427739387
2025-01-26 04:40:00,4,40,6,0.0,4.448122424034857,3.0881802726984997,2.032024413532549
2025-01-26 04:45:00,4,45,6,0.32444096295191954,3.8374830971489464,2.622756886956421,2.081250596546434
2025-01-26 04:50:00,4,50,6,0.0,3.8345046497476343,3.1181783451752145,1.6292534510331642
2025-01-26 04:55:00,4,55,6,1.2261849564343619,3.7912158039502035,2.7626457164695837,2.4128778303701903
2025-01-26 05:00:00,5,0,6,0.9918168262180097,4.111962352386152,2.9627292907795066,2.1951252118996774
2025-01-26 05:05:00,5,5,6,0.00594021725889597,4.0285242785337765,3.225360384857935,2.0787873627990536
2025-01-26 05:10:00,5,10,6,0.1932931149525961,4.217351795405313,3.203448270237856,1.5774223283670563
2025-01-26 05:15:00,5,15,6,0.6796487996824029,4.134251933215471,2.9538941176638684,1.3838802545652145
2025-01-26 05:20:00,5,20,6,0.0,3.7239220306551863,2.6507812670865505,1.8907971006030104
2025-01-26 05:25:00,5,25,6,0.0,3.838544445997926,2.8669231122007637,2.008282057828496
2025-01-26 05:30:00,5,30,6,0.43699487550344124,4.2730657496551645,2.9958698976794023,2.0267484859962464
2025-01-26 05:35:00,5,35,6,0.039219623041835044,3.9593403510846388,3.034941929726136,2.066584544920594
2025-01-26 05:40:00,5,40,6,0.0914972248226302,4.237518363603603,2.8081910645176076,1.8550415361272397
2025-01-26 05:45:00,5,45,6,0.0,3.970063810416937,2.9926243881410493,1.9957314098654153
2025-01-26 05:50:00,5,50,6,0.0,3.8064687143422957,2.7836145269407404,2.21631187620261
2025-01-26 05:55:00,5,55,6,0.11807120493955053,3.939347844466659,3.144960135510165,1.8280566629273742
2025-01-26 06:00:00,6,0,6,0.4524810207470999,3.8063900408900606,2.958326797416663,2.4019079301594233
2025-01-26 06:05:00,6,5,6,0.10524547580758951,3.8868894475195153,3.0321154075668564,2.079137191040013
2025-01-26 06:10:00,6,10,6,1.1544086334327943,4.040185141313049,2.878212889773774,1.9373775782943317
2025-01-26 06:15:00,6,15,6,0.3020731295936584,4.102321018073804,3.3022651971566805,2.0226588854585072
2025-01-26 06:20:00,6,20,6,0.34420519999362087,3.6819617353491405,2.985814356225424,2.001528217187293
2025-01-26 06:25:00,6,25,6,1.055053594921581,3.9965263984981805,3.509076557683037,2.007961500629577
2025-01-26 06:30:00,6,30,6,1.2639656345248704,3.8826768528880495,2.8339846601572796,1.8689298196769524
2025-01-26 06:35:00,6,35,6,1.9062182275667774,3.8703170382082375,3.1561512004776207,1.7143037746706447
2025-01-26 06:40:00,6,40,6,1.3490003646373117,4.026536923826615,3.090116596292846,1.8552364944701114
2025-01-26 06:45:00,6,45,6,2.634950338568731,3.8899096254621575,2.6282460887095986,1.803985556617281
2025-01-26 06:50:00,6,50,6,3.147854620635155,4.2764275989693346,3.005506761935732,2.2790334786985635
2025-01-26 06:55:00,6,55,6,2.3572869097775606,4.237612375250212,3.1826658823893275,1.9412619547658494
2025-01-26 07:00:00,7,0,6,3.213045661117367,4.236365658788408,3.7916561209454276,2.3929660512282838
2025-01-26 07:05:00,7,5,6,2.2700416049972896,3.9010179609019398,3.0600465245762334,2.506326290689803
2025-01-26 07:10:00,7,10,6,3.5446687656336904,3.8075002330161354,3.0482198014979645,2.7374224922455186
2025-01-26 07:15:00,7,15,6,3.7380328573113473,4.016405985877623,3.741764026702063,2.2360090181409213
2025-01-26 07:20:00,7,20,6,3.851920073351626,3.9699303267427464,3.5436792520476987,2.540814770257432
2025-01-26 07:25:00,7,25,6,3.61659883840187,3.878235367515327,3.7615890145301725,2.1264795238048455
2025-01-26 07:30:00,7,30,6,2.349709853029882,3.764853110666608,3.679846257070454,2.104969224698347
2025-01-26 07:35:00,7,35,6,3.7066033267613063,3.9916964061463855,3.733156621301861,2.8188092203999435
2025-01-26 07:40:00,7,40,6,3.9132246085646942,3.9191861099495053,3.299122581908032,2.865738659962462
2025-01-26 07:45:00,7,45,6,3.933759433159775,4.137669407407604,3.0277901110943635,2.8298750335631646
2025-01-26 07:50:00,7,50,6,4.678607634623871,4.133021210304296,3.931536871448792,2.6037445582454595
2025-01-26 07:55:00,7,55,6,4.60040596643326,4.220159961084543,3.441342265691192,2.593725946029977
2025-01-26 08:00:00,8,0,6,4.587693995117488,3.7481408896239925,3.318872489380662,3.287388003748823
2025-01-26 08:05:00,8,5,6,4.6583325074813065,4.080211661538726,3.3240406128697124,2.8952203508971954
2025-01-26 08:10:00,8,10,6,5.015239590725622,3.8545068587532656,3.2776317747727575,2.979042483851095
2025-01-26 08:15:00,8,15,6,6.116451936120986,3.755917157837783,4.10369857452655,2.615797243305803
2025-01-26 08:20:00,8,20,6,5.405251836196715,3.914279552610258,3.585997180570145,2.2130262925646265
2025-01-26 08:25:00,8,25,6,5.6556271304191865,4.213740996026924,3.1772997171295145,2.5893743815496886
2025-01-26 08:30:00,8,30,6,5.859265482575583,3.925536329285903,3.937457743154336,2.3355392532552908
2025-01-26 08:35:00,8,35,6,6.428731478745302,4.313090931991822,4.162378765338255,2.3169562181110486
2025-01-26 08:40:00,8,40,6,6.656000841129659,4.1097757031040665,3.568817582224991,2.5696049399210965
2025-01-26 08:45:00,8,45,6,5.0711298813791075,3.9211819042038845,3.4695396874293447,1.8868517451021312
2025-01-26 08:50:00,8,50,6,7.2667196830704075,4.232009685781282,3.3142780698707313,2.559891787690862
2025-01-26 08:55:00,8,55,6,7.633314574944569,4.089079354422857,3.471204471205936,2.690860797820835
2025-01-26 09:00:00,9,0,6,6.545974543184641,3.813488122310659,3.7270507735975555,2.427976461646327
2025-01-26 09:05:00,9,5,6,6.737490498230138,4.371760527116103,3.211270888305366,2.964495311615024
2025-01-26 09:10:00,9,10,6,7.147646674212104,4.051895764617296,3.0933613008453045,2.3214078329703556
2025-01-26 09:15:00,9,15,6,7.140396065061471,4.003759238397098,3.2450120228078596,2.7239372865406324
2025-01-26 09:20:00,9,20,6,7.772407868163084,3.8288934660188767,3.8951065923441774,2.4478919873467166
2025-01-26 09:25:00,9,25,6,6.825582187749384,4.235907653521547,3.568933028100474,2.6286315462967447
2025-01-26 09:30:00,9,30,6,7.374569598893982,4.103455085472262,4.041201229576658,1.9679279673360468
2025-01-26 09:35:00,9,35,6,8.834044642762281,4.125847636059048,3.7232665697380787,2.612957424381851
2025-01-26 09:40:00,9,40,6,7.727410459215909,3.898493731294846,3.388748142426254,2.5978680207160885
2025-01-26 09:45:00,9,45,6,8.936410262076915,4.166820114382014,3.7222486927489755,2.674948813744841
2025-01-26 09:50:00,9,50,6,8.611583555923927,4.1823627187141605,4.147550181774889,2.5382444763381056
2025-01-26 09:55:00,9,55,6,7.644484849435337,3.8662443522437755,3.5080715549870978,2.4456103642990676
2025-01-26 10:00:00,10,0,6,8.977918635452488,3.7166019720638017,3.1105957674291775,1.9935883477028105
2025-01-26 10:05:00,10,5,6,8.708433905978652,4.116274611867785,3.0026418290129535,2.0035659720012515
2025-01-26 10:10:00,10,10,6,8.642374803657345,3.685330610078852,2.9730782861019813,1.8782654395695184
2025-01-26 10:15:00,10,15,6,9.091205961912886,4.030403155567556,3.0836213076393824,1.9429904869966763
2025-01-26 10:20:00,10,20,6,9.300394613149894,3.9105509790425383,3.1227359005640887,2.0221535257855994
2025-01-26 10:25:00,10,25,6,9.50691070218178,4.243733042157785,2.9226850247341907,2.312966081007013
2025-01-26 10:30:00,10,30,6,9.827921748886869,3.9214312218465586,2.979537482890605,2.1245646029123613
2025-01-26 10:35:00,10,35,6,9.524146649217164,4.221454594400761,2.86000341880158,1.594892133773764
2025-01-26 10:40:00,10,40,6,8.709109163465902,3.897158111127395,2.8866001664645906,1.5725102587200412
2025-01-26 10:45:00,10,45,6,9.23247856612546,4.199998201011923,2.9526274266361505,2.2937294029078106
2025-01-26 10:50:00,10,50,6,11.00869367511658,4.412068308767366,2.8189429955846697,1.5787912284811623
2025-01-26 10:55:00,10,55,6,9.96274407405015,3.786390572326752,3.3000513982025055,1.9049290473351497
2025-01-26 11:00:00,11,0,6,10.843901913296431,4.058407144346182,2.9968523235662623,2.1576559938262156
2025-01-26 11:05:00,11,5,6,10.411137739232206,4.549756483182013,3.1046345529978296,2.1501024839223737
2025-01-26 11:10:00,11,10,6,9.883861106977209,4.0133177653805845,3.1800857979090846,1.650777073482109
2025-01-26 11:15:00,11,15,6,9.958556338922863,4.01235765404593,2.7171304519719963,2.2342339325257683
2025-01-26 11:20:00,11,20,6,9.829787510183658,4.157699789470204,2.8436521713816627,1.865470831007288
2025-01-26 11:25:00,11,25,6,9.014712796754356,4.008216172818951,2.7474314955671364,1.9190104221305035
2025-01-26 11:30:00,11,30,6,9.923472239972217,3.6585548010858897,2.930136787263106,1.8125078624629685
2025-01-26 11:35:00,11,35,6,10.545900658494295,4.226457474967788,2.789383451024851,2.063732618435141
2025-01-26 11:40:00,11,40,6,9.662126983506854,3.5994103172269614,2.8384661466223142,1.8787375486043476
2025-01-26 11:45:00,11,45,6,10.18456573191694,3.9166416697723316,2.5627443306451836,2.387640048506205
2025-01-26 11:50:00,11,50,6,10.416277738765176,4.2414851498313295,3.18836480589494,1.9010387893346117
2025-01-26 11:55:00,11,55,6,9.542780051142854,3.928691514271443,2.8201838128684558,2.002177759446625
2025-01-26 12:00:00,12,0,6,9.774348567828168,3.861260701507119,2.9966932820804693,1.7448066860970706
2025-01-26 12:05:00,12,5,6,9.488664525560512,4.175852781033312,2.489892754215528,1.8947848184966662
2025-01-26 12:10:00,12,10,6,9.579399412473874,3.829777042633123,2.6873250938200974,2.0342759893447084
2025-01-26 12:15:00,12,15,6,9.334786590559505,3.755554856081609,3.035616313332135,1.8053574603316183
2025-01-26 12:20:00,12,20,6,9.511722750228442,4.054902797498657,2.8930831464689093,2.352608338395617
2025-01-26 12:25:00,12,25,6,10.650291222622116,3.9634153403174817,3.1550257052541926,1.9095494458582192
2025-01-26 12:30:00,12,30,6,9.456710099192959,3.7512653771622317,3.458391865387196,1.760612517605671
2025-01-26 12:35:00,12,35,6,9.94684471420795,4.127390507998974,2.837461055036689,1.9778971658584146
2025-01-26 12:40:00,12,40,6,9.596643153286603,4.092897521115447,2.693798586924737,2.3580618329255696
2025-01-26 12:45:00,12,45,6,10.397285772550774,3.9280489966788736,3.036630407741856,1.842010228620041
2025-01-26 12:50:00,12,50,6,10.418541219501142,3.9417335987750106,3.089557390280952,2.029211169659578
2025-01-26 12:55:00,12,55,6,10.145455689202088,4.094078548401831,2.9390697831748307,1.758296966635704
2025-01-26 13:00:00,13,0,6,9.81232553944206,4.238072283950413,2.7127576148941785,2.437360199488645
2025-01-26 13:05:00,13,5,6,9.484968775438837,3.943441357978135,2.7294530229780007,2.3395931038702753
2025-01-26 13:10:00,13,10,6,8.941232155386645,4.130937698601629,2.8310481704768087,2.1580065135080644
2025-01-26 13:15:00,13,15,6,10.441065735512156,4.11304004341692,3.093086618016156,2.1330837400592833
2025-01-26 13:20:00,13,20,6,9.017089698982808,4.175861458541795,3.1464028544480382,1.6776868755324978
2025-01-26 13:25:00,13,25,6,9.651901866344406,4.007861839748693,2.8647308015051647,1.7263904081564572
2025-01-26 13:30:00,13,30,6,9.768578111424567,3.8175348971867282,3.0378602121695195,1.7353311335751547
2025-01-26 13:35:00,13,35,6,8.875474542741806,3.907500169360006,2.603790564585356,1.952504532691285
2025-01-26 13:40:00,13,40,6,9.582084134024482,4.06857069315633,2.558184189502511,2.0517476389441915
2025-01-26 13:45:00,13,45,6,9.350834016996311,4.3636928756763185,2.7484740953244517,1.8318840503839544
2025-01-26 13:50:00,13,50,6,9.7340902494731,3.903196075360744,2.5439168053684598,2.3300204427617093
2025-01-26 13:55:00,13,55,6,8.532594323861723,4.160957488705479,2.707417022604384,1.927199753090421
2025-01-26 14:00:00,14,0,6,8.01732202920453,3.934388709864648,2.641652281507751,1.8328664383238455
2025-01-26 14:05:00,14,5,6,8.296373829007209,4.022093751177227,3.350364356204842,2.0594953470530695
2025-01-26 14:10:00,14,10,6,8.538341229396025,4.303079349852719,2.855273800737884,1.9931653040689072
2025-01-26 14:15:00,14,15,6,8.34380248656798,4.152858516284087,2.8878881886626777,1.9815158840344826
2025-01-26 14:20:00,14,20,6,7.994801494752642,3.7517401454518087,3.148773743806592,1.9337804020185922
2025-01-26 14:25:00,14,25,6,7.109847313186206,3.8855049952376817,3.043998294785021,2.047299099529651
2025-01-26 14:30:00,14,30,6,8.168774900976905,4.2512442688882714,2.934770870540451,1.852814802065989
2025-01-26 14:35:00,14,35,6,8.785017070469918,4.028375608525699,2.8949633286791077,2.1398370503070154
2025-01-26 14:40:00,14,40,6,7.892570050251281,3.7702319760768273,3.15648334099509,1.7724411337463057
2025-01-26 14:45:00,14,45,6,7.8229658343165305,3.8362095110052556,2.9478021331223982,1.8494156261795331
2025-01-26 14:50:00,14,50,6,7.658996021178791,4.140698704542235,3.1599904859432284,1.90575939204402
2025-01-26 14:55:00,14,55,6,7.422162955538759,4.1988820562435265,3.4401847635142735,2.0435794779794105
2025-01-26 15:00:00,15,0,6,7.536900795299523,4.0035710602964345,3.2363992908446444,1.7970778346393268
2025-01-26 15:05:00,15,5,6,7.112817398415523,4.495062760187221,3.0023444298171733,2.1232346196740446
2025-01-26 15:10:00,15,10,6,6.599563491329966,4.164830472691127,2.79333995163564,2.0040685423621154
2025-01-26 15:15:00,15,15,6,6.195463695996312,3.95130378607342,3.2103718064401074,1.934509998415303
2025-01-26 15:20:00,15,20,6,6.3033892692250575,3.836858790380131,2.829649499085475,2.3605918910945034
2025-01-26 15:25:00,15,25,6,6.416299470065925,3.805023139072192,2.7656509396707403,2.0311781256763175
2025-01-26 15:30:00,15,30,6,5.929572809525722,4.067084264096074,2.8583447323326387,1.8126331522284895
2025-01-26 15:35:00,15,35,6,6.070265825201537,3.9022445910173187,3.148331416540652,1.9588928176674925
2025-01-26 15:40:00,15,40,6,5.955339430360673,4.334748750796685,3.0811772930839396,1.548970855774961
2025-01-26 15:45:00,15,45,6,5.972292045831113,4.293262360583572,3.100623956392412,1.8558808176367334
2025-01-26 15:50:00,15,50,6,6.014393567887727,4.1266133094994455,2.624229609768346,2.376947910957435
2025-01-26 15:55:00,15,55,6,5.226736290844647,3.7642007654086207,3.1202027052989254,2.0454554825359197
2025-01-26 16:00:00,16,0,6,4.346111717426169,3.865556225489519,3.249883769947973,2.049513856277707
2025-01-26 16:05:00,16,5,6,4.637335640784285,4.25113550514822,2.840277197971279,1.9650064779035246
2025-01-26 16:10:00,16,10,6,4.639517416053639,3.8873867600409797,2.8643267573615896,1.8999294214350582
2025-01-26 16:15:00,16,15,6,3.505002524101468,4.224428346783905,2.7484592668281516,1.805995884839936
2025-01-26 16:20:00,16,20,6,4.92051487745824,4.094920784606952,3.178917106533735,2.0664150877606495
2025-01-26 16:25:00,16,25,6,4.098655854842603,4.010343576962637,2.899397389493698,1.794393627107373
2025-01-26 16:30:00,16,30,6,4.0175107409410415,3.859433437412912,2.9189206042384135,1.6632300394065862
2025-01-26 16:35:00,16,35,6,4.307143614100155,3.98115123129505,3.0253261198848707,2.1890942963985127
2025-01-26 16:40:00,16,40,6,3.1051300181855113,4.037929590974979,3.4733945320118047,1.7793482554871762
2025-01-26 16:45:00,16,45,6,3.501415618473633,4.206507779660225,3.180760489190122,1.8585577108604248
2025-01-26 16:50:00,16,50,6,2.9521259334917653,3.822852879873249,2.7743087419897976,1.7742203742288045
2025-01-26 16:55:00,16,55,6,2.706246706801959,3.947436631494777,3.028147145285393,1.8138412752613462
2025-01-26 17:00:00,17,0,6,2.2020942571230204,4.008964626386457,2.878630845741303,1.9119197338525475
2025-01-26 17:05:00,17,5,6,3.209660530104997,4.132535671537233,2.852006432020218,1.8374830894601708
2025-01-26 17:10:00,17,10,6,1.976646119343242,3.8183071324954447,2.514168047496305,2.0173906580223737
2025-01-26 17:15:00,17,15,6,2.3006353436091374,3.736686041422557,3.0135342979116904,1.8405310300528976
2025-01-26 17:20:00,17,20,6,0.7989780829333388,4.13479303034201,3.0720768540776744,2.279381506413137
2025-01-26 17:25:00,17,25,6,2.1112281267440594,3.696410177010659,3.004715966566857,2.2660515558312455
2025-01-26 17:30:00,17,30,6,1.831367500179045,4.256995942952433,3.447626384085424,2.5061049378240545
2025-01-26 17:35:00,17,35,6,1.1373858036683018,3.9688147805034184,2.7623527826979997,1.763387398716266
2025-01-26 17:40:00,17,40,6,0.7580861944076198,3.6904937835451106,2.911114000654858,2.0257430402519683
2025-01-26 17:45:00,17,45,6,0.8540312951082144,3.903915956119301,3.317330399968716,2.125448244218191
2025-01-26 17:50:00,17,50,6,1.58058920409351,4.075824726613847,2.7593425740655,1.8776685183051343
2025-01-26 17:55:00,17,55,6,0.0,3.8934597824890043,2.9915999584068973,1.7021680043709009
2025-01-26 18:00:00,18,0,6,0.391013693787065,4.00400594976487,3.5041005372622744,2.1434693226822263
2025-01-26 18:05:00,18,5,6,0.0,4.148015673141058,3.0047836599327886,2.2159044161591157
2025-01-26 18:10:00,18,10,6,0.0,3.959561932922476,3.623306316467701,2.621234713295956
2025-01-26 18:15:00,18,15,6,0.0,3.8125884647067734,3.528996175006232,2.797484098162263
2025-01-26 18:20:00,18,20,6,0.0,3.940203200525632,3.76567497026403,2.561314402621083
2025-01-26 18:25:00,18,25,6,0.0,4.282968027291852,3.5199145550077113,2.538864011566029
2025-01-26 18:30:00,18,30,6,0.0,4.337012869066637,3.4557064460188753,1.8476971820116972
2025-01-26 18:35:00,18,35,6,0.5145902180639835,3.596014765211545,3.840645453445946,2.619256849568103
2025-01-26 18:40:00,18,40,6,0.0,4.218205581838295,3.1351017662518816,2.928344985781731
2025-01-26 18:45:00,18,45,6,0.269882256414171,4.050029543207072,3.323006039536169,2.4676692992024134
2025-01-26 18:50:00,18,50,6,0.0,4.18479653582403,3.807072678670476,2.5660418075168767
2025-01-26 18:55:00,18,55,6,0.0,3.889902347946474,3.90061275257477,2.394369550287163
2025-01-26 19:00:00,19,0,6,0.1011916852993476,3.6463472980997027,4.0073519633841,2.266659130050243
2025-01-26 19:05:00,19,5,6,0.0,4.116897757729492,3.8952866987928854,1.8204672343301809
2025-01-26 19:10:00,19,10,6,0.01985691085981734,3.811804547743457,3.169942384599755,2.589389841546796
2025-01-26 19:15:00,19,15,6,0.0,3.7223415137030296,3.3798663721570676,2.477575414029231
2025-01-26 19:20:00,19,20,6,0.2306360421589156,3.7363197235053067,3.5124952760482135,2.1427292175618837
2025-01-26 19:25:00,19,25,6,0.0,4.120182756483067,3.16522111553823,2.5696366146425262
2025-01-26 19:30:00,19,30,6,0.0,4.027890493205839,3.300100114453466,2.9023101576883503
2025-01-26 19:35:00,19,35,6,0.1469746939715811,4.156493204374935,3.4424158533701648,2.715625372932049
2025-01-26 19:40:00,19,40,6,0.0,4.133815050899273,3.6328555007921324,2.3196516828481943
2025-01-26 19:45:00,19,45,6,0.0,3.915813287083247,2.905901363914288,2.855482410286314
2025-01-26 19:50:00,19,50,6,0.0,3.9859052852245087,3.2063272769908573,2.378872583356377
2025-01-26 19:55:00,19,55,6,0.3154378017980778,3.897712494243492,3.4547472675300277,2.484696529568896
2025-01-26 20:00:00,20,0,6,0.8824569027753857,3.957934445426902,3.7885875987617057,2.501747217376983
2025-01-26 20:05:00,20,5,6,1.3961044339549806,3.8065490524037866,3.4617937729222006,2.8055367869635037
2025-01-26 20:10:00,20,10,6,0.04558407333321959,4.078096858774867,3.6801957115660358,2.2793288662058035
2025-01-26 20:15:00,20,15,6,0.39410207039859335,4.215024149796351,3.15585338675635,2.252890067440024
2025-01-26 20:20:00,20,20,6,0.0,3.8366773940358025,3.4852340749435355,2.1261838674488733
2025-01-26 20:25:00,20,25,6,0.7513671631527941,4.256253929080269,3.5272259141487403,2.4612405070628975
2025-01-26 20:30:00,20,30,6,0.38811425236205305,4.022704299295588,2.7372442903068315,2.0781474441198116
2025-01-26 20:35:00,20,35,6,0.0,4.048215795281163,2.634274926894754,2.396829081686707
2025-01-26 20:40:00,20,40,6,0.6185904001445046,3.6601140960784964,3.8222040936038,1.9328026133715988
2025-01-26 20:45:00,20,45,6,0.0,3.6385475380868533,3.1033139540619907,2.4508786398180455
2025-01-26 20:50:00,20,50,6,0.0,4.028823272555936,3.1808740913439717,2.1793981698799625
2025-01-26 20:55:00,20,55,6,0.23766746271374564,4.1579464249264015,3.662478231851948,2.351531366628124
2025-01-26 21:00:00,21,0,6,0.0,3.8657239112710093,3.0539825337806055,1.87368523298287
2025-01-26 21:05:00,21,5,6,0.510812382199974,4.334018780116618,4.16252233101912,2.838492716368801
2025-01-26 21:10:00,21,10,6,0.0,4.146987194850863,3.364509996181395,2.526357403499181
2025-01-26 21:15:00,21,15,6,0.0,3.818331749658403,3.3534406813709037,2.6531370192373753
2025-01-26 21:20:00,21,20,6,0.0,4.006169733410702,3.2437356896846357,2.337048035056953
2025-01-26 21:25:00,21,25,6,0.3797500187580611,4.495385826744682,3.636620252058349,2.936157731333922
2025-01-26 21:30:00,21,30,6,0.0,3.7514871994400587,3.7224245283986312,2.8701741632772784
2025-01-26 21:35:00,21,35,6,0.0,4.105653987783021,3.4062747987466464,2.313096877786917
2025-01-26 21:40:00,21,40,6,0.0,3.9354510894553316,2.918485658275423,2.521659507202385
2025-01-26 21:45:00,21,45,6,0.0,4.141379258183703,3.6137141094069323,2.4099983812818384
2025-01-26 21:50:00,21,50,6,0.0,4.253454729263677,3.2669896021700797,2.8730210319529395
2025-01-26 21:55:00,21,55,6,0.0,3.9227525822577265,3.689541283158996,2.8938476351557036
2025-01-26 22:00:00,22,0,6,1.0556481670497921,4.223782454341435,2.8092841809967593,1.8583531746903954
2025-01-26 22:05:00,22,5,6,0.0,4.444240678854392,3.2406354486503193,1.9905305840488419
2025-01-26 22:10:00,22,10,6,0.0,4.013254947468847,2.886179177664289,1.900096995247432
2025-01-26 22:15:00,22,15,6,0.0,4.1569777374988375,2.9977838947731392,2.2005903631670822
2025-01-26 22:20:00,22,20,6,0.0,3.881911845959345,2.9678974295816825,2.1581065660355554
2025-01-26 22:25:00,22,25,6,0.31067336998455114,4.003851861806242,3.0934755553692095,1.8243321919638054
2025-01-26 22:30:00,22,30,6,0.4740714752360248,3.9646649814583514,2.8241741264025753,1.9099466816137043
2025-01-26 22:35:00,22,35,6,0.0,4.1593871851317195,2.7326324690675463,1.8971722288401214
2025-01-26 22:40:00,22,40,6,0.0,4.240935187151385,3.302686683346277,1.993721932834526
2025-01-26 22:45:00,22,45,6,0.6372201139244517,3.978069030176508,2.8467094667825092,2.3831489303640954
2025-01-26 22:50:00,22,50,6,0.0,4.306724569146585,2.8138765360547593,1.8076234066389225
2025-01-26 22:55:00,22,55,6,0.8651609074285843,4.306009488312326,3.24589713636134,2.132263611920064
2025-01-26 23:00:00,23,0,6,0.0,4.169370748635981,2.9739882294947226,2.1663817799978324
2025-01-26 23:05:00,23,5,6,0.09770161064166014,3.8967946936556546,3.0601200002458335,1.7627615168522348
2025-01-26 23:10:00,23,10,6,0.9593031669381039,3.8776342366520193,2.5204830585971387,1.886530969658542
2025-01-26 23:15:00,23,15,6,0.0,3.837523729061992,3.216984967179656,1.914305982330677
2025-01-26 23:20:00,23,20,6,0.0,4.189833214047632,3.0920194396698486,2.0368970896890133
2025-01-26 23:25:00,23,25,6,0.14775584579516937,3.757646358502127,2.66129994107712,1.9187208612587368
2025-01-26 23:30:00,23,30,6,0.0,4.135367530822202,3.0717758660893155,1.8425707488991265
2025-01-26 23:35:00,23,35,6,0.0,3.783778130435177,2.9274923685944096,2.0783494184194224
2025-01-26 23:40:00,23,40,6,0.0,4.164709223968394,3.014525999828596,2.209381948184943
2025-01-26 23:45:00,23,45,6,0.0,4.003443916546112,3.0767341826326957,1.8088300003195967
2025-01-26 23:50:00,23,50,6,0.6144282751002798,4.266727712371965,2.904490657214093,2.0040592568452555
2025-01-26 23:55:00,23,55,6,0.23053901614821756,4.228290915664254,3.2676830153028082,1.905294873943539
2025-01-27 00:00:00,0,0,0,0.12531411605165102,4.2870130824004224,2.653486239520394,2.0881133806982377
2025-01-27 00:05:00,0,5,0,0.40428550344505837,4.292163743657823,2.8488803503312004,1.7429397360850063
2025-01-27 00:10:00,0,10,0,0.0,4.0287261667976395,3.0037606025651677,2.1945735283616608
2025-01-27 00:15:00,0,15,0,0.0,3.7682413867150792,2.8852238920677964,2.099314777436526
2025-01-27 00:20:00,0,20,0,0.0,3.7894953890005243,3.1363827326084865,2.158359298733326
2025-01-27 00:25:00,0,25,0,0.000891520552304451,3.5826302941368127,2.8535455380762795,1.7757835884133228
2025-01-27 00:30:00,0,30,0,0.0,3.7832668333143813,2.803049379008281,2.158194934424494
2025-01-27 00:35:00,0,35,0,0.0,4.01376473154093,3.1334786309341625,1.808569879859933
2025-01-27 00:40:00,0,40,0,0.0,3.8880691638349676,3.4265288052687275,1.7847272066825668
2025-01-27 00:45:00,0,45,0,1.0622781149145069,3.9639728791180295,3.199892816940145,2.3039330878410422
2025-01-27 00:50:00,0,50,0,0.0,4.09854308389228,3.0219515211986727,1.8460552312838339
2025-01-27 00:55:00,0,55,0,0.0,3.9391869483868485,2.8504243945103305,1.947581959927425
2025-01-27 01:00:00,1,0,0,0.8628468964073853,3.7756342399174834,3.2161741556136065,1.7600248374600305
2025-01-27 01:05:00,1,5,0,0.06092223206622698,3.9893532664873135,2.632246793517445,2.0724109981138605
2025-01-27 01:10:00,1,10,0,0.3767087367105464,3.820301902645431,3.116322550251816,2.393593889359854
2025-01-27 01:15:00,1,15,0,0.04991315754988396,3.9458427006041874,2.723536204946654,1.9730386776075524
2025-01-27 01:20:00,1,20,0,0.0,4.2685553928846005,3.2323674864240957,2.024172433520546
2025-01-27 01:25:00,1,25,0,0.0,3.945898939180765,2.9609121621876953,2.1579810993859083
2025-01-27 01:30:00,1,30,0,0.10272784351815142,4.3541915106695495,2.8801222071586805,2.1702821683908295
2025-01-27 01:35:00,1,35,0,0.0,4.286327197387594,2.749287361561945,1.6961136593434207
2025-01-27 01:40:00,1,40,0,0.0,3.8841389382841913,2.945282396217534,1.4873420426206865
2025-01-27 01:45:00,1,45,0,0.0,3.777775246716845,3.0169399273425808,1.6534877314590577
2025-01-27 01:50:00,1,50,0,0.8724307033117468,3.9894891676159614,3.0564841041132755,2.037091887623389
2025-01-27 01:55:00,1,55,0,1.2024187711269865,4.230665552679378,2.9864075227670366,2.0872817335076186
2025-01-27 02:00:00,2,0,0,0.10860396876420045,3.901961818754262,3.0408394937228174,1.9413998793337457
2025-01-27 02:05:00,2,5,0,0.0,4.181618059652428,3.3662013960954265,2.0786621387104884
2025-01-27 02:10:00,2,10,0,0.0,4.241687997827218,3.1543816174621755,2.2146159487945187
2025-01-27 02:15:00,2,15,0,0.23427008077303454,3.8451948699274787,3.133629875808418,2.4125665837849612
2025-01-27 02:20:00,2,20,0,0.891452800032572,3.8647897823422825,3.0332013769642394,1.9986077308327879
2025-01-27 02:25:00,2,25,0,0.0,4.142532406425401,2.870085582438677,1.9487452126880036
2025-01-27 02:30:00,2,30,0,0.0,4.030369509928314,2.8537550861897674,2.1354423826003077
2025-01-27 02:35:00,2,35,0,0.3350248359077619,3.862787694691264,2.8175367505362723,2.0147584339796256
2025-01-27 02:40:00,2,40,0,0.4926998557250247,3.9295639103760824,3.111909386860475,2.030064777319044
2025-01-27 02:45:00,2,45,0,0.0,3.985896089454516,2.8208170248860145,2.139788982801197
2025-01-27 02:50:00,2,50,0,0.08824209183147641,3.687029115008908,2.9829320582928105,1.42545755671071
2025-01-27 02:55:00,2,55,0,0.2256130080680494,4.153128621296539,2.8033296618833226,2.2802264472805467
2025-01-27 03:00:00,3,0,0,0.0,3.9042615622121617,3.296864368302937,2.1052222420130398
2025-01-27 03:05:00,3,5,0,0.0,3.4432567552403803,3.156813795391666,1.844341203748427
2025-01-27 03:10:00,3,10,0,0.5079686117817781,3.9952258063381096,2.947971116252188,2.2470733200919275
2025-01-27 03:15:00,3,15,0,0.0,3.8516857482212985,3.0851830485124148,2.0129896767774103
2025-01-27 03:20:00,3,20,0,0.0,4.337764438460535,2.962638291421396,2.2348944002469415
2025-01-27 03:25:00,3,25,0,0.0,3.8829109958160064,3.224406430710029,2.129934350153752
2025-01-27 03:30:00,3,30,0,0.6304247599996549,3.780471327284278,3.0132550132165123,1.9286487028466424
2025-01-27 03:35:00,3,35,0,0.30833198823555913,4.101586533992403,3.138602743936943,1.779618031005104
2025-01-27 03:40:00,3,40,0,0.043986773564584476,3.867910526398483,2.8210860304826917,1.709781727843012
2025-01-27 03:45:00,3,45,0,0.0,3.8441087597495534,3.247045955598625,1.855866675174131
2025-01-27 03:50:00,3,50,0,0.0,4.101900276564881,3.080801557350325,1.9748884958580946
2025-01-27 03:55:00,3,55,0,0.0,3.791906538422087,3.579507798024387,2.088381090807167
2025-01-27 04:00:00,4,0,0,0.0,3.7085452683601092,2.6275718481509314,2.2350871513193167
2025-01-27 04:05:00,4,5,0,0.0,4.3451996004188675,2.922569807278863,1.9598144396101893
2025-01-27 04:10:00,4,10,0,0.0,4.115899747520129,2.8654975473979913,2.0391225037276923
2025-01-27 04:15:00,4,15,0,0.0,3.947158143001127,3.0365026275349645,1.8709045644702744
2025-01-27 04:20:00,4,20,0,0.30494002359520944,3.9993045580596127,2.8983710959027142,2.0202572266176633
2025-01-27 04:25:00,4,25,0,0.0,4.101172871623231,2.5314537026979878,1.7117005058992596
2025-01-27 04:30:00,4,30,0,0.3974615569377795,4.194667489922685,3.3339984192196037,2.065564188864048
2025-01-27 04:35:00,4,35,0,0.6745675525567147,3.8488049417369976,2.895018202651844,1.6607834336926328
2025-01-27 04:40:00,4,40,0,0.5290850469120508,4.073229305193136,2.9887367670107046,2.1970384183562213
2025-01-27 04:45:00,4,45,0,0.2352549236892784,3.8986591647579525,3.527841220929988,2.3784112849991397
2025-01-27 04:50:00,4,50,0,0.005931339590392102,3.962203751097475,2.822612395974293,1.900840093723142
2025-01-27 04:55:00,4,55,0,0.0,4.032138573492981,2.7057001539526655,1.8316689866752096
2025-01-27 05:00:00,5,0,0,0.36997202568965815,3.9986642853894656,2.9574313673750496,1.9265726006747712
2025-01-27 05:05:00,5,5,0,0.8398736911107646,4.147113379660515,3.4109134613158862,1.7369286115047569
2025-01-27 05:10:00,5,10,0,0.1710530198252091,4.0974173118231185,2.9909811101624206,1.5873080475406713
2025-01-27 05:15:00,5,15,0,0.9586295742130615,3.6983661581255642,3.0661781560975467,1.7316589318648101
2025-01-27 05:20:00,5,20,0,0.0,3.7284353585869114,3.2205252616765585,1.9417948213969416
2025-01-27 05:25:00,5,25,0,0.0,3.9260566630481413,2.7196031463434216,1.5794596492884083
2025-01-27 05:30:00,5,30,0,0.42760075387413127,4.365725052488365,2.804272502278066,2.0478761781485675
2025-01-27 05:35:00,5,35,0,0.13214510507662552,3.8296816334996797,3.0843027294312924,1.9003124037653454
2025-01-27 05:40:00,5,40,0,0.6568910882859038,3.9583554580774494,3.185159408686594,1.7728514214209858
2025-01-27 05:45:00,5,45,0,0.0,3.8927307946086955,2.414588031498286,2.0565107301484997
2025-01-27 05:50:00,5,50,0,0.0,3.889191123182384,3.2580191625366766,2.2598667347315486
2025-01-27 05:55:00,5,55,0,0.0,4.035647948781011,2.740038151876933,1.8910613625356882
2025-01-27 06:00:00,6,0,0,0.0,4.2801554552391305,3.1447640031481017,1.874578778408246
2025-01-27 06:05:00,6,5,0,0.0,4.091193679976118,3.0210769721216986,1.8567120208379435
2025-01-27 06:10:00,6,10,0,0.9224158726123659,3.8392938077145815,2.7821222485077253,1.8207252697186485
2025-01-27 06:15:00,6,15,0,1.0904249995362356,4.550645902160642,3.1911450385902462,2.002756552926175
2025-01-27 06:20:00,6,20,0,1.0530595698796192,4.015714644192225,3.2543763276811117,2.104084138990884
2025-01-27 06:25:00,6,25,0,0.22812998803941176,3.884555808723577,3.3212930462961885,2.1636136385917473
2025-01-27 06:30:00,6,30,0,1.1260601344440715,4.282419274935518,3.151868166049341,1.9759024202728637
2025-01-27 06:35:00,6,35,0,0.9087339175691408,3.9061858764112363,3.60184131529933,2.0225396439789067
2025-01-27 06:40:00,6,40,0,2.324748403563187,4.332582730997489,2.605315326174824,2.0536067079227935
2025-01-27 06:45:00,6,45,0,1.6590421533799817,3.8258714418066666,2.803541551352514,2.203404304320323
2025-01-27 06:50:00,6,50,0,1.6215222839902532,4.286006077784274,3.145163351636188,1.9616972700134696
2025-01-27 06:55:00,6,55,0,2.3917570058224435,4.0402095328563385,2.8224213973113677,2.029285145344161
2025-01-27 07:00:00,7,0,0,2.2681132226079015,4.258210446540486,3.3076298576428838,2.736341197835151
2025-01-27 07:05:00,7,5,0,3.540162095411773,4.380353141740309,3.6668047142774136,3.3807899777480306
2025-01-27 07:10:00,7,10,0,2.639652546275637,3.773478541895749,3.3664656384047227,2.408972311454607
2025-01-27 07:15:00,7,15,0,2.5147805234193004,4.2551543641516645,3.453567297818968,2.4667043397186754
2025-01-27 07:20:00,7,20,0,2.3437446753779287,3.718219219114919,3.808123681388444,2.41709630648136
2025-01-27 07:25:00,7,25,0,3.6089871316303093,3.7905631289503545,4.091714514843049,2.6746825329177106
2025-01-27 07:30:00,7,30,0,3.545869266721935,3.8393181080415126,3.3542791856035925,2.2776262945057986
2025-01-27 07:35:00,7,35,0,3.3130145953315076,4.100727327235572,3.8122616580225372,2.5085560455660434
2025-01-27 07:40:00,7,40,0,4.820795848034888,4.006603175386972,3.5027180161270266,2.3204559320727642
2025-01-27 07:45:00,7,45,0,4.756509475904634,3.966572783167433,3.4815662957238476,2.3083135447591685
2025-01-27 07:50:00,7,50,0,4.603377192881723,4.029247055804472,3.9085134368677994,2.7151180456766193
2025-01-27 07:55:00,7,55,0,5.49205081127931,4.118257917858695,3.447569348209768,2.443159575084181
2025-01-27 08:00:00,8,0,0,5.331268016699306,4.13364962478827,3.5276522504717653,2.49833792833836
2025-01-27 08:05:00,8,5,0,4.776304630846,4.218833367123026,3.2129191462072497,1.9297677614845055
2025-01-27 08:10:00,8,10,0,4.853386001472853,4.364006962553488,3.2606898000676914,2.461444752800491
2025-01-27 08:15:00,8,15,0,5.964693102422952,3.9957275255117044,3.2786500406847527,2.7458014091186707
2025-01-27 08:20:00,8,20,0,5.933947841744137,3.895782207573817,3.4312540592297736,3.062072072508586
2025-01-27 08:25:00,8,25,0,5.9979703676211535,4.122707225837038,3.3315517225312554,2.542215039610467
2025-01-27 08:30:00,8,30,0,5.664365388652753,3.771149036747076,3.4133414731490648,2.6319334173204467
2025-01-27 08:35:00,8,35,0,6.563208505343469,3.8642591735776777,3.8197253386991132,2.682484287678129
2025-01-27 08:40:00,8,40,0,6.050126655298418,4.199876189278558,2.8907611191601825,2.64995848314186
2025-01-27 08:45:00,8,45,0,6.54246482370385,3.975174325036459,3.1967365573156883,2.4070692464751167
2025-01-27 08:50:00,8,50,0,7.479374149350093,3.758361508328392,3.7067987560512012,2.164071727475488
2025-01-27 08:55:00,8,55,0,6.584713439917619,3.702039386926965,3.846784402245515,2.39398423013463
2025-01-27 09:00:00,9,0,0,6.284573183329045,4.0097433358787615,4.1512812118754345,2.5206033477381284
2025-01-27 09:05:00,9,5,0,6.697366024662501,4.228379307393602,4.011602822795531,2.8593037673600525
2025-01-27 09:10:00,9,10,0,7.869922781445052,4.225709155506237,3.3166684753836506,2.1094927817099434
2025-01-27 09:15:00,9,15,0,7.645763643479878,4.022176100578568,3.534088208371264,2.3252070644433473
2025-01-27 09:20:00,9,20,0,7.596005741845404,4.4017818838192255,3.9739156340261017,2.425942248498213
2025-01-27 09:25:00,9,25,0,7.544297928273032,3.9790359268119073,3.4098788124443677,2.0812304617788944
2025-01-27 09:30:00,9,30,0,8.176213356688946,3.972286475320518,3.6257651039239307,2.1477333154159504
2025-01-27 09:35:00,9,35,0,7.639893617179716,3.4865128180522,3.6327310738642145,2.674027517949401
2025-01-27 09:40:00,9,40,0,8.344353227211215,3.9105274101677567,3.275097466407691,2.786973979305314
2025-01-27 09:45:00,9,45,0,7.949068838618974,4.170403006981699,3.4175373682126287,2.058626891228734
2025-01-27 09:50:00,9,50,0,7.985084765491332,4.3127922673719405,3.9635862020941075,2.2229588277777044
2025-01-27 09:55:00,9,55,0,8.23037498931696,3.833953073266543,3.652121162379944,2.6277383422141734
2025-01-27 10:00:00,10,0,0,8.472550314602405,4.09245046585861,3.077836934784869,2.0743723831860272
2025-01-27 10:05:00,10,5,0,8.742852639108227,4.209375806464657,2.8059624726879995,2.338269920300544
2025-01-27 10:10:00,10,10,0,8.987836229337773,4.00224163063918,3.1912498300401277,2.09501134625008
2025-01-27 10:15:00,10,15,0,7.124544769612662,3.543343908494554,2.7334047528968743,1.8043264248689133
2025-01-27 10:20:00,10,20,0,8.659252591493116,4.049457999914851,3.1314913253378327,1.5992631776606365
2025-01-27 10:25:00,10,25,0,8.957329802516451,4.1522861248121785,3.067740771988074,1.7337646405228757
2025-01-27 10:30:00,10,30,0,9.991326344417033,3.810515420996308,2.8263936444980775,1.7177864784664807
2025-01-27 10:35:00,10,35,0,8.78007738863692,3.9491690938251227,3.0492212831564607,2.2232722903668596
2025-01-27 10:40:00,10,40,0,9.478324516909039,3.7689007915742474,3.069603504762537,2.0915666097844494
2025-01-27 10:45:00,10,45,0,10.216816449818975,3.4859704902839295,3.0335917792309766,2.136538702174128
2025-01-27 10:50:00,10,50,0,8.880685242508633,4.205400882357531,3.0934171228500027,1.4569803612005636
2025-01-27 10:55:00,10,55,0,9.797486156791487,3.99925029323963,3.181261347532329,2.1602303923921804
2025-01-27 11:00:00,11,0,0,9.258122345923423,4.319534999340997,2.9275374338683187,1.6051586544534615
2025-01-27 11:05:00,11,5,0,9.461103826987998,4.171464438381236,3.0484948051268814,2.0653321608272996
2025-01-27 11:10:00,11,10,0,9.361404654222676,3.92915804766691,2.911903303487831,2.037339944869338
2025-01-27 11:15:00,11,15,0,9.441924149824361,3.983363867979118,3.2143680515940742,2.479504343659033
2025-01-27 11:20:00,11,20,0,11.209033604075328,4.113235478154034,3.029380734583173,2.0667827362706483
2025-01-27 11:25:00,11,25,0,10.30584304071344,4.193376683351149,2.835242224962921,1.8997215908046843
2025-01-27 11:30:00,11,30,0,10.465317544631208,4.064534126148402,2.972791473925704,2.2355436070781196
2025-01-27 11:35:00,11,35,0,10.186560125641444,4.221118629057897,3.1637915512056116,2.3858706688015925
2025-01-27 11:40:00,11,40,0,9.158818586716476,3.9406662526651055,2.701954764867958,1.7352530058702054
2025-01-27 11:45:00,11,45,0,10.176068217547689,3.800571290642863,3.2204165870471866,2.289772075262898
2025-01-27 11:50:00,11,50,0,10.52694702307225,3.987038149287774,3.0066256243341867,1.1068792272942245
2025-01-27 11:55:00,11,55,0,9.570920533779535,4.041036978147237,2.8512941676202503,2.067098730429878
2025-01-27 12:00:00,12,0,0,10.482663333580563,3.759692921052143,2.8201174026844535,2.037025231387543
2025-01-27 12:05:00,12,5,0,10.349788375726131,3.7326555831706756,3.3797110897743954,2.285226563919
2025-01-27 12:10:00,12,10,0,10.916502238225412,4.089477259294686,3.1617784490740277,1.9871101442323684
2025-01-27 12:15:00,12,15,0,9.769697726129225,3.918728629725915,2.9010663884199217,2.151550263055495
2025-01-27 12:20:00,12,20,0,9.413141489779592,3.9668318188675995,3.0050789305000456,2.011940887874474
2025-01-27 12:25:00,12,25,0,9.759749327536923,3.9280614668598353,2.6897568774237945,1.8570939235548214
2025-01-27 12:30:00,12,30,0,10.632234110319917,4.304120180352642,3.1503720934633628,1.7797866318502824
2025-01-27 12:35:00,12,35,0,8.969412164256624,4.252352232079,3.0531414197204914,2.082500718972828
2025-01-27 12:40:00,12,40,0,8.813889672406566,3.752529261992166,3.0941775631508035,2.1120528432715377
2025-01-27 12:45:00,12,45,0,9.85255044349811,3.8934413573839106,3.125545210628013,1.8752413815914941
2025-01-27 12:50:00,12,50,0,9.541665424812257,4.170000853593919,2.7064690872677653,1.82529291752333
2025-01-27 12:55:00,12,55,0,9.717284644720456,4.120387247420648,3.1459842393809825,1.759830681240861
2025-01-27 13:00:00,13,0,0,10.131914148508615,3.991708407534043,2.791877864023099,1.7907711998484652
2025-01-27 13:05:00,13,5,0,9.324213870799861,3.772479959007153,2.630805109051348,1.77059912677364
2025-01-27 13:10:00,13,10,0,8.60066659201696,3.863491990769291,3.2000793826647342,1.8566470694568877
2025-01-27 13:15:00,13,15,0,10.49154207355103,3.896646486490742,2.6502123686891306,1.8976712290170834
2025-01-27 13:20:00,13,20,0,8.898312064139697,4.05539886622382,3.1021094431787333,1.6338454470232675
2025-01-27 13:25:00,13,25,0,8.790560131821938,4.340745430939448,3.1906620619532022,1.7118038369281843
2025-01-27 13:30:00,13,30,0,9.790655331974166,3.8626239530423745,2.9209032722026627,1.9183469780008766
2025-01-27 13:35:00,13,35,0,8.960870230673711,3.794792950488952,2.8877119786488947,1.9870396603036955
2025-01-27 13:40:00,13,40,0,9.031382944349096,3.9782827046344114,3.1557120707953397,1.9918396837393582
2025-01-27 13:45:00,13,45,0,9.210122477357043,4.206347796102812,2.8788652679813476,2.0914697369521793
2025-01-27 13:50:00,13,50,0,9.411899883337215,3.7106234066478594,3.0414527457245013,1.8660992880146348
2025-01-27 13:55:00,13,55,0,8.600537210484193,4.2907268301749895,3.008460284416873,1.8495314993584822
2025-01-27 14:00:00,14,0,0,9.420230040801536,3.965593727576866,2.8268522543206114,2.161160242829981
2025-01-27 14:05:00,14,5,0,7.4812187823620615,3.8531359995373253,3.089391761313831,2.1540759270473098
2025-01-27 14:10:00,14,10,0,8.813808076605397,3.679962142647568,3.1270257002303024,1.8225561481891894
2025-01-27 14:15:00,14,15,0,7.894932344016624,4.141304154684126,3.2002563860133586,1.9404785779436156
2025-01-27 14:20:00,14,20,0,8.877656101193914,3.965765760951693,3.1858435646534433,1.9749766780057407
2025-01-27 14:25:00,14,25,0,8.1354682820901,4.0341410965509015,3.0626326175758645,2.0686455857894037
2025-01-27 14:30:00,14,30,0,7.5970807369076505,3.819837651797727,3.162640077056878,1.6730907757982258
2025-01-27 14:35:00,14,35,0,8.130265377439633,3.9361807931497954,2.6847204574581145,2.134342173020435
2025-01-27 14:40:00,14,40,0,8.107038604793406,3.9026837507290524,3.0712724929986726,1.8448712703622758
2025-01-27 14:45:00,14,45,0,7.839345136219093,3.9798813789243583,3.0728617818033483,1.7184079579792197
2025-01-27 14:50:00,14,50,0,6.85792524828471,3.866089534724838,3.652857902173802,2.2623142773655887
2025-01-27 14:55:00,14,55,0,6.981631058786517,3.6931638078625557,3.1244605354815747,2.0151260741354973
2025-01-27 15:00:00,15,0,0,7.069031393304758,4.545699949059322,2.8762543910389406,1.7379627521308252
2025-01-27 15:05:00,15,5,0,6.8945007314976605,3.727319150532497,2.9772354745021152,1.828047872860975
2025-01-27 15:10:00,15,10,0,7.130774813875777,4.036291801388508,2.839711630269351,1.7166486720450913
2025-01-27 15:15:00,15,15,0,5.586007534747385,3.6455944343151914,3.049932610386221,1.9246012988354213
2025-01-27 15:20:00,15,20,0,6.595039624142147,3.600590512676405,3.107014314965174,2.0914197587309578
2025-01-27 15:25:00,15,25,0,6.114244044622272,4.019565298370454,3.0458929260159326,2.5318880516108364
2025-01-27 15:30:00,15,30,0,5.668363981895233,4.0348735175536605,3.164741102713109,1.7478867978700203
2025-01-27 15:35:00,15,35,0,5.541853094751023,4.252299798160477,3.0917472895842937,1.9891962514063022
2025-01-27 15:40:00,15,40,0,5.628495531251482,4.0799093682031415,2.7316938858347064,1.7156734239846716
2025-01-27 15:45:00,15,45,0,3.755159777966263,3.970037856250842,3.090640583455914,2.139509506975713
2025-01-27 15:50:00,15,50,0,5.022351298072462,3.8100799511869994,2.7907485601350945,2.1940334106389288
2025-01-27 15:55:00,15,55,0,4.749825169282071,4.2998024136467095,3.0569828793630567,2.2391718313885036
2025-01-27 16:00:00,16,0,0,5.266391604661311,4.185770249210044,3.2179240796678488,1.9683126169194016
2025-01-27 16:05:00,16,5,0,4.40712434793862,3.750734104450315,3.327119946020419,1.7751767819759066
2025-01-27 16:10:00,16,10,0,4.509929232265094,4.007592745642127,3.4780589009901393,1.824242863902821
2025-01-27 16:15:00,16,15,0,5.194025216020664,4.028810446305299,2.990399453664464,1.8865623402774474
2025-01-27 16:20:00,16,20,0,4.72335837731471,3.930869268678866,2.924641802424052,2.5847107325027925
2025-01-27 16:25:00,16,25,0,4.478602598559096,4.154370097161359,2.9074558625177844,2.1702216744585843
2025-01-27 16:30:00,16,30,0,3.576898108445473,4.166346627669635,2.9529194177427165,2.1873100859175496
2025-01-27 16:35:00,16,35,0,3.895896522481848,3.961902860438979,2.8911680963258015,2.0512264187318343
2025-01-27 16:40:00,16,40,0,3.303252533029888,3.943826150840468,3.1257396600945486,1.8556377093327037
2025-01-27 16:45:00,16,45,0,3.116348047693149,4.299791692533506,3.5515451848451183,2.1361882086467596
2025-01-27 16:50:00,16,50,0,3.211900666916008,4.1865677784724475,2.954805809096525,1.8605530966298616
2025-01-27 16:55:00,16,55,0,2.499793346099452,4.014472077981677,3.0183446047253963,1.7568003978773061
2025-01-27 17:00:00,17,0,0,3.3346920032468117,3.6741581921839894,3.3564590527699885,2.0862507544802162
2025-01-27 17:05:00,17,5,0,2.296793853462765,4.068800021261008,2.982402786517721,2.2091955708713424
2025-01-27 17:10:00,17,10,0,2.47357642251086,4.139616692983534,2.8556970443828065,1.7688080827139125
2025-01-27 17:15:00,17,15,0,2.678703459789935,3.4490956743203256,2.9739733856542525,2.025508729893918
2025-01-27 17:20:00,17,20,0,2.2523086639568946,4.0503738896636055,3.106117241318554,1.7047444167135546
2025-01-27 17:25:00,17,25,0,0.816774310553904,3.9166616026408527,2.9087366339961536,1.383307041366289
2025-01-27 17:30:00,17,30,0,1.5277098697054579,3.9558291439740896,2.7635301658187816,2.143052306740081
2025-01-27 17:35:00,17,35,0,1.5140284457499738,3.8185238094473357,3.192205161714947,1.771599092937396
2025-01-27 17:40:00,17,40,0,1.3174889385569564,3.9703621419192716,2.9350790901851247,2.005121231025599
2025-01-27 17:45:00,17,45,0,0.09738387524411563,4.278398315236267,3.215622027768422,2.305818973303398
2025-01-27 17:50:00,17,50,0,0.10767625514470319,3.910720300236897,3.0306164510446045,1.9478766688835536
2025-01-27 17:55:00,17,55,0,0.7154279682164185,4.1931147117586365,2.7112612782598733,2.0216138469122122
2025-01-27 18:00:00,18,0,0,0.0,3.838733756224078,4.122476750447079,2.8870577649811957
2025-01-27 18:05:00,18,5,0,0.0,4.151751238531208,3.5524574888776717,2.591013342610033
2025-01-27 18:10:00,18,10,0,0.7879379047509847,4.00033117112439,3.293445091564383,2.3928593113670433
2025-01-27 18:15:00,18,15,0,0.0,4.070404965757856,3.5442797526753047,2.545190302095533
2025-01-27 18:20:00,18,20,0,0.0,4.001430651219498,3.803224979870918,2.7886248798223887
2025-01-27 18:25:00,18,25,0,0.0,4.128325046488242,3.656170034063325,2.2002561465402133
2025-01-27 18:30:00,18,30,0,0.16635966479259398,3.4864829764132486,3.211575403645459,2.2336325589146244
2025-01-27 18:35:00,18,35,0,0.0,3.716034937308486,3.5706560867619985,1.8921036835731575
2025-01-27 18:40:00,18,40,0,0.0,4.083416099601729,3.4981174782606135,2.922592814936241
2025-01-27 18:45:00,18,45,0,0.16661526749501088,3.591292329220753,3.700047810404192,2.394781716716265
2025-01-27 18:50:00,18,50,0,0.6495749102738337,3.893883928870558,3.290523375875066,2.7417145854330047
2025-01-27 18:55:00,18,55,0,0.33377404018499784,3.98913183179267,3.591816609815682,2.426070264225178
2025-01-27 19:00:00,19,0,0,0.0,3.834371972477421,3.3232907363281576,2.5229148969061823
2025-01-27 19:05:00,19,5,0,0.58920965878186,3.861687719461245,3.4090889708039036,2.7353138709750144
2025-01-27 19:10:00,19,10,0,0.0,4.054316440030719,3.872350728793615,2.089825051647185
2025-01-27 19:15:00,19,15,0,0.0,4.201858991155962,3.1322541282413483,2.9044168562946195
2025-01-27 19:20:00,19,20,0,0.0,3.808310123749038,3.5497456827991867,2.1605048089633474
2025-01-27 19:25:00,19,25,0,0.719084600572851,3.884988360762526,3.7949754819981925,2.60250552996665
2025-01-27 19:30:00,19,30,0,0.0826200250324626,3.853747805334591,4.160973728577468,2.4294094968203375
2025-01-27 19:35:00,19,35,0,0.006260932164893169,3.515724049624544,3.8326111991206138,2.065349668260172
2025-01-27 19:40:00,19,40,0,0.8186058223514266,4.028342358063502,3.918808265049072,2.7832480174633463
2025-01-27 19:45:00,19,45,0,0.0,4.186943549165698,3.981304230138132,2.8331740952526205
2025-01-27 19:50:00,19,50,0,0.0,4.203328641463177,3.4702855442372966,2.1486620307889424
2025-01-27 19:55:00,19,55,0,0.0,3.825846724711852,3.3193841298907887,1.9716548838405643
2025-01-27 20:00:00,20,0,0,0.18632409324002755,3.7496603902959715,3.223730290644887,2.6277584047625298
2025-01-27 20:05:00,20,5,0,0.08324656355756226,4.004321109518337,3.485674136352444,2.4329229579603338
2025-01-27 20:10:00,20,10,0,0.771368183639888,4.1658547373132935,3.2620691252157505,1.9682802967425146
2025-01-27 20:15:00,20,15,0,0.12173753856838511,4.030970089662077,3.554624933971175,2.613748057740593
2025-01-27 20:20:00,20,20,0,0.0,4.057860927174752,3.202530931985985,2.339967918950884
2025-01-27 20:25:00,20,25,0,0.0008974364390535426,4.228366185547246,3.9626400362268286,2.84784938607209
2025-01-27 20:30:00,20,30,0,0.05885370923047905,3.852172688153859,3.054672631481315,2.474609083830773
2025-01-27 20:35:00,20,35,0,0.0,3.956005982665394,3.9364867047116756,2.4350737008077443
2025-01-27 20:40:00,20,40,0,1.3551658221674465,4.32692110235224,3.419317043477851,2.827821288022923
2025-01-27 20:45:00,20,45,0,0.25993550905095575,3.9606377753804747,3.796120773282565,2.78059100361418
2025-01-27 20:50:00,20,50,0,0.10500415401129452,3.746532606806686,3.421404575247761,2.698866404882514
2025-01-27 20:55:00,20,55,0,0.30758199213929016,3.866128780749941,3.9484236541865663,2.485037890459427
2025-01-27 21:00:00,21,0,0,0.3547054902933025,3.8123640297557517,3.378977113605899,2.8690217917268903
2025-01-27 21:05:00,21,5,0,0.0,4.071432517140254,4.113631940869137,3.1345014650697465
2025-01-27 21:10:00,21,10,0,0.0,3.820810599282244,3.387646550067515,2.4177879251509324
2025-01-27 21:15:00,21,15,0,0.299725343160852,4.054206850572249,3.1912513000590352,2.5354156973244395
2025-01-27 21:20:00,21,20,0,0.19285542026572622,3.85278695629187,3.177764320562745,2.3420099674877517
2025-01-27 21:25:00,21,25,0,0.0,3.5753242923203543,3.710338939448717,2.616993223041819
2025-01-27 21:30:00,21,30,0,0.709517805683632,4.061323957396384,2.956783608449892,2.971087689482316
2025-01-27 21:35:00,21,35,0,0.14667601816149167,4.029692736309378,3.173901173854479,2.211719822836299
2025-01-27 21:40:00,21,40,0,0.36490968113381533,4.103551563141768,3.1283233544706652,2.3016149984307974
2025-01-27 21:45:00,21,45,0,0.6959604438399595,3.8654025561669485,3.2309580864002516,2.2382699676433293
2025-01-27 21:50:00,21,50,0,0.010944410582417389,3.8440911049281246,2.7607183844805667,2.538978217616144
2025-01-27 21:55:00,21,55,0,0.15847600349205768,4.0802933716963095,3.569619550344668,3.173322021367663
2025-01-27 22:00:00,22,0,0,0.40501361925305823,4.303803914506196,3.097268199533112,1.900682196056371
2025-01-27 22:05:00,22,5,0,0.0,4.002233601901265,2.759857004305316,1.9807447080401477
2025-01-27 22:10:00,22,10,0,0.027025831423000468,4.084917019209429,3.0897445778785118,1.899330276136191
2025-01-27 22:15:00,22,15,0,0.06277429332557415,3.9356824631148584,3.0122032052697145,2.379470818811764
2025-01-27 22:20:00,22,20,0,0.0,3.691273895625263,2.9231779745921673,1.6226448890415022
2025-01-27 22:25:00,22,25,0,1.1588183943369392,4.193485883830812,3.174697357478287,2.0628642891630107
2025-01-27 22:30:00,22,30,0,0.0,4.181682847817233,2.6582015977484175,2.085528735455259
2025-01-27 22:35:00,22,35,0,0.0,4.142154805035039,2.8004272901724505,2.088264480472881
2025-01-27 22:40:00,22,40,0,0.6571132878517896,3.963610912331516,3.381452701840858,1.9646061331313558
2025-01-27 22:45:00,22,45,0,0.3566331253982712,4.119411219947708,3.2166542398072973,1.7543025364295246
2025-01-27 22:50:00,22,50,0,0.0,4.178752359477566,2.6961161707324637,2.4034740944791344
2025-01-27 22:55:00,22,55,0,0.30364450755084643,4.3240317369913415,3.0615630027112672,2.1273339882322677
2025-01-27 23:00:00,23,0,0,0.7339252224986549,4.197705220929488,3.2304044605690754,1.8944370380404085
2025-01-27 23:05:00,23,5,0,0.0,4.012764245006728,3.1650232719525335,2.1347088324617634
2025-01-27 23:10:00,23,10,0,1.299411450037291,3.7383493489151256,2.741039035843527,2.3025970622825374
2025-01-27 23:15:00,23,15,0,0.0,4.031131659534348,3.2613721031959066,1.7432565521924543
2025-01-27 23:20:00,23,20,0,0.3469117269295511,4.051315479169862,3.040057288292359,1.9537840526174113
2025-01-27 23:25:00,23,25,0,0.5832641681105016,4.141805955063661,3.2836614939851874,1.7178775987762778
2025-01-27 23:30:00,23,30,0,0.44567195080262334,4.270778371864685,3.720483004842106,1.965103166125625
2025-01-27 23:35:00,23,35,0,0.0,3.9809698975886443,3.1476890332362384,2.2774996664005607
2025-01-27 23:40:00,23,40,0,0.0,4.4201974379626225,2.9608001313659713,1.9770116228809442
2025-01-27 23:45:00,23,45,0,0.2220725855436287,3.6481425959918843,2.8994338212362742,1.8229068747737764
2025-01-27 23:50:00,23,50,0,0.4078772433260347,4.083868374492325,3.0543718295585442,1.972946663965009
2025-01-27 23:55:00,23,55,0,0.30123671814118164,3.8402959215631944,2.8981251603349008,1.9098072103932597
2025-01-28 00:00:00,0,0,1,0.5200289453966946,3.6185556000622396,3.1152466907786285,1.840487294129891
2025-01-28 00:05:00,0,5,1,0.0,3.9596451247401685,2.950607046321554,2.1797334783578215
2025-01-28 00:10:00,0,10,1,0.0,3.7085654603158087,3.0494450940138598,1.790088146728278
2025-01-28 00:15:00,0,15,1,0.0,3.9677144203934365,2.995225786250606,2.087404324228594
2025-01-28 00:20:00,0,20,1,0.0,4.006953849618891,3.1978544382472487,1.84892426665102
2025-01-28 00:25:00,0,25,1,0.5076104459071527,4.22370828186719,2.888294055459773,1.8609680022559607
2025-01-28 00:30:00,0,30,1,0.053991960362614416,3.6984829730472124,2.870895960121642,2.081000943139423
2025-01-28 00:35:00,0,35,1,1.3034295815748849,4.181689033129155,3.1188978259767297,2.210180698576617
2025-01-28 00:40:00,0,40,1,0.09670318359485848,4.019616090055959,2.9817650181848463,1.718935409044105
2025-01-28 00:45:00,0,45,1,0.029845940289868134,4.205769830721919,3.133894032891493,2.0318287356815166
2025-01-28 00:50:00,0,50,1,0.05309145972010814,3.9136497649937745,3.0119938958632004,1.7433193023377556
2025-01-28 00:55:00,0,55,1,0.0,3.733551082647311,2.960832827278932,1.7612690427748563
2025-01-28 01:00:00,1,0,1,0.0,3.756500134756827,3.096392997689152,1.914021194259232
2025-01-28 01:05:00,1,5,1,0.5638940135558229,3.741638509266577,2.8960931207270884,1.6925689033821936
2025-01-28 01:10:00,1,10,1,0.05698533406388617,4.095562830584131,3.2054191739368085,1.948287073754129
2025-01-28 01:15:00,1,15,1,0.0,4.29538440444294,3.0173961540675514,1.8529019818614891
2025-01-28 01:20:00,1,20,1,0.0,3.887009694668956,2.669884988006669,1.8936748823645493
2025-01-28 01:25:00,1,25,1,0.0,4.125827059651557,2.925691732445457,2.0585520041829684
2025-01-28 01:30:00,1,30,1,0.03693171720544019,3.695311588372876,2.9289935178221738,1.8563302280605443
2025-01-28 01:35:00,1,35,1,0.596793267738131,4.0360642498354595,2.6993321205715333,2.00969069908455
2025-01-28 01:40:00,1,40,1,0.0,4.133712523267425,2.8406879612458265,2.26416130675314
2025-01-28 01:45:00,1,45,1,0.0,3.710375044944626,3.0300293322676204,2.1124205680065984
2025-01-28 01:50:00,1,50,1,0.07215500971753942,3.959223306204029,2.9502422667421655,2.0402560579535822
2025-01-28 01:55:00,1,55,1,0.0,4.143183428097113,2.821856936845949,1.7643562348660788
2025-01-28 02:00:00,2,0,1,0.0,3.4132458705541047,3.003026215469711,2.1140783310402154
2025-01-28 02:05:00,2,5,1,0.0,4.267090612340349,2.6108376459876848,1.900179301839192
2025-01-28 02:10:00,2,10,1,0.0,4.07073587517821,3.3684244215776786,2.095845510333991
2025-01-28 02:15:00,2,15,1,0.0959447725108237,4.143345529543469,3.3075292067380997,1.873191009642283
2025-01-28 02:20:00,2,20,1,0.0,3.917456144161047,2.908418847001112,2.1933466640689017
2025-01-28 02:25:00,2,25,1,0.0,3.655455503686929,3.1247040710756653,1.981123084788063
2025-01-28 02:30:00,2,30,1,0.2139813132763175,4.10681259126339,2.747496838146299,2.231370392445382
2025-01-28 02:35:00,2,35,1,0.8615373588231249,3.9834819349166977,3.502045629505542,1.6856267623406493
2025-01-28 02:40:00,2,40,1,0.819628258370876,4.006423091086464,3.2807238299498875,1.9063397714685257
2025-01-28 02:45:00,2,45,1,0.0,4.217521397039791,2.93330626979237,2.0539278975076667
2025-01-28 02:50:00,2,50,1,0.2885360919175698,4.15241277477252,2.7588953441720006,1.9925723110111229
2025-01-28 02:55:00,2,55,1,0.0,4.384247483417923,2.677749274439566,2.095216497955641
2025-01-28 03:00:00,3,0,1,0.07757767143267814,4.0307708457747,3.4467444075926337,1.8720937021672674
2025-01-28 03:05:00,3,5,1,0.0,3.8617575124417765,2.9662513323416575,1.9761043647854504
2025-01-28 03:10:00,3,10,1,0.05879431494360112,3.962316630618255,3.1972937187982007,2.08111447381036
2025-01-28 03:15:00,3,15,1,0.07570369803600936,4.083132674507722,3.184069202070386,1.8987529329595254
2025-01-28 03:20:00,3,20,1,0.0,4.203171303798595,3.086713800963959,1.3264388534128284
2025-01-28 03:25:00,3,25,1,0.0,3.7065932097122563,3.133492514397806,1.7564414582409473
2025-01-28 03:30:00,3,30,1,0.0,4.001707523035834,2.934481223700015,2.149050221728841
2025-01-28 03:35:00,3,35,1,0.11712963222838278,4.321908331407673,2.6927820334760186,2.217886559644405
2025-01-28 03:40:00,3,40,1,0.29949817084213204,3.951958225799496,2.975139037742255,2.2906230972574475
2025-01-28 03:45:00,3,45,1,0.4266744886700733,4.186202370973821,2.8194311681928426,1.6374424551306102
2025-01-28 03:50:00,3,50,1,0.0,4.098623505443201,2.9942106569323923,2.1174152135694486
2025-01-28 03:55:00,3,55,1,0.14192228365136839,4.191172121304996,3.134187387762044,1.7729023728145528
2025-01-28 04:00:00,4,0,1,0.48125129597664923,3.8380478916800134,2.6750733859760176,1.937535205219687
2025-01-28 04:05:00,4,5,1,0.5827974475720641,3.838919665986884,3.103288798095118,2.093157356421264
2025-01-28 04:10:00,4,10,1,0.0,4.004054378424458,3.314425267294429,1.9253089597165165
2025-01-28 04:15:00,4,15,1,0.0,3.693555642551938,2.6310207123550624,2.239333287656847
2025-01-28 04:20:00,4,20,1,0.09556211691819609,3.9460518786776686,3.039039062822151,2.056437582100182
2025-01-28 04:25:00,4,25,1,0.0,4.050575331503134,3.153418078421317,2.2527287180737323
2025-01-28 04:30:00,4,30,1,0.0,4.356927121389955,2.9953960031699594,2.235310326665614
2025-01-28 04:35:00,4,35,1,0.37229319923656495,4.080543637853964,3.110427252828357,1.8688835217384
2025-01-28 04:40:00,4,40,1,0.32097356472185057,4.12504569417462,2.953352305566298,2.123348804679701
2025-01-28 04:45:00,4,45,1,0.0,4.232895169410001,2.858235047151221,2.1772918204272904
2025-01-28 04:50:00,4,50,1,0.1088591005435833,3.8070684822209886,3.0316367001694413,2.0763236478199634
2025-01-28 04:55:00,4,55,1,0.0,3.966983467525803,3.2881010647100304,2.0713133755152398
2025-01-28 05:00:00,5,0,1,0.3517460741125124,4.4850825183607785,3.0142823707830626,1.9834823073783756
2025-01-28 05:05:00,5,5,1,0.0,3.984175555523098,2.9730686080438518,2.0624598728407215
2025-01-28 05:10:00,5,10,1,0.0,4.223286149756442,3.272664596823283,1.8776447479331662
2025-01-28 05:15:00,5,15,1,0.0,4.1927475754346215,2.8625085722658072,2.257007979039606
2025-01-28 05:20:00,5,20,1,0.0,3.704377257122462,2.886770612028289,2.043218973270541
2025-01-28 05:25:00,5,25,1,0.0,4.062095855401187,2.8816405070368267,1.6641031083287081
2025-01-28 05:30:00,5,30,1,0.32907151800128165,4.029349494441045,3.039645038658392,2.22303357880521
2025-01-28 05:35:00,5,35,1,0.0,4.065991757568087,2.987589029641455,1.7036682873487543
2025-01-28 05:40:00,5,40,1,0.7964820480136906,3.849177504041788,3.021814116610083,1.8488097222709214
2025-01-28 05:45:00,5,45,1,0.7326052517406905,3.776616097617568,2.4760989833508478,1.983823255655292
2025-01-28 05:50:00,5,50,1,0.0,3.9047979999958295,3.1035368387776066,2.2355410956263833
2025-01-28 05:55:00,5,55,1,0.03485213471464011,3.9804410005831596,3.3513709479924283,2.130187135477302
2025-01-28 06:00:00,6,0,1,0.0,4.236996889520063,3.1867134817211187,1.7430869099843866
2025-01-28 06:05:00,6,5,1,0.05482506875130469,4.363462163945122,3.324365160309251,2.25347203631431
2025-01-28 06:10:00,6,10,1,1.4374076074757594,4.2793195692446355,2.9265769030066955,2.136332025057569
2025-01-28 06:15:00,6,15,1,0.500245583743531,4.172037042156369,3.116213636689722,2.2940427021100787
2025-01-28 06:20:00,6,20,1,1.0516704460152952,3.799131947540082,2.969778445568023,1.8507534724599977
2025-01-28 06:25:00,6,25,1,1.3593293955237855,3.918220765002101,2.902000326067731,2.1793591966727734
2025-01-28 06:30:00,6,30,1,0.8049472359588954,4.0419852104826,2.616025917971533,1.4005853121512994
2025-01-28 06:35:00,6,35,1,1.0936861246945637,3.873512192384765,3.1788498013935955,2.0549610928310598
2025-01-28 06:40:00,6,40,1,1.1334705909652447,4.11544113050559,3.0036926672606357,1.7388906744023087
2025-01-28 06:45:00,6,45,1,1.507917853212394,4.144097221650857,2.6580220470809426,1.873094183300363
2025-01-28 06:50:00,6,50,1,0.7393810847224369,4.1072580125130935,3.072339019873936,1.882848857446559
2025-01-28 06:55:00,6,55,1,2.6491501236585453,4.205026920911516,3.1800200400484044,1.8091881315959415
2025-01-28 07:00:00,7,0,1,3.6152873716532423,3.8190817572573854,3.3441964780521247,2.710960316405311
2025-01-28 07:05:00,7,5,1,2.8722005098281835,4.186565740818439,3.3869254950546304,2.401795011903221
2025-01-28 07:10:00,7,10,1,2.2989235653724287,3.8608709099759606,3.3069534639053564,2.2513177777591458
2025-01-28 07:15:00,7,15,1,2.893006461581642,3.811812809471423,3.606253206168863,2.6451118883933877
2025-01-28 07:20:00,7,20,1,3.190763010744188,4.1064232268372765,3.5681445312653848,2.3151449183339676
2025-01-28 07:25:00,7,25,1,3.115587994230329,4.243174712439796,3.439552430025988,2.9787804350263527
2025-01-28 07:30:00,7,30,1,4.2569256428484765,4.097602697275202,3.07367498687013,3.0657673841285917
2025-01-28 07:35:00,7,35,1,4.432596920775038,4.004160804754509,3.529915953835264,2.445962083007049
2025-01-28 07:40:00,7,40,1,3.6484567204981655,4.062030765220301,3.786013501640503,1.8798201792824898
2025-01-28 07:45:00,7,45,1,4.785427424413768,4.027285383613456,3.914095872373925,3.0573177486845142
2025-01-28 07:50:00,7,50,1,5.380892464138971,3.774809820772921,3.82639186023773,1.869314389326785
2025-01-28 07:55:00,7,55,1,5.761166791808657,3.751475971011017,3.729250339340145,2.9937995674056053
2025-01-28 08:00:00,8,0,1,6.432606011542981,3.984234824105309,3.9628246363207267,2.077573225832082
2025-01-28 08:05:00,8,5,1,4.736736256883617,4.015971367153861,3.8049070494809016,3.0386711208337442
2025-01-28 08:10:00,8,10,1,6.7851062966658375,4.002266475673546,3.5088397155938056,2.064189633163084
2025-01-28 08:15:00,8,15,1,5.378599135941627,4.135220322729983,3.74859577781748,2.8161573905955253
2025-01-28 08:20:00,8,20,1,5.439531635820205,3.956904656767132,3.458237550702229,2.142782963240853
2025-01-28 08:25:00,8,25,1,6.076632671074745,4.112595836380971,3.794561625210849,2.269357340313473
2025-01-28 08:30:00,8,30,1,5.7965836230407,3.97108264653471,3.6192040179616614,2.9674499065038837
2025-01-28 08:35:00,8,35,1,6.458756792163855,4.364671792407293,3.0023605709143943,2.772329199390776
2025-01-28 08:40:00,8,40,1,5.767837502996741,4.016142745345289,3.43802539090406,2.4458040148046276
2025-01-28 08:45:00,8,45,1,6.474081849968972,4.468144522305136,3.654294930359848,2.268584790575753
2025-01-28 08:50:00,8,50,1,7.398693193337444,4.070402318218173,3.147494258921407,1.9647415683907967
2025-01-28 08:55:00,8,55,1,6.886599912107114,3.957264565882357,3.8695288128257643,2.388498344467311
2025-01-28 09:00:00,9,0,1,7.141865705235417,3.820110404748065,3.6709821237072098,2.3544903775355035
2025-01-28 09:05:00,9,5,1,7.4612689229562115,3.711422285188461,3.151471848987513,2.695693782981742
2025-01-28 09:10:00,9,10,1,7.95810418276007,3.801711543120769,3.598388772117447,2.428930253803772
2025-01-28 09:15:00,9,15,1,6.690785718695056,3.824078738167202,3.5905688190324403,2.211854633126799
2025-01-28 09:20:00,9,20,1,7.952706457108498,4.078964004082436,3.8181799323665935,2.8877183915603424
2025-01-28 09:25:00,9,25,1,7.664775261307935,3.8947669257879625,3.727791371401076,2.388404272271899
2025-01-28 09:30:00,9,30,1,8.01685235056827,4.0373854105108995,3.5178040384050226,2.970650934440429
2025-01-28 09:35:00,9,35,1,8.594421127556016,4.256395672475337,3.8843498652833532,3.0981607271526177
2025-01-28 09:40:00,9,40,1,7.594427117183995,3.9824383296730295,3.265844344006048,2.23893631480386
2025-01-28 09:45:00,9,45,1,7.808373902303908,4.41583133969336,3.5403110862746328,2.62206872718889
2025-01-28 09:50:00,9,50,1,7.466199478271956,3.7648378039321604,3.457313250482131,2.383094671649378
2025-01-28 09:55:00,9,55,1,8.274539235847579,3.9698832903250145,3.8802185548487387,2.472780372835858
2025-01-28 10:00:00,10,0,1,9.325470210033794,3.892137415277804,2.756957716416335,1.780062182612895
2025-01-28 10:05:00,10,5,1,8.706973962838344,4.187301321211401,3.0494128650267003,2.6005304969823375
2025-01-28 10:10:00,10,10,1,8.200045883954823,3.5520416739267757,2.8048112512509644,1.937025186265388
2025-01-28 10:15:00,10,15,1,8.72588804303936,3.7113769421644376,3.480960955053208,1.9031438540323062
2025-01-28 10:20:00,10,20,1,8.319147018621187,3.9785306355098076,3.091092168254281,2.3751821445182464
2025-01-28 10:25:00,10,25,1,8.590521740328889,4.3102755442018985,2.8097042638192358,1.9381479555956878
2025-01-28 10:30:00,10,30,1,9.433204780244724,4.045168366807461,2.903126813273092,1.6964209274065616
2025-01-28 10:35:00,10,35,1,8.73314202967497,3.729690509147153,3.313873189137725,1.8829191323060268
2025-01-28 10:40:00,10,40,1,9.953243360460734,3.760566681461954,2.8247508648356217,1.9111132223859157
2025-01-28 10:45:00,10,45,1,9.433741149535887,4.33459794056899,3.185766281030821,2.022578707401576
2025-01-28 10:50:00,10,50,1,9.579966859454533,3.8757730402407518,2.8416667389139274,2.0818299689830106
2025-01-28 10:55:00,10,55,1,9.46131206005534,3.8114073255100474,3.1625189395497144,1.9952470824194486
2025-01-28 11:00:00,11,0,1,10.045682182162544,4.295474512126172,2.953047814226868,2.203175187676444
2025-01-28 11:05:00,11,5,1,10.10500064202112,4.202219401117398,2.9641629506973115,2.321638301258005
2025-01-28 11:10:00,11,10,1,9.930487247155419,4.254811928653359,2.8484730255819377,1.8438173068478416
2025-01-28 11:15:00,11,15,1,10.090247356986128,3.8099916239468365,2.819240643983131,1.9522307086620034
2025-01-28 11:20:00,11,20,1,9.742032695161868,3.6949788717971277,3.000500812273264,1.7348728180854371
2025-01-28 11:25:00,11,25,1,10.15471660813213,4.026633297872541,3.019351453582837,2.113070837457191
2025-01-28 11:30:00,11,30,1,9.7455097260012,4.067025226614732,2.706901689041394,1.895765714723823
2025-01-28 11:35:00,11,35,1,9.941679193304397,4.072920360740967,3.113497145713796,1.782116146824816
2025-01-28 11:40:00,11,40,1,9.824625106234306,4.2956367871278,2.9368042956173075,2.217636713786759
2025-01-28 11:45:00,11,45,1,9.749979962726437,3.65324658199835,3.3590365526252035,2.0879830422498253
2025-01-28 11:50:00,11,50,1,9.645926316957683,4.171939010259553,2.9661493428344774,1.8997203958728546
2025-01-28 11:55:00,11,55,1,10.231465322728534,3.7806749911705366,3.1821508197543094,2.226681279823134
2025-01-28 12:00:00,12,0,1,10.655302956406732,4.171147064172168,2.7687128405764705,2.1820853631887864
2025-01-28 12:05:00,12,5,1,10.583171256633872,3.9050086590957247,2.8785907396547556,1.8280888452095514
2025-01-28 12:10:00,12,10,1,9.36219954784586,3.8372056408218977,2.9692711592899146,2.198322648512473
2025-01-28 12:15:00,12,15,1,10.623190758089471,3.8780194586101597,3.061881064967934,2.056466332958163
2025-01-28 12:20:00,12,20,1,9.80286773010849,3.7108779598446873,3.070488330799936,2.0935316037380725
2025-01-28 12:25:00,12,25,1,10.240929889795993,4.008085787966693,2.977169756494707,2.126377753078397
2025-01-28 12:30:00,12,30,1,9.4613409477145,3.8454653218679087,2.868063560804993,2.1302015301891055
2025-01-28 12:35:00,12,35,1,9.95460506161461,4.157259646180056,3.171397069566798,2.1398273189133956
2025-01-28 12:40:00,12,40,1,10.004939121570535,4.128011216206583,3.1502057663388197,2.092973128046029
2025-01-28 12:45:00,12,45,1,9.065550408072477,4.337631410580558,3.2346885830685226,1.5456772432042676
2025-01-28 12:50:00,12,50,1,10.067093654371428,4.073265496708215,3.1707491915130324,2.395091505431575
2025-01-28 12:55:00,12,55,1,10.386388202051771,4.104135553416015,2.8756209050082284,1.8532540283274992
2025-01-28 13:00:00,13,0,1,9.57193429004987,4.280019962365563,3.2572638025947604,1.8146521321041436
2025-01-28 13:05:00,13,5,1,10.280582609273292,3.8744674607946608,2.8666551374849094,2.033989703939559
2025-01-28 13:10:00,13,10,1,9.442322760756067,3.7023483574353935,2.840209757969388,2.175004900398712
2025-01-28 13:15:00,13,15,1,9.894093560474365,4.040018811825679,2.841839575548564,2.072126669541336
2025-01-28 13:20:00,13,20,1,8.287641224883535,3.715473306157119,3.0568964925993014,2.332777614481694
2025-01-28 13:25:00,13,25,1,10.529467582484717,4.490787734585078,3.233060373259146,1.8940944917092692
2025-01-28 13:30:00,13,30,1,9.986524447734347,4.2910996584157886,2.7471015187055507,2.1675937683954873
2025-01-28 13:35:00,13,35,1,9.01080203906763,4.432795266660316,2.8693218330493346,1.9328646524192497
2025-01-28 13:40:00,13,40,1,8.077033357044591,4.012489395332626,2.788034461987273,2.1358023861573665
2025-01-28 13:45:00,13,45,1,9.112741599479628,4.11011471874032,2.8707013767124985,1.9929916623394424
2025-01-28 13:50:00,13,50,1,8.14814555824534,3.908104913609471,2.996099386821507,2.0367121239827823
2025-01-28 13:55:00,13,55,1,8.989694325853822,4.17658496111735,3.1323277003439296,1.9514359256211558
2025-01-28 14:00:00,14,0,1,8.866036897426529,3.7568913575897884,2.8517144836226915,1.6280910732489107
2025-01-28 14:05:00,14,5,1,8.078417122228451,3.4913813621050442,3.020525925873534,1.9686001918763942
2025-01-28 14:10:00,14,10,1,8.994397969936047,3.841857876102287,2.8579054339758017,2.0125104924305073
2025-01-28 14:15:00,14,15,1,8.717483474428539,3.708905304876537,3.171196534522977,2.222377616989436
2025-01-28 14:20:00,14,20,1,8.679432111534199,4.295585347231907,2.6929725163151215,1.927827739796933
2025-01-28 14:25:00,14,25,1,8.068874894509275,4.363135491016063,3.1922050424796855,2.3192082069046047
2025-01-28 14:30:00,14,30,1,7.225771369455498,3.719414185517378,2.8365472693683165,2.2756645858465157
2025-01-28 14:35:00,14,35,1,8.287780967034386,4.2583431215042475,2.7299807435530763,2.229656912623989
2025-01-28 14:40:00,14,40,1,7.525258731621884,4.190276996700154,2.943648733558932,2.3125646531287503
2025-01-28 14:45:00,14,45,1,6.82350800319344,3.686044663056225,2.907193756748941,1.9380218546479322
2025-01-28 14:50:00,14,50,1,8.048793051088403,3.9219464938136763,2.9733214741592304,1.6925899690554214
2025-01-28 14:55:00,14,55,1,8.273343380848814,3.883967255575096,2.647505465848268,2.1020308386081425
2025-01-28 15:00:00,15,0,1,7.050443747375874,4.14959907972544,3.197692469470671,2.1215155005682207
2025-01-28 15:05:00,15,5,1,7.994691135124336,3.7542441298189972,2.7492048771642956,2.096037749014408
2025-01-28 15:10:00,15,10,1,6.801559440462278,3.9802254748681034,2.801959205259259,2.081530541644733
2025-01-28 15:15:00,15,15,1,6.403230198917513,3.862813099210076,3.2262598290404876,2.073493370667004
2025-01-28 15:20:00,15,20,1,6.112646869772656,4.094668236677029,3.2937067804483866,1.970002505729451
2025-01-28 15:25:00,15,25,1,7.0777759258369635,3.956641593662414,2.956670135739127,2.013470259556156
2025-01-28 15:30:00,15,30,1,5.697542349393323,3.892950859211921,2.7314717832402517,1.9194097848765765
2025-01-28 15:35:00,15,35,1,6.280731138623316,3.9573406848735844,2.936973366051987,1.9432000113426238
2025-01-28 15:40:00,15,40,1,5.456182445980859,4.4072085665680225,3.0536582334326825,1.7039341760353417
2025-01-28 15:45:00,15,45,1,5.32554894890884,3.916620072776122,2.7708772032279,2.2264139193276944
2025-01-28 15:50:00,15,50,1,5.888120930453021,3.791798956343243,2.598550355187238,2.1232742137745686
2025-01-28 15:55:00,15,55,1,4.997714158460541,4.116686713831193,2.9252880638404632,2.0320244963326903
2025-01-28 16:00:00,16,0,1,4.797602310289853,3.9712950661154087,3.311619757066788,1.9737634428269355
2025-01-28 16:05:00,16,5,1,5.376290037781284,3.7169532138267054,3.125077601101154,2.011713393536383
2025-01-28 16:10:00,16,10,1,5.416184778961151,4.4462992670404935,2.978124766049339,1.9533649404319275
2025-01-28 16:15:00,16,15,1,4.74523180383213,3.9295042108826705,3.1402116697012454,1.8536796267757318
2025-01-28 16:20:00,16,20,1,3.8987977295950245,3.92442610920773,2.7735953622897473,2.0148949946862174
2025-01-28 16:25:00,16,25,1,3.7721626489385796,4.0319670703816195,3.038556800717699,1.635168366920208
2025-01-28 16:30:00,16,30,1,3.8667919555209176,4.346023353841768,2.9979025142778672,1.7546246157570977
2025-01-28 16:35:00,16,35,1,3.7848454137998506,3.664050934696201,3.125368621489564,1.6392630288206733
2025-01-28 16:40:00,16,40,1,2.926268478186799,4.055197169884108,3.385015165972618,1.9323603166728345
2025-01-28 16:45:00,16,45,1,3.57591362282155,4.417454432358726,2.8270076103025374,1.9434055079263612
2025-01-28 16:50:00,16,50,1,3.0498146598625326,4.02574573614793,3.1112541717267783,2.1780940178469876
2025-01-28 16:55:00,16,55,1,1.9404359809908538,3.752933204139304,2.9451377379950325,1.712261917037562
2025-01-28 17:00:00,17,0,1,2.1237272097948448,3.8763206294078696,2.757540573275564,2.057277539748149
2025-01-28 17:05:00,17,5,1,2.1247945864359017,4.041376505951358,3.1974654259020903,2.223495050316824
2025-01-28 17:10:00,17,10,1,2.1279672949605,4.266160783127972,3.033618515082156,2.1934599132362846
2025-01-28 17:15:00,17,15,1,2.895542617913284,3.932132831116788,3.3824698435184004,2.2380695425472585
2025-01-28 17:20:00,17,20,1,1.8555674297391211,4.165330359486486,3.1844075802808742,1.838688563381543
2025-01-28 17:25:00,17,25,1,1.1008479169498537,3.712926234590622,3.1925239240856005,2.0922464955777493
2025-01-28 17:30:00,17,30,1,1.4155773243540974,3.711256326080989,3.130129125673428,2.2522212557889025
2025-01-28 17:35:00,17,35,1,0.9126248747927097,3.90343986226301,3.071711569673638,1.9794907338677075
2025-01-28 17:40:00,17,40,1,1.0339365472433528,4.287605744374653,2.786026838467816,1.940696736470935
2025-01-28 17:45:00,17,45,1,0.9443151358192385,4.0137749279027535,3.042570453432537,2.0555238680365058
2025-01-28 17:50:00,17,50,1,1.0408091972653342,4.057962239113324,3.048775259734065,2.191901971952209
2025-01-28 17:55:00,17,55,1,0.20600560251059483,4.055615919114706,3.1730729400434243,1.9875823517086806
2025-01-28 18:00:00,18,0,1,0.8194802637999178,4.221841596517346,3.2458213677632157,2.6150073810332715
2025-01-28 18:05:00,18,5,1,0.4540113312680956,3.8779558614924294,4.173901264284637,2.596372832583713
2025-01-28 18:10:00,18,10,1,0.0,4.137657021697646,3.4112228142880343,2.6607508457401483
2025-01-28 18:15:00,18,15,1,1.104927832874232,3.833823467228974,3.6787208776283817,2.6753951801217326
2025-01-28 18:20:00,18,20,1,0.16349725663504883,4.3966545311841525,3.9118640585137103,2.615827887086041
2025-01-28 18:25:00,18,25,1,0.0,3.839921779140662,3.8976236706231044,2.569070234121253
2025-01-28 18:30:00,18,30,1,0.8264565256152109,3.8235221393842758,3.953749480252662,2.862020558721881
2025-01-28 18:35:00,18,35,1,1.0388887925992223,4.10993396269761,3.7765398234658702,2.73675572072887
2025-01-28 18:40:00,18,40,1,0.0,4.015957686286464,4.190455303121126,2.8229852765999297
2025-01-28 18:45:00,18,45,1,0.0,4.065370481252187,3.2452048986126463,2.573770165440496
2025-01-28 18:50:00,18,50,1,0.0,4.045462759098464,3.4205849695318213,3.119342895039385
2025-01-28 18:55:00,18,55,1,0.3573658637588499,3.781921560238512,3.8754312678786373,3.1095853073863258
2025-01-28 19:00:00,19,0,1,0.638928327515257,4.3226717858158965,3.2720016415295654,2.8305024035649886
2025-01-28 19:05:00,19,5,1,0.28524366543178675,4.178708441177822,3.09064130508919,2.0223602997586054
2025-01-28 19:10:00,19,10,1,0.05086160423588489,4.271789990253423,3.380913160257772,2.9537125412487115
2025-01-28 19:15:00,19,15,1,0.7490058851522138,3.894333822177915,3.2022154877138265,2.494956445953027
2025-01-28 19:20:00,19,20,1,0.0,4.083304708943034,3.856652860461766,2.753923948347791
2025-01-28 19:25:00,19,25,1,0.5154596691834535,4.039473692446938,4.164855973613858,2.5010115976629583
2025-01-28 19:30:00,19,30,1,0.0,4.225600525240302,3.3675111366108,2.171655675676307
2025-01-28 19:35:00,19,35,1,0.21551147900544657,4.2320496263659235,3.38960001796478,2.1689203122442287
2025-01-28 19:40:00,19,40,1,0.0,4.038610160591623,2.9610664160271156,3.0890177744026266
2025-01-28 19:45:00,19,45,1,0.0,3.6964097736313497,3.5146720397826177,3.277440061368738
2025-01-28 19:50:00,19,50,1,0.0,4.355932377417538,3.2482134689982547,2.371357417388797
2025-01-28 19:55:00,19,55,1,0.6724270155903472,4.111197486738027,3.2673892964728686,2.3077731805021706
2025-01-28 20:00:00,20,0,1,0.0,3.878312591721772,3.762081123262833,2.6698971898793125
2025-01-28 20:05:00,20,5,1,0.0,4.081308427653339,3.7626228276253286,2.902681477645582
2025-01-28 20:10:00,20,10,1,1.0604967829225547,3.6977812903094955,3.832206513250245,2.197453076667404
2025-01-28 20:15:00,20,15,1,0.4889237823271657,4.211070613494209,3.342854430899292,2.536444843021491
2025-01-28 20:20:00,20,20,1,0.0,3.7057576511441694,4.618350003428956,2.7317200426394126
2025-01-28 20:25:00,20,25,1,0.0,3.9558331015925834,3.532006642522037,2.7019824165237254
2025-01-28 20:30:00,20,30,1,0.0,4.04889088992111,3.3190657836767437,2.5787276533006915
2025-01-28 20:35:00,20,35,1,0.0,4.207767942396419,3.786398655443022,2.491301294637598
2025-01-28 20:40:00,20,40,1,0.0,4.021308935286875,3.2730340237858435,2.4766377841960923
2025-01-28 20:45:00,20,45,1,0.0,4.12699257472251,3.404127017421145,2.092861774098731
2025-01-28 20:50:00,20,50,1,0.0,3.994366618310089,3.3285343519422175,2.0821561641008666
2025-01-28 20:55:00,20,55,1,0.029952628398219192,3.9935628098111433,3.128961532851193,2.157716653640059
2025-01-28 21:00:00,21,0,1,0.0,4.017095450069659,3.7860353894677585,2.94674951900785
2025-01-28 21:05:00,21,5,1,0.041455926586019966,3.962188415829525,3.039176096888532,2.9740550998823467
2025-01-28 21:10:00,21,10,1,0.0,3.662685951383713,3.1620217481118362,2.7240640281917075
2025-01-28 21:15:00,21,15,1,0.7509764825942978,3.8463353012606745,3.5775675712298916,2.690755463413856
2025-01-28 21:20:00,21,20,1,0.7056784308728125,4.04895496822234,3.1502770841567114,1.9562928151983683
2025-01-28 21:25:00,21,25,1,0.3926728015051415,3.950175799302256,3.2591274769602285,2.628060594988197
2025-01-28 21:30:00,21,30,1,0.0,3.968838183563619,4.087071252645758,2.191082920694176
2025-01-28 21:35:00,21,35,1,0.9926901976301467,3.935329266112257,3.470348754005507,2.2752762404471145
2025-01-28 21:40:00,21,40,1,0.0,3.8272803214536366,3.4948321451670967,1.9207643916911015
2025-01-28 21:45:00,21,45,1,0.0,3.901380107804741,3.9494130006169703,2.5072108234858916
2025-01-28 21:50:00,21,50,1,0.0,3.9386336511222813,3.7751496991958255,2.430339392989268
2025-01-28 21:55:00,21,55,1,1.1270190544605596,4.00102862810837,3.557188422838083,2.838661747794024
2025-01-28 22:00:00,22,0,1,0.0,4.0786756688939425,3.026343364618845,2.033541264823091
2025-01-28 22:05:00,22,5,1,0.0,3.963889941822852,2.8412117914749,1.8931152876641801
2025-01-28 22:10:00,22,10,1,0.0,3.7940689488615162,2.797436872431813,1.852396482304067
2025-01-28 22:15:00,22,15,1,0.4729647926351892,3.720383592016243,3.2502458220928334,2.3617218620014278
2025-01-28 22:20:00,22,20,1,0.4765881271646769,4.519487441475045,2.750545023074122,2.0790343570073553
2025-01-28 22:25:00,22,25,1,0.39453760069995497,3.7740369939470875,2.9364617219599114,2.2793937133431528
2025-01-28 22:30:00,22,30,1,0.0,3.8962749997471233,3.026972043635584,1.9985048590518264
2025-01-28 22:35:00,22,35,1,0.0,4.103400060502787,2.8510461375680527,1.6936439921815172
2025-01-28 22:40:00,22,40,1,0.0,4.072172121913137,3.1521876965498974,2.0705957149502887
2025-01-28 22:45:00,22,45,1,0.04193625088046682,4.104173138512315,3.0754888281040857,1.8801345794682804
2025-01-28 22:50:00,22,50,1,0.0,3.911456586093565,2.9708463108979926,2.158214197222717
2025-01-28 22:55:00,22,55,1,0.0,4.047711614127909,3.1964225259462227,1.764305676816294
2025-01-28 23:00:00,23,0,1,0.0,4.012268732848173,2.8733303858997203,1.7220233155855715
2025-01-28 23:05:00,23,5,1,0.0,3.9375737264917428,3.040252882518673,2.1768676624206456
2025-01-28 23:10:00,23,10,1,0.0,4.049081948354268,2.944256896590116,1.8674286738000572
2025-01-28 23:15:00,23,15,1,0.23322229842013065,4.211073109350141,2.9329396292389416,2.4612626629952974
2025-01-28 23:20:00,23,20,1,0.03952390107513961,3.995559955312935,3.23838561998471,2.1461994345459323
2025-01-28 23:25:00,23,25,1,0.0,3.9968905692712853,3.0640135791165344,1.9974517070761904
2025-01-28 23:30:00,23,30,1,0.09150646415574103,4.213632206975197,2.818673567180924,1.7876619151383937
2025-01-28 23:35:00,23,35,1,0.0,4.192272071963763,2.886417864697358,1.8092440240395933
2025-01-28 23:40:00,23,40,1,0.05263931195483897,4.316787288192697,2.878437407596031,1.9796208747760844
2025-01-28 23:45:00,23,45,1,0.07530124642231689,3.6487539531040847,2.9949396822874084,1.8759237449231052
2025-01-28 23:50:00,23,50,1,0.0,4.181023836633878,3.099041910928041,1.9621987255703233
2025-01-28 23:55:00,23,55,1,0.497846877185181,4.120316009080436,3.042939726235636,1.8510819230132851
2025-01-29 00:00:00,0,0,2,0.0,3.822869520449347,3.1385745109020013,1.8930307799496833
2025-01-29 00:05:00,0,5,2,0.04515489960321748,4.050317583599769,3.321710847347731,1.9550017291817665
2025-01-29 00:10:00,0,10,2,0.5822058702676352,4.210224349551599,2.9810631877010954,2.1187176972684454
2025-01-29 00:15:00,0,15,2,0.4628383788569347,3.83416821550292,3.162370038690997,2.183918736038266
2025-01-29 00:20:00,0,20,2,0.01716669428441774,4.088512485804562,3.355117606602794,2.1323771046808067
2025-01-29 00:25:00,0,25,2,0.0,4.174270735146203,2.986602702231057,1.8940708169196365
2025-01-29 00:30:00,0,30,2,0.4737559542877836,3.7857960874937024,2.9732343433600645,2.2968032980857767
2025-01-29 00:35:00,0,35,2,0.33734748890430993,3.9715428615109705,2.7226067393955264,1.836198376708181
2025-01-29 00:40:00,0,40,2,0.0,4.060193675328482,2.9562026512932875,1.8335369060906521
2025-01-29 00:45:00,0,45,2,0.0,3.840773698891409,2.91824560303157,2.3612469076693023
2025-01-29 00:50:00,0,50,2,0.0,3.824169360181291,2.9403813920740083,2.082329713032589
2025-01-29 00:55:00,0,55,2,0.0770159208417937,3.972991079627445,2.668360630000853,1.7795125461363073
2025-01-29 01:00:00,1,0,2,0.0,4.1603279433807385,3.1865367219244,2.333605687708978
2025-01-29 01:05:00,1,5,2,0.5680956873212711,4.128746800238422,3.044282119457705,1.938796748122067
2025-01-29 01:10:00,1,10,2,0.17952754674018334,3.8277174541627317,3.099232326177762,1.4805130967562499
2025-01-29 01:15:00,1,15,2,0.6671145970863452,4.130433577023137,3.0458242687036083,1.7907778799784997
2025-01-29 01:20:00,1,20,2,0.0,3.8328120447666985,3.1588185964448083,1.5615402183638112
2025-01-29 01:25:00,1,25,2,0.5690751654838092,3.677966040401313,2.874324804818144,1.991804832378401
2025-01-29 01:30:00,1,30,2,0.0,3.926571285790554,2.8476417634088094,1.9249031199623716
2025-01-29 01:35:00,1,35,2,0.38879803089613607,4.224593874317147,3.1808868701353017,1.9951007970965484
2025-01-29 01:40:00,1,40,2,0.0,4.131192110428275,2.813883839007085,2.1880800132015583
2025-01-29 01:45:00,1,45,2,0.11756764968309426,3.999685638525361,3.0501961738142325,2.0584974959169995
2025-01-29 01:50:00,1,50,2,0.0,3.9166589032817885,2.821497794954379,1.4904786654675894
2025-01-29 01:55:00,1,55,2,0.0,3.9220475727767137,2.8187737533287254,1.7984262843929033
2025-01-29 02:00:00,2,0,2,0.2201769969389568,4.021756981172159,2.8773406085638555,1.831628866801539
2025-01-29 02:05:00,2,5,2,0.0,3.7863125028308344,3.0225397018093934,2.1761754942091405
2025-01-29 02:10:00,2,10,2,0.0,3.9303785309597408,3.215232285470576,2.167442371672726
2025-01-29 02:15:00,2,15,2,0.42305923464796685,3.9568861077280464,2.8204750048376592,2.0117801586639676
2025-01-29 02:20:00,2,20,2,0.0,3.7297851083097004,3.3130331696340107,1.683053133405418
2025-01-29 02:25:00,2,25,2,0.0,3.832310349820485,3.2696460088850263,1.800779332722064
2025-01-29 02:30:00,2,30,2,0.02094796057713824,4.082101358297276,3.0587530575168165,2.0825570233938056
2025-01-29 02:35:00,2,35,2,1.3183345709727943,4.001902367988198,3.0379826073138942,2.4456945788405156
2025-01-29 02:40:00,2,40,2,0.5767514248907719,3.9382476417613232,2.9398336199057415,1.6721024250152716
2025-01-29 02:45:00,2,45,2,0.5812868340939201,3.8177145124924072,3.071289413505369,1.9659920030551081
2025-01-29 02:50:00,2,50,2,0.217773159496182,4.315369965117844,3.1109602416438347,2.1764190483747465
2025-01-29 02:55:00,2,55,2,0.08324263628857353,3.8324041570641363,2.9932620656591076,2.0872620861284594
2025-01-29 03:00:00,3,0,2,0.0,4.050318561452348,3.028847586447406,2.3583774888149422
2025-01-29 03:05:00,3,5,2,0.0,3.902426182385241,2.9258876494264667,1.8625859603980275
2025-01-29 03:10:00,3,10,2,0.0,4.007255858527667,3.1761461806222457,1.8141640369314567
2025-01-29 03:15:00,3,15,2,0.0,4.091521948388074,3.0784315611165094,1.9660821692661692
2025-01-29 03:20:00,3,20,2,0.0,3.725948682158423,2.9797358630916135,2.487460924802034
2025-01-29 03:25:00,3,25,2,0.0,3.9986767511693024,3.2468173489844467,2.2043159066638864
2025-01-29 03:30:00,3,30,2,0.0,4.238145729795969,3.1061141280953946,1.861697175711965
2025-01-29 03:35:00,3,35,2,0.40938298542440804,4.3523003786984,3.0522963373475442,2.116664860165734
2025-01-29 03:40:00,3,40,2,0.5533872593121644,3.9739972053489736,3.039797086027874,2.0189500654687924
2025-01-29 03:45:00,3,45,2,0.20739223103962057,4.008336241443382,2.920510140242119,2.0546917299362564
2025-01-29 03:50:00,3,50,2,0.0,4.442266605720307,2.8948857297092947,2.140684635913452
2025-01-29 03:55:00,3,55,2,0.0,4.22698485631984,2.5968457597684727,2.2717487132899885
2025-01-29 04:00:00,4,0,2,0.0,3.8765430861489563,2.737666819626422,1.7865489951860885
2025-01-29 04:05:00,4,5,2,0.0,3.8762033098227753,3.0817708371243357,2.1079883660709324
2025-01-29 04:10:00,4,10,2,0.0,4.191309892357454,3.4156555952808736,2.059256905861825
2025-01-29 04:15:00,4,15,2,0.0,3.797792573990854,2.991909046801433,2.038259875708565
2025-01-29 04:20:00,4,20,2,0.0,4.217545350267771,3.3180975522575555,2.484879998132876
2025-01-29 04:25:00,4,25,2,0.16948794683413074,4.066859992750202,2.963039940218203,2.1085544832344225
2025-01-29 04:30:00,4,30,2,0.0,4.103544152805415,2.9851221631008946,1.9811467317492268
2025-01-29 04:35:00,4,35,2,0.0052728558705128,3.9486532393039893,3.3758101247729533,1.814853655227302
2025-01-29 04:40:00,4,40,2,0.5701252763356024,3.874035039150718,2.5331437582233343,2.0634888718093105
2025-01-29 04:45:00,4,45,2,0.0,4.292398566173664,3.240201305752415,2.043979325250206
2025-01-29 04:50:00,4,50,2,0.20935228914618417,3.950652543889305,3.1004407102416023,2.1504786762253785
2025-01-29 04:55:00,4,55,2,0.0,3.9178129846852277,3.022182214681921,2.111261524689665
2025-01-29 05:00:00,5,0,2,0.0,3.9839725864240383,3.107922379730732,1.6082790805521026
2025-01-29 05:05:00,5,5,2,0.44262816043298014,4.038604426543588,3.022773378745958,1.6854434334081003
2025-01-29 05:10:00,5,10,2,0.4395070772785037,3.7938349746561104,2.9923656989785155,1.9009438102321132
2025-01-29 05:15:00,5,15,2,0.0,3.887025701158618,3.2068022508735656,2.0488825518419995
2025-01-29 05:20:00,5,20,2,0.0,3.8763935852187883,3.0946385692176457,1.96170985640755
2025-01-29 05:25:00,5,25,2,0.14060584129203268,4.16905606092137,3.2104362525212724,1.6805349318954532
2025-01-29 05:30:00,5,30,2,0.0,3.822807486400022,2.820899509575732,2.2572614243217606
2025-01-29 05:35:00,5,35,2,0.29251066614389915,3.6488464284483895,2.912870300173563,1.5708335989658229
2025-01-29 05:40:00,5,40,2,0.1405960089551377,3.6065810874187694,3.2905282553227773,2.2153872142719595
2025-01-29 05:45:00,5,45,2,0.9162806201780063,3.7059239730648565,3.1421938813221466,2.0188812013903403
2025-01-29 05:50:00,5,50,2,0.0,4.272307640569622,3.3321494036317394,2.2517236858125003
2025-01-29 05:55:00,5,55,2,0.0,4.00324131989681,3.309571213758402,2.139100096089446
2025-01-29 06:00:00,6,0,2,0.0,4.100249817361441,3.024559170250216,1.9201670257970402
2025-01-29 06:05:00,6,5,2,0.5202025780651325,4.107297545424266,2.7462152315068256,2.100409123093269
2025-01-29 06:10:00,6,10,2,0.0,4.011236783678464,3.117071466959121,1.9300437336185352
2025-01-29 06:15:00,6,15,2,0.827187647413874,3.9850437406697385,3.1227362056233265,1.9335644336801712
2025-01-29 06:20:00,6,20,2,0.5565332118024102,4.2089052859636285,3.173485538269392,1.8235785413714563
2025-01-29 06:25:00,6,25,2,0.7215878154591394,4.029199182862528,2.7889776929982597,1.9518842545562705
2025-01-29 06:30:00,6,30,2,0.5820128204301721,4.279819495852683,3.1657570791004574,1.7682429070681953
2025-01-29 06:35:00,6,35,2,1.288695888798663,4.124165989057973,3.209937403801839,1.6714823731229576
2025-01-29 06:40:00,6,40,2,2.278732041814767,3.8764407453037943,2.950650824881142,1.7173847745794717
2025-01-29 06:45:00,6,45,2,1.9383088783965425,3.9005731952260128,2.4780201271633535,2.073290360955051
2025-01-29 06:50:00,6,50,2,2.4782363483182652,3.8545070387091442,2.964437778273777,1.720580213433902
2025-01-29 06:55:00,6,55,2,3.209179834244869,4.243509604390143,2.896677228403044,2.0883650453858627
2025-01-29 07:00:00,7,0,2,2.7200682434364953,3.9189898094108893,3.3895550999032493,2.4403956653294805
2025-01-29 07:05:00,7,5,2,2.5188903542787493,3.8403054406400736,3.380463028903085,2.325309360571012
2025-01-29 07:10:00,7,10,2,3.2406841026341273,4.063955608225364,3.3213988175770766,2.312590790111279
2025-01-29 07:15:00,7,15,2,2.94224657987447,3.9805665787254996,3.274057137178078,2.194811620692759
2025-01-29 07:20:00,7,20,2,3.167990091608102,4.058913702515032,3.3860863046846514,2.308021644301595
2025-01-29 07:25:00,7,25,2,2.8644339830275243,4.377962780778769,3.178490410845292,2.729804396607086
2025-01-29 07:30:00,7,30,2,4.289963069193094,4.182614161185772,3.8697907915750145,2.49996916761898
2025-01-29 07:35:00,7,35,2,3.8344656107626514,4.0054021108603814,3.519941896379252,2.2922308102391207
2025-01-29 07:40:00,7,40,2,4.317231740314926,3.7183153231587984,3.8201094070372994,3.021454334522902
2025-01-29 07:45:00,7,45,2,3.904905937886694,3.900007500558273,3.4508618512923013,2.3435660414822435
2025-01-29 07:50:00,7,50,2,4.835459947208075,4.142209220509061,3.6024425797864534,2.538679313211517
2025-01-29 07:55:00,7,55,2,4.428917070126335,3.765791792067637,3.3499533573628133,2.6413587499097053
2025-01-29 08:00:00,8,0,2,4.929145639149087,4.428194059266071,3.7814472822169694,2.2642544796025663
2025-01-29 08:05:00,8,5,2,5.626645597224779,4.00288331252711,4.262610193914681,2.0401173528706518
2025-01-29 08:10:00,8,10,2,5.768375739584501,4.009769678641897,3.24449278209773,2.570190409090709
2025-01-29 08:15:00,8,15,2,5.544687293937551,3.8666709614084045,4.174061935512965,2.3312227924958124
2025-01-29 08:20:00,8,20,2,4.851698847157103,4.099347551355144,3.180276106221324,2.6647724435286237
2025-01-29 08:25:00,8,25,2,7.409501768666143,3.768399638695554,3.4254216776845787,2.6995767084863296
2025-01-29 08:30:00,8,30,2,6.960543775223774,4.432978517820292,3.4787658350298742,2.242850037361013
2025-01-29 08:35:00,8,35,2,6.620572134284741,4.2634702609304025,4.204662791124269,1.6136828202757842
2025-01-29 08:40:00,8,40,2,6.051274206069907,4.196859289039409,4.046071625104932,2.779978571270178
2025-01-29 08:45:00,8,45,2,6.536662070149706,3.721914198842038,3.276323212541836,3.06172603145013
2025-01-29 08:50:00,8,50,2,6.484191861268345,4.04108265409155,3.088574240226722,2.8024332886022574
2025-01-29 08:55:00,8,55,2,7.5470585273708855,4.241817279602801,2.875206466085867,2.1562365421088874
2025-01-29 09:00:00,9,0,2,7.202319257291393,4.118621079871548,3.155491452305637,2.2748030018713603
2025-01-29 09:05:00,9,5,2,6.83155769141764,3.799578179073245,3.5034743346135975,2.252207090767553
2025-01-29 09:10:00,9,10,2,7.137395818538849,3.869981248938269,2.8890767144906633,2.6390352306102036
2025-01-29 09:15:00,9,15,2,8.078992146074725,3.909612772398802,3.5146852768782435,2.622678202269454
2025-01-29 09:20:00,9,20,2,8.46049335460002,3.8793124331022786,3.551575372779793,2.7862705845955498
2025-01-29 09:25:00,9,25,2,8.563010612671938,4.305755767142061,3.477355294051669,2.8037561904430928
2025-01-29 09:30:00,9,30,2,8.31204943543934,3.615797372235349,3.2672910055696316,2.284398886198344
2025-01-29 09:35:00,9,35,2,7.9381336082735094,4.131183827931768,3.912811818619458,2.9067005974681868
2025-01-29 09:40:00,9,40,2,6.570763530225357,3.7415393250143096,3.6721226428342497,2.233267626142058
2025-01-29 09:45:00,9,45,2,8.463276134929563,3.8077497025097866,3.209110269411273,2.898419188708381
2025-01-29 09:50:00,9,50,2,8.433000078706808,3.5980533266262564,3.881799478273448,2.4809261926989623
2025-01-29 09:55:00,9,55,2,8.619109754890143,3.8901891137682267,4.202565478090956,2.637670021583842
2025-01-29 10:00:00,10,0,2,8.687202711360989,4.302146330307843,2.778560125193776,1.9448737800664218
2025-01-29 10:05:00,10,5,2,8.1041364761005,4.052964848492955,3.0010941156010746,2.017279727349823
2025-01-29 10:10:00,10,10,2,9.14881261020781,3.760327690600181,3.2500006435703415,1.8087422174671282
2025-01-29 10:15:00,10,15,2,9.284835572342809,4.203429534875863,2.7336975401775567,2.120464736601019
2025-01-29 10:20:00,10,20,2,9.404247261396328,4.246260852713737,2.898603098214829,2.484701224693365
2025-01-29 10:25:00,10,25,2,9.626403292981164,4.020809296207817,3.1886440762951267,1.894920709531952
2025-01-29 10:30:00,10,30,2,9.540821147573679,4.406949831630518,3.242570747756841,2.146082159016601
2025-01-29 10:35:00,10,35,2,9.11506398705853,4.164312824924923,3.126739429492656,1.9755512136823015
2025-01-29 10:40:00,10,40,2,9.361507783901038,4.136530501458518,3.084090170327693,1.579408419881467
2025-01-29 10:45:00,10,45,2,9.514863728577744,3.8393242585667418,3.2634178808444103,1.3127875220663956
2025-01-29 10:50:00,10,50,2,9.59101923203558,4.125479697124268,2.911575381194817,1.6808578893611932
2025-01-29 10:55:00,10,55,2,10.099607371845151,4.043358255520898,2.899829771753695,1.985176545517579
2025-01-29 11:00:00,11,0,2,9.981092639401929,4.103965800534206,2.7606412932167577,1.4451045514721517
2025-01-29 11:05:00,11,5,2,10.752092417917591,3.8630828761717337,3.0414131448282116,2.417287956405579
2025-01-29 11:10:00,11,10,2,10.86619456114167,4.025619776871797,2.9297439666299985,2.1918661912451602
2025-01-29 11:15:00,11,15,2,9.847677595339267,3.8366276999570084,3.3008769675113774,1.6199924150908402
2025-01-29 11:20:00,11,20,2,7.929749755892397,3.5705735800067937,2.908544969704336,1.7447228776622397
2025-01-29 11:25:00,11,25,2,10.50203133774124,4.199660913715677,2.838744592404367,2.3404023402293257
2025-01-29 11:30:00,11,30,2,9.644260444244576,3.6995222036620965,3.0447358972848386,2.157764720209035
2025-01-29 11:35:00,11,35,2,9.539821421307693,4.021437292956483,2.991220178807243,1.7578894708528912
2025-01-29 11:40:00,11,40,2,9.762724343422772,4.066600425889808,3.1356231394437413,2.2505150742885642
2025-01-29 11:45:00,11,45,2,9.755267708978732,4.065312603172611,3.0634748432337315,2.097824872351987
2025-01-29 11:50:00,11,50,2,10.296617120871273,3.94338418528035,2.753039722726643,2.1413727266298452
2025-01-29 11:55:00,11,55,2,9.217902381235978,4.054242295055995,3.2692027645852697,2.0809170948542905
2025-01-29 12:00:00,12,0,2,9.461139627104199,4.094193413957033,2.6406433508246216,2.3271259001550564
2025-01-29 12:05:00,12,5,2,10.169199547897799,4.146992963150397,2.811035221271247,2.077557365377982
2025-01-29 12:10:00,12,10,2,10.301954231025231,4.346688267876853,3.1905952537121838,2.215923664410199
2025-01-29 12:15:00,12,15,2,10.299360054854041,4.046838830299641,2.6399886376440307,2.0234434512145874
2025-01-29 12:20:00,12,20,2,9.568428841450805,4.012809769003541,3.010204322176522,2.2878056375453024
2025-01-29 12:25:00,12,25,2,9.451430557590076,3.818654206929981,3.091744708482126,2.289623532208992
2025-01-29 12:30:00,12,30,2,9.661131196844146,4.087189264779868,3.1079835199770307,1.9851667590877566
2025-01-29 12:35:00,12,35,2,10.003551480819969,4.133476620628114,3.0387718843076317,2.3047193834204927
2025-01-29 12:40:00,12,40,2,10.590816214758355,3.9615393631436744,2.74061363289975,2.1811909020241065
2025-01-29 12:45:00,12,45,2,8.78413421114693,4.108922500836807,2.8744768017558426,1.8315041831502594
2025-01-29 12:50:00,12,50,2,9.652595692720151,3.9414967612901317,3.2046852733232347,1.8233825489978013
2025-01-29 12:55:00,12,55,2,9.047081477620011,4.134198530417785,3.075414943385065,1.902211715568047
2025-01-29 13:00:00,13,0,2,8.833136924213939,4.1825204628059485,2.528612660820705,2.09554319602087
2025-01-29 13:05:00,13,5,2,10.083976866531694,4.179725573346097,3.0252642545913577,1.6179838971170364
2025-01-29 13:10:00,13,10,2,9.809481794731939,4.02356886522826,2.860282091692228,1.638601576657539
2025-01-29 13:15:00,13,15,2,9.694018052924688,3.7920063696765896,3.146337977459283,2.277598640542019
2025-01-29 13:20:00,13,20,2,9.857439127724582,3.8776173894716357,3.169898121009237,2.197826031360018
2025-01-29 13:25:00,13,25,2,9.080219244444917,4.1190314647769455,2.896433918866637,2.109385602222075
2025-01-29 13:30:00,13,30,2,9.022476566946104,4.489762461148046,2.9981862739715677,2.037062903217764
2025-01-29 13:35:00,13,35,2,10.245980099555757,3.9318558456935837,3.1914862920909046,2.2350974841294473
2025-01-29 13:40:00,13,40,2,8.939792343236713,4.091167535677628,2.922048722072297,1.7184710377289902
2025-01-29 13:45:00,13,45,2,9.33629347185393,3.8887894885041194,2.9625190930614287,1.956145342937223
2025-01-29 13:50:00,13,50,2,8.873299102263875,3.80520659115018,3.0569195760028314,2.1665991836928247
2025-01-29 13:55:00,13,55,2,7.843138292035871,3.8647368272845277,2.6170836069031886,1.865817289761705
2025-01-29 14:00:00,14,0,2,7.637939535943753,3.5835056046594658,2.8072223621365118,2.2501787577383583
2025-01-29 14:05:00,14,5,2,8.259626596759512,4.270687012581551,2.9583258213295225,1.8974232860876423
2025-01-29 14:10:00,14,10,2,8.961965083963854,3.5539739494170774,3.1076603384893158,1.8813987298167953
2025-01-29 14:15:00,14,15,2,8.708841951343455,3.9472343539198733,2.99696104464063,2.3628142400224053
2025-01-29 14:20:00,14,20,2,8.648559025001934,3.764374420929989,3.3572580647773287,1.9185231353874361
2025-01-29 14:25:00,14,25,2,7.5709229532066695,3.8231239569275592,2.9635276395680843,1.876194299853839
2025-01-29 14:30:00,14,30,2,8.741469647973508,4.275304531947733,2.614826944991966,2.2072378690193437
2025-01-29 14:35:00,14,35,2,7.316398180835625,4.040213398006278,3.484268423334353,1.9113101124698453
2025-01-29 14:40:00,14,40,2,7.766856630524765,3.8069207681636597,2.8366412545421458,1.9454306407319988
2025-01-29 14:45:00,14,45,2,7.513221929835906,3.882096573500698,3.017009209565717,1.772893977958624
2025-01-29 14:50:00,14,50,2,7.285836457943947,3.846903755911583,2.908304307803174,2.2029794507876037
2025-01-29 14:55:00,14,55,2,7.892935689745363,3.991290865584224,3.0254761268934542,2.254077205625796
2025-01-29 15:00:00,15,0,2,6.718512551782495,4.034578336957538,3.0729535705723006,1.7822165462454163
2025-01-29 15:05:00,15,5,2,6.2403279299667265,4.379114954645712,2.884797204656048,2.0496824127108964
2025-01-29 15:10:00,15,10,2,6.765899819259813,3.6167398468004586,2.7754821448077784,1.7495360534178785
2025-01-29 15:15:00,15,15,2,6.393544783857426,3.9930375370484095,2.761559889326855,2.1031608775627633
2025-01-29 15:20:00,15,20,2,8.116567556406718,3.9368864614930956,2.9267519969154923,2.2364883262185895
2025-01-29 15:25:00,15,25,2,6.597488460060579,4.189309705543357,2.8207159234106727,1.5085199464092303
2025-01-29 15:30:00,15,30,2,5.882944002477896,4.070963623635679,2.973858976239357,2.3295110060787643
2025-01-29 15:35:00,15,35,2,5.385040699042279,4.1180724416229895,3.0069138833897213,1.7255813513734262
2025-01-29 15:40:00,15,40,2,4.795620158226072,4.069017237203017,2.6751446807586508,2.2395803827846983
2025-01-29 15:45:00,15,45,2,5.043092787327305,3.813601774943292,2.8385126457116177,2.308359065531306
2025-01-29 15:50:00,15,50,2,5.430466969347803,4.242253099298603,3.1308186897702566,1.846086257119063
2025-01-29 15:55:00,15,55,2,5.901396907402603,4.159700980923134,3.233427368862328,1.8152205693473462
2025-01-29 16:00:00,16,0,2,5.560844571193958,4.183105958344949,2.7105325775110005,1.8266509213311108
2025-01-29 16:05:00,16,5,2,4.9244351050170705,4.252810034101433,3.1537473303180437,2.227593397800267
2025-01-29 16:10:00,16,10,2,4.455902299499097,4.083535020130392,2.920794547426418,1.6263377377721708
2025-01-29 16:15:00,16,15,2,4.55729308039609,4.296198480823499,2.6886467077743887,1.7864708856281273
2025-01-29 16:20:00,16,20,2,3.966863618664711,4.075527914357329,2.7412006241499753,2.053086075212913
2025-01-29 16:25:00,16,25,2,4.886648896469307,3.9561882823950785,3.38762316894489,2.1591553148051177
2025-01-29 16:30:00,16,30,2,3.7322392330133587,3.998679217903327,2.7743538310018523,1.861124846866689
2025-01-29 16:35:00,16,35,2,3.581211453713659,3.995231246372777,2.9001418641402386,2.077842833398617
2025-01-29 16:40:00,16,40,2,2.312290220746351,3.8961217355818913,3.314250947170402,1.9065199241098292
2025-01-29 16:45:00,16,45,2,3.116677229770236,4.326377769674044,3.307755458213638,2.4207821916844456
2025-01-29 16:50:00,16,50,2,3.425300064025204,4.059259073100733,2.930018626742255,1.9248710757877383
2025-01-29 16:55:00,16,55,2,2.2644288517906457,4.018947695166581,2.9278761265217765,2.012497997137577
2025-01-29 17:00:00,17,0,2,2.2128302837788034,4.077654850985287,2.928364180643635,2.176835492277861
2025-01-29 17:05:00,17,5,2,2.773214432128566,4.595970903347429,2.6902337439214437,1.8930755809407775
2025-01-29 17:10:00,17,10,2,1.426067527622001,3.7736551622800683,3.065834934614447,2.1740169014321022
2025-01-29 17:15:00,17,15,2,2.4798037239322452,3.8309922976567448,3.439057012736148,1.7421949544738118
2025-01-29 17:20:00,17,20,2,1.470409831582756,3.7238857965106007,2.869591517162549,1.5467186853545325
2025-01-29 17:25:00,17,25,2,1.3269497516535649,3.9534801523129026,2.7780261985294272,1.6462149406131914
2025-01-29 17:30:00,17,30,2,0.7433227196377187,4.049103688665472,2.8957405209871343,1.9543268814716737
2025-01-29 17:35:00,17,35,2,1.2776918787335918,3.9069354963317844,3.0938908479675122,1.9402800939360156
2025-01-29 17:40:00,17,40,2,2.101493419991272,3.892054640369646,3.093987416082431,2.0228148334187885
2025-01-29 17:45:00,17,45,2,1.0447799120317471,4.028480973325626,2.7933353588499634,1.6627452588318243
2025-01-29 17:50:00,17,50,2,0.004051242683097256,3.8995784350340603,3.1167363999792133,2.3293005970029013
2025-01-29 17:55:00,17,55,2,0.7859591430913457,4.062035165436567,3.5070770023364033,2.1870909402469243
2025-01-29 18:00:00,18,0,2,0.0,4.222846869348521,3.9372545635832186,2.6384379112116805
2025-01-29 18:05:00,18,5,2,0.6872424907137796,4.135406093960161,3.5906028156770633,2.5333003071374582
2025-01-29 18:10:00,18,10,2,0.40333820108218144,4.1762026694330405,3.468257106793741,2.6821229666287403
2025-01-29 18:15:00,18,15,2,0.0,4.217183682301344,3.3438208755905827,2.455767264523842
2025-01-29 18:20:00,18,20,2,0.0,4.056565632023741,3.1466101151106836,2.6424780007194726
2025-01-29 18:25:00,18,25,2,0.47219261141769486,3.96827179479138,3.2122707376560498,2.510123497144064
2025-01-29 18:30:00,18,30,2,0.07582863607250878,3.845549385823361,3.650147328092714,2.675767429410944
2025-01-29 18:35:00,18,35,2,0.0,3.9217643672728557,3.7314525613446303,2.4360125424555834
2025-01-29 18:40:00,18,40,2,0.0,3.895262893464621,3.6458191338169064,2.3540124210663387
2025-01-29 18:45:00,18,45,2,0.0,4.146334465324182,2.908737886096933,2.659092782122468
2025-01-29 18:50:00,18,50,2,0.0,4.06935651091884,3.5895464320592425,2.8039970508697407
2025-01-29 18:55:00,18,55,2,1.1053448630078822,4.139351572542861,3.49241338613852,2.0190509902847764
2025-01-29 19:00:00,19,0,2,0.4024666953661628,3.7679326287799695,3.472510764690733,2.765974169421918
2025-01-29 19:05:00,19,5,2,1.0952085005942116,4.286349896848216,3.642810442638928,2.455976628131549
2025-01-29 19:10:00,19,10,2,0.4411985448949901,3.9146039256986476,3.000932231626045,2.192194913528823
2025-01-29 19:15:00,19,15,2,0.5137396716763458,3.7799966715850672,3.6431716585554104,2.0004528543777162
2025-01-29 19:20:00,19,20,2,0.9870393438725119,3.9121564470356374,3.4045265255729493,2.5115266536929264
2025-01-29 19:25:00,19,25,2,0.1886316296711132,4.496753198517502,3.8449811467520183,2.6843471653391626
2025-01-29 19:30:00,19,30,2,0.0,3.9224566267016865,3.7888433698471893,2.590555997209783
2025-01-29 19:35:00,19,35,2,0.5163287583110061,3.934980705705815,3.2463767053365524,2.315901859627436
2025-01-29 19:40:00,19,40,2,0.7269201185609424,3.9615790638740647,3.220202108227616,2.6772342525778616
2025-01-29 19:45:00,19,45,2,0.0,3.970275923313709,3.2918233343232326,2.381799906091455
2025-01-29 19:50:00,19,50,2,0.0,3.843704786839749,3.5067473714560546,2.992393733974384
2025-01-29 19:55:00,19,55,2,0.06942801621544009,4.028642616641226,3.6971401723829693,2.2681439726196673
2025-01-29 20:00:00,20,0,2,0.41574943346583104,4.215118981639666,3.545554297169868,2.9953935281487514
2025-01-29 20:05:00,20,5,2,0.39904552433078083,4.062857863095742,3.6845537985286825,2.0205242921502817
2025-01-29 20:10:00,20,10,2,0.0,3.777766940220003,3.2254281714086708,2.202419349249064
2025-01-29 20:15:00,20,15,2,0.9558030335316609,3.931130819013258,3.9322189476079905,2.8768843707590968
2025-01-29 20:20:00,20,20,2,0.0,3.889694519979674,3.3124889066643157,2.3060259340578013
2025-01-29 20:25:00,20,25,2,0.0,4.01058789364696,3.5134075347986853,2.522400713828038
2025-01-29 20:30:00,20,30,2,0.0,4.266090334312463,3.211302221203101,2.425260797530437
2025-01-29 20:35:00,20,35,2,1.3491644179685438,3.9702234407958232,3.0639190190440373,2.8816962114733107
2025-01-29 20:40:00,20,40,2,0.12103533514398368,3.9823690262259217,2.971900846150496,1.9685681734321756
2025-01-29 20:45:00,20,45,2,0.0,4.355528963763886,3.630511836353579,2.128937128649784
2025-01-29 20:50:00,20,50,2,0.43196177498122296,4.175241198334332,3.3497105125596383,2.518951858330785
2025-01-29 20:55:00,20,55,2,0.38456788965501654,4.114816256421307,3.702590248960051,2.4336753646153375
2025-01-29 21:00:00,21,0,2,0.0,4.391626323060355,4.033751539183938,2.4998683034020273
2025-01-29 21:05:00,21,5,2,0.4203033563916916,4.097962250958803,3.857238412477623,2.583566734109948
2025-01-29 21:10:00,21,10,2,0.0,3.6026945716044954,4.1393629274022,2.8175090511772565
2025-01-29 21:15:00,21,15,2,0.0,4.166533151576072,3.513040932641784,2.6886492150722443
2025-01-29 21:20:00,21,20,2,0.0,3.68159830857627,3.4217552433407206,2.418730048493465
2025-01-29 21:25:00,21,25,2,0.0,4.09040107371649,3.1089767515893243,2.2575215192598614
2025-01-29 21:30:00,21,30,2,0.9038154028353429,3.657251285174152,4.118291415546716,2.138790588616426
2025-01-29 21:35:00,21,35,2,0.8207143138611572,3.906628917920016,3.303352186164908,2.471884396912269
2025-01-29 21:40:00,21,40,2,0.03289432432448126,3.9272430940780256,3.4818772115742287,2.6151177459192883
2025-01-29 21:45:00,21,45,2,0.8314657235949188,3.8459761785536495,3.359263787565781,2.6336129100989014
2025-01-29 21:50:00,21,50,2,0.0,3.93022960056176,3.8427156323440177,2.87998970319445
2025-01-29 21:55:00,21,55,2,0.0,4.20651234407211,3.4197464598089478,2.6834030286708894
2025-01-29 22:00:00,22,0,2,0.028255324232778184,3.8572094175680895,2.7707732755717625,1.855656790945534
2025-01-29 22:05:00,22,5,2,0.0,4.109028175902108,2.7652533202618916,1.9908510622480697
2025-01-29 22:10:00,22,10,2,0.0,3.80687007207854,2.8281561447280112,1.6958612882390411
2025-01-29 22:15:00,22,15,2,0.5716990535747764,3.962100084721574,2.9227989554837697,1.6542832448438096
2025-01-29 22:20:00,22,20,2,0.07506782697810155,4.06476785326549,3.2654386207292285,1.8884953877513453
2025-01-29 22:25:00,22,25,2,0.35624088221690225,3.800694316676288,3.197063214727626,1.9015865019930056
2025-01-29 22:30:00,22,30,2,0.5156902626386655,3.737655913417862,2.7610124348098797,2.2351047942711837
2025-01-29 22:35:00,22,35,2,0.19409289782736672,4.098375630115777,3.0177407166215477,2.3773818571824594
2025-01-29 22:40:00,22,40,2,0.0,4.224616079868127,2.906695414753357,1.9110139400867134
2025-01-29 22:45:00,22,45,2,0.0,3.9841869961025256,3.200958168443822,2.202350530099809
2025-01-29 22:50:00,22,50,2,0.0743903174036526,3.9085374186886592,3.0306860773029305,2.667053637961629
2025-01-29 22:55:00,22,55,2,0.0,4.0311350775376775,2.9438878415359295,1.7461073526061965
2025-01-29 23:00:00,23,0,2,0.043695714460060854,4.011095983753076,2.799488991883857,1.9450521021281546
2025-01-29 23:05:00,23,5,2,0.0,4.04858050814225,3.30375500109833,1.9627312275706639
2025-01-29 23:10:00,23,10,2,1.2917868300832835,3.494350979937257,3.3132104196732275,2.086885023075625
2025-01-29 23:15:00,23,15,2,0.0,3.7861791417668074,3.2166738592721034,2.0774337253253607
2025-01-29 23:20:00,23,20,2,0.0,3.8309539789126292,3.0758496013243875,2.150542120221215
2025-01-29 23:25:00,23,25,2,0.16618841675980484,4.030173525702312,2.886658303582851,1.8888572910905024
2025-01-29 23:30:00,23,30,2,0.0,4.0371755767244535,3.069909397232919,2.3882222951012047
2025-01-29 23:35:00,23,35,2,0.1580339348649756,4.127236097736807,2.691849354946604,1.5941628761119946
2025-01-29 23:40:00,23,40,2,0.29194151114200056,4.051516349842087,2.9472512327542773,2.206169416098749
2025-01-29 23:45:00,23,45,2,0.6420523475894487,3.739852985922533,3.0102752171360363,1.766134030636991
2025-01-29 23:50:00,23,50,2,0.0,4.289400923517012,3.0158186993732774,1.6534053574233682
2025-01-29 23:55:00,23,55,2,0.0,4.254383660684473,3.125783412174835,1.9381783967093817
2025-01-30 00:00:00,0,0,3,0.21438062944038191,3.748360541994615,2.983593500090914,2.0854370941022284
2025-01-30 00:05:00,0,5,3,0.3852317978436133,4.0665410588748365,3.041137783475222,1.8917480852537778
2025-01-30 00:10:00,0,10,3,1.0967247751441929,3.880915122951397,3.2067225675292943,2.159386512927811
2025-01-30 00:15:00,0,15,3,0.4778519855569336,4.027772797840109,2.645143161555147,1.9539514657054804
2025-01-30 00:20:00,0,20,3,0.0,4.210662055928374,2.7839426412607446,1.7463883801609155
2025-01-30 00:25:00,0,25,3,0.0,4.426020853264192,3.1070267247023238,1.9161477438669519
2025-01-30 00:30:00,0,30,3,0.0,4.150255541028522,2.971445670210718,1.866063013244588
2025-01-30 00:35:00,0,35,3,0.0,4.058986947022027,3.0740350905639655,2.1356693770638064
2025-01-30 00:40:00,0,40,3,0.32761681425688033,3.9320357663383407,3.434050972595265,1.9638051471003697
2025-01-30 00:45:00,0,45,3,0.12849872279291524,4.036426974202235,2.7103165050448976,1.8992212619136963
2025-01-30 00:50:00,0,50,3,0.0,4.271954378665662,3.1694119842763313,1.8454709619739385
2025-01-30 00:55:00,0,55,3,0.0,3.991058248648083,2.703574480109004,1.849636462742386
2025-01-30 01:00:00,1,0,3,0.43877377672571033,3.82277746973047,2.8933268164501373,1.7834660904070687
2025-01-30 01:05:00,1,5,3,0.1758311774870295,3.6760620268966746,3.0434953028232874,1.984195543758656
2025-01-30 01:10:00,1,10,3,0.28432230800638525,4.1026095734820505,3.1579410481637593,1.9108280330148821
2025-01-30 01:15:00,1,15,3,0.19146085502863153,4.049457625125548,3.1116129537137005,1.9015458411952668
2025-01-30 01:20:00,1,20,3,0.8132153673044297,3.8708183653475405,2.7740775276382528,1.8913961729508135
2025-01-30 01:25:00,1,25,3,0.11802153191218502,4.20520282514146,2.6763465621899405,2.357643127996596
2025-01-30 01:30:00,1,30,3,0.0,3.915644627122474,3.0284999495572005,1.8409186219339073
2025-01-30 01:35:00,1,35,3,0.0,3.973071181635041,2.924471167543588,1.509907203351986
2025-01-30 01:40:00,1,40,3,0.1248047291048559,3.9966671733404113,3.2868706450143637,2.267309608842847
2025-01-30 01:45:00,1,45,3,0.0,3.9298094515723823,3.021508380832019,2.0638924592126813
2025-01-30 01:50:00,1,50,3,0.0,4.047173013149914,2.7464646446148677,1.7610060209478966
2025-01-30 01:55:00,1,55,3,0.0,4.2303030291866,2.6605407701624535,1.9677863828452817
2025-01-30 02:00:00,2,0,3,0.0,3.7715036203763153,3.2122070809731866,1.923357074259531
2025-01-30 02:05:00,2,5,3,0.0,4.097704027694801,3.0695391660355233,2.1957667789787134
2025-01-30 02:10:00,2,10,3,0.40482876507412063,4.034431733921288,2.6751798644043925,2.3691130850758553
2025-01-30 02:15:00,2,15,3,0.11535587453748129,4.030752765908941,3.2314640774862533,2.1027785435520854
2025-01-30 02:20:00,2,20,3,0.05089416685366375,4.174368913974818,3.1848189061072145,2.194215260655014
2025-01-30 02:25:00,2,25,3,0.15317376696601132,4.009859485043432,3.0585279773179623,2.285655590578514
2025-01-30 02:30:00,2,30,3,0.046313793974461774,4.096045852381141,2.9094679302765094,2.09236224103908
2025-01-30 02:35:00,2,35,3,0.6214312814291573,4.14317292591423,3.264328560250012,1.461760048788158
2025-01-30 02:40:00,2,40,3,0.061714590851824375,3.8991269599238785,3.0875926691948314,2.144920995688671
2025-01-30 02:45:00,2,45,3,0.0,4.05983669216276,2.6583117268231113,2.056364017203317
2025-01-30 02:50:00,2,50,3,0.8150649824372052,3.9498424785578736,2.8412588039280724,2.079361256318247
2025-01-30 02:55:00,2,55,3,0.18517013366442286,3.9734636440560207,2.9810001407178497,1.8107343661659414
2025-01-30 03:00:00,3,0,3,0.0,3.9355877207043335,3.22193273272029,1.916326995202099
2025-01-30 03:05:00,3,5,3,0.0,4.094216080819377,3.0539927588043168,2.2628095246968196
2025-01-30 03:10:00,3,10,3,0.1979571104790227,4.016328941803651,2.8166611011233638,2.0016098495945656
2025-01-30 03:15:00,3,15,3,0.0,4.078908806863335,2.900934570991332,1.945564071092455
2025-01-30 03:20:00,3,20,3,0.7870733930162044,3.99649652742085,3.4312170415812915,2.091355176814056
2025-01-30 03:25:00,3,25,3,0.0,3.679175797505935,3.062718535324441,2.104817466786292
2025-01-30 03:30:00,3,30,3,0.0,4.006273683219941,3.086051925516493,1.6348372922029633
2025-01-30 03:35:00,3,35,3,0.44789810911796424,4.012707591031363,3.4593521641044416,1.707126094972271
2025-01-30 03:40:00,3,40,3,0.4626409463584157,4.048519187430692,3.3465188532052563,2.12360307300445
2025-01-30 03:45:00,3,45,3,0.08432568380509775,3.8812541612628517,3.0361558036268943,1.9389030047846716
2025-01-30 03:50:00,3,50,3,0.33817852383745417,3.7609060566668977,3.5210321102186595,2.120897912034885
2025-01-30 03:55:00,3,55,3,0.0,4.124921328978855,3.00353761298368,1.892947459097932
2025-01-30 04:00:00,4,0,3,0.11693255050462349,3.945278688693166,2.868970346250583,2.010122169434443
2025-01-30 04:05:00,4,5,3,0.5824954412819615,4.034248809536999,2.8138793936677513,2.135930209588949
2025-01-30 04:10:00,4,10,3,0.3126591670107515,3.943707984022341,2.8708715265527327,2.200991102889165
2025-01-30 04:15:00,4,15,3,0.0,3.998787634845281,3.1965174762622572,1.9889128641751617
2025-01-30 04:20:00,4,20,3,0.6761812729630753,3.9101429304128383,3.1160604459709953,2.1260727819053598
2025-01-30 04:25:00,4,25,3,0.0,3.8063832821692345,2.70753367817104,2.3463385977307247
2025-01-30 04:30:00,4,30,3,1.0260366557109675,4.094746332153732,2.948851257142569,2.1391147026831403
2025-01-30 04:35:00,4,35,3,0.0,3.8793759823547758,3.144724702210565,1.5020925816929183
2025-01-30 04:40:00,4,40,3,0.0,4.032790296178963,2.868614161050106,2.1680737640852112
2025-01-30 04:45:00,4,45,3,0.0,4.082092044380415,3.0124504918870407,2.137793867267614
2025-01-30 04:50:00,4,50,3,0.0,3.8826374568793836,3.0184733122890366,2.245876358760629
2025-01-30 04:55:00,4,55,3,0.5032055200132773,3.759222873125403,3.0228067776888823,2.2848178193560953
2025-01-30 05:00:00,5,0,3,0.0,4.48521712277061,2.803994284557591,1.974471986104211
2025-01-30 05:05:00,5,5,3,0.1303834087415316,3.8944456248109147,2.8813200862835924,2.077727212812453
2025-01-30 05:10:00,5,10,3,0.0,4.124683431720232,2.944266411023485,1.9540971625812726
2025-01-30 05:15:00,5,15,3,0.1475704896687083,4.387892709914025,2.8590467273499507,1.9078528966142911
2025-01-30 05:20:00,5,20,3,0.0,4.157981549370779,2.9979445872166646,1.5957309697633655
2025-01-30 05:25:00,5,25,3,0.04646782634148893,3.9399114382344895,2.539647228793765,2.0118291884614967
2025-01-30 05:30:00,5,30,3,0.0,3.986576722492978,2.4461646869532916,1.9613715446383857
2025-01-30 05:35:00,5,35,3,0.0,3.8334785560522304,2.924567247761757,2.108407573972175
2025-01-30 05:40:00,5,40,3,0.14363625701371346,4.176339285391548,2.8655963241896143,2.3139029538583933
2025-01-30 05:45:00,5,45,3,0.4718577528780222,4.113254141611738,3.1696325746460867,1.6975411936696971
2025-01-30 05:50:00,5,50,3,0.0,3.8971148363476513,2.9431307285051314,2.305437028836775
2025-01-30 05:55:00,5,55,3,0.0,3.7915650385803112,2.860473618920093,1.9894215349949178
2025-01-30 06:00:00,6,0,3,0.3067300828359185,3.7357532524672616,3.2808255151709553,1.8918808767874444
2025-01-30 06:05:00,6,5,3,0.20189690381676573,4.19730280076084,3.2245959880165787,1.8180000794772762
2025-01-30 06:10:00,6,10,3,0.8514429406463369,4.024074625791112,2.422477229970776,2.2457058632881255
2025-01-30 06:15:00,6,15,3,0.20113268561585684,4.04299690726655,3.0877470080114953,2.100912855066893
2025-01-30 06:20:00,6,20,3,0.0,3.8354102748275287,2.781407441738945,1.7973294767006274
2025-01-30 06:25:00,6,25,3,0.8221667076064794,3.7072993793391187,3.230087303947228,2.0486414614808526
2025-01-30 06:30:00,6,30,3,0.9220856175680077,4.192522714942326,2.976508788532448,2.044185332422833
2025-01-30 06:35:00,6,35,3,1.4818396618590162,4.008407807399446,3.30170110600246,2.144737645410514
2025-01-30 06:40:00,6,40,3,1.4180591695341094,4.181446932011524,2.9050709605229685,1.7193024277759896
2025-01-30 06:45:00,6,45,3,2.321411695829507,3.9228133746968874,3.117610752365557,1.8152063978731543
2025-01-30 06:50:00,6,50,3,2.02032100816977,3.9526364313926283,2.763524612476247,2.2631498373748133
2025-01-30 06:55:00,6,55,3,2.452096172648682,4.142659635324127,3.1744811493516294,2.0771371853360994
2025-01-30 07:00:00,7,0,3,2.6670077302456794,4.146469615930105,3.128480881718825,3.0367798182301247
2025-01-30 07:05:00,7,5,3,2.8957676865160136,4.159513124537191,3.808660494414755,2.408864319681282
2025-01-30 07:10:00,7,10,3,2.9949934398152456,3.9409597493794606,3.3454159825517404,2.5235469223926805
2025-01-30 07:15:00,7,15,3,3.469694998236773,4.122909447530174,3.3564744000384046,3.1635561870355327
2025-01-30 07:20:00,7,20,3,3.022373866343783,4.2218198930953434,3.3843414875885407,2.179635138537932
2025-01-30 07:25:00,7,25,3,4.324089346163959,3.979045597663693,3.976524757499923,2.329281450013868
2025-01-30 07:30:00,7,30,3,3.7085656319666302,3.8973023272451894,3.7359290324350187,2.7026162818258213
2025-01-30 07:35:00,7,35,3,3.37169232963803,4.2685495206633535,3.4824313848364836,2.208100970643191
2025-01-30 07:40:00,7,40,3,4.320219295902882,3.8691108532897385,3.485545121906483,2.1490416681003346
2025-01-30 07:45:00,7,45,3,3.997296660966271,4.125895299422895,3.492884671238929,2.7318344399378973
2025-01-30 07:50:00,7,50,3,4.950153399604776,3.9883155378960278,4.015334019857599,2.1736452652167135
2025-01-30 07:55:00,7,55,3,5.914690477215066,3.631686876703088,3.4248624188012218,2.342556674732416
2025-01-30 08:00:00,8,0,3,4.606713954221074,4.225718813495716,3.5821218132522463,2.043457487106754
2025-01-30 08:05:00,8,5,3,5.353918748217208,3.4484292740905262,3.22140119686251,1.9923950325794095
2025-01-30 08:10:00,8,10,3,4.495243289115923,3.6031743866484782,3.068508637800469,2.3018686618263744
2025-01-30 08:15:00,8,15,3,5.782654944916695,4.105466015896134,4.001264783847766,2.60428014307979
2025-01-30 08:20:00,8,20,3,5.292907463610617,4.105414239735623,3.519498762079942,2.9040658012085454
2025-01-30 08:25:00,8,25,3,5.600679174418581,3.872484028424493,3.615079364355026,2.6432728334191022
2025-01-30 08:30:00,8,30,3,5.536971045167292,4.029564418060649,3.3580926604460597,2.3088014933172754
2025-01-30 08:35:00,8,35,3,6.62531033486796,3.493713990844399,3.1066619150805743,2.3196731301875824
2025-01-30 08:40:00,8,40,3,6.931528275602024,4.14139509289412,3.415842975770284,2.603415684255076
2025-01-30 08:45:00,8,45,3,6.605150758329942,4.04994509741072,3.4889724754865887,2.3904791602396935
2025-01-30 08:50:00,8,50,3,6.323688723488743,3.990871429333241,3.226496974430975,2.619738042386563
2025-01-30 08:55:00,8,55,3,7.709892075874623,4.0041682964275545,3.350670173889848,2.606138952397597
2025-01-30 09:00:00,9,0,3,6.695862747988148,4.098650835238606,2.926018367121939,2.6009263488909684
2025-01-30 09:05:00,9,5,3,6.142623470633836,3.9942196953004276,3.7240720708388717,2.6858592578091245
2025-01-30 09:10:00,9,10,3,7.601967873079774,3.625188899453756,3.4409838723947916,2.774595494627313
2025-01-30 09:15:00,9,15,3,6.966010737969015,4.4392664469045044,3.1181123351132456,2.473238180438041
2025-01-30 09:20:00,9,20,3,8.154748827939368,4.24016016388569,3.4419812596517905,2.810919906712326
2025-01-30 09:25:00,9,25,3,7.608275982592107,3.7430110676090345,2.8938520488426356,2.18256108462181
2025-01-30 09:30:00,9,30,3,8.235390023184449,3.930972553904682,4.024175242589155,1.7708301628465115
2025-01-30 09:35:00,9,35,3,8.765196215950906,3.952793161968792,3.74432719150625,2.2899018510918574
2025-01-30 09:40:00,9,40,3,7.587091010579556,4.215769913301792,3.57641078109383,2.924134721157806
2025-01-30 09:45:00,9,45,3,8.03172755757925,3.568146212936046,3.587962061323649,2.9303600130283054
2025-01-30 09:50:00,9,50,3,8.396078921800328,3.900198347114042,3.3522952457639597,2.3919471232471277
2025-01-30 09:55:00,9,55,3,9.317894366246637,3.647872711332499,3.7360526746543177,2.3681708619153006
2025-01-30 10:00:00,10,0,3,8.331062678874163,3.9429808968343325,3.1194692762076004,2.236760843315537
2025-01-30 10:05:00,10,5,3,8.470015709100574,3.905499821383019,3.173667378857478,1.6842176869106835
2025-01-30 10:10:00,10,10,3,9.10917861956012,4.015938813476542,2.9317238445900955,2.0563664968109645
2025-01-30 10:15:00,10,15,3,8.680113052471597,3.8790251201981634,2.9512212920741216,2.0158732026783066
2025-01-30 10:20:00,10,20,3,9.139340811815307,3.849795321721895,3.059014148853852,1.894686375856486
2025-01-30 10:25:00,10,25,3,8.377346080710407,4.123931338352629,2.9613122239088274,1.7637930543986289
2025-01-30 10:30:00,10,30,3,10.345960296391166,4.090934548188516,2.9044316426185355,1.694664279446837
2025-01-30 10:35:00,10,35,3,8.646224077673285,4.110279668555648,3.0232993391385383,1.96135555912829
2025-01-30 10:40:00,10,40,3,9.23604985586398,3.9646199819018313,2.816840957590274,2.3570519617657695
2025-01-30 10:45:00,10,45,3,9.453060777030007,3.885652283554962,2.950917703390632,2.057310588815924
2025-01-30 10:50:00,10,50,3,10.493513574660668,3.976229503595846,2.8722733670309077,1.9171303958525399
2025-01-30 10:55:00,10,55,3,8.938075653392916,4.10023241401369,3.0648826941697074,1.9335497900386225
2025-01-30 11:00:00,11,0,3,10.651110330630058,3.56464405980563,3.000660671377654,2.161364923070693
2025-01-30 11:05:00,11,5,3,10.092009108683625,4.0788223860741715,2.8963947640962293,1.7335677633524227
2025-01-30 11:10:00,11,10,3,9.971507733410958,4.061827637466959,2.694747142064317,2.2876878072773725
2025-01-30 11:15:00,11,15,3,9.315535960523327,4.0124301812171455,3.186229340115114,2.131159933437548
2025-01-30 11:20:00,11,20,3,10.133648151141118,3.970137315625665,2.9127894388255973,1.7333839978024332
2025-01-30 11:25:00,11,25,3,9.521871793467707,3.4867761228135175,2.9435396773007705,1.981329125742791
2025-01-30 11:30:00,11,30,3,10.54777924033731,3.912029347379919,2.773689666650544,1.706068737390276
2025-01-30 11:35:00,11,35,3,9.455032367669329,4.357887742215475,2.6539374787192136,2.131478637508769
2025-01-30 11:40:00,11,40,3,9.905367733689413,4.002580259113661,2.7589283369593973,2.0618820641431874
2025-01-30 11:45:00,11,45,3,9.700952688379449,3.9385420322650564,2.9204400293185504,2.1179275817552274
2025-01-30 11:50:00,11,50,3,9.49672073460508,4.003381239118022,3.0671649023938032,1.9536125164217428
2025-01-30 11:55:00,11,55,3,10.368280179253048,4.070954573725602,3.0260906850418436,1.9779327783246574
2025-01-30 12:00:00,12,0,3,10.267729373704817,4.131764048937893,2.8769305698733856,2.1960165570915726
2025-01-30 12:05:00,12,5,3,10.60212537024959,3.9542239673684114,2.9153852493516004,1.982629970749704
2025-01-30 12:10:00,12,10,3,9.100544661714494,4.084983920478737,2.716974980068499,2.0548089207689624
2025-01-30 12:15:00,12,15,3,10.510674583556558,4.335330160552272,2.877883680570908,1.9046302681684195
2025-01-30 12:20:00,12,20,3,11.214671433595901,4.201250159886543,2.832087827823112,1.9752007104223304
2025-01-30 12:25:00,12,25,3,9.714742837634724,4.468060043171396,2.5987054769926012,2.136471402582652
2025-01-30 12:30:00,12,30,3,10.86202291979259,3.8686459283296566,2.992267045064154,1.9065428797595585
2025-01-30 12:35:00,12,35,3,9.752034468647693,4.3352379015004034,2.6903538668418165,2.086613337295994
2025-01-30 12:40:00,12,40,3,9.161872661341429,3.841865272015481,2.873134487940985,2.261217374049663
2025-01-30 12:45:00,12,45,3,9.655036582828906,4.070713229348093,3.0972637924659563,2.3069311377374246
2025-01-30 12:50:00,12,50,3,10.287062055036973,4.14649530584762,3.027394008157714,2.215564552232431
2025-01-30 12:55:00,12,55,3,9.294332456966849,3.8978445616191055,3.0925542090596436,1.9098037175592406
2025-01-30 13:00:00,13,0,3,9.35908893338744,4.017592855494855,3.037442003696827,1.8332027467082128
2025-01-30 13:05:00,13,5,3,9.897268260005882,4.182092220490368,3.4137558865948745,1.9798269780589173
2025-01-30 13:10:00,13,10,3,9.538699565851557,3.8579458203376182,3.0052420583037303,2.077997172326704
2025-01-30 13:15:00,13,15,3,9.761612771194427,4.33387669190953,2.7826109351366544,2.264274221133315
2025-01-30 13:20:00,13,20,3,9.515840978238254,3.72308067505453,2.79493408984639,1.7497058875277212
2025-01-30 13:25:00,13,25,3,9.559891352603772,4.387938288545677,2.9666951974593947,1.7441405004420831
2025-01-30 13:30:00,13,30,3,9.022644732208096,4.200265226959918,3.3123881072382755,1.953859346063389
2025-01-30 13:35:00,13,35,3,9.268980262209666,3.982054884734444,2.3557665004319137,2.0399897036250083
2025-01-30 13:40:00,13,40,3,8.599391367518534,3.9194663577526536,3.1107011973708083,1.9157135503219564
2025-01-30 13:45:00,13,45,3,9.612944226578577,3.8985943474417954,2.7288213948477584,1.9793385966667003
2025-01-30 13:50:00,13,50,3,8.552970973373561,3.972840871948597,2.903658906554631,1.8048856160281928
2025-01-30 13:55:00,13,55,3,9.331691300849773,3.9903008276902345,2.78723498598105,2.031247149787477
2025-01-30 14:00:00,14,0,3,8.543450557352955,4.251045249326916,3.1806043600779312,2.0923087675994196
2025-01-30 14:05:00,14,5,3,8.650118212108126,4.393730820076917,2.654400428282324,2.1230956009111965
2025-01-30 14:10:00,14,10,3,8.18643218268351,4.039875984130801,3.15449480240541,2.278739350169553
2025-01-30 14:15:00,14,15,3,7.806698407441438,3.830874302402119,2.810022448781621,1.9886794721270744
2025-01-30 14:20:00,14,20,3,7.319140249087266,3.890854791872761,3.1135048500607665,1.8944892603720778
2025-01-30 14:25:00,14,25,3,7.536783963378598,3.963381843077743,3.1103819700693256,1.9951947347564185
2025-01-30 14:30:00,14,30,3,7.77157897630439,3.793975578940645,2.8307090366688907,1.8477515522618908
2025-01-30 14:35:00,14,35,3,7.904784420343259,3.7642117195785243,3.2498578712549713,1.8007162675206656
2025-01-30 14:40:00,14,40,3,8.165634087831412,4.419425442474606,2.766399943166077,2.068875772946362
2025-01-30 14:45:00,14,45,3,7.29551934489135,4.060522705189251,2.993885443131501,1.7376757245146524
2025-01-30 14:50:00,14,50,3,6.931792985967654,3.833373373263931,2.896115965182095,1.8366437043478894
2025-01-30 14:55:00,14,55,3,6.502282227596203,4.163320714071543,2.8716664907506195,2.5049940793613295
2025-01-30 15:00:00,15,0,3,7.311099620817528,3.764330775038631,2.939484019065194,1.8237498111655703
2025-01-30 15:05:00,15,5,3,7.606727815487362,3.7807975904257893,3.40435749815993,2.177650959638479
2025-01-30 15:10:00,15,10,3,7.389067210134748,3.839391519787151,3.144965112117082,1.8333811411397267
2025-01-30 15:15:00,15,15,3,6.948424525074308,4.330902656173007,3.2382966715373014,2.163254917646568
2025-01-30 15:20:00,15,20,3,6.747147755499195,3.9494239868443253,3.029417916367603,1.6567393754255506
2025-01-30 15:25:00,15,25,3,7.108046611695262,3.5116586026195025,2.996015999504434,2.345986142833076
2025-01-30 15:30:00,15,30,3,6.253655020795614,4.242013186635119,3.044076563948408,1.9247066945836273
2025-01-30 15:35:00,15,35,3,6.236161321647908,3.9387237271675284,2.9543085313822663,1.9681495386372367
2025-01-30 15:40:00,15,40,3,5.575372432584465,3.630118398824319,2.8400771572446124,1.991751034127437
2025-01-30 15:45:00,15,45,3,4.8746806447686435,3.936663302407318,3.2885469059091097,2.2658909757821957
2025-01-30 15:50:00,15,50,3,5.031071633218449,4.104200779320981,2.849132817935187,2.255179476910139
2025-01-30 15:55:00,15,55,3,5.18315306233789,4.080809833306594,3.15222826253055,2.1266677075223326
2025-01-30 16:00:00,16,0,3,5.030392686250651,4.359682995832964,3.086382376328027,1.8139247242441088
2025-01-30 16:05:00,16,5,3,5.773030616621577,3.829446427486014,2.918884363008577,2.166583680624265
2025-01-30 16:10:00,16,10,3,4.658124716145873,4.009344024052995,2.7586259312250103,1.7918449789208248
2025-01-30 16:15:00,16,15,3,5.012308624202835,3.8600861442843155,3.061239484953181,1.8420934678681793
2025-01-30 16:20:00,16,20,3,4.008643996618841,3.6915614211625556,3.1647788707401534,1.849156408748691
2025-01-30 16:25:00,16,25,3,3.8716289557047525,4.177105474461191,3.0488760289726295,2.0656143129301463
2025-01-30 16:30:00,16,30,3,3.162330505039175,4.092653913829504,2.9035810644205045,1.9520706740690814
2025-01-30 16:35:00,16,35,3,3.2532163763987363,4.056735689939771,2.863997703992009,1.9962790588695527
2025-01-30 16:40:00,16,40,3,3.6836921289385613,4.085358038651729,2.8076625519824145,1.9552984497005883
2025-01-30 16:45:00,16,45,3,3.2181747432286842,3.862905429462316,3.149698201559043,1.7726497841878657
2025-01-30 16:50:00,16,50,3,3.47852730499135,3.7988609825363615,2.902586117604421,2.1036524819969897
2025-01-30 16:55:00,16,55,3,2.8889171144824437,4.007529474433872,2.5844710436638674,2.3711168072798676
2025-01-30 17:00:00,17,0,3,2.411963585206339,4.232242280482323,3.2090515828061865,1.692332883952536
2025-01-30 17:05:00,17,5,3,3.4510073551552134,4.321615427090709,2.5791608400136496,2.005923517466812
2025-01-30 17:10:00,17,10,3,2.117444355024504,4.159086541361487,2.775951160819577,2.1922986580396824
2025-01-30 17:15:00,17,15,3,2.5324037050139383,4.005834885353619,3.0788004324263376,2.024675803267454
2025-01-30 17:20:00,17,20,3,1.5358771733969683,4.053956785879987,2.8859487229952796,2.3200015279578707
2025-01-30 17:25:00,17,25,3,1.8760336015909496,4.002318771865074,3.150690420144337,2.120633161804129
2025-01-30 17:30:00,17,30,3,1.7692697517763591,3.7948113320601142,3.2400111929254884,1.796227827301426
2025-01-30 17:35:00,17,35,3,1.1929147338074406,4.0049294756421085,3.256947573807818,1.9470783407274725
2025-01-30 17:40:00,17,40,3,0.0,3.7330346364823015,3.06694593932049,1.9687073980656133
2025-01-30 17:45:00,17,45,3,0.6631575227294877,3.9751845547793923,2.624426878725283,2.1914696521944497
2025-01-30 17:50:00,17,50,3,1.0514238975333527,4.3272210221192635,2.635103335418509,1.806695879997485
2025-01-30 17:55:00,17,55,3,0.481889266859473,4.16457184455667,2.9094350739143757,1.609276890798144
2025-01-30 18:00:00,18,0,3,0.22291943761462452,3.815376163152694,3.1698132131588874,2.5734460272352093
2025-01-30 18:05:00,18,5,3,0.0,3.9855141860715433,3.396004642539339,2.420754137882455
2025-01-30 18:10:00,18,10,3,0.0,3.8331247376490523,3.225498064703423,2.513854397127367
2025-01-30 18:15:00,18,15,3,0.20567881557571951,3.987497246364558,3.4024255924410203,2.00771037969449
2025-01-30 18:20:00,18,20,3,0.205191638393446,4.208221563304913,3.4397243991287216,2.127426451924558
2025-01-30 18:25:00,18,25,3,0.6073333900664513,4.130601587661981,3.7693091335827695,2.3825479795904188
2025-01-30 18:30:00,18,30,3,0.0,4.496828816149067,4.256457329219236,2.7900707609564357
2025-01-30 18:35:00,18,35,3,0.20291204333690713,4.2384954805015145,3.4609192474138495,2.6738436499671754
2025-01-30 18:40:00,18,40,3,0.008187120965646852,4.040800076215539,2.873060243386511,2.7887138220729266
2025-01-30 18:45:00,18,45,3,0.0,4.135429994826659,3.2539128508527524,2.526919911113306
2025-01-30 18:50:00,18,50,3,0.0,3.959511365163333,3.2817132461449967,2.3136044874269914
2025-01-30 18:55:00,18,55,3,0.21550484606503834,3.7744991505827006,3.4456603730061723,2.5230498325019854
2025-01-30 19:00:00,19,0,3,0.08697360420640568,4.261155315657504,3.4919252357632122,2.4994046127585916
2025-01-30 19:05:00,19,5,3,0.0,4.20179829538633,3.012295187755567,3.1996148812792327
2025-01-30 19:10:00,19,10,3,0.0,3.9517891570812074,3.569594098720403,2.6312702036911397
2025-01-30 19:15:00,19,15,3,0.31486975720436905,4.054787147386268,3.3980026667614815,2.2377535916327136
2025-01-30 19:20:00,19,20,3,0.0,4.248187837476961,3.5453107192910522,2.5867830731923083
2025-01-30 19:25:00,19,25,3,0.2784373611840728,4.169270285241204,3.89054266323642,3.123285305054439
2025-01-30 19:30:00,19,30,3,0.9320242652058792,3.7073797497500602,3.9431067211970645,1.9700413229740124
2025-01-30 19:35:00,19,35,3,0.0,4.048724004297965,3.361874557757062,2.60074513598631
2025-01-30 19:40:00,19,40,3,0.0,3.9664736949023274,3.37991430427627,2.486851954976279
2025-01-30 19:45:00,19,45,3,0.0,4.222600139827736,2.856459126772046,2.7742639002949914
2025-01-30 19:50:00,19,50,3,0.7274130870733253,4.206208547756532,2.9373634283580623,2.0282531427558
2025-01-30 19:55:00,19,55,3,0.0,4.263721565635609,3.195598764712506,2.4707398138693604
2025-01-30 20:00:00,20,0,3,0.9679305128403023,3.7764211322559587,3.013182393446342,2.1818823297805507
2025-01-30 20:05:00,20,5,3,0.06792795078314524,3.8431776931887525,3.8446835126928636,2.4662918940923726
2025-01-30 20:10:00,20,10,3,0.0,4.222816487227088,3.6300640936094184,2.1291271647250767
2025-01-30 20:15:00,20,15,3,0.0,3.881670836931511,3.483849192632831,2.4592400181065894
2025-01-30 20:20:00,20,20,3,0.0,3.6957134038171384,3.2614188587280832,2.4846768687646423
2025-01-30 20:25:00,20,25,3,0.5240583796345774,4.106519297522813,2.9323624121531244,2.6315826233008393
2025-01-30 20:30:00,20,30,3,0.0,3.8905563119468054,3.380152184734057,2.4228341824529567
2025-01-30 20:35:00,20,35,3,0.1727070908219268,4.35795815406168,3.755529740635035,2.6296100432374026
2025-01-30 20:40:00,20,40,3,0.0,4.059236910797693,3.4044982432816666,2.16502419126639
2025-01-30 20:45:00,20,45,3,0.0,4.032051857328333,3.898598421436277,2.0979633994216944
2025-01-30 20:50:00,20,50,3,1.292987587841948,3.9261512216768484,3.6888100707803453,2.0207818167380904
2025-01-30 20:55:00,20,55,3,0.20952536737673003,4.318167066785394,3.7753619909435376,2.8031802558650707
2025-01-30 21:00:00,21,0,3,0.3066327723305719,4.071710891977964,2.9262167470434597,2.6348005158063805
2025-01-30 21:05:00,21,5,3,0.5688883903343311,3.9183000963687586,3.6099510943249564,2.710914791405808
2025-01-30 21:10:00,21,10,3,0.0,3.8411832586789108,3.6095720825054958,2.2113052921629333
2025-01-30 21:15:00,21,15,3,0.8761459545610158,3.9853053890871566,3.4348301097590386,2.999393960930191
2025-01-30 21:20:00,21,20,3,0.0,3.8044706325690387,3.167655957215128,2.5968573875053518
2025-01-30 21:25:00,21,25,3,0.0,4.205775488335789,3.8453761621865152,2.2027741573418065
2025-01-30 21:30:00,21,30,3,0.0,3.638331589195153,3.074964005865256,2.1201692999046626
2025-01-30 21:35:00,21,35,3,0.29086168248525296,3.972097194333386,3.61849140847292,2.117618868102492
2025-01-30 21:40:00,21,40,3,0.10935913307074387,4.122026709017587,3.459391987810377,2.911381418890966
2025-01-30 21:45:00,21,45,3,0.0,4.068423884021931,3.484607562677411,2.266656163551759
2025-01-30 21:50:00,21,50,3,0.0,3.856543405396866,3.5376229018140157,2.4793981437795023
2025-01-30 21:55:00,21,55,3,0.0,4.13205174134131,3.635797291640973,2.985743366145656
2025-01-30 22:00:00,22,0,3,0.0,3.8227921223228183,3.079353771767395,2.406756502353181
2025-01-30 22:05:00,22,5,3,0.36325581116803013,3.995523068700638,3.0910603806955086,1.846533741458391
2025-01-30 22:10:00,22,10,3,0.34685305626809265,4.130368314396071,3.4576605988457203,1.9750363965309565
2025-01-30 22:15:00,22,15,3,0.7922471875785293,4.092582555898622,2.789021553621799,2.464745732725987
2025-01-30 22:20:00,22,20,3,0.0,3.8649921977161066,2.853376622763904,1.8455221135928208
2025-01-30 22:25:00,22,25,3,0.3464076051504613,4.239498903312873,2.889705898391118,2.032925282664441
2025-01-30 22:30:00,22,30,3,0.0,4.017338914297107,3.1861722794897775,1.4702416772623625
2025-01-30 22:35:00,22,35,3,0.5952374925967411,4.148599082187831,3.1853000970623,1.889093079534074
2025-01-30 22:40:00,22,40,3,0.5109813883390708,4.305820201334649,2.917421111367973,2.3430383621842634
2025-01-30 22:45:00,22,45,3,0.10560469961222835,4.223504109754922,3.0426616319738,2.0895402695730203
2025-01-30 22:50:00,22,50,3,0.0,4.224025881266209,2.9902879770360875,2.152728516776467
2025-01-30 22:55:00,22,55,3,0.4804660893041307,4.038535985969895,3.3236021145909755,1.5049869433853922
2025-01-30 23:00:00,23,0,3,0.3234522616282829,4.158787024182102,3.2169235981472486,2.3094066127750708
2025-01-30 23:05:00,23,5,3,0.0,4.042719314912863,3.1002126495801186,1.8645275154590302
2025-01-30 23:10:00,23,10,3,0.0,3.758135106444317,2.7695455104199644,2.4723691373826524
2025-01-30 23:15:00,23,15,3,0.0,4.0605487585010085,2.819003262675427,2.3035283142112504
2025-01-30 23:20:00,23,20,3,0.7577069076741045,4.051272196747693,3.078102264895154,2.4091661612029642
2025-01-30 23:25:00,23,25,3,0.5732435793665192,4.116745872304364,2.936347967138027,1.6784838152766224
2025-01-30 23:30:00,23,30,3,0.0,3.974400604957321,3.0004341694391883,1.7027104724199167
2025-01-30 23:35:00,23,35,3,0.0,3.84770888864723,3.5354121062415196,2.125899644816175
2025-01-30 23:40:00,23,40,3,0.6373419248397432,4.131301216635046,3.1556260898708914,2.155754056605211
2025-01-30 23:45:00,23,45,3,0.0,3.7373455425495505,2.8612820638753345,1.973593901496589
2025-01-30 23:50:00,23,50,3,0.25464766182100396,4.291763827171294,3.0220729262719543,2.3887776926838913
2025-01-30 23:55:00,23,55,3,0.0,3.9537163877590014,2.7685816402835335,1.8542832220490402
